year,geo,disagg_type,disagg,value,projections,benchmark_low,benchmark_mid,benchmark_high
2013,WLD,Total,Lower-middle income (Medium risk),2620,,,,
2014,WLD,Total,Lower-middle income (Medium risk),2686,,,,
2015,WLD,Total,Lower-middle income (Medium risk),2694,,,,
2016,WLD,Total,Lower-middle income (Medium risk),2686,,,,
2017,WLD,Total,Lower-middle income (Medium risk),2675,,,,
2018,WLD,Total,Lower-middle income (Medium risk),2704,,,,
2019,WLD,Total,Lower-middle income (Medium risk),2709,,,,
2020,WLD,Total,Lower-middle income (Medium risk),2720,,,,
2021,WLD,Total,Lower-middle income (Medium risk),2731,,,,
2022,WLD,Total,Lower-middle income (Medium risk),2890,,,,
2023,WLD,Total,Lower-middle income (Medium risk),2901,,,,
2024,WLD,Total,Lower-middle income (Medium risk),2828,,,,
2013,WLD,Total,Medium-income (Low risk),662,,,,
2014,WLD,Total,Medium-income (Low risk),727,,,,
2015,WLD,Total,Medium-income (Low risk),788,,,,
2016,WLD,Total,Medium-income (Low risk),840,,,,
2017,WLD,Total,Medium-income (Low risk),882,,,,
2018,WLD,Total,Medium-income (Low risk),925,,,,
2019,WLD,Total,Medium-income (Low risk),986,,,,
2020,WLD,Total,Medium-income (Low risk),1021,,,,
2021,WLD,Total,Medium-income (Low risk),997,,,,
2022,WLD,Total,Medium-income (Low risk),902,,,,
2023,WLD,Total,Medium-income (Low risk),959,,,,
2024,WLD,Total,Medium-income (Low risk),1197,,,,
2013,WLD,Total,Rural poor (High risk),518,,,,
2014,WLD,Total,Rural poor (High risk),456,,,,
2015,WLD,Total,Rural poor (High risk),431,,,,
2016,WLD,Total,Rural poor (High risk),416,,,,
2017,WLD,Total,Rural poor (High risk),404,,,,
2018,WLD,Total,Rural poor (High risk),363,,,,
2019,WLD,Total,Rural poor (High risk),327,,,,
2020,WLD,Total,Rural poor (High risk),304,,,,
2021,WLD,Total,Rural poor (High risk),350,,,,
2022,WLD,Total,Rural poor (High risk),328,,,,
2023,WLD,Total,Rural poor (High risk),306,,,,
2024,WLD,Total,Rural poor (High risk),309,,,,
2013,WLD,Total,Urban poor (High risk),816,,,,
2014,WLD,Total,Urban poor (High risk),779,,,,
2015,WLD,Total,Urban poor (High risk),772,,,,
2016,WLD,Total,Urban poor (High risk),780,,,,
2017,WLD,Total,Urban poor (High risk),789,,,,
2018,WLD,Total,Urban poor (High risk),783,,,,
2019,WLD,Total,Urban poor (High risk),782,,,,
2020,WLD,Total,Urban poor (High risk),782,,,,
2021,WLD,Total,Urban poor (High risk),812,,,,
2022,WLD,Total,Urban poor (High risk),813,,,,
2023,WLD,Total,Urban poor (High risk),815,,,,
2024,WLD,Total,Urban poor (High risk),696,,,,
2024,WLD,Female,Lower-middle income (Medium risk),1379,,,,
2024,WLD,Female,Medium-income (Low risk),592,,,,
2024,WLD,Female,Rural poor (High risk),160,,,,
2024,WLD,Female,Urban poor (High risk),353,,,,
2024,WLD,Male,Lower-middle income (Medium risk),1449,,,,
2024,WLD,Male,Medium-income (Low risk),605,,,,
2024,WLD,Male,Rural poor (High risk),150,,,,
2024,WLD,Male,Urban poor (High risk),343,,,,
2013,AFG,Total,Lower-middle income (Medium risk),0,,,,
2014,AFG,Total,Lower-middle income (Medium risk),0,,,,
2015,AFG,Total,Lower-middle income (Medium risk),0,,,,
2016,AFG,Total,Lower-middle income (Medium risk),0,,,,
2017,AFG,Total,Lower-middle income (Medium risk),0,,,,
2018,AFG,Total,Lower-middle income (Medium risk),0,,,,
2019,AFG,Total,Lower-middle income (Medium risk),0,,,,
2020,AFG,Total,Lower-middle income (Medium risk),0,,,,
2021,AFG,Total,Lower-middle income (Medium risk),0,,,,
2022,AFG,Total,Lower-middle income (Medium risk),0,,,,
2023,AFG,Total,Lower-middle income (Medium risk),0,,,,
2024,AFG,Total,Lower-middle income (Medium risk),0,,,,
2013,AFG,Total,Medium-income (Low risk),0,,,,
2014,AFG,Total,Medium-income (Low risk),0,,,,
2015,AFG,Total,Medium-income (Low risk),0,,,,
2016,AFG,Total,Medium-income (Low risk),0,,,,
2017,AFG,Total,Medium-income (Low risk),0,,,,
2018,AFG,Total,Medium-income (Low risk),0,,,,
2019,AFG,Total,Medium-income (Low risk),0,,,,
2020,AFG,Total,Medium-income (Low risk),0,,,,
2021,AFG,Total,Medium-income (Low risk),0,,,,
2022,AFG,Total,Medium-income (Low risk),0,,,,
2023,AFG,Total,Medium-income (Low risk),0,,,,
2024,AFG,Total,Medium-income (Low risk),112,,,,
2013,AFG,Total,Rural poor (High risk),0,,,,
2014,AFG,Total,Rural poor (High risk),0,,,,
2015,AFG,Total,Rural poor (High risk),0,,,,
2016,AFG,Total,Rural poor (High risk),0,,,,
2017,AFG,Total,Rural poor (High risk),0,,,,
2018,AFG,Total,Rural poor (High risk),0,,,,
2019,AFG,Total,Rural poor (High risk),0,,,,
2020,AFG,Total,Rural poor (High risk),0,,,,
2021,AFG,Total,Rural poor (High risk),0,,,,
2022,AFG,Total,Rural poor (High risk),0,,,,
2023,AFG,Total,Rural poor (High risk),0,,,,
2024,AFG,Total,Rural poor (High risk),3.6,,,,
2013,AFG,Total,Urban poor (High risk),0.81,,,,
2014,AFG,Total,Urban poor (High risk),0.88,,,,
2015,AFG,Total,Urban poor (High risk),0.89,,,,
2016,AFG,Total,Urban poor (High risk),0.98,,,,
2017,AFG,Total,Urban poor (High risk),0.99,,,,
2018,AFG,Total,Urban poor (High risk),1,,,,
2019,AFG,Total,Urban poor (High risk),1.1,,,,
2020,AFG,Total,Urban poor (High risk),1.1,,,,
2021,AFG,Total,Urban poor (High risk),1.2,,,,
2022,AFG,Total,Urban poor (High risk),1.2,,,,
2023,AFG,Total,Urban poor (High risk),1.3,,,,
2024,AFG,Total,Urban poor (High risk),0.42,,,,
2013,AGO,Total,Lower-middle income (Medium risk),9.8,,,,
2014,AGO,Total,Lower-middle income (Medium risk),9.4,,,,
2015,AGO,Total,Lower-middle income (Medium risk),8.1,,,,
2016,AGO,Total,Lower-middle income (Medium risk),8.3,,,,
2017,AGO,Total,Lower-middle income (Medium risk),8,,,,
2018,AGO,Total,Lower-middle income (Medium risk),7.2,,,,
2019,AGO,Total,Lower-middle income (Medium risk),5.9,,,,
2020,AGO,Total,Lower-middle income (Medium risk),6,,,,
2021,AGO,Total,Lower-middle income (Medium risk),6.4,,,,
2022,AGO,Total,Lower-middle income (Medium risk),5.7,,,,
2023,AGO,Total,Lower-middle income (Medium risk),6.4,,,,
2024,AGO,Total,Lower-middle income (Medium risk),0.12,,,,
2013,AGO,Total,Medium-income (Low risk),3.3,,,,
2014,AGO,Total,Medium-income (Low risk),3.4,,,,
2015,AGO,Total,Medium-income (Low risk),3.6,,,,
2016,AGO,Total,Medium-income (Low risk),3.5,,,,
2017,AGO,Total,Medium-income (Low risk),3.3,,,,
2018,AGO,Total,Medium-income (Low risk),3.1,,,,
2019,AGO,Total,Medium-income (Low risk),2.8,,,,
2020,AGO,Total,Medium-income (Low risk),2.7,,,,
2021,AGO,Total,Medium-income (Low risk),2.5,,,,
2022,AGO,Total,Medium-income (Low risk),3.2,,,,
2023,AGO,Total,Medium-income (Low risk),2.6,,,,
2024,AGO,Total,Medium-income (Low risk),0.11,,,,
2013,AGO,Total,Rural poor (High risk),2.4,,,,
2014,AGO,Total,Rural poor (High risk),2.6,,,,
2015,AGO,Total,Rural poor (High risk),2.8,,,,
2016,AGO,Total,Rural poor (High risk),3.2,,,,
2017,AGO,Total,Rural poor (High risk),3.6,,,,
2018,AGO,Total,Rural poor (High risk),4.2,,,,
2019,AGO,Total,Rural poor (High risk),4.8,,,,
2020,AGO,Total,Rural poor (High risk),5.3,,,,
2021,AGO,Total,Rural poor (High risk),5.4,,,,
2022,AGO,Total,Rural poor (High risk),5.4,,,,
2023,AGO,Total,Rural poor (High risk),5.5,,,,
2024,AGO,Total,Rural poor (High risk),2.2,,,,
2013,AGO,Total,Urban poor (High risk),8.7,,,,
2014,AGO,Total,Urban poor (High risk),9.7,,,,
2015,AGO,Total,Urban poor (High risk),12,,,,
2016,AGO,Total,Urban poor (High risk),12,,,,
2017,AGO,Total,Urban poor (High risk),13,,,,
2018,AGO,Total,Urban poor (High risk),15,,,,
2019,AGO,Total,Urban poor (High risk),17,,,,
2020,AGO,Total,Urban poor (High risk),18,,,,
2021,AGO,Total,Urban poor (High risk),18,,,,
2022,AGO,Total,Urban poor (High risk),19,,,,
2023,AGO,Total,Urban poor (High risk),20,,,,
2024,AGO,Total,Urban poor (High risk),35,,,,
2013,ARG,Total,Lower-middle income (Medium risk),2.5,,,,
2014,ARG,Total,Lower-middle income (Medium risk),2.4,,,,
2015,ARG,Total,Lower-middle income (Medium risk),3.8,,,,
2016,ARG,Total,Lower-middle income (Medium risk),3.2,,,,
2017,ARG,Total,Lower-middle income (Medium risk),3.2,,,,
2018,ARG,Total,Lower-middle income (Medium risk),2.3,,,,
2019,ARG,Total,Lower-middle income (Medium risk),3.6,,,,
2020,ARG,Total,Lower-middle income (Medium risk),4.9,,,,
2021,ARG,Total,Lower-middle income (Medium risk),7,,,,
2022,ARG,Total,Lower-middle income (Medium risk),5,,,,
2023,ARG,Total,Lower-middle income (Medium risk),5.8,,,,
2024,ARG,Total,Lower-middle income (Medium risk),1.5,,,,
2013,ARG,Total,Medium-income (Low risk),12,,,,
2014,ARG,Total,Medium-income (Low risk),12,,,,
2015,ARG,Total,Medium-income (Low risk),13,,,,
2016,ARG,Total,Medium-income (Low risk),12,,,,
2017,ARG,Total,Medium-income (Low risk),12,,,,
2018,ARG,Total,Medium-income (Low risk),12,,,,
2019,ARG,Total,Medium-income (Low risk),13,,,,
2020,ARG,Total,Medium-income (Low risk),13,,,,
2021,ARG,Total,Medium-income (Low risk),14,,,,
2022,ARG,Total,Medium-income (Low risk),15,,,,
2023,ARG,Total,Medium-income (Low risk),14,,,,
2024,ARG,Total,Medium-income (Low risk),0.41,,,,
2013,ARG,Total,Rural poor (High risk),0.085,,,,
2014,ARG,Total,Rural poor (High risk),0.083,,,,
2015,ARG,Total,Rural poor (High risk),0.081,,,,
2016,ARG,Total,Rural poor (High risk),0.083,,,,
2017,ARG,Total,Rural poor (High risk),0.091,,,,
2018,ARG,Total,Rural poor (High risk),0.057,,,,
2019,ARG,Total,Rural poor (High risk),0.11,,,,
2020,ARG,Total,Rural poor (High risk),0.11,,,,
2021,ARG,Total,Rural poor (High risk),0.15,,,,
2022,ARG,Total,Rural poor (High risk),0.13,,,,
2023,ARG,Total,Rural poor (High risk),0.13,,,,
2024,ARG,Total,Rural poor (High risk),27,,,,
2013,ARG,Total,Urban poor (High risk),4.5,,,,
2014,ARG,Total,Urban poor (High risk),4.6,,,,
2015,ARG,Total,Urban poor (High risk),4.6,,,,
2016,ARG,Total,Urban poor (High risk),4.6,,,,
2017,ARG,Total,Urban poor (High risk),4.7,,,,
2018,ARG,Total,Urban poor (High risk),4.7,,,,
2019,ARG,Total,Urban poor (High risk),4.9,,,,
2020,ARG,Total,Urban poor (High risk),4.9,,,,
2021,ARG,Total,Urban poor (High risk),5.1,,,,
2022,ARG,Total,Urban poor (High risk),5.1,,,,
2023,ARG,Total,Urban poor (High risk),5.1,,,,
2024,ARG,Total,Urban poor (High risk),34,,,,
2013,BEN,Total,Lower-middle income (Medium risk),1.6,,,,
2014,BEN,Total,Lower-middle income (Medium risk),1.7,,,,
2015,BEN,Total,Lower-middle income (Medium risk),1.8,,,,
2016,BEN,Total,Lower-middle income (Medium risk),1.8,,,,
2017,BEN,Total,Lower-middle income (Medium risk),2,,,,
2018,BEN,Total,Lower-middle income (Medium risk),2.9,,,,
2019,BEN,Total,Lower-middle income (Medium risk),4.6,,,,
2020,BEN,Total,Lower-middle income (Medium risk),5.4,,,,
2021,BEN,Total,Lower-middle income (Medium risk),5.7,,,,
2022,BEN,Total,Lower-middle income (Medium risk),5.7,,,,
2023,BEN,Total,Lower-middle income (Medium risk),5.7,,,,
2024,BEN,Total,Lower-middle income (Medium risk),19,,,,
2013,BEN,Total,Medium-income (Low risk),0.3,,,,
2014,BEN,Total,Medium-income (Low risk),0.33,,,,
2015,BEN,Total,Medium-income (Low risk),0.38,,,,
2016,BEN,Total,Medium-income (Low risk),0.39,,,,
2017,BEN,Total,Medium-income (Low risk),0.37,,,,
2018,BEN,Total,Medium-income (Low risk),0.44,,,,
2019,BEN,Total,Medium-income (Low risk),0.58,,,,
2020,BEN,Total,Medium-income (Low risk),0.71,,,,
2021,BEN,Total,Medium-income (Low risk),0.6,,,,
2022,BEN,Total,Medium-income (Low risk),0.79,,,,
2023,BEN,Total,Medium-income (Low risk),0.91,,,,
2024,BEN,Total,Medium-income (Low risk),0.11,,,,
2013,BEN,Total,Rural poor (High risk),3.6,,,,
2014,BEN,Total,Rural poor (High risk),3.6,,,,
2015,BEN,Total,Rural poor (High risk),3.5,,,,
2016,BEN,Total,Rural poor (High risk),3.6,,,,
2017,BEN,Total,Rural poor (High risk),3.6,,,,
2018,BEN,Total,Rural poor (High risk),2.9,,,,
2019,BEN,Total,Rural poor (High risk),2,,,,
2020,BEN,Total,Rural poor (High risk),1.5,,,,
2021,BEN,Total,Rural poor (High risk),1.6,,,,
2022,BEN,Total,Rural poor (High risk),1.6,,,,
2023,BEN,Total,Rural poor (High risk),1.6,,,,
2024,BEN,Total,Rural poor (High risk),0,,,,
2013,BEN,Total,Urban poor (High risk),4.4,,,,
2014,BEN,Total,Urban poor (High risk),4.6,,,,
2015,BEN,Total,Urban poor (High risk),4.8,,,,
2016,BEN,Total,Urban poor (High risk),5,,,,
2017,BEN,Total,Urban poor (High risk),5.2,,,,
2018,BEN,Total,Urban poor (High risk),5.3,,,,
2019,BEN,Total,Urban poor (High risk),4.6,,,,
2020,BEN,Total,Urban poor (High risk),4.5,,,,
2021,BEN,Total,Urban poor (High risk),4.6,,,,
2022,BEN,Total,Urban poor (High risk),4.8,,,,
2023,BEN,Total,Urban poor (High risk),4.9,,,,
2024,BEN,Total,Urban poor (High risk),2.7,,,,
2013,BFA,Total,Lower-middle income (Medium risk),7,,,,
2014,BFA,Total,Lower-middle income (Medium risk),7.7,,,,
2015,BFA,Total,Lower-middle income (Medium risk),8.3,,,,
2016,BFA,Total,Lower-middle income (Medium risk),8.5,,,,
2017,BFA,Total,Lower-middle income (Medium risk),9.7,,,,
2018,BFA,Total,Lower-middle income (Medium risk),11,,,,
2019,BFA,Total,Lower-middle income (Medium risk),12,,,,
2020,BFA,Total,Lower-middle income (Medium risk),12,,,,
2021,BFA,Total,Lower-middle income (Medium risk),13,,,,
2022,BFA,Total,Lower-middle income (Medium risk),13,,,,
2023,BFA,Total,Lower-middle income (Medium risk),14,,,,
2024,BFA,Total,Lower-middle income (Medium risk),3.9,,,,
2013,BFA,Total,Medium-income (Low risk),0.07,,,,
2014,BFA,Total,Medium-income (Low risk),0.12,,,,
2015,BFA,Total,Medium-income (Low risk),0.15,,,,
2016,BFA,Total,Medium-income (Low risk),0.092,,,,
2017,BFA,Total,Medium-income (Low risk),0,,,,
2018,BFA,Total,Medium-income (Low risk),0,,,,
2019,BFA,Total,Medium-income (Low risk),0,,,,
2020,BFA,Total,Medium-income (Low risk),0,,,,
2021,BFA,Total,Medium-income (Low risk),0,,,,
2022,BFA,Total,Medium-income (Low risk),0,,,,
2023,BFA,Total,Medium-income (Low risk),0,,,,
2024,BFA,Total,Medium-income (Low risk),0.76,,,,
2013,BFA,Total,Rural poor (High risk),6,,,,
2014,BFA,Total,Rural poor (High risk),5.8,,,,
2015,BFA,Total,Rural poor (High risk),5.7,,,,
2016,BFA,Total,Rural poor (High risk),6,,,,
2017,BFA,Total,Rural poor (High risk),5.5,,,,
2018,BFA,Total,Rural poor (High risk),5.2,,,,
2019,BFA,Total,Rural poor (High risk),4.9,,,,
2020,BFA,Total,Rural poor (High risk),4.9,,,,
2021,BFA,Total,Rural poor (High risk),5,,,,
2022,BFA,Total,Rural poor (High risk),5.1,,,,
2023,BFA,Total,Rural poor (High risk),5.1,,,,
2024,BFA,Total,Rural poor (High risk),7.4,,,,
2013,BFA,Total,Urban poor (High risk),3.9,,,,
2014,BFA,Total,Urban poor (High risk),3.9,,,,
2015,BFA,Total,Urban poor (High risk),3.9,,,,
2016,BFA,Total,Urban poor (High risk),4,,,,
2017,BFA,Total,Urban poor (High risk),3.9,,,,
2018,BFA,Total,Urban poor (High risk),3.8,,,,
2019,BFA,Total,Urban poor (High risk),3.7,,,,
2020,BFA,Total,Urban poor (High risk),3.7,,,,
2021,BFA,Total,Urban poor (High risk),3.8,,,,
2022,BFA,Total,Urban poor (High risk),3.8,,,,
2023,BFA,Total,Urban poor (High risk),3.8,,,,
2024,BFA,Total,Urban poor (High risk),4.3,,,,
2013,BGD,Total,Lower-middle income (Medium risk),100,,,,
2014,BGD,Total,Lower-middle income (Medium risk),101,,,,
2015,BGD,Total,Lower-middle income (Medium risk),103,,,,
2016,BGD,Total,Lower-middle income (Medium risk),106,,,,
2017,BGD,Total,Lower-middle income (Medium risk),107,,,,
2018,BGD,Total,Lower-middle income (Medium risk),113,,,,
2019,BGD,Total,Lower-middle income (Medium risk),116,,,,
2020,BGD,Total,Lower-middle income (Medium risk),118,,,,
2021,BGD,Total,Lower-middle income (Medium risk),115,,,,
2022,BGD,Total,Lower-middle income (Medium risk),124,,,,
2023,BGD,Total,Lower-middle income (Medium risk),126,,,,
2024,BGD,Total,Lower-middle income (Medium risk),7.7,,,,
2013,BGD,Total,Medium-income (Low risk),5.4,,,,
2014,BGD,Total,Medium-income (Low risk),5.6,,,,
2015,BGD,Total,Medium-income (Low risk),5.9,,,,
2016,BGD,Total,Medium-income (Low risk),6.3,,,,
2017,BGD,Total,Medium-income (Low risk),6.6,,,,
2018,BGD,Total,Medium-income (Low risk),8.3,,,,
2019,BGD,Total,Medium-income (Low risk),9.6,,,,
2020,BGD,Total,Medium-income (Low risk),11,,,,
2021,BGD,Total,Medium-income (Low risk),11,,,,
2022,BGD,Total,Medium-income (Low risk),5.1,,,,
2023,BGD,Total,Medium-income (Low risk),6.5,,,,
2024,BGD,Total,Medium-income (Low risk),0.74,,,,
2013,BGD,Total,Rural poor (High risk),19,,,,
2014,BGD,Total,Rural poor (High risk),18,,,,
2015,BGD,Total,Rural poor (High risk),17,,,,
2016,BGD,Total,Rural poor (High risk),17,,,,
2017,BGD,Total,Rural poor (High risk),16,,,,
2018,BGD,Total,Rural poor (High risk),12,,,,
2019,BGD,Total,Rural poor (High risk),9.7,,,,
2020,BGD,Total,Rural poor (High risk),8.6,,,,
2021,BGD,Total,Rural poor (High risk),11,,,,
2022,BGD,Total,Rural poor (High risk),9.5,,,,
2023,BGD,Total,Rural poor (High risk),8,,,,
2024,BGD,Total,Rural poor (High risk),15,,,,
2013,BGD,Total,Urban poor (High risk),27,,,,
2014,BGD,Total,Urban poor (High risk),28,,,,
2015,BGD,Total,Urban poor (High risk),28,,,,
2016,BGD,Total,Urban poor (High risk),28,,,,
2017,BGD,Total,Urban poor (High risk),29,,,,
2018,BGD,Total,Urban poor (High risk),27,,,,
2019,BGD,Total,Urban poor (High risk),27,,,,
2020,BGD,Total,Urban poor (High risk),27,,,,
2021,BGD,Total,Urban poor (High risk),29,,,,
2022,BGD,Total,Urban poor (High risk),29,,,,
2023,BGD,Total,Urban poor (High risk),29,,,,
2024,BGD,Total,Urban poor (High risk),1.1,,,,
2013,BLZ,Total,Lower-middle income (Medium risk),0.018,,,,
2014,BLZ,Total,Lower-middle income (Medium risk),0.019,,,,
2015,BLZ,Total,Lower-middle income (Medium risk),0.019,,,,
2016,BLZ,Total,Lower-middle income (Medium risk),0.019,,,,
2017,BLZ,Total,Lower-middle income (Medium risk),0.02,,,,
2018,BLZ,Total,Lower-middle income (Medium risk),0.021,,,,
2019,BLZ,Total,Lower-middle income (Medium risk),0.021,,,,
2020,BLZ,Total,Lower-middle income (Medium risk),0.021,,,,
2021,BLZ,Total,Lower-middle income (Medium risk),0.022,,,,
2022,BLZ,Total,Lower-middle income (Medium risk),0.022,,,,
2023,BLZ,Total,Lower-middle income (Medium risk),0.022,,,,
2024,BLZ,Total,Lower-middle income (Medium risk),0.061,,,,
2013,BLZ,Total,Medium-income (Low risk),0.0041,,,,
2014,BLZ,Total,Medium-income (Low risk),0.0045,,,,
2015,BLZ,Total,Medium-income (Low risk),0.0046,,,,
2016,BLZ,Total,Medium-income (Low risk),0.0049,,,,
2017,BLZ,Total,Medium-income (Low risk),0.0049,,,,
2018,BLZ,Total,Medium-income (Low risk),0.0048,,,,
2019,BLZ,Total,Medium-income (Low risk),0.0049,,,,
2020,BLZ,Total,Medium-income (Low risk),0.0052,,,,
2021,BLZ,Total,Medium-income (Low risk),0.0042,,,,
2022,BLZ,Total,Medium-income (Low risk),0.0052,,,,
2023,BLZ,Total,Medium-income (Low risk),0.0052,,,,
2024,BLZ,Total,Medium-income (Low risk),521,,,,
2013,BLZ,Total,Rural poor (High risk),0.0044,,,,
2014,BLZ,Total,Rural poor (High risk),0.0042,,,,
2015,BLZ,Total,Rural poor (High risk),0.0043,,,,
2016,BLZ,Total,Rural poor (High risk),0.0043,,,,
2017,BLZ,Total,Rural poor (High risk),0.0044,,,,
2018,BLZ,Total,Rural poor (High risk),0.0045,,,,
2019,BLZ,Total,Rural poor (High risk),0.0046,,,,
2020,BLZ,Total,Rural poor (High risk),0.0046,,,,
2021,BLZ,Total,Rural poor (High risk),0.0054,,,,
2022,BLZ,Total,Rural poor (High risk),0.0051,,,,
2023,BLZ,Total,Rural poor (High risk),0.0051,,,,
2024,BLZ,Total,Rural poor (High risk),0.52,,,,
2013,BLZ,Total,Urban poor (High risk),0.0046,,,,
2014,BLZ,Total,Urban poor (High risk),0.0045,,,,
2015,BLZ,Total,Urban poor (High risk),0.0046,,,,
2016,BLZ,Total,Urban poor (High risk),0.0047,,,,
2017,BLZ,Total,Urban poor (High risk),0.0048,,,,
2018,BLZ,Total,Urban poor (High risk),0.0049,,,,
2019,BLZ,Total,Urban poor (High risk),0.005,,,,
2020,BLZ,Total,Urban poor (High risk),0.005,,,,
2021,BLZ,Total,Urban poor (High risk),0.0057,,,,
2022,BLZ,Total,Urban poor (High risk),0.0056,,,,
2023,BLZ,Total,Urban poor (High risk),0.0056,,,,
2024,BLZ,Total,Urban poor (High risk),0,,,,
2013,BOL,Total,Lower-middle income (Medium risk),0.8,,,,
2014,BOL,Total,Lower-middle income (Medium risk),0.64,,,,
2015,BOL,Total,Lower-middle income (Medium risk),0.74,,,,
2016,BOL,Total,Lower-middle income (Medium risk),0.79,,,,
2017,BOL,Total,Lower-middle income (Medium risk),0.7,,,,
2018,BOL,Total,Lower-middle income (Medium risk),0.67,,,,
2019,BOL,Total,Lower-middle income (Medium risk),0.73,,,,
2020,BOL,Total,Lower-middle income (Medium risk),0.58,,,,
2021,BOL,Total,Lower-middle income (Medium risk),0.68,,,,
2022,BOL,Total,Lower-middle income (Medium risk),0.52,,,,
2023,BOL,Total,Lower-middle income (Medium risk),0.34,,,,
2024,BOL,Total,Lower-middle income (Medium risk),3.2,,,,
2013,BOL,Total,Medium-income (Low risk),3.4,,,,
2014,BOL,Total,Medium-income (Low risk),3.5,,,,
2015,BOL,Total,Medium-income (Low risk),3.6,,,,
2016,BOL,Total,Medium-income (Low risk),3.6,,,,
2017,BOL,Total,Medium-income (Low risk),3.6,,,,
2018,BOL,Total,Medium-income (Low risk),3.7,,,,
2019,BOL,Total,Medium-income (Low risk),4,,,,
2020,BOL,Total,Medium-income (Low risk),4.3,,,,
2021,BOL,Total,Medium-income (Low risk),4.2,,,,
2022,BOL,Total,Medium-income (Low risk),4.5,,,,
2023,BOL,Total,Medium-income (Low risk),4.7,,,,
2024,BOL,Total,Medium-income (Low risk),0.1,,,,
2013,BOL,Total,Rural poor (High risk),0.34,,,,
2014,BOL,Total,Rural poor (High risk),0.27,,,,
2015,BOL,Total,Rural poor (High risk),0.23,,,,
2016,BOL,Total,Rural poor (High risk),0.25,,,,
2017,BOL,Total,Rural poor (High risk),0.31,,,,
2018,BOL,Total,Rural poor (High risk),0.27,,,,
2019,BOL,Total,Rural poor (High risk),0.18,,,,
2020,BOL,Total,Rural poor (High risk),0.11,,,,
2021,BOL,Total,Rural poor (High risk),0.18,,,,
2022,BOL,Total,Rural poor (High risk),0.11,,,,
2023,BOL,Total,Rural poor (High risk),0.11,,,,
2024,BOL,Total,Rural poor (High risk),1.1,,,,
2013,BOL,Total,Urban poor (High risk),2.8,,,,
2014,BOL,Total,Urban poor (High risk),2.7,,,,
2015,BOL,Total,Urban poor (High risk),2.7,,,,
2016,BOL,Total,Urban poor (High risk),2.8,,,,
2017,BOL,Total,Urban poor (High risk),2.9,,,,
2018,BOL,Total,Urban poor (High risk),3,,,,
2019,BOL,Total,Urban poor (High risk),2.9,,,,
2020,BOL,Total,Urban poor (High risk),2.8,,,,
2021,BOL,Total,Urban poor (High risk),3,,,,
2022,BOL,Total,Urban poor (High risk),2.9,,,,
2023,BOL,Total,Urban poor (High risk),3,,,,
2024,BOL,Total,Urban poor (High risk),34,,,,
2013,BRA,Total,Lower-middle income (Medium risk),58,,,,
2014,BRA,Total,Lower-middle income (Medium risk),55,,,,
2015,BRA,Total,Lower-middle income (Medium risk),53,,,,
2016,BRA,Total,Lower-middle income (Medium risk),54,,,,
2017,BRA,Total,Lower-middle income (Medium risk),56,,,,
2018,BRA,Total,Lower-middle income (Medium risk),55,,,,
2019,BRA,Total,Lower-middle income (Medium risk),53,,,,
2020,BRA,Total,Lower-middle income (Medium risk),52,,,,
2021,BRA,Total,Lower-middle income (Medium risk),49,,,,
2022,BRA,Total,Lower-middle income (Medium risk),60,,,,
2023,BRA,Total,Lower-middle income (Medium risk),59,,,,
2024,BRA,Total,Lower-middle income (Medium risk),0.73,,,,
2013,BRA,Total,Medium-income (Low risk),60,,,,
2014,BRA,Total,Medium-income (Low risk),62,,,,
2015,BRA,Total,Medium-income (Low risk),63,,,,
2016,BRA,Total,Medium-income (Low risk),64,,,,
2017,BRA,Total,Medium-income (Low risk),62,,,,
2018,BRA,Total,Medium-income (Low risk),63,,,,
2019,BRA,Total,Medium-income (Low risk),63,,,,
2020,BRA,Total,Medium-income (Low risk),64,,,,
2021,BRA,Total,Medium-income (Low risk),76,,,,
2022,BRA,Total,Medium-income (Low risk),63,,,,
2023,BRA,Total,Medium-income (Low risk),64,,,,
2024,BRA,Total,Medium-income (Low risk),0.38,,,,
2013,BRA,Total,Rural poor (High risk),3.2,,,,
2014,BRA,Total,Rural poor (High risk),2.7,,,,
2015,BRA,Total,Rural poor (High risk),2.4,,,,
2016,BRA,Total,Rural poor (High risk),2.8,,,,
2017,BRA,Total,Rural poor (High risk),3.4,,,,
2018,BRA,Total,Rural poor (High risk),3.8,,,,
2019,BRA,Total,Rural poor (High risk),3.9,,,,
2020,BRA,Total,Rural poor (High risk),3.9,,,,
2021,BRA,Total,Rural poor (High risk),1.4,,,,
2022,BRA,Total,Rural poor (High risk),4.3,,,,
2023,BRA,Total,Rural poor (High risk),4.3,,,,
2024,BRA,Total,Rural poor (High risk),13,,,,
2013,BRA,Total,Urban poor (High risk),25,,,,
2014,BRA,Total,Urban poor (High risk),24,,,,
2015,BRA,Total,Urban poor (High risk),24,,,,
2016,BRA,Total,Urban poor (High risk),25,,,,
2017,BRA,Total,Urban poor (High risk),26,,,,
2018,BRA,Total,Urban poor (High risk),28,,,,
2019,BRA,Total,Urban poor (High risk),28,,,,
2020,BRA,Total,Urban poor (High risk),28,,,,
2021,BRA,Total,Urban poor (High risk),23,,,,
2022,BRA,Total,Urban poor (High risk),30,,,,
2023,BRA,Total,Urban poor (High risk),30,,,,
2024,BRA,Total,Urban poor (High risk),33,,,,
2013,BTN,Total,Lower-middle income (Medium risk),0.029,,,,
2014,BTN,Total,Lower-middle income (Medium risk),0.027,,,,
2015,BTN,Total,Lower-middle income (Medium risk),0.028,,,,
2016,BTN,Total,Lower-middle income (Medium risk),0.027,,,,
2017,BTN,Total,Lower-middle income (Medium risk),0.028,,,,
2018,BTN,Total,Lower-middle income (Medium risk),0.027,,,,
2019,BTN,Total,Lower-middle income (Medium risk),0.025,,,,
2020,BTN,Total,Lower-middle income (Medium risk),0.023,,,,
2021,BTN,Total,Lower-middle income (Medium risk),0.024,,,,
2022,BTN,Total,Lower-middle income (Medium risk),0.024,,,,
2023,BTN,Total,Lower-middle income (Medium risk),0.025,,,,
2024,BTN,Total,Lower-middle income (Medium risk),0,,,,
2013,BTN,Total,Medium-income (Low risk),0.011,,,,
2014,BTN,Total,Medium-income (Low risk),0.012,,,,
2015,BTN,Total,Medium-income (Low risk),0.012,,,,
2016,BTN,Total,Medium-income (Low risk),0.013,,,,
2017,BTN,Total,Medium-income (Low risk),0.013,,,,
2018,BTN,Total,Medium-income (Low risk),0.013,,,,
2019,BTN,Total,Medium-income (Low risk),0.015,,,,
2020,BTN,Total,Medium-income (Low risk),0.015,,,,
2021,BTN,Total,Medium-income (Low risk),0.016,,,,
2022,BTN,Total,Medium-income (Low risk),0.016,,,,
2023,BTN,Total,Medium-income (Low risk),0.016,,,,
2024,BTN,Total,Medium-income (Low risk),66,,,,
2013,BTN,Total,Rural poor (High risk),0.00056,,,,
2014,BTN,Total,Rural poor (High risk),0.00037,,,,
2015,BTN,Total,Rural poor (High risk),0.0004,,,,
2016,BTN,Total,Rural poor (High risk),0.00034,,,,
2017,BTN,Total,Rural poor (High risk),0.00034,,,,
2018,BTN,Total,Rural poor (High risk),0.00031,,,,
2019,BTN,Total,Rural poor (High risk),0.00018,,,,
2020,BTN,Total,Rural poor (High risk),0.00011,,,,
2021,BTN,Total,Rural poor (High risk),0.00011,,,,
2022,BTN,Total,Rural poor (High risk),0.00011,,,,
2023,BTN,Total,Rural poor (High risk),0.00011,,,,
2024,BTN,Total,Rural poor (High risk),0.49,,,,
2013,BTN,Total,Urban poor (High risk),0.00028,,,,
2014,BTN,Total,Urban poor (High risk),0.0002,,,,
2015,BTN,Total,Urban poor (High risk),0.00022,,,,
2016,BTN,Total,Urban poor (High risk),0.00019,,,,
2017,BTN,Total,Urban poor (High risk),0.00019,,,,
2018,BTN,Total,Urban poor (High risk),0.00021,,,,
2019,BTN,Total,Urban poor (High risk),0.0001,,,,
2020,BTN,Total,Urban poor (High risk),0.000061,,,,
2021,BTN,Total,Urban poor (High risk),0.000063,,,,
2022,BTN,Total,Urban poor (High risk),0.000066,,,,
2023,BTN,Total,Urban poor (High risk),0.000068,,,,
2024,BTN,Total,Urban poor (High risk),70,,,,
2013,CAF,Total,Lower-middle income (Medium risk),0.085,,,,
2014,CAF,Total,Lower-middle income (Medium risk),0.031,,,,
2015,CAF,Total,Lower-middle income (Medium risk),0.03,,,,
2016,CAF,Total,Lower-middle income (Medium risk),0.034,,,,
2017,CAF,Total,Lower-middle income (Medium risk),0.038,,,,
2018,CAF,Total,Lower-middle income (Medium risk),0.04,,,,
2019,CAF,Total,Lower-middle income (Medium risk),0.042,,,,
2020,CAF,Total,Lower-middle income (Medium risk),0.042,,,,
2021,CAF,Total,Lower-middle income (Medium risk),0.043,,,,
2022,CAF,Total,Lower-middle income (Medium risk),0.045,,,,
2023,CAF,Total,Lower-middle income (Medium risk),0.047,,,,
2024,CAF,Total,Lower-middle income (Medium risk),0,,,,
2013,CAF,Total,Medium-income (Low risk),0.017,,,,
2014,CAF,Total,Medium-income (Low risk),0.0082,,,,
2015,CAF,Total,Medium-income (Low risk),0.0083,,,,
2016,CAF,Total,Medium-income (Low risk),0.0086,,,,
2017,CAF,Total,Medium-income (Low risk),0.0093,,,,
2018,CAF,Total,Medium-income (Low risk),0.01,,,,
2019,CAF,Total,Medium-income (Low risk),0.011,,,,
2020,CAF,Total,Medium-income (Low risk),0.011,,,,
2021,CAF,Total,Medium-income (Low risk),0.011,,,,
2022,CAF,Total,Medium-income (Low risk),0.012,,,,
2023,CAF,Total,Medium-income (Low risk),0.013,,,,
2024,CAF,Total,Medium-income (Low risk),2.5,,,,
2013,CAF,Total,Rural poor (High risk),0.19,,,,
2014,CAF,Total,Rural poor (High risk),0.26,,,,
2015,CAF,Total,Rural poor (High risk),0.26,,,,
2016,CAF,Total,Rural poor (High risk),0.26,,,,
2017,CAF,Total,Rural poor (High risk),0.26,,,,
2018,CAF,Total,Rural poor (High risk),0.26,,,,
2019,CAF,Total,Rural poor (High risk),0.26,,,,
2020,CAF,Total,Rural poor (High risk),0.27,,,,
2021,CAF,Total,Rural poor (High risk),0.28,,,,
2022,CAF,Total,Rural poor (High risk),0.3,,,,
2023,CAF,Total,Rural poor (High risk),0.32,,,,
2024,CAF,Total,Rural poor (High risk),2.3,,,,
2013,CAF,Total,Urban poor (High risk),0.2,,,,
2014,CAF,Total,Urban poor (High risk),0.2,,,,
2015,CAF,Total,Urban poor (High risk),0.2,,,,
2016,CAF,Total,Urban poor (High risk),0.21,,,,
2017,CAF,Total,Urban poor (High risk),0.21,,,,
2018,CAF,Total,Urban poor (High risk),0.22,,,,
2019,CAF,Total,Urban poor (High risk),0.22,,,,
2020,CAF,Total,Urban poor (High risk),0.23,,,,
2021,CAF,Total,Urban poor (High risk),0.25,,,,
2022,CAF,Total,Urban poor (High risk),0.27,,,,
2023,CAF,Total,Urban poor (High risk),0.29,,,,
2024,CAF,Total,Urban poor (High risk),394,,,,
2013,CHN,Total,Lower-middle income (Medium risk),720,,,,
2014,CHN,Total,Lower-middle income (Medium risk),742,,,,
2015,CHN,Total,Lower-middle income (Medium risk),700,,,,
2016,CHN,Total,Lower-middle income (Medium risk),663,,,,
2017,CHN,Total,Lower-middle income (Medium risk),621,,,,
2018,CHN,Total,Lower-middle income (Medium risk),589,,,,
2019,CHN,Total,Lower-middle income (Medium risk),539,,,,
2020,CHN,Total,Lower-middle income (Medium risk),497,,,,
2021,CHN,Total,Lower-middle income (Medium risk),520,,,,
2022,CHN,Total,Lower-middle income (Medium risk),544,,,,
2023,CHN,Total,Lower-middle income (Medium risk),505,,,,
2024,CHN,Total,Lower-middle income (Medium risk),3.8,,,,
2013,CHN,Total,Medium-income (Low risk),289,,,,
2014,CHN,Total,Medium-income (Low risk),333,,,,
2015,CHN,Total,Medium-income (Low risk),373,,,,
2016,CHN,Total,Medium-income (Low risk),407,,,,
2017,CHN,Total,Medium-income (Low risk),433,,,,
2018,CHN,Total,Medium-income (Low risk),448,,,,
2019,CHN,Total,Medium-income (Low risk),478,,,,
2020,CHN,Total,Medium-income (Low risk),501,,,,
2021,CHN,Total,Medium-income (Low risk),480,,,,
2022,CHN,Total,Medium-income (Low risk),457,,,,
2023,CHN,Total,Medium-income (Low risk),494,,,,
2024,CHN,Total,Medium-income (Low risk),17,,,,
2013,CHN,Total,Rural poor (High risk),70,,,,
2014,CHN,Total,Rural poor (High risk),23,,,,
2015,CHN,Total,Rural poor (High risk),17,,,,
2016,CHN,Total,Rural poor (High risk),9.3,,,,
2017,CHN,Total,Rural poor (High risk),6.6,,,,
2018,CHN,Total,Rural poor (High risk),5.3,,,,
2019,CHN,Total,Rural poor (High risk),3.3,,,,
2020,CHN,Total,Rural poor (High risk),1.1,,,,
2021,CHN,Total,Rural poor (High risk),1.4,,,,
2022,CHN,Total,Rural poor (High risk),1.3,,,,
2023,CHN,Total,Rural poor (High risk),1.1,,,,
2024,CHN,Total,Rural poor (High risk),7.7,,,,
2013,CHN,Total,Urban poor (High risk),187,,,,
2014,CHN,Total,Urban poor (High risk),151,,,,
2015,CHN,Total,Urban poor (High risk),146,,,,
2016,CHN,Total,Urban poor (High risk),143,,,,
2017,CHN,Total,Urban poor (High risk),144,,,,
2018,CHN,Total,Urban poor (High risk),146,,,,
2019,CHN,Total,Urban poor (High risk),146,,,,
2020,CHN,Total,Urban poor (High risk),147,,,,
2021,CHN,Total,Urban poor (High risk),147,,,,
2022,CHN,Total,Urban poor (High risk),148,,,,
2023,CHN,Total,Urban poor (High risk),149,,,,
2024,CHN,Total,Urban poor (High risk),2.2,,,,
2013,CIV,Total,Lower-middle income (Medium risk),6.9,,,,
2014,CIV,Total,Lower-middle income (Medium risk),7.7,,,,
2015,CIV,Total,Lower-middle income (Medium risk),8.3,,,,
2016,CIV,Total,Lower-middle income (Medium risk),8.7,,,,
2017,CIV,Total,Lower-middle income (Medium risk),11,,,,
2018,CIV,Total,Lower-middle income (Medium risk),12,,,,
2019,CIV,Total,Lower-middle income (Medium risk),14,,,,
2020,CIV,Total,Lower-middle income (Medium risk),15,,,,
2021,CIV,Total,Lower-middle income (Medium risk),15,,,,
2022,CIV,Total,Lower-middle income (Medium risk),16,,,,
2023,CIV,Total,Lower-middle income (Medium risk),16,,,,
2024,CIV,Total,Lower-middle income (Medium risk),1.7,,,,
2013,CIV,Total,Medium-income (Low risk),0.87,,,,
2014,CIV,Total,Medium-income (Low risk),0.99,,,,
2015,CIV,Total,Medium-income (Low risk),1,,,,
2016,CIV,Total,Medium-income (Low risk),1,,,,
2017,CIV,Total,Medium-income (Low risk),1.4,,,,
2018,CIV,Total,Medium-income (Low risk),1.8,,,,
2019,CIV,Total,Medium-income (Low risk),2.3,,,,
2020,CIV,Total,Medium-income (Low risk),2.7,,,,
2021,CIV,Total,Medium-income (Low risk),2.3,,,,
2022,CIV,Total,Medium-income (Low risk),2.6,,,,
2023,CIV,Total,Medium-income (Low risk),3.2,,,,
2024,CIV,Total,Medium-income (Low risk),2,,,,
2013,CIV,Total,Rural poor (High risk),5.5,,,,
2014,CIV,Total,Rural poor (High risk),5.2,,,,
2015,CIV,Total,Rural poor (High risk),5,,,,
2016,CIV,Total,Rural poor (High risk),5,,,,
2017,CIV,Total,Rural poor (High risk),4,,,,
2018,CIV,Total,Rural poor (High risk),3,,,,
2019,CIV,Total,Rural poor (High risk),2.2,,,,
2020,CIV,Total,Rural poor (High risk),1.7,,,,
2021,CIV,Total,Rural poor (High risk),1.8,,,,
2022,CIV,Total,Rural poor (High risk),1.8,,,,
2023,CIV,Total,Rural poor (High risk),1.8,,,,
2024,CIV,Total,Rural poor (High risk),23,,,,
2013,CIV,Total,Urban poor (High risk),8.5,,,,
2014,CIV,Total,Urban poor (High risk),8.4,,,,
2015,CIV,Total,Urban poor (High risk),8.4,,,,
2016,CIV,Total,Urban poor (High risk),8.6,,,,
2017,CIV,Total,Urban poor (High risk),7.9,,,,
2018,CIV,Total,Urban poor (High risk),7.3,,,,
2019,CIV,Total,Urban poor (High risk),6.8,,,,
2020,CIV,Total,Urban poor (High risk),6.6,,,,
2021,CIV,Total,Urban poor (High risk),6.8,,,,
2022,CIV,Total,Urban poor (High risk),6.9,,,,
2023,CIV,Total,Urban poor (High risk),7.1,,,,
2024,CIV,Total,Urban poor (High risk),6.9,,,,
2013,CMR,Total,Lower-middle income (Medium risk),8,,,,
2014,CMR,Total,Lower-middle income (Medium risk),8.5,,,,
2015,CMR,Total,Lower-middle income (Medium risk),9,,,,
2016,CMR,Total,Lower-middle income (Medium risk),9.5,,,,
2017,CMR,Total,Lower-middle income (Medium risk),10,,,,
2018,CMR,Total,Lower-middle income (Medium risk),10,,,,
2019,CMR,Total,Lower-middle income (Medium risk),11,,,,
2020,CMR,Total,Lower-middle income (Medium risk),11,,,,
2021,CMR,Total,Lower-middle income (Medium risk),12,,,,
2022,CMR,Total,Lower-middle income (Medium risk),12,,,,
2023,CMR,Total,Lower-middle income (Medium risk),13,,,,
2024,CMR,Total,Lower-middle income (Medium risk),1.6,,,,
2013,CMR,Total,Medium-income (Low risk),1.5,,,,
2014,CMR,Total,Medium-income (Low risk),1.9,,,,
2015,CMR,Total,Medium-income (Low risk),2.3,,,,
2016,CMR,Total,Medium-income (Low risk),2.5,,,,
2017,CMR,Total,Medium-income (Low risk),2.6,,,,
2018,CMR,Total,Medium-income (Low risk),2.7,,,,
2019,CMR,Total,Medium-income (Low risk),2.9,,,,
2020,CMR,Total,Medium-income (Low risk),3,,,,
2021,CMR,Total,Medium-income (Low risk),2.7,,,,
2022,CMR,Total,Medium-income (Low risk),3,,,,
2023,CMR,Total,Medium-income (Low risk),3.1,,,,
2024,CMR,Total,Medium-income (Low risk),4.3,,,,
2013,CMR,Total,Rural poor (High risk),3.9,,,,
2014,CMR,Total,Rural poor (High risk),3.7,,,,
2015,CMR,Total,Rural poor (High risk),3.4,,,,
2016,CMR,Total,Rural poor (High risk),3.4,,,,
2017,CMR,Total,Rural poor (High risk),3.3,,,,
2018,CMR,Total,Rural poor (High risk),3.4,,,,
2019,CMR,Total,Rural poor (High risk),3.4,,,,
2020,CMR,Total,Rural poor (High risk),3.4,,,,
2021,CMR,Total,Rural poor (High risk),3.5,,,,
2022,CMR,Total,Rural poor (High risk),3.6,,,,
2023,CMR,Total,Rural poor (High risk),3.6,,,,
2024,CMR,Total,Rural poor (High risk),1.1,,,,
2013,CMR,Total,Urban poor (High risk),7.2,,,,
2014,CMR,Total,Urban poor (High risk),7,,,,
2015,CMR,Total,Urban poor (High risk),6.9,,,,
2016,CMR,Total,Urban poor (High risk),6.9,,,,
2017,CMR,Total,Urban poor (High risk),6.9,,,,
2018,CMR,Total,Urban poor (High risk),7,,,,
2019,CMR,Total,Urban poor (High risk),7.1,,,,
2020,CMR,Total,Urban poor (High risk),7,,,,
2021,CMR,Total,Urban poor (High risk),7.1,,,,
2022,CMR,Total,Urban poor (High risk),7.1,,,,
2023,CMR,Total,Urban poor (High risk),7.1,,,,
2024,CMR,Total,Urban poor (High risk),14,,,,
2013,COG,Total,Lower-middle income (Medium risk),0.87,,,,
2014,COG,Total,Lower-middle income (Medium risk),0.92,,,,
2015,COG,Total,Lower-middle income (Medium risk),1.1,,,,
2016,COG,Total,Lower-middle income (Medium risk),1.1,,,,
2017,COG,Total,Lower-middle income (Medium risk),0.93,,,,
2018,COG,Total,Lower-middle income (Medium risk),0.85,,,,
2019,COG,Total,Lower-middle income (Medium risk),0.72,,,,
2020,COG,Total,Lower-middle income (Medium risk),0.64,,,,
2021,COG,Total,Lower-middle income (Medium risk),0.69,,,,
2022,COG,Total,Lower-middle income (Medium risk),0.7,,,,
2023,COG,Total,Lower-middle income (Medium risk),0.81,,,,
2024,COG,Total,Lower-middle income (Medium risk),9.8,,,,
2013,COG,Total,Medium-income (Low risk),0.27,,,,
2014,COG,Total,Medium-income (Low risk),0.26,,,,
2015,COG,Total,Medium-income (Low risk),0.29,,,,
2016,COG,Total,Medium-income (Low risk),0.26,,,,
2017,COG,Total,Medium-income (Low risk),0.2,,,,
2018,COG,Total,Medium-income (Low risk),0.19,,,,
2019,COG,Total,Medium-income (Low risk),0.18,,,,
2020,COG,Total,Medium-income (Low risk),0.18,,,,
2021,COG,Total,Medium-income (Low risk),0.099,,,,
2022,COG,Total,Medium-income (Low risk),0.16,,,,
2023,COG,Total,Medium-income (Low risk),0.12,,,,
2024,COG,Total,Medium-income (Low risk),3.4,,,,
2013,COG,Total,Rural poor (High risk),0.85,,,,
2014,COG,Total,Rural poor (High risk),0.89,,,,
2015,COG,Total,Rural poor (High risk),0.87,,,,
2016,COG,Total,Rural poor (High risk),0.94,,,,
2017,COG,Total,Rural poor (High risk),1.1,,,,
2018,COG,Total,Rural poor (High risk),1.2,,,,
2019,COG,Total,Rural poor (High risk),1.3,,,,
2020,COG,Total,Rural poor (High risk),1.4,,,,
2021,COG,Total,Rural poor (High risk),1.4,,,,
2022,COG,Total,Rural poor (High risk),1.4,,,,
2023,COG,Total,Rural poor (High risk),1.5,,,,
2024,COG,Total,Rural poor (High risk),6.5,,,,
2013,COG,Total,Urban poor (High risk),2.6,,,,
2014,COG,Total,Urban poor (High risk),2.7,,,,
2015,COG,Total,Urban poor (High risk),2.6,,,,
2016,COG,Total,Urban poor (High risk),2.7,,,,
2017,COG,Total,Urban poor (High risk),2.9,,,,
2018,COG,Total,Urban poor (High risk),3,,,,
2019,COG,Total,Urban poor (High risk),3.2,,,,
2020,COG,Total,Urban poor (High risk),3.3,,,,
2021,COG,Total,Urban poor (High risk),3.4,,,,
2022,COG,Total,Urban poor (High risk),3.5,,,,
2023,COG,Total,Urban poor (High risk),3.5,,,,
2024,COG,Total,Urban poor (High risk),2,,,,
2013,COL,Total,Lower-middle income (Medium risk),6.6,,,,
2014,COL,Total,Lower-middle income (Medium risk),6.5,,,,
2015,COL,Total,Lower-middle income (Medium risk),6.4,,,,
2016,COL,Total,Lower-middle income (Medium risk),6.6,,,,
2017,COL,Total,Lower-middle income (Medium risk),6.8,,,,
2018,COL,Total,Lower-middle income (Medium risk),7,,,,
2019,COL,Total,Lower-middle income (Medium risk),7.1,,,,
2020,COL,Total,Lower-middle income (Medium risk),7.1,,,,
2021,COL,Total,Lower-middle income (Medium risk),7.1,,,,
2022,COL,Total,Lower-middle income (Medium risk),7.1,,,,
2023,COL,Total,Lower-middle income (Medium risk),7.4,,,,
2024,COL,Total,Lower-middle income (Medium risk),0,,,,
2013,COL,Total,Medium-income (Low risk),4.1,,,,
2014,COL,Total,Medium-income (Low risk),4.3,,,,
2015,COL,Total,Medium-income (Low risk),4.4,,,,
2016,COL,Total,Medium-income (Low risk),4.6,,,,
2017,COL,Total,Medium-income (Low risk),4.8,,,,
2018,COL,Total,Medium-income (Low risk),4.9,,,,
2019,COL,Total,Medium-income (Low risk),5,,,,
2020,COL,Total,Medium-income (Low risk),5,,,,
2021,COL,Total,Medium-income (Low risk),4,,,,
2022,COL,Total,Medium-income (Low risk),4.1,,,,
2023,COL,Total,Medium-income (Low risk),4.3,,,,
2024,COL,Total,Medium-income (Low risk),23,,,,
2013,COL,Total,Rural poor (High risk),0.44,,,,
2014,COL,Total,Rural poor (High risk),0.4,,,,
2015,COL,Total,Rural poor (High risk),0.36,,,,
2016,COL,Total,Rural poor (High risk),0.33,,,,
2017,COL,Total,Rural poor (High risk),0.33,,,,
2018,COL,Total,Rural poor (High risk),0.29,,,,
2019,COL,Total,Rural poor (High risk),0.31,,,,
2020,COL,Total,Rural poor (High risk),0.36,,,,
2021,COL,Total,Rural poor (High risk),0.6,,,,
2022,COL,Total,Rural poor (High risk),0.41,,,,
2023,COL,Total,Rural poor (High risk),0.43,,,,
2024,COL,Total,Rural poor (High risk),3.9,,,,
2013,COL,Total,Urban poor (High risk),2,,,,
2014,COL,Total,Urban poor (High risk),1.9,,,,
2015,COL,Total,Urban poor (High risk),1.7,,,,
2016,COL,Total,Urban poor (High risk),1.6,,,,
2017,COL,Total,Urban poor (High risk),1.6,,,,
2018,COL,Total,Urban poor (High risk),1.5,,,,
2019,COL,Total,Urban poor (High risk),1.6,,,,
2020,COL,Total,Urban poor (High risk),1.7,,,,
2021,COL,Total,Urban poor (High risk),2.1,,,,
2022,COL,Total,Urban poor (High risk),1.7,,,,
2023,COL,Total,Urban poor (High risk),1.7,,,,
2024,COL,Total,Urban poor (High risk),596,,,,
2013,DJI,Total,Lower-middle income (Medium risk),0.34,,,,
2014,DJI,Total,Lower-middle income (Medium risk),0.25,,,,
2015,DJI,Total,Lower-middle income (Medium risk),0.2,,,,
2016,DJI,Total,Lower-middle income (Medium risk),0.22,,,,
2017,DJI,Total,Lower-middle income (Medium risk),0.24,,,,
2018,DJI,Total,Lower-middle income (Medium risk),0.27,,,,
2019,DJI,Total,Lower-middle income (Medium risk),0.27,,,,
2020,DJI,Total,Lower-middle income (Medium risk),0.29,,,,
2021,DJI,Total,Lower-middle income (Medium risk),0.29,,,,
2022,DJI,Total,Lower-middle income (Medium risk),0.28,,,,
2023,DJI,Total,Lower-middle income (Medium risk),0.25,,,,
2024,DJI,Total,Lower-middle income (Medium risk),0.074,,,,
2013,DJI,Total,Medium-income (Low risk),0.093,,,,
2014,DJI,Total,Medium-income (Low risk),0.077,,,,
2015,DJI,Total,Medium-income (Low risk),0.078,,,,
2016,DJI,Total,Medium-income (Low risk),0.08,,,,
2017,DJI,Total,Medium-income (Low risk),0.083,,,,
2018,DJI,Total,Medium-income (Low risk),0.085,,,,
2019,DJI,Total,Medium-income (Low risk),0.086,,,,
2020,DJI,Total,Medium-income (Low risk),0.095,,,,
2021,DJI,Total,Medium-income (Low risk),0.09,,,,
2022,DJI,Total,Medium-income (Low risk),0.071,,,,
2023,DJI,Total,Medium-income (Low risk),0.072,,,,
2024,DJI,Total,Medium-income (Low risk),4.8,,,,
2013,DJI,Total,Rural poor (High risk),0.079,,,,
2014,DJI,Total,Rural poor (High risk),0.1,,,,
2015,DJI,Total,Rural poor (High risk),0.097,,,,
2016,DJI,Total,Rural poor (High risk),0.092,,,,
2017,DJI,Total,Rural poor (High risk),0.088,,,,
2018,DJI,Total,Rural poor (High risk),0.083,,,,
2019,DJI,Total,Rural poor (High risk),0.086,,,,
2020,DJI,Total,Rural poor (High risk),0.079,,,,
2021,DJI,Total,Rural poor (High risk),0.082,,,,
2022,DJI,Total,Rural poor (High risk),0.083,,,,
2023,DJI,Total,Rural poor (High risk),0.084,,,,
2024,DJI,Total,Rural poor (High risk),4.6,,,,
2013,DJI,Total,Urban poor (High risk),0.42,,,,
2014,DJI,Total,Urban poor (High risk),0.53,,,,
2015,DJI,Total,Urban poor (High risk),0.59,,,,
2016,DJI,Total,Urban poor (High risk),0.59,,,,
2017,DJI,Total,Urban poor (High risk),0.59,,,,
2018,DJI,Total,Urban poor (High risk),0.58,,,,
2019,DJI,Total,Urban poor (High risk),0.59,,,,
2020,DJI,Total,Urban poor (High risk),0.59,,,,
2021,DJI,Total,Urban poor (High risk),0.61,,,,
2022,DJI,Total,Urban poor (High risk),0.65,,,,
2023,DJI,Total,Urban poor (High risk),0.69,,,,
2024,DJI,Total,Urban poor (High risk),0.56,,,,
2013,DOM,Total,Lower-middle income (Medium risk),4.8,,,,
2014,DOM,Total,Lower-middle income (Medium risk),4.9,,,,
2015,DOM,Total,Lower-middle income (Medium risk),4.4,,,,
2016,DOM,Total,Lower-middle income (Medium risk),4.2,,,,
2017,DOM,Total,Lower-middle income (Medium risk),4,,,,
2018,DOM,Total,Lower-middle income (Medium risk),4.1,,,,
2019,DOM,Total,Lower-middle income (Medium risk),3.9,,,,
2020,DOM,Total,Lower-middle income (Medium risk),3.6,,,,
2021,DOM,Total,Lower-middle income (Medium risk),4.2,,,,
2022,DOM,Total,Lower-middle income (Medium risk),4.3,,,,
2023,DOM,Total,Lower-middle income (Medium risk),4.1,,,,
2024,DOM,Total,Lower-middle income (Medium risk),0.2,,,,
2013,DOM,Total,Medium-income (Low risk),2.6,,,,
2014,DOM,Total,Medium-income (Low risk),2.6,,,,
2015,DOM,Total,Medium-income (Low risk),2.8,,,,
2016,DOM,Total,Medium-income (Low risk),3.2,,,,
2017,DOM,Total,Medium-income (Low risk),3.4,,,,
2018,DOM,Total,Medium-income (Low risk),3.7,,,,
2019,DOM,Total,Medium-income (Low risk),3.8,,,,
2020,DOM,Total,Medium-income (Low risk),4,,,,
2021,DOM,Total,Medium-income (Low risk),3.8,,,,
2022,DOM,Total,Medium-income (Low risk),4,,,,
2023,DOM,Total,Medium-income (Low risk),4.3,,,,
2024,DOM,Total,Medium-income (Low risk),8.3,,,,
2013,DOM,Total,Rural poor (High risk),0.17,,,,
2014,DOM,Total,Rural poor (High risk),0.13,,,,
2015,DOM,Total,Rural poor (High risk),0.14,,,,
2016,DOM,Total,Rural poor (High risk),0.11,,,,
2017,DOM,Total,Rural poor (High risk),0.086,,,,
2018,DOM,Total,Rural poor (High risk),0.042,,,,
2019,DOM,Total,Rural poor (High risk),0.035,,,,
2020,DOM,Total,Rural poor (High risk),0.035,,,,
2021,DOM,Total,Rural poor (High risk),0.04,,,,
2022,DOM,Total,Rural poor (High risk),0.036,,,,
2023,DOM,Total,Rural poor (High risk),0.035,,,,
2024,DOM,Total,Rural poor (High risk),2.7,,,,
2013,DOM,Total,Urban poor (High risk),1.1,,,,
2014,DOM,Total,Urban poor (High risk),1,,,,
2015,DOM,Total,Urban poor (High risk),1,,,,
2016,DOM,Total,Urban poor (High risk),0.91,,,,
2017,DOM,Total,Urban poor (High risk),0.82,,,,
2018,DOM,Total,Urban poor (High risk),0.76,,,,
2019,DOM,Total,Urban poor (High risk),0.77,,,,
2020,DOM,Total,Urban poor (High risk),0.78,,,,
2021,DOM,Total,Urban poor (High risk),0.8,,,,
2022,DOM,Total,Urban poor (High risk),0.82,,,,
2023,DOM,Total,Urban poor (High risk),0.83,,,,
2024,DOM,Total,Urban poor (High risk),2.1,,,,
2013,DZA,Total,Lower-middle income (Medium risk),19,,,,
2014,DZA,Total,Lower-middle income (Medium risk),19,,,,
2015,DZA,Total,Lower-middle income (Medium risk),19,,,,
2016,DZA,Total,Lower-middle income (Medium risk),19,,,,
2017,DZA,Total,Lower-middle income (Medium risk),20,,,,
2018,DZA,Total,Lower-middle income (Medium risk),20,,,,
2019,DZA,Total,Lower-middle income (Medium risk),21,,,,
2020,DZA,Total,Lower-middle income (Medium risk),22,,,,
2021,DZA,Total,Lower-middle income (Medium risk),23,,,,
2022,DZA,Total,Lower-middle income (Medium risk),25,,,,
2023,DZA,Total,Lower-middle income (Medium risk),25,,,,
2024,DZA,Total,Lower-middle income (Medium risk),0.63,,,,
2013,DZA,Total,Medium-income (Low risk),11,,,,
2014,DZA,Total,Medium-income (Low risk),12,,,,
2015,DZA,Total,Medium-income (Low risk),13,,,,
2016,DZA,Total,Medium-income (Low risk),13,,,,
2017,DZA,Total,Medium-income (Low risk),14,,,,
2018,DZA,Total,Medium-income (Low risk),14,,,,
2019,DZA,Total,Medium-income (Low risk),15,,,,
2020,DZA,Total,Medium-income (Low risk),15,,,,
2021,DZA,Total,Medium-income (Low risk),15,,,,
2022,DZA,Total,Medium-income (Low risk),14,,,,
2023,DZA,Total,Medium-income (Low risk),14,,,,
2024,DZA,Total,Medium-income (Low risk),0.22,,,,
2013,DZA,Total,Rural poor (High risk),0.076,,,,
2014,DZA,Total,Rural poor (High risk),0.071,,,,
2015,DZA,Total,Rural poor (High risk),0.066,,,,
2016,DZA,Total,Rural poor (High risk),0.065,,,,
2017,DZA,Total,Rural poor (High risk),0.062,,,,
2018,DZA,Total,Rural poor (High risk),0.062,,,,
2019,DZA,Total,Rural poor (High risk),0.061,,,,
2020,DZA,Total,Rural poor (High risk),0.062,,,,
2021,DZA,Total,Rural poor (High risk),0.064,,,,
2022,DZA,Total,Rural poor (High risk),0.066,,,,
2023,DZA,Total,Rural poor (High risk),0.068,,,,
2024,DZA,Total,Rural poor (High risk),0,,,,
2013,DZA,Total,Urban poor (High risk),5.4,,,,
2014,DZA,Total,Urban poor (High risk),5.1,,,,
2015,DZA,Total,Urban poor (High risk),4.9,,,,
2016,DZA,Total,Urban poor (High risk),4.6,,,,
2017,DZA,Total,Urban poor (High risk),4.4,,,,
2018,DZA,Total,Urban poor (High risk),4.1,,,,
2019,DZA,Total,Urban poor (High risk),3.8,,,,
2020,DZA,Total,Urban poor (High risk),3.4,,,,
2021,DZA,Total,Urban poor (High risk),3.1,,,,
2022,DZA,Total,Urban poor (High risk),2.8,,,,
2023,DZA,Total,Urban poor (High risk),2.6,,,,
2024,DZA,Total,Urban poor (High risk),2.8,,,,
2013,ECU,Total,Lower-middle income (Medium risk),1.7,,,,
2014,ECU,Total,Lower-middle income (Medium risk),1.8,,,,
2015,ECU,Total,Lower-middle income (Medium risk),1.4,,,,
2016,ECU,Total,Lower-middle income (Medium risk),1.5,,,,
2017,ECU,Total,Lower-middle income (Medium risk),1.5,,,,
2018,ECU,Total,Lower-middle income (Medium risk),1.4,,,,
2019,ECU,Total,Lower-middle income (Medium risk),1.5,,,,
2020,ECU,Total,Lower-middle income (Medium risk),1.6,,,,
2021,ECU,Total,Lower-middle income (Medium risk),2.2,,,,
2022,ECU,Total,Lower-middle income (Medium risk),2.1,,,,
2023,ECU,Total,Lower-middle income (Medium risk),2.1,,,,
2024,ECU,Total,Lower-middle income (Medium risk),0.055,,,,
2013,ECU,Total,Medium-income (Low risk),1.5,,,,
2014,ECU,Total,Medium-income (Low risk),1.5,,,,
2015,ECU,Total,Medium-income (Low risk),1.4,,,,
2016,ECU,Total,Medium-income (Low risk),1.3,,,,
2017,ECU,Total,Medium-income (Low risk),1.4,,,,
2018,ECU,Total,Medium-income (Low risk),1.5,,,,
2019,ECU,Total,Medium-income (Low risk),1.5,,,,
2020,ECU,Total,Medium-income (Low risk),1.4,,,,
2021,ECU,Total,Medium-income (Low risk),1.6,,,,
2022,ECU,Total,Medium-income (Low risk),1.7,,,,
2023,ECU,Total,Medium-income (Low risk),1.7,,,,
2024,ECU,Total,Medium-income (Low risk),203,,,,
2013,ECU,Total,Rural poor (High risk),0.12,,,,
2014,ECU,Total,Rural poor (High risk),0.086,,,,
2015,ECU,Total,Rural poor (High risk),0.058,,,,
2016,ECU,Total,Rural poor (High risk),0.077,,,,
2017,ECU,Total,Rural poor (High risk),0.081,,,,
2018,ECU,Total,Rural poor (High risk),0.074,,,,
2019,ECU,Total,Rural poor (High risk),0.078,,,,
2020,ECU,Total,Rural poor (High risk),0.086,,,,
2021,ECU,Total,Rural poor (High risk),0.19,,,,
2022,ECU,Total,Rural poor (High risk),0.1,,,,
2023,ECU,Total,Rural poor (High risk),0.1,,,,
2024,ECU,Total,Rural poor (High risk),0.52,,,,
2013,ECU,Total,Urban poor (High risk),0.58,,,,
2014,ECU,Total,Urban poor (High risk),0.55,,,,
2015,ECU,Total,Urban poor (High risk),0.44,,,,
2016,ECU,Total,Urban poor (High risk),0.47,,,,
2017,ECU,Total,Urban poor (High risk),0.48,,,,
2018,ECU,Total,Urban poor (High risk),0.48,,,,
2019,ECU,Total,Urban poor (High risk),0.5,,,,
2020,ECU,Total,Urban poor (High risk),0.52,,,,
2021,ECU,Total,Urban poor (High risk),0.74,,,,
2022,ECU,Total,Urban poor (High risk),0.64,,,,
2023,ECU,Total,Urban poor (High risk),0.64,,,,
2024,ECU,Total,Urban poor (High risk),0,,,,
2013,EGY,Total,Lower-middle income (Medium risk),77,,,,
2014,EGY,Total,Lower-middle income (Medium risk),79,,,,
2015,EGY,Total,Lower-middle income (Medium risk),81,,,,
2016,EGY,Total,Lower-middle income (Medium risk),82,,,,
2017,EGY,Total,Lower-middle income (Medium risk),84,,,,
2018,EGY,Total,Lower-middle income (Medium risk),87,,,,
2019,EGY,Total,Lower-middle income (Medium risk),90,,,,
2020,EGY,Total,Lower-middle income (Medium risk),91,,,,
2021,EGY,Total,Lower-middle income (Medium risk),91,,,,
2022,EGY,Total,Lower-middle income (Medium risk),91,,,,
2023,EGY,Total,Lower-middle income (Medium risk),93,,,,
2024,EGY,Total,Lower-middle income (Medium risk),0.74,,,,
2013,EGY,Total,Medium-income (Low risk),9.1,,,,
2014,EGY,Total,Medium-income (Low risk),9.5,,,,
2015,EGY,Total,Medium-income (Low risk),10,,,,
2016,EGY,Total,Medium-income (Low risk),11,,,,
2017,EGY,Total,Medium-income (Low risk),11,,,,
2018,EGY,Total,Medium-income (Low risk),10,,,,
2019,EGY,Total,Medium-income (Low risk),9.1,,,,
2020,EGY,Total,Medium-income (Low risk),9.9,,,,
2021,EGY,Total,Medium-income (Low risk),12,,,,
2022,EGY,Total,Medium-income (Low risk),13,,,,
2023,EGY,Total,Medium-income (Low risk),13,,,,
2024,EGY,Total,Medium-income (Low risk),1.7,,,,
2013,EGY,Total,Rural poor (High risk),0.56,,,,
2014,EGY,Total,Rural poor (High risk),0.58,,,,
2015,EGY,Total,Rural poor (High risk),0.59,,,,
2016,EGY,Total,Rural poor (High risk),0.6,,,,
2017,EGY,Total,Rural poor (High risk),0.93,,,,
2018,EGY,Total,Rural poor (High risk),1.3,,,,
2019,EGY,Total,Rural poor (High risk),1.7,,,,
2020,EGY,Total,Rural poor (High risk),1.4,,,,
2021,EGY,Total,Rural poor (High risk),1.4,,,,
2022,EGY,Total,Rural poor (High risk),1.5,,,,
2023,EGY,Total,Rural poor (High risk),1.6,,,,
2024,EGY,Total,Rural poor (High risk),3.3,,,,
2013,EGY,Total,Urban poor (High risk),2.9,,,,
2014,EGY,Total,Urban poor (High risk),2.2,,,,
2015,EGY,Total,Urban poor (High risk),1.4,,,,
2016,EGY,Total,Urban poor (High risk),1.1,,,,
2017,EGY,Total,Urban poor (High risk),0.82,,,,
2018,EGY,Total,Urban poor (High risk),1.1,,,,
2019,EGY,Total,Urban poor (High risk),1.3,,,,
2020,EGY,Total,Urban poor (High risk),1.1,,,,
2021,EGY,Total,Urban poor (High risk),1.1,,,,
2022,EGY,Total,Urban poor (High risk),1.2,,,,
2023,EGY,Total,Urban poor (High risk),1.2,,,,
2024,EGY,Total,Urban poor (High risk),1.8,,,,
2013,ERI,Total,Lower-middle income (Medium risk),0,,,,
2014,ERI,Total,Lower-middle income (Medium risk),0,,,,
2015,ERI,Total,Lower-middle income (Medium risk),0,,,,
2016,ERI,Total,Lower-middle income (Medium risk),0,,,,
2017,ERI,Total,Lower-middle income (Medium risk),0,,,,
2018,ERI,Total,Lower-middle income (Medium risk),0,,,,
2019,ERI,Total,Lower-middle income (Medium risk),0,,,,
2020,ERI,Total,Lower-middle income (Medium risk),0,,,,
2021,ERI,Total,Lower-middle income (Medium risk),0,,,,
2022,ERI,Total,Lower-middle income (Medium risk),0,,,,
2023,ERI,Total,Lower-middle income (Medium risk),0,,,,
2024,ERI,Total,Lower-middle income (Medium risk),0.12,,,,
2013,ERI,Total,Medium-income (Low risk),0,,,,
2014,ERI,Total,Medium-income (Low risk),0,,,,
2015,ERI,Total,Medium-income (Low risk),0,,,,
2016,ERI,Total,Medium-income (Low risk),0,,,,
2017,ERI,Total,Medium-income (Low risk),0,,,,
2018,ERI,Total,Medium-income (Low risk),0,,,,
2019,ERI,Total,Medium-income (Low risk),0,,,,
2020,ERI,Total,Medium-income (Low risk),0,,,,
2021,ERI,Total,Medium-income (Low risk),0,,,,
2022,ERI,Total,Medium-income (Low risk),0,,,,
2023,ERI,Total,Medium-income (Low risk),0,,,,
2024,ERI,Total,Medium-income (Low risk),2.2,,,,
2013,ERI,Total,Rural poor (High risk),0,,,,
2014,ERI,Total,Rural poor (High risk),0,,,,
2015,ERI,Total,Rural poor (High risk),0,,,,
2016,ERI,Total,Rural poor (High risk),0,,,,
2017,ERI,Total,Rural poor (High risk),0,,,,
2018,ERI,Total,Rural poor (High risk),0,,,,
2019,ERI,Total,Rural poor (High risk),0,,,,
2020,ERI,Total,Rural poor (High risk),0,,,,
2021,ERI,Total,Rural poor (High risk),0,,,,
2022,ERI,Total,Rural poor (High risk),0,,,,
2023,ERI,Total,Rural poor (High risk),0,,,,
2024,ERI,Total,Rural poor (High risk),12,,,,
2013,ERI,Total,Urban poor (High risk),0.081,,,,
2014,ERI,Total,Urban poor (High risk),0.084,,,,
2015,ERI,Total,Urban poor (High risk),0.086,,,,
2016,ERI,Total,Urban poor (High risk),0.089,,,,
2017,ERI,Total,Urban poor (High risk),0.092,,,,
2018,ERI,Total,Urban poor (High risk),0.095,,,,
2019,ERI,Total,Urban poor (High risk),0.098,,,,
2020,ERI,Total,Urban poor (High risk),0.1,,,,
2021,ERI,Total,Urban poor (High risk),0.11,,,,
2022,ERI,Total,Urban poor (High risk),0.11,,,,
2023,ERI,Total,Urban poor (High risk),0.12,,,,
2024,ERI,Total,Urban poor (High risk),7.2,,,,
2013,ETH,Total,Lower-middle income (Medium risk),6.4,,,,
2014,ETH,Total,Lower-middle income (Medium risk),6.6,,,,
2015,ETH,Total,Lower-middle income (Medium risk),6.9,,,,
2016,ETH,Total,Lower-middle income (Medium risk),7.1,,,,
2017,ETH,Total,Lower-middle income (Medium risk),7.5,,,,
2018,ETH,Total,Lower-middle income (Medium risk),8.2,,,,
2019,ETH,Total,Lower-middle income (Medium risk),8.6,,,,
2020,ETH,Total,Lower-middle income (Medium risk),9,,,,
2021,ETH,Total,Lower-middle income (Medium risk),8,,,,
2022,ETH,Total,Lower-middle income (Medium risk),8.7,,,,
2023,ETH,Total,Lower-middle income (Medium risk),9.4,,,,
2024,ETH,Total,Lower-middle income (Medium risk),0,,,,
2013,ETH,Total,Medium-income (Low risk),0.25,,,,
2014,ETH,Total,Medium-income (Low risk),0.28,,,,
2015,ETH,Total,Medium-income (Low risk),0.32,,,,
2016,ETH,Total,Medium-income (Low risk),0.36,,,,
2017,ETH,Total,Medium-income (Low risk),0.42,,,,
2018,ETH,Total,Medium-income (Low risk),0.49,,,,
2019,ETH,Total,Medium-income (Low risk),0.56,,,,
2020,ETH,Total,Medium-income (Low risk),0.62,,,,
2021,ETH,Total,Medium-income (Low risk),0.56,,,,
2022,ETH,Total,Medium-income (Low risk),0.61,,,,
2023,ETH,Total,Medium-income (Low risk),0.66,,,,
2024,ETH,Total,Medium-income (Low risk),1.3,,,,
2013,ETH,Total,Rural poor (High risk),2.9,,,,
2014,ETH,Total,Rural poor (High risk),2.9,,,,
2015,ETH,Total,Rural poor (High risk),2.9,,,,
2016,ETH,Total,Rural poor (High risk),2.9,,,,
2017,ETH,Total,Rural poor (High risk),2.7,,,,
2018,ETH,Total,Rural poor (High risk),2.4,,,,
2019,ETH,Total,Rural poor (High risk),2.2,,,,
2020,ETH,Total,Rural poor (High risk),2,,,,
2021,ETH,Total,Rural poor (High risk),1.8,,,,
2022,ETH,Total,Rural poor (High risk),2,,,,
2023,ETH,Total,Rural poor (High risk),2.1,,,,
2024,ETH,Total,Rural poor (High risk),0.15,,,,
2013,ETH,Total,Urban poor (High risk),1.7,,,,
2014,ETH,Total,Urban poor (High risk),1.7,,,,
2015,ETH,Total,Urban poor (High risk),1.8,,,,
2016,ETH,Total,Urban poor (High risk),1.9,,,,
2017,ETH,Total,Urban poor (High risk),1.9,,,,
2018,ETH,Total,Urban poor (High risk),1.8,,,,
2019,ETH,Total,Urban poor (High risk),1.8,,,,
2020,ETH,Total,Urban poor (High risk),1.8,,,,
2021,ETH,Total,Urban poor (High risk),1.7,,,,
2022,ETH,Total,Urban poor (High risk),1.8,,,,
2023,ETH,Total,Urban poor (High risk),2,,,,
2024,ETH,Total,Urban poor (High risk),193,,,,
2013,GEO,Total,Lower-middle income (Medium risk),0.61,,,,
2014,GEO,Total,Lower-middle income (Medium risk),0.6,,,,
2015,GEO,Total,Lower-middle income (Medium risk),0.61,,,,
2016,GEO,Total,Lower-middle income (Medium risk),0.62,,,,
2017,GEO,Total,Lower-middle income (Medium risk),0.62,,,,
2018,GEO,Total,Lower-middle income (Medium risk),0.59,,,,
2019,GEO,Total,Lower-middle income (Medium risk),0.6,,,,
2020,GEO,Total,Lower-middle income (Medium risk),0.62,,,,
2021,GEO,Total,Lower-middle income (Medium risk),0.65,,,,
2022,GEO,Total,Lower-middle income (Medium risk),0.65,,,,
2023,GEO,Total,Lower-middle income (Medium risk),0.65,,,,
2024,GEO,Total,Lower-middle income (Medium risk),0.31,,,,
2013,GEO,Total,Medium-income (Low risk),0.13,,,,
2014,GEO,Total,Medium-income (Low risk),0.16,,,,
2015,GEO,Total,Medium-income (Low risk),0.17,,,,
2016,GEO,Total,Medium-income (Low risk),0.17,,,,
2017,GEO,Total,Medium-income (Low risk),0.17,,,,
2018,GEO,Total,Medium-income (Low risk),0.18,,,,
2019,GEO,Total,Medium-income (Low risk),0.18,,,,
2020,GEO,Total,Medium-income (Low risk),0.18,,,,
2021,GEO,Total,Medium-income (Low risk),0.15,,,,
2022,GEO,Total,Medium-income (Low risk),0.15,,,,
2023,GEO,Total,Medium-income (Low risk),0.15,,,,
2024,GEO,Total,Medium-income (Low risk),11,,,,
2013,GEO,Total,Rural poor (High risk),0.055,,,,
2014,GEO,Total,Rural poor (High risk),0.042,,,,
2015,GEO,Total,Rural poor (High risk),0.032,,,,
2016,GEO,Total,Rural poor (High risk),0.025,,,,
2017,GEO,Total,Rural poor (High risk),0.025,,,,
2018,GEO,Total,Rural poor (High risk),0.032,,,,
2019,GEO,Total,Rural poor (High risk),0.028,,,,
2020,GEO,Total,Rural poor (High risk),0.024,,,,
2021,GEO,Total,Rural poor (High risk),0.029,,,,
2022,GEO,Total,Rural poor (High risk),0.029,,,,
2023,GEO,Total,Rural poor (High risk),0.029,,,,
2024,GEO,Total,Rural poor (High risk),3.2,,,,
2013,GEO,Total,Urban poor (High risk),0.087,,,,
2014,GEO,Total,Urban poor (High risk),0.074,,,,
2015,GEO,Total,Urban poor (High risk),0.064,,,,
2016,GEO,Total,Urban poor (High risk),0.057,,,,
2017,GEO,Total,Urban poor (High risk),0.056,,,,
2018,GEO,Total,Urban poor (High risk),0.061,,,,
2019,GEO,Total,Urban poor (High risk),0.057,,,,
2020,GEO,Total,Urban poor (High risk),0.054,,,,
2021,GEO,Total,Urban poor (High risk),0.056,,,,
2022,GEO,Total,Urban poor (High risk),0.055,,,,
2023,GEO,Total,Urban poor (High risk),0.054,,,,
2024,GEO,Total,Urban poor (High risk),293,,,,
2013,GHA,Total,Lower-middle income (Medium risk),12,,,,
2014,GHA,Total,Lower-middle income (Medium risk),13,,,,
2015,GHA,Total,Lower-middle income (Medium risk),13,,,,
2016,GHA,Total,Lower-middle income (Medium risk),14,,,,
2017,GHA,Total,Lower-middle income (Medium risk),14,,,,
2018,GHA,Total,Lower-middle income (Medium risk),14,,,,
2019,GHA,Total,Lower-middle income (Medium risk),15,,,,
2020,GHA,Total,Lower-middle income (Medium risk),15,,,,
2021,GHA,Total,Lower-middle income (Medium risk),16,,,,
2022,GHA,Total,Lower-middle income (Medium risk),16,,,,
2023,GHA,Total,Lower-middle income (Medium risk),17,,,,
2024,GHA,Total,Lower-middle income (Medium risk),0.38,,,,
2013,GHA,Total,Medium-income (Low risk),2,,,,
2014,GHA,Total,Medium-income (Low risk),2.2,,,,
2015,GHA,Total,Medium-income (Low risk),2.3,,,,
2016,GHA,Total,Medium-income (Low risk),2.3,,,,
2017,GHA,Total,Medium-income (Low risk),2.3,,,,
2018,GHA,Total,Medium-income (Low risk),2.6,,,,
2019,GHA,Total,Medium-income (Low risk),2.9,,,,
2020,GHA,Total,Medium-income (Low risk),3.2,,,,
2021,GHA,Total,Medium-income (Low risk),2.7,,,,
2022,GHA,Total,Medium-income (Low risk),2.9,,,,
2023,GHA,Total,Medium-income (Low risk),3.2,,,,
2024,GHA,Total,Medium-income (Low risk),1.7,,,,
2013,GHA,Total,Rural poor (High risk),4.5,,,,
2014,GHA,Total,Rural poor (High risk),4.2,,,,
2015,GHA,Total,Rural poor (High risk),4.3,,,,
2016,GHA,Total,Rural poor (High risk),4.5,,,,
2017,GHA,Total,Rural poor (High risk),4.6,,,,
2018,GHA,Total,Rural poor (High risk),4.4,,,,
2019,GHA,Total,Rural poor (High risk),4.2,,,,
2020,GHA,Total,Rural poor (High risk),4,,,,
2021,GHA,Total,Rural poor (High risk),4.1,,,,
2022,GHA,Total,Rural poor (High risk),4.2,,,,
2023,GHA,Total,Rural poor (High risk),4.2,,,,
2024,GHA,Total,Rural poor (High risk),3.2,,,,
2013,GHA,Total,Urban poor (High risk),8.1,,,,
2014,GHA,Total,Urban poor (High risk),7.9,,,,
2015,GHA,Total,Urban poor (High risk),7.9,,,,
2016,GHA,Total,Urban poor (High risk),8.2,,,,
2017,GHA,Total,Urban poor (High risk),8.2,,,,
2018,GHA,Total,Urban poor (High risk),8.3,,,,
2019,GHA,Total,Urban poor (High risk),8.4,,,,
2020,GHA,Total,Urban poor (High risk),8.2,,,,
2021,GHA,Total,Urban poor (High risk),8.5,,,,
2022,GHA,Total,Urban poor (High risk),8.7,,,,
2023,GHA,Total,Urban poor (High risk),8.8,,,,
2024,GHA,Total,Urban poor (High risk),1.2,,,,
2013,GIN,Total,Lower-middle income (Medium risk),6.2,,,,
2014,GIN,Total,Lower-middle income (Medium risk),6.5,,,,
2015,GIN,Total,Lower-middle income (Medium risk),6.8,,,,
2016,GIN,Total,Lower-middle income (Medium risk),7.1,,,,
2017,GIN,Total,Lower-middle income (Medium risk),7.6,,,,
2018,GIN,Total,Lower-middle income (Medium risk),8,,,,
2019,GIN,Total,Lower-middle income (Medium risk),8.4,,,,
2020,GIN,Total,Lower-middle income (Medium risk),8.7,,,,
2021,GIN,Total,Lower-middle income (Medium risk),9.1,,,,
2022,GIN,Total,Lower-middle income (Medium risk),9.2,,,,
2023,GIN,Total,Lower-middle income (Medium risk),9.4,,,,
2024,GIN,Total,Lower-middle income (Medium risk),0.062,,,,
2013,GIN,Total,Medium-income (Low risk),0.28,,,,
2014,GIN,Total,Medium-income (Low risk),0.29,,,,
2015,GIN,Total,Medium-income (Low risk),0.29,,,,
2016,GIN,Total,Medium-income (Low risk),0.29,,,,
2017,GIN,Total,Medium-income (Low risk),0.34,,,,
2018,GIN,Total,Medium-income (Low risk),0.42,,,,
2019,GIN,Total,Medium-income (Low risk),0.45,,,,
2020,GIN,Total,Medium-income (Low risk),0.49,,,,
2021,GIN,Total,Medium-income (Low risk),0.33,,,,
2022,GIN,Total,Medium-income (Low risk),0.48,,,,
2023,GIN,Total,Medium-income (Low risk),0.5,,,,
2024,GIN,Total,Medium-income (Low risk),1.1,,,,
2013,GIN,Total,Rural poor (High risk),2,,,,
2014,GIN,Total,Rural poor (High risk),1.9,,,,
2015,GIN,Total,Rural poor (High risk),1.9,,,,
2016,GIN,Total,Rural poor (High risk),1.8,,,,
2017,GIN,Total,Rural poor (High risk),1.6,,,,
2018,GIN,Total,Rural poor (High risk),1.4,,,,
2019,GIN,Total,Rural poor (High risk),1.3,,,,
2020,GIN,Total,Rural poor (High risk),1.2,,,,
2021,GIN,Total,Rural poor (High risk),1.3,,,,
2022,GIN,Total,Rural poor (High risk),1.3,,,,
2023,GIN,Total,Rural poor (High risk),1.3,,,,
2024,GIN,Total,Rural poor (High risk),11,,,,
2013,GIN,Total,Urban poor (High risk),2.3,,,,
2014,GIN,Total,Urban poor (High risk),2.3,,,,
2015,GIN,Total,Urban poor (High risk),2.4,,,,
2016,GIN,Total,Urban poor (High risk),2.4,,,,
2017,GIN,Total,Urban poor (High risk),2.4,,,,
2018,GIN,Total,Urban poor (High risk),2.3,,,,
2019,GIN,Total,Urban poor (High risk),2.3,,,,
2020,GIN,Total,Urban poor (High risk),2.4,,,,
2021,GIN,Total,Urban poor (High risk),2.5,,,,
2022,GIN,Total,Urban poor (High risk),2.5,,,,
2023,GIN,Total,Urban poor (High risk),2.6,,,,
2024,GIN,Total,Urban poor (High risk),0,,,,
2013,GMB,Total,Lower-middle income (Medium risk),0.85,,,,
2014,GMB,Total,Lower-middle income (Medium risk),0.96,,,,
2015,GMB,Total,Lower-middle income (Medium risk),1.1,,,,
2016,GMB,Total,Lower-middle income (Medium risk),1.2,,,,
2017,GMB,Total,Lower-middle income (Medium risk),1.3,,,,
2018,GMB,Total,Lower-middle income (Medium risk),1.3,,,,
2019,GMB,Total,Lower-middle income (Medium risk),1.3,,,,
2020,GMB,Total,Lower-middle income (Medium risk),1.3,,,,
2021,GMB,Total,Lower-middle income (Medium risk),1.4,,,,
2022,GMB,Total,Lower-middle income (Medium risk),1.4,,,,
2023,GMB,Total,Lower-middle income (Medium risk),1.5,,,,
2024,GMB,Total,Lower-middle income (Medium risk),0.1,,,,
2013,GMB,Total,Medium-income (Low risk),0.094,,,,
2014,GMB,Total,Medium-income (Low risk),0.11,,,,
2015,GMB,Total,Medium-income (Low risk),0.11,,,,
2016,GMB,Total,Medium-income (Low risk),0.13,,,,
2017,GMB,Total,Medium-income (Low risk),0.13,,,,
2018,GMB,Total,Medium-income (Low risk),0.14,,,,
2019,GMB,Total,Medium-income (Low risk),0.16,,,,
2020,GMB,Total,Medium-income (Low risk),0.18,,,,
2021,GMB,Total,Medium-income (Low risk),0.16,,,,
2022,GMB,Total,Medium-income (Low risk),0.19,,,,
2023,GMB,Total,Medium-income (Low risk),0.2,,,,
2024,GMB,Total,Medium-income (Low risk),8.4,,,,
2013,GMB,Total,Rural poor (High risk),0.3,,,,
2014,GMB,Total,Rural poor (High risk),0.26,,,,
2015,GMB,Total,Rural poor (High risk),0.24,,,,
2016,GMB,Total,Rural poor (High risk),0.18,,,,
2017,GMB,Total,Rural poor (High risk),0.19,,,,
2018,GMB,Total,Rural poor (High risk),0.2,,,,
2019,GMB,Total,Rural poor (High risk),0.2,,,,
2020,GMB,Total,Rural poor (High risk),0.2,,,,
2021,GMB,Total,Rural poor (High risk),0.19,,,,
2022,GMB,Total,Rural poor (High risk),0.21,,,,
2023,GMB,Total,Rural poor (High risk),0.21,,,,
2024,GMB,Total,Rural poor (High risk),1.4,,,,
2013,GMB,Total,Urban poor (High risk),0.78,,,,
2014,GMB,Total,Urban poor (High risk),0.76,,,,
2015,GMB,Total,Urban poor (High risk),0.74,,,,
2016,GMB,Total,Urban poor (High risk),0.7,,,,
2017,GMB,Total,Urban poor (High risk),0.71,,,,
2018,GMB,Total,Urban poor (High risk),0.72,,,,
2019,GMB,Total,Urban poor (High risk),0.74,,,,
2020,GMB,Total,Urban poor (High risk),0.75,,,,
2021,GMB,Total,Urban poor (High risk),0.74,,,,
2022,GMB,Total,Urban poor (High risk),0.76,,,,
2023,GMB,Total,Urban poor (High risk),0.77,,,,
2024,GMB,Total,Urban poor (High risk),0,,,,
2013,GNB,Total,Lower-middle income (Medium risk),0.22,,,,
2014,GNB,Total,Lower-middle income (Medium risk),0.27,,,,
2015,GNB,Total,Lower-middle income (Medium risk),0.37,,,,
2016,GNB,Total,Lower-middle income (Medium risk),0.38,,,,
2017,GNB,Total,Lower-middle income (Medium risk),0.55,,,,
2018,GNB,Total,Lower-middle income (Medium risk),0.71,,,,
2019,GNB,Total,Lower-middle income (Medium risk),0.82,,,,
2020,GNB,Total,Lower-middle income (Medium risk),0.93,,,,
2021,GNB,Total,Lower-middle income (Medium risk),0.99,,,,
2022,GNB,Total,Lower-middle income (Medium risk),1,,,,
2023,GNB,Total,Lower-middle income (Medium risk),1.1,,,,
2024,GNB,Total,Lower-middle income (Medium risk),0.038,,,,
2013,GNB,Total,Medium-income (Low risk),0.027,,,,
2014,GNB,Total,Medium-income (Low risk),0.028,,,,
2015,GNB,Total,Medium-income (Low risk),0.043,,,,
2016,GNB,Total,Medium-income (Low risk),0.031,,,,
2017,GNB,Total,Medium-income (Low risk),0.055,,,,
2018,GNB,Total,Medium-income (Low risk),0.069,,,,
2019,GNB,Total,Medium-income (Low risk),0.073,,,,
2020,GNB,Total,Medium-income (Low risk),0.081,,,,
2021,GNB,Total,Medium-income (Low risk),0.052,,,,
2022,GNB,Total,Medium-income (Low risk),0.071,,,,
2023,GNB,Total,Medium-income (Low risk),0.072,,,,
2024,GNB,Total,Medium-income (Low risk),2.7,,,,
2013,GNB,Total,Rural poor (High risk),0.7,,,,
2014,GNB,Total,Rural poor (High risk),0.68,,,,
2015,GNB,Total,Rural poor (High risk),0.58,,,,
2016,GNB,Total,Rural poor (High risk),0.6,,,,
2017,GNB,Total,Rural poor (High risk),0.44,,,,
2018,GNB,Total,Rural poor (High risk),0.36,,,,
2019,GNB,Total,Rural poor (High risk),0.32,,,,
2020,GNB,Total,Rural poor (High risk),0.28,,,,
2021,GNB,Total,Rural poor (High risk),0.29,,,,
2022,GNB,Total,Rural poor (High risk),0.29,,,,
2023,GNB,Total,Rural poor (High risk),0.29,,,,
2024,GNB,Total,Rural poor (High risk),2.7,,,,
2013,GNB,Total,Urban poor (High risk),0.68,,,,
2014,GNB,Total,Urban poor (High risk),0.7,,,,
2015,GNB,Total,Urban poor (High risk),0.73,,,,
2016,GNB,Total,Urban poor (High risk),0.75,,,,
2017,GNB,Total,Urban poor (High risk),0.77,,,,
2018,GNB,Total,Urban poor (High risk),0.72,,,,
2019,GNB,Total,Urban poor (High risk),0.7,,,,
2020,GNB,Total,Urban poor (High risk),0.67,,,,
2021,GNB,Total,Urban poor (High risk),0.67,,,,
2022,GNB,Total,Urban poor (High risk),0.67,,,,
2023,GNB,Total,Urban poor (High risk),0.66,,,,
2024,GNB,Total,Urban poor (High risk),0,,,,
2013,GTM,Total,Lower-middle income (Medium risk),1.9,,,,
2014,GTM,Total,Lower-middle income (Medium risk),2,,,,
2015,GTM,Total,Lower-middle income (Medium risk),2.1,,,,
2016,GTM,Total,Lower-middle income (Medium risk),2.1,,,,
2017,GTM,Total,Lower-middle income (Medium risk),2.2,,,,
2018,GTM,Total,Lower-middle income (Medium risk),2.2,,,,
2019,GTM,Total,Lower-middle income (Medium risk),2.2,,,,
2020,GTM,Total,Lower-middle income (Medium risk),2.2,,,,
2021,GTM,Total,Lower-middle income (Medium risk),2.3,,,,
2022,GTM,Total,Lower-middle income (Medium risk),0.86,,,,
2023,GTM,Total,Lower-middle income (Medium risk),0.86,,,,
2024,GTM,Total,Lower-middle income (Medium risk),0.12,,,,
2013,GTM,Total,Medium-income (Low risk),0.81,,,,
2014,GTM,Total,Medium-income (Low risk),0.81,,,,
2015,GTM,Total,Medium-income (Low risk),0.83,,,,
2016,GTM,Total,Medium-income (Low risk),0.87,,,,
2017,GTM,Total,Medium-income (Low risk),0.9,,,,
2018,GTM,Total,Medium-income (Low risk),0.92,,,,
2019,GTM,Total,Medium-income (Low risk),0.96,,,,
2020,GTM,Total,Medium-income (Low risk),1,,,,
2021,GTM,Total,Medium-income (Low risk),1,,,,
2022,GTM,Total,Medium-income (Low risk),0.43,,,,
2023,GTM,Total,Medium-income (Low risk),0.43,,,,
2024,GTM,Total,Medium-income (Low risk),101,,,,
2013,GTM,Total,Rural poor (High risk),0.28,,,,
2014,GTM,Total,Rural poor (High risk),0.27,,,,
2015,GTM,Total,Rural poor (High risk),0.26,,,,
2016,GTM,Total,Rural poor (High risk),0.24,,,,
2017,GTM,Total,Rural poor (High risk),0.23,,,,
2018,GTM,Total,Rural poor (High risk),0.22,,,,
2019,GTM,Total,Rural poor (High risk),0.21,,,,
2020,GTM,Total,Rural poor (High risk),0.2,,,,
2021,GTM,Total,Rural poor (High risk),0.22,,,,
2022,GTM,Total,Rural poor (High risk),0.071,,,,
2023,GTM,Total,Rural poor (High risk),0.071,,,,
2024,GTM,Total,Rural poor (High risk),4.6,,,,
2013,GTM,Total,Urban poor (High risk),0.83,,,,
2014,GTM,Total,Urban poor (High risk),0.82,,,,
2015,GTM,Total,Urban poor (High risk),0.83,,,,
2016,GTM,Total,Urban poor (High risk),0.8,,,,
2017,GTM,Total,Urban poor (High risk),0.79,,,,
2018,GTM,Total,Urban poor (High risk),0.8,,,,
2019,GTM,Total,Urban poor (High risk),0.81,,,,
2020,GTM,Total,Urban poor (High risk),0.81,,,,
2021,GTM,Total,Urban poor (High risk),0.85,,,,
2022,GTM,Total,Urban poor (High risk),0.32,,,,
2023,GTM,Total,Urban poor (High risk),0.32,,,,
2024,GTM,Total,Urban poor (High risk),0,,,,
2013,HND,Total,Lower-middle income (Medium risk),1.3,,,,
2014,HND,Total,Lower-middle income (Medium risk),1.3,,,,
2015,HND,Total,Lower-middle income (Medium risk),1.4,,,,
2016,HND,Total,Lower-middle income (Medium risk),1.4,,,,
2017,HND,Total,Lower-middle income (Medium risk),1.3,,,,
2018,HND,Total,Lower-middle income (Medium risk),1.4,,,,
2019,HND,Total,Lower-middle income (Medium risk),1.4,,,,
2020,HND,Total,Lower-middle income (Medium risk),1.4,,,,
2021,HND,Total,Lower-middle income (Medium risk),1.4,,,,
2022,HND,Total,Lower-middle income (Medium risk),1.4,,,,
2023,HND,Total,Lower-middle income (Medium risk),1.4,,,,
2024,HND,Total,Lower-middle income (Medium risk),0.61,,,,
2013,HND,Total,Medium-income (Low risk),0.57,,,,
2014,HND,Total,Medium-income (Low risk),0.64,,,,
2015,HND,Total,Medium-income (Low risk),0.65,,,,
2016,HND,Total,Medium-income (Low risk),0.69,,,,
2017,HND,Total,Medium-income (Low risk),0.74,,,,
2018,HND,Total,Medium-income (Low risk),0.74,,,,
2019,HND,Total,Medium-income (Low risk),0.77,,,,
2020,HND,Total,Medium-income (Low risk),0.85,,,,
2021,HND,Total,Medium-income (Low risk),0.76,,,,
2022,HND,Total,Medium-income (Low risk),0.88,,,,
2023,HND,Total,Medium-income (Low risk),0.9,,,,
2024,HND,Total,Medium-income (Low risk),21,,,,
2013,HND,Total,Rural poor (High risk),0.33,,,,
2014,HND,Total,Rural poor (High risk),0.28,,,,
2015,HND,Total,Rural poor (High risk),0.26,,,,
2016,HND,Total,Rural poor (High risk),0.26,,,,
2017,HND,Total,Rural poor (High risk),0.29,,,,
2018,HND,Total,Rural poor (High risk),0.28,,,,
2019,HND,Total,Rural poor (High risk),0.29,,,,
2020,HND,Total,Rural poor (High risk),0.26,,,,
2021,HND,Total,Rural poor (High risk),0.3,,,,
2022,HND,Total,Rural poor (High risk),0.23,,,,
2023,HND,Total,Rural poor (High risk),0.23,,,,
2024,HND,Total,Rural poor (High risk),0.053,,,,
2013,HND,Total,Urban poor (High risk),0.68,,,,
2014,HND,Total,Urban poor (High risk),0.65,,,,
2015,HND,Total,Urban poor (High risk),0.63,,,,
2016,HND,Total,Urban poor (High risk),0.65,,,,
2017,HND,Total,Urban poor (High risk),0.69,,,,
2018,HND,Total,Urban poor (High risk),0.71,,,,
2019,HND,Total,Urban poor (High risk),0.73,,,,
2020,HND,Total,Urban poor (High risk),0.72,,,,
2021,HND,Total,Urban poor (High risk),0.75,,,,
2022,HND,Total,Urban poor (High risk),0.7,,,,
2023,HND,Total,Urban poor (High risk),0.73,,,,
2024,HND,Total,Urban poor (High risk),35,,,,
2013,IDN,Total,Lower-middle income (Medium risk),164,,,,
2014,IDN,Total,Lower-middle income (Medium risk),168,,,,
2015,IDN,Total,Lower-middle income (Medium risk),175,,,,
2016,IDN,Total,Lower-middle income (Medium risk),179,,,,
2017,IDN,Total,Lower-middle income (Medium risk),178,,,,
2018,IDN,Total,Lower-middle income (Medium risk),177,,,,
2019,IDN,Total,Lower-middle income (Medium risk),179,,,,
2020,IDN,Total,Lower-middle income (Medium risk),183,,,,
2021,IDN,Total,Lower-middle income (Medium risk),188,,,,
2022,IDN,Total,Lower-middle income (Medium risk),193,,,,
2023,IDN,Total,Lower-middle income (Medium risk),192,,,,
2024,IDN,Total,Lower-middle income (Medium risk),0.36,,,,
2013,IDN,Total,Medium-income (Low risk),20,,,,
2014,IDN,Total,Medium-income (Low risk),25,,,,
2015,IDN,Total,Medium-income (Low risk),25,,,,
2016,IDN,Total,Medium-income (Low risk),26,,,,
2017,IDN,Total,Medium-income (Low risk),32,,,,
2018,IDN,Total,Medium-income (Low risk),37,,,,
2019,IDN,Total,Medium-income (Low risk),41,,,,
2020,IDN,Total,Medium-income (Low risk),42,,,,
2021,IDN,Total,Medium-income (Low risk),40,,,,
2022,IDN,Total,Medium-income (Low risk),37,,,,
2023,IDN,Total,Medium-income (Low risk),40,,,,
2024,IDN,Total,Medium-income (Low risk),0.75,,,,
2013,IDN,Total,Rural poor (High risk),21,,,,
2014,IDN,Total,Rural poor (High risk),17,,,,
2015,IDN,Total,Rural poor (High risk),14,,,,
2016,IDN,Total,Rural poor (High risk),13,,,,
2017,IDN,Total,Rural poor (High risk),12,,,,
2018,IDN,Total,Rural poor (High risk),10,,,,
2019,IDN,Total,Rural poor (High risk),8.4,,,,
2020,IDN,Total,Rural poor (High risk),6.8,,,,
2021,IDN,Total,Rural poor (High risk),6.8,,,,
2022,IDN,Total,Rural poor (High risk),6.8,,,,
2023,IDN,Total,Rural poor (High risk),6.8,,,,
2024,IDN,Total,Rural poor (High risk),0.1,,,,
2013,IDN,Total,Urban poor (High risk),39,,,,
2014,IDN,Total,Urban poor (High risk),36,,,,
2015,IDN,Total,Urban poor (High risk),34,,,,
2016,IDN,Total,Urban poor (High risk),33,,,,
2017,IDN,Total,Urban poor (High risk),32,,,,
2018,IDN,Total,Urban poor (High risk),30,,,,
2019,IDN,Total,Urban poor (High risk),28,,,,
2020,IDN,Total,Urban poor (High risk),27,,,,
2021,IDN,Total,Urban poor (High risk),27,,,,
2022,IDN,Total,Urban poor (High risk),27,,,,
2023,IDN,Total,Urban poor (High risk),27,,,,
2024,IDN,Total,Urban poor (High risk),0.62,,,,
2013,IND,Total,Lower-middle income (Medium risk),770,,,,
2014,IND,Total,Lower-middle income (Medium risk),787,,,,
2015,IND,Total,Lower-middle income (Medium risk),807,,,,
2016,IND,Total,Lower-middle income (Medium risk),831,,,,
2017,IND,Total,Lower-middle income (Medium risk),852,,,,
2018,IND,Total,Lower-middle income (Medium risk),898,,,,
2019,IND,Total,Lower-middle income (Medium risk),935,,,,
2020,IND,Total,Lower-middle income (Medium risk),964,,,,
2021,IND,Total,Lower-middle income (Medium risk),928,,,,
2022,IND,Total,Lower-middle income (Medium risk),1017,,,,
2023,IND,Total,Lower-middle income (Medium risk),1038,,,,
2024,IND,Total,Lower-middle income (Medium risk),0.1,,,,
2013,IND,Total,Medium-income (Low risk),43,,,,
2014,IND,Total,Medium-income (Low risk),48,,,,
2015,IND,Total,Medium-income (Low risk),53,,,,
2016,IND,Total,Medium-income (Low risk),57,,,,
2017,IND,Total,Medium-income (Low risk),59,,,,
2018,IND,Total,Medium-income (Low risk),72,,,,
2019,IND,Total,Medium-income (Low risk),90,,,,
2020,IND,Total,Medium-income (Low risk),90,,,,
2021,IND,Total,Medium-income (Low risk),87,,,,
2022,IND,Total,Medium-income (Low risk),37,,,,
2023,IND,Total,Medium-income (Low risk),45,,,,
2024,IND,Total,Medium-income (Low risk),10,,,,
2013,IND,Total,Rural poor (High risk),217,,,,
2014,IND,Total,Rural poor (High risk),211,,,,
2015,IND,Total,Rural poor (High risk),203,,,,
2016,IND,Total,Rural poor (High risk),190,,,,
2017,IND,Total,Rural poor (High risk),183,,,,
2018,IND,Total,Rural poor (High risk),147,,,,
2019,IND,Total,Rural poor (High risk),117,,,,
2020,IND,Total,Rural poor (High risk),99,,,,
2021,IND,Total,Rural poor (High risk),130,,,,
2022,IND,Total,Rural poor (High risk),110,,,,
2023,IND,Total,Rural poor (High risk),93,,,,
2024,IND,Total,Rural poor (High risk),1.3,,,,
2013,IND,Total,Urban poor (High risk),233,,,,
2014,IND,Total,Urban poor (High risk),234,,,,
2015,IND,Total,Urban poor (High risk),234,,,,
2016,IND,Total,Urban poor (High risk),233,,,,
2017,IND,Total,Urban poor (High risk),233,,,,
2018,IND,Total,Urban poor (High risk),221,,,,
2019,IND,Total,Urban poor (High risk),211,,,,
2020,IND,Total,Urban poor (High risk),207,,,,
2021,IND,Total,Urban poor (High risk),227,,,,
2022,IND,Total,Urban poor (High risk),220,,,,
2023,IND,Total,Urban poor (High risk),216,,,,
2024,IND,Total,Urban poor (High risk),0,,,,
2013,IRN,Total,Lower-middle income (Medium risk),29,,,,
2014,IRN,Total,Lower-middle income (Medium risk),31,,,,
2015,IRN,Total,Lower-middle income (Medium risk),32,,,,
2016,IRN,Total,Lower-middle income (Medium risk),29,,,,
2017,IRN,Total,Lower-middle income (Medium risk),24,,,,
2018,IRN,Total,Lower-middle income (Medium risk),23,,,,
2019,IRN,Total,Lower-middle income (Medium risk),24,,,,
2020,IRN,Total,Lower-middle income (Medium risk),28,,,,
2021,IRN,Total,Lower-middle income (Medium risk),30,,,,
2022,IRN,Total,Lower-middle income (Medium risk),32,,,,
2023,IRN,Total,Lower-middle income (Medium risk),35,,,,
2024,IRN,Total,Lower-middle income (Medium risk),0.061,,,,
2013,IRN,Total,Medium-income (Low risk),30,,,,
2014,IRN,Total,Medium-income (Low risk),30,,,,
2015,IRN,Total,Medium-income (Low risk),30,,,,
2016,IRN,Total,Medium-income (Low risk),30,,,,
2017,IRN,Total,Medium-income (Low risk),30,,,,
2018,IRN,Total,Medium-income (Low risk),31,,,,
2019,IRN,Total,Medium-income (Low risk),30,,,,
2020,IRN,Total,Medium-income (Low risk),29,,,,
2021,IRN,Total,Medium-income (Low risk),28,,,,
2022,IRN,Total,Medium-income (Low risk),26,,,,
2023,IRN,Total,Medium-income (Low risk),24,,,,
2024,IRN,Total,Medium-income (Low risk),0.58,,,,
2013,IRN,Total,Rural poor (High risk),0.21,,,,
2014,IRN,Total,Rural poor (High risk),0.12,,,,
2015,IRN,Total,Rural poor (High risk),0.24,,,,
2016,IRN,Total,Rural poor (High risk),0.28,,,,
2017,IRN,Total,Rural poor (High risk),0.26,,,,
2018,IRN,Total,Rural poor (High risk),0.23,,,,
2019,IRN,Total,Rural poor (High risk),0.3,,,,
2020,IRN,Total,Rural poor (High risk),0.38,,,,
2021,IRN,Total,Rural poor (High risk),0.39,,,,
2022,IRN,Total,Rural poor (High risk),0.4,,,,
2023,IRN,Total,Rural poor (High risk),0.42,,,,
2024,IRN,Total,Rural poor (High risk),0.3,,,,
2013,IRN,Total,Urban poor (High risk),0.31,,,,
2014,IRN,Total,Urban poor (High risk),0.18,,,,
2015,IRN,Total,Urban poor (High risk),0.36,,,,
2016,IRN,Total,Urban poor (High risk),5.4,,,,
2017,IRN,Total,Urban poor (High risk),11,,,,
2018,IRN,Total,Urban poor (High risk),11,,,,
2019,IRN,Total,Urban poor (High risk),12,,,,
2020,IRN,Total,Urban poor (High risk),12,,,,
2021,IRN,Total,Urban poor (High risk),13,,,,
2022,IRN,Total,Urban poor (High risk),13,,,,
2023,IRN,Total,Urban poor (High risk),13,,,,
2024,IRN,Total,Urban poor (High risk),0,,,,
2013,IRQ,Total,Lower-middle income (Medium risk),11,,,,
2014,IRQ,Total,Lower-middle income (Medium risk),11,,,,
2015,IRQ,Total,Lower-middle income (Medium risk),12,,,,
2016,IRQ,Total,Lower-middle income (Medium risk),11,,,,
2017,IRQ,Total,Lower-middle income (Medium risk),8.1,,,,
2018,IRQ,Total,Lower-middle income (Medium risk),9.4,,,,
2019,IRQ,Total,Lower-middle income (Medium risk),9.4,,,,
2020,IRQ,Total,Lower-middle income (Medium risk),8.4,,,,
2021,IRQ,Total,Lower-middle income (Medium risk),8.8,,,,
2022,IRQ,Total,Lower-middle income (Medium risk),9.7,,,,
2023,IRQ,Total,Lower-middle income (Medium risk),9.9,,,,
2024,IRQ,Total,Lower-middle income (Medium risk),0.019,,,,
2013,IRQ,Total,Medium-income (Low risk),13,,,,
2014,IRQ,Total,Medium-income (Low risk),14,,,,
2015,IRQ,Total,Medium-income (Low risk),14,,,,
2016,IRQ,Total,Medium-income (Low risk),15,,,,
2017,IRQ,Total,Medium-income (Low risk),17,,,,
2018,IRQ,Total,Medium-income (Low risk),17,,,,
2019,IRQ,Total,Medium-income (Low risk),17,,,,
2020,IRQ,Total,Medium-income (Low risk),18,,,,
2021,IRQ,Total,Medium-income (Low risk),18,,,,
2022,IRQ,Total,Medium-income (Low risk),18,,,,
2023,IRQ,Total,Medium-income (Low risk),18,,,,
2024,IRQ,Total,Medium-income (Low risk),1.4,,,,
2013,IRQ,Total,Rural poor (High risk),0.015,,,,
2014,IRQ,Total,Rural poor (High risk),0.012,,,,
2015,IRQ,Total,Rural poor (High risk),0.016,,,,
2016,IRQ,Total,Rural poor (High risk),0.014,,,,
2017,IRQ,Total,Rural poor (High risk),0.0037,,,,
2018,IRQ,Total,Rural poor (High risk),0.0056,,,,
2019,IRQ,Total,Rural poor (High risk),0.0057,,,,
2020,IRQ,Total,Rural poor (High risk),0.0039,,,,
2021,IRQ,Total,Rural poor (High risk),0.004,,,,
2022,IRQ,Total,Rural poor (High risk),0.0042,,,,
2023,IRQ,Total,Rural poor (High risk),0.0044,,,,
2024,IRQ,Total,Rural poor (High risk),12,,,,
2013,IRQ,Total,Urban poor (High risk),7.1,,,,
2014,IRQ,Total,Urban poor (High risk),7.6,,,,
2015,IRQ,Total,Urban poor (High risk),8,,,,
2016,IRQ,Total,Urban poor (High risk),8.4,,,,
2017,IRQ,Total,Urban poor (High risk),8.8,,,,
2018,IRQ,Total,Urban poor (High risk),9.2,,,,
2019,IRQ,Total,Urban poor (High risk),9.6,,,,
2020,IRQ,Total,Urban poor (High risk),10,,,,
2021,IRQ,Total,Urban poor (High risk),10,,,,
2022,IRQ,Total,Urban poor (High risk),11,,,,
2023,IRQ,Total,Urban poor (High risk),11,,,,
2024,IRQ,Total,Urban poor (High risk),0,,,,
2013,JOR,Total,Lower-middle income (Medium risk),0.14,,,,
2014,JOR,Total,Lower-middle income (Medium risk),0,,,,
2015,JOR,Total,Lower-middle income (Medium risk),0.5,,,,
2016,JOR,Total,Lower-middle income (Medium risk),0.94,,,,
2017,JOR,Total,Lower-middle income (Medium risk),1.1,,,,
2018,JOR,Total,Lower-middle income (Medium risk),1,,,,
2019,JOR,Total,Lower-middle income (Medium risk),1.1,,,,
2020,JOR,Total,Lower-middle income (Medium risk),1.4,,,,
2021,JOR,Total,Lower-middle income (Medium risk),1.3,,,,
2022,JOR,Total,Lower-middle income (Medium risk),1.6,,,,
2023,JOR,Total,Lower-middle income (Medium risk),1.6,,,,
2024,JOR,Total,Lower-middle income (Medium risk),0.13,,,,
2013,JOR,Total,Medium-income (Low risk),2.9,,,,
2014,JOR,Total,Medium-income (Low risk),3.2,,,,
2015,JOR,Total,Medium-income (Low risk),3.5,,,,
2016,JOR,Total,Medium-income (Low risk),3.7,,,,
2017,JOR,Total,Medium-income (Low risk),3.7,,,,
2018,JOR,Total,Medium-income (Low risk),3.9,,,,
2019,JOR,Total,Medium-income (Low risk),3.9,,,,
2020,JOR,Total,Medium-income (Low risk),4,,,,
2021,JOR,Total,Medium-income (Low risk),3.5,,,,
2022,JOR,Total,Medium-income (Low risk),4.1,,,,
2023,JOR,Total,Medium-income (Low risk),4.1,,,,
2024,JOR,Total,Medium-income (Low risk),1.2,,,,
2013,JOR,Total,Rural poor (High risk),0.00062,,,,
2014,JOR,Total,Rural poor (High risk),0.00045,,,,
2015,JOR,Total,Rural poor (High risk),0.00073,,,,
2016,JOR,Total,Rural poor (High risk),0.001,,,,
2017,JOR,Total,Rural poor (High risk),0.001,,,,
2018,JOR,Total,Rural poor (High risk),0.001,,,,
2019,JOR,Total,Rural poor (High risk),0.0011,,,,
2020,JOR,Total,Rural poor (High risk),0.0011,,,,
2021,JOR,Total,Rural poor (High risk),0.00096,,,,
2022,JOR,Total,Rural poor (High risk),0.0011,,,,
2023,JOR,Total,Rural poor (High risk),0.0011,,,,
2024,JOR,Total,Rural poor (High risk),0.077,,,,
2013,JOR,Total,Urban poor (High risk),0.96,,,,
2014,JOR,Total,Urban poor (High risk),1,,,,
2015,JOR,Total,Urban poor (High risk),1.1,,,,
2016,JOR,Total,Urban poor (High risk),1.1,,,,
2017,JOR,Total,Urban poor (High risk),1.1,,,,
2018,JOR,Total,Urban poor (High risk),1,,,,
2019,JOR,Total,Urban poor (High risk),1,,,,
2020,JOR,Total,Urban poor (High risk),1,,,,
2021,JOR,Total,Urban poor (High risk),0.8,,,,
2022,JOR,Total,Urban poor (High risk),0.87,,,,
2023,JOR,Total,Urban poor (High risk),0.82,,,,
2024,JOR,Total,Urban poor (High risk),201,,,,
2013,KEN,Total,Lower-middle income (Medium risk),11,,,,
2014,KEN,Total,Lower-middle income (Medium risk),11,,,,
2015,KEN,Total,Lower-middle income (Medium risk),11,,,,
2016,KEN,Total,Lower-middle income (Medium risk),12,,,,
2017,KEN,Total,Lower-middle income (Medium risk),13,,,,
2018,KEN,Total,Lower-middle income (Medium risk),13,,,,
2019,KEN,Total,Lower-middle income (Medium risk),14,,,,
2020,KEN,Total,Lower-middle income (Medium risk),14,,,,
2021,KEN,Total,Lower-middle income (Medium risk),14,,,,
2022,KEN,Total,Lower-middle income (Medium risk),15,,,,
2023,KEN,Total,Lower-middle income (Medium risk),15,,,,
2024,KEN,Total,Lower-middle income (Medium risk),0.16,,,,
2013,KEN,Total,Medium-income (Low risk),1.1,,,,
2014,KEN,Total,Medium-income (Low risk),1.2,,,,
2015,KEN,Total,Medium-income (Low risk),1.2,,,,
2016,KEN,Total,Medium-income (Low risk),1.2,,,,
2017,KEN,Total,Medium-income (Low risk),1.3,,,,
2018,KEN,Total,Medium-income (Low risk),1.3,,,,
2019,KEN,Total,Medium-income (Low risk),1.5,,,,
2020,KEN,Total,Medium-income (Low risk),1.6,,,,
2021,KEN,Total,Medium-income (Low risk),1.6,,,,
2022,KEN,Total,Medium-income (Low risk),1.6,,,,
2023,KEN,Total,Medium-income (Low risk),1.6,,,,
2024,KEN,Total,Medium-income (Low risk),11,,,,
2013,KEN,Total,Rural poor (High risk),5.8,,,,
2014,KEN,Total,Rural poor (High risk),5.7,,,,
2015,KEN,Total,Rural poor (High risk),5.7,,,,
2016,KEN,Total,Rural poor (High risk),5.6,,,,
2017,KEN,Total,Rural poor (High risk),5.6,,,,
2018,KEN,Total,Rural poor (High risk),5.5,,,,
2019,KEN,Total,Rural poor (High risk),5.2,,,,
2020,KEN,Total,Rural poor (High risk),5,,,,
2021,KEN,Total,Rural poor (High risk),5,,,,
2022,KEN,Total,Rural poor (High risk),5.1,,,,
2023,KEN,Total,Rural poor (High risk),5.1,,,,
2024,KEN,Total,Rural poor (High risk),1.6,,,,
2013,KEN,Total,Urban poor (High risk),4.1,,,,
2014,KEN,Total,Urban poor (High risk),4.1,,,,
2015,KEN,Total,Urban poor (High risk),4.3,,,,
2016,KEN,Total,Urban poor (High risk),4.2,,,,
2017,KEN,Total,Urban poor (High risk),4.2,,,,
2018,KEN,Total,Urban poor (High risk),4.3,,,,
2019,KEN,Total,Urban poor (High risk),4.3,,,,
2020,KEN,Total,Urban poor (High risk),4.3,,,,
2021,KEN,Total,Urban poor (High risk),4.4,,,,
2022,KEN,Total,Urban poor (High risk),4.4,,,,
2023,KEN,Total,Urban poor (High risk),4.5,,,,
2024,KEN,Total,Urban poor (High risk),304,,,,
2013,KHM,Total,Lower-middle income (Medium risk),0,,,,
2014,KHM,Total,Lower-middle income (Medium risk),0,,,,
2015,KHM,Total,Lower-middle income (Medium risk),0,,,,
2016,KHM,Total,Lower-middle income (Medium risk),0,,,,
2017,KHM,Total,Lower-middle income (Medium risk),0,,,,
2018,KHM,Total,Lower-middle income (Medium risk),0,,,,
2019,KHM,Total,Lower-middle income (Medium risk),0,,,,
2020,KHM,Total,Lower-middle income (Medium risk),0,,,,
2021,KHM,Total,Lower-middle income (Medium risk),0,,,,
2022,KHM,Total,Lower-middle income (Medium risk),0,,,,
2023,KHM,Total,Lower-middle income (Medium risk),0,,,,
2024,KHM,Total,Lower-middle income (Medium risk),9.2,,,,
2013,KHM,Total,Medium-income (Low risk),0,,,,
2014,KHM,Total,Medium-income (Low risk),0,,,,
2015,KHM,Total,Medium-income (Low risk),0,,,,
2016,KHM,Total,Medium-income (Low risk),0,,,,
2017,KHM,Total,Medium-income (Low risk),0,,,,
2018,KHM,Total,Medium-income (Low risk),0,,,,
2019,KHM,Total,Medium-income (Low risk),0,,,,
2020,KHM,Total,Medium-income (Low risk),0,,,,
2021,KHM,Total,Medium-income (Low risk),0,,,,
2022,KHM,Total,Medium-income (Low risk),0,,,,
2023,KHM,Total,Medium-income (Low risk),0,,,,
2024,KHM,Total,Medium-income (Low risk),0.11,,,,
2013,KHM,Total,Rural poor (High risk),0,,,,
2014,KHM,Total,Rural poor (High risk),0,,,,
2015,KHM,Total,Rural poor (High risk),0,,,,
2016,KHM,Total,Rural poor (High risk),0,,,,
2017,KHM,Total,Rural poor (High risk),0,,,,
2018,KHM,Total,Rural poor (High risk),0,,,,
2019,KHM,Total,Rural poor (High risk),0,,,,
2020,KHM,Total,Rural poor (High risk),0,,,,
2021,KHM,Total,Rural poor (High risk),0,,,,
2022,KHM,Total,Rural poor (High risk),0,,,,
2023,KHM,Total,Rural poor (High risk),0,,,,
2024,KHM,Total,Rural poor (High risk),0,,,,
2013,KHM,Total,Urban poor (High risk),1.2,,,,
2014,KHM,Total,Urban poor (High risk),1.1,,,,
2015,KHM,Total,Urban poor (High risk),1.1,,,,
2016,KHM,Total,Urban poor (High risk),1.1,,,,
2017,KHM,Total,Urban poor (High risk),1,,,,
2018,KHM,Total,Urban poor (High risk),1,,,,
2019,KHM,Total,Urban poor (High risk),1,,,,
2020,KHM,Total,Urban poor (High risk),1.1,,,,
2021,KHM,Total,Urban poor (High risk),1.1,,,,
2022,KHM,Total,Urban poor (High risk),1.1,,,,
2023,KHM,Total,Urban poor (High risk),1.2,,,,
2024,KHM,Total,Urban poor (High risk),3.8,,,,
2013,LAO,Total,Lower-middle income (Medium risk),4.7,,,,
2014,LAO,Total,Lower-middle income (Medium risk),4.7,,,,
2015,LAO,Total,Lower-middle income (Medium risk),4.8,,,,
2016,LAO,Total,Lower-middle income (Medium risk),4.9,,,,
2017,LAO,Total,Lower-middle income (Medium risk),5,,,,
2018,LAO,Total,Lower-middle income (Medium risk),5.1,,,,
2019,LAO,Total,Lower-middle income (Medium risk),5.1,,,,
2020,LAO,Total,Lower-middle income (Medium risk),5.2,,,,
2021,LAO,Total,Lower-middle income (Medium risk),5.2,,,,
2022,LAO,Total,Lower-middle income (Medium risk),5.4,,,,
2023,LAO,Total,Lower-middle income (Medium risk),5.5,,,,
2024,LAO,Total,Lower-middle income (Medium risk),0.83,,,,
2013,LAO,Total,Medium-income (Low risk),0.5,,,,
2014,LAO,Total,Medium-income (Low risk),0.55,,,,
2015,LAO,Total,Medium-income (Low risk),0.58,,,,
2016,LAO,Total,Medium-income (Low risk),0.64,,,,
2017,LAO,Total,Medium-income (Low risk),0.69,,,,
2018,LAO,Total,Medium-income (Low risk),0.73,,,,
2019,LAO,Total,Medium-income (Low risk),0.77,,,,
2020,LAO,Total,Medium-income (Low risk),0.84,,,,
2021,LAO,Total,Medium-income (Low risk),0.83,,,,
2022,LAO,Total,Medium-income (Low risk),0.8,,,,
2023,LAO,Total,Medium-income (Low risk),0.87,,,,
2024,LAO,Total,Medium-income (Low risk),5.1,,,,
2013,LAO,Total,Rural poor (High risk),0.54,,,,
2014,LAO,Total,Rural poor (High risk),0.51,,,,
2015,LAO,Total,Rural poor (High risk),0.48,,,,
2016,LAO,Total,Rural poor (High risk),0.46,,,,
2017,LAO,Total,Rural poor (High risk),0.43,,,,
2018,LAO,Total,Rural poor (High risk),0.4,,,,
2019,LAO,Total,Rural poor (High risk),0.38,,,,
2020,LAO,Total,Rural poor (High risk),0.35,,,,
2021,LAO,Total,Rural poor (High risk),0.46,,,,
2022,LAO,Total,Rural poor (High risk),0.43,,,,
2023,LAO,Total,Rural poor (High risk),0.36,,,,
2024,LAO,Total,Rural poor (High risk),16,,,,
2013,LAO,Total,Urban poor (High risk),0.7,,,,
2014,LAO,Total,Urban poor (High risk),0.69,,,,
2015,LAO,Total,Urban poor (High risk),0.67,,,,
2016,LAO,Total,Urban poor (High risk),0.65,,,,
2017,LAO,Total,Urban poor (High risk),0.63,,,,
2018,LAO,Total,Urban poor (High risk),0.6,,,,
2019,LAO,Total,Urban poor (High risk),0.58,,,,
2020,LAO,Total,Urban poor (High risk),0.57,,,,
2021,LAO,Total,Urban poor (High risk),0.62,,,,
2022,LAO,Total,Urban poor (High risk),0.6,,,,
2023,LAO,Total,Urban poor (High risk),0.56,,,,
2024,LAO,Total,Urban poor (High risk),0,,,,
2013,LBN,Total,Lower-middle income (Medium risk),0,,,,
2014,LBN,Total,Lower-middle income (Medium risk),0,,,,
2015,LBN,Total,Lower-middle income (Medium risk),0.06,,,,
2016,LBN,Total,Lower-middle income (Medium risk),0.058,,,,
2017,LBN,Total,Lower-middle income (Medium risk),0.053,,,,
2018,LBN,Total,Lower-middle income (Medium risk),0.047,,,,
2019,LBN,Total,Lower-middle income (Medium risk),0.045,,,,
2020,LBN,Total,Lower-middle income (Medium risk),0.035,,,,
2021,LBN,Total,Lower-middle income (Medium risk),0.034,,,,
2022,LBN,Total,Lower-middle income (Medium risk),0.034,,,,
2023,LBN,Total,Lower-middle income (Medium risk),0.035,,,,
2024,LBN,Total,Lower-middle income (Medium risk),0.063,,,,
2013,LBN,Total,Medium-income (Low risk),0.25,,,,
2014,LBN,Total,Medium-income (Low risk),0.38,,,,
2015,LBN,Total,Medium-income (Low risk),0.44,,,,
2016,LBN,Total,Medium-income (Low risk),0.43,,,,
2017,LBN,Total,Medium-income (Low risk),0.4,,,,
2018,LBN,Total,Medium-income (Low risk),0.37,,,,
2019,LBN,Total,Medium-income (Low risk),0.36,,,,
2020,LBN,Total,Medium-income (Low risk),0.34,,,,
2021,LBN,Total,Medium-income (Low risk),0.33,,,,
2022,LBN,Total,Medium-income (Low risk),0.33,,,,
2023,LBN,Total,Medium-income (Low risk),0.33,,,,
2024,LBN,Total,Medium-income (Low risk),102,,,,
2013,LBN,Total,Rural poor (High risk),0,,,,
2014,LBN,Total,Rural poor (High risk),0,,,,
2015,LBN,Total,Rural poor (High risk),0,,,,
2016,LBN,Total,Rural poor (High risk),0,,,,
2017,LBN,Total,Rural poor (High risk),0,,,,
2018,LBN,Total,Rural poor (High risk),0,,,,
2019,LBN,Total,Rural poor (High risk),0,,,,
2020,LBN,Total,Rural poor (High risk),0,,,,
2021,LBN,Total,Rural poor (High risk),0,,,,
2022,LBN,Total,Rural poor (High risk),0,,,,
2023,LBN,Total,Rural poor (High risk),0,,,,
2024,LBN,Total,Rural poor (High risk),2.3,,,,
2013,LBN,Total,Urban poor (High risk),0.13,,,,
2014,LBN,Total,Urban poor (High risk),0.092,,,,
2015,LBN,Total,Urban poor (High risk),0.039,,,,
2016,LBN,Total,Urban poor (High risk),0.038,,,,
2017,LBN,Total,Urban poor (High risk),0.038,,,,
2018,LBN,Total,Urban poor (High risk),0.037,,,,
2019,LBN,Total,Urban poor (High risk),0.036,,,,
2020,LBN,Total,Urban poor (High risk),0.035,,,,
2021,LBN,Total,Urban poor (High risk),0.034,,,,
2022,LBN,Total,Urban poor (High risk),0.033,,,,
2023,LBN,Total,Urban poor (High risk),0.033,,,,
2024,LBN,Total,Urban poor (High risk),1.3,,,,
2013,LBR,Total,Lower-middle income (Medium risk),1.2,,,,
2014,LBR,Total,Lower-middle income (Medium risk),1.4,,,,
2015,LBR,Total,Lower-middle income (Medium risk),1.5,,,,
2016,LBR,Total,Lower-middle income (Medium risk),1.5,,,,
2017,LBR,Total,Lower-middle income (Medium risk),1.5,,,,
2018,LBR,Total,Lower-middle income (Medium risk),1.6,,,,
2019,LBR,Total,Lower-middle income (Medium risk),1.6,,,,
2020,LBR,Total,Lower-middle income (Medium risk),1.5,,,,
2021,LBR,Total,Lower-middle income (Medium risk),1.7,,,,
2022,LBR,Total,Lower-middle income (Medium risk),1.7,,,,
2023,LBR,Total,Lower-middle income (Medium risk),1.8,,,,
2024,LBR,Total,Lower-middle income (Medium risk),3.6,,,,
2013,LBR,Total,Medium-income (Low risk),0.11,,,,
2014,LBR,Total,Medium-income (Low risk),0.13,,,,
2015,LBR,Total,Medium-income (Low risk),0.14,,,,
2016,LBR,Total,Medium-income (Low risk),0.16,,,,
2017,LBR,Total,Medium-income (Low risk),0.16,,,,
2018,LBR,Total,Medium-income (Low risk),0.17,,,,
2019,LBR,Total,Medium-income (Low risk),0.17,,,,
2020,LBR,Total,Medium-income (Low risk),0.14,,,,
2021,LBR,Total,Medium-income (Low risk),0.058,,,,
2022,LBR,Total,Medium-income (Low risk),0.096,,,,
2023,LBR,Total,Medium-income (Low risk),0.094,,,,
2024,LBR,Total,Medium-income (Low risk),0.38,,,,
2013,LBR,Total,Rural poor (High risk),0.86,,,,
2014,LBR,Total,Rural poor (High risk),0.75,,,,
2015,LBR,Total,Rural poor (High risk),0.74,,,,
2016,LBR,Total,Rural poor (High risk),0.76,,,,
2017,LBR,Total,Rural poor (High risk),0.81,,,,
2018,LBR,Total,Rural poor (High risk),0.81,,,,
2019,LBR,Total,Rural poor (High risk),0.84,,,,
2020,LBR,Total,Rural poor (High risk),0.93,,,,
2021,LBR,Total,Rural poor (High risk),0.96,,,,
2022,LBR,Total,Rural poor (High risk),0.98,,,,
2023,LBR,Total,Rural poor (High risk),0.98,,,,
2024,LBR,Total,Rural poor (High risk),0.054,,,,
2013,LBR,Total,Urban poor (High risk),2.1,,,,
2014,LBR,Total,Urban poor (High risk),2.1,,,,
2015,LBR,Total,Urban poor (High risk),2.2,,,,
2016,LBR,Total,Urban poor (High risk),2.1,,,,
2017,LBR,Total,Urban poor (High risk),2.2,,,,
2018,LBR,Total,Urban poor (High risk),2.2,,,,
2019,LBR,Total,Urban poor (High risk),2.2,,,,
2020,LBR,Total,Urban poor (High risk),2.4,,,,
2021,LBR,Total,Urban poor (High risk),2.4,,,,
2022,LBR,Total,Urban poor (High risk),2.4,,,,
2023,LBR,Total,Urban poor (High risk),2.4,,,,
2024,LBR,Total,Urban poor (High risk),0.6,,,,
2013,LKA,Total,Lower-middle income (Medium risk),9.4,,,,
2014,LKA,Total,Lower-middle income (Medium risk),8.1,,,,
2015,LKA,Total,Lower-middle income (Medium risk),8,,,,
2016,LKA,Total,Lower-middle income (Medium risk),9,,,,
2017,LKA,Total,Lower-middle income (Medium risk),8.1,,,,
2018,LKA,Total,Lower-middle income (Medium risk),7.9,,,,
2019,LKA,Total,Lower-middle income (Medium risk),7.8,,,,
2020,LKA,Total,Lower-middle income (Medium risk),8,,,,
2021,LKA,Total,Lower-middle income (Medium risk),8.2,,,,
2022,LKA,Total,Lower-middle income (Medium risk),9.2,,,,
2023,LKA,Total,Lower-middle income (Medium risk),9.1,,,,
2024,LKA,Total,Lower-middle income (Medium risk),0.39,,,,
2013,LKA,Total,Medium-income (Low risk),9.6,,,,
2014,LKA,Total,Medium-income (Low risk),11,,,,
2015,LKA,Total,Medium-income (Low risk),11,,,,
2016,LKA,Total,Medium-income (Low risk),10,,,,
2017,LKA,Total,Medium-income (Low risk),11,,,,
2018,LKA,Total,Medium-income (Low risk),12,,,,
2019,LKA,Total,Medium-income (Low risk),12,,,,
2020,LKA,Total,Medium-income (Low risk),12,,,,
2021,LKA,Total,Medium-income (Low risk),12,,,,
2022,LKA,Total,Medium-income (Low risk),11,,,,
2023,LKA,Total,Medium-income (Low risk),11,,,,
2024,LKA,Total,Medium-income (Low risk),226,,,,
2013,LKA,Total,Rural poor (High risk),0.51,,,,
2014,LKA,Total,Rural poor (High risk),0.39,,,,
2015,LKA,Total,Rural poor (High risk),0.34,,,,
2016,LKA,Total,Rural poor (High risk),0.25,,,,
2017,LKA,Total,Rural poor (High risk),0.24,,,,
2018,LKA,Total,Rural poor (High risk),0.26,,,,
2019,LKA,Total,Rural poor (High risk),0.2,,,,
2020,LKA,Total,Rural poor (High risk),0.18,,,,
2021,LKA,Total,Rural poor (High risk),0.24,,,,
2022,LKA,Total,Rural poor (High risk),0.2,,,,
2023,LKA,Total,Rural poor (High risk),0.17,,,,
2024,LKA,Total,Rural poor (High risk),59,,,,
2013,LKA,Total,Urban poor (High risk),0.13,,,,
2014,LKA,Total,Urban poor (High risk),0.1,,,,
2015,LKA,Total,Urban poor (High risk),0.081,,,,
2016,LKA,Total,Urban poor (High risk),0.054,,,,
2017,LKA,Total,Urban poor (High risk),0.059,,,,
2018,LKA,Total,Urban poor (High risk),0.052,,,,
2019,LKA,Total,Urban poor (High risk),0.041,,,,
2020,LKA,Total,Urban poor (High risk),0.036,,,,
2021,LKA,Total,Urban poor (High risk),0.049,,,,
2022,LKA,Total,Urban poor (High risk),0.042,,,,
2023,LKA,Total,Urban poor (High risk),0.036,,,,
2024,LKA,Total,Urban poor (High risk),0.83,,,,
2013,MAR,Total,Lower-middle income (Medium risk),21,,,,
2014,MAR,Total,Lower-middle income (Medium risk),21,,,,
2015,MAR,Total,Lower-middle income (Medium risk),18,,,,
2016,MAR,Total,Lower-middle income (Medium risk),18,,,,
2017,MAR,Total,Lower-middle income (Medium risk),19,,,,
2018,MAR,Total,Lower-middle income (Medium risk),18,,,,
2019,MAR,Total,Lower-middle income (Medium risk),18,,,,
2020,MAR,Total,Lower-middle income (Medium risk),18,,,,
2021,MAR,Total,Lower-middle income (Medium risk),19,,,,
2022,MAR,Total,Lower-middle income (Medium risk),20,,,,
2023,MAR,Total,Lower-middle income (Medium risk),20,,,,
2024,MAR,Total,Lower-middle income (Medium risk),1.8,,,,
2013,MAR,Total,Medium-income (Low risk),7,,,,
2014,MAR,Total,Medium-income (Low risk),7.3,,,,
2015,MAR,Total,Medium-income (Low risk),9.9,,,,
2016,MAR,Total,Medium-income (Low risk),10,,,,
2017,MAR,Total,Medium-income (Low risk),10,,,,
2018,MAR,Total,Medium-income (Low risk),11,,,,
2019,MAR,Total,Medium-income (Low risk),11,,,,
2020,MAR,Total,Medium-income (Low risk),11,,,,
2021,MAR,Total,Medium-income (Low risk),11,,,,
2022,MAR,Total,Medium-income (Low risk),10,,,,
2023,MAR,Total,Medium-income (Low risk),10,,,,
2024,MAR,Total,Medium-income (Low risk),0.37,,,,
2013,MAR,Total,Rural poor (High risk),0.42,,,,
2014,MAR,Total,Rural poor (High risk),0.4,,,,
2015,MAR,Total,Rural poor (High risk),0.17,,,,
2016,MAR,Total,Rural poor (High risk),0.16,,,,
2017,MAR,Total,Rural poor (High risk),0.16,,,,
2018,MAR,Total,Rural poor (High risk),0.14,,,,
2019,MAR,Total,Rural poor (High risk),0.13,,,,
2020,MAR,Total,Rural poor (High risk),0.13,,,,
2021,MAR,Total,Rural poor (High risk),0.13,,,,
2022,MAR,Total,Rural poor (High risk),0.14,,,,
2023,MAR,Total,Rural poor (High risk),0.14,,,,
2024,MAR,Total,Rural poor (High risk),0.05,,,,
2013,MAR,Total,Urban poor (High risk),2.8,,,,
2014,MAR,Total,Urban poor (High risk),2.6,,,,
2015,MAR,Total,Urban poor (High risk),2.2,,,,
2016,MAR,Total,Urban poor (High risk),2,,,,
2017,MAR,Total,Urban poor (High risk),1.8,,,,
2018,MAR,Total,Urban poor (High risk),1.8,,,,
2019,MAR,Total,Urban poor (High risk),1.9,,,,
2020,MAR,Total,Urban poor (High risk),1.9,,,,
2021,MAR,Total,Urban poor (High risk),1.9,,,,
2022,MAR,Total,Urban poor (High risk),1.9,,,,
2023,MAR,Total,Urban poor (High risk),1.9,,,,
2024,MAR,Total,Urban poor (High risk),7.2,,,,
2013,MEX,Total,Lower-middle income (Medium risk),30,,,,
2014,MEX,Total,Lower-middle income (Medium risk),32,,,,
2015,MEX,Total,Lower-middle income (Medium risk),34,,,,
2016,MEX,Total,Lower-middle income (Medium risk),33,,,,
2017,MEX,Total,Lower-middle income (Medium risk),32,,,,
2018,MEX,Total,Lower-middle income (Medium risk),32,,,,
2019,MEX,Total,Lower-middle income (Medium risk),32,,,,
2020,MEX,Total,Lower-middle income (Medium risk),31,,,,
2021,MEX,Total,Lower-middle income (Medium risk),32,,,,
2022,MEX,Total,Lower-middle income (Medium risk),30,,,,
2023,MEX,Total,Lower-middle income (Medium risk),30,,,,
2024,MEX,Total,Lower-middle income (Medium risk),0.3,,,,
2013,MEX,Total,Medium-income (Low risk),21,,,,
2014,MEX,Total,Medium-income (Low risk),21,,,,
2015,MEX,Total,Medium-income (Low risk),20,,,,
2016,MEX,Total,Medium-income (Low risk),21,,,,
2017,MEX,Total,Medium-income (Low risk),23,,,,
2018,MEX,Total,Medium-income (Low risk),24,,,,
2019,MEX,Total,Medium-income (Low risk),25,,,,
2020,MEX,Total,Medium-income (Low risk),25,,,,
2021,MEX,Total,Medium-income (Low risk),24,,,,
2022,MEX,Total,Medium-income (Low risk),26,,,,
2023,MEX,Total,Medium-income (Low risk),26,,,,
2024,MEX,Total,Medium-income (Low risk),22,,,,
2013,MEX,Total,Rural poor (High risk),1.2,,,,
2014,MEX,Total,Rural poor (High risk),1.2,,,,
2015,MEX,Total,Rural poor (High risk),1.2,,,,
2016,MEX,Total,Rural poor (High risk),1.1,,,,
2017,MEX,Total,Rural poor (High risk),1,,,,
2018,MEX,Total,Rural poor (High risk),0.93,,,,
2019,MEX,Total,Rural poor (High risk),0.85,,,,
2020,MEX,Total,Rural poor (High risk),0.87,,,,
2021,MEX,Total,Rural poor (High risk),0.99,,,,
2022,MEX,Total,Rural poor (High risk),0.85,,,,
2023,MEX,Total,Rural poor (High risk),0.85,,,,
2024,MEX,Total,Rural poor (High risk),0.053,,,,
2013,MEX,Total,Urban poor (High risk),11,,,,
2014,MEX,Total,Urban poor (High risk),11,,,,
2015,MEX,Total,Urban poor (High risk),11,,,,
2016,MEX,Total,Urban poor (High risk),11,,,,
2017,MEX,Total,Urban poor (High risk),10,,,,
2018,MEX,Total,Urban poor (High risk),9.9,,,,
2019,MEX,Total,Urban poor (High risk),9.7,,,,
2020,MEX,Total,Urban poor (High risk),9.8,,,,
2021,MEX,Total,Urban poor (High risk),10,,,,
2022,MEX,Total,Urban poor (High risk),9.8,,,,
2023,MEX,Total,Urban poor (High risk),9.7,,,,
2024,MEX,Total,Urban poor (High risk),3.5,,,,
2013,MLI,Total,Lower-middle income (Medium risk),5.5,,,,
2014,MLI,Total,Lower-middle income (Medium risk),6.1,,,,
2015,MLI,Total,Lower-middle income (Medium risk),7.3,,,,
2016,MLI,Total,Lower-middle income (Medium risk),7.2,,,,
2017,MLI,Total,Lower-middle income (Medium risk),9.3,,,,
2018,MLI,Total,Lower-middle income (Medium risk),11,,,,
2019,MLI,Total,Lower-middle income (Medium risk),12,,,,
2020,MLI,Total,Lower-middle income (Medium risk),13,,,,
2021,MLI,Total,Lower-middle income (Medium risk),13,,,,
2022,MLI,Total,Lower-middle income (Medium risk),14,,,,
2023,MLI,Total,Lower-middle income (Medium risk),14,,,,
2024,MLI,Total,Lower-middle income (Medium risk),0.0088,,,,
2013,MLI,Total,Medium-income (Low risk),0.32,,,,
2014,MLI,Total,Medium-income (Low risk),0.4,,,,
2015,MLI,Total,Medium-income (Low risk),0.56,,,,
2016,MLI,Total,Medium-income (Low risk),0.39,,,,
2017,MLI,Total,Medium-income (Low risk),0.68,,,,
2018,MLI,Total,Medium-income (Low risk),1,,,,
2019,MLI,Total,Medium-income (Low risk),1.3,,,,
2020,MLI,Total,Medium-income (Low risk),1.5,,,,
2021,MLI,Total,Medium-income (Low risk),1.4,,,,
2022,MLI,Total,Medium-income (Low risk),1.8,,,,
2023,MLI,Total,Medium-income (Low risk),2.2,,,,
2024,MLI,Total,Medium-income (Low risk),1.3,,,,
2013,MLI,Total,Rural poor (High risk),5.2,,,,
2014,MLI,Total,Rural poor (High risk),4.9,,,,
2015,MLI,Total,Rural poor (High risk),4.4,,,,
2016,MLI,Total,Rural poor (High risk),4.8,,,,
2017,MLI,Total,Rural poor (High risk),3.6,,,,
2018,MLI,Total,Rural poor (High risk),2.9,,,,
2019,MLI,Total,Rural poor (High risk),2.3,,,,
2020,MLI,Total,Rural poor (High risk),2,,,,
2021,MLI,Total,Rural poor (High risk),2.1,,,,
2022,MLI,Total,Rural poor (High risk),2.1,,,,
2023,MLI,Total,Rural poor (High risk),2.1,,,,
2024,MLI,Total,Rural poor (High risk),6,,,,
2013,MLI,Total,Urban poor (High risk),5.5,,,,
2014,MLI,Total,Urban poor (High risk),5.5,,,,
2015,MLI,Total,Urban poor (High risk),5.3,,,,
2016,MLI,Total,Urban poor (High risk),5.6,,,,
2017,MLI,Total,Urban poor (High risk),5,,,,
2018,MLI,Total,Urban poor (High risk),4.7,,,,
2019,MLI,Total,Urban poor (High risk),4.4,,,,
2020,MLI,Total,Urban poor (High risk),4.2,,,,
2021,MLI,Total,Urban poor (High risk),4.2,,,,
2022,MLI,Total,Urban poor (High risk),4.1,,,,
2023,MLI,Total,Urban poor (High risk),4.1,,,,
2024,MLI,Total,Urban poor (High risk),0,,,,
2013,MMR,Total,Lower-middle income (Medium risk),35,,,,
2014,MMR,Total,Lower-middle income (Medium risk),36,,,,
2015,MMR,Total,Lower-middle income (Medium risk),36,,,,
2016,MMR,Total,Lower-middle income (Medium risk),36,,,,
2017,MMR,Total,Lower-middle income (Medium risk),37,,,,
2018,MMR,Total,Lower-middle income (Medium risk),38,,,,
2019,MMR,Total,Lower-middle income (Medium risk),37,,,,
2020,MMR,Total,Lower-middle income (Medium risk),36,,,,
2021,MMR,Total,Lower-middle income (Medium risk),37,,,,
2022,MMR,Total,Lower-middle income (Medium risk),38,,,,
2023,MMR,Total,Lower-middle income (Medium risk),37,,,,
2024,MMR,Total,Lower-middle income (Medium risk),0.01,,,,
2013,MMR,Total,Medium-income (Low risk),3,,,,
2014,MMR,Total,Medium-income (Low risk),3.5,,,,
2015,MMR,Total,Medium-income (Low risk),4.1,,,,
2016,MMR,Total,Medium-income (Low risk),4.4,,,,
2017,MMR,Total,Medium-income (Low risk),5.2,,,,
2018,MMR,Total,Medium-income (Low risk),5.8,,,,
2019,MMR,Total,Medium-income (Low risk),6.7,,,,
2020,MMR,Total,Medium-income (Low risk),7.6,,,,
2021,MMR,Total,Medium-income (Low risk),7.1,,,,
2022,MMR,Total,Medium-income (Low risk),6.5,,,,
2023,MMR,Total,Medium-income (Low risk),7.4,,,,
2024,MMR,Total,Medium-income (Low risk),0.72,,,,
2013,MMR,Total,Rural poor (High risk),4.4,,,,
2014,MMR,Total,Rural poor (High risk),3.5,,,,
2015,MMR,Total,Rural poor (High risk),3,,,,
2016,MMR,Total,Rural poor (High risk),2.5,,,,
2017,MMR,Total,Rural poor (High risk),1.6,,,,
2018,MMR,Total,Rural poor (High risk),0.8,,,,
2019,MMR,Total,Rural poor (High risk),0.61,,,,
2020,MMR,Total,Rural poor (High risk),0.48,,,,
2021,MMR,Total,Rural poor (High risk),0.64,,,,
2022,MMR,Total,Rural poor (High risk),0.59,,,,
2023,MMR,Total,Rural poor (High risk),0.5,,,,
2024,MMR,Total,Rural poor (High risk),5.9,,,,
2013,MMR,Total,Urban poor (High risk),7,,,,
2014,MMR,Total,Urban poor (High risk),7,,,,
2015,MMR,Total,Urban poor (High risk),7.2,,,,
2016,MMR,Total,Urban poor (High risk),7.1,,,,
2017,MMR,Total,Urban poor (High risk),7,,,,
2018,MMR,Total,Urban poor (High risk),6.9,,,,
2019,MMR,Total,Urban poor (High risk),7.2,,,,
2020,MMR,Total,Urban poor (High risk),7.2,,,,
2021,MMR,Total,Urban poor (High risk),7.4,,,,
2022,MMR,Total,Urban poor (High risk),7.6,,,,
2023,MMR,Total,Urban poor (High risk),7.8,,,,
2024,MMR,Total,Urban poor (High risk),2.9,,,,
2013,MOZ,Total,Lower-middle income (Medium risk),3.6,,,,
2014,MOZ,Total,Lower-middle income (Medium risk),3.7,,,,
2015,MOZ,Total,Lower-middle income (Medium risk),3.8,,,,
2016,MOZ,Total,Lower-middle income (Medium risk),3.9,,,,
2017,MOZ,Total,Lower-middle income (Medium risk),4,,,,
2018,MOZ,Total,Lower-middle income (Medium risk),4.1,,,,
2019,MOZ,Total,Lower-middle income (Medium risk),4.2,,,,
2020,MOZ,Total,Lower-middle income (Medium risk),4.2,,,,
2021,MOZ,Total,Lower-middle income (Medium risk),4.4,,,,
2022,MOZ,Total,Lower-middle income (Medium risk),4.1,,,,
2023,MOZ,Total,Lower-middle income (Medium risk),4.4,,,,
2024,MOZ,Total,Lower-middle income (Medium risk),2.2,,,,
2013,MOZ,Total,Medium-income (Low risk),0.42,,,,
2014,MOZ,Total,Medium-income (Low risk),0.5,,,,
2015,MOZ,Total,Medium-income (Low risk),0.59,,,,
2016,MOZ,Total,Medium-income (Low risk),0.67,,,,
2017,MOZ,Total,Medium-income (Low risk),0.7,,,,
2018,MOZ,Total,Medium-income (Low risk),0.73,,,,
2019,MOZ,Total,Medium-income (Low risk),0.75,,,,
2020,MOZ,Total,Medium-income (Low risk),0.77,,,,
2021,MOZ,Total,Medium-income (Low risk),0.49,,,,
2022,MOZ,Total,Medium-income (Low risk),0.96,,,,
2023,MOZ,Total,Medium-income (Low risk),0.89,,,,
2024,MOZ,Total,Medium-income (Low risk),0.34,,,,
2013,MOZ,Total,Rural poor (High risk),12,,,,
2014,MOZ,Total,Rural poor (High risk),12,,,,
2015,MOZ,Total,Rural poor (High risk),13,,,,
2016,MOZ,Total,Rural poor (High risk),13,,,,
2017,MOZ,Total,Rural poor (High risk),13,,,,
2018,MOZ,Total,Rural poor (High risk),13,,,,
2019,MOZ,Total,Rural poor (High risk),14,,,,
2020,MOZ,Total,Rural poor (High risk),14,,,,
2021,MOZ,Total,Rural poor (High risk),14,,,,
2022,MOZ,Total,Rural poor (High risk),15,,,,
2023,MOZ,Total,Rural poor (High risk),15,,,,
2024,MOZ,Total,Rural poor (High risk),0.14,,,,
2013,MOZ,Total,Urban poor (High risk),8,,,,
2014,MOZ,Total,Urban poor (High risk),8.4,,,,
2015,MOZ,Total,Urban poor (High risk),8.8,,,,
2016,MOZ,Total,Urban poor (High risk),9.2,,,,
2017,MOZ,Total,Urban poor (High risk),9.7,,,,
2018,MOZ,Total,Urban poor (High risk),10,,,,
2019,MOZ,Total,Urban poor (High risk),11,,,,
2020,MOZ,Total,Urban poor (High risk),11,,,,
2021,MOZ,Total,Urban poor (High risk),12,,,,
2022,MOZ,Total,Urban poor (High risk),12,,,,
2023,MOZ,Total,Urban poor (High risk),13,,,,
2024,MOZ,Total,Urban poor (High risk),15,,,,
2013,MRT,Total,Lower-middle income (Medium risk),1.9,,,,
2014,MRT,Total,Lower-middle income (Medium risk),2,,,,
2015,MRT,Total,Lower-middle income (Medium risk),2.1,,,,
2016,MRT,Total,Lower-middle income (Medium risk),2.2,,,,
2017,MRT,Total,Lower-middle income (Medium risk),2.2,,,,
2018,MRT,Total,Lower-middle income (Medium risk),2.3,,,,
2019,MRT,Total,Lower-middle income (Medium risk),2.3,,,,
2020,MRT,Total,Lower-middle income (Medium risk),2.4,,,,
2021,MRT,Total,Lower-middle income (Medium risk),2.5,,,,
2022,MRT,Total,Lower-middle income (Medium risk),2.5,,,,
2023,MRT,Total,Lower-middle income (Medium risk),2.6,,,,
2024,MRT,Total,Lower-middle income (Medium risk),0.42,,,,
2013,MRT,Total,Medium-income (Low risk),0.4,,,,
2014,MRT,Total,Medium-income (Low risk),0.39,,,,
2015,MRT,Total,Medium-income (Low risk),0.45,,,,
2016,MRT,Total,Medium-income (Low risk),0.49,,,,
2017,MRT,Total,Medium-income (Low risk),0.49,,,,
2018,MRT,Total,Medium-income (Low risk),0.55,,,,
2019,MRT,Total,Medium-income (Low risk),0.6,,,,
2020,MRT,Total,Medium-income (Low risk),0.66,,,,
2021,MRT,Total,Medium-income (Low risk),0.6,,,,
2022,MRT,Total,Medium-income (Low risk),0.65,,,,
2023,MRT,Total,Medium-income (Low risk),0.72,,,,
2024,MRT,Total,Medium-income (Low risk),5.1,,,,
2013,MRT,Total,Rural poor (High risk),0.2,,,,
2014,MRT,Total,Rural poor (High risk),0.19,,,,
2015,MRT,Total,Rural poor (High risk),0.16,,,,
2016,MRT,Total,Rural poor (High risk),0.15,,,,
2017,MRT,Total,Rural poor (High risk),0.16,,,,
2018,MRT,Total,Rural poor (High risk),0.14,,,,
2019,MRT,Total,Rural poor (High risk),0.14,,,,
2020,MRT,Total,Rural poor (High risk),0.13,,,,
2021,MRT,Total,Rural poor (High risk),0.14,,,,
2022,MRT,Total,Rural poor (High risk),0.14,,,,
2023,MRT,Total,Rural poor (High risk),0.14,,,,
2024,MRT,Total,Rural poor (High risk),8,,,,
2013,MRT,Total,Urban poor (High risk),1.1,,,,
2014,MRT,Total,Urban poor (High risk),1.1,,,,
2015,MRT,Total,Urban poor (High risk),1.1,,,,
2016,MRT,Total,Urban poor (High risk),1.1,,,,
2017,MRT,Total,Urban poor (High risk),1.1,,,,
2018,MRT,Total,Urban poor (High risk),1.1,,,,
2019,MRT,Total,Urban poor (High risk),1.1,,,,
2020,MRT,Total,Urban poor (High risk),1.2,,,,
2021,MRT,Total,Urban poor (High risk),1.2,,,,
2022,MRT,Total,Urban poor (High risk),1.2,,,,
2023,MRT,Total,Urban poor (High risk),1.2,,,,
2024,MRT,Total,Urban poor (High risk),3.5,,,,
2013,MWI,Total,Lower-middle income (Medium risk),3.4,,,,
2014,MWI,Total,Lower-middle income (Medium risk),3.7,,,,
2015,MWI,Total,Lower-middle income (Medium risk),4.1,,,,
2016,MWI,Total,Lower-middle income (Medium risk),4.2,,,,
2017,MWI,Total,Lower-middle income (Medium risk),4.2,,,,
2018,MWI,Total,Lower-middle income (Medium risk),4.2,,,,
2019,MWI,Total,Lower-middle income (Medium risk),4.1,,,,
2020,MWI,Total,Lower-middle income (Medium risk),4.1,,,,
2021,MWI,Total,Lower-middle income (Medium risk),4.3,,,,
2022,MWI,Total,Lower-middle income (Medium risk),4.2,,,,
2023,MWI,Total,Lower-middle income (Medium risk),4.5,,,,
2024,MWI,Total,Lower-middle income (Medium risk),4.5,,,,
2013,MWI,Total,Medium-income (Low risk),0.2,,,,
2014,MWI,Total,Medium-income (Low risk),0.2,,,,
2015,MWI,Total,Medium-income (Low risk),0.21,,,,
2016,MWI,Total,Medium-income (Low risk),0.21,,,,
2017,MWI,Total,Medium-income (Low risk),0.2,,,,
2018,MWI,Total,Medium-income (Low risk),0.19,,,,
2019,MWI,Total,Medium-income (Low risk),0.17,,,,
2020,MWI,Total,Medium-income (Low risk),0.16,,,,
2021,MWI,Total,Medium-income (Low risk),0,,,,
2022,MWI,Total,Medium-income (Low risk),0.22,,,,
2023,MWI,Total,Medium-income (Low risk),0.15,,,,
2024,MWI,Total,Medium-income (Low risk),0.53,,,,
2013,MWI,Total,Rural poor (High risk),9.4,,,,
2014,MWI,Total,Rural poor (High risk),9.5,,,,
2015,MWI,Total,Rural poor (High risk),9.4,,,,
2016,MWI,Total,Rural poor (High risk),9.7,,,,
2017,MWI,Total,Rural poor (High risk),10,,,,
2018,MWI,Total,Rural poor (High risk),10,,,,
2019,MWI,Total,Rural poor (High risk),11,,,,
2020,MWI,Total,Rural poor (High risk),11,,,,
2021,MWI,Total,Rural poor (High risk),12,,,,
2022,MWI,Total,Rural poor (High risk),12,,,,
2023,MWI,Total,Rural poor (High risk),12,,,,
2024,MWI,Total,Rural poor (High risk),0.15,,,,
2013,MWI,Total,Urban poor (High risk),2.5,,,,
2014,MWI,Total,Urban poor (High risk),2.6,,,,
2015,MWI,Total,Urban poor (High risk),2.7,,,,
2016,MWI,Total,Urban poor (High risk),2.8,,,,
2017,MWI,Total,Urban poor (High risk),2.9,,,,
2018,MWI,Total,Urban poor (High risk),3,,,,
2019,MWI,Total,Urban poor (High risk),3.1,,,,
2020,MWI,Total,Urban poor (High risk),3.2,,,,
2021,MWI,Total,Urban poor (High risk),3.4,,,,
2022,MWI,Total,Urban poor (High risk),3.5,,,,
2023,MWI,Total,Urban poor (High risk),3.7,,,,
2024,MWI,Total,Urban poor (High risk),0,,,,
2013,NAM,Total,Lower-middle income (Medium risk),0.86,,,,
2014,NAM,Total,Lower-middle income (Medium risk),0.85,,,,
2015,NAM,Total,Lower-middle income (Medium risk),0.84,,,,
2016,NAM,Total,Lower-middle income (Medium risk),0.81,,,,
2017,NAM,Total,Lower-middle income (Medium risk),0.79,,,,
2018,NAM,Total,Lower-middle income (Medium risk),0.82,,,,
2019,NAM,Total,Lower-middle income (Medium risk),0.83,,,,
2020,NAM,Total,Lower-middle income (Medium risk),0.84,,,,
2021,NAM,Total,Lower-middle income (Medium risk),0.9,,,,
2022,NAM,Total,Lower-middle income (Medium risk),0.9,,,,
2023,NAM,Total,Lower-middle income (Medium risk),0.93,,,,
2024,NAM,Total,Lower-middle income (Medium risk),0.41,,,,
2013,NAM,Total,Medium-income (Low risk),0.28,,,,
2014,NAM,Total,Medium-income (Low risk),0.31,,,,
2015,NAM,Total,Medium-income (Low risk),0.35,,,,
2016,NAM,Total,Medium-income (Low risk),0.38,,,,
2017,NAM,Total,Medium-income (Low risk),0.38,,,,
2018,NAM,Total,Medium-income (Low risk),0.38,,,,
2019,NAM,Total,Medium-income (Low risk),0.39,,,,
2020,NAM,Total,Medium-income (Low risk),0.38,,,,
2021,NAM,Total,Medium-income (Low risk),0.32,,,,
2022,NAM,Total,Medium-income (Low risk),0.32,,,,
2023,NAM,Total,Medium-income (Low risk),0.3,,,,
2024,NAM,Total,Medium-income (Low risk),1.1,,,,
2013,NAM,Total,Rural poor (High risk),0.29,,,,
2014,NAM,Total,Rural poor (High risk),0.26,,,,
2015,NAM,Total,Rural poor (High risk),0.23,,,,
2016,NAM,Total,Rural poor (High risk),0.23,,,,
2017,NAM,Total,Rural poor (High risk),0.24,,,,
2018,NAM,Total,Rural poor (High risk),0.25,,,,
2019,NAM,Total,Rural poor (High risk),0.25,,,,
2020,NAM,Total,Rural poor (High risk),0.26,,,,
2021,NAM,Total,Rural poor (High risk),0.27,,,,
2022,NAM,Total,Rural poor (High risk),0.27,,,,
2023,NAM,Total,Rural poor (High risk),0.27,,,,
2024,NAM,Total,Rural poor (High risk),7.9,,,,
2013,NAM,Total,Urban poor (High risk),0.52,,,,
2014,NAM,Total,Urban poor (High risk),0.53,,,,
2015,NAM,Total,Urban poor (High risk),0.53,,,,
2016,NAM,Total,Urban poor (High risk),0.55,,,,
2017,NAM,Total,Urban poor (High risk),0.59,,,,
2018,NAM,Total,Urban poor (High risk),0.6,,,,
2019,NAM,Total,Urban poor (High risk),0.63,,,,
2020,NAM,Total,Urban poor (High risk),0.66,,,,
2021,NAM,Total,Urban poor (High risk),0.69,,,,
2022,NAM,Total,Urban poor (High risk),0.71,,,,
2023,NAM,Total,Urban poor (High risk),0.74,,,,
2024,NAM,Total,Urban poor (High risk),1.9,,,,
2013,NER,Total,Lower-middle income (Medium risk),6,,,,
2014,NER,Total,Lower-middle income (Medium risk),6.4,,,,
2015,NER,Total,Lower-middle income (Medium risk),6.9,,,,
2016,NER,Total,Lower-middle income (Medium risk),7.1,,,,
2017,NER,Total,Lower-middle income (Medium risk),7.3,,,,
2018,NER,Total,Lower-middle income (Medium risk),7.6,,,,
2019,NER,Total,Lower-middle income (Medium risk),8.1,,,,
2020,NER,Total,Lower-middle income (Medium risk),8.7,,,,
2021,NER,Total,Lower-middle income (Medium risk),9,,,,
2022,NER,Total,Lower-middle income (Medium risk),9,,,,
2023,NER,Total,Lower-middle income (Medium risk),9.6,,,,
2024,NER,Total,Lower-middle income (Medium risk),1.8,,,,
2013,NER,Total,Medium-income (Low risk),0.16,,,,
2014,NER,Total,Medium-income (Low risk),0.16,,,,
2015,NER,Total,Medium-income (Low risk),0.17,,,,
2016,NER,Total,Medium-income (Low risk),0.21,,,,
2017,NER,Total,Medium-income (Low risk),0.27,,,,
2018,NER,Total,Medium-income (Low risk),0.31,,,,
2019,NER,Total,Medium-income (Low risk),0.4,,,,
2020,NER,Total,Medium-income (Low risk),0.45,,,,
2021,NER,Total,Medium-income (Low risk),0.45,,,,
2022,NER,Total,Medium-income (Low risk),1,,,,
2023,NER,Total,Medium-income (Low risk),1.1,,,,
2024,NER,Total,Medium-income (Low risk),0.073,,,,
2013,NER,Total,Rural poor (High risk),8.8,,,,
2014,NER,Total,Rural poor (High risk),9,,,,
2015,NER,Total,Rural poor (High risk),9.1,,,,
2016,NER,Total,Rural poor (High risk),9.6,,,,
2017,NER,Total,Rural poor (High risk),9.9,,,,
2018,NER,Total,Rural poor (High risk),10,,,,
2019,NER,Total,Rural poor (High risk),10,,,,
2020,NER,Total,Rural poor (High risk),10,,,,
2021,NER,Total,Rural poor (High risk),11,,,,
2022,NER,Total,Rural poor (High risk),11,,,,
2023,NER,Total,Rural poor (High risk),11,,,,
2024,NER,Total,Rural poor (High risk),4.3,,,,
2013,NER,Total,Urban poor (High risk),2.9,,,,
2014,NER,Total,Urban poor (High risk),3,,,,
2015,NER,Total,Urban poor (High risk),3.1,,,,
2016,NER,Total,Urban poor (High risk),3.3,,,,
2017,NER,Total,Urban poor (High risk),3.4,,,,
2018,NER,Total,Urban poor (High risk),3.6,,,,
2019,NER,Total,Urban poor (High risk),3.7,,,,
2020,NER,Total,Urban poor (High risk),3.9,,,,
2021,NER,Total,Urban poor (High risk),4,,,,
2022,NER,Total,Urban poor (High risk),4.2,,,,
2023,NER,Total,Urban poor (High risk),4.4,,,,
2024,NER,Total,Urban poor (High risk),3.8,,,,
2013,NGA,Total,Lower-middle income (Medium risk),67,,,,
2014,NGA,Total,Lower-middle income (Medium risk),71,,,,
2015,NGA,Total,Lower-middle income (Medium risk),75,,,,
2016,NGA,Total,Lower-middle income (Medium risk),76,,,,
2017,NGA,Total,Lower-middle income (Medium risk),78,,,,
2018,NGA,Total,Lower-middle income (Medium risk),81,,,,
2019,NGA,Total,Lower-middle income (Medium risk),83,,,,
2020,NGA,Total,Lower-middle income (Medium risk),87,,,,
2021,NGA,Total,Lower-middle income (Medium risk),91,,,,
2022,NGA,Total,Lower-middle income (Medium risk),93,,,,
2023,NGA,Total,Lower-middle income (Medium risk),98,,,,
2024,NGA,Total,Lower-middle income (Medium risk),2.2,,,,
2013,NGA,Total,Medium-income (Low risk),4.6,,,,
2014,NGA,Total,Medium-income (Low risk),5.2,,,,
2015,NGA,Total,Medium-income (Low risk),6.1,,,,
2016,NGA,Total,Medium-income (Low risk),6.3,,,,
2017,NGA,Total,Medium-income (Low risk),5.9,,,,
2018,NGA,Total,Medium-income (Low risk),5.8,,,,
2019,NGA,Total,Medium-income (Low risk),5.7,,,,
2020,NGA,Total,Medium-income (Low risk),5.7,,,,
2021,NGA,Total,Medium-income (Low risk),3,,,,
2022,NGA,Total,Medium-income (Low risk),5.3,,,,
2023,NGA,Total,Medium-income (Low risk),4.9,,,,
2024,NGA,Total,Medium-income (Low risk),0.18,,,,
2013,NGA,Total,Rural poor (High risk),38,,,,
2014,NGA,Total,Rural poor (High risk),37,,,,
2015,NGA,Total,Rural poor (High risk),36,,,,
2016,NGA,Total,Rural poor (High risk),37,,,,
2017,NGA,Total,Rural poor (High risk),39,,,,
2018,NGA,Total,Rural poor (High risk),39,,,,
2019,NGA,Total,Rural poor (High risk),39,,,,
2020,NGA,Total,Rural poor (High risk),39,,,,
2021,NGA,Total,Rural poor (High risk),40,,,,
2022,NGA,Total,Rural poor (High risk),40,,,,
2023,NGA,Total,Rural poor (High risk),40,,,,
2024,NGA,Total,Rural poor (High risk),28,,,,
2013,NGA,Total,Urban poor (High risk),60,,,,
2014,NGA,Total,Urban poor (High risk),61,,,,
2015,NGA,Total,Urban poor (High risk),62,,,,
2016,NGA,Total,Urban poor (High risk),64,,,,
2017,NGA,Total,Urban poor (High risk),66,,,,
2018,NGA,Total,Urban poor (High risk),68,,,,
2019,NGA,Total,Urban poor (High risk),71,,,,
2020,NGA,Total,Urban poor (High risk),72,,,,
2021,NGA,Total,Urban poor (High risk),74,,,,
2022,NGA,Total,Urban poor (High risk),74,,,,
2023,NGA,Total,Urban poor (High risk),75,,,,
2024,NGA,Total,Urban poor (High risk),7.1,,,,
2013,NPL,Total,Lower-middle income (Medium risk),20,,,,
2014,NPL,Total,Lower-middle income (Medium risk),21,,,,
2015,NPL,Total,Lower-middle income (Medium risk),21,,,,
2016,NPL,Total,Lower-middle income (Medium risk),21,,,,
2017,NPL,Total,Lower-middle income (Medium risk),21,,,,
2018,NPL,Total,Lower-middle income (Medium risk),21,,,,
2019,NPL,Total,Lower-middle income (Medium risk),21,,,,
2020,NPL,Total,Lower-middle income (Medium risk),21,,,,
2021,NPL,Total,Lower-middle income (Medium risk),26,,,,
2022,NPL,Total,Lower-middle income (Medium risk),22,,,,
2023,NPL,Total,Lower-middle income (Medium risk),22,,,,
2024,NPL,Total,Lower-middle income (Medium risk),0.068,,,,
2013,NPL,Total,Medium-income (Low risk),2,,,,
2014,NPL,Total,Medium-income (Low risk),2.2,,,,
2015,NPL,Total,Medium-income (Low risk),2.3,,,,
2016,NPL,Total,Medium-income (Low risk),2.5,,,,
2017,NPL,Total,Medium-income (Low risk),2.6,,,,
2018,NPL,Total,Medium-income (Low risk),2.8,,,,
2019,NPL,Total,Medium-income (Low risk),3.2,,,,
2020,NPL,Total,Medium-income (Low risk),3.6,,,,
2021,NPL,Total,Medium-income (Low risk),4.4,,,,
2022,NPL,Total,Medium-income (Low risk),3.7,,,,
2023,NPL,Total,Medium-income (Low risk),3.7,,,,
2024,NPL,Total,Medium-income (Low risk),0.16,,,,
2013,NPL,Total,Rural poor (High risk),1.6,,,,
2014,NPL,Total,Rural poor (High risk),1.5,,,,
2015,NPL,Total,Rural poor (High risk),1.4,,,,
2016,NPL,Total,Rural poor (High risk),1.2,,,,
2017,NPL,Total,Rural poor (High risk),1.2,,,,
2018,NPL,Total,Rural poor (High risk),1.1,,,,
2019,NPL,Total,Rural poor (High risk),0.78,,,,
2020,NPL,Total,Rural poor (High risk),0.68,,,,
2021,NPL,Total,Rural poor (High risk),0.82,,,,
2022,NPL,Total,Rural poor (High risk),0.69,,,,
2023,NPL,Total,Rural poor (High risk),0.69,,,,
2024,NPL,Total,Rural poor (High risk),0.076,,,,
2013,NPL,Total,Urban poor (High risk),1.9,,,,
2014,NPL,Total,Urban poor (High risk),1.9,,,,
2015,NPL,Total,Urban poor (High risk),1.9,,,,
2016,NPL,Total,Urban poor (High risk),1.9,,,,
2017,NPL,Total,Urban poor (High risk),1.9,,,,
2018,NPL,Total,Urban poor (High risk),1.8,,,,
2019,NPL,Total,Urban poor (High risk),1.8,,,,
2020,NPL,Total,Urban poor (High risk),1.9,,,,
2021,NPL,Total,Urban poor (High risk),2.3,,,,
2022,NPL,Total,Urban poor (High risk),1.9,,,,
2023,NPL,Total,Urban poor (High risk),2,,,,
2024,NPL,Total,Urban poor (High risk),1.2,,,,
2013,PAK,Total,Lower-middle income (Medium risk),143,,,,
2014,PAK,Total,Lower-middle income (Medium risk),147,,,,
2015,PAK,Total,Lower-middle income (Medium risk),150,,,,
2016,PAK,Total,Lower-middle income (Medium risk),153,,,,
2017,PAK,Total,Lower-middle income (Medium risk),156,,,,
2018,PAK,Total,Lower-middle income (Medium risk),159,,,,
2019,PAK,Total,Lower-middle income (Medium risk),163,,,,
2020,PAK,Total,Lower-middle income (Medium risk),166,,,,
2021,PAK,Total,Lower-middle income (Medium risk),164,,,,
2022,PAK,Total,Lower-middle income (Medium risk),176,,,,
2023,PAK,Total,Lower-middle income (Medium risk),182,,,,
2024,PAK,Total,Lower-middle income (Medium risk),0.78,,,,
2013,PAK,Total,Medium-income (Low risk),7.2,,,,
2014,PAK,Total,Medium-income (Low risk),7.4,,,,
2015,PAK,Total,Medium-income (Low risk),8.4,,,,
2016,PAK,Total,Medium-income (Low risk),10,,,,
2017,PAK,Total,Medium-income (Low risk),11,,,,
2018,PAK,Total,Medium-income (Low risk),11,,,,
2019,PAK,Total,Medium-income (Low risk),11,,,,
2020,PAK,Total,Medium-income (Low risk),11,,,,
2021,PAK,Total,Medium-income (Low risk),12,,,,
2022,PAK,Total,Medium-income (Low risk),6.5,,,,
2023,PAK,Total,Medium-income (Low risk),6.7,,,,
2024,PAK,Total,Medium-income (Low risk),0.36,,,,
2013,PAK,Total,Rural poor (High risk),13,,,,
2014,PAK,Total,Rural poor (High risk),12,,,,
2015,PAK,Total,Rural poor (High risk),11,,,,
2016,PAK,Total,Rural poor (High risk),9.1,,,,
2017,PAK,Total,Rural poor (High risk),7.6,,,,
2018,PAK,Total,Rural poor (High risk),7.5,,,,
2019,PAK,Total,Rural poor (High risk),7.1,,,,
2020,PAK,Total,Rural poor (High risk),8.1,,,,
2021,PAK,Total,Rural poor (High risk),11,,,,
2022,PAK,Total,Rural poor (High risk),9.1,,,,
2023,PAK,Total,Rural poor (High risk),7.7,,,,
2024,PAK,Total,Rural poor (High risk),120,,,,
2013,PAK,Total,Urban poor (High risk),38,,,,
2014,PAK,Total,Urban poor (High risk),37,,,,
2015,PAK,Total,Urban poor (High risk),37,,,,
2016,PAK,Total,Urban poor (High risk),36,,,,
2017,PAK,Total,Urban poor (High risk),36,,,,
2018,PAK,Total,Urban poor (High risk),36,,,,
2019,PAK,Total,Urban poor (High risk),36,,,,
2020,PAK,Total,Urban poor (High risk),37,,,,
2021,PAK,Total,Urban poor (High risk),38,,,,
2022,PAK,Total,Urban poor (High risk),38,,,,
2023,PAK,Total,Urban poor (High risk),38,,,,
2024,PAK,Total,Urban poor (High risk),1.5,,,,
2013,PER,Total,Lower-middle income (Medium risk),7.9,,,,
2014,PER,Total,Lower-middle income (Medium risk),8.1,,,,
2015,PER,Total,Lower-middle income (Medium risk),8.4,,,,
2016,PER,Total,Lower-middle income (Medium risk),8.5,,,,
2017,PER,Total,Lower-middle income (Medium risk),8.2,,,,
2018,PER,Total,Lower-middle income (Medium risk),8.5,,,,
2019,PER,Total,Lower-middle income (Medium risk),8.4,,,,
2020,PER,Total,Lower-middle income (Medium risk),8.3,,,,
2021,PER,Total,Lower-middle income (Medium risk),12,,,,
2022,PER,Total,Lower-middle income (Medium risk),11,,,,
2023,PER,Total,Lower-middle income (Medium risk),11,,,,
2024,PER,Total,Lower-middle income (Medium risk),15,,,,
2013,PER,Total,Medium-income (Low risk),9.3,,,,
2014,PER,Total,Medium-income (Low risk),9.5,,,,
2015,PER,Total,Medium-income (Low risk),9.8,,,,
2016,PER,Total,Medium-income (Low risk),9.7,,,,
2017,PER,Total,Medium-income (Low risk),10,,,,
2018,PER,Total,Medium-income (Low risk),10,,,,
2019,PER,Total,Medium-income (Low risk),11,,,,
2020,PER,Total,Medium-income (Low risk),11,,,,
2021,PER,Total,Medium-income (Low risk),8.8,,,,
2022,PER,Total,Medium-income (Low risk),11,,,,
2023,PER,Total,Medium-income (Low risk),11,,,,
2024,PER,Total,Medium-income (Low risk),0.17,,,,
2013,PER,Total,Rural poor (High risk),0.77,,,,
2014,PER,Total,Rural poor (High risk),0.69,,,,
2015,PER,Total,Rural poor (High risk),0.62,,,,
2016,PER,Total,Rural poor (High risk),0.61,,,,
2017,PER,Total,Rural poor (High risk),0.6,,,,
2018,PER,Total,Rural poor (High risk),0.59,,,,
2019,PER,Total,Rural poor (High risk),0.48,,,,
2020,PER,Total,Rural poor (High risk),0.41,,,,
2021,PER,Total,Rural poor (High risk),0.81,,,,
2022,PER,Total,Rural poor (High risk),0.4,,,,
2023,PER,Total,Rural poor (High risk),0.4,,,,
2024,PER,Total,Rural poor (High risk),14,,,,
2013,PER,Total,Urban poor (High risk),7.2,,,,
2014,PER,Total,Urban poor (High risk),7,,,,
2015,PER,Total,Urban poor (High risk),6.8,,,,
2016,PER,Total,Urban poor (High risk),6.9,,,,
2017,PER,Total,Urban poor (High risk),6.9,,,,
2018,PER,Total,Urban poor (High risk),7,,,,
2019,PER,Total,Urban poor (High risk),7,,,,
2020,PER,Total,Urban poor (High risk),7,,,,
2021,PER,Total,Urban poor (High risk),7.8,,,,
2022,PER,Total,Urban poor (High risk),7.2,,,,
2023,PER,Total,Urban poor (High risk),7.3,,,,
2024,PER,Total,Urban poor (High risk),7.6,,,,
2013,PHL,Total,Lower-middle income (Medium risk),56,,,,
2014,PHL,Total,Lower-middle income (Medium risk),58,,,,
2015,PHL,Total,Lower-middle income (Medium risk),61,,,,
2016,PHL,Total,Lower-middle income (Medium risk),63,,,,
2017,PHL,Total,Lower-middle income (Medium risk),65,,,,
2018,PHL,Total,Lower-middle income (Medium risk),67,,,,
2019,PHL,Total,Lower-middle income (Medium risk),70,,,,
2020,PHL,Total,Lower-middle income (Medium risk),71,,,,
2021,PHL,Total,Lower-middle income (Medium risk),72,,,,
2022,PHL,Total,Lower-middle income (Medium risk),74,,,,
2023,PHL,Total,Lower-middle income (Medium risk),75,,,,
2024,PHL,Total,Lower-middle income (Medium risk),0.39,,,,
2013,PHL,Total,Medium-income (Low risk),12,,,,
2014,PHL,Total,Medium-income (Low risk),12,,,,
2015,PHL,Total,Medium-income (Low risk),13,,,,
2016,PHL,Total,Medium-income (Low risk),14,,,,
2017,PHL,Total,Medium-income (Low risk),14,,,,
2018,PHL,Total,Medium-income (Low risk),15,,,,
2019,PHL,Total,Medium-income (Low risk),15,,,,
2020,PHL,Total,Medium-income (Low risk),16,,,,
2021,PHL,Total,Medium-income (Low risk),16,,,,
2022,PHL,Total,Medium-income (Low risk),16,,,,
2023,PHL,Total,Medium-income (Low risk),17,,,,
2024,PHL,Total,Medium-income (Low risk),0.35,,,,
2013,PHL,Total,Rural poor (High risk),8,,,,
2014,PHL,Total,Rural poor (High risk),7.2,,,,
2015,PHL,Total,Rural poor (High risk),6.4,,,,
2016,PHL,Total,Rural poor (High risk),5.6,,,,
2017,PHL,Total,Rural poor (High risk),4.9,,,,
2018,PHL,Total,Rural poor (High risk),4.2,,,,
2019,PHL,Total,Rural poor (High risk),3.6,,,,
2020,PHL,Total,Rural poor (High risk),3.2,,,,
2021,PHL,Total,Rural poor (High risk),3.3,,,,
2022,PHL,Total,Rural poor (High risk),3.3,,,,
2023,PHL,Total,Rural poor (High risk),3.3,,,,
2024,PHL,Total,Rural poor (High risk),61,,,,
2013,PHL,Total,Urban poor (High risk),19,,,,
2014,PHL,Total,Urban poor (High risk),19,,,,
2015,PHL,Total,Urban poor (High risk),18,,,,
2016,PHL,Total,Urban poor (High risk),17,,,,
2017,PHL,Total,Urban poor (High risk),17,,,,
2018,PHL,Total,Urban poor (High risk),17,,,,
2019,PHL,Total,Urban poor (High risk),16,,,,
2020,PHL,Total,Urban poor (High risk),16,,,,
2021,PHL,Total,Urban poor (High risk),16,,,,
2022,PHL,Total,Urban poor (High risk),16,,,,
2023,PHL,Total,Urban poor (High risk),16,,,,
2024,PHL,Total,Urban poor (High risk),1.5,,,,
2013,PNG,Total,Lower-middle income (Medium risk),4.4,,,,
2014,PNG,Total,Lower-middle income (Medium risk),4.6,,,,
2015,PNG,Total,Lower-middle income (Medium risk),5,,,,
2016,PNG,Total,Lower-middle income (Medium risk),5.2,,,,
2017,PNG,Total,Lower-middle income (Medium risk),5.4,,,,
2018,PNG,Total,Lower-middle income (Medium risk),5.6,,,,
2019,PNG,Total,Lower-middle income (Medium risk),5.6,,,,
2020,PNG,Total,Lower-middle income (Medium risk),5.8,,,,
2021,PNG,Total,Lower-middle income (Medium risk),4.9,,,,
2022,PNG,Total,Lower-middle income (Medium risk),5.4,,,,
2023,PNG,Total,Lower-middle income (Medium risk),6.2,,,,
2024,PNG,Total,Lower-middle income (Medium risk),0.47,,,,
2013,PNG,Total,Medium-income (Low risk),0.3,,,,
2014,PNG,Total,Medium-income (Low risk),0.32,,,,
2015,PNG,Total,Medium-income (Low risk),0.4,,,,
2016,PNG,Total,Medium-income (Low risk),0.44,,,,
2017,PNG,Total,Medium-income (Low risk),0.49,,,,
2018,PNG,Total,Medium-income (Low risk),0.51,,,,
2019,PNG,Total,Medium-income (Low risk),0.48,,,,
2020,PNG,Total,Medium-income (Low risk),0.52,,,,
2021,PNG,Total,Medium-income (Low risk),0.58,,,,
2022,PNG,Total,Medium-income (Low risk),0.62,,,,
2023,PNG,Total,Medium-income (Low risk),0.59,,,,
2024,PNG,Total,Medium-income (Low risk),0.53,,,,
2013,PNG,Total,Rural poor (High risk),2.8,,,,
2014,PNG,Total,Rural poor (High risk),2.8,,,,
2015,PNG,Total,Rural poor (High risk),2.6,,,,
2016,PNG,Total,Rural poor (High risk),2.5,,,,
2017,PNG,Total,Rural poor (High risk),2.5,,,,
2018,PNG,Total,Rural poor (High risk),2.5,,,,
2019,PNG,Total,Rural poor (High risk),2.6,,,,
2020,PNG,Total,Rural poor (High risk),2.6,,,,
2021,PNG,Total,Rural poor (High risk),3.5,,,,
2022,PNG,Total,Rural poor (High risk),3.3,,,,
2023,PNG,Total,Rural poor (High risk),2.8,,,,
2024,PNG,Total,Rural poor (High risk),17,,,,
2013,PNG,Total,Urban poor (High risk),0.47,,,,
2014,PNG,Total,Urban poor (High risk),0.48,,,,
2015,PNG,Total,Urban poor (High risk),0.46,,,,
2016,PNG,Total,Urban poor (High risk),0.45,,,,
2017,PNG,Total,Urban poor (High risk),0.45,,,,
2018,PNG,Total,Urban poor (High risk),0.46,,,,
2019,PNG,Total,Urban poor (High risk),0.52,,,,
2020,PNG,Total,Urban poor (High risk),0.49,,,,
2021,PNG,Total,Urban poor (High risk),0.62,,,,
2022,PNG,Total,Urban poor (High risk),0.6,,,,
2023,PNG,Total,Urban poor (High risk),0.52,,,,
2024,PNG,Total,Urban poor (High risk),1.7,,,,
2013,PRY,Total,Lower-middle income (Medium risk),1.7,,,,
2014,PRY,Total,Lower-middle income (Medium risk),1.7,,,,
2015,PRY,Total,Lower-middle income (Medium risk),1.6,,,,
2016,PRY,Total,Lower-middle income (Medium risk),1.7,,,,
2017,PRY,Total,Lower-middle income (Medium risk),1.9,,,,
2018,PRY,Total,Lower-middle income (Medium risk),1.9,,,,
2019,PRY,Total,Lower-middle income (Medium risk),1.8,,,,
2020,PRY,Total,Lower-middle income (Medium risk),1.8,,,,
2021,PRY,Total,Lower-middle income (Medium risk),2.1,,,,
2022,PRY,Total,Lower-middle income (Medium risk),2.1,,,,
2023,PRY,Total,Lower-middle income (Medium risk),2,,,,
2024,PRY,Total,Lower-middle income (Medium risk),97,,,,
2013,PRY,Total,Medium-income (Low risk),2,,,,
2014,PRY,Total,Medium-income (Low risk),1.9,,,,
2015,PRY,Total,Medium-income (Low risk),2.1,,,,
2016,PRY,Total,Medium-income (Low risk),2,,,,
2017,PRY,Total,Medium-income (Low risk),2,,,,
2018,PRY,Total,Medium-income (Low risk),2.1,,,,
2019,PRY,Total,Medium-income (Low risk),2.2,,,,
2020,PRY,Total,Medium-income (Low risk),2.3,,,,
2021,PRY,Total,Medium-income (Low risk),2.3,,,,
2022,PRY,Total,Medium-income (Low risk),2.4,,,,
2023,PRY,Total,Medium-income (Low risk),2.5,,,,
2024,PRY,Total,Medium-income (Low risk),0.037,,,,
2013,PRY,Total,Rural poor (High risk),0.11,,,,
2014,PRY,Total,Rural poor (High risk),0.059,,,,
2015,PRY,Total,Rural poor (High risk),0.08,,,,
2016,PRY,Total,Rural poor (High risk),0.063,,,,
2017,PRY,Total,Rural poor (High risk),0.057,,,,
2018,PRY,Total,Rural poor (High risk),0.034,,,,
2019,PRY,Total,Rural poor (High risk),0.049,,,,
2020,PRY,Total,Rural poor (High risk),0.035,,,,
2021,PRY,Total,Rural poor (High risk),0.028,,,,
2022,PRY,Total,Rural poor (High risk),0.024,,,,
2023,PRY,Total,Rural poor (High risk),0.024,,,,
2024,PRY,Total,Rural poor (High risk),2.2,,,,
2013,PRY,Total,Urban poor (High risk),0.71,,,,
2014,PRY,Total,Urban poor (High risk),0.63,,,,
2015,PRY,Total,Urban poor (High risk),0.63,,,,
2016,PRY,Total,Urban poor (High risk),0.58,,,,
2017,PRY,Total,Urban poor (High risk),0.54,,,,
2018,PRY,Total,Urban poor (High risk),0.49,,,,
2019,PRY,Total,Urban poor (High risk),0.47,,,,
2020,PRY,Total,Urban poor (High risk),0.47,,,,
2021,PRY,Total,Urban poor (High risk),0.47,,,,
2022,PRY,Total,Urban poor (High risk),0.45,,,,
2023,PRY,Total,Urban poor (High risk),0.43,,,,
2024,PRY,Total,Urban poor (High risk),3.4,,,,
2013,PSE,Total,Lower-middle income (Medium risk),0.19,,,,
2014,PSE,Total,Lower-middle income (Medium risk),0.21,,,,
2015,PSE,Total,Lower-middle income (Medium risk),0.22,,,,
2016,PSE,Total,Lower-middle income (Medium risk),0.22,,,,
2017,PSE,Total,Lower-middle income (Medium risk),0.2,,,,
2018,PSE,Total,Lower-middle income (Medium risk),0.22,,,,
2019,PSE,Total,Lower-middle income (Medium risk),0.23,,,,
2020,PSE,Total,Lower-middle income (Medium risk),0.24,,,,
2021,PSE,Total,Lower-middle income (Medium risk),0.24,,,,
2022,PSE,Total,Lower-middle income (Medium risk),0.25,,,,
2023,PSE,Total,Lower-middle income (Medium risk),0.25,,,,
2024,PSE,Total,Lower-middle income (Medium risk),1.5,,,,
2013,PSE,Total,Medium-income (Low risk),0.33,,,,
2014,PSE,Total,Medium-income (Low risk),0.3,,,,
2015,PSE,Total,Medium-income (Low risk),0.28,,,,
2016,PSE,Total,Medium-income (Low risk),0.28,,,,
2017,PSE,Total,Medium-income (Low risk),0.28,,,,
2018,PSE,Total,Medium-income (Low risk),0.28,,,,
2019,PSE,Total,Medium-income (Low risk),0.29,,,,
2020,PSE,Total,Medium-income (Low risk),0.3,,,,
2021,PSE,Total,Medium-income (Low risk),0.3,,,,
2022,PSE,Total,Medium-income (Low risk),0.32,,,,
2023,PSE,Total,Medium-income (Low risk),0.32,,,,
2024,PSE,Total,Medium-income (Low risk),18,,,,
2013,PSE,Total,Rural poor (High risk),0.00088,,,,
2014,PSE,Total,Rural poor (High risk),0.0012,,,,
2015,PSE,Total,Rural poor (High risk),0.0015,,,,
2016,PSE,Total,Rural poor (High risk),0.0016,,,,
2017,PSE,Total,Rural poor (High risk),0.0011,,,,
2018,PSE,Total,Rural poor (High risk),0.0017,,,,
2019,PSE,Total,Rural poor (High risk),0.0021,,,,
2020,PSE,Total,Rural poor (High risk),0.0018,,,,
2021,PSE,Total,Rural poor (High risk),0.0018,,,,
2022,PSE,Total,Rural poor (High risk),0.0019,,,,
2023,PSE,Total,Rural poor (High risk),0.0019,,,,
2024,PSE,Total,Rural poor (High risk),1.2,,,,
2013,PSE,Total,Urban poor (High risk),0.097,,,,
2014,PSE,Total,Urban poor (High risk),0.088,,,,
2015,PSE,Total,Urban poor (High risk),0.082,,,,
2016,PSE,Total,Urban poor (High risk),0.077,,,,
2017,PSE,Total,Urban poor (High risk),0.074,,,,
2018,PSE,Total,Urban poor (High risk),0.076,,,,
2019,PSE,Total,Urban poor (High risk),0.08,,,,
2020,PSE,Total,Urban poor (High risk),0.082,,,,
2021,PSE,Total,Urban poor (High risk),0.083,,,,
2022,PSE,Total,Urban poor (High risk),0.087,,,,
2023,PSE,Total,Urban poor (High risk),0.087,,,,
2024,PSE,Total,Urban poor (High risk),1.7,,,,
2013,SDN,Total,Lower-middle income (Medium risk),19,,,,
2014,SDN,Total,Lower-middle income (Medium risk),20,,,,
2015,SDN,Total,Lower-middle income (Medium risk),21,,,,
2016,SDN,Total,Lower-middle income (Medium risk),22,,,,
2017,SDN,Total,Lower-middle income (Medium risk),23,,,,
2018,SDN,Total,Lower-middle income (Medium risk),23,,,,
2019,SDN,Total,Lower-middle income (Medium risk),23,,,,
2020,SDN,Total,Lower-middle income (Medium risk),23,,,,
2021,SDN,Total,Lower-middle income (Medium risk),24,,,,
2022,SDN,Total,Lower-middle income (Medium risk),24,,,,
2023,SDN,Total,Lower-middle income (Medium risk),25,,,,
2024,SDN,Total,Lower-middle income (Medium risk),0.24,,,,
2013,SDN,Total,Medium-income (Low risk),1.7,,,,
2014,SDN,Total,Medium-income (Low risk),1.6,,,,
2015,SDN,Total,Medium-income (Low risk),1.7,,,,
2016,SDN,Total,Medium-income (Low risk),1.6,,,,
2017,SDN,Total,Medium-income (Low risk),1.7,,,,
2018,SDN,Total,Medium-income (Low risk),1.6,,,,
2019,SDN,Total,Medium-income (Low risk),1.4,,,,
2020,SDN,Total,Medium-income (Low risk),1.2,,,,
2021,SDN,Total,Medium-income (Low risk),0.75,,,,
2022,SDN,Total,Medium-income (Low risk),1.4,,,,
2023,SDN,Total,Medium-income (Low risk),0.86,,,,
2024,SDN,Total,Medium-income (Low risk),990,,,,
2013,SDN,Total,Rural poor (High risk),4.5,,,,
2014,SDN,Total,Rural poor (High risk),4.5,,,,
2015,SDN,Total,Rural poor (High risk),4.2,,,,
2016,SDN,Total,Rural poor (High risk),4.5,,,,
2017,SDN,Total,Rural poor (High risk),4.6,,,,
2018,SDN,Total,Rural poor (High risk),5.1,,,,
2019,SDN,Total,Rural poor (High risk),6.3,,,,
2020,SDN,Total,Rural poor (High risk),7.4,,,,
2021,SDN,Total,Rural poor (High risk),7.7,,,,
2022,SDN,Total,Rural poor (High risk),7.8,,,,
2023,SDN,Total,Rural poor (High risk),7.8,,,,
2024,SDN,Total,Rural poor (High risk),8.6,,,,
2013,SDN,Total,Urban poor (High risk),9.6,,,,
2014,SDN,Total,Urban poor (High risk),9.6,,,,
2015,SDN,Total,Urban poor (High risk),9.5,,,,
2016,SDN,Total,Urban poor (High risk),9.7,,,,
2017,SDN,Total,Urban poor (High risk),9.8,,,,
2018,SDN,Total,Urban poor (High risk),10,,,,
2019,SDN,Total,Urban poor (High risk),11,,,,
2020,SDN,Total,Urban poor (High risk),12,,,,
2021,SDN,Total,Urban poor (High risk),12,,,,
2022,SDN,Total,Urban poor (High risk),13,,,,
2023,SDN,Total,Urban poor (High risk),13,,,,
2024,SDN,Total,Urban poor (High risk),2.6,,,,
2013,SEN,Total,Lower-middle income (Medium risk),4.9,,,,
2014,SEN,Total,Lower-middle income (Medium risk),5.1,,,,
2015,SEN,Total,Lower-middle income (Medium risk),6,,,,
2016,SEN,Total,Lower-middle income (Medium risk),7.1,,,,
2017,SEN,Total,Lower-middle income (Medium risk),8.1,,,,
2018,SEN,Total,Lower-middle income (Medium risk),9.3,,,,
2019,SEN,Total,Lower-middle income (Medium risk),10,,,,
2020,SEN,Total,Lower-middle income (Medium risk),11,,,,
2021,SEN,Total,Lower-middle income (Medium risk),11,,,,
2022,SEN,Total,Lower-middle income (Medium risk),11,,,,
2023,SEN,Total,Lower-middle income (Medium risk),12,,,,
2024,SEN,Total,Lower-middle income (Medium risk),0.23,,,,
2013,SEN,Total,Medium-income (Low risk),0.49,,,,
2014,SEN,Total,Medium-income (Low risk),0.49,,,,
2015,SEN,Total,Medium-income (Low risk),0.64,,,,
2016,SEN,Total,Medium-income (Low risk),0.79,,,,
2017,SEN,Total,Medium-income (Low risk),1,,,,
2018,SEN,Total,Medium-income (Low risk),1.2,,,,
2019,SEN,Total,Medium-income (Low risk),1.4,,,,
2020,SEN,Total,Medium-income (Low risk),1.6,,,,
2021,SEN,Total,Medium-income (Low risk),1.4,,,,
2022,SEN,Total,Medium-income (Low risk),1.6,,,,
2023,SEN,Total,Medium-income (Low risk),1.8,,,,
2024,SEN,Total,Medium-income (Low risk),0.53,,,,
2013,SEN,Total,Rural poor (High risk),3.5,,,,
2014,SEN,Total,Rural poor (High risk),3.6,,,,
2015,SEN,Total,Rural poor (High risk),3.1,,,,
2016,SEN,Total,Rural poor (High risk),2.6,,,,
2017,SEN,Total,Rural poor (High risk),2,,,,
2018,SEN,Total,Rural poor (High risk),1.4,,,,
2019,SEN,Total,Rural poor (High risk),1.1,,,,
2020,SEN,Total,Rural poor (High risk),0.92,,,,
2021,SEN,Total,Rural poor (High risk),0.95,,,,
2022,SEN,Total,Rural poor (High risk),0.96,,,,
2023,SEN,Total,Rural poor (High risk),0.97,,,,
2024,SEN,Total,Rural poor (High risk),8.9,,,,
2013,SEN,Total,Urban poor (High risk),4.3,,,,
2014,SEN,Total,Urban poor (High risk),4.4,,,,
2015,SEN,Total,Urban poor (High risk),4.1,,,,
2016,SEN,Total,Urban poor (High risk),3.8,,,,
2017,SEN,Total,Urban poor (High risk),3.5,,,,
2018,SEN,Total,Urban poor (High risk),2.9,,,,
2019,SEN,Total,Urban poor (High risk),2.7,,,,
2020,SEN,Total,Urban poor (High risk),2.5,,,,
2021,SEN,Total,Urban poor (High risk),2.6,,,,
2022,SEN,Total,Urban poor (High risk),2.6,,,,
2023,SEN,Total,Urban poor (High risk),2.5,,,,
2024,SEN,Total,Urban poor (High risk),5,,,,
2013,SLE,Total,Lower-middle income (Medium risk),0.88,,,,
2014,SLE,Total,Lower-middle income (Medium risk),1.1,,,,
2015,SLE,Total,Lower-middle income (Medium risk),1.2,,,,
2016,SLE,Total,Lower-middle income (Medium risk),0.88,,,,
2017,SLE,Total,Lower-middle income (Medium risk),1,,,,
2018,SLE,Total,Lower-middle income (Medium risk),1.1,,,,
2019,SLE,Total,Lower-middle income (Medium risk),1.2,,,,
2020,SLE,Total,Lower-middle income (Medium risk),1.2,,,,
2021,SLE,Total,Lower-middle income (Medium risk),1.3,,,,
2022,SLE,Total,Lower-middle income (Medium risk),0.63,,,,
2023,SLE,Total,Lower-middle income (Medium risk),1.2,,,,
2024,SLE,Total,Lower-middle income (Medium risk),0.14,,,,
2013,SLE,Total,Medium-income (Low risk),0.064,,,,
2014,SLE,Total,Medium-income (Low risk),0.11,,,,
2015,SLE,Total,Medium-income (Low risk),0.11,,,,
2016,SLE,Total,Medium-income (Low risk),0.058,,,,
2017,SLE,Total,Medium-income (Low risk),0.07,,,,
2018,SLE,Total,Medium-income (Low risk),0.077,,,,
2019,SLE,Total,Medium-income (Low risk),0.079,,,,
2020,SLE,Total,Medium-income (Low risk),0.084,,,,
2021,SLE,Total,Medium-income (Low risk),0.086,,,,
2022,SLE,Total,Medium-income (Low risk),0.042,,,,
2023,SLE,Total,Medium-income (Low risk),0.082,,,,
2024,SLE,Total,Medium-income (Low risk),0.28,,,,
2013,SLE,Total,Rural poor (High risk),0.45,,,,
2014,SLE,Total,Rural poor (High risk),0.3,,,,
2015,SLE,Total,Rural poor (High risk),0.28,,,,
2016,SLE,Total,Rural poor (High risk),0.54,,,,
2017,SLE,Total,Rural poor (High risk),0.48,,,,
2018,SLE,Total,Rural poor (High risk),0.46,,,,
2019,SLE,Total,Rural poor (High risk),0.45,,,,
2020,SLE,Total,Rural poor (High risk),0.43,,,,
2021,SLE,Total,Rural poor (High risk),0.44,,,,
2022,SLE,Total,Rural poor (High risk),0.22,,,,
2023,SLE,Total,Rural poor (High risk),0.41,,,,
2024,SLE,Total,Rural poor (High risk),1.6,,,,
2013,SLE,Total,Urban poor (High risk),0.76,,,,
2014,SLE,Total,Urban poor (High risk),0.69,,,,
2015,SLE,Total,Urban poor (High risk),0.68,,,,
2016,SLE,Total,Urban poor (High risk),0.84,,,,
2017,SLE,Total,Urban poor (High risk),0.81,,,,
2018,SLE,Total,Urban poor (High risk),0.81,,,,
2019,SLE,Total,Urban poor (High risk),0.8,,,,
2020,SLE,Total,Urban poor (High risk),0.82,,,,
2021,SLE,Total,Urban poor (High risk),0.82,,,,
2022,SLE,Total,Urban poor (High risk),0.4,,,,
2023,SLE,Total,Urban poor (High risk),0.76,,,,
2024,SLE,Total,Urban poor (High risk),0.23,,,,
2013,SLV,Total,Lower-middle income (Medium risk),0.13,,,,
2014,SLV,Total,Lower-middle income (Medium risk),0.13,,,,
2015,SLV,Total,Lower-middle income (Medium risk),0.13,,,,
2016,SLV,Total,Lower-middle income (Medium risk),0.14,,,,
2017,SLV,Total,Lower-middle income (Medium risk),0.13,,,,
2018,SLV,Total,Lower-middle income (Medium risk),0.13,,,,
2019,SLV,Total,Lower-middle income (Medium risk),0.12,,,,
2020,SLV,Total,Lower-middle income (Medium risk),0.11,,,,
2021,SLV,Total,Lower-middle income (Medium risk),0.12,,,,
2022,SLV,Total,Lower-middle income (Medium risk),0.099,,,,
2023,SLV,Total,Lower-middle income (Medium risk),0.099,,,,
2024,SLV,Total,Lower-middle income (Medium risk),0,,,,
2013,SLV,Total,Medium-income (Low risk),0.063,,,,
2014,SLV,Total,Medium-income (Low risk),0.068,,,,
2015,SLV,Total,Medium-income (Low risk),0.068,,,,
2016,SLV,Total,Medium-income (Low risk),0.075,,,,
2017,SLV,Total,Medium-income (Low risk),0.079,,,,
2018,SLV,Total,Medium-income (Low risk),0.084,,,,
2019,SLV,Total,Medium-income (Low risk),0.088,,,,
2020,SLV,Total,Medium-income (Low risk),0.094,,,,
2021,SLV,Total,Medium-income (Low risk),0.086,,,,
2022,SLV,Total,Medium-income (Low risk),0.1,,,,
2023,SLV,Total,Medium-income (Low risk),0.1,,,,
2024,SLV,Total,Medium-income (Low risk),43,,,,
2013,SLV,Total,Rural poor (High risk),0.0062,,,,
2014,SLV,Total,Rural poor (High risk),0.0048,,,,
2015,SLV,Total,Rural poor (High risk),0.0045,,,,
2016,SLV,Total,Rural poor (High risk),0.003,,,,
2017,SLV,Total,Rural poor (High risk),0.0034,,,,
2018,SLV,Total,Rural poor (High risk),0.0028,,,,
2019,SLV,Total,Rural poor (High risk),0.0023,,,,
2020,SLV,Total,Rural poor (High risk),0.0018,,,,
2021,SLV,Total,Rural poor (High risk),0.004,,,,
2022,SLV,Total,Rural poor (High risk),0.0044,,,,
2023,SLV,Total,Rural poor (High risk),0.0043,,,,
2024,SLV,Total,Rural poor (High risk),0.11,,,,
2013,SLV,Total,Urban poor (High risk),0.045,,,,
2014,SLV,Total,Urban poor (High risk),0.041,,,,
2015,SLV,Total,Urban poor (High risk),0.037,,,,
2016,SLV,Total,Urban poor (High risk),0.031,,,,
2017,SLV,Total,Urban poor (High risk),0.028,,,,
2018,SLV,Total,Urban poor (High risk),0.027,,,,
2019,SLV,Total,Urban poor (High risk),0.027,,,,
2020,SLV,Total,Urban poor (High risk),0.027,,,,
2021,SLV,Total,Urban poor (High risk),0.03,,,,
2022,SLV,Total,Urban poor (High risk),0.03,,,,
2023,SLV,Total,Urban poor (High risk),0.03,,,,
2024,SLV,Total,Urban poor (High risk),35,,,,
2013,SOM,Total,Lower-middle income (Medium risk),0,,,,
2014,SOM,Total,Lower-middle income (Medium risk),0,,,,
2015,SOM,Total,Lower-middle income (Medium risk),0,,,,
2016,SOM,Total,Lower-middle income (Medium risk),0,,,,
2017,SOM,Total,Lower-middle income (Medium risk),0,,,,
2018,SOM,Total,Lower-middle income (Medium risk),0,,,,
2019,SOM,Total,Lower-middle income (Medium risk),0,,,,
2020,SOM,Total,Lower-middle income (Medium risk),0,,,,
2021,SOM,Total,Lower-middle income (Medium risk),0,,,,
2022,SOM,Total,Lower-middle income (Medium risk),0,,,,
2023,SOM,Total,Lower-middle income (Medium risk),0,,,,
2024,SOM,Total,Lower-middle income (Medium risk),48,,,,
2013,SOM,Total,Medium-income (Low risk),0,,,,
2014,SOM,Total,Medium-income (Low risk),0,,,,
2015,SOM,Total,Medium-income (Low risk),0,,,,
2016,SOM,Total,Medium-income (Low risk),0,,,,
2017,SOM,Total,Medium-income (Low risk),0,,,,
2018,SOM,Total,Medium-income (Low risk),0,,,,
2019,SOM,Total,Medium-income (Low risk),0,,,,
2020,SOM,Total,Medium-income (Low risk),0,,,,
2021,SOM,Total,Medium-income (Low risk),0,,,,
2022,SOM,Total,Medium-income (Low risk),0,,,,
2023,SOM,Total,Medium-income (Low risk),0,,,,
2024,SOM,Total,Medium-income (Low risk),0.036,,,,
2013,SOM,Total,Rural poor (High risk),0,,,,
2014,SOM,Total,Rural poor (High risk),0,,,,
2015,SOM,Total,Rural poor (High risk),0,,,,
2016,SOM,Total,Rural poor (High risk),0,,,,
2017,SOM,Total,Rural poor (High risk),0,,,,
2018,SOM,Total,Rural poor (High risk),0,,,,
2019,SOM,Total,Rural poor (High risk),0,,,,
2020,SOM,Total,Rural poor (High risk),0,,,,
2021,SOM,Total,Rural poor (High risk),0,,,,
2022,SOM,Total,Rural poor (High risk),0,,,,
2023,SOM,Total,Rural poor (High risk),0,,,,
2024,SOM,Total,Rural poor (High risk),2,,,,
2013,SOM,Total,Urban poor (High risk),3.2,,,,
2014,SOM,Total,Urban poor (High risk),3.3,,,,
2015,SOM,Total,Urban poor (High risk),3.5,,,,
2016,SOM,Total,Urban poor (High risk),3.6,,,,
2017,SOM,Total,Urban poor (High risk),3.8,,,,
2018,SOM,Total,Urban poor (High risk),4,,,,
2019,SOM,Total,Urban poor (High risk),4.1,,,,
2020,SOM,Total,Urban poor (High risk),4.3,,,,
2021,SOM,Total,Urban poor (High risk),4.5,,,,
2022,SOM,Total,Urban poor (High risk),4.7,,,,
2023,SOM,Total,Urban poor (High risk),4.9,,,,
2024,SOM,Total,Urban poor (High risk),4.9,,,,
2013,SSD,Total,Lower-middle income (Medium risk),3.1,,,,
2014,SSD,Total,Lower-middle income (Medium risk),3.4,,,,
2015,SSD,Total,Lower-middle income (Medium risk),3.3,,,,
2016,SSD,Total,Lower-middle income (Medium risk),3.1,,,,
2017,SSD,Total,Lower-middle income (Medium risk),2.6,,,,
2018,SSD,Total,Lower-middle income (Medium risk),2.2,,,,
2019,SSD,Total,Lower-middle income (Medium risk),2,,,,
2020,SSD,Total,Lower-middle income (Medium risk),1.9,,,,
2021,SSD,Total,Lower-middle income (Medium risk),2,,,,
2022,SSD,Total,Lower-middle income (Medium risk),2,,,,
2023,SSD,Total,Lower-middle income (Medium risk),1.7,,,,
2024,SSD,Total,Lower-middle income (Medium risk),7.4,,,,
2013,SSD,Total,Medium-income (Low risk),0.17,,,,
2014,SSD,Total,Medium-income (Low risk),0.19,,,,
2015,SSD,Total,Medium-income (Low risk),0.18,,,,
2016,SSD,Total,Medium-income (Low risk),0.17,,,,
2017,SSD,Total,Medium-income (Low risk),0.12,,,,
2018,SSD,Total,Medium-income (Low risk),0.095,,,,
2019,SSD,Total,Medium-income (Low risk),0.081,,,,
2020,SSD,Total,Medium-income (Low risk),0.075,,,,
2021,SSD,Total,Medium-income (Low risk),0,,,,
2022,SSD,Total,Medium-income (Low risk),0,,,,
2023,SSD,Total,Medium-income (Low risk),0.15,,,,
2024,SSD,Total,Medium-income (Low risk),93,,,,
2013,SSD,Total,Rural poor (High risk),5.4,,,,
2014,SSD,Total,Rural poor (High risk),5.5,,,,
2015,SSD,Total,Rural poor (High risk),5.7,,,,
2016,SSD,Total,Rural poor (High risk),5.8,,,,
2017,SSD,Total,Rural poor (High risk),6.3,,,,
2018,SSD,Total,Rural poor (High risk),6.3,,,,
2019,SSD,Total,Rural poor (High risk),6.3,,,,
2020,SSD,Total,Rural poor (High risk),6.4,,,,
2021,SSD,Total,Rural poor (High risk),6.6,,,,
2022,SSD,Total,Rural poor (High risk),6.7,,,,
2023,SSD,Total,Rural poor (High risk),6.8,,,,
2024,SSD,Total,Rural poor (High risk),14,,,,
2013,SSD,Total,Urban poor (High risk),1.9,,,,
2014,SSD,Total,Urban poor (High risk),2,,,,
2015,SSD,Total,Urban poor (High risk),2.1,,,,
2016,SSD,Total,Urban poor (High risk),2.1,,,,
2017,SSD,Total,Urban poor (High risk),2.1,,,,
2018,SSD,Total,Urban poor (High risk),2.1,,,,
2019,SSD,Total,Urban poor (High risk),2,,,,
2020,SSD,Total,Urban poor (High risk),2.1,,,,
2021,SSD,Total,Urban poor (High risk),2.1,,,,
2022,SSD,Total,Urban poor (High risk),2.2,,,,
2023,SSD,Total,Urban poor (High risk),2.3,,,,
2024,SSD,Total,Urban poor (High risk),9.4,,,,
2013,SWZ,Total,Lower-middle income (Medium risk),0.46,,,,
2014,SWZ,Total,Lower-middle income (Medium risk),0.49,,,,
2015,SWZ,Total,Lower-middle income (Medium risk),0.5,,,,
2016,SWZ,Total,Lower-middle income (Medium risk),0.51,,,,
2017,SWZ,Total,Lower-middle income (Medium risk),0.51,,,,
2018,SWZ,Total,Lower-middle income (Medium risk),0.53,,,,
2019,SWZ,Total,Lower-middle income (Medium risk),0.54,,,,
2020,SWZ,Total,Lower-middle income (Medium risk),0.55,,,,
2021,SWZ,Total,Lower-middle income (Medium risk),0.58,,,,
2022,SWZ,Total,Lower-middle income (Medium risk),0.59,,,,
2023,SWZ,Total,Lower-middle income (Medium risk),0.59,,,,
2024,SWZ,Total,Lower-middle income (Medium risk),0.035,,,,
2013,SWZ,Total,Medium-income (Low risk),0.092,,,,
2014,SWZ,Total,Medium-income (Low risk),0.1,,,,
2015,SWZ,Total,Medium-income (Low risk),0.1,,,,
2016,SWZ,Total,Medium-income (Low risk),0.11,,,,
2017,SWZ,Total,Medium-income (Low risk),0.11,,,,
2018,SWZ,Total,Medium-income (Low risk),0.11,,,,
2019,SWZ,Total,Medium-income (Low risk),0.12,,,,
2020,SWZ,Total,Medium-income (Low risk),0.12,,,,
2021,SWZ,Total,Medium-income (Low risk),0.086,,,,
2022,SWZ,Total,Medium-income (Low risk),0.081,,,,
2023,SWZ,Total,Medium-income (Low risk),0.086,,,,
2024,SWZ,Total,Medium-income (Low risk),4.5,,,,
2013,SWZ,Total,Rural poor (High risk),0.36,,,,
2014,SWZ,Total,Rural poor (High risk),0.33,,,,
2015,SWZ,Total,Rural poor (High risk),0.34,,,,
2016,SWZ,Total,Rural poor (High risk),0.33,,,,
2017,SWZ,Total,Rural poor (High risk),0.34,,,,
2018,SWZ,Total,Rural poor (High risk),0.34,,,,
2019,SWZ,Total,Rural poor (High risk),0.33,,,,
2020,SWZ,Total,Rural poor (High risk),0.32,,,,
2021,SWZ,Total,Rural poor (High risk),0.33,,,,
2022,SWZ,Total,Rural poor (High risk),0.34,,,,
2023,SWZ,Total,Rural poor (High risk),0.34,,,,
2024,SWZ,Total,Rural poor (High risk),1.9,,,,
2013,SWZ,Total,Urban poor (High risk),0.16,,,,
2014,SWZ,Total,Urban poor (High risk),0.14,,,,
2015,SWZ,Total,Urban poor (High risk),0.13,,,,
2016,SWZ,Total,Urban poor (High risk),0.13,,,,
2017,SWZ,Total,Urban poor (High risk),0.13,,,,
2018,SWZ,Total,Urban poor (High risk),0.12,,,,
2019,SWZ,Total,Urban poor (High risk),0.12,,,,
2020,SWZ,Total,Urban poor (High risk),0.12,,,,
2021,SWZ,Total,Urban poor (High risk),0.12,,,,
2022,SWZ,Total,Urban poor (High risk),0.12,,,,
2023,SWZ,Total,Urban poor (High risk),0.12,,,,
2024,SWZ,Total,Urban poor (High risk),0.56,,,,
2013,SYR,Total,Lower-middle income (Medium risk),7.1,,,,
2014,SYR,Total,Lower-middle income (Medium risk),8.4,,,,
2015,SYR,Total,Lower-middle income (Medium risk),8.4,,,,
2016,SYR,Total,Lower-middle income (Medium risk),6.8,,,,
2017,SYR,Total,Lower-middle income (Medium risk),7,,,,
2018,SYR,Total,Lower-middle income (Medium risk),3.1,,,,
2019,SYR,Total,Lower-middle income (Medium risk),0,,,,
2020,SYR,Total,Lower-middle income (Medium risk),1.3,,,,
2021,SYR,Total,Lower-middle income (Medium risk),1.2,,,,
2022,SYR,Total,Lower-middle income (Medium risk),1.2,,,,
2023,SYR,Total,Lower-middle income (Medium risk),1.2,,,,
2024,SYR,Total,Lower-middle income (Medium risk),0.056,,,,
2013,SYR,Total,Medium-income (Low risk),2.8,,,,
2014,SYR,Total,Medium-income (Low risk),1.4,,,,
2015,SYR,Total,Medium-income (Low risk),1.2,,,,
2016,SYR,Total,Medium-income (Low risk),0.52,,,,
2017,SYR,Total,Medium-income (Low risk),0.58,,,,
2018,SYR,Total,Medium-income (Low risk),0.2,,,,
2019,SYR,Total,Medium-income (Low risk),0,,,,
2020,SYR,Total,Medium-income (Low risk),0.1,,,,
2021,SYR,Total,Medium-income (Low risk),0.1,,,,
2022,SYR,Total,Medium-income (Low risk),0.1,,,,
2023,SYR,Total,Medium-income (Low risk),0.11,,,,
2024,SYR,Total,Medium-income (Low risk),38,,,,
2013,SYR,Total,Rural poor (High risk),0.082,,,,
2014,SYR,Total,Rural poor (High risk),0.56,,,,
2015,SYR,Total,Rural poor (High risk),0.86,,,,
2016,SYR,Total,Rural poor (High risk),2.3,,,,
2017,SYR,Total,Rural poor (High risk),2.2,,,,
2018,SYR,Total,Rural poor (High risk),4.6,,,,
2019,SYR,Total,Rural poor (High risk),6.6,,,,
2020,SYR,Total,Rural poor (High risk),5.6,,,,
2021,SYR,Total,Rural poor (High risk),5.4,,,,
2022,SYR,Total,Rural poor (High risk),5.5,,,,
2023,SYR,Total,Rural poor (High risk),5.6,,,,
2024,SYR,Total,Rural poor (High risk),2.3,,,,
2013,SYR,Total,Urban poor (High risk),1.9,,,,
2014,SYR,Total,Urban poor (High risk),2.3,,,,
2015,SYR,Total,Urban poor (High risk),2.5,,,,
2016,SYR,Total,Urban poor (High risk),3.7,,,,
2017,SYR,Total,Urban poor (High risk),3.7,,,,
2018,SYR,Total,Urban poor (High risk),5.8,,,,
2019,SYR,Total,Urban poor (High risk),7.5,,,,
2020,SYR,Total,Urban poor (High risk),6.9,,,,
2021,SYR,Total,Urban poor (High risk),6.9,,,,
2022,SYR,Total,Urban poor (High risk),7.1,,,,
2023,SYR,Total,Urban poor (High risk),7.3,,,,
2024,SYR,Total,Urban poor (High risk),0.67,,,,
2013,TCD,Total,Lower-middle income (Medium risk),5.7,,,,
2014,TCD,Total,Lower-middle income (Medium risk),6.1,,,,
2015,TCD,Total,Lower-middle income (Medium risk),6.6,,,,
2016,TCD,Total,Lower-middle income (Medium risk),6.9,,,,
2017,TCD,Total,Lower-middle income (Medium risk),6.9,,,,
2018,TCD,Total,Lower-middle income (Medium risk),7,,,,
2019,TCD,Total,Lower-middle income (Medium risk),7.3,,,,
2020,TCD,Total,Lower-middle income (Medium risk),7.5,,,,
2021,TCD,Total,Lower-middle income (Medium risk),7.8,,,,
2022,TCD,Total,Lower-middle income (Medium risk),7.8,,,,
2023,TCD,Total,Lower-middle income (Medium risk),8.2,,,,
2024,TCD,Total,Lower-middle income (Medium risk),0.73,,,,
2013,TCD,Total,Medium-income (Low risk),0.63,,,,
2014,TCD,Total,Medium-income (Low risk),0.69,,,,
2015,TCD,Total,Medium-income (Low risk),0.76,,,,
2016,TCD,Total,Medium-income (Low risk),0.78,,,,
2017,TCD,Total,Medium-income (Low risk),0.65,,,,
2018,TCD,Total,Medium-income (Low risk),0.59,,,,
2019,TCD,Total,Medium-income (Low risk),0.6,,,,
2020,TCD,Total,Medium-income (Low risk),0.62,,,,
2021,TCD,Total,Medium-income (Low risk),0.52,,,,
2022,TCD,Total,Medium-income (Low risk),0.84,,,,
2023,TCD,Total,Medium-income (Low risk),0.76,,,,
2024,TCD,Total,Medium-income (Low risk),9.3,,,,
2013,TCD,Total,Rural poor (High risk),3.5,,,,
2014,TCD,Total,Rural poor (High risk),3.4,,,,
2015,TCD,Total,Rural poor (High risk),3.2,,,,
2016,TCD,Total,Rural poor (High risk),3.1,,,,
2017,TCD,Total,Rural poor (High risk),3.6,,,,
2018,TCD,Total,Rural poor (High risk),4,,,,
2019,TCD,Total,Rural poor (High risk),4.1,,,,
2020,TCD,Total,Rural poor (High risk),4.1,,,,
2021,TCD,Total,Rural poor (High risk),4.3,,,,
2022,TCD,Total,Rural poor (High risk),4.3,,,,
2023,TCD,Total,Rural poor (High risk),4.4,,,,
2024,TCD,Total,Rural poor (High risk),14,,,,
2013,TCD,Total,Urban poor (High risk),2.8,,,,
2014,TCD,Total,Urban poor (High risk),2.9,,,,
2015,TCD,Total,Urban poor (High risk),3.1,,,,
2016,TCD,Total,Urban poor (High risk),3.2,,,,
2017,TCD,Total,Urban poor (High risk),3.3,,,,
2018,TCD,Total,Urban poor (High risk),3.4,,,,
2019,TCD,Total,Urban poor (High risk),3.6,,,,
2020,TCD,Total,Urban poor (High risk),3.8,,,,
2021,TCD,Total,Urban poor (High risk),3.9,,,,
2022,TCD,Total,Urban poor (High risk),4.1,,,,
2023,TCD,Total,Urban poor (High risk),4.3,,,,
2024,TCD,Total,Urban poor (High risk),1.1,,,,
2013,TGO,Total,Lower-middle income (Medium risk),1.3,,,,
2014,TGO,Total,Lower-middle income (Medium risk),1.5,,,,
2015,TGO,Total,Lower-middle income (Medium risk),1.7,,,,
2016,TGO,Total,Lower-middle income (Medium risk),1.8,,,,
2017,TGO,Total,Lower-middle income (Medium risk),2.6,,,,
2018,TGO,Total,Lower-middle income (Medium risk),3.2,,,,
2019,TGO,Total,Lower-middle income (Medium risk),3.7,,,,
2020,TGO,Total,Lower-middle income (Medium risk),4.1,,,,
2021,TGO,Total,Lower-middle income (Medium risk),4.3,,,,
2022,TGO,Total,Lower-middle income (Medium risk),4.4,,,,
2023,TGO,Total,Lower-middle income (Medium risk),4.5,,,,
2024,TGO,Total,Lower-middle income (Medium risk),0,,,,
2013,TGO,Total,Medium-income (Low risk),0.14,,,,
2014,TGO,Total,Medium-income (Low risk),0.14,,,,
2015,TGO,Total,Medium-income (Low risk),0.14,,,,
2016,TGO,Total,Medium-income (Low risk),0.14,,,,
2017,TGO,Total,Medium-income (Low risk),0.23,,,,
2018,TGO,Total,Medium-income (Low risk),0.33,,,,
2019,TGO,Total,Medium-income (Low risk),0.46,,,,
2020,TGO,Total,Medium-income (Low risk),0.54,,,,
2021,TGO,Total,Medium-income (Low risk),0.43,,,,
2022,TGO,Total,Medium-income (Low risk),0.52,,,,
2023,TGO,Total,Medium-income (Low risk),0.65,,,,
2024,TGO,Total,Medium-income (Low risk),114,,,,
2013,TGO,Total,Rural poor (High risk),2.9,,,,
2014,TGO,Total,Rural poor (High risk),2.9,,,,
2015,TGO,Total,Rural poor (High risk),2.9,,,,
2016,TGO,Total,Rural poor (High risk),2.9,,,,
2017,TGO,Total,Rural poor (High risk),2.4,,,,
2018,TGO,Total,Rural poor (High risk),2.1,,,,
2019,TGO,Total,Rural poor (High risk),1.7,,,,
2020,TGO,Total,Rural poor (High risk),1.5,,,,
2021,TGO,Total,Rural poor (High risk),1.6,,,,
2022,TGO,Total,Rural poor (High risk),1.6,,,,
2023,TGO,Total,Rural poor (High risk),1.6,,,,
2024,TGO,Total,Rural poor (High risk),7.4,,,,
2013,TGO,Total,Urban poor (High risk),2.6,,,,
2014,TGO,Total,Urban poor (High risk),2.6,,,,
2015,TGO,Total,Urban poor (High risk),2.6,,,,
2016,TGO,Total,Urban poor (High risk),2.6,,,,
2017,TGO,Total,Urban poor (High risk),2.4,,,,
2018,TGO,Total,Urban poor (High risk),2.2,,,,
2019,TGO,Total,Urban poor (High risk),2.1,,,,
2020,TGO,Total,Urban poor (High risk),1.9,,,,
2021,TGO,Total,Urban poor (High risk),2,,,,
2022,TGO,Total,Urban poor (High risk),2,,,,
2023,TGO,Total,Urban poor (High risk),2,,,,
2024,TGO,Total,Urban poor (High risk),0.42,,,,
2013,THA,Total,Lower-middle income (Medium risk),28,,,,
2014,THA,Total,Lower-middle income (Medium risk),27,,,,
2015,THA,Total,Lower-middle income (Medium risk),26,,,,
2016,THA,Total,Lower-middle income (Medium risk),23,,,,
2017,THA,Total,Lower-middle income (Medium risk),25,,,,
2018,THA,Total,Lower-middle income (Medium risk),24,,,,
2019,THA,Total,Lower-middle income (Medium risk),25,,,,
2020,THA,Total,Lower-middle income (Medium risk),23,,,,
2021,THA,Total,Lower-middle income (Medium risk),24,,,,
2022,THA,Total,Lower-middle income (Medium risk),26,,,,
2023,THA,Total,Lower-middle income (Medium risk),25,,,,
2024,THA,Total,Lower-middle income (Medium risk),49,,,,
2013,THA,Total,Medium-income (Low risk),24,,,,
2014,THA,Total,Medium-income (Low risk),25,,,,
2015,THA,Total,Medium-income (Low risk),26,,,,
2016,THA,Total,Medium-income (Low risk),29,,,,
2017,THA,Total,Medium-income (Low risk),28,,,,
2018,THA,Total,Medium-income (Low risk),28,,,,
2019,THA,Total,Medium-income (Low risk),27,,,,
2020,THA,Total,Medium-income (Low risk),29,,,,
2021,THA,Total,Medium-income (Low risk),28,,,,
2022,THA,Total,Medium-income (Low risk),27,,,,
2023,THA,Total,Medium-income (Low risk),28,,,,
2024,THA,Total,Medium-income (Low risk),128,,,,
2013,THA,Total,Rural poor (High risk),0.055,,,,
2014,THA,Total,Rural poor (High risk),0.027,,,,
2015,THA,Total,Rural poor (High risk),0.041,,,,
2016,THA,Total,Rural poor (High risk),0.023,,,,
2017,THA,Total,Rural poor (High risk),0.018,,,,
2018,THA,Total,Rural poor (High risk),0.018,,,,
2019,THA,Total,Rural poor (High risk),0.013,,,,
2020,THA,Total,Rural poor (High risk),0.044,,,,
2021,THA,Total,Rural poor (High risk),0.043,,,,
2022,THA,Total,Rural poor (High risk),0.043,,,,
2023,THA,Total,Rural poor (High risk),0.043,,,,
2024,THA,Total,Rural poor (High risk),1,,,,
2013,THA,Total,Urban poor (High risk),2.5,,,,
2014,THA,Total,Urban poor (High risk),2.4,,,,
2015,THA,Total,Urban poor (High risk),2.3,,,,
2016,THA,Total,Urban poor (High risk),2.2,,,,
2017,THA,Total,Urban poor (High risk),2.1,,,,
2018,THA,Total,Urban poor (High risk),2.1,,,,
2019,THA,Total,Urban poor (High risk),2,,,,
2020,THA,Total,Urban poor (High risk),1.9,,,,
2021,THA,Total,Urban poor (High risk),1.8,,,,
2022,THA,Total,Urban poor (High risk),1.7,,,,
2023,THA,Total,Urban poor (High risk),1.6,,,,
2024,THA,Total,Urban poor (High risk),2.4,,,,
2013,TKM,Total,Lower-middle income (Medium risk),0.73,,,,
2014,TKM,Total,Lower-middle income (Medium risk),0.71,,,,
2015,TKM,Total,Lower-middle income (Medium risk),0.69,,,,
2016,TKM,Total,Lower-middle income (Medium risk),0.68,,,,
2017,TKM,Total,Lower-middle income (Medium risk),0.67,,,,
2018,TKM,Total,Lower-middle income (Medium risk),0.66,,,,
2019,TKM,Total,Lower-middle income (Medium risk),0.65,,,,
2020,TKM,Total,Lower-middle income (Medium risk),0.63,,,,
2021,TKM,Total,Lower-middle income (Medium risk),0.69,,,,
2022,TKM,Total,Lower-middle income (Medium risk),0.69,,,,
2023,TKM,Total,Lower-middle income (Medium risk),0.69,,,,
2024,TKM,Total,Lower-middle income (Medium risk),0.066,,,,
2013,TKM,Total,Medium-income (Low risk),0.23,,,,
2014,TKM,Total,Medium-income (Low risk),0.26,,,,
2015,TKM,Total,Medium-income (Low risk),0.29,,,,
2016,TKM,Total,Medium-income (Low risk),0.31,,,,
2017,TKM,Total,Medium-income (Low risk),0.33,,,,
2018,TKM,Total,Medium-income (Low risk),0.35,,,,
2019,TKM,Total,Medium-income (Low risk),0.36,,,,
2020,TKM,Total,Medium-income (Low risk),0.39,,,,
2021,TKM,Total,Medium-income (Low risk),0.38,,,,
2022,TKM,Total,Medium-income (Low risk),0.38,,,,
2023,TKM,Total,Medium-income (Low risk),0.38,,,,
2024,TKM,Total,Medium-income (Low risk),0.099,,,,
2013,TKM,Total,Rural poor (High risk),0.031,,,,
2014,TKM,Total,Rural poor (High risk),0.024,,,,
2015,TKM,Total,Rural poor (High risk),0.021,,,,
2016,TKM,Total,Rural poor (High risk),0.017,,,,
2017,TKM,Total,Rural poor (High risk),0.015,,,,
2018,TKM,Total,Rural poor (High risk),0.014,,,,
2019,TKM,Total,Rural poor (High risk),0.013,,,,
2020,TKM,Total,Rural poor (High risk),0.0093,,,,
2021,TKM,Total,Rural poor (High risk),0.014,,,,
2022,TKM,Total,Rural poor (High risk),0.014,,,,
2023,TKM,Total,Rural poor (High risk),0.014,,,,
2024,TKM,Total,Rural poor (High risk),5.5,,,,
2013,TKM,Total,Urban poor (High risk),0.06,,,,
2014,TKM,Total,Urban poor (High risk),0.055,,,,
2015,TKM,Total,Urban poor (High risk),0.054,,,,
2016,TKM,Total,Urban poor (High risk),0.052,,,,
2017,TKM,Total,Urban poor (High risk),0.05,,,,
2018,TKM,Total,Urban poor (High risk),0.05,,,,
2019,TKM,Total,Urban poor (High risk),0.05,,,,
2020,TKM,Total,Urban poor (High risk),0.049,,,,
2021,TKM,Total,Urban poor (High risk),0.053,,,,
2022,TKM,Total,Urban poor (High risk),0.053,,,,
2023,TKM,Total,Urban poor (High risk),0.053,,,,
2024,TKM,Total,Urban poor (High risk),0.56,,,,
2013,TLS,Total,Lower-middle income (Medium risk),0.57,,,,
2014,TLS,Total,Lower-middle income (Medium risk),0.67,,,,
2015,TLS,Total,Lower-middle income (Medium risk),0.75,,,,
2016,TLS,Total,Lower-middle income (Medium risk),0.74,,,,
2017,TLS,Total,Lower-middle income (Medium risk),0.79,,,,
2018,TLS,Total,Lower-middle income (Medium risk),0.82,,,,
2019,TLS,Total,Lower-middle income (Medium risk),0.84,,,,
2020,TLS,Total,Lower-middle income (Medium risk),0.87,,,,
2021,TLS,Total,Lower-middle income (Medium risk),0.79,,,,
2022,TLS,Total,Lower-middle income (Medium risk),0.84,,,,
2023,TLS,Total,Lower-middle income (Medium risk),0.91,,,,
2024,TLS,Total,Lower-middle income (Medium risk),7.5,,,,
2013,TLS,Total,Medium-income (Low risk),0.0091,,,,
2014,TLS,Total,Medium-income (Low risk),0.013,,,,
2015,TLS,Total,Medium-income (Low risk),0.017,,,,
2016,TLS,Total,Medium-income (Low risk),0.015,,,,
2017,TLS,Total,Medium-income (Low risk),0.018,,,,
2018,TLS,Total,Medium-income (Low risk),0.019,,,,
2019,TLS,Total,Medium-income (Low risk),0.019,,,,
2020,TLS,Total,Medium-income (Low risk),0.021,,,,
2021,TLS,Total,Medium-income (Low risk),0.019,,,,
2022,TLS,Total,Medium-income (Low risk),0.017,,,,
2023,TLS,Total,Medium-income (Low risk),0.018,,,,
2024,TLS,Total,Medium-income (Low risk),51,,,,
2013,TLS,Total,Rural poor (High risk),0.33,,,,
2014,TLS,Total,Rural poor (High risk),0.27,,,,
2015,TLS,Total,Rural poor (High risk),0.23,,,,
2016,TLS,Total,Rural poor (High risk),0.26,,,,
2017,TLS,Total,Rural poor (High risk),0.23,,,,
2018,TLS,Total,Rural poor (High risk),0.22,,,,
2019,TLS,Total,Rural poor (High risk),0.22,,,,
2020,TLS,Total,Rural poor (High risk),0.21,,,,
2021,TLS,Total,Rural poor (High risk),0.29,,,,
2022,TLS,Total,Rural poor (High risk),0.27,,,,
2023,TLS,Total,Rural poor (High risk),0.22,,,,
2024,TLS,Total,Rural poor (High risk),4.8,,,,
2013,TLS,Total,Urban poor (High risk),0.23,,,,
2014,TLS,Total,Urban poor (High risk),0.21,,,,
2015,TLS,Total,Urban poor (High risk),0.19,,,,
2016,TLS,Total,Urban poor (High risk),0.2,,,,
2017,TLS,Total,Urban poor (High risk),0.18,,,,
2018,TLS,Total,Urban poor (High risk),0.18,,,,
2019,TLS,Total,Urban poor (High risk),0.18,,,,
2020,TLS,Total,Urban poor (High risk),0.18,,,,
2021,TLS,Total,Urban poor (High risk),0.21,,,,
2022,TLS,Total,Urban poor (High risk),0.2,,,,
2023,TLS,Total,Urban poor (High risk),0.18,,,,
2024,TLS,Total,Urban poor (High risk),4.6,,,,
2013,TUR,Total,Lower-middle income (Medium risk),1.7,,,,
2014,TUR,Total,Lower-middle income (Medium risk),1.6,,,,
2015,TUR,Total,Lower-middle income (Medium risk),1.6,,,,
2016,TUR,Total,Lower-middle income (Medium risk),1.7,,,,
2017,TUR,Total,Lower-middle income (Medium risk),1.6,,,,
2018,TUR,Total,Lower-middle income (Medium risk),1.4,,,,
2019,TUR,Total,Lower-middle income (Medium risk),1.4,,,,
2020,TUR,Total,Lower-middle income (Medium risk),1.5,,,,
2021,TUR,Total,Lower-middle income (Medium risk),1.4,,,,
2022,TUR,Total,Lower-middle income (Medium risk),1.4,,,,
2023,TUR,Total,Lower-middle income (Medium risk),1.4,,,,
2024,TUR,Total,Lower-middle income (Medium risk),0.31,,,,
2013,TUR,Total,Medium-income (Low risk),3,,,,
2014,TUR,Total,Medium-income (Low risk),3,,,,
2015,TUR,Total,Medium-income (Low risk),3.1,,,,
2016,TUR,Total,Medium-income (Low risk),3.1,,,,
2017,TUR,Total,Medium-income (Low risk),3.1,,,,
2018,TUR,Total,Medium-income (Low risk),3.2,,,,
2019,TUR,Total,Medium-income (Low risk),3.3,,,,
2020,TUR,Total,Medium-income (Low risk),3.2,,,,
2021,TUR,Total,Medium-income (Low risk),3.1,,,,
2022,TUR,Total,Medium-income (Low risk),3.2,,,,
2023,TUR,Total,Medium-income (Low risk),3.3,,,,
2024,TUR,Total,Medium-income (Low risk),37,,,,
2013,TUR,Total,Rural poor (High risk),0.0033,,,,
2014,TUR,Total,Rural poor (High risk),0.011,,,,
2015,TUR,Total,Rural poor (High risk),0.0074,,,,
2016,TUR,Total,Rural poor (High risk),0.0078,,,,
2017,TUR,Total,Rural poor (High risk),0.0075,,,,
2018,TUR,Total,Rural poor (High risk),0.0051,,,,
2019,TUR,Total,Rural poor (High risk),0.0015,,,,
2020,TUR,Total,Rural poor (High risk),0.014,,,,
2021,TUR,Total,Rural poor (High risk),0.013,,,,
2022,TUR,Total,Rural poor (High risk),0.013,,,,
2023,TUR,Total,Rural poor (High risk),0.013,,,,
2024,TUR,Total,Rural poor (High risk),2.3,,,,
2013,TUR,Total,Urban poor (High risk),0.64,,,,
2014,TUR,Total,Urban poor (High risk),0.64,,,,
2015,TUR,Total,Urban poor (High risk),0.62,,,,
2016,TUR,Total,Urban poor (High risk),0.63,,,,
2017,TUR,Total,Urban poor (High risk),0.63,,,,
2018,TUR,Total,Urban poor (High risk),0.64,,,,
2019,TUR,Total,Urban poor (High risk),0.64,,,,
2020,TUR,Total,Urban poor (High risk),0.68,,,,
2021,TUR,Total,Urban poor (High risk),0.67,,,,
2022,TUR,Total,Urban poor (High risk),0.69,,,,
2023,TUR,Total,Urban poor (High risk),0.7,,,,
2024,TUR,Total,Urban poor (High risk),1.8,,,,
2013,UGA,Total,Lower-middle income (Medium risk),15,,,,
2014,UGA,Total,Lower-middle income (Medium risk),15,,,,
2015,UGA,Total,Lower-middle income (Medium risk),15,,,,
2016,UGA,Total,Lower-middle income (Medium risk),15,,,,
2017,UGA,Total,Lower-middle income (Medium risk),15,,,,
2018,UGA,Total,Lower-middle income (Medium risk),16,,,,
2019,UGA,Total,Lower-middle income (Medium risk),17,,,,
2020,UGA,Total,Lower-middle income (Medium risk),18,,,,
2021,UGA,Total,Lower-middle income (Medium risk),18,,,,
2022,UGA,Total,Lower-middle income (Medium risk),18,,,,
2023,UGA,Total,Lower-middle income (Medium risk),20,,,,
2024,UGA,Total,Lower-middle income (Medium risk),0.12,,,,
2013,UGA,Total,Medium-income (Low risk),1.3,,,,
2014,UGA,Total,Medium-income (Low risk),1.4,,,,
2015,UGA,Total,Medium-income (Low risk),1.4,,,,
2016,UGA,Total,Medium-income (Low risk),1.4,,,,
2017,UGA,Total,Medium-income (Low risk),1.4,,,,
2018,UGA,Total,Medium-income (Low risk),1.4,,,,
2019,UGA,Total,Medium-income (Low risk),1.4,,,,
2020,UGA,Total,Medium-income (Low risk),1.3,,,,
2021,UGA,Total,Medium-income (Low risk),1.1,,,,
2022,UGA,Total,Medium-income (Low risk),1.9,,,,
2023,UGA,Total,Medium-income (Low risk),1.6,,,,
2024,UGA,Total,Medium-income (Low risk),470,,,,
2013,UGA,Total,Rural poor (High risk),11,,,,
2014,UGA,Total,Rural poor (High risk),11,,,,
2015,UGA,Total,Rural poor (High risk),12,,,,
2016,UGA,Total,Rural poor (High risk),13,,,,
2017,UGA,Total,Rural poor (High risk),14,,,,
2018,UGA,Total,Rural poor (High risk),14,,,,
2019,UGA,Total,Rural poor (High risk),14,,,,
2020,UGA,Total,Rural poor (High risk),15,,,,
2021,UGA,Total,Rural poor (High risk),15,,,,
2022,UGA,Total,Rural poor (High risk),15,,,,
2023,UGA,Total,Rural poor (High risk),15,,,,
2024,UGA,Total,Rural poor (High risk),1,,,,
2013,UGA,Total,Urban poor (High risk),6.6,,,,
2014,UGA,Total,Urban poor (High risk),6.9,,,,
2015,UGA,Total,Urban poor (High risk),7.4,,,,
2016,UGA,Total,Urban poor (High risk),7.8,,,,
2017,UGA,Total,Urban poor (High risk),8.2,,,,
2018,UGA,Total,Urban poor (High risk),8.5,,,,
2019,UGA,Total,Urban poor (High risk),8.6,,,,
2020,UGA,Total,Urban poor (High risk),9,,,,
2021,UGA,Total,Urban poor (High risk),9.5,,,,
2022,UGA,Total,Urban poor (High risk),9.8,,,,
2023,UGA,Total,Urban poor (High risk),10,,,,
2024,UGA,Total,Urban poor (High risk),2.4,,,,
2013,UZB,Total,Lower-middle income (Medium risk),0.55,,,,
2014,UZB,Total,Lower-middle income (Medium risk),0.66,,,,
2015,UZB,Total,Lower-middle income (Medium risk),0.76,,,,
2016,UZB,Total,Lower-middle income (Medium risk),0.88,,,,
2017,UZB,Total,Lower-middle income (Medium risk),0.97,,,,
2018,UZB,Total,Lower-middle income (Medium risk),1,,,,
2019,UZB,Total,Lower-middle income (Medium risk),1.1,,,,
2020,UZB,Total,Lower-middle income (Medium risk),1.2,,,,
2021,UZB,Total,Lower-middle income (Medium risk),1.2,,,,
2022,UZB,Total,Lower-middle income (Medium risk),1.3,,,,
2023,UZB,Total,Lower-middle income (Medium risk),1.3,,,,
2024,UZB,Total,Lower-middle income (Medium risk),0.21,,,,
2013,UZB,Total,Medium-income (Low risk),0.031,,,,
2014,UZB,Total,Medium-income (Low risk),0.039,,,,
2015,UZB,Total,Medium-income (Low risk),0.044,,,,
2016,UZB,Total,Medium-income (Low risk),0.053,,,,
2017,UZB,Total,Medium-income (Low risk),0.059,,,,
2018,UZB,Total,Medium-income (Low risk),0.064,,,,
2019,UZB,Total,Medium-income (Low risk),0.071,,,,
2020,UZB,Total,Medium-income (Low risk),0.077,,,,
2021,UZB,Total,Medium-income (Low risk),0.078,,,,
2022,UZB,Total,Medium-income (Low risk),0.079,,,,
2023,UZB,Total,Medium-income (Low risk),0.081,,,,
2024,UZB,Total,Medium-income (Low risk),0.17,,,,
2013,UZB,Total,Rural poor (High risk),0.68,,,,
2014,UZB,Total,Rural poor (High risk),0.65,,,,
2015,UZB,Total,Rural poor (High risk),0.61,,,,
2016,UZB,Total,Rural poor (High risk),0.56,,,,
2017,UZB,Total,Rural poor (High risk),0.53,,,,
2018,UZB,Total,Rural poor (High risk),0.52,,,,
2019,UZB,Total,Rural poor (High risk),0.49,,,,
2020,UZB,Total,Rural poor (High risk),0.46,,,,
2021,UZB,Total,Rural poor (High risk),0.46,,,,
2022,UZB,Total,Rural poor (High risk),0.47,,,,
2023,UZB,Total,Rural poor (High risk),0.48,,,,
2024,UZB,Total,Rural poor (High risk),70,,,,
2013,UZB,Total,Urban poor (High risk),0.95,,,,
2014,UZB,Total,Urban poor (High risk),0.92,,,,
2015,UZB,Total,Urban poor (High risk),0.9,,,,
2016,UZB,Total,Urban poor (High risk),0.88,,,,
2017,UZB,Total,Urban poor (High risk),0.86,,,,
2018,UZB,Total,Urban poor (High risk),0.86,,,,
2019,UZB,Total,Urban poor (High risk),0.84,,,,
2020,UZB,Total,Urban poor (High risk),0.83,,,,
2021,UZB,Total,Urban poor (High risk),0.84,,,,
2022,UZB,Total,Urban poor (High risk),0.85,,,,
2023,UZB,Total,Urban poor (High risk),0.87,,,,
2024,UZB,Total,Urban poor (High risk),0.12,,,,
2013,VEN,Total,Lower-middle income (Medium risk),0.86,,,,
2014,VEN,Total,Lower-middle income (Medium risk),0.87,,,,
2015,VEN,Total,Lower-middle income (Medium risk),0.99,,,,
2016,VEN,Total,Lower-middle income (Medium risk),0.99,,,,
2017,VEN,Total,Lower-middle income (Medium risk),0.99,,,,
2018,VEN,Total,Lower-middle income (Medium risk),0.96,,,,
2019,VEN,Total,Lower-middle income (Medium risk),0.93,,,,
2020,VEN,Total,Lower-middle income (Medium risk),0.92,,,,
2021,VEN,Total,Lower-middle income (Medium risk),0.91,,,,
2022,VEN,Total,Lower-middle income (Medium risk),0.91,,,,
2023,VEN,Total,Lower-middle income (Medium risk),0.91,,,,
2024,VEN,Total,Lower-middle income (Medium risk),0.79,,,,
2013,VEN,Total,Medium-income (Low risk),1.4,,,,
2014,VEN,Total,Medium-income (Low risk),1.4,,,,
2015,VEN,Total,Medium-income (Low risk),1.4,,,,
2016,VEN,Total,Medium-income (Low risk),1.4,,,,
2017,VEN,Total,Medium-income (Low risk),1.4,,,,
2018,VEN,Total,Medium-income (Low risk),1.3,,,,
2019,VEN,Total,Medium-income (Low risk),1.3,,,,
2020,VEN,Total,Medium-income (Low risk),1.3,,,,
2021,VEN,Total,Medium-income (Low risk),1.3,,,,
2022,VEN,Total,Medium-income (Low risk),1.3,,,,
2023,VEN,Total,Medium-income (Low risk),1.3,,,,
2024,VEN,Total,Medium-income (Low risk),19,,,,
2013,VEN,Total,Rural poor (High risk),0.093,,,,
2014,VEN,Total,Rural poor (High risk),0.094,,,,
2015,VEN,Total,Rural poor (High risk),0.1,,,,
2016,VEN,Total,Rural poor (High risk),0.1,,,,
2017,VEN,Total,Rural poor (High risk),0.1,,,,
2018,VEN,Total,Rural poor (High risk),0.1,,,,
2019,VEN,Total,Rural poor (High risk),0.099,,,,
2020,VEN,Total,Rural poor (High risk),0.097,,,,
2021,VEN,Total,Rural poor (High risk),0.096,,,,
2022,VEN,Total,Rural poor (High risk),0.096,,,,
2023,VEN,Total,Rural poor (High risk),0.096,,,,
2024,VEN,Total,Rural poor (High risk),66,,,,
2013,VEN,Total,Urban poor (High risk),1.5,,,,
2014,VEN,Total,Urban poor (High risk),1.5,,,,
2015,VEN,Total,Urban poor (High risk),1.5,,,,
2016,VEN,Total,Urban poor (High risk),1.5,,,,
2017,VEN,Total,Urban poor (High risk),1.5,,,,
2018,VEN,Total,Urban poor (High risk),1.5,,,,
2019,VEN,Total,Urban poor (High risk),1.4,,,,
2020,VEN,Total,Urban poor (High risk),1.4,,,,
2021,VEN,Total,Urban poor (High risk),1.4,,,,
2022,VEN,Total,Urban poor (High risk),1.4,,,,
2023,VEN,Total,Urban poor (High risk),1.4,,,,
2024,VEN,Total,Urban poor (High risk),0.67,,,,
2013,VNM,Total,Lower-middle income (Medium risk),53,,,,
2014,VNM,Total,Lower-middle income (Medium risk),52,,,,
2015,VNM,Total,Lower-middle income (Medium risk),51,,,,
2016,VNM,Total,Lower-middle income (Medium risk),47,,,,
2017,VNM,Total,Lower-middle income (Medium risk),45,,,,
2018,VNM,Total,Lower-middle income (Medium risk),42,,,,
2019,VNM,Total,Lower-middle income (Medium risk),39,,,,
2020,VNM,Total,Lower-middle income (Medium risk),35,,,,
2021,VNM,Total,Lower-middle income (Medium risk),37,,,,
2022,VNM,Total,Lower-middle income (Medium risk),38,,,,
2023,VNM,Total,Lower-middle income (Medium risk),36,,,,
2024,VNM,Total,Lower-middle income (Medium risk),0,,,,
2013,VNM,Total,Medium-income (Low risk),25,,,,
2014,VNM,Total,Medium-income (Low risk),27,,,,
2015,VNM,Total,Medium-income (Low risk),29,,,,
2016,VNM,Total,Medium-income (Low risk),32,,,,
2017,VNM,Total,Medium-income (Low risk),34,,,,
2018,VNM,Total,Medium-income (Low risk),36,,,,
2019,VNM,Total,Medium-income (Low risk),38,,,,
2020,VNM,Total,Medium-income (Low risk),40,,,,
2021,VNM,Total,Medium-income (Low risk),39,,,,
2022,VNM,Total,Medium-income (Low risk),38,,,,
2023,VNM,Total,Medium-income (Low risk),41,,,,
2024,VNM,Total,Medium-income (Low risk),62,,,,
2013,VNM,Total,Rural poor (High risk),1.1,,,,
2014,VNM,Total,Rural poor (High risk),1.2,,,,
2015,VNM,Total,Rural poor (High risk),1.3,,,,
2016,VNM,Total,Rural poor (High risk),1,,,,
2017,VNM,Total,Rural poor (High risk),0.87,,,,
2018,VNM,Total,Rural poor (High risk),0.86,,,,
2019,VNM,Total,Rural poor (High risk),0.84,,,,
2020,VNM,Total,Rural poor (High risk),0.53,,,,
2021,VNM,Total,Rural poor (High risk),0.53,,,,
2022,VNM,Total,Rural poor (High risk),0.65,,,,
2023,VNM,Total,Rural poor (High risk),0.55,,,,
2024,VNM,Total,Rural poor (High risk),0.53,,,,
2013,VNM,Total,Urban poor (High risk),3.6,,,,
2014,VNM,Total,Urban poor (High risk),3.2,,,,
2015,VNM,Total,Urban poor (High risk),2.8,,,,
2016,VNM,Total,Urban poor (High risk),2.2,,,,
2017,VNM,Total,Urban poor (High risk),1.7,,,,
2018,VNM,Total,Urban poor (High risk),1.7,,,,
2019,VNM,Total,Urban poor (High risk),1.8,,,,
2020,VNM,Total,Urban poor (High risk),1.7,,,,
2021,VNM,Total,Urban poor (High risk),1.7,,,,
2022,VNM,Total,Urban poor (High risk),1.8,,,,
2023,VNM,Total,Urban poor (High risk),1.7,,,,
2024,VNM,Total,Urban poor (High risk),2.5,,,,
2013,YEM,Total,Lower-middle income (Medium risk),16,,,,
2014,YEM,Total,Lower-middle income (Medium risk),17,,,,
2015,YEM,Total,Lower-middle income (Medium risk),17,,,,
2016,YEM,Total,Lower-middle income (Medium risk),12,,,,
2017,YEM,Total,Lower-middle income (Medium risk),9.5,,,,
2018,YEM,Total,Lower-middle income (Medium risk),8,,,,
2019,YEM,Total,Lower-middle income (Medium risk),7.4,,,,
2020,YEM,Total,Lower-middle income (Medium risk),7.5,,,,
2021,YEM,Total,Lower-middle income (Medium risk),1.8,,,,
2022,YEM,Total,Lower-middle income (Medium risk),3.9,,,,
2023,YEM,Total,Lower-middle income (Medium risk),8.5,,,,
2024,YEM,Total,Lower-middle income (Medium risk),0,,,,
2013,YEM,Total,Medium-income (Low risk),1.4,,,,
2014,YEM,Total,Medium-income (Low risk),1.6,,,,
2015,YEM,Total,Medium-income (Low risk),1.6,,,,
2016,YEM,Total,Medium-income (Low risk),0.58,,,,
2017,YEM,Total,Medium-income (Low risk),0.41,,,,
2018,YEM,Total,Medium-income (Low risk),0.32,,,,
2019,YEM,Total,Medium-income (Low risk),0.31,,,,
2020,YEM,Total,Medium-income (Low risk),0.32,,,,
2021,YEM,Total,Medium-income (Low risk),0.45,,,,
2022,YEM,Total,Medium-income (Low risk),0.11,,,,
2023,YEM,Total,Medium-income (Low risk),0,,,,
2024,YEM,Total,Medium-income (Low risk),43,,,,
2013,YEM,Total,Rural poor (High risk),3.7,,,,
2014,YEM,Total,Rural poor (High risk),3.6,,,,
2015,YEM,Total,Rural poor (High risk),4.1,,,,
2016,YEM,Total,Rural poor (High risk),8.9,,,,
2017,YEM,Total,Rural poor (High risk),11,,,,
2018,YEM,Total,Rural poor (High risk),12,,,,
2019,YEM,Total,Rural poor (High risk),13,,,,
2020,YEM,Total,Rural poor (High risk),13,,,,
2021,YEM,Total,Rural poor (High risk),18,,,,
2022,YEM,Total,Rural poor (High risk),16,,,,
2023,YEM,Total,Rural poor (High risk),14,,,,
2024,YEM,Total,Rural poor (High risk),2.5,,,,
2013,YEM,Total,Urban poor (High risk),4.4,,,,
2014,YEM,Total,Urban poor (High risk),4.5,,,,
2015,YEM,Total,Urban poor (High risk),4.9,,,,
2016,YEM,Total,Urban poor (High risk),7.2,,,,
2017,YEM,Total,Urban poor (High risk),8.4,,,,
2018,YEM,Total,Urban poor (High risk),9.3,,,,
2019,YEM,Total,Urban poor (High risk),10,,,,
2020,YEM,Total,Urban poor (High risk),10,,,,
2021,YEM,Total,Urban poor (High risk),12,,,,
2022,YEM,Total,Urban poor (High risk),13,,,,
2023,YEM,Total,Urban poor (High risk),11,,,,
2024,YEM,Total,Urban poor (High risk),4.8,,,,
2024,AFG,Female,Lower-middle income (Medium risk),6,,,,
2024,AFG,Female,Medium-income (Low risk),0.49,,,,
2024,AFG,Female,Rural poor (High risk),1,,,,
2024,AFG,Female,Urban poor (High risk),1.1,,,,
2024,AGO,Female,Lower-middle income (Medium risk),7.1,,,,
2024,AGO,Female,Medium-income (Low risk),8.1,,,,
2024,AGO,Female,Rural poor (High risk),0.013,,,,
2024,AGO,Female,Urban poor (High risk),6.1,,,,
2024,ARG,Female,Lower-middle income (Medium risk),5.7,,,,
2024,ARG,Female,Medium-income (Low risk),0.99,,,,
2024,ARG,Female,Rural poor (High risk),0.3,,,,
2024,ARG,Female,Urban poor (High risk),0.53,,,,
2024,BEN,Female,Lower-middle income (Medium risk),0.99,,,,
2024,BEN,Female,Medium-income (Low risk),0.098,,,,
2024,BEN,Female,Rural poor (High risk),0.45,,,,
2024,BEN,Female,Urban poor (High risk),1.3,,,,
2024,BFA,Female,Lower-middle income (Medium risk),7.2,,,,
2024,BFA,Female,Medium-income (Low risk),0.64,,,,
2024,BFA,Female,Rural poor (High risk),1.6,,,,
2024,BFA,Female,Urban poor (High risk),2.6,,,,
2024,BGD,Female,Lower-middle income (Medium risk),2.8,,,,
2024,BGD,Female,Medium-income (Low risk),0.5,,,,
2024,BGD,Female,Rural poor (High risk),0.15,,,,
2024,BGD,Female,Urban poor (High risk),0.27,,,,
2024,BLZ,Female,Lower-middle income (Medium risk),0.33,,,,
2024,BLZ,Female,Medium-income (Low risk),0.15,,,,
2024,BLZ,Female,Rural poor (High risk),0.0097,,,,
2024,BLZ,Female,Urban poor (High risk),0.024,,,,
2024,BOL,Female,Lower-middle income (Medium risk),4.1,,,,
2024,BOL,Female,Medium-income (Low risk),0.15,,,,
2024,BOL,Female,Rural poor (High risk),13,,,,
2024,BOL,Female,Urban poor (High risk),4,,,,
2024,BRA,Female,Lower-middle income (Medium risk),1.9,,,,
2024,BRA,Female,Medium-income (Low risk),0.074,,,,
2024,BRA,Female,Rural poor (High risk),6.5,,,,
2024,BRA,Female,Urban poor (High risk),2,,,,
2024,BTN,Female,Lower-middle income (Medium risk),2.9,,,,
2024,BTN,Female,Medium-income (Low risk),1.5,,,,
2024,BTN,Female,Rural poor (High risk),0.23,,,,
2024,BTN,Female,Urban poor (High risk),1.1,,,,
2024,CAF,Female,Lower-middle income (Medium risk),1.5,,,,
2024,CAF,Female,Medium-income (Low risk),0.77,,,,
2024,CAF,Female,Rural poor (High risk),0.11,,,,
2024,CAF,Female,Urban poor (High risk),0.51,,,,
2024,CHN,Female,Lower-middle income (Medium risk),2.5,,,,
2024,CHN,Female,Medium-income (Low risk),0.56,,,,
2024,CHN,Female,Rural poor (High risk),18,,,,
2024,CHN,Female,Urban poor (High risk),14,,,,
2024,CIV,Female,Lower-middle income (Medium risk),19,,,,
2024,CIV,Female,Medium-income (Low risk),2.6,,,,
2024,CIV,Female,Rural poor (High risk),0.6,,,,
2024,CIV,Female,Urban poor (High risk),4.5,,,,
2024,CMR,Female,Lower-middle income (Medium risk),1.4,,,,
2024,CMR,Female,Medium-income (Low risk),0.33,,,,
2024,CMR,Female,Rural poor (High risk),0.074,,,,
2024,CMR,Female,Urban poor (High risk),0.67,,,,
2024,COG,Female,Lower-middle income (Medium risk),1.3,,,,
2024,COG,Female,Medium-income (Low risk),0.27,,,,
2024,COG,Female,Rural poor (High risk),8.5,,,,
2024,COG,Female,Urban poor (High risk),6.6,,,,
2024,COL,Female,Lower-middle income (Medium risk),1,,,,
2024,COL,Female,Medium-income (Low risk),0.49,,,,
2024,COL,Female,Rural poor (High risk),0.12,,,,
2024,COL,Female,Urban poor (High risk),0.13,,,,
2024,DJI,Female,Lower-middle income (Medium risk),1.5,,,,
2024,DJI,Female,Medium-income (Low risk),0.54,,,,
2024,DJI,Female,Rural poor (High risk),0.24,,,,
2024,DJI,Female,Urban poor (High risk),0.35,,,,
2024,DOM,Female,Lower-middle income (Medium risk),0.71,,,,
2024,DOM,Female,Medium-income (Low risk),0.26,,,,
2024,DOM,Female,Rural poor (High risk),0.12,,,,
2024,DOM,Female,Urban poor (High risk),0.17,,,,
2024,DZA,Female,Lower-middle income (Medium risk),20,,,,
2024,DZA,Female,Medium-income (Low risk),19,,,,
2024,DZA,Female,Rural poor (High risk),0.058,,,,
2024,DZA,Female,Urban poor (High risk),0.1,,,,
2024,ECU,Female,Lower-middle income (Medium risk),3,,,,
2024,ECU,Female,Medium-income (Low risk),4.5,,,,
2024,ECU,Female,Rural poor (High risk),0.0017,,,,
2024,ECU,Female,Urban poor (High risk),0.88,,,,
2024,EGY,Female,Lower-middle income (Medium risk),6.6,,,,
2024,EGY,Female,Medium-income (Low risk),0.18,,,,
2024,EGY,Female,Rural poor (High risk),5.3,,,,
2024,EGY,Female,Urban poor (High risk),1.2,,,,
2024,ERI,Female,Lower-middle income (Medium risk),101,,,,
2024,ERI,Female,Medium-income (Low risk),6.3,,,,
2024,ERI,Female,Rural poor (High risk),43,,,,
2024,ERI,Female,Urban poor (High risk),82,,,,
2024,ETH,Female,Lower-middle income (Medium risk),9.2,,,,
2024,ETH,Female,Medium-income (Low risk),0.71,,,,
2024,ETH,Female,Rural poor (High risk),4.7,,,,
2024,ETH,Female,Urban poor (High risk),3.8,,,,
2024,GEO,Female,Lower-middle income (Medium risk),0.14,,,,
2024,GEO,Female,Medium-income (Low risk),0.59,,,,
2024,GEO,Female,Rural poor (High risk),0,,,,
2024,GEO,Female,Urban poor (High risk),0,,,,
2024,GHA,Female,Lower-middle income (Medium risk),6.2,,,,
2024,GHA,Female,Medium-income (Low risk),0.5,,,,
2024,GHA,Female,Rural poor (High risk),3.2,,,,
2024,GHA,Female,Urban poor (High risk),0.62,,,,
2024,GIN,Female,Lower-middle income (Medium risk),3.2,,,,
2024,GIN,Female,Medium-income (Low risk),0.26,,,,
2024,GIN,Female,Rural poor (High risk),1.6,,,,
2024,GIN,Female,Urban poor (High risk),0.31,,,,
2024,GMB,Female,Lower-middle income (Medium risk),93,,,,
2024,GMB,Female,Medium-income (Low risk),6.6,,,,
2024,GMB,Female,Rural poor (High risk),3.8,,,,
2024,GMB,Female,Urban poor (High risk),20,,,,
2024,GNB,Female,Lower-middle income (Medium risk),0.94,,,,
2024,GNB,Female,Medium-income (Low risk),1.2,,,,
2024,GNB,Female,Rural poor (High risk),0.022,,,,
2024,GNB,Female,Urban poor (High risk),0.22,,,,
2024,GTM,Female,Lower-middle income (Medium risk),0.068,,,,
2024,GTM,Female,Medium-income (Low risk),0.29,,,,
2024,GTM,Female,Rural poor (High risk),0,,,,
2024,GTM,Female,Urban poor (High risk),0,,,,
2024,HND,Female,Lower-middle income (Medium risk),14,,,,
2024,HND,Female,Medium-income (Low risk),18,,,,
2024,HND,Female,Rural poor (High risk),0.19,,,,
2024,HND,Female,Urban poor (High risk),5,,,,
2024,IDN,Female,Lower-middle income (Medium risk),8.4,,,,
2024,IDN,Female,Medium-income (Low risk),5.6,,,,
2024,IDN,Female,Rural poor (High risk),0.18,,,,
2024,IDN,Female,Urban poor (High risk),0.36,,,,
2024,IND,Female,Lower-middle income (Medium risk),17,,,,
2024,IND,Female,Medium-income (Low risk),11,,,,
2024,IND,Female,Rural poor (High risk),0.35,,,,
2024,IND,Female,Urban poor (High risk),0.72,,,,
2024,IRN,Female,Lower-middle income (Medium risk),38,,,,
2024,IRN,Female,Medium-income (Low risk),8.6,,,,
2024,IRN,Female,Rural poor (High risk),1.7,,,,
2024,IRN,Female,Urban poor (High risk),8,,,,
2024,IRQ,Female,Lower-middle income (Medium risk),13,,,,
2024,IRQ,Female,Medium-income (Low risk),1.8,,,,
2024,IRQ,Female,Rural poor (High risk),0.99,,,,
2024,IRQ,Female,Urban poor (High risk),2.5,,,,
2024,JOR,Female,Lower-middle income (Medium risk),21,,,,
2024,JOR,Female,Medium-income (Low risk),7.8,,,,
2024,JOR,Female,Rural poor (High risk),0.076,,,,
2024,JOR,Female,Urban poor (High risk),1.9,,,,
2024,KEN,Female,Lower-middle income (Medium risk),10,,,,
2024,KEN,Female,Medium-income (Low risk),3.7,,,,
2024,KEN,Female,Rural poor (High risk),0.035,,,,
2024,KEN,Female,Urban poor (High risk),0.8,,,,
2024,KHM,Female,Lower-middle income (Medium risk),2.9,,,,
2024,KHM,Female,Medium-income (Low risk),0.67,,,,
2024,KHM,Female,Rural poor (High risk),0.14,,,,
2024,KHM,Female,Urban poor (High risk),1.3,,,,
2024,LAO,Female,Lower-middle income (Medium risk),6.6,,,,
2024,LAO,Female,Medium-income (Low risk),0.93,,,,
2024,LAO,Female,Rural poor (High risk),0.49,,,,
2024,LAO,Female,Urban poor (High risk),1.2,,,,
2024,LBN,Female,Lower-middle income (Medium risk),0.73,,,,
2024,LBN,Female,Medium-income (Low risk),0.05,,,,
2024,LBN,Female,Rural poor (High risk),0.25,,,,
2024,LBN,Female,Urban poor (High risk),0.48,,,,
2024,LBR,Female,Lower-middle income (Medium risk),0,,,,
2024,LBR,Female,Medium-income (Low risk),0,,,,
2024,LBR,Female,Rural poor (High risk),0,,,,
2024,LBR,Female,Urban poor (High risk),0.29,,,,
2024,LKA,Female,Lower-middle income (Medium risk),0.0057,,,,
2024,LKA,Female,Medium-income (Low risk),0.013,,,,
2024,LKA,Female,Rural poor (High risk),0,,,,
2024,LKA,Female,Urban poor (High risk),0,,,,
2024,MAR,Female,Lower-middle income (Medium risk),17,,,,
2024,MAR,Female,Medium-income (Low risk),0.66,,,,
2024,MAR,Female,Rural poor (High risk),15,,,,
2024,MAR,Female,Urban poor (High risk),18,,,,
2024,MEX,Female,Lower-middle income (Medium risk),6.4,,,,
2024,MEX,Female,Medium-income (Low risk),0.004,,,,
2024,MEX,Female,Rural poor (High risk),1.6,,,,
2024,MEX,Female,Urban poor (High risk),1.6,,,,
2024,MLI,Female,Lower-middle income (Medium risk),0.94,,,,
2024,MLI,Female,Medium-income (Low risk),0.04,,,,
2024,MLI,Female,Rural poor (High risk),3.7,,,,
2024,MLI,Female,Urban poor (High risk),1.2,,,,
2024,MMR,Female,Lower-middle income (Medium risk),9.6,,,,
2024,MMR,Female,Medium-income (Low risk),15,,,,
2024,MMR,Female,Rural poor (High risk),0.0018,,,,
2024,MMR,Female,Urban poor (High risk),0.76,,,,
2024,MOZ,Female,Lower-middle income (Medium risk),8.1,,,,
2024,MOZ,Female,Medium-income (Low risk),0.33,,,,
2024,MOZ,Female,Rural poor (High risk),7.5,,,,
2024,MOZ,Female,Urban poor (High risk),8.9,,,,
2024,MRT,Female,Lower-middle income (Medium risk),8.6,,,,
2024,MRT,Female,Medium-income (Low risk),2.1,,,,
2024,MRT,Female,Rural poor (High risk),0.14,,,,
2024,MRT,Female,Urban poor (High risk),0.03,,,,
2024,MWI,Female,Lower-middle income (Medium risk),2.2,,,,
2024,MWI,Female,Medium-income (Low risk),0.082,,,,
2024,MWI,Female,Rural poor (High risk),7.3,,,,
2024,MWI,Female,Urban poor (High risk),2.4,,,,
2024,NAM,Female,Lower-middle income (Medium risk),0.63,,,,
2024,NAM,Female,Medium-income (Low risk),0.0098,,,,
2024,NAM,Female,Rural poor (High risk),0.47,,,,
2024,NAM,Female,Urban poor (High risk),0.29,,,,
2024,NER,Female,Lower-middle income (Medium risk),0.32,,,,
2024,NER,Female,Medium-income (Low risk),0.0049,,,,
2024,NER,Female,Rural poor (High risk),0.24,,,,
2024,NER,Female,Urban poor (High risk),0.14,,,,
2024,NGA,Female,Lower-middle income (Medium risk),2.6,,,,
2024,NGA,Female,Medium-income (Low risk),0.25,,,,
2024,NGA,Female,Rural poor (High risk),0.78,,,,
2024,NGA,Female,Urban poor (High risk),1.1,,,,
2024,NPL,Female,Lower-middle income (Medium risk),3.2,,,,
2024,NPL,Female,Medium-income (Low risk),0.002,,,,
2024,NPL,Female,Rural poor (High risk),0.8,,,,
2024,NPL,Female,Urban poor (High risk),0.77,,,,
2024,PAK,Female,Lower-middle income (Medium risk),22,,,,
2024,PAK,Female,Medium-income (Low risk),1.7,,,,
2024,PAK,Female,Rural poor (High risk),15,,,,
2024,PAK,Female,Urban poor (High risk),11,,,,
2024,PER,Female,Lower-middle income (Medium risk),16,,,,
2024,PER,Female,Medium-income (Low risk),0.46,,,,
2024,PER,Female,Rural poor (High risk),15,,,,
2024,PER,Female,Urban poor (High risk),8.6,,,,
2024,PHL,Female,Lower-middle income (Medium risk),8.1,,,,
2024,PHL,Female,Medium-income (Low risk),0.23,,,,
2024,PHL,Female,Rural poor (High risk),7.8,,,,
2024,PHL,Female,Urban poor (High risk),4.3,,,,
2024,PNG,Female,Lower-middle income (Medium risk),11,,,,
2024,PNG,Female,Medium-income (Low risk),0.84,,,,
2024,PNG,Female,Rural poor (High risk),7.5,,,,
2024,PNG,Female,Urban poor (High risk),5.2,,,,
2024,PRY,Female,Lower-middle income (Medium risk),18,,,,
2024,PRY,Female,Medium-income (Low risk),22,,,,
2024,PRY,Female,Rural poor (High risk),0.31,,,,
2024,PRY,Female,Urban poor (High risk),0.8,,,,
2024,PSE,Female,Lower-middle income (Medium risk),0.14,,,,
2024,PSE,Female,Medium-income (Low risk),0.17,,,,
2024,PSE,Female,Rural poor (High risk),0.0012,,,,
2024,PSE,Female,Urban poor (High risk),0.044,,,,
2024,SDN,Female,Lower-middle income (Medium risk),0.13,,,,
2024,SDN,Female,Medium-income (Low risk),0.009,,,,
2024,SDN,Female,Rural poor (High risk),0.33,,,,
2024,SDN,Female,Urban poor (High risk),0.27,,,,
2024,SEN,Female,Lower-middle income (Medium risk),0,,,,
2024,SEN,Female,Medium-income (Low risk),0,,,,
2024,SEN,Female,Rural poor (High risk),0,,,,
2024,SEN,Female,Urban poor (High risk),0.93,,,,
2024,SLE,Female,Lower-middle income (Medium risk),0.66,,,,
2024,SLE,Female,Medium-income (Low risk),1.7,,,,
2024,SLE,Female,Rural poor (High risk),0.0037,,,,
2024,SLE,Female,Urban poor (High risk),0.0065,,,,
2024,SLV,Female,Lower-middle income (Medium risk),1.6,,,,
2024,SLV,Female,Medium-income (Low risk),2.3,,,,
2024,SLV,Female,Rural poor (High risk),0.0011,,,,
2024,SLV,Female,Urban poor (High risk),0.44,,,,
2024,SOM,Female,Lower-middle income (Medium risk),0.023,,,,
2024,SOM,Female,Medium-income (Low risk),0.0061,,,,
2024,SOM,Female,Rural poor (High risk),0.005,,,,
2024,SOM,Female,Urban poor (High risk),0.0057,,,,
2024,SSD,Female,Lower-middle income (Medium risk),0.012,,,,
2024,SSD,Female,Medium-income (Low risk),0.0031,,,,
2024,SSD,Female,Rural poor (High risk),0.0025,,,,
2024,SSD,Female,Urban poor (High risk),0.0028,,,,
2024,SWZ,Female,Lower-middle income (Medium risk),53,,,,
2024,SWZ,Female,Medium-income (Low risk),3.2,,,,
2024,SWZ,Female,Rural poor (High risk),22,,,,
2024,SWZ,Female,Urban poor (High risk),40,,,,
2024,SYR,Female,Lower-middle income (Medium risk),1.3,,,,
2024,SYR,Female,Medium-income (Low risk),0.41,,,,
2024,SYR,Female,Rural poor (High risk),0.053,,,,
2024,SYR,Female,Urban poor (High risk),0.11,,,,
2024,TCD,Female,Lower-middle income (Medium risk),10,,,,
2024,TCD,Female,Medium-income (Low risk),5.3,,,,
2024,TCD,Female,Rural poor (High risk),0.091,,,,
2024,TCD,Female,Urban poor (High risk),0.99,,,,
2024,TGO,Female,Lower-middle income (Medium risk),3,,,,
2024,TGO,Female,Medium-income (Low risk),2.1,,,,
2024,TGO,Female,Rural poor (High risk),0.13,,,,
2024,TGO,Female,Urban poor (High risk),0.16,,,,
2024,THA,Female,Lower-middle income (Medium risk),0.055,,,,
2024,THA,Female,Medium-income (Low risk),0.0043,,,,
2024,THA,Female,Rural poor (High risk),0.16,,,,
2024,THA,Female,Urban poor (High risk),0.13,,,,
2024,TKM,Female,Lower-middle income (Medium risk),0.44,,,,
2024,TKM,Female,Medium-income (Low risk),0.69,,,,
2024,TKM,Female,Rural poor (High risk),0.018,,,,
2024,TKM,Female,Urban poor (High risk),0.014,,,,
2024,TLS,Female,Lower-middle income (Medium risk),3.7,,,,
2024,TLS,Female,Medium-income (Low risk),2.6,,,,
2024,TLS,Female,Rural poor (High risk),0.24,,,,
2024,TLS,Female,Urban poor (High risk),1,,,,
2024,TUR,Female,Lower-middle income (Medium risk),0.68,,,,
2024,TUR,Female,Medium-income (Low risk),0.2,,,,
2024,TUR,Female,Rural poor (High risk),0.016,,,,
2024,TUR,Female,Urban poor (High risk),0.045,,,,
2024,UGA,Female,Lower-middle income (Medium risk),1.5,,,,
2024,UGA,Female,Medium-income (Low risk),1,,,,
2024,UGA,Female,Rural poor (High risk),0.065,,,,
2024,UGA,Female,Urban poor (High risk),0.078,,,,
2024,UZB,Female,Lower-middle income (Medium risk),0,,,,
2024,UZB,Female,Medium-income (Low risk),0,,,,
2024,UZB,Female,Rural poor (High risk),0,,,,
2024,UZB,Female,Urban poor (High risk),0,,,,
2024,VEN,Female,Lower-middle income (Medium risk),0,,,,
2024,VEN,Female,Medium-income (Low risk),0,,,,
2024,VEN,Female,Rural poor (High risk),0,,,,
2024,VEN,Female,Urban poor (High risk),0,,,,
2024,VNM,Female,Lower-middle income (Medium risk),0.049,,,,
2024,VNM,Female,Medium-income (Low risk),0.053,,,,
2024,VNM,Female,Rural poor (High risk),0.0018,,,,
2024,VNM,Female,Urban poor (High risk),0.014,,,,
2024,YEM,Female,Lower-middle income (Medium risk),12,,,,
2024,YEM,Female,Medium-income (Low risk),0.98,,,,
2024,YEM,Female,Rural poor (High risk),2.1,,,,
2024,YEM,Female,Urban poor (High risk),2.4,,,,
2024,AFG,Male,Lower-middle income (Medium risk),0.61,,,,
2024,AFG,Male,Medium-income (Low risk),0.28,,,,
2024,AFG,Male,Rural poor (High risk),0.019,,,,
2024,AFG,Male,Urban poor (High risk),0.046,,,,
2024,AGO,Male,Lower-middle income (Medium risk),7,,,,
2024,AGO,Male,Medium-income (Low risk),8.2,,,,
2024,AGO,Male,Rural poor (High risk),0.013,,,,
2024,AGO,Male,Urban poor (High risk),6.2,,,,
2024,ARG,Male,Lower-middle income (Medium risk),2.8,,,,
2024,ARG,Male,Medium-income (Low risk),0.49,,,,
2024,ARG,Male,Rural poor (High risk),0.15,,,,
2024,ARG,Male,Urban poor (High risk),0.26,,,,
2024,BEN,Male,Lower-middle income (Medium risk),1,,,,
2024,BEN,Male,Medium-income (Low risk),0.098,,,,
2024,BEN,Male,Rural poor (High risk),0.46,,,,
2024,BEN,Male,Urban poor (High risk),1.2,,,,
2024,BFA,Male,Lower-middle income (Medium risk),7.6,,,,
2024,BFA,Male,Medium-income (Low risk),0.65,,,,
2024,BFA,Male,Rural poor (High risk),1.6,,,,
2024,BFA,Male,Urban poor (High risk),2.4,,,,
2024,BGD,Male,Lower-middle income (Medium risk),2,,,,
2024,BGD,Male,Medium-income (Low risk),0.2,,,,
2024,BGD,Male,Rural poor (High risk),0.91,,,,
2024,BGD,Male,Urban poor (High risk),2.5,,,,
2024,BLZ,Male,Lower-middle income (Medium risk),0.28,,,,
2024,BLZ,Male,Medium-income (Low risk),0.13,,,,
2024,BLZ,Male,Rural poor (High risk),0.0096,,,,
2024,BLZ,Male,Urban poor (High risk),0.022,,,,
2024,BOL,Male,Lower-middle income (Medium risk),2.2,,,,
2024,BOL,Male,Medium-income (Low risk),0.077,,,,
2024,BOL,Male,Rural poor (High risk),6.8,,,,
2024,BOL,Male,Urban poor (High risk),2,,,,
2024,BRA,Male,Lower-middle income (Medium risk),15,,,,
2024,BRA,Male,Medium-income (Low risk),1.3,,,,
2024,BRA,Male,Rural poor (High risk),3.2,,,,
2024,BRA,Male,Urban poor (High risk),5,,,,
2024,BTN,Male,Lower-middle income (Medium risk),1.4,,,,
2024,BTN,Male,Medium-income (Low risk),0.78,,,,
2024,BTN,Male,Rural poor (High risk),0.12,,,,
2024,BTN,Male,Urban poor (High risk),0.61,,,,
2024,CAF,Male,Lower-middle income (Medium risk),2.1,,,,
2024,CAF,Male,Medium-income (Low risk),0.99,,,,
2024,CAF,Male,Rural poor (High risk),0.25,,,,
2024,CAF,Male,Urban poor (High risk),0.26,,,,
2024,CHN,Male,Lower-middle income (Medium risk),1.2,,,,
2024,CHN,Male,Medium-income (Low risk),0.29,,,,
2024,CHN,Male,Rural poor (High risk),9.2,,,,
2024,CHN,Male,Urban poor (High risk),7,,,,
2024,CIV,Male,Lower-middle income (Medium risk),20,,,,
2024,CIV,Male,Medium-income (Low risk),2.5,,,,
2024,CIV,Male,Rural poor (High risk),0.58,,,,
2024,CIV,Male,Urban poor (High risk),3.9,,,,
2024,CMR,Male,Lower-middle income (Medium risk),21,,,,
2024,CMR,Male,Medium-income (Low risk),11,,,,
2024,CMR,Male,Rural poor (High risk),0.18,,,,
2024,CMR,Male,Urban poor (High risk),2,,,,
2024,COG,Male,Lower-middle income (Medium risk),39,,,,
2024,COG,Male,Medium-income (Low risk),5.1,,,,
2024,COG,Male,Rural poor (High risk),1.2,,,,
2024,COG,Male,Urban poor (High risk),8.5,,,,
2024,COL,Male,Lower-middle income (Medium risk),1,,,,
2024,COL,Male,Medium-income (Low risk),0.5,,,,
2024,COL,Male,Rural poor (High risk),0.13,,,,
2024,COL,Male,Urban poor (High risk),0.13,,,,
2024,DJI,Male,Lower-middle income (Medium risk),0.74,,,,
2024,DJI,Male,Medium-income (Low risk),0.27,,,,
2024,DJI,Male,Rural poor (High risk),0.12,,,,
2024,DJI,Male,Urban poor (High risk),0.18,,,,
2024,DOM,Male,Lower-middle income (Medium risk),13,,,,
2024,DOM,Male,Medium-income (Low risk),0.37,,,,
2024,DOM,Male,Rural poor (High risk),11,,,,
2024,DOM,Male,Urban poor (High risk),2.4,,,,
2024,DZA,Male,Lower-middle income (Medium risk),14,,,,
2024,DZA,Male,Medium-income (Low risk),16,,,,
2024,DZA,Male,Rural poor (High risk),0.026,,,,
2024,DZA,Male,Urban poor (High risk),12,,,,
2024,ECU,Male,Lower-middle income (Medium risk),1.5,,,,
2024,ECU,Male,Medium-income (Low risk),2.2,,,,
2024,ECU,Male,Rural poor (High risk),0.00057,,,,
2024,ECU,Male,Urban poor (High risk),0.45,,,,
2024,EGY,Male,Lower-middle income (Medium risk),6.9,,,,
2024,EGY,Male,Medium-income (Low risk),0.19,,,,
2024,EGY,Male,Rural poor (High risk),5.4,,,,
2024,EGY,Male,Urban poor (High risk),1.2,,,,
2024,ERI,Male,Lower-middle income (Medium risk),48,,,,
2024,ERI,Male,Medium-income (Low risk),3.1,,,,
2024,ERI,Male,Rural poor (High risk),21,,,,
2024,ERI,Male,Urban poor (High risk),42,,,,
2024,ETH,Male,Lower-middle income (Medium risk),9.8,,,,
2024,ETH,Male,Medium-income (Low risk),0.7,,,,
2024,ETH,Male,Rural poor (High risk),4.3,,,,
2024,ETH,Male,Urban poor (High risk),3.4,,,,
2024,GEO,Male,Lower-middle income (Medium risk),0.072,,,,
2024,GEO,Male,Medium-income (Low risk),0.3,,,,
2024,GEO,Male,Rural poor (High risk),0,,,,
2024,GEO,Male,Urban poor (High risk),0,,,,
2024,GHA,Male,Lower-middle income (Medium risk),3,,,,
2024,GHA,Male,Medium-income (Low risk),0.24,,,,
2024,GHA,Male,Rural poor (High risk),1.6,,,,
2024,GHA,Male,Urban poor (High risk),0.31,,,,
2024,GIN,Male,Lower-middle income (Medium risk),1.9,,,,
2024,GIN,Male,Medium-income (Low risk),2.5,,,,
2024,GIN,Male,Rural poor (High risk),0.043,,,,
2024,GIN,Male,Urban poor (High risk),0.43,,,,
2024,GMB,Male,Lower-middle income (Medium risk),97,,,,
2024,GMB,Male,Medium-income (Low risk),6.8,,,,
2024,GMB,Male,Rural poor (High risk),3.3,,,,
2024,GMB,Male,Urban poor (High risk),19,,,,
2024,GNB,Male,Lower-middle income (Medium risk),0.96,,,,
2024,GNB,Male,Medium-income (Low risk),1.2,,,,
2024,GNB,Male,Rural poor (High risk),0.021,,,,
2024,GNB,Male,Urban poor (High risk),0.21,,,,
2024,GTM,Male,Lower-middle income (Medium risk),27,,,,
2024,GTM,Male,Medium-income (Low risk),35,,,,
2024,GTM,Male,Rural poor (High risk),0.38,,,,
2024,GTM,Male,Urban poor (High risk),9.7,,,,
2024,HND,Male,Lower-middle income (Medium risk),13,,,,
2024,HND,Male,Medium-income (Low risk),17,,,,
2024,HND,Male,Rural poor (High risk),0.19,,,,
2024,HND,Male,Urban poor (High risk),4.7,,,,
2024,IDN,Male,Lower-middle income (Medium risk),75,,,,
2024,IDN,Male,Medium-income (Low risk),17,,,,
2024,IDN,Male,Rural poor (High risk),3.4,,,,
2024,IDN,Male,Urban poor (High risk),16,,,,
2024,IND,Male,Lower-middle income (Medium risk),8.5,,,,
2024,IND,Male,Medium-income (Low risk),5.7,,,,
2024,IND,Male,Rural poor (High risk),0.17,,,,
2024,IND,Male,Urban poor (High risk),0.35,,,,
2024,IRN,Male,Lower-middle income (Medium risk),37,,,,
2024,IRN,Male,Medium-income (Low risk),8.6,,,,
2024,IRN,Male,Rural poor (High risk),1.7,,,,
2024,IRN,Male,Urban poor (High risk),8.5,,,,
2024,IRQ,Male,Lower-middle income (Medium risk),6.2,,,,
2024,IRQ,Male,Medium-income (Low risk),0.89,,,,
2024,IRQ,Male,Rural poor (High risk),0.5,,,,
2024,IRQ,Male,Urban poor (High risk),1.3,,,,
2024,JOR,Male,Lower-middle income (Medium risk),11,,,,
2024,JOR,Male,Medium-income (Low risk),4,,,,
2024,JOR,Male,Rural poor (High risk),0.041,,,,
2024,JOR,Male,Urban poor (High risk),1.1,,,,
2024,KEN,Male,Lower-middle income (Medium risk),1.5,,,,
2024,KEN,Male,Medium-income (Low risk),0.1,,,,
2024,KEN,Male,Rural poor (High risk),0.5,,,,
2024,KEN,Male,Urban poor (High risk),0.92,,,,
2024,KHM,Male,Lower-middle income (Medium risk),1.5,,,,
2024,KHM,Male,Medium-income (Low risk),0.34,,,,
2024,KHM,Male,Rural poor (High risk),0.071,,,,
2024,KHM,Male,Urban poor (High risk),0.67,,,,
2024,LAO,Male,Lower-middle income (Medium risk),0,,,,
2024,LAO,Male,Medium-income (Low risk),0,,,,
2024,LAO,Male,Rural poor (High risk),0,,,,
2024,LAO,Male,Urban poor (High risk),0.58,,,,
2024,LBN,Male,Lower-middle income (Medium risk),0.76,,,,
2024,LBN,Male,Medium-income (Low risk),0.05,,,,
2024,LBN,Male,Rural poor (High risk),0.25,,,,
2024,LBN,Male,Urban poor (High risk),0.44,,,,
2024,LBR,Male,Lower-middle income (Medium risk),0,,,,
2024,LBR,Male,Medium-income (Low risk),0,,,,
2024,LBR,Male,Rural poor (High risk),0,,,,
2024,LBR,Male,Urban poor (High risk),0.29,,,,
2024,LKA,Male,Lower-middle income (Medium risk),0.0066,,,,
2024,LKA,Male,Medium-income (Low risk),0.015,,,,
2024,LKA,Male,Rural poor (High risk),0,,,,
2024,LKA,Male,Urban poor (High risk),0,,,,
2024,MAR,Male,Lower-middle income (Medium risk),8.9,,,,
2024,MAR,Male,Medium-income (Low risk),0.33,,,,
2024,MAR,Male,Rural poor (High risk),7.4,,,,
2024,MAR,Male,Urban poor (High risk),8.7,,,,
2024,MEX,Male,Lower-middle income (Medium risk),3.1,,,,
2024,MEX,Male,Medium-income (Low risk),0.002,,,,
2024,MEX,Male,Rural poor (High risk),0.85,,,,
2024,MEX,Male,Urban poor (High risk),0.82,,,,
2024,MLI,Male,Lower-middle income (Medium risk),17,,,,
2024,MLI,Male,Medium-income (Low risk),4,,,,
2024,MLI,Male,Rural poor (High risk),0.29,,,,
2024,MLI,Male,Urban poor (High risk),0.061,,,,
2024,MMR,Male,Lower-middle income (Medium risk),9.2,,,,
2024,MMR,Male,Medium-income (Low risk),15,,,,
2024,MMR,Male,Rural poor (High risk),0.0017,,,,
2024,MMR,Male,Urban poor (High risk),0.7,,,,
2024,MOZ,Male,Lower-middle income (Medium risk),19,,,,
2024,MOZ,Male,Medium-income (Low risk),30,,,,
2024,MOZ,Male,Rural poor (High risk),0.0035,,,,
2024,MOZ,Male,Urban poor (High risk),1.5,,,,
2024,MRT,Male,Lower-middle income (Medium risk),8,,,,
2024,MRT,Male,Medium-income (Low risk),1.9,,,,
2024,MRT,Male,Rural poor (High risk),0.14,,,,
2024,MRT,Male,Urban poor (High risk),0.031,,,,
2024,MWI,Male,Lower-middle income (Medium risk),1.3,,,,
2024,MWI,Male,Medium-income (Low risk),0.042,,,,
2024,MWI,Male,Rural poor (High risk),3.6,,,,
2024,MWI,Male,Urban poor (High risk),1.2,,,,
2024,NAM,Male,Lower-middle income (Medium risk),0.31,,,,
2024,NAM,Male,Medium-income (Low risk),0.0049,,,,
2024,NAM,Male,Rural poor (High risk),0.23,,,,
2024,NAM,Male,Urban poor (High risk),0.15,,,,
2024,NER,Male,Lower-middle income (Medium risk),5.4,,,,
2024,NER,Male,Medium-income (Low risk),0.51,,,,
2024,NER,Male,Rural poor (High risk),1.5,,,,
2024,NER,Male,Urban poor (High risk),2,,,,
2024,NGA,Male,Lower-middle income (Medium risk),2.8,,,,
2024,NGA,Male,Medium-income (Low risk),0.25,,,,
2024,NGA,Male,Rural poor (High risk),0.73,,,,
2024,NGA,Male,Urban poor (High risk),0.96,,,,
2024,NPL,Male,Lower-middle income (Medium risk),1.3,,,,
2024,NPL,Male,Medium-income (Low risk),3.3,,,,
2024,NPL,Male,Rural poor (High risk),0.014,,,,
2024,NPL,Male,Urban poor (High risk),0.025,,,,
2024,PAK,Male,Lower-middle income (Medium risk),11,,,,
2024,PAK,Male,Medium-income (Low risk),0.85,,,,
2024,PAK,Male,Rural poor (High risk),7.6,,,,
2024,PAK,Male,Urban poor (High risk),5.5,,,,
2024,PER,Male,Lower-middle income (Medium risk),7.8,,,,
2024,PER,Male,Medium-income (Low risk),0.23,,,,
2024,PER,Male,Rural poor (High risk),7.7,,,,
2024,PER,Male,Urban poor (High risk),4.2,,,,
2024,PHL,Male,Lower-middle income (Medium risk),0,,,,
2024,PHL,Male,Medium-income (Low risk),0,,,,
2024,PHL,Male,Rural poor (High risk),0,,,,
2024,PHL,Male,Urban poor (High risk),1.9,,,,
2024,PNG,Male,Lower-middle income (Medium risk),35,,,,
2024,PNG,Male,Medium-income (Low risk),43,,,,
2024,PNG,Male,Rural poor (High risk),0.59,,,,
2024,PNG,Male,Urban poor (High risk),1.6,,,,
2024,PRY,Male,Lower-middle income (Medium risk),17,,,,
2024,PRY,Male,Medium-income (Low risk),21,,,,
2024,PRY,Male,Rural poor (High risk),0.28,,,,
2024,PRY,Male,Urban poor (High risk),0.78,,,,
2024,PSE,Male,Lower-middle income (Medium risk),0.14,,,,
2024,PSE,Male,Medium-income (Low risk),0.17,,,,
2024,PSE,Male,Rural poor (High risk),0.0012,,,,
2024,PSE,Male,Urban poor (High risk),0.044,,,,
2024,SDN,Male,Lower-middle income (Medium risk),0.076,,,,
2024,SDN,Male,Medium-income (Low risk),0.0047,,,,
2024,SDN,Male,Rural poor (High risk),0.17,,,,
2024,SDN,Male,Urban poor (High risk),0.13,,,,
2024,SEN,Male,Lower-middle income (Medium risk),0,,,,
2024,SEN,Male,Medium-income (Low risk),0,,,,
2024,SEN,Male,Rural poor (High risk),0,,,,
2024,SEN,Male,Urban poor (High risk),0.92,,,,
2024,SLE,Male,Lower-middle income (Medium risk),0.64,,,,
2024,SLE,Male,Medium-income (Low risk),1.7,,,,
2024,SLE,Male,Rural poor (High risk),0.011,,,,
2024,SLE,Male,Urban poor (High risk),0.019,,,,
2024,SLV,Male,Lower-middle income (Medium risk),19,,,,
2024,SLV,Male,Medium-income (Low risk),1.4,,,,
2024,SLV,Male,Rural poor (High risk),9.1,,,,
2024,SLV,Male,Urban poor (High risk),7.2,,,,
2024,SOM,Male,Lower-middle income (Medium risk),0.011,,,,
2024,SOM,Male,Medium-income (Low risk),0.003,,,,
2024,SOM,Male,Rural poor (High risk),0.0025,,,,
2024,SOM,Male,Urban poor (High risk),0.0029,,,,
2024,SSD,Male,Lower-middle income (Medium risk),0.012,,,,
2024,SSD,Male,Medium-income (Low risk),0.028,,,,
2024,SSD,Male,Rural poor (High risk),0,,,,
2024,SSD,Male,Urban poor (High risk),0,,,,
2024,SWZ,Male,Lower-middle income (Medium risk),190,,,,
2024,SWZ,Male,Medium-income (Low risk),13,,,,
2024,SWZ,Male,Rural poor (High risk),7,,,,
2024,SWZ,Male,Urban poor (High risk),39,,,,
2024,SYR,Male,Lower-middle income (Medium risk),0.67,,,,
2024,SYR,Male,Medium-income (Low risk),0.21,,,,
2024,SYR,Male,Rural poor (High risk),0.037,,,,
2024,SYR,Male,Urban poor (High risk),0.063,,,,
2024,TCD,Male,Lower-middle income (Medium risk),11,,,,
2024,TCD,Male,Medium-income (Low risk),5.4,,,,
2024,TCD,Male,Rural poor (High risk),0.091,,,,
2024,TCD,Male,Urban poor (High risk),0.96,,,,
2024,TGO,Male,Lower-middle income (Medium risk),1.5,,,,
2024,TGO,Male,Medium-income (Low risk),1.1,,,,
2024,TGO,Male,Rural poor (High risk),0.067,,,,
2024,TGO,Male,Urban poor (High risk),0.08,,,,
2024,THA,Male,Lower-middle income (Medium risk),7.5,,,,
2024,THA,Male,Medium-income (Low risk),5.1,,,,
2024,THA,Male,Rural poor (High risk),0.43,,,,
2024,THA,Male,Urban poor (High risk),1.9,,,,
2024,TKM,Male,Lower-middle income (Medium risk),0.45,,,,
2024,TKM,Male,Medium-income (Low risk),0.7,,,,
2024,TKM,Male,Rural poor (High risk),0.019,,,,
2024,TKM,Male,Urban poor (High risk),0.015,,,,
2024,TLS,Male,Lower-middle income (Medium risk),3.8,,,,
2024,TLS,Male,Medium-income (Low risk),2.5,,,,
2024,TLS,Male,Rural poor (High risk),0.19,,,,
2024,TLS,Male,Urban poor (High risk),0.85,,,,
2024,TUR,Male,Lower-middle income (Medium risk),0.89,,,,
2024,TUR,Male,Medium-income (Low risk),1.4,,,,
2024,TUR,Male,Rural poor (High risk),0.037,,,,
2024,TUR,Male,Urban poor (High risk),0.028,,,,
2024,UGA,Male,Lower-middle income (Medium risk),0.092,,,,
2024,UGA,Male,Medium-income (Low risk),0.1,,,,
2024,UGA,Male,Rural poor (High risk),0.0037,,,,
2024,UGA,Male,Urban poor (High risk),0.027,,,,
2024,UZB,Male,Lower-middle income (Medium risk),0,,,,
2024,UZB,Male,Medium-income (Low risk),0,,,,
2024,UZB,Male,Rural poor (High risk),0,,,,
2024,UZB,Male,Urban poor (High risk),0,,,,
2024,VEN,Male,Lower-middle income (Medium risk),0.28,,,,
2024,VEN,Male,Medium-income (Low risk),0.34,,,,
2024,VEN,Male,Rural poor (High risk),0.0024,,,,
2024,VEN,Male,Urban poor (High risk),0.089,,,,
2024,VNM,Male,Lower-middle income (Medium risk),0.043,,,,
2024,VNM,Male,Medium-income (Low risk),0.048,,,,
2024,VNM,Male,Rural poor (High risk),0.0019,,,,
2024,VNM,Male,Urban poor (High risk),0.013,,,,
2024,YEM,Male,Lower-middle income (Medium risk),5.7,,,,
2024,YEM,Male,Medium-income (Low risk),0.49,,,,
2024,YEM,Male,Rural poor (High risk),1.1,,,,
2024,YEM,Male,Urban poor (High risk),1.3,,,,