year,geo,value
2010,WLD,27.69230769
2015,WLD,31.79487179
2017,WLD,35.38461538
2018,WLD,37.43589744
2019,WLD,37.43589744
2021,WLD,41.02564103