year,geo,disagg_type,disagg,value
2005,WLD,All,Total,34
2006,WLD,All,Total,42
2007,WLD,All,Total,51
2008,WLD,All,Total,60
2009,WLD,All,Total,68
2010,WLD,All,Total,77
2011,WLD,All,Total,84
2012,WLD,All,Total,89
2013,WLD,All,Total,93
2014,WLD,All,Total,97
2015,WLD,All,Total,96
2016,WLD,All,Total,99
2017,WLD,All,Total,101
2018,WLD,All,Total,103
2019,WLD,All,Total,106
2020,WLD,All,Total,105
2021,WLD,All,Total,107
2022,WLD,All,Total,108
2023,WLD,All,Total,110
2024,WLD,All,Total,110
2025,WLD,All,Total,112
2015,WLD,Income level,High income,123
2016,WLD,Income level,High income,123
2017,WLD,Income level,High income,123
2018,WLD,Income level,High income,124
2019,WLD,Income level,High income,126
2020,WLD,Income level,High income,126
2021,WLD,Income level,High income,129
2022,WLD,Income level,High income,131
2023,WLD,Income level,High income,136
2024,WLD,Income level,High income,139
2025,WLD,Income level,High income,142
2015,WLD,Income level,Upper middle income,106
2016,WLD,Income level,Upper middle income,110
2017,WLD,Income level,Upper middle income,114
2018,WLD,Income level,Upper middle income,116
2019,WLD,Income level,Upper middle income,121
2020,WLD,Income level,Upper middle income,120
2021,WLD,Income level,Upper middle income,123
2022,WLD,Income level,Upper middle income,124
2023,WLD,Income level,Upper middle income,128
2024,WLD,Income level,Upper middle income,130
2025,WLD,Income level,Upper middle income,132
2015,WLD,Income level,Lower middle income,82
2016,WLD,Income level,Lower middle income,87
2017,WLD,Income level,Lower middle income,88
2018,WLD,Income level,Lower middle income,91
2019,WLD,Income level,Lower middle income,92
2020,WLD,Income level,Lower middle income,93
2021,WLD,Income level,Lower middle income,93
2022,WLD,Income level,Lower middle income,94
2023,WLD,Income level,Lower middle income,93
2024,WLD,Income level,Lower middle income,91
2025,WLD,Income level,Lower middle income,90
2015,WLD,Income level,Low income,53
2016,WLD,Income level,Low income,51
2017,WLD,Income level,Low income,51
2018,WLD,Income level,Low income,51
2019,WLD,Income level,Low income,52
2020,WLD,Income level,Low income,58
2021,WLD,Income level,Low income,60
2022,WLD,Income level,Low income,63
2023,WLD,Income level,Low income,65
2024,WLD,Income level,Low income,67
2025,WLD,Income level,Low income,69
2000,WLD,Regions,East Asia & Pacific,11
2001,WLD,Regions,East Asia & Pacific,16
2002,WLD,Regions,East Asia & Pacific,20
2003,WLD,Regions,East Asia & Pacific,25
2004,WLD,Regions,East Asia & Pacific,30
2005,WLD,Regions,East Asia & Pacific,34
2006,WLD,Regions,East Asia & Pacific,40
2007,WLD,Regions,East Asia & Pacific,48
2008,WLD,Regions,East Asia & Pacific,57
2009,WLD,Regions,East Asia & Pacific,65
2010,WLD,Regions,East Asia & Pacific,74
2011,WLD,Regions,East Asia & Pacific,84
2012,WLD,Regions,East Asia & Pacific,92
2013,WLD,Regions,East Asia & Pacific,98
2014,WLD,Regions,East Asia & Pacific,103
2015,WLD,Regions,East Asia & Pacific,104
2016,WLD,Regions,East Asia & Pacific,110
2017,WLD,Regions,East Asia & Pacific,116
2018,WLD,Regions,East Asia & Pacific,121
2019,WLD,Regions,East Asia & Pacific,128
2020,WLD,Regions,East Asia & Pacific,126
2021,WLD,Regions,East Asia & Pacific,128
2022,WLD,Regions,East Asia & Pacific,129
2023,WLD,Regions,East Asia & Pacific,131
2024,WLD,Regions,East Asia & Pacific,133
2025,WLD,Regions,East Asia & Pacific,135
2000,WLD,Regions,Europe & Central Asia,34
2001,WLD,Regions,Europe & Central Asia,42
2002,WLD,Regions,Europe & Central Asia,48
2003,WLD,Regions,Europe & Central Asia,55
2004,WLD,Regions,Europe & Central Asia,66
2005,WLD,Regions,Europe & Central Asia,81
2006,WLD,Regions,Europe & Central Asia,95
2007,WLD,Regions,Europe & Central Asia,107
2008,WLD,Regions,Europe & Central Asia,115
2009,WLD,Regions,Europe & Central Asia,120
2010,WLD,Regions,Europe & Central Asia,120
2011,WLD,Regions,Europe & Central Asia,120
2012,WLD,Regions,Europe & Central Asia,123
2013,WLD,Regions,Europe & Central Asia,125
2014,WLD,Regions,Europe & Central Asia,125
2015,WLD,Regions,Europe & Central Asia,124
2016,WLD,Regions,Europe & Central Asia,124
2017,WLD,Regions,Europe & Central Asia,123
2018,WLD,Regions,Europe & Central Asia,123
2019,WLD,Regions,Europe & Central Asia,125
2020,WLD,Regions,Europe & Central Asia,123
2021,WLD,Regions,Europe & Central Asia,126
2022,WLD,Regions,Europe & Central Asia,127
2023,WLD,Regions,Europe & Central Asia,130
2024,WLD,Regions,Europe & Central Asia,132
2025,WLD,Regions,Europe & Central Asia,135
2000,WLD,Regions,South Asia,0.33
2001,WLD,Regions,South Asia,0.59
2002,WLD,Regions,South Asia,1.1
2003,WLD,Regions,South Asia,2.6
2004,WLD,Regions,South Asia,4.2
2005,WLD,Regions,South Asia,7.6
2006,WLD,Regions,South Asia,15
2007,WLD,Regions,South Asia,22
2008,WLD,Regions,South Asia,31
2009,WLD,Regions,South Asia,43
2010,WLD,Regions,South Asia,58
2011,WLD,Regions,South Asia,67
2012,WLD,Regions,South Asia,66
2013,WLD,Regions,South Asia,69
2014,WLD,Regions,South Asia,72
2015,WLD,Regions,South Asia,74
2016,WLD,Regions,South Asia,82
2017,WLD,Regions,South Asia,85
2018,WLD,Regions,South Asia,86
2019,WLD,Regions,South Asia,84
2020,WLD,Regions,South Asia,86
2021,WLD,Regions,South Asia,86
2022,WLD,Regions,South Asia,85
2023,WLD,Regions,South Asia,85
2024,WLD,Regions,South Asia,83
2025,WLD,Regions,South Asia,82
2000,WLD,Regions,Latin America & Caribbean,12
2001,WLD,Regions,Latin America & Caribbean,16
2002,WLD,Regions,Latin America & Caribbean,19
2003,WLD,Regions,Latin America & Caribbean,23
2004,WLD,Regions,Latin America & Caribbean,32
2005,WLD,Regions,Latin America & Caribbean,43
2006,WLD,Regions,Latin America & Caribbean,54
2007,WLD,Regions,Latin America & Caribbean,67
2008,WLD,Regions,Latin America & Caribbean,80
2009,WLD,Regions,Latin America & Caribbean,88
2010,WLD,Regions,Latin America & Caribbean,97
2011,WLD,Regions,Latin America & Caribbean,106
2012,WLD,Regions,Latin America & Caribbean,111
2013,WLD,Regions,Latin America & Caribbean,116
2014,WLD,Regions,Latin America & Caribbean,116
2015,WLD,Regions,Latin America & Caribbean,112
2016,WLD,Regions,Latin America & Caribbean,111
2017,WLD,Regions,Latin America & Caribbean,107
2018,WLD,Regions,Latin America & Caribbean,106
2019,WLD,Regions,Latin America & Caribbean,103
2020,WLD,Regions,Latin America & Caribbean,103
2021,WLD,Regions,Latin America & Caribbean,109
2022,WLD,Regions,Latin America & Caribbean,110
2023,WLD,Regions,Latin America & Caribbean,113
2024,WLD,Regions,Latin America & Caribbean,115
2025,WLD,Regions,Latin America & Caribbean,117
2000,WLD,Regions,"Middle East, North Africa, Afghanistan & Pakistan",4.5
2001,WLD,Regions,"Middle East, North Africa, Afghanistan & Pakistan",7.4
2002,WLD,Regions,"Middle East, North Africa, Afghanistan & Pakistan",10
2003,WLD,Regions,"Middle East, North Africa, Afghanistan & Pakistan",13
2004,WLD,Regions,"Middle East, North Africa, Afghanistan & Pakistan",18
2005,WLD,Regions,"Middle East, North Africa, Afghanistan & Pakistan",28
2006,WLD,Regions,"Middle East, North Africa, Afghanistan & Pakistan",40
2007,WLD,Regions,"Middle East, North Africa, Afghanistan & Pakistan",55
2008,WLD,Regions,"Middle East, North Africa, Afghanistan & Pakistan",66
2009,WLD,Regions,"Middle East, North Africa, Afghanistan & Pakistan",79
2010,WLD,Regions,"Middle East, North Africa, Afghanistan & Pakistan",89
2011,WLD,Regions,"Middle East, North Africa, Afghanistan & Pakistan",95
2012,WLD,Regions,"Middle East, North Africa, Afghanistan & Pakistan",100
2013,WLD,Regions,"Middle East, North Africa, Afghanistan & Pakistan",106
2014,WLD,Regions,"Middle East, North Africa, Afghanistan & Pakistan",106
2015,WLD,Regions,"Middle East, North Africa, Afghanistan & Pakistan",105
2016,WLD,Regions,"Middle East, North Africa, Afghanistan & Pakistan",104
2017,WLD,Regions,"Middle East, North Africa, Afghanistan & Pakistan",103
2018,WLD,Regions,"Middle East, North Africa, Afghanistan & Pakistan",102
2019,WLD,Regions,"Middle East, North Africa, Afghanistan & Pakistan",108
2020,WLD,Regions,"Middle East, North Africa, Afghanistan & Pakistan",95
2021,WLD,Regions,"Middle East, North Africa, Afghanistan & Pakistan",98
2022,WLD,Regions,"Middle East, North Africa, Afghanistan & Pakistan",102
2023,WLD,Regions,"Middle East, North Africa, Afghanistan & Pakistan",102
2024,WLD,Regions,"Middle East, North Africa, Afghanistan & Pakistan",105
2025,WLD,Regions,"Middle East, North Africa, Afghanistan & Pakistan",107
2000,WLD,Regions,North America,38
2001,WLD,Regions,North America,44
2002,WLD,Regions,North America,48
2003,WLD,Regions,North America,54
2004,WLD,Regions,North America,61
2005,WLD,Regions,North America,67
2006,WLD,Regions,North America,75
2007,WLD,Regions,North America,80
2008,WLD,Regions,North America,84
2009,WLD,Regions,North America,87
2010,WLD,Regions,North America,90
2011,WLD,Regions,North America,93
2012,WLD,Regions,North America,95
2013,WLD,Regions,North America,96
2014,WLD,Regions,North America,98
2015,WLD,Regions,North America,100
2016,WLD,Regions,North America,101
2017,WLD,Regions,North America,101
2018,WLD,Regions,North America,102
2019,WLD,Regions,North America,104
2020,WLD,Regions,North America,102
2021,WLD,Regions,North America,104
2022,WLD,Regions,North America,107
2023,WLD,Regions,North America,111
2024,WLD,Regions,North America,111
2025,WLD,Regions,North America,112
2000,WLD,Regions,Sub-Saharan Africa,1.7
2001,WLD,Regions,Sub-Saharan Africa,2.5
2002,WLD,Regions,Sub-Saharan Africa,3.6
2003,WLD,Regions,Sub-Saharan Africa,5.0
2004,WLD,Regions,Sub-Saharan Africa,7.4
2005,WLD,Regions,Sub-Saharan Africa,12
2006,WLD,Regions,Sub-Saharan Africa,18
2007,WLD,Regions,Sub-Saharan Africa,23
2008,WLD,Regions,Sub-Saharan Africa,32
2009,WLD,Regions,Sub-Saharan Africa,37
2010,WLD,Regions,Sub-Saharan Africa,44
2011,WLD,Regions,Sub-Saharan Africa,52
2012,WLD,Regions,Sub-Saharan Africa,59
2013,WLD,Regions,Sub-Saharan Africa,65
2014,WLD,Regions,Sub-Saharan Africa,69
2015,WLD,Regions,Sub-Saharan Africa,73
2016,WLD,Regions,Sub-Saharan Africa,72
2017,WLD,Regions,Sub-Saharan Africa,71
2018,WLD,Regions,Sub-Saharan Africa,74
2019,WLD,Regions,Sub-Saharan Africa,77
2020,WLD,Regions,Sub-Saharan Africa,81
2021,WLD,Regions,Sub-Saharan Africa,83
2022,WLD,Regions,Sub-Saharan Africa,88
2023,WLD,Regions,Sub-Saharan Africa,90
2024,WLD,Regions,Sub-Saharan Africa,89
2025,WLD,Regions,Sub-Saharan Africa,90
2000,ABW,All,Total,17
2001,ABW,All,Total,59
2002,ABW,All,Total,68
2003,ABW,All,Total,76
2004,ABW,All,Total,106
2005,ABW,All,Total,110
2006,ABW,All,Total,114
2007,ABW,All,Total,118
2008,ABW,All,Total,124
2009,ABW,All,Total,129
2010,ABW,All,Total,132
2012,ABW,All,Total,133
2013,ABW,All,Total,135
2014,ABW,All,Total,135
2015,ABW,All,Total,135
2019,ABW,All,Total,132
2020,ABW,All,Total,131
2021,ABW,All,Total,131
2022,ABW,All,Total,131
2000,AFG,All,Total,0
2001,AFG,All,Total,0
2002,AFG,All,Total,0.12
2003,AFG,All,Total,0.88
2004,AFG,All,Total,2.5
2005,AFG,All,Total,4.9
2006,AFG,All,Total,9.9
2007,AFG,All,Total,18
2008,AFG,All,Total,30
2009,AFG,All,Total,38
2010,AFG,All,Total,36
2011,AFG,All,Total,47
2012,AFG,All,Total,50
2013,AFG,All,Total,53
2014,AFG,All,Total,56
2015,AFG,All,Total,58
2016,AFG,All,Total,62
2017,AFG,All,Total,67
2018,AFG,All,Total,60
2019,AFG,All,Total,60
2020,AFG,All,Total,58
2021,AFG,All,Total,57
2022,AFG,All,Total,56
2023,AFG,All,Total,56
2024,AFG,All,Total,60
2000,AGO,All,Total,0.16
2001,AGO,All,Total,0.45
2002,AGO,All,Total,0.81
2003,AGO,All,Total,2.0
2004,AGO,All,Total,4.0
2005,AGO,All,Total,8.4
2006,AGO,All,Total,15
2007,AGO,All,Total,24
2008,AGO,All,Total,31
2009,AGO,All,Total,36
2010,AGO,All,Total,40
2011,AGO,All,Total,50
2012,AGO,All,Total,51
2013,AGO,All,Total,51
2014,AGO,All,Total,52
2015,AGO,All,Total,49
2016,AGO,All,Total,45
2017,AGO,All,Total,44
2018,AGO,All,Total,42
2019,AGO,All,Total,46
2020,AGO,All,Total,44
2021,AGO,All,Total,44
2022,AGO,All,Total,67
2023,AGO,All,Total,70
2024,AGO,All,Total,70
2000,ALB,All,Total,0.94
2001,ALB,All,Total,12
2002,ALB,All,Total,27
2003,ALB,All,Total,35
2004,ALB,All,Total,41
2005,ALB,All,Total,50
2006,ALB,All,Total,63
2007,ALB,All,Total,77
2008,ALB,All,Total,62
2009,ALB,All,Total,83
2010,ALB,All,Total,92
2011,ALB,All,Total,106
2012,ALB,All,Total,120
2013,ALB,All,Total,127
2014,ALB,All,Total,116
2015,ALB,All,Total,117
2016,ALB,All,Total,116
2017,ALB,All,Total,125
2018,ALB,All,Total,94
2019,ALB,All,Total,91
2020,ALB,All,Total,91
2021,ALB,All,Total,92
2022,ALB,All,Total,98
2023,ALB,All,Total,93
2024,ALB,All,Total,89
2000,AND,All,Total,36
2001,AND,All,Total,45
2002,AND,All,Total,49
2003,AND,All,Total,75
2004,AND,All,Total,79
2005,AND,All,Total,83
2006,AND,All,Total,87
2007,AND,All,Total,78
2008,AND,All,Total,77
2009,AND,All,Total,77
2010,AND,All,Total,81
2011,AND,All,Total,84
2012,AND,All,Total,83
2013,AND,All,Total,85
2014,AND,All,Total,90
2015,AND,All,Total,99
2016,AND,All,Total,105
2017,AND,All,Total,109
2018,AND,All,Total,110
2019,AND,All,Total,115
2020,AND,All,Total,104
2021,AND,All,Total,120
2022,AND,All,Total,142
2023,AND,All,Total,156
2024,AND,All,Total,156
2000,ARE,All,Total,41
2001,ARE,All,Total,51
2002,ARE,All,Total,61
2003,ARE,All,Total,71
2004,ARE,All,Total,83
2005,ARE,All,Total,97
2006,ARE,All,Total,110
2007,ARE,All,Total,137
2008,ARE,All,Total,148
2009,ARE,All,Total,159
2010,ARE,All,Total,157
2011,ARE,All,Total,163
2012,ARE,All,Total,184
2013,ARE,All,Total,205
2014,ARE,All,Total,204
2015,ARE,All,Total,207
2016,ARE,All,Total,220
2017,ARE,All,Total,215
2018,ARE,All,Total,215
2019,ARE,All,Total,209
2020,ARE,All,Total,194
2021,ARE,All,Total,186
2022,ARE,All,Total,196
2023,ARE,All,Total,199
2024,ARE,All,Total,203
2000,ARG,All,Total,17
2001,ARG,All,Total,18
2002,ARG,All,Total,17
2003,ARG,All,Total,20
2004,ARG,All,Total,35
2005,ARG,All,Total,56
2006,ARG,All,Total,80
2007,ARG,All,Total,101
2008,ARG,All,Total,115
2009,ARG,All,Total,128
2010,ARG,All,Total,138
2011,ARG,All,Total,146
2012,ARG,All,Total,153
2013,ARG,All,Total,158
2014,ARG,All,Total,142
2015,ARG,All,Total,142
2016,ARG,All,Total,145
2017,ARG,All,Total,140
2018,ARG,All,Total,131
2019,ARG,All,Total,125
2020,ARG,All,Total,121
2021,ARG,All,Total,130
2022,ARG,All,Total,131
2023,ARG,All,Total,138
2024,ARG,All,Total,140
2000,ARM,All,Total,0.56
2001,ARM,All,Total,0.83
2002,ARM,All,Total,2.3
2003,ARM,All,Total,3.8
2004,ARM,All,Total,6.7
2005,ARM,All,Total,11
2006,ARM,All,Total,42
2007,ARM,All,Total,63
2008,ARM,All,Total,49
2009,ARM,All,Total,74
2010,ARM,All,Total,132
2011,ARM,All,Total,110
2012,ARM,All,Total,114
2013,ARM,All,Total,114
2014,ARM,All,Total,118
2015,ARM,All,Total,119
2016,ARM,All,Total,118
2017,ARM,All,Total,120
2018,ARM,All,Total,123
2019,ARM,All,Total,125
2020,ARM,All,Total,121
2021,ARM,All,Total,125
2022,ARM,All,Total,131
2023,ARM,All,Total,135
2024,ARM,All,Total,135
2000,ASM,All,Total,3.5
2001,ASM,All,Total,3.8
2002,ASM,All,Total,3.6
2003,ASM,All,Total,3.7
2004,ASM,All,Total,4.0
2000,ATG,All,Total,29
2001,ATG,All,Total,33
2002,ATG,All,Total,50
2003,ATG,All,Total,59
2004,ATG,All,Total,69
2005,ATG,All,Total,108
2006,ATG,All,Total,137
2007,ATG,All,Total,138
2008,ATG,All,Total,165
2009,ATG,All,Total,160
2010,ATG,All,Total,197
2011,ATG,All,Total,204
2012,ATG,All,Total,146
2013,ATG,All,Total,130
2014,ATG,All,Total,135
2015,ATG,All,Total,197
2016,ATG,All,Total,200
2017,ATG,All,Total,203
2019,ATG,All,Total,201
2020,ATG,All,Total,200
2021,ATG,All,Total,199
2022,ATG,All,Total,201
2000,AUS,All,Total,45
2001,AUS,All,Total,57
2002,AUS,All,Total,65
2003,AUS,All,Total,72
2004,AUS,All,Total,82
2005,AUS,All,Total,91
2006,AUS,All,Total,96
2007,AUS,All,Total,101
2008,AUS,All,Total,104
2009,AUS,All,Total,102
2010,AUS,All,Total,102
2011,AUS,All,Total,106
2012,AUS,All,Total,106
2013,AUS,All,Total,107
2014,AUS,All,Total,106
2015,AUS,All,Total,108
2016,AUS,All,Total,109
2017,AUS,All,Total,108
2018,AUS,All,Total,110
2019,AUS,All,Total,110
2020,AUS,All,Total,105
2021,AUS,All,Total,105
2022,AUS,All,Total,109
2023,AUS,All,Total,113
2024,AUS,All,Total,113
2000,AUT,All,Total,76
2001,AUT,All,Total,81
2002,AUT,All,Total,83
2003,AUT,All,Total,90
2004,AUT,All,Total,98
2005,AUT,All,Total,105
2006,AUT,All,Total,112
2007,AUT,All,Total,119
2008,AUT,All,Total,130
2009,AUT,All,Total,137
2010,AUT,All,Total,146
2011,AUT,All,Total,155
2012,AUT,All,Total,161
2013,AUT,All,Total,156
2014,AUT,All,Total,152
2015,AUT,All,Total,156
2016,AUT,All,Total,127
2017,AUT,All,Total,123
2018,AUT,All,Total,124
2019,AUT,All,Total,121
2020,AUT,All,Total,120
2021,AUT,All,Total,121
2022,AUT,All,Total,121
2023,AUT,All,Total,122
2024,AUT,All,Total,124
2000,AZE,All,Total,5.1
2001,AZE,All,Total,8.8
2002,AZE,All,Total,9.5
2003,AZE,All,Total,13
2004,AZE,All,Total,17
2005,AZE,All,Total,26
2006,AZE,All,Total,38
2007,AZE,All,Total,51
2008,AZE,All,Total,73
2009,AZE,All,Total,86
2010,AZE,All,Total,99
2011,AZE,All,Total,109
2012,AZE,All,Total,108
2013,AZE,All,Total,107
2014,AZE,All,Total,110
2015,AZE,All,Total,110
2016,AZE,All,Total,103
2017,AZE,All,Total,102
2018,AZE,All,Total,103
2019,AZE,All,Total,106
2020,AZE,All,Total,102
2021,AZE,All,Total,106
2022,AZE,All,Total,108
2023,AZE,All,Total,108
2024,AZE,All,Total,110
2000,BDI,All,Total,0.25
2001,BDI,All,Total,0.50
2002,BDI,All,Total,0.76
2003,BDI,All,Total,0.91
2004,BDI,All,Total,1.4
2005,BDI,All,Total,2.0
2006,BDI,All,Total,2.5
2007,BDI,All,Total,3.3
2008,BDI,All,Total,5.7
2009,BDI,All,Total,10
2010,BDI,All,Total,18
2011,BDI,All,Total,20
2012,BDI,All,Total,22
2013,BDI,All,Total,24
2014,BDI,All,Total,30
2015,BDI,All,Total,45
2016,BDI,All,Total,48
2017,BDI,All,Total,51
2018,BDI,All,Total,53
2019,BDI,All,Total,53
2020,BDI,All,Total,53
2021,BDI,All,Total,60
2022,BDI,All,Total,56
2023,BDI,All,Total,63
2000,BEL,All,Total,55
2001,BEL,All,Total,75
2002,BEL,All,Total,78
2003,BEL,All,Total,83
2004,BEL,All,Total,88
2005,BEL,All,Total,92
2006,BEL,All,Total,93
2007,BEL,All,Total,101
2008,BEL,All,Total,106
2009,BEL,All,Total,109
2010,BEL,All,Total,111
2011,BEL,All,Total,113
2012,BEL,All,Total,111
2013,BEL,All,Total,110
2014,BEL,All,Total,114
2015,BEL,All,Total,113
2016,BEL,All,Total,111
2017,BEL,All,Total,100
2018,BEL,All,Total,100
2019,BEL,All,Total,100
2020,BEL,All,Total,100
2021,BEL,All,Total,101
2022,BEL,All,Total,102
2023,BEL,All,Total,103
2024,BEL,All,Total,104
2000,BEN,All,Total,0.77
2001,BEN,All,Total,1.7
2002,BEN,All,Total,2.9
2003,BEN,All,Total,3.0
2004,BEN,All,Total,5.6
2005,BEN,All,Total,7.1
2006,BEN,All,Total,12
2007,BEN,All,Total,23
2008,BEN,All,Total,39
2009,BEN,All,Total,53
2010,BEN,All,Total,72
2011,BEN,All,Total,77
2012,BEN,All,Total,81
2013,BEN,All,Total,90
2014,BEN,All,Total,79
2015,BEN,All,Total,82
2016,BEN,All,Total,76
2017,BEN,All,Total,73
2018,BEN,All,Total,76
2019,BEN,All,Total,81
2020,BEN,All,Total,85
2021,BEN,All,Total,95
2022,BEN,All,Total,106
2023,BEN,All,Total,116
2024,BEN,All,Total,126
2000,BFA,All,Total,0.21
2001,BFA,All,Total,0.62
2002,BFA,All,Total,0.88
2003,BFA,All,Total,1.8
2004,BFA,All,Total,2.9
2005,BFA,All,Total,4.5
2006,BFA,All,Total,7.1
2007,BFA,All,Total,13
2008,BFA,All,Total,20
2009,BFA,All,Total,24
2010,BFA,All,Total,35
2011,BFA,All,Total,46
2012,BFA,All,Total,58
2013,BFA,All,Total,64
2014,BFA,All,Total,69
2015,BFA,All,Total,77
2016,BFA,All,Total,80
2017,BFA,All,Total,90
2018,BFA,All,Total,95
2019,BFA,All,Total,97
2020,BFA,All,Total,103
2021,BFA,All,Total,112
2022,BFA,All,Total,114
2023,BFA,All,Total,116
2024,BFA,All,Total,117
2000,BGD,All,Total,0.21
2001,BGD,All,Total,0.38
2002,BGD,All,Total,0.77
2003,BGD,All,Total,0.97
2004,BGD,All,Total,1.9
2005,BGD,All,Total,6.2
2006,BGD,All,Total,13
2007,BGD,All,Total,23
2008,BGD,All,Total,30
2009,BGD,All,Total,34
2010,BGD,All,Total,45
2011,BGD,All,Total,55
2012,BGD,All,Total,63
2013,BGD,All,Total,74
2014,BGD,All,Total,80
2015,BGD,All,Total,82
2016,BGD,All,Total,85
2017,BGD,All,Total,93
2018,BGD,All,Total,99
2019,BGD,All,Total,100
2020,BGD,All,Total,106
2021,BGD,All,Total,110
2022,BGD,All,Total,110
2023,BGD,All,Total,111
2024,BGD,All,Total,108
2000,BGR,All,Total,9.2
2001,BGR,All,Total,20
2002,BGR,All,Total,33
2003,BGR,All,Total,45
2004,BGR,All,Total,61
2005,BGR,All,Total,81
2006,BGR,All,Total,108
2007,BGR,All,Total,130
2008,BGR,All,Total,138
2009,BGR,All,Total,140
2010,BGR,All,Total,137
2011,BGR,All,Total,142
2012,BGR,All,Total,147
2013,BGR,All,Total,144
2014,BGR,All,Total,131
2015,BGR,All,Total,128
2016,BGR,All,Total,126
2017,BGR,All,Total,121
2018,BGR,All,Total,119
2019,BGR,All,Total,117
2020,BGR,All,Total,115
2021,BGR,All,Total,115
2022,BGR,All,Total,117
2023,BGR,All,Total,118
2024,BGR,All,Total,118
2000,BHR,All,Total,31
2001,BHR,All,Total,43
2002,BHR,All,Total,52
2003,BHR,All,Total,55
2004,BHR,All,Total,75
2005,BHR,All,Total,82
2006,BHR,All,Total,91
2007,BHR,All,Total,106
2008,BHR,All,Total,129
2009,BHR,All,Total,118
2010,BHR,All,Total,129
2011,BHR,All,Total,140
2012,BHR,All,Total,175
2013,BHR,All,Total,176
2014,BHR,All,Total,177
2015,BHR,All,Total,184
2016,BHR,All,Total,209
2017,BHR,All,Total,160
2018,BHR,All,Total,140
2019,BHR,All,Total,129
2020,BHR,All,Total,119
2021,BHR,All,Total,128
2022,BHR,All,Total,140
2023,BHR,All,Total,154
2024,BHR,All,Total,160
2000,BHS,All,Total,9.7
2001,BHS,All,Total,18
2002,BHS,All,Total,37
2003,BHS,All,Total,36
2004,BHS,All,Total,55
2005,BHS,All,Total,66
2006,BHS,All,Total,73
2007,BHS,All,Total,106
2008,BHS,All,Total,100
2009,BHS,All,Total,99
2010,BHS,All,Total,117
2011,BHS,All,Total,80
2012,BHS,All,Total,80
2013,BHS,All,Total,76
2014,BHS,All,Total,82
2015,BHS,All,Total,81
2016,BHS,All,Total,93
2017,BHS,All,Total,91
2018,BHS,All,Total,99
2019,BHS,All,Total,108
2020,BHS,All,Total,118
2021,BHS,All,Total,100
2022,BHS,All,Total,102
2023,BHS,All,Total,100
2024,BHS,All,Total,97
2000,BIH,All,Total,2.2
2001,BIH,All,Total,11
2002,BIH,All,Total,18
2003,BIH,All,Total,26
2004,BIH,All,Total,34
2005,BIH,All,Total,39
2006,BIH,All,Total,46
2007,BIH,All,Total,61
2008,BIH,All,Total,81
2009,BIH,All,Total,84
2010,BIH,All,Total,82
2011,BIH,All,Total,85
2012,BIH,All,Total,91
2013,BIH,All,Total,97
2014,BIH,All,Total,98
2015,BIH,All,Total,98
2016,BIH,All,Total,98
2017,BIH,All,Total,100
2018,BIH,All,Total,102
2019,BIH,All,Total,112
2020,BIH,All,Total,106
2021,BIH,All,Total,115
2022,BIH,All,Total,119
2023,BIH,All,Total,118
2024,BIH,All,Total,121
2000,BLR,All,Total,0.49
2001,BLR,All,Total,1.4
2002,BLR,All,Total,4.7
2003,BLR,All,Total,11
2004,BLR,All,Total,23
2005,BLR,All,Total,42
2006,BLR,All,Total,62
2007,BLR,All,Total,73
2008,BLR,All,Total,85
2009,BLR,All,Total,102
2010,BLR,All,Total,109
2011,BLR,All,Total,113
2012,BLR,All,Total,113
2013,BLR,All,Total,117
2014,BLR,All,Total,120
2015,BLR,All,Total,121
2016,BLR,All,Total,120
2017,BLR,All,Total,120
2018,BLR,All,Total,123
2019,BLR,All,Total,123
2020,BLR,All,Total,125
2021,BLR,All,Total,127
2022,BLR,All,Total,128
2023,BLR,All,Total,129
2024,BLR,All,Total,131
2000,BLZ,All,Total,7.0
2001,BLZ,All,Total,16
2002,BLZ,All,Total,20
2003,BLZ,All,Total,23
2004,BLZ,All,Total,28
2005,BLZ,All,Total,34
2006,BLZ,All,Total,41
2007,BLZ,All,Total,40
2008,BLZ,All,Total,53
2009,BLZ,All,Total,52
2010,BLZ,All,Total,61
2011,BLZ,All,Total,68
2012,BLZ,All,Total,52
2013,BLZ,All,Total,51
2014,BLZ,All,Total,49
2015,BLZ,All,Total,59
2016,BLZ,All,Total,61
2017,BLZ,All,Total,64
2018,BLZ,All,Total,65
2019,BLZ,All,Total,66
2020,BLZ,All,Total,68
2021,BLZ,All,Total,67
2022,BLZ,All,Total,67
2000,BMU,All,Total,21
2001,BMU,All,Total,22
2002,BMU,All,Total,48
2003,BMU,All,Total,64
2004,BMU,All,Total,78
2005,BMU,All,Total,84
2006,BMU,All,Total,96
2007,BMU,All,Total,110
2008,BMU,All,Total,125
2009,BMU,All,Total,134
2010,BMU,All,Total,138
2012,BMU,All,Total,143
2013,BMU,All,Total,148
2014,BMU,All,Total,94
2015,BMU,All,Total,60
2016,BMU,All,Total,101
2017,BMU,All,Total,102
2019,BMU,All,Total,105
2020,BMU,All,Total,106
2021,BMU,All,Total,105
2022,BMU,All,Total,105
2024,BMU,All,Total,97
2000,BOL,All,Total,6.8
2001,BOL,All,Total,8.9
2002,BOL,All,Total,11
2003,BOL,All,Total,14
2004,BOL,All,Total,20
2005,BOL,All,Total,26
2006,BOL,All,Total,30
2007,BOL,All,Total,34
2008,BOL,All,Total,51
2009,BOL,All,Total,65
2010,BOL,All,Total,71
2011,BOL,All,Total,81
2012,BOL,All,Total,90
2013,BOL,All,Total,98
2014,BOL,All,Total,96
2015,BOL,All,Total,92
2016,BOL,All,Total,90
2017,BOL,All,Total,97
2018,BOL,All,Total,99
2019,BOL,All,Total,100
2020,BOL,All,Total,100
2021,BOL,All,Total,101
2022,BOL,All,Total,102
2024,BOL,All,Total,98
2000,BRA,All,Total,13
2001,BRA,All,Total,16
2002,BRA,All,Total,20
2003,BRA,All,Total,26
2004,BRA,All,Total,36
2005,BRA,All,Total,47
2006,BRA,All,Total,54
2007,BRA,All,Total,64
2008,BRA,All,Total,79
2009,BRA,All,Total,88
2010,BRA,All,Total,102
2011,BRA,All,Total,120
2012,BRA,All,Total,126
2013,BRA,All,Total,137
2014,BRA,All,Total,140
2015,BRA,All,Total,128
2016,BRA,All,Total,120
2017,BRA,All,Total,108
2018,BRA,All,Total,102
2019,BRA,All,Total,97
2020,BRA,All,Total,99
2021,BRA,All,Total,105
2022,BRA,All,Total,101
2023,BRA,All,Total,101
2024,BRA,All,Total,102
2000,BRB,All,Total,11
2001,BRB,All,Total,20
2002,BRB,All,Total,37
2003,BRB,All,Total,53
2004,BRB,All,Total,75
2005,BRB,All,Total,77
2006,BRB,All,Total,88
2007,BRB,All,Total,95
2008,BRB,All,Total,106
2009,BRB,All,Total,123
2010,BRB,All,Total,127
2011,BRB,All,Total,126
2012,BRB,All,Total,126
2013,BRB,All,Total,111
2014,BRB,All,Total,110
2015,BRB,All,Total,120
2016,BRB,All,Total,119
2017,BRB,All,Total,118
2018,BRB,All,Total,117
2019,BRB,All,Total,117
2020,BRB,All,Total,105
2021,BRB,All,Total,112
2022,BRB,All,Total,115
2000,BRN,All,Total,29
2001,BRN,All,Total,43
2002,BRN,All,Total,45
2003,BRN,All,Total,51
2004,BRN,All,Total,57
2005,BRN,All,Total,65
2006,BRN,All,Total,83
2007,BRN,All,Total,99
2008,BRN,All,Total,106
2009,BRN,All,Total,107
2010,BRN,All,Total,111
2011,BRN,All,Total,111
2012,BRN,All,Total,116
2013,BRN,All,Total,114
2014,BRN,All,Total,108
2015,BRN,All,Total,110
2016,BRN,All,Total,122
2017,BRN,All,Total,126
2018,BRN,All,Total,129
2019,BRN,All,Total,130
2020,BRN,All,Total,120
2021,BRN,All,Total,134
2022,BRN,All,Total,116
2023,BRN,All,Total,119
2024,BRN,All,Total,118
2000,BTN,All,Total,0
2001,BTN,All,Total,0
2002,BTN,All,Total,0
2003,BTN,All,Total,0.35
2004,BTN,All,Total,2.9
2005,BTN,All,Total,5.4
2006,BTN,All,Total,12
2007,BTN,All,Total,22
2008,BTN,All,Total,37
2009,BTN,All,Total,49
2010,BTN,All,Total,56
2011,BTN,All,Total,68
2012,BTN,All,Total,78
2013,BTN,All,Total,75
2014,BTN,All,Total,85
2015,BTN,All,Total,91
2016,BTN,All,Total,93
2017,BTN,All,Total,97
2018,BTN,All,Total,93
2019,BTN,All,Total,95
2020,BTN,All,Total,97
2021,BTN,All,Total,100
2022,BTN,All,Total,95
2023,BTN,All,Total,96
2024,BTN,All,Total,100
2000,BWA,All,Total,13
2001,BWA,All,Total,19
2002,BWA,All,Total,19
2003,BWA,All,Total,25
2004,BWA,All,Total,29
2005,BWA,All,Total,31
2006,BWA,All,Total,44
2007,BWA,All,Total,60
2008,BWA,All,Total,76
2009,BWA,All,Total,94
2010,BWA,All,Total,116
2011,BWA,All,Total,140
2012,BWA,All,Total,146
2013,BWA,All,Total,152
2014,BWA,All,Total,157
2015,BWA,All,Total,158
2016,BWA,All,Total,147
2017,BWA,All,Total,143
2018,BWA,All,Total,147
2019,BWA,All,Total,161
2020,BWA,All,Total,162
2021,BWA,All,Total,173
2022,BWA,All,Total,178
2023,BWA,All,Total,179
2024,BWA,All,Total,164
2000,CAF,All,Total,0.13
2001,CAF,All,Total,0.28
2002,CAF,All,Total,0.31
2003,CAF,All,Total,0.97
2004,CAF,All,Total,1.4
2005,CAF,All,Total,2.3
2006,CAF,All,Total,2.5
2007,CAF,All,Total,7.6
2008,CAF,All,Total,13
2009,CAF,All,Total,19
2010,CAF,All,Total,22
2011,CAF,All,Total,22
2012,CAF,All,Total,25
2013,CAF,All,Total,29
2014,CAF,All,Total,25
2015,CAF,All,Total,27
2016,CAF,All,Total,26
2017,CAF,All,Total,25
2018,CAF,All,Total,26
2019,CAF,All,Total,32
2020,CAF,All,Total,36
2021,CAF,All,Total,36
2022,CAF,All,Total,39
2000,CAN,All,Total,28
2001,CAN,All,Total,34
2002,CAN,All,Total,38
2003,CAN,All,Total,42
2004,CAN,All,Total,47
2005,CAN,All,Total,52
2006,CAN,All,Total,57
2007,CAN,All,Total,61
2008,CAN,All,Total,66
2009,CAN,All,Total,70
2010,CAN,All,Total,76
2011,CAN,All,Total,78
2012,CAN,All,Total,79
2013,CAN,All,Total,80
2014,CAN,All,Total,81
2015,CAN,All,Total,83
2016,CAN,All,Total,85
2017,CAN,All,Total,86
2018,CAN,All,Total,89
2019,CAN,All,Total,91
2020,CAN,All,Total,85
2021,CAN,All,Total,87
2022,CAN,All,Total,91
2023,CAN,All,Total,94
2024,CAN,All,Total,94
2000,CHE,All,Total,65
2001,CHE,All,Total,73
2002,CHE,All,Total,79
2003,CHE,All,Total,84
2004,CHE,All,Total,85
2005,CHE,All,Total,92
2006,CHE,All,Total,99
2007,CHE,All,Total,109
2008,CHE,All,Total,116
2009,CHE,All,Total,120
2010,CHE,All,Total,123
2011,CHE,All,Total,127
2012,CHE,All,Total,132
2013,CHE,All,Total,137
2014,CHE,All,Total,136
2015,CHE,All,Total,136
2016,CHE,All,Total,134
2017,CHE,All,Total,131
2018,CHE,All,Total,127
2019,CHE,All,Total,127
2020,CHE,All,Total,127
2021,CHE,All,Total,123
2022,CHE,All,Total,124
2023,CHE,All,Total,130
2024,CHE,All,Total,129
2000,CHL,All,Total,22
2001,CHL,All,Total,33
2002,CHL,All,Total,39
2003,CHL,All,Total,45
2004,CHL,All,Total,57
2005,CHL,All,Total,65
2006,CHL,All,Total,75
2007,CHL,All,Total,84
2008,CHL,All,Total,88
2009,CHL,All,Total,97
2010,CHL,All,Total,116
2011,CHL,All,Total,129
2012,CHL,All,Total,137
2013,CHL,All,Total,134
2014,CHL,All,Total,133
2015,CHL,All,Total,129
2016,CHL,All,Total,128
2017,CHL,All,Total,124
2018,CHL,All,Total,133
2019,CHL,All,Total,130
2020,CHL,All,Total,129
2021,CHL,All,Total,137
2022,CHL,All,Total,135
2023,CHL,All,Total,136
2024,CHL,All,Total,133
2000,CHN,All,Total,6.7
2001,CHN,All,Total,11
2002,CHN,All,Total,16
2003,CHN,All,Total,21
2004,CHN,All,Total,26
2005,CHN,All,Total,30
2006,CHN,All,Total,35
2007,CHN,All,Total,41
2008,CHN,All,Total,48
2009,CHN,All,Total,56
2010,CHN,All,Total,64
2011,CHN,All,Total,73
2012,CHN,All,Total,81
2013,CHN,All,Total,89
2014,CHN,All,Total,93
2015,CHN,All,Total,93
2016,CHN,All,Total,97
2017,CHN,All,Total,104
2018,CHN,All,Total,116
2019,CHN,All,Total,123
2020,CHN,All,Total,120
2021,CHN,All,Total,121
2022,CHN,All,Total,124
2023,CHN,All,Total,128
2024,CHN,All,Total,132
2000,CIV,All,Total,2.7
2001,CIV,All,Total,4.0
2002,CIV,All,Total,5.5
2003,CIV,All,Total,6.7
2004,CIV,All,Total,8.5
2005,CIV,All,Total,12
2006,CIV,All,Total,20
2007,CIV,All,Total,36
2008,CIV,All,Total,49
2009,CIV,All,Total,60
2010,CIV,All,Total,69
2011,CIV,All,Total,75
2012,CIV,All,Total,77
2013,CIV,All,Total,81
2014,CIV,All,Total,90
2015,CIV,All,Total,101
2016,CIV,All,Total,106
2017,CIV,All,Total,119
2018,CIV,All,Total,123
2019,CIV,All,Total,133
2020,CIV,All,Total,139
2021,CIV,All,Total,150
2022,CIV,All,Total,161
2023,CIV,All,Total,172
2024,CIV,All,Total,184
2000,CMR,All,Total,0.69
2001,CMR,All,Total,2.7
2002,CMR,All,Total,4.5
2003,CMR,All,Total,6.7
2004,CMR,All,Total,9.2
2005,CMR,All,Total,13
2006,CMR,All,Total,18
2007,CMR,All,Total,25
2008,CMR,All,Total,33
2009,CMR,All,Total,42
2010,CMR,All,Total,44
2011,CMR,All,Total,52
2012,CMR,All,Total,63
2013,CMR,All,Total,73
2014,CMR,All,Total,77
2015,CMR,All,Total,80
2016,CMR,All,Total,80
2017,CMR,All,Total,83
2018,CMR,All,Total,74
2019,CMR,All,Total,84
2020,CMR,All,Total,85
2021,CMR,All,Total,81
2022,CMR,All,Total,90
2023,CMR,All,Total,96
2024,CMR,All,Total,108
2000,COD,All,Total,0.030
2001,COD,All,Total,0.29
2002,COD,All,Total,1.0
2003,COD,All,Total,2.3
2004,COD,All,Total,3.5
2005,COD,All,Total,4.7
2006,COD,All,Total,7.3
2007,COD,All,Total,11
2008,COD,All,Total,15
2009,COD,All,Total,14
2010,COD,All,Total,17
2011,COD,All,Total,22
2012,COD,All,Total,27
2013,COD,All,Total,37
2014,COD,All,Total,47
2015,COD,All,Total,47
2016,COD,All,Total,34
2017,COD,All,Total,41
2018,COD,All,Total,41
2019,COD,All,Total,40
2020,COD,All,Total,43
2021,COD,All,Total,47
2022,COD,All,Total,49
2023,COD,All,Total,53
2024,COD,All,Total,59
2000,COG,All,Total,2.2
2001,COG,All,Total,4.6
2002,COG,All,Total,6.6
2003,COG,All,Total,9.6
2004,COG,All,Total,11
2005,COG,All,Total,15
2006,COG,All,Total,24
2007,COG,All,Total,32
2008,COG,All,Total,44
2009,COG,All,Total,69
2010,COG,All,Total,83
2011,COG,All,Total,84
2012,COG,All,Total,90
2013,COG,All,Total,96
2014,COG,All,Total,99
2015,COG,All,Total,102
2016,COG,All,Total,104
2017,COG,All,Total,94
2018,COG,All,Total,91
2019,COG,All,Total,91
2020,COG,All,Total,98
2021,COG,All,Total,96
2022,COG,All,Total,94
2023,COG,All,Total,95
2024,COG,All,Total,96
2000,COL,All,Total,5.8
2001,COL,All,Total,8.2
2002,COL,All,Total,11
2003,COL,All,Total,15
2004,COL,All,Total,25
2005,COL,All,Total,52
2006,COL,All,Total,70
2007,COL,All,Total,79
2008,COL,All,Total,95
2009,COL,All,Total,95
2010,COL,All,Total,99
2011,COL,All,Total,102
2012,COL,All,Total,107
2013,COL,All,Total,109
2014,COL,All,Total,119
2015,COL,All,Total,122
2016,COL,All,Total,124
2017,COL,All,Total,129
2018,COL,All,Total,132
2019,COL,All,Total,133
2020,COL,All,Total,134
2021,COL,All,Total,147
2022,COL,All,Total,156
2023,COL,All,Total,167
2024,COL,All,Total,174
2000,COM,All,Total,0
2001,COM,All,Total,0
2002,COM,All,Total,0
2003,COM,All,Total,0.35
2004,COM,All,Total,1.4
2005,COM,All,Total,2.6
2006,COM,All,Total,6.1
2007,COM,All,Total,10
2008,COM,All,Total,15
2009,COM,All,Total,19
2010,COM,All,Total,25
2011,COM,All,Total,32
2012,COM,All,Total,42
2013,COM,All,Total,50
2014,COM,All,Total,54
2015,COM,All,Total,58
2016,COM,All,Total,61
2017,COM,All,Total,62
2018,COM,All,Total,65
2019,COM,All,Total,73
2020,COM,All,Total,97
2021,COM,All,Total,104
2022,COM,All,Total,101
2023,COM,All,Total,110
2000,CPV,All,Total,4.4
2001,CPV,All,Total,6.8
2002,CPV,All,Total,9.2
2003,CPV,All,Total,11
2004,CPV,All,Total,14
2005,CPV,All,Total,17
2006,CPV,All,Total,22
2007,CPV,All,Total,31
2008,CPV,All,Total,55
2009,CPV,All,Total,57
2010,CPV,All,Total,73
2011,CPV,All,Total,78
2012,CPV,All,Total,83
2013,CPV,All,Total,98
2014,CPV,All,Total,120
2015,CPV,All,Total,119
2016,CPV,All,Total,117
2017,CPV,All,Total,119
2018,CPV,All,Total,119
2019,CPV,All,Total,116
2020,CPV,All,Total,106
2021,CPV,All,Total,114
2022,CPV,All,Total,113
2023,CPV,All,Total,113
2024,CPV,All,Total,112
2000,CRI,All,Total,5.4
2001,CRI,All,Total,8.2
2002,CRI,All,Total,12
2003,CRI,All,Total,19
2004,CRI,All,Total,22
2005,CRI,All,Total,26
2006,CRI,All,Total,33
2007,CRI,All,Total,34
2008,CRI,All,Total,42
2009,CRI,All,Total,43
2010,CRI,All,Total,69
2011,CRI,All,Total,90
2012,CRI,All,Total,115
2013,CRI,All,Total,151
2014,CRI,All,Total,147
2015,CRI,All,Total,156
2016,CRI,All,Total,171
2017,CRI,All,Total,180
2018,CRI,All,Total,171
2019,CRI,All,Total,145
2020,CRI,All,Total,142
2021,CRI,All,Total,141
2022,CRI,All,Total,137
2023,CRI,All,Total,134
2024,CRI,All,Total,136
2000,CUB,All,Total,0.059
2001,CUB,All,Total,0.077
2002,CUB,All,Total,0.16
2003,CUB,All,Total,0.32
2004,CUB,All,Total,0.67
2005,CUB,All,Total,1.2
2006,CUB,All,Total,1.4
2007,CUB,All,Total,1.8
2008,CUB,All,Total,2.9
2009,CUB,All,Total,5.5
2010,CUB,All,Total,8.9
2011,CUB,All,Total,12
2012,CUB,All,Total,15
2013,CUB,All,Total,18
2014,CUB,All,Total,22
2015,CUB,All,Total,30
2016,CUB,All,Total,35
2017,CUB,All,Total,41
2018,CUB,All,Total,48
2019,CUB,All,Total,54
2020,CUB,All,Total,60
2021,CUB,All,Total,64
2022,CUB,All,Total,69
2023,CUB,All,Total,70
2024,CUB,All,Total,73
2009,CUW,All,Total,129
2010,CUW,All,Total,130
2011,CUW,All,Total,130
2012,CUW,All,Total,127
2013,CUW,All,Total,125
2014,CUW,All,Total,117
2015,CUW,All,Total,114
2016,CUW,All,Total,111
2017,CUW,All,Total,111
2018,CUW,All,Total,103
2019,CUW,All,Total,97
2020,CUW,All,Total,92
2021,CUW,All,Total,91
2022,CUW,All,Total,93
2023,CUW,All,Total,94
2000,CYM,All,Total,27
2001,CYM,All,Total,41
2002,CYM,All,Total,45
2003,CYM,All,Total,48
2004,CYM,All,Total,75
2005,CYM,All,Total,173
2006,CYM,All,Total,192
2007,CYM,All,Total,204
2008,CYM,All,Total,192
2009,CYM,All,Total,207
2010,CYM,All,Total,186
2011,CYM,All,Total,174
2012,CYM,All,Total,173
2013,CYM,All,Total,167
2014,CYM,All,Total,151
2015,CYM,All,Total,151
2016,CYM,All,Total,152
2017,CYM,All,Total,150
2019,CYM,All,Total,147
2020,CYM,All,Total,146
2021,CYM,All,Total,143
2022,CYM,All,Total,139
2000,CYP,All,Total,31
2001,CYP,All,Total,45
2002,CYP,All,Total,59
2003,CYP,All,Total,76
2004,CYP,All,Total,90
2005,CYP,All,Total,105
2006,CYP,All,Total,114
2007,CYP,All,Total,127
2008,CYP,All,Total,128
2009,CYP,All,Total,119
2010,CYP,All,Total,123
2011,CYP,All,Total,127
2012,CYP,All,Total,129
2013,CYP,All,Total,128
2014,CYP,All,Total,129
2015,CYP,All,Total,129
2016,CYP,All,Total,130
2017,CYP,All,Total,134
2018,CYP,All,Total,135
2019,CYP,All,Total,138
2020,CYP,All,Total,136
2021,CYP,All,Total,142
2022,CYP,All,Total,147
2023,CYP,All,Total,148
2024,CYP,All,Total,156
2000,CZE,All,Total,42
2001,CZE,All,Total,68
2002,CZE,All,Total,84
2003,CZE,All,Total,95
2004,CZE,All,Total,105
2005,CZE,All,Total,115
2006,CZE,All,Total,120
2007,CZE,All,Total,128
2008,CZE,All,Total,133
2009,CZE,All,Total,125
2010,CZE,All,Total,124
2011,CZE,All,Total,125
2012,CZE,All,Total,129
2013,CZE,All,Total,131
2014,CZE,All,Total,132
2015,CZE,All,Total,118
2016,CZE,All,Total,119
2017,CZE,All,Total,120
2018,CZE,All,Total,120
2019,CZE,All,Total,124
2020,CZE,All,Total,123
2021,CZE,All,Total,126
2022,CZE,All,Total,128
2023,CZE,All,Total,126
2024,CZE,All,Total,127
2000,DEU,All,Total,59
2001,DEU,All,Total,69
2002,DEU,All,Total,72
2003,DEU,All,Total,79
2004,DEU,All,Total,87
2005,DEU,All,Total,97
2006,DEU,All,Total,105
2007,DEU,All,Total,118
2008,DEU,All,Total,130
2009,DEU,All,Total,130
2010,DEU,All,Total,109
2011,DEU,All,Total,112
2012,DEU,All,Total,114
2013,DEU,All,Total,123
2014,DEU,All,Total,122
2015,DEU,All,Total,117
2016,DEU,All,Total,125
2017,DEU,All,Total,132
2018,DEU,All,Total,129
2019,DEU,All,Total,128
2020,DEU,All,Total,128
2021,DEU,All,Total,127
2022,DEU,All,Total,124
2023,DEU,All,Total,125
2024,DEU,All,Total,129
2000,DJI,All,Total,0.031
2001,DJI,All,Total,0.39
2002,DJI,All,Total,1.9
2003,DJI,All,Total,2.8
2004,DJI,All,Total,4.2
2005,DJI,All,Total,5.2
2006,DJI,All,Total,5.2
2007,DJI,All,Total,8.0
2008,DJI,All,Total,13
2009,DJI,All,Total,14
2010,DJI,All,Total,18
2011,DJI,All,Total,20
2012,DJI,All,Total,22
2013,DJI,All,Total,25
2014,DJI,All,Total,29
2015,DJI,All,Total,31
2016,DJI,All,Total,33
2017,DJI,All,Total,35
2018,DJI,All,Total,37
2019,DJI,All,Total,38
2020,DJI,All,Total,39
2021,DJI,All,Total,44
2022,DJI,All,Total,47
2023,DJI,All,Total,48
2000,DMA,All,Total,1.8
2001,DMA,All,Total,11
2002,DMA,All,Total,18
2003,DMA,All,Total,35
2004,DMA,All,Total,61
2005,DMA,All,Total,76
2006,DMA,All,Total,104
2007,DMA,All,Total,129
2008,DMA,All,Total,132
2009,DMA,All,Total,143
2010,DMA,All,Total,153
2011,DMA,All,Total,158
2012,DMA,All,Total,158
2013,DMA,All,Total,134
2014,DMA,All,Total,105
2015,DMA,All,Total,110
2016,DMA,All,Total,113
2017,DMA,All,Total,110
2018,DMA,All,Total,113
2019,DMA,All,Total,115
2020,DMA,All,Total,110
2021,DMA,All,Total,93
2022,DMA,All,Total,85
2000,DNK,All,Total,63
2001,DNK,All,Total,74
2002,DNK,All,Total,83
2003,DNK,All,Total,88
2004,DNK,All,Total,96
2005,DNK,All,Total,101
2006,DNK,All,Total,107
2007,DNK,All,Total,115
2008,DNK,All,Total,119
2009,DNK,All,Total,124
2010,DNK,All,Total,116
2011,DNK,All,Total,129
2012,DNK,All,Total,130
2013,DNK,All,Total,125
2014,DNK,All,Total,127
2015,DNK,All,Total,125
2016,DNK,All,Total,122
2017,DNK,All,Total,124
2018,DNK,All,Total,125
2019,DNK,All,Total,125
2020,DNK,All,Total,124
2021,DNK,All,Total,126
2022,DNK,All,Total,126
2023,DNK,All,Total,127
2024,DNK,All,Total,127
2000,DOM,All,Total,8.2
2001,DOM,All,Total,15
2002,DOM,All,Total,19
2003,DOM,All,Total,23
2004,DOM,All,Total,28
2005,DOM,All,Total,39
2006,DOM,All,Total,49
2007,DOM,All,Total,58
2008,DOM,All,Total,75
2009,DOM,All,Total,89
2010,DOM,All,Total,91
2011,DOM,All,Total,88
2012,DOM,All,Total,89
2013,DOM,All,Total,90
2014,DOM,All,Total,80
2015,DOM,All,Total,84
2016,DOM,All,Total,83
2017,DOM,All,Total,82
2018,DOM,All,Total,83
2019,DOM,All,Total,82
2020,DOM,All,Total,82
2021,DOM,All,Total,88
2022,DOM,All,Total,90
2023,DOM,All,Total,92
2024,DOM,All,Total,94
2000,DZA,All,Total,0.28
2001,DZA,All,Total,0.32
2002,DZA,All,Total,1.4
2003,DZA,All,Total,4.5
2004,DZA,All,Total,15
2005,DZA,All,Total,41
2006,DZA,All,Total,62
2007,DZA,All,Total,81
2008,DZA,All,Total,78
2009,DZA,All,Total,92
2010,DZA,All,Total,91
2011,DZA,All,Total,97
2012,DZA,All,Total,100
2013,DZA,All,Total,103
2014,DZA,All,Total,110
2015,DZA,All,Total,108
2016,DZA,All,Total,115
2017,DZA,All,Total,110
2018,DZA,All,Total,111
2019,DZA,All,Total,105
2020,DZA,All,Total,103
2021,DZA,All,Total,105
2022,DZA,All,Total,108
2023,DZA,All,Total,112
2024,DZA,All,Total,115
2000,ECU,All,Total,3.8
2001,ECU,All,Total,6.7
2002,ECU,All,Total,12
2003,ECU,All,Total,18
2004,ECU,All,Total,26
2005,ECU,All,Total,45
2006,ECU,All,Total,60
2007,ECU,All,Total,69
2008,ECU,All,Total,80
2009,ECU,All,Total,89
2010,ECU,All,Total,98
2011,ECU,All,Total,100
2012,ECU,All,Total,106
2013,ECU,All,Total,105
2014,ECU,All,Total,104
2015,ECU,All,Total,80
2016,ECU,All,Total,84
2017,ECU,All,Total,87
2018,ECU,All,Total,93
2019,ECU,All,Total,91
2020,ECU,All,Total,88
2021,ECU,All,Total,95
2022,ECU,All,Total,98
2023,ECU,All,Total,101
2024,ECU,All,Total,102
2000,EGY,All,Total,1.9
2001,EGY,All,Total,3.7
2002,EGY,All,Total,5.9
2003,EGY,All,Total,7.4
2004,EGY,All,Total,9.6
2005,EGY,All,Total,17
2006,EGY,All,Total,22
2007,EGY,All,Total,36
2008,EGY,All,Total,48
2009,EGY,All,Total,63
2010,EGY,All,Total,79
2011,EGY,All,Total,92
2012,EGY,All,Total,104
2013,EGY,All,Total,105
2014,EGY,All,Total,98
2015,EGY,All,Total,94
2016,EGY,All,Total,96
2017,EGY,All,Total,99
2018,EGY,All,Total,89
2019,EGY,All,Total,89
2020,EGY,All,Total,87
2021,EGY,All,Total,84
2022,EGY,All,Total,91
2023,EGY,All,Total,93
2024,EGY,All,Total,97
2000,ERI,All,Total,0
2001,ERI,All,Total,0
2002,ERI,All,Total,0
2003,ERI,All,Total,0
2004,ERI,All,Total,0.77
2005,ERI,All,Total,1.5
2006,ERI,All,Total,2.3
2007,ERI,All,Total,3.1
2008,ERI,All,Total,3.9
2009,ERI,All,Total,4.9
2010,ERI,All,Total,6.3
2011,ERI,All,Total,8.1
2012,ERI,All,Total,10
2013,ERI,All,Total,12
2014,ERI,All,Total,13
2015,ERI,All,Total,15
2016,ERI,All,Total,16
2017,ERI,All,Total,22
2019,ERI,All,Total,40
2020,ERI,All,Total,55
2021,ERI,All,Total,54
2022,ERI,All,Total,59
2000,ESP,All,Total,59
2001,ESP,All,Total,72
2002,ESP,All,Total,80
2003,ESP,All,Total,88
2004,ESP,All,Total,89
2005,ESP,All,Total,97
2006,ESP,All,Total,102
2007,ESP,All,Total,106
2008,ESP,All,Total,107
2009,ESP,All,Total,109
2010,ESP,All,Total,110
2011,ESP,All,Total,112
2012,ESP,All,Total,108
2013,ESP,All,Total,107
2014,ESP,All,Total,109
2015,ESP,All,Total,109
2016,ESP,All,Total,110
2017,ESP,All,Total,112
2018,ESP,All,Total,115
2019,ESP,All,Total,117
2020,ESP,All,Total,117
2021,ESP,All,Total,119
2022,ESP,All,Total,123
2023,ESP,All,Total,128
2024,ESP,All,Total,130
2000,EST,All,Total,40
2001,EST,All,Total,47
2002,EST,All,Total,64
2003,EST,All,Total,77
2004,EST,All,Total,92
2005,EST,All,Total,107
2006,EST,All,Total,123
2007,EST,All,Total,125
2008,EST,All,Total,121
2009,EST,All,Total,118
2010,EST,All,Total,124
2011,EST,All,Total,136
2012,EST,All,Total,151
2013,EST,All,Total,146
2014,EST,All,Total,144
2015,EST,All,Total,145
2016,EST,All,Total,144
2017,EST,All,Total,145
2018,EST,All,Total,146
2019,EST,All,Total,147
2020,EST,All,Total,145
2021,EST,All,Total,149
2022,EST,All,Total,152
2023,EST,All,Total,150
2024,EST,All,Total,151
2000,ETH,All,Total,0.026
2001,ETH,All,Total,0.040
2002,ETH,All,Total,0.070
2003,ETH,All,Total,0.070
2004,ETH,All,Total,0.20
2005,ETH,All,Total,0.52
2006,ETH,All,Total,1.1
2007,ETH,All,Total,1.5
2008,ETH,All,Total,2.3
2009,ETH,All,Total,4.6
2010,ETH,All,Total,7.6
2011,ETH,All,Total,15
2012,ETH,All,Total,21
2013,ETH,All,Total,26
2014,ETH,All,Total,30
2015,ETH,All,Total,41
2016,ETH,All,Total,48
2017,ETH,All,Total,36
2019,ETH,All,Total,36
2020,ETH,All,Total,37
2021,ETH,All,Total,53
2022,ETH,All,Total,57
2023,ETH,All,Total,60
2024,ETH,All,Total,65
2000,FIN,All,Total,72
2001,FIN,All,Total,80
2002,FIN,All,Total,87
2003,FIN,All,Total,91
2004,FIN,All,Total,95
2005,FIN,All,Total,100
2006,FIN,All,Total,108
2007,FIN,All,Total,115
2008,FIN,All,Total,129
2009,FIN,All,Total,144
2010,FIN,All,Total,156
2011,FIN,All,Total,166
2012,FIN,All,Total,172
2013,FIN,All,Total,136
2014,FIN,All,Total,139
2015,FIN,All,Total,135
2016,FIN,All,Total,131
2017,FIN,All,Total,130
2018,FIN,All,Total,130
2019,FIN,All,Total,129
2020,FIN,All,Total,129
2021,FIN,All,Total,129
2022,FIN,All,Total,128
2023,FIN,All,Total,127
2024,FIN,All,Total,126
2000,FJI,All,Total,6.5
2001,FJI,All,Total,9.5
2002,FJI,All,Total,10
2003,FJI,All,Total,13
2004,FJI,All,Total,16
2005,FJI,All,Total,23
2006,FJI,All,Total,32
2007,FJI,All,Total,59
2008,FJI,All,Total,66
2009,FJI,All,Total,71
2010,FJI,All,Total,77
2011,FJI,All,Total,80
2012,FJI,All,Total,94
2013,FJI,All,Total,102
2014,FJI,All,Total,95
2015,FJI,All,Total,105
2016,FJI,All,Total,114
2017,FJI,All,Total,113
2018,FJI,All,Total,111
2019,FJI,All,Total,113
2020,FJI,All,Total,108
2021,FJI,All,Total,108
2022,FJI,All,Total,112
2023,FJI,All,Total,361
2024,FJI,All,Total,574
2000,FRA,All,Total,49
2001,FRA,All,Total,62
2002,FRA,All,Total,64
2003,FRA,All,Total,69
2004,FRA,All,Total,73
2005,FRA,All,Total,78
2006,FRA,All,Total,83
2007,FRA,All,Total,89
2008,FRA,All,Total,92
2009,FRA,All,Total,92
2010,FRA,All,Total,91
2011,FRA,All,Total,94
2012,FRA,All,Total,97
2013,FRA,All,Total,98
2014,FRA,All,Total,101
2015,FRA,All,Total,103
2016,FRA,All,Total,104
2017,FRA,All,Total,106
2018,FRA,All,Total,107
2019,FRA,All,Total,110
2020,FRA,All,Total,110
2021,FRA,All,Total,114
2022,FRA,All,Total,116
2023,FRA,All,Total,117
2000,FRO,All,Total,37
2001,FRO,All,Total,53
2002,FRO,All,Total,74
2003,FRO,All,Total,80
2004,FRO,All,Total,86
2005,FRO,All,Total,87
2006,FRO,All,Total,103
2007,FRO,All,Total,108
2008,FRO,All,Total,113
2009,FRO,All,Total,118
2010,FRO,All,Total,123
2011,FRO,All,Total,122
2012,FRO,All,Total,122
2013,FRO,All,Total,120
2014,FRO,All,Total,120
2015,FRO,All,Total,109
2016,FRO,All,Total,110
2017,FRO,All,Total,113
2018,FRO,All,Total,111
2019,FRO,All,Total,106
2020,FRO,All,Total,113
2021,FRO,All,Total,111
2022,FRO,All,Total,106
2000,FSM,All,Total,0
2001,FSM,All,Total,0
2002,FSM,All,Total,0.089
2003,FSM,All,Total,5.2
2004,FSM,All,Total,11
2005,FSM,All,Total,13
2006,FSM,All,Total,17
2007,FSM,All,Total,25
2008,FSM,All,Total,25
2009,FSM,All,Total,25
2010,FSM,All,Total,26
2011,FSM,All,Total,26
2012,FSM,All,Total,29
2013,FSM,All,Total,29
2015,FSM,All,Total,21
2016,FSM,All,Total,21
2017,FSM,All,Total,21
2019,FSM,All,Total,21
2020,FSM,All,Total,20
2021,FSM,All,Total,20
2022,FSM,All,Total,20
2000,GAB,All,Total,9.4
2001,GAB,All,Total,11
2002,GAB,All,Total,21
2003,GAB,All,Total,22
2004,GAB,All,Total,34
2005,GAB,All,Total,50
2006,GAB,All,Total,60
2007,GAB,All,Total,75
2008,GAB,All,Total,81
2009,GAB,All,Total,87
2010,GAB,All,Total,94
2011,GAB,All,Total,133
2012,GAB,All,Total,138
2013,GAB,All,Total,143
2014,GAB,All,Total,148
2015,GAB,All,Total,138
2016,GAB,All,Total,141
2017,GAB,All,Total,123
2018,GAB,All,Total,132
2019,GAB,All,Total,132
2020,GAB,All,Total,131
2021,GAB,All,Total,132
2022,GAB,All,Total,123
2023,GAB,All,Total,123
2024,GAB,All,Total,125
2000,GBR,All,Total,74
2001,GBR,All,Total,78
2002,GBR,All,Total,83
2003,GBR,All,Total,91
2004,GBR,All,Total,99
2005,GBR,All,Total,108
2006,GBR,All,Total,115
2007,GBR,All,Total,120
2008,GBR,All,Total,121
2009,GBR,All,Total,122
2010,GBR,All,Total,122
2011,GBR,All,Total,121
2012,GBR,All,Total,122
2013,GBR,All,Total,122
2014,GBR,All,Total,121
2015,GBR,All,Total,121
2016,GBR,All,Total,120
2017,GBR,All,Total,119
2018,GBR,All,Total,118
2019,GBR,All,Total,120
2020,GBR,All,Total,117
2021,GBR,All,Total,118
2022,GBR,All,Total,120
2023,GBR,All,Total,123
2024,GBR,All,Total,122
2000,GEO,All,Total,4.5
2001,GEO,All,Total,7.2
2002,GEO,All,Total,12
2003,GEO,All,Total,17
2004,GEO,All,Total,21
2005,GEO,All,Total,29
2006,GEO,All,Total,43
2007,GEO,All,Total,66
2008,GEO,All,Total,70
2009,GEO,All,Total,72
2010,GEO,All,Total,102
2011,GEO,All,Total,115
2012,GEO,All,Total,122
2013,GEO,All,Total,131
2014,GEO,All,Total,142
2015,GEO,All,Total,146
2016,GEO,All,Total,146
2017,GEO,All,Total,145
2018,GEO,All,Total,144
2019,GEO,All,Total,142
2020,GEO,All,Total,134
2021,GEO,All,Total,147
2022,GEO,All,Total,154
2023,GEO,All,Total,155
2024,GEO,All,Total,161
2000,GHA,All,Total,0.66
2001,GHA,All,Total,1.2
2002,GHA,All,Total,1.9
2003,GHA,All,Total,3.7
2004,GHA,All,Total,7.8
2005,GHA,All,Total,13
2006,GHA,All,Total,23
2007,GHA,All,Total,32
2008,GHA,All,Total,48
2009,GHA,All,Total,61
2010,GHA,All,Total,68
2011,GHA,All,Total,81
2012,GHA,All,Total,96
2013,GHA,All,Total,102
2014,GHA,All,Total,108
2015,GHA,All,Total,122
2016,GHA,All,Total,130
2017,GHA,All,Total,122
2018,GHA,All,Total,134
2019,GHA,All,Total,131
2020,GHA,All,Total,127
2021,GHA,All,Total,124
2022,GHA,All,Total,121
2023,GHA,All,Total,99
2024,GHA,All,Total,114
2000,GIB,All,Total,20
2001,GIB,All,Total,35
2002,GIB,All,Total,44
2003,GIB,All,Total,56
2004,GIB,All,Total,64
2005,GIB,All,Total,69
2006,GIB,All,Total,74
2007,GIB,All,Total,80
2008,GIB,All,Total,85
2009,GIB,All,Total,93
2010,GIB,All,Total,96
2011,GIB,All,Total,103
2012,GIB,All,Total,108
2014,GIB,All,Total,116
2015,GIB,All,Total,125
2016,GIB,All,Total,122
2017,GIB,All,Total,120
2018,GIB,All,Total,118
2019,GIB,All,Total,114
2020,GIB,All,Total,98
2021,GIB,All,Total,93
2022,GIB,All,Total,98
2000,GIN,All,Total,0.50
2001,GIN,All,Total,0.65
2002,GIN,All,Total,1.0
2003,GIN,All,Total,1.3
2004,GIN,All,Total,1.7
2005,GIN,All,Total,2.0
2007,GIN,All,Total,21
2008,GIN,All,Total,28
2009,GIN,All,Total,34
2010,GIN,All,Total,38
2011,GIN,All,Total,46
2012,GIN,All,Total,51
2013,GIN,All,Total,66
2014,GIN,All,Total,76
2015,GIN,All,Total,91
2016,GIN,All,Total,92
2017,GIN,All,Total,94
2018,GIN,All,Total,95
2019,GIN,All,Total,99
2020,GIN,All,Total,108
2021,GIN,All,Total,110
2022,GIN,All,Total,95
2023,GIN,All,Total,98
2000,GMB,All,Total,0.38
2001,GMB,All,Total,3.7
2002,GMB,All,Total,6.5
2003,GMB,All,Total,9.5
2004,GMB,All,Total,11
2005,GMB,All,Total,15
2006,GMB,All,Total,24
2007,GMB,All,Total,45
2008,GMB,All,Total,64
2009,GMB,All,Total,70
2010,GMB,All,Total,77
2011,GMB,All,Total,71
2012,GMB,All,Total,75
2013,GMB,All,Total,88
2014,GMB,All,Total,106
2015,GMB,All,Total,122
2016,GMB,All,Total,124
2017,GMB,All,Total,127
2018,GMB,All,Total,133
2019,GMB,All,Total,105
2020,GMB,All,Total,106
2021,GMB,All,Total,109
2022,GMB,All,Total,107
2023,GMB,All,Total,117
2024,GMB,All,Total,126
2000,GNB,All,Total,0
2001,GNB,All,Total,0
2002,GNB,All,Total,0
2003,GNB,All,Total,0.10
2004,GNB,All,Total,2.9
2005,GNB,All,Total,7.2
2006,GNB,All,Total,11
2007,GNB,All,Total,20
2008,GNB,All,Total,34
2009,GNB,All,Total,37
2010,GNB,All,Total,43
2011,GNB,All,Total,46
2012,GNB,All,Total,64
2013,GNB,All,Total,55
2014,GNB,All,Total,64
2015,GNB,All,Total,69
2016,GNB,All,Total,70
2017,GNB,All,Total,76
2018,GNB,All,Total,77
2019,GNB,All,Total,81
2020,GNB,All,Total,95
2021,GNB,All,Total,109
2022,GNB,All,Total,126
2023,GNB,All,Total,128
2024,GNB,All,Total,147
2000,GNQ,All,Total,0.71
2001,GNQ,All,Total,2.0
2002,GNQ,All,Total,4.0
2003,GNQ,All,Total,4.9
2004,GNQ,All,Total,6.9
2005,GNQ,All,Total,10
2006,GNQ,All,Total,12
2007,GNQ,All,Total,14
2008,GNQ,All,Total,17
2009,GNQ,All,Total,18
2010,GNQ,All,Total,34
2011,GNQ,All,Total,39
2012,GNQ,All,Total,39
2013,GNQ,All,Total,38
2014,GNQ,All,Total,37
2015,GNQ,All,Total,37
2016,GNQ,All,Total,38
2017,GNQ,All,Total,36
2018,GNQ,All,Total,37
2019,GNQ,All,Total,37
2020,GNQ,All,Total,43
2021,GNQ,All,Total,46
2022,GNQ,All,Total,50
2000,GRC,All,Total,55
2001,GRC,All,Total,73
2002,GRC,All,Total,86
2003,GRC,All,Total,82
2004,GRC,All,Total,85
2005,GRC,All,Total,93
2006,GRC,All,Total,100
2007,GRC,All,Total,111
2008,GRC,All,Total,125
2009,GRC,All,Total,120
2010,GRC,All,Total,110
2011,GRC,All,Total,109
2012,GRC,All,Total,121
2013,GRC,All,Total,114
2014,GRC,All,Total,111
2015,GRC,All,Total,116
2016,GRC,All,Total,116
2017,GRC,All,Total,120
2018,GRC,All,Total,113
2019,GRC,All,Total,111
2020,GRC,All,Total,107
2021,GRC,All,Total,109
2022,GRC,All,Total,109
2023,GRC,All,Total,111
2024,GRC,All,Total,114
2000,GRD,All,Total,4.0
2001,GRD,All,Total,5.9
2002,GRD,All,Total,7.0
2003,GRD,All,Total,39
2004,GRD,All,Total,40
2005,GRD,All,Total,43
2006,GRD,All,Total,42
2007,GRD,All,Total,46
2008,GRD,All,Total,54
2009,GRD,All,Total,103
2010,GRD,All,Total,109
2011,GRD,All,Total,108
2012,GRD,All,Total,115
2013,GRD,All,Total,117
2014,GRD,All,Total,103
2015,GRD,All,Total,104
2016,GRD,All,Total,103
2017,GRD,All,Total,98
2018,GRD,All,Total,103
2019,GRD,All,Total,100
2020,GRD,All,Total,102
2021,GRD,All,Total,87
2022,GRD,All,Total,96
2000,GRL,All,Total,27
2001,GRL,All,Total,28
2002,GRL,All,Total,35
2003,GRL,All,Total,52
2004,GRL,All,Total,69
2005,GRL,All,Total,82
2006,GRL,All,Total,95
2007,GRL,All,Total,117
2008,GRL,All,Total,99
2009,GRL,All,Total,95
2010,GRL,All,Total,101
2011,GRL,All,Total,103
2012,GRL,All,Total,105
2013,GRL,All,Total,107
2014,GRL,All,Total,108
2015,GRL,All,Total,109
2017,GRL,All,Total,111
2018,GRL,All,Total,109
2019,GRL,All,Total,110
2020,GRL,All,Total,118
2021,GRL,All,Total,119
2022,GRL,All,Total,119
2000,GTM,All,Total,7.3
2001,GTM,All,Total,9.6
2002,GTM,All,Total,13
2003,GTM,All,Total,16
2004,GTM,All,Total,25
2005,GTM,All,Total,34
2006,GTM,All,Total,54
2007,GTM,All,Total,87
2008,GTM,All,Total,107
2009,GTM,All,Total,122
2010,GTM,All,Total,125
2011,GTM,All,Total,132
2012,GTM,All,Total,138
2013,GTM,All,Total,141
2014,GTM,All,Total,108
2015,GTM,All,Total,113
2016,GTM,All,Total,112
2017,GTM,All,Total,121
2018,GTM,All,Total,122
2019,GTM,All,Total,122
2020,GTM,All,Total,117
2021,GTM,All,Total,126
2022,GTM,All,Total,115
2023,GTM,All,Total,114
2024,GTM,All,Total,113
2000,GUM,All,Total,17
2001,GUM,All,Total,20
2002,GUM,All,Total,43
2003,GUM,All,Total,49
2004,GUM,All,Total,60
2000,GUY,All,Total,5.2
2001,GUY,All,Total,9.9
2002,GUY,All,Total,10
2003,GUY,All,Total,18
2004,GUY,All,Total,23
2005,GUY,All,Total,37
2006,GUY,All,Total,53
2007,GUY,All,Total,71
2008,GUY,All,Total,59
2009,GUY,All,Total,65
2010,GUY,All,Total,75
2011,GUY,All,Total,71
2012,GUY,All,Total,73
2013,GUY,All,Total,74
2014,GUY,All,Total,75
2015,GUY,All,Total,72
2016,GUY,All,Total,77
2017,GUY,All,Total,84
2019,GUY,All,Total,96
2020,GUY,All,Total,106
2021,GUY,All,Total,105
2022,GUY,All,Total,113
2000,HKG,All,Total,81
2001,HKG,All,Total,85
2002,HKG,All,Total,94
2003,HKG,All,Total,107
2004,HKG,All,Total,119
2005,HKG,All,Total,124
2006,HKG,All,Total,136
2007,HKG,All,Total,154
2008,HKG,All,Total,165
2009,HKG,All,Total,178
2010,HKG,All,Total,194
2011,HKG,All,Total,214
2012,HKG,All,Total,228
2013,HKG,All,Total,234
2014,HKG,All,Total,232
2015,HKG,All,Total,227
2016,HKG,All,Total,237
2017,HKG,All,Total,247
2018,HKG,All,Total,266
2019,HKG,All,Total,287
2020,HKG,All,Total,292
2021,HKG,All,Total,320
2022,HKG,All,Total,293
2023,HKG,All,Total,319
2024,HKG,All,Total,365
2000,HND,All,Total,2.4
2001,HND,All,Total,3.5
2002,HND,All,Total,4.7
2003,HND,All,Total,5.3
2004,HND,All,Total,9.7
2005,HND,All,Total,17
2006,HND,All,Total,29
2007,HND,All,Total,53
2008,HND,All,Total,78
2009,HND,All,Total,102
2010,HND,All,Total,114
2011,HND,All,Total,94
2012,HND,All,Total,85
2013,HND,All,Total,87
2014,HND,All,Total,85
2015,HND,All,Total,87
2016,HND,All,Total,83
2017,HND,All,Total,86
2018,HND,All,Total,78
2019,HND,All,Total,76
2020,HND,All,Total,69
2021,HND,All,Total,73
2022,HND,All,Total,76
2023,HND,All,Total,74
2024,HND,All,Total,71
2000,HRV,All,Total,24
2001,HRV,All,Total,41
2002,HRV,All,Total,54
2003,HRV,All,Total,59
2004,HRV,All,Total,66
2005,HRV,All,Total,85
2006,HRV,All,Total,102
2007,HRV,All,Total,117
2008,HRV,All,Total,106
2009,HRV,All,Total,108
2010,HRV,All,Total,115
2011,HRV,All,Total,119
2012,HRV,All,Total,117
2013,HRV,All,Total,111
2014,HRV,All,Total,106
2015,HRV,All,Total,106
2016,HRV,All,Total,107
2017,HRV,All,Total,106
2018,HRV,All,Total,109
2019,HRV,All,Total,110
2020,HRV,All,Total,111
2021,HRV,All,Total,112
2022,HRV,All,Total,115
2023,HRV,All,Total,117
2024,HRV,All,Total,122
2000,HTI,All,Total,0.66
2001,HTI,All,Total,1.1
2002,HTI,All,Total,1.6
2003,HTI,All,Total,3.7
2004,HTI,All,Total,4.5
2005,HTI,All,Total,5.5
2006,HTI,All,Total,13
2007,HTI,All,Total,27
2008,HTI,All,Total,34
2009,HTI,All,Total,38
2010,HTI,All,Total,41
2011,HTI,All,Total,42
2012,HTI,All,Total,61
2013,HTI,All,Total,70
2014,HTI,All,Total,65
2015,HTI,All,Total,69
2016,HTI,All,Total,61
2017,HTI,All,Total,58
2018,HTI,All,Total,60
2019,HTI,All,Total,62
2020,HTI,All,Total,65
2021,HTI,All,Total,64
2022,HTI,All,Total,65
2000,HUN,All,Total,30
2001,HUN,All,Total,49
2002,HUN,All,Total,68
2003,HUN,All,Total,79
2004,HUN,All,Total,87
2005,HUN,All,Total,93
2006,HUN,All,Total,99
2007,HUN,All,Total,110
2008,HUN,All,Total,122
2009,HUN,All,Total,118
2010,HUN,All,Total,120
2011,HUN,All,Total,118
2012,HUN,All,Total,117
2013,HUN,All,Total,117
2014,HUN,All,Total,119
2015,HUN,All,Total,101
2016,HUN,All,Total,101
2017,HUN,All,Total,102
2018,HUN,All,Total,103
2019,HUN,All,Total,105
2020,HUN,All,Total,106
2021,HUN,All,Total,105
2022,HUN,All,Total,106
2023,HUN,All,Total,105
2024,HUN,All,Total,105
2000,IDN,All,Total,1.7
2001,IDN,All,Total,3.0
2002,IDN,All,Total,5.3
2003,IDN,All,Total,8.2
2004,IDN,All,Total,13
2005,IDN,All,Total,20
2006,IDN,All,Total,27
2007,IDN,All,Total,39
2008,IDN,All,Total,59
2009,IDN,All,Total,67
2010,IDN,All,Total,86
2011,IDN,All,Total,100
2012,IDN,All,Total,112
2013,IDN,All,Total,122
2014,IDN,All,Total,126
2015,IDN,All,Total,129
2016,IDN,All,Total,146
2017,IDN,All,Total,163
2018,IDN,All,Total,118
2019,IDN,All,Total,125
2020,IDN,All,Total,129
2021,IDN,All,Total,132
2022,IDN,All,Total,123
2023,IDN,All,Total,125
2024,IDN,All,Total,123
2000,IND,All,Total,0.34
2001,IND,All,Total,0.61
2002,IND,All,Total,1.2
2003,IND,All,Total,3.0
2004,IND,All,Total,4.6
2005,IND,All,Total,7.8
2006,IND,All,Total,14
2007,IND,All,Total,20
2008,IND,All,Total,29
2009,IND,All,Total,43
2010,IND,All,Total,60
2011,IND,All,Total,71
2012,IND,All,Total,68
2013,IND,All,Total,68
2014,IND,All,Total,72
2015,IND,All,Total,75
2016,IND,All,Total,84
2017,IND,All,Total,86
2018,IND,All,Total,86
2019,IND,All,Total,83
2020,IND,All,Total,82
2021,IND,All,Total,82
2022,IND,All,Total,80
2023,IND,All,Total,81
2024,IND,All,Total,79
2000,IRL,All,Total,65
2001,IRL,All,Total,77
2002,IRL,All,Total,76
2003,IRL,All,Total,88
2004,IRL,All,Total,95
2005,IRL,All,Total,103
2006,IRL,All,Total,110
2007,IRL,All,Total,113
2008,IRL,All,Total,113
2009,IRL,All,Total,104
2010,IRL,All,Total,103
2011,IRL,All,Total,107
2012,IRL,All,Total,109
2013,IRL,All,Total,106
2014,IRL,All,Total,105
2015,IRL,All,Total,104
2016,IRL,All,Total,103
2017,IRL,All,Total,102
2018,IRL,All,Total,102
2019,IRL,All,Total,105
2020,IRL,All,Total,105
2021,IRL,All,Total,107
2022,IRL,All,Total,111
2023,IRL,All,Total,111
2024,IRL,All,Total,113
2000,IRN,All,Total,1.4
2001,IRN,All,Total,3.1
2002,IRN,All,Total,3.4
2003,IRN,All,Total,5.0
2004,IRN,All,Total,7.2
2005,IRN,All,Total,12
2006,IRN,All,Total,21
2007,IRN,All,Total,40
2008,IRN,All,Total,57
2009,IRN,All,Total,69
2010,IRN,All,Total,70
2011,IRN,All,Total,71
2012,IRN,All,Total,73
2013,IRN,All,Total,81
2014,IRN,All,Total,85
2015,IRN,All,Total,90
2016,IRN,All,Total,96
2017,IRN,All,Total,102
2018,IRN,All,Total,103
2019,IRN,All,Total,136
2020,IRN,All,Total,145
2021,IRN,All,Total,154
2022,IRN,All,Total,163
2023,IRN,All,Total,166
2024,IRN,All,Total,174
2000,IRQ,All,Total,0
2001,IRQ,All,Total,0
2002,IRQ,All,Total,0.077
2003,IRQ,All,Total,0.30
2004,IRQ,All,Total,2.1
2005,IRQ,All,Total,5.4
2006,IRQ,All,Total,33
2007,IRQ,All,Total,49
2008,IRQ,All,Total,61
2009,IRQ,All,Total,67
2010,IRQ,All,Total,75
2011,IRQ,All,Total,79
2012,IRQ,All,Total,80
2013,IRQ,All,Total,92
2014,IRQ,All,Total,90
2015,IRQ,All,Total,89
2016,IRQ,All,Total,87
2017,IRQ,All,Total,85
2018,IRQ,All,Total,91
2019,IRQ,All,Total,90
2020,IRQ,All,Total,89
2021,IRQ,All,Total,95
2022,IRQ,All,Total,99
2023,IRQ,All,Total,101
2024,IRQ,All,Total,100
2000,ISL,All,Total,76
2001,ISL,All,Total,87
2002,ISL,All,Total,91
2003,ISL,All,Total,97
2004,ISL,All,Total,99
2005,ISL,All,Total,95
2006,ISL,All,Total,99
2007,ISL,All,Total,105
2008,ISL,All,Total,106
2009,ISL,All,Total,107
2010,ISL,All,Total,107
2011,ISL,All,Total,108
2012,ISL,All,Total,110
2013,ISL,All,Total,110
2014,ISL,All,Total,113
2015,ISL,All,Total,116
2016,ISL,All,Total,120
2017,ISL,All,Total,117
2018,ISL,All,Total,117
2019,ISL,All,Total,115
2020,ISL,All,Total,115
2021,ISL,All,Total,117
2022,ISL,All,Total,120
2023,ISL,All,Total,121
2024,ISL,All,Total,121
2000,ISR,All,Total,72
2001,ISR,All,Total,88
2002,ISR,All,Total,99
2003,ISR,All,Total,102
2004,ISR,All,Total,109
2005,ISR,All,Total,115
2006,ISR,All,Total,123
2007,ISR,All,Total,128
2008,ISR,All,Total,127
2009,ISR,All,Total,125
2010,ISR,All,Total,124
2011,ISR,All,Total,123
2012,ISR,All,Total,121
2013,ISR,All,Total,123
2014,ISR,All,Total,120
2015,ISR,All,Total,131
2016,ISR,All,Total,129
2017,ISR,All,Total,126
2018,ISR,All,Total,126
2019,ISR,All,Total,135
2020,ISR,All,Total,139
2021,ISR,All,Total,140
2022,ISR,All,Total,151
2023,ISR,All,Total,153
2024,ISR,All,Total,177
2000,ITA,All,Total,74
2001,ITA,All,Total,89
2002,ITA,All,Total,94
2003,ITA,All,Total,98
2004,ITA,All,Total,108
2005,ITA,All,Total,122
2006,ITA,All,Total,137
2007,ITA,All,Total,152
2008,ITA,All,Total,152
2009,ITA,All,Total,150
2010,ITA,All,Total,156
2011,ITA,All,Total,159
2012,ITA,All,Total,161
2013,ITA,All,Total,160
2014,ITA,All,Total,148
2015,ITA,All,Total,145
2016,ITA,All,Total,142
2017,ITA,All,Total,139
2018,ITA,All,Total,138
2019,ITA,All,Total,132
2020,ITA,All,Total,129
2021,ITA,All,Total,131
2022,ITA,All,Total,132
2023,ITA,All,Total,132
2024,ITA,All,Total,133
2000,JAM,All,Total,14
2001,JAM,All,Total,23
2002,JAM,All,Total,47
2003,JAM,All,Total,59
2004,JAM,All,Total,69
2005,JAM,All,Total,74
2006,JAM,All,Total,84
2007,JAM,All,Total,99
2008,JAM,All,Total,100
2009,JAM,All,Total,108
2010,JAM,All,Total,116
2011,JAM,All,Total,107
2012,JAM,All,Total,98
2013,JAM,All,Total,102
2014,JAM,All,Total,108
2015,JAM,All,Total,112
2016,JAM,All,Total,116
2017,JAM,All,Total,110
2018,JAM,All,Total,105
2019,JAM,All,Total,107
2020,JAM,All,Total,102
2021,JAM,All,Total,102
2022,JAM,All,Total,106
2023,JAM,All,Total,115
2024,JAM,All,Total,118
2000,JOR,All,Total,7.2
2001,JOR,All,Total,16
2002,JOR,All,Total,22
2003,JOR,All,Total,23
2004,JOR,All,Total,28
2005,JOR,All,Total,52
2006,JOR,All,Total,68
2007,JOR,All,Total,70
2008,JOR,All,Total,76
2009,JOR,All,Total,84
2010,JOR,All,Total,91
2011,JOR,All,Total,100
2012,JOR,All,Total,118
2013,JOR,All,Total,129
2014,JOR,All,Total,126
2015,JOR,All,Total,145
2016,JOR,All,Total,98
2017,JOR,All,Total,95
2018,JOR,All,Total,83
2019,JOR,All,Total,73
2020,JOR,All,Total,64
2021,JOR,All,Total,66
2022,JOR,All,Total,68
2023,JOR,All,Total,68
2024,JOR,All,Total,70
2000,JPN,All,Total,53
2001,JPN,All,Total,59
2002,JPN,All,Total,64
2003,JPN,All,Total,68
2004,JPN,All,Total,72
2005,JPN,All,Total,75
2006,JPN,All,Total,78
2007,JPN,All,Total,84
2008,JPN,All,Total,86
2009,JPN,All,Total,91
2010,JPN,All,Total,96
2011,JPN,All,Total,104
2012,JPN,All,Total,110
2013,JPN,All,Total,116
2014,JPN,All,Total,124
2015,JPN,All,Total,126
2016,JPN,All,Total,131
2017,JPN,All,Total,136
2018,JPN,All,Total,142
2019,JPN,All,Total,147
2020,JPN,All,Total,154
2021,JPN,All,Total,160
2022,JPN,All,Total,169
2023,JPN,All,Total,178
2000,KAZ,All,Total,1.3
2001,KAZ,All,Total,3.7
2002,KAZ,All,Total,6.6
2003,KAZ,All,Total,8.5
2004,KAZ,All,Total,15
2005,KAZ,All,Total,34
2006,KAZ,All,Total,48
2007,KAZ,All,Total,76
2008,KAZ,All,Total,91
2009,KAZ,All,Total,103
2010,KAZ,All,Total,115
2011,KAZ,All,Total,148
2012,KAZ,All,Total,175
2013,KAZ,All,Total,173
2014,KAZ,All,Total,161
2015,KAZ,All,Total,145
2016,KAZ,All,Total,139
2017,KAZ,All,Total,143
2018,KAZ,All,Total,138
2019,KAZ,All,Total,134
2020,KAZ,All,Total,125
2021,KAZ,All,Total,124
2022,KAZ,All,Total,126
2023,KAZ,All,Total,127
2024,KAZ,All,Total,127
2000,KEN,All,Total,0.42
2001,KEN,All,Total,1.9
2002,KEN,All,Total,3.6
2003,KEN,All,Total,4.7
2004,KEN,All,Total,7.3
2005,KEN,All,Total,13
2006,KEN,All,Total,20
2007,KEN,All,Total,30
2008,KEN,All,Total,42
2009,KEN,All,Total,48
2010,KEN,All,Total,60
2011,KEN,All,Total,66
2012,KEN,All,Total,70
2013,KEN,All,Total,71
2014,KEN,All,Total,73
2015,KEN,All,Total,80
2016,KEN,All,Total,81
2017,KEN,All,Total,87
2018,KEN,All,Total,99
2019,KEN,All,Total,107
2020,KEN,All,Total,118
2021,KEN,All,Total,122
2022,KEN,All,Total,121
2023,KEN,All,Total,121
2024,KEN,All,Total,126
2000,KGZ,All,Total,0.18
2001,KGZ,All,Total,0.53
2002,KGZ,All,Total,1.0
2003,KGZ,All,Total,2.7
2004,KGZ,All,Total,5.1
2005,KGZ,All,Total,10
2006,KGZ,All,Total,24
2007,KGZ,All,Total,41
2008,KGZ,All,Total,64
2009,KGZ,All,Total,83
2010,KGZ,All,Total,96
2011,KGZ,All,Total,112
2012,KGZ,All,Total,119
2013,KGZ,All,Total,116
2014,KGZ,All,Total,128
2015,KGZ,All,Total,126
2016,KGZ,All,Total,125
2017,KGZ,All,Total,136
2018,KGZ,All,Total,138
2019,KGZ,All,Total,133
2020,KGZ,All,Total,110
2021,KGZ,All,Total,108
2022,KGZ,All,Total,107
2023,KGZ,All,Total,109
2024,KGZ,All,Total,107
2000,KHM,All,Total,1.0
2001,KHM,All,Total,1.8
2002,KHM,All,Total,3.0
2003,KHM,All,Total,3.8
2004,KHM,All,Total,6.5
2005,KHM,All,Total,7.9
2006,KHM,All,Total,13
2007,KHM,All,Total,19
2008,KHM,All,Total,30
2009,KHM,All,Total,44
2010,KHM,All,Total,56
2011,KHM,All,Total,93
2012,KHM,All,Total,128
2013,KHM,All,Total,134
2014,KHM,All,Total,133
2015,KHM,All,Total,133
2016,KHM,All,Total,126
2017,KHM,All,Total,116
2018,KHM,All,Total,119
2019,KHM,All,Total,130
2020,KHM,All,Total,126
2021,KHM,All,Total,117
2022,KHM,All,Total,113
2023,KHM,All,Total,121
2024,KHM,All,Total,116
2000,KIR,All,Total,0.34
2001,KIR,All,Total,0.44
2002,KIR,All,Total,0.54
2003,KIR,All,Total,0.56
2004,KIR,All,Total,0.64
2005,KIR,All,Total,0.66
2006,KIR,All,Total,0.70
2007,KIR,All,Total,0.73
2008,KIR,All,Total,0.96
2009,KIR,All,Total,9.3
2010,KIR,All,Total,9.7
2011,KIR,All,Total,12
2012,KIR,All,Total,16
2013,KIR,All,Total,18
2014,KIR,All,Total,26
2015,KIR,All,Total,35
2016,KIR,All,Total,44
2017,KIR,All,Total,38
2018,KIR,All,Total,44
2019,KIR,All,Total,44
2020,KIR,All,Total,43
2021,KIR,All,Total,41
2022,KIR,All,Total,49
2023,KIR,All,Total,51
2024,KIR,All,Total,54
2000,KNA,All,Total,2.7
2001,KNA,All,Total,4.6
2002,KNA,All,Total,11
2003,KNA,All,Total,48
2004,KNA,All,Total,63
2005,KNA,All,Total,110
2006,KNA,All,Total,110
2007,KNA,All,Total,138
2008,KNA,All,Total,159
2009,KNA,All,Total,161
2010,KNA,All,Total,171
2011,KNA,All,Total,164
2012,KNA,All,Total,162
2013,KNA,All,Total,164
2014,KNA,All,Total,138
2015,KNA,All,Total,155
2016,KNA,All,Total,163
2017,KNA,All,Total,163
2018,KNA,All,Total,152
2019,KNA,All,Total,139
2020,KNA,All,Total,133
2021,KNA,All,Total,121
2022,KNA,All,Total,117
2023,KNA,All,Total,119
2000,KOR,All,Total,57
2001,KOR,All,Total,62
2002,KOR,All,Total,68
2003,KOR,All,Total,71
2004,KOR,All,Total,77
2005,KOR,All,Total,80
2006,KOR,All,Total,84
2007,KOR,All,Total,92
2008,KOR,All,Total,94
2009,KOR,All,Total,99
2010,KOR,All,Total,104
2011,KOR,All,Total,107
2012,KOR,All,Total,108
2013,KOR,All,Total,109
2014,KOR,All,Total,113
2015,KOR,All,Total,116
2016,KOR,All,Total,119
2017,KOR,All,Total,124
2018,KOR,All,Total,128
2019,KOR,All,Total,133
2020,KOR,All,Total,136
2021,KOR,All,Total,141
2022,KOR,All,Total,149
2023,KOR,All,Total,162
2024,KOR,All,Total,173
2000,KWT,All,Total,24
2001,KWT,All,Total,44
2002,KWT,All,Total,60
2003,KWT,All,Total,67
2004,KWT,All,Total,82
2005,KWT,All,Total,62
2006,KWT,All,Total,50
2007,KWT,All,Total,57
2008,KWT,All,Total,57
2009,KWT,All,Total,94
2010,KWT,All,Total,135
2011,KWT,All,Total,157
2012,KWT,All,Total,153
2013,KWT,All,Total,183
2014,KWT,All,Total,207
2015,KWT,All,Total,200
2016,KWT,All,Total,191
2017,KWT,All,Total,172
2018,KWT,All,Total,164
2019,KWT,All,Total,165
2020,KWT,All,Total,154
2021,KWT,All,Total,159
2022,KWT,All,Total,168
2023,KWT,All,Total,168
2000,LAO,All,Total,0.23
2001,LAO,All,Total,0.54
2002,LAO,All,Total,0.98
2003,LAO,All,Total,2.0
2004,LAO,All,Total,3.5
2005,LAO,All,Total,11
2006,LAO,All,Total,17
2007,LAO,All,Total,24
2008,LAO,All,Total,33
2009,LAO,All,Total,52
2010,LAO,All,Total,63
2011,LAO,All,Total,85
2012,LAO,All,Total,66
2013,LAO,All,Total,70
2014,LAO,All,Total,69
2015,LAO,All,Total,55
2016,LAO,All,Total,57
2017,LAO,All,Total,53
2018,LAO,All,Total,51
2019,LAO,All,Total,64
2020,LAO,All,Total,63
2021,LAO,All,Total,65
2022,LAO,All,Total,63
2023,LAO,All,Total,65
2000,LBN,All,Total,17
2001,LBN,All,Total,17
2002,LBN,All,Total,17
2003,LBN,All,Total,18
2004,LBN,All,Total,19
2005,LBN,All,Total,21
2006,LBN,All,Total,23
2007,LBN,All,Total,26
2008,LBN,All,Total,29
2009,LBN,All,Total,48
2010,LBN,All,Total,57
2011,LBN,All,Total,68
2012,LBN,All,Total,72
2013,LBN,All,Total,68
2014,LBN,All,Total,69
2015,LBN,All,Total,72
2016,LBN,All,Total,68
2017,LBN,All,Total,71
2018,LBN,All,Total,74
2019,LBN,All,Total,73
2020,LBN,All,Total,75
2021,LBN,All,Total,75
2022,LBN,All,Total,74
2000,LBR,All,Total,0.051
2001,LBR,All,Total,0.066
2002,LBR,All,Total,0.16
2003,LBR,All,Total,1.5
2004,LBR,All,Total,3.0
2005,LBR,All,Total,4.8
2006,LBR,All,Total,8.0
2007,LBR,All,Total,15
2008,LBR,All,Total,22
2009,LBR,All,Total,28
2010,LBR,All,Total,39
2011,LBR,All,Total,48
2012,LBR,All,Total,54
2013,LBR,All,Total,57
2014,LBR,All,Total,71
2015,LBR,All,Total,78
2016,LBR,All,Total,66
2017,LBR,All,Total,55
2019,LBR,All,Total,38
2020,LBR,All,Total,32
2021,LBR,All,Total,31
2022,LBR,All,Total,32
2000,LBY,All,Total,0.75
2001,LBY,All,Total,0.93
2002,LBY,All,Total,1.3
2003,LBY,All,Total,2.3
2004,LBY,All,Total,8.7
2005,LBY,All,Total,34
2006,LBY,All,Total,66
2007,LBY,All,Total,74
2008,LBY,All,Total,118
2009,LBY,All,Total,150
2010,LBY,All,Total,168
2011,LBY,All,Total,158
2012,LBY,All,Total,155
2013,LBY,All,Total,162
2014,LBY,All,Total,132
2015,LBY,All,Total,149
2016,LBY,All,Total,115
2017,LBY,All,Total,89
2019,LBY,All,Total,164
2020,LBY,All,Total,165
2021,LBY,All,Total,195
2022,LBY,All,Total,193
2000,LCA,All,Total,1.6
2001,LCA,All,Total,1.7
2002,LCA,All,Total,8.9
2003,LCA,All,Total,61
2004,LCA,All,Total,61
2005,LCA,All,Total,64
2006,LCA,All,Total,63
2007,LCA,All,Total,88
2008,LCA,All,Total,104
2009,LCA,All,Total,112
2010,LCA,All,Total,116
2011,LCA,All,Total,126
2012,LCA,All,Total,125
2013,LCA,All,Total,122
2014,LCA,All,Total,108
2015,LCA,All,Total,107
2016,LCA,All,Total,101
2017,LCA,All,Total,100
2018,LCA,All,Total,104
2019,LCA,All,Total,83
2020,LCA,All,Total,82
2021,LCA,All,Total,96
2022,LCA,All,Total,99
2000,LIE,All,Total,30
2001,LIE,All,Total,33
2002,LIE,All,Total,34
2003,LIE,All,Total,73
2004,LIE,All,Total,74
2005,LIE,All,Total,79
2006,LIE,All,Total,82
2007,LIE,All,Total,91
2008,LIE,All,Total,96
2009,LIE,All,Total,98
2010,LIE,All,Total,99
2011,LIE,All,Total,102
2012,LIE,All,Total,99
2013,LIE,All,Total,104
2014,LIE,All,Total,109
2015,LIE,All,Total,109
2016,LIE,All,Total,118
2017,LIE,All,Total,123
2018,LIE,All,Total,124
2019,LIE,All,Total,124
2020,LIE,All,Total,126
2021,LIE,All,Total,126
2022,LIE,All,Total,126
2023,LIE,All,Total,127
2024,LIE,All,Total,129
2000,LKA,All,Total,2.2
2001,LKA,All,Total,3.4
2002,LKA,All,Total,4.7
2003,LKA,All,Total,7.0
2004,LKA,All,Total,11
2005,LKA,All,Total,17
2006,LKA,All,Total,27
2007,LKA,All,Total,39
2008,LKA,All,Total,54
2009,LKA,All,Total,79
2010,LKA,All,Total,83
2011,LKA,All,Total,87
2012,LKA,All,Total,91
2013,LKA,All,Total,95
2014,LKA,All,Total,103
2015,LKA,All,Total,110
2016,LKA,All,Total,118
2017,LKA,All,Total,128
2018,LKA,All,Total,136
2019,LKA,All,Total,127
2020,LKA,All,Total,132
2021,LKA,All,Total,136
2022,LKA,All,Total,152
2023,LKA,All,Total,142
2024,LKA,All,Total,133
2000,LSO,All,Total,1.1
2001,LSO,All,Total,2.8
2002,LSO,All,Total,6.9
2003,LSO,All,Total,6.3
2004,LSO,All,Total,10
2005,LSO,All,Total,13
2006,LSO,All,Total,18
2007,LSO,All,Total,25
2008,LSO,All,Total,30
2009,LSO,All,Total,33
2010,LSO,All,Total,49
2011,LSO,All,Total,61
2012,LSO,All,Total,76
2013,LSO,All,Total,87
2014,LSO,All,Total,103
2015,LSO,All,Total,102
2016,LSO,All,Total,107
2017,LSO,All,Total,110
2018,LSO,All,Total,72
2019,LSO,All,Total,76
2020,LSO,All,Total,70
2021,LSO,All,Total,81
2022,LSO,All,Total,68
2023,LSO,All,Total,69
2024,LSO,All,Total,70
2000,LTU,All,Total,15
2001,LTU,All,Total,29
2002,LTU,All,Total,48
2003,LTU,All,Total,62
2004,LTU,All,Total,90
2005,LTU,All,Total,131
2006,LTU,All,Total,144
2007,LTU,All,Total,152
2008,LTU,All,Total,157
2009,LTU,All,Total,157
2010,LTU,All,Total,158
2011,LTU,All,Total,163
2012,LTU,All,Total,167
2013,LTU,All,Total,154
2014,LTU,All,Total,145
2015,LTU,All,Total,144
2016,LTU,All,Total,147
2017,LTU,All,Total,154
2018,LTU,All,Total,134
2019,LTU,All,Total,133
2020,LTU,All,Total,131
2021,LTU,All,Total,133
2022,LTU,All,Total,136
2023,LTU,All,Total,137
2024,LTU,All,Total,139
2000,LUX,All,Total,70
2001,LUX,All,Total,93
2002,LUX,All,Total,106
2003,LUX,All,Total,119
2004,LUX,All,Total,103
2005,LUX,All,Total,110
2006,LUX,All,Total,151
2007,LUX,All,Total,143
2008,LUX,All,Total,145
2009,LUX,All,Total,145
2010,LUX,All,Total,143
2011,LUX,All,Total,148
2012,LUX,All,Total,143
2013,LUX,All,Total,145
2014,LUX,All,Total,144
2015,LUX,All,Total,142
2016,LUX,All,Total,131
2017,LUX,All,Total,133
2018,LUX,All,Total,131
2019,LUX,All,Total,132
2020,LUX,All,Total,133
2021,LUX,All,Total,137
2022,LUX,All,Total,140
2023,LUX,All,Total,144
2000,LVA,All,Total,17
2001,LVA,All,Total,28
2002,LVA,All,Total,40
2003,LVA,All,Total,53
2004,LVA,All,Total,68
2005,LVA,All,Total,84
2006,LVA,All,Total,98
2007,LVA,All,Total,101
2008,LVA,All,Total,106
2009,LVA,All,Total,108
2010,LVA,All,Total,110
2011,LVA,All,Total,112
2012,LVA,All,Total,129
2013,LVA,All,Total,127
2014,LVA,All,Total,120
2015,LVA,All,Total,131
2016,LVA,All,Total,135
2017,LVA,All,Total,127
2018,LVA,All,Total,107
2019,LVA,All,Total,108
2020,LVA,All,Total,108
2021,LVA,All,Total,115
2022,LVA,All,Total,115
2023,LVA,All,Total,120
2024,LVA,All,Total,121
2000,MAC,All,Total,32
2001,MAC,All,Total,44
2002,MAC,All,Total,61
2003,MAC,All,Total,78
2004,MAC,All,Total,90
2005,MAC,All,Total,108
2006,MAC,All,Total,125
2007,MAC,All,Total,152
2008,MAC,All,Total,174
2009,MAC,All,Total,189
2010,MAC,All,Total,199
2011,MAC,All,Total,235
2012,MAC,All,Total,275
2013,MAC,All,Total,288
2014,MAC,All,Total,304
2015,MAC,All,Total,305
2016,MAC,All,Total,311
2017,MAC,All,Total,317
2018,MAC,All,Total,331
2019,MAC,All,Total,416
2020,MAC,All,Total,237
2021,MAC,All,Total,184
2022,MAC,All,Total,172
2023,MAC,All,Total,192
2024,MAC,All,Total,201
2000,MAR,All,Total,8.2
2001,MAR,All,Total,17
2002,MAR,All,Total,21
2003,MAR,All,Total,25
2004,MAR,All,Total,31
2005,MAR,All,Total,41
2006,MAR,All,Total,52
2007,MAR,All,Total,64
2008,MAR,All,Total,72
2009,MAR,All,Total,79
2010,MAR,All,Total,99
2011,MAR,All,Total,111
2012,MAR,All,Total,117
2013,MAR,All,Total,126
2014,MAR,All,Total,129
2015,MAR,All,Total,124
2016,MAR,All,Total,119
2017,MAR,All,Total,124
2018,MAR,All,Total,125
2019,MAR,All,Total,129
2020,MAR,All,Total,135
2021,MAR,All,Total,139
2022,MAR,All,Total,142
2023,MAR,All,Total,148
2024,MAR,All,Total,153
2000,MCO,All,Total,43
2001,MCO,All,Total,44
2002,MCO,All,Total,46
2003,MCO,All,Total,47
2004,MCO,All,Total,49
2005,MCO,All,Total,53
2006,MCO,All,Total,57
2007,MCO,All,Total,64
2008,MCO,All,Total,69
2009,MCO,All,Total,71
2010,MCO,All,Total,71
2011,MCO,All,Total,94
2012,MCO,All,Total,96
2013,MCO,All,Total,100
2014,MCO,All,Total,93
2015,MCO,All,Total,93
2016,MCO,All,Total,89
2017,MCO,All,Total,88
2018,MCO,All,Total,86
2019,MCO,All,Total,89
2020,MCO,All,Total,93
2021,MCO,All,Total,97
2022,MCO,All,Total,100
2023,MCO,All,Total,104
2024,MCO,All,Total,107
2000,MDA,All,Total,3.3
2001,MDA,All,Total,5.4
2002,MDA,All,Total,8.2
2003,MDA,All,Total,12
2004,MDA,All,Total,19
2005,MDA,All,Total,27
2006,MDA,All,Total,35
2007,MDA,All,Total,49
2008,MDA,All,Total,64
2009,MDA,All,Total,58
2010,MDA,All,Total,70
2011,MDA,All,Total,90
2012,MDA,All,Total,103
2013,MDA,All,Total,108
2014,MDA,All,Total,112
2015,MDA,All,Total,113
2016,MDA,All,Total,117
2017,MDA,All,Total,117
2018,MDA,All,Total,115
2019,MDA,All,Total,116
2020,MDA,All,Total,111
2021,MDA,All,Total,129
2022,MDA,All,Total,137
2023,MDA,All,Total,130
2024,MDA,All,Total,120
2000,MDG,All,Total,0.38
2001,MDG,All,Total,0.87
2002,MDG,All,Total,0.93
2003,MDG,All,Total,1.6
2004,MDG,All,Total,1.8
2005,MDG,All,Total,2.7
2006,MDG,All,Total,5.3
2007,MDG,All,Total,11
2008,MDG,All,Total,23
2009,MDG,All,Total,29
2010,MDG,All,Total,35
2011,MDG,All,Total,38
2012,MDG,All,Total,37
2013,MDG,All,Total,35
2014,MDG,All,Total,39
2015,MDG,All,Total,42
2016,MDG,All,Total,31
2017,MDG,All,Total,33
2018,MDG,All,Total,39
2019,MDG,All,Total,46
2020,MDG,All,Total,55
2021,MDG,All,Total,54
2022,MDG,All,Total,65
2023,MDG,All,Total,75
2000,MDV,All,Total,2.7
2001,MDV,All,Total,6.6
2002,MDV,All,Total,14
2003,MDV,All,Total,22
2004,MDV,All,Total,38
2005,MDV,All,Total,66
2006,MDV,All,Total,86
2007,MDV,All,Total,97
2008,MDV,All,Total,130
2009,MDV,All,Total,131
2010,MDV,All,Total,137
2011,MDV,All,Total,142
2012,MDV,All,Total,145
2013,MDV,All,Total,156
2014,MDV,All,Total,161
2015,MDV,All,Total,173
2016,MDV,All,Total,183
2017,MDV,All,Total,196
2018,MDV,All,Total,181
2019,MDV,All,Total,170
2020,MDV,All,Total,143
2021,MDV,All,Total,137
2022,MDV,All,Total,136
2023,MDV,All,Total,142
2024,MDV,All,Total,148
2000,MEX,All,Total,14
2001,MEX,All,Total,22
2002,MEX,All,Total,26
2003,MEX,All,Total,29
2004,MEX,All,Total,37
2005,MEX,All,Total,45
2006,MEX,All,Total,52
2007,MEX,All,Total,61
2008,MEX,All,Total,68
2009,MEX,All,Total,74
2010,MEX,All,Total,80
2011,MEX,All,Total,82
2012,MEX,All,Total,86
2013,MEX,All,Total,90
2014,MEX,All,Total,88
2015,MEX,All,Total,89
2016,MEX,All,Total,91
2017,MEX,All,Total,93
2018,MEX,All,Total,96
2019,MEX,All,Total,97
2020,MEX,All,Total,97
2021,MEX,All,Total,99
2022,MEX,All,Total,106
2023,MEX,All,Total,112
2024,MEX,All,Total,116
2000,MHL,All,Total,0.88
2001,MHL,All,Total,0.96
2002,MHL,All,Total,1.1
2003,MHL,All,Total,1.2
2004,MHL,All,Total,1.2
2005,MHL,All,Total,1.3
2014,MHL,All,Total,31
2015,MHL,All,Total,32
2017,MHL,All,Total,34
2019,MHL,All,Total,36
2020,MHL,All,Total,37
2021,MHL,All,Total,39
2022,MHL,All,Total,40
2000,MKD,All,Total,5.6
2001,MKD,All,Total,11
2002,MKD,All,Total,18
2003,MKD,All,Total,37
2004,MKD,All,Total,47
2005,MKD,All,Total,54
2006,MKD,All,Total,60
2007,MKD,All,Total,86
2008,MKD,All,Total,95
2009,MKD,All,Total,94
2010,MKD,All,Total,105
2011,MKD,All,Total,108
2012,MKD,All,Total,110
2013,MKD,All,Total,111
2014,MKD,All,Total,111
2015,MKD,All,Total,105
2016,MKD,All,Total,105
2017,MKD,All,Total,103
2018,MKD,All,Total,103
2019,MKD,All,Total,101
2020,MKD,All,Total,99
2021,MKD,All,Total,105
2022,MKD,All,Total,111
2023,MKD,All,Total,106
2024,MKD,All,Total,108
2000,MLI,All,Total,0.090
2001,MLI,All,Total,0.20
2002,MLI,All,Total,0.37
2003,MLI,All,Total,1.9
2004,MLI,All,Total,3.1
2005,MLI,All,Total,5.6
2006,MLI,All,Total,11
2007,MLI,All,Total,18
2008,MLI,All,Total,23
2009,MLI,All,Total,29
2010,MLI,All,Total,47
2011,MLI,All,Total,66
2012,MLI,All,Total,86
2013,MLI,All,Total,113
2014,MLI,All,Total,130
2015,MLI,All,Total,122
2016,MLI,All,Total,105
2017,MLI,All,Total,111
2018,MLI,All,Total,107
2019,MLI,All,Total,109
2020,MLI,All,Total,117
2021,MLI,All,Total,109
2022,MLI,All,Total,112
2000,MLT,All,Total,29
2001,MLT,All,Total,59
2002,MLT,All,Total,68
2003,MLT,All,Total,71
2004,MLT,All,Total,75
2005,MLT,All,Total,78
2006,MLT,All,Total,83
2007,MLT,All,Total,88
2008,MLT,All,Total,92
2009,MLT,All,Total,100
2010,MLT,All,Total,108
2011,MLT,All,Total,123
2012,MLT,All,Total,125
2013,MLT,All,Total,130
2014,MLT,All,Total,126
2015,MLT,All,Total,118
2016,MLT,All,Total,129
2017,MLT,All,Total,129
2018,MLT,All,Total,127
2019,MLT,All,Total,126
2020,MLT,All,Total,122
2021,MLT,All,Total,124
2022,MLT,All,Total,133
2023,MLT,All,Total,141
2024,MLT,All,Total,142
2000,MMR,All,Total,0.030
2001,MMR,All,Total,0.050
2002,MMR,All,Total,0.10
2003,MMR,All,Total,0.14
2004,MMR,All,Total,0.20
2005,MMR,All,Total,0.27
2006,MMR,All,Total,0.45
2007,MMR,All,Total,0.51
2008,MMR,All,Total,0.76
2009,MMR,All,Total,1.0
2010,MMR,All,Total,1.2
2011,MMR,All,Total,2.5
2012,MMR,All,Total,7.5
2013,MMR,All,Total,14
2014,MMR,All,Total,57
2015,MMR,All,Total,80
2016,MMR,All,Total,98
2017,MMR,All,Total,92
2018,MMR,All,Total,117
2019,MMR,All,Total,156
2020,MMR,All,Total,148
2021,MMR,All,Total,127
2022,MMR,All,Total,108
2023,MMR,All,Total,121
2024,MMR,All,Total,114
2004,MNE,All,Total,76
2005,MNE,All,Total,86
2006,MNE,All,Total,102
2007,MNE,All,Total,142
2008,MNE,All,Total,183
2009,MNE,All,Total,205
2010,MNE,All,Total,185
2011,MNE,All,Total,183
2012,MNE,All,Total,156
2013,MNE,All,Total,157
2014,MNE,All,Total,160
2015,MNE,All,Total,160
2016,MNE,All,Total,167
2017,MNE,All,Total,168
2018,MNE,All,Total,184
2019,MNE,All,Total,188
2020,MNE,All,Total,178
2021,MNE,All,Total,185
2022,MNE,All,Total,207
2023,MNE,All,Total,207
2024,MNE,All,Total,222
2000,MNG,All,Total,6.3
2001,MNG,All,Total,7.9
2002,MNG,All,Total,8.6
2003,MNG,All,Total,13
2004,MNG,All,Total,17
2005,MNG,All,Total,22
2006,MNG,All,Total,30
2007,MNG,All,Total,46
2008,MNG,All,Total,67
2009,MNG,All,Total,84
2010,MNG,All,Total,93
2011,MNG,All,Total,107
2012,MNG,All,Total,121
2013,MNG,All,Total,101
2014,MNG,All,Total,104
2015,MNG,All,Total,103
2016,MNG,All,Total,111
2017,MNG,All,Total,125
2018,MNG,All,Total,133
2019,MNG,All,Total,137
2020,MNG,All,Total,133
2021,MNG,All,Total,140
2022,MNG,All,Total,143
2023,MNG,All,Total,141
2024,MNG,All,Total,141
2000,MNP,All,Total,4.4
2001,MNP,All,Total,19
2002,MNP,All,Total,26
2003,MNP,All,Total,28
2004,MNP,All,Total,32
2000,MOZ,All,Total,0.28
2001,MOZ,All,Total,0.82
2002,MOZ,All,Total,1.3
2003,MOZ,All,Total,2.2
2004,MOZ,All,Total,3.6
2005,MOZ,All,Total,7.4
2006,MOZ,All,Total,11
2007,MOZ,All,Total,14
2008,MOZ,All,Total,20
2009,MOZ,All,Total,27
2010,MOZ,All,Total,31
2011,MOZ,All,Total,33
2012,MOZ,All,Total,36
2013,MOZ,All,Total,50
2014,MOZ,All,Total,72
2015,MOZ,All,Total,76
2016,MOZ,All,Total,55
2017,MOZ,All,Total,42
2018,MOZ,All,Total,49
2019,MOZ,All,Total,49
2020,MOZ,All,Total,50
2021,MOZ,All,Total,43
2022,MOZ,All,Total,46
2023,MOZ,All,Total,48
2024,MOZ,All,Total,50
2000,MRT,All,Total,0.59
2001,MRT,All,Total,4.1
2002,MRT,All,Total,9.0
2003,MRT,All,Total,13
2004,MRT,All,Total,18
2005,MRT,All,Total,25
2006,MRT,All,Total,35
2007,MRT,All,Total,46
2008,MRT,All,Total,66
2009,MRT,All,Total,66
2010,MRT,All,Total,82
2011,MRT,All,Total,95
2012,MRT,All,Total,111
2013,MRT,All,Total,107
2014,MRT,All,Total,98
2015,MRT,All,Total,92
2016,MRT,All,Total,88
2017,MRT,All,Total,97
2018,MRT,All,Total,105
2019,MRT,All,Total,105
2020,MRT,All,Total,126
2021,MRT,All,Total,138
2022,MRT,All,Total,110
2023,MRT,All,Total,91
2024,MRT,All,Total,92
2000,MUS,All,Total,15
2001,MUS,All,Total,22
2002,MUS,All,Total,28
2003,MUS,All,Total,37
2004,MUS,All,Total,44
2005,MUS,All,Total,52
2006,MUS,All,Total,61
2007,MUS,All,Total,73
2008,MUS,All,Total,81
2009,MUS,All,Total,85
2010,MUS,All,Total,93
2011,MUS,All,Total,101
2012,MUS,All,Total,115
2013,MUS,All,Total,119
2014,MUS,All,Total,128
2015,MUS,All,Total,136
2016,MUS,All,Total,140
2017,MUS,All,Total,143
2018,MUS,All,Total,149
2019,MUS,All,Total,145
2020,MUS,All,Total,149
2021,MUS,All,Total,154
2022,MUS,All,Total,164
2023,MUS,All,Total,165
2024,MUS,All,Total,173
2000,MWI,All,Total,0.43
2001,MWI,All,Total,0.48
2002,MWI,All,Total,0.72
2003,MWI,All,Total,1.1
2004,MWI,All,Total,1.8
2005,MWI,All,Total,3.3
2006,MWI,All,Total,4.7
2007,MWI,All,Total,7.7
2008,MWI,All,Total,11
2009,MWI,All,Total,17
2010,MWI,All,Total,21
2011,MWI,All,Total,26
2012,MWI,All,Total,30
2013,MWI,All,Total,33
2014,MWI,All,Total,34
2015,MWI,All,Total,38
2016,MWI,All,Total,41
2017,MWI,All,Total,43
2018,MWI,All,Total,38
2019,MWI,All,Total,47
2020,MWI,All,Total,51
2021,MWI,All,Total,60
2022,MWI,All,Total,60
2023,MWI,All,Total,61
2024,MWI,All,Total,69
2000,MYS,All,Total,22
2001,MYS,All,Total,31
2002,MYS,All,Total,38
2003,MYS,All,Total,45
2004,MYS,All,Total,58
2005,MYS,All,Total,76
2006,MYS,All,Total,74
2007,MYS,All,Total,86
2008,MYS,All,Total,101
2009,MYS,All,Total,107
2010,MYS,All,Total,118
2011,MYS,All,Total,126
2012,MYS,All,Total,139
2013,MYS,All,Total,143
2014,MYS,All,Total,146
2015,MYS,All,Total,141
2016,MYS,All,Total,137
2017,MYS,All,Total,131
2018,MYS,All,Total,129
2019,MYS,All,Total,133
2020,MYS,All,Total,129
2021,MYS,All,Total,138
2022,MYS,All,Total,138
2023,MYS,All,Total,143
2024,MYS,All,Total,140
2000,NAM,All,Total,4.5
2001,NAM,All,Total,5.7
2002,NAM,All,Total,7.9
2003,NAM,All,Total,12
2004,NAM,All,Total,15
2005,NAM,All,Total,23
2006,NAM,All,Total,31
2007,NAM,All,Total,40
2008,NAM,All,Total,51
2009,NAM,All,Total,79
2010,NAM,All,Total,92
2011,NAM,All,Total,102
2012,NAM,All,Total,98
2013,NAM,All,Total,121
2014,NAM,All,Total,116
2015,NAM,All,Total,107
2016,NAM,All,Total,109
2017,NAM,All,Total,107
2018,NAM,All,Total,107
2019,NAM,All,Total,107
2020,NAM,All,Total,106
2021,NAM,All,Total,104
2022,NAM,All,Total,101
2023,NAM,All,Total,88
2024,NAM,All,Total,85
2000,NCL,All,Total,22
2001,NCL,All,Total,30
2002,NCL,All,Total,34
2003,NCL,All,Total,41
2004,NCL,All,Total,48
2005,NCL,All,Total,55
2006,NCL,All,Total,63
2007,NCL,All,Total,70
2008,NCL,All,Total,77
2009,NCL,All,Total,81
2010,NCL,All,Total,84
2011,NCL,All,Total,85
2012,NCL,All,Total,85
2013,NCL,All,Total,87
2014,NCL,All,Total,86
2015,NCL,All,Total,92
2019,NCL,All,Total,92
2020,NCL,All,Total,91
2021,NCL,All,Total,91
2022,NCL,All,Total,92
2000,NER,All,Total,0.018
2001,NER,All,Total,0.018
2002,NER,All,Total,0.47
2003,NER,All,Total,0.64
2004,NER,All,Total,1.3
2005,NER,All,Total,2.4
2006,NER,All,Total,3.4
2007,NER,All,Total,6.1
2008,NER,All,Total,12
2009,NER,All,Total,16
2010,NER,All,Total,22
2011,NER,All,Total,28
2012,NER,All,Total,30
2013,NER,All,Total,38
2014,NER,All,Total,43
2015,NER,All,Total,45
2016,NER,All,Total,36
2017,NER,All,Total,41
2019,NER,All,Total,53
2020,NER,All,Total,60
2021,NER,All,Total,62
2022,NER,All,Total,63
2023,NER,All,Total,66
2024,NER,All,Total,61
2000,NGA,All,Total,0.024
2001,NGA,All,Total,0.21
2002,NGA,All,Total,1.2
2003,NGA,All,Total,2.3
2004,NGA,All,Total,6.5
2005,NGA,All,Total,13
2006,NGA,All,Total,22
2007,NGA,All,Total,26
2008,NGA,All,Total,40
2009,NGA,All,Total,46
2010,NGA,All,Total,52
2011,NGA,All,Total,56
2012,NGA,All,Total,64
2013,NGA,All,Total,70
2014,NGA,All,Total,75
2015,NGA,All,Total,79
2016,NGA,All,Total,79
2017,NGA,All,Total,72
2018,NGA,All,Total,84
2019,NGA,All,Total,88
2020,NGA,All,Total,95
2021,NGA,All,Total,89
2022,NGA,All,Total,100
2023,NGA,All,Total,98
2024,NGA,All,Total,71
2000,NIC,All,Total,1.8
2001,NIC,All,Total,3.2
2002,NIC,All,Total,4.6
2003,NIC,All,Total,9.0
2004,NIC,All,Total,14
2005,NIC,All,Total,21
2006,NIC,All,Total,34
2007,NIC,All,Total,46
2008,NIC,All,Total,56
2009,NIC,All,Total,59
2010,NIC,All,Total,69
2011,NIC,All,Total,83
2012,NIC,All,Total,99
2013,NIC,All,Total,114
2014,NIC,All,Total,117
2015,NIC,All,Total,118
2016,NIC,All,Total,124
2017,NIC,All,Total,130
2018,NIC,All,Total,116
2019,NIC,All,Total,89
2020,NIC,All,Total,91
2021,NIC,All,Total,94
2022,NIC,All,Total,104
2023,NIC,All,Total,106
2024,NIC,All,Total,106
2000,NLD,All,Total,67
2001,NLD,All,Total,75
2002,NLD,All,Total,74
2003,NLD,All,Total,81
2004,NLD,All,Total,90
2005,NLD,All,Total,96
2006,NLD,All,Total,105
2007,NLD,All,Total,117
2008,NLD,All,Total,124
2009,NLD,All,Total,121
2010,NLD,All,Total,114
2011,NLD,All,Total,118
2012,NLD,All,Total,117
2013,NLD,All,Total,115
2014,NLD,All,Total,115
2015,NLD,All,Total,122
2016,NLD,All,Total,121
2017,NLD,All,Total,119
2018,NLD,All,Total,121
2019,NLD,All,Total,124
2020,NLD,All,Total,121
2021,NLD,All,Total,123
2022,NLD,All,Total,116
2023,NLD,All,Total,125
2024,NLD,All,Total,129
2000,NOR,All,Total,72
2001,NOR,All,Total,80
2002,NOR,All,Total,84
2003,NOR,All,Total,89
2004,NOR,All,Total,99
2005,NOR,All,Total,103
2006,NOR,All,Total,104
2007,NOR,All,Total,107
2008,NOR,All,Total,109
2009,NOR,All,Total,111
2010,NOR,All,Total,115
2011,NOR,All,Total,116
2012,NOR,All,Total,116
2013,NOR,All,Total,112
2014,NOR,All,Total,112
2015,NOR,All,Total,110
2016,NOR,All,Total,109
2017,NOR,All,Total,108
2018,NOR,All,Total,108
2019,NOR,All,Total,108
2020,NOR,All,Total,108
2021,NOR,All,Total,110
2022,NOR,All,Total,112
2023,NOR,All,Total,110
2024,NOR,All,Total,109
2000,NPL,All,Total,0.042
2001,NPL,All,Total,0.069
2002,NPL,All,Total,0.086
2003,NPL,All,Total,0.32
2004,NPL,All,Total,0.45
2005,NPL,All,Total,0.86
2006,NPL,All,Total,4.4
2007,NPL,All,Total,12
2008,NPL,All,Total,16
2009,NPL,All,Total,21
2010,NPL,All,Total,34
2011,NPL,All,Total,49
2012,NPL,All,Total,60
2013,NPL,All,Total,77
2014,NPL,All,Total,83
2015,NPL,All,Total,99
2016,NPL,All,Total,115
2017,NPL,All,Total,129
2018,NPL,All,Total,140
2019,NPL,All,Total,136
2020,NPL,All,Total,132
2021,NPL,All,Total,130
2022,NPL,All,Total,121
2023,NPL,All,Total,118
2024,NPL,All,Total,100
2000,NRU,All,Total,12
2001,NRU,All,Total,15
2010,NRU,All,Total,62
2011,NRU,All,Total,66
2012,NRU,All,Total,66
2015,NRU,All,Total,86
2016,NRU,All,Total,89
2017,NRU,All,Total,88
2019,NRU,All,Total,86
2020,NRU,All,Total,86
2021,NRU,All,Total,85
2022,NRU,All,Total,87
2000,NZL,All,Total,40
2001,NZL,All,Total,59
2002,NZL,All,Total,62
2003,NZL,All,Total,65
2004,NZL,All,Total,74
2005,NZL,All,Total,85
2006,NZL,All,Total,91
2007,NZL,All,Total,101
2008,NZL,All,Total,108
2009,NZL,All,Total,109
2010,NZL,All,Total,108
2011,NZL,All,Total,110
2012,NZL,All,Total,112
2013,NZL,All,Total,107
2014,NZL,All,Total,113
2015,NZL,All,Total,121
2016,NZL,All,Total,129
2017,NZL,All,Total,133
2018,NZL,All,Total,129
2019,NZL,All,Total,120
2020,NZL,All,Total,123
2021,NZL,All,Total,114
2022,NZL,All,Total,116
2023,NZL,All,Total,127
2024,NZL,All,Total,130
2000,OMN,All,Total,7.1
2001,OMN,All,Total,14
2002,OMN,All,Total,20
2003,OMN,All,Total,25
2004,OMN,All,Total,33
2005,OMN,All,Total,53
2006,OMN,All,Total,70
2007,OMN,All,Total,94
2008,OMN,All,Total,117
2009,OMN,All,Total,138
2010,OMN,All,Total,151
2011,OMN,All,Total,148
2012,OMN,All,Total,151
2013,OMN,All,Total,149
2014,OMN,All,Total,154
2015,OMN,All,Total,156
2016,OMN,All,Total,153
2017,OMN,All,Total,149
2018,OMN,All,Total,140
2019,OMN,All,Total,138
2020,OMN,All,Total,140
2021,OMN,All,Total,135
2022,OMN,All,Total,137
2023,OMN,All,Total,122
2024,OMN,All,Total,121
2000,PAK,All,Total,0.20
2001,PAK,All,Total,0.47
2002,PAK,All,Total,1.0
2003,PAK,All,Total,1.4
2004,PAK,All,Total,2.9
2005,PAK,All,Total,7.3
2006,PAK,All,Total,19
2007,PAK,All,Total,34
2008,PAK,All,Total,46
2009,PAK,All,Total,49
2010,PAK,All,Total,50
2011,PAK,All,Total,53
2012,PAK,All,Total,58
2013,PAK,All,Total,61
2014,PAK,All,Total,63
2015,PAK,All,Total,58
2016,PAK,All,Total,62
2017,PAK,All,Total,65
2018,PAK,All,Total,68
2019,PAK,All,Total,72
2020,PAK,All,Total,75
2021,PAK,All,Total,79
2022,PAK,All,Total,79
2023,PAK,All,Total,77
2024,PAK,All,Total,77
2000,PAN,All,Total,14
2001,PAN,All,Total,15
2002,PAN,All,Total,17
2003,PAN,All,Total,22
2004,PAN,All,Total,39
2005,PAN,All,Total,53
2006,PAN,All,Total,64
2007,PAN,All,Total,88
2008,PAN,All,Total,112
2009,PAN,All,Total,170
2010,PAN,All,Total,183
2011,PAN,All,Total,182
2012,PAN,All,Total,165
2013,PAN,All,Total,162
2014,PAN,All,Total,177
2015,PAN,All,Total,145
2016,PAN,All,Total,128
2017,PAN,All,Total,129
2018,PAN,All,Total,137
2019,PAN,All,Total,138
2020,PAN,All,Total,142
2021,PAN,All,Total,148
2022,PAN,All,Total,152
2023,PAN,All,Total,157
2000,PER,All,Total,4.8
2001,PER,All,Total,6.7
2002,PER,All,Total,8.5
2003,PER,All,Total,11
2004,PER,All,Total,15
2005,PER,All,Total,20
2006,PER,All,Total,32
2007,PER,All,Total,54
2008,PER,All,Total,73
2009,PER,All,Total,85
2010,PER,All,Total,100
2011,PER,All,Total,111
2012,PER,All,Total,99
2013,PER,All,Total,100
2014,PER,All,Total,106
2015,PER,All,Total,112
2016,PER,All,Total,120
2017,PER,All,Total,124
2018,PER,All,Total,132
2019,PER,All,Total,123
2020,PER,All,Total,120
2021,PER,All,Total,130
2022,PER,All,Total,124
2023,PER,All,Total,122
2024,PER,All,Total,125
2000,PHL,All,Total,8.1
2001,PHL,All,Total,15
2002,PHL,All,Total,19
2003,PHL,All,Total,27
2004,PHL,All,Total,38
2005,PHL,All,Total,40
2006,PHL,All,Total,48
2007,PHL,All,Total,63
2008,PHL,All,Total,73
2009,PHL,All,Total,80
2010,PHL,All,Total,86
2011,PHL,All,Total,96
2012,PHL,All,Total,102
2013,PHL,All,Total,101
2014,PHL,All,Total,107
2015,PHL,All,Total,112
2016,PHL,All,Total,113
2017,PHL,All,Total,111
2018,PHL,All,Total,123
2019,PHL,All,Total,151
2020,PHL,All,Total,133
2021,PHL,All,Total,144
2022,PHL,All,Total,147
2023,PHL,All,Total,117
2024,PHL,All,Total,115
2002,PLW,All,Total,13
2003,PLW,All,Total,20
2004,PLW,All,Total,20
2005,PLW,All,Total,31
2006,PLW,All,Total,43
2007,PLW,All,Total,55
2008,PLW,All,Total,61
2009,PLW,All,Total,68
2010,PLW,All,Total,79
2011,PLW,All,Total,85
2012,PLW,All,Total,97
2013,PLW,All,Total,102
2014,PLW,All,Total,108
2015,PLW,All,Total,134
2019,PLW,All,Total,135
2020,PLW,All,Total,135
2021,PLW,All,Total,135
2022,PLW,All,Total,135
2023,PLW,All,Total,135
2000,PNG,All,Total,0.15
2001,PNG,All,Total,0.19
2002,PNG,All,Total,0.25
2003,PNG,All,Total,0.29
2004,PNG,All,Total,0.76
2005,PNG,All,Total,1.1
2006,PNG,All,Total,1.5
2007,PNG,All,Total,4.3
2008,PNG,All,Total,12
2009,PNG,All,Total,19
2010,PNG,All,Total,25
2011,PNG,All,Total,31
2012,PNG,All,Total,34
2013,PNG,All,Total,36
2014,PNG,All,Total,39
2015,PNG,All,Total,41
2016,PNG,All,Total,42
2017,PNG,All,Total,44
2018,PNG,All,Total,46
2019,PNG,All,Total,47
2020,PNG,All,Total,49
2021,PNG,All,Total,48
2022,PNG,All,Total,49
2023,PNG,All,Total,34
2024,PNG,All,Total,39
2000,POL,All,Total,18
2001,POL,All,Total,26
2002,POL,All,Total,36
2003,POL,All,Total,46
2004,POL,All,Total,61
2005,POL,All,Total,77
2006,POL,All,Total,97
2007,POL,All,Total,109
2008,POL,All,Total,116
2009,POL,All,Total,118
2010,POL,All,Total,123
2011,POL,All,Total,131
2012,POL,All,Total,141
2013,POL,All,Total,149
2014,POL,All,Total,149
2015,POL,All,Total,143
2016,POL,All,Total,139
2017,POL,All,Total,132
2018,POL,All,Total,126
2019,POL,All,Total,127
2020,POL,All,Total,129
2021,POL,All,Total,133
2022,POL,All,Total,137
2023,POL,All,Total,135
2024,POL,All,Total,138
2000,PRI,All,Total,35
2001,PRI,All,Total,43
2002,PRI,All,Total,43
2003,PRI,All,Total,45
2004,PRI,All,Total,49
2005,PRI,All,Total,53
2006,PRI,All,Total,58
2007,PRI,All,Total,65
2008,PRI,All,Total,68
2009,PRI,All,Total,73
2010,PRI,All,Total,79
2011,PRI,All,Total,84
2012,PRI,All,Total,84
2013,PRI,All,Total,86
2014,PRI,All,Total,90
2015,PRI,All,Total,91
2016,PRI,All,Total,94
2017,PRI,All,Total,101
2018,PRI,All,Total,101
2019,PRI,All,Total,103
2020,PRI,All,Total,107
2021,PRI,All,Total,113
2022,PRI,All,Total,120
2023,PRI,All,Total,125
2024,PRI,All,Total,126
2000,PRK,All,Total,0
2001,PRK,All,Total,0
2002,PRK,All,Total,0
2003,PRK,All,Total,0
2004,PRK,All,Total,0
2005,PRK,All,Total,0
2006,PRK,All,Total,0
2007,PRK,All,Total,0
2008,PRK,All,Total,0
2009,PRK,All,Total,0.28
2010,PRK,All,Total,1.7
2011,PRK,All,Total,4.0
2012,PRK,All,Total,6.7
2013,PRK,All,Total,9.6
2014,PRK,All,Total,11
2015,PRK,All,Total,13
2016,PRK,All,Total,14
2017,PRK,All,Total,15
2019,PRK,All,Total,16
2020,PRK,All,Total,23
2021,PRK,All,Total,23
2022,PRK,All,Total,24
2000,PRT,All,Total,65
2001,PRT,All,Total,77
2002,PRT,All,Total,83
2003,PRT,All,Total,96
2004,PRT,All,Total,101
2005,PRT,All,Total,109
2006,PRT,All,Total,116
2007,PRT,All,Total,128
2008,PRT,All,Total,133
2009,PRT,All,Total,112
2010,PRT,All,Total,115
2011,PRT,All,Total,117
2012,PRT,All,Total,113
2013,PRT,All,Total,115
2014,PRT,All,Total,114
2015,PRT,All,Total,113
2016,PRT,All,Total,112
2017,PRT,All,Total,114
2018,PRT,All,Total,115
2019,PRT,All,Total,115
2020,PRT,All,Total,114
2021,PRT,All,Total,120
2022,PRT,All,Total,123
2023,PRT,All,Total,123
2024,PRT,All,Total,124
2000,PRY,All,Total,16
2001,PRY,All,Total,22
2002,PRY,All,Total,32
2003,PRY,All,Total,33
2004,PRY,All,Total,32
2005,PRY,All,Total,35
2006,PRY,All,Total,59
2007,PRY,All,Total,84
2008,PRY,All,Total,103
2009,PRY,All,Total,99
2010,PRY,All,Total,103
2011,PRY,All,Total,112
2012,PRY,All,Total,115
2013,PRY,All,Total,118
2014,PRY,All,Total,120
2015,PRY,All,Total,120
2016,PRY,All,Total,120
2017,PRY,All,Total,118
2018,PRY,All,Total,116
2019,PRY,All,Total,119
2020,PRY,All,Total,119
2021,PRY,All,Total,119
2022,PRY,All,Total,128
2023,PRY,All,Total,127
2000,PSE,All,Total,0.22
2001,PSE,All,Total,5.4
2002,PSE,All,Total,7.6
2003,PSE,All,Total,7.8
2004,PSE,All,Total,13
2005,PSE,All,Total,16
2006,PSE,All,Total,23
2007,PSE,All,Total,27
2008,PSE,All,Total,34
2009,PSE,All,Total,46
2010,PSE,All,Total,65
2011,PSE,All,Total,70
2012,PSE,All,Total,74
2013,PSE,All,Total,74
2014,PSE,All,Total,72
2015,PSE,All,Total,78
2016,PSE,All,Total,80
2017,PSE,All,Total,84
2018,PSE,All,Total,90
2019,PSE,All,Total,87
2020,PSE,All,Total,80
2021,PSE,All,Total,78
2022,PSE,All,Total,77
2023,PSE,All,Total,77
2000,PYF,All,Total,17
2001,PYF,All,Total,28
2002,PYF,All,Total,21
2003,PYF,All,Total,24
2004,PYF,All,Total,38
2005,PYF,All,Total,46
2006,PYF,All,Total,58
2007,PYF,All,Total,66
2008,PYF,All,Total,70
2009,PYF,All,Total,77
2010,PYF,All,Total,80
2011,PYF,All,Total,82
2012,PYF,All,Total,83
2013,PYF,All,Total,89
2014,PYF,All,Total,92
2015,PYF,All,Total,97
2016,PYF,All,Total,100
2017,PYF,All,Total,103
2018,PYF,All,Total,108
2019,PYF,All,Total,114
2020,PYF,All,Total,120
2021,PYF,All,Total,115
2022,PYF,All,Total,117
2023,PYF,All,Total,119
2000,QAT,All,Total,19
2001,QAT,All,Total,26
2002,QAT,All,Total,38
2003,QAT,All,Total,51
2004,QAT,All,Total,63
2005,QAT,All,Total,87
2006,QAT,All,Total,95
2007,QAT,All,Total,105
2008,QAT,All,Total,100
2009,QAT,All,Total,123
2010,QAT,All,Total,128
2011,QAT,All,Total,127
2012,QAT,All,Total,136
2013,QAT,All,Total,163
2014,QAT,All,Total,149
2015,QAT,All,Total,154
2016,QAT,All,Total,141
2017,QAT,All,Total,147
2018,QAT,All,Total,143
2019,QAT,All,Total,140
2020,QAT,All,Total,135
2021,QAT,All,Total,138
2022,QAT,All,Total,162
2023,QAT,All,Total,158
2024,QAT,All,Total,154
2000,ROU,All,Total,11
2001,ROU,All,Total,18
2002,ROU,All,Total,23
2003,ROU,All,Total,33
2004,ROU,All,Total,48
2005,ROU,All,Total,63
2006,ROU,All,Total,76
2007,ROU,All,Total,98
2008,ROU,All,Total,118
2009,ROU,All,Total,122
2010,ROU,All,Total,119
2011,ROU,All,Total,115
2012,ROU,All,Total,113
2013,ROU,All,Total,114
2014,ROU,All,Total,115
2015,ROU,All,Total,116
2016,ROU,All,Total,116
2017,ROU,All,Total,114
2018,ROU,All,Total,115
2019,ROU,All,Total,116
2020,ROU,All,Total,116
2021,ROU,All,Total,119
2022,ROU,All,Total,121
2023,ROU,All,Total,123
2024,ROU,All,Total,120
2000,RUS,All,Total,2.2
2001,RUS,All,Total,5.3
2002,RUS,All,Total,12
2003,RUS,All,Total,25
2004,RUS,All,Total,51
2005,RUS,All,Total,83
2006,RUS,All,Total,105
2007,RUS,All,Total,119
2008,RUS,All,Total,139
2009,RUS,All,Total,160
2010,RUS,All,Total,165
2011,RUS,All,Total,141
2012,RUS,All,Total,144
2013,RUS,All,Total,151
2014,RUS,All,Total,153
2015,RUS,All,Total,156
2016,RUS,All,Total,157
2017,RUS,All,Total,155
2018,RUS,All,Total,157
2019,RUS,All,Total,164
2020,RUS,All,Total,163
2021,RUS,All,Total,169
2022,RUS,All,Total,168
2023,RUS,All,Total,181
2024,RUS,All,Total,186
2000,RWA,All,Total,0.47
2001,RWA,All,Total,0.78
2002,RWA,All,Total,0.98
2003,RWA,All,Total,1.5
2004,RWA,All,Total,1.6
2005,RWA,All,Total,2.5
2006,RWA,All,Total,3.4
2007,RWA,All,Total,6.7
2008,RWA,All,Total,13
2009,RWA,All,Total,24
2010,RWA,All,Total,34
2011,RWA,All,Total,42
2012,RWA,All,Total,53
2013,RWA,All,Total,60
2014,RWA,All,Total,68
2015,RWA,All,Total,75
2016,RWA,All,Total,75
2017,RWA,All,Total,72
2018,RWA,All,Total,78
2019,RWA,All,Total,76
2020,RWA,All,Total,81
2021,RWA,All,Total,82
2022,RWA,All,Total,81
2023,RWA,All,Total,91
2024,RWA,All,Total,93
2000,SAU,All,Total,8.5
2001,SAU,All,Total,15
2002,SAU,All,Total,28
2003,SAU,All,Total,39
2004,SAU,All,Total,47
2005,SAU,All,Total,69
2006,SAU,All,Total,92
2007,SAU,All,Total,127
2008,SAU,All,Total,155
2009,SAU,All,Total,185
2010,SAU,All,Total,205
2011,SAU,All,Total,207
2012,SAU,All,Total,196
2013,SAU,All,Total,189
2014,SAU,All,Total,182
2015,SAU,All,Total,176
2016,SAU,All,Total,156
2017,SAU,All,Total,131
2018,SAU,All,Total,136
2019,SAU,All,Total,136
2020,SAU,All,Total,139
2021,SAU,All,Total,145
2022,SAU,All,Total,150
2023,SAU,All,Total,158
2024,SAU,All,Total,160
2000,SDN,All,Total,0.083
2001,SDN,All,Total,0.36
2002,SDN,All,Total,0.65
2003,SDN,All,Total,1.8
2004,SDN,All,Total,3.4
2005,SDN,All,Total,5.8
2006,SDN,All,Total,15
2007,SDN,All,Total,25
2008,SDN,All,Total,36
2009,SDN,All,Total,44
2010,SDN,All,Total,51
2011,SDN,All,Total,69
2012,SDN,All,Total,75
2013,SDN,All,Total,73
2014,SDN,All,Total,72
2015,SDN,All,Total,70
2016,SDN,All,Total,67
2017,SDN,All,Total,67
2018,SDN,All,Total,68
2019,SDN,All,Total,72
2020,SDN,All,Total,75
2021,SDN,All,Total,72
2022,SDN,All,Total,70
2000,SEN,All,Total,2.5
2001,SEN,All,Total,3.0
2002,SEN,All,Total,5.3
2003,SEN,All,Total,7.3
2004,SEN,All,Total,10
2005,SEN,All,Total,15
2006,SEN,All,Total,26
2007,SEN,All,Total,31
2008,SEN,All,Total,45
2009,SEN,All,Total,56
2010,SEN,All,Total,66
2011,SEN,All,Total,72
2012,SEN,All,Total,86
2013,SEN,All,Total,96
2014,SEN,All,Total,102
2015,SEN,All,Total,103
2016,SEN,All,Total,101
2017,SEN,All,Total,102
2018,SEN,All,Total,104
2019,SEN,All,Total,109
2020,SEN,All,Total,114
2021,SEN,All,Total,115
2022,SEN,All,Total,118
2023,SEN,All,Total,124
2024,SEN,All,Total,124
2000,SGP,All,Total,68
2001,SGP,All,Total,73
2002,SGP,All,Total,80
2003,SGP,All,Total,86
2004,SGP,All,Total,96
2005,SGP,All,Total,103
2006,SGP,All,Total,109
2007,SGP,All,Total,129
2008,SGP,All,Total,133
2009,SGP,All,Total,139
2010,SGP,All,Total,145
2011,SGP,All,Total,150
2012,SGP,All,Total,152
2013,SGP,All,Total,157
2014,SGP,All,Total,148
2015,SGP,All,Total,149
2016,SGP,All,Total,152
2017,SGP,All,Total,150
2018,SGP,All,Total,152
2019,SGP,All,Total,159
2020,SGP,All,Total,150
2021,SGP,All,Total,158
2022,SGP,All,Total,173
2023,SGP,All,Total,173
2024,SGP,All,Total,171
2000,SLB,All,Total,0.26
2001,SLB,All,Total,0.22
2002,SLB,All,Total,0.22
2003,SLB,All,Total,0.23
2004,SLB,All,Total,0.63
2005,SLB,All,Total,1.2
2006,SLB,All,Total,1.4
2007,SLB,All,Total,2.2
2008,SLB,All,Total,5.9
2009,SLB,All,Total,9.6
2010,SLB,All,Total,22
2011,SLB,All,Total,50
2012,SLB,All,Total,53
2013,SLB,All,Total,54
2014,SLB,All,Total,61
2015,SLB,All,Total,66
2016,SLB,All,Total,63
2017,SLB,All,Total,68
2018,SLB,All,Total,68
2019,SLB,All,Total,66
2020,SLB,All,Total,64
2021,SLB,All,Total,62
2022,SLB,All,Total,62
2000,SLE,All,Total,0.27
2001,SLE,All,Total,0.57
2002,SLE,All,Total,1.3
2003,SLE,All,Total,2.2
2007,SLE,All,Total,13
2008,SLE,All,Total,17
2009,SLE,All,Total,19
2010,SLE,All,Total,32
2011,SLE,All,Total,33
2012,SLE,All,Total,34
2013,SLE,All,Total,60
2014,SLE,All,Total,69
2015,SLE,All,Total,80
2016,SLE,All,Total,87
2017,SLE,All,Total,90
2018,SLE,All,Total,84
2019,SLE,All,Total,87
2020,SLE,All,Total,87
2021,SLE,All,Total,102
2022,SLE,All,Total,108
2000,SLV,All,Total,13
2001,SLV,All,Total,14
2002,SLV,All,Total,15
2003,SLV,All,Total,19
2004,SLV,All,Total,31
2005,SLV,All,Total,40
2006,SLV,All,Total,64
2007,SLV,All,Total,102
2008,SLV,All,Total,115
2009,SLV,All,Total,125
2010,SLV,All,Total,127
2011,SLV,All,Total,137
2012,SLV,All,Total,141
2013,SLV,All,Total,146
2014,SLV,All,Total,149
2015,SLV,All,Total,151
2016,SLV,All,Total,155
2017,SLV,All,Total,153
2018,SLV,All,Total,152
2019,SLV,All,Total,167
2020,SLV,All,Total,160
2021,SLV,All,Total,177
2022,SLV,All,Total,183
2023,SLV,All,Total,180
2024,SLV,All,Total,177
2000,SMR,All,Total,54
2001,SMR,All,Total,58
2002,SMR,All,Total,61
2003,SMR,All,Total,61
2004,SMR,All,Total,61
2005,SMR,All,Total,60
2006,SMR,All,Total,60
2007,SMR,All,Total,60
2008,SMR,All,Total,82
2009,SMR,All,Total,100
2010,SMR,All,Total,100
2011,SMR,All,Total,110
2012,SMR,All,Total,108
2013,SMR,All,Total,109
2014,SMR,All,Total,111
2015,SMR,All,Total,108
2016,SMR,All,Total,107
2017,SMR,All,Total,111
2018,SMR,All,Total,112
2019,SMR,All,Total,112
2020,SMR,All,Total,112
2021,SMR,All,Total,116
2022,SMR,All,Total,120
2000,SOM,All,Total,0.91
2001,SOM,All,Total,0.92
2002,SOM,All,Total,1.0
2003,SOM,All,Total,2.0
2004,SOM,All,Total,4.9
2005,SOM,All,Total,4.7
2006,SOM,All,Total,5.0
2007,SOM,All,Total,5.3
2008,SOM,All,Total,5.4
2009,SOM,All,Total,5.4
2010,SOM,All,Total,5.3
2011,SOM,All,Total,15
2012,SOM,All,Total,18
2013,SOM,All,Total,40
2014,SOM,All,Total,41
2015,SOM,All,Total,42
2016,SOM,All,Total,46
2017,SOM,All,Total,48
2018,SOM,All,Total,50
2019,SOM,All,Total,51
2020,SOM,All,Total,53
2021,SOM,All,Total,51
2022,SOM,All,Total,50
2023,SOM,All,Total,54
2004,SRB,All,Total,51
2005,SRB,All,Total,74
2006,SRB,All,Total,89
2007,SRB,All,Total,114
2008,SRB,All,Total,131
2009,SRB,All,Total,135
2010,SRB,All,Total,136
2011,SRB,All,Total,141
2012,SRB,All,Total,127
2013,SRB,All,Total,129
2014,SRB,All,Total,131
2015,SRB,All,Total,129
2016,SRB,All,Total,129
2017,SRB,All,Total,123
2018,SRB,All,Total,121
2019,SRB,All,Total,122
2020,SRB,All,Total,120
2021,SRB,All,Total,125
2022,SRB,All,Total,130
2023,SRB,All,Total,128
2024,SRB,All,Total,124
2010,SSD,All,Total,15
2011,SSD,All,Total,17
2012,SSD,All,Total,21
2013,SSD,All,Total,26
2014,SSD,All,Total,26
2015,SSD,All,Total,26
2016,SSD,All,Total,25
2017,SSD,All,Total,27
2018,SSD,All,Total,19
2019,SSD,All,Total,21
2021,SSD,All,Total,30
2022,SSD,All,Total,48
2023,SSD,All,Total,47
2000,STP,All,Total,0
2001,STP,All,Total,0
2002,STP,All,Total,1.3
2003,STP,All,Total,3.1
2004,STP,All,Total,4.9
2005,STP,All,Total,7.4
2006,STP,All,Total,11
2007,STP,All,Total,18
2008,STP,All,Total,29
2009,STP,All,Total,45
2010,STP,All,Total,57
2011,STP,All,Total,62
2012,STP,All,Total,64
2013,STP,All,Total,65
2014,STP,All,Total,65
2015,STP,All,Total,92
2016,STP,All,Total,87
2017,STP,All,Total,84
2018,STP,All,Total,77
2019,STP,All,Total,78
2020,STP,All,Total,80
2021,STP,All,Total,85
2022,STP,All,Total,87
2023,STP,All,Total,63
2024,STP,All,Total,62
2000,SUR,All,Total,8.6
2001,SUR,All,Total,18
2002,SUR,All,Total,22
2003,SUR,All,Total,33
2004,SUR,All,Total,41
2005,SUR,All,Total,45
2006,SUR,All,Total,61
2007,SUR,All,Total,72
2008,SUR,All,Total,122
2009,SUR,All,Total,141
2010,SUR,All,Total,95
2011,SUR,All,Total,96
2012,SUR,All,Total,101
2013,SUR,All,Total,153
2014,SUR,All,Total,161
2015,SUR,All,Total,129
2016,SUR,All,Total,137
2017,SUR,All,Total,134
2018,SUR,All,Total,125
2019,SUR,All,Total,134
2020,SUR,All,Total,147
2021,SUR,All,Total,147
2022,SUR,All,Total,149
2023,SUR,All,Total,157
2024,SUR,All,Total,142
2000,SVK,All,Total,23
2001,SVK,All,Total,40
2002,SVK,All,Total,54
2003,SVK,All,Total,68
2004,SVK,All,Total,80
2005,SVK,All,Total,84
2006,SVK,All,Total,91
2007,SVK,All,Total,113
2008,SVK,All,Total,103
2009,SVK,All,Total,102
2010,SVK,All,Total,110
2011,SVK,All,Total,111
2012,SVK,All,Total,113
2013,SVK,All,Total,115
2014,SVK,All,Total,118
2015,SVK,All,Total,123
2016,SVK,All,Total,129
2017,SVK,All,Total,131
2018,SVK,All,Total,133
2019,SVK,All,Total,136
2020,SVK,All,Total,134
2021,SVK,All,Total,135
2022,SVK,All,Total,136
2023,SVK,All,Total,138
2024,SVK,All,Total,140
2000,SVN,All,Total,61
2001,SVN,All,Total,74
2002,SVN,All,Total,84
2003,SVN,All,Total,87
2004,SVN,All,Total,93
2005,SVN,All,Total,88
2006,SVN,All,Total,91
2007,SVN,All,Total,96
2008,SVN,All,Total,101
2009,SVN,All,Total,103
2010,SVN,All,Total,104
2011,SVN,All,Total,106
2012,SVN,All,Total,109
2013,SVN,All,Total,111
2014,SVN,All,Total,113
2015,SVN,All,Total,114
2016,SVN,All,Total,116
2017,SVN,All,Total,118
2018,SVN,All,Total,119
2019,SVN,All,Total,121
2020,SVN,All,Total,121
2021,SVN,All,Total,123
2022,SVN,All,Total,126
2023,SVN,All,Total,129
2024,SVN,All,Total,131
2000,SWE,All,Total,72
2001,SWE,All,Total,81
2002,SWE,All,Total,89
2003,SWE,All,Total,98
2004,SWE,All,Total,98
2005,SWE,All,Total,101
2006,SWE,All,Total,106
2007,SWE,All,Total,111
2008,SWE,All,Total,109
2009,SWE,All,Total,112
2010,SWE,All,Total,117
2011,SWE,All,Total,121
2012,SWE,All,Total,124
2013,SWE,All,Total,125
2014,SWE,All,Total,127
2015,SWE,All,Total,129
2016,SWE,All,Total,126
2017,SWE,All,Total,124
2018,SWE,All,Total,124
2019,SWE,All,Total,125
2020,SWE,All,Total,124
2021,SWE,All,Total,125
2022,SWE,All,Total,141
2023,SWE,All,Total,140
2024,SWE,All,Total,141
2000,SWZ,All,Total,3.2
2001,SWZ,All,Total,5.2
2002,SWZ,All,Total,6.4
2003,SWZ,All,Total,8.0
2004,SWZ,All,Total,14
2005,SWZ,All,Total,19
2006,SWZ,All,Total,23
2007,SWZ,All,Total,35
2008,SWZ,All,Total,48
2009,SWZ,All,Total,60
2010,SWZ,All,Total,65
2011,SWZ,All,Total,69
2012,SWZ,All,Total,72
2013,SWZ,All,Total,79
2014,SWZ,All,Total,81
2015,SWZ,All,Total,82
2016,SWZ,All,Total,87
2017,SWZ,All,Total,89
2018,SWZ,All,Total,89
2019,SWZ,All,Total,91
2020,SWZ,All,Total,105
2021,SWZ,All,Total,119
2022,SWZ,All,Total,121
2023,SWZ,All,Total,128
2024,SWZ,All,Total,140
2012,SXM,All,Total,197
2022,SXM,All,Total,205
2000,SYC,All,Total,31
2001,SYC,All,Total,43
2002,SYC,All,Total,52
2003,SYC,All,Total,57
2004,SYC,All,Total,62
2005,SYC,All,Total,66
2006,SYC,All,Total,78
2007,SYC,All,Total,84
2008,SYC,All,Total,101
2009,SYC,All,Total,118
2010,SYC,All,Total,124
2011,SYC,All,Total,130
2012,SYC,All,Total,137
2013,SYC,All,Total,134
2014,SYC,All,Total,145
2015,SYC,All,Total,138
2016,SYC,All,Total,138
2017,SYC,All,Total,149
2018,SYC,All,Total,156
2019,SYC,All,Total,165
2020,SYC,All,Total,153
2021,SYC,All,Total,149
2022,SYC,All,Total,163
2023,SYC,All,Total,129
2024,SYC,All,Total,126
2000,SYR,All,Total,0.18
2001,SYR,All,Total,1.2
2002,SYR,All,Total,2.3
2003,SYR,All,Total,6.6
2004,SYR,All,Total,13
2005,SYR,All,Total,16
2006,SYR,All,Total,24
2007,SYR,All,Total,30
2008,SYR,All,Total,33
2009,SYR,All,Total,46
2010,SYR,All,Total,52
2011,SYR,All,Total,56
2012,SYR,All,Total,57
2013,SYR,All,Total,57
2014,SYR,All,Total,69
2015,SYR,All,Total,74
2016,SYR,All,Total,70
2017,SYR,All,Total,80
2018,SYR,All,Total,87
2019,SYR,All,Total,87
2020,SYR,All,Total,79
2021,SYR,All,Total,79
2022,SYR,All,Total,79
2023,SYR,All,Total,72
2024,SYR,All,Total,71
2002,TCA,All,Total,44
2003,TCA,All,Total,89
2004,TCA,All,Total,110
2000,TCD,All,Total,0.065
2001,TCD,All,Total,0.25
2002,TCD,All,Total,0.38
2003,TCD,All,Total,0.69
2004,TCD,All,Total,1.2
2005,TCD,All,Total,2.0
2006,TCD,All,Total,4.4
2007,TCD,All,Total,8.3
2008,TCD,All,Total,14
2009,TCD,All,Total,19
2010,TCD,All,Total,23
2011,TCD,All,Total,29
2012,TCD,All,Total,33
2013,TCD,All,Total,33
2014,TCD,All,Total,37
2015,TCD,All,Total,37
2016,TCD,All,Total,37
2017,TCD,All,Total,41
2018,TCD,All,Total,43
2019,TCD,All,Total,46
2020,TCD,All,Total,50
2021,TCD,All,Total,58
2022,TCD,All,Total,65
2023,TCD,All,Total,70
2024,TCD,All,Total,73
2000,TGO,All,Total,0.97
2001,TGO,All,Total,1.8
2002,TGO,All,Total,3.1
2003,TGO,All,Total,4.4
2004,TGO,All,Total,5.8
2005,TGO,All,Total,7.4
2006,TGO,All,Total,12
2007,TGO,All,Total,19
2008,TGO,All,Total,24
2009,TGO,All,Total,33
2010,TGO,All,Total,39
2011,TGO,All,Total,39
2012,TGO,All,Total,47
2013,TGO,All,Total,59
2014,TGO,All,Total,60
2015,TGO,All,Total,63
2016,TGO,All,Total,70
2017,TGO,All,Total,75
2018,TGO,All,Total,74
2019,TGO,All,Total,74
2020,TGO,All,Total,75
2021,TGO,All,Total,70
2022,TGO,All,Total,72
2023,TGO,All,Total,76
2024,TGO,All,Total,81
2000,THA,All,Total,4.9
2001,THA,All,Total,12
2002,THA,All,Total,27
2003,THA,All,Total,33
2004,THA,All,Total,41
2005,THA,All,Total,46
2006,THA,All,Total,60
2007,THA,All,Total,79
2008,THA,All,Total,91
2009,THA,All,Total,97
2010,THA,All,Total,105
2011,THA,All,Total,112
2012,THA,All,Total,122
2013,THA,All,Total,134
2014,THA,All,Total,138
2015,THA,All,Total,146
2016,THA,All,Total,169
2017,THA,All,Total,171
2018,THA,All,Total,175
2019,THA,All,Total,181
2020,THA,All,Total,162
2021,THA,All,Total,168
2022,THA,All,Total,176
2023,THA,All,Total,169
2024,THA,All,Total,161
2000,TJK,All,Total,0.019
2001,TJK,All,Total,0.025
2002,TJK,All,Total,0.20
2003,TJK,All,Total,0.72
2004,TJK,All,Total,2.0
2005,TJK,All,Total,3.8
2006,TJK,All,Total,30
2007,TJK,All,Total,30
2008,TJK,All,Total,50
2009,TJK,All,Total,65
2010,TJK,All,Total,78
2011,TJK,All,Total,81
2012,TJK,All,Total,81
2013,TJK,All,Total,92
2014,TJK,All,Total,95
2015,TJK,All,Total,98
2016,TJK,All,Total,106
2017,TJK,All,Total,109
2018,TJK,All,Total,107
2019,TJK,All,Total,115
2020,TJK,All,Total,62
2021,TJK,All,Total,64
2022,TJK,All,Total,64
2023,TJK,All,Total,76
2000,TKM,All,Total,0.16
2001,TKM,All,Total,0.17
2002,TKM,All,Total,0.17
2003,TKM,All,Total,0.19
2004,TKM,All,Total,1.0
2005,TKM,All,Total,2.1
2006,TKM,All,Total,4.2
2007,TKM,All,Total,7.3
2008,TKM,All,Total,21
2009,TKM,All,Total,39
2010,TKM,All,Total,57
2011,TKM,All,Total,93
2012,TKM,All,Total,102
2013,TKM,All,Total,103
2014,TKM,All,Total,119
2015,TKM,All,Total,126
2016,TKM,All,Total,135
2018,TKM,All,Total,88
2019,TKM,All,Total,88
2020,TKM,All,Total,89
2021,TKM,All,Total,88
2003,TLS,All,Total,2.2
2004,TLS,All,Total,2.8
2005,TLS,All,Total,3.5
2006,TLS,All,Total,5.0
2007,TLS,All,Total,7.8
2008,TLS,All,Total,12
2009,TLS,All,Total,33
2010,TLS,All,Total,44
2011,TLS,All,Total,55
2012,TLS,All,Total,55
2013,TLS,All,Total,56
2014,TLS,All,Total,116
2015,TLS,All,Total,114
2016,TLS,All,Total,121
2017,TLS,All,Total,124
2018,TLS,All,Total,115
2019,TLS,All,Total,110
2020,TLS,All,Total,104
2021,TLS,All,Total,103
2022,TLS,All,Total,108
2023,TLS,All,Total,113
2024,TLS,All,Total,116
2000,TON,All,Total,0.18
2001,TON,All,Total,0.23
2002,TON,All,Total,3.2
2003,TON,All,Total,11
2004,TON,All,Total,16
2005,TON,All,Total,28
2006,TON,All,Total,28
2007,TON,All,Total,44
2008,TON,All,Total,47
2009,TON,All,Total,49
2010,TON,All,Total,51
2011,TON,All,Total,51
2012,TON,All,Total,52
2013,TON,All,Total,54
2014,TON,All,Total,64
2015,TON,All,Total,69
2016,TON,All,Total,76
2017,TON,All,Total,102
2018,TON,All,Total,102
2019,TON,All,Total,59
2020,TON,All,Total,59
2021,TON,All,Total,61
2022,TON,All,Total,62
2000,TTO,All,Total,12
2001,TTO,All,Total,19
2002,TTO,All,Total,20
2003,TTO,All,Total,25
2004,TTO,All,Total,48
2005,TTO,All,Total,68
2006,TTO,All,Total,112
2007,TTO,All,Total,111
2008,TTO,All,Total,132
2009,TTO,All,Total,134
2010,TTO,All,Total,137
2011,TTO,All,Total,131
2012,TTO,All,Total,134
2013,TTO,All,Total,138
2014,TTO,All,Total,139
2015,TTO,All,Total,149
2016,TTO,All,Total,151
2017,TTO,All,Total,141
2018,TTO,All,Total,134
2019,TTO,All,Total,146
2020,TTO,All,Total,134
2021,TTO,All,Total,134
2022,TTO,All,Total,134
2023,TTO,All,Total,134
2024,TTO,All,Total,119
2000,TUN,All,Total,1.2
2001,TUN,All,Total,3.9
2002,TUN,All,Total,5.8
2003,TUN,All,Total,19
2004,TUN,All,Total,37
2005,TUN,All,Total,55
2006,TUN,All,Total,71
2007,TUN,All,Total,75
2008,TUN,All,Total,82
2009,TUN,All,Total,92
2010,TUN,All,Total,103
2011,TUN,All,Total,114
2012,TUN,All,Total,117
2013,TUN,All,Total,114
2014,TUN,All,Total,127
2015,TUN,All,Total,128
2016,TUN,All,Total,124
2017,TUN,All,Total,123
2018,TUN,All,Total,126
2019,TUN,All,Total,124
2020,TUN,All,Total,124
2021,TUN,All,Total,130
2022,TUN,All,Total,132
2023,TUN,All,Total,133
2024,TUN,All,Total,118
2000,TUR,All,Total,25
2001,TUR,All,Total,30
2002,TUR,All,Total,35
2003,TUR,All,Total,41
2004,TUR,All,Total,51
2005,TUR,All,Total,63
2006,TUR,All,Total,75
2007,TUR,All,Total,88
2008,TUR,All,Total,92
2009,TUR,All,Total,87
2010,TUR,All,Total,84
2011,TUR,All,Total,88
2012,TUR,All,Total,90
2013,TUR,All,Total,91
2014,TUR,All,Total,92
2015,TUR,All,Total,92
2016,TUR,All,Total,92
2017,TUR,All,Total,94
2018,TUR,All,Total,95
2019,TUR,All,Total,95
2020,TUR,All,Total,95
2021,TUR,All,Total,100
2022,TUR,All,Total,104
2023,TUR,All,Total,106
2024,TUR,All,Total,108
2000,TUV,All,Total,0
2001,TUV,All,Total,0
2002,TUV,All,Total,0
2003,TUV,All,Total,0
2004,TUV,All,Total,5.1
2005,TUV,All,Total,13
2006,TUV,All,Total,16
2007,TUV,All,Total,18
2009,TUV,All,Total,9.6
2010,TUV,All,Total,15
2011,TUV,All,Total,20
2012,TUV,All,Total,26
2013,TUV,All,Total,31
2014,TUV,All,Total,35
2015,TUV,All,Total,60
2016,TUV,All,Total,70
2017,TUV,All,Total,74
2018,TUV,All,Total,79
2019,TUV,All,Total,85
2020,TUV,All,Total,87
2021,TUV,All,Total,88
2022,TUV,All,Total,99
2000,TZA,All,Total,0.32
2001,TZA,All,Total,0.78
2002,TZA,All,Total,1.7
2003,TZA,All,Total,3.5
2004,TZA,All,Total,5.1
2005,TZA,All,Total,7.6
2006,TZA,All,Total,14
2007,TZA,All,Total,20
2008,TZA,All,Total,31
2009,TZA,All,Total,40
2010,TZA,All,Total,47
2011,TZA,All,Total,56
2012,TZA,All,Total,57
2013,TZA,All,Total,56
2014,TZA,All,Total,63
2015,TZA,All,Total,76
2016,TZA,All,Total,74
2017,TZA,All,Total,72
2018,TZA,All,Total,76
2019,TZA,All,Total,81
2020,TZA,All,Total,84
2021,TZA,All,Total,86
2022,TZA,All,Total,93
2023,TZA,All,Total,105
2024,TZA,All,Total,127
2000,UGA,All,Total,0.53
2001,UGA,All,Total,1.1
2002,UGA,All,Total,1.5
2003,UGA,All,Total,2.9
2004,UGA,All,Total,4.3
2005,UGA,All,Total,4.7
2006,UGA,All,Total,7.0
2007,UGA,All,Total,14
2008,UGA,All,Total,28
2009,UGA,All,Total,30
2010,UGA,All,Total,40
2011,UGA,All,Total,50
2012,UGA,All,Total,48
2013,UGA,All,Total,51
2014,UGA,All,Total,56
2015,UGA,All,Total,54
2016,UGA,All,Total,59
2017,UGA,All,Total,62
2018,UGA,All,Total,59
2019,UGA,All,Total,59
2020,UGA,All,Total,62
2021,UGA,All,Total,66
2022,UGA,All,Total,70
2023,UGA,All,Total,76
2024,UGA,All,Total,83
2000,UKR,All,Total,1.7
2001,UKR,All,Total,4.6
2002,UKR,All,Total,7.7
2003,UKR,All,Total,14
2004,UKR,All,Total,29
2005,UKR,All,Total,64
2006,UKR,All,Total,105
2007,UKR,All,Total,119
2008,UKR,All,Total,121
2009,UKR,All,Total,119
2010,UKR,All,Total,118
2011,UKR,All,Total,122
2012,UKR,All,Total,131
2013,UKR,All,Total,138
2014,UKR,All,Total,144
2015,UKR,All,Total,142
2016,UKR,All,Total,133
2017,UKR,All,Total,131
2018,UKR,All,Total,128
2019,UKR,All,Total,131
2020,UKR,All,Total,129
2021,UKR,All,Total,135
2022,UKR,All,Total,120
2023,UKR,All,Total,133
2000,URY,All,Total,13
2001,URY,All,Total,16
2002,URY,All,Total,16
2003,URY,All,Total,15
2004,URY,All,Total,18
2005,URY,All,Total,35
2006,URY,All,Total,71
2007,URY,All,Total,91
2008,URY,All,Total,106
2009,URY,All,Total,124
2010,URY,All,Total,134
2011,URY,All,Total,143
2012,URY,All,Total,150
2013,URY,All,Total,157
2014,URY,All,Total,164
2015,URY,All,Total,153
2016,URY,All,Total,151
2017,URY,All,Total,150
2018,URY,All,Total,131
2019,URY,All,Total,133
2020,URY,All,Total,134
2021,URY,All,Total,138
2022,URY,All,Total,140
2023,URY,All,Total,142
2024,URY,All,Total,146
2000,USA,All,Total,39
2001,USA,All,Total,45
2002,USA,All,Total,49
2003,USA,All,Total,55
2004,USA,All,Total,63
2005,USA,All,Total,69
2006,USA,All,Total,77
2007,USA,All,Total,83
2008,USA,All,Total,86
2009,USA,All,Total,89
2010,USA,All,Total,92
2011,USA,All,Total,95
2012,USA,All,Total,96
2013,USA,All,Total,97
2014,USA,All,Total,100
2015,USA,All,Total,102
2016,USA,All,Total,103
2017,USA,All,Total,102
2018,USA,All,Total,104
2019,USA,All,Total,105
2020,USA,All,Total,104
2021,USA,All,Total,106
2022,USA,All,Total,109
2023,USA,All,Total,112
2024,USA,All,Total,113
2000,UZB,All,Total,0.21
2001,UZB,All,Total,0.51
2002,UZB,All,Total,0.74
2003,UZB,All,Total,1.2
2004,UZB,All,Total,2.1
2005,UZB,All,Total,2.7
2006,UZB,All,Total,9.5
2007,UZB,All,Total,21
2008,UZB,All,Total,45
2009,UZB,All,Total,59
2010,UZB,All,Total,74
2011,UZB,All,Total,88
2012,UZB,All,Total,69
2013,UZB,All,Total,72
2014,UZB,All,Total,72
2015,UZB,All,Total,71
2016,UZB,All,Total,74
2017,UZB,All,Total,76
2018,UZB,All,Total,72
2019,UZB,All,Total,101
2020,UZB,All,Total,99
2021,UZB,All,Total,102
2022,UZB,All,Total,105
2023,UZB,All,Total,107
2024,UZB,All,Total,110
2000,VCT,All,Total,2.1
2001,VCT,All,Total,6.6
2002,VCT,All,Total,8.8
2003,VCT,All,Total,56
2004,VCT,All,Total,64
2005,VCT,All,Total,63
2006,VCT,All,Total,78
2007,VCT,All,Total,99
2008,VCT,All,Total,117
2009,VCT,All,Total,110
2010,VCT,All,Total,120
2011,VCT,All,Total,121
2012,VCT,All,Total,117
2013,VCT,All,Total,116
2014,VCT,All,Total,107
2015,VCT,All,Total,106
2016,VCT,All,Total,106
2017,VCT,All,Total,110
2018,VCT,All,Total,107
2019,VCT,All,Total,93
2020,VCT,All,Total,97
2021,VCT,All,Total,96
2022,VCT,All,Total,102
2023,VCT,All,Total,102
2024,VCT,All,Total,108
2000,VEN,All,Total,22
2001,VEN,All,Total,26
2002,VEN,All,Total,26
2003,VEN,All,Total,27
2004,VEN,All,Total,32
2005,VEN,All,Total,47
2006,VEN,All,Total,69
2007,VEN,All,Total,86
2008,VEN,All,Total,98
2009,VEN,All,Total,99
2010,VEN,All,Total,97
2011,VEN,All,Total,99
2012,VEN,All,Total,103
2013,VEN,All,Total,103
2014,VEN,All,Total,101
2015,VEN,All,Total,95
2016,VEN,All,Total,90
2017,VEN,All,Total,80
2018,VEN,All,Total,70
2019,VEN,All,Total,64
2020,VEN,All,Total,58
2021,VEN,All,Total,60
2022,VEN,All,Total,66
2023,VEN,All,Total,70
2024,VEN,All,Total,71
2002,VGB,All,Total,37
2007,VGB,All,Total,82
2008,VGB,All,Total,87
2009,VGB,All,Total,173
2010,VGB,All,Total,172
2011,VGB,All,Total,162
2012,VGB,All,Total,160
2013,VGB,All,Total,168
2014,VGB,All,Total,166
2015,VGB,All,Total,166
2016,VGB,All,Total,117
2017,VGB,All,Total,135
2018,VGB,All,Total,115
2019,VGB,All,Total,109
2020,VGB,All,Total,95
2021,VGB,All,Total,100
2022,VGB,All,Total,93
2023,VGB,All,Total,91
2024,VGB,All,Total,93
2000,VIR,All,Total,32
2001,VIR,All,Total,38
2002,VIR,All,Total,42
2003,VIR,All,Total,46
2004,VIR,All,Total,60
2005,VIR,All,Total,75
2019,VIR,All,Total,90
2020,VIR,All,Total,91
2021,VIR,All,Total,92
2022,VIR,All,Total,91
2000,VNM,All,Total,1.0
2001,VNM,All,Total,1.6
2002,VNM,All,Total,2.4
2003,VNM,All,Total,3.4
2004,VNM,All,Total,6.2
2005,VNM,All,Total,12
2006,VNM,All,Total,23
2007,VNM,All,Total,54
2008,VNM,All,Total,88
2009,VNM,All,Total,114
2010,VNM,All,Total,128
2011,VNM,All,Total,144
2012,VNM,All,Total,147
2013,VNM,All,Total,137
2014,VNM,All,Total,149
2015,VNM,All,Total,130
2016,VNM,All,Total,128
2017,VNM,All,Total,126
2018,VNM,All,Total,146
2019,VNM,All,Total,140
2020,VNM,All,Total,142
2021,VNM,All,Total,137
2022,VNM,All,Total,138
2023,VNM,All,Total,131
2024,VNM,All,Total,128
2000,VUT,All,Total,0.20
2001,VUT,All,Total,0.18
2002,VUT,All,Total,2.5
2003,VUT,All,Total,3.9
2004,VUT,All,Total,5.1
2005,VUT,All,Total,6.0
2006,VUT,All,Total,6.9
2007,VUT,All,Total,12
2008,VUT,All,Total,16
2009,VUT,All,Total,57
2010,VUT,All,Total,71
2011,VUT,All,Total,56
2012,VUT,All,Total,59
2013,VUT,All,Total,50
2014,VUT,All,Total,60
2015,VUT,All,Total,66
2016,VUT,All,Total,80
2017,VUT,All,Total,82
2018,VUT,All,Total,88
2019,VUT,All,Total,91
2020,VUT,All,Total,82
2021,VUT,All,Total,82
2022,VUT,All,Total,82
2023,VUT,All,Total,89
2000,WSM,All,Total,1.4
2001,WSM,All,Total,1.4
2002,WSM,All,Total,1.5
2003,WSM,All,Total,5.7
2004,WSM,All,Total,8.6
2005,WSM,All,Total,13
2006,WSM,All,Total,24
2007,WSM,All,Total,46
2010,WSM,All,Total,47
2012,WSM,All,Total,51
2013,WSM,All,Total,50
2014,WSM,All,Total,53
2015,WSM,All,Total,60
2016,WSM,All,Total,74
2017,WSM,All,Total,60
2018,WSM,All,Total,48
2019,WSM,All,Total,40
2020,WSM,All,Total,33
2021,WSM,All,Total,32
2022,WSM,All,Total,62
2005,XKX,All,Total,31
2006,XKX,All,Total,31
2007,XKX,All,Total,31
2008,XKX,All,Total,31
2009,XKX,All,Total,31
2010,XKX,All,Total,31
2022,XKX,All,Total,35
2000,YEM,All,Total,0.16
2001,YEM,All,Total,0.73
2002,YEM,All,Total,2.3
2003,YEM,All,Total,3.1
2004,YEM,All,Total,6.7
2005,YEM,All,Total,10
2006,YEM,All,Total,13
2007,YEM,All,Total,18
2008,YEM,All,Total,26
2009,YEM,All,Total,32
2010,YEM,All,Total,41
2011,YEM,All,Total,42
2012,YEM,All,Total,49
2013,YEM,All,Total,57
2014,YEM,All,Total,57
2015,YEM,All,Total,48
2016,YEM,All,Total,51
2017,YEM,All,Total,46
2018,YEM,All,Total,45
2019,YEM,All,Total,43
2020,YEM,All,Total,42
2021,YEM,All,Total,48
2022,YEM,All,Total,46
2023,YEM,All,Total,51
2000,ZAF,All,Total,18
2001,ZAF,All,Total,23
2002,ZAF,All,Total,29
2003,ZAF,All,Total,35
2004,ZAF,All,Total,43
2005,ZAF,All,Total,69
2006,ZAF,All,Total,79
2007,ZAF,All,Total,84
2008,ZAF,All,Total,88
2009,ZAF,All,Total,90
2010,ZAF,All,Total,96
2011,ZAF,All,Total,121
2012,ZAF,All,Total,127
2013,ZAF,All,Total,141
2014,ZAF,All,Total,143
2015,ZAF,All,Total,155
2016,ZAF,All,Total,144
2017,ZAF,All,Total,154
2018,ZAF,All,Total,158
2019,ZAF,All,Total,163
2020,ZAF,All,Total,158
2021,ZAF,All,Total,163
2022,ZAF,All,Total,161
2023,ZAF,All,Total,172
2024,ZAF,All,Total,179
2000,ZMB,All,Total,0.99
2001,ZMB,All,Total,1.2
2002,ZMB,All,Total,1.3
2003,ZMB,All,Total,2.2
2004,ZMB,All,Total,4.1
2005,ZMB,All,Total,8.1
2006,ZMB,All,Total,14
2007,ZMB,All,Total,21
2008,ZMB,All,Total,27
2009,ZMB,All,Total,33
2010,ZMB,All,Total,39
2011,ZMB,All,Total,57
2012,ZMB,All,Total,71
2013,ZMB,All,Total,68
2014,ZMB,All,Total,64
2015,ZMB,All,Total,70
2016,ZMB,All,Total,71
2017,ZMB,All,Total,77
2018,ZMB,All,Total,86
2019,ZMB,All,Total,93
2020,ZMB,All,Total,100
2021,ZMB,All,Total,103
2022,ZMB,All,Total,98
2023,ZMB,All,Total,102
2024,ZMB,All,Total,109
2000,ZWE,All,Total,2.2
2001,ZWE,All,Total,2.6
2002,ZWE,All,Total,2.8
2003,ZWE,All,Total,3.0
2004,ZWE,All,Total,3.4
2005,ZWE,All,Total,5.2
2006,ZWE,All,Total,6.7
2007,ZWE,All,Total,9.6
2008,ZWE,All,Total,13
2009,ZWE,All,Total,30
2010,ZWE,All,Total,58
2011,ZWE,All,Total,68
2012,ZWE,All,Total,91
2013,ZWE,All,Total,97
2014,ZWE,All,Total,83
2015,ZWE,All,Total,89
2016,ZWE,All,Total,88
2017,ZWE,All,Total,95
2018,ZWE,All,Total,86
2019,ZWE,All,Total,86
2020,ZWE,All,Total,85
2021,ZWE,All,Total,90
2022,ZWE,All,Total,89
2023,ZWE,All,Total,92
2024,ZWE,All,Total,94