year,geo,disagg_type,disagg,value
2013,AND,All,Hazardous waste,0
2014,AND,All,Hazardous waste,0
2015,AND,All,Hazardous waste,0
2016,AND,All,Hazardous waste,0
2017,AND,All,Hazardous waste,0
2018,AND,All,Hazardous waste,0
2019,AND,All,Hazardous waste,0
2020,AND,All,Hazardous waste,0
2021,AND,All,Hazardous waste,0
2010,ARE,All,Hazardous waste,95
2011,ARE,All,Hazardous waste,93
2012,ARE,All,Hazardous waste,93
2013,ARE,All,Hazardous waste,82
2014,ARE,All,Hazardous waste,82
2015,ARE,All,Hazardous waste,74
2016,ARE,All,Hazardous waste,64
2017,ARE,All,Hazardous waste,72
2018,ARE,All,Hazardous waste,70
2019,ARE,All,Hazardous waste,83
2020,ARE,All,Hazardous waste,75
2016,ARG,All,Hazardous waste,100
2017,ARG,All,Hazardous waste,100
2018,ARG,All,Hazardous waste,100
2019,ARG,All,Hazardous waste,100
2020,ARG,All,Hazardous waste,100
2021,ARG,All,Hazardous waste,100
2000,ARM,All,Hazardous waste,100
2001,ARM,All,Hazardous waste,100
2002,ARM,All,Hazardous waste,100
2003,ARM,All,Hazardous waste,100
2004,ARM,All,Hazardous waste,100
2005,ARM,All,Hazardous waste,100
2006,ARM,All,Hazardous waste,100
2007,ARM,All,Hazardous waste,100
2008,ARM,All,Hazardous waste,100
2009,ARM,All,Hazardous waste,100
2010,ARM,All,Hazardous waste,100
2011,ARM,All,Hazardous waste,100
2012,ARM,All,Hazardous waste,100
2013,ARM,All,Hazardous waste,100
2014,ARM,All,Hazardous waste,100
2015,ARM,All,Hazardous waste,100
2016,ARM,All,Hazardous waste,100
2017,ARM,All,Hazardous waste,100
2018,ARM,All,Hazardous waste,100
2019,ARM,All,Hazardous waste,100
2020,ARM,All,Hazardous waste,85
2021,ARM,All,Hazardous waste,2.7
2004,AUT,All,Hazardous waste,85
2006,AUT,All,Hazardous waste,35
2008,AUT,All,Hazardous waste,30
2010,AUT,All,Hazardous waste,27
2012,AUT,All,Hazardous waste,32
2014,AUT,All,Hazardous waste,35
2016,AUT,All,Hazardous waste,36
2018,AUT,All,Hazardous waste,35
2020,AUT,All,Hazardous waste,31
2001,AZE,All,Hazardous waste,30
2002,AZE,All,Hazardous waste,34
2003,AZE,All,Hazardous waste,43
2005,AZE,All,Hazardous waste,43
2007,AZE,All,Hazardous waste,73
2011,AZE,All,Hazardous waste,74
2012,AZE,All,Hazardous waste,69
2013,AZE,All,Hazardous waste,75
2018,AZE,All,Hazardous waste,89
2019,AZE,All,Hazardous waste,86
2004,BEL,All,Hazardous waste,64
2006,BEL,All,Hazardous waste,44
2008,BEL,All,Hazardous waste,37
2010,BEL,All,Hazardous waste,73
2012,BEL,All,Hazardous waste,61
2014,BEL,All,Hazardous waste,71
2016,BEL,All,Hazardous waste,64
2018,BEL,All,Hazardous waste,69
2020,BEL,All,Hazardous waste,58
2009,BFA,All,Hazardous waste,1.3
2010,BFA,All,Hazardous waste,31
2007,BGD,All,Hazardous waste,100
2012,BGD,All,Hazardous waste,100
2019,BGD,All,Hazardous waste,0
2020,BGD,All,Hazardous waste,0
2021,BGD,All,Hazardous waste,0
2006,BGR,All,Hazardous waste,99
2008,BGR,All,Hazardous waste,100
2012,BGR,All,Hazardous waste,100
2014,BGR,All,Hazardous waste,100
2016,BGR,All,Hazardous waste,99
2020,BGR,All,Hazardous waste,99
2010,BHR,All,Hazardous waste,44
2011,BHR,All,Hazardous waste,45
2012,BHR,All,Hazardous waste,50
2013,BHR,All,Hazardous waste,55
2014,BHR,All,Hazardous waste,77
2015,BHR,All,Hazardous waste,13
2016,BHR,All,Hazardous waste,13
2017,BHR,All,Hazardous waste,10
2018,BHR,All,Hazardous waste,58
2019,BHR,All,Hazardous waste,86
2013,BLR,All,Hazardous waste,87
2014,BLR,All,Hazardous waste,84
2015,BLR,All,Hazardous waste,84
2016,BLR,All,Hazardous waste,83
2017,BLR,All,Hazardous waste,72
2018,BLR,All,Hazardous waste,100
2019,BLR,All,Hazardous waste,83
2020,BLR,All,Hazardous waste,84
2021,BLR,All,Hazardous waste,82
2000,BLZ,All,Hazardous waste,100
2013,BMU,All,Hazardous waste,96
2016,BMU,All,Hazardous waste,100
2018,BMU,All,Hazardous waste,91
2019,BMU,All,Hazardous waste,94
2017,BTN,All,Hazardous waste,100
2019,BTN,All,Hazardous waste,100
2000,CHN,All,Hazardous waste,71
2001,CHN,All,Hazardous waste,70
2002,CHN,All,Hazardous waste,63
2003,CHN,All,Hazardous waste,69
2004,CHN,All,Hazardous waste,68
2005,CHN,All,Hazardous waste,72
2006,CHN,All,Hazardous waste,79
2007,CHN,All,Hazardous waste,92
2008,CHN,All,Hazardous waste,89
2009,CHN,All,Hazardous waste,88
2010,CHN,All,Hazardous waste,94
2011,CHN,All,Hazardous waste,78
2012,CHN,All,Hazardous waste,78
2013,CHN,All,Hazardous waste,76
2014,CHN,All,Hazardous waste,82
2015,CHN,All,Hazardous waste,81
2016,CHN,All,Hazardous waste,100
2017,CHN,All,Hazardous waste,91
2018,CHN,All,Hazardous waste,91
2019,CHN,All,Hazardous waste,93
2004,CMR,All,Hazardous waste,99
2005,CMR,All,Hazardous waste,100
2007,CMR,All,Hazardous waste,99
2009,CMR,All,Hazardous waste,100
2010,CUB,All,Hazardous waste,74
2011,CUB,All,Hazardous waste,46
2012,CUB,All,Hazardous waste,95
2013,CUB,All,Hazardous waste,94
2014,CUB,All,Hazardous waste,84
2015,CUB,All,Hazardous waste,90
2016,CUB,All,Hazardous waste,46
2017,CUB,All,Hazardous waste,32
2018,CUB,All,Hazardous waste,100
2019,CUB,All,Hazardous waste,100
2020,CUB,All,Hazardous waste,100
2021,CUB,All,Hazardous waste,90
2004,CYP,All,Hazardous waste,59
2006,CYP,All,Hazardous waste,98
2008,CYP,All,Hazardous waste,98
2010,CYP,All,Hazardous waste,82
2012,CYP,All,Hazardous waste,43
2014,CYP,All,Hazardous waste,91
2016,CYP,All,Hazardous waste,89
2018,CYP,All,Hazardous waste,94
2020,CYP,All,Hazardous waste,69
2004,CZE,All,Hazardous waste,45
2006,CZE,All,Hazardous waste,44
2008,CZE,All,Hazardous waste,55
2010,CZE,All,Hazardous waste,61
2012,CZE,All,Hazardous waste,51
2014,CZE,All,Hazardous waste,51
2016,CZE,All,Hazardous waste,49
2018,CZE,All,Hazardous waste,36
2020,CZE,All,Hazardous waste,36
2010,DEU,All,Hazardous waste,96
2012,DEU,All,Hazardous waste,96
2014,DEU,All,Hazardous waste,94
2016,DEU,All,Hazardous waste,93
2018,DEU,All,Hazardous waste,93
2020,DEU,All,Hazardous waste,91
2008,DNK,All,Hazardous waste,99
2010,DNK,All,Hazardous waste,88
2012,DNK,All,Hazardous waste,99
2014,DNK,All,Hazardous waste,90
2016,DNK,All,Hazardous waste,94
2018,DNK,All,Hazardous waste,85
2020,DNK,All,Hazardous waste,81
2006,ESP,All,Hazardous waste,92
2008,ESP,All,Hazardous waste,92
2010,ESP,All,Hazardous waste,92
2012,ESP,All,Hazardous waste,78
2014,ESP,All,Hazardous waste,78
2016,ESP,All,Hazardous waste,67
2018,ESP,All,Hazardous waste,72
2020,ESP,All,Hazardous waste,66
2004,EST,All,Hazardous waste,98
2010,EST,All,Hazardous waste,100
2012,EST,All,Hazardous waste,100
2014,EST,All,Hazardous waste,99
2016,EST,All,Hazardous waste,99
2018,EST,All,Hazardous waste,99
2020,EST,All,Hazardous waste,93
2006,FIN,All,Hazardous waste,80
2010,FIN,All,Hazardous waste,53
2012,FIN,All,Hazardous waste,85
2014,FIN,All,Hazardous waste,96
2016,FIN,All,Hazardous waste,84
2018,FIN,All,Hazardous waste,91
2020,FIN,All,Hazardous waste,93
2006,FJI,All,Hazardous waste,100
2007,FJI,All,Hazardous waste,100
2008,FJI,All,Hazardous waste,100
2009,FJI,All,Hazardous waste,100
2010,FJI,All,Hazardous waste,100
2011,FJI,All,Hazardous waste,100
2012,FJI,All,Hazardous waste,100
2013,FJI,All,Hazardous waste,100
2014,FJI,All,Hazardous waste,100
2015,FJI,All,Hazardous waste,100
2016,FJI,All,Hazardous waste,100
2017,FJI,All,Hazardous waste,100
2018,FJI,All,Hazardous waste,100
2019,FJI,All,Hazardous waste,100
2020,FJI,All,Hazardous waste,100
2021,FJI,All,Hazardous waste,100
2004,FRA,All,Hazardous waste,77
2006,FRA,All,Hazardous waste,75
2008,FRA,All,Hazardous waste,63
2010,FRA,All,Hazardous waste,74
2012,FRA,All,Hazardous waste,78
2014,FRA,All,Hazardous waste,71
2016,FRA,All,Hazardous waste,65
2018,FRA,All,Hazardous waste,79
2020,FRA,All,Hazardous waste,72
2004,GBR,All,Hazardous waste,59
2006,GBR,All,Hazardous waste,41
2008,GBR,All,Hazardous waste,45
2010,GBR,All,Hazardous waste,38
2012,GBR,All,Hazardous waste,33
2014,GBR,All,Hazardous waste,34
2016,GBR,All,Hazardous waste,32
2018,GBR,All,Hazardous waste,33
2007,GLP,All,Hazardous waste,76
2015,GLP,All,Hazardous waste,63
2004,GRC,All,Hazardous waste,87
2006,GRC,All,Hazardous waste,68
2008,GRC,All,Hazardous waste,62
2010,GRC,All,Hazardous waste,37
2012,GRC,All,Hazardous waste,36
2014,GRC,All,Hazardous waste,52
2016,GRC,All,Hazardous waste,83
2018,GRC,All,Hazardous waste,81
2020,GRC,All,Hazardous waste,85
2001,GTM,All,Hazardous waste,0
2002,GTM,All,Hazardous waste,0
2003,GTM,All,Hazardous waste,0
2004,GTM,All,Hazardous waste,0
2005,GTM,All,Hazardous waste,0
2006,GTM,All,Hazardous waste,0
2007,GTM,All,Hazardous waste,100
2008,GTM,All,Hazardous waste,85
2013,GTM,All,Hazardous waste,60
2014,GTM,All,Hazardous waste,100
2015,GTM,All,Hazardous waste,12
2016,GTM,All,Hazardous waste,100
2017,GTM,All,Hazardous waste,79
2007,GUF,All,Hazardous waste,3.2
2008,GUF,All,Hazardous waste,21
2014,GUF,All,Hazardous waste,100
2017,GUF,All,Hazardous waste,32
2019,GUF,All,Hazardous waste,88
2020,GUF,All,Hazardous waste,92
2000,HKG,All,Hazardous waste,100
2001,HKG,All,Hazardous waste,100
2002,HKG,All,Hazardous waste,100
2003,HKG,All,Hazardous waste,100
2004,HKG,All,Hazardous waste,99
2005,HKG,All,Hazardous waste,98
2006,HKG,All,Hazardous waste,98
2007,HKG,All,Hazardous waste,98
2008,HKG,All,Hazardous waste,98
2009,HKG,All,Hazardous waste,98
2010,HKG,All,Hazardous waste,97
2011,HKG,All,Hazardous waste,95
2012,HKG,All,Hazardous waste,94
2013,HKG,All,Hazardous waste,94
2014,HKG,All,Hazardous waste,95
2015,HKG,All,Hazardous waste,94
2004,HRV,All,Hazardous waste,38
2006,HRV,All,Hazardous waste,81
2008,HRV,All,Hazardous waste,8.3
2010,HRV,All,Hazardous waste,94
2012,HRV,All,Hazardous waste,60
2014,HRV,All,Hazardous waste,51
2016,HRV,All,Hazardous waste,44
2018,HRV,All,Hazardous waste,46
2020,HRV,All,Hazardous waste,56
2004,HUN,All,Hazardous waste,24
2006,HUN,All,Hazardous waste,91
2008,HUN,All,Hazardous waste,67
2010,HUN,All,Hazardous waste,69
2012,HUN,All,Hazardous waste,54
2014,HUN,All,Hazardous waste,62
2016,HUN,All,Hazardous waste,75
2018,HUN,All,Hazardous waste,71
2020,HUN,All,Hazardous waste,73
2016,IND,All,Hazardous waste,90
2018,IND,All,Hazardous waste,74
2019,IND,All,Hazardous waste,95
2004,IRL,All,Hazardous waste,17
2006,IRL,All,Hazardous waste,27
2008,IRL,All,Hazardous waste,26
2010,IRL,All,Hazardous waste,14
2012,IRL,All,Hazardous waste,14
2014,IRL,All,Hazardous waste,18
2016,IRL,All,Hazardous waste,15
2018,IRL,All,Hazardous waste,18
2010,IRQ,All,Hazardous waste,100
2015,IRQ,All,Hazardous waste,100
2010,ISL,All,Hazardous waste,95
2012,ISL,All,Hazardous waste,72
2014,ISL,All,Hazardous waste,100
2016,ISL,All,Hazardous waste,100
2018,ISL,All,Hazardous waste,84
2004,ITA,All,Hazardous waste,47
2006,ITA,All,Hazardous waste,39
2008,ITA,All,Hazardous waste,48
2010,ITA,All,Hazardous waste,36
2012,ITA,All,Hazardous waste,36
2014,ITA,All,Hazardous waste,40
2016,ITA,All,Hazardous waste,38
2018,ITA,All,Hazardous waste,45
2020,ITA,All,Hazardous waste,44
2000,JAM,All,Hazardous waste,100
2001,JAM,All,Hazardous waste,100
2002,JAM,All,Hazardous waste,100
2003,JAM,All,Hazardous waste,100
2004,JAM,All,Hazardous waste,100
2005,JAM,All,Hazardous waste,100
2006,JAM,All,Hazardous waste,84
2003,JOR,All,Hazardous waste,100
2005,JOR,All,Hazardous waste,68
2008,JOR,All,Hazardous waste,100
2009,JOR,All,Hazardous waste,100
2010,JOR,All,Hazardous waste,100
2011,JOR,All,Hazardous waste,100
2016,JOR,All,Hazardous waste,44
2017,JOR,All,Hazardous waste,48
2018,JOR,All,Hazardous waste,51
2019,JOR,All,Hazardous waste,54
2020,JOR,All,Hazardous waste,57
2021,JOR,All,Hazardous waste,69
2004,KAZ,All,Hazardous waste,4.1
2005,KAZ,All,Hazardous waste,1
2006,KAZ,All,Hazardous waste,23
2008,KAZ,All,Hazardous waste,82
2009,KAZ,All,Hazardous waste,47
2010,KAZ,All,Hazardous waste,28
2011,KAZ,All,Hazardous waste,26
2012,KAZ,All,Hazardous waste,36
2013,KAZ,All,Hazardous waste,46
2014,KAZ,All,Hazardous waste,39
2015,KAZ,All,Hazardous waste,34
2016,KAZ,All,Hazardous waste,35
2021,KAZ,All,Hazardous waste,91
2017,KEN,All,Hazardous waste,99
2000,KGZ,All,Hazardous waste,64
2001,KGZ,All,Hazardous waste,0
2002,KGZ,All,Hazardous waste,0
2003,KGZ,All,Hazardous waste,0
2004,KGZ,All,Hazardous waste,0
2005,KGZ,All,Hazardous waste,0
2006,KGZ,All,Hazardous waste,0
2008,KGZ,All,Hazardous waste,0
2010,KGZ,All,Hazardous waste,3.2
2011,KGZ,All,Hazardous waste,0.8
2012,KGZ,All,Hazardous waste,1.1
2013,KGZ,All,Hazardous waste,39
2014,KGZ,All,Hazardous waste,49
2015,KGZ,All,Hazardous waste,47
2016,KGZ,All,Hazardous waste,33
2017,KGZ,All,Hazardous waste,40
2001,LBN,All,Hazardous waste,100
2004,LTU,All,Hazardous waste,42
2006,LTU,All,Hazardous waste,30
2008,LTU,All,Hazardous waste,17
2010,LTU,All,Hazardous waste,46
2012,LTU,All,Hazardous waste,51
2014,LTU,All,Hazardous waste,34
2016,LTU,All,Hazardous waste,35
2018,LTU,All,Hazardous waste,38
2020,LTU,All,Hazardous waste,43
2004,LUX,All,Hazardous waste,28
2006,LUX,All,Hazardous waste,56
2008,LUX,All,Hazardous waste,23
2010,LUX,All,Hazardous waste,0.9
2012,LUX,All,Hazardous waste,0.6
2014,LUX,All,Hazardous waste,16
2016,LUX,All,Hazardous waste,13
2018,LUX,All,Hazardous waste,13
2020,LUX,All,Hazardous waste,30
2006,LVA,All,Hazardous waste,80
2010,LVA,All,Hazardous waste,80
2012,LVA,All,Hazardous waste,44
2014,LVA,All,Hazardous waste,42
2016,LVA,All,Hazardous waste,31
2018,LVA,All,Hazardous waste,51
2020,LVA,All,Hazardous waste,21
2000,MAC,All,Hazardous waste,100
2001,MAC,All,Hazardous waste,100
2002,MAC,All,Hazardous waste,100
2003,MAC,All,Hazardous waste,100
2004,MAC,All,Hazardous waste,100
2005,MAC,All,Hazardous waste,100
2006,MAC,All,Hazardous waste,100
2007,MAC,All,Hazardous waste,100
2008,MAC,All,Hazardous waste,100
2009,MAC,All,Hazardous waste,100
2010,MAC,All,Hazardous waste,100
2011,MAC,All,Hazardous waste,100
2012,MAC,All,Hazardous waste,100
2013,MAC,All,Hazardous waste,100
2014,MAC,All,Hazardous waste,100
2015,MAC,All,Hazardous waste,100
2016,MAC,All,Hazardous waste,100
2017,MAC,All,Hazardous waste,100
2000,MCO,All,Hazardous waste,0
2001,MCO,All,Hazardous waste,0
2002,MCO,All,Hazardous waste,0
2003,MCO,All,Hazardous waste,0
2004,MCO,All,Hazardous waste,0
2005,MCO,All,Hazardous waste,0
2006,MCO,All,Hazardous waste,0
2007,MCO,All,Hazardous waste,0
2008,MCO,All,Hazardous waste,0
2009,MCO,All,Hazardous waste,0
2013,MCO,All,Hazardous waste,89
2014,MCO,All,Hazardous waste,89
2015,MCO,All,Hazardous waste,92
2016,MCO,All,Hazardous waste,90
2017,MCO,All,Hazardous waste,82
2000,MDA,All,Hazardous waste,82
2001,MDA,All,Hazardous waste,83
2005,MDA,All,Hazardous waste,70
2006,MDA,All,Hazardous waste,94
2009,MDA,All,Hazardous waste,94
2011,MDA,All,Hazardous waste,41
2012,MDA,All,Hazardous waste,26
2013,MDA,All,Hazardous waste,36
2015,MDA,All,Hazardous waste,17
2016,MDA,All,Hazardous waste,49
2017,MDA,All,Hazardous waste,88
2018,MDA,All,Hazardous waste,61
2019,MDA,All,Hazardous waste,57
2020,MDA,All,Hazardous waste,77
2021,MDA,All,Hazardous waste,99
2007,MDG,All,Hazardous waste,100
2008,MKD,All,Hazardous waste,96
2014,MKD,All,Hazardous waste,9.2
2020,MKD,All,Hazardous waste,99
2004,MLT,All,Hazardous waste,0
2006,MLT,All,Hazardous waste,0
2008,MLT,All,Hazardous waste,0.6
2010,MLT,All,Hazardous waste,1.8
2012,MLT,All,Hazardous waste,1.3
2014,MLT,All,Hazardous waste,1.2
2016,MLT,All,Hazardous waste,0
2018,MLT,All,Hazardous waste,1.6
2020,MLT,All,Hazardous waste,1.5
2014,MNE,All,Hazardous waste,99
2016,MNE,All,Hazardous waste,100
2018,MNE,All,Hazardous waste,99
2020,MNE,All,Hazardous waste,93
2019,MNG,All,Hazardous waste,100
2020,MNG,All,Hazardous waste,100
2021,MNG,All,Hazardous waste,100
2019,MTQ,All,Hazardous waste,18
2020,MTQ,All,Hazardous waste,58
2003,MUS,All,Hazardous waste,7.9
2007,MUS,All,Hazardous waste,56
2008,MUS,All,Hazardous waste,38
2009,MUS,All,Hazardous waste,46
2010,MUS,All,Hazardous waste,36
2011,MUS,All,Hazardous waste,17
2012,MUS,All,Hazardous waste,16
2013,MUS,All,Hazardous waste,17
2014,MUS,All,Hazardous waste,18
2015,MUS,All,Hazardous waste,24
2016,MUS,All,Hazardous waste,21
2017,MUS,All,Hazardous waste,23
2000,MYS,All,Hazardous waste,100
2001,MYS,All,Hazardous waste,100
2003,MYS,All,Hazardous waste,100
2004,MYS,All,Hazardous waste,100
2005,MYS,All,Hazardous waste,100
2006,MYS,All,Hazardous waste,100
2007,MYS,All,Hazardous waste,100
2008,MYS,All,Hazardous waste,100
2009,MYS,All,Hazardous waste,100
2010,MYS,All,Hazardous waste,34
2011,MYS,All,Hazardous waste,33
2012,MYS,All,Hazardous waste,29
2013,MYS,All,Hazardous waste,26
2014,MYS,All,Hazardous waste,34
2015,MYS,All,Hazardous waste,20
2016,MYS,All,Hazardous waste,99
2017,MYS,All,Hazardous waste,99
2018,MYS,All,Hazardous waste,99
2019,MYS,All,Hazardous waste,99
2020,MYS,All,Hazardous waste,98
2021,MYS,All,Hazardous waste,51
2004,NER,All,Hazardous waste,100
2005,NER,All,Hazardous waste,100
2004,NLD,All,Hazardous waste,85
2006,NLD,All,Hazardous waste,89
2008,NLD,All,Hazardous waste,91
2010,NLD,All,Hazardous waste,85
2012,NLD,All,Hazardous waste,92
2014,NLD,All,Hazardous waste,93
2020,NLD,All,Hazardous waste,97
2008,NOR,All,Hazardous waste,92
2010,NOR,All,Hazardous waste,88
2012,NOR,All,Hazardous waste,75
2014,NOR,All,Hazardous waste,93
2016,NOR,All,Hazardous waste,85
2018,NOR,All,Hazardous waste,86
2020,NOR,All,Hazardous waste,75
2018,OMN,All,Hazardous waste,5.1
2019,OMN,All,Hazardous waste,2
2020,OMN,All,Hazardous waste,36
2021,OMN,All,Hazardous waste,20
2000,PAN,All,Hazardous waste,100
2001,PAN,All,Hazardous waste,100
2002,PAN,All,Hazardous waste,100
2003,PAN,All,Hazardous waste,100
2004,PAN,All,Hazardous waste,100
2005,PAN,All,Hazardous waste,100
2006,PAN,All,Hazardous waste,100
2007,PAN,All,Hazardous waste,100
2008,PAN,All,Hazardous waste,100
2009,PAN,All,Hazardous waste,100
2010,PAN,All,Hazardous waste,100
2011,PAN,All,Hazardous waste,100
2021,PER,All,Hazardous waste,79
2006,PHL,All,Hazardous waste,12
2007,PHL,All,Hazardous waste,27
2010,PHL,All,Hazardous waste,19
2011,PHL,All,Hazardous waste,92
2012,PHL,All,Hazardous waste,30
2013,PHL,All,Hazardous waste,74
2014,PHL,All,Hazardous waste,39
2015,PHL,All,Hazardous waste,36
2016,PHL,All,Hazardous waste,41
2017,PHL,All,Hazardous waste,29
2004,POL,All,Hazardous waste,98
2006,POL,All,Hazardous waste,96
2012,POL,All,Hazardous waste,83
2016,POL,All,Hazardous waste,73
2018,POL,All,Hazardous waste,57
2020,POL,All,Hazardous waste,72
2004,PRT,All,Hazardous waste,84
2006,PRT,All,Hazardous waste,55
2008,PRT,All,Hazardous waste,51
2010,PRT,All,Hazardous waste,49
2012,PRT,All,Hazardous waste,61
2014,PRT,All,Hazardous waste,63
2016,PRT,All,Hazardous waste,59
2018,PRT,All,Hazardous waste,55
2020,PRT,All,Hazardous waste,47
2000,PSE,All,Hazardous waste,100
2003,PSE,All,Hazardous waste,100
2004,PSE,All,Hazardous waste,100
2005,PSE,All,Hazardous waste,100
2006,PSE,All,Hazardous waste,100
2007,PSE,All,Hazardous waste,100
2008,PSE,All,Hazardous waste,100
2009,PSE,All,Hazardous waste,100
2010,PSE,All,Hazardous waste,100
2012,PSE,All,Hazardous waste,100
2014,PSE,All,Hazardous waste,100
2000,REU,All,Hazardous waste,100
2004,ROU,All,Hazardous waste,74
2006,ROU,All,Hazardous waste,82
2008,ROU,All,Hazardous waste,49
2010,ROU,All,Hazardous waste,62
2012,ROU,All,Hazardous waste,90
2014,ROU,All,Hazardous waste,85
2016,ROU,All,Hazardous waste,56
2018,ROU,All,Hazardous waste,73
2020,ROU,All,Hazardous waste,48
2011,SLV,All,Hazardous waste,100
2012,SLV,All,Hazardous waste,100
2013,SLV,All,Hazardous waste,100
2014,SLV,All,Hazardous waste,100
2015,SLV,All,Hazardous waste,100
2016,SLV,All,Hazardous waste,100
2017,SLV,All,Hazardous waste,100
2018,SLV,All,Hazardous waste,100
2019,SLV,All,Hazardous waste,100
2020,SLV,All,Hazardous waste,100
2021,SLV,All,Hazardous waste,100
2012,SRB,All,Hazardous waste,100
2013,SRB,All,Hazardous waste,99
2015,SRB,All,Hazardous waste,100
2016,SRB,All,Hazardous waste,100
2018,SRB,All,Hazardous waste,100
2020,SRB,All,Hazardous waste,100
2006,SVK,All,Hazardous waste,69
2008,SVK,All,Hazardous waste,67
2010,SVK,All,Hazardous waste,54
2012,SVK,All,Hazardous waste,54
2014,SVK,All,Hazardous waste,54
2016,SVK,All,Hazardous waste,34
2018,SVK,All,Hazardous waste,34
2020,SVK,All,Hazardous waste,28
2004,SVN,All,Hazardous waste,92
2006,SVN,All,Hazardous waste,75
2008,SVN,All,Hazardous waste,76
2010,SVN,All,Hazardous waste,86
2012,SVN,All,Hazardous waste,55
2014,SVN,All,Hazardous waste,59
2016,SVN,All,Hazardous waste,62
2018,SVN,All,Hazardous waste,59
2020,SVN,All,Hazardous waste,46
2004,SWE,All,Hazardous waste,72
2006,SWE,All,Hazardous waste,25
2008,SWE,All,Hazardous waste,48
2010,SWE,All,Hazardous waste,30
2012,SWE,All,Hazardous waste,42
2014,SWE,All,Hazardous waste,43
2016,SWE,All,Hazardous waste,56
2018,SWE,All,Hazardous waste,55
2020,SWE,All,Hazardous waste,88
2003,SYR,All,Hazardous waste,100
2001,TUN,All,Hazardous waste,100
2002,TUN,All,Hazardous waste,100
2010,TUR,All,Hazardous waste,99
2012,TUR,All,Hazardous waste,90
2004,TZA,All,Hazardous waste,22
2005,TZA,All,Hazardous waste,26
2006,TZA,All,Hazardous waste,25
2007,TZA,All,Hazardous waste,25
2008,TZA,All,Hazardous waste,62
2009,TZA,All,Hazardous waste,69
2010,TZA,All,Hazardous waste,76
2011,TZA,All,Hazardous waste,84
2012,TZA,All,Hazardous waste,86
2013,TZA,All,Hazardous waste,80
2014,TZA,All,Hazardous waste,90
2015,TZA,All,Hazardous waste,90
2000,UKR,All,Hazardous waste,82
2003,UKR,All,Hazardous waste,87
2004,UKR,All,Hazardous waste,81
2005,UKR,All,Hazardous waste,78
2006,UKR,All,Hazardous waste,83
2007,UKR,All,Hazardous waste,80
2008,UKR,All,Hazardous waste,88
2009,UKR,All,Hazardous waste,96
2010,UKR,All,Hazardous waste,58
2011,UKR,All,Hazardous waste,52
2012,UKR,All,Hazardous waste,51
2013,UKR,All,Hazardous waste,60
2014,UKR,All,Hazardous waste,56
2015,UKR,All,Hazardous waste,68
2016,UKR,All,Hazardous waste,72
2017,UKR,All,Hazardous waste,68
2018,UKR,All,Hazardous waste,65
2019,UKR,All,Hazardous waste,64
2014,UZB,All,Hazardous waste,0
2015,UZB,All,Hazardous waste,0
2016,UZB,All,Hazardous waste,0
2017,UZB,All,Hazardous waste,0
2018,UZB,All,Hazardous waste,0
2019,UZB,All,Hazardous waste,0
2020,UZB,All,Hazardous waste,0
2021,UZB,All,Hazardous waste,0
2002,VCT,All,Hazardous waste,100
2000,ZMB,All,Hazardous waste,100
2005,ZMB,All,Hazardous waste,100
2001,AIA,Municipal waste,Compost,0
2002,AIA,Municipal waste,Compost,0
2003,AIA,Municipal waste,Compost,0
2004,AIA,Municipal waste,Compost,0
2005,AIA,Municipal waste,Compost,0
2006,AIA,Municipal waste,Compost,0
2007,AIA,Municipal waste,Compost,0
2008,AIA,Municipal waste,Compost,0
2001,AIA,Municipal waste,Incineration,0
2002,AIA,Municipal waste,Incineration,0
2003,AIA,Municipal waste,Incineration,0
2004,AIA,Municipal waste,Incineration,0
2005,AIA,Municipal waste,Incineration,0
2006,AIA,Municipal waste,Incineration,0
2007,AIA,Municipal waste,Incineration,0
2008,AIA,Municipal waste,Incineration,0
2001,AIA,Municipal waste,Landfill,100
2002,AIA,Municipal waste,Landfill,100
2003,AIA,Municipal waste,Landfill,100
2004,AIA,Municipal waste,Landfill,100
2005,AIA,Municipal waste,Landfill,100
2006,AIA,Municipal waste,Landfill,100
2007,AIA,Municipal waste,Landfill,100
2008,AIA,Municipal waste,Landfill,100
2001,AIA,Municipal waste,Landfill,77
2002,AIA,Municipal waste,Landfill,77
2003,AIA,Municipal waste,Landfill,76
2004,AIA,Municipal waste,Landfill,76
2005,AIA,Municipal waste,Landfill,63
2006,AIA,Municipal waste,Landfill,60
2007,AIA,Municipal waste,Landfill,60
2008,AIA,Municipal waste,Landfill,61
2001,AND,Municipal waste,Compost,0
2002,AND,Municipal waste,Compost,0
2006,AND,Municipal waste,Compost,0
2007,AND,Municipal waste,Compost,0
2008,AND,Municipal waste,Compost,0
2009,AND,Municipal waste,Compost,0
2010,AND,Municipal waste,Compost,0
2011,AND,Municipal waste,Compost,0
2012,AND,Municipal waste,Compost,0
2013,AND,Municipal waste,Compost,0
2014,AND,Municipal waste,Compost,0
2015,AND,Municipal waste,Compost,0
2016,AND,Municipal waste,Compost,0
2017,AND,Municipal waste,Compost,0
2018,AND,Municipal waste,Compost,0
2019,AND,Municipal waste,Compost,0
2020,AND,Municipal waste,Compost,0
2021,AND,Municipal waste,Compost,0
2022,AND,Municipal waste,Compost,0
2023,AND,Municipal waste,Compost,0
2000,AND,Municipal waste,Incineration,100
2002,AND,Municipal waste,Incineration,0
2006,AND,Municipal waste,Incineration,100
2007,AND,Municipal waste,Incineration,100
2008,AND,Municipal waste,Incineration,100
2009,AND,Municipal waste,Incineration,100
2010,AND,Municipal waste,Incineration,100
2011,AND,Municipal waste,Incineration,100
2012,AND,Municipal waste,Incineration,100
2013,AND,Municipal waste,Incineration,100
2014,AND,Municipal waste,Incineration,100
2015,AND,Municipal waste,Incineration,100
2016,AND,Municipal waste,Incineration,100
2017,AND,Municipal waste,Incineration,100
2018,AND,Municipal waste,Incineration,100
2019,AND,Municipal waste,Incineration,100
2020,AND,Municipal waste,Incineration,100
2021,AND,Municipal waste,Incineration,100
2022,AND,Municipal waste,Incineration,100
2023,AND,Municipal waste,Incineration,100
2000,AND,Municipal waste,Landfill,0
2002,AND,Municipal waste,Landfill,33
2006,AND,Municipal waste,Landfill,0
2007,AND,Municipal waste,Landfill,0
2008,AND,Municipal waste,Landfill,0
2009,AND,Municipal waste,Landfill,0
2010,AND,Municipal waste,Landfill,0
2011,AND,Municipal waste,Landfill,0
2012,AND,Municipal waste,Landfill,0
2013,AND,Municipal waste,Landfill,0
2014,AND,Municipal waste,Landfill,0
2015,AND,Municipal waste,Landfill,0
2016,AND,Municipal waste,Landfill,0
2017,AND,Municipal waste,Landfill,0
2018,AND,Municipal waste,Landfill,0
2019,AND,Municipal waste,Landfill,0
2020,AND,Municipal waste,Landfill,0
2021,AND,Municipal waste,Landfill,0
2022,AND,Municipal waste,Landfill,0
2023,AND,Municipal waste,Landfill,0
2000,AND,Municipal waste,Other,0
2006,AND,Municipal waste,Other,0
2007,AND,Municipal waste,Other,0
2008,AND,Municipal waste,Other,0
2009,AND,Municipal waste,Other,0
2010,AND,Municipal waste,Other,0
2011,AND,Municipal waste,Other,0
2012,AND,Municipal waste,Other,0
2013,AND,Municipal waste,Other,0
2014,AND,Municipal waste,Other,0
2015,AND,Municipal waste,Other,0
2016,AND,Municipal waste,Other,0
2017,AND,Municipal waste,Other,0
2018,AND,Municipal waste,Other,0
2019,AND,Municipal waste,Other,0
2020,AND,Municipal waste,Other,0
2021,AND,Municipal waste,Other,0
2022,AND,Municipal waste,Other,0
2023,AND,Municipal waste,Other,0
2009,ARE,Municipal waste,Compost,1
2011,ARE,Municipal waste,Compost,5
2012,ARE,Municipal waste,Compost,4
2013,ARE,Municipal waste,Compost,5
2014,ARE,Municipal waste,Compost,0
2015,ARE,Municipal waste,Compost,2
2016,ARE,Municipal waste,Compost,3
2017,ARE,Municipal waste,Compost,3
2018,ARE,Municipal waste,Compost,2
2019,ARE,Municipal waste,Compost,0
2020,ARE,Municipal waste,Compost,1
2021,ARE,Municipal waste,Compost,1
2022,ARE,Municipal waste,Compost,1
2023,ARE,Municipal waste,Compost,1
2009,ARE,Municipal waste,Incineration,0
2011,ARE,Municipal waste,Incineration,0
2012,ARE,Municipal waste,Incineration,0
2013,ARE,Municipal waste,Incineration,0
2014,ARE,Municipal waste,Incineration,0
2015,ARE,Municipal waste,Incineration,0
2016,ARE,Municipal waste,Incineration,0
2017,ARE,Municipal waste,Incineration,0
2018,ARE,Municipal waste,Incineration,0
2019,ARE,Municipal waste,Incineration,0
2020,ARE,Municipal waste,Incineration,0
2021,ARE,Municipal waste,Incineration,0
2022,ARE,Municipal waste,Incineration,0
2023,ARE,Municipal waste,Incineration,10
2009,ARE,Municipal waste,Landfill,91
2011,ARE,Municipal waste,Landfill,68
2012,ARE,Municipal waste,Landfill,68
2013,ARE,Municipal waste,Landfill,76
2014,ARE,Municipal waste,Landfill,81
2015,ARE,Municipal waste,Landfill,75
2016,ARE,Municipal waste,Landfill,76
2017,ARE,Municipal waste,Landfill,72
2018,ARE,Municipal waste,Landfill,79
2019,ARE,Municipal waste,Landfill,79
2020,ARE,Municipal waste,Landfill,91
2021,ARE,Municipal waste,Landfill,91
2022,ARE,Municipal waste,Landfill,90
2023,ARE,Municipal waste,Landfill,75
2009,ARE,Municipal waste,Other,0
2011,ARE,Municipal waste,Other,13
2012,ARE,Municipal waste,Other,15
2013,ARE,Municipal waste,Other,11
2005,ARG,Municipal waste,Compost,0
2010,ARG,Municipal waste,Compost,0
2019,ARG,Municipal waste,Compost,0
2005,ARG,Municipal waste,Incineration,0
2010,ARG,Municipal waste,Incineration,0
2019,ARG,Municipal waste,Incineration,0
2005,ARG,Municipal waste,Landfill,92
2010,ARG,Municipal waste,Landfill,92
2019,ARG,Municipal waste,Landfill,94
2020,ARG,Municipal waste,Landfill,94
2021,ARG,Municipal waste,Landfill,94
2022,ARG,Municipal waste,Landfill,94
2005,ARG,Municipal waste,Landfill,53
2010,ARG,Municipal waste,Landfill,60
2019,ARG,Municipal waste,Landfill,61
2020,ARG,Municipal waste,Landfill,61
2021,ARG,Municipal waste,Landfill,61
2022,ARG,Municipal waste,Landfill,61
2000,ARM,Municipal waste,Landfill,100
2001,ARM,Municipal waste,Landfill,100
2002,ARM,Municipal waste,Landfill,100
2003,ARM,Municipal waste,Landfill,100
2004,ARM,Municipal waste,Landfill,100
2005,ARM,Municipal waste,Landfill,100
2006,ARM,Municipal waste,Landfill,100
2007,ARM,Municipal waste,Landfill,100
2008,ARM,Municipal waste,Landfill,100
2009,ARM,Municipal waste,Landfill,100
2010,ARM,Municipal waste,Landfill,100
2011,ARM,Municipal waste,Landfill,100
2012,ARM,Municipal waste,Landfill,100
2013,ARM,Municipal waste,Landfill,100
2014,ARM,Municipal waste,Landfill,100
2015,ARM,Municipal waste,Landfill,100
2016,ARM,Municipal waste,Landfill,100
2017,ARM,Municipal waste,Landfill,100
2018,ARM,Municipal waste,Landfill,100
2019,ARM,Municipal waste,Landfill,100
2020,ARM,Municipal waste,Landfill,100
2021,ARM,Municipal waste,Landfill,100
2022,ARM,Municipal waste,Landfill,100
2023,ARM,Municipal waste,Landfill,100
2005,ATG,Municipal waste,Landfill,100
2006,ATG,Municipal waste,Landfill,100
2007,ATG,Municipal waste,Landfill,100
2008,ATG,Municipal waste,Landfill,100
2009,ATG,Municipal waste,Landfill,100
2010,ATG,Municipal waste,Landfill,100
2011,ATG,Municipal waste,Landfill,100
2012,ATG,Municipal waste,Landfill,100
2013,ATG,Municipal waste,Landfill,100
2014,ATG,Municipal waste,Landfill,100
2015,ATG,Municipal waste,Landfill,100
2016,ATG,Municipal waste,Landfill,100
2017,ATG,Municipal waste,Landfill,100
2018,ATG,Municipal waste,Landfill,100
2019,ATG,Municipal waste,Landfill,100
2020,ATG,Municipal waste,Landfill,102
2021,ATG,Municipal waste,Landfill,104
2007,AUS,Municipal waste,Compost,16
2008,AUS,Municipal waste,Compost,7
2009,AUS,Municipal waste,Compost,16
2010,AUS,Municipal waste,Compost,16
2011,AUS,Municipal waste,Compost,19
2012,AUS,Municipal waste,Compost,11
2013,AUS,Municipal waste,Compost,13
2014,AUS,Municipal waste,Compost,22
2015,AUS,Municipal waste,Compost,22
2016,AUS,Municipal waste,Compost,20
2017,AUS,Municipal waste,Compost,19
2018,AUS,Municipal waste,Compost,19
2019,AUS,Municipal waste,Compost,20
2020,AUS,Municipal waste,Compost,20
2021,AUS,Municipal waste,Compost,23
2022,AUS,Municipal waste,Compost,25
2023,AUS,Municipal waste,Compost,26
2007,AUS,Municipal waste,Incineration,0
2008,AUS,Municipal waste,Incineration,1
2009,AUS,Municipal waste,Incineration,0
2010,AUS,Municipal waste,Incineration,0
2011,AUS,Municipal waste,Incineration,0
2012,AUS,Municipal waste,Incineration,1
2013,AUS,Municipal waste,Incineration,1
2014,AUS,Municipal waste,Incineration,0
2015,AUS,Municipal waste,Incineration,0
2016,AUS,Municipal waste,Incineration,0
2017,AUS,Municipal waste,Incineration,0
2018,AUS,Municipal waste,Incineration,0
2019,AUS,Municipal waste,Incineration,0
2020,AUS,Municipal waste,Incineration,0
2021,AUS,Municipal waste,Incineration,0
2022,AUS,Municipal waste,Incineration,0
2023,AUS,Municipal waste,Incineration,0
2014,AUS,Municipal waste,Incineration,1
2015,AUS,Municipal waste,Incineration,1
2016,AUS,Municipal waste,Incineration,1
2007,AUS,Municipal waste,Landfill,55
2008,AUS,Municipal waste,Landfill,54
2009,AUS,Municipal waste,Landfill,54
2010,AUS,Municipal waste,Landfill,52
2011,AUS,Municipal waste,Landfill,50
2012,AUS,Municipal waste,Landfill,48
2013,AUS,Municipal waste,Landfill,47
2014,AUS,Municipal waste,Landfill,44
2015,AUS,Municipal waste,Landfill,44
2016,AUS,Municipal waste,Landfill,46
2017,AUS,Municipal waste,Landfill,50
2018,AUS,Municipal waste,Landfill,49
2019,AUS,Municipal waste,Landfill,49
2020,AUS,Municipal waste,Landfill,49
2021,AUS,Municipal waste,Landfill,51
2022,AUS,Municipal waste,Landfill,50
2023,AUS,Municipal waste,Landfill,48
2007,AUS,Municipal waste,Other,0
2009,AUS,Municipal waste,Other,0
2010,AUS,Municipal waste,Other,0
2011,AUS,Municipal waste,Other,0
2014,AUS,Municipal waste,Other,0
2015,AUS,Municipal waste,Other,0
2016,AUS,Municipal waste,Other,0
2017,AUS,Municipal waste,Other,0
2018,AUS,Municipal waste,Other,0
2019,AUS,Municipal waste,Other,0
2020,AUS,Municipal waste,Other,0
2021,AUS,Municipal waste,Other,0
2022,AUS,Municipal waste,Other,0
2023,AUS,Municipal waste,Other,0
2000,AUT,Municipal waste,Compost,36
2001,AUT,Municipal waste,Compost,37
2002,AUT,Municipal waste,Compost,38
2003,AUT,Municipal waste,Compost,39
2004,AUT,Municipal waste,Compost,34
2005,AUT,Municipal waste,Compost,34
2006,AUT,Municipal waste,Compost,34
2007,AUT,Municipal waste,Compost,34
2008,AUT,Municipal waste,Compost,34
2009,AUT,Municipal waste,Compost,32
2010,AUT,Municipal waste,Compost,33
2011,AUT,Municipal waste,Compost,34
2012,AUT,Municipal waste,Compost,35
2013,AUT,Municipal waste,Compost,34
2014,AUT,Municipal waste,Compost,32
2015,AUT,Municipal waste,Compost,32
2016,AUT,Municipal waste,Compost,33
2017,AUT,Municipal waste,Compost,32
2018,AUT,Municipal waste,Compost,33
2019,AUT,Municipal waste,Compost,33
2020,AUT,Municipal waste,Compost,21
2021,AUT,Municipal waste,Compost,21
2022,AUT,Municipal waste,Compost,20
2000,AUT,Municipal waste,Incineration,0
2001,AUT,Municipal waste,Incineration,0
2002,AUT,Municipal waste,Incineration,0
2003,AUT,Municipal waste,Incineration,0
2004,AUT,Municipal waste,Incineration,0
2005,AUT,Municipal waste,Incineration,0
2006,AUT,Municipal waste,Incineration,0
2007,AUT,Municipal waste,Incineration,0
2008,AUT,Municipal waste,Incineration,0
2009,AUT,Municipal waste,Incineration,0
2010,AUT,Municipal waste,Incineration,0
2011,AUT,Municipal waste,Incineration,0
2012,AUT,Municipal waste,Incineration,0
2013,AUT,Municipal waste,Incineration,0
2014,AUT,Municipal waste,Incineration,0
2015,AUT,Municipal waste,Incineration,0
2016,AUT,Municipal waste,Incineration,0
2017,AUT,Municipal waste,Incineration,0
2018,AUT,Municipal waste,Incineration,0
2019,AUT,Municipal waste,Incineration,0
2020,AUT,Municipal waste,Incineration,0
2021,AUT,Municipal waste,Incineration,0
2022,AUT,Municipal waste,Incineration,0
2000,AUT,Municipal waste,Incineration,10
2001,AUT,Municipal waste,Incineration,10
2002,AUT,Municipal waste,Incineration,10
2003,AUT,Municipal waste,Incineration,11
2004,AUT,Municipal waste,Incineration,30
2005,AUT,Municipal waste,Incineration,28
2006,AUT,Municipal waste,Incineration,30
2007,AUT,Municipal waste,Incineration,30
2008,AUT,Municipal waste,Incineration,28
2009,AUT,Municipal waste,Incineration,30
2010,AUT,Municipal waste,Incineration,36
2011,AUT,Municipal waste,Incineration,36
2012,AUT,Municipal waste,Incineration,36
2013,AUT,Municipal waste,Incineration,36
2014,AUT,Municipal waste,Incineration,38
2015,AUT,Municipal waste,Incineration,39
2016,AUT,Municipal waste,Incineration,38
2017,AUT,Municipal waste,Incineration,39
2018,AUT,Municipal waste,Incineration,39
2019,AUT,Municipal waste,Incineration,39
2020,AUT,Municipal waste,Incineration,36
2021,AUT,Municipal waste,Incineration,35
2022,AUT,Municipal waste,Incineration,35
2000,AUT,Municipal waste,Landfill,31
2001,AUT,Municipal waste,Landfill,30
2002,AUT,Municipal waste,Landfill,29
2003,AUT,Municipal waste,Landfill,28
2004,AUT,Municipal waste,Landfill,12
2005,AUT,Municipal waste,Landfill,12
2006,AUT,Municipal waste,Landfill,10
2007,AUT,Municipal waste,Landfill,9
2008,AUT,Municipal waste,Landfill,8
2009,AUT,Municipal waste,Landfill,6
2010,AUT,Municipal waste,Landfill,3
2011,AUT,Municipal waste,Landfill,5
2012,AUT,Municipal waste,Landfill,4
2013,AUT,Municipal waste,Landfill,4
2014,AUT,Municipal waste,Landfill,4
2015,AUT,Municipal waste,Landfill,3
2016,AUT,Municipal waste,Landfill,3
2017,AUT,Municipal waste,Landfill,2
2018,AUT,Municipal waste,Landfill,2
2019,AUT,Municipal waste,Landfill,2
2020,AUT,Municipal waste,Landfill,2
2021,AUT,Municipal waste,Landfill,2
2022,AUT,Municipal waste,Landfill,2
2000,AUT,Municipal waste,Other,0
2001,AUT,Municipal waste,Other,0
2002,AUT,Municipal waste,Other,0
2003,AUT,Municipal waste,Other,0
2004,AUT,Municipal waste,Other,0
2005,AUT,Municipal waste,Other,0
2006,AUT,Municipal waste,Other,0
2007,AUT,Municipal waste,Other,0
2008,AUT,Municipal waste,Other,0
2009,AUT,Municipal waste,Other,0
2010,AUT,Municipal waste,Other,0
2011,AUT,Municipal waste,Other,0
2012,AUT,Municipal waste,Other,0
2013,AUT,Municipal waste,Other,0
2014,AUT,Municipal waste,Other,0
2015,AUT,Municipal waste,Other,0
2016,AUT,Municipal waste,Other,0
2017,AUT,Municipal waste,Other,0
2018,AUT,Municipal waste,Other,0
2019,AUT,Municipal waste,Other,0
2020,AUT,Municipal waste,Other,0
2021,AUT,Municipal waste,Other,0
2022,AUT,Municipal waste,Other,0
2004,AZE,Municipal waste,Compost,0
2005,AZE,Municipal waste,Compost,0
2006,AZE,Municipal waste,Compost,0
2007,AZE,Municipal waste,Compost,0
2008,AZE,Municipal waste,Compost,0
2009,AZE,Municipal waste,Compost,0
2010,AZE,Municipal waste,Compost,0
2011,AZE,Municipal waste,Compost,0
2012,AZE,Municipal waste,Compost,0
2013,AZE,Municipal waste,Compost,0
2014,AZE,Municipal waste,Compost,0
2015,AZE,Municipal waste,Compost,0
2016,AZE,Municipal waste,Compost,0
2017,AZE,Municipal waste,Compost,0
2018,AZE,Municipal waste,Compost,0
2019,AZE,Municipal waste,Compost,0
2020,AZE,Municipal waste,Compost,0
2021,AZE,Municipal waste,Compost,0
2022,AZE,Municipal waste,Compost,0
2023,AZE,Municipal waste,Compost,0
2013,AZE,Municipal waste,Incineration,2
2014,AZE,Municipal waste,Incineration,1
2015,AZE,Municipal waste,Incineration,0
2016,AZE,Municipal waste,Incineration,6
2017,AZE,Municipal waste,Incineration,4
2018,AZE,Municipal waste,Incineration,3
2019,AZE,Municipal waste,Incineration,1
2020,AZE,Municipal waste,Incineration,3
2021,AZE,Municipal waste,Incineration,2
2022,AZE,Municipal waste,Incineration,2
2013,AZE,Municipal waste,Incineration,22
2014,AZE,Municipal waste,Incineration,34
2015,AZE,Municipal waste,Incineration,35
2016,AZE,Municipal waste,Incineration,31
2017,AZE,Municipal waste,Incineration,31
2018,AZE,Municipal waste,Incineration,29
2019,AZE,Municipal waste,Incineration,26
2020,AZE,Municipal waste,Incineration,22
2021,AZE,Municipal waste,Incineration,20
2022,AZE,Municipal waste,Incineration,20
2023,AZE,Municipal waste,Incineration,20
2004,AZE,Municipal waste,Landfill,100
2005,AZE,Municipal waste,Landfill,100
2006,AZE,Municipal waste,Landfill,100
2007,AZE,Municipal waste,Landfill,100
2008,AZE,Municipal waste,Landfill,100
2009,AZE,Municipal waste,Landfill,100
2010,AZE,Municipal waste,Landfill,100
2011,AZE,Municipal waste,Landfill,100
2012,AZE,Municipal waste,Landfill,100
2013,AZE,Municipal waste,Landfill,76
2014,AZE,Municipal waste,Landfill,65
2015,AZE,Municipal waste,Landfill,65
2016,AZE,Municipal waste,Landfill,63
2017,AZE,Municipal waste,Landfill,65
2018,AZE,Municipal waste,Landfill,67
2019,AZE,Municipal waste,Landfill,72
2020,AZE,Municipal waste,Landfill,75
2021,AZE,Municipal waste,Landfill,79
2022,AZE,Municipal waste,Landfill,79
2023,AZE,Municipal waste,Landfill,80
2000,BEL,Municipal waste,Compost,22
2001,BEL,Municipal waste,Compost,22
2002,BEL,Municipal waste,Compost,22
2003,BEL,Municipal waste,Compost,23
2004,BEL,Municipal waste,Compost,24
2005,BEL,Municipal waste,Compost,22
2006,BEL,Municipal waste,Compost,23
2007,BEL,Municipal waste,Compost,23
2008,BEL,Municipal waste,Compost,21
2009,BEL,Municipal waste,Compost,21
2010,BEL,Municipal waste,Compost,22
2011,BEL,Municipal waste,Compost,21
2012,BEL,Municipal waste,Compost,22
2013,BEL,Municipal waste,Compost,21
2014,BEL,Municipal waste,Compost,20
2015,BEL,Municipal waste,Compost,19
2016,BEL,Municipal waste,Compost,20
2017,BEL,Municipal waste,Compost,20
2018,BEL,Municipal waste,Compost,20
2019,BEL,Municipal waste,Compost,21
2020,BEL,Municipal waste,Compost,19
2021,BEL,Municipal waste,Compost,20
2022,BEL,Municipal waste,Compost,20
2023,BEL,Municipal waste,Compost,20
2000,BEL,Municipal waste,Incineration,3
2001,BEL,Municipal waste,Incineration,3
2002,BEL,Municipal waste,Incineration,4
2003,BEL,Municipal waste,Incineration,3
2004,BEL,Municipal waste,Incineration,2
2005,BEL,Municipal waste,Incineration,2
2006,BEL,Municipal waste,Incineration,0
2007,BEL,Municipal waste,Incineration,1
2008,BEL,Municipal waste,Incineration,2
2009,BEL,Municipal waste,Incineration,2
2010,BEL,Municipal waste,Incineration,2
2011,BEL,Municipal waste,Incineration,3
2012,BEL,Municipal waste,Incineration,3
2013,BEL,Municipal waste,Incineration,2
2014,BEL,Municipal waste,Incineration,1
2015,BEL,Municipal waste,Incineration,1
2016,BEL,Municipal waste,Incineration,1
2017,BEL,Municipal waste,Incineration,1
2018,BEL,Municipal waste,Incineration,1
2019,BEL,Municipal waste,Incineration,1
2020,BEL,Municipal waste,Incineration,0
2021,BEL,Municipal waste,Incineration,0
2022,BEL,Municipal waste,Incineration,0
2023,BEL,Municipal waste,Incineration,0
2000,BEL,Municipal waste,Incineration,30
2001,BEL,Municipal waste,Incineration,29
2002,BEL,Municipal waste,Incineration,32
2003,BEL,Municipal waste,Incineration,33
2004,BEL,Municipal waste,Incineration,33
2005,BEL,Municipal waste,Incineration,34
2006,BEL,Municipal waste,Incineration,34
2007,BEL,Municipal waste,Incineration,35
2008,BEL,Municipal waste,Incineration,38
2009,BEL,Municipal waste,Incineration,37
2010,BEL,Municipal waste,Incineration,38
2011,BEL,Municipal waste,Incineration,38
2012,BEL,Municipal waste,Incineration,40
2013,BEL,Municipal waste,Incineration,42
2014,BEL,Municipal waste,Incineration,43
2015,BEL,Municipal waste,Incineration,43
2016,BEL,Municipal waste,Incineration,43
2017,BEL,Municipal waste,Incineration,42
2018,BEL,Municipal waste,Incineration,42
2019,BEL,Municipal waste,Incineration,42
2020,BEL,Municipal waste,Incineration,48
2021,BEL,Municipal waste,Incineration,44
2022,BEL,Municipal waste,Incineration,45
2023,BEL,Municipal waste,Incineration,45
2000,BEL,Municipal waste,Landfill,19
2001,BEL,Municipal waste,Landfill,16
2002,BEL,Municipal waste,Landfill,12
2003,BEL,Municipal waste,Landfill,11
2004,BEL,Municipal waste,Landfill,12
2005,BEL,Municipal waste,Landfill,11
2006,BEL,Municipal waste,Landfill,10
2007,BEL,Municipal waste,Landfill,9
2008,BEL,Municipal waste,Landfill,4
2009,BEL,Municipal waste,Landfill,3
2010,BEL,Municipal waste,Landfill,2
2011,BEL,Municipal waste,Landfill,1
2012,BEL,Municipal waste,Landfill,1
2013,BEL,Municipal waste,Landfill,1
2014,BEL,Municipal waste,Landfill,1
2015,BEL,Municipal waste,Landfill,1
2016,BEL,Municipal waste,Landfill,1
2017,BEL,Municipal waste,Landfill,1
2018,BEL,Municipal waste,Landfill,1
2019,BEL,Municipal waste,Landfill,1
2020,BEL,Municipal waste,Landfill,0
2021,BEL,Municipal waste,Landfill,0
2022,BEL,Municipal waste,Landfill,0
2023,BEL,Municipal waste,Landfill,0
2000,BEL,Municipal waste,Other,0
2001,BEL,Municipal waste,Other,0
2002,BEL,Municipal waste,Other,0
2003,BEL,Municipal waste,Other,0
2004,BEL,Municipal waste,Other,0
2005,BEL,Municipal waste,Other,0
2006,BEL,Municipal waste,Other,0
2007,BEL,Municipal waste,Other,0
2008,BEL,Municipal waste,Other,0
2009,BEL,Municipal waste,Other,0
2010,BEL,Municipal waste,Other,0
2011,BEL,Municipal waste,Other,0
2012,BEL,Municipal waste,Other,0
2013,BEL,Municipal waste,Other,0
2014,BEL,Municipal waste,Other,0
2015,BEL,Municipal waste,Other,0
2016,BEL,Municipal waste,Other,0
2017,BEL,Municipal waste,Other,0
2018,BEL,Municipal waste,Other,0
2019,BEL,Municipal waste,Other,0
2020,BEL,Municipal waste,Other,0
2021,BEL,Municipal waste,Other,0
2022,BEL,Municipal waste,Other,0
2023,BEL,Municipal waste,Other,0
2020,BEN,Municipal waste,Landfill,100
2021,BEN,Municipal waste,Landfill,100
2022,BEN,Municipal waste,Landfill,100
2009,BFA,Municipal waste,Incineration,1
2004,BFA,Municipal waste,Landfill,86
2005,BFA,Municipal waste,Landfill,89
2005,BGD,Municipal waste,Compost,0
2009,BGD,Municipal waste,Compost,1
2014,BGD,Municipal waste,Compost,0
2019,BGD,Municipal waste,Compost,3
2020,BGD,Municipal waste,Compost,3
2021,BGD,Municipal waste,Compost,3
2005,BGD,Municipal waste,Incineration,0
2009,BGD,Municipal waste,Incineration,0
2014,BGD,Municipal waste,Incineration,0
2019,BGD,Municipal waste,Incineration,0
2020,BGD,Municipal waste,Incineration,0
2021,BGD,Municipal waste,Incineration,0
2005,BGD,Municipal waste,Landfill,85
2009,BGD,Municipal waste,Landfill,84
2014,BGD,Municipal waste,Landfill,84
2019,BGD,Municipal waste,Landfill,71
2020,BGD,Municipal waste,Landfill,69
2021,BGD,Municipal waste,Landfill,70
2005,BGD,Municipal waste,Other,0
2009,BGD,Municipal waste,Other,0
2014,BGD,Municipal waste,Other,0
2019,BGD,Municipal waste,Other,25
2020,BGD,Municipal waste,Other,26
2021,BGD,Municipal waste,Other,25
2000,BGR,Municipal waste,Compost,0
2001,BGR,Municipal waste,Compost,0
2002,BGR,Municipal waste,Compost,0
2003,BGR,Municipal waste,Compost,0
2004,BGR,Municipal waste,Compost,0
2005,BGR,Municipal waste,Compost,0
2006,BGR,Municipal waste,Compost,0
2007,BGR,Municipal waste,Compost,0
2008,BGR,Municipal waste,Compost,0
2009,BGR,Municipal waste,Compost,0
2010,BGR,Municipal waste,Compost,0
2011,BGR,Municipal waste,Compost,2
2012,BGR,Municipal waste,Compost,3
2013,BGR,Municipal waste,Compost,3
2014,BGR,Municipal waste,Compost,2
2015,BGR,Municipal waste,Compost,11
2016,BGR,Municipal waste,Compost,9
2017,BGR,Municipal waste,Compost,8
2018,BGR,Municipal waste,Compost,2
2019,BGR,Municipal waste,Compost,8
2020,BGR,Municipal waste,Compost,3
2021,BGR,Municipal waste,Compost,3
2022,BGR,Municipal waste,Compost,3
2000,BGR,Municipal waste,Incineration,0
2001,BGR,Municipal waste,Incineration,0
2002,BGR,Municipal waste,Incineration,0
2003,BGR,Municipal waste,Incineration,0
2004,BGR,Municipal waste,Incineration,0
2005,BGR,Municipal waste,Incineration,0
2006,BGR,Municipal waste,Incineration,0
2007,BGR,Municipal waste,Incineration,0
2008,BGR,Municipal waste,Incineration,0
2009,BGR,Municipal waste,Incineration,0
2010,BGR,Municipal waste,Incineration,0
2011,BGR,Municipal waste,Incineration,0
2012,BGR,Municipal waste,Incineration,0
2013,BGR,Municipal waste,Incineration,0
2014,BGR,Municipal waste,Incineration,0
2015,BGR,Municipal waste,Incineration,0
2016,BGR,Municipal waste,Incineration,0
2017,BGR,Municipal waste,Incineration,0
2018,BGR,Municipal waste,Incineration,0
2019,BGR,Municipal waste,Incineration,0
2020,BGR,Municipal waste,Incineration,0
2021,BGR,Municipal waste,Incineration,0
2022,BGR,Municipal waste,Incineration,0
2013,BGR,Municipal waste,Incineration,2
2014,BGR,Municipal waste,Incineration,2
2015,BGR,Municipal waste,Incineration,3
2016,BGR,Municipal waste,Incineration,4
2017,BGR,Municipal waste,Incineration,3
2018,BGR,Municipal waste,Incineration,7
2019,BGR,Municipal waste,Incineration,3
2020,BGR,Municipal waste,Incineration,5
2021,BGR,Municipal waste,Incineration,4
2022,BGR,Municipal waste,Incineration,3
2000,BGR,Municipal waste,Landfill,81
2001,BGR,Municipal waste,Landfill,81
2002,BGR,Municipal waste,Landfill,81
2003,BGR,Municipal waste,Landfill,80
2004,BGR,Municipal waste,Landfill,80
2005,BGR,Municipal waste,Landfill,79
2006,BGR,Municipal waste,Landfill,77
2007,BGR,Municipal waste,Landfill,78
2008,BGR,Municipal waste,Landfill,79
2009,BGR,Municipal waste,Landfill,79
2010,BGR,Municipal waste,Landfill,75
2011,BGR,Municipal waste,Landfill,72
2012,BGR,Municipal waste,Landfill,73
2013,BGR,Municipal waste,Landfill,70
2014,BGR,Municipal waste,Landfill,74
2015,BGR,Municipal waste,Landfill,67
2016,BGR,Municipal waste,Landfill,64
2017,BGR,Municipal waste,Landfill,62
2018,BGR,Municipal waste,Landfill,61
2019,BGR,Municipal waste,Landfill,62
2020,BGR,Municipal waste,Landfill,56
2021,BGR,Municipal waste,Landfill,47
2022,BGR,Municipal waste,Landfill,58
2017,BHR,Municipal waste,Compost,0
2018,BHR,Municipal waste,Compost,0
2019,BHR,Municipal waste,Compost,0
2020,BHR,Municipal waste,Compost,0
2021,BHR,Municipal waste,Compost,0
2000,BHR,Municipal waste,Landfill,100
2001,BHR,Municipal waste,Landfill,100
2002,BHR,Municipal waste,Landfill,100
2003,BHR,Municipal waste,Landfill,100
2004,BHR,Municipal waste,Landfill,100
2005,BHR,Municipal waste,Landfill,100
2006,BHR,Municipal waste,Landfill,100
2007,BHR,Municipal waste,Landfill,100
2008,BHR,Municipal waste,Landfill,100
2009,BHR,Municipal waste,Landfill,100
2010,BHR,Municipal waste,Landfill,100
2011,BHR,Municipal waste,Landfill,100
2012,BHR,Municipal waste,Landfill,100
2013,BHR,Municipal waste,Landfill,100
2014,BHR,Municipal waste,Landfill,100
2015,BHR,Municipal waste,Landfill,100
2016,BHR,Municipal waste,Landfill,100
2017,BHR,Municipal waste,Landfill,99
2018,BHR,Municipal waste,Landfill,98
2019,BHR,Municipal waste,Landfill,80
2020,BHR,Municipal waste,Landfill,71
2021,BHR,Municipal waste,Landfill,64
2017,BHR,Municipal waste,Other,1
2018,BHR,Municipal waste,Other,2
2019,BHR,Municipal waste,Other,3
2020,BHR,Municipal waste,Other,4
2021,BHR,Municipal waste,Other,2
2004,BLR,Municipal waste,Compost,0
2005,BLR,Municipal waste,Compost,0
2006,BLR,Municipal waste,Compost,0
2007,BLR,Municipal waste,Compost,0
2008,BLR,Municipal waste,Compost,0
2009,BLR,Municipal waste,Compost,0
2010,BLR,Municipal waste,Compost,0
2011,BLR,Municipal waste,Compost,0
2012,BLR,Municipal waste,Compost,0
2013,BLR,Municipal waste,Compost,0
2014,BLR,Municipal waste,Compost,0
2015,BLR,Municipal waste,Compost,0
2016,BLR,Municipal waste,Compost,0
2017,BLR,Municipal waste,Compost,0
2018,BLR,Municipal waste,Compost,0
2019,BLR,Municipal waste,Compost,1
2020,BLR,Municipal waste,Compost,0
2021,BLR,Municipal waste,Compost,0
2022,BLR,Municipal waste,Compost,0
2023,BLR,Municipal waste,Compost,0
2004,BLR,Municipal waste,Incineration,0
2005,BLR,Municipal waste,Incineration,0
2006,BLR,Municipal waste,Incineration,0
2007,BLR,Municipal waste,Incineration,0
2008,BLR,Municipal waste,Incineration,0
2009,BLR,Municipal waste,Incineration,0
2010,BLR,Municipal waste,Incineration,0
2011,BLR,Municipal waste,Incineration,0
2012,BLR,Municipal waste,Incineration,0
2013,BLR,Municipal waste,Incineration,0
2014,BLR,Municipal waste,Incineration,0
2015,BLR,Municipal waste,Incineration,0
2016,BLR,Municipal waste,Incineration,0
2017,BLR,Municipal waste,Incineration,0
2018,BLR,Municipal waste,Incineration,0
2019,BLR,Municipal waste,Incineration,1
2020,BLR,Municipal waste,Incineration,0
2021,BLR,Municipal waste,Incineration,0
2022,BLR,Municipal waste,Incineration,0
2023,BLR,Municipal waste,Incineration,0
2004,BLR,Municipal waste,Landfill,100
2005,BLR,Municipal waste,Landfill,100
2006,BLR,Municipal waste,Landfill,99
2007,BLR,Municipal waste,Landfill,99
2008,BLR,Municipal waste,Landfill,94
2009,BLR,Municipal waste,Landfill,91
2010,BLR,Municipal waste,Landfill,91
2011,BLR,Municipal waste,Landfill,91
2012,BLR,Municipal waste,Landfill,90
2013,BLR,Municipal waste,Landfill,88
2014,BLR,Municipal waste,Landfill,86
2015,BLR,Municipal waste,Landfill,84
2016,BLR,Municipal waste,Landfill,84
2017,BLR,Municipal waste,Landfill,83
2018,BLR,Municipal waste,Landfill,81
2019,BLR,Municipal waste,Landfill,78
2020,BLR,Municipal waste,Landfill,75
2021,BLR,Municipal waste,Landfill,69
2022,BLR,Municipal waste,Landfill,66
2023,BLR,Municipal waste,Landfill,64
2000,BLZ,Municipal waste,Landfill,100
2010,BMU,Municipal waste,Compost,17
2011,BMU,Municipal waste,Compost,19
2012,BMU,Municipal waste,Compost,18
2013,BMU,Municipal waste,Compost,18
2014,BMU,Municipal waste,Compost,21
2015,BMU,Municipal waste,Compost,22
2016,BMU,Municipal waste,Compost,20
2017,BMU,Municipal waste,Compost,19
2018,BMU,Municipal waste,Compost,14
2019,BMU,Municipal waste,Compost,13
2010,BMU,Municipal waste,Incineration,70
2011,BMU,Municipal waste,Incineration,67
2012,BMU,Municipal waste,Incineration,68
2013,BMU,Municipal waste,Incineration,69
2014,BMU,Municipal waste,Incineration,65
2015,BMU,Municipal waste,Incineration,65
2016,BMU,Municipal waste,Incineration,67
2017,BMU,Municipal waste,Incineration,70
2018,BMU,Municipal waste,Incineration,74
2019,BMU,Municipal waste,Incineration,75
2010,BMU,Municipal waste,Landfill,11
2011,BMU,Municipal waste,Landfill,12
2012,BMU,Municipal waste,Landfill,12
2013,BMU,Municipal waste,Landfill,12
2014,BMU,Municipal waste,Landfill,12
2015,BMU,Municipal waste,Landfill,12
2016,BMU,Municipal waste,Landfill,11
2017,BMU,Municipal waste,Landfill,10
2018,BMU,Municipal waste,Landfill,11
2019,BMU,Municipal waste,Landfill,12
2004,BRA,Municipal waste,Compost,1
2005,BRA,Municipal waste,Compost,1
2006,BRA,Municipal waste,Compost,0
2007,BRA,Municipal waste,Compost,0
2008,BRA,Municipal waste,Compost,1
2009,BRA,Municipal waste,Compost,0
2010,BRA,Municipal waste,Compost,0
2011,BRA,Municipal waste,Compost,0
2012,BRA,Municipal waste,Compost,0
2013,BRA,Municipal waste,Compost,0
2014,BRA,Municipal waste,Compost,0
2015,BRA,Municipal waste,Compost,0
2004,BRA,Municipal waste,Incineration,0
2005,BRA,Municipal waste,Incineration,0
2006,BRA,Municipal waste,Incineration,0
2007,BRA,Municipal waste,Incineration,0
2008,BRA,Municipal waste,Incineration,0
2009,BRA,Municipal waste,Incineration,0
2010,BRA,Municipal waste,Incineration,0
2011,BRA,Municipal waste,Incineration,0
2012,BRA,Municipal waste,Incineration,0
2013,BRA,Municipal waste,Incineration,0
2014,BRA,Municipal waste,Incineration,0
2015,BRA,Municipal waste,Incineration,0
2004,BRA,Municipal waste,Landfill,98
2005,BRA,Municipal waste,Landfill,98
2006,BRA,Municipal waste,Landfill,99
2007,BRA,Municipal waste,Landfill,99
2008,BRA,Municipal waste,Landfill,92
2009,BRA,Municipal waste,Landfill,87
2010,BRA,Municipal waste,Landfill,51
2011,BRA,Municipal waste,Landfill,65
2012,BRA,Municipal waste,Landfill,72
2013,BRA,Municipal waste,Landfill,99
2014,BRA,Municipal waste,Landfill,98
2015,BRA,Municipal waste,Landfill,98
2010,BRA,Municipal waste,Other,47
2011,BRA,Municipal waste,Other,34
2012,BRA,Municipal waste,Other,26
2012,BTN,Municipal waste,Compost,1
2017,BTN,Municipal waste,Compost,1
2012,BTN,Municipal waste,Incineration,15
2017,BTN,Municipal waste,Incineration,15
2012,BTN,Municipal waste,Landfill,60
2017,BTN,Municipal waste,Landfill,60
2012,BTN,Municipal waste,Other,9
2017,BTN,Municipal waste,Other,9
2000,CAN,Municipal waste,Compost,3
2002,CAN,Municipal waste,Compost,4
2004,CAN,Municipal waste,Compost,5
2006,CAN,Municipal waste,Compost,6
2008,CAN,Municipal waste,Compost,7
2010,CAN,Municipal waste,Compost,7
2012,CAN,Municipal waste,Compost,8
2014,CAN,Municipal waste,Compost,8
2016,CAN,Municipal waste,Compost,8
2018,CAN,Municipal waste,Compost,8
2000,CAN,Municipal waste,Incineration,0
2002,CAN,Municipal waste,Incineration,0
2004,CAN,Municipal waste,Incineration,0
2006,CAN,Municipal waste,Incineration,0
2008,CAN,Municipal waste,Incineration,0
2010,CAN,Municipal waste,Incineration,0
2012,CAN,Municipal waste,Incineration,0
2014,CAN,Municipal waste,Incineration,0
2016,CAN,Municipal waste,Incineration,0
2018,CAN,Municipal waste,Incineration,0
2000,CAN,Municipal waste,Landfill,78
2002,CAN,Municipal waste,Landfill,78
2004,CAN,Municipal waste,Landfill,77
2006,CAN,Municipal waste,Landfill,77
2008,CAN,Municipal waste,Landfill,75
2010,CAN,Municipal waste,Landfill,75
2012,CAN,Municipal waste,Landfill,73
2014,CAN,Municipal waste,Landfill,72
2016,CAN,Municipal waste,Landfill,72
2018,CAN,Municipal waste,Landfill,72
2000,CHE,Municipal waste,Compost,14
2001,CHE,Municipal waste,Compost,14
2002,CHE,Municipal waste,Compost,15
2003,CHE,Municipal waste,Compost,15
2004,CHE,Municipal waste,Compost,15
2005,CHE,Municipal waste,Compost,16
2006,CHE,Municipal waste,Compost,17
2007,CHE,Municipal waste,Compost,17
2008,CHE,Municipal waste,Compost,16
2009,CHE,Municipal waste,Compost,17
2010,CHE,Municipal waste,Compost,17
2011,CHE,Municipal waste,Compost,16
2012,CHE,Municipal waste,Compost,15
2013,CHE,Municipal waste,Compost,17
2014,CHE,Municipal waste,Compost,21
2015,CHE,Municipal waste,Compost,21
2016,CHE,Municipal waste,Compost,21
2017,CHE,Municipal waste,Compost,22
2018,CHE,Municipal waste,Compost,22
2019,CHE,Municipal waste,Compost,23
2020,CHE,Municipal waste,Compost,23
2021,CHE,Municipal waste,Compost,23
2022,CHE,Municipal waste,Compost,24
2023,CHE,Municipal waste,Compost,23
2000,CHE,Municipal waste,Incineration,0
2001,CHE,Municipal waste,Incineration,0
2002,CHE,Municipal waste,Incineration,0
2003,CHE,Municipal waste,Incineration,0
2004,CHE,Municipal waste,Incineration,0
2005,CHE,Municipal waste,Incineration,0
2006,CHE,Municipal waste,Incineration,0
2007,CHE,Municipal waste,Incineration,0
2008,CHE,Municipal waste,Incineration,0
2009,CHE,Municipal waste,Incineration,0
2010,CHE,Municipal waste,Incineration,0
2011,CHE,Municipal waste,Incineration,0
2012,CHE,Municipal waste,Incineration,0
2013,CHE,Municipal waste,Incineration,0
2014,CHE,Municipal waste,Incineration,0
2015,CHE,Municipal waste,Incineration,0
2016,CHE,Municipal waste,Incineration,0
2017,CHE,Municipal waste,Incineration,0
2018,CHE,Municipal waste,Incineration,0
2019,CHE,Municipal waste,Incineration,0
2020,CHE,Municipal waste,Incineration,0
2021,CHE,Municipal waste,Incineration,0
2022,CHE,Municipal waste,Incineration,0
2023,CHE,Municipal waste,Incineration,0
2000,CHE,Municipal waste,Incineration,46
2001,CHE,Municipal waste,Incineration,49
2002,CHE,Municipal waste,Incineration,52
2003,CHE,Municipal waste,Incineration,51
2004,CHE,Municipal waste,Incineration,51
2005,CHE,Municipal waste,Incineration,49
2006,CHE,Municipal waste,Incineration,50
2007,CHE,Municipal waste,Incineration,49
2008,CHE,Municipal waste,Incineration,50
2009,CHE,Municipal waste,Incineration,49
2010,CHE,Municipal waste,Incineration,50
2011,CHE,Municipal waste,Incineration,50
2012,CHE,Municipal waste,Incineration,50
2013,CHE,Municipal waste,Incineration,49
2014,CHE,Municipal waste,Incineration,46
2015,CHE,Municipal waste,Incineration,47
2016,CHE,Municipal waste,Incineration,48
2017,CHE,Municipal waste,Incineration,47
2018,CHE,Municipal waste,Incineration,48
2019,CHE,Municipal waste,Incineration,47
2020,CHE,Municipal waste,Incineration,47
2021,CHE,Municipal waste,Incineration,48
2022,CHE,Municipal waste,Incineration,48
2023,CHE,Municipal waste,Incineration,48
2000,CHE,Municipal waste,Landfill,8
2001,CHE,Municipal waste,Landfill,4
2002,CHE,Municipal waste,Landfill,2
2003,CHE,Municipal waste,Landfill,1
2004,CHE,Municipal waste,Landfill,0
2005,CHE,Municipal waste,Landfill,0
2006,CHE,Municipal waste,Landfill,0
2007,CHE,Municipal waste,Landfill,0
2008,CHE,Municipal waste,Landfill,0
2009,CHE,Municipal waste,Landfill,0
2010,CHE,Municipal waste,Landfill,0
2011,CHE,Municipal waste,Landfill,0
2012,CHE,Municipal waste,Landfill,0
2013,CHE,Municipal waste,Landfill,0
2014,CHE,Municipal waste,Landfill,0
2015,CHE,Municipal waste,Landfill,0
2016,CHE,Municipal waste,Landfill,0
2017,CHE,Municipal waste,Landfill,0
2018,CHE,Municipal waste,Landfill,0
2019,CHE,Municipal waste,Landfill,0
2020,CHE,Municipal waste,Landfill,0
2021,CHE,Municipal waste,Landfill,0
2022,CHE,Municipal waste,Landfill,0
2023,CHE,Municipal waste,Landfill,0
2000,CHE,Municipal waste,Other,0
2001,CHE,Municipal waste,Other,0
2002,CHE,Municipal waste,Other,0
2003,CHE,Municipal waste,Other,0
2004,CHE,Municipal waste,Other,0
2005,CHE,Municipal waste,Other,0
2006,CHE,Municipal waste,Other,0
2007,CHE,Municipal waste,Other,0
2008,CHE,Municipal waste,Other,0
2009,CHE,Municipal waste,Other,0
2010,CHE,Municipal waste,Other,0
2011,CHE,Municipal waste,Other,0
2012,CHE,Municipal waste,Other,0
2013,CHE,Municipal waste,Other,0
2014,CHE,Municipal waste,Other,0
2015,CHE,Municipal waste,Other,0
2016,CHE,Municipal waste,Other,0
2017,CHE,Municipal waste,Other,0
2018,CHE,Municipal waste,Other,0
2019,CHE,Municipal waste,Other,0
2020,CHE,Municipal waste,Other,0
2021,CHE,Municipal waste,Other,0
2022,CHE,Municipal waste,Other,0
2023,CHE,Municipal waste,Other,0
2014,CHL,Municipal waste,Compost,0
2015,CHL,Municipal waste,Compost,0
2016,CHL,Municipal waste,Compost,0
2017,CHL,Municipal waste,Compost,0
2018,CHL,Municipal waste,Compost,0
2019,CHL,Municipal waste,Compost,0
2020,CHL,Municipal waste,Compost,0
2021,CHL,Municipal waste,Compost,0
2022,CHL,Municipal waste,Compost,0
2023,CHL,Municipal waste,Compost,0
2014,CHL,Municipal waste,Incineration,0
2015,CHL,Municipal waste,Incineration,0
2016,CHL,Municipal waste,Incineration,0
2017,CHL,Municipal waste,Incineration,0
2018,CHL,Municipal waste,Incineration,0
2019,CHL,Municipal waste,Incineration,0
2020,CHL,Municipal waste,Incineration,0
2021,CHL,Municipal waste,Incineration,0
2022,CHL,Municipal waste,Incineration,0
2023,CHL,Municipal waste,Incineration,0
2014,CHL,Municipal waste,Landfill,100
2015,CHL,Municipal waste,Landfill,100
2016,CHL,Municipal waste,Landfill,99
2017,CHL,Municipal waste,Landfill,98
2018,CHL,Municipal waste,Landfill,99
2019,CHL,Municipal waste,Landfill,99
2020,CHL,Municipal waste,Landfill,98
2021,CHL,Municipal waste,Landfill,99
2022,CHL,Municipal waste,Landfill,99
2023,CHL,Municipal waste,Landfill,99
2018,CHL,Municipal waste,Other,0
2019,CHL,Municipal waste,Other,0
2020,CHL,Municipal waste,Other,0
2021,CHL,Municipal waste,Other,0
2022,CHL,Municipal waste,Other,0
2023,CHL,Municipal waste,Other,0
2001,CHN,Municipal waste,Compost,9
2002,CHN,Municipal waste,Compost,7
2003,CHN,Municipal waste,Compost,10
2004,CHN,Municipal waste,Compost,9
2005,CHN,Municipal waste,Compost,4
2006,CHN,Municipal waste,Compost,4
2007,CHN,Municipal waste,Compost,3
2008,CHN,Municipal waste,Compost,2
2009,CHN,Municipal waste,Compost,2
2010,CHN,Municipal waste,Compost,1
2001,CHN,Municipal waste,Incineration,2
2002,CHN,Municipal waste,Incineration,4
2003,CHN,Municipal waste,Incineration,5
2004,CHN,Municipal waste,Incineration,6
2005,CHN,Municipal waste,Incineration,10
2006,CHN,Municipal waste,Incineration,14
2007,CHN,Municipal waste,Incineration,15
2008,CHN,Municipal waste,Incineration,15
2009,CHN,Municipal waste,Incineration,18
2010,CHN,Municipal waste,Incineration,19
2011,CHN,Municipal waste,Incineration,20
2012,CHN,Municipal waste,Incineration,25
2013,CHN,Municipal waste,Incineration,30
2014,CHN,Municipal waste,Incineration,33
2015,CHN,Municipal waste,Incineration,34
2016,CHN,Municipal waste,Incineration,38
2017,CHN,Municipal waste,Incineration,40
2018,CHN,Municipal waste,Incineration,45
2019,CHN,Municipal waste,Incineration,51
2020,CHN,Municipal waste,Incineration,62
2021,CHN,Municipal waste,Incineration,73
2022,CHN,Municipal waste,Incineration,80
2023,CHN,Municipal waste,Incineration,82
2001,CHN,Municipal waste,Landfill,89
2002,CHN,Municipal waste,Landfill,89
2003,CHN,Municipal waste,Landfill,85
2004,CHN,Municipal waste,Landfill,85
2005,CHN,Municipal waste,Landfill,85
2006,CHN,Municipal waste,Landfill,81
2007,CHN,Municipal waste,Landfill,81
2008,CHN,Municipal waste,Landfill,82
2009,CHN,Municipal waste,Landfill,79
2010,CHN,Municipal waste,Landfill,78
2011,CHN,Municipal waste,Landfill,77
2012,CHN,Municipal waste,Landfill,73
2013,CHN,Municipal waste,Landfill,68
2014,CHN,Municipal waste,Landfill,66
2015,CHN,Municipal waste,Landfill,64
2016,CHN,Municipal waste,Landfill,60
2017,CHN,Municipal waste,Landfill,57
2018,CHN,Municipal waste,Landfill,52
2019,CHN,Municipal waste,Landfill,46
2020,CHN,Municipal waste,Landfill,33
2021,CHN,Municipal waste,Landfill,21
2022,CHN,Municipal waste,Landfill,12
2023,CHN,Municipal waste,Landfill,7
2011,CHN,Municipal waste,Other,3
2012,CHN,Municipal waste,Other,3
2013,CHN,Municipal waste,Other,2
2014,CHN,Municipal waste,Other,2
2015,CHN,Municipal waste,Other,2
2016,CHN,Municipal waste,Other,2
2017,CHN,Municipal waste,Other,3
2018,CHN,Municipal waste,Other,3
2019,CHN,Municipal waste,Other,4
2020,CHN,Municipal waste,Other,5
2021,CHN,Municipal waste,Other,6
2022,CHN,Municipal waste,Other,8
2023,CHN,Municipal waste,Other,10
2006,CMR,Municipal waste,Landfill,99
2007,CMR,Municipal waste,Landfill,99
2008,CMR,Municipal waste,Landfill,100
2009,CMR,Municipal waste,Landfill,100
2006,CMR,Municipal waste,Landfill,92
2007,CMR,Municipal waste,Landfill,92
2008,CMR,Municipal waste,Landfill,94
2009,CMR,Municipal waste,Landfill,94
2005,COL,Municipal waste,Landfill,73
2006,COL,Municipal waste,Landfill,81
2007,COL,Municipal waste,Landfill,91
2008,COL,Municipal waste,Landfill,93
2009,COL,Municipal waste,Landfill,93
2010,COL,Municipal waste,Landfill,93
2011,COL,Municipal waste,Landfill,95
2012,COL,Municipal waste,Landfill,92
2013,COL,Municipal waste,Landfill,94
2014,COL,Municipal waste,Landfill,94
2015,COL,Municipal waste,Landfill,98
2016,COL,Municipal waste,Landfill,98
2017,COL,Municipal waste,Landfill,97
2018,COL,Municipal waste,Landfill,98
2012,COL,Municipal waste,Landfill,89
2013,COL,Municipal waste,Landfill,91
2014,COL,Municipal waste,Landfill,93
2015,COL,Municipal waste,Landfill,93
2016,COL,Municipal waste,Landfill,94
2005,COL,Municipal waste,Other,27
2006,COL,Municipal waste,Other,19
2007,COL,Municipal waste,Other,9
2008,COL,Municipal waste,Other,7
2009,COL,Municipal waste,Other,7
2010,COL,Municipal waste,Other,7
2011,COL,Municipal waste,Other,5
2012,COL,Municipal waste,Other,8
2013,COL,Municipal waste,Other,6
2014,COL,Municipal waste,Other,6
2015,COL,Municipal waste,Other,2
2016,COL,Municipal waste,Other,2
2017,COL,Municipal waste,Other,3
2018,COL,Municipal waste,Other,2
2012,CPV,Municipal waste,Compost,0
2013,CPV,Municipal waste,Compost,0
2015,CPV,Municipal waste,Compost,0
2012,CPV,Municipal waste,Incineration,0
2013,CPV,Municipal waste,Incineration,0
2015,CPV,Municipal waste,Incineration,0
2012,CPV,Municipal waste,Landfill,100
2013,CPV,Municipal waste,Landfill,100
2015,CPV,Municipal waste,Landfill,100
2012,CPV,Municipal waste,Landfill,5
2013,CPV,Municipal waste,Landfill,6
2015,CPV,Municipal waste,Landfill,8
2012,CPV,Municipal waste,Other,0
2013,CPV,Municipal waste,Other,0
2015,CPV,Municipal waste,Other,0
2016,CRI,Municipal waste,Compost,0
2017,CRI,Municipal waste,Compost,0
2018,CRI,Municipal waste,Compost,0
2019,CRI,Municipal waste,Compost,4
2020,CRI,Municipal waste,Compost,3
2021,CRI,Municipal waste,Compost,3
2022,CRI,Municipal waste,Compost,3
2023,CRI,Municipal waste,Compost,3
2014,CRI,Municipal waste,Incineration,1
2015,CRI,Municipal waste,Incineration,2
2016,CRI,Municipal waste,Incineration,3
2017,CRI,Municipal waste,Incineration,0
2018,CRI,Municipal waste,Incineration,0
2019,CRI,Municipal waste,Incineration,0
2020,CRI,Municipal waste,Incineration,0
2021,CRI,Municipal waste,Incineration,3
2022,CRI,Municipal waste,Incineration,3
2023,CRI,Municipal waste,Incineration,0
2023,CRI,Municipal waste,Incineration,3
2010,CRI,Municipal waste,Landfill,75
2011,CRI,Municipal waste,Landfill,75
2012,CRI,Municipal waste,Landfill,77
2013,CRI,Municipal waste,Landfill,77
2014,CRI,Municipal waste,Landfill,77
2015,CRI,Municipal waste,Landfill,95
2016,CRI,Municipal waste,Landfill,79
2017,CRI,Municipal waste,Landfill,82
2018,CRI,Municipal waste,Landfill,88
2019,CRI,Municipal waste,Landfill,86
2020,CRI,Municipal waste,Landfill,84
2021,CRI,Municipal waste,Landfill,77
2022,CRI,Municipal waste,Landfill,79
2023,CRI,Municipal waste,Landfill,78
2010,CRI,Municipal waste,Other,25
2011,CRI,Municipal waste,Other,25
2012,CRI,Municipal waste,Other,23
2013,CRI,Municipal waste,Other,23
2014,CRI,Municipal waste,Other,22
2015,CRI,Municipal waste,Other,0
2016,CRI,Municipal waste,Other,12
2017,CRI,Municipal waste,Other,9
2018,CRI,Municipal waste,Other,7
2019,CRI,Municipal waste,Other,7
2020,CRI,Municipal waste,Other,10
2021,CRI,Municipal waste,Other,11
2022,CRI,Municipal waste,Other,7
2023,CRI,Municipal waste,Other,7
2002,CUB,Municipal waste,Compost,0
2003,CUB,Municipal waste,Compost,10
2004,CUB,Municipal waste,Compost,11
2005,CUB,Municipal waste,Compost,11
2006,CUB,Municipal waste,Compost,11
2007,CUB,Municipal waste,Compost,11
2008,CUB,Municipal waste,Compost,10
2009,CUB,Municipal waste,Compost,7
2010,CUB,Municipal waste,Compost,7
2011,CUB,Municipal waste,Compost,7
2012,CUB,Municipal waste,Compost,6
2013,CUB,Municipal waste,Compost,6
2014,CUB,Municipal waste,Compost,5
2015,CUB,Municipal waste,Compost,5
2016,CUB,Municipal waste,Compost,6
2017,CUB,Municipal waste,Compost,3
2018,CUB,Municipal waste,Compost,3
2019,CUB,Municipal waste,Compost,2
2020,CUB,Municipal waste,Compost,3
2002,CUB,Municipal waste,Incineration,0
2003,CUB,Municipal waste,Incineration,0
2004,CUB,Municipal waste,Incineration,0
2005,CUB,Municipal waste,Incineration,0
2006,CUB,Municipal waste,Incineration,0
2007,CUB,Municipal waste,Incineration,0
2008,CUB,Municipal waste,Incineration,0
2009,CUB,Municipal waste,Incineration,0
2010,CUB,Municipal waste,Incineration,0
2011,CUB,Municipal waste,Incineration,0
2012,CUB,Municipal waste,Incineration,0
2013,CUB,Municipal waste,Incineration,0
2014,CUB,Municipal waste,Incineration,0
2015,CUB,Municipal waste,Incineration,0
2016,CUB,Municipal waste,Incineration,0
2017,CUB,Municipal waste,Incineration,0
2002,CUB,Municipal waste,Landfill,93
2003,CUB,Municipal waste,Landfill,84
2004,CUB,Municipal waste,Landfill,83
2005,CUB,Municipal waste,Landfill,84
2006,CUB,Municipal waste,Landfill,82
2007,CUB,Municipal waste,Landfill,82
2008,CUB,Municipal waste,Landfill,83
2009,CUB,Municipal waste,Landfill,89
2010,CUB,Municipal waste,Landfill,89
2011,CUB,Municipal waste,Landfill,88
2012,CUB,Municipal waste,Landfill,91
2013,CUB,Municipal waste,Landfill,91
2014,CUB,Municipal waste,Landfill,91
2015,CUB,Municipal waste,Landfill,91
2016,CUB,Municipal waste,Landfill,87
2017,CUB,Municipal waste,Landfill,91
2018,CUB,Municipal waste,Landfill,92
2019,CUB,Municipal waste,Landfill,95
2020,CUB,Municipal waste,Landfill,91
2020,CUB,Municipal waste,Landfill,86
2010,CUW,Municipal waste,Incineration,0
2011,CUW,Municipal waste,Incineration,0
2012,CUW,Municipal waste,Incineration,0
2013,CUW,Municipal waste,Incineration,0
2014,CUW,Municipal waste,Incineration,0
2015,CUW,Municipal waste,Incineration,0
2016,CUW,Municipal waste,Incineration,0
2017,CUW,Municipal waste,Incineration,0
2010,CUW,Municipal waste,Landfill,90
2011,CUW,Municipal waste,Landfill,92
2012,CUW,Municipal waste,Landfill,86
2013,CUW,Municipal waste,Landfill,92
2014,CUW,Municipal waste,Landfill,76
2015,CUW,Municipal waste,Landfill,69
2016,CUW,Municipal waste,Landfill,88
2017,CUW,Municipal waste,Landfill,92
2000,CZE,Municipal waste,Compost,0
2001,CZE,Municipal waste,Compost,0
2002,CZE,Municipal waste,Compost,0
2003,CZE,Municipal waste,Compost,0
2004,CZE,Municipal waste,Compost,1
2005,CZE,Municipal waste,Compost,1
2006,CZE,Municipal waste,Compost,1
2007,CZE,Municipal waste,Compost,1
2008,CZE,Municipal waste,Compost,2
2009,CZE,Municipal waste,Compost,2
2010,CZE,Municipal waste,Compost,2
2011,CZE,Municipal waste,Compost,2
2012,CZE,Municipal waste,Compost,3
2013,CZE,Municipal waste,Compost,3
2014,CZE,Municipal waste,Compost,3
2015,CZE,Municipal waste,Compost,4
2016,CZE,Municipal waste,Compost,7
2017,CZE,Municipal waste,Compost,11
2018,CZE,Municipal waste,Compost,11
2019,CZE,Municipal waste,Compost,12
2020,CZE,Municipal waste,Compost,13
2021,CZE,Municipal waste,Compost,12
2000,CZE,Municipal waste,Incineration,0
2001,CZE,Municipal waste,Incineration,0
2002,CZE,Municipal waste,Incineration,0
2003,CZE,Municipal waste,Incineration,0
2004,CZE,Municipal waste,Incineration,0
2005,CZE,Municipal waste,Incineration,0
2006,CZE,Municipal waste,Incineration,0
2007,CZE,Municipal waste,Incineration,0
2008,CZE,Municipal waste,Incineration,0
2009,CZE,Municipal waste,Incineration,0
2010,CZE,Municipal waste,Incineration,0
2011,CZE,Municipal waste,Incineration,0
2012,CZE,Municipal waste,Incineration,0
2013,CZE,Municipal waste,Incineration,0
2014,CZE,Municipal waste,Incineration,0
2015,CZE,Municipal waste,Incineration,0
2016,CZE,Municipal waste,Incineration,0
2017,CZE,Municipal waste,Incineration,0
2018,CZE,Municipal waste,Incineration,0
2019,CZE,Municipal waste,Incineration,0
2020,CZE,Municipal waste,Incineration,0
2021,CZE,Municipal waste,Incineration,0
2000,CZE,Municipal waste,Incineration,10
2001,CZE,Municipal waste,Incineration,14
2002,CZE,Municipal waste,Incineration,16
2003,CZE,Municipal waste,Incineration,16
2004,CZE,Municipal waste,Incineration,17
2005,CZE,Municipal waste,Incineration,15
2006,CZE,Municipal waste,Incineration,15
2007,CZE,Municipal waste,Incineration,14
2008,CZE,Municipal waste,Incineration,13
2009,CZE,Municipal waste,Incineration,13
2010,CZE,Municipal waste,Incineration,16
2011,CZE,Municipal waste,Incineration,18
2012,CZE,Municipal waste,Incineration,20
2013,CZE,Municipal waste,Incineration,19
2014,CZE,Municipal waste,Incineration,18
2015,CZE,Municipal waste,Incineration,18
2016,CZE,Municipal waste,Incineration,16
2017,CZE,Municipal waste,Incineration,18
2018,CZE,Municipal waste,Incineration,17
2019,CZE,Municipal waste,Incineration,17
2020,CZE,Municipal waste,Incineration,12
2021,CZE,Municipal waste,Incineration,12
2000,CZE,Municipal waste,Landfill,89
2001,CZE,Municipal waste,Landfill,85
2002,CZE,Municipal waste,Landfill,83
2003,CZE,Municipal waste,Landfill,83
2004,CZE,Municipal waste,Landfill,77
2005,CZE,Municipal waste,Landfill,77
2006,CZE,Municipal waste,Landfill,77
2007,CZE,Municipal waste,Landfill,75
2008,CZE,Municipal waste,Landfill,75
2009,CZE,Municipal waste,Landfill,73
2010,CZE,Municipal waste,Landfill,68
2011,CZE,Municipal waste,Landfill,65
2012,CZE,Municipal waste,Landfill,57
2013,CZE,Municipal waste,Landfill,56
2014,CZE,Municipal waste,Landfill,56
2015,CZE,Municipal waste,Landfill,53
2016,CZE,Municipal waste,Landfill,50
2017,CZE,Municipal waste,Landfill,48
2018,CZE,Municipal waste,Landfill,48
2019,CZE,Municipal waste,Landfill,48
2020,CZE,Municipal waste,Landfill,47
2021,CZE,Municipal waste,Landfill,45
2000,DEU,Municipal waste,Compost,14
2001,DEU,Municipal waste,Compost,15
2002,DEU,Municipal waste,Compost,14
2003,DEU,Municipal waste,Compost,15
2004,DEU,Municipal waste,Compost,16
2005,DEU,Municipal waste,Compost,16
2006,DEU,Municipal waste,Compost,16
2007,DEU,Municipal waste,Compost,16
2008,DEU,Municipal waste,Compost,17
2009,DEU,Municipal waste,Compost,17
2010,DEU,Municipal waste,Compost,17
2011,DEU,Municipal waste,Compost,17
2012,DEU,Municipal waste,Compost,18
2013,DEU,Municipal waste,Compost,17
2014,DEU,Municipal waste,Compost,18
2015,DEU,Municipal waste,Compost,18
2016,DEU,Municipal waste,Compost,18
2017,DEU,Municipal waste,Compost,18
2018,DEU,Municipal waste,Compost,18
2019,DEU,Municipal waste,Compost,19
2020,DEU,Municipal waste,Compost,22
2021,DEU,Municipal waste,Compost,23
2022,DEU,Municipal waste,Compost,22
2023,DEU,Municipal waste,Compost,23
2000,DEU,Municipal waste,Incineration,21
2001,DEU,Municipal waste,Incineration,22
2002,DEU,Municipal waste,Incineration,22
2003,DEU,Municipal waste,Incineration,23
2004,DEU,Municipal waste,Incineration,25
2005,DEU,Municipal waste,Incineration,30
2006,DEU,Municipal waste,Incineration,29
2007,DEU,Municipal waste,Incineration,25
2008,DEU,Municipal waste,Incineration,23
2009,DEU,Municipal waste,Incineration,22
2010,DEU,Municipal waste,Incineration,21
2011,DEU,Municipal waste,Incineration,20
2012,DEU,Municipal waste,Incineration,17
2013,DEU,Municipal waste,Incineration,11
2014,DEU,Municipal waste,Incineration,9
2015,DEU,Municipal waste,Incineration,8
2016,DEU,Municipal waste,Incineration,4
2017,DEU,Municipal waste,Incineration,1
2018,DEU,Municipal waste,Incineration,0
2019,DEU,Municipal waste,Incineration,0
2020,DEU,Municipal waste,Incineration,1
2021,DEU,Municipal waste,Incineration,1
2022,DEU,Municipal waste,Incineration,1
2023,DEU,Municipal waste,Incineration,1
2000,DEU,Municipal waste,Incineration,0
2001,DEU,Municipal waste,Incineration,0
2002,DEU,Municipal waste,Incineration,0
2003,DEU,Municipal waste,Incineration,0
2004,DEU,Municipal waste,Incineration,1
2005,DEU,Municipal waste,Incineration,1
2006,DEU,Municipal waste,Incineration,8
2007,DEU,Municipal waste,Incineration,12
2008,DEU,Municipal waste,Incineration,13
2009,DEU,Municipal waste,Incineration,14
2010,DEU,Municipal waste,Incineration,16
2011,DEU,Municipal waste,Incineration,16
2012,DEU,Municipal waste,Incineration,18
2013,DEU,Municipal waste,Incineration,23
2014,DEU,Municipal waste,Incineration,23
2015,DEU,Municipal waste,Incineration,23
2016,DEU,Municipal waste,Incineration,27
2017,DEU,Municipal waste,Incineration,31
2018,DEU,Municipal waste,Incineration,31
2019,DEU,Municipal waste,Incineration,32
2020,DEU,Municipal waste,Incineration,29
2021,DEU,Municipal waste,Incineration,28
2022,DEU,Municipal waste,Incineration,29
2023,DEU,Municipal waste,Incineration,29
2000,DEU,Municipal waste,Landfill,26
2001,DEU,Municipal waste,Landfill,26
2002,DEU,Municipal waste,Landfill,21
2003,DEU,Municipal waste,Landfill,19
2004,DEU,Municipal waste,Landfill,18
2005,DEU,Municipal waste,Landfill,9
2006,DEU,Municipal waste,Landfill,1
2007,DEU,Municipal waste,Landfill,1
2008,DEU,Municipal waste,Landfill,1
2009,DEU,Municipal waste,Landfill,0
2010,DEU,Municipal waste,Landfill,0
2011,DEU,Municipal waste,Landfill,0
2012,DEU,Municipal waste,Landfill,0
2013,DEU,Municipal waste,Landfill,0
2014,DEU,Municipal waste,Landfill,0
2015,DEU,Municipal waste,Landfill,0
2016,DEU,Municipal waste,Landfill,0
2017,DEU,Municipal waste,Landfill,0
2018,DEU,Municipal waste,Landfill,0
2019,DEU,Municipal waste,Landfill,0
2020,DEU,Municipal waste,Landfill,0
2021,DEU,Municipal waste,Landfill,1
2022,DEU,Municipal waste,Landfill,0
2023,DEU,Municipal waste,Landfill,1
2013,DEU,Municipal waste,Other,2
2014,DEU,Municipal waste,Other,2
2015,DEU,Municipal waste,Other,2
2016,DEU,Municipal waste,Other,2
2017,DEU,Municipal waste,Other,1
2018,DEU,Municipal waste,Other,1
2019,DEU,Municipal waste,Other,1
2020,DEU,Municipal waste,Other,1
2021,DEU,Municipal waste,Other,1
2022,DEU,Municipal waste,Other,1
2023,DEU,Municipal waste,Other,1
2000,DMA,Municipal waste,Incineration,0
2001,DMA,Municipal waste,Incineration,0
2002,DMA,Municipal waste,Incineration,0
2003,DMA,Municipal waste,Incineration,0
2004,DMA,Municipal waste,Incineration,0
2005,DMA,Municipal waste,Incineration,0
2006,DMA,Municipal waste,Incineration,0
2007,DMA,Municipal waste,Incineration,0
2008,DMA,Municipal waste,Incineration,0
2009,DMA,Municipal waste,Incineration,0
2010,DMA,Municipal waste,Incineration,0
2011,DMA,Municipal waste,Incineration,0
2012,DMA,Municipal waste,Incineration,0
2013,DMA,Municipal waste,Incineration,0
2014,DMA,Municipal waste,Incineration,0
2015,DMA,Municipal waste,Incineration,0
2016,DMA,Municipal waste,Incineration,0
2017,DMA,Municipal waste,Incineration,0
2018,DMA,Municipal waste,Incineration,0
2000,DMA,Municipal waste,Landfill,100
2001,DMA,Municipal waste,Landfill,100
2002,DMA,Municipal waste,Landfill,100
2003,DMA,Municipal waste,Landfill,100
2004,DMA,Municipal waste,Landfill,100
2005,DMA,Municipal waste,Landfill,100
2006,DMA,Municipal waste,Landfill,100
2007,DMA,Municipal waste,Landfill,100
2008,DMA,Municipal waste,Landfill,100
2009,DMA,Municipal waste,Landfill,98
2010,DMA,Municipal waste,Landfill,96
2011,DMA,Municipal waste,Landfill,96
2012,DMA,Municipal waste,Landfill,92
2013,DMA,Municipal waste,Landfill,97
2014,DMA,Municipal waste,Landfill,95
2015,DMA,Municipal waste,Landfill,95
2016,DMA,Municipal waste,Landfill,95
2000,DMA,Municipal waste,Landfill,0
2001,DMA,Municipal waste,Landfill,0
2002,DMA,Municipal waste,Landfill,0
2003,DMA,Municipal waste,Landfill,0
2004,DMA,Municipal waste,Landfill,0
2009,DMA,Municipal waste,Landfill,96
2000,DNK,Municipal waste,Compost,16
2001,DNK,Municipal waste,Compost,14
2002,DNK,Municipal waste,Compost,15
2003,DNK,Municipal waste,Compost,15
2004,DNK,Municipal waste,Compost,16
2005,DNK,Municipal waste,Compost,17
2006,DNK,Municipal waste,Compost,17
2007,DNK,Municipal waste,Compost,18
2008,DNK,Municipal waste,Compost,14
2009,DNK,Municipal waste,Compost,18
2010,DNK,Municipal waste,Compost,18
2011,DNK,Municipal waste,Compost,14
2012,DNK,Municipal waste,Compost,16
2013,DNK,Municipal waste,Compost,16
2014,DNK,Municipal waste,Compost,17
2015,DNK,Municipal waste,Compost,18
2016,DNK,Municipal waste,Compost,18
2017,DNK,Municipal waste,Compost,19
2018,DNK,Municipal waste,Compost,18
2019,DNK,Municipal waste,Compost,18
2020,DNK,Municipal waste,Compost,20
2021,DNK,Municipal waste,Compost,26
2022,DNK,Municipal waste,Compost,24
2000,DNK,Municipal waste,Incineration,0
2001,DNK,Municipal waste,Incineration,0
2002,DNK,Municipal waste,Incineration,0
2003,DNK,Municipal waste,Incineration,0
2004,DNK,Municipal waste,Incineration,0
2005,DNK,Municipal waste,Incineration,0
2006,DNK,Municipal waste,Incineration,0
2007,DNK,Municipal waste,Incineration,0
2008,DNK,Municipal waste,Incineration,0
2009,DNK,Municipal waste,Incineration,0
2010,DNK,Municipal waste,Incineration,0
2011,DNK,Municipal waste,Incineration,0
2012,DNK,Municipal waste,Incineration,0
2013,DNK,Municipal waste,Incineration,0
2014,DNK,Municipal waste,Incineration,0
2015,DNK,Municipal waste,Incineration,0
2016,DNK,Municipal waste,Incineration,0
2017,DNK,Municipal waste,Incineration,0
2018,DNK,Municipal waste,Incineration,0
2019,DNK,Municipal waste,Incineration,0
2020,DNK,Municipal waste,Incineration,0
2021,DNK,Municipal waste,Incineration,0
2022,DNK,Municipal waste,Incineration,0
2000,DNK,Municipal waste,Incineration,53
2001,DNK,Municipal waste,Incineration,57
2002,DNK,Municipal waste,Incineration,56
2003,DNK,Municipal waste,Incineration,54
2004,DNK,Municipal waste,Incineration,54
2005,DNK,Municipal waste,Incineration,54
2006,DNK,Municipal waste,Incineration,53
2007,DNK,Municipal waste,Incineration,51
2008,DNK,Municipal waste,Incineration,48
2009,DNK,Municipal waste,Incineration,48
2010,DNK,Municipal waste,Incineration,48
2011,DNK,Municipal waste,Incineration,55
2012,DNK,Municipal waste,Incineration,55
2013,DNK,Municipal waste,Incineration,55
2014,DNK,Municipal waste,Incineration,53
2015,DNK,Municipal waste,Incineration,51
2016,DNK,Municipal waste,Incineration,50
2017,DNK,Municipal waste,Incineration,51
2018,DNK,Municipal waste,Incineration,49
2019,DNK,Municipal waste,Incineration,48
2020,DNK,Municipal waste,Incineration,54
2021,DNK,Municipal waste,Incineration,41
2022,DNK,Municipal waste,Incineration,49
2000,DNK,Municipal waste,Landfill,10
2001,DNK,Municipal waste,Landfill,7
2002,DNK,Municipal waste,Landfill,6
2003,DNK,Municipal waste,Landfill,5
2004,DNK,Municipal waste,Landfill,4
2005,DNK,Municipal waste,Landfill,5
2006,DNK,Municipal waste,Landfill,5
2007,DNK,Municipal waste,Landfill,5
2008,DNK,Municipal waste,Landfill,4
2009,DNK,Municipal waste,Landfill,3
2010,DNK,Municipal waste,Landfill,3
2011,DNK,Municipal waste,Landfill,3
2012,DNK,Municipal waste,Landfill,2
2013,DNK,Municipal waste,Landfill,2
2014,DNK,Municipal waste,Landfill,1
2015,DNK,Municipal waste,Landfill,1
2016,DNK,Municipal waste,Landfill,1
2017,DNK,Municipal waste,Landfill,1
2018,DNK,Municipal waste,Landfill,1
2019,DNK,Municipal waste,Landfill,1
2020,DNK,Municipal waste,Landfill,1
2021,DNK,Municipal waste,Landfill,1
2022,DNK,Municipal waste,Landfill,2
2000,DNK,Municipal waste,Other,0
2001,DNK,Municipal waste,Other,0
2002,DNK,Municipal waste,Other,0
2003,DNK,Municipal waste,Other,0
2004,DNK,Municipal waste,Other,0
2005,DNK,Municipal waste,Other,0
2006,DNK,Municipal waste,Other,0
2007,DNK,Municipal waste,Other,0
2008,DNK,Municipal waste,Other,0
2009,DNK,Municipal waste,Other,0
2010,DNK,Municipal waste,Other,0
2011,DNK,Municipal waste,Other,0
2012,DNK,Municipal waste,Other,0
2013,DNK,Municipal waste,Other,0
2014,DNK,Municipal waste,Other,0
2015,DNK,Municipal waste,Other,0
2016,DNK,Municipal waste,Other,0
2017,DNK,Municipal waste,Other,0
2018,DNK,Municipal waste,Other,0
2019,DNK,Municipal waste,Other,0
2020,DNK,Municipal waste,Other,0
2021,DNK,Municipal waste,Other,0
2022,DNK,Municipal waste,Other,0
2014,DZA,Municipal waste,Compost,1
2019,DZA,Municipal waste,Incineration,0
2020,DZA,Municipal waste,Incineration,0
2021,DZA,Municipal waste,Incineration,0
2014,DZA,Municipal waste,Landfill,100
2015,DZA,Municipal waste,Landfill,100
2016,DZA,Municipal waste,Landfill,100
2017,DZA,Municipal waste,Landfill,100
2019,DZA,Municipal waste,Landfill,100
2020,DZA,Municipal waste,Landfill,100
2021,DZA,Municipal waste,Landfill,100
2000,ESP,Municipal waste,Compost,16
2001,ESP,Municipal waste,Compost,13
2002,ESP,Municipal waste,Compost,16
2003,ESP,Municipal waste,Compost,16
2004,ESP,Municipal waste,Compost,19
2005,ESP,Municipal waste,Compost,19
2006,ESP,Municipal waste,Compost,17
2007,ESP,Municipal waste,Compost,17
2008,ESP,Municipal waste,Compost,24
2009,ESP,Municipal waste,Compost,18
2010,ESP,Municipal waste,Compost,12
2011,ESP,Municipal waste,Compost,10
2012,ESP,Municipal waste,Compost,10
2013,ESP,Municipal waste,Compost,17
2014,ESP,Municipal waste,Compost,14
2015,ESP,Municipal waste,Compost,12
2016,ESP,Municipal waste,Compost,16
2017,ESP,Municipal waste,Compost,18
2018,ESP,Municipal waste,Compost,17
2019,ESP,Municipal waste,Compost,18
2020,ESP,Municipal waste,Compost,20
2021,ESP,Municipal waste,Compost,22
2022,ESP,Municipal waste,Compost,22
2023,ESP,Municipal waste,Compost,21
2000,ESP,Municipal waste,Incineration,0
2001,ESP,Municipal waste,Incineration,0
2002,ESP,Municipal waste,Incineration,0
2003,ESP,Municipal waste,Incineration,0
2004,ESP,Municipal waste,Incineration,0
2005,ESP,Municipal waste,Incineration,0
2006,ESP,Municipal waste,Incineration,1
2007,ESP,Municipal waste,Incineration,1
2008,ESP,Municipal waste,Incineration,0
2009,ESP,Municipal waste,Incineration,0
2010,ESP,Municipal waste,Incineration,0
2011,ESP,Municipal waste,Incineration,0
2012,ESP,Municipal waste,Incineration,0
2013,ESP,Municipal waste,Incineration,0
2014,ESP,Municipal waste,Incineration,0
2015,ESP,Municipal waste,Incineration,0
2016,ESP,Municipal waste,Incineration,0
2017,ESP,Municipal waste,Incineration,0
2018,ESP,Municipal waste,Incineration,0
2019,ESP,Municipal waste,Incineration,0
2020,ESP,Municipal waste,Incineration,0
2021,ESP,Municipal waste,Incineration,0
2022,ESP,Municipal waste,Incineration,0
2023,ESP,Municipal waste,Incineration,0
2000,ESP,Municipal waste,Incineration,7
2001,ESP,Municipal waste,Incineration,7
2002,ESP,Municipal waste,Incineration,7
2003,ESP,Municipal waste,Incineration,7
2004,ESP,Municipal waste,Incineration,6
2005,ESP,Municipal waste,Incineration,8
2006,ESP,Municipal waste,Incineration,8
2007,ESP,Municipal waste,Incineration,8
2008,ESP,Municipal waste,Incineration,9
2009,ESP,Municipal waste,Incineration,9
2010,ESP,Municipal waste,Incineration,9
2011,ESP,Municipal waste,Incineration,10
2012,ESP,Municipal waste,Incineration,10
2013,ESP,Municipal waste,Incineration,12
2014,ESP,Municipal waste,Incineration,11
2015,ESP,Municipal waste,Incineration,13
2016,ESP,Municipal waste,Incineration,12
2017,ESP,Municipal waste,Incineration,13
2018,ESP,Municipal waste,Incineration,12
2019,ESP,Municipal waste,Incineration,11
2020,ESP,Municipal waste,Incineration,10
2021,ESP,Municipal waste,Incineration,11
2022,ESP,Municipal waste,Incineration,10
2023,ESP,Municipal waste,Incineration,11
2000,ESP,Municipal waste,Landfill,68
2001,ESP,Municipal waste,Landfill,67
2002,ESP,Municipal waste,Landfill,61
2003,ESP,Municipal waste,Landfill,61
2004,ESP,Municipal waste,Landfill,58
2005,ESP,Municipal waste,Landfill,56
2006,ESP,Municipal waste,Landfill,60
2007,ESP,Municipal waste,Landfill,60
2008,ESP,Municipal waste,Landfill,52
2009,ESP,Municipal waste,Landfill,58
2010,ESP,Municipal waste,Landfill,62
2011,ESP,Municipal waste,Landfill,63
2012,ESP,Municipal waste,Landfill,61
2013,ESP,Municipal waste,Landfill,56
2014,ESP,Municipal waste,Landfill,58
2015,ESP,Municipal waste,Landfill,57
2016,ESP,Municipal waste,Landfill,54
2017,ESP,Municipal waste,Landfill,51
2018,ESP,Municipal waste,Landfill,54
2019,ESP,Municipal waste,Landfill,51
2020,ESP,Municipal waste,Landfill,49
2021,ESP,Municipal waste,Landfill,46
2022,ESP,Municipal waste,Landfill,47
2023,ESP,Municipal waste,Landfill,48
2000,EST,Municipal waste,Compost,0
2001,EST,Municipal waste,Compost,3
2002,EST,Municipal waste,Compost,1
2003,EST,Municipal waste,Compost,2
2004,EST,Municipal waste,Compost,2
2005,EST,Municipal waste,Compost,2
2006,EST,Municipal waste,Compost,5
2007,EST,Municipal waste,Compost,3
2008,EST,Municipal waste,Compost,6
2009,EST,Municipal waste,Compost,11
2010,EST,Municipal waste,Compost,10
2011,EST,Municipal waste,Compost,10
2012,EST,Municipal waste,Compost,7
2013,EST,Municipal waste,Compost,6
2014,EST,Municipal waste,Compost,5
2015,EST,Municipal waste,Compost,4
2016,EST,Municipal waste,Compost,3
2017,EST,Municipal waste,Compost,4
2018,EST,Municipal waste,Compost,4
2019,EST,Municipal waste,Compost,3
2020,EST,Municipal waste,Compost,3
2021,EST,Municipal waste,Compost,3
2022,EST,Municipal waste,Compost,4
2023,EST,Municipal waste,Compost,11
2000,EST,Municipal waste,Incineration,0
2001,EST,Municipal waste,Incineration,0
2002,EST,Municipal waste,Incineration,0
2003,EST,Municipal waste,Incineration,0
2004,EST,Municipal waste,Incineration,0
2005,EST,Municipal waste,Incineration,0
2006,EST,Municipal waste,Incineration,0
2007,EST,Municipal waste,Incineration,0
2008,EST,Municipal waste,Incineration,0
2009,EST,Municipal waste,Incineration,0
2010,EST,Municipal waste,Incineration,0
2011,EST,Municipal waste,Incineration,0
2012,EST,Municipal waste,Incineration,0
2013,EST,Municipal waste,Incineration,0
2014,EST,Municipal waste,Incineration,0
2015,EST,Municipal waste,Incineration,0
2016,EST,Municipal waste,Incineration,0
2017,EST,Municipal waste,Incineration,0
2018,EST,Municipal waste,Incineration,0
2019,EST,Municipal waste,Incineration,0
2020,EST,Municipal waste,Incineration,0
2021,EST,Municipal waste,Incineration,0
2022,EST,Municipal waste,Incineration,0
2023,EST,Municipal waste,Incineration,0
2012,EST,Municipal waste,Incineration,16
2013,EST,Municipal waste,Incineration,60
2014,EST,Municipal waste,Incineration,52
2015,EST,Municipal waste,Incineration,56
2016,EST,Municipal waste,Incineration,53
2017,EST,Municipal waste,Incineration,44
2018,EST,Municipal waste,Incineration,44
2019,EST,Municipal waste,Incineration,48
2020,EST,Municipal waste,Incineration,50
2021,EST,Municipal waste,Incineration,49
2022,EST,Municipal waste,Incineration,48
2023,EST,Municipal waste,Incineration,47
2000,EST,Municipal waste,Landfill,98
2001,EST,Municipal waste,Landfill,94
2002,EST,Municipal waste,Landfill,97
2003,EST,Municipal waste,Landfill,81
2004,EST,Municipal waste,Landfill,72
2005,EST,Municipal waste,Landfill,74
2006,EST,Municipal waste,Landfill,80
2007,EST,Municipal waste,Landfill,73
2008,EST,Municipal waste,Landfill,76
2009,EST,Municipal waste,Landfill,75
2010,EST,Municipal waste,Landfill,78
2011,EST,Municipal waste,Landfill,70
2012,EST,Municipal waste,Landfill,45
2013,EST,Municipal waste,Landfill,15
2014,EST,Municipal waste,Landfill,7
2015,EST,Municipal waste,Landfill,8
2016,EST,Municipal waste,Landfill,11
2017,EST,Municipal waste,Landfill,20
2018,EST,Municipal waste,Landfill,23
2019,EST,Municipal waste,Landfill,18
2020,EST,Municipal waste,Landfill,17
2021,EST,Municipal waste,Landfill,20
2022,EST,Municipal waste,Landfill,15
2023,EST,Municipal waste,Landfill,1
2000,EST,Municipal waste,Other,0
2001,EST,Municipal waste,Other,0
2002,EST,Municipal waste,Other,0
2003,EST,Municipal waste,Other,0
2004,EST,Municipal waste,Other,0
2005,EST,Municipal waste,Other,0
2006,EST,Municipal waste,Other,0
2007,EST,Municipal waste,Other,0
2008,EST,Municipal waste,Other,0
2009,EST,Municipal waste,Other,0
2010,EST,Municipal waste,Other,0
2011,EST,Municipal waste,Other,0
2012,EST,Municipal waste,Other,0
2013,EST,Municipal waste,Other,0
2014,EST,Municipal waste,Other,0
2015,EST,Municipal waste,Other,0
2016,EST,Municipal waste,Other,0
2017,EST,Municipal waste,Other,0
2018,EST,Municipal waste,Other,0
2019,EST,Municipal waste,Other,0
2020,EST,Municipal waste,Other,0
2021,EST,Municipal waste,Other,0
2022,EST,Municipal waste,Other,0
2000,FIN,Municipal waste,Compost,7
2001,FIN,Municipal waste,Compost,7
2002,FIN,Municipal waste,Compost,7
2003,FIN,Municipal waste,Compost,7
2004,FIN,Municipal waste,Compost,7
2005,FIN,Municipal waste,Compost,7
2006,FIN,Municipal waste,Compost,8
2007,FIN,Municipal waste,Compost,10
2008,FIN,Municipal waste,Compost,8
2009,FIN,Municipal waste,Compost,12
2010,FIN,Municipal waste,Compost,13
2011,FIN,Municipal waste,Compost,13
2012,FIN,Municipal waste,Compost,12
2013,FIN,Municipal waste,Compost,13
2014,FIN,Municipal waste,Compost,15
2015,FIN,Municipal waste,Compost,12
2016,FIN,Municipal waste,Compost,13
2017,FIN,Municipal waste,Compost,13
2018,FIN,Municipal waste,Compost,13
2019,FIN,Municipal waste,Compost,14
2020,FIN,Municipal waste,Compost,13
2021,FIN,Municipal waste,Compost,12
2022,FIN,Municipal waste,Compost,15
2023,FIN,Municipal waste,Compost,16
2000,FIN,Municipal waste,Incineration,9
2001,FIN,Municipal waste,Incineration,0
2002,FIN,Municipal waste,Incineration,2
2003,FIN,Municipal waste,Incineration,2
2004,FIN,Municipal waste,Incineration,2
2005,FIN,Municipal waste,Incineration,2
2006,FIN,Municipal waste,Incineration,2
2007,FIN,Municipal waste,Incineration,3
2008,FIN,Municipal waste,Incineration,5
2009,FIN,Municipal waste,Incineration,4
2010,FIN,Municipal waste,Incineration,5
2011,FIN,Municipal waste,Incineration,0
2012,FIN,Municipal waste,Incineration,0
2013,FIN,Municipal waste,Incineration,0
2014,FIN,Municipal waste,Incineration,0
2015,FIN,Municipal waste,Incineration,0
2016,FIN,Municipal waste,Incineration,0
2017,FIN,Municipal waste,Incineration,0
2018,FIN,Municipal waste,Incineration,0
2019,FIN,Municipal waste,Incineration,0
2020,FIN,Municipal waste,Incineration,0
2021,FIN,Municipal waste,Incineration,0
2022,FIN,Municipal waste,Incineration,1
2023,FIN,Municipal waste,Incineration,1
2001,FIN,Municipal waste,Incineration,9
2002,FIN,Municipal waste,Incineration,7
2003,FIN,Municipal waste,Incineration,8
2004,FIN,Municipal waste,Incineration,9
2005,FIN,Municipal waste,Incineration,7
2006,FIN,Municipal waste,Incineration,6
2007,FIN,Municipal waste,Incineration,9
2008,FIN,Municipal waste,Incineration,12
2009,FIN,Municipal waste,Incineration,14
2010,FIN,Municipal waste,Incineration,18
2011,FIN,Municipal waste,Incineration,25
2012,FIN,Municipal waste,Incineration,34
2013,FIN,Municipal waste,Incineration,42
2014,FIN,Municipal waste,Incineration,50
2015,FIN,Municipal waste,Incineration,48
2016,FIN,Municipal waste,Incineration,55
2017,FIN,Municipal waste,Incineration,59
2018,FIN,Municipal waste,Incineration,57
2019,FIN,Municipal waste,Incineration,56
2020,FIN,Municipal waste,Incineration,57
2021,FIN,Municipal waste,Incineration,60
2022,FIN,Municipal waste,Incineration,55
2023,FIN,Municipal waste,Incineration,54
2000,FIN,Municipal waste,Landfill,53
2001,FIN,Municipal waste,Landfill,59
2002,FIN,Municipal waste,Landfill,59
2003,FIN,Municipal waste,Landfill,57
2004,FIN,Municipal waste,Landfill,56
2005,FIN,Municipal waste,Landfill,58
2006,FIN,Municipal waste,Landfill,58
2007,FIN,Municipal waste,Landfill,53
2008,FIN,Municipal waste,Landfill,50
2009,FIN,Municipal waste,Landfill,46
2010,FIN,Municipal waste,Landfill,45
2011,FIN,Municipal waste,Landfill,40
2012,FIN,Municipal waste,Landfill,33
2013,FIN,Municipal waste,Landfill,25
2014,FIN,Municipal waste,Landfill,17
2015,FIN,Municipal waste,Landfill,11
2016,FIN,Municipal waste,Landfill,3
2017,FIN,Municipal waste,Landfill,1
2018,FIN,Municipal waste,Landfill,1
2019,FIN,Municipal waste,Landfill,1
2020,FIN,Municipal waste,Landfill,0
2021,FIN,Municipal waste,Landfill,0
2022,FIN,Municipal waste,Landfill,0
2023,FIN,Municipal waste,Landfill,0
2013,FIN,Municipal waste,Other,0
2014,FIN,Municipal waste,Other,0
2015,FIN,Municipal waste,Other,0
2016,FIN,Municipal waste,Other,0
2017,FIN,Municipal waste,Other,0
2018,FIN,Municipal waste,Other,0
2019,FIN,Municipal waste,Other,0
2020,FIN,Municipal waste,Other,0
2021,FIN,Municipal waste,Other,0
2022,FIN,Municipal waste,Other,0
2023,FIN,Municipal waste,Other,0
2006,FJI,Municipal waste,Incineration,62
2007,FJI,Municipal waste,Incineration,63
2008,FJI,Municipal waste,Incineration,70
2009,FJI,Municipal waste,Incineration,68
2010,FJI,Municipal waste,Incineration,65
2011,FJI,Municipal waste,Incineration,63
2012,FJI,Municipal waste,Incineration,64
2013,FJI,Municipal waste,Incineration,46
2014,FJI,Municipal waste,Incineration,41
2015,FJI,Municipal waste,Incineration,37
2016,FJI,Municipal waste,Incineration,37
2017,FJI,Municipal waste,Incineration,33
2018,FJI,Municipal waste,Incineration,30
2019,FJI,Municipal waste,Incineration,30
2020,FJI,Municipal waste,Incineration,38
2021,FJI,Municipal waste,Incineration,41
2022,FJI,Municipal waste,Incineration,36
2023,FJI,Municipal waste,Incineration,35
2006,FJI,Municipal waste,Landfill,38
2007,FJI,Municipal waste,Landfill,37
2008,FJI,Municipal waste,Landfill,30
2009,FJI,Municipal waste,Landfill,32
2010,FJI,Municipal waste,Landfill,35
2011,FJI,Municipal waste,Landfill,37
2012,FJI,Municipal waste,Landfill,36
2013,FJI,Municipal waste,Landfill,54
2014,FJI,Municipal waste,Landfill,59
2015,FJI,Municipal waste,Landfill,63
2016,FJI,Municipal waste,Landfill,63
2017,FJI,Municipal waste,Landfill,67
2018,FJI,Municipal waste,Landfill,69
2019,FJI,Municipal waste,Landfill,69
2020,FJI,Municipal waste,Landfill,62
2021,FJI,Municipal waste,Landfill,59
2022,FJI,Municipal waste,Landfill,64
2023,FJI,Municipal waste,Landfill,64
2000,FRA,Municipal waste,Compost,12
2001,FRA,Municipal waste,Compost,12
2002,FRA,Municipal waste,Compost,13
2003,FRA,Municipal waste,Compost,13
2004,FRA,Municipal waste,Compost,14
2005,FRA,Municipal waste,Compost,12
2006,FRA,Municipal waste,Compost,14
2007,FRA,Municipal waste,Compost,15
2008,FRA,Municipal waste,Compost,15
2009,FRA,Municipal waste,Compost,16
2010,FRA,Municipal waste,Compost,16
2011,FRA,Municipal waste,Compost,16
2012,FRA,Municipal waste,Compost,17
2013,FRA,Municipal waste,Compost,17
2014,FRA,Municipal waste,Compost,18
2015,FRA,Municipal waste,Compost,18
2016,FRA,Municipal waste,Compost,18
2017,FRA,Municipal waste,Compost,18
2018,FRA,Municipal waste,Compost,19
2019,FRA,Municipal waste,Compost,19
2020,FRA,Municipal waste,Compost,18
2021,FRA,Municipal waste,Compost,19
2022,FRA,Municipal waste,Compost,19
2023,FRA,Municipal waste,Compost,20
2000,FRA,Municipal waste,Incineration,5
2001,FRA,Municipal waste,Incineration,4
2002,FRA,Municipal waste,Incineration,3
2003,FRA,Municipal waste,Incineration,2
2004,FRA,Municipal waste,Incineration,2
2005,FRA,Municipal waste,Incineration,1
2006,FRA,Municipal waste,Incineration,1
2007,FRA,Municipal waste,Incineration,2
2008,FRA,Municipal waste,Incineration,1
2009,FRA,Municipal waste,Incineration,1
2010,FRA,Municipal waste,Incineration,1
2011,FRA,Municipal waste,Incineration,1
2012,FRA,Municipal waste,Incineration,1
2013,FRA,Municipal waste,Incineration,1
2014,FRA,Municipal waste,Incineration,1
2015,FRA,Municipal waste,Incineration,1
2016,FRA,Municipal waste,Incineration,0
2017,FRA,Municipal waste,Incineration,0
2018,FRA,Municipal waste,Incineration,0
2019,FRA,Municipal waste,Incineration,0
2020,FRA,Municipal waste,Incineration,0
2021,FRA,Municipal waste,Incineration,0
2022,FRA,Municipal waste,Incineration,0
2023,FRA,Municipal waste,Incineration,0
2000,FRA,Municipal waste,Incineration,28
2001,FRA,Municipal waste,Incineration,30
2002,FRA,Municipal waste,Incineration,31
2003,FRA,Municipal waste,Incineration,32
2004,FRA,Municipal waste,Incineration,33
2005,FRA,Municipal waste,Incineration,33
2006,FRA,Municipal waste,Incineration,33
2007,FRA,Municipal waste,Incineration,32
2008,FRA,Municipal waste,Incineration,33
2009,FRA,Municipal waste,Incineration,33
2010,FRA,Municipal waste,Incineration,34
2011,FRA,Municipal waste,Incineration,34
2012,FRA,Municipal waste,Incineration,34
2013,FRA,Municipal waste,Incineration,34
2014,FRA,Municipal waste,Incineration,35
2015,FRA,Municipal waste,Incineration,35
2016,FRA,Municipal waste,Incineration,31
2017,FRA,Municipal waste,Incineration,31
2018,FRA,Municipal waste,Incineration,32
2019,FRA,Municipal waste,Incineration,31
2020,FRA,Municipal waste,Incineration,32
2021,FRA,Municipal waste,Incineration,32
2022,FRA,Municipal waste,Incineration,32
2023,FRA,Municipal waste,Incineration,32
2000,FRA,Municipal waste,Landfill,43
2001,FRA,Municipal waste,Landfill,41
2002,FRA,Municipal waste,Landfill,39
2003,FRA,Municipal waste,Landfill,38
2004,FRA,Municipal waste,Landfill,36
2005,FRA,Municipal waste,Landfill,36
2006,FRA,Municipal waste,Landfill,35
2007,FRA,Municipal waste,Landfill,34
2008,FRA,Municipal waste,Landfill,32
2009,FRA,Municipal waste,Landfill,30
2010,FRA,Municipal waste,Landfill,29
2011,FRA,Municipal waste,Landfill,28
2012,FRA,Municipal waste,Landfill,27
2013,FRA,Municipal waste,Landfill,26
2014,FRA,Municipal waste,Landfill,25
2015,FRA,Municipal waste,Landfill,24
2016,FRA,Municipal waste,Landfill,29
2017,FRA,Municipal waste,Landfill,29
2018,FRA,Municipal waste,Landfill,27
2019,FRA,Municipal waste,Landfill,27
2020,FRA,Municipal waste,Landfill,26
2021,FRA,Municipal waste,Landfill,23
2022,FRA,Municipal waste,Landfill,24
2023,FRA,Municipal waste,Landfill,24
2005,FRA,Municipal waste,Other,0
2006,FRA,Municipal waste,Other,0
2007,FRA,Municipal waste,Other,0
2008,FRA,Municipal waste,Other,0
2009,FRA,Municipal waste,Other,0
2010,FRA,Municipal waste,Other,0
2011,FRA,Municipal waste,Other,0
2012,FRA,Municipal waste,Other,0
2013,FRA,Municipal waste,Other,0
2014,FRA,Municipal waste,Other,0
2015,FRA,Municipal waste,Other,0
2016,FRA,Municipal waste,Other,0
2017,FRA,Municipal waste,Other,0
2018,FRA,Municipal waste,Other,0
2019,FRA,Municipal waste,Other,0
2020,FRA,Municipal waste,Other,0
2021,FRA,Municipal waste,Other,0
2022,FRA,Municipal waste,Other,0
2023,FRA,Municipal waste,Other,0
2000,GBR,Municipal waste,Compost,3
2001,GBR,Municipal waste,Compost,3
2002,GBR,Municipal waste,Compost,4
2003,GBR,Municipal waste,Compost,5
2004,GBR,Municipal waste,Compost,7
2005,GBR,Municipal waste,Compost,9
2006,GBR,Municipal waste,Compost,10
2007,GBR,Municipal waste,Compost,12
2008,GBR,Municipal waste,Compost,13
2009,GBR,Municipal waste,Compost,14
2010,GBR,Municipal waste,Compost,15
2011,GBR,Municipal waste,Compost,16
2012,GBR,Municipal waste,Compost,16
2013,GBR,Municipal waste,Compost,16
2014,GBR,Municipal waste,Compost,16
2015,GBR,Municipal waste,Compost,16
2016,GBR,Municipal waste,Compost,17
2017,GBR,Municipal waste,Compost,17
2018,GBR,Municipal waste,Compost,17
2019,GBR,Municipal waste,Compost,17
2020,GBR,Municipal waste,Compost,17
2021,GBR,Municipal waste,Compost,17
2022,GBR,Municipal waste,Compost,16
2000,GBR,Municipal waste,Incineration,0
2001,GBR,Municipal waste,Incineration,0
2002,GBR,Municipal waste,Incineration,0
2003,GBR,Municipal waste,Incineration,0
2004,GBR,Municipal waste,Incineration,0
2005,GBR,Municipal waste,Incineration,0
2006,GBR,Municipal waste,Incineration,0
2007,GBR,Municipal waste,Incineration,0
2008,GBR,Municipal waste,Incineration,0
2009,GBR,Municipal waste,Incineration,0
2010,GBR,Municipal waste,Incineration,0
2011,GBR,Municipal waste,Incineration,0
2012,GBR,Municipal waste,Incineration,0
2013,GBR,Municipal waste,Incineration,0
2014,GBR,Municipal waste,Incineration,0
2015,GBR,Municipal waste,Incineration,1
2016,GBR,Municipal waste,Incineration,1
2017,GBR,Municipal waste,Incineration,1
2018,GBR,Municipal waste,Incineration,1
2019,GBR,Municipal waste,Incineration,1
2020,GBR,Municipal waste,Incineration,1
2021,GBR,Municipal waste,Incineration,1
2022,GBR,Municipal waste,Incineration,1
2000,GBR,Municipal waste,Incineration,7
2001,GBR,Municipal waste,Incineration,7
2002,GBR,Municipal waste,Incineration,8
2003,GBR,Municipal waste,Incineration,8
2004,GBR,Municipal waste,Incineration,8
2005,GBR,Municipal waste,Incineration,8
2006,GBR,Municipal waste,Incineration,9
2007,GBR,Municipal waste,Incineration,9
2008,GBR,Municipal waste,Incineration,10
2009,GBR,Municipal waste,Incineration,12
2010,GBR,Municipal waste,Incineration,13
2011,GBR,Municipal waste,Incineration,16
2012,GBR,Municipal waste,Incineration,19
2013,GBR,Municipal waste,Incineration,21
2014,GBR,Municipal waste,Incineration,26
2015,GBR,Municipal waste,Incineration,30
2016,GBR,Municipal waste,Incineration,33
2017,GBR,Municipal waste,Incineration,36
2018,GBR,Municipal waste,Incineration,38
2019,GBR,Municipal waste,Incineration,40
2020,GBR,Municipal waste,Incineration,43
2021,GBR,Municipal waste,Incineration,43
2022,GBR,Municipal waste,Incineration,44
2000,GBR,Municipal waste,Landfill,81
2001,GBR,Municipal waste,Landfill,80
2002,GBR,Municipal waste,Landfill,78
2003,GBR,Municipal waste,Landfill,74
2004,GBR,Municipal waste,Landfill,69
2005,GBR,Municipal waste,Landfill,64
2006,GBR,Municipal waste,Landfill,60
2007,GBR,Municipal waste,Landfill,57
2008,GBR,Municipal waste,Landfill,53
2009,GBR,Municipal waste,Landfill,49
2010,GBR,Municipal waste,Landfill,46
2011,GBR,Municipal waste,Landfill,40
2012,GBR,Municipal waste,Landfill,37
2013,GBR,Municipal waste,Landfill,34
2014,GBR,Municipal waste,Landfill,28
2015,GBR,Municipal waste,Landfill,23
2016,GBR,Municipal waste,Landfill,19
2017,GBR,Municipal waste,Landfill,16
2018,GBR,Municipal waste,Landfill,14
2019,GBR,Municipal waste,Landfill,11
2020,GBR,Municipal waste,Landfill,10
2021,GBR,Municipal waste,Landfill,10
2022,GBR,Municipal waste,Landfill,9
2014,GEO,Municipal waste,Landfill,100
2015,GEO,Municipal waste,Landfill,100
2016,GEO,Municipal waste,Landfill,100
2017,GEO,Municipal waste,Landfill,100
2018,GEO,Municipal waste,Landfill,100
2019,GEO,Municipal waste,Landfill,100
2020,GEO,Municipal waste,Landfill,100
2021,GEO,Municipal waste,Landfill,100
2022,GEO,Municipal waste,Landfill,100
2023,GEO,Municipal waste,Landfill,100
2000,GHA,Municipal waste,Compost,0
2001,GHA,Municipal waste,Compost,0
2002,GHA,Municipal waste,Compost,0
2003,GHA,Municipal waste,Compost,0
2004,GHA,Municipal waste,Compost,0
2013,GHA,Municipal waste,Compost,1
2014,GHA,Municipal waste,Compost,1
2015,GHA,Municipal waste,Compost,1
2016,GHA,Municipal waste,Compost,1
2000,GHA,Municipal waste,Incineration,3
2001,GHA,Municipal waste,Incineration,3
2002,GHA,Municipal waste,Incineration,2
2003,GHA,Municipal waste,Incineration,2
2004,GHA,Municipal waste,Incineration,2
2005,GHA,Municipal waste,Incineration,2
2006,GHA,Municipal waste,Incineration,2
2007,GHA,Municipal waste,Incineration,2
2008,GHA,Municipal waste,Incineration,2
2009,GHA,Municipal waste,Incineration,2
2010,GHA,Municipal waste,Incineration,2
2011,GHA,Municipal waste,Incineration,2
2012,GHA,Municipal waste,Incineration,2
2013,GHA,Municipal waste,Incineration,2
2014,GHA,Municipal waste,Incineration,2
2015,GHA,Municipal waste,Incineration,2
2016,GHA,Municipal waste,Incineration,2
2000,GHA,Municipal waste,Landfill,95
2001,GHA,Municipal waste,Landfill,95
2002,GHA,Municipal waste,Landfill,94
2003,GHA,Municipal waste,Landfill,94
2004,GHA,Municipal waste,Landfill,95
2005,GHA,Municipal waste,Landfill,95
2006,GHA,Municipal waste,Landfill,95
2007,GHA,Municipal waste,Landfill,95
2008,GHA,Municipal waste,Landfill,95
2009,GHA,Municipal waste,Landfill,95
2010,GHA,Municipal waste,Landfill,95
2011,GHA,Municipal waste,Landfill,93
2012,GHA,Municipal waste,Landfill,93
2013,GHA,Municipal waste,Landfill,92
2014,GHA,Municipal waste,Landfill,92
2015,GHA,Municipal waste,Landfill,92
2016,GHA,Municipal waste,Landfill,92
2017,GHA,Municipal waste,Landfill,95
2003,GHA,Municipal waste,Landfill,16
2004,GHA,Municipal waste,Landfill,16
2005,GHA,Municipal waste,Landfill,13
2006,GHA,Municipal waste,Landfill,13
2007,GHA,Municipal waste,Landfill,12
2008,GHA,Municipal waste,Landfill,14
2009,GHA,Municipal waste,Landfill,13
2010,GHA,Municipal waste,Landfill,12
2011,GHA,Municipal waste,Landfill,12
2012,GHA,Municipal waste,Landfill,30
2013,GHA,Municipal waste,Landfill,30
2014,GHA,Municipal waste,Landfill,29
2015,GHA,Municipal waste,Landfill,27
2016,GHA,Municipal waste,Landfill,26
2017,GHA,Municipal waste,Landfill,26
2004,GLP,Municipal waste,Compost,0
2005,GLP,Municipal waste,Compost,0
2006,GLP,Municipal waste,Compost,1
2007,GLP,Municipal waste,Compost,14
2008,GLP,Municipal waste,Compost,19
2009,GLP,Municipal waste,Compost,1
2010,GLP,Municipal waste,Compost,2
2011,GLP,Municipal waste,Compost,3
2012,GLP,Municipal waste,Compost,8
2013,GLP,Municipal waste,Compost,13
2014,GLP,Municipal waste,Compost,13
2015,GLP,Municipal waste,Compost,12
2016,GLP,Municipal waste,Compost,17
2017,GLP,Municipal waste,Compost,21
2018,GLP,Municipal waste,Compost,18
2019,GLP,Municipal waste,Compost,15
2020,GLP,Municipal waste,Compost,14
2021,GLP,Municipal waste,Compost,12
2004,GLP,Municipal waste,Incineration,0
2005,GLP,Municipal waste,Incineration,0
2006,GLP,Municipal waste,Incineration,0
2007,GLP,Municipal waste,Incineration,0
2008,GLP,Municipal waste,Incineration,0
2009,GLP,Municipal waste,Incineration,0
2010,GLP,Municipal waste,Incineration,0
2011,GLP,Municipal waste,Incineration,0
2012,GLP,Municipal waste,Incineration,0
2013,GLP,Municipal waste,Incineration,0
2014,GLP,Municipal waste,Incineration,0
2015,GLP,Municipal waste,Incineration,0
2016,GLP,Municipal waste,Incineration,0
2017,GLP,Municipal waste,Incineration,0
2018,GLP,Municipal waste,Incineration,0
2019,GLP,Municipal waste,Incineration,0
2020,GLP,Municipal waste,Incineration,0
2021,GLP,Municipal waste,Incineration,0
2004,GLP,Municipal waste,Landfill,99
2005,GLP,Municipal waste,Landfill,99
2006,GLP,Municipal waste,Landfill,99
2007,GLP,Municipal waste,Landfill,75
2008,GLP,Municipal waste,Landfill,64
2009,GLP,Municipal waste,Landfill,63
2010,GLP,Municipal waste,Landfill,68
2011,GLP,Municipal waste,Landfill,72
2012,GLP,Municipal waste,Landfill,78
2013,GLP,Municipal waste,Landfill,83
2014,GLP,Municipal waste,Landfill,82
2015,GLP,Municipal waste,Landfill,80
2016,GLP,Municipal waste,Landfill,76
2017,GLP,Municipal waste,Landfill,74
2018,GLP,Municipal waste,Landfill,71
2019,GLP,Municipal waste,Landfill,68
2020,GLP,Municipal waste,Landfill,70
2021,GLP,Municipal waste,Landfill,72
2012,GLP,Municipal waste,Landfill,85
2013,GLP,Municipal waste,Landfill,97
2014,GLP,Municipal waste,Landfill,89
2004,GLP,Municipal waste,Other,0
2005,GLP,Municipal waste,Other,0
2006,GLP,Municipal waste,Other,0
2007,GLP,Municipal waste,Other,0
2008,GLP,Municipal waste,Other,0
2009,GLP,Municipal waste,Other,32
2010,GLP,Municipal waste,Other,27
2011,GLP,Municipal waste,Other,23
2012,GLP,Municipal waste,Other,11
2013,GLP,Municipal waste,Other,0
2014,GLP,Municipal waste,Other,1
2015,GLP,Municipal waste,Other,3
2016,GLP,Municipal waste,Other,1
2017,GLP,Municipal waste,Other,0
2018,GLP,Municipal waste,Other,5
2019,GLP,Municipal waste,Other,10
2020,GLP,Municipal waste,Other,5
2021,GLP,Municipal waste,Other,0
2000,GRC,Municipal waste,Compost,1
2001,GRC,Municipal waste,Compost,1
2002,GRC,Municipal waste,Compost,1
2003,GRC,Municipal waste,Compost,0
2004,GRC,Municipal waste,Compost,0
2005,GRC,Municipal waste,Compost,1
2006,GRC,Municipal waste,Compost,2
2007,GRC,Municipal waste,Compost,2
2008,GRC,Municipal waste,Compost,2
2009,GRC,Municipal waste,Compost,1
2010,GRC,Municipal waste,Compost,2
2011,GRC,Municipal waste,Compost,3
2012,GRC,Municipal waste,Compost,3
2013,GRC,Municipal waste,Compost,4
2014,GRC,Municipal waste,Compost,3
2015,GRC,Municipal waste,Compost,3
2016,GRC,Municipal waste,Compost,3
2017,GRC,Municipal waste,Compost,4
2018,GRC,Municipal waste,Compost,5
2019,GRC,Municipal waste,Compost,5
2020,GRC,Municipal waste,Compost,2
2021,GRC,Municipal waste,Compost,2
2022,GRC,Municipal waste,Compost,1
2000,GRC,Municipal waste,Incineration,0
2001,GRC,Municipal waste,Incineration,0
2002,GRC,Municipal waste,Incineration,0
2003,GRC,Municipal waste,Incineration,0
2004,GRC,Municipal waste,Incineration,0
2005,GRC,Municipal waste,Incineration,0
2006,GRC,Municipal waste,Incineration,0
2007,GRC,Municipal waste,Incineration,0
2008,GRC,Municipal waste,Incineration,0
2009,GRC,Municipal waste,Incineration,0
2010,GRC,Municipal waste,Incineration,0
2011,GRC,Municipal waste,Incineration,0
2012,GRC,Municipal waste,Incineration,0
2013,GRC,Municipal waste,Incineration,0
2014,GRC,Municipal waste,Incineration,0
2015,GRC,Municipal waste,Incineration,0
2016,GRC,Municipal waste,Incineration,0
2017,GRC,Municipal waste,Incineration,0
2018,GRC,Municipal waste,Incineration,0
2019,GRC,Municipal waste,Incineration,0
2020,GRC,Municipal waste,Incineration,0
2021,GRC,Municipal waste,Incineration,0
2022,GRC,Municipal waste,Incineration,0
2012,GRC,Municipal waste,Incineration,1
2013,GRC,Municipal waste,Incineration,1
2016,GRC,Municipal waste,Incineration,1
2017,GRC,Municipal waste,Incineration,1
2018,GRC,Municipal waste,Incineration,2
2019,GRC,Municipal waste,Incineration,1
2020,GRC,Municipal waste,Incineration,2
2021,GRC,Municipal waste,Incineration,2
2022,GRC,Municipal waste,Incineration,2
2000,GRC,Municipal waste,Landfill,91
2001,GRC,Municipal waste,Landfill,91
2002,GRC,Municipal waste,Landfill,91
2003,GRC,Municipal waste,Landfill,92
2004,GRC,Municipal waste,Landfill,90
2005,GRC,Municipal waste,Landfill,88
2006,GRC,Municipal waste,Landfill,87
2007,GRC,Municipal waste,Landfill,80
2008,GRC,Municipal waste,Landfill,82
2009,GRC,Municipal waste,Landfill,81
2010,GRC,Municipal waste,Landfill,83
2011,GRC,Municipal waste,Landfill,82
2012,GRC,Municipal waste,Landfill,83
2013,GRC,Municipal waste,Landfill,84
2014,GRC,Municipal waste,Landfill,84
2015,GRC,Municipal waste,Landfill,84
2016,GRC,Municipal waste,Landfill,82
2017,GRC,Municipal waste,Landfill,80
2018,GRC,Municipal waste,Landfill,78
2019,GRC,Municipal waste,Landfill,78
2020,GRC,Municipal waste,Landfill,80
2021,GRC,Municipal waste,Landfill,81
2022,GRC,Municipal waste,Landfill,81
2004,GUF,Municipal waste,Compost,0
2005,GUF,Municipal waste,Compost,3
2006,GUF,Municipal waste,Compost,7
2007,GUF,Municipal waste,Compost,7
2008,GUF,Municipal waste,Compost,7
2009,GUF,Municipal waste,Compost,41
2010,GUF,Municipal waste,Compost,22
2011,GUF,Municipal waste,Compost,6
2012,GUF,Municipal waste,Compost,4
2013,GUF,Municipal waste,Compost,1
2014,GUF,Municipal waste,Compost,9
2015,GUF,Municipal waste,Compost,13
2016,GUF,Municipal waste,Compost,11
2017,GUF,Municipal waste,Compost,7
2018,GUF,Municipal waste,Compost,9
2019,GUF,Municipal waste,Compost,11
2004,GUF,Municipal waste,Incineration,0
2005,GUF,Municipal waste,Incineration,0
2006,GUF,Municipal waste,Incineration,0
2007,GUF,Municipal waste,Incineration,0
2008,GUF,Municipal waste,Incineration,0
2009,GUF,Municipal waste,Incineration,0
2010,GUF,Municipal waste,Incineration,0
2011,GUF,Municipal waste,Incineration,0
2012,GUF,Municipal waste,Incineration,0
2013,GUF,Municipal waste,Incineration,0
2014,GUF,Municipal waste,Incineration,0
2015,GUF,Municipal waste,Incineration,0
2016,GUF,Municipal waste,Incineration,0
2017,GUF,Municipal waste,Incineration,0
2018,GUF,Municipal waste,Incineration,0
2019,GUF,Municipal waste,Incineration,0
2004,GUF,Municipal waste,Landfill,100
2005,GUF,Municipal waste,Landfill,97
2006,GUF,Municipal waste,Landfill,93
2007,GUF,Municipal waste,Landfill,93
2008,GUF,Municipal waste,Landfill,93
2009,GUF,Municipal waste,Landfill,47
2010,GUF,Municipal waste,Landfill,72
2011,GUF,Municipal waste,Landfill,92
2012,GUF,Municipal waste,Landfill,77
2013,GUF,Municipal waste,Landfill,53
2014,GUF,Municipal waste,Landfill,69
2015,GUF,Municipal waste,Landfill,78
2016,GUF,Municipal waste,Landfill,81
2017,GUF,Municipal waste,Landfill,85
2018,GUF,Municipal waste,Landfill,85
2019,GUF,Municipal waste,Landfill,84
2009,GUF,Municipal waste,Landfill,79
2010,GUF,Municipal waste,Landfill,86
2004,GUF,Municipal waste,Other,0
2005,GUF,Municipal waste,Other,0
2006,GUF,Municipal waste,Other,0
2007,GUF,Municipal waste,Other,0
2008,GUF,Municipal waste,Other,0
2009,GUF,Municipal waste,Other,11
2010,GUF,Municipal waste,Other,5
2011,GUF,Municipal waste,Other,0
2012,GUF,Municipal waste,Other,17
2013,GUF,Municipal waste,Other,43
2014,GUF,Municipal waste,Other,18
2015,GUF,Municipal waste,Other,2
2016,GUF,Municipal waste,Other,2
2017,GUF,Municipal waste,Other,1
2018,GUF,Municipal waste,Other,1
2019,GUF,Municipal waste,Other,1
2000,HKG,Municipal waste,Landfill,66
2001,HKG,Municipal waste,Landfill,64
2002,HKG,Municipal waste,Landfill,64
2003,HKG,Municipal waste,Landfill,59
2004,HKG,Municipal waste,Landfill,60
2005,HKG,Municipal waste,Landfill,57
2006,HKG,Municipal waste,Landfill,54
2007,HKG,Municipal waste,Landfill,54
2008,HKG,Municipal waste,Landfill,51
2009,HKG,Municipal waste,Landfill,51
2010,HKG,Municipal waste,Landfill,48
2011,HKG,Municipal waste,Landfill,52
2012,HKG,Municipal waste,Landfill,61
2013,HKG,Municipal waste,Landfill,63
2014,HKG,Municipal waste,Landfill,63
2015,HKG,Municipal waste,Landfill,65
2016,HKG,Municipal waste,Landfill,66
2017,HKG,Municipal waste,Landfill,68
2018,HKG,Municipal waste,Landfill,70
2019,HKG,Municipal waste,Landfill,71
2020,HKG,Municipal waste,Landfill,72
2021,HKG,Municipal waste,Landfill,69
2022,HKG,Municipal waste,Landfill,68
2023,HKG,Municipal waste,Landfill,67
2021,HND,Municipal waste,Landfill,9
2007,HRV,Municipal waste,Compost,1
2008,HRV,Municipal waste,Compost,1
2009,HRV,Municipal waste,Compost,1
2010,HRV,Municipal waste,Compost,1
2011,HRV,Municipal waste,Compost,1
2012,HRV,Municipal waste,Compost,2
2013,HRV,Municipal waste,Compost,2
2014,HRV,Municipal waste,Compost,2
2015,HRV,Municipal waste,Compost,2
2016,HRV,Municipal waste,Compost,2
2017,HRV,Municipal waste,Compost,2
2018,HRV,Municipal waste,Compost,3
2019,HRV,Municipal waste,Compost,4
2020,HRV,Municipal waste,Compost,6
2021,HRV,Municipal waste,Compost,6
2022,HRV,Municipal waste,Compost,6
2023,HRV,Municipal waste,Compost,7
2006,HRV,Municipal waste,Incineration,0
2007,HRV,Municipal waste,Incineration,0
2008,HRV,Municipal waste,Incineration,0
2009,HRV,Municipal waste,Incineration,0
2010,HRV,Municipal waste,Incineration,0
2011,HRV,Municipal waste,Incineration,0
2012,HRV,Municipal waste,Incineration,0
2013,HRV,Municipal waste,Incineration,0
2014,HRV,Municipal waste,Incineration,0
2015,HRV,Municipal waste,Incineration,0
2016,HRV,Municipal waste,Incineration,0
2017,HRV,Municipal waste,Incineration,0
2018,HRV,Municipal waste,Incineration,0
2019,HRV,Municipal waste,Incineration,0
2020,HRV,Municipal waste,Incineration,0
2021,HRV,Municipal waste,Incineration,0
2022,HRV,Municipal waste,Incineration,0
2023,HRV,Municipal waste,Incineration,0
2023,HRV,Municipal waste,Incineration,2
2006,HRV,Municipal waste,Landfill,100
2007,HRV,Municipal waste,Landfill,97
2008,HRV,Municipal waste,Landfill,97
2009,HRV,Municipal waste,Landfill,98
2010,HRV,Municipal waste,Landfill,96
2011,HRV,Municipal waste,Landfill,92
2012,HRV,Municipal waste,Landfill,85
2013,HRV,Municipal waste,Landfill,85
2014,HRV,Municipal waste,Landfill,83
2015,HRV,Municipal waste,Landfill,82
2016,HRV,Municipal waste,Landfill,78
2017,HRV,Municipal waste,Landfill,75
2018,HRV,Municipal waste,Landfill,72
2019,HRV,Municipal waste,Landfill,66
2020,HRV,Municipal waste,Landfill,67
2021,HRV,Municipal waste,Landfill,65
2022,HRV,Municipal waste,Landfill,62
2023,HRV,Municipal waste,Landfill,58
2006,HRV,Municipal waste,Other,0
2007,HRV,Municipal waste,Other,0
2008,HRV,Municipal waste,Other,0
2009,HRV,Municipal waste,Other,0
2010,HRV,Municipal waste,Other,0
2011,HRV,Municipal waste,Other,0
2012,HRV,Municipal waste,Other,0
2013,HRV,Municipal waste,Other,0
2014,HRV,Municipal waste,Other,0
2015,HRV,Municipal waste,Other,0
2016,HRV,Municipal waste,Other,0
2017,HRV,Municipal waste,Other,0
2018,HRV,Municipal waste,Other,0
2023,HRV,Municipal waste,Other,0
2000,HUN,Municipal waste,Compost,0
2001,HUN,Municipal waste,Compost,0
2002,HUN,Municipal waste,Compost,1
2003,HUN,Municipal waste,Compost,1
2004,HUN,Municipal waste,Compost,1
2005,HUN,Municipal waste,Compost,1
2006,HUN,Municipal waste,Compost,1
2007,HUN,Municipal waste,Compost,1
2008,HUN,Municipal waste,Compost,2
2009,HUN,Municipal waste,Compost,2
2010,HUN,Municipal waste,Compost,4
2011,HUN,Municipal waste,Compost,5
2012,HUN,Municipal waste,Compost,5
2013,HUN,Municipal waste,Compost,5
2014,HUN,Municipal waste,Compost,6
2015,HUN,Municipal waste,Compost,6
2016,HUN,Municipal waste,Compost,8
2017,HUN,Municipal waste,Compost,8
2018,HUN,Municipal waste,Compost,8
2019,HUN,Municipal waste,Compost,9
2020,HUN,Municipal waste,Compost,10
2021,HUN,Municipal waste,Compost,9
2022,HUN,Municipal waste,Compost,8
2023,HUN,Municipal waste,Compost,14
2000,HUN,Municipal waste,Incineration,0
2001,HUN,Municipal waste,Incineration,0
2002,HUN,Municipal waste,Incineration,0
2003,HUN,Municipal waste,Incineration,0
2004,HUN,Municipal waste,Incineration,0
2005,HUN,Municipal waste,Incineration,0
2006,HUN,Municipal waste,Incineration,0
2007,HUN,Municipal waste,Incineration,0
2008,HUN,Municipal waste,Incineration,0
2009,HUN,Municipal waste,Incineration,0
2010,HUN,Municipal waste,Incineration,0
2011,HUN,Municipal waste,Incineration,0
2012,HUN,Municipal waste,Incineration,0
2013,HUN,Municipal waste,Incineration,0
2014,HUN,Municipal waste,Incineration,0
2015,HUN,Municipal waste,Incineration,0
2016,HUN,Municipal waste,Incineration,0
2017,HUN,Municipal waste,Incineration,0
2018,HUN,Municipal waste,Incineration,0
2019,HUN,Municipal waste,Incineration,0
2020,HUN,Municipal waste,Incineration,0
2021,HUN,Municipal waste,Incineration,0
2022,HUN,Municipal waste,Incineration,0
2023,HUN,Municipal waste,Incineration,0
2000,HUN,Municipal waste,Incineration,8
2001,HUN,Municipal waste,Incineration,9
2002,HUN,Municipal waste,Incineration,7
2003,HUN,Municipal waste,Incineration,6
2004,HUN,Municipal waste,Incineration,3
2005,HUN,Municipal waste,Incineration,7
2006,HUN,Municipal waste,Incineration,8
2007,HUN,Municipal waste,Incineration,9
2008,HUN,Municipal waste,Incineration,9
2009,HUN,Municipal waste,Incineration,9
2010,HUN,Municipal waste,Incineration,10
2011,HUN,Municipal waste,Incineration,11
2012,HUN,Municipal waste,Incineration,9
2013,HUN,Municipal waste,Incineration,9
2014,HUN,Municipal waste,Incineration,10
2015,HUN,Municipal waste,Incineration,14
2016,HUN,Municipal waste,Incineration,15
2017,HUN,Municipal waste,Incineration,16
2018,HUN,Municipal waste,Incineration,13
2019,HUN,Municipal waste,Incineration,14
2020,HUN,Municipal waste,Incineration,12
2021,HUN,Municipal waste,Incineration,12
2022,HUN,Municipal waste,Incineration,12
2023,HUN,Municipal waste,Incineration,12
2000,HUN,Municipal waste,Landfill,90
2001,HUN,Municipal waste,Landfill,90
2002,HUN,Municipal waste,Landfill,91
2003,HUN,Municipal waste,Landfill,91
2004,HUN,Municipal waste,Landfill,85
2005,HUN,Municipal waste,Landfill,84
2006,HUN,Municipal waste,Landfill,81
2007,HUN,Municipal waste,Landfill,79
2008,HUN,Municipal waste,Landfill,75
2009,HUN,Municipal waste,Landfill,75
2010,HUN,Municipal waste,Landfill,70
2011,HUN,Municipal waste,Landfill,67
2012,HUN,Municipal waste,Landfill,65
2013,HUN,Municipal waste,Landfill,65
2014,HUN,Municipal waste,Landfill,59
2015,HUN,Municipal waste,Landfill,54
2016,HUN,Municipal waste,Landfill,51
2017,HUN,Municipal waste,Landfill,49
2018,HUN,Municipal waste,Landfill,49
2019,HUN,Municipal waste,Landfill,51
2020,HUN,Municipal waste,Landfill,54
2021,HUN,Municipal waste,Landfill,51
2022,HUN,Municipal waste,Landfill,55
2023,HUN,Municipal waste,Landfill,54
2012,IND,Municipal waste,Compost,33
2012,IND,Municipal waste,Landfill,67
2016,IND,Municipal waste,Landfill,100
2018,IND,Municipal waste,Landfill,100
2020,IND,Municipal waste,Landfill,100
2021,IND,Municipal waste,Landfill,100
2000,IRL,Municipal waste,Compost,1
2001,IRL,Municipal waste,Compost,1
2002,IRL,Municipal waste,Compost,1
2003,IRL,Municipal waste,Compost,2
2004,IRL,Municipal waste,Compost,2
2005,IRL,Municipal waste,Compost,2
2006,IRL,Municipal waste,Compost,2
2007,IRL,Municipal waste,Compost,2
2008,IRL,Municipal waste,Compost,3
2009,IRL,Municipal waste,Compost,3
2010,IRL,Municipal waste,Compost,4
2011,IRL,Municipal waste,Compost,6
2012,IRL,Municipal waste,Compost,6
2013,IRL,Municipal waste,Compost,6
2014,IRL,Municipal waste,Compost,7
2015,IRL,Municipal waste,Compost,7
2016,IRL,Municipal waste,Compost,7
2017,IRL,Municipal waste,Compost,9
2018,IRL,Municipal waste,Compost,9
2019,IRL,Municipal waste,Compost,10
2020,IRL,Municipal waste,Compost,11
2000,IRL,Municipal waste,Incineration,0
2001,IRL,Municipal waste,Incineration,0
2002,IRL,Municipal waste,Incineration,0
2003,IRL,Municipal waste,Incineration,0
2004,IRL,Municipal waste,Incineration,0
2005,IRL,Municipal waste,Incineration,0
2006,IRL,Municipal waste,Incineration,0
2007,IRL,Municipal waste,Incineration,0
2008,IRL,Municipal waste,Incineration,0
2009,IRL,Municipal waste,Incineration,0
2010,IRL,Municipal waste,Incineration,0
2011,IRL,Municipal waste,Incineration,0
2012,IRL,Municipal waste,Incineration,0
2013,IRL,Municipal waste,Incineration,0
2014,IRL,Municipal waste,Incineration,0
2015,IRL,Municipal waste,Incineration,0
2016,IRL,Municipal waste,Incineration,0
2017,IRL,Municipal waste,Incineration,0
2018,IRL,Municipal waste,Incineration,0
2019,IRL,Municipal waste,Incineration,0
2020,IRL,Municipal waste,Incineration,0
2008,IRL,Municipal waste,Incineration,3
2009,IRL,Municipal waste,Incineration,4
2010,IRL,Municipal waste,Incineration,4
2011,IRL,Municipal waste,Incineration,8
2012,IRL,Municipal waste,Incineration,18
2013,IRL,Municipal waste,Incineration,18
2014,IRL,Municipal waste,Incineration,35
2015,IRL,Municipal waste,Incineration,35
2016,IRL,Municipal waste,Incineration,30
2017,IRL,Municipal waste,Incineration,32
2018,IRL,Municipal waste,Incineration,43
2019,IRL,Municipal waste,Incineration,47
2020,IRL,Municipal waste,Incineration,43
2000,IRL,Municipal waste,Landfill,89
2001,IRL,Municipal waste,Landfill,87
2002,IRL,Municipal waste,Landfill,80
2003,IRL,Municipal waste,Landfill,73
2004,IRL,Municipal waste,Landfill,67
2005,IRL,Municipal waste,Landfill,66
2006,IRL,Municipal waste,Landfill,64
2007,IRL,Municipal waste,Landfill,63
2008,IRL,Municipal waste,Landfill,62
2009,IRL,Municipal waste,Landfill,61
2010,IRL,Municipal waste,Landfill,57
2011,IRL,Municipal waste,Landfill,53
2012,IRL,Municipal waste,Landfill,42
2013,IRL,Municipal waste,Landfill,42
2014,IRL,Municipal waste,Landfill,21
2015,IRL,Municipal waste,Landfill,21
2016,IRL,Municipal waste,Landfill,26
2017,IRL,Municipal waste,Landfill,23
2018,IRL,Municipal waste,Landfill,15
2019,IRL,Municipal waste,Landfill,16
2020,IRL,Municipal waste,Landfill,16
2016,IRL,Municipal waste,Other,0
2017,IRL,Municipal waste,Other,0
2018,IRL,Municipal waste,Other,0
2019,IRL,Municipal waste,Other,0
2020,IRL,Municipal waste,Other,0
2000,ISL,Municipal waste,Compost,2
2001,ISL,Municipal waste,Compost,2
2002,ISL,Municipal waste,Compost,2
2003,ISL,Municipal waste,Compost,2
2008,ISL,Municipal waste,Compost,2
2009,ISL,Municipal waste,Compost,5
2010,ISL,Municipal waste,Compost,5
2011,ISL,Municipal waste,Compost,5
2012,ISL,Municipal waste,Compost,4
2013,ISL,Municipal waste,Compost,5
2014,ISL,Municipal waste,Compost,9
2015,ISL,Municipal waste,Compost,7
2016,ISL,Municipal waste,Compost,8
2017,ISL,Municipal waste,Compost,7
2018,ISL,Municipal waste,Compost,7
2019,ISL,Municipal waste,Compost,7
2020,ISL,Municipal waste,Compost,9
2021,ISL,Municipal waste,Compost,5
2022,ISL,Municipal waste,Compost,2
2000,ISL,Municipal waste,Incineration,8
2001,ISL,Municipal waste,Incineration,4
2002,ISL,Municipal waste,Incineration,2
2003,ISL,Municipal waste,Incineration,1
2004,ISL,Municipal waste,Incineration,1
2005,ISL,Municipal waste,Incineration,2
2006,ISL,Municipal waste,Incineration,2
2007,ISL,Municipal waste,Incineration,1
2008,ISL,Municipal waste,Incineration,0
2009,ISL,Municipal waste,Incineration,2
2010,ISL,Municipal waste,Incineration,1
2011,ISL,Municipal waste,Incineration,1
2012,ISL,Municipal waste,Incineration,1
2013,ISL,Municipal waste,Incineration,1
2014,ISL,Municipal waste,Incineration,4
2015,ISL,Municipal waste,Incineration,3
2016,ISL,Municipal waste,Incineration,3
2017,ISL,Municipal waste,Incineration,4
2018,ISL,Municipal waste,Incineration,4
2019,ISL,Municipal waste,Incineration,5
2020,ISL,Municipal waste,Incineration,3
2021,ISL,Municipal waste,Incineration,2
2022,ISL,Municipal waste,Incineration,3
2000,ISL,Municipal waste,Incineration,4
2001,ISL,Municipal waste,Incineration,5
2002,ISL,Municipal waste,Incineration,5
2003,ISL,Municipal waste,Incineration,8
2004,ISL,Municipal waste,Incineration,8
2005,ISL,Municipal waste,Incineration,9
2006,ISL,Municipal waste,Incineration,8
2007,ISL,Municipal waste,Incineration,11
2008,ISL,Municipal waste,Incineration,6
2009,ISL,Municipal waste,Incineration,7
2010,ISL,Municipal waste,Incineration,6
2011,ISL,Municipal waste,Incineration,5
2012,ISL,Municipal waste,Incineration,4
2013,ISL,Municipal waste,Incineration,3
2014,ISL,Municipal waste,Incineration,0
2015,ISL,Municipal waste,Incineration,0
2016,ISL,Municipal waste,Incineration,0
2017,ISL,Municipal waste,Incineration,0
2018,ISL,Municipal waste,Incineration,0
2019,ISL,Municipal waste,Incineration,2
2020,ISL,Municipal waste,Incineration,8
2021,ISL,Municipal waste,Incineration,6
2022,ISL,Municipal waste,Incineration,13
2000,ISL,Municipal waste,Landfill,73
2001,ISL,Municipal waste,Landfill,76
2002,ISL,Municipal waste,Landfill,76
2003,ISL,Municipal waste,Landfill,74
2004,ISL,Municipal waste,Landfill,63
2005,ISL,Municipal waste,Landfill,89
2006,ISL,Municipal waste,Landfill,90
2007,ISL,Municipal waste,Landfill,87
2008,ISL,Municipal waste,Landfill,75
2009,ISL,Municipal waste,Landfill,71
2010,ISL,Municipal waste,Landfill,71
2011,ISL,Municipal waste,Landfill,68
2012,ISL,Municipal waste,Landfill,67
2013,ISL,Municipal waste,Landfill,66
2014,ISL,Municipal waste,Landfill,66
2015,ISL,Municipal waste,Landfill,58
2016,ISL,Municipal waste,Landfill,57
2017,ISL,Municipal waste,Landfill,63
2018,ISL,Municipal waste,Landfill,60
2019,ISL,Municipal waste,Landfill,53
2020,ISL,Municipal waste,Landfill,48
2021,ISL,Municipal waste,Landfill,40
2022,ISL,Municipal waste,Landfill,33
2013,ISR,Municipal waste,Compost,11
2014,ISR,Municipal waste,Compost,11
2015,ISR,Municipal waste,Compost,12
2016,ISR,Municipal waste,Compost,13
2017,ISR,Municipal waste,Compost,15
2018,ISR,Municipal waste,Compost,16
2019,ISR,Municipal waste,Compost,15
2020,ISR,Municipal waste,Compost,14
2021,ISR,Municipal waste,Compost,15
2022,ISR,Municipal waste,Compost,16
2023,ISR,Municipal waste,Compost,17
2016,ISR,Municipal waste,Incineration,0
2017,ISR,Municipal waste,Incineration,1
2018,ISR,Municipal waste,Incineration,1
2019,ISR,Municipal waste,Incineration,2
2020,ISR,Municipal waste,Incineration,2
2021,ISR,Municipal waste,Incineration,1
2022,ISR,Municipal waste,Incineration,1
2023,ISR,Municipal waste,Incineration,1
2004,ISR,Municipal waste,Landfill,100
2005,ISR,Municipal waste,Landfill,100
2006,ISR,Municipal waste,Landfill,100
2007,ISR,Municipal waste,Landfill,100
2008,ISR,Municipal waste,Landfill,100
2009,ISR,Municipal waste,Landfill,100
2010,ISR,Municipal waste,Landfill,100
2011,ISR,Municipal waste,Landfill,100
2012,ISR,Municipal waste,Landfill,100
2013,ISR,Municipal waste,Landfill,82
2014,ISR,Municipal waste,Landfill,82
2015,ISR,Municipal waste,Landfill,81
2016,ISR,Municipal waste,Landfill,80
2017,ISR,Municipal waste,Landfill,78
2018,ISR,Municipal waste,Landfill,76
2019,ISR,Municipal waste,Landfill,76
2020,ISR,Municipal waste,Landfill,77
2021,ISR,Municipal waste,Landfill,77
2022,ISR,Municipal waste,Landfill,76
2023,ISR,Municipal waste,Landfill,74
2000,ITA,Municipal waste,Compost,4
2001,ITA,Municipal waste,Compost,6
2002,ITA,Municipal waste,Compost,7
2003,ITA,Municipal waste,Compost,7
2004,ITA,Municipal waste,Compost,7
2005,ITA,Municipal waste,Compost,8
2006,ITA,Municipal waste,Compost,9
2007,ITA,Municipal waste,Compost,9
2008,ITA,Municipal waste,Compost,11
2009,ITA,Municipal waste,Compost,12
2010,ITA,Municipal waste,Compost,13
2011,ITA,Municipal waste,Compost,13
2012,ITA,Municipal waste,Compost,15
2013,ITA,Municipal waste,Compost,15
2014,ITA,Municipal waste,Compost,18
2015,ITA,Municipal waste,Compost,19
2016,ITA,Municipal waste,Compost,21
2017,ITA,Municipal waste,Compost,22
2018,ITA,Municipal waste,Compost,23
2019,ITA,Municipal waste,Compost,23
2020,ITA,Municipal waste,Compost,26
2021,ITA,Municipal waste,Compost,26
2022,ITA,Municipal waste,Compost,27
2000,ITA,Municipal waste,Incineration,1
2001,ITA,Municipal waste,Incineration,0
2002,ITA,Municipal waste,Incineration,1
2003,ITA,Municipal waste,Incineration,0
2004,ITA,Municipal waste,Incineration,0
2005,ITA,Municipal waste,Incineration,0
2006,ITA,Municipal waste,Incineration,0
2007,ITA,Municipal waste,Incineration,0
2008,ITA,Municipal waste,Incineration,0
2009,ITA,Municipal waste,Incineration,0
2010,ITA,Municipal waste,Incineration,0
2011,ITA,Municipal waste,Incineration,0
2012,ITA,Municipal waste,Incineration,0
2013,ITA,Municipal waste,Incineration,0
2014,ITA,Municipal waste,Incineration,0
2015,ITA,Municipal waste,Incineration,11
2016,ITA,Municipal waste,Incineration,7
2017,ITA,Municipal waste,Incineration,1
2018,ITA,Municipal waste,Incineration,1
2019,ITA,Municipal waste,Incineration,1
2020,ITA,Municipal waste,Incineration,1
2021,ITA,Municipal waste,Incineration,1
2022,ITA,Municipal waste,Incineration,1
2000,ITA,Municipal waste,Incineration,7
2001,ITA,Municipal waste,Incineration,9
2002,ITA,Municipal waste,Incineration,10
2003,ITA,Municipal waste,Incineration,12
2004,ITA,Municipal waste,Incineration,13
2005,ITA,Municipal waste,Incineration,14
2006,ITA,Municipal waste,Incineration,15
2007,ITA,Municipal waste,Incineration,14
2008,ITA,Municipal waste,Incineration,15
2009,ITA,Municipal waste,Incineration,16
2010,ITA,Municipal waste,Incineration,18
2011,ITA,Municipal waste,Incineration,19
2012,ITA,Municipal waste,Incineration,19
2013,ITA,Municipal waste,Incineration,21
2014,ITA,Municipal waste,Incineration,21
2016,ITA,Municipal waste,Incineration,14
2017,ITA,Municipal waste,Incineration,20
2018,ITA,Municipal waste,Incineration,20
2019,ITA,Municipal waste,Incineration,20
2020,ITA,Municipal waste,Incineration,21
2021,ITA,Municipal waste,Incineration,20
2022,ITA,Municipal waste,Incineration,20
2000,ITA,Municipal waste,Landfill,78
2001,ITA,Municipal waste,Landfill,72
2002,ITA,Municipal waste,Landfill,73
2003,ITA,Municipal waste,Landfill,69
2004,ITA,Municipal waste,Landfill,66
2005,ITA,Municipal waste,Landfill,64
2006,ITA,Municipal waste,Landfill,63
2007,ITA,Municipal waste,Landfill,58
2008,ITA,Municipal waste,Landfill,57
2009,ITA,Municipal waste,Landfill,52
2010,ITA,Municipal waste,Landfill,49
2011,ITA,Municipal waste,Landfill,44
2012,ITA,Municipal waste,Landfill,41
2013,ITA,Municipal waste,Landfill,38
2014,ITA,Municipal waste,Landfill,34
2015,ITA,Municipal waste,Landfill,29
2016,ITA,Municipal waste,Landfill,27
2017,ITA,Municipal waste,Landfill,26
2018,ITA,Municipal waste,Landfill,24
2019,ITA,Municipal waste,Landfill,23
2020,ITA,Municipal waste,Landfill,22
2021,ITA,Municipal waste,Landfill,21
2022,ITA,Municipal waste,Landfill,20
2001,JAM,Municipal waste,Compost,0
2002,JAM,Municipal waste,Compost,0
2003,JAM,Municipal waste,Compost,0
2004,JAM,Municipal waste,Compost,0
2005,JAM,Municipal waste,Compost,0
2006,JAM,Municipal waste,Compost,0
2001,JAM,Municipal waste,Landfill,100
2002,JAM,Municipal waste,Landfill,100
2003,JAM,Municipal waste,Landfill,100
2004,JAM,Municipal waste,Landfill,100
2005,JAM,Municipal waste,Landfill,100
2006,JAM,Municipal waste,Landfill,100
2000,JOR,Municipal waste,Landfill,100
2002,JOR,Municipal waste,Landfill,100
2005,JOR,Municipal waste,Landfill,100
2006,JOR,Municipal waste,Landfill,100
2007,JOR,Municipal waste,Landfill,100
2008,JOR,Municipal waste,Landfill,100
2009,JOR,Municipal waste,Landfill,100
2010,JOR,Municipal waste,Landfill,100
2011,JOR,Municipal waste,Landfill,100
2012,JOR,Municipal waste,Landfill,100
2013,JOR,Municipal waste,Landfill,100
2014,JOR,Municipal waste,Landfill,100
2015,JOR,Municipal waste,Landfill,100
2017,JOR,Municipal waste,Landfill,100
2018,JOR,Municipal waste,Landfill,100
2019,JOR,Municipal waste,Landfill,100
2020,JOR,Municipal waste,Landfill,100
2011,JPN,Municipal waste,Compost,0
2012,JPN,Municipal waste,Compost,0
2013,JPN,Municipal waste,Compost,0
2014,JPN,Municipal waste,Compost,0
2015,JPN,Municipal waste,Compost,0
2016,JPN,Municipal waste,Compost,0
2017,JPN,Municipal waste,Compost,0
2018,JPN,Municipal waste,Compost,0
2019,JPN,Municipal waste,Compost,0
2020,JPN,Municipal waste,Compost,0
2021,JPN,Municipal waste,Compost,0
2000,JPN,Municipal waste,Incineration,5
2001,JPN,Municipal waste,Incineration,5
2002,JPN,Municipal waste,Incineration,5
2003,JPN,Municipal waste,Incineration,5
2004,JPN,Municipal waste,Incineration,5
2005,JPN,Municipal waste,Incineration,5
2006,JPN,Municipal waste,Incineration,5
2007,JPN,Municipal waste,Incineration,5
2008,JPN,Municipal waste,Incineration,6
2009,JPN,Municipal waste,Incineration,6
2010,JPN,Municipal waste,Incineration,6
2011,JPN,Municipal waste,Incineration,8
2012,JPN,Municipal waste,Incineration,8
2013,JPN,Municipal waste,Incineration,8
2014,JPN,Municipal waste,Incineration,8
2015,JPN,Municipal waste,Incineration,9
2016,JPN,Municipal waste,Incineration,6
2017,JPN,Municipal waste,Incineration,5
2018,JPN,Municipal waste,Incineration,5
2019,JPN,Municipal waste,Incineration,5
2020,JPN,Municipal waste,Incineration,5
2021,JPN,Municipal waste,Incineration,4
2000,JPN,Municipal waste,Incineration,69
2001,JPN,Municipal waste,Incineration,69
2002,JPN,Municipal waste,Incineration,70
2003,JPN,Municipal waste,Incineration,69
2004,JPN,Municipal waste,Incineration,69
2005,JPN,Municipal waste,Incineration,68
2006,JPN,Municipal waste,Incineration,68
2007,JPN,Municipal waste,Incineration,68
2008,JPN,Municipal waste,Incineration,70
2009,JPN,Municipal waste,Incineration,70
2010,JPN,Municipal waste,Incineration,71
2011,JPN,Municipal waste,Incineration,70
2012,JPN,Municipal waste,Incineration,70
2013,JPN,Municipal waste,Incineration,70
2014,JPN,Municipal waste,Incineration,70
2015,JPN,Municipal waste,Incineration,69
2016,JPN,Municipal waste,Incineration,73
2017,JPN,Municipal waste,Incineration,74
2018,JPN,Municipal waste,Incineration,74
2019,JPN,Municipal waste,Incineration,75
2020,JPN,Municipal waste,Incineration,75
2021,JPN,Municipal waste,Incineration,75
2000,JPN,Municipal waste,Landfill,6
2001,JPN,Municipal waste,Landfill,5
2002,JPN,Municipal waste,Landfill,4
2003,JPN,Municipal waste,Landfill,3
2004,JPN,Municipal waste,Landfill,3
2005,JPN,Municipal waste,Landfill,3
2006,JPN,Municipal waste,Landfill,2
2007,JPN,Municipal waste,Landfill,2
2008,JPN,Municipal waste,Landfill,2
2009,JPN,Municipal waste,Landfill,1
2010,JPN,Municipal waste,Landfill,1
2011,JPN,Municipal waste,Landfill,1
2012,JPN,Municipal waste,Landfill,1
2013,JPN,Municipal waste,Landfill,1
2014,JPN,Municipal waste,Landfill,1
2015,JPN,Municipal waste,Landfill,1
2016,JPN,Municipal waste,Landfill,1
2017,JPN,Municipal waste,Landfill,1
2018,JPN,Municipal waste,Landfill,1
2019,JPN,Municipal waste,Landfill,1
2020,JPN,Municipal waste,Landfill,1
2021,JPN,Municipal waste,Landfill,1
2005,KAZ,Municipal waste,Landfill,82
2006,KAZ,Municipal waste,Landfill,80
2007,KAZ,Municipal waste,Landfill,74
2008,KAZ,Municipal waste,Landfill,77
2009,KAZ,Municipal waste,Landfill,67
2010,KAZ,Municipal waste,Landfill,89
2011,KAZ,Municipal waste,Landfill,91
2012,KAZ,Municipal waste,Landfill,74
2013,KAZ,Municipal waste,Landfill,77
2014,KAZ,Municipal waste,Landfill,88
2015,KAZ,Municipal waste,Landfill,87
2016,KAZ,Municipal waste,Landfill,88
2017,KAZ,Municipal waste,Landfill,76
2018,KAZ,Municipal waste,Landfill,64
2019,KAZ,Municipal waste,Landfill,69
2020,KAZ,Municipal waste,Landfill,68
2021,KAZ,Municipal waste,Landfill,65
2022,KAZ,Municipal waste,Landfill,68
2023,KAZ,Municipal waste,Landfill,70
2005,KAZ,Municipal waste,Other,17
2006,KAZ,Municipal waste,Other,19
2007,KAZ,Municipal waste,Other,25
2008,KAZ,Municipal waste,Other,20
2009,KAZ,Municipal waste,Other,30
2010,KAZ,Municipal waste,Other,9
2011,KAZ,Municipal waste,Other,8
2012,KAZ,Municipal waste,Other,22
2013,KAZ,Municipal waste,Other,23
2014,KAZ,Municipal waste,Other,1
2015,KAZ,Municipal waste,Other,1
2016,KAZ,Municipal waste,Other,0
2017,KAZ,Municipal waste,Other,11
2018,KAZ,Municipal waste,Other,24
2019,KAZ,Municipal waste,Other,20
2020,KAZ,Municipal waste,Other,10
2021,KAZ,Municipal waste,Other,20
2022,KAZ,Municipal waste,Other,16
2023,KAZ,Municipal waste,Other,16
2000,KGZ,Municipal waste,Landfill,100
2001,KGZ,Municipal waste,Landfill,100
2002,KGZ,Municipal waste,Landfill,100
2003,KGZ,Municipal waste,Landfill,100
2004,KGZ,Municipal waste,Landfill,100
2005,KGZ,Municipal waste,Landfill,100
2006,KGZ,Municipal waste,Landfill,100
2007,KGZ,Municipal waste,Landfill,100
2008,KGZ,Municipal waste,Landfill,100
2009,KGZ,Municipal waste,Landfill,100
2010,KGZ,Municipal waste,Landfill,100
2011,KGZ,Municipal waste,Landfill,100
2012,KGZ,Municipal waste,Landfill,100
2013,KGZ,Municipal waste,Landfill,100
2014,KGZ,Municipal waste,Landfill,100
2015,KGZ,Municipal waste,Landfill,100
2016,KGZ,Municipal waste,Landfill,100
2017,KGZ,Municipal waste,Landfill,100
2008,KOR,Municipal waste,Compost,1
2009,KOR,Municipal waste,Compost,1
2010,KOR,Municipal waste,Compost,1
2011,KOR,Municipal waste,Compost,1
2012,KOR,Municipal waste,Compost,1
2013,KOR,Municipal waste,Compost,0
2014,KOR,Municipal waste,Compost,1
2015,KOR,Municipal waste,Compost,1
2016,KOR,Municipal waste,Compost,1
2017,KOR,Municipal waste,Compost,1
2018,KOR,Municipal waste,Compost,0
2019,KOR,Municipal waste,Compost,3
2020,KOR,Municipal waste,Compost,3
2021,KOR,Municipal waste,Compost,3
2022,KOR,Municipal waste,Compost,3
2000,KOR,Municipal waste,Incineration,5
2001,KOR,Municipal waste,Incineration,0
2002,KOR,Municipal waste,Incineration,3
2003,KOR,Municipal waste,Incineration,2
2004,KOR,Municipal waste,Incineration,1
2005,KOR,Municipal waste,Incineration,2
2008,KOR,Municipal waste,Incineration,1
2009,KOR,Municipal waste,Incineration,2
2010,KOR,Municipal waste,Incineration,0
2011,KOR,Municipal waste,Incineration,2
2012,KOR,Municipal waste,Incineration,1
2013,KOR,Municipal waste,Incineration,2
2014,KOR,Municipal waste,Incineration,1
2015,KOR,Municipal waste,Incineration,1
2016,KOR,Municipal waste,Incineration,2
2017,KOR,Municipal waste,Incineration,2
2018,KOR,Municipal waste,Incineration,2
2019,KOR,Municipal waste,Incineration,4
2020,KOR,Municipal waste,Incineration,3
2021,KOR,Municipal waste,Incineration,4
2022,KOR,Municipal waste,Incineration,2
2000,KOR,Municipal waste,Incineration,7
2002,KOR,Municipal waste,Incineration,12
2003,KOR,Municipal waste,Incineration,12
2004,KOR,Municipal waste,Incineration,13
2005,KOR,Municipal waste,Incineration,14
2008,KOR,Municipal waste,Incineration,19
2009,KOR,Municipal waste,Incineration,19
2010,KOR,Municipal waste,Incineration,21
2011,KOR,Municipal waste,Incineration,22
2012,KOR,Municipal waste,Incineration,24
2013,KOR,Municipal waste,Incineration,24
2014,KOR,Municipal waste,Incineration,24
2015,KOR,Municipal waste,Incineration,25
2016,KOR,Municipal waste,Incineration,24
2017,KOR,Municipal waste,Incineration,23
2018,KOR,Municipal waste,Incineration,22
2019,KOR,Municipal waste,Incineration,22
2020,KOR,Municipal waste,Incineration,23
2021,KOR,Municipal waste,Incineration,21
2022,KOR,Municipal waste,Incineration,22
2000,KOR,Municipal waste,Landfill,47
2001,KOR,Municipal waste,Landfill,50
2002,KOR,Municipal waste,Landfill,42
2003,KOR,Municipal waste,Landfill,40
2004,KOR,Municipal waste,Landfill,36
2005,KOR,Municipal waste,Landfill,28
2008,KOR,Municipal waste,Landfill,20
2009,KOR,Municipal waste,Landfill,19
2010,KOR,Municipal waste,Landfill,18
2011,KOR,Municipal waste,Landfill,17
2012,KOR,Municipal waste,Landfill,16
2013,KOR,Municipal waste,Landfill,16
2014,KOR,Municipal waste,Landfill,16
2015,KOR,Municipal waste,Landfill,15
2016,KOR,Municipal waste,Landfill,15
2017,KOR,Municipal waste,Landfill,14
2018,KOR,Municipal waste,Landfill,13
2019,KOR,Municipal waste,Landfill,13
2020,KOR,Municipal waste,Landfill,12
2021,KOR,Municipal waste,Landfill,13
2022,KOR,Municipal waste,Landfill,10
2000,KWT,Municipal waste,Landfill,56
2001,KWT,Municipal waste,Landfill,55
2002,KWT,Municipal waste,Landfill,55
2003,KWT,Municipal waste,Landfill,55
2004,KWT,Municipal waste,Landfill,54
2005,KWT,Municipal waste,Landfill,51
2006,KWT,Municipal waste,Landfill,47
2007,KWT,Municipal waste,Landfill,37
2008,KWT,Municipal waste,Landfill,71
2009,KWT,Municipal waste,Landfill,73
2010,KWT,Municipal waste,Landfill,73
2011,KWT,Municipal waste,Landfill,80
2012,KWT,Municipal waste,Landfill,77
2013,KWT,Municipal waste,Landfill,83
2014,KWT,Municipal waste,Landfill,93
2015,KWT,Municipal waste,Landfill,86
2016,KWT,Municipal waste,Landfill,89
2017,KWT,Municipal waste,Landfill,93
2001,LBN,Municipal waste,Compost,8
2004,LBN,Municipal waste,Compost,13
2009,LBN,Municipal waste,Compost,14
2012,LBN,Municipal waste,Compost,11
2001,LBN,Municipal waste,Incineration,0
2004,LBN,Municipal waste,Incineration,0
2009,LBN,Municipal waste,Incineration,0
2012,LBN,Municipal waste,Incineration,0
2001,LBN,Municipal waste,Landfill,89
2004,LBN,Municipal waste,Landfill,80
2009,LBN,Municipal waste,Landfill,78
2012,LBN,Municipal waste,Landfill,81
2001,LBN,Municipal waste,Landfill,43
2004,LBN,Municipal waste,Landfill,45
2009,LBN,Municipal waste,Landfill,49
2012,LBN,Municipal waste,Landfill,49
2001,LBN,Municipal waste,Other,0
2004,LBN,Municipal waste,Other,0
2009,LBN,Municipal waste,Other,0
2012,LBN,Municipal waste,Other,0
2004,LCA,Municipal waste,Incineration,0
2005,LCA,Municipal waste,Incineration,0
2006,LCA,Municipal waste,Incineration,0
2007,LCA,Municipal waste,Incineration,0
2008,LCA,Municipal waste,Incineration,0
2009,LCA,Municipal waste,Incineration,0
2010,LCA,Municipal waste,Incineration,0
2011,LCA,Municipal waste,Incineration,0
2012,LCA,Municipal waste,Incineration,0
2013,LCA,Municipal waste,Incineration,0
2014,LCA,Municipal waste,Incineration,0
2015,LCA,Municipal waste,Incineration,0
2016,LCA,Municipal waste,Incineration,0
2017,LCA,Municipal waste,Incineration,0
2018,LCA,Municipal waste,Incineration,0
2019,LCA,Municipal waste,Incineration,0
2004,LCA,Municipal waste,Landfill,100
2005,LCA,Municipal waste,Landfill,100
2006,LCA,Municipal waste,Landfill,100
2007,LCA,Municipal waste,Landfill,100
2008,LCA,Municipal waste,Landfill,100
2009,LCA,Municipal waste,Landfill,100
2010,LCA,Municipal waste,Landfill,100
2011,LCA,Municipal waste,Landfill,100
2012,LCA,Municipal waste,Landfill,100
2013,LCA,Municipal waste,Landfill,100
2014,LCA,Municipal waste,Landfill,100
2015,LCA,Municipal waste,Landfill,100
2016,LCA,Municipal waste,Landfill,100
2017,LCA,Municipal waste,Landfill,100
2018,LCA,Municipal waste,Landfill,100
2019,LCA,Municipal waste,Landfill,100
2004,LCA,Municipal waste,Landfill,0
2005,LCA,Municipal waste,Landfill,0
2006,LCA,Municipal waste,Landfill,0
2007,LCA,Municipal waste,Landfill,0
2008,LCA,Municipal waste,Landfill,0
2009,LCA,Municipal waste,Landfill,0
2010,LCA,Municipal waste,Landfill,0
2011,LCA,Municipal waste,Landfill,0
2012,LCA,Municipal waste,Landfill,0
2013,LCA,Municipal waste,Landfill,0
2014,LCA,Municipal waste,Landfill,0
2015,LCA,Municipal waste,Landfill,0
2016,LCA,Municipal waste,Landfill,0
2017,LCA,Municipal waste,Landfill,0
2018,LCA,Municipal waste,Landfill,0
2019,LCA,Municipal waste,Landfill,0
2004,LCA,Municipal waste,Other,0
2005,LCA,Municipal waste,Other,0
2006,LCA,Municipal waste,Other,0
2007,LCA,Municipal waste,Other,0
2008,LCA,Municipal waste,Other,0
2009,LCA,Municipal waste,Other,0
2010,LCA,Municipal waste,Other,0
2011,LCA,Municipal waste,Other,0
2012,LCA,Municipal waste,Other,0
2013,LCA,Municipal waste,Other,0
2014,LCA,Municipal waste,Other,0
2015,LCA,Municipal waste,Other,0
2016,LCA,Municipal waste,Other,0
2017,LCA,Municipal waste,Other,0
2018,LCA,Municipal waste,Other,0
2019,LCA,Municipal waste,Other,0
2000,LIE,Municipal waste,Compost,100
2001,LIE,Municipal waste,Compost,100
2002,LIE,Municipal waste,Compost,100
2003,LIE,Municipal waste,Compost,100
2004,LIE,Municipal waste,Compost,100
2005,LIE,Municipal waste,Compost,100
2006,LIE,Municipal waste,Compost,100
2007,LIE,Municipal waste,Compost,100
2008,LIE,Municipal waste,Compost,100
2009,LIE,Municipal waste,Compost,100
2010,LIE,Municipal waste,Compost,100
2011,LIE,Municipal waste,Compost,100
2012,LIE,Municipal waste,Compost,100
2013,LIE,Municipal waste,Compost,100
2014,LIE,Municipal waste,Compost,100
2015,LIE,Municipal waste,Compost,100
2016,LIE,Municipal waste,Compost,100
2017,LIE,Municipal waste,Compost,100
2018,LIE,Municipal waste,Compost,100
2019,LIE,Municipal waste,Compost,100
2020,LIE,Municipal waste,Compost,100
2021,LIE,Municipal waste,Compost,100
2022,LIE,Municipal waste,Compost,100
2023,LIE,Municipal waste,Compost,100
2000,LIE,Municipal waste,Incineration,0
2001,LIE,Municipal waste,Incineration,0
2002,LIE,Municipal waste,Incineration,0
2003,LIE,Municipal waste,Incineration,0
2004,LIE,Municipal waste,Incineration,0
2005,LIE,Municipal waste,Incineration,0
2006,LIE,Municipal waste,Incineration,0
2007,LIE,Municipal waste,Incineration,0
2008,LIE,Municipal waste,Incineration,0
2009,LIE,Municipal waste,Incineration,0
2010,LIE,Municipal waste,Incineration,0
2011,LIE,Municipal waste,Incineration,0
2012,LIE,Municipal waste,Incineration,0
2013,LIE,Municipal waste,Incineration,0
2014,LIE,Municipal waste,Incineration,0
2015,LIE,Municipal waste,Incineration,0
2016,LIE,Municipal waste,Incineration,0
2017,LIE,Municipal waste,Incineration,0
2018,LIE,Municipal waste,Incineration,0
2019,LIE,Municipal waste,Incineration,0
2020,LIE,Municipal waste,Incineration,0
2021,LIE,Municipal waste,Incineration,0
2022,LIE,Municipal waste,Incineration,0
2023,LIE,Municipal waste,Incineration,0
2000,LIE,Municipal waste,Landfill,0
2001,LIE,Municipal waste,Landfill,0
2002,LIE,Municipal waste,Landfill,0
2003,LIE,Municipal waste,Landfill,0
2004,LIE,Municipal waste,Landfill,0
2005,LIE,Municipal waste,Landfill,0
2006,LIE,Municipal waste,Landfill,0
2007,LIE,Municipal waste,Landfill,0
2008,LIE,Municipal waste,Landfill,0
2009,LIE,Municipal waste,Landfill,0
2010,LIE,Municipal waste,Landfill,0
2011,LIE,Municipal waste,Landfill,0
2012,LIE,Municipal waste,Landfill,0
2013,LIE,Municipal waste,Landfill,0
2014,LIE,Municipal waste,Landfill,0
2015,LIE,Municipal waste,Landfill,0
2016,LIE,Municipal waste,Landfill,0
2017,LIE,Municipal waste,Landfill,0
2018,LIE,Municipal waste,Landfill,0
2019,LIE,Municipal waste,Landfill,0
2020,LIE,Municipal waste,Landfill,0
2021,LIE,Municipal waste,Landfill,0
2022,LIE,Municipal waste,Landfill,0
2023,LIE,Municipal waste,Landfill,0
2000,LIE,Municipal waste,Other,0
2001,LIE,Municipal waste,Other,0
2002,LIE,Municipal waste,Other,0
2003,LIE,Municipal waste,Other,0
2004,LIE,Municipal waste,Other,0
2005,LIE,Municipal waste,Other,0
2006,LIE,Municipal waste,Other,0
2007,LIE,Municipal waste,Other,0
2008,LIE,Municipal waste,Other,0
2009,LIE,Municipal waste,Other,0
2010,LIE,Municipal waste,Other,0
2011,LIE,Municipal waste,Other,0
2012,LIE,Municipal waste,Other,0
2013,LIE,Municipal waste,Other,0
2014,LIE,Municipal waste,Other,0
2015,LIE,Municipal waste,Other,0
2016,LIE,Municipal waste,Other,0
2017,LIE,Municipal waste,Other,0
2018,LIE,Municipal waste,Other,0
2019,LIE,Municipal waste,Other,0
2020,LIE,Municipal waste,Other,0
2021,LIE,Municipal waste,Other,0
2022,LIE,Municipal waste,Other,0
2023,LIE,Municipal waste,Other,0
2000,LTU,Municipal waste,Compost,0
2001,LTU,Municipal waste,Compost,0
2002,LTU,Municipal waste,Compost,0
2003,LTU,Municipal waste,Compost,0
2004,LTU,Municipal waste,Compost,1
2005,LTU,Municipal waste,Compost,1
2006,LTU,Municipal waste,Compost,1
2007,LTU,Municipal waste,Compost,2
2008,LTU,Municipal waste,Compost,1
2009,LTU,Municipal waste,Compost,1
2010,LTU,Municipal waste,Compost,2
2011,LTU,Municipal waste,Compost,2
2012,LTU,Municipal waste,Compost,4
2013,LTU,Municipal waste,Compost,8
2014,LTU,Municipal waste,Compost,10
2015,LTU,Municipal waste,Compost,10
2016,LTU,Municipal waste,Compost,25
2017,LTU,Municipal waste,Compost,24
2018,LTU,Municipal waste,Compost,32
2019,LTU,Municipal waste,Compost,25
2020,LTU,Municipal waste,Compost,23
2021,LTU,Municipal waste,Compost,19
2022,LTU,Municipal waste,Compost,22
2023,LTU,Municipal waste,Compost,24
2000,LTU,Municipal waste,Incineration,0
2001,LTU,Municipal waste,Incineration,0
2002,LTU,Municipal waste,Incineration,0
2003,LTU,Municipal waste,Incineration,0
2004,LTU,Municipal waste,Incineration,0
2005,LTU,Municipal waste,Incineration,0
2006,LTU,Municipal waste,Incineration,0
2007,LTU,Municipal waste,Incineration,0
2008,LTU,Municipal waste,Incineration,0
2009,LTU,Municipal waste,Incineration,0
2010,LTU,Municipal waste,Incineration,0
2011,LTU,Municipal waste,Incineration,0
2012,LTU,Municipal waste,Incineration,0
2013,LTU,Municipal waste,Incineration,0
2014,LTU,Municipal waste,Incineration,0
2015,LTU,Municipal waste,Incineration,0
2016,LTU,Municipal waste,Incineration,0
2017,LTU,Municipal waste,Incineration,0
2018,LTU,Municipal waste,Incineration,0
2019,LTU,Municipal waste,Incineration,0
2020,LTU,Municipal waste,Incineration,0
2021,LTU,Municipal waste,Incineration,0
2022,LTU,Municipal waste,Incineration,0
2023,LTU,Municipal waste,Incineration,0
2013,LTU,Municipal waste,Incineration,7
2014,LTU,Municipal waste,Incineration,9
2015,LTU,Municipal waste,Incineration,12
2016,LTU,Municipal waste,Incineration,18
2017,LTU,Municipal waste,Incineration,18
2018,LTU,Municipal waste,Incineration,14
2019,LTU,Municipal waste,Incineration,17
2020,LTU,Municipal waste,Incineration,29
2021,LTU,Municipal waste,Incineration,37
2022,LTU,Municipal waste,Incineration,38
2023,LTU,Municipal waste,Incineration,41
2000,LTU,Municipal waste,Landfill,100
2001,LTU,Municipal waste,Landfill,100
2002,LTU,Municipal waste,Landfill,100
2003,LTU,Municipal waste,Landfill,100
2004,LTU,Municipal waste,Landfill,98
2005,LTU,Municipal waste,Landfill,98
2006,LTU,Municipal waste,Landfill,98
2007,LTU,Municipal waste,Landfill,92
2008,LTU,Municipal waste,Landfill,91
2009,LTU,Municipal waste,Landfill,91
2010,LTU,Municipal waste,Landfill,94
2011,LTU,Municipal waste,Landfill,79
2012,LTU,Municipal waste,Landfill,76
2013,LTU,Municipal waste,Landfill,64
2014,LTU,Municipal waste,Landfill,60
2015,LTU,Municipal waste,Landfill,55
2016,LTU,Municipal waste,Landfill,31
2017,LTU,Municipal waste,Landfill,33
2018,LTU,Municipal waste,Landfill,27
2019,LTU,Municipal waste,Landfill,24
2020,LTU,Municipal waste,Landfill,18
2021,LTU,Municipal waste,Landfill,16
2022,LTU,Municipal waste,Landfill,14
2023,LTU,Municipal waste,Landfill,8
2000,LUX,Municipal waste,Compost,14
2001,LUX,Municipal waste,Compost,14
2002,LUX,Municipal waste,Compost,16
2003,LUX,Municipal waste,Compost,19
2004,LUX,Municipal waste,Compost,18
2005,LUX,Municipal waste,Compost,18
2006,LUX,Municipal waste,Compost,18
2007,LUX,Municipal waste,Compost,19
2008,LUX,Municipal waste,Compost,20
2009,LUX,Municipal waste,Compost,20
2010,LUX,Municipal waste,Compost,20
2011,LUX,Municipal waste,Compost,18
2012,LUX,Municipal waste,Compost,20
2013,LUX,Municipal waste,Compost,18
2014,LUX,Municipal waste,Compost,19
2015,LUX,Municipal waste,Compost,18
2016,LUX,Municipal waste,Compost,21
2017,LUX,Municipal waste,Compost,19
2018,LUX,Municipal waste,Compost,19
2019,LUX,Municipal waste,Compost,19
2020,LUX,Municipal waste,Compost,23
2021,LUX,Municipal waste,Compost,25
2022,LUX,Municipal waste,Compost,24
2023,LUX,Municipal waste,Compost,25
2000,LUX,Municipal waste,Incineration,0
2001,LUX,Municipal waste,Incineration,0
2002,LUX,Municipal waste,Incineration,0
2003,LUX,Municipal waste,Incineration,0
2004,LUX,Municipal waste,Incineration,0
2005,LUX,Municipal waste,Incineration,0
2006,LUX,Municipal waste,Incineration,0
2007,LUX,Municipal waste,Incineration,0
2008,LUX,Municipal waste,Incineration,0
2009,LUX,Municipal waste,Incineration,0
2010,LUX,Municipal waste,Incineration,0
2011,LUX,Municipal waste,Incineration,0
2012,LUX,Municipal waste,Incineration,0
2013,LUX,Municipal waste,Incineration,0
2014,LUX,Municipal waste,Incineration,0
2015,LUX,Municipal waste,Incineration,0
2016,LUX,Municipal waste,Incineration,0
2017,LUX,Municipal waste,Incineration,0
2018,LUX,Municipal waste,Incineration,0
2019,LUX,Municipal waste,Incineration,0
2020,LUX,Municipal waste,Incineration,0
2021,LUX,Municipal waste,Incineration,0
2022,LUX,Municipal waste,Incineration,0
2023,LUX,Municipal waste,Incineration,0
2000,LUX,Municipal waste,Incineration,43
2001,LUX,Municipal waste,Incineration,42
2002,LUX,Municipal waste,Incineration,42
2003,LUX,Municipal waste,Incineration,39
2004,LUX,Municipal waste,Incineration,42
2005,LUX,Municipal waste,Incineration,38
2006,LUX,Municipal waste,Incineration,39
2007,LUX,Municipal waste,Incineration,38
2008,LUX,Municipal waste,Incineration,39
2009,LUX,Municipal waste,Incineration,39
2010,LUX,Municipal waste,Incineration,38
2011,LUX,Municipal waste,Incineration,39
2012,LUX,Municipal waste,Incineration,38
2013,LUX,Municipal waste,Incineration,39
2014,LUX,Municipal waste,Incineration,38
2015,LUX,Municipal waste,Incineration,45
2016,LUX,Municipal waste,Incineration,47
2017,LUX,Municipal waste,Incineration,47
2018,LUX,Municipal waste,Incineration,47
2019,LUX,Municipal waste,Incineration,47
2020,LUX,Municipal waste,Incineration,43
2021,LUX,Municipal waste,Incineration,41
2022,LUX,Municipal waste,Incineration,41
2023,LUX,Municipal waste,Incineration,41
2000,LUX,Municipal waste,Landfill,21
2001,LUX,Municipal waste,Landfill,20
2002,LUX,Municipal waste,Landfill,20
2003,LUX,Municipal waste,Landfill,19
2004,LUX,Municipal waste,Landfill,17
2005,LUX,Municipal waste,Landfill,19
2006,LUX,Municipal waste,Landfill,17
2007,LUX,Municipal waste,Landfill,17
2008,LUX,Municipal waste,Landfill,15
2009,LUX,Municipal waste,Landfill,15
2010,LUX,Municipal waste,Landfill,16
2011,LUX,Municipal waste,Landfill,15
2012,LUX,Municipal waste,Landfill,14
2013,LUX,Municipal waste,Landfill,14
2014,LUX,Municipal waste,Landfill,14
2015,LUX,Municipal waste,Landfill,7
2016,LUX,Municipal waste,Landfill,4
2017,LUX,Municipal waste,Landfill,4
2018,LUX,Municipal waste,Landfill,4
2019,LUX,Municipal waste,Landfill,4
2020,LUX,Municipal waste,Landfill,4
2021,LUX,Municipal waste,Landfill,4
2022,LUX,Municipal waste,Landfill,3
2023,LUX,Municipal waste,Landfill,3
2003,LUX,Municipal waste,Other,0
2004,LUX,Municipal waste,Other,0
2005,LUX,Municipal waste,Other,0
2006,LUX,Municipal waste,Other,0
2007,LUX,Municipal waste,Other,0
2008,LUX,Municipal waste,Other,0
2009,LUX,Municipal waste,Other,0
2010,LUX,Municipal waste,Other,0
2011,LUX,Municipal waste,Other,0
2012,LUX,Municipal waste,Other,0
2013,LUX,Municipal waste,Other,0
2014,LUX,Municipal waste,Other,0
2015,LUX,Municipal waste,Other,0
2016,LUX,Municipal waste,Other,0
2017,LUX,Municipal waste,Other,0
2018,LUX,Municipal waste,Other,0
2019,LUX,Municipal waste,Other,0
2020,LUX,Municipal waste,Other,0
2021,LUX,Municipal waste,Other,0
2022,LUX,Municipal waste,Other,0
2023,LUX,Municipal waste,Other,0
2000,LVA,Municipal waste,Compost,0
2001,LVA,Municipal waste,Compost,0
2002,LVA,Municipal waste,Compost,0
2003,LVA,Municipal waste,Compost,0
2004,LVA,Municipal waste,Compost,1
2005,LVA,Municipal waste,Compost,0
2006,LVA,Municipal waste,Compost,1
2007,LVA,Municipal waste,Compost,1
2008,LVA,Municipal waste,Compost,1
2009,LVA,Municipal waste,Compost,0
2010,LVA,Municipal waste,Compost,1
2011,LVA,Municipal waste,Compost,1
2012,LVA,Municipal waste,Compost,2
2013,LVA,Municipal waste,Compost,6
2014,LVA,Municipal waste,Compost,4
2015,LVA,Municipal waste,Compost,6
2016,LVA,Municipal waste,Compost,11
2017,LVA,Municipal waste,Compost,8
2018,LVA,Municipal waste,Compost,7
2019,LVA,Municipal waste,Compost,5
2020,LVA,Municipal waste,Compost,8
2021,LVA,Municipal waste,Compost,8
2022,LVA,Municipal waste,Compost,17
2000,LVA,Municipal waste,Incineration,0
2001,LVA,Municipal waste,Incineration,0
2002,LVA,Municipal waste,Incineration,0
2003,LVA,Municipal waste,Incineration,0
2004,LVA,Municipal waste,Incineration,0
2005,LVA,Municipal waste,Incineration,0
2006,LVA,Municipal waste,Incineration,0
2007,LVA,Municipal waste,Incineration,0
2008,LVA,Municipal waste,Incineration,0
2009,LVA,Municipal waste,Incineration,0
2010,LVA,Municipal waste,Incineration,0
2011,LVA,Municipal waste,Incineration,0
2012,LVA,Municipal waste,Incineration,0
2013,LVA,Municipal waste,Incineration,0
2014,LVA,Municipal waste,Incineration,0
2015,LVA,Municipal waste,Incineration,0
2016,LVA,Municipal waste,Incineration,0
2017,LVA,Municipal waste,Incineration,0
2018,LVA,Municipal waste,Incineration,0
2019,LVA,Municipal waste,Incineration,0
2020,LVA,Municipal waste,Incineration,0
2021,LVA,Municipal waste,Incineration,0
2022,LVA,Municipal waste,Incineration,0
2001,LVA,Municipal waste,Incineration,1
2002,LVA,Municipal waste,Incineration,2
2003,LVA,Municipal waste,Incineration,2
2004,LVA,Municipal waste,Incineration,2
2005,LVA,Municipal waste,Incineration,1
2006,LVA,Municipal waste,Incineration,1
2013,LVA,Municipal waste,Incineration,2
2014,LVA,Municipal waste,Incineration,1
2015,LVA,Municipal waste,Incineration,2
2016,LVA,Municipal waste,Incineration,3
2017,LVA,Municipal waste,Incineration,3
2018,LVA,Municipal waste,Incineration,2
2019,LVA,Municipal waste,Incineration,3
2020,LVA,Municipal waste,Incineration,3
2021,LVA,Municipal waste,Incineration,3
2022,LVA,Municipal waste,Incineration,3
2000,LVA,Municipal waste,Landfill,100
2001,LVA,Municipal waste,Landfill,98
2002,LVA,Municipal waste,Landfill,98
2003,LVA,Municipal waste,Landfill,96
2004,LVA,Municipal waste,Landfill,93
2005,LVA,Municipal waste,Landfill,94
2006,LVA,Municipal waste,Landfill,95
2007,LVA,Municipal waste,Landfill,94
2008,LVA,Municipal waste,Landfill,93
2009,LVA,Municipal waste,Landfill,92
2010,LVA,Municipal waste,Landfill,91
2011,LVA,Municipal waste,Landfill,88
2012,LVA,Municipal waste,Landfill,84
2013,LVA,Municipal waste,Landfill,73
2014,LVA,Municipal waste,Landfill,71
2015,LVA,Municipal waste,Landfill,67
2016,LVA,Municipal waste,Landfill,70
2017,LVA,Municipal waste,Landfill,70
2018,LVA,Municipal waste,Landfill,68
2019,LVA,Municipal waste,Landfill,56
2020,LVA,Municipal waste,Landfill,55
2021,LVA,Municipal waste,Landfill,52
2022,LVA,Municipal waste,Landfill,45
2016,MAC,Municipal waste,Compost,0
2017,MAC,Municipal waste,Compost,0
2018,MAC,Municipal waste,Compost,0
2019,MAC,Municipal waste,Compost,0
2020,MAC,Municipal waste,Compost,0
2021,MAC,Municipal waste,Compost,0
2022,MAC,Municipal waste,Compost,0
2023,MAC,Municipal waste,Compost,0
2000,MAC,Municipal waste,Incineration,100
2001,MAC,Municipal waste,Incineration,100
2002,MAC,Municipal waste,Incineration,100
2003,MAC,Municipal waste,Incineration,100
2004,MAC,Municipal waste,Incineration,100
2005,MAC,Municipal waste,Incineration,100
2006,MAC,Municipal waste,Incineration,100
2007,MAC,Municipal waste,Incineration,100
2008,MAC,Municipal waste,Incineration,100
2009,MAC,Municipal waste,Incineration,100
2010,MAC,Municipal waste,Incineration,100
2011,MAC,Municipal waste,Incineration,100
2012,MAC,Municipal waste,Incineration,100
2013,MAC,Municipal waste,Incineration,100
2014,MAC,Municipal waste,Incineration,99
2015,MAC,Municipal waste,Incineration,99
2016,MAC,Municipal waste,Incineration,99
2017,MAC,Municipal waste,Incineration,99
2018,MAC,Municipal waste,Incineration,99
2019,MAC,Municipal waste,Incineration,99
2020,MAC,Municipal waste,Incineration,98
2021,MAC,Municipal waste,Incineration,97
2022,MAC,Municipal waste,Incineration,95
2023,MAC,Municipal waste,Incineration,96
2008,MAC,Municipal waste,Incineration,99
2009,MAC,Municipal waste,Incineration,99
2010,MAC,Municipal waste,Incineration,99
2011,MAC,Municipal waste,Incineration,99
2012,MAC,Municipal waste,Incineration,99
2013,MAC,Municipal waste,Incineration,99
2014,MAC,Municipal waste,Incineration,98
2015,MAC,Municipal waste,Incineration,98
2016,MAC,Municipal waste,Incineration,98
2017,MAC,Municipal waste,Incineration,98
2018,MAC,Municipal waste,Incineration,98
2019,MAC,Municipal waste,Incineration,98
2020,MAC,Municipal waste,Incineration,97
2021,MAC,Municipal waste,Incineration,96
2022,MAC,Municipal waste,Incineration,94
2023,MAC,Municipal waste,Incineration,95
2000,MAC,Municipal waste,Landfill,22
2001,MAC,Municipal waste,Landfill,21
2002,MAC,Municipal waste,Landfill,21
2003,MAC,Municipal waste,Landfill,21
2004,MAC,Municipal waste,Landfill,22
2005,MAC,Municipal waste,Landfill,23
2006,MAC,Municipal waste,Landfill,23
2007,MAC,Municipal waste,Landfill,21
2008,MAC,Municipal waste,Landfill,20
2009,MAC,Municipal waste,Landfill,23
2010,MAC,Municipal waste,Landfill,22
2011,MAC,Municipal waste,Landfill,22
2012,MAC,Municipal waste,Landfill,22
2013,MAC,Municipal waste,Landfill,22
2014,MAC,Municipal waste,Landfill,24
2015,MAC,Municipal waste,Landfill,28
2016,MAC,Municipal waste,Landfill,26
2017,MAC,Municipal waste,Landfill,23
2018,MAC,Municipal waste,Landfill,23
2019,MAC,Municipal waste,Landfill,22
2020,MAC,Municipal waste,Landfill,28
2021,MAC,Municipal waste,Landfill,24
2022,MAC,Municipal waste,Landfill,24
2023,MAC,Municipal waste,Landfill,20
2000,MCO,Municipal waste,Compost,0
2001,MCO,Municipal waste,Compost,0
2002,MCO,Municipal waste,Compost,0
2003,MCO,Municipal waste,Compost,0
2004,MCO,Municipal waste,Compost,0
2005,MCO,Municipal waste,Compost,0
2006,MCO,Municipal waste,Compost,0
2007,MCO,Municipal waste,Compost,0
2008,MCO,Municipal waste,Compost,0
2009,MCO,Municipal waste,Compost,0
2010,MCO,Municipal waste,Compost,0
2011,MCO,Municipal waste,Compost,0
2012,MCO,Municipal waste,Compost,0
2013,MCO,Municipal waste,Compost,0
2014,MCO,Municipal waste,Compost,0
2015,MCO,Municipal waste,Compost,0
2016,MCO,Municipal waste,Compost,0
2017,MCO,Municipal waste,Compost,0
2018,MCO,Municipal waste,Compost,0
2019,MCO,Municipal waste,Compost,0
2020,MCO,Municipal waste,Compost,0
2021,MCO,Municipal waste,Compost,0
2022,MCO,Municipal waste,Compost,0
2023,MCO,Municipal waste,Compost,0
2000,MCO,Municipal waste,Incineration,100
2001,MCO,Municipal waste,Incineration,100
2002,MCO,Municipal waste,Incineration,100
2003,MCO,Municipal waste,Incineration,100
2004,MCO,Municipal waste,Incineration,100
2005,MCO,Municipal waste,Incineration,100
2006,MCO,Municipal waste,Incineration,100
2007,MCO,Municipal waste,Incineration,100
2008,MCO,Municipal waste,Incineration,100
2009,MCO,Municipal waste,Incineration,100
2010,MCO,Municipal waste,Incineration,100
2011,MCO,Municipal waste,Incineration,100
2012,MCO,Municipal waste,Incineration,100
2013,MCO,Municipal waste,Incineration,100
2014,MCO,Municipal waste,Incineration,100
2015,MCO,Municipal waste,Incineration,100
2016,MCO,Municipal waste,Incineration,100
2017,MCO,Municipal waste,Incineration,100
2018,MCO,Municipal waste,Incineration,100
2019,MCO,Municipal waste,Incineration,100
2020,MCO,Municipal waste,Incineration,100
2021,MCO,Municipal waste,Incineration,100
2022,MCO,Municipal waste,Incineration,100
2023,MCO,Municipal waste,Incineration,100
2000,MCO,Municipal waste,Landfill,0
2001,MCO,Municipal waste,Landfill,0
2002,MCO,Municipal waste,Landfill,0
2003,MCO,Municipal waste,Landfill,0
2004,MCO,Municipal waste,Landfill,0
2005,MCO,Municipal waste,Landfill,0
2006,MCO,Municipal waste,Landfill,0
2007,MCO,Municipal waste,Landfill,0
2008,MCO,Municipal waste,Landfill,0
2009,MCO,Municipal waste,Landfill,0
2010,MCO,Municipal waste,Landfill,0
2011,MCO,Municipal waste,Landfill,0
2012,MCO,Municipal waste,Landfill,0
2013,MCO,Municipal waste,Landfill,0
2014,MCO,Municipal waste,Landfill,0
2015,MCO,Municipal waste,Landfill,0
2016,MCO,Municipal waste,Landfill,0
2017,MCO,Municipal waste,Landfill,0
2018,MCO,Municipal waste,Landfill,0
2019,MCO,Municipal waste,Landfill,0
2020,MCO,Municipal waste,Landfill,0
2021,MCO,Municipal waste,Landfill,0
2022,MCO,Municipal waste,Landfill,0
2023,MCO,Municipal waste,Landfill,0
2000,MCO,Municipal waste,Other,0
2001,MCO,Municipal waste,Other,0
2002,MCO,Municipal waste,Other,0
2003,MCO,Municipal waste,Other,0
2004,MCO,Municipal waste,Other,0
2005,MCO,Municipal waste,Other,0
2006,MCO,Municipal waste,Other,0
2007,MCO,Municipal waste,Other,0
2008,MCO,Municipal waste,Other,0
2009,MCO,Municipal waste,Other,0
2010,MCO,Municipal waste,Other,0
2011,MCO,Municipal waste,Other,0
2012,MCO,Municipal waste,Other,0
2013,MCO,Municipal waste,Other,0
2014,MCO,Municipal waste,Other,0
2015,MCO,Municipal waste,Other,0
2016,MCO,Municipal waste,Other,0
2017,MCO,Municipal waste,Other,0
2018,MCO,Municipal waste,Other,0
2019,MCO,Municipal waste,Other,0
2020,MCO,Municipal waste,Other,0
2021,MCO,Municipal waste,Other,0
2022,MCO,Municipal waste,Other,0
2023,MCO,Municipal waste,Other,0
2020,MDA,Municipal waste,Compost,1
2021,MDA,Municipal waste,Compost,2
2000,MDA,Municipal waste,Landfill,100
2001,MDA,Municipal waste,Landfill,100
2002,MDA,Municipal waste,Landfill,100
2003,MDA,Municipal waste,Landfill,100
2004,MDA,Municipal waste,Landfill,100
2005,MDA,Municipal waste,Landfill,100
2006,MDA,Municipal waste,Landfill,100
2007,MDA,Municipal waste,Landfill,100
2008,MDA,Municipal waste,Landfill,100
2009,MDA,Municipal waste,Landfill,100
2010,MDA,Municipal waste,Landfill,100
2011,MDA,Municipal waste,Landfill,100
2012,MDA,Municipal waste,Landfill,100
2013,MDA,Municipal waste,Landfill,100
2014,MDA,Municipal waste,Landfill,100
2015,MDA,Municipal waste,Landfill,100
2016,MDA,Municipal waste,Landfill,100
2017,MDA,Municipal waste,Landfill,100
2018,MDA,Municipal waste,Landfill,100
2019,MDA,Municipal waste,Landfill,100
2020,MDA,Municipal waste,Landfill,100
2021,MDA,Municipal waste,Landfill,94
2020,MDA,Municipal waste,Landfill,95
2004,MDG,Municipal waste,Compost,0
2007,MDG,Municipal waste,Compost,3
2004,MDG,Municipal waste,Incineration,0
2007,MDG,Municipal waste,Incineration,0
2004,MDG,Municipal waste,Landfill,100
2007,MDG,Municipal waste,Landfill,97
2004,MDG,Municipal waste,Landfill,75
2007,MDG,Municipal waste,Other,0
2000,MEX,Municipal waste,Landfill,47
2001,MEX,Municipal waste,Landfill,48
2002,MEX,Municipal waste,Landfill,48
2003,MEX,Municipal waste,Landfill,53
2004,MEX,Municipal waste,Landfill,54
2005,MEX,Municipal waste,Landfill,53
2006,MEX,Municipal waste,Landfill,55
2007,MEX,Municipal waste,Landfill,57
2008,MEX,Municipal waste,Landfill,58
2009,MEX,Municipal waste,Landfill,58
2010,MEX,Municipal waste,Landfill,62
2011,MEX,Municipal waste,Landfill,64
2012,MEX,Municipal waste,Landfill,66
2000,MEX,Municipal waste,Other,50
2001,MEX,Municipal waste,Other,49
2002,MEX,Municipal waste,Other,49
2003,MEX,Municipal waste,Other,45
2004,MEX,Municipal waste,Other,44
2005,MEX,Municipal waste,Other,44
2006,MEX,Municipal waste,Other,42
2007,MEX,Municipal waste,Other,40
2008,MEX,Municipal waste,Other,38
2009,MEX,Municipal waste,Other,38
2010,MEX,Municipal waste,Other,34
2011,MEX,Municipal waste,Other,32
2012,MEX,Municipal waste,Other,29
2007,MHL,Municipal waste,Compost,6
2007,MHL,Municipal waste,Incineration,0
2004,MTQ,Municipal waste,Compost,0
2005,MTQ,Municipal waste,Compost,1
2006,MTQ,Municipal waste,Compost,3
2007,MTQ,Municipal waste,Compost,3
2008,MTQ,Municipal waste,Compost,3
2009,MTQ,Municipal waste,Compost,7
2010,MTQ,Municipal waste,Compost,7
2011,MTQ,Municipal waste,Compost,7
2012,MTQ,Municipal waste,Compost,8
2013,MTQ,Municipal waste,Compost,9
2014,MTQ,Municipal waste,Compost,10
2015,MTQ,Municipal waste,Compost,11
2016,MTQ,Municipal waste,Compost,13
2017,MTQ,Municipal waste,Compost,15
2018,MTQ,Municipal waste,Compost,15
2019,MTQ,Municipal waste,Compost,15
2020,MTQ,Municipal waste,Compost,13
2021,MTQ,Municipal waste,Compost,10
2004,MTQ,Municipal waste,Incineration,32
2005,MTQ,Municipal waste,Incineration,34
2006,MTQ,Municipal waste,Incineration,37
2007,MTQ,Municipal waste,Incineration,40
2008,MTQ,Municipal waste,Incineration,42
2009,MTQ,Municipal waste,Incineration,52
2010,MTQ,Municipal waste,Incineration,48
2011,MTQ,Municipal waste,Incineration,45
2012,MTQ,Municipal waste,Incineration,44
2013,MTQ,Municipal waste,Incineration,44
2014,MTQ,Municipal waste,Incineration,47
2015,MTQ,Municipal waste,Incineration,51
2016,MTQ,Municipal waste,Incineration,45
2017,MTQ,Municipal waste,Incineration,39
2018,MTQ,Municipal waste,Incineration,39
2019,MTQ,Municipal waste,Incineration,39
2020,MTQ,Municipal waste,Incineration,47
2021,MTQ,Municipal waste,Incineration,56
2004,MTQ,Municipal waste,Landfill,67
2005,MTQ,Municipal waste,Landfill,63
2006,MTQ,Municipal waste,Landfill,58
2007,MTQ,Municipal waste,Landfill,56
2008,MTQ,Municipal waste,Landfill,52
2009,MTQ,Municipal waste,Landfill,39
2010,MTQ,Municipal waste,Landfill,42
2011,MTQ,Municipal waste,Landfill,45
2012,MTQ,Municipal waste,Landfill,44
2013,MTQ,Municipal waste,Landfill,43
2014,MTQ,Municipal waste,Landfill,36
2015,MTQ,Municipal waste,Landfill,29
2016,MTQ,Municipal waste,Landfill,33
2017,MTQ,Municipal waste,Landfill,37
2018,MTQ,Municipal waste,Landfill,37
2019,MTQ,Municipal waste,Landfill,36
2020,MTQ,Municipal waste,Landfill,29
2021,MTQ,Municipal waste,Landfill,22
2004,MTQ,Municipal waste,Other,0
2005,MTQ,Municipal waste,Other,0
2006,MTQ,Municipal waste,Other,1
2007,MTQ,Municipal waste,Other,1
2008,MTQ,Municipal waste,Other,1
2009,MTQ,Municipal waste,Other,0
2010,MTQ,Municipal waste,Other,0
2011,MTQ,Municipal waste,Other,0
2012,MTQ,Municipal waste,Other,0
2013,MTQ,Municipal waste,Other,0
2014,MTQ,Municipal waste,Other,1
2015,MTQ,Municipal waste,Other,3
2016,MTQ,Municipal waste,Other,1
2017,MTQ,Municipal waste,Other,0
2018,MTQ,Municipal waste,Other,0
2019,MTQ,Municipal waste,Other,0
2020,MTQ,Municipal waste,Other,0
2021,MTQ,Municipal waste,Other,0
2000,MUS,Municipal waste,Compost,0
2001,MUS,Municipal waste,Compost,0
2002,MUS,Municipal waste,Compost,0
2003,MUS,Municipal waste,Compost,0
2004,MUS,Municipal waste,Compost,0
2005,MUS,Municipal waste,Compost,0
2006,MUS,Municipal waste,Compost,0
2007,MUS,Municipal waste,Compost,0
2008,MUS,Municipal waste,Compost,0
2009,MUS,Municipal waste,Compost,0
2010,MUS,Municipal waste,Compost,0
2011,MUS,Municipal waste,Compost,0
2012,MUS,Municipal waste,Compost,8
2013,MUS,Municipal waste,Compost,4
2014,MUS,Municipal waste,Compost,9
2015,MUS,Municipal waste,Compost,8
2016,MUS,Municipal waste,Compost,8
2017,MUS,Municipal waste,Compost,3
2018,MUS,Municipal waste,Compost,0
2019,MUS,Municipal waste,Compost,0
2020,MUS,Municipal waste,Compost,0
2021,MUS,Municipal waste,Compost,0
2022,MUS,Municipal waste,Compost,0
2023,MUS,Municipal waste,Compost,0
2000,MUS,Municipal waste,Landfill,100
2001,MUS,Municipal waste,Landfill,100
2002,MUS,Municipal waste,Landfill,97
2003,MUS,Municipal waste,Landfill,100
2004,MUS,Municipal waste,Landfill,100
2005,MUS,Municipal waste,Landfill,100
2006,MUS,Municipal waste,Landfill,100
2007,MUS,Municipal waste,Landfill,98
2008,MUS,Municipal waste,Landfill,98
2009,MUS,Municipal waste,Landfill,97
2010,MUS,Municipal waste,Landfill,100
2011,MUS,Municipal waste,Landfill,100
2012,MUS,Municipal waste,Landfill,92
2013,MUS,Municipal waste,Landfill,96
2014,MUS,Municipal waste,Landfill,91
2015,MUS,Municipal waste,Landfill,92
2016,MUS,Municipal waste,Landfill,92
2017,MUS,Municipal waste,Landfill,97
2018,MUS,Municipal waste,Landfill,100
2019,MUS,Municipal waste,Landfill,97
2020,MUS,Municipal waste,Landfill,98
2021,MUS,Municipal waste,Landfill,97
2022,MUS,Municipal waste,Landfill,100
2023,MUS,Municipal waste,Landfill,95
2015,MYS,Municipal waste,Incineration,0
2016,MYS,Municipal waste,Incineration,0
2017,MYS,Municipal waste,Incineration,0
2018,MYS,Municipal waste,Incineration,38
2019,MYS,Municipal waste,Incineration,58
2020,MYS,Municipal waste,Incineration,1
2021,MYS,Municipal waste,Incineration,1
2022,MYS,Municipal waste,Incineration,1
2023,MYS,Municipal waste,Incineration,1
2000,MYS,Municipal waste,Landfill,95
2001,MYS,Municipal waste,Landfill,95
2002,MYS,Municipal waste,Landfill,95
2003,MYS,Municipal waste,Landfill,95
2004,MYS,Municipal waste,Landfill,95
2005,MYS,Municipal waste,Landfill,95
2006,MYS,Municipal waste,Landfill,95
2007,MYS,Municipal waste,Landfill,95
2008,MYS,Municipal waste,Landfill,95
2009,MYS,Municipal waste,Landfill,95
2010,MYS,Municipal waste,Landfill,403
2011,MYS,Municipal waste,Landfill,383
2012,MYS,Municipal waste,Landfill,406
2013,MYS,Municipal waste,Landfill,416
2014,MYS,Municipal waste,Landfill,409
2015,MYS,Municipal waste,Landfill,399
2016,MYS,Municipal waste,Landfill,408
2017,MYS,Municipal waste,Landfill,422
2018,MYS,Municipal waste,Landfill,55
2019,MYS,Municipal waste,Landfill,49
2020,MYS,Municipal waste,Landfill,75
2021,MYS,Municipal waste,Landfill,81
2022,MYS,Municipal waste,Landfill,96
2023,MYS,Municipal waste,Landfill,98
2000,NER,Municipal waste,Incineration,15
2001,NER,Municipal waste,Incineration,15
2002,NER,Municipal waste,Incineration,15
2003,NER,Municipal waste,Incineration,15
2004,NER,Municipal waste,Incineration,15
2005,NER,Municipal waste,Incineration,15
2000,NER,Municipal waste,Landfill,80
2001,NER,Municipal waste,Landfill,80
2002,NER,Municipal waste,Landfill,80
2003,NER,Municipal waste,Landfill,80
2004,NER,Municipal waste,Landfill,80
2005,NER,Municipal waste,Landfill,80
2000,NLD,Municipal waste,Compost,21
2001,NLD,Municipal waste,Compost,20
2002,NLD,Municipal waste,Compost,21
2003,NLD,Municipal waste,Compost,21
2004,NLD,Municipal waste,Compost,21
2005,NLD,Municipal waste,Compost,21
2006,NLD,Municipal waste,Compost,21
2007,NLD,Municipal waste,Compost,21
2008,NLD,Municipal waste,Compost,24
2009,NLD,Municipal waste,Compost,25
2010,NLD,Municipal waste,Compost,24
2011,NLD,Municipal waste,Compost,25
2012,NLD,Municipal waste,Compost,26
2013,NLD,Municipal waste,Compost,26
2014,NLD,Municipal waste,Compost,27
2015,NLD,Municipal waste,Compost,27
2016,NLD,Municipal waste,Compost,28
2017,NLD,Municipal waste,Compost,28
2018,NLD,Municipal waste,Compost,29
2019,NLD,Municipal waste,Compost,29
2020,NLD,Municipal waste,Compost,29
2021,NLD,Municipal waste,Compost,30
2022,NLD,Municipal waste,Compost,29
2023,NLD,Municipal waste,Compost,31
2000,NLD,Municipal waste,Incineration,27
2001,NLD,Municipal waste,Incineration,28
2002,NLD,Municipal waste,Incineration,27
2003,NLD,Municipal waste,Incineration,29
2004,NLD,Municipal waste,Incineration,29
2005,NLD,Municipal waste,Incineration,29
2006,NLD,Municipal waste,Incineration,29
2007,NLD,Municipal waste,Incineration,28
2008,NLD,Municipal waste,Incineration,41
2009,NLD,Municipal waste,Incineration,41
2010,NLD,Municipal waste,Incineration,19
2011,NLD,Municipal waste,Incineration,8
2012,NLD,Municipal waste,Incineration,1
2013,NLD,Municipal waste,Incineration,1
2014,NLD,Municipal waste,Incineration,1
2015,NLD,Municipal waste,Incineration,1
2016,NLD,Municipal waste,Incineration,1
2017,NLD,Municipal waste,Incineration,1
2018,NLD,Municipal waste,Incineration,1
2019,NLD,Municipal waste,Incineration,1
2020,NLD,Municipal waste,Incineration,1
2021,NLD,Municipal waste,Incineration,1
2022,NLD,Municipal waste,Incineration,1
2023,NLD,Municipal waste,Incineration,1
2008,NLD,Municipal waste,Incineration,9
2009,NLD,Municipal waste,Incineration,9
2010,NLD,Municipal waste,Incineration,30
2011,NLD,Municipal waste,Incineration,42
2012,NLD,Municipal waste,Incineration,48
2013,NLD,Municipal waste,Incineration,48
2014,NLD,Municipal waste,Incineration,47
2015,NLD,Municipal waste,Incineration,46
2016,NLD,Municipal waste,Incineration,44
2017,NLD,Municipal waste,Incineration,43
2018,NLD,Municipal waste,Incineration,42
2019,NLD,Municipal waste,Incineration,41
2020,NLD,Municipal waste,Incineration,41
2021,NLD,Municipal waste,Incineration,40
2022,NLD,Municipal waste,Incineration,40
2023,NLD,Municipal waste,Incineration,39
2000,NLD,Municipal waste,Landfill,8
2001,NLD,Municipal waste,Landfill,7
2002,NLD,Municipal waste,Landfill,7
2003,NLD,Municipal waste,Landfill,2
2004,NLD,Municipal waste,Landfill,1
2005,NLD,Municipal waste,Landfill,1
2006,NLD,Municipal waste,Landfill,2
2007,NLD,Municipal waste,Landfill,2
2008,NLD,Municipal waste,Landfill,2
2009,NLD,Municipal waste,Landfill,2
2010,NLD,Municipal waste,Landfill,2
2011,NLD,Municipal waste,Landfill,2
2012,NLD,Municipal waste,Landfill,1
2013,NLD,Municipal waste,Landfill,1
2014,NLD,Municipal waste,Landfill,1
2015,NLD,Municipal waste,Landfill,1
2016,NLD,Municipal waste,Landfill,1
2017,NLD,Municipal waste,Landfill,1
2018,NLD,Municipal waste,Landfill,1
2019,NLD,Municipal waste,Landfill,1
2020,NLD,Municipal waste,Landfill,1
2021,NLD,Municipal waste,Landfill,1
2022,NLD,Municipal waste,Landfill,1
2023,NLD,Municipal waste,Landfill,1
2000,NOR,Municipal waste,Compost,9
2001,NOR,Municipal waste,Compost,14
2002,NOR,Municipal waste,Compost,14
2003,NOR,Municipal waste,Compost,14
2004,NOR,Municipal waste,Compost,12
2005,NOR,Municipal waste,Compost,13
2006,NOR,Municipal waste,Compost,14
2007,NOR,Municipal waste,Compost,15
2008,NOR,Municipal waste,Compost,15
2009,NOR,Municipal waste,Compost,16
2010,NOR,Municipal waste,Compost,16
2011,NOR,Municipal waste,Compost,15
2012,NOR,Municipal waste,Compost,14
2013,NOR,Municipal waste,Compost,16
2014,NOR,Municipal waste,Compost,16
2015,NOR,Municipal waste,Compost,17
2016,NOR,Municipal waste,Compost,10
2017,NOR,Municipal waste,Compost,10
2018,NOR,Municipal waste,Compost,10
2019,NOR,Municipal waste,Compost,11
2020,NOR,Municipal waste,Compost,10
2021,NOR,Municipal waste,Compost,10
2022,NOR,Municipal waste,Compost,10
2023,NOR,Municipal waste,Compost,10
2000,NOR,Municipal waste,Incineration,0
2001,NOR,Municipal waste,Incineration,0
2002,NOR,Municipal waste,Incineration,0
2003,NOR,Municipal waste,Incineration,0
2004,NOR,Municipal waste,Incineration,0
2005,NOR,Municipal waste,Incineration,0
2006,NOR,Municipal waste,Incineration,0
2007,NOR,Municipal waste,Incineration,0
2008,NOR,Municipal waste,Incineration,0
2009,NOR,Municipal waste,Incineration,0
2010,NOR,Municipal waste,Incineration,0
2011,NOR,Municipal waste,Incineration,0
2012,NOR,Municipal waste,Incineration,0
2013,NOR,Municipal waste,Incineration,0
2014,NOR,Municipal waste,Incineration,0
2015,NOR,Municipal waste,Incineration,0
2016,NOR,Municipal waste,Incineration,0
2017,NOR,Municipal waste,Incineration,0
2018,NOR,Municipal waste,Incineration,0
2019,NOR,Municipal waste,Incineration,0
2020,NOR,Municipal waste,Incineration,0
2021,NOR,Municipal waste,Incineration,0
2022,NOR,Municipal waste,Incineration,0
2023,NOR,Municipal waste,Incineration,0
2000,NOR,Municipal waste,Incineration,15
2001,NOR,Municipal waste,Incineration,30
2002,NOR,Municipal waste,Incineration,31
2003,NOR,Municipal waste,Incineration,33
2004,NOR,Municipal waste,Incineration,31
2005,NOR,Municipal waste,Incineration,33
2006,NOR,Municipal waste,Incineration,32
2007,NOR,Municipal waste,Incineration,37
2008,NOR,Municipal waste,Incineration,38
2009,NOR,Municipal waste,Incineration,41
2010,NOR,Municipal waste,Incineration,50
2011,NOR,Municipal waste,Incineration,56
2012,NOR,Municipal waste,Incineration,56
2013,NOR,Municipal waste,Incineration,57
2014,NOR,Municipal waste,Incineration,53
2015,NOR,Municipal waste,Incineration,52
2016,NOR,Municipal waste,Incineration,54
2017,NOR,Municipal waste,Incineration,53
2018,NOR,Municipal waste,Incineration,51
2019,NOR,Municipal waste,Incineration,49
2020,NOR,Municipal waste,Incineration,46
2021,NOR,Municipal waste,Incineration,50
2022,NOR,Municipal waste,Incineration,51
2023,NOR,Municipal waste,Incineration,47
2000,NOR,Municipal waste,Landfill,55
2001,NOR,Municipal waste,Landfill,25
2002,NOR,Municipal waste,Landfill,24
2003,NOR,Municipal waste,Landfill,21
2004,NOR,Municipal waste,Landfill,20
2005,NOR,Municipal waste,Landfill,18
2006,NOR,Municipal waste,Landfill,18
2007,NOR,Municipal waste,Landfill,19
2008,NOR,Municipal waste,Landfill,18
2009,NOR,Municipal waste,Landfill,14
2010,NOR,Municipal waste,Landfill,6
2011,NOR,Municipal waste,Landfill,2
2012,NOR,Municipal waste,Landfill,2
2013,NOR,Municipal waste,Landfill,2
2014,NOR,Municipal waste,Landfill,3
2015,NOR,Municipal waste,Landfill,3
2016,NOR,Municipal waste,Landfill,4
2017,NOR,Municipal waste,Landfill,3
2018,NOR,Municipal waste,Landfill,3
2019,NOR,Municipal waste,Landfill,4
2020,NOR,Municipal waste,Landfill,2
2021,NOR,Municipal waste,Landfill,3
2022,NOR,Municipal waste,Landfill,3
2023,NOR,Municipal waste,Landfill,5
2000,NOR,Municipal waste,Other,0
2001,NOR,Municipal waste,Other,0
2002,NOR,Municipal waste,Other,0
2003,NOR,Municipal waste,Other,0
2004,NOR,Municipal waste,Other,3
2005,NOR,Municipal waste,Other,2
2006,NOR,Municipal waste,Other,2
2007,NOR,Municipal waste,Other,0
2008,NOR,Municipal waste,Other,0
2009,NOR,Municipal waste,Other,0
2010,NOR,Municipal waste,Other,0
2011,NOR,Municipal waste,Other,0
2012,NOR,Municipal waste,Other,0
2013,NOR,Municipal waste,Other,0
2014,NOR,Municipal waste,Other,0
2015,NOR,Municipal waste,Other,0
2016,NOR,Municipal waste,Other,0
2017,NOR,Municipal waste,Other,0
2018,NOR,Municipal waste,Other,0
2019,NOR,Municipal waste,Other,0
2020,NOR,Municipal waste,Other,0
2021,NOR,Municipal waste,Other,0
2022,NOR,Municipal waste,Other,0
2023,NOR,Municipal waste,Other,0
2002,NZL,Municipal waste,Landfill,100
2003,NZL,Municipal waste,Landfill,100
2004,NZL,Municipal waste,Landfill,100
2006,NZL,Municipal waste,Landfill,100
2010,NZL,Municipal waste,Landfill,100
2011,NZL,Municipal waste,Landfill,100
2012,NZL,Municipal waste,Landfill,100
2013,NZL,Municipal waste,Landfill,100
2014,NZL,Municipal waste,Landfill,100
2015,NZL,Municipal waste,Landfill,100
2016,NZL,Municipal waste,Landfill,100
2017,NZL,Municipal waste,Landfill,100
2018,NZL,Municipal waste,Landfill,100
2019,NZL,Municipal waste,Landfill,100
2020,NZL,Municipal waste,Landfill,100
2021,NZL,Municipal waste,Landfill,100
2022,NZL,Municipal waste,Landfill,100
2023,NZL,Municipal waste,Landfill,100
2023,OMN,Municipal waste,Compost,1
2022,OMN,Municipal waste,Incineration,0
2023,OMN,Municipal waste,Incineration,1
2018,OMN,Municipal waste,Landfill,100
2019,OMN,Municipal waste,Landfill,100
2020,OMN,Municipal waste,Landfill,63
2021,OMN,Municipal waste,Landfill,47
2022,OMN,Municipal waste,Landfill,47
2023,OMN,Municipal waste,Landfill,43
2000,PAN,Municipal waste,Landfill,100
2001,PAN,Municipal waste,Landfill,100
2002,PAN,Municipal waste,Landfill,100
2003,PAN,Municipal waste,Landfill,100
2004,PAN,Municipal waste,Landfill,100
2005,PAN,Municipal waste,Landfill,100
2006,PAN,Municipal waste,Landfill,100
2007,PAN,Municipal waste,Landfill,100
2008,PAN,Municipal waste,Landfill,100
2009,PAN,Municipal waste,Landfill,100
2010,PAN,Municipal waste,Landfill,100
2011,PAN,Municipal waste,Landfill,100
2012,PAN,Municipal waste,Landfill,100
2013,PAN,Municipal waste,Landfill,100
2014,PAN,Municipal waste,Landfill,100
2015,PAN,Municipal waste,Landfill,100
2016,PAN,Municipal waste,Landfill,100
2017,PAN,Municipal waste,Landfill,100
2018,PAN,Municipal waste,Landfill,100
2019,PAN,Municipal waste,Landfill,100
2000,POL,Municipal waste,Compost,2
2001,POL,Municipal waste,Compost,3
2002,POL,Municipal waste,Compost,2
2003,POL,Municipal waste,Compost,1
2004,POL,Municipal waste,Compost,2
2005,POL,Municipal waste,Compost,3
2006,POL,Municipal waste,Compost,4
2007,POL,Municipal waste,Compost,4
2008,POL,Municipal waste,Compost,4
2009,POL,Municipal waste,Compost,2
2010,POL,Municipal waste,Compost,2
2011,POL,Municipal waste,Compost,2
2012,POL,Municipal waste,Compost,2
2013,POL,Municipal waste,Compost,2
2014,POL,Municipal waste,Compost,5
2015,POL,Municipal waste,Compost,6
2016,POL,Municipal waste,Compost,7
2017,POL,Municipal waste,Compost,7
2018,POL,Municipal waste,Compost,8
2019,POL,Municipal waste,Compost,9
2020,POL,Municipal waste,Compost,12
2021,POL,Municipal waste,Compost,13
2022,POL,Municipal waste,Compost,14
2023,POL,Municipal waste,Compost,15
2000,POL,Municipal waste,Incineration,0
2001,POL,Municipal waste,Incineration,0
2002,POL,Municipal waste,Incineration,0
2003,POL,Municipal waste,Incineration,0
2004,POL,Municipal waste,Incineration,0
2005,POL,Municipal waste,Incineration,0
2006,POL,Municipal waste,Incineration,0
2007,POL,Municipal waste,Incineration,0
2008,POL,Municipal waste,Incineration,0
2009,POL,Municipal waste,Incineration,0
2010,POL,Municipal waste,Incineration,0
2011,POL,Municipal waste,Incineration,0
2012,POL,Municipal waste,Incineration,1
2013,POL,Municipal waste,Incineration,2
2014,POL,Municipal waste,Incineration,4
2015,POL,Municipal waste,Incineration,1
2016,POL,Municipal waste,Incineration,1
2017,POL,Municipal waste,Incineration,2
2018,POL,Municipal waste,Incineration,2
2019,POL,Municipal waste,Incineration,1
2020,POL,Municipal waste,Incineration,1
2021,POL,Municipal waste,Incineration,1
2022,POL,Municipal waste,Incineration,1
2023,POL,Municipal waste,Incineration,1
2012,POL,Municipal waste,Incineration,0
2013,POL,Municipal waste,Incineration,6
2014,POL,Municipal waste,Incineration,11
2015,POL,Municipal waste,Incineration,12
2016,POL,Municipal waste,Incineration,18
2017,POL,Municipal waste,Incineration,23
2018,POL,Municipal waste,Incineration,23
2019,POL,Municipal waste,Incineration,21
2020,POL,Municipal waste,Incineration,20
2021,POL,Municipal waste,Incineration,20
2022,POL,Municipal waste,Incineration,20
2023,POL,Municipal waste,Incineration,25
2000,POL,Municipal waste,Landfill,98
2001,POL,Municipal waste,Landfill,96
2002,POL,Municipal waste,Landfill,97
2003,POL,Municipal waste,Landfill,97
2004,POL,Municipal waste,Landfill,95
2005,POL,Municipal waste,Landfill,92
2006,POL,Municipal waste,Landfill,91
2007,POL,Municipal waste,Landfill,90
2008,POL,Municipal waste,Landfill,87
2009,POL,Municipal waste,Landfill,84
2010,POL,Municipal waste,Landfill,80
2011,POL,Municipal waste,Landfill,85
2012,POL,Municipal waste,Landfill,84
2013,POL,Municipal waste,Landfill,74
2014,POL,Municipal waste,Landfill,58
2015,POL,Municipal waste,Landfill,54
2016,POL,Municipal waste,Landfill,46
2017,POL,Municipal waste,Landfill,42
2018,POL,Municipal waste,Landfill,42
2019,POL,Municipal waste,Landfill,43
2020,POL,Municipal waste,Landfill,40
2021,POL,Municipal waste,Landfill,39
2022,POL,Municipal waste,Landfill,38
2023,POL,Municipal waste,Landfill,39
2000,PRT,Municipal waste,Compost,7
2001,PRT,Municipal waste,Compost,8
2002,PRT,Municipal waste,Compost,3
2003,PRT,Municipal waste,Compost,6
2004,PRT,Municipal waste,Compost,7
2005,PRT,Municipal waste,Compost,7
2006,PRT,Municipal waste,Compost,6
2007,PRT,Municipal waste,Compost,6
2008,PRT,Municipal waste,Compost,7
2009,PRT,Municipal waste,Compost,8
2010,PRT,Municipal waste,Compost,7
2011,PRT,Municipal waste,Compost,9
2012,PRT,Municipal waste,Compost,15
2013,PRT,Municipal waste,Compost,13
2014,PRT,Municipal waste,Compost,14
2015,PRT,Municipal waste,Compost,16
2016,PRT,Municipal waste,Compost,18
2017,PRT,Municipal waste,Compost,18
2018,PRT,Municipal waste,Compost,18
2019,PRT,Municipal waste,Compost,18
2020,PRT,Municipal waste,Compost,13
2021,PRT,Municipal waste,Compost,16
2022,PRT,Municipal waste,Compost,16
2023,PRT,Municipal waste,Compost,17
2000,PRT,Municipal waste,Incineration,0
2001,PRT,Municipal waste,Incineration,0
2002,PRT,Municipal waste,Incineration,0
2003,PRT,Municipal waste,Incineration,0
2004,PRT,Municipal waste,Incineration,0
2005,PRT,Municipal waste,Incineration,0
2006,PRT,Municipal waste,Incineration,0
2007,PRT,Municipal waste,Incineration,0
2008,PRT,Municipal waste,Incineration,0
2009,PRT,Municipal waste,Incineration,0
2010,PRT,Municipal waste,Incineration,0
2011,PRT,Municipal waste,Incineration,0
2012,PRT,Municipal waste,Incineration,0
2013,PRT,Municipal waste,Incineration,0
2014,PRT,Municipal waste,Incineration,0
2015,PRT,Municipal waste,Incineration,0
2016,PRT,Municipal waste,Incineration,0
2017,PRT,Municipal waste,Incineration,0
2018,PRT,Municipal waste,Incineration,0
2019,PRT,Municipal waste,Incineration,0
2020,PRT,Municipal waste,Incineration,0
2021,PRT,Municipal waste,Incineration,0
2022,PRT,Municipal waste,Incineration,0
2023,PRT,Municipal waste,Incineration,0
2000,PRT,Municipal waste,Incineration,21
2001,PRT,Municipal waste,Incineration,21
2002,PRT,Municipal waste,Incineration,21
2003,PRT,Municipal waste,Incineration,21
2004,PRT,Municipal waste,Incineration,21
2005,PRT,Municipal waste,Incineration,22
2006,PRT,Municipal waste,Incineration,20
2007,PRT,Municipal waste,Incineration,19
2008,PRT,Municipal waste,Incineration,18
2009,PRT,Municipal waste,Incineration,20
2010,PRT,Municipal waste,Incineration,19
2011,PRT,Municipal waste,Incineration,21
2012,PRT,Municipal waste,Incineration,20
2013,PRT,Municipal waste,Incineration,24
2014,PRT,Municipal waste,Incineration,21
2015,PRT,Municipal waste,Incineration,21
2016,PRT,Municipal waste,Incineration,21
2017,PRT,Municipal waste,Incineration,21
2018,PRT,Municipal waste,Incineration,19
2019,PRT,Municipal waste,Incineration,20
2020,PRT,Municipal waste,Incineration,20
2021,PRT,Municipal waste,Incineration,22
2022,PRT,Municipal waste,Incineration,19
2023,PRT,Municipal waste,Incineration,17
2000,PRT,Municipal waste,Landfill,69
2001,PRT,Municipal waste,Landfill,67
2002,PRT,Municipal waste,Landfill,72
2003,PRT,Municipal waste,Landfill,68
2004,PRT,Municipal waste,Landfill,65
2005,PRT,Municipal waste,Landfill,63
2006,PRT,Municipal waste,Landfill,64
2007,PRT,Municipal waste,Landfill,64
2008,PRT,Municipal waste,Landfill,65
2009,PRT,Municipal waste,Landfill,61
2010,PRT,Municipal waste,Landfill,62
2011,PRT,Municipal waste,Landfill,59
2012,PRT,Municipal waste,Landfill,54
2013,PRT,Municipal waste,Landfill,50
2014,PRT,Municipal waste,Landfill,49
2015,PRT,Municipal waste,Landfill,48
2016,PRT,Municipal waste,Landfill,47
2017,PRT,Municipal waste,Landfill,49
2018,PRT,Municipal waste,Landfill,51
2019,PRT,Municipal waste,Landfill,50
2020,PRT,Municipal waste,Landfill,54
2021,PRT,Municipal waste,Landfill,50
2022,PRT,Municipal waste,Landfill,52
2023,PRT,Municipal waste,Landfill,54
2000,PRT,Municipal waste,Other,0
2001,PRT,Municipal waste,Other,0
2002,PRT,Municipal waste,Other,0
2003,PRT,Municipal waste,Other,0
2004,PRT,Municipal waste,Other,0
2005,PRT,Municipal waste,Other,0
2006,PRT,Municipal waste,Other,0
2007,PRT,Municipal waste,Other,0
2008,PRT,Municipal waste,Other,0
2009,PRT,Municipal waste,Other,0
2010,PRT,Municipal waste,Other,0
2011,PRT,Municipal waste,Other,0
2012,PRT,Municipal waste,Other,0
2013,PRT,Municipal waste,Other,0
2014,PRT,Municipal waste,Other,0
2015,PRT,Municipal waste,Other,0
2016,PRT,Municipal waste,Other,0
2017,PRT,Municipal waste,Other,0
2018,PRT,Municipal waste,Other,0
2019,PRT,Municipal waste,Other,0
2020,PRT,Municipal waste,Other,0
2021,PRT,Municipal waste,Other,0
2022,PRT,Municipal waste,Other,0
2023,PRT,Municipal waste,Other,0
2004,PSE,Municipal waste,Compost,0
2005,PSE,Municipal waste,Compost,0
2006,PSE,Municipal waste,Compost,0
2007,PSE,Municipal waste,Compost,0
2008,PSE,Municipal waste,Compost,0
2009,PSE,Municipal waste,Compost,0
2010,PSE,Municipal waste,Compost,0
2011,PSE,Municipal waste,Compost,0
2012,PSE,Municipal waste,Compost,0
2013,PSE,Municipal waste,Compost,0
2014,PSE,Municipal waste,Compost,0
2015,PSE,Municipal waste,Compost,0
2001,PSE,Municipal waste,Incineration,69
2002,PSE,Municipal waste,Incineration,69
2003,PSE,Municipal waste,Incineration,69
2004,PSE,Municipal waste,Incineration,69
2005,PSE,Municipal waste,Incineration,69
2006,PSE,Municipal waste,Incineration,69
2007,PSE,Municipal waste,Incineration,69
2008,PSE,Municipal waste,Incineration,69
2009,PSE,Municipal waste,Incineration,69
2010,PSE,Municipal waste,Incineration,69
2011,PSE,Municipal waste,Incineration,69
2012,PSE,Municipal waste,Incineration,69
2013,PSE,Municipal waste,Incineration,69
2014,PSE,Municipal waste,Incineration,69
2015,PSE,Municipal waste,Incineration,69
2001,PSE,Municipal waste,Incineration,0
2002,PSE,Municipal waste,Incineration,0
2003,PSE,Municipal waste,Incineration,0
2004,PSE,Municipal waste,Incineration,0
2005,PSE,Municipal waste,Incineration,0
2006,PSE,Municipal waste,Incineration,0
2007,PSE,Municipal waste,Incineration,0
2008,PSE,Municipal waste,Incineration,0
2009,PSE,Municipal waste,Incineration,0
2010,PSE,Municipal waste,Incineration,0
2011,PSE,Municipal waste,Incineration,0
2012,PSE,Municipal waste,Incineration,0
2013,PSE,Municipal waste,Incineration,0
2014,PSE,Municipal waste,Incineration,0
2015,PSE,Municipal waste,Incineration,0
2001,PSE,Municipal waste,Landfill,29
2002,PSE,Municipal waste,Landfill,29
2003,PSE,Municipal waste,Landfill,29
2004,PSE,Municipal waste,Landfill,29
2005,PSE,Municipal waste,Landfill,29
2006,PSE,Municipal waste,Landfill,29
2007,PSE,Municipal waste,Landfill,29
2008,PSE,Municipal waste,Landfill,29
2009,PSE,Municipal waste,Landfill,29
2010,PSE,Municipal waste,Landfill,29
2011,PSE,Municipal waste,Landfill,29
2012,PSE,Municipal waste,Landfill,29
2013,PSE,Municipal waste,Landfill,30
2014,PSE,Municipal waste,Landfill,30
2015,PSE,Municipal waste,Landfill,30
2004,PSE,Municipal waste,Other,0
2005,PSE,Municipal waste,Other,0
2006,PSE,Municipal waste,Other,0
2007,PSE,Municipal waste,Other,0
2008,PSE,Municipal waste,Other,0
2009,PSE,Municipal waste,Other,0
2010,PSE,Municipal waste,Other,0
2011,PSE,Municipal waste,Other,0
2012,PSE,Municipal waste,Other,0
2013,PSE,Municipal waste,Other,0
2014,PSE,Municipal waste,Other,0
2015,PSE,Municipal waste,Other,0
2011,PYF,Municipal waste,Compost,9
2012,PYF,Municipal waste,Compost,10
2013,PYF,Municipal waste,Compost,11
2014,PYF,Municipal waste,Compost,6
2015,PYF,Municipal waste,Compost,0
2011,PYF,Municipal waste,Incineration,0
2012,PYF,Municipal waste,Incineration,0
2013,PYF,Municipal waste,Incineration,0
2014,PYF,Municipal waste,Incineration,0
2015,PYF,Municipal waste,Incineration,0
2011,PYF,Municipal waste,Landfill,30
2012,PYF,Municipal waste,Landfill,31
2013,PYF,Municipal waste,Landfill,32
2014,PYF,Municipal waste,Landfill,22
2015,PYF,Municipal waste,Landfill,7
2011,PYF,Municipal waste,Other,52
2012,PYF,Municipal waste,Other,55
2013,PYF,Municipal waste,Other,57
2014,PYF,Municipal waste,Other,71
2015,PYF,Municipal waste,Other,93
2012,QAT,Municipal waste,Incineration,17
2013,QAT,Municipal waste,Incineration,18
2015,QAT,Municipal waste,Incineration,13
2016,QAT,Municipal waste,Incineration,12
2017,QAT,Municipal waste,Incineration,12
2019,QAT,Municipal waste,Incineration,12
2020,QAT,Municipal waste,Incineration,13
2022,QAT,Municipal waste,Incineration,12
2023,QAT,Municipal waste,Incineration,13
2013,QAT,Municipal waste,Landfill,77
2015,QAT,Municipal waste,Landfill,81
2016,QAT,Municipal waste,Landfill,83
2017,QAT,Municipal waste,Landfill,83
2019,QAT,Municipal waste,Landfill,82
2020,QAT,Municipal waste,Landfill,82
2022,QAT,Municipal waste,Landfill,84
2023,QAT,Municipal waste,Landfill,80
2004,REU,Municipal waste,Compost,6
2005,REU,Municipal waste,Compost,6
2006,REU,Municipal waste,Compost,7
2007,REU,Municipal waste,Compost,7
2008,REU,Municipal waste,Compost,7
2009,REU,Municipal waste,Compost,20
2010,REU,Municipal waste,Compost,21
2011,REU,Municipal waste,Compost,22
2012,REU,Municipal waste,Compost,20
2013,REU,Municipal waste,Compost,18
2014,REU,Municipal waste,Compost,15
2015,REU,Municipal waste,Compost,12
2016,REU,Municipal waste,Compost,9
2017,REU,Municipal waste,Compost,7
2018,REU,Municipal waste,Compost,7
2019,REU,Municipal waste,Compost,7
2020,REU,Municipal waste,Compost,13
2021,REU,Municipal waste,Compost,17
2004,REU,Municipal waste,Incineration,0
2005,REU,Municipal waste,Incineration,0
2006,REU,Municipal waste,Incineration,0
2007,REU,Municipal waste,Incineration,0
2008,REU,Municipal waste,Incineration,0
2009,REU,Municipal waste,Incineration,0
2010,REU,Municipal waste,Incineration,0
2011,REU,Municipal waste,Incineration,1
2012,REU,Municipal waste,Incineration,0
2013,REU,Municipal waste,Incineration,0
2014,REU,Municipal waste,Incineration,0
2015,REU,Municipal waste,Incineration,0
2016,REU,Municipal waste,Incineration,4
2017,REU,Municipal waste,Incineration,8
2018,REU,Municipal waste,Incineration,4
2019,REU,Municipal waste,Incineration,0
2020,REU,Municipal waste,Incineration,0
2021,REU,Municipal waste,Incineration,0
2011,REU,Municipal waste,Incineration,0
2016,REU,Municipal waste,Incineration,0
2017,REU,Municipal waste,Incineration,0
2018,REU,Municipal waste,Incineration,0
2004,REU,Municipal waste,Landfill,90
2005,REU,Municipal waste,Landfill,88
2006,REU,Municipal waste,Landfill,87
2007,REU,Municipal waste,Landfill,86
2008,REU,Municipal waste,Landfill,85
2009,REU,Municipal waste,Landfill,63
2010,REU,Municipal waste,Landfill,61
2011,REU,Municipal waste,Landfill,58
2012,REU,Municipal waste,Landfill,58
2013,REU,Municipal waste,Landfill,58
2014,REU,Municipal waste,Landfill,58
2015,REU,Municipal waste,Landfill,58
2016,REU,Municipal waste,Landfill,52
2017,REU,Municipal waste,Landfill,46
2018,REU,Municipal waste,Landfill,48
2019,REU,Municipal waste,Landfill,49
2020,REU,Municipal waste,Landfill,49
2021,REU,Municipal waste,Landfill,48
2004,REU,Municipal waste,Other,0
2005,REU,Municipal waste,Other,0
2006,REU,Municipal waste,Other,0
2007,REU,Municipal waste,Other,0
2008,REU,Municipal waste,Other,0
2009,REU,Municipal waste,Other,0
2010,REU,Municipal waste,Other,0
2011,REU,Municipal waste,Other,1
2012,REU,Municipal waste,Other,0
2013,REU,Municipal waste,Other,0
2014,REU,Municipal waste,Other,7
2015,REU,Municipal waste,Other,13
2016,REU,Municipal waste,Other,9
2017,REU,Municipal waste,Other,6
2018,REU,Municipal waste,Other,6
2019,REU,Municipal waste,Other,7
2020,REU,Municipal waste,Other,5
2021,REU,Municipal waste,Other,4
2000,ROU,Municipal waste,Compost,0
2001,ROU,Municipal waste,Compost,0
2002,ROU,Municipal waste,Compost,0
2003,ROU,Municipal waste,Compost,0
2004,ROU,Municipal waste,Compost,0
2005,ROU,Municipal waste,Compost,0
2006,ROU,Municipal waste,Compost,0
2007,ROU,Municipal waste,Compost,0
2008,ROU,Municipal waste,Compost,0
2009,ROU,Municipal waste,Compost,0
2010,ROU,Municipal waste,Compost,11
2011,ROU,Municipal waste,Compost,8
2012,ROU,Municipal waste,Compost,13
2013,ROU,Municipal waste,Compost,9
2014,ROU,Municipal waste,Compost,8
2015,ROU,Municipal waste,Compost,7
2016,ROU,Municipal waste,Compost,7
2017,ROU,Municipal waste,Compost,7
2018,ROU,Municipal waste,Compost,4
2019,ROU,Municipal waste,Compost,5
2020,ROU,Municipal waste,Compost,7
2021,ROU,Municipal waste,Compost,5
2022,ROU,Municipal waste,Compost,5
2000,ROU,Municipal waste,Incineration,0
2001,ROU,Municipal waste,Incineration,0
2002,ROU,Municipal waste,Incineration,0
2003,ROU,Municipal waste,Incineration,0
2004,ROU,Municipal waste,Incineration,0
2005,ROU,Municipal waste,Incineration,0
2006,ROU,Municipal waste,Incineration,0
2007,ROU,Municipal waste,Incineration,0
2008,ROU,Municipal waste,Incineration,0
2009,ROU,Municipal waste,Incineration,0
2010,ROU,Municipal waste,Incineration,0
2011,ROU,Municipal waste,Incineration,0
2012,ROU,Municipal waste,Incineration,0
2013,ROU,Municipal waste,Incineration,0
2014,ROU,Municipal waste,Incineration,0
2015,ROU,Municipal waste,Incineration,0
2016,ROU,Municipal waste,Incineration,0
2017,ROU,Municipal waste,Incineration,0
2018,ROU,Municipal waste,Incineration,0
2019,ROU,Municipal waste,Incineration,0
2020,ROU,Municipal waste,Incineration,0
2021,ROU,Municipal waste,Incineration,0
2022,ROU,Municipal waste,Incineration,1
2011,ROU,Municipal waste,Incineration,1
2012,ROU,Municipal waste,Incineration,2
2013,ROU,Municipal waste,Incineration,2
2014,ROU,Municipal waste,Incineration,3
2015,ROU,Municipal waste,Incineration,2
2016,ROU,Municipal waste,Incineration,5
2017,ROU,Municipal waste,Incineration,4
2018,ROU,Municipal waste,Incineration,5
2019,ROU,Municipal waste,Incineration,5
2020,ROU,Municipal waste,Incineration,6
2021,ROU,Municipal waste,Incineration,6
2022,ROU,Municipal waste,Incineration,7
2000,ROU,Municipal waste,Landfill,100
2001,ROU,Municipal waste,Landfill,98
2002,ROU,Municipal waste,Landfill,98
2003,ROU,Municipal waste,Landfill,100
2004,ROU,Municipal waste,Landfill,99
2005,ROU,Municipal waste,Landfill,98
2006,ROU,Municipal waste,Landfill,99
2007,ROU,Municipal waste,Landfill,99
2008,ROU,Municipal waste,Landfill,99
2009,ROU,Municipal waste,Landfill,99
2010,ROU,Municipal waste,Landfill,80
2011,ROU,Municipal waste,Landfill,78
2012,ROU,Municipal waste,Landfill,75
2013,ROU,Municipal waste,Landfill,72
2014,ROU,Municipal waste,Landfill,72
2015,ROU,Municipal waste,Landfill,72
2016,ROU,Municipal waste,Landfill,79
2017,ROU,Municipal waste,Landfill,80
2018,ROU,Municipal waste,Landfill,83
2019,ROU,Municipal waste,Landfill,82
2020,ROU,Municipal waste,Landfill,81
2021,ROU,Municipal waste,Landfill,81
2022,ROU,Municipal waste,Landfill,79
2010,ROU,Municipal waste,Other,0
2011,ROU,Municipal waste,Other,1
2012,ROU,Municipal waste,Other,2
2013,ROU,Municipal waste,Other,9
2014,ROU,Municipal waste,Other,7
2015,ROU,Municipal waste,Other,6
2016,ROU,Municipal waste,Other,0
2017,ROU,Municipal waste,Other,0
2018,ROU,Municipal waste,Other,0
2019,ROU,Municipal waste,Other,0
2020,ROU,Municipal waste,Other,0
2021,ROU,Municipal waste,Other,0
2022,ROU,Municipal waste,Other,0
2000,SGP,Municipal waste,Compost,0
2001,SGP,Municipal waste,Compost,0
2002,SGP,Municipal waste,Compost,0
2003,SGP,Municipal waste,Compost,0
2004,SGP,Municipal waste,Compost,0
2005,SGP,Municipal waste,Compost,0
2006,SGP,Municipal waste,Compost,0
2007,SGP,Municipal waste,Compost,1
2008,SGP,Municipal waste,Compost,1
2009,SGP,Municipal waste,Compost,1
2010,SGP,Municipal waste,Compost,1
2011,SGP,Municipal waste,Compost,1
2012,SGP,Municipal waste,Compost,1
2013,SGP,Municipal waste,Compost,0
2014,SGP,Municipal waste,Compost,0
2015,SGP,Municipal waste,Compost,0
2016,SGP,Municipal waste,Compost,0
2017,SGP,Municipal waste,Compost,0
2018,SGP,Municipal waste,Compost,0
2019,SGP,Municipal waste,Compost,0
2020,SGP,Municipal waste,Compost,0
2021,SGP,Municipal waste,Compost,0
2000,SGP,Municipal waste,Incineration,52
2001,SGP,Municipal waste,Incineration,51
2002,SGP,Municipal waste,Incineration,50
2003,SGP,Municipal waste,Incineration,49
2004,SGP,Municipal waste,Incineration,47
2005,SGP,Municipal waste,Incineration,45
2006,SGP,Municipal waste,Incineration,45
2007,SGP,Municipal waste,Incineration,42
2008,SGP,Municipal waste,Incineration,41
2009,SGP,Municipal waste,Incineration,41
2010,SGP,Municipal waste,Incineration,40
2011,SGP,Municipal waste,Incineration,39
2012,SGP,Municipal waste,Incineration,38
2013,SGP,Municipal waste,Incineration,36
2014,SGP,Municipal waste,Incineration,38
2015,SGP,Municipal waste,Incineration,38
2016,SGP,Municipal waste,Incineration,36
2017,SGP,Municipal waste,Incineration,36
2018,SGP,Municipal waste,Incineration,36
2019,SGP,Municipal waste,Incineration,38
2020,SGP,Municipal waste,Incineration,45
2021,SGP,Municipal waste,Incineration,42
2000,SGP,Municipal waste,Landfill,8
2001,SGP,Municipal waste,Landfill,5
2002,SGP,Municipal waste,Landfill,4
2003,SGP,Municipal waste,Landfill,4
2004,SGP,Municipal waste,Landfill,5
2005,SGP,Municipal waste,Landfill,5
2006,SGP,Municipal waste,Landfill,4
2007,SGP,Municipal waste,Landfill,3
2008,SGP,Municipal waste,Landfill,3
2009,SGP,Municipal waste,Landfill,2
2010,SGP,Municipal waste,Landfill,3
2011,SGP,Municipal waste,Landfill,3
2012,SGP,Municipal waste,Landfill,3
2013,SGP,Municipal waste,Landfill,3
2014,SGP,Municipal waste,Landfill,2
2015,SGP,Municipal waste,Landfill,2
2016,SGP,Municipal waste,Landfill,3
2017,SGP,Municipal waste,Landfill,3
2018,SGP,Municipal waste,Landfill,3
2019,SGP,Municipal waste,Landfill,3
2020,SGP,Municipal waste,Landfill,4
2021,SGP,Municipal waste,Landfill,3
2000,SGP,Municipal waste,Other,0
2001,SGP,Municipal waste,Other,0
2002,SGP,Municipal waste,Other,0
2003,SGP,Municipal waste,Other,0
2004,SGP,Municipal waste,Other,0
2005,SGP,Municipal waste,Other,0
2006,SGP,Municipal waste,Other,0
2007,SGP,Municipal waste,Other,0
2010,SGP,Municipal waste,Other,0
2011,SGP,Municipal waste,Other,0
2012,SGP,Municipal waste,Other,0
2013,SGP,Municipal waste,Other,0
2014,SGP,Municipal waste,Other,0
2015,SGP,Municipal waste,Other,0
2016,SGP,Municipal waste,Other,0
2017,SGP,Municipal waste,Other,0
2018,SGP,Municipal waste,Other,0
2019,SGP,Municipal waste,Other,0
2020,SGP,Municipal waste,Other,0
2021,SGP,Municipal waste,Other,0
2012,SLV,Municipal waste,Compost,1
2013,SLV,Municipal waste,Compost,1
2011,SLV,Municipal waste,Landfill,100
2012,SLV,Municipal waste,Landfill,86
2013,SLV,Municipal waste,Landfill,69
2014,SLV,Municipal waste,Landfill,100
2015,SLV,Municipal waste,Landfill,100
2016,SLV,Municipal waste,Landfill,100
2017,SLV,Municipal waste,Landfill,100
2018,SLV,Municipal waste,Landfill,100
2019,SLV,Municipal waste,Landfill,100
2000,SVK,Municipal waste,Compost,3
2001,SVK,Municipal waste,Compost,3
2002,SVK,Municipal waste,Compost,3
2003,SVK,Municipal waste,Compost,3
2004,SVK,Municipal waste,Compost,3
2005,SVK,Municipal waste,Compost,1
2006,SVK,Municipal waste,Compost,3
2007,SVK,Municipal waste,Compost,4
2008,SVK,Municipal waste,Compost,4
2009,SVK,Municipal waste,Compost,4
2010,SVK,Municipal waste,Compost,3
2011,SVK,Municipal waste,Compost,4
2012,SVK,Municipal waste,Compost,5
2013,SVK,Municipal waste,Compost,4
2014,SVK,Municipal waste,Compost,5
2015,SVK,Municipal waste,Compost,7
2016,SVK,Municipal waste,Compost,8
2017,SVK,Municipal waste,Compost,9
2018,SVK,Municipal waste,Compost,10
2019,SVK,Municipal waste,Compost,12
2020,SVK,Municipal waste,Compost,14
2021,SVK,Municipal waste,Compost,16
2022,SVK,Municipal waste,Compost,17
2023,SVK,Municipal waste,Compost,18
2000,SVK,Municipal waste,Incineration,0
2001,SVK,Municipal waste,Incineration,0
2002,SVK,Municipal waste,Incineration,5
2003,SVK,Municipal waste,Incineration,5
2004,SVK,Municipal waste,Incineration,5
2005,SVK,Municipal waste,Incineration,13
2006,SVK,Municipal waste,Incineration,13
2007,SVK,Municipal waste,Incineration,4
2008,SVK,Municipal waste,Incineration,0
2009,SVK,Municipal waste,Incineration,0
2010,SVK,Municipal waste,Incineration,1
2011,SVK,Municipal waste,Incineration,0
2012,SVK,Municipal waste,Incineration,0
2013,SVK,Municipal waste,Incineration,0
2014,SVK,Municipal waste,Incineration,0
2015,SVK,Municipal waste,Incineration,0
2016,SVK,Municipal waste,Incineration,0
2017,SVK,Municipal waste,Incineration,0
2018,SVK,Municipal waste,Incineration,1
2019,SVK,Municipal waste,Incineration,4
2020,SVK,Municipal waste,Incineration,0
2021,SVK,Municipal waste,Incineration,0
2022,SVK,Municipal waste,Incineration,0
2023,SVK,Municipal waste,Incineration,0
2000,SVK,Municipal waste,Incineration,15
2001,SVK,Municipal waste,Incineration,10
2002,SVK,Municipal waste,Incineration,7
2003,SVK,Municipal waste,Incineration,7
2004,SVK,Municipal waste,Incineration,8
2005,SVK,Municipal waste,Incineration,0
2006,SVK,Municipal waste,Incineration,0
2007,SVK,Municipal waste,Incineration,8
2008,SVK,Municipal waste,Incineration,10
2009,SVK,Municipal waste,Incineration,11
2010,SVK,Municipal waste,Incineration,10
2011,SVK,Municipal waste,Incineration,11
2012,SVK,Municipal waste,Incineration,10
2013,SVK,Municipal waste,Incineration,11
2014,SVK,Municipal waste,Incineration,11
2015,SVK,Municipal waste,Incineration,11
2016,SVK,Municipal waste,Incineration,10
2017,SVK,Municipal waste,Incineration,10
2018,SVK,Municipal waste,Incineration,7
2019,SVK,Municipal waste,Incineration,5
2020,SVK,Municipal waste,Incineration,8
2021,SVK,Municipal waste,Incineration,8
2022,SVK,Municipal waste,Incineration,8
2023,SVK,Municipal waste,Incineration,8
2000,SVK,Municipal waste,Landfill,79
2001,SVK,Municipal waste,Landfill,83
2002,SVK,Municipal waste,Landfill,82
2003,SVK,Municipal waste,Landfill,82
2004,SVK,Municipal waste,Landfill,80
2005,SVK,Municipal waste,Landfill,83
2006,SVK,Municipal waste,Landfill,81
2007,SVK,Municipal waste,Landfill,80
2008,SVK,Municipal waste,Landfill,80
2009,SVK,Municipal waste,Landfill,78
2010,SVK,Municipal waste,Landfill,78
2011,SVK,Municipal waste,Landfill,74
2012,SVK,Municipal waste,Landfill,73
2013,SVK,Municipal waste,Landfill,71
2014,SVK,Municipal waste,Landfill,68
2015,SVK,Municipal waste,Landfill,69
2016,SVK,Municipal waste,Landfill,66
2017,SVK,Municipal waste,Landfill,61
2018,SVK,Municipal waste,Landfill,55
2019,SVK,Municipal waste,Landfill,52
2020,SVK,Municipal waste,Landfill,46
2021,SVK,Municipal waste,Landfill,41
2022,SVK,Municipal waste,Landfill,40
2023,SVK,Municipal waste,Landfill,40
2000,SVK,Municipal waste,Other,0
2001,SVK,Municipal waste,Other,0
2002,SVK,Municipal waste,Other,2
2003,SVK,Municipal waste,Other,0
2004,SVK,Municipal waste,Other,0
2005,SVK,Municipal waste,Other,1
2006,SVK,Municipal waste,Other,0
2007,SVK,Municipal waste,Other,0
2008,SVK,Municipal waste,Other,0
2009,SVK,Municipal waste,Other,0
2010,SVK,Municipal waste,Other,1
2011,SVK,Municipal waste,Other,0
2012,SVK,Municipal waste,Other,0
2013,SVK,Municipal waste,Other,1
2014,SVK,Municipal waste,Other,2
2015,SVK,Municipal waste,Other,0
2016,SVK,Municipal waste,Other,0
2017,SVK,Municipal waste,Other,0
2018,SVK,Municipal waste,Other,0
2019,SVK,Municipal waste,Other,0
2020,SVK,Municipal waste,Other,0
2021,SVK,Municipal waste,Other,0
2022,SVK,Municipal waste,Other,0
2023,SVK,Municipal waste,Other,0
2000,SVN,Municipal waste,Compost,2
2001,SVN,Municipal waste,Compost,2
2002,SVN,Municipal waste,Compost,1
2003,SVN,Municipal waste,Compost,2
2004,SVN,Municipal waste,Compost,2
2005,SVN,Municipal waste,Compost,2
2006,SVN,Municipal waste,Compost,2
2007,SVN,Municipal waste,Compost,2
2008,SVN,Municipal waste,Compost,2
2009,SVN,Municipal waste,Compost,2
2010,SVN,Municipal waste,Compost,2
2011,SVN,Municipal waste,Compost,5
2012,SVN,Municipal waste,Compost,6
2013,SVN,Municipal waste,Compost,7
2014,SVN,Municipal waste,Compost,7
2015,SVN,Municipal waste,Compost,8
2016,SVN,Municipal waste,Compost,18
2017,SVN,Municipal waste,Compost,20
2018,SVN,Municipal waste,Compost,21
2019,SVN,Municipal waste,Compost,20
2020,SVN,Municipal waste,Compost,18
2021,SVN,Municipal waste,Compost,18
2022,SVN,Municipal waste,Compost,19
2023,SVN,Municipal waste,Compost,18
2000,SVN,Municipal waste,Incineration,0
2001,SVN,Municipal waste,Incineration,0
2002,SVN,Municipal waste,Incineration,0
2003,SVN,Municipal waste,Incineration,0
2004,SVN,Municipal waste,Incineration,0
2005,SVN,Municipal waste,Incineration,0
2006,SVN,Municipal waste,Incineration,0
2007,SVN,Municipal waste,Incineration,0
2008,SVN,Municipal waste,Incineration,0
2009,SVN,Municipal waste,Incineration,0
2010,SVN,Municipal waste,Incineration,0
2011,SVN,Municipal waste,Incineration,0
2012,SVN,Municipal waste,Incineration,0
2013,SVN,Municipal waste,Incineration,0
2014,SVN,Municipal waste,Incineration,0
2015,SVN,Municipal waste,Incineration,0
2016,SVN,Municipal waste,Incineration,2
2017,SVN,Municipal waste,Incineration,5
2018,SVN,Municipal waste,Incineration,1
2019,SVN,Municipal waste,Incineration,0
2020,SVN,Municipal waste,Incineration,3
2021,SVN,Municipal waste,Incineration,2
2022,SVN,Municipal waste,Incineration,3
2023,SVN,Municipal waste,Incineration,2
2002,SVN,Municipal waste,Incineration,1
2003,SVN,Municipal waste,Incineration,1
2004,SVN,Municipal waste,Incineration,2
2008,SVN,Municipal waste,Incineration,1
2009,SVN,Municipal waste,Incineration,2
2010,SVN,Municipal waste,Incineration,1
2011,SVN,Municipal waste,Incineration,1
2012,SVN,Municipal waste,Incineration,1
2015,SVN,Municipal waste,Incineration,18
2016,SVN,Municipal waste,Incineration,21
2017,SVN,Municipal waste,Incineration,10
2018,SVN,Municipal waste,Incineration,12
2019,SVN,Municipal waste,Incineration,16
2020,SVN,Municipal waste,Incineration,14
2021,SVN,Municipal waste,Incineration,11
2022,SVN,Municipal waste,Incineration,12
2023,SVN,Municipal waste,Incineration,14
2000,SVN,Municipal waste,Landfill,93
2001,SVN,Municipal waste,Landfill,97
2002,SVN,Municipal waste,Landfill,90
2003,SVN,Municipal waste,Landfill,86
2004,SVN,Municipal waste,Landfill,75
2005,SVN,Municipal waste,Landfill,78
2006,SVN,Municipal waste,Landfill,82
2007,SVN,Municipal waste,Landfill,75
2008,SVN,Municipal waste,Landfill,76
2009,SVN,Municipal waste,Landfill,74
2010,SVN,Municipal waste,Landfill,60
2011,SVN,Municipal waste,Landfill,57
2012,SVN,Municipal waste,Landfill,44
2013,SVN,Municipal waste,Landfill,27
2014,SVN,Municipal waste,Landfill,24
2015,SVN,Municipal waste,Landfill,24
2016,SVN,Municipal waste,Landfill,10
2017,SVN,Municipal waste,Landfill,13
2018,SVN,Municipal waste,Landfill,12
2019,SVN,Municipal waste,Landfill,12
2020,SVN,Municipal waste,Landfill,8
2021,SVN,Municipal waste,Landfill,8
2022,SVN,Municipal waste,Landfill,9
2023,SVN,Municipal waste,Landfill,11
2010,SVN,Municipal waste,Other,0
2011,SVN,Municipal waste,Other,0
2012,SVN,Municipal waste,Other,0
2013,SVN,Municipal waste,Other,0
2014,SVN,Municipal waste,Other,0
2019,SVN,Municipal waste,Other,0
2020,SVN,Municipal waste,Other,0
2021,SVN,Municipal waste,Other,0
2022,SVN,Municipal waste,Other,0
2023,SVN,Municipal waste,Other,0
2000,SWE,Municipal waste,Compost,10
2001,SWE,Municipal waste,Compost,10
2002,SWE,Municipal waste,Compost,9
2003,SWE,Municipal waste,Compost,10
2004,SWE,Municipal waste,Compost,10
2005,SWE,Municipal waste,Compost,11
2006,SWE,Municipal waste,Compost,11
2007,SWE,Municipal waste,Compost,11
2008,SWE,Municipal waste,Compost,12
2009,SWE,Municipal waste,Compost,13
2010,SWE,Municipal waste,Compost,14
2011,SWE,Municipal waste,Compost,14
2012,SWE,Municipal waste,Compost,14
2013,SWE,Municipal waste,Compost,15
2014,SWE,Municipal waste,Compost,16
2015,SWE,Municipal waste,Compost,15
2016,SWE,Municipal waste,Compost,16
2017,SWE,Municipal waste,Compost,15
2018,SWE,Municipal waste,Compost,16
2019,SWE,Municipal waste,Compost,14
2020,SWE,Municipal waste,Compost,18
2021,SWE,Municipal waste,Compost,20
2022,SWE,Municipal waste,Compost,19
2023,SWE,Municipal waste,Compost,19
2000,SWE,Municipal waste,Incineration,0
2001,SWE,Municipal waste,Incineration,0
2002,SWE,Municipal waste,Incineration,0
2003,SWE,Municipal waste,Incineration,0
2004,SWE,Municipal waste,Incineration,0
2005,SWE,Municipal waste,Incineration,0
2006,SWE,Municipal waste,Incineration,0
2007,SWE,Municipal waste,Incineration,0
2008,SWE,Municipal waste,Incineration,0
2009,SWE,Municipal waste,Incineration,0
2010,SWE,Municipal waste,Incineration,0
2011,SWE,Municipal waste,Incineration,0
2012,SWE,Municipal waste,Incineration,0
2013,SWE,Municipal waste,Incineration,0
2014,SWE,Municipal waste,Incineration,0
2015,SWE,Municipal waste,Incineration,0
2016,SWE,Municipal waste,Incineration,0
2017,SWE,Municipal waste,Incineration,0
2018,SWE,Municipal waste,Incineration,0
2019,SWE,Municipal waste,Incineration,0
2020,SWE,Municipal waste,Incineration,0
2021,SWE,Municipal waste,Incineration,0
2022,SWE,Municipal waste,Incineration,0
2023,SWE,Municipal waste,Incineration,0
2000,SWE,Municipal waste,Incineration,39
2001,SWE,Municipal waste,Incineration,38
2002,SWE,Municipal waste,Incineration,40
2003,SWE,Municipal waste,Incineration,45
2004,SWE,Municipal waste,Incineration,47
2005,SWE,Municipal waste,Incineration,50
2006,SWE,Municipal waste,Incineration,47
2007,SWE,Municipal waste,Incineration,49
2008,SWE,Municipal waste,Incineration,51
2009,SWE,Municipal waste,Incineration,49
2010,SWE,Municipal waste,Incineration,51
2011,SWE,Municipal waste,Incineration,52
2012,SWE,Municipal waste,Incineration,53
2013,SWE,Municipal waste,Incineration,51
2014,SWE,Municipal waste,Incineration,50
2015,SWE,Municipal waste,Incineration,52
2016,SWE,Municipal waste,Incineration,51
2017,SWE,Municipal waste,Incineration,53
2018,SWE,Municipal waste,Incineration,53
2019,SWE,Municipal waste,Incineration,53
2020,SWE,Municipal waste,Incineration,61
2021,SWE,Municipal waste,Incineration,60
2022,SWE,Municipal waste,Incineration,59
2023,SWE,Municipal waste,Incineration,59
2000,SWE,Municipal waste,Landfill,23
2001,SWE,Municipal waste,Landfill,23
2002,SWE,Municipal waste,Landfill,20
2003,SWE,Municipal waste,Landfill,14
2004,SWE,Municipal waste,Landfill,9
2005,SWE,Municipal waste,Landfill,5
2006,SWE,Municipal waste,Landfill,5
2007,SWE,Municipal waste,Landfill,4
2008,SWE,Municipal waste,Landfill,3
2009,SWE,Municipal waste,Landfill,1
2010,SWE,Municipal waste,Landfill,1
2011,SWE,Municipal waste,Landfill,1
2012,SWE,Municipal waste,Landfill,1
2013,SWE,Municipal waste,Landfill,1
2014,SWE,Municipal waste,Landfill,1
2015,SWE,Municipal waste,Landfill,1
2016,SWE,Municipal waste,Landfill,1
2017,SWE,Municipal waste,Landfill,0
2018,SWE,Municipal waste,Landfill,1
2019,SWE,Municipal waste,Landfill,1
2020,SWE,Municipal waste,Landfill,0
2021,SWE,Municipal waste,Landfill,0
2022,SWE,Municipal waste,Landfill,1
2023,SWE,Municipal waste,Landfill,1
2019,SWE,Municipal waste,Other,0
2020,SWE,Municipal waste,Other,0
2021,SWE,Municipal waste,Other,0
2022,SWE,Municipal waste,Other,0
2023,SWE,Municipal waste,Other,0
2019,SYC,Municipal waste,Landfill,100
2020,SYC,Municipal waste,Landfill,100
2021,SYC,Municipal waste,Landfill,100
2014,THA,Municipal waste,Compost,3
2015,THA,Municipal waste,Compost,2
2016,THA,Municipal waste,Compost,2
2017,THA,Municipal waste,Compost,3
2018,THA,Municipal waste,Compost,2
2019,THA,Municipal waste,Compost,2
2020,THA,Municipal waste,Compost,3
2021,THA,Municipal waste,Compost,6
2014,THA,Municipal waste,Incineration,2
2015,THA,Municipal waste,Incineration,2
2016,THA,Municipal waste,Incineration,3
2017,THA,Municipal waste,Incineration,4
2018,THA,Municipal waste,Incineration,0
2019,THA,Municipal waste,Incineration,0
2020,THA,Municipal waste,Incineration,0
2021,THA,Municipal waste,Incineration,1
2018,THA,Municipal waste,Incineration,5
2019,THA,Municipal waste,Incineration,5
2020,THA,Municipal waste,Incineration,6
2021,THA,Municipal waste,Incineration,7
2014,THA,Municipal waste,Landfill,66
2015,THA,Municipal waste,Landfill,67
2016,THA,Municipal waste,Landfill,71
2017,THA,Municipal waste,Landfill,63
2018,THA,Municipal waste,Landfill,57
2019,THA,Municipal waste,Landfill,55
2020,THA,Municipal waste,Landfill,62
2021,THA,Municipal waste,Landfill,61
2014,THA,Municipal waste,Other,34
2015,THA,Municipal waste,Other,39
2016,THA,Municipal waste,Other,30
2017,THA,Municipal waste,Other,21
2018,THA,Municipal waste,Other,3
2019,THA,Municipal waste,Other,1
2020,THA,Municipal waste,Other,7
2021,THA,Municipal waste,Other,5
2023,TTO,Municipal waste,Landfill,100
2000,TUN,Municipal waste,Compost,0
2001,TUN,Municipal waste,Compost,0
2002,TUN,Municipal waste,Compost,0
2003,TUN,Municipal waste,Compost,0
2004,TUN,Municipal waste,Compost,0
2000,TUN,Municipal waste,Landfill,100
2001,TUN,Municipal waste,Landfill,100
2002,TUN,Municipal waste,Landfill,100
2003,TUN,Municipal waste,Landfill,100
2004,TUN,Municipal waste,Landfill,100
2000,TUN,Municipal waste,Landfill,51
2001,TUN,Municipal waste,Landfill,58
2003,TUN,Municipal waste,Landfill,62
2000,TUR,Municipal waste,Compost,1
2001,TUR,Municipal waste,Compost,1
2002,TUR,Municipal waste,Compost,2
2003,TUR,Municipal waste,Compost,1
2004,TUR,Municipal waste,Compost,1
2005,TUR,Municipal waste,Compost,1
2006,TUR,Municipal waste,Compost,1
2007,TUR,Municipal waste,Compost,1
2008,TUR,Municipal waste,Compost,1
2009,TUR,Municipal waste,Compost,1
2010,TUR,Municipal waste,Compost,1
2011,TUR,Municipal waste,Compost,1
2012,TUR,Municipal waste,Compost,1
2013,TUR,Municipal waste,Compost,1
2014,TUR,Municipal waste,Compost,0
2015,TUR,Municipal waste,Compost,1
2016,TUR,Municipal waste,Compost,0
2017,TUR,Municipal waste,Compost,0
2018,TUR,Municipal waste,Compost,0
2019,TUR,Municipal waste,Compost,0
2020,TUR,Municipal waste,Compost,0
2021,TUR,Municipal waste,Compost,0
2000,TUR,Municipal waste,Incineration,0
2001,TUR,Municipal waste,Incineration,0
2002,TUR,Municipal waste,Incineration,0
2003,TUR,Municipal waste,Incineration,0
2004,TUR,Municipal waste,Incineration,0
2005,TUR,Municipal waste,Incineration,0
2006,TUR,Municipal waste,Incineration,0
2007,TUR,Municipal waste,Incineration,0
2008,TUR,Municipal waste,Incineration,0
2009,TUR,Municipal waste,Incineration,0
2010,TUR,Municipal waste,Incineration,0
2011,TUR,Municipal waste,Incineration,0
2012,TUR,Municipal waste,Incineration,0
2013,TUR,Municipal waste,Incineration,0
2014,TUR,Municipal waste,Incineration,0
2015,TUR,Municipal waste,Incineration,0
2016,TUR,Municipal waste,Incineration,0
2017,TUR,Municipal waste,Incineration,0
2018,TUR,Municipal waste,Incineration,0
2019,TUR,Municipal waste,Incineration,0
2020,TUR,Municipal waste,Incineration,0
2021,TUR,Municipal waste,Incineration,0
2000,TUR,Municipal waste,Landfill,97
2001,TUR,Municipal waste,Landfill,97
2002,TUR,Municipal waste,Landfill,97
2003,TUR,Municipal waste,Landfill,97
2004,TUR,Municipal waste,Landfill,98
2005,TUR,Municipal waste,Landfill,97
2006,TUR,Municipal waste,Landfill,98
2007,TUR,Municipal waste,Landfill,98
2008,TUR,Municipal waste,Landfill,98
2009,TUR,Municipal waste,Landfill,98
2010,TUR,Municipal waste,Landfill,99
2011,TUR,Municipal waste,Landfill,98
2012,TUR,Municipal waste,Landfill,99
2013,TUR,Municipal waste,Landfill,99
2014,TUR,Municipal waste,Landfill,99
2015,TUR,Municipal waste,Landfill,99
2016,TUR,Municipal waste,Landfill,90
2017,TUR,Municipal waste,Landfill,90
2018,TUR,Municipal waste,Landfill,88
2019,TUR,Municipal waste,Landfill,88
2020,TUR,Municipal waste,Landfill,87
2021,TUR,Municipal waste,Landfill,87
2000,TUR,Municipal waste,Other,2
2001,TUR,Municipal waste,Other,2
2002,TUR,Municipal waste,Other,2
2003,TUR,Municipal waste,Other,2
2004,TUR,Municipal waste,Other,1
2005,TUR,Municipal waste,Other,1
2006,TUR,Municipal waste,Other,1
2007,TUR,Municipal waste,Other,1
2008,TUR,Municipal waste,Other,1
2009,TUR,Municipal waste,Other,1
2010,TUR,Municipal waste,Other,1
2011,TUR,Municipal waste,Other,1
2012,TUR,Municipal waste,Other,1
2013,TUR,Municipal waste,Other,1
2014,TUR,Municipal waste,Other,0
2015,TUR,Municipal waste,Other,0
2016,TUR,Municipal waste,Other,0
2017,TUR,Municipal waste,Other,0
2018,TUR,Municipal waste,Other,0
2019,TUR,Municipal waste,Other,0
2020,TUR,Municipal waste,Other,0
2021,TUR,Municipal waste,Other,0
2011,UGA,Municipal waste,Compost,40
2012,UGA,Municipal waste,Compost,40
2013,UGA,Municipal waste,Compost,40
2014,UGA,Municipal waste,Compost,40
2015,UGA,Municipal waste,Compost,40
2016,UGA,Municipal waste,Compost,40
2017,UGA,Municipal waste,Compost,40
2018,UGA,Municipal waste,Compost,40
2019,UGA,Municipal waste,Compost,40
2020,UGA,Municipal waste,Compost,40
2021,UGA,Municipal waste,Compost,40
2022,UGA,Municipal waste,Compost,40
2023,UGA,Municipal waste,Compost,40
2007,UKR,Municipal waste,Compost,0
2008,UKR,Municipal waste,Compost,0
2009,UKR,Municipal waste,Compost,0
2010,UKR,Municipal waste,Compost,0
2011,UKR,Municipal waste,Compost,0
2012,UKR,Municipal waste,Compost,0
2013,UKR,Municipal waste,Compost,0
2014,UKR,Municipal waste,Compost,0
2015,UKR,Municipal waste,Compost,0
2016,UKR,Municipal waste,Compost,0
2017,UKR,Municipal waste,Compost,0
2018,UKR,Municipal waste,Compost,0
2019,UKR,Municipal waste,Compost,0
2020,UKR,Municipal waste,Compost,0
2021,UKR,Municipal waste,Compost,0
2022,UKR,Municipal waste,Compost,0
2023,UKR,Municipal waste,Compost,0
2010,UKR,Municipal waste,Incineration,3
2011,UKR,Municipal waste,Incineration,2
2012,UKR,Municipal waste,Incineration,2
2013,UKR,Municipal waste,Incineration,1
2014,UKR,Municipal waste,Incineration,1
2015,UKR,Municipal waste,Incineration,2
2016,UKR,Municipal waste,Incineration,2
2017,UKR,Municipal waste,Incineration,2
2018,UKR,Municipal waste,Incineration,2
2019,UKR,Municipal waste,Incineration,2
2020,UKR,Municipal waste,Incineration,1
2021,UKR,Municipal waste,Incineration,1
2022,UKR,Municipal waste,Incineration,1
2023,UKR,Municipal waste,Incineration,2
2007,UKR,Municipal waste,Incineration,2
2008,UKR,Municipal waste,Incineration,4
2009,UKR,Municipal waste,Incineration,3
2010,UKR,Municipal waste,Incineration,2
2011,UKR,Municipal waste,Incineration,1
2012,UKR,Municipal waste,Incineration,1
2007,UKR,Municipal waste,Landfill,96
2008,UKR,Municipal waste,Landfill,93
2009,UKR,Municipal waste,Landfill,122
2010,UKR,Municipal waste,Landfill,123
2011,UKR,Municipal waste,Landfill,68
2012,UKR,Municipal waste,Landfill,67
2013,UKR,Municipal waste,Landfill,66
2014,UKR,Municipal waste,Landfill,55
2015,UKR,Municipal waste,Landfill,54
2016,UKR,Municipal waste,Landfill,53
2017,UKR,Municipal waste,Landfill,57
2018,UKR,Municipal waste,Landfill,60
2019,UKR,Municipal waste,Landfill,60
2020,UKR,Municipal waste,Landfill,60
2021,UKR,Municipal waste,Landfill,58
2022,UKR,Municipal waste,Landfill,55
2023,UKR,Municipal waste,Landfill,62
2010,UKR,Municipal waste,Landfill,81
2011,UKR,Municipal waste,Landfill,42
2012,UKR,Municipal waste,Landfill,37
2013,UKR,Municipal waste,Landfill,36
2014,UKR,Municipal waste,Landfill,32
2015,UKR,Municipal waste,Landfill,37
2016,UKR,Municipal waste,Landfill,36
2017,UKR,Municipal waste,Landfill,39
2018,UKR,Municipal waste,Landfill,41
2019,UKR,Municipal waste,Landfill,43
2020,UKR,Municipal waste,Landfill,41
2021,UKR,Municipal waste,Landfill,39
2022,UKR,Municipal waste,Landfill,37
2023,UKR,Municipal waste,Landfill,40
2010,UKR,Municipal waste,Other,0
2011,UKR,Municipal waste,Other,0
2012,UKR,Municipal waste,Other,0
2013,UKR,Municipal waste,Other,0
2014,UKR,Municipal waste,Other,0
2015,UKR,Municipal waste,Other,0
2016,UKR,Municipal waste,Other,0
2017,UKR,Municipal waste,Other,0
2018,UKR,Municipal waste,Other,0
2019,UKR,Municipal waste,Other,0
2020,UKR,Municipal waste,Other,0
2021,UKR,Municipal waste,Other,0
2022,UKR,Municipal waste,Other,0
2023,UKR,Municipal waste,Other,0
2000,URY,Municipal waste,Compost,0
2000,USA,Municipal waste,Compost,7
2001,USA,Municipal waste,Compost,7
2002,USA,Municipal waste,Compost,7
2003,USA,Municipal waste,Compost,8
2004,USA,Municipal waste,Compost,8
2005,USA,Municipal waste,Compost,8
2006,USA,Municipal waste,Compost,8
2007,USA,Municipal waste,Compost,8
2008,USA,Municipal waste,Compost,9
2009,USA,Municipal waste,Compost,8
2010,USA,Municipal waste,Compost,8
2011,USA,Municipal waste,Compost,8
2012,USA,Municipal waste,Compost,8
2013,USA,Municipal waste,Compost,9
2014,USA,Municipal waste,Compost,9
2015,USA,Municipal waste,Compost,9
2016,USA,Municipal waste,Compost,9
2017,USA,Municipal waste,Compost,10
2018,USA,Municipal waste,Compost,9
2000,USA,Municipal waste,Incineration,0
2001,USA,Municipal waste,Incineration,0
2002,USA,Municipal waste,Incineration,0
2003,USA,Municipal waste,Incineration,0
2004,USA,Municipal waste,Incineration,0
2005,USA,Municipal waste,Incineration,0
2006,USA,Municipal waste,Incineration,0
2007,USA,Municipal waste,Incineration,0
2008,USA,Municipal waste,Incineration,0
2009,USA,Municipal waste,Incineration,0
2010,USA,Municipal waste,Incineration,0
2011,USA,Municipal waste,Incineration,0
2012,USA,Municipal waste,Incineration,0
2013,USA,Municipal waste,Incineration,0
2014,USA,Municipal waste,Incineration,0
2015,USA,Municipal waste,Incineration,0
2016,USA,Municipal waste,Incineration,0
2017,USA,Municipal waste,Incineration,0
2018,USA,Municipal waste,Incineration,0
2000,USA,Municipal waste,Incineration,14
2001,USA,Municipal waste,Incineration,14
2002,USA,Municipal waste,Incineration,14
2003,USA,Municipal waste,Incineration,13
2004,USA,Municipal waste,Incineration,12
2005,USA,Municipal waste,Incineration,12
2006,USA,Municipal waste,Incineration,12
2007,USA,Municipal waste,Incineration,12
2008,USA,Municipal waste,Incineration,12
2009,USA,Municipal waste,Incineration,12
2010,USA,Municipal waste,Incineration,12
2011,USA,Municipal waste,Incineration,13
2012,USA,Municipal waste,Incineration,13
2013,USA,Municipal waste,Incineration,13
2014,USA,Municipal waste,Incineration,13
2015,USA,Municipal waste,Incineration,13
2016,USA,Municipal waste,Incineration,13
2017,USA,Municipal waste,Incineration,13
2018,USA,Municipal waste,Incineration,12
2000,USA,Municipal waste,Landfill,58
2001,USA,Municipal waste,Landfill,57
2002,USA,Municipal waste,Landfill,57
2003,USA,Municipal waste,Landfill,56
2004,USA,Municipal waste,Landfill,57
2005,USA,Municipal waste,Landfill,56
2006,USA,Municipal waste,Landfill,55
2007,USA,Municipal waste,Landfill,54
2008,USA,Municipal waste,Landfill,54
2009,USA,Municipal waste,Landfill,54
2010,USA,Municipal waste,Landfill,54
2011,USA,Municipal waste,Landfill,53
2012,USA,Municipal waste,Landfill,53
2013,USA,Municipal waste,Landfill,53
2014,USA,Municipal waste,Landfill,53
2015,USA,Municipal waste,Landfill,53
2016,USA,Municipal waste,Landfill,52
2017,USA,Municipal waste,Landfill,52
2018,USA,Municipal waste,Landfill,50
2002,VCT,Municipal waste,Incineration,0
2002,VCT,Municipal waste,Landfill,85
2002,VCT,Municipal waste,Other,0
2000,VGB,Municipal waste,Compost,0
2001,VGB,Municipal waste,Compost,0
2002,VGB,Municipal waste,Compost,0
2003,VGB,Municipal waste,Compost,0
2004,VGB,Municipal waste,Compost,0
2005,VGB,Municipal waste,Compost,0
2000,VGB,Municipal waste,Incineration,76
2001,VGB,Municipal waste,Incineration,75
2002,VGB,Municipal waste,Incineration,82
2003,VGB,Municipal waste,Incineration,79
2004,VGB,Municipal waste,Incineration,80
2005,VGB,Municipal waste,Incineration,80
2000,VGB,Municipal waste,Landfill,0
2001,VGB,Municipal waste,Landfill,0
2002,VGB,Municipal waste,Landfill,0
2003,VGB,Municipal waste,Landfill,0
2004,VGB,Municipal waste,Landfill,0
2005,VGB,Municipal waste,Landfill,0
2000,VGB,Municipal waste,Other,24
2001,VGB,Municipal waste,Other,25
2002,VGB,Municipal waste,Other,18
2003,VGB,Municipal waste,Other,21
2004,VGB,Municipal waste,Other,20
2005,VGB,Municipal waste,Other,20
2015,WSM,Municipal waste,Compost,2
2016,WSM,Municipal waste,Compost,1
2017,WSM,Municipal waste,Compost,1
2015,WSM,Municipal waste,Landfill,96
2016,WSM,Municipal waste,Landfill,95
2017,WSM,Municipal waste,Landfill,93
2020,ZAF,Municipal waste,Incineration,0
2021,ZAF,Municipal waste,Incineration,0
2011,ZAF,Municipal waste,Landfill,100
2016,ZAF,Municipal waste,Landfill,100
2017,ZAF,Municipal waste,Landfill,100
2018,ZAF,Municipal waste,Landfill,81
2019,ZAF,Municipal waste,Landfill,79
2020,ZAF,Municipal waste,Landfill,89
2021,ZAF,Municipal waste,Landfill,78
2022,ZAF,Municipal waste,Landfill,81
2023,ZAF,Municipal waste,Landfill,82
2016,ZWE,Municipal waste,Compost,0
2017,ZWE,Municipal waste,Compost,0
2016,ZWE,Municipal waste,Incineration,0
2017,ZWE,Municipal waste,Incineration,1
2017,ZWE,Municipal waste,Incineration,0
2016,ZWE,Municipal waste,Landfill,0
2017,ZWE,Municipal waste,Landfill,0
2016,ZWE,Municipal waste,Other,94
2017,ZWE,Municipal waste,Other,93
2024,AFG,All,Safely treated domestic wastewater flows,6.1
2020,ALB,All,Safely treated domestic wastewater flows,13
2022,ALB,All,Safely treated domestic wastewater flows,19
2024,ALB,All,Safely treated domestic wastewater flows,13
2020,AND,All,Safely treated domestic wastewater flows,100
2022,AND,All,Safely treated domestic wastewater flows,100
2024,AND,All,Safely treated domestic wastewater flows,100
2020,ARE,All,Safely treated domestic wastewater flows,96
2022,ARE,All,Safely treated domestic wastewater flows,95
2024,ARE,All,Safely treated domestic wastewater flows,95
2020,ARG,All,Safely treated domestic wastewater flows,36
2022,ARG,All,Safely treated domestic wastewater flows,36
2024,ARG,All,Safely treated domestic wastewater flows,24
2020,ARM,All,Safely treated domestic wastewater flows,40
2022,ARM,All,Safely treated domestic wastewater flows,57
2024,ARM,All,Safely treated domestic wastewater flows,56
2020,AUS,All,Safely treated domestic wastewater flows,76
2022,AUS,All,Safely treated domestic wastewater flows,96
2024,AUS,All,Safely treated domestic wastewater flows,96
2020,AUT,All,Safely treated domestic wastewater flows,99
2022,AUT,All,Safely treated domestic wastewater flows,98
2024,AUT,All,Safely treated domestic wastewater flows,96
2020,AZE,All,Safely treated domestic wastewater flows,57
2022,AZE,All,Safely treated domestic wastewater flows,41
2024,AZE,All,Safely treated domestic wastewater flows,37
2020,BEL,All,Safely treated domestic wastewater flows,92
2022,BEL,All,Safely treated domestic wastewater flows,85
2024,BEL,All,Safely treated domestic wastewater flows,85
2022,BEN,All,Safely treated domestic wastewater flows,1.4
2024,BEN,All,Safely treated domestic wastewater flows,6.7
2022,BFA,All,Safely treated domestic wastewater flows,2.8
2024,BFA,All,Safely treated domestic wastewater flows,2.1
2020,BGD,All,Safely treated domestic wastewater flows,16
2022,BGD,All,Safely treated domestic wastewater flows,18
2024,BGD,All,Safely treated domestic wastewater flows,16
2020,BGR,All,Safely treated domestic wastewater flows,79
2022,BGR,All,Safely treated domestic wastewater flows,72
2024,BGR,All,Safely treated domestic wastewater flows,75
2020,BHR,All,Safely treated domestic wastewater flows,96
2022,BHR,All,Safely treated domestic wastewater flows,93
2024,BHR,All,Safely treated domestic wastewater flows,94
2020,BIH,All,Safely treated domestic wastewater flows,47
2022,BIH,All,Safely treated domestic wastewater flows,65
2024,BIH,All,Safely treated domestic wastewater flows,65
2020,BLR,All,Safely treated domestic wastewater flows,56
2022,BLR,All,Safely treated domestic wastewater flows,80
2024,BLR,All,Safely treated domestic wastewater flows,83
2020,BMU,All,Safely treated domestic wastewater flows,1.5
2022,BMU,All,Safely treated domestic wastewater flows,1.5
2024,BMU,All,Safely treated domestic wastewater flows,1.5
2020,BOL,All,Safely treated domestic wastewater flows,58
2020,BRA,All,Safely treated domestic wastewater flows,33
2022,BRA,All,Safely treated domestic wastewater flows,43
2020,BTN,All,Safely treated domestic wastewater flows,41
2022,BTN,All,Safely treated domestic wastewater flows,40
2024,BTN,All,Safely treated domestic wastewater flows,49
2020,CAN,All,Safely treated domestic wastewater flows,77
2022,CAN,All,Safely treated domestic wastewater flows,69
2024,CAN,All,Safely treated domestic wastewater flows,68
2020,CHE,All,Safely treated domestic wastewater flows,99
2022,CHE,All,Safely treated domestic wastewater flows,99
2024,CHE,All,Safely treated domestic wastewater flows,99
2020,CHL,All,Safely treated domestic wastewater flows,91
2022,CHL,All,Safely treated domestic wastewater flows,89
2024,CHL,All,Safely treated domestic wastewater flows,88
2020,CHN,All,Safely treated domestic wastewater flows,65
2022,CHN,All,Safely treated domestic wastewater flows,62
2024,CHN,All,Safely treated domestic wastewater flows,64
2022,CIV,All,Safely treated domestic wastewater flows,17
2024,CIV,All,Safely treated domestic wastewater flows,18
2020,COD,All,Safely treated domestic wastewater flows,12
2022,COD,All,Safely treated domestic wastewater flows,16
2024,COD,All,Safely treated domestic wastewater flows,16
2020,COL,All,Safely treated domestic wastewater flows,21
2022,COL,All,Safely treated domestic wastewater flows,19
2024,COL,All,Safely treated domestic wastewater flows,17
2020,CRI,All,Safely treated domestic wastewater flows,23
2022,CRI,All,Safely treated domestic wastewater flows,25
2024,CRI,All,Safely treated domestic wastewater flows,24
2020,CUB,All,Safely treated domestic wastewater flows,24
2022,CUB,All,Safely treated domestic wastewater flows,34
2024,CUB,All,Safely treated domestic wastewater flows,33
2020,CZE,All,Safely treated domestic wastewater flows,90
2022,CZE,All,Safely treated domestic wastewater flows,91
2024,CZE,All,Safely treated domestic wastewater flows,91
2020,DEU,All,Safely treated domestic wastewater flows,99
2022,DEU,All,Safely treated domestic wastewater flows,99
2024,DEU,All,Safely treated domestic wastewater flows,99
2020,DNK,All,Safely treated domestic wastewater flows,96
2022,DNK,All,Safely treated domestic wastewater flows,99
2024,DNK,All,Safely treated domestic wastewater flows,99
2022,DOM,All,Safely treated domestic wastewater flows,40
2024,DOM,All,Safely treated domestic wastewater flows,35
2020,DZA,All,Safely treated domestic wastewater flows,76
2022,DZA,All,Safely treated domestic wastewater flows,76
2024,DZA,All,Safely treated domestic wastewater flows,76
2020,ECU,All,Safely treated domestic wastewater flows,31
2020,EGY,All,Safely treated domestic wastewater flows,46
2022,EGY,All,Safely treated domestic wastewater flows,74
2024,EGY,All,Safely treated domestic wastewater flows,63
2020,ESP,All,Safely treated domestic wastewater flows,86
2022,ESP,All,Safely treated domestic wastewater flows,80
2024,ESP,All,Safely treated domestic wastewater flows,81
2022,ETH,All,Safely treated domestic wastewater flows,3
2024,ETH,All,Safely treated domestic wastewater flows,3
2020,FIN,All,Safely treated domestic wastewater flows,92
2022,FIN,All,Safely treated domestic wastewater flows,90
2024,FIN,All,Safely treated domestic wastewater flows,90
2020,FRA,All,Safely treated domestic wastewater flows,93
2022,FRA,All,Safely treated domestic wastewater flows,88
2024,FRA,All,Safely treated domestic wastewater flows,87
2020,GBR,All,Safely treated domestic wastewater flows,99
2022,GBR,All,Safely treated domestic wastewater flows,97
2024,GBR,All,Safely treated domestic wastewater flows,97
2020,GEO,All,Safely treated domestic wastewater flows,46
2022,GEO,All,Safely treated domestic wastewater flows,49
2024,GEO,All,Safely treated domestic wastewater flows,50
2020,GHA,All,Safely treated domestic wastewater flows,12
2022,GHA,All,Safely treated domestic wastewater flows,12
2024,GHA,All,Safely treated domestic wastewater flows,16
2020,GRC,All,Safely treated domestic wastewater flows,93
2022,GRC,All,Safely treated domestic wastewater flows,90
2024,GRC,All,Safely treated domestic wastewater flows,92
2022,GUY,All,Safely treated domestic wastewater flows,32
2024,GUY,All,Safely treated domestic wastewater flows,33
2020,HRV,All,Safely treated domestic wastewater flows,60
2022,HRV,All,Safely treated domestic wastewater flows,34
2024,HRV,All,Safely treated domestic wastewater flows,34
2020,HUN,All,Safely treated domestic wastewater flows,90
2022,HUN,All,Safely treated domestic wastewater flows,82
2024,HUN,All,Safely treated domestic wastewater flows,72
2020,IND,All,Safely treated domestic wastewater flows,27
2022,IND,All,Safely treated domestic wastewater flows,21
2024,IND,All,Safely treated domestic wastewater flows,29
2020,IRL,All,Safely treated domestic wastewater flows,83
2022,IRL,All,Safely treated domestic wastewater flows,52
2024,IRL,All,Safely treated domestic wastewater flows,51
2020,IRN,All,Safely treated domestic wastewater flows,22
2022,IRN,All,Safely treated domestic wastewater flows,25
2024,IRN,All,Safely treated domestic wastewater flows,26
2020,IRQ,All,Safely treated domestic wastewater flows,37
2022,IRQ,All,Safely treated domestic wastewater flows,42
2024,IRQ,All,Safely treated domestic wastewater flows,42
2020,ISL,All,Safely treated domestic wastewater flows,73
2022,ISL,All,Safely treated domestic wastewater flows,3
2024,ISL,All,Safely treated domestic wastewater flows,1.6
2020,ISR,All,Safely treated domestic wastewater flows,93
2022,ISR,All,Safely treated domestic wastewater flows,97
2024,ISR,All,Safely treated domestic wastewater flows,95
2020,ITA,All,Safely treated domestic wastewater flows,95
2022,ITA,All,Safely treated domestic wastewater flows,70
2024,ITA,All,Safely treated domestic wastewater flows,71
2020,JOR,All,Safely treated domestic wastewater flows,82
2022,JOR,All,Safely treated domestic wastewater flows,77
2024,JOR,All,Safely treated domestic wastewater flows,77
2020,JPN,All,Safely treated domestic wastewater flows,98
2022,JPN,All,Safely treated domestic wastewater flows,92
2024,JPN,All,Safely treated domestic wastewater flows,99
2020,KAZ,All,Safely treated domestic wastewater flows,36
2022,KAZ,All,Safely treated domestic wastewater flows,36
2024,KAZ,All,Safely treated domestic wastewater flows,30
2022,KEN,All,Safely treated domestic wastewater flows,11
2024,KEN,All,Safely treated domestic wastewater flows,11
2020,KGZ,All,Safely treated domestic wastewater flows,19
2022,KGZ,All,Safely treated domestic wastewater flows,19
2024,KGZ,All,Safely treated domestic wastewater flows,22
2022,KHM,All,Safely treated domestic wastewater flows,47
2020,KIR,All,Safely treated domestic wastewater flows,31
2022,KIR,All,Safely treated domestic wastewater flows,33
2024,KIR,All,Safely treated domestic wastewater flows,33
2020,KOR,All,Safely treated domestic wastewater flows,100
2022,KOR,All,Safely treated domestic wastewater flows,99
2024,KOR,All,Safely treated domestic wastewater flows,99
2020,KWT,All,Safely treated domestic wastewater flows,85
2022,KWT,All,Safely treated domestic wastewater flows,100
2024,KWT,All,Safely treated domestic wastewater flows,100
2020,LIE,All,Safely treated domestic wastewater flows,98
2024,LSO,All,Safely treated domestic wastewater flows,3
2020,LTU,All,Safely treated domestic wastewater flows,93
2022,LTU,All,Safely treated domestic wastewater flows,97
2024,LTU,All,Safely treated domestic wastewater flows,96
2020,LVA,All,Safely treated domestic wastewater flows,93
2022,LVA,All,Safely treated domestic wastewater flows,87
2024,LVA,All,Safely treated domestic wastewater flows,96
2020,MCO,All,Safely treated domestic wastewater flows,97
2022,MCO,All,Safely treated domestic wastewater flows,97
2024,MCO,All,Safely treated domestic wastewater flows,94
2020,MDG,All,Safely treated domestic wastewater flows,9.3
2022,MDG,All,Safely treated domestic wastewater flows,11
2024,MDG,All,Safely treated domestic wastewater flows,11
2020,MEX,All,Safely treated domestic wastewater flows,60
2022,MEX,All,Safely treated domestic wastewater flows,64
2024,MEX,All,Safely treated domestic wastewater flows,64
2020,MKD,All,Safely treated domestic wastewater flows,9.1
2022,MKD,All,Safely treated domestic wastewater flows,4.9
2024,MKD,All,Safely treated domestic wastewater flows,4.9
2022,MLI,All,Safely treated domestic wastewater flows,6.1
2024,MLI,All,Safely treated domestic wastewater flows,6.3
2020,MLT,All,Safely treated domestic wastewater flows,15
2022,MLT,All,Safely treated domestic wastewater flows,1.1
2024,MLT,All,Safely treated domestic wastewater flows,7
2022,MMR,All,Safely treated domestic wastewater flows,15
2024,MMR,All,Safely treated domestic wastewater flows,15
2020,MNE,All,Safely treated domestic wastewater flows,45
2022,MNE,All,Safely treated domestic wastewater flows,55
2024,MNE,All,Safely treated domestic wastewater flows,31
2020,MNG,All,Safely treated domestic wastewater flows,10
2022,MNG,All,Safely treated domestic wastewater flows,26
2024,MNG,All,Safely treated domestic wastewater flows,53
2024,MOZ,All,Safely treated domestic wastewater flows,22
2020,MUS,All,Safely treated domestic wastewater flows,13
2022,MUS,All,Safely treated domestic wastewater flows,19
2024,MUS,All,Safely treated domestic wastewater flows,27
2020,MWI,All,Safely treated domestic wastewater flows,6.5
2022,MWI,All,Safely treated domestic wastewater flows,6.3
2024,MWI,All,Safely treated domestic wastewater flows,6.4
2020,MYS,All,Safely treated domestic wastewater flows,88
2022,MYS,All,Safely treated domestic wastewater flows,89
2024,MYS,All,Safely treated domestic wastewater flows,91
2020,NER,All,Safely treated domestic wastewater flows,4
2022,NER,All,Safely treated domestic wastewater flows,8.6
2024,NER,All,Safely treated domestic wastewater flows,6.8
2020,NGA,All,Safely treated domestic wastewater flows,48
2022,NGA,All,Safely treated domestic wastewater flows,41
2024,NGA,All,Safely treated domestic wastewater flows,41
2022,NIC,All,Safely treated domestic wastewater flows,32
2024,NIC,All,Safely treated domestic wastewater flows,29
2020,NLD,All,Safely treated domestic wastewater flows,100
2022,NLD,All,Safely treated domestic wastewater flows,100
2024,NLD,All,Safely treated domestic wastewater flows,100
2020,NOR,All,Safely treated domestic wastewater flows,76
2022,NOR,All,Safely treated domestic wastewater flows,76
2024,NOR,All,Safely treated domestic wastewater flows,74
2020,NPL,All,Safely treated domestic wastewater flows,37
2022,NPL,All,Safely treated domestic wastewater flows,39
2024,NPL,All,Safely treated domestic wastewater flows,30
2020,NZL,All,Safely treated domestic wastewater flows,85
2022,NZL,All,Safely treated domestic wastewater flows,84
2024,NZL,All,Safely treated domestic wastewater flows,85
2022,PAK,All,Safely treated domestic wastewater flows,38
2022,PER,All,Safely treated domestic wastewater flows,49
2024,PER,All,Safely treated domestic wastewater flows,52
2020,PHL,All,Safely treated domestic wastewater flows,43
2022,PHL,All,Safely treated domestic wastewater flows,67
2024,PHL,All,Safely treated domestic wastewater flows,68
2022,PNG,All,Safely treated domestic wastewater flows,5.1
2024,PNG,All,Safely treated domestic wastewater flows,7.3
2020,POL,All,Safely treated domestic wastewater flows,82
2022,POL,All,Safely treated domestic wastewater flows,77
2024,POL,All,Safely treated domestic wastewater flows,79
2020,PRT,All,Safely treated domestic wastewater flows,74
2022,PRT,All,Safely treated domestic wastewater flows,88
2024,PRT,All,Safely treated domestic wastewater flows,85
2022,PRY,All,Safely treated domestic wastewater flows,25
2024,PRY,All,Safely treated domestic wastewater flows,27
2020,QAT,All,Safely treated domestic wastewater flows,100
2022,QAT,All,Safely treated domestic wastewater flows,100
2024,QAT,All,Safely treated domestic wastewater flows,100
2020,RUS,All,Safely treated domestic wastewater flows,13
2022,RUS,All,Safely treated domestic wastewater flows,15
2024,RUS,All,Safely treated domestic wastewater flows,21
2020,SAU,All,Safely treated domestic wastewater flows,80
2022,SAU,All,Safely treated domestic wastewater flows,85
2024,SAU,All,Safely treated domestic wastewater flows,58
2020,SEN,All,Safely treated domestic wastewater flows,14
2022,SEN,All,Safely treated domestic wastewater flows,7.8
2024,SEN,All,Safely treated domestic wastewater flows,17
2020,SGP,All,Safely treated domestic wastewater flows,100
2022,SGP,All,Safely treated domestic wastewater flows,100
2024,SGP,All,Safely treated domestic wastewater flows,100
2020,SLE,All,Safely treated domestic wastewater flows,8.4
2022,SLE,All,Safely treated domestic wastewater flows,15
2024,SLE,All,Safely treated domestic wastewater flows,16
2020,SLV,All,Safely treated domestic wastewater flows,13
2020,SRB,All,Safely treated domestic wastewater flows,27
2022,SRB,All,Safely treated domestic wastewater flows,36
2024,SRB,All,Safely treated domestic wastewater flows,34
2020,SWE,All,Safely treated domestic wastewater flows,95
2022,SWE,All,Safely treated domestic wastewater flows,97
2024,SWE,All,Safely treated domestic wastewater flows,93
2020,TGO,All,Safely treated domestic wastewater flows,15
2022,TGO,All,Safely treated domestic wastewater flows,15
2024,TGO,All,Safely treated domestic wastewater flows,16
2020,THA,All,Safely treated domestic wastewater flows,24
2022,THA,All,Safely treated domestic wastewater flows,25
2024,THA,All,Safely treated domestic wastewater flows,34
2020,TON,All,Safely treated domestic wastewater flows,29
2022,TON,All,Safely treated domestic wastewater flows,30
2024,TON,All,Safely treated domestic wastewater flows,30
2020,TUN,All,Safely treated domestic wastewater flows,60
2022,TUN,All,Safely treated domestic wastewater flows,73
2024,TUN,All,Safely treated domestic wastewater flows,76
2020,TUR,All,Safely treated domestic wastewater flows,63
2022,TUR,All,Safely treated domestic wastewater flows,65
2024,TUR,All,Safely treated domestic wastewater flows,63
2022,TZA,All,Safely treated domestic wastewater flows,7.7
2024,TZA,All,Safely treated domestic wastewater flows,16
2022,UGA,All,Safely treated domestic wastewater flows,3.7
2024,UGA,All,Safely treated domestic wastewater flows,3.9
2020,USA,All,Safely treated domestic wastewater flows,91
2022,USA,All,Safely treated domestic wastewater flows,98
2024,USA,All,Safely treated domestic wastewater flows,98
2020,UZB,All,Safely treated domestic wastewater flows,32
2022,VNM,All,Safely treated domestic wastewater flows,40
2024,VNM,All,Safely treated domestic wastewater flows,41
2024,VUT,All,Safely treated domestic wastewater flows,13
2020,WSM,All,Safely treated domestic wastewater flows,47
2022,WSM,All,Safely treated domestic wastewater flows,43
2024,WSM,All,Safely treated domestic wastewater flows,44
2020,YEM,All,Safely treated domestic wastewater flows,34
2022,YEM,All,Safely treated domestic wastewater flows,28
2020,ZAF,All,Safely treated domestic wastewater flows,61
2022,ZAF,All,Safely treated domestic wastewater flows,41
2024,ZAF,All,Safely treated domestic wastewater flows,22
2020,ZWE,All,Safely treated domestic wastewater flows,23
2022,ZWE,All,Safely treated domestic wastewater flows,55
2024,ZWE,All,Safely treated domestic wastewater flows,55
