year,geo,value,projections,benchmark_low,benchmark_mid,benchmark_high
2012,WLD,28.865979381443296,,,,
2013,WLD,28.865979381443296,,,,
2014,WLD,25.252525252525253,,,,
2015,WLD,30.392156862745097,,,,
2016,WLD,36.283185840707965,,,,
2017,WLD,33.6283185840708,,,,
2018,WLD,33.6283185840708,,,,
2019,WLD,28.57142857142857,,,,
2020,WLD,29.6875,,,,
2021,WLD,28.776978417266186,,,,
2022,WLD,28.57142857142857,,,,
2027,WLD,,23.7,,,
