year,geo,value,projections,benchmark_low,benchmark_mid,benchmark_high
2006,WLD,25.423728813559322,,,,
2008,WLD,22.35294117647059,,,,
2010,WLD,21.27659574468085,,,,
2012,WLD,23.0,,,,
2015,WLD,23.52941176470588,,,,
2017,WLD,22.608695652173914,,,,
2019,WLD,26.495726495726498,,,,
2021,WLD,29.166666666666668,,,,
2030,WLD,,43.9,,,
