year,geo,value,projections,benchmark_low,benchmark_mid,benchmark_high
2012,WLD,47.42268041237113,,,,
2013,WLD,47.42268041237113,,,,
2014,WLD,52.52525252525253,,,,
2015,WLD,44.11764705882353,,,,
2016,WLD,46.017699115044245,,,,
2017,WLD,45.13274336283185,,,,
2018,WLD,45.13274336283185,,,,
2019,WLD,40.476190476190474,,,,
2020,WLD,42.96875,,,,
2021,WLD,37.410071942446045,,,,
2022,WLD,37.142857142857146,,,,
2027,WLD,,27.55,,,
