year,geo,value
2016,WLD,14.772582700672157
2017,WLD,15.490115883912065
2018,WLD,17.614199240266252
2019,WLD,17.74540675852237
