year,geo,value,projections,benchmark_low,benchmark_mid,benchmark_high
2012,WLD,41.23711340206185,,,,
2013,WLD,41.23711340206185,,,,
2014,WLD,39.39393939393939,,,,
2015,WLD,41.17647058823529,,,,
2016,WLD,46.017699115044245,,,,
2017,WLD,44.24778761061947,,,,
2018,WLD,44.24778761061947,,,,
2019,WLD,44.44444444444444,,,,
2020,WLD,44.53125,,,,
2021,WLD,43.884892086330936,,,,
2022,WLD,42.857142857142854,,,,
2030,WLD,,40.18,,,
