year,geo,value,projections,benchmark_low,benchmark_mid,benchmark_high
2012,WLD,16.53480393835725,,,,
2013,WLD,16.459679995823954,,,,
2014,WLD,16.934912755447616,,,,
2015,WLD,10.272044289134614,,,,
2016,WLD,18.262090108048366,,,,
2017,WLD,17.324670722406367,,,,
2018,WLD,17.24780479583217,,,,
2019,WLD,16.6196513909306,,,,
2020,WLD,17.596538903982168,,,,
2021,WLD,15.277054067305547,,,,
2030,WLD,,11.90520478545907,,,
