year,geo,value,projections,benchmark_low,benchmark_mid,benchmark_high
2012,WLD,45.36082474226804,,,,
2013,WLD,45.36082474226804,,,,
2014,WLD,32.323232323232325,,,,
2015,WLD,35.294117647058826,,,,
2016,WLD,39.823008849557525,,,,
2017,WLD,39.823008849557525,,,,
2018,WLD,39.823008849557525,,,,
2019,WLD,37.301587301587304,,,,
2020,WLD,37.5,,,,
2021,WLD,38.1294964028777,,,,
2022,WLD,37.857142857142854,,,,
2027,WLD,,36.31,,,
