year,geo,value,projections,benchmark_low,benchmark_mid,benchmark_high
2015,ALB,1,,,,
2020,ANT,0,,,,
2007,ARE,0,,,,
2007,ARE,0,,,,
2007,ARE,0,,,,
2011,ARG,0,,,,
2015,ARG,0,,,,
2013,ARG,1,,,,
1998,ARG,0,,,,
1989,ARG,0,,,,
1989,ARG,1,,,,
2011,ARG,0,,,,
2011,ARG,0,,,,
2005,ARG,0,,,,
2005,ARG,0,,,,
1999,ARG,1,,,,
2013,ARG,1,,,,
2015,ARG,0,,,,
2015,ARG,0,,,,
2018,ARG,1,,,,
2008,ARG,0,,,,
2016,ARG,0,,,,
2014,ARG,1,,,,
2014,ARG,1,,,,
1993,ARG,0,,,,
1996,ARG,1,,,,
2006,ARG,1,,,,
2019,ARG,0,,,,
2006,ARG,1,,,,
2006,ARG,1,,,,
2006,ARG,1,,,,
2011,ARG,1,,,,
2011,ARG,1,,,,
2012,ARG,1,,,,
2012,ARG,0,,,,
2015,ARG,0,,,,
2008,ARG,0,,,,
2001,ARG,1,,,,
1997,ARG,1,,,,
2015,ARG,1,,,,
2015,ARG,1,,,,
2001,ARG,1,,,,
2001,ARG,1,,,,
2001,ARG,1,,,,
2001,ARG,1,,,,
2012,ARG,1,,,,
2012,ARG,1,,,,
2012,ARG,1,,,,
2011,ARG,1,,,,
2011,ARG,1,,,,
2011,ARG,1,,,,
2011,ARG,1,,,,
2004,ARG,1,,,,
2004,ARG,1,,,,
2004,ARG,1,,,,
2004,ARG,1,,,,
2004,ARG,1,,,,
2004,ARG,1,,,,
2004,ARG,1,,,,
2004,ARG,1,,,,
2004,ARG,1,,,,
2004,ARG,1,,,,
2004,ARG,1,,,,
2004,ARG,1,,,,
2013,ARG,1,,,,
2011,ARG,1,,,,
2019,ARG,1,,,,
2019,ARG,1,,,,
2011,ARG,1,,,,
2011,ARG,1,,,,
2011,ARG,1,,,,
2011,ARG,1,,,,
2009,ARG,1,,,,
2020,ARG,1,,,,
2020,ARG,1,,,,
2020,ARG,1,,,,
2020,ARG,1,,,,
2018,ARG,1,,,,
2008,ARG,1,,,,
2008,ARG,0,,,,
2008,ARG,1,,,,
1997,ARG,1,,,,
2014,ARG,1,,,,
2014,ARG,1,,,,
2010,ARG,1,,,,
2010,ARG,1,,,,
2010,ARG,1,,,,
2004,ARG,1,,,,
2004,ARG,1,,,,
2010,ARG,1,,,,
2010,ARG,1,,,,
2010,ARG,1,,,,
2009,ARG,0,,,,
2009,ARG,0,,,,
2015,ARG,1,,,,
2015,ARG,1,,,,
2014,ARG,1,,,,
2014,ARG,1,,,,
2014,ARG,1,,,,
2015,ARG,1,,,,
2015,ARG,1,,,,
2015,ARG,1,,,,
2017,ARG,0,,,,
2019,ARG,1,,,,
2016,ARG,1,,,,
2016,ARG,1,,,,
2011,ARG,1,,,,
2011,ARG,1,,,,
2000,ARG,1,,,,
2000,ARG,1,,,,
2014,ARG,0,,,,
2006,ARG,1,,,,
2006,ARG,1,,,,
2013,ARG,0,,,,
1994,ARG,1,,,,
2013,ARG,1,,,,
2013,ARG,1,,,,
2013,ARG,1,,,,
2016,ARG,0,,,,
2016,ARG,1,,,,
2007,ARG,1,,,,
2012,ARG,1,,,,
2012,ARG,1,,,,
2012,ARG,1,,,,
2012,ARG,1,,,,
2011,ARG,1,,,,
2011,ARG,1,,,,
2009,ASM,0,,,,
2011,ATA,0,,,,
2007,ATG,0,,,,
2003,AUS,1,,,,
1994,AUS,1,,,,
2014,AUS,1,,,,
2014,AUS,0,,,,
2016,AUS,1,,,,
2016,AUS,1,,,,
2016,AUS,1,,,,
2016,AUS,1,,,,
2015,AUS,1,,,,
2015,AUS,1,,,,
2015,AUS,1,,,,
2018,AUS,1,,,,
2018,AUS,1,,,,
1999,AUS,0,,,,
2002,AUS,0,,,,
2018,AUS,1,,,,
2019,AUS,1,,,,
2019,AUS,1,,,,
2019,AUS,0,,,,
2008,AUS,1,,,,
2008,AUS,1,,,,
2018,AUS,1,,,,
2018,AUS,0,,,,
2018,AUS,1,,,,
2018,AUS,1,,,,
2018,AUS,0,,,,
2019,AUS,1,,,,
2017,AUS,1,,,,
2017,AUS,1,,,,
2017,AUS,0,,,,
2017,AUS,1,,,,
2010,AUS,0,,,,
2017,AUS,0,,,,
2017,AUS,1,,,,
2017,AUS,1,,,,
2017,AUS,1,,,,
2017,AUS,0,,,,
2017,AUS,0,,,,
2017,AUS,0,,,,
2017,AUS,1,,,,
2017,AUS,1,,,,
2017,AUS,1,,,,
2017,AUS,1,,,,
2017,AUS,1,,,,
2017,AUS,1,,,,
2014,AUS,1,,,,
2014,AUS,0,,,,
2017,AUS,0,,,,
2017,AUS,1,,,,
2014,AUS,1,,,,
2014,AUS,1,,,,
2014,AUS,1,,,,
2014,AUS,1,,,,
2016,AUS,1,,,,
2015,AUS,1,,,,
2016,AUS,1,,,,
2016,AUS,1,,,,
2014,AUS,1,,,,
2007,AUS,1,,,,
2007,AUS,0,,,,
2007,AUS,0,,,,
2010,AUS,1,,,,
2010,AUS,0,,,,
2010,AUS,0,,,,
2010,AUS,0,,,,
2010,AUS,0,,,,
2011,AUS,1,,,,
2011,AUS,1,,,,
2011,AUS,1,,,,
2011,AUS,1,,,,
2011,AUS,1,,,,
2011,AUS,1,,,,
2011,AUS,1,,,,
2011,AUS,1,,,,
2011,AUS,0,,,,
2011,AUS,0,,,,
2011,AUS,0,,,,
2011,AUS,0,,,,
2011,AUS,0,,,,
2011,AUS,0,,,,
2011,AUS,0,,,,
2011,AUS,0,,,,
2011,AUS,0,,,,
2011,AUS,1,,,,
2011,AUS,1,,,,
2011,AUS,0,,,,
2011,AUS,0,,,,
2011,AUS,0,,,,
2011,AUS,1,,,,
2011,AUS,1,,,,
2011,AUS,1,,,,
2011,AUS,0,,,,
2011,AUS,0,,,,
2011,AUS,1,,,,
2011,AUS,1,,,,
2011,AUS,1,,,,
2011,AUS,1,,,,
2011,AUS,1,,,,
2011,AUS,1,,,,
2011,AUS,1,,,,
2011,AUS,1,,,,
2011,AUS,1,,,,
2011,AUS,1,,,,
2011,AUS,1,,,,
2011,AUS,0,,,,
2011,AUS,0,,,,
2011,AUS,1,,,,
2014,AUS,0,,,,
2014,AUS,0,,,,
2017,AUS,0,,,,
2006,AUS,1,,,,
2014,AUS,0,,,,
2004,AUS,1,,,,
2008,AUS,0,,,,
2009,AUS,1,,,,
2012,AUS,1,,,,
2009,AUS,1,,,,
2015,AUS,1,,,,
2011,AUS,0,,,,
2011,AUS,0,,,,
2011,AUS,0,,,,
2015,AUS,0,,,,
2011,AUS,0,,,,
2011,AUS,0,,,,
2014,AUS,0,,,,
2013,AUS,0,,,,
2015,AUS,0,,,,
1994,AUS,0,,,,
2011,AUS,0,,,,
2011,AUS,0,,,,
1998,AUS,0,,,,
2009,AUS,0,,,,
2008,AUS,0,,,,
2008,AUS,0,,,,
2009,AUS,0,,,,
2004,AUS,0,,,,
2008,AUS,0,,,,
2010,AUS,0,,,,
2009,AUS,0,,,,
2010,AUS,0,,,,
2011,AUS,0,,,,
2012,AUS,0,,,,
2012,AUS,0,,,,
2006,AUS,0,,,,
2013,AUS,0,,,,
2014,AUS,0,,,,
2010,AUS,0,,,,
2009,AUS,0,,,,
2004,AUS,0,,,,
2007,AUS,0,,,,
2015,AUS,0,,,,
2007,AUS,0,,,,
2009,AUS,0,,,,
2014,AUS,0,,,,
2014,AUS,0,,,,
2007,AUS,0,,,,
2010,AUS,0,,,,
2014,AUS,0,,,,
2013,AUS,0,,,,
2010,AUS,0,,,,
2001,AUS,0,,,,
2015,AUS,0,,,,
2008,AUS,1,,,,
2010,AUS,1,,,,
2011,AUS,1,,,,
2009,AUS,1,,,,
2011,AUS,1,,,,
2011,AUS,1,,,,
2014,AUS,1,,,,
2011,AUS,1,,,,
2006,AUS,1,,,,
2008,AUS,1,,,,
2009,AUS,1,,,,
2010,AUS,1,,,,
2008,AUS,1,,,,
2013,AUS,1,,,,
2015,AUS,1,,,,
2013,AUS,1,,,,
2013,AUS,1,,,,
2011,AUS,1,,,,
2011,AUS,1,,,,
2012,AUS,1,,,,
2009,AUS,1,,,,
2010,AUS,1,,,,
2008,AUS,1,,,,
2009,AUS,1,,,,
1996,AUS,0,,,,
2012,AUS,1,,,,
2008,AUS,0,,,,
2012,AUS,0,,,,
2009,AUS,0,,,,
2007,AUS,0,,,,
1998,AUS,0,,,,
1982,AUS,0,,,,
1982,AUS,0,,,,
2009,AUS,0,,,,
2010,AUS,1,,,,
2009,AUS,0,,,,
1984,AUS,0,,,,
2008,AUS,0,,,,
2010,AUS,1,,,,
1984,AUS,1,,,,
1984,AUS,1,,,,
1996,AUS,0,,,,
1984,AUS,1,,,,
1998,AUS,1,,,,
2006,AUS,1,,,,
2007,AUS,1,,,,
1971,AUS,1,,,,
2005,AUS,0,,,,
2009,AUS,1,,,,
2009,AUS,1,,,,
2009,AUS,1,,,,
2012,AUS,1,,,,
2014,AUS,1,,,,
2013,AUS,1,,,,
2012,AUS,1,,,,
2011,AUS,0,,,,
1997,AUS,0,,,,
2005,AUS,0,,,,
2001,AUS,0,,,,
2011,AUS,0,,,,
2008,AUS,0,,,,
2008,AUS,0,,,,
2007,AUS,0,,,,
2008,AUS,1,,,,
2014,AUS,0,,,,
2014,AUS,1,,,,
2006,AUS,1,,,,
2008,AUS,0,,,,
1975,AUS,1,,,,
2009,AUS,0,,,,
2005,AUS,0,,,,
2005,AUS,1,,,,
2005,AUS,0,,,,
2002,AUS,0,,,,
2000,AUS,0,,,,
,AUS,0,,,,
2015,AUS,0,,,,
2002,AUS,0,,,,
2007,AUS,0,,,,
2014,AUS,0,,,,
2007,AUS,0,,,,
2010,AUS,1,,,,
2007,AUS,0,,,,
2007,AUS,0,,,,
,AUS,0,,,,
2011,AUS,1,,,,
2019,AUS,1,,,,
2001,AUS,1,,,,
2016,AUS,0,,,,
2013,AUS,0,,,,
2019,AUS,1,,,,
2016,AUS,0,,,,
2016,AUS,0,,,,
2016,AUS,1,,,,
2016,AUS,0,,,,
2015,AUS,1,,,,
2012,AUS,1,,,,
2012,AUS,1,,,,
2009,AUS,1,,,,
2002,AUS,0,,,,
2002,AUS,1,,,,
2003,AUS,1,,,,
2003,AUS,1,,,,
2003,AUS,1,,,,
2003,AUS,1,,,,
2003,AUS,1,,,,
2003,AUS,1,,,,
2004,AUS,1,,,,
2004,AUS,1,,,,
2002,AUS,1,,,,
2004,AUS,1,,,,
2006,AUS,1,,,,
2006,AUS,1,,,,
2009,AUS,1,,,,
2009,AUS,1,,,,
2008,AUS,0,,,,
2006,AUS,1,,,,
2006,AUS,1,,,,
2006,AUS,1,,,,
2006,AUS,1,,,,
2006,AUS,1,,,,
2006,AUS,1,,,,
2006,AUS,1,,,,
2006,AUS,1,,,,
2006,AUS,1,,,,
2001,AUS,0,,,,
2016,AUS,1,,,,
2016,AUS,1,,,,
2010,AUS,1,,,,
2007,AUS,1,,,,
2002,AUS,1,,,,
2006,AUS,1,,,,
2002,AUS,1,,,,
2007,AUS,1,,,,
2012,AUS,1,,,,
2012,AUS,1,,,,
2012,AUS,1,,,,
2012,AUS,1,,,,
2012,AUS,1,,,,
2007,AUS,1,,,,
2015,AUS,1,,,,
2015,AUS,1,,,,
2006,AUS,0,,,,
2006,AUS,1,,,,
2006,AUS,1,,,,
2006,AUS,1,,,,
2006,AUS,1,,,,
2006,AUS,1,,,,
2005,AUS,0,,,,
2005,AUS,0,,,,
2016,AUS,1,,,,
2016,AUS,1,,,,
2016,AUS,1,,,,
2018,AUS,0,,,,
2010,AUS,1,,,,
2007,AUS,1,,,,
2012,AUS,0,,,,
2013,AUS,1,,,,
2013,AUS,1,,,,
2010,AUS,1,,,,
2010,AUS,1,,,,
2010,AUS,1,,,,
2010,AUS,1,,,,
2019,AUS,0,,,,
2009,AUS,0,,,,
1997,AUS,1,,,,
2017,AUS,0,,,,
2017,AUS,0,,,,
2017,AUS,0,,,,
2017,AUS,0,,,,
2001,AUS,0,,,,
2008,AUS,1,,,,
2012,AUS,1,,,,
2012,AUS,1,,,,
2012,AUS,0,,,,
2012,AUS,0,,,,
2012,AUS,0,,,,
2012,AUS,1,,,,
2012,AUS,1,,,,
2012,AUS,1,,,,
2012,AUS,1,,,,
2012,AUS,0,,,,
2012,AUS,0,,,,
2012,AUS,0,,,,
2012,AUS,0,,,,
2012,AUS,0,,,,
2012,AUS,0,,,,
2012,AUS,0,,,,
2012,AUS,0,,,,
2012,AUS,0,,,,
2012,AUS,0,,,,
2012,AUS,0,,,,
2012,AUS,0,,,,
2012,AUS,0,,,,
2012,AUS,0,,,,
2011,AUS,0,,,,
2017,AUS,1,,,,
2017,AUS,1,,,,
2017,AUS,1,,,,
2017,AUS,1,,,,
2019,AUS,0,,,,
2016,AUS,0,,,,
2019,AUS,0,,,,
2019,AUS,0,,,,
2013,AUS,1,,,,
2016,AUS,0,,,,
2013,AUS,1,,,,
2011,AUS,0,,,,
2011,AUS,0,,,,
2011,AUS,0,,,,
2011,AUS,0,,,,
2011,AUS,0,,,,
2011,AUS,1,,,,
2011,AUS,0,,,,
2019,AUS,1,,,,
2019,AUS,1,,,,
2012,AUS,1,,,,
2012,AUS,1,,,,
2012,AUS,0,,,,
2012,AUS,1,,,,
2012,AUS,1,,,,
2012,AUS,1,,,,
2012,AUS,1,,,,
2012,AUS,0,,,,
2012,AUS,0,,,,
2012,AUS,0,,,,
2012,AUS,0,,,,
2012,AUS,0,,,,
2012,AUS,0,,,,
2012,AUS,0,,,,
2012,AUS,0,,,,
2012,AUS,0,,,,
2012,AUS,0,,,,
2012,AUS,0,,,,
2012,AUS,0,,,,
2012,AUS,0,,,,
2012,AUS,0,,,,
2012,AUS,0,,,,
2012,AUS,0,,,,
2012,AUS,0,,,,
2012,AUS,0,,,,
2012,AUS,0,,,,
2012,AUS,0,,,,
2012,AUS,0,,,,
2012,AUS,1,,,,
2012,AUS,0,,,,
2012,AUS,1,,,,
2012,AUS,1,,,,
2012,AUS,1,,,,
2012,AUS,1,,,,
2012,AUS,1,,,,
2012,AUS,1,,,,
2012,AUS,1,,,,
2012,AUS,1,,,,
2012,AUS,1,,,,
2012,AUS,1,,,,
2008,AUS,0,,,,
2016,AUS,0,,,,
2016,AUS,0,,,,
2016,AUS,0,,,,
2016,AUS,1,,,,
2016,AUS,1,,,,
2016,AUS,1,,,,
2016,AUS,0,,,,
2016,AUS,0,,,,
2016,AUS,0,,,,
2016,AUS,0,,,,
2016,AUS,0,,,,
2016,AUS,1,,,,
2016,AUS,0,,,,
2016,AUS,0,,,,
2016,AUS,0,,,,
2016,AUS,1,,,,
2016,AUS,1,,,,
2016,AUS,1,,,,
2016,AUS,0,,,,
2016,AUS,0,,,,
2016,AUS,1,,,,
2016,AUS,1,,,,
2016,AUS,1,,,,
2017,AUS,1,,,,
2017,AUS,0,,,,
2017,AUS,1,,,,
2017,AUS,1,,,,
2017,AUS,1,,,,
2017,AUS,1,,,,
2017,AUS,1,,,,
2017,AUS,1,,,,
2017,AUS,1,,,,
2017,AUS,1,,,,
2017,AUS,1,,,,
2017,AUS,1,,,,
2017,AUS,1,,,,
2017,AUS,1,,,,
2017,AUS,1,,,,
2017,AUS,1,,,,
2017,AUS,1,,,,
2017,AUS,1,,,,
2015,AUS,1,,,,
2013,AUS,1,,,,
2017,AUS,1,,,,
2017,AUS,1,,,,
2017,AUS,1,,,,
2017,AUS,0,,,,
2017,AUS,0,,,,
2006,AUS,1,,,,
2019,AUS,1,,,,
2019,AUS,1,,,,
2019,AUS,1,,,,
2019,AUS,1,,,,
2019,AUS,1,,,,
2019,AUS,1,,,,
2019,AUS,1,,,,
2010,AUS,0,,,,
2019,AUS,1,,,,
2019,AUS,1,,,,
2017,AUS,0,,,,
2016,AUS,1,,,,
2016,AUS,1,,,,
2016,AUS,1,,,,
2018,AUS,1,,,,
1985,AUS,0,,,,
1985,AUS,1,,,,
2013,AUS,1,,,,
2012,AUS,1,,,,
2012,AUS,1,,,,
2012,AUS,1,,,,
2012,AUS,1,,,,
2012,AUS,1,,,,
2012,AUS,1,,,,
2012,AUS,1,,,,
2012,AUS,1,,,,
2012,AUS,1,,,,
2014,AUS,1,,,,
2014,AUS,1,,,,
2014,AUS,1,,,,
2014,AUS,1,,,,
2014,AUS,1,,,,
2014,AUS,1,,,,
2014,AUS,1,,,,
2014,AUS,1,,,,
2014,AUS,1,,,,
2014,AUS,1,,,,
2007,AUS,0,,,,
2007,AUS,1,,,,
2007,AUS,0,,,,
2009,AUS,0,,,,
2008,AUS,0,,,,
2012,AUS,0,,,,
2011,AUS,0,,,,
2018,AUS,1,,,,
2018,AUS,0,,,,
2018,AUS,0,,,,
2018,AUS,0,,,,
2018,AUS,0,,,,
2018,AUS,0,,,,
2018,AUS,0,,,,
2018,AUS,0,,,,
2018,AUS,0,,,,
2018,AUS,0,,,,
2018,AUS,0,,,,
2018,AUS,0,,,,
2018,AUS,0,,,,
2018,AUS,0,,,,
2018,AUS,0,,,,
2018,AUS,0,,,,
2018,AUS,0,,,,
2018,AUS,0,,,,
2018,AUS,1,,,,
2018,AUS,0,,,,
2018,AUS,0,,,,
2018,AUS,0,,,,
2018,AUS,0,,,,
2018,AUS,1,,,,
2018,AUS,1,,,,
2018,AUS,0,,,,
2018,AUS,1,,,,
2018,AUS,0,,,,
2018,AUS,0,,,,
2018,AUS,0,,,,
2018,AUS,0,,,,
2016,AUS,1,,,,
2015,AUS,1,,,,
2015,AUS,1,,,,
2015,AUS,1,,,,
2015,AUS,1,,,,
2007,AUS,0,,,,
2019,AUS,1,,,,
2015,AUS,1,,,,
2015,AUS,1,,,,
2008,AUS,1,,,,
2019,AUS,0,,,,
2019,AUS,0,,,,
2019,AUS,0,,,,
2019,AUS,1,,,,
2019,AUS,1,,,,
2019,AUS,1,,,,
2019,AUS,1,,,,
2015,AUS,1,,,,
2013,AUS,1,,,,
2018,AUS,0,,,,
2018,AUS,0,,,,
2018,AUS,0,,,,
2004,AUS,0,,,,
2004,AUS,0,,,,
2015,AUS,1,,,,
2007,AUS,0,,,,
1997,AUS,0,,,,
1997,AUS,0,,,,
1997,AUS,0,,,,
1997,AUS,0,,,,
1997,AUS,0,,,,
1997,AUS,0,,,,
2017,AUS,0,,,,
2005,AUS,1,,,,
2010,AUS,1,,,,
2020,AUS,1,,,,
2020,AUS,1,,,,
2020,AUS,1,,,,
2018,AUS,1,,,,
2018,AUS,1,,,,
2018,AUS,1,,,,
2018,AUS,1,,,,
2018,AUS,1,,,,
2018,AUS,1,,,,
2018,AUS,1,,,,
2018,AUS,1,,,,
2018,AUS,1,,,,
2018,AUS,1,,,,
2018,AUS,1,,,,
2018,AUS,1,,,,
2018,AUS,1,,,,
2018,AUS,1,,,,
2018,AUS,1,,,,
2018,AUS,1,,,,
2018,AUS,1,,,,
2018,AUS,1,,,,
2018,AUS,1,,,,
2018,AUS,1,,,,
2018,AUS,1,,,,
2018,AUS,1,,,,
2018,AUS,1,,,,
2018,AUS,1,,,,
2018,AUS,1,,,,
2018,AUS,1,,,,
2018,AUS,1,,,,
2018,AUS,1,,,,
2018,AUS,1,,,,
2018,AUS,1,,,,
2018,AUS,1,,,,
2018,AUS,1,,,,
2018,AUS,1,,,,
2018,AUS,1,,,,
2018,AUS,1,,,,
2018,AUS,1,,,,
2018,AUS,1,,,,
2018,AUS,1,,,,
2018,AUS,1,,,,
2018,AUS,1,,,,
2018,AUS,1,,,,
2018,AUS,1,,,,
2018,AUS,1,,,,
2018,AUS,1,,,,
2018,AUS,1,,,,
2018,AUS,1,,,,
2018,AUS,1,,,,
2018,AUS,1,,,,
2018,AUS,1,,,,
2018,AUS,1,,,,
2018,AUS,1,,,,
2018,AUS,1,,,,
2018,AUS,1,,,,
2018,AUS,1,,,,
2018,AUS,1,,,,
2018,AUS,1,,,,
2018,AUS,1,,,,
2018,AUS,1,,,,
2018,AUS,1,,,,
2018,AUS,1,,,,
2018,AUS,1,,,,
2018,AUS,1,,,,
2018,AUS,1,,,,
2018,AUS,1,,,,
2018,AUS,1,,,,
2018,AUS,1,,,,
2018,AUS,1,,,,
2018,AUS,1,,,,
2018,AUS,1,,,,
2018,AUS,1,,,,
2018,AUS,1,,,,
2018,AUS,1,,,,
2018,AUS,1,,,,
2018,AUS,1,,,,
2018,AUS,1,,,,
2018,AUS,1,,,,
2018,AUS,1,,,,
2018,AUS,1,,,,
2018,AUS,1,,,,
2018,AUS,1,,,,
2018,AUS,1,,,,
2018,AUS,1,,,,
2018,AUS,1,,,,
2018,AUS,1,,,,
2018,AUS,1,,,,
2018,AUS,1,,,,
2018,AUS,1,,,,
2018,AUS,1,,,,
2018,AUS,1,,,,
2018,AUS,1,,,,
2018,AUS,1,,,,
2018,AUS,1,,,,
2018,AUS,1,,,,
2018,AUS,1,,,,
2018,AUS,1,,,,
2018,AUS,1,,,,
2018,AUS,1,,,,
2018,AUS,1,,,,
2018,AUS,1,,,,
2018,AUS,1,,,,
2018,AUS,1,,,,
2018,AUS,1,,,,
2018,AUS,1,,,,
2018,AUS,1,,,,
2018,AUS,1,,,,
2018,AUS,1,,,,
2018,AUS,1,,,,
2018,AUS,1,,,,
2018,AUS,1,,,,
2018,AUS,1,,,,
2018,AUS,1,,,,
2018,AUS,1,,,,
2018,AUS,1,,,,
2018,AUS,1,,,,
2018,AUS,1,,,,
2018,AUS,1,,,,
2018,AUS,1,,,,
2018,AUS,1,,,,
2018,AUS,1,,,,
2018,AUS,1,,,,
2018,AUS,1,,,,
2018,AUS,1,,,,
2018,AUS,1,,,,
2018,AUS,1,,,,
2018,AUS,1,,,,
2018,AUS,1,,,,
2018,AUS,1,,,,
2018,AUS,1,,,,
2018,AUS,1,,,,
2018,AUS,1,,,,
2018,AUS,1,,,,
2018,AUS,1,,,,
2018,AUS,1,,,,
2018,AUS,1,,,,
2018,AUS,1,,,,
2018,AUS,1,,,,
2018,AUS,1,,,,
2018,AUS,1,,,,
2018,AUS,1,,,,
2018,AUS,1,,,,
2018,AUS,1,,,,
2018,AUS,1,,,,
2018,AUS,1,,,,
2018,AUS,1,,,,
2018,AUS,1,,,,
2018,AUS,1,,,,
2018,AUS,1,,,,
2018,AUS,1,,,,
2018,AUS,1,,,,
2018,AUS,1,,,,
2018,AUS,1,,,,
2018,AUS,1,,,,
2018,AUS,1,,,,
2010,AUS,0,,,,
2010,AUS,0,,,,
2010,AUS,0,,,,
2010,AUS,1,,,,
2010,AUS,1,,,,
2010,AUS,1,,,,
2010,AUS,1,,,,
2010,AUS,1,,,,
2010,AUS,1,,,,
2010,AUS,1,,,,
2010,AUS,1,,,,
2010,AUS,1,,,,
2010,AUS,1,,,,
2019,AUS,1,,,,
2014,AUS,0,,,,
2014,AUS,0,,,,
2014,AUS,0,,,,
2014,AUS,0,,,,
2014,AUS,0,,,,
2014,AUS,0,,,,
2014,AUS,0,,,,
2014,AUS,0,,,,
2014,AUS,0,,,,
2014,AUS,0,,,,
2014,AUS,0,,,,
2014,AUS,0,,,,
2014,AUS,0,,,,
2014,AUS,0,,,,
2019,AUS,1,,,,
2011,AUS,0,,,,
2011,AUS,1,,,,
2011,AUS,1,,,,
2018,AUS,1,,,,
2016,AUS,1,,,,
2014,AUS,0,,,,
2014,AUS,0,,,,
2006,AUS,1,,,,
2006,AUS,1,,,,
2006,AUS,1,,,,
2008,AUS,1,,,,
2017,AUS,1,,,,
2017,AUS,1,,,,
2017,AUS,1,,,,
2017,AUS,1,,,,
2017,AUS,1,,,,
2008,AUS,0,,,,
2013,AUS,0,,,,
2019,AUS,1,,,,
2012,AUS,0,,,,
2012,AUS,0,,,,
2012,AUS,0,,,,
2012,AUS,1,,,,
2012,AUS,1,,,,
2012,AUS,1,,,,
2012,AUS,1,,,,
2012,AUS,1,,,,
2012,AUS,1,,,,
2012,AUS,1,,,,
2012,AUS,1,,,,
2012,AUS,1,,,,
2012,AUS,1,,,,
2012,AUS,1,,,,
2012,AUS,1,,,,
2011,AUS,0,,,,
2011,AUS,1,,,,
2003,AUS,1,,,,
2015,AUS,1,,,,
2003,AUS,1,,,,
2003,AUS,1,,,,
2003,AUS,1,,,,
2008,AUS,0,,,,
2008,AUS,0,,,,
2000,AUS,1,,,,
2018,AUS,0,,,,
2010,AUS,0,,,,
2014,AUS,0,,,,
2012,AUS,1,,,,
2008,AUS,0,,,,
2007,AUS,1,,,,
2010,AUS,0,,,,
2010,AUS,1,,,,
2010,AUS,1,,,,
2012,AUS,1,,,,
2011,AUS,0,,,,
2009,AUS,1,,,,
2007,AUS,1,,,,
2009,AUS,1,,,,
2009,AUS,1,,,,
2012,AUS,1,,,,
2010,AUS,1,,,,
2009,AUS,1,,,,
1999,AUS,1,,,,
1999,AUS,1,,,,
2009,AUS,1,,,,
2006,AUS,1,,,,
2000,AUS,1,,,,
2011,AUS,0,,,,
2009,AUS,0,,,,
1997,AUS,0,,,,
2016,AUS,1,,,,
2006,AUS,1,,,,
2010,AUS,1,,,,
1997,AUS,1,,,,
2001,AUS,1,,,,
1997,AUS,1,,,,
2017,AUT,1,,,,
2002,AUT,1,,,,
2003,AUT,1,,,,
2009,AUT,1,,,,
2017,AUT,1,,,,
1996,AUT,1,,,,
1996,AUT,1,,,,
1996,AUT,1,,,,
1996,AUT,1,,,,
1999,AUT,0,,,,
1999,AUT,0,,,,
2005,AUT,0,,,,
2008,AUT,0,,,,
2017,AUT,0,,,,
2008,AZE,0,,,,
2016,BEL,1,,,,
2012,BEL,1,,,,
2012,BEL,1,,,,
2012,BEL,0,,,,
2012,BEL,0,,,,
2012,BEL,0,,,,
2012,BEL,0,,,,
2012,BEL,0,,,,
2012,BEL,0,,,,
2012,BEL,0,,,,
2012,BEL,0,,,,
2012,BEL,0,,,,
2012,BEL,0,,,,
2012,BEL,0,,,,
2012,BEL,1,,,,
2012,BEL,1,,,,
2012,BEL,0,,,,
2012,BEL,0,,,,
2012,BEL,0,,,,
2012,BEL,0,,,,
2012,BEL,0,,,,
2012,BEL,0,,,,
2012,BEL,0,,,,
2012,BEL,0,,,,
2012,BEL,0,,,,
2012,BEL,0,,,,
2012,BEL,0,,,,
2012,BEL,0,,,,
2012,BEL,1,,,,
2007,BEL,1,,,,
2014,BEL,0,,,,
2014,BEL,0,,,,
2019,BEL,0,,,,
2019,BEL,0,,,,
2019,BEL,0,,,,
2019,BEL,0,,,,
2019,BEL,0,,,,
2019,BEL,1,,,,
2019,BEL,0,,,,
2019,BEL,0,,,,
2019,BEL,0,,,,
2019,BEL,0,,,,
2019,BEL,0,,,,
2019,BEL,0,,,,
2019,BEL,0,,,,
2019,BEL,0,,,,
2019,BEL,0,,,,
2019,BEL,0,,,,
2019,BEL,0,,,,
2012,BEL,0,,,,
2012,BEL,1,,,,
2012,BEL,0,,,,
2006,BEL,0,,,,
2006,BEL,0,,,,
2011,BEL,1,,,,
2011,BEL,1,,,,
2011,BEL,1,,,,
2011,BEL,0,,,,
2011,BEL,0,,,,
2011,BEL,0,,,,
2011,BEL,0,,,,
2011,BEL,0,,,,
2011,BEL,0,,,,
2011,BEL,0,,,,
2011,BEL,1,,,,
2011,BEL,1,,,,
2011,BEL,0,,,,
2011,BEL,1,,,,
2011,BEL,1,,,,
2011,BEL,0,,,,
2011,BEL,1,,,,
2011,BEL,1,,,,
2011,BEL,1,,,,
2011,BEL,0,,,,
2011,BEL,0,,,,
2011,BEL,0,,,,
2011,BEL,0,,,,
2011,BEL,0,,,,
2011,BEL,1,,,,
2011,BEL,1,,,,
2011,BEL,1,,,,
2013,BEL,1,,,,
2008,BEL,1,,,,
2011,BEL,0,,,,
2007,BEL,0,,,,
2010,BEL,0,,,,
2010,BEL,0,,,,
2002,BEL,1,,,,
2002,BEL,0,,,,
2002,BEL,0,,,,
2015,BEL,0,,,,
2005,BEL,0,,,,
2005,BEL,0,,,,
2014,BEL,0,,,,
2009,BEL,0,,,,
2010,BEL,0,,,,
2010,BEL,1,,,,
2007,BEL,0,,,,
2014,BEL,1,,,,
2009,BEL,1,,,,
2015,BEL,1,,,,
2015,BEL,0,,,,
2000,BEL,0,,,,
2007,BEL,1,,,,
2002,BEL,1,,,,
2017,BEN,0,,,,
2020,BEN,0,,,,
2020,BEN,0,,,,
2020,BEN,0,,,,
2006,BES,0,,,,
2000,BGD,1,,,,
2003,BGD,1,,,,
2007,BGD,0,,,,
2007,BGD,0,,,,
2009,BGD,0,,,,
2009,BGD,0,,,,
2009,BGD,0,,,,
2009,BGD,0,,,,
2009,BGD,0,,,,
2009,BGD,0,,,,
2009,BGD,0,,,,
2001,BGD,1,,,,
2001,BGD,1,,,,
2001,BGD,1,,,,
1998,BGD,1,,,,
2010,BGD,1,,,,
2010,BGD,1,,,,
2018,BGD,1,,,,
2016,BGR,1,,,,
2011,BGR,0,,,,
2003,BGR,1,,,,
2016,BHR,1,,,,
2019,BHS,1,,,,
2013,BHS,1,,,,
2013,BHS,1,,,,
2008,BHS,1,,,,
2008,BHS,1,,,,
2008,BHS,1,,,,
2008,BHS,1,,,,
2008,BHS,1,,,,
2008,BHS,1,,,,
2008,BHS,1,,,,
2015,BHS,1,,,,
2015,BHS,1,,,,
2015,BHS,1,,,,
2015,BHS,1,,,,
2015,BHS,1,,,,
2015,BHS,1,,,,
2015,BHS,1,,,,
2015,BHS,1,,,,
2015,BHS,1,,,,
2015,BHS,1,,,,
2015,BHS,1,,,,
2016,BHS,1,,,,
2011,BHS,1,,,,
2011,BHS,1,,,,
2011,BHS,1,,,,
2011,BHS,1,,,,
2011,BHS,1,,,,
2011,BHS,1,,,,
2011,BHS,1,,,,
2011,BHS,1,,,,
2011,BHS,1,,,,
2011,BHS,1,,,,
2011,BHS,1,,,,
2011,BHS,1,,,,
2011,BHS,1,,,,
2011,BHS,1,,,,
2011,BHS,1,,,,
2011,BHS,1,,,,
2011,BHS,1,,,,
2011,BHS,1,,,,
2011,BHS,1,,,,
2011,BHS,1,,,,
2011,BHS,1,,,,
2011,BHS,1,,,,
2011,BHS,1,,,,
2012,BHS,1,,,,
2014,BHS,1,,,,
2015,BHS,1,,,,
2015,BHS,1,,,,
2015,BHS,1,,,,
2015,BHS,1,,,,
2015,BHS,1,,,,
2016,BHS,1,,,,
2016,BHS,1,,,,
2016,BHS,1,,,,
2016,BHS,1,,,,
2016,BHS,1,,,,
2013,BHS,1,,,,
2009,BHS,1,,,,
2012,BHS,1,,,,
2012,BHS,1,,,,
2012,BHS,1,,,,
2012,BHS,1,,,,
2012,BHS,0,,,,
2012,BHS,0,,,,
2012,BHS,0,,,,
2012,BHS,0,,,,
2012,BHS,0,,,,
2012,BHS,0,,,,
2009,BHS,1,,,,
2009,BHS,0,,,,
2009,BHS,0,,,,
2009,BHS,0,,,,
2009,BHS,0,,,,
2015,BHS,0,,,,
2017,BHS,1,,,,
2018,BHS,1,,,,
2017,BHS,1,,,,
2017,BHS,1,,,,
2002,BHS,0,,,,
2017,BLR,1,,,,
2013,BLR,1,,,,
2013,BLR,1,,,,
2018,BLR,1,,,,
2018,BLR,1,,,,
2017,BLR,0,,,,
2009,BLZ,1,,,,
2009,BLZ,1,,,,
2009,BLZ,1,,,,
2009,BLZ,1,,,,
2015,BLZ,1,,,,
2005,BMU,0,,,,
,BMU,0,,,,
2015,BMU,1,,,,
2016,BMU,1,,,,
2016,BMU,1,,,,
2017,BOL,1,,,,
2015,BRA,0,,,,
2013,BRA,0,,,,
2009,BRA,0,,,,
2012,BRA,0,,,,
2006,BRA,0,,,,
2012,BRA,1,,,,
2008,BRA,0,,,,
2005,BRA,1,,,,
2014,BRA,1,,,,
2012,BRA,1,,,,
2008,BRA,0,,,,
2014,BRA,1,,,,
2014,BRA,1,,,,
2018,BRA,0,,,,
2009,BRA,0,,,,
2016,BRA,1,,,,
2020,BRA,1,,,,
2014,BRA,1,,,,
2020,BRA,1,,,,
2015,BRA,1,,,,
2020,BRA,1,,,,
2013,BRA,1,,,,
2011,BRA,1,,,,
2019,BRA,1,,,,
2006,BRA,1,,,,
2015,BRA,1,,,,
2016,BRA,1,,,,
2016,BRA,1,,,,
2016,BRA,1,,,,
2018,BRA,1,,,,
2018,BRA,1,,,,
2018,BRA,1,,,,
2018,BRA,1,,,,
2018,BRA,1,,,,
2005,BRA,1,,,,
2009,BRA,0,,,,
2015,BRA,0,,,,
2018,BRA,1,,,,
2018,BRA,1,,,,
2014,BRA,1,,,,
2014,BRA,1,,,,
2014,BRA,1,,,,
2014,BRA,1,,,,
2018,BRA,1,,,,
2008,BRA,1,,,,
2008,BRA,1,,,,
2004,BRA,1,,,,
2016,BRA,1,,,,
2016,BRA,1,,,,
2014,BRA,1,,,,
2017,BRA,0,,,,
2017,BRA,1,,,,
2006,BRA,1,,,,
2006,BRA,1,,,,
2006,BRA,1,,,,
2013,BRA,1,,,,
2013,BRA,1,,,,
2013,BRA,1,,,,
2013,BRA,1,,,,
2018,BRA,0,,,,
2019,BRA,0,,,,
2019,BRA,0,,,,
2019,BRA,0,,,,
2010,BRA,0,,,,
2010,BRA,0,,,,
2010,BRA,0,,,,
2014,BRA,1,,,,
2014,BRA,1,,,,
2016,BRA,1,,,,
1999,BRA,1,,,,
1999,BRA,1,,,,
2013,BRA,1,,,,
2013,BRA,1,,,,
2013,BRA,1,,,,
2011,BRA,1,,,,
2011,BRA,1,,,,
2015,BRA,1,,,,
2015,BRA,1,,,,
2015,BRA,1,,,,
2010,BRA,1,,,,
2010,BRA,1,,,,
2010,BRA,1,,,,
2014,BRA,1,,,,
2014,BRA,1,,,,
2013,BRA,1,,,,
2013,BRA,1,,,,
2011,BRA,1,,,,
2011,BRA,1,,,,
2011,BRA,1,,,,
2011,BRA,1,,,,
2011,BRA,1,,,,
2011,BRA,1,,,,
2011,BRA,1,,,,
2011,BRA,1,,,,
2011,BRA,1,,,,
2020,BRA,1,,,,
2020,BRA,1,,,,
2012,BRA,1,,,,
2012,BRA,1,,,,
2010,BRA,1,,,,
2018,BRA,1,,,,
2018,BRA,1,,,,
2005,BRA,1,,,,
2012,BRA,1,,,,
2016,BRA,1,,,,
2016,BRA,1,,,,
2016,BRA,1,,,,
2016,BRA,1,,,,
2019,BRA,1,,,,
2019,BRA,0,,,,
2019,BRA,0,,,,
2019,BRA,1,,,,
2019,BRA,1,,,,
2014,BRA,1,,,,
2014,BRA,1,,,,
2014,BRA,1,,,,
2017,BRA,1,,,,
2017,BRA,1,,,,
2015,BRA,1,,,,
2015,BRA,1,,,,
2015,BRA,1,,,,
2015,BRA,1,,,,
2015,BRA,1,,,,
2015,BRA,1,,,,
2011,BRA,1,,,,
2020,BRA,1,,,,
2020,BRA,1,,,,
2020,BRA,0,,,,
2015,BRA,1,,,,
2015,BRA,1,,,,
1999,BRA,1,,,,
1999,BRA,1,,,,
2017,BRA,1,,,,
2017,BRA,1,,,,
2017,BRA,1,,,,
2005,BRA,1,,,,
2005,BRA,1,,,,
2005,BRA,1,,,,
2002,BRA,1,,,,
2010,BRA,1,,,,
2010,BRA,1,,,,
2010,BRA,1,,,,
2020,BRA,1,,,,
2020,BRA,1,,,,
2020,BRA,1,,,,
2020,BRA,1,,,,
2020,BRA,1,,,,
2017,BRA,1,,,,
2017,BRA,1,,,,
2017,BRA,1,,,,
2019,BRA,1,,,,
2019,BRA,1,,,,
2019,BRA,0,,,,
2017,BRA,1,,,,
2017,BRA,1,,,,
2019,BRA,1,,,,
2019,BRA,1,,,,
2019,BRA,0,,,,
2020,BRA,1,,,,
2021,BRA,1,,,,
2020,BRA,1,,,,
2018,BRA,1,,,,
2018,BRA,1,,,,
2018,BRA,1,,,,
2018,BRA,1,,,,
2018,BRA,1,,,,
2018,BRA,1,,,,
2018,BRA,1,,,,
2018,BRA,1,,,,
2015,BRA,1,,,,
2015,BRA,1,,,,
2015,BRA,1,,,,
2015,BRA,1,,,,
2011,BRA,1,,,,
2011,BRA,1,,,,
2012,BRA,1,,,,
2012,BRA,1,,,,
2021,BRA,1,,,,
2021,BRA,1,,,,
2021,BRA,1,,,,
2021,BRA,1,,,,
2021,BRA,1,,,,
2021,BRA,1,,,,
2021,BRA,1,,,,
2021,BRA,1,,,,
2021,BRA,1,,,,
2021,BRA,1,,,,
2021,BRA,1,,,,
2021,BRA,1,,,,
2021,BRA,1,,,,
2021,BRA,1,,,,
2009,BRA,1,,,,
2009,BRA,1,,,,
2005,BRB,0,,,,
1988,BRB,0,,,,
1997,BRB,0,,,,
2010,BRN,1,,,,
2010,BRN,1,,,,
2010,BRN,1,,,,
2013,BTN,1,,,,
2016,BWA,1,,,,
2000,BWA,1,,,,
1996,BWA,0,,,,
1994,BWA,1,,,,
2007,CAF,1,,,,
1949,CAN,0,,,,
2013,CAN,0,,,,
2006,CAN,0,,,,
2006,CAN,0,,,,
1999,CAN,1,,,,
1999,CAN,1,,,,
1995,CAN,0,,,,
1995,CAN,0,,,,
1995,CAN,0,,,,
1996,CAN,0,,,,
1996,CAN,0,,,,
1999,CAN,1,,,,
2009,CAN,1,,,,
2001,CAN,1,,,,
2001,CAN,1,,,,
1981,CAN,0,,,,
2005,CAN,0,,,,
1935,CAN,0,,,,
2002,CAN,0,,,,
2002,CAN,0,,,,
2008,CAN,0,,,,
2008,CAN,0,,,,
,CAN,0,,,,
2007,CAN,0,,,,
2012,CAN,1,,,,
2001,CAN,1,,,,
2012,CAN,0,,,,
1995,CAN,1,,,,
2007,CAN,1,,,,
2007,CAN,1,,,,
2000,CAN,1,,,,
1995,CAN,1,,,,
2007,CAN,1,,,,
2007,CAN,1,,,,
2003,CAN,0,,,,
2005,CAN,1,,,,
1993,CAN,1,,,,
2009,CAN,0,,,,
2011,CAN,1,,,,
2011,CAN,1,,,,
2011,CAN,1,,,,
2016,CAN,1,,,,
2016,CAN,1,,,,
2016,CAN,1,,,,
2016,CAN,1,,,,
2016,CAN,1,,,,
2016,CAN,1,,,,
2016,CAN,1,,,,
2016,CAN,1,,,,
2009,CAN,0,,,,
2004,CAN,1,,,,
2004,CAN,1,,,,
2014,CAN,1,,,,
2019,CAN,1,,,,
2005,CAN,1,,,,
2016,CAN,1,,,,
2017,CAN,1,,,,
2017,CAN,1,,,,
2006,CAN,0,,,,
2012,CAN,0,,,,
2009,CAN,1,,,,
2015,CAN,1,,,,
2012,CAN,1,,,,
2006,CAN,1,,,,
2011,CAN,1,,,,
2011,CAN,1,,,,
2011,CAN,1,,,,
2015,CAN,1,,,,
2011,CAN,1,,,,
2012,CAN,1,,,,
2014,CAN,1,,,,
2004,CAN,0,,,,
2008,CAN,1,,,,
1987,CAN,1,,,,
1987,CAN,1,,,,
2007,CAN,0,,,,
2001,CAN,0,,,,
2019,CAN,1,,,,
2019,CAN,0,,,,
2009,CAN,1,,,,
2009,CAN,1,,,,
2006,CAN,0,,,,
2011,CAN,0,,,,
2008,CAN,1,,,,
2016,CAN,1,,,,
2016,CAN,1,,,,
2015,CAN,1,,,,
2016,CAN,1,,,,
2016,CAN,1,,,,
1997,CAN,1,,,,
1997,CAN,1,,,,
1997,CAN,1,,,,
1997,CAN,1,,,,
2010,CAN,0,,,,
2006,CAN,1,,,,
2006,CAN,1,,,,
2006,CAN,1,,,,
2006,CAN,1,,,,
1980,CAN,0,,,,
1980,CAN,0,,,,
1980,CAN,0,,,,
1980,CAN,0,,,,
1980,CAN,0,,,,
1980,CAN,0,,,,
2015,CAN,1,,,,
2012,CAN,0,,,,
2010,CAN,0,,,,
2010,CAN,1,,,,
2007,CAN,0,,,,
2006,CAN,1,,,,
2006,CAN,1,,,,
1998,CAN,0,,,,
1998,CAN,0,,,,
2011,CAN,0,,,,
2001,CAN,1,,,,
2001,CAN,1,,,,
2009,CAN,1,,,,
2009,CAN,0,,,,
2009,CAN,0,,,,
2009,CAN,0,,,,
2009,CAN,0,,,,
2009,CAN,0,,,,
2009,CAN,0,,,,
2015,CAN,0,,,,
2000,CAN,0,,,,
2000,CAN,0,,,,
2000,CAN,0,,,,
2000,CAN,0,,,,
2000,CAN,0,,,,
2000,CAN,0,,,,
2000,CAN,0,,,,
2000,CAN,0,,,,
2000,CAN,0,,,,
2000,CAN,0,,,,
2000,CAN,0,,,,
2000,CAN,0,,,,
2000,CAN,0,,,,
2000,CAN,0,,,,
2000,CAN,0,,,,
2000,CAN,0,,,,
2000,CAN,0,,,,
2000,CAN,0,,,,
2000,CAN,0,,,,
2000,CAN,0,,,,
2000,CAN,0,,,,
2000,CAN,0,,,,
2000,CAN,0,,,,
2000,CAN,0,,,,
2009,CAN,0,,,,
2009,CAN,0,,,,
2009,CAN,0,,,,
2009,CAN,0,,,,
2009,CAN,0,,,,
1997,CAN,1,,,,
1997,CAN,0,,,,
1997,CAN,0,,,,
1997,CAN,0,,,,
1997,CAN,0,,,,
1997,CAN,0,,,,
1997,CAN,0,,,,
1997,CAN,0,,,,
1997,CAN,0,,,,
1997,CAN,0,,,,
1997,CAN,0,,,,
1997,CAN,1,,,,
2014,CAN,0,,,,
2014,CAN,0,,,,
2014,CAN,0,,,,
2014,CAN,0,,,,
2014,CAN,0,,,,
2014,CAN,0,,,,
2014,CAN,0,,,,
2014,CAN,0,,,,
2014,CAN,0,,,,
2014,CAN,0,,,,
2014,CAN,0,,,,
2014,CAN,0,,,,
2014,CAN,0,,,,
2010,CAN,0,,,,
2010,CAN,0,,,,
2010,CAN,0,,,,
2010,CAN,0,,,,
2010,CAN,0,,,,
2010,CAN,0,,,,
2010,CAN,0,,,,
2010,CAN,0,,,,
2010,CAN,0,,,,
2010,CAN,0,,,,
2010,CAN,0,,,,
2009,CAN,0,,,,
2009,CAN,0,,,,
2002,CAN,0,,,,
2002,CAN,0,,,,
2002,CAN,0,,,,
2002,CAN,0,,,,
2011,CAN,0,,,,
2011,CAN,0,,,,
2011,CAN,0,,,,
2011,CAN,1,,,,
2011,CAN,1,,,,
2011,CAN,0,,,,
2011,CAN,0,,,,
2011,CAN,0,,,,
2011,CAN,0,,,,
2011,CAN,0,,,,
2011,CAN,0,,,,
2011,CAN,0,,,,
2017,CAN,0,,,,
2017,CAN,1,,,,
2017,CAN,0,,,,
2017,CAN,1,,,,
2017,CAN,0,,,,
2017,CAN,0,,,,
2017,CAN,0,,,,
2017,CAN,0,,,,
2017,CAN,0,,,,
2017,CAN,1,,,,
2017,CAN,0,,,,
2017,CAN,1,,,,
2017,CAN,0,,,,
2017,CAN,0,,,,
2017,CAN,0,,,,
2017,CAN,1,,,,
1995,CAN,0,,,,
1994,CAN,1,,,,
1994,CAN,0,,,,
2015,CAN,1,,,,
2015,CAN,1,,,,
2015,CAN,1,,,,
2018,CAN,1,,,,
1994,CHE,1,,,,
2007,CHE,1,,,,
2012,CHE,1,,,,
2013,CHE,1,,,,
2008,CHE,1,,,,
2008,CHE,1,,,,
2008,CHE,1,,,,
2012,CHE,1,,,,
2012,CHE,0,,,,
2012,CHE,0,,,,
2012,CHE,1,,,,
2012,CHE,0,,,,
2012,CHE,1,,,,
2012,CHE,1,,,,
2012,CHE,1,,,,
2012,CHE,1,,,,
2012,CHE,1,,,,
2012,CHE,1,,,,
2012,CHE,0,,,,
2012,CHE,0,,,,
2012,CHE,0,,,,
2012,CHE,0,,,,
2012,CHE,0,,,,
2012,CHE,0,,,,
2012,CHE,0,,,,
2012,CHE,0,,,,
2012,CHE,0,,,,
2012,CHE,0,,,,
2012,CHE,0,,,,
2012,CHE,0,,,,
2012,CHE,0,,,,
2012,CHE,0,,,,
2012,CHE,0,,,,
2012,CHE,0,,,,
2012,CHE,0,,,,
2012,CHE,0,,,,
2012,CHE,0,,,,
2012,CHE,0,,,,
2012,CHE,0,,,,
2012,CHE,0,,,,
2012,CHE,0,,,,
2012,CHE,0,,,,
2012,CHE,0,,,,
2012,CHE,0,,,,
2012,CHE,0,,,,
2012,CHE,0,,,,
2012,CHE,0,,,,
2012,CHE,0,,,,
2012,CHE,0,,,,
2012,CHE,0,,,,
2012,CHE,0,,,,
2012,CHE,0,,,,
2012,CHE,0,,,,
2012,CHE,0,,,,
2012,CHE,0,,,,
2012,CHE,0,,,,
2012,CHE,0,,,,
2012,CHE,0,,,,
2012,CHE,0,,,,
2012,CHE,0,,,,
2012,CHE,0,,,,
2012,CHE,0,,,,
2012,CHE,0,,,,
2012,CHE,0,,,,
2012,CHE,0,,,,
2012,CHE,0,,,,
2012,CHE,0,,,,
2012,CHE,0,,,,
2012,CHE,0,,,,
2012,CHE,0,,,,
2012,CHE,0,,,,
2012,CHE,0,,,,
2012,CHE,0,,,,
2012,CHE,0,,,,
2012,CHE,0,,,,
2012,CHE,0,,,,
2012,CHE,0,,,,
2012,CHE,0,,,,
2012,CHE,0,,,,
2012,CHE,0,,,,
2012,CHE,0,,,,
2012,CHE,0,,,,
2012,CHE,0,,,,
2012,CHE,0,,,,
2012,CHE,0,,,,
2012,CHE,0,,,,
2012,CHE,0,,,,
2012,CHE,0,,,,
2012,CHE,0,,,,
2012,CHE,0,,,,
2012,CHE,0,,,,
2012,CHE,0,,,,
2012,CHE,0,,,,
2012,CHE,0,,,,
2012,CHE,0,,,,
2012,CHE,0,,,,
2012,CHE,0,,,,
2012,CHE,0,,,,
2012,CHE,0,,,,
2012,CHE,0,,,,
2012,CHE,0,,,,
2012,CHE,0,,,,
2012,CHE,0,,,,
2012,CHE,0,,,,
2012,CHE,0,,,,
2012,CHE,0,,,,
2012,CHE,0,,,,
2012,CHE,0,,,,
2012,CHE,0,,,,
2012,CHE,0,,,,
2012,CHE,0,,,,
2012,CHE,0,,,,
2009,CHE,0,,,,
2009,CHE,0,,,,
2009,CHE,0,,,,
2009,CHE,0,,,,
2009,CHE,0,,,,
2009,CHE,0,,,,
2009,CHE,0,,,,
2013,CHE,0,,,,
2013,CHE,0,,,,
2013,CHE,0,,,,
2013,CHE,0,,,,
2013,CHE,0,,,,
2018,CHE,0,,,,
2018,CHE,0,,,,
2018,CHE,0,,,,
2018,CHE,1,,,,
2018,CHE,0,,,,
2018,CHE,0,,,,
2018,CHE,0,,,,
2018,CHE,0,,,,
2018,CHE,1,,,,
2018,CHE,0,,,,
2018,CHE,1,,,,
2018,CHE,0,,,,
2018,CHE,0,,,,
2018,CHE,0,,,,
2018,CHE,0,,,,
2018,CHE,0,,,,
2014,CHE,1,,,,
2014,CHE,0,,,,
2014,CHE,0,,,,
2014,CHE,0,,,,
2014,CHE,0,,,,
2014,CHE,0,,,,
2014,CHE,0,,,,
2014,CHE,0,,,,
2014,CHE,0,,,,
2014,CHE,1,,,,
2014,CHE,0,,,,
2014,CHE,0,,,,
2014,CHE,0,,,,
2017,CHE,0,,,,
2017,CHE,1,,,,
2017,CHE,1,,,,
2017,CHE,1,,,,
2017,CHE,1,,,,
2019,CHE,1,,,,
2019,CHE,1,,,,
2019,CHE,1,,,,
2019,CHE,1,,,,
2019,CHE,0,,,,
2009,CHE,0,,,,
1999,CHE,0,,,,
2007,CHE,0,,,,
2014,CHE,0,,,,
2003,CHE,1,,,,
1999,CHE,1,,,,
2014,CHE,1,,,,
2005,CHE,0,,,,
2005,CHE,0,,,,
2005,CHE,0,,,,
1998,CHE,1,,,,
2002,CHL,0,,,,
2015,CHL,0,,,,
2006,CHL,1,,,,
2006,CHL,1,,,,
2007,CHL,1,,,,
2008,CHL,1,,,,
2015,CHL,0,,,,
2015,CHL,1,,,,
2004,CHL,1,,,,
2011,CHL,1,,,,
2014,CHL,1,,,,
2014,CHL,1,,,,
2014,CHL,1,,,,
2020,CHL,1,,,,
2020,CHL,1,,,,
2020,CHL,1,,,,
2020,CHL,1,,,,
2020,CHL,1,,,,
2020,CHL,1,,,,
2004,CHL,1,,,,
2004,CHL,1,,,,
2004,CHL,1,,,,
2010,CHL,1,,,,
2010,CHL,1,,,,
2010,CHL,1,,,,
2007,CHL,1,,,,
2008,CHL,0,,,,
2010,CHL,1,,,,
2010,CHL,1,,,,
2010,CHL,1,,,,
2017,CHL,1,,,,
2017,CHL,1,,,,
2017,CHL,0,,,,
2016,CHL,1,,,,
2016,CHL,1,,,,
2016,CHL,1,,,,
2017,CHL,1,,,,
2017,CHL,1,,,,
2017,CHL,1,,,,
2017,CHL,1,,,,
2017,CHL,1,,,,
2017,CHL,0,,,,
2018,CHL,1,,,,
2008,CHL,1,,,,
2017,CHL,1,,,,
2017,CHL,1,,,,
2017,CHL,1,,,,
2017,CHL,1,,,,
2017,CHL,1,,,,
2017,CHL,1,,,,
2017,CHL,1,,,,
2017,CHL,1,,,,
2017,CHL,1,,,,
2020,CHL,1,,,,
2020,CHL,1,,,,
2020,CHL,1,,,,
2020,CHL,1,,,,
2020,CHL,1,,,,
2015,CHL,0,,,,
2015,CHL,0,,,,
2015,CHL,0,,,,
2015,CHL,0,,,,
2009,CHL,0,,,,
2009,CHL,1,,,,
2009,CHL,1,,,,
2009,CHL,1,,,,
2011,CHL,0,,,,
2011,CHL,1,,,,
2011,CHL,0,,,,
2018,CHN,1,,,,
2012,CHN,1,,,,
2012,CHN,1,,,,
2012,CHN,1,,,,
2012,CHN,1,,,,
2012,CHN,1,,,,
2012,CHN,1,,,,
2012,CHN,1,,,,
2016,CHN,1,,,,
2012,CHN,1,,,,
2012,CHN,0,,,,
2012,CHN,1,,,,
2012,CHN,0,,,,
2012,CHN,1,,,,
2012,CHN,1,,,,
2012,CHN,1,,,,
2012,CHN,1,,,,
2012,CHN,0,,,,
2016,CHN,1,,,,
2012,CHN,1,,,,
2017,CHN,0,,,,
2012,CHN,1,,,,
2017,CHN,0,,,,
2012,CHN,0,,,,
2012,CHN,1,,,,
2012,CHN,1,,,,
2012,CHN,1,,,,
2020,CHN,0,,,,
2016,CHN,1,,,,
2011,CHN,0,,,,
2016,CHN,1,,,,
2014,CHN,1,,,,
2019,CHN,1,,,,
2019,CHN,1,,,,
2019,CHN,1,,,,
2015,CHN,0,,,,
2016,CHN,0,,,,
2014,CHN,0,,,,
2019,CHN,1,,,,
2011,CHN,0,,,,
2017,CHN,0,,,,
2016,CHN,1,,,,
2020,CHN,0,,,,
2014,CHN,0,,,,
2017,CHN,0,,,,
2010,CHN,1,,,,
2016,CHN,1,,,,
2015,CHN,1,,,,
2010,CHN,1,,,,
2020,CHN,0,,,,
2016,CHN,1,,,,
2011,CHN,1,,,,
2016,CHN,1,,,,
2016,CHN,1,,,,
1992,CHN,1,,,,
2009,CHN,1,,,,
2009,CHN,1,,,,
2009,CHN,0,,,,
2014,CHN,1,,,,
2014,CHN,1,,,,
2007,CHN,1,,,,
2007,CHN,1,,,,
2005,CHN,1,,,,
2011,CHN,1,,,,
2001,CHN,0,,,,
2001,CHN,1,,,,
2001,CHN,1,,,,
2001,CHN,0,,,,
2001,CHN,1,,,,
2001,CHN,1,,,,
2001,CHN,1,,,,
2001,CHN,1,,,,
2001,CHN,1,,,,
2001,CHN,1,,,,
2001,CHN,1,,,,
2001,CHN,1,,,,
2001,CHN,1,,,,
2009,CHN,0,,,,
2012,CHN,0,,,,
2010,CHN,0,,,,
2005,CHN,0,,,,
2002,CHN,1,,,,
2002,CHN,1,,,,
2010,CHN,0,,,,
2010,CHN,0,,,,
2014,CHN,1,,,,
2006,CHN,1,,,,
2012,CHN,1,,,,
2010,CHN,1,,,,
2010,CHN,1,,,,
2010,CHN,1,,,,
2009,CHN,1,,,,
2014,CHN,1,,,,
2014,CHN,1,,,,
2014,CHN,1,,,,
2004,CHN,0,,,,
2008,CHN,1,,,,
2008,CHN,1,,,,
2014,CHN,1,,,,
2019,CHN,0,,,,
2019,CHN,0,,,,
2019,CHN,0,,,,
2014,CHN,0,,,,
2012,CHN,1,,,,
2016,CHN,0,,,,
2016,CHN,0,,,,
2010,CHN,1,,,,
2016,CHN,1,,,,
2019,CHN,1,,,,
2019,CHN,1,,,,
2019,CHN,1,,,,
2019,CHN,1,,,,
2019,CHN,1,,,,
2019,CHN,1,,,,
2019,CHN,1,,,,
2021,CIV,1,,,,
2019,CIV,1,,,,
2019,CMR,1,,,,
2012,CMR,1,,,,
2019,CMR,1,,,,
2017,CMR,1,,,,
2010,COK,0,,,,
2006,COK,0,,,,
2006,COK,0,,,,
2010,COK,1,,,,
2014,COL,1,,,,
2010,COL,1,,,,
2010,COL,1,,,,
2005,COL,1,,,,
2014,COL,1,,,,
2014,COL,1,,,,
1999,COL,1,,,,
1999,COL,1,,,,
2010,COL,1,,,,
2010,COL,1,,,,
2010,COL,1,,,,
2003,COL,1,,,,
2003,COL,1,,,,
2010,COL,1,,,,
2010,COL,1,,,,
2010,COL,1,,,,
2010,COL,1,,,,
2010,COL,1,,,,
2010,COL,1,,,,
2010,COL,1,,,,
2014,COL,1,,,,
2014,COL,1,,,,
2014,COL,1,,,,
2012,COL,1,,,,
2015,COL,1,,,,
2015,COL,1,,,,
2015,COL,1,,,,
2015,COL,1,,,,
2015,COL,1,,,,
2015,COL,1,,,,
2015,COL,1,,,,
2015,COL,1,,,,
2015,COL,1,,,,
2015,COL,1,,,,
2015,COL,1,,,,
2015,COL,1,,,,
2015,COL,1,,,,
2015,COL,1,,,,
2015,COL,1,,,,
2015,COL,1,,,,
2015,COL,1,,,,
2009,COL,1,,,,
1991,COM,1,,,,
2006,CRI,1,,,,
2006,CRI,1,,,,
2006,CRI,1,,,,
2006,CRI,1,,,,
2008,CRI,0,,,,
2009,CUB,1,,,,
2010,CUB,1,,,,
2011,CUB,1,,,,
2012,CUB,1,,,,
2013,CUB,1,,,,
2014,CUB,1,,,,
2015,CUB,1,,,,
2016,CUB,1,,,,
2015,CUB,1,,,,
2015,CUB,1,,,,
2017,CUB,1,,,,
2009,CUB,0,,,,
2018,CUB,1,,,,
2018,CUB,1,,,,
2018,CUB,1,,,,
2018,CUB,1,,,,
2018,CUB,1,,,,
2004,CUB,1,,,,
2012,CYM,0,,,,
2012,CYM,0,,,,
2012,CYM,0,,,,
2012,CYM,0,,,,
2015,CYP,0,,,,
2020,CYP,1,,,,
2020,CYP,1,,,,
2015,CZE,1,,,,
2019,CZE,1,,,,
2006,CZE,0,,,,
2008,CZE,1,,,,
2014,CZE,1,,,,
2012,CZE,1,,,,
2012,CZE,1,,,,
2012,CZE,1,,,,
2012,CZE,1,,,,
2012,CZE,1,,,,
2012,CZE,0,,,,
2012,CZE,0,,,,
2013,CZE,1,,,,
2013,CZE,1,,,,
2013,CZE,1,,,,
2013,CZE,1,,,,
1995,CZE,1,,,,
1995,CZE,1,,,,
2001,CZE,0,,,,
2001,CZE,0,,,,
2006,CZE,0,,,,
2006,CZE,0,,,,
2006,CZE,0,,,,
2006,CZE,0,,,,
2006,CZE,0,,,,
2006,CZE,0,,,,
2006,CZE,0,,,,
2006,CZE,0,,,,
2009,CZE,1,,,,
2009,CZE,1,,,,
2009,CZE,1,,,,
2009,CZE,1,,,,
2009,CZE,1,,,,
2009,CZE,0,,,,
2009,CZE,0,,,,
2009,CZE,0,,,,
2009,CZE,0,,,,
2009,CZE,0,,,,
2009,CZE,0,,,,
2009,CZE,0,,,,
2009,CZE,0,,,,
2009,CZE,1,,,,
2009,CZE,1,,,,
2009,CZE,1,,,,
2009,CZE,1,,,,
2009,CZE,1,,,,
2009,CZE,1,,,,
2009,CZE,1,,,,
2009,CZE,1,,,,
2009,CZE,1,,,,
2009,CZE,1,,,,
2009,CZE,1,,,,
2009,CZE,0,,,,
2009,CZE,0,,,,
2014,CZE,1,,,,
2014,CZE,1,,,,
2014,CZE,1,,,,
2014,CZE,1,,,,
2014,CZE,1,,,,
2014,CZE,1,,,,
2014,CZE,1,,,,
2014,CZE,1,,,,
2014,CZE,1,,,,
2014,CZE,1,,,,
2014,CZE,1,,,,
2014,CZE,1,,,,
2014,CZE,1,,,,
2014,CZE,1,,,,
2014,CZE,1,,,,
2014,CZE,1,,,,
2014,CZE,0,,,,
2014,CZE,0,,,,
2014,CZE,0,,,,
2014,CZE,0,,,,
2017,CZE,0,,,,
2017,CZE,0,,,,
2017,CZE,0,,,,
2017,CZE,0,,,,
2017,CZE,0,,,,
2017,CZE,1,,,,
2017,CZE,0,,,,
2017,CZE,1,,,,
2017,CZE,1,,,,
2017,CZE,1,,,,
2017,CZE,0,,,,
2017,CZE,1,,,,
2015,CZE,1,,,,
2016,CZE,0,,,,
2016,CZE,1,,,,
2016,CZE,0,,,,
2016,CZE,1,,,,
2019,CZE,0,,,,
2019,CZE,0,,,,
2019,CZE,1,,,,
2019,CZE,1,,,,
2019,CZE,0,,,,
2019,CZE,0,,,,
2019,CZE,1,,,,
2019,CZE,0,,,,
2019,CZE,1,,,,
2019,CZE,0,,,,
2019,CZE,0,,,,
2019,CZE,0,,,,
2019,CZE,0,,,,
2019,CZE,0,,,,
2019,CZE,0,,,,
2019,CZE,0,,,,
2019,CZE,1,,,,
2019,CZE,1,,,,
2019,CZE,1,,,,
2019,CZE,1,,,,
2019,CZE,0,,,,
2019,CZE,0,,,,
2019,CZE,1,,,,
2019,CZE,0,,,,
2019,CZE,1,,,,
2019,CZE,0,,,,
2019,CZE,0,,,,
2019,CZE,0,,,,
2019,CZE,0,,,,
2019,CZE,0,,,,
2019,CZE,0,,,,
2019,CZE,0,,,,
2019,CZE,1,,,,
2019,CZE,1,,,,
2019,CZE,1,,,,
2019,CZE,0,,,,
2019,CZE,0,,,,
2019,CZE,0,,,,
2019,CZE,1,,,,
2019,CZE,0,,,,
2019,CZE,0,,,,
2019,CZE,0,,,,
2019,CZE,0,,,,
2019,CZE,0,,,,
2019,CZE,0,,,,
2019,CZE,0,,,,
2007,CZE,0,,,,
2010,CZE,1,,,,
2003,CZE,0,,,,
2003,CZE,0,,,,
2010,CZE,1,,,,
2010,CZE,0,,,,
1999,CZE,1,,,,
2018,DEU,1,,,,
2019,DEU,1,,,,
2014,DEU,0,,,,
2016,DEU,1,,,,
2001,DEU,1,,,,
2001,DEU,1,,,,
1999,DEU,0,,,,
1999,DEU,0,,,,
2012,DEU,1,,,,
2018,DEU,1,,,,
2016,DEU,1,,,,
2016,DEU,1,,,,
2017,DEU,1,,,,
2017,DEU,1,,,,
2018,DEU,1,,,,
2013,DEU,0,,,,
2016,DEU,1,,,,
2013,DEU,1,,,,
2013,DEU,1,,,,
2013,DEU,1,,,,
2013,DEU,1,,,,
2013,DEU,1,,,,
2013,DEU,0,,,,
2012,DEU,1,,,,
2012,DEU,0,,,,
2012,DEU,1,,,,
2012,DEU,0,,,,
2012,DEU,0,,,,
2009,DEU,0,,,,
2009,DEU,0,,,,
2009,DEU,0,,,,
2009,DEU,0,,,,
2009,DEU,0,,,,
2013,DEU,1,,,,
2013,DEU,1,,,,
2013,DEU,1,,,,
2013,DEU,1,,,,
2013,DEU,1,,,,
2013,DEU,1,,,,
2013,DEU,1,,,,
2013,DEU,1,,,,
2013,DEU,1,,,,
2013,DEU,1,,,,
2013,DEU,1,,,,
2013,DEU,1,,,,
2013,DEU,1,,,,
2013,DEU,1,,,,
2013,DEU,0,,,,
2013,DEU,1,,,,
2013,DEU,0,,,,
2013,DEU,0,,,,
2013,DEU,1,,,,
2018,DEU,0,,,,
2018,DEU,0,,,,
2018,DEU,1,,,,
2018,DEU,1,,,,
2018,DEU,1,,,,
2018,DEU,1,,,,
2018,DEU,1,,,,
2018,DEU,1,,,,
2007,DEU,1,,,,
2007,DEU,1,,,,
2007,DEU,0,,,,
2007,DEU,1,,,,
2014,DEU,0,,,,
2014,DEU,0,,,,
2014,DEU,0,,,,
2010,DEU,0,,,,
2010,DEU,0,,,,
2010,DEU,0,,,,
2015,DEU,0,,,,
2015,DEU,0,,,,
2015,DEU,1,,,,
2015,DEU,1,,,,
2015,DEU,1,,,,
2015,DEU,1,,,,
2015,DEU,1,,,,
2015,DEU,1,,,,
2015,DEU,1,,,,
2015,DEU,0,,,,
2015,DEU,0,,,,
2015,DEU,1,,,,
2015,DEU,0,,,,
2015,DEU,0,,,,
2015,DEU,0,,,,
2015,DEU,0,,,,
2015,DEU,0,,,,
2015,DEU,0,,,,
2015,DEU,0,,,,
2015,DEU,0,,,,
2015,DEU,0,,,,
2015,DEU,0,,,,
2015,DEU,0,,,,
2015,DEU,0,,,,
2015,DEU,0,,,,
2015,DEU,0,,,,
2015,DEU,0,,,,
2015,DEU,0,,,,
2015,DEU,0,,,,
2015,DEU,1,,,,
2015,DEU,0,,,,
2015,DEU,0,,,,
2015,DEU,1,,,,
2015,DEU,1,,,,
2015,DEU,1,,,,
2015,DEU,1,,,,
2015,DEU,1,,,,
2015,DEU,1,,,,
2015,DEU,1,,,,
2015,DEU,0,,,,
2015,DEU,0,,,,
2015,DEU,1,,,,
2015,DEU,0,,,,
2015,DEU,0,,,,
2015,DEU,0,,,,
2015,DEU,0,,,,
2015,DEU,0,,,,
2015,DEU,0,,,,
2015,DEU,0,,,,
2015,DEU,0,,,,
2015,DEU,0,,,,
2015,DEU,0,,,,
2015,DEU,0,,,,
2015,DEU,0,,,,
2015,DEU,0,,,,
2015,DEU,0,,,,
2015,DEU,0,,,,
2015,DEU,0,,,,
2015,DEU,0,,,,
2016,DEU,0,,,,
2016,DEU,0,,,,
2016,DEU,0,,,,
2016,DEU,0,,,,
2016,DEU,0,,,,
2016,DEU,0,,,,
2016,DEU,1,,,,
2016,DEU,1,,,,
2016,DEU,1,,,,
2016,DEU,1,,,,
2016,DEU,0,,,,
2016,DEU,1,,,,
2019,DEU,1,,,,
2019,DEU,1,,,,
2019,DEU,1,,,,
2020,DEU,1,,,,
2012,DEU,1,,,,
2012,DEU,0,,,,
2017,DEU,1,,,,
2003,DEU,1,,,,
2005,DEU,0,,,,
2004,DEU,0,,,,
2005,DEU,0,,,,
2008,DEU,0,,,,
2005,DEU,0,,,,
2011,DEU,0,,,,
2017,DEU,1,,,,
2016,DEU,1,,,,
2017,DEU,1,,,,
1996,DEU,0,,,,
2013,DEU,1,,,,
2011,DEU,1,,,,
2020,DEU,1,,,,
2009,DEU,1,,,,
2010,DEU,1,,,,
2010,DEU,1,,,,
2010,DEU,1,,,,
2018,DEU,0,,,,
2005,DEU,0,,,,
2007,DEU,0,,,,
2011,DEU,0,,,,
2018,DEU,1,,,,
2018,DEU,1,,,,
2013,DEU,0,,,,
1991,DEU,0,,,,
2000,DEU,0,,,,
1996,DEU,0,,,,
2012,DMA,1,,,,
2012,DMA,1,,,,
2015,DMA,1,,,,
2015,DMA,1,,,,
2015,DMA,1,,,,
2013,DMA,1,,,,
2013,DMA,1,,,,
2013,DMA,1,,,,
2015,DNK,1,,,,
2015,DNK,1,,,,
2015,DNK,1,,,,
2015,DNK,0,,,,
2015,DNK,0,,,,
2015,DNK,1,,,,
2015,DNK,0,,,,
2015,DNK,1,,,,
2015,DNK,1,,,,
2015,DNK,1,,,,
2015,DNK,0,,,,
2015,DNK,0,,,,
2015,DNK,1,,,,
2015,DNK,1,,,,
2015,DNK,0,,,,
2015,DNK,0,,,,
2016,DNK,1,,,,
2016,DNK,1,,,,
2004,DNK,0,,,,
2004,DNK,1,,,,
2008,DNK,0,,,,
2012,DNK,1,,,,
2013,DNK,1,,,,
2010,DNK,1,,,,
2012,DNK,0,,,,
2012,DNK,1,,,,
2011,DNK,1,,,,
2011,DNK,0,,,,
2000,DNK,1,,,,
2000,DNK,1,,,,
2000,DNK,1,,,,
2000,DNK,1,,,,
2000,DNK,1,,,,
2007,DNK,1,,,,
2020,DNK,0,,,,
2017,DNK,1,,,,
2017,DNK,1,,,,
2010,DNK,0,,,,
2000,DNK,1,,,,
2000,DNK,1,,,,
2000,DNK,1,,,,
2000,DNK,1,,,,
2000,DNK,1,,,,
2000,DNK,1,,,,
2009,DOM,1,,,,
2019,DZA,1,,,,
2017,DZA,1,,,,
2013,DZA,0,,,,
2020,DZA,1,,,,
2020,DZA,1,,,,
2020,DZA,1,,,,
2020,DZA,1,,,,
2010,DZA,1,,,,
2010,DZA,1,,,,
2010,DZA,1,,,,
2020,DZA,1,,,,
2014,DZA,0,,,,
2019,ECU,1,,,,
2018,ECU,1,,,,
2016,ECU,1,,,,
2016,ECU,0,,,,
2016,ECU,1,,,,
2016,ECU,1,,,,
2015,ECU,1,,,,
2015,ECU,1,,,,
2014,ECU,1,,,,
2013,ECU,1,,,,
2009,ECU,1,,,,
2008,ECU,1,,,,
2007,ECU,1,,,,
2006,ECU,1,,,,
2006,ECU,1,,,,
2006,ECU,1,,,,
2006,ECU,1,,,,
2018,ECU,1,,,,
2018,ECU,1,,,,
2020,ECU,1,,,,
2006,ECU,1,,,,
2013,ECU,0,,,,
2013,ECU,1,,,,
2013,ECU,0,,,,
2012,ECU,1,,,,
2012,ECU,1,,,,
2004,ECU,1,,,,
2014,ECU,0,,,,
2014,ECU,0,,,,
2018,ECU,0,,,,
2016,ECU,1,,,,
2016,ECU,1,,,,
2006,ECU,1,,,,
2006,ECU,1,,,,
2006,ECU,0,,,,
2003,ECU,1,,,,
2003,ECU,1,,,,
2020,ECU,1,,,,
2018,ECU,0,,,,
2006,ECU,1,,,,
2006,ECU,1,,,,
2006,ECU,1,,,,
2006,ECU,1,,,,
2006,ECU,1,,,,
2006,ECU,1,,,,
2006,ECU,1,,,,
2006,ECU,1,,,,
2006,ECU,1,,,,
2006,ECU,0,,,,
2006,ECU,1,,,,
2006,ECU,1,,,,
2008,ECU,1,,,,
2008,ECU,1,,,,
2011,ECU,1,,,,
1997,ECU,1,,,,
2018,ECU,1,,,,
2018,ECU,1,,,,
2014,ECU,0,,,,
2014,ECU,0,,,,
2014,ECU,0,,,,
2014,ECU,0,,,,
2014,ECU,0,,,,
2014,ECU,0,,,,
2014,ECU,1,,,,
2014,ECU,1,,,,
2014,ECU,0,,,,
2014,ECU,0,,,,
2014,ECU,0,,,,
2014,ECU,0,,,,
2014,ECU,0,,,,
2014,ECU,0,,,,
2014,ECU,0,,,,
2014,ECU,0,,,,
2014,ECU,0,,,,
2014,ECU,0,,,,
2014,ECU,0,,,,
2014,ECU,0,,,,
2014,ECU,0,,,,
2014,ECU,1,,,,
2014,ECU,0,,,,
2014,ECU,0,,,,
2014,ECU,0,,,,
2020,ECU,0,,,,
2020,ECU,1,,,,
2020,ECU,1,,,,
2020,ECU,1,,,,
2020,ECU,1,,,,
2020,ECU,0,,,,
2020,ECU,1,,,,
2020,ECU,1,,,,
2020,ECU,0,,,,
2020,ECU,1,,,,
2020,ECU,1,,,,
2020,ECU,0,,,,
2020,ECU,0,,,,
2017,ECU,1,,,,
1999,ECU,1,,,,
1999,ECU,1,,,,
1999,ECU,1,,,,
1999,ECU,1,,,,
1999,ECU,0,,,,
1999,ECU,0,,,,
1999,ECU,1,,,,
1999,ECU,1,,,,
2000,ECU,1,,,,
1998,ECU,0,,,,
1998,ECU,1,,,,
1998,ECU,0,,,,
1998,ECU,0,,,,
1998,ECU,0,,,,
1999,ECU,1,,,,
2018,ECU,1,,,,
2018,ECU,1,,,,
2018,ECU,1,,,,
2018,ECU,1,,,,
2018,ECU,1,,,,
2018,ECU,1,,,,
2018,ECU,1,,,,
2018,ECU,1,,,,
2018,ECU,0,,,,
2018,ECU,1,,,,
2018,ECU,1,,,,
1991,ECU,0,,,,
1991,ECU,0,,,,
1984,ECU,0,,,,
1984,ECU,0,,,,
1984,ECU,0,,,,
1984,ECU,0,,,,
2002,ECU,1,,,,
2000,ECU,0,,,,
2000,ECU,0,,,,
2000,ECU,1,,,,
2000,ECU,1,,,,
1982,ECU,1,,,,
2006,ECU,1,,,,
2006,ECU,1,,,,
2006,ECU,0,,,,
2006,ECU,0,,,,
2006,ECU,1,,,,
2006,ECU,1,,,,
2006,ECU,0,,,,
2018,ECU,1,,,,
2018,ECU,1,,,,
2018,ECU,1,,,,
2016,ECU,0,,,,
2016,ECU,1,,,,
2013,ECU,1,,,,
2013,ECU,1,,,,
2012,ECU,1,,,,
2012,ECU,1,,,,
2012,ECU,1,,,,
2012,ECU,1,,,,
2012,ECU,1,,,,
2012,ECU,1,,,,
2012,ECU,1,,,,
2012,ECU,1,,,,
2012,ECU,1,,,,
2012,ECU,1,,,,
2012,ECU,0,,,,
2012,ECU,1,,,,
2012,ECU,1,,,,
2012,ECU,1,,,,
2012,ECU,1,,,,
2012,ECU,1,,,,
2012,ECU,1,,,,
2012,ECU,1,,,,
2007,ECU,1,,,,
2007,ECU,1,,,,
2007,ECU,1,,,,
2007,ECU,1,,,,
2005,ECU,1,,,,
2005,ECU,1,,,,
2005,ECU,1,,,,
2005,ECU,1,,,,
2005,ECU,1,,,,
2005,ECU,1,,,,
2004,ECU,1,,,,
1992,ECU,1,,,,
1992,ECU,1,,,,
1992,ECU,1,,,,
2020,ECU,1,,,,
2020,ECU,1,,,,
2020,ECU,1,,,,
2019,ECU,1,,,,
2019,ECU,1,,,,
2019,ECU,1,,,,
2019,ECU,1,,,,
2018,ECU,1,,,,
2016,ECU,1,,,,
2016,ECU,1,,,,
2016,ECU,1,,,,
2016,ECU,1,,,,
2016,ECU,1,,,,
2015,ECU,1,,,,
2014,ECU,1,,,,
2014,ECU,1,,,,
2013,ECU,1,,,,
2013,ECU,1,,,,
2012,ECU,1,,,,
2010,ECU,1,,,,
2010,ECU,1,,,,
2010,ECU,1,,,,
2010,ECU,1,,,,
2010,ECU,1,,,,
2010,ECU,1,,,,
2010,ECU,1,,,,
2010,ECU,1,,,,
2010,ECU,1,,,,
2010,ECU,1,,,,
2010,ECU,1,,,,
2009,ECU,1,,,,
2007,ECU,1,,,,
2007,ECU,1,,,,
2007,ECU,1,,,,
2007,ECU,1,,,,
2007,ECU,1,,,,
2007,ECU,1,,,,
2007,ECU,1,,,,
2005,ECU,1,,,,
2005,ECU,1,,,,
2005,ECU,1,,,,
2005,ECU,1,,,,
1989,ECU,1,,,,
1989,ECU,1,,,,
1989,ECU,1,,,,
1989,ECU,1,,,,
1989,ECU,1,,,,
1989,ECU,1,,,,
1989,ECU,1,,,,
1989,ECU,1,,,,
1989,ECU,1,,,,
1989,ECU,1,,,,
1989,ECU,1,,,,
1989,ECU,1,,,,
1989,ECU,1,,,,
1989,ECU,1,,,,
1989,ECU,1,,,,
1989,ECU,1,,,,
1989,ECU,1,,,,
1989,ECU,1,,,,
1989,ECU,1,,,,
1989,ECU,1,,,,
1989,ECU,1,,,,
1989,ECU,1,,,,
1989,ECU,1,,,,
1989,ECU,1,,,,
1989,ECU,1,,,,
1989,ECU,1,,,,
1989,ECU,1,,,,
1987,ECU,1,,,,
1987,ECU,1,,,,
1987,ECU,1,,,,
1987,ECU,1,,,,
1987,ECU,1,,,,
1987,ECU,1,,,,
1987,ECU,1,,,,
1987,ECU,1,,,,
1987,ECU,1,,,,
1987,ECU,1,,,,
1987,ECU,1,,,,
1987,ECU,1,,,,
1987,ECU,1,,,,
1987,ECU,1,,,,
1987,ECU,1,,,,
1987,ECU,1,,,,
1987,ECU,1,,,,
1987,ECU,1,,,,
1987,ECU,1,,,,
1987,ECU,1,,,,
1987,ECU,1,,,,
2007,ECU,1,,,,
2007,ECU,1,,,,
2010,ECU,1,,,,
2010,ECU,1,,,,
2010,ECU,1,,,,
2010,ECU,1,,,,
2010,ECU,1,,,,
2018,ECU,1,,,,
2018,ECU,1,,,,
2018,ECU,1,,,,
2018,ECU,1,,,,
2018,ECU,1,,,,
2018,ECU,1,,,,
2006,ECU,1,,,,
2019,ECU,1,,,,
2019,ECU,1,,,,
2019,ECU,1,,,,
2019,ECU,1,,,,
2011,ECU,1,,,,
2014,ECU,1,,,,
1988,ECU,0,,,,
1988,ECU,1,,,,
1988,ECU,1,,,,
1988,ECU,1,,,,
1988,ECU,1,,,,
1988,ECU,1,,,,
1988,ECU,1,,,,
1988,ECU,1,,,,
1994,ECU,1,,,,
2011,ECU,1,,,,
2011,ECU,1,,,,
2003,ECU,1,,,,
2003,ECU,1,,,,
2003,ECU,1,,,,
2003,ECU,1,,,,
2003,ECU,1,,,,
2012,ECU,1,,,,
2013,ECU,1,,,,
2017,ECU,1,,,,
2017,ECU,1,,,,
2010,ECU,1,,,,
1978,ECU,1,,,,
2014,ECU,1,,,,
1985,ECU,1,,,,
2020,ECU,1,,,,
2020,ECU,1,,,,
2018,ECU,1,,,,
2007,ECU,1,,,,
1998,ECU,0,,,,
1972,ECU,0,,,,
1973,ECU,0,,,,
2013,ECU,0,,,,
2014,ECU,1,,,,
2018,ECU,1,,,,
2017,ECU,1,,,,
2018,ECU,1,,,,
2013,ECU,1,,,,
2004,ECU,0,,,,
2013,ECU,1,,,,
2013,ECU,0,,,,
2014,ECU,1,,,,
2012,ECU,1,,,,
2014,ECU,1,,,,
2007,ECU,1,,,,
2013,ECU,0,,,,
2009,ECU,1,,,,
2011,ECU,1,,,,
2012,ECU,0,,,,
2014,ECU,0,,,,
1986,ECU,1,,,,
2020,ECU,1,,,,
2004,ECU,0,,,,
2010,ECU,0,,,,
2012,ECU,0,,,,
2013,ECU,0,,,,
2008,ECU,0,,,,
2014,ECU,0,,,,
1987,ECU,0,,,,
2012,ECU,0,,,,
2013,ECU,0,,,,
2004,ECU,0,,,,
2014,ECU,0,,,,
2005,ECU,0,,,,
2019,ECU,1,,,,
2015,ECU,1,,,,
2015,ECU,1,,,,
2001,ECU,1,,,,
2013,ECU,1,,,,
2013,ECU,1,,,,
2013,ECU,1,,,,
2013,ECU,1,,,,
2013,ECU,1,,,,
2013,ECU,1,,,,
2018,ECU,0,,,,
2000,ECU,1,,,,
2007,ECU,1,,,,
2007,ECU,1,,,,
1984,ECU,1,,,,
1984,ECU,1,,,,
1991,ECU,1,,,,
1991,ECU,1,,,,
2015,EGY,1,,,,
2014,EGY,1,,,,
2014,EGY,1,,,,
2010,EGY,0,,,,
2001,EGY,0,,,,
2015,EGY,0,,,,
2011,ESP,0,,,,
2008,ESP,0,,,,
2014,ESP,0,,,,
2008,ESP,0,,,,
2008,ESP,0,,,,
2017,ESP,1,,,,
2017,ESP,1,,,,
1996,ESP,0,,,,
2005,ESP,0,,,,
2002,ESP,0,,,,
2018,ESP,0,,,,
2018,ESP,0,,,,
2018,ESP,0,,,,
2006,ESP,1,,,,
2019,ESP,1,,,,
2008,ESP,0,,,,
2008,ESP,1,,,,
2014,ESP,1,,,,
2006,ESP,1,,,,
1987,ESP,0,,,,
2010,ESP,0,,,,
2010,ESP,0,,,,
2019,ESP,0,,,,
2019,ESP,0,,,,
2019,ESP,0,,,,
2003,ESP,1,,,,
2003,ESP,1,,,,
2003,ESP,1,,,,
2003,ESP,1,,,,
2019,ESP,0,,,,
2012,ESP,0,,,,
2012,ESP,0,,,,
2012,ESP,0,,,,
2012,ESP,0,,,,
2012,ESP,0,,,,
2012,ESP,0,,,,
2012,ESP,0,,,,
2012,ESP,0,,,,
2012,ESP,0,,,,
2012,ESP,1,,,,
2012,ESP,0,,,,
2012,ESP,1,,,,
2012,ESP,1,,,,
2012,ESP,1,,,,
2012,ESP,1,,,,
2009,ESP,0,,,,
2009,ESP,0,,,,
2009,ESP,0,,,,
2009,ESP,0,,,,
2009,ESP,0,,,,
2009,ESP,0,,,,
2009,ESP,0,,,,
2009,ESP,0,,,,
2009,ESP,0,,,,
2009,ESP,0,,,,
2009,ESP,0,,,,
2013,ESP,0,,,,
2013,ESP,1,,,,
2013,ESP,0,,,,
2013,ESP,1,,,,
2013,ESP,0,,,,
2013,ESP,0,,,,
2013,ESP,0,,,,
2013,ESP,0,,,,
2013,ESP,0,,,,
2013,ESP,0,,,,
2013,ESP,1,,,,
2012,ESP,0,,,,
2012,ESP,0,,,,
2012,ESP,0,,,,
2004,ESP,1,,,,
2004,ESP,0,,,,
2005,ESP,0,,,,
2005,ESP,1,,,,
2006,ESP,1,,,,
2006,ESP,1,,,,
2006,ESP,1,,,,
2006,ESP,1,,,,
2006,ESP,1,,,,
2006,ESP,0,,,,
2006,ESP,1,,,,
2006,ESP,1,,,,
2008,ESP,1,,,,
2008,ESP,0,,,,
2008,ESP,0,,,,
2008,ESP,0,,,,
2008,ESP,0,,,,
2008,ESP,1,,,,
2008,ESP,1,,,,
2008,ESP,1,,,,
2014,ESP,1,,,,
2014,ESP,0,,,,
2014,ESP,0,,,,
2014,ESP,1,,,,
2014,ESP,0,,,,
2014,ESP,1,,,,
2014,ESP,0,,,,
2014,ESP,0,,,,
2014,ESP,0,,,,
2014,ESP,0,,,,
2014,ESP,0,,,,
2014,ESP,0,,,,
2014,ESP,0,,,,
2014,ESP,1,,,,
2014,ESP,1,,,,
2014,ESP,0,,,,
2014,ESP,1,,,,
2014,ESP,1,,,,
2014,ESP,0,,,,
2014,ESP,1,,,,
2014,ESP,1,,,,
2014,ESP,1,,,,
2014,ESP,1,,,,
2014,ESP,1,,,,
2014,ESP,1,,,,
2017,ESP,0,,,,
2017,ESP,0,,,,
2017,ESP,1,,,,
2017,ESP,0,,,,
2017,ESP,0,,,,
2017,ESP,0,,,,
2017,ESP,0,,,,
2017,ESP,0,,,,
2017,ESP,0,,,,
2017,ESP,0,,,,
2017,ESP,0,,,,
2017,ESP,1,,,,
2010,ESP,0,,,,
2010,ESP,1,,,,
2010,ESP,0,,,,
2010,ESP,1,,,,
2010,ESP,1,,,,
2010,ESP,1,,,,
2010,ESP,1,,,,
2015,ESP,0,,,,
2015,ESP,0,,,,
2015,ESP,1,,,,
2015,ESP,1,,,,
2015,ESP,1,,,,
2015,ESP,1,,,,
2015,ESP,0,,,,
2015,ESP,0,,,,
2015,ESP,0,,,,
2015,ESP,0,,,,
2015,ESP,0,,,,
2015,ESP,1,,,,
2016,ESP,0,,,,
2016,ESP,0,,,,
2016,ESP,0,,,,
2016,ESP,0,,,,
2016,ESP,0,,,,
2016,ESP,0,,,,
2016,ESP,0,,,,
2016,ESP,0,,,,
2016,ESP,1,,,,
2016,ESP,1,,,,
2016,ESP,1,,,,
2016,ESP,1,,,,
2016,ESP,1,,,,
2016,ESP,1,,,,
2016,ESP,1,,,,
2016,ESP,1,,,,
2016,ESP,1,,,,
2016,ESP,0,,,,
2016,ESP,0,,,,
2016,ESP,0,,,,
2016,ESP,1,,,,
2016,ESP,0,,,,
2016,ESP,0,,,,
2019,ESP,0,,,,
2019,ESP,1,,,,
2019,ESP,0,,,,
2019,ESP,0,,,,
2019,ESP,0,,,,
2019,ESP,0,,,,
2019,ESP,1,,,,
2019,ESP,0,,,,
2019,ESP,0,,,,
2019,ESP,0,,,,
2019,ESP,1,,,,
2019,ESP,1,,,,
2019,ESP,1,,,,
2019,ESP,1,,,,
2019,ESP,1,,,,
2019,ESP,0,,,,
2019,ESP,1,,,,
2019,ESP,0,,,,
2019,ESP,0,,,,
2019,ESP,0,,,,
2019,ESP,0,,,,
2019,ESP,0,,,,
2019,ESP,0,,,,
2019,ESP,0,,,,
2019,ESP,0,,,,
2019,ESP,0,,,,
2019,ESP,0,,,,
2019,ESP,1,,,,
2019,ESP,1,,,,
2015,ESP,0,,,,
2014,ESP,1,,,,
1993,ESP,0,,,,
2021,ESP,1,,,,
2020,ESP,1,,,,
2014,ESP,0,,,,
2014,ESP,0,,,,
2018,ESP,0,,,,
2019,ESP,0,,,,
2020,ESP,1,,,,
2021,ESP,0,,,,
2008,ESP,0,,,,
2008,ESP,1,,,,
2008,ESP,0,,,,
2008,ESP,0,,,,
2008,ESP,0,,,,
2008,ESP,0,,,,
2008,ESP,0,,,,
2008,ESP,0,,,,
2008,ESP,0,,,,
2009,ESP,0,,,,
2009,ESP,0,,,,
2009,ESP,1,,,,
2009,ESP,1,,,,
2009,ESP,0,,,,
2009,ESP,0,,,,
2009,ESP,0,,,,
2009,ESP,0,,,,
2009,ESP,0,,,,
2009,ESP,0,,,,
2012,ESP,1,,,,
2006,ESP,1,,,,
2006,ESP,1,,,,
2006,ESP,0,,,,
1981,ESP,0,,,,
1987,ESP,1,,,,
1989,ESP,0,,,,
2004,ESP,0,,,,
1934,ESP,0,,,,
2004,ESP,0,,,,
2011,ESP,0,,,,
2007,ESP,0,,,,
2007,ESP,0,,,,
1995,ESP,0,,,,
1995,ESP,0,,,,
2008,ESP,0,,,,
2008,ESP,0,,,,
2005,ESP,0,,,,
2005,ESP,0,,,,
2014,ESP,0,,,,
2000,ESP,0,,,,
2012,ESP,0,,,,
2005,ESP,1,,,,
2016,ESP,0,,,,
2017,ESP,0,,,,
2010,ESP,1,,,,
2014,ESP,1,,,,
2011,ESP,1,,,,
2007,ESP,0,,,,
1997,ESP,0,,,,
2006,ESP,0,,,,
2006,ESP,1,,,,
2005,ESP,1,,,,
2008,ESP,1,,,,
2015,ESP,1,,,,
2006,ESP,1,,,,
2010,ESP,1,,,,
2014,ESP,0,,,,
2015,ESP,1,,,,
2014,ESP,1,,,,
2005,ESP,1,,,,
2007,ESP,1,,,,
2010,ESP,1,,,,
2005,ESP,1,,,,
2005,ESP,0,,,,
2014,ESP,0,,,,
2012,ESP,0,,,,
2003,ESP,0,,,,
2006,ESP,1,,,,
2001,ESP,1,,,,
2005,ESP,0,,,,
1997,ESP,0,,,,
1997,ESP,0,,,,
2002,ESP,1,,,,
2002,ESP,0,,,,
2008,ESP,0,,,,
2008,ESP,0,,,,
2005,ESP,0,,,,
1992,ESP,1,,,,
2000,ESP,1,,,,
2000,ESP,0,,,,
2021,ESP,1,,,,
2015,ESP,1,,,,
2015,ESP,1,,,,
2015,ESP,1,,,,
2011,ESP,0,,,,
2009,ESP,1,,,,
2008,ESP,0,,,,
2012,ESP,0,,,,
2012,ESP,0,,,,
2012,ESP,0,,,,
2017,ESP,0,,,,
2006,ESP,1,,,,
2012,ESP,0,,,,
2012,ESP,0,,,,
2020,ESP,0,,,,
2009,ESP,0,,,,
2009,ESP,0,,,,
2013,ESP,1,,,,
2013,ESP,1,,,,
2013,ESP,1,,,,
2013,ESP,1,,,,
2013,ESP,1,,,,
2013,ESP,1,,,,
2013,ESP,1,,,,
2007,ESP,1,,,,
2010,ESP,1,,,,
2008,ESP,1,,,,
2010,ESP,1,,,,
2009,ESP,1,,,,
2005,ESP,1,,,,
1997,ESP,1,,,,
2011,ESP,1,,,,
2011,ESP,1,,,,
2011,ESP,1,,,,
2011,ESP,1,,,,
2009,ESP,1,,,,
2009,ESP,1,,,,
2009,ESP,1,,,,
2009,ESP,1,,,,
2009,ESP,1,,,,
2008,ESP,1,,,,
2008,ESP,1,,,,
2008,ESP,1,,,,
2008,ESP,1,,,,
2008,ESP,1,,,,
2018,ESP,1,,,,
2018,ESP,1,,,,
2018,ESP,1,,,,
2018,ESP,1,,,,
2018,ESP,1,,,,
2018,ESP,1,,,,
2018,ESP,1,,,,
2018,ESP,1,,,,
2018,ESP,1,,,,
2018,ESP,1,,,,
2018,ESP,1,,,,
2014,ESP,1,,,,
2015,ESP,1,,,,
2009,ESP,0,,,,
2008,ESP,0,,,,
2009,ESP,0,,,,
2005,ESP,1,,,,
2009,ESP,1,,,,
2010,ESP,0,,,,
2019,ESP,0,,,,
2012,ESP,1,,,,
2010,ESP,0,,,,
2005,ESP,0,,,,
2003,ESP,0,,,,
2017,ESP,1,,,,
2005,ESP,0,,,,
2010,ESP,0,,,,
2010,ESP,1,,,,
2010,ESP,1,,,,
2010,ESP,1,,,,
2005,ESP,1,,,,
2011,ESP,1,,,,
2010,ESP,1,,,,
2005,ESP,1,,,,
2011,ESP,0,,,,
2006,ESP,0,,,,
2009,ESP,0,,,,
2007,ESP,0,,,,
2007,ESP,0,,,,
2007,ESP,1,,,,
2005,ESP,1,,,,
2012,ESP,1,,,,
2006,ESP,1,,,,
2005,ESP,1,,,,
2003,ESP,1,,,,
2005,ESP,1,,,,
2006,ESP,0,,,,
2003,ESP,0,,,,
2010,ESP,0,,,,
2007,ESP,0,,,,
2011,ESP,0,,,,
2007,ESP,0,,,,
2003,ESP,1,,,,
2017,EST,1,,,,
2018,EST,1,,,,
2018,EST,0,,,,
2011,EST,1,,,,
2006,EST,1,,,,
2006,EST,1,,,,
2006,EST,1,,,,
2006,EST,1,,,,
2006,EST,1,,,,
2015,EST,0,,,,
2015,EST,0,,,,
2016,EST,0,,,,
2016,EST,0,,,,
2016,EST,0,,,,
2016,EST,0,,,,
2018,EST,0,,,,
2018,EST,0,,,,
2018,EST,0,,,,
2018,EST,0,,,,
2018,EST,0,,,,
2018,EST,0,,,,
2004,EST,1,,,,
2007,EST,1,,,,
2009,EST,0,,,,
2010,ETH,1,,,,
2010,ETH,1,,,,
2019,ETH,1,,,,
2018,ETH,0,,,,
2019,ETH,0,,,,
2017,ETH,0,,,,
2016,ETH,1,,,,
2016,ETH,1,,,,
2018,ETH,1,,,,
2020,ETH,1,,,,
2020,ETH,1,,,,
2017,ETH,1,,,,
2000,ETH,1,,,,
2017,ETH,0,,,,
2017,ETH,0,,,,
2008,ETH,0,,,,
2009,ETH,0,,,,
1994,ETH,0,,,,
2002,ETH,1,,,,
1998,ETH,1,,,,
2008,ETH,0,,,,
2004,ETH,0,,,,
2006,ETH,1,,,,
2006,ETH,0,,,,
1996,ETH,1,,,,
1997,ETH,1,,,,
2010,FIN,1,,,,
2002,FIN,1,,,,
2012,FIN,0,,,,
2012,FIN,0,,,,
2012,FIN,0,,,,
2012,FIN,0,,,,
2012,FIN,0,,,,
2012,FIN,0,,,,
2012,FIN,0,,,,
2012,FIN,0,,,,
2012,FIN,0,,,,
2012,FIN,0,,,,
2012,FIN,0,,,,
2012,FIN,1,,,,
2012,FIN,0,,,,
2012,FIN,0,,,,
2012,FIN,0,,,,
2012,FIN,0,,,,
2012,FIN,0,,,,
2012,FIN,0,,,,
2012,FIN,0,,,,
2012,FIN,1,,,,
2012,FIN,0,,,,
2018,FIN,1,,,,
2018,FIN,1,,,,
2018,FIN,0,,,,
2006,FIN,1,,,,
2006,FIN,0,,,,
2006,FIN,0,,,,
2017,FIN,1,,,,
2017,FIN,1,,,,
2017,FIN,0,,,,
2017,FIN,0,,,,
2017,FIN,1,,,,
2017,FIN,0,,,,
2017,FIN,0,,,,
2017,FIN,1,,,,
2017,FIN,1,,,,
2017,FIN,0,,,,
2017,FIN,0,,,,
2017,FIN,0,,,,
2006,FIN,1,,,,
2008,FIN,0,,,,
2015,FIN,0,,,,
2015,FIN,0,,,,
1999,FIN,0,,,,
1999,FIN,1,,,,
1999,FIN,0,,,,
1999,FIN,0,,,,
1999,FIN,0,,,,
2008,FIN,1,,,,
1974,FIN,0,,,,
1974,FIN,0,,,,
2006,FIN,0,,,,
2007,FIN,1,,,,
2001,FIN,1,,,,
2015,FIN,0,,,,
2016,FIN,1,,,,
2016,FIN,1,,,,
2016,FIN,1,,,,
2016,FIN,1,,,,
2016,FIN,1,,,,
2016,FIN,1,,,,
2018,FIN,1,,,,
2001,FIN,1,,,,
2008,FIN,1,,,,
2008,FIN,1,,,,
2010,FIN,1,,,,
2020,FJI,1,,,,
2011,FJI,0,,,,
2005,FJI,0,,,,
2005,FJI,0,,,,
2004,FJI,0,,,,
2011,FJI,0,,,,
2015,FJI,1,,,,
2009,FJI,0,,,,
2009,FJI,0,,,,
2017,FJI,0,,,,
2015,FJI,0,,,,
2015,FJI,1,,,,
2015,FJI,1,,,,
2013,FJI,1,,,,
2013,FJI,1,,,,
2013,FJI,1,,,,
2018,FJI,1,,,,
2007,FJI,1,,,,
2007,FJI,1,,,,
2014,FLK,1,,,,
2011,FLK,1,,,,
2020,FRA,1,,,,
2014,FRA,1,,,,
2007,FRA,1,,,,
2008,FRA,0,,,,
1998,FRA,0,,,,
2005,FRA,0,,,,
2004,FRA,1,,,,
2004,FRA,1,,,,
2004,FRA,1,,,,
2004,FRA,1,,,,
2011,FRA,0,,,,
2013,FRA,1,,,,
2017,FRA,1,,,,
2003,FRA,1,,,,
2019,FRA,0,,,,
2019,FRA,0,,,,
2019,FRA,0,,,,
2019,FRA,0,,,,
2019,FRA,0,,,,
2019,FRA,0,,,,
2019,FRA,0,,,,
2014,FRA,0,,,,
2011,FRA,1,,,,
2011,FRA,0,,,,
2011,FRA,1,,,,
2011,FRA,1,,,,
2011,FRA,0,,,,
2011,FRA,1,,,,
2011,FRA,1,,,,
2011,FRA,0,,,,
2011,FRA,1,,,,
2012,FRA,1,,,,
2012,FRA,1,,,,
2012,FRA,0,,,,
2012,FRA,0,,,,
2012,FRA,1,,,,
2018,FRA,1,,,,
2018,FRA,1,,,,
2018,FRA,1,,,,
2018,FRA,1,,,,
2018,FRA,0,,,,
2018,FRA,0,,,,
2018,FRA,1,,,,
2018,FRA,1,,,,
2018,FRA,0,,,,
2006,FRA,1,,,,
2006,FRA,1,,,,
2006,FRA,1,,,,
2006,FRA,0,,,,
2014,FRA,0,,,,
2014,FRA,0,,,,
2014,FRA,1,,,,
2014,FRA,1,,,,
2014,FRA,1,,,,
2014,FRA,0,,,,
2014,FRA,1,,,,
2014,FRA,1,,,,
2014,FRA,1,,,,
2014,FRA,1,,,,
2014,FRA,1,,,,
2014,FRA,1,,,,
2014,FRA,0,,,,
2014,FRA,0,,,,
2014,FRA,0,,,,
2014,FRA,1,,,,
2014,FRA,1,,,,
2014,FRA,1,,,,
2014,FRA,1,,,,
2014,FRA,1,,,,
2014,FRA,1,,,,
2014,FRA,0,,,,
2014,FRA,1,,,,
2014,FRA,1,,,,
2014,FRA,1,,,,
2014,FRA,1,,,,
2014,FRA,1,,,,
2014,FRA,1,,,,
2014,FRA,0,,,,
2014,FRA,1,,,,
2014,FRA,1,,,,
2014,FRA,0,,,,
2014,FRA,1,,,,
2014,FRA,1,,,,
2014,FRA,0,,,,
2014,FRA,1,,,,
2014,FRA,0,,,,
2014,FRA,1,,,,
2014,FRA,1,,,,
2014,FRA,1,,,,
2014,FRA,0,,,,
2014,FRA,0,,,,
2014,FRA,0,,,,
2014,FRA,0,,,,
2017,FRA,0,,,,
2017,FRA,1,,,,
2010,FRA,0,,,,
2010,FRA,0,,,,
2010,FRA,1,,,,
2010,FRA,1,,,,
2010,FRA,0,,,,
2010,FRA,0,,,,
2010,FRA,1,,,,
2010,FRA,1,,,,
2015,FRA,0,,,,
2015,FRA,0,,,,
2015,FRA,0,,,,
2015,FRA,0,,,,
2015,FRA,0,,,,
2015,FRA,0,,,,
2015,FRA,0,,,,
2015,FRA,0,,,,
2015,FRA,0,,,,
2015,FRA,0,,,,
2015,FRA,1,,,,
2015,FRA,1,,,,
2019,FRA,0,,,,
2019,FRA,0,,,,
2019,FRA,0,,,,
2019,FRA,0,,,,
2019,FRA,0,,,,
2019,FRA,1,,,,
2019,FRA,1,,,,
2019,FRA,0,,,,
2011,FRA,0,,,,
1997,FRA,0,,,,
2006,FRA,0,,,,
2003,FRA,0,,,,
2005,FRA,1,,,,
2008,FRA,0,,,,
1980,FRA,0,,,,
1980,FRA,0,,,,
1997,FRA,0,,,,
2007,FRA,0,,,,
1986,FRA,1,,,,
2007,FRA,0,,,,
2008,FRA,0,,,,
2007,FRA,0,,,,
2014,FRA,1,,,,
2007,FRA,1,,,,
2011,FRA,1,,,,
2009,FRA,0,,,,
2005,FRA,0,,,,
2014,FRA,0,,,,
1992,FRA,0,,,,
2014,FRA,0,,,,
2010,FRA,0,,,,
2013,FRA,0,,,,
2005,FRA,0,,,,
2006,FRA,0,,,,
2007,FRA,0,,,,
2007,FRA,0,,,,
2001,FRA,0,,,,
2005,FRA,1,,,,
2000,FRA,1,,,,
2000,FRA,1,,,,
1995,FRA,0,,,,
2003,FRA,0,,,,
2004,FRA,0,,,,
2011,FRA,1,,,,
2011,FRA,1,,,,
2011,FRA,0,,,,
2012,FRA,1,,,,
2009,FRA,1,,,,
2009,FRA,1,,,,
2009,FRA,1,,,,
2009,FRA,1,,,,
2011,FRA,1,,,,
1995,FRA,0,,,,
2009,FRA,1,,,,
2009,FRA,1,,,,
2009,FRA,1,,,,
2009,FRA,1,,,,
2009,FRA,1,,,,
2009,FRA,1,,,,
2004,FRA,1,,,,
2012,FRA,1,,,,
1997,FRA,1,,,,
1997,FRA,1,,,,
1997,FRA,1,,,,
1997,FRA,1,,,,
1997,FRA,1,,,,
1997,FRA,1,,,,
1996,FRA,0,,,,
1995,FRA,1,,,,
2002,FRA,1,,,,
1996,FRA,1,,,,
1996,FRA,1,,,,
1996,FRA,1,,,,
2004,FRA,1,,,,
2009,FRA,1,,,,
2013,FRA,1,,,,
2013,FRA,1,,,,
2013,FRA,1,,,,
2013,FRA,1,,,,
2013,FRA,1,,,,
2013,FRA,1,,,,
2009,FRA,1,,,,
1999,FRA,1,,,,
1999,FRA,1,,,,
1999,FRA,1,,,,
1999,FRA,1,,,,
1999,FRA,1,,,,
2001,FRA,1,,,,
2001,FRA,1,,,,
2011,FRA,1,,,,
2011,FRA,1,,,,
2011,FRA,1,,,,
2007,FRA,0,,,,
2002,FRA,0,,,,
2012,FRA,0,,,,
2013,FRA,0,,,,
2008,FRA,0,,,,
2006,FRA,1,,,,
2006,FRA,1,,,,
1997,FRA,1,,,,
1997,FRA,1,,,,
1997,FRA,1,,,,
1997,FRA,1,,,,
1997,FRA,1,,,,
1997,FRA,1,,,,
2011,FRA,1,,,,
2011,FRA,1,,,,
2011,FRA,1,,,,
2011,FRA,1,,,,
2018,FRA,0,,,,
2010,GAB,0,,,,
2010,GAB,1,,,,
2006,GAB,1,,,,
2010,GAB,0,,,,
2008,GAB,1,,,,
2018,GBR,1,,,,
2019,GBR,1,,,,
2020,GBR,1,,,,
2015,GBR,1,,,,
2019,GBR,1,,,,
2013,GBR,1,,,,
2013,GBR,0,,,,
2019,GBR,0,,,,
1960,GBR,0,,,,
2012,GBR,0,,,,
2016,GBR,1,,,,
2019,GBR,1,,,,
2008,GBR,1,,,,
2010,GBR,1,,,,
2005,GBR,0,,,,
2017,GBR,0,,,,
2005,GBR,0,,,,
2015,GBR,0,,,,
2014,GBR,1,,,,
2018,GBR,0,,,,
2011,GBR,0,,,,
2019,GBR,1,,,,
2019,GBR,1,,,,
2006,GBR,1,,,,
2011,GBR,0,,,,
2014,GBR,1,,,,
2014,GBR,1,,,,
2006,GBR,1,,,,
2006,GBR,1,,,,
2009,GBR,0,,,,
2020,GBR,1,,,,
2020,GBR,1,,,,
2016,GBR,1,,,,
2009,GBR,1,,,,
2009,GBR,0,,,,
2009,GBR,0,,,,
2017,GBR,0,,,,
2013,GBR,1,,,,
2013,GBR,1,,,,
2013,GBR,0,,,,
2013,GBR,0,,,,
2013,GBR,0,,,,
2013,GBR,0,,,,
2013,GBR,1,,,,
2013,GBR,1,,,,
2013,GBR,1,,,,
2013,GBR,1,,,,
2013,GBR,1,,,,
2013,GBR,1,,,,
2013,GBR,0,,,,
2013,GBR,1,,,,
2013,GBR,1,,,,
2013,GBR,1,,,,
2013,GBR,1,,,,
2013,GBR,1,,,,
2013,GBR,1,,,,
2013,GBR,0,,,,
2013,GBR,0,,,,
2006,GBR,1,,,,
2006,GBR,1,,,,
2006,GBR,1,,,,
2006,GBR,1,,,,
2006,GBR,0,,,,
2006,GBR,1,,,,
2008,GBR,1,,,,
2008,GBR,1,,,,
2008,GBR,0,,,,
2008,GBR,0,,,,
2015,GBR,0,,,,
2015,GBR,0,,,,
2015,GBR,0,,,,
2015,GBR,0,,,,
2015,GBR,0,,,,
2015,GBR,0,,,,
2015,GBR,1,,,,
2019,GBR,1,,,,
2019,GBR,1,,,,
2019,GBR,0,,,,
2019,GBR,1,,,,
2019,GBR,1,,,,
2019,GBR,0,,,,
2019,GBR,1,,,,
2019,GBR,1,,,,
2019,GBR,1,,,,
2019,GBR,1,,,,
2019,GBR,1,,,,
2019,GBR,0,,,,
1992,GBR,0,,,,
1991,GBR,1,,,,
2020,GBR,1,,,,
2007,GBR,0,,,,
2008,GBR,0,,,,
2008,GBR,0,,,,
2005,GBR,0,,,,
2015,GBR,0,,,,
2005,GBR,0,,,,
2011,GBR,0,,,,
2006,GBR,0,,,,
2007,GBR,0,,,,
2000,GBR,0,,,,
2005,GBR,1,,,,
2013,GBR,0,,,,
2013,GBR,0,,,,
2007,GBR,1,,,,
2005,GBR,1,,,,
2006,GBR,0,,,,
2013,GBR,0,,,,
1961,GBR,1,,,,
2014,GBR,0,,,,
2003,GBR,0,,,,
2005,GBR,0,,,,
2015,GBR,0,,,,
,GBR,0,,,,
2010,GBR,0,,,,
2010,GBR,0,,,,
2014,GBR,0,,,,
,GBR,0,,,,
2005,GBR,0,,,,
2005,GBR,0,,,,
2005,GBR,0,,,,
2005,GBR,0,,,,
2007,GBR,0,,,,
2014,GBR,0,,,,
2010,GBR,0,,,,
2010,GBR,0,,,,
2012,GBR,0,,,,
2008,GBR,0,,,,
2014,GBR,0,,,,
2005,GBR,0,,,,
2009,GBR,0,,,,
2000,GBR,1,,,,
2014,GBR,0,,,,
2014,GBR,0,,,,
2011,GBR,0,,,,
2004,GBR,0,,,,
2014,GBR,0,,,,
2009,GBR,0,,,,
2011,GBR,0,,,,
2010,GBR,0,,,,
2010,GBR,0,,,,
2010,GBR,0,,,,
2011,GBR,0,,,,
2011,GBR,1,,,,
2002,GBR,0,,,,
1998,GBR,0,,,,
2000,GBR,1,,,,
2000,GBR,0,,,,
2003,GBR,1,,,,
2001,GBR,0,,,,
2004,GBR,1,,,,
2016,GBR,1,,,,
2009,GBR,1,,,,
2009,GBR,1,,,,
2008,GBR,0,,,,
2007,GBR,1,,,,
2007,GBR,1,,,,
2006,GBR,1,,,,
2019,GBR,1,,,,
2019,GBR,1,,,,
2019,GBR,1,,,,
1942,GBR,1,,,,
2009,GBR,0,,,,
2005,GBR,0,,,,
2005,GBR,0,,,,
1999,GBR,0,,,,
2021,GBR,0,,,,
2018,GBR,0,,,,
2019,GBR,0,,,,
2018,GBR,1,,,,
2011,GBR,0,,,,
2015,GBR,0,,,,
2013,GBR,0,,,,
2009,GHA,0,,,,
2009,GHA,0,,,,
2012,GHA,1,,,,
2004,GHA,0,,,,
2004,GHA,0,,,,
2004,GHA,0,,,,
1993,GHA,0,,,,
1974,GLP,0,,,,
1988,GLP,0,,,,
2005,GLP,0,,,,
2005,GLP,0,,,,
2005,GLP,0,,,,
2017,GRC,1,,,,
2004,GRC,1,,,,
2007,GRC,1,,,,
2007,GRC,0,,,,
2014,GRC,1,,,,
2013,GRC,1,,,,
2009,GRC,0,,,,
2009,GRC,0,,,,
2009,GRC,0,,,,
2009,GRC,0,,,,
2009,GRC,0,,,,
2009,GRC,0,,,,
2009,GRC,0,,,,
2006,GRC,1,,,,
2006,GRC,1,,,,
2006,GRC,0,,,,
2006,GRC,0,,,,
2007,GRC,1,,,,
2007,GRC,1,,,,
2007,GRC,1,,,,
1993,GRC,0,,,,
2019,GRC,1,,,,
2014,GRC,1,,,,
2014,GRC,1,,,,
2014,GRD,0,,,,
2005,GTM,0,,,,
2005,GTM,1,,,,
2005,GTM,1,,,,
2012,GUF,0,,,,
2012,GUF,0,,,,
1990,GUM,0,,,,
2007,GUM,0,,,,
2007,GUM,0,,,,
2007,GUM,0,,,,
2007,GUM,0,,,,
2007,GUM,0,,,,
2007,GUM,0,,,,
2007,GUM,0,,,,
2017,HND,1,,,,
2017,HND,1,,,,
2017,HND,1,,,,
2017,HRV,0,,,,
2018,HRV,1,,,,
2009,HRV,1,,,,
2017,HRV,1,,,,
2014,HRV,0,,,,
2014,HRV,0,,,,
2014,HRV,1,,,,
2014,HRV,0,,,,
2014,HRV,0,,,,
2014,HRV,0,,,,
1990,HRV,1,,,,
2005,HTI,0,,,,
2007,HUN,0,,,,
2016,HUN,1,,,,
1994,HUN,1,,,,
2014,HUN,0,,,,
2014,HUN,0,,,,
2014,HUN,0,,,,
2014,HUN,0,,,,
2016,HUN,1,,,,
2013,HUN,1,,,,
2013,HUN,1,,,,
2011,HUN,1,,,,
2011,HUN,1,,,,
2012,HUN,1,,,,
2012,HUN,1,,,,
2015,HUN,0,,,,
2016,HUN,0,,,,
2016,HUN,1,,,,
2019,HUN,1,,,,
2019,HUN,0,,,,
2019,HUN,0,,,,
2019,HUN,0,,,,
2019,HUN,0,,,,
2019,HUN,0,,,,
2019,HUN,0,,,,
2019,HUN,0,,,,
2019,HUN,0,,,,
2019,HUN,1,,,,
2019,HUN,0,,,,
2019,HUN,0,,,,
2019,HUN,0,,,,
2019,HUN,0,,,,
2019,HUN,0,,,,
2019,HUN,0,,,,
2019,HUN,0,,,,
2019,HUN,0,,,,
2010,HUN,1,,,,
2006,HUN,1,,,,
2006,HUN,0,,,,
1991,HUN,1,,,,
1993,HUN,1,,,,
1994,HUN,1,,,,
2009,HUN,1,,,,
1922,IDN,1,,,,
2011,IDN,1,,,,
2011,IDN,1,,,,
2011,IDN,1,,,,
2011,IDN,1,,,,
2011,IDN,1,,,,
2011,IDN,1,,,,
2011,IDN,1,,,,
2011,IDN,1,,,,
2011,IDN,1,,,,
2018,IDN,0,,,,
2018,IDN,0,,,,
2018,IDN,0,,,,
2018,IDN,0,,,,
2018,IDN,0,,,,
2018,IDN,0,,,,
2018,IDN,0,,,,
2018,IDN,0,,,,
2020,IDN,1,,,,
2020,IDN,1,,,,
2020,IDN,1,,,,
2019,IDN,0,,,,
2019,IDN,0,,,,
2019,IDN,0,,,,
2019,IDN,0,,,,
2019,IDN,0,,,,
2019,IDN,0,,,,
2019,IDN,0,,,,
2019,IDN,0,,,,
2019,IDN,0,,,,
2019,IDN,0,,,,
2019,IDN,0,,,,
2019,IDN,0,,,,
2019,IDN,0,,,,
2019,IDN,0,,,,
2019,IDN,0,,,,
2019,IDN,0,,,,
2019,IDN,1,,,,
2019,IDN,1,,,,
2019,IDN,1,,,,
2019,IDN,1,,,,
2019,IDN,1,,,,
2019,IDN,1,,,,
2019,IDN,0,,,,
2019,IDN,0,,,,
2019,IDN,0,,,,
2019,IDN,0,,,,
2019,IDN,0,,,,
2019,IDN,0,,,,
2019,IDN,0,,,,
2019,IDN,0,,,,
2019,IDN,0,,,,
2019,IDN,0,,,,
2019,IDN,0,,,,
2019,IDN,0,,,,
2019,IDN,0,,,,
2019,IDN,0,,,,
2019,IDN,0,,,,
2019,IDN,0,,,,
2019,IDN,0,,,,
2019,IDN,0,,,,
2019,IDN,0,,,,
2003,IDN,1,,,,
2003,IDN,1,,,,
2003,IDN,0,,,,
2010,IDN,0,,,,
2010,IDN,1,,,,
2010,IDN,1,,,,
2008,IDN,0,,,,
1960,IDN,1,,,,
2011,IDN,0,,,,
2011,IDN,1,,,,
2011,IDN,1,,,,
2013,IND,1,,,,
2004,IND,0,,,,
2016,IND,0,,,,
2016,IND,1,,,,
2013,IND,0,,,,
2017,IND,1,,,,
2012,IND,1,,,,
2008,IND,1,,,,
2014,IND,1,,,,
2015,IND,1,,,,
2015,IND,1,,,,
2015,IND,1,,,,
1988,IND,1,,,,
2015,IND,1,,,,
2015,IND,1,,,,
2015,IND,1,,,,
2015,IND,1,,,,
2015,IND,1,,,,
2015,IND,1,,,,
2015,IND,1,,,,
2010,IND,1,,,,
2019,IND,1,,,,
2019,IND,1,,,,
2019,IND,1,,,,
2019,IND,1,,,,
2019,IND,1,,,,
2019,IND,1,,,,
2019,IND,1,,,,
2019,IND,0,,,,
2019,IND,1,,,,
2019,IND,1,,,,
2019,IND,1,,,,
2019,IND,0,,,,
2019,IND,0,,,,
2019,IND,0,,,,
2019,IND,0,,,,
2019,IND,0,,,,
2020,IND,1,,,,
2017,IND,1,,,,
2020,IND,0,,,,
2020,IND,1,,,,
2020,IND,0,,,,
2020,IND,1,,,,
2016,IND,1,,,,
2016,IND,1,,,,
2014,IND,1,,,,
2016,IND,1,,,,
2020,IND,1,,,,
2020,IND,0,,,,
2020,IND,1,,,,
2014,IND,1,,,,
2019,IND,1,,,,
1981,IND,0,,,,
1975,IND,0,,,,
1989,IND,0,,,,
2018,IND,0,,,,
2018,IND,0,,,,
2005,IND,0,,,,
2008,IND,1,,,,
2008,IND,1,,,,
2010,IND,1,,,,
2010,IND,1,,,,
2010,IND,1,,,,
2009,IND,1,,,,
2014,IND,1,,,,
2014,IND,1,,,,
2014,IND,1,,,,
2012,IND,1,,,,
2012,IND,1,,,,
2018,IND,1,,,,
2010,IND,1,,,,
2005,IND,1,,,,
2009,IND,0,,,,
2012,IND,0,,,,
2006,IND,0,,,,
2006,IND,0,,,,
2006,IND,0,,,,
2006,IND,1,,,,
2006,IND,1,,,,
2006,IND,1,,,,
1981,IND,0,,,,
1981,IND,0,,,,
1981,IND,1,,,,
2015,IND,1,,,,
2013,IND,1,,,,
2017,IND,1,,,,
2011,IND,1,,,,
2012,IND,1,,,,
2011,IND,1,,,,
2007,IND,1,,,,
2001,IND,1,,,,
2010,IND,1,,,,
2011,IND,0,,,,
2011,IND,0,,,,
2011,IND,1,,,,
2010,IND,1,,,,
2010,IND,1,,,,
2009,IND,1,,,,
2016,IND,1,,,,
2015,IND,0,,,,
2010,IND,1,,,,
2008,IND,1,,,,
1916,IND,1,,,,
2018,IND,1,,,,
2018,IND,1,,,,
2018,IND,1,,,,
2018,IND,1,,,,
2018,IND,1,,,,
2018,IND,1,,,,
2018,IND,1,,,,
2018,IND,1,,,,
2007,IND,1,,,,
2009,IND,1,,,,
2005,IND,1,,,,
2015,IND,1,,,,
2017,IND,1,,,,
2011,IND,1,,,,
2009,IND,1,,,,
2012,IND,1,,,,
2012,IND,1,,,,
2009,IND,1,,,,
2017,IND,1,,,,
2019,IND,1,,,,
2017,IND,1,,,,
2017,IND,1,,,,
2002,IND,1,,,,
2015,IND,1,,,,
2016,IND,0,,,,
2016,IND,0,,,,
2018,IND,0,,,,
2007,IND,0,,,,
2012,IND,0,,,,
2012,IND,0,,,,
2012,IND,1,,,,
2012,IND,0,,,,
2012,IND,1,,,,
2012,IND,1,,,,
2012,IND,1,,,,
2012,IND,0,,,,
2012,IND,1,,,,
2012,IND,1,,,,
2012,IND,0,,,,
2012,IND,1,,,,
2004,IND,1,,,,
2004,IND,1,,,,
2013,IND,1,,,,
2013,IND,1,,,,
2018,IND,1,,,,
2018,IND,0,,,,
2014,IND,1,,,,
2019,IND,1,,,,
2000,IND,1,,,,
2000,IND,1,,,,
2000,IND,1,,,,
2000,IND,1,,,,
2000,IND,1,,,,
2000,IND,1,,,,
2013,IND,1,,,,
2013,IND,1,,,,
2013,IND,1,,,,
2013,IND,1,,,,
2014,IND,1,,,,
2014,IND,1,,,,
2014,IND,1,,,,
2013,IND,1,,,,
2013,IND,1,,,,
2013,IND,1,,,,
2013,IND,1,,,,
2013,IND,1,,,,
2010,IND,0,,,,
2010,IND,1,,,,
2010,IND,1,,,,
2013,IND,1,,,,
2015,IND,1,,,,
2016,IND,1,,,,
2016,IND,1,,,,
2011,IND,1,,,,
2011,IND,1,,,,
2011,IND,1,,,,
2011,IND,1,,,,
2011,IND,1,,,,
2011,IND,1,,,,
2011,IND,1,,,,
2009,IND,1,,,,
2005,IND,1,,,,
2005,IND,1,,,,
2008,IND,1,,,,
2013,IND,0,,,,
2013,IND,1,,,,
1989,IND,1,,,,
1989,IND,1,,,,
1989,IND,1,,,,
1989,IND,1,,,,
1989,IND,0,,,,
1989,IND,0,,,,
1989,IND,1,,,,
2013,IND,1,,,,
2013,IND,1,,,,
2013,IND,1,,,,
2013,IND,0,,,,
2013,IND,1,,,,
2013,IND,1,,,,
2013,IND,1,,,,
2013,IND,1,,,,
2014,IND,1,,,,
2016,IND,1,,,,
2016,IND,1,,,,
2016,IND,1,,,,
2016,IND,1,,,,
2016,IND,1,,,,
2016,IND,1,,,,
2016,IND,0,,,,
2016,IND,1,,,,
2010,IND,1,,,,
2016,IND,1,,,,
1988,IND,1,,,,
2013,IND,1,,,,
2013,IND,1,,,,
2011,IND,1,,,,
2017,IND,1,,,,
2014,IND,1,,,,
2009,IND,1,,,,
2009,IND,1,,,,
2007,IND,1,,,,
2007,IND,1,,,,
2007,IND,1,,,,
2007,IND,1,,,,
2010,IND,1,,,,
2010,IND,1,,,,
2010,IND,1,,,,
2010,IND,1,,,,
2011,IND,1,,,,
2011,IND,1,,,,
2011,IND,1,,,,
2011,IND,1,,,,
2011,IND,1,,,,
2011,IND,1,,,,
2011,IND,1,,,,
2011,IND,1,,,,
2011,IND,1,,,,
2011,IND,1,,,,
2011,IND,1,,,,
2012,IND,1,,,,
2012,IND,1,,,,
2012,IND,1,,,,
2015,IND,1,,,,
2009,IND,1,,,,
2009,IND,0,,,,
2009,IND,1,,,,
2009,IND,1,,,,
2016,IND,1,,,,
2016,IND,1,,,,
2016,IND,1,,,,
2016,IND,1,,,,
2016,IND,1,,,,
2020,IND,1,,,,
2020,IND,1,,,,
2020,IND,1,,,,
2020,IND,0,,,,
2020,IND,0,,,,
2020,IND,0,,,,
2020,IND,0,,,,
2020,IND,1,,,,
2020,IND,0,,,,
2020,IND,0,,,,
2020,IND,0,,,,
2020,IND,0,,,,
2020,IND,0,,,,
2002,IRL,1,,,,
2015,IRL,1,,,,
2013,IRL,1,,,,
2013,IRL,1,,,,
2013,IRL,1,,,,
2011,IRL,0,,,,
2011,IRL,0,,,,
2011,IRL,0,,,,
2011,IRL,0,,,,
2011,IRL,0,,,,
2011,IRL,1,,,,
2011,IRL,1,,,,
2011,IRL,0,,,,
2011,IRL,0,,,,
2009,IRL,0,,,,
2009,IRL,0,,,,
2009,IRL,0,,,,
2009,IRL,0,,,,
2009,IRL,0,,,,
2009,IRL,0,,,,
2009,IRL,0,,,,
2009,IRL,0,,,,
2009,IRL,0,,,,
2009,IRL,0,,,,
2009,IRL,1,,,,
2009,IRL,1,,,,
2009,IRL,1,,,,
2009,IRL,1,,,,
2009,IRL,1,,,,
2009,IRL,0,,,,
2009,IRL,0,,,,
2009,IRL,0,,,,
2018,IRL,0,,,,
2018,IRL,1,,,,
2018,IRL,1,,,,
2018,IRL,0,,,,
2018,IRL,0,,,,
2018,IRL,0,,,,
2018,IRL,0,,,,
2018,IRL,0,,,,
2018,IRL,0,,,,
2018,IRL,0,,,,
2018,IRL,0,,,,
2018,IRL,0,,,,
2018,IRL,0,,,,
2018,IRL,0,,,,
2018,IRL,0,,,,
2018,IRL,0,,,,
2018,IRL,0,,,,
2018,IRL,0,,,,
2018,IRL,0,,,,
2018,IRL,0,,,,
2018,IRL,0,,,,
2018,IRL,0,,,,
2018,IRL,0,,,,
2015,IRL,0,,,,
2015,IRL,0,,,,
2015,IRL,1,,,,
2015,IRL,0,,,,
2015,IRL,0,,,,
2015,IRL,0,,,,
2015,IRL,0,,,,
2015,IRL,0,,,,
2013,IRL,0,,,,
2014,IRL,0,,,,
1998,IRL,0,,,,
2005,IRL,0,,,,
2014,IRL,1,,,,
2012,IRL,1,,,,
2015,IRL,1,,,,
2016,IRL,0,,,,
2013,IRL,1,,,,
2014,IRL,1,,,,
2013,IRL,1,,,,
2013,IRL,1,,,,
2013,IRL,1,,,,
1996,IRL,1,,,,
1999,IRL,0,,,,
2001,IRL,0,,,,
2014,IRL,1,,,,
2005,IRL,1,,,,
1991,IRL,1,,,,
2009,IRL,0,,,,
2006,IRN,0,,,,
2010,IRN,1,,,,
2004,IRN,0,,,,
2009,IRN,0,,,,
2009,IRN,0,,,,
2009,IRN,0,,,,
2009,IRN,1,,,,
2009,IRN,1,,,,
2009,IRN,1,,,,
2015,IRN,1,,,,
2021,IRN,0,,,,
2015,IRN,0,,,,
2017,IRN,0,,,,
2021,IRN,0,,,,
2021,IRN,0,,,,
2020,IRN,0,,,,
2020,IRN,0,,,,
2018,IRN,0,,,,
2020,IRN,0,,,,
2020,IRN,0,,,,
2021,IRN,0,,,,
2018,IRN,0,,,,
2012,IRN,0,,,,
2010,IRN,0,,,,
2016,IRN,0,,,,
2016,IRN,0,,,,
2019,IRN,0,,,,
2016,IRN,1,,,,
2014,IRN,1,,,,
2014,IRN,1,,,,
2014,IRN,1,,,,
2007,IRN,1,,,,
2018,IRN,1,,,,
2008,IRN,1,,,,
2008,IRN,1,,,,
2008,IRN,1,,,,
2014,IRN,0,,,,
2016,ISL,0,,,,
2016,ISL,1,,,,
2016,ISL,1,,,,
2016,ISL,1,,,,
2016,ISL,0,,,,
2016,ISL,0,,,,
2008,ISL,0,,,,
2005,ISL,0,,,,
2008,ISL,1,,,,
2008,ISL,1,,,,
2008,ISR,0,,,,
2001,ISR,1,,,,
2006,ISR,0,,,,
2009,ISR,0,,,,
1988,ISR,1,,,,
1998,ISR,0,,,,
2007,ISR,0,,,,
2011,ISR,1,,,,
1999,ISR,1,,,,
1995,ISR,1,,,,
2003,ISR,0,,,,
2010,ISR,1,,,,
2010,ISR,1,,,,
2017,ITA,1,,,,
1996,ITA,1,,,,
1986,ITA,1,,,,
1999,ITA,1,,,,
2001,ITA,0,,,,
2005,ITA,0,,,,
1999,ITA,0,,,,
2008,ITA,0,,,,
2008,ITA,0,,,,
2008,ITA,1,,,,
2008,ITA,1,,,,
2008,ITA,1,,,,
2014,ITA,0,,,,
2013,ITA,0,,,,
2014,ITA,0,,,,
2012,ITA,0,,,,
2014,ITA,0,,,,
2014,ITA,1,,,,
2017,ITA,1,,,,
2018,ITA,1,,,,
2017,ITA,1,,,,
2017,ITA,1,,,,
2015,ITA,1,,,,
2016,ITA,1,,,,
2016,ITA,1,,,,
2013,ITA,0,,,,
2021,ITA,0,,,,
2017,ITA,1,,,,
2013,ITA,1,,,,
2006,ITA,0,,,,
2006,ITA,1,,,,
2006,ITA,1,,,,
2006,ITA,1,,,,
2006,ITA,0,,,,
2011,ITA,1,,,,
2012,ITA,1,,,,
2012,ITA,1,,,,
2012,ITA,1,,,,
2012,ITA,1,,,,
2012,ITA,1,,,,
2012,ITA,1,,,,
2012,ITA,1,,,,
2012,ITA,1,,,,
2007,ITA,1,,,,
2007,ITA,0,,,,
2007,ITA,1,,,,
2007,ITA,1,,,,
2007,ITA,0,,,,
2007,ITA,1,,,,
2007,ITA,1,,,,
2007,ITA,1,,,,
2007,ITA,1,,,,
2012,ITA,1,,,,
2012,ITA,1,,,,
2013,ITA,0,,,,
2013,ITA,0,,,,
2013,ITA,0,,,,
2013,ITA,0,,,,
2013,ITA,0,,,,
2013,ITA,1,,,,
2018,ITA,0,,,,
2018,ITA,0,,,,
2018,ITA,0,,,,
2018,ITA,1,,,,
2018,ITA,1,,,,
2018,ITA,1,,,,
2018,ITA,0,,,,
2018,ITA,1,,,,
2018,ITA,0,,,,
2018,ITA,0,,,,
2018,ITA,0,,,,
2018,ITA,1,,,,
2018,ITA,1,,,,
2018,ITA,1,,,,
2012,ITA,0,,,,
2012,ITA,1,,,,
2012,ITA,0,,,,
2012,ITA,0,,,,
2012,ITA,0,,,,
2012,ITA,1,,,,
2006,ITA,1,,,,
2006,ITA,1,,,,
2006,ITA,0,,,,
2014,ITA,1,,,,
2017,ITA,0,,,,
2017,ITA,1,,,,
2017,ITA,1,,,,
2017,ITA,0,,,,
2017,ITA,0,,,,
2017,ITA,0,,,,
2017,ITA,0,,,,
2017,ITA,0,,,,
2017,ITA,0,,,,
2017,ITA,0,,,,
2010,ITA,1,,,,
2015,ITA,1,,,,
2015,ITA,1,,,,
2015,ITA,1,,,,
2015,ITA,1,,,,
2016,ITA,1,,,,
2016,ITA,1,,,,
2019,ITA,0,,,,
2019,ITA,0,,,,
2019,ITA,0,,,,
2019,ITA,0,,,,
2019,ITA,0,,,,
2019,ITA,0,,,,
2019,ITA,0,,,,
2019,ITA,0,,,,
2019,ITA,0,,,,
2019,ITA,0,,,,
2019,ITA,0,,,,
2019,ITA,0,,,,
2019,ITA,0,,,,
2019,ITA,0,,,,
2019,ITA,0,,,,
2019,ITA,0,,,,
2019,ITA,0,,,,
2019,ITA,0,,,,
2019,ITA,0,,,,
2019,ITA,0,,,,
2019,ITA,0,,,,
2019,ITA,0,,,,
2019,ITA,0,,,,
2019,ITA,0,,,,
2019,ITA,0,,,,
2019,ITA,0,,,,
2019,ITA,0,,,,
2019,ITA,0,,,,
2019,ITA,1,,,,
2019,ITA,1,,,,
2019,ITA,1,,,,
2019,ITA,0,,,,
2019,ITA,0,,,,
2019,ITA,0,,,,
2019,ITA,0,,,,
2019,ITA,0,,,,
2019,ITA,0,,,,
2019,ITA,0,,,,
2019,ITA,1,,,,
2019,ITA,0,,,,
2019,ITA,0,,,,
2019,ITA,0,,,,
2019,ITA,0,,,,
2019,ITA,0,,,,
2019,ITA,0,,,,
2019,ITA,0,,,,
2019,ITA,0,,,,
2019,ITA,0,,,,
2019,ITA,0,,,,
2019,ITA,0,,,,
2019,ITA,0,,,,
2019,ITA,1,,,,
2019,ITA,0,,,,
2019,ITA,1,,,,
2019,ITA,0,,,,
2018,ITA,0,,,,
2015,ITA,0,,,,
2008,ITA,0,,,,
2006,ITA,0,,,,
2011,ITA,1,,,,
2001,ITA,1,,,,
2001,ITA,1,,,,
2004,ITA,1,,,,
2005,ITA,0,,,,
2014,ITA,1,,,,
2011,ITA,1,,,,
2005,ITA,0,,,,
2005,ITA,0,,,,
2014,ITA,0,,,,
2010,ITA,0,,,,
2008,ITA,0,,,,
2011,ITA,0,,,,
1999,ITA,0,,,,
1999,ITA,0,,,,
2014,ITA,1,,,,
2015,ITA,1,,,,
2015,ITA,1,,,,
2018,ITA,0,,,,
2004,ITA,0,,,,
2016,ITA,1,,,,
2016,ITA,0,,,,
1995,ITA,0,,,,
2020,ITA,0,,,,
2017,ITA,0,,,,
2014,ITA,0,,,,
2015,ITA,0,,,,
2016,ITA,0,,,,
1980,ITA,0,,,,
1980,ITA,0,,,,
2012,ITA,0,,,,
2012,ITA,0,,,,
2012,ITA,0,,,,
2005,ITA,0,,,,
2005,ITA,0,,,,
2016,ITA,0,,,,
2010,ITA,0,,,,
2019,ITA,1,,,,
2019,ITA,1,,,,
2019,ITA,1,,,,
,ITA,0,,,,
2002,ITA,1,,,,
2010,ITA,0,,,,
2002,ITA,0,,,,
2013,ITA,0,,,,
2017,ITA,1,,,,
2018,ITA,1,,,,
2018,ITA,1,,,,
2018,ITA,1,,,,
2003,ITA,0,,,,
2003,ITA,1,,,,
2003,ITA,1,,,,
2003,ITA,1,,,,
2003,ITA,1,,,,
2008,ITA,0,,,,
2015,ITA,1,,,,
2011,ITA,1,,,,
2004,ITA,1,,,,
2009,ITA,1,,,,
2009,ITA,0,,,,
2009,ITA,0,,,,
2009,ITA,0,,,,
2009,ITA,0,,,,
2009,ITA,0,,,,
2009,ITA,0,,,,
2010,ITA,1,,,,
2002,ITA,0,,,,
2011,ITA,1,,,,
2008,ITA,0,,,,
2009,ITA,1,,,,
2006,ITA,1,,,,
2001,ITA,1,,,,
2001,ITA,1,,,,
2001,ITA,1,,,,
2001,ITA,1,,,,
2005,ITA,1,,,,
2004,ITA,1,,,,
2004,ITA,0,,,,
2015,ITA,1,,,,
2015,ITA,1,,,,
2015,ITA,1,,,,
2015,ITA,1,,,,
2015,ITA,1,,,,
2015,ITA,1,,,,
2015,ITA,1,,,,
2015,ITA,1,,,,
2015,ITA,1,,,,
2015,ITA,1,,,,
2015,ITA,1,,,,
2015,ITA,1,,,,
2014,ITA,1,,,,
2014,ITA,1,,,,
2014,ITA,1,,,,
2014,ITA,1,,,,
2014,ITA,1,,,,
2014,ITA,1,,,,
2019,ITA,1,,,,
2006,ITA,1,,,,
2015,ITA,1,,,,
2015,ITA,1,,,,
2015,ITA,1,,,,
2015,ITA,1,,,,
2015,ITA,1,,,,
2015,ITA,1,,,,
2015,ITA,1,,,,
2015,ITA,1,,,,
2015,ITA,1,,,,
2009,ITA,1,,,,
1997,ITA,1,,,,
2017,ITA,1,,,,
2002,ITA,1,,,,
2002,ITA,1,,,,
2002,ITA,1,,,,
2002,ITA,1,,,,
2002,ITA,1,,,,
2007,ITA,1,,,,
2007,ITA,1,,,,
2007,ITA,1,,,,
2007,ITA,1,,,,
2007,ITA,1,,,,
2007,ITA,1,,,,
2007,ITA,1,,,,
2007,ITA,1,,,,
2007,ITA,1,,,,
2007,ITA,1,,,,
2007,ITA,1,,,,
2007,ITA,1,,,,
2011,ITA,1,,,,
2011,ITA,1,,,,
2020,ITA,0,,,,
2020,ITA,0,,,,
2020,ITA,0,,,,
2000,ITA,1,,,,
2007,ITA,1,,,,
2007,ITA,1,,,,
2007,ITA,1,,,,
2007,ITA,1,,,,
2007,ITA,1,,,,
2007,ITA,1,,,,
2007,ITA,1,,,,
2007,ITA,1,,,,
2007,ITA,1,,,,
2007,ITA,1,,,,
2007,ITA,1,,,,
2007,ITA,1,,,,
2007,ITA,1,,,,
2007,ITA,1,,,,
2007,ITA,1,,,,
2007,ITA,1,,,,
2007,ITA,1,,,,
2007,ITA,1,,,,
2007,ITA,1,,,,
2003,ITA,1,,,,
2003,ITA,1,,,,
2018,ITA,1,,,,
2018,ITA,1,,,,
2007,JAM,0,,,,
2011,JAM,1,,,,
2004,JAM,1,,,,
2008,JPN,1,,,,
2011,JPN,0,,,,
2011,JPN,0,,,,
2011,JPN,0,,,,
2011,JPN,0,,,,
2011,JPN,0,,,,
2011,JPN,0,,,,
2011,JPN,0,,,,
2011,JPN,0,,,,
2011,JPN,0,,,,
2011,JPN,0,,,,
2011,JPN,0,,,,
2011,JPN,0,,,,
2011,JPN,0,,,,
2011,JPN,0,,,,
2011,JPN,0,,,,
2011,JPN,0,,,,
2011,JPN,0,,,,
2011,JPN,0,,,,
2011,JPN,0,,,,
2011,JPN,0,,,,
2011,JPN,0,,,,
2020,JPN,0,,,,
2008,JPN,0,,,,
2004,JPN,0,,,,
2013,JPN,1,,,,
2013,JPN,1,,,,
2019,JPN,0,,,,
2020,JPN,0,,,,
2020,JPN,0,,,,
2020,JPN,0,,,,
2005,JPN,0,,,,
2010,JPN,1,,,,
2008,JPN,1,,,,
2008,JPN,1,,,,
2008,JPN,1,,,,
2006,JPN,0,,,,
2006,JPN,0,,,,
2006,JPN,0,,,,
2006,JPN,0,,,,
2006,JPN,0,,,,
2006,JPN,0,,,,
2006,JPN,1,,,,
2006,JPN,0,,,,
2006,JPN,0,,,,
2006,JPN,0,,,,
2006,JPN,0,,,,
2006,JPN,0,,,,
2006,JPN,0,,,,
2003,JPN,0,,,,
2003,JPN,0,,,,
2003,JPN,0,,,,
2003,JPN,0,,,,
2003,JPN,0,,,,
2004,JPN,1,,,,
2004,JPN,1,,,,
2004,JPN,1,,,,
2004,JPN,1,,,,
2004,JPN,1,,,,
2004,JPN,1,,,,
2004,JPN,1,,,,
2004,JPN,1,,,,
2004,JPN,0,,,,
2004,JPN,0,,,,
2004,JPN,1,,,,
2004,JPN,0,,,,
2004,JPN,0,,,,
2004,JPN,0,,,,
2004,JPN,0,,,,
2004,JPN,0,,,,
2004,JPN,0,,,,
2004,JPN,0,,,,
2004,JPN,0,,,,
2004,JPN,0,,,,
2004,JPN,0,,,,
2004,JPN,1,,,,
2004,JPN,1,,,,
2004,JPN,1,,,,
2004,JPN,1,,,,
2004,JPN,1,,,,
2004,JPN,1,,,,
2004,JPN,0,,,,
2004,JPN,0,,,,
2004,JPN,0,,,,
2004,JPN,0,,,,
2004,JPN,0,,,,
2004,JPN,0,,,,
2004,JPN,0,,,,
2004,JPN,0,,,,
2015,JPN,0,,,,
2015,JPN,0,,,,
2015,JPN,0,,,,
2015,JPN,0,,,,
2015,JPN,0,,,,
2015,JPN,0,,,,
2015,JPN,0,,,,
2015,JPN,0,,,,
2015,JPN,0,,,,
2015,JPN,0,,,,
2015,JPN,0,,,,
2015,JPN,0,,,,
2021,JPN,0,,,,
2009,JPN,0,,,,
2013,JPN,1,,,,
2013,JPN,1,,,,
2018,JPN,1,,,,
2010,JPN,1,,,,
2009,JPN,1,,,,
2009,JPN,1,,,,
2009,JPN,1,,,,
2011,JPN,0,,,,
2011,JPN,0,,,,
2018,JPN,0,,,,
2004,JPN,0,,,,
2004,JPN,0,,,,
2004,JPN,0,,,,
2004,JPN,0,,,,
2004,JPN,0,,,,
2004,JPN,0,,,,
2004,JPN,0,,,,
2004,JPN,0,,,,
2004,JPN,0,,,,
2004,JPN,0,,,,
2004,JPN,0,,,,
2004,JPN,0,,,,
2004,JPN,0,,,,
2004,JPN,0,,,,
2004,JPN,0,,,,
2004,JPN,0,,,,
2004,JPN,0,,,,
2004,JPN,0,,,,
2004,JPN,0,,,,
2004,JPN,0,,,,
2004,JPN,0,,,,
2004,JPN,0,,,,
2004,JPN,0,,,,
2004,JPN,0,,,,
2004,JPN,0,,,,
2004,JPN,0,,,,
2004,JPN,0,,,,
2004,JPN,0,,,,
2004,JPN,0,,,,
2004,JPN,0,,,,
2004,JPN,0,,,,
2004,JPN,0,,,,
2004,JPN,0,,,,
2004,JPN,0,,,,
2004,JPN,0,,,,
2004,JPN,0,,,,
2004,JPN,0,,,,
2004,JPN,0,,,,
2004,JPN,0,,,,
2004,JPN,0,,,,
2004,JPN,0,,,,
2004,JPN,0,,,,
2004,JPN,0,,,,
2004,JPN,0,,,,
2004,JPN,0,,,,
2004,JPN,0,,,,
2004,JPN,0,,,,
2004,JPN,0,,,,
2004,JPN,0,,,,
2004,JPN,0,,,,
2004,JPN,0,,,,
2004,JPN,0,,,,
2004,JPN,0,,,,
2004,JPN,0,,,,
2004,JPN,0,,,,
2004,JPN,0,,,,
2004,JPN,0,,,,
2004,JPN,0,,,,
2004,JPN,0,,,,
2004,JPN,0,,,,
2004,JPN,0,,,,
2004,JPN,0,,,,
2004,JPN,0,,,,
2004,JPN,0,,,,
2004,JPN,0,,,,
2004,JPN,0,,,,
2004,JPN,0,,,,
2004,JPN,0,,,,
2004,JPN,0,,,,
2004,JPN,0,,,,
2004,JPN,0,,,,
2004,JPN,0,,,,
2004,JPN,0,,,,
2004,JPN,0,,,,
2004,JPN,0,,,,
2004,JPN,0,,,,
2004,JPN,0,,,,
2004,JPN,0,,,,
2004,JPN,0,,,,
2004,JPN,0,,,,
2004,JPN,0,,,,
2004,JPN,0,,,,
2004,JPN,0,,,,
2004,JPN,0,,,,
2004,JPN,0,,,,
2004,JPN,0,,,,
2005,JPN,0,,,,
2005,JPN,0,,,,
2005,JPN,0,,,,
2005,JPN,0,,,,
2005,JPN,0,,,,
2005,JPN,0,,,,
2005,JPN,0,,,,
2005,JPN,0,,,,
2005,JPN,0,,,,
2005,JPN,0,,,,
2005,JPN,0,,,,
2005,JPN,0,,,,
2005,JPN,0,,,,
2005,JPN,0,,,,
2005,JPN,0,,,,
2005,JPN,0,,,,
2005,JPN,0,,,,
2005,JPN,0,,,,
2005,JPN,0,,,,
2005,JPN,0,,,,
2005,JPN,0,,,,
2005,JPN,0,,,,
2005,JPN,0,,,,
2005,JPN,0,,,,
2005,JPN,0,,,,
2005,JPN,0,,,,
2005,JPN,0,,,,
2005,JPN,0,,,,
2005,JPN,0,,,,
2005,JPN,0,,,,
2005,JPN,0,,,,
2005,JPN,0,,,,
2005,JPN,0,,,,
2005,JPN,0,,,,
2005,JPN,0,,,,
2005,JPN,0,,,,
2005,JPN,0,,,,
2005,JPN,0,,,,
2005,JPN,0,,,,
2005,JPN,0,,,,
2005,JPN,0,,,,
2005,JPN,0,,,,
2005,JPN,0,,,,
2005,JPN,0,,,,
2005,JPN,0,,,,
2005,JPN,0,,,,
2005,JPN,0,,,,
2005,JPN,0,,,,
2005,JPN,0,,,,
2005,JPN,0,,,,
2005,JPN,0,,,,
2005,JPN,0,,,,
2005,JPN,0,,,,
2005,JPN,0,,,,
2005,JPN,0,,,,
2005,JPN,0,,,,
2005,JPN,0,,,,
2005,JPN,0,,,,
2005,JPN,0,,,,
2005,JPN,0,,,,
2005,JPN,0,,,,
2005,JPN,0,,,,
2005,JPN,0,,,,
2005,JPN,0,,,,
2005,JPN,0,,,,
2005,JPN,0,,,,
2005,JPN,0,,,,
2005,JPN,0,,,,
2005,JPN,0,,,,
2005,JPN,0,,,,
2005,JPN,0,,,,
2005,JPN,0,,,,
2005,JPN,0,,,,
2005,JPN,0,,,,
2005,JPN,0,,,,
2005,JPN,0,,,,
2005,JPN,0,,,,
2005,JPN,0,,,,
2005,JPN,0,,,,
2005,JPN,0,,,,
2005,JPN,0,,,,
2005,JPN,0,,,,
2005,JPN,0,,,,
2005,JPN,0,,,,
2005,JPN,0,,,,
2005,JPN,0,,,,
2005,JPN,0,,,,
2005,JPN,0,,,,
2005,JPN,0,,,,
2005,JPN,0,,,,
2005,JPN,0,,,,
2005,JPN,0,,,,
2005,JPN,0,,,,
2005,JPN,0,,,,
2005,JPN,0,,,,
2005,JPN,0,,,,
2005,JPN,0,,,,
2005,JPN,0,,,,
2005,JPN,0,,,,
2005,JPN,0,,,,
2005,JPN,0,,,,
2005,JPN,0,,,,
2005,JPN,0,,,,
2005,JPN,0,,,,
2005,JPN,0,,,,
2009,JPN,0,,,,
2006,JPN,0,,,,
2006,JPN,0,,,,
2006,JPN,0,,,,
2010,JPN,1,,,,
2010,JPN,1,,,,
2020,JPN,1,,,,
2020,JPN,1,,,,
2020,JPN,1,,,,
2020,JPN,1,,,,
2020,JPN,1,,,,
2020,JPN,1,,,,
2020,JPN,1,,,,
2020,JPN,1,,,,
2020,JPN,1,,,,
2020,JPN,1,,,,
2020,JPN,1,,,,
2020,JPN,1,,,,
2020,JPN,1,,,,
2007,JPN,1,,,,
2012,JPN,0,,,,
2012,JPN,0,,,,
2012,JPN,0,,,,
2015,JPN,1,,,,
2015,JPN,1,,,,
2015,JPN,1,,,,
2015,JPN,1,,,,
2015,JPN,1,,,,
2015,JPN,1,,,,
2015,JPN,1,,,,
2015,JPN,1,,,,
2015,JPN,1,,,,
2015,JPN,0,,,,
2015,JPN,0,,,,
2015,JPN,0,,,,
2006,JPN,1,,,,
2010,JPN,1,,,,
2016,JPN,0,,,,
2016,JPN,0,,,,
2016,JPN,0,,,,
2016,JPN,0,,,,
2007,JPN,1,,,,
2007,JPN,1,,,,
2007,JPN,1,,,,
2007,JPN,1,,,,
2007,JPN,1,,,,
2007,JPN,1,,,,
2007,JPN,1,,,,
2007,JPN,1,,,,
2007,JPN,1,,,,
2007,JPN,1,,,,
2007,JPN,1,,,,
2007,JPN,1,,,,
2007,JPN,1,,,,
2007,JPN,1,,,,
2007,JPN,1,,,,
2007,JPN,1,,,,
2007,JPN,1,,,,
2007,JPN,1,,,,
2007,JPN,1,,,,
2007,JPN,1,,,,
2019,JPN,0,,,,
2003,JPN,1,,,,
2003,JPN,1,,,,
1980,JPN,0,,,,
1998,JPN,1,,,,
1998,JPN,0,,,,
1998,JPN,1,,,,
1998,JPN,1,,,,
1998,JPN,0,,,,
1998,JPN,1,,,,
1998,JPN,1,,,,
1998,JPN,1,,,,
1998,JPN,1,,,,
1998,JPN,1,,,,
1998,JPN,1,,,,
1998,JPN,1,,,,
1998,JPN,0,,,,
1998,JPN,0,,,,
1998,JPN,0,,,,
1998,JPN,0,,,,
1998,JPN,0,,,,
1998,JPN,0,,,,
1998,JPN,0,,,,
1998,JPN,1,,,,
2018,JPN,1,,,,
2019,JPN,0,,,,
2019,JPN,0,,,,
2004,JPN,1,,,,
2004,JPN,1,,,,
2004,JPN,1,,,,
2004,JPN,1,,,,
2004,JPN,1,,,,
2004,JPN,1,,,,
2004,JPN,1,,,,
2004,JPN,1,,,,
2004,JPN,1,,,,
2004,JPN,1,,,,
2004,JPN,1,,,,
2004,JPN,1,,,,
2004,JPN,1,,,,
2004,JPN,1,,,,
2004,JPN,0,,,,
2004,JPN,1,,,,
2004,JPN,0,,,,
2004,JPN,1,,,,
2004,JPN,1,,,,
2004,JPN,1,,,,
2004,JPN,1,,,,
2004,JPN,1,,,,
2004,JPN,1,,,,
2004,JPN,1,,,,
2004,JPN,1,,,,
2004,JPN,1,,,,
2004,JPN,1,,,,
2004,JPN,1,,,,
2004,JPN,0,,,,
2004,JPN,1,,,,
2004,JPN,0,,,,
2004,JPN,1,,,,
2004,JPN,1,,,,
2004,JPN,0,,,,
2000,JPN,0,,,,
2010,JPN,0,,,,
2009,JPN,0,,,,
2006,JPN,0,,,,
2009,JPN,0,,,,
1997,JPN,0,,,,
2004,JPN,0,,,,
2014,JPN,0,,,,
2012,JPN,1,,,,
2011,JPN,1,,,,
2011,JPN,1,,,,
2012,JPN,1,,,,
2004,JPN,1,,,,
2015,JPN,0,,,,
2016,JPN,0,,,,
2005,JPN,0,,,,
2004,JPN,0,,,,
2002,JPN,0,,,,
2015,JPN,0,,,,
2004,JPN,0,,,,
2015,JPN,0,,,,
2005,JPN,0,,,,
2015,JPN,0,,,,
2005,JPN,1,,,,
2014,JPN,0,,,,
2019,JPN,0,,,,
2012,JPN,1,,,,
2012,JPN,1,,,,
1971,JPN,1,,,,
2013,JPN,1,,,,
2013,JPN,1,,,,
2013,JPN,1,,,,
2003,JPN,1,,,,
2003,JPN,1,,,,
2011,JPN,1,,,,
2011,JPN,1,,,,
2011,JPN,1,,,,
2016,JPN,1,,,,
2014,JPN,1,,,,
2003,JPN,1,,,,
2014,JPN,0,,,,
2018,JPN,1,,,,
2007,JPN,1,,,,
2009,JPN,0,,,,
2009,JPN,0,,,,
2009,JPN,0,,,,
2015,JPN,1,,,,
2007,KAZ,0,,,,
2015,KAZ,1,,,,
2015,KAZ,0,,,,
2009,KAZ,1,,,,
2009,KAZ,1,,,,
2011,KAZ,1,,,,
2016,KAZ,1,,,,
2018,KAZ,0,,,,
2018,KAZ,0,,,,
2002,KEN,1,,,,
2001,KEN,1,,,,
2011,KEN,1,,,,
2016,KEN,1,,,,
1986,KEN,1,,,,
2006,KEN,0,,,,
2018,KEN,0,,,,
2011,KEN,0,,,,
2011,KEN,0,,,,
2011,KEN,0,,,,
2011,KEN,0,,,,
2011,KEN,0,,,,
2011,KEN,0,,,,
2011,KEN,0,,,,
2011,KEN,0,,,,
2011,KEN,0,,,,
2011,KEN,0,,,,
2007,KEN,1,,,,
2012,KEN,1,,,,
2012,KEN,1,,,,
2013,KEN,0,,,,
2000,KEN,1,,,,
2020,KEN,0,,,,
2010,KEN,0,,,,
2010,KEN,0,,,,
2010,KEN,0,,,,
2008,KEN,0,,,,
2009,KEN,1,,,,
2009,KEN,1,,,,
2011,KEN,0,,,,
1992,KEN,1,,,,
1992,KEN,1,,,,
1994,KEN,0,,,,
1993,KEN,0,,,,
1995,KEN,1,,,,
2016,KEN,1,,,,
2012,KGZ,1,,,,
2012,KGZ,1,,,,
2013,KHM,1,,,,
2017,KOR,1,,,,
2017,KOR,1,,,,
2017,KOR,1,,,,
2009,KOR,1,,,,
2019,KOR,0,,,,
2019,KOR,0,,,,
2019,KOR,1,,,,
2010,KOR,1,,,,
2010,KOR,1,,,,
2010,KOR,1,,,,
2010,KOR,1,,,,
2010,KOR,1,,,,
2006,KOR,1,,,,
2020,KOR,1,,,,
2010,KOR,0,,,,
2010,KOR,0,,,,
2010,KOR,0,,,,
2018,KOR,0,,,,
2018,KOR,0,,,,
2018,KOR,0,,,,
2018,KOR,0,,,,
2018,KOR,0,,,,
2018,KOR,0,,,,
2018,KOR,0,,,,
2010,KOR,1,,,,
2009,KOR,0,,,,
2009,KOR,0,,,,
2009,KOR,0,,,,
2009,KOR,1,,,,
2009,KOR,1,,,,
2009,KOR,0,,,,
2011,KOR,0,,,,
2006,KOR,1,,,,
2005,LAO,0,,,,
2005,LAO,1,,,,
2006,LAO,1,,,,
2006,LAO,1,,,,
2006,LAO,1,,,,
2015,LBN,0,,,,
1991,LBR,0,,,,
1991,LBR,0,,,,
1991,LBR,0,,,,
1991,LBR,0,,,,
1991,LBR,0,,,,
1991,LBR,0,,,,
1991,LBR,0,,,,
2018,LBY,0,,,,
1994,LCA,0,,,,
2003,LKA,1,,,,
2003,LKA,1,,,,
2003,LKA,1,,,,
1989,LKA,1,,,,
2011,LKA,1,,,,
2016,LKA,1,,,,
2010,LKA,1,,,,
2010,LKA,1,,,,
2010,LKA,1,,,,
2010,LKA,1,,,,
2010,LKA,1,,,,
2010,LKA,1,,,,
2011,LKA,1,,,,
2011,LKA,0,,,,
2011,LKA,1,,,,
2011,LKA,0,,,,
2011,LKA,0,,,,
2011,LKA,0,,,,
2011,LKA,0,,,,
2011,LKA,0,,,,
2010,LKA,0,,,,
2011,LKA,1,,,,
2011,LKA,1,,,,
2011,LKA,1,,,,
2011,LKA,1,,,,
2011,LKA,1,,,,
2011,LKA,1,,,,
2010,LKA,1,,,,
1999,LKA,1,,,,
1999,LKA,0,,,,
1999,LKA,0,,,,
1999,LKA,1,,,,
1983,LKA,1,,,,
1983,LKA,1,,,,
2016,LKA,1,,,,
2016,LKA,1,,,,
2005,LKA,1,,,,
1988,LSO,1,,,,
2000,LSO,1,,,,
2014,LTU,1,,,,
2008,LTU,1,,,,
2018,LTU,0,,,,
2018,LTU,1,,,,
2018,LTU,1,,,,
2018,LTU,1,,,,
2018,LTU,1,,,,
2015,LTU,1,,,,
2015,LTU,1,,,,
2015,LTU,0,,,,
2015,LTU,1,,,,
2015,LTU,1,,,,
2015,LTU,1,,,,
2015,LTU,0,,,,
2015,LTU,1,,,,
2015,LTU,0,,,,
2015,LTU,1,,,,
2015,LTU,0,,,,
2015,LTU,0,,,,
2015,LTU,1,,,,
2015,LTU,1,,,,
2015,LTU,1,,,,
2015,LTU,1,,,,
2019,LTU,1,,,,
2019,LTU,1,,,,
2012,LVA,1,,,,
2016,LVA,1,,,,
2016,LVA,1,,,,
1998,MAR,0,,,,
2020,MDA,1,,,,
2019,MDG,1,,,,
2019,MDG,1,,,,
2019,MDG,1,,,,
2010,MDG,0,,,,
2006,MDG,1,,,,
2011,MDG,0,,,,
2011,MDG,0,,,,
2004,MDV,0,,,,
2009,MEX,1,,,,
2009,MEX,1,,,,
2009,MEX,1,,,,
2009,MEX,1,,,,
2009,MEX,1,,,,
2009,MEX,1,,,,
2009,MEX,1,,,,
2009,MEX,1,,,,
2009,MEX,1,,,,
2009,MEX,1,,,,
2009,MEX,1,,,,
2009,MEX,1,,,,
2009,MEX,1,,,,
2009,MEX,1,,,,
2013,MEX,1,,,,
2019,MEX,1,,,,
2012,MEX,0,,,,
2012,MEX,1,,,,
2009,MEX,1,,,,
2019,MEX,1,,,,
2010,MEX,0,,,,
2008,MEX,1,,,,
2012,MEX,1,,,,
2014,MEX,1,,,,
2009,MEX,1,,,,
2010,MEX,1,,,,
2012,MEX,1,,,,
2011,MEX,1,,,,
2009,MEX,1,,,,
2009,MEX,1,,,,
2018,MEX,1,,,,
2018,MEX,1,,,,
2018,MEX,1,,,,
2018,MEX,1,,,,
2018,MEX,1,,,,
2006,MEX,1,,,,
2007,MEX,1,,,,
1999,MEX,0,,,,
1999,MEX,0,,,,
1999,MEX,0,,,,
1999,MEX,0,,,,
1999,MEX,0,,,,
1999,MEX,0,,,,
1999,MEX,0,,,,
1999,MEX,0,,,,
2007,MEX,1,,,,
2000,MLT,1,,,,
2012,MLT,0,,,,
2017,MNE,1,,,,
2013,MNG,0,,,,
2018,MNG,0,,,,
2007,MNP,0,,,,
1974,MNP,0,,,,
1974,MNP,0,,,,
2013,MOZ,1,,,,
2013,MOZ,1,,,,
2020,MOZ,0,,,,
2020,MOZ,0,,,,
2020,MOZ,0,,,,
2020,MOZ,0,,,,
2020,MOZ,0,,,,
2020,MOZ,0,,,,
2020,MOZ,0,,,,
2020,MOZ,0,,,,
2020,MOZ,0,,,,
2020,MOZ,0,,,,
2020,MOZ,0,,,,
2020,MOZ,0,,,,
2020,MOZ,0,,,,
2020,MOZ,0,,,,
2020,MOZ,0,,,,
2020,MOZ,0,,,,
2020,MOZ,0,,,,
2020,MOZ,0,,,,
2020,MOZ,0,,,,
2020,MOZ,0,,,,
2020,MOZ,0,,,,
2020,MOZ,0,,,,
2020,MOZ,0,,,,
2020,MOZ,0,,,,
2020,MOZ,0,,,,
2020,MOZ,0,,,,
2020,MOZ,0,,,,
2020,MOZ,0,,,,
2013,MOZ,1,,,,
2000,MOZ,1,,,,
2008,MOZ,1,,,,
2007,MSR,0,,,,
2011,MTQ,0,,,,
2000,MUS,1,,,,
2000,MUS,1,,,,
2000,MUS,1,,,,
2000,MUS,1,,,,
2000,MUS,1,,,,
2000,MUS,0,,,,
2000,MUS,1,,,,
2000,MUS,1,,,,
2003,MUS,1,,,,
2014,MUS,0,,,,
2009,MUS,1,,,,
2009,MUS,0,,,,
2009,MUS,1,,,,
2000,MUS,1,,,,
2000,MUS,1,,,,
1999,MUS,1,,,,
2010,MUS,1,,,,
2010,MUS,0,,,,
2009,MUS,1,,,,
2004,MUS,0,,,,
2014,MUS,0,,,,
2014,MUS,0,,,,
1994,MUS,1,,,,
1994,MUS,1,,,,
1994,MUS,1,,,,
,MUS,1,,,,
2002,MUS,1,,,,
1986,MUS,1,,,,
2002,MUS,1,,,,
2002,MUS,1,,,,
2002,MUS,1,,,,
1986,MUS,1,,,,
1994,MUS,1,,,,
2002,MUS,1,,,,
2002,MUS,1,,,,
2010,MUS,1,,,,
2007,MUS,1,,,,
2010,MUS,0,,,,
2010,MUS,0,,,,
2009,MUS,0,,,,
2009,MUS,0,,,,
2000,MWI,1,,,,
2010,MYS,0,,,,
2010,MYS,0,,,,
2010,MYS,0,,,,
2010,MYS,0,,,,
2010,MYS,0,,,,
2010,MYS,0,,,,
2010,MYS,0,,,,
2010,MYS,0,,,,
2010,MYS,0,,,,
2010,MYS,0,,,,
2010,MYS,0,,,,
2010,MYS,0,,,,
2010,MYS,0,,,,
2010,MYS,0,,,,
2003,MYS,0,,,,
2003,MYS,1,,,,
2003,MYS,1,,,,
2003,MYS,0,,,,
2010,MYS,1,,,,
2010,MYS,1,,,,
2012,MYS,1,,,,
2004,MYS,0,,,,
2004,MYS,0,,,,
2007,MYS,1,,,,
2007,MYS,1,,,,
2007,MYS,1,,,,
2007,MYS,1,,,,
2006,MYS,1,,,,
2011,MYS,1,,,,
2010,MYS,1,,,,
2011,MYS,1,,,,
1997,MYS,0,,,,
2014,NAM,0,,,,
2014,NAM,0,,,,
2014,NAM,0,,,,
2014,NAM,0,,,,
2009,NAM,0,,,,
2020,NCL,1,,,,
2018,NCL,1,,,,
2017,NCL,0,,,,
2008,NCL,0,,,,
2008,NCL,0,,,,
2017,NCL,0,,,,
2017,NCL,0,,,,
2017,NCL,0,,,,
2017,NCL,1,,,,
2017,NCL,1,,,,
2018,NCL,1,,,,
2018,NCL,1,,,,
2018,NCL,1,,,,
2018,NCL,1,,,,
2018,NCL,1,,,,
2018,NCL,1,,,,
2018,NCL,1,,,,
2018,NCL,1,,,,
2013,NCL,1,,,,
2013,NCL,1,,,,
2013,NCL,1,,,,
2013,NCL,1,,,,
2013,NCL,1,,,,
2013,NCL,1,,,,
2013,NCL,1,,,,
2013,NCL,1,,,,
2003,NCL,1,,,,
2005,NCL,1,,,,
2009,NCL,1,,,,
2005,NCL,1,,,,
2019,NGA,1,,,,
2019,NGA,0,,,,
2019,NGA,0,,,,
2020,NGA,0,,,,
2020,NGA,0,,,,
2020,NGA,0,,,,
2020,NGA,0,,,,
2020,NGA,0,,,,
2018,NGA,0,,,,
2018,NGA,0,,,,
2018,NGA,0,,,,
2018,NGA,0,,,,
1983,NGA,0,,,,
2014,NGA,0,,,,
2012,NGA,0,,,,
1978,NLD,0,,,,
2000,NLD,1,,,,
2019,NLD,0,,,,
2012,NLD,0,,,,
2012,NLD,0,,,,
2012,NLD,0,,,,
2012,NLD,0,,,,
2019,NLD,1,,,,
1999,NLD,1,,,,
1999,NLD,1,,,,
2002,NLD,1,,,,
2017,NLD,1,,,,
2013,NLD,1,,,,
2013,NLD,1,,,,
2013,NLD,1,,,,
2012,NLD,0,,,,
2012,NLD,1,,,,
2012,NLD,1,,,,
2012,NLD,1,,,,
2012,NLD,1,,,,
2012,NLD,0,,,,
2012,NLD,0,,,,
2012,NLD,1,,,,
2012,NLD,0,,,,
2012,NLD,0,,,,
2012,NLD,0,,,,
2012,NLD,0,,,,
2012,NLD,0,,,,
2012,NLD,1,,,,
2012,NLD,1,,,,
2014,NLD,0,,,,
2014,NLD,0,,,,
2014,NLD,0,,,,
2014,NLD,0,,,,
2014,NLD,0,,,,
2014,NLD,0,,,,
2014,NLD,0,,,,
2014,NLD,0,,,,
2014,NLD,0,,,,
2014,NLD,0,,,,
2014,NLD,0,,,,
2014,NLD,0,,,,
2014,NLD,0,,,,
2014,NLD,0,,,,
2014,NLD,0,,,,
2014,NLD,0,,,,
2014,NLD,0,,,,
2014,NLD,0,,,,
2014,NLD,0,,,,
2014,NLD,0,,,,
2014,NLD,0,,,,
2014,NLD,0,,,,
2014,NLD,1,,,,
2014,NLD,1,,,,
2014,NLD,1,,,,
2014,NLD,1,,,,
2017,NLD,0,,,,
2017,NLD,0,,,,
2017,NLD,1,,,,
2017,NLD,0,,,,
2017,NLD,0,,,,
2017,NLD,0,,,,
2017,NLD,1,,,,
2017,NLD,0,,,,
2017,NLD,0,,,,
2017,NLD,0,,,,
2017,NLD,0,,,,
2017,NLD,0,,,,
2017,NLD,0,,,,
2017,NLD,1,,,,
2017,NLD,1,,,,
2017,NLD,0,,,,
2017,NLD,1,,,,
2017,NLD,0,,,,
2017,NLD,1,,,,
2017,NLD,0,,,,
2017,NLD,0,,,,
2017,NLD,0,,,,
2017,NLD,0,,,,
2017,NLD,0,,,,
2017,NLD,0,,,,
2017,NLD,0,,,,
2017,NLD,0,,,,
2005,NLD,0,,,,
2015,NLD,1,,,,
2007,NLD,1,,,,
2011,NLD,0,,,,
2011,NLD,0,,,,
2018,NLD,1,,,,
2018,NLD,1,,,,
2013,NLD,0,,,,
1983,NLD,0,,,,
2012,NLD,0,,,,
2003,NLD,0,,,,
2013,NLD,0,,,,
2011,NLD,1,,,,
2020,NLD,1,,,,
2020,NLD,1,,,,
2018,NLD,0,,,,
2012,NLD,1,,,,
2017,NLD,1,,,,
1990,NLD,0,,,,
1990,NLD,0,,,,
1994,NLD,1,,,,
1996,NLD,0,,,,
2007,NLD,1,,,,
2014,NLD,0,,,,
2014,NLD,0,,,,
2014,NLD,0,,,,
2014,NLD,0,,,,
2014,NLD,0,,,,
2014,NLD,0,,,,
2014,NLD,0,,,,
2015,NLD,0,,,,
2015,NLD,0,,,,
2020,NOR,1,,,,
2011,NOR,0,,,,
2019,NOR,0,,,,
2009,NOR,1,,,,
1981,NOR,1,,,,
1988,NOR,1,,,,
1989,NOR,1,,,,
2006,NOR,1,,,,
2017,NOR,1,,,,
2017,NOR,1,,,,
2017,NOR,1,,,,
2017,NOR,1,,,,
2017,NOR,1,,,,
2014,NOR,0,,,,
2006,NOR,0,,,,
2005,NOR,1,,,,
2007,NOR,0,,,,
2007,NOR,0,,,,
2007,NOR,0,,,,
2007,NOR,0,,,,
2018,NOR,1,,,,
2018,NOR,0,,,,
2015,NOR,1,,,,
2011,NOR,1,,,,
2018,NOR,1,,,,
2018,NOR,1,,,,
2018,NOR,1,,,,
2018,NOR,1,,,,
2018,NOR,1,,,,
2018,NOR,1,,,,
2018,NOR,1,,,,
2018,NOR,1,,,,
2018,NOR,1,,,,
2018,NOR,1,,,,
2020,NPL,1,,,,
2020,NPL,1,,,,
2020,NPL,1,,,,
2020,NPL,1,,,,
2020,NPL,1,,,,
2020,NPL,1,,,,
2020,NPL,1,,,,
2020,NPL,1,,,,
2020,NPL,1,,,,
2020,NPL,1,,,,
2020,NPL,1,,,,
2020,NPL,1,,,,
2020,NPL,1,,,,
2009,NPL,1,,,,
2013,NPL,1,,,,
2007,NPL,1,,,,
2020,NPL,1,,,,
2020,NPL,1,,,,
2020,NPL,1,,,,
2020,NPL,1,,,,
2020,NPL,0,,,,
2020,NPL,0,,,,
2020,NPL,0,,,,
2020,NPL,0,,,,
2015,NPL,1,,,,
2017,NPL,1,,,,
2011,NPL,1,,,,
2011,NPL,1,,,,
2015,NPL,1,,,,
2015,NPL,1,,,,
2015,NPL,1,,,,
2015,NPL,1,,,,
2014,NPL,1,,,,
2018,NZL,0,,,,
2021,NZL,0,,,,
2021,NZL,0,,,,
2021,NZL,0,,,,
2021,NZL,0,,,,
2018,NZL,1,,,,
2020,NZL,0,,,,
2001,NZL,1,,,,
2001,NZL,1,,,,
2001,NZL,1,,,,
2001,NZL,1,,,,
2011,NZL,0,,,,
2010,NZL,0,,,,
2001,NZL,0,,,,
1990,NZL,1,,,,
1990,NZL,1,,,,
2003,NZL,1,,,,
2002,NZL,1,,,,
2010,NZL,1,,,,
2010,NZL,1,,,,
2015,NZL,1,,,,
2003,NZL,0,,,,
2020,NZL,1,,,,
2014,NZL,1,,,,
2014,NZL,1,,,,
2014,NZL,1,,,,
2014,NZL,1,,,,
2014,NZL,1,,,,
2014,NZL,1,,,,
2014,NZL,1,,,,
2014,NZL,0,,,,
2014,NZL,0,,,,
2015,NZL,0,,,,
2015,NZL,0,,,,
2011,NZL,0,,,,
2011,NZL,1,,,,
2011,NZL,1,,,,
2011,NZL,0,,,,
2015,NZL,0,,,,
2015,NZL,0,,,,
2015,NZL,0,,,,
2014,NZL,1,,,,
2014,NZL,1,,,,
2014,NZL,1,,,,
2014,NZL,1,,,,
2004,NZL,0,,,,
2007,NZL,0,,,,
1992,NZL,0,,,,
1992,NZL,0,,,,
2009,NZL,0,,,,
2009,NZL,1,,,,
2015,NZL,1,,,,
2001,NZL,1,,,,
2010,NZL,1,,,,
2014,NZL,1,,,,
1994,NZL,1,,,,
2006,NZL,1,,,,
2013,NZL,1,,,,
1985,NZL,1,,,,
2008,NZL,1,,,,
2006,NZL,1,,,,
2015,NZL,0,,,,
2013,NZL,0,,,,
,NZL,1,,,,
2015,NZL,1,,,,
2007,NZL,0,,,,
1942,NZL,0,,,,
2015,NZL,0,,,,
2005,NZL,0,,,,
2015,NZL,0,,,,
2002,NZL,0,,,,
2000,NZL,0,,,,
1996,NZL,0,,,,
2012,NZL,1,,,,
2002,NZL,0,,,,
2006,NZL,0,,,,
2005,NZL,0,,,,
2012,NZL,0,,,,
2012,NZL,0,,,,
2006,NZL,0,,,,
2015,NZL,0,,,,
2015,NZL,0,,,,
2002,NZL,1,,,,
2006,NZL,0,,,,
2018,NZL,1,,,,
2016,NZL,1,,,,
2016,NZL,0,,,,
2016,NZL,0,,,,
2000,NZL,1,,,,
1994,NZL,1,,,,
1994,NZL,1,,,,
1994,NZL,1,,,,
2006,NZL,0,,,,
2009,NZL,0,,,,
2018,NZL,1,,,,
1999,NZL,1,,,,
2015,NZL,1,,,,
2002,NZL,0,,,,
2002,NZL,1,,,,
1999,NZL,0,,,,
1999,NZL,0,,,,
2002,NZL,1,,,,
2002,NZL,1,,,,
2015,NZL,0,,,,
2010,NZL,1,,,,
2010,NZL,1,,,,
2009,NZL,1,,,,
2009,NZL,0,,,,
2002,NZL,0,,,,
2007,NZL,1,,,,
2007,NZL,1,,,,
2000,NZL,0,,,,
2006,NZL,0,,,,
1994,NZL,1,,,,
2018,NZL,1,,,,
2000,NZL,1,,,,
2010,NZL,1,,,,
2000,NZL,1,,,,
2010,NZL,1,,,,
2010,NZL,1,,,,
2009,NZL,0,,,,
2009,NZL,0,,,,
2018,NZL,1,,,,
2010,NZL,1,,,,
2010,NZL,1,,,,
2010,NZL,1,,,,
2009,NZL,0,,,,
2009,NZL,0,,,,
2006,NZL,0,,,,
2017,NZL,1,,,,
2018,NZL,1,,,,
2018,NZL,1,,,,
2011,NZL,0,,,,
2011,NZL,0,,,,
2013,NZL,0,,,,
2013,NZL,1,,,,
2018,NZL,0,,,,
2013,NZL,0,,,,
2013,NZL,0,,,,
2013,NZL,0,,,,
2019,NZL,1,,,,
2019,NZL,0,,,,
2019,NZL,0,,,,
2009,NZL,0,,,,
2006,NZL,1,,,,
2006,NZL,0,,,,
2018,NZL,1,,,,
2002,NZL,0,,,,
2011,NZL,0,,,,
2018,NZL,0,,,,
2018,NZL,0,,,,
1983,NZL,0,,,,
2012,NZL,1,,,,
2018,NZL,1,,,,
2017,NZL,0,,,,
2001,NZL,1,,,,
1997,NZL,1,,,,
1997,NZL,1,,,,
1997,NZL,1,,,,
1997,NZL,1,,,,
2008,NZL,0,,,,
2008,NZL,1,,,,
2008,NZL,1,,,,
2008,NZL,1,,,,
2013,NZL,0,,,,
2018,NZL,1,,,,
2018,NZL,1,,,,
2018,NZL,1,,,,
2018,NZL,1,,,,
2018,NZL,1,,,,
2018,NZL,1,,,,
2008,NZL,1,,,,
2016,NZL,1,,,,
2016,NZL,1,,,,
2019,NZL,1,,,,
2019,NZL,1,,,,
2019,NZL,1,,,,
2019,NZL,1,,,,
2020,NZL,0,,,,
2017,NZL,1,,,,
2017,NZL,1,,,,
2016,NZL,0,,,,
2017,NZL,1,,,,
2017,NZL,1,,,,
2017,NZL,1,,,,
2017,NZL,1,,,,
2017,NZL,1,,,,
2017,NZL,1,,,,
2016,NZL,0,,,,
2016,NZL,0,,,,
2016,NZL,0,,,,
2016,NZL,0,,,,
2016,NZL,0,,,,
2016,NZL,1,,,,
2016,NZL,0,,,,
2016,NZL,0,,,,
2016,NZL,0,,,,
2016,NZL,0,,,,
2016,NZL,0,,,,
2016,NZL,0,,,,
2016,NZL,0,,,,
2016,NZL,0,,,,
2016,NZL,0,,,,
2016,NZL,0,,,,
2016,NZL,0,,,,
2016,NZL,0,,,,
2016,NZL,0,,,,
2016,NZL,0,,,,
2016,NZL,0,,,,
2016,NZL,0,,,,
2016,NZL,0,,,,
2016,NZL,0,,,,
2016,NZL,0,,,,
2016,NZL,0,,,,
2016,NZL,0,,,,
2016,NZL,0,,,,
2016,NZL,0,,,,
2016,NZL,0,,,,
2016,NZL,0,,,,
2016,NZL,0,,,,
2016,NZL,0,,,,
2016,NZL,0,,,,
2016,NZL,0,,,,
2016,NZL,0,,,,
2016,NZL,0,,,,
2016,NZL,0,,,,
2016,NZL,0,,,,
2016,NZL,0,,,,
2016,NZL,0,,,,
2016,NZL,0,,,,
2016,NZL,0,,,,
2016,NZL,0,,,,
2016,NZL,1,,,,
2016,NZL,0,,,,
2016,NZL,1,,,,
2016,NZL,0,,,,
2016,NZL,0,,,,
2016,NZL,0,,,,
2016,NZL,0,,,,
2016,NZL,0,,,,
2016,NZL,0,,,,
2016,NZL,1,,,,
2016,NZL,1,,,,
2016,NZL,0,,,,
2016,NZL,0,,,,
2016,NZL,0,,,,
2016,NZL,0,,,,
2016,NZL,0,,,,
2016,NZL,1,,,,
2016,NZL,1,,,,
2016,NZL,1,,,,
2016,NZL,1,,,,
2016,NZL,0,,,,
2016,NZL,1,,,,
2016,NZL,0,,,,
2016,NZL,0,,,,
2016,NZL,1,,,,
2016,NZL,1,,,,
2016,NZL,0,,,,
2018,NZL,0,,,,
2002,NZL,1,,,,
2019,NZL,1,,,,
2019,NZL,1,,,,
2019,NZL,1,,,,
2019,NZL,1,,,,
2019,NZL,1,,,,
2019,NZL,1,,,,
2012,NZL,1,,,,
2012,NZL,1,,,,
2018,NZL,0,,,,
2018,NZL,0,,,,
2018,NZL,1,,,,
2018,NZL,1,,,,
2018,NZL,1,,,,
2018,NZL,1,,,,
2018,NZL,1,,,,
2018,NZL,1,,,,
2018,NZL,1,,,,
2018,NZL,1,,,,
2018,NZL,1,,,,
2018,NZL,1,,,,
2003,NZL,1,,,,
2012,NZL,0,,,,
2018,NZL,0,,,,
2018,NZL,0,,,,
2018,NZL,0,,,,
2009,NZL,0,,,,
2006,NZL,0,,,,
2012,NZL,0,,,,
2014,NZL,1,,,,
2009,NZL,0,,,,
2007,NZL,0,,,,
2007,NZL,0,,,,
2011,NZL,1,,,,
2011,NZL,1,,,,
1991,NZL,1,,,,
2020,NZL,1,,,,
2020,NZL,1,,,,
2020,NZL,1,,,,
2020,NZL,1,,,,
2011,NZL,1,,,,
2011,NZL,1,,,,
2011,NZL,1,,,,
2011,NZL,1,,,,
2011,NZL,1,,,,
2011,NZL,1,,,,
2011,NZL,1,,,,
2011,NZL,0,,,,
2011,NZL,0,,,,
2011,NZL,1,,,,
2011,NZL,1,,,,
2011,NZL,1,,,,
2011,NZL,1,,,,
2011,NZL,1,,,,
2011,NZL,1,,,,
2011,NZL,1,,,,
2011,NZL,1,,,,
2011,NZL,1,,,,
2011,NZL,0,,,,
2011,NZL,0,,,,
2011,NZL,1,,,,
2011,NZL,1,,,,
2011,NZL,1,,,,
2011,NZL,1,,,,
2011,NZL,1,,,,
2011,NZL,1,,,,
2011,NZL,1,,,,
2011,NZL,0,,,,
2011,NZL,1,,,,
2011,NZL,1,,,,
2011,NZL,1,,,,
2011,NZL,1,,,,
2011,NZL,1,,,,
2011,NZL,1,,,,
2011,NZL,1,,,,
2011,NZL,1,,,,
2011,NZL,1,,,,
2011,NZL,1,,,,
2011,NZL,1,,,,
2011,NZL,1,,,,
2011,NZL,1,,,,
2011,NZL,1,,,,
2011,NZL,1,,,,
2011,NZL,1,,,,
2011,NZL,1,,,,
2011,NZL,1,,,,
2011,NZL,1,,,,
2011,NZL,1,,,,
2011,NZL,1,,,,
2011,NZL,1,,,,
2011,NZL,1,,,,
2011,NZL,1,,,,
2011,NZL,1,,,,
2011,NZL,1,,,,
2011,NZL,1,,,,
2011,NZL,1,,,,
2011,NZL,1,,,,
2011,NZL,1,,,,
2009,NZL,1,,,,
2009,NZL,1,,,,
2006,NZL,0,,,,
2006,NZL,1,,,,
2006,NZL,1,,,,
2006,NZL,1,,,,
2006,NZL,1,,,,
2006,NZL,1,,,,
2006,NZL,1,,,,
2006,NZL,1,,,,
2006,NZL,1,,,,
2006,NZL,1,,,,
2006,NZL,1,,,,
2006,NZL,1,,,,
2006,NZL,1,,,,
2006,NZL,1,,,,
2006,NZL,1,,,,
2006,NZL,1,,,,
2006,NZL,1,,,,
2006,NZL,1,,,,
2006,NZL,1,,,,
2006,NZL,1,,,,
2006,NZL,1,,,,
2006,NZL,1,,,,
2006,NZL,1,,,,
2006,NZL,1,,,,
2006,NZL,1,,,,
2006,NZL,1,,,,
2006,NZL,1,,,,
2006,NZL,1,,,,
2006,NZL,1,,,,
2006,NZL,1,,,,
2006,NZL,1,,,,
2006,NZL,1,,,,
2006,NZL,1,,,,
2006,NZL,1,,,,
2006,NZL,1,,,,
2006,NZL,1,,,,
2006,NZL,1,,,,
2006,NZL,1,,,,
2006,NZL,1,,,,
2006,NZL,1,,,,
2006,NZL,1,,,,
2006,NZL,1,,,,
2006,NZL,1,,,,
2006,NZL,1,,,,
2006,NZL,1,,,,
2006,NZL,0,,,,
2006,NZL,0,,,,
2006,NZL,0,,,,
2006,NZL,1,,,,
2006,NZL,1,,,,
2006,NZL,1,,,,
2006,NZL,1,,,,
2006,NZL,1,,,,
2006,NZL,1,,,,
2006,NZL,1,,,,
2006,NZL,1,,,,
2006,NZL,1,,,,
2006,NZL,1,,,,
2006,NZL,1,,,,
2006,NZL,1,,,,
2006,NZL,1,,,,
2006,NZL,1,,,,
2006,NZL,1,,,,
2006,NZL,0,,,,
2006,NZL,1,,,,
2006,NZL,1,,,,
2006,NZL,1,,,,
2006,NZL,1,,,,
2006,NZL,1,,,,
2006,NZL,1,,,,
2006,NZL,1,,,,
2006,NZL,1,,,,
2006,NZL,1,,,,
2006,NZL,1,,,,
2006,NZL,1,,,,
2006,NZL,1,,,,
2008,NZL,1,,,,
2018,NZL,0,,,,
2018,NZL,1,,,,
2018,NZL,1,,,,
2012,NZL,1,,,,
2012,NZL,1,,,,
2006,NZL,1,,,,
2006,NZL,1,,,,
2004,NZL,0,,,,
2004,NZL,1,,,,
2009,NZL,1,,,,
2009,NZL,1,,,,
2009,NZL,1,,,,
2007,NZL,1,,,,
2013,NZL,0,,,,
2019,OMN,0,,,,
2009,OMN,0,,,,
2014,PAK,1,,,,
2014,PAK,1,,,,
2020,PAK,1,,,,
2014,PAK,1,,,,
2014,PAK,1,,,,
2011,PAK,0,,,,
2011,PAK,1,,,,
2011,PAK,1,,,,
2011,PAK,1,,,,
2011,PAK,1,,,,
2016,PAK,1,,,,
2011,PAK,1,,,,
2009,PAN,1,,,,
2006,PAN,1,,,,
2006,PAN,1,,,,
2006,PAN,1,,,,
2006,PAN,1,,,,
2006,PAN,1,,,,
2006,PAN,1,,,,
2006,PAN,1,,,,
2006,PAN,1,,,,
2006,PAN,1,,,,
2006,PAN,1,,,,
2006,PAN,1,,,,
2015,PAN,1,,,,
2015,PAN,1,,,,
2015,PAN,1,,,,
2015,PAN,1,,,,
2015,PAN,1,,,,
2015,PAN,1,,,,
2016,PAN,1,,,,
2016,PAN,1,,,,
2006,PAN,1,,,,
2019,PCN,1,,,,
2019,PCN,1,,,,
2017,PCN,1,,,,
2005,PER,1,,,,
2019,PER,1,,,,
2010,PER,1,,,,
2010,PER,1,,,,
2013,PHL,1,,,,
2006,PHL,0,,,,
2006,PHL,1,,,,
2006,PHL,1,,,,
2006,PHL,0,,,,
2006,PHL,1,,,,
2006,PHL,0,,,,
2006,PHL,0,,,,
2006,PHL,0,,,,
2006,PHL,0,,,,
2006,PHL,0,,,,
2006,PHL,0,,,,
2006,PHL,0,,,,
2006,PHL,0,,,,
2006,PHL,0,,,,
2006,PHL,0,,,,
2006,PHL,0,,,,
2006,PHL,0,,,,
2006,PHL,0,,,,
2003,PHL,1,,,,
2003,PHL,1,,,,
2003,PHL,1,,,,
2003,PHL,1,,,,
2003,PHL,1,,,,
2003,PHL,1,,,,
2003,PHL,1,,,,
2003,PHL,1,,,,
2003,PHL,1,,,,
2003,PHL,0,,,,
2003,PHL,0,,,,
2003,PHL,1,,,,
2003,PHL,1,,,,
2008,PHL,0,,,,
2008,PHL,1,,,,
2014,PHL,0,,,,
2014,PHL,0,,,,
2006,PHL,0,,,,
2021,PHL,1,,,,
2021,PHL,1,,,,
2021,PHL,1,,,,
2004,PHL,0,,,,
2004,PHL,0,,,,
1998,PHL,0,,,,
2017,PNG,1,,,,
2018,PNG,1,,,,
2018,PNG,1,,,,
1970,PNG,0,,,,
1975,PNG,0,,,,
2005,PNG,0,,,,
1976,PNG,0,,,,
1975,PNG,0,,,,
1975,PNG,0,,,,
1974,PNG,0,,,,
1972,PNG,0,,,,
1972,PNG,0,,,,
2017,POL,1,,,,
2015,POL,0,,,,
2016,POL,0,,,,
2005,POL,0,,,,
2021,POL,0,,,,
2001,POL,1,,,,
2006,POL,1,,,,
2019,POL,1,,,,
2009,POL,1,,,,
2009,POL,1,,,,
2009,POL,1,,,,
2009,POL,1,,,,
2009,POL,1,,,,
2009,POL,1,,,,
2009,POL,1,,,,
2009,POL,1,,,,
2009,POL,1,,,,
2009,POL,1,,,,
2009,POL,1,,,,
2009,POL,1,,,,
2013,POL,1,,,,
2013,POL,1,,,,
2013,POL,1,,,,
2013,POL,1,,,,
2013,POL,1,,,,
2013,POL,0,,,,
2013,POL,0,,,,
1997,POL,1,,,,
1997,POL,1,,,,
2014,POL,1,,,,
2014,POL,1,,,,
2014,POL,1,,,,
2014,POL,1,,,,
2014,POL,1,,,,
2014,POL,1,,,,
2014,POL,1,,,,
2014,POL,1,,,,
2017,POL,0,,,,
2017,POL,0,,,,
2017,POL,0,,,,
2017,POL,0,,,,
2017,POL,0,,,,
2017,POL,0,,,,
2017,POL,0,,,,
2017,POL,0,,,,
2017,POL,0,,,,
2017,POL,0,,,,
2017,POL,0,,,,
2017,POL,0,,,,
2017,POL,0,,,,
2017,POL,0,,,,
2017,POL,0,,,,
2017,POL,0,,,,
2017,POL,0,,,,
2017,POL,0,,,,
2017,POL,1,,,,
2017,POL,0,,,,
2017,POL,1,,,,
2017,POL,0,,,,
2017,POL,1,,,,
2017,POL,0,,,,
2017,POL,1,,,,
2017,POL,0,,,,
2017,POL,1,,,,
2017,POL,0,,,,
2010,POL,1,,,,
2010,POL,1,,,,
2010,POL,1,,,,
2010,POL,1,,,,
2015,POL,0,,,,
2019,POL,1,,,,
2019,POL,1,,,,
2019,POL,1,,,,
2019,POL,1,,,,
2019,POL,0,,,,
2019,POL,0,,,,
2019,POL,0,,,,
2019,POL,0,,,,
2019,POL,0,,,,
2019,POL,1,,,,
2019,POL,0,,,,
2019,POL,0,,,,
2019,POL,0,,,,
2019,POL,0,,,,
2019,POL,0,,,,
2019,POL,0,,,,
2019,POL,0,,,,
2019,POL,0,,,,
2019,POL,1,,,,
2019,POL,1,,,,
2019,POL,1,,,,
2019,POL,0,,,,
2019,POL,0,,,,
2019,POL,0,,,,
2019,POL,1,,,,
2019,POL,0,,,,
2019,POL,0,,,,
2019,POL,0,,,,
2019,POL,1,,,,
2019,POL,1,,,,
2019,POL,1,,,,
2019,POL,1,,,,
2019,POL,1,,,,
2019,POL,0,,,,
2019,POL,0,,,,
2019,POL,0,,,,
2019,POL,0,,,,
2019,POL,0,,,,
2019,POL,0,,,,
2019,POL,0,,,,
2019,POL,0,,,,
2019,POL,0,,,,
2019,POL,0,,,,
2019,POL,0,,,,
2019,POL,1,,,,
2019,POL,0,,,,
2019,POL,0,,,,
2019,POL,0,,,,
2019,POL,0,,,,
2019,POL,1,,,,
2019,POL,0,,,,
2019,POL,0,,,,
2019,POL,0,,,,
2019,POL,0,,,,
2019,POL,1,,,,
2019,POL,1,,,,
2019,POL,1,,,,
2019,POL,1,,,,
2019,POL,1,,,,
2020,POL,0,,,,
2020,POL,0,,,,
2020,POL,0,,,,
2020,POL,0,,,,
2020,POL,0,,,,
2020,POL,0,,,,
2020,POL,0,,,,
2020,POL,0,,,,
2020,POL,0,,,,
2020,POL,0,,,,
2020,POL,0,,,,
2020,POL,0,,,,
2020,POL,0,,,,
2020,POL,1,,,,
2020,POL,1,,,,
2014,POL,0,,,,
2014,POL,0,,,,
2018,POL,0,,,,
2013,POL,0,,,,
2013,POL,0,,,,
2013,POL,0,,,,
2013,POL,0,,,,
2013,POL,0,,,,
2013,POL,0,,,,
2013,POL,0,,,,
2013,POL,0,,,,
2013,POL,0,,,,
2013,POL,0,,,,
2013,POL,0,,,,
2013,POL,0,,,,
2015,POL,0,,,,
2005,POL,0,,,,
2005,POL,0,,,,
2009,POL,0,,,,
2007,POL,1,,,,
2016,PRI,1,,,,
2012,PRI,1,,,,
2014,PRI,1,,,,
2014,PRI,1,,,,
2005,PRI,0,,,,
2004,PRI,0,,,,
2003,PRI,0,,,,
1951,PRI,0,,,,
2003,PRI,0,,,,
2014,PRI,0,,,,
1999,PRI,0,,,,
2005,PRT,0,,,,
2014,PRT,1,,,,
2005,PRT,1,,,,
2019,PRT,1,,,,
2019,PRT,1,,,,
2011,PRT,0,,,,
2014,PRT,0,,,,
2014,PRT,1,,,,
2006,PRT,1,,,,
2019,PRT,0,,,,
2019,PRT,0,,,,
2019,PRT,0,,,,
2020,PRT,1,,,,
2011,PRT,1,,,,
2011,PRT,1,,,,
2011,PRT,1,,,,
2011,PRT,0,,,,
2011,PRT,0,,,,
2011,PRT,0,,,,
2011,PRT,0,,,,
2011,PRT,0,,,,
2011,PRT,0,,,,
2011,PRT,0,,,,
2011,PRT,0,,,,
2011,PRT,0,,,,
2011,PRT,1,,,,
2011,PRT,0,,,,
2011,PRT,1,,,,
2011,PRT,1,,,,
2011,PRT,1,,,,
2011,PRT,1,,,,
2011,PRT,0,,,,
2011,PRT,0,,,,
2011,PRT,1,,,,
2011,PRT,1,,,,
2011,PRT,0,,,,
2011,PRT,0,,,,
2011,PRT,1,,,,
2011,PRT,1,,,,
2011,PRT,1,,,,
2011,PRT,0,,,,
2011,PRT,1,,,,
2011,PRT,0,,,,
2011,PRT,1,,,,
2011,PRT,0,,,,
2011,PRT,1,,,,
2011,PRT,0,,,,
2011,PRT,0,,,,
2011,PRT,1,,,,
2011,PRT,1,,,,
2011,PRT,0,,,,
2011,PRT,1,,,,
2011,PRT,1,,,,
2011,PRT,0,,,,
2011,PRT,1,,,,
2011,PRT,0,,,,
2011,PRT,1,,,,
2011,PRT,0,,,,
2011,PRT,1,,,,
2011,PRT,0,,,,
2011,PRT,0,,,,
2013,PRT,0,,,,
2013,PRT,0,,,,
2013,PRT,0,,,,
2013,PRT,1,,,,
2013,PRT,1,,,,
2013,PRT,0,,,,
2013,PRT,0,,,,
2013,PRT,0,,,,
2013,PRT,0,,,,
2013,PRT,0,,,,
2013,PRT,0,,,,
2013,PRT,0,,,,
2013,PRT,0,,,,
2013,PRT,0,,,,
2013,PRT,0,,,,
2013,PRT,0,,,,
2013,PRT,0,,,,
2013,PRT,0,,,,
2013,PRT,0,,,,
2013,PRT,0,,,,
2013,PRT,0,,,,
2013,PRT,0,,,,
2013,PRT,0,,,,
2013,PRT,0,,,,
2013,PRT,0,,,,
2013,PRT,0,,,,
2013,PRT,0,,,,
2013,PRT,0,,,,
2013,PRT,0,,,,
2013,PRT,0,,,,
2013,PRT,0,,,,
2013,PRT,0,,,,
2013,PRT,0,,,,
2013,PRT,0,,,,
2013,PRT,0,,,,
2017,PRT,1,,,,
2017,PRT,1,,,,
2017,PRT,0,,,,
2017,PRT,1,,,,
2017,PRT,1,,,,
2017,PRT,1,,,,
2017,PRT,1,,,,
2017,PRT,1,,,,
2017,PRT,0,,,,
2017,PRT,0,,,,
2017,PRT,0,,,,
2017,PRT,0,,,,
2017,PRT,0,,,,
2017,PRT,0,,,,
2017,PRT,0,,,,
2017,PRT,0,,,,
2017,PRT,0,,,,
2017,PRT,1,,,,
2017,PRT,1,,,,
2017,PRT,1,,,,
2017,PRT,1,,,,
2015,PRT,1,,,,
2015,PRT,1,,,,
2015,PRT,1,,,,
2016,PRT,0,,,,
2019,PRT,0,,,,
2019,PRT,0,,,,
2019,PRT,0,,,,
2019,PRT,0,,,,
2019,PRT,0,,,,
2019,PRT,0,,,,
2019,PRT,0,,,,
2019,PRT,1,,,,
2019,PRT,1,,,,
2019,PRT,0,,,,
2019,PRT,0,,,,
2019,PRT,0,,,,
2019,PRT,1,,,,
2019,PRT,1,,,,
2019,PRT,0,,,,
2019,PRT,1,,,,
2019,PRT,0,,,,
2019,PRT,0,,,,
2019,PRT,1,,,,
2019,PRT,1,,,,
2019,PRT,1,,,,
2019,PRT,1,,,,
2019,PRT,1,,,,
2019,PRT,0,,,,
2019,PRT,0,,,,
2019,PRT,0,,,,
2019,PRT,0,,,,
2019,PRT,0,,,,
2019,PRT,0,,,,
2019,PRT,0,,,,
2019,PRT,1,,,,
2019,PRT,1,,,,
2019,PRT,0,,,,
2013,PRT,0,,,,
2012,PRT,0,,,,
2014,PRT,0,,,,
1991,PRT,0,,,,
2011,PRT,1,,,,
2007,PRT,0,,,,
2014,PRT,0,,,,
2014,PRT,0,,,,
2014,PRT,1,,,,
2010,PRT,0,,,,
2018,PRT,0,,,,
2018,PRT,0,,,,
2006,PRT,1,,,,
2006,PRT,1,,,,
2004,PRT,0,,,,
1992,PRT,0,,,,
2015,PRY,1,,,,
2009,PRY,1,,,,
2009,PRY,1,,,,
2009,PRY,1,,,,
2009,PRY,1,,,,
2016,PSE,0,,,,
2007,PYF,1,,,,
1996,PYF,1,,,,
1996,PYF,0,,,,
1996,PYF,0,,,,
2004,PYF,0,,,,
2004,PYF,1,,,,
2003,PYF,1,,,,
2003,PYF,1,,,,
2003,PYF,1,,,,
2003,PYF,1,,,,
2003,PYF,1,,,,
2003,PYF,1,,,,
2003,PYF,1,,,,
2014,PYF,1,,,,
2009,PYF,0,,,,
2012,PYF,0,,,,
2014,PYF,1,,,,
2003,PYF,1,,,,
2002,PYF,0,,,,
2019,PYF,1,,,,
2019,PYF,1,,,,
2006,PYF,1,,,,
2009,PYF,1,,,,
2017,PYF,1,,,,
2017,PYF,1,,,,
2017,REU,1,,,,
2020,ROU,1,,,,
2012,ROU,1,,,,
2015,ROU,1,,,,
2015,ROU,1,,,,
2015,ROU,1,,,,
2015,ROU,0,,,,
2015,ROU,0,,,,
2015,ROU,1,,,,
2015,ROU,1,,,,
2015,ROU,1,,,,
2015,ROU,0,,,,
2015,ROU,0,,,,
2015,ROU,0,,,,
2015,ROU,0,,,,
2015,ROU,0,,,,
2015,ROU,0,,,,
2015,ROU,0,,,,
2015,ROU,1,,,,
2015,ROU,1,,,,
2015,ROU,0,,,,
2015,ROU,1,,,,
1994,ROU,1,,,,
2017,RUS,1,,,,
2011,RUS,0,,,,
2012,RUS,1,,,,
2012,RUS,1,,,,
2012,RUS,1,,,,
2012,RUS,1,,,,
2012,RUS,1,,,,
2015,RUS,1,,,,
2015,RUS,1,,,,
2019,RUS,0,,,,
2019,RUS,0,,,,
2019,RUS,0,,,,
2019,RUS,0,,,,
2015,RUS,1,,,,
2015,RUS,1,,,,
2016,RUS,1,,,,
2018,RUS,1,,,,
2018,RUS,1,,,,
2018,RUS,1,,,,
2018,RUS,1,,,,
2018,RUS,1,,,,
2018,RUS,1,,,,
2018,RUS,1,,,,
2018,RUS,1,,,,
2018,RUS,0,,,,
2018,RUS,0,,,,
2018,RUS,0,,,,
2018,RUS,1,,,,
2018,RUS,1,,,,
2018,RUS,1,,,,
2018,RUS,1,,,,
2018,RUS,1,,,,
2018,RUS,1,,,,
2018,RUS,1,,,,
2018,RUS,1,,,,
2018,RUS,1,,,,
2018,RUS,0,,,,
2018,RUS,0,,,,
2018,RUS,1,,,,
2018,RUS,1,,,,
2019,RUS,1,,,,
2019,RUS,0,,,,
2019,RUS,0,,,,
2019,RUS,0,,,,
2017,RUS,0,,,,
2007,RUS,0,,,,
2003,RUS,1,,,,
2007,RUS,0,,,,
2013,RUS,0,,,,
2009,RUS,0,,,,
2013,RUS,0,,,,
2019,RUS,1,,,,
1998,RUS,1,,,,
1998,RUS,1,,,,
1998,RUS,0,,,,
1998,RUS,0,,,,
2003,RUS,1,,,,
1997,RUS,1,,,,
2003,RUS,1,,,,
2003,RUS,1,,,,
2010,RUS,1,,,,
2013,RUS,1,,,,
2013,RUS,1,,,,
2013,RUS,1,,,,
2013,RUS,1,,,,
2013,RUS,1,,,,
2013,RUS,1,,,,
2013,RUS,1,,,,
2013,RUS,1,,,,
2013,RUS,1,,,,
2013,RUS,1,,,,
2013,RUS,1,,,,
2013,RUS,1,,,,
2006,RUS,1,,,,
2011,RUS,1,,,,
2011,RUS,1,,,,
2011,RUS,1,,,,
2007,RUS,0,,,,
2015,RUS,1,,,,
2015,RUS,1,,,,
2015,RUS,1,,,,
2015,RUS,1,,,,
2015,RUS,1,,,,
2018,RUS,0,,,,
2018,RUS,0,,,,
2005,RUS,1,,,,
1998,RUS,1,,,,
1998,RUS,1,,,,
1998,RUS,1,,,,
2020,RUS,1,,,,
2019,RUS,1,,,,
2011,RUS,1,,,,
2012,RUS,0,,,,
2020,RUS,0,,,,
2015,RUS,1,,,,
2013,RUS,0,,,,
2020,RUS,0,,,,
2017,RUS,0,,,,
2017,RUS,1,,,,
2018,RUS,0,,,,
2015,RUS,1,,,,
2017,RUS,0,,,,
2018,RUS,0,,,,
2019,RUS,1,,,,
2020,RUS,0,,,,
2012,RUS,1,,,,
2018,RUS,1,,,,
2019,RUS,1,,,,
2020,RUS,1,,,,
1990,RWA,1,,,,
1990,RWA,1,,,,
2021,SAU,0,,,,
2021,SAU,0,,,,
2008,SAU,0,,,,
1999,SAU,0,,,,
2019,SAU,0,,,,
2000,SDN,1,,,,
2009,SEN,0,,,,
2009,SEN,0,,,,
2009,SEN,0,,,,
2009,SEN,0,,,,
2009,SEN,0,,,,
2009,SEN,0,,,,
2021,SGP,0,,,,
2010,SGP,0,,,,
2010,SGP,1,,,,
2010,SGP,0,,,,
2010,SGP,0,,,,
2010,SGP,0,,,,
2010,SGP,0,,,,
2010,SGP,0,,,,
2010,SGP,0,,,,
2010,SGP,0,,,,
2010,SGP,0,,,,
2010,SGP,0,,,,
2010,SGP,0,,,,
2004,SGP,0,,,,
2004,SGP,0,,,,
2006,SGP,1,,,,
2015,SGP,0,,,,
2015,SGP,0,,,,
2012,SGP,0,,,,
2007,SGP,1,,,,
2012,SGP,1,,,,
2009,SHN,0,,,,
2006,SLB,0,,,,
1971,SLB,0,,,,
2000,SOM,1,,,,
2016,SRB,1,,,,
2016,SRB,1,,,,
2016,SRB,0,,,,
2016,SRB,1,,,,
2016,SRB,1,,,,
2007,SRB,0,,,,
2004,SRB,0,,,,
2012,SVK,0,,,,
2008,SVK,0,,,,
2019,SVK,1,,,,
2019,SVK,0,,,,
2019,SVK,0,,,,
2019,SVK,0,,,,
2019,SVK,0,,,,
2019,SVK,0,,,,
2019,SVK,0,,,,
2019,SVK,0,,,,
2019,SVK,1,,,,
2019,SVK,0,,,,
2019,SVK,0,,,,
2019,SVK,0,,,,
2019,SVK,0,,,,
2019,SVK,0,,,,
2019,SVK,0,,,,
2019,SVK,0,,,,
2019,SVK,0,,,,
2019,SVK,0,,,,
2019,SVK,0,,,,
2019,SVK,0,,,,
2019,SVK,0,,,,
2019,SVK,0,,,,
2019,SVK,0,,,,
2019,SVK,1,,,,
2019,SVK,0,,,,
2019,SVK,1,,,,
2019,SVK,1,,,,
2019,SVK,1,,,,
2019,SVK,0,,,,
2019,SVK,1,,,,
2019,SVK,0,,,,
2019,SVK,0,,,,
2019,SVK,0,,,,
2019,SVK,0,,,,
2019,SVK,0,,,,
2019,SVK,0,,,,
2019,SVK,1,,,,
2019,SVK,0,,,,
2019,SVK,1,,,,
2019,SVK,1,,,,
2019,SVK,1,,,,
2019,SVK,0,,,,
2019,SVK,1,,,,
2019,SVK,0,,,,
2019,SVK,0,,,,
2019,SVK,0,,,,
2019,SVK,0,,,,
2019,SVK,0,,,,
2019,SVK,0,,,,
2019,SVK,0,,,,
2019,SVK,1,,,,
2019,SVK,0,,,,
2019,SVK,1,,,,
2019,SVK,1,,,,
2019,SVK,1,,,,
2019,SVK,0,,,,
2019,SVK,1,,,,
2019,SVK,0,,,,
2019,SVK,0,,,,
2019,SVK,1,,,,
2019,SVK,1,,,,
2019,SVK,1,,,,
2019,SVK,1,,,,
2019,SVK,1,,,,
2019,SVK,0,,,,
2019,SVK,1,,,,
2019,SVK,0,,,,
2019,SVK,0,,,,
2019,SVK,0,,,,
2019,SVK,0,,,,
2019,SVK,0,,,,
2019,SVK,0,,,,
2019,SVK,0,,,,
2019,SVK,0,,,,
2019,SVK,1,,,,
2019,SVK,0,,,,
2019,SVK,0,,,,
2019,SVK,1,,,,
2019,SVK,0,,,,
2019,SVK,1,,,,
2019,SVK,1,,,,
2019,SVK,0,,,,
2019,SVK,0,,,,
2019,SVK,1,,,,
2019,SVK,0,,,,
2019,SVK,0,,,,
2019,SVK,0,,,,
2019,SVK,0,,,,
2019,SVK,0,,,,
2019,SVK,0,,,,
2019,SVK,0,,,,
2019,SVK,0,,,,
2019,SVK,0,,,,
2019,SVK,0,,,,
2019,SVK,0,,,,
2019,SVK,0,,,,
2005,SVK,0,,,,
2009,SVK,0,,,,
2008,SVK,0,,,,
2008,SVK,0,,,,
2011,SVK,0,,,,
2018,SVN,1,,,,
2002,SVN,0,,,,
2007,SVN,1,,,,
2007,SVN,0,,,,
2007,SVN,0,,,,
2007,SVN,1,,,,
2007,SVN,0,,,,
2007,SVN,0,,,,
2007,SVN,1,,,,
2019,SVN,0,,,,
2019,SVN,0,,,,
2019,SVN,0,,,,
2019,SVN,0,,,,
2019,SVN,0,,,,
2019,SVN,0,,,,
2019,SVN,0,,,,
2019,SVN,0,,,,
2019,SVN,0,,,,
2019,SVN,0,,,,
2019,SVN,0,,,,
2019,SVN,0,,,,
2019,SVN,0,,,,
2019,SVN,0,,,,
2019,SVN,0,,,,
2019,SVN,0,,,,
2019,SVN,0,,,,
2019,SVN,0,,,,
2019,SVN,0,,,,
2019,SVN,0,,,,
2019,SVN,0,,,,
2019,SVN,0,,,,
2019,SVN,0,,,,
2019,SVN,0,,,,
2020,SVN,1,,,,
2020,SVN,1,,,,
2020,SVN,1,,,,
2020,SVN,1,,,,
2020,SVN,1,,,,
2020,SVN,1,,,,
2020,SVN,1,,,,
2020,SVN,1,,,,
2013,SWE,1,,,,
2020,SWE,1,,,,
2016,SWE,1,,,,
1995,SWE,1,,,,
2019,SWE,0,,,,
2008,SWE,0,,,,
2008,SWE,0,,,,
2014,SWE,0,,,,
2014,SWE,0,,,,
2014,SWE,0,,,,
2015,SWE,0,,,,
2015,SWE,0,,,,
2015,SWE,0,,,,
2015,SWE,0,,,,
2015,SWE,0,,,,
2013,SWE,0,,,,
2013,SWE,1,,,,
2013,SWE,1,,,,
1999,SWE,1,,,,
2007,SWE,1,,,,
2005,SWE,0,,,,
2005,SWE,0,,,,
2007,SWE,0,,,,
2008,SWE,0,,,,
2008,SWE,0,,,,
2008,SWE,0,,,,
2001,SWE,1,,,,
2008,SWE,0,,,,
1979,SWE,1,,,,
2006,SWE,0,,,,
2012,SWE,1,,,,
2014,SWE,1,,,,
2009,SWE,0,,,,
2012,SWE,0,,,,
2012,SWE,0,,,,
2012,SWE,0,,,,
2012,SWE,0,,,,
2013,SWE,0,,,,
2013,SWE,0,,,,
2013,SWE,0,,,,
2013,SWE,0,,,,
2013,SWE,0,,,,
2013,SWE,0,,,,
2013,SWE,0,,,,
2014,SWE,0,,,,
2014,SWE,0,,,,
2011,SWE,0,,,,
2003,SWE,0,,,,
2008,SWE,0,,,,
1992,SWE,1,,,,
2009,SWE,0,,,,
2000,SWZ,1,,,,
2018,SYC,1,,,,
2010,SYC,0,,,,
1995,SYC,1,,,,
2009,SYC,1,,,,
2009,SYC,0,,,,
2005,SYC,1,,,,
2014,SYC,0,,,,
1988,SYC,0,,,,
1988,SYC,0,,,,
2007,SYC,0,,,,
2003,SYC,0,,,,
2003,SYC,1,,,,
2004,SYC,0,,,,
1999,SYC,0,,,,
1999,SYC,0,,,,
1999,SYC,0,,,,
1999,SYC,1,,,,
1999,SYC,1,,,,
1999,SYC,1,,,,
2013,SYC,0,,,,
2011,SYC,0,,,,
2011,SYC,0,,,,
2013,SYC,1,,,,
2014,SYC,1,,,,
2014,SYC,1,,,,
1978,SYC,1,,,,
1976,SYC,1,,,,
1978,SYC,0,,,,
2010,THA,1,,,,
2010,THA,1,,,,
2010,THA,0,,,,
2004,THA,0,,,,
2004,THA,0,,,,
2019,THA,1,,,,
2017,TJK,0,,,,
2009,TTO,1,,,,
2011,TTO,1,,,,
2011,TTO,1,,,,
2014,TUN,1,,,,
2017,TUR,1,,,,
2001,TUR,0,,,,
2014,TUR,1,,,,
2014,TUR,1,,,,
2019,TUR,1,,,,
2013,TUR,1,,,,
2012,TUR,0,,,,
2011,TUR,1,,,,
2011,TUR,1,,,,
2011,TUR,1,,,,
2011,TUR,1,,,,
2017,TWN,0,,,,
2006,TWN,0,,,,
2012,TWN,1,,,,
2018,TWN,0,,,,
2008,TWN,0,,,,
2008,TWN,1,,,,
2008,TWN,1,,,,
2005,TWN,0,,,,
2018,TWN,0,,,,
2015,TWN,0,,,,
2015,TWN,0,,,,
2015,TWN,0,,,,
2015,TWN,0,,,,
2015,TWN,0,,,,
2015,TWN,1,,,,
2015,TWN,0,,,,
2015,TWN,0,,,,
2019,TWN,0,,,,
2019,TWN,0,,,,
2019,TWN,0,,,,
2019,TWN,0,,,,
2019,TWN,0,,,,
2019,TWN,0,,,,
2019,TWN,0,,,,
2019,TWN,0,,,,
2019,TWN,0,,,,
2019,TWN,0,,,,
2019,TWN,0,,,,
2019,TWN,0,,,,
2019,TWN,0,,,,
2019,TWN,0,,,,
2019,TWN,0,,,,
2019,TWN,0,,,,
2019,TWN,0,,,,
2019,TWN,0,,,,
2018,TWN,1,,,,
2019,TZA,0,,,,
2011,TZA,0,,,,
2011,TZA,0,,,,
2011,TZA,0,,,,
2011,TZA,0,,,,
2011,TZA,0,,,,
2011,TZA,0,,,,
2011,TZA,0,,,,
2011,TZA,0,,,,
2011,TZA,0,,,,
2011,TZA,0,,,,
2011,TZA,0,,,,
2000,TZA,1,,,,
2010,TZA,0,,,,
2010,TZA,0,,,,
2011,TZA,0,,,,
2015,TZA,1,,,,
2005,TZA,1,,,,
2005,TZA,1,,,,
2005,TZA,1,,,,
2005,TZA,1,,,,
2005,TZA,1,,,,
2005,TZA,1,,,,
2005,TZA,1,,,,
2005,TZA,1,,,,
2005,TZA,1,,,,
1995,TZA,1,,,,
1995,TZA,1,,,,
1995,TZA,1,,,,
1995,TZA,1,,,,
1995,TZA,1,,,,
1995,TZA,1,,,,
2006,TZA,1,,,,
2006,TZA,1,,,,
2006,TZA,1,,,,
2006,TZA,1,,,,
2006,TZA,1,,,,
2006,TZA,1,,,,
2006,TZA,1,,,,
2006,TZA,1,,,,
2006,TZA,1,,,,
2006,TZA,1,,,,
2006,TZA,1,,,,
1996,TZA,0,,,,
2000,TZA,1,,,,
1993,TZA,1,,,,
1996,TZA,1,,,,
1993,UGA,1,,,,
1990,UGA,1,,,,
2006,UGA,1,,,,
2006,UGA,0,,,,
2006,UGA,0,,,,
2020,UGA,1,,,,
2020,UGA,1,,,,
2020,UGA,1,,,,
2020,UGA,1,,,,
2020,UGA,1,,,,
2020,UGA,1,,,,
2020,UGA,1,,,,
2020,UGA,1,,,,
2020,UGA,1,,,,
2020,UGA,1,,,,
2001,UGA,1,,,,
2004,UGA,1,,,,
2000,UGA,1,,,,
2007,UGA,0,,,,
2007,UGA,0,,,,
2007,UGA,0,,,,
2007,UGA,0,,,,
2012,UGA,0,,,,
2019,UKR,1,,,,
1996,UKR,1,,,,
1996,UKR,1,,,,
1996,UKR,1,,,,
2013,UKR,1,,,,
2013,UKR,1,,,,
2013,UKR,1,,,,
2013,UKR,1,,,,
2013,UKR,1,,,,
2013,UKR,1,,,,
2018,UKR,0,,,,
2008,URY,0,,,,
2006,URY,0,,,,
2008,URY,1,,,,
2010,URY,1,,,,
2010,URY,1,,,,
2009,URY,1,,,,
2018,URY,1,,,,
2018,URY,1,,,,
2009,URY,1,,,,
2009,URY,1,,,,
2009,URY,1,,,,
2009,URY,1,,,,
2009,URY,1,,,,
2009,URY,1,,,,
2020,USA,0,,,,
2002,USA,0,,,,
2002,USA,0,,,,
2002,USA,0,,,,
2002,USA,0,,,,
2008,USA,1,,,,
1992,USA,0,,,,
2007,USA,1,,,,
2007,USA,0,,,,
2018,USA,1,,,,
2011,USA,0,,,,
2011,USA,0,,,,
2011,USA,0,,,,
2011,USA,0,,,,
2011,USA,0,,,,
2011,USA,1,,,,
2011,USA,0,,,,
2011,USA,0,,,,
2011,USA,1,,,,
2011,USA,1,,,,
2011,USA,1,,,,
2008,USA,1,,,,
1981,USA,1,,,,
1996,USA,1,,,,
1993,USA,1,,,,
1976,USA,0,,,,
2008,USA,0,,,,
1996,USA,0,,,,
2005,USA,0,,,,
2009,USA,1,,,,
2002,USA,1,,,,
2011,USA,1,,,,
2012,USA,1,,,,
2006,USA,1,,,,
2005,USA,0,,,,
2005,USA,0,,,,
2003,USA,1,,,,
2005,USA,0,,,,
2000,USA,0,,,,
2004,USA,0,,,,
1999,USA,0,,,,
2008,USA,0,,,,
2005,USA,0,,,,
2013,USA,0,,,,
2005,USA,0,,,,
1990,USA,0,,,,
2012,USA,0,,,,
2009,USA,0,,,,
1986,USA,0,,,,
1997,USA,0,,,,
1998,USA,0,,,,
2009,USA,0,,,,
2010,USA,0,,,,
1967,USA,0,,,,
2007,USA,0,,,,
2004,USA,0,,,,
2012,USA,0,,,,
2015,USA,0,,,,
2010,USA,0,,,,
2004,USA,0,,,,
2005,USA,0,,,,
1980,USA,0,,,,
2005,USA,0,,,,
2009,USA,0,,,,
2005,USA,0,,,,
2005,USA,0,,,,
1993,USA,0,,,,
2006,USA,0,,,,
2004,USA,0,,,,
2008,USA,1,,,,
1997,USA,1,,,,
1989,USA,1,,,,
2001,USA,1,,,,
2004,USA,1,,,,
1997,USA,1,,,,
2006,USA,1,,,,
1997,USA,1,,,,
2004,USA,1,,,,
2001,USA,1,,,,
2007,USA,1,,,,
1997,USA,1,,,,
2009,USA,1,,,,
2004,USA,1,,,,
1976,USA,1,,,,
1973,USA,1,,,,
1996,USA,1,,,,
2003,USA,1,,,,
2007,USA,1,,,,
2010,USA,1,,,,
2004,USA,1,,,,
2007,USA,1,,,,
2007,USA,1,,,,
2003,USA,0,,,,
1999,USA,1,,,,
2001,USA,1,,,,
1984,USA,1,,,,
2016,USA,1,,,,
2007,USA,0,,,,
2003,USA,1,,,,
2012,USA,0,,,,
2008,USA,0,,,,
2014,USA,1,,,,
2007,USA,0,,,,
2014,USA,1,,,,
2007,USA,0,,,,
2003,USA,0,,,,
1989,USA,1,,,,
2007,USA,0,,,,
1990,USA,0,,,,
1981,USA,0,,,,
2014,USA,0,,,,
2014,USA,0,,,,
1996,USA,0,,,,
1985,USA,1,,,,
2000,USA,1,,,,
2009,USA,0,,,,
1983,USA,0,,,,
1988,USA,0,,,,
2006,USA,1,,,,
2004,USA,1,,,,
2013,USA,0,,,,
1996,USA,0,,,,
1999,USA,0,,,,
2005,USA,1,,,,
2006,USA,1,,,,
1997,USA,0,,,,
2004,USA,1,,,,
2004,USA,1,,,,
2009,USA,1,,,,
2003,USA,1,,,,
2001,USA,0,,,,
1971,USA,0,,,,
2010,USA,0,,,,
2014,USA,0,,,,
2006,USA,1,,,,
2003,USA,0,,,,
1993,USA,0,,,,
2010,USA,0,,,,
2003,USA,1,,,,
2002,USA,0,,,,
2002,USA,0,,,,
1943,USA,1,,,,
1983,USA,1,,,,
2007,USA,0,,,,
1983,USA,1,,,,
2009,USA,0,,,,
2009,USA,0,,,,
1995,USA,0,,,,
1995,USA,0,,,,
2005,USA,0,,,,
2005,USA,1,,,,
2012,USA,1,,,,
2007,USA,1,,,,
2006,USA,1,,,,
2009,USA,1,,,,
2016,USA,1,,,,
2007,USA,0,,,,
2005,USA,0,,,,
2015,USA,0,,,,
2013,USA,1,,,,
2007,USA,0,,,,
2012,USA,0,,,,
2012,USA,0,,,,
2005,USA,0,,,,
2007,USA,1,,,,
2003,USA,0,,,,
2014,USA,1,,,,
2014,USA,0,,,,
2007,USA,0,,,,
2007,USA,0,,,,
2003,USA,1,,,,
2003,USA,0,,,,
2004,USA,1,,,,
2004,USA,1,,,,
2003,USA,1,,,,
2003,USA,1,,,,
2005,USA,0,,,,
2005,USA,0,,,,
2005,USA,0,,,,
2005,USA,0,,,,
1985,USA,0,,,,
2005,USA,0,,,,
2005,USA,0,,,,
2005,USA,0,,,,
2005,USA,0,,,,
2004,USA,0,,,,
2015,USA,0,,,,
2015,USA,0,,,,
2015,USA,0,,,,
2014,USA,0,,,,
2012,USA,0,,,,
,USA,0,,,,
2005,USA,0,,,,
2004,USA,0,,,,
2005,USA,0,,,,
1990,USA,1,,,,
2015,USA,0,,,,
2005,USA,0,,,,
2005,USA,0,,,,
1995,USA,0,,,,
1995,USA,0,,,,
2010,USA,0,,,,
2003,USA,0,,,,
2012,USA,0,,,,
2012,USA,0,,,,
2015,USA,0,,,,
2015,USA,0,,,,
2010,USA,0,,,,
2006,USA,0,,,,
2001,USA,0,,,,
2011,USA,0,,,,
2016,USA,0,,,,
2016,USA,1,,,,
2013,USA,1,,,,
2011,USA,1,,,,
2009,USA,0,,,,
2010,USA,1,,,,
2010,USA,1,,,,
2010,USA,1,,,,
2010,USA,1,,,,
2007,USA,0,,,,
2007,USA,0,,,,
2007,USA,0,,,,
2002,USA,0,,,,
2001,USA,1,,,,
2001,USA,0,,,,
2004,USA,1,,,,
2004,USA,1,,,,
2003,USA,0,,,,
1988,USA,0,,,,
1991,USA,0,,,,
2017,USA,1,,,,
2006,USA,0,,,,
2010,USA,0,,,,
2005,USA,0,,,,
2005,USA,0,,,,
1995,USA,0,,,,
1995,USA,0,,,,
1971,USA,1,,,,
2005,USA,0,,,,
2011,USA,1,,,,
2011,USA,0,,,,
2016,USA,1,,,,
2016,USA,1,,,,
2004,USA,1,,,,
2007,USA,1,,,,
2005,USA,0,,,,
2016,USA,1,,,,
2016,USA,1,,,,
2016,USA,1,,,,
2016,USA,1,,,,
2016,USA,0,,,,
2016,USA,0,,,,
2011,USA,0,,,,
2011,USA,0,,,,
2013,USA,1,,,,
2018,USA,1,,,,
2005,USA,0,,,,
2009,USA,0,,,,
2003,USA,0,,,,
2015,USA,0,,,,
1975,USA,0,,,,
2004,USA,0,,,,
2009,USA,1,,,,
2010,USA,0,,,,
2002,USA,0,,,,
2018,USA,0,,,,
2011,USA,0,,,,
1992,USA,1,,,,
1992,USA,1,,,,
2014,USA,1,,,,
2014,USA,1,,,,
2019,USA,1,,,,
2015,USA,1,,,,
2015,USA,1,,,,
2015,USA,1,,,,
2015,USA,1,,,,
2015,USA,1,,,,
2001,USA,1,,,,
2001,USA,1,,,,
2000,USA,1,,,,
2009,USA,1,,,,
2013,USA,0,,,,
2010,USA,1,,,,
1995,USA,0,,,,
2011,USA,1,,,,
2015,USA,1,,,,
1998,USA,1,,,,
2000,USA,1,,,,
2000,USA,1,,,,
2000,USA,1,,,,
2000,USA,1,,,,
2005,USA,1,,,,
2002,USA,1,,,,
2004,USA,0,,,,
1982,USA,0,,,,
1986,USA,0,,,,
2004,USA,1,,,,
2015,USA,1,,,,
1955,USA,1,,,,
2003,USA,1,,,,
2003,USA,1,,,,
2004,USA,1,,,,
2004,USA,1,,,,
2005,USA,1,,,,
2005,USA,1,,,,
2014,USA,1,,,,
2014,USA,1,,,,
2014,USA,1,,,,
2014,USA,1,,,,
2004,USA,1,,,,
2014,USA,1,,,,
2002,USA,0,,,,
,USA,1,,,,
2012,USA,1,,,,
2007,USA,1,,,,
2015,USA,0,,,,
2009,USA,1,,,,
2009,USA,1,,,,
2009,USA,1,,,,
2009,USA,1,,,,
2009,USA,1,,,,
2009,USA,1,,,,
2009,USA,1,,,,
2009,USA,1,,,,
2009,USA,1,,,,
2009,USA,1,,,,
2011,USA,0,,,,
2009,USA,0,,,,
2009,USA,1,,,,
2009,USA,1,,,,
2009,USA,1,,,,
2009,USA,1,,,,
2009,USA,1,,,,
2013,USA,1,,,,
2013,USA,1,,,,
2013,USA,1,,,,
2013,USA,1,,,,
2005,USA,1,,,,
2010,USA,1,,,,
2008,USA,1,,,,
2004,USA,1,,,,
2012,USA,1,,,,
2012,USA,1,,,,
2007,USA,0,,,,
2002,USA,1,,,,
2002,USA,1,,,,
2003,USA,1,,,,
2014,USA,1,,,,
2016,USA,1,,,,
2016,USA,1,,,,
2007,USA,1,,,,
2007,USA,1,,,,
2007,USA,1,,,,
2006,USA,1,,,,
2014,USA,1,,,,
1992,USA,1,,,,
1984,USA,1,,,,
1984,USA,1,,,,
1984,USA,1,,,,
1984,USA,1,,,,
1984,USA,1,,,,
1984,USA,1,,,,
1984,USA,1,,,,
1984,USA,1,,,,
1983,USA,1,,,,
1987,USA,1,,,,
2014,USA,1,,,,
2014,USA,0,,,,
2002,USA,1,,,,
2009,USA,1,,,,
2016,USA,1,,,,
1941,USA,1,,,,
1940,USA,0,,,,
2003,USA,1,,,,
2003,USA,1,,,,
2003,USA,1,,,,
2003,USA,1,,,,
2003,USA,1,,,,
2003,USA,1,,,,
2003,USA,1,,,,
2011,USA,1,,,,
2016,USA,1,,,,
2014,USA,1,,,,
2014,USA,1,,,,
2014,USA,1,,,,
2016,USA,1,,,,
2016,USA,1,,,,
2016,USA,1,,,,
2016,USA,1,,,,
2016,USA,1,,,,
2016,USA,1,,,,
2016,USA,1,,,,
2016,USA,1,,,,
2016,USA,1,,,,
2016,USA,1,,,,
2016,USA,1,,,,
2014,USA,1,,,,
2014,USA,1,,,,
2014,USA,1,,,,
2014,USA,1,,,,
2014,USA,1,,,,
2014,USA,1,,,,
2014,USA,1,,,,
2014,USA,1,,,,
2014,USA,1,,,,
2014,USA,1,,,,
2020,USA,1,,,,
2017,USA,1,,,,
2018,USA,1,,,,
2018,USA,1,,,,
2017,USA,0,,,,
2002,USA,0,,,,
2006,USA,1,,,,
2007,USA,1,,,,
2007,USA,1,,,,
2007,USA,1,,,,
2007,USA,1,,,,
2007,USA,1,,,,
2007,USA,1,,,,
2007,USA,1,,,,
2007,USA,1,,,,
2007,USA,1,,,,
2007,USA,1,,,,
2007,USA,1,,,,
2007,USA,1,,,,
2007,USA,1,,,,
2004,USA,1,,,,
2004,USA,1,,,,
1982,USA,1,,,,
2015,USA,1,,,,
2014,USA,1,,,,
2015,USA,1,,,,
2014,USA,1,,,,
2009,USA,1,,,,
2009,USA,1,,,,
2014,USA,1,,,,
2014,USA,1,,,,
2014,USA,0,,,,
1983,USA,0,,,,
2007,USA,1,,,,
2009,USA,1,,,,
2018,USA,0,,,,
2018,USA,1,,,,
2014,USA,1,,,,
2001,USA,0,,,,
2003,USA,1,,,,
2006,USA,1,,,,
2009,USA,1,,,,
2009,USA,1,,,,
2008,USA,0,,,,
2007,USA,1,,,,
2007,USA,1,,,,
2001,USA,0,,,,
2012,USA,0,,,,
2012,USA,0,,,,
2002,USA,1,,,,
2009,USA,1,,,,
2009,USA,1,,,,
2009,USA,1,,,,
2009,USA,1,,,,
2009,USA,1,,,,
2009,USA,1,,,,
2009,USA,1,,,,
2007,USA,1,,,,
2007,USA,1,,,,
2009,USA,1,,,,
2009,USA,1,,,,
2009,USA,1,,,,
2009,USA,1,,,,
2009,USA,1,,,,
2009,USA,1,,,,
2009,USA,1,,,,
2009,USA,1,,,,
2009,USA,1,,,,
2009,USA,1,,,,
2009,USA,1,,,,
2007,USA,1,,,,
2007,USA,1,,,,
2007,USA,1,,,,
2007,USA,1,,,,
2007,USA,1,,,,
2007,USA,1,,,,
2007,USA,1,,,,
1982,USA,1,,,,
1983,USA,1,,,,
1983,USA,1,,,,
1989,USA,0,,,,
1999,USA,1,,,,
2000,USA,1,,,,
2008,USA,1,,,,
2008,USA,1,,,,
2008,USA,1,,,,
2005,USA,0,,,,
2002,USA,0,,,,
2002,USA,0,,,,
1992,USA,1,,,,
1992,USA,1,,,,
2007,USA,0,,,,
2012,USA,1,,,,
2019,USA,0,,,,
2014,USA,0,,,,
2006,USA,0,,,,
2011,USA,1,,,,
2008,USA,1,,,,
2008,USA,1,,,,
2015,USA,1,,,,
2015,USA,1,,,,
2016,USA,0,,,,
2006,USA,0,,,,
2011,USA,0,,,,
1964,USA,1,,,,
2012,USA,1,,,,
1997,USA,1,,,,
1988,USA,1,,,,
1968,USA,1,,,,
1967,USA,1,,,,
1982,USA,1,,,,
1988,USA,0,,,,
1990,USA,0,,,,
1946,USA,0,,,,
1995,USA,0,,,,
1969,USA,0,,,,
1969,USA,0,,,,
1990,USA,0,,,,
1985,USA,0,,,,
1985,USA,0,,,,
2014,USA,0,,,,
2020,USA,0,,,,
2021,USA,0,,,,
2015,USA,0,,,,
2017,USA,0,,,,
2010,USA,0,,,,
2010,USA,0,,,,
2010,USA,0,,,,
1966,USA,1,,,,
1988,USA,0,,,,
1999,USA,0,,,,
2005,USA,1,,,,
2012,USA,1,,,,
2008,USA,1,,,,
1968,USA,0,,,,
1968,USA,1,,,,
2002,USA,1,,,,
2014,USA,0,,,,
2018,USA,0,,,,
2018,USA,1,,,,
2018,USA,1,,,,
2018,USA,1,,,,
2018,USA,1,,,,
2018,USA,1,,,,
2018,USA,1,,,,
2018,USA,1,,,,
2014,USA,1,,,,
2007,USA,0,,,,
1988,USA,1,,,,
1978,USA,1,,,,
1978,USA,1,,,,
1978,USA,1,,,,
1992,USA,1,,,,
1992,USA,1,,,,
2021,USA,0,,,,
2001,USA,1,,,,
2009,USA,0,,,,
2019,USA,1,,,,
2019,USA,1,,,,
2018,USA,1,,,,
2018,USA,1,,,,
2017,USA,1,,,,
2018,USA,1,,,,
2018,USA,1,,,,
2018,USA,1,,,,
2018,USA,1,,,,
2018,USA,0,,,,
2017,USA,0,,,,
2017,USA,0,,,,
2017,USA,0,,,,
2017,USA,0,,,,
2017,USA,0,,,,
2017,USA,0,,,,
2017,USA,1,,,,
2017,USA,0,,,,
2017,USA,0,,,,
2017,USA,0,,,,
2017,USA,0,,,,
2017,USA,0,,,,
2017,USA,1,,,,
2017,USA,0,,,,
2017,USA,1,,,,
2017,USA,0,,,,
2017,USA,0,,,,
2017,USA,1,,,,
2015,USA,1,,,,
2015,USA,0,,,,
2015,USA,0,,,,
2015,USA,0,,,,
2015,USA,0,,,,
2015,USA,0,,,,
2015,USA,1,,,,
2014,USA,0,,,,
2013,USA,0,,,,
2014,USA,0,,,,
2019,USA,1,,,,
2014,USA,0,,,,
2014,USA,0,,,,
2014,USA,0,,,,
2014,USA,0,,,,
2014,USA,0,,,,
2014,USA,0,,,,
2014,USA,0,,,,
2014,USA,0,,,,
2014,USA,0,,,,
2014,USA,0,,,,
2014,USA,0,,,,
2014,USA,0,,,,
2014,USA,0,,,,
2014,USA,0,,,,
2014,USA,0,,,,
2014,USA,0,,,,
2014,USA,0,,,,
2014,USA,0,,,,
2014,USA,0,,,,
2014,USA,0,,,,
2014,USA,0,,,,
2014,USA,0,,,,
2014,USA,0,,,,
2014,USA,0,,,,
2014,USA,0,,,,
2014,USA,0,,,,
2014,USA,0,,,,
2014,USA,0,,,,
2014,USA,1,,,,
2014,USA,0,,,,
2013,USA,1,,,,
2013,USA,0,,,,
2013,USA,0,,,,
2013,USA,0,,,,
2013,USA,0,,,,
2013,USA,0,,,,
2013,USA,0,,,,
2013,USA,0,,,,
2012,USA,0,,,,
2012,USA,0,,,,
2012,USA,0,,,,
2012,USA,0,,,,
2012,USA,0,,,,
2012,USA,0,,,,
2019,USA,1,,,,
2012,USA,0,,,,
2012,USA,0,,,,
2012,USA,1,,,,
2006,USA,0,,,,
2006,USA,0,,,,
2006,USA,0,,,,
1998,USA,0,,,,
2006,USA,1,,,,
2006,USA,0,,,,
2004,USA,1,,,,
2004,USA,1,,,,
2004,USA,0,,,,
2004,USA,0,,,,
2004,USA,0,,,,
2004,USA,1,,,,
2017,USA,0,,,,
2004,USA,1,,,,
2004,USA,0,,,,
2004,USA,1,,,,
2004,USA,0,,,,
2004,USA,0,,,,
2017,USA,0,,,,
2017,USA,0,,,,
,USA,0,,,,
2002,USA,0,,,,
2002,USA,0,,,,
2002,USA,1,,,,
2002,USA,0,,,,
2017,USA,1,,,,
2002,USA,0,,,,
2002,USA,0,,,,
2002,USA,0,,,,
2002,USA,0,,,,
2002,USA,0,,,,
1998,USA,1,,,,
2017,USA,1,,,,
1997,USA,0,,,,
1997,USA,1,,,,
1997,USA,0,,,,
1997,USA,0,,,,
1996,USA,1,,,,
2017,USA,1,,,,
2006,USA,0,,,,
2017,USA,1,,,,
2006,USA,1,,,,
2017,USA,1,,,,
2004,USA,0,,,,
2017,USA,1,,,,
2004,USA,0,,,,
2004,USA,0,,,,
2017,USA,1,,,,
2017,USA,1,,,,
,USA,0,,,,
2002,USA,0,,,,
2002,USA,0,,,,
2002,USA,0,,,,
2002,USA,0,,,,
2017,USA,1,,,,
2002,USA,0,,,,
2002,USA,0,,,,
2002,USA,1,,,,
1997,USA,0,,,,
1997,USA,0,,,,
1997,USA,1,,,,
1997,USA,1,,,,
1997,USA,1,,,,
1997,USA,1,,,,
2016,USA,1,,,,
1997,USA,1,,,,
1997,USA,0,,,,
1996,USA,1,,,,
2010,USA,1,,,,
2019,USA,1,,,,
2016,USA,1,,,,
2010,USA,1,,,,
2010,USA,1,,,,
2010,USA,1,,,,
2010,USA,1,,,,
2010,USA,1,,,,
2010,USA,1,,,,
2010,USA,1,,,,
2010,USA,1,,,,
2016,USA,1,,,,
2010,USA,1,,,,
2010,USA,1,,,,
2010,USA,1,,,,
2010,USA,1,,,,
2010,USA,1,,,,
2010,USA,1,,,,
2010,USA,1,,,,
2010,USA,1,,,,
2010,USA,1,,,,
2010,USA,1,,,,
2010,USA,1,,,,
2010,USA,1,,,,
2010,USA,1,,,,
2010,USA,1,,,,
2010,USA,1,,,,
2010,USA,1,,,,
2016,USA,0,,,,
2016,USA,0,,,,
2010,USA,1,,,,
2016,USA,0,,,,
2016,USA,0,,,,
2009,USA,1,,,,
2009,USA,1,,,,
2009,USA,1,,,,
2009,USA,1,,,,
2009,USA,1,,,,
2016,USA,0,,,,
2009,USA,1,,,,
2009,USA,1,,,,
2009,USA,1,,,,
2016,USA,0,,,,
2009,USA,1,,,,
2009,USA,1,,,,
2009,USA,1,,,,
2009,USA,1,,,,
2009,USA,1,,,,
2009,USA,1,,,,
2016,USA,0,,,,
2009,USA,1,,,,
2009,USA,1,,,,
2009,USA,1,,,,
2009,USA,1,,,,
2009,USA,0,,,,
2009,USA,1,,,,
2016,USA,0,,,,
2009,USA,1,,,,
2009,USA,1,,,,
2009,USA,1,,,,
2009,USA,1,,,,
2009,USA,1,,,,
2016,USA,0,,,,
2009,USA,1,,,,
2016,USA,0,,,,
2016,USA,0,,,,
2016,USA,0,,,,
2008,USA,1,,,,
2007,USA,1,,,,
2007,USA,1,,,,
2007,USA,1,,,,
2007,USA,1,,,,
2007,USA,1,,,,
2007,USA,1,,,,
2007,USA,1,,,,
2007,USA,1,,,,
2007,USA,1,,,,
2007,USA,1,,,,
2007,USA,1,,,,
2007,USA,1,,,,
2007,USA,1,,,,
2007,USA,1,,,,
2007,USA,1,,,,
2007,USA,1,,,,
2007,USA,1,,,,
2007,USA,1,,,,
2007,USA,1,,,,
2007,USA,1,,,,
2016,USA,0,,,,
2008,USA,0,,,,
2008,USA,0,,,,
2008,USA,0,,,,
2008,USA,0,,,,
2008,USA,0,,,,
2012,USA,0,,,,
2012,USA,0,,,,
2011,USA,0,,,,
2011,USA,0,,,,
2011,USA,0,,,,
2011,USA,0,,,,
2011,USA,0,,,,
2011,USA,0,,,,
2011,USA,0,,,,
2011,USA,1,,,,
2011,USA,1,,,,
2011,USA,1,,,,
2011,USA,0,,,,
2011,USA,0,,,,
2011,USA,0,,,,
2011,USA,0,,,,
2011,USA,0,,,,
2011,USA,0,,,,
2011,USA,0,,,,
2011,USA,0,,,,
2011,USA,0,,,,
2011,USA,0,,,,
2011,USA,0,,,,
2010,USA,0,,,,
2010,USA,0,,,,
2010,USA,1,,,,
2009,USA,0,,,,
2009,USA,0,,,,
2009,USA,0,,,,
2008,USA,1,,,,
2009,USA,0,,,,
2009,USA,0,,,,
2009,USA,0,,,,
2009,USA,0,,,,
2009,USA,0,,,,
2009,USA,0,,,,
2009,USA,0,,,,
2009,USA,0,,,,
2009,USA,0,,,,
2009,USA,0,,,,
2009,USA,0,,,,
2009,USA,0,,,,
2009,USA,0,,,,
2009,USA,0,,,,
2009,USA,0,,,,
2012,USA,1,,,,
2011,USA,0,,,,
2011,USA,1,,,,
2011,USA,1,,,,
2011,USA,1,,,,
2011,USA,1,,,,
2011,USA,1,,,,
2011,USA,1,,,,
2011,USA,1,,,,
2012,USA,1,,,,
2011,USA,0,,,,
2011,USA,1,,,,
2011,USA,1,,,,
2011,USA,1,,,,
2011,USA,1,,,,
2011,USA,1,,,,
2011,USA,1,,,,
2011,USA,1,,,,
2011,USA,1,,,,
2011,USA,1,,,,
2011,USA,1,,,,
2011,USA,1,,,,
2011,USA,1,,,,
2011,USA,1,,,,
2019,USA,1,,,,
2011,USA,1,,,,
2011,USA,1,,,,
2010,USA,1,,,,
2010,USA,0,,,,
2010,USA,0,,,,
2010,USA,0,,,,
2010,USA,0,,,,
2010,USA,0,,,,
2010,USA,0,,,,
2008,USA,1,,,,
2008,USA,1,,,,
2002,USA,1,,,,
2002,USA,0,,,,
2002,USA,1,,,,
2001,USA,1,,,,
2003,USA,0,,,,
2003,USA,0,,,,
2003,USA,0,,,,
2008,USA,1,,,,
2008,USA,1,,,,
2008,USA,1,,,,
2008,USA,1,,,,
2016,USA,1,,,,
2016,USA,1,,,,
2016,USA,1,,,,
2016,USA,1,,,,
2016,USA,1,,,,
2016,USA,1,,,,
2016,USA,1,,,,
2016,USA,1,,,,
2016,USA,1,,,,
2016,USA,1,,,,
2016,USA,1,,,,
2009,USA,1,,,,
2009,USA,1,,,,
2009,USA,1,,,,
2016,USA,0,,,,
1995,USA,0,,,,
2019,USA,0,,,,
2018,USA,1,,,,
2018,USA,1,,,,
2018,USA,1,,,,
2013,USA,1,,,,
2013,USA,1,,,,
2013,USA,1,,,,
2008,USA,0,,,,
2014,USA,0,,,,
2014,USA,0,,,,
2018,USA,0,,,,
2018,USA,0,,,,
2018,USA,0,,,,
2018,USA,1,,,,
2018,USA,1,,,,
2018,USA,0,,,,
2018,USA,0,,,,
2018,USA,0,,,,
2015,USA,0,,,,
2015,USA,0,,,,
2015,USA,0,,,,
2015,USA,0,,,,
2015,USA,0,,,,
2015,USA,1,,,,
2015,USA,0,,,,
2015,USA,0,,,,
2015,USA,0,,,,
2015,USA,0,,,,
2015,USA,1,,,,
2015,USA,1,,,,
2015,USA,1,,,,
2015,USA,0,,,,
2015,USA,0,,,,
2015,USA,1,,,,
2015,USA,1,,,,
2015,USA,1,,,,
2019,USA,1,,,,
2015,USA,0,,,,
2015,USA,0,,,,
2019,USA,1,,,,
2015,USA,0,,,,
2015,USA,0,,,,
2015,USA,0,,,,
2015,USA,0,,,,
2015,USA,0,,,,
2015,USA,0,,,,
2015,USA,0,,,,
2015,USA,0,,,,
2018,USA,1,,,,
2018,USA,1,,,,
2018,USA,1,,,,
2018,USA,1,,,,
2018,USA,1,,,,
2018,USA,1,,,,
2018,USA,1,,,,
2018,USA,1,,,,
2018,USA,0,,,,
2017,USA,0,,,,
2017,USA,0,,,,
2017,USA,0,,,,
2017,USA,0,,,,
2017,USA,0,,,,
2017,USA,0,,,,
2017,USA,0,,,,
2017,USA,0,,,,
2017,USA,1,,,,
2017,USA,0,,,,
2017,USA,1,,,,
2015,USA,1,,,,
2015,USA,0,,,,
2015,USA,0,,,,
2015,USA,1,,,,
2013,USA,0,,,,
2014,USA,0,,,,
2013,USA,0,,,,
2014,USA,0,,,,
2014,USA,0,,,,
2014,USA,0,,,,
2014,USA,0,,,,
2014,USA,0,,,,
2014,USA,0,,,,
2017,USA,1,,,,
2017,USA,1,,,,
2014,USA,1,,,,
2014,USA,0,,,,
2019,USA,0,,,,
2019,USA,1,,,,
2019,USA,0,,,,
2019,USA,1,,,,
2019,USA,0,,,,
2019,USA,1,,,,
2019,USA,0,,,,
2019,USA,0,,,,
2019,USA,0,,,,
2019,USA,1,,,,
2019,USA,1,,,,
2019,USA,1,,,,
2019,USA,1,,,,
2019,USA,0,,,,
2019,USA,0,,,,
2019,USA,0,,,,
2019,USA,0,,,,
2019,USA,0,,,,
2019,USA,0,,,,
2019,USA,0,,,,
2019,USA,0,,,,
2019,USA,0,,,,
2019,USA,0,,,,
2019,USA,0,,,,
2019,USA,0,,,,
2019,USA,0,,,,
2019,USA,0,,,,
2019,USA,0,,,,
2019,USA,0,,,,
2019,USA,0,,,,
2019,USA,0,,,,
2019,USA,0,,,,
2019,USA,0,,,,
2019,USA,0,,,,
2019,USA,0,,,,
2019,USA,0,,,,
2019,USA,0,,,,
2019,USA,0,,,,
2019,USA,0,,,,
2017,USA,1,,,,
2014,USA,0,,,,
2014,USA,1,,,,
2015,USA,0,,,,
2014,USA,0,,,,
2017,USA,1,,,,
2017,USA,1,,,,
2014,USA,0,,,,
2014,USA,0,,,,
2014,USA,1,,,,
2014,USA,1,,,,
2014,USA,1,,,,
2014,USA,1,,,,
2014,USA,1,,,,
2017,USA,1,,,,
2014,USA,1,,,,
2014,USA,1,,,,
2014,USA,1,,,,
2014,USA,0,,,,
2014,USA,0,,,,
2014,USA,0,,,,
2014,USA,0,,,,
2019,USA,1,,,,
2017,USA,1,,,,
2017,USA,1,,,,
2017,USA,1,,,,
2017,USA,1,,,,
2017,USA,1,,,,
2019,USA,1,,,,
2017,USA,1,,,,
2017,USA,1,,,,
2017,USA,1,,,,
2013,USA,1,,,,
2017,USA,1,,,,
2013,USA,1,,,,
2013,USA,1,,,,
2013,USA,1,,,,
2017,USA,1,,,,
2017,USA,1,,,,
2017,USA,1,,,,
2013,USA,1,,,,
2013,USA,1,,,,
2017,USA,1,,,,
2013,USA,1,,,,
2013,USA,0,,,,
2013,USA,0,,,,
2013,USA,0,,,,
2013,USA,0,,,,
2013,USA,1,,,,
2013,USA,1,,,,
2013,USA,1,,,,
2017,USA,1,,,,
2013,USA,1,,,,
2013,USA,1,,,,
2013,USA,0,,,,
2013,USA,0,,,,
2013,USA,0,,,,
2013,USA,0,,,,
2013,USA,0,,,,
2013,USA,1,,,,
2017,USA,1,,,,
2013,USA,1,,,,
2013,USA,1,,,,
2013,USA,1,,,,
2013,USA,0,,,,
2017,USA,1,,,,
2013,USA,1,,,,
2013,USA,1,,,,
2017,USA,1,,,,
2013,USA,1,,,,
2013,USA,1,,,,
2013,USA,1,,,,
2013,USA,1,,,,
2013,USA,1,,,,
2013,USA,1,,,,
2013,USA,1,,,,
2013,USA,1,,,,
2013,USA,1,,,,
2013,USA,1,,,,
2017,USA,1,,,,
2013,USA,1,,,,
2013,USA,1,,,,
2013,USA,0,,,,
2013,USA,0,,,,
2013,USA,0,,,,
2013,USA,0,,,,
2012,USA,0,,,,
2017,USA,1,,,,
2012,USA,0,,,,
2012,USA,0,,,,
2012,USA,0,,,,
2012,USA,0,,,,
2012,USA,0,,,,
2012,USA,0,,,,
2017,USA,1,,,,
2012,USA,0,,,,
2012,USA,0,,,,
2012,USA,0,,,,
2012,USA,0,,,,
2012,USA,0,,,,
2012,USA,0,,,,
2012,USA,1,,,,
2017,USA,1,,,,
2012,USA,0,,,,
2012,USA,0,,,,
2012,USA,0,,,,
2012,USA,0,,,,
2012,USA,1,,,,
2012,USA,1,,,,
2011,USA,1,,,,
2011,USA,1,,,,
2011,USA,1,,,,
2017,USA,1,,,,
2011,USA,0,,,,
2011,USA,0,,,,
2011,USA,0,,,,
2011,USA,0,,,,
2011,USA,0,,,,
2017,USA,1,,,,
2011,USA,0,,,,
2011,USA,1,,,,
2011,USA,0,,,,
2011,USA,0,,,,
2011,USA,0,,,,
2011,USA,0,,,,
2011,USA,0,,,,
2011,USA,0,,,,
2011,USA,1,,,,
2011,USA,1,,,,
2017,USA,1,,,,
2011,USA,1,,,,
2017,USA,1,,,,
2010,USA,0,,,,
2010,USA,0,,,,
2010,USA,0,,,,
2010,USA,0,,,,
2010,USA,0,,,,
2010,USA,0,,,,
2010,USA,1,,,,
2017,USA,1,,,,
2010,USA,0,,,,
2010,USA,1,,,,
2010,USA,0,,,,
2010,USA,0,,,,
2010,USA,0,,,,
2010,USA,0,,,,
2010,USA,1,,,,
2010,USA,1,,,,
2010,USA,1,,,,
2017,USA,1,,,,
2010,USA,0,,,,
2010,USA,0,,,,
2010,USA,0,,,,
2010,USA,0,,,,
2010,USA,0,,,,
2010,USA,0,,,,
2009,USA,0,,,,
2009,USA,0,,,,
2009,USA,0,,,,
2017,USA,1,,,,
2009,USA,0,,,,
2009,USA,0,,,,
2009,USA,1,,,,
,USA,1,,,,
2008,USA,1,,,,
2008,USA,0,,,,
2008,USA,0,,,,
2008,USA,0,,,,
2008,USA,0,,,,
2008,USA,0,,,,
2008,USA,0,,,,
2008,USA,0,,,,
2008,USA,0,,,,
2008,USA,0,,,,
2008,USA,0,,,,
2008,USA,0,,,,
2008,USA,0,,,,
2008,USA,0,,,,
2007,USA,0,,,,
2007,USA,0,,,,
2007,USA,0,,,,
2007,USA,0,,,,
2007,USA,0,,,,
2007,USA,0,,,,
2007,USA,0,,,,
2007,USA,0,,,,
2007,USA,1,,,,
2007,USA,0,,,,
2007,USA,0,,,,
2007,USA,0,,,,
2006,USA,0,,,,
2017,USA,1,,,,
2006,USA,0,,,,
2006,USA,0,,,,
2006,USA,0,,,,
2006,USA,0,,,,
2006,USA,0,,,,
2012,USA,0,,,,
2012,USA,0,,,,
2012,USA,0,,,,
2004,USA,0,,,,
1991,USA,1,,,,
2012,USA,0,,,,
2012,USA,0,,,,
2012,USA,0,,,,
2012,USA,0,,,,
2012,USA,0,,,,
2012,USA,0,,,,
2012,USA,0,,,,
2012,USA,0,,,,
2014,USA,1,,,,
2014,USA,1,,,,
2014,USA,0,,,,
2015,USA,0,,,,
2012,USA,1,,,,
2012,USA,1,,,,
2012,USA,1,,,,
2012,USA,1,,,,
2012,USA,1,,,,
2011,USA,0,,,,
2011,USA,0,,,,
2011,USA,0,,,,
2011,USA,1,,,,
2011,USA,0,,,,
2011,USA,0,,,,
2011,USA,0,,,,
2011,USA,0,,,,
2019,USA,1,,,,
2019,USA,1,,,,
2010,USA,1,,,,
2017,USA,0,,,,
1998,USA,0,,,,
1998,USA,0,,,,
1998,USA,0,,,,
2015,USA,0,,,,
2015,USA,0,,,,
2018,USA,1,,,,
1997,USA,0,,,,
2007,USA,0,,,,
2009,USA,0,,,,
2017,USA,1,,,,
2017,USA,0,,,,
2005,USA,1,,,,
2000,USA,0,,,,
2009,USA,0,,,,
2009,USA,0,,,,
2009,USA,0,,,,
2009,USA,0,,,,
2009,USA,0,,,,
1991,USA,1,,,,
1991,USA,1,,,,
1991,USA,1,,,,
1991,USA,1,,,,
1991,USA,1,,,,
1991,USA,1,,,,
1991,USA,1,,,,
1991,USA,0,,,,
1991,USA,0,,,,
1991,USA,1,,,,
1991,USA,1,,,,
1995,USA,0,,,,
2009,USA,1,,,,
1995,USA,0,,,,
2021,USA,0,,,,
2009,USA,1,,,,
2009,USA,1,,,,
2009,USA,1,,,,
2009,USA,1,,,,
2007,USA,0,,,,
2010,USA,0,,,,
2003,USA,1,,,,
2009,USA,1,,,,
2006,USA,0,,,,
1997,USA,0,,,,
1997,USA,0,,,,
1998,USA,0,,,,
1998,USA,0,,,,
2009,USA,1,,,,
2006,USA,0,,,,
2004,USA,0,,,,
2008,USA,1,,,,
2008,USA,1,,,,
2008,USA,1,,,,
2008,USA,0,,,,
2008,USA,1,,,,
2008,USA,1,,,,
2008,USA,1,,,,
2011,USA,0,,,,
2011,USA,0,,,,
2011,USA,0,,,,
2011,USA,0,,,,
2011,USA,0,,,,
2011,USA,0,,,,
2011,USA,0,,,,
2008,USA,0,,,,
2008,USA,0,,,,
2008,USA,0,,,,
2008,USA,0,,,,
2008,USA,0,,,,
2008,USA,0,,,,
2008,USA,0,,,,
2008,USA,0,,,,
2008,USA,0,,,,
2008,USA,0,,,,
2008,USA,0,,,,
2008,USA,0,,,,
2008,USA,0,,,,
2008,USA,0,,,,
2008,USA,0,,,,
2008,USA,0,,,,
2008,USA,0,,,,
2008,USA,0,,,,
2008,USA,0,,,,
2008,USA,0,,,,
2008,USA,0,,,,
2008,USA,0,,,,
2008,USA,0,,,,
2009,USA,1,,,,
2009,USA,1,,,,
2008,USA,0,,,,
2008,USA,0,,,,
2011,USA,0,,,,
2011,USA,0,,,,
2011,USA,0,,,,
2009,USA,0,,,,
2012,USA,0,,,,
2012,USA,0,,,,
2009,USA,0,,,,
2009,USA,0,,,,
2010,USA,0,,,,
2009,USA,1,,,,
2009,USA,1,,,,
2009,USA,1,,,,
2009,USA,1,,,,
2009,USA,1,,,,
2009,USA,1,,,,
2009,USA,1,,,,
2009,USA,1,,,,
2009,USA,1,,,,
2009,USA,1,,,,
2009,USA,1,,,,
2009,USA,1,,,,
2009,USA,1,,,,
2009,USA,1,,,,
2009,USA,1,,,,
2009,USA,1,,,,
2009,USA,1,,,,
2009,USA,1,,,,
2009,USA,1,,,,
2009,USA,1,,,,
2009,USA,1,,,,
2009,USA,1,,,,
2009,USA,1,,,,
2009,USA,1,,,,
2009,USA,1,,,,
2009,USA,1,,,,
2009,USA,1,,,,
2009,USA,1,,,,
2009,USA,1,,,,
2009,USA,1,,,,
2009,USA,1,,,,
2002,USA,0,,,,
2002,USA,0,,,,
2006,USA,0,,,,
2004,USA,0,,,,
2007,USA,0,,,,
2011,USA,1,,,,
2011,USA,1,,,,
2011,USA,1,,,,
2011,USA,1,,,,
2011,USA,1,,,,
2011,USA,1,,,,
2011,USA,1,,,,
2011,USA,1,,,,
2011,USA,1,,,,
2011,USA,1,,,,
2011,USA,1,,,,
2006,USA,0,,,,
2006,USA,0,,,,
2006,USA,0,,,,
2006,USA,0,,,,
2006,USA,0,,,,
2006,USA,0,,,,
2006,USA,0,,,,
2006,USA,0,,,,
2006,USA,0,,,,
2006,USA,0,,,,
1998,USA,0,,,,
1998,USA,0,,,,
1996,USA,0,,,,
2011,USA,0,,,,
2011,USA,0,,,,
2011,USA,0,,,,
2011,USA,0,,,,
2011,USA,0,,,,
2011,USA,0,,,,
2011,USA,0,,,,
2011,USA,0,,,,
2011,USA,0,,,,
2011,USA,0,,,,
1997,USA,0,,,,
1997,USA,0,,,,
1997,USA,0,,,,
2004,USA,0,,,,
2004,USA,0,,,,
2005,USA,0,,,,
2005,USA,0,,,,
2005,USA,0,,,,
2005,USA,0,,,,
2005,USA,0,,,,
1999,USA,0,,,,
2001,USA,0,,,,
2001,USA,0,,,,
2001,USA,0,,,,
2001,USA,0,,,,
2003,USA,0,,,,
2003,USA,0,,,,
2003,USA,0,,,,
2003,USA,0,,,,
2003,USA,0,,,,
2003,USA,0,,,,
2003,USA,0,,,,
2003,USA,0,,,,
2003,USA,0,,,,
2003,USA,0,,,,
2003,USA,0,,,,
2003,USA,0,,,,
2011,USA,1,,,,
2011,USA,1,,,,
2011,USA,1,,,,
1998,USA,0,,,,
1998,USA,0,,,,
1998,USA,0,,,,
1998,USA,0,,,,
1998,USA,0,,,,
1998,USA,1,,,,
1998,USA,0,,,,
2004,USA,0,,,,
2004,USA,0,,,,
2004,USA,0,,,,
2004,USA,0,,,,
2004,USA,0,,,,
2004,USA,0,,,,
1999,USA,0,,,,
1999,USA,0,,,,
1999,USA,0,,,,
1999,USA,0,,,,
1999,USA,0,,,,
1999,USA,0,,,,
1999,USA,0,,,,
1999,USA,0,,,,
1999,USA,0,,,,
1999,USA,0,,,,
1999,USA,0,,,,
2006,USA,0,,,,
2006,USA,0,,,,
2006,USA,0,,,,
2006,USA,0,,,,
2006,USA,0,,,,
2006,USA,0,,,,
2006,USA,0,,,,
2006,USA,0,,,,
2006,USA,0,,,,
2006,USA,0,,,,
2018,USA,1,,,,
2018,USA,0,,,,
1998,USA,0,,,,
1998,USA,0,,,,
1998,USA,0,,,,
2011,USA,0,,,,
2011,USA,0,,,,
2011,USA,0,,,,
2011,USA,0,,,,
2011,USA,0,,,,
2011,USA,0,,,,
2011,USA,0,,,,
2011,USA,0,,,,
2011,USA,0,,,,
2011,USA,0,,,,
2011,USA,1,,,,
2011,USA,1,,,,
2011,USA,1,,,,
2003,USA,0,,,,
2003,USA,0,,,,
2003,USA,0,,,,
2006,USA,0,,,,
2006,USA,0,,,,
2006,USA,0,,,,
2004,USA,0,,,,
2020,USA,1,,,,
2020,USA,1,,,,
2016,USA,0,,,,
2016,USA,0,,,,
2016,USA,1,,,,
2016,USA,0,,,,
2016,USA,0,,,,
2016,USA,1,,,,
2005,USA,1,,,,
2005,USA,1,,,,
2007,USA,1,,,,
2013,USA,0,,,,
2013,USA,0,,,,
2013,USA,0,,,,
2013,USA,0,,,,
2013,USA,0,,,,
2013,USA,0,,,,
2006,USA,0,,,,
1983,USA,1,,,,
1985,USA,0,,,,
2018,USA,0,,,,
2018,USA,0,,,,
2018,USA,0,,,,
2018,USA,0,,,,
2018,USA,0,,,,
2018,USA,1,,,,
2018,USA,1,,,,
2018,USA,1,,,,
2018,USA,1,,,,
2018,USA,1,,,,
2018,USA,1,,,,
2018,USA,1,,,,
2018,USA,1,,,,
2018,USA,1,,,,
2018,USA,1,,,,
2018,USA,1,,,,
2018,USA,1,,,,
2018,USA,1,,,,
2018,USA,1,,,,
2018,USA,1,,,,
2018,USA,1,,,,
2018,USA,0,,,,
2018,USA,0,,,,
2018,USA,0,,,,
2012,USA,0,,,,
2012,USA,0,,,,
2012,USA,0,,,,
2012,USA,0,,,,
2012,USA,0,,,,
2012,USA,0,,,,
2012,USA,0,,,,
2012,USA,0,,,,
2012,USA,0,,,,
2012,USA,0,,,,
2012,USA,0,,,,
2012,USA,0,,,,
1997,USA,1,,,,
2005,USA,1,,,,
2006,USA,0,,,,
2000,USA,0,,,,
2008,USA,0,,,,
2008,USA,0,,,,
2010,USA,0,,,,
2010,USA,0,,,,
2010,USA,0,,,,
2010,USA,0,,,,
2010,USA,0,,,,
2010,USA,0,,,,
2004,USA,0,,,,
2004,USA,0,,,,
2004,USA,0,,,,
2004,USA,0,,,,
2004,USA,0,,,,
2004,USA,0,,,,
2002,USA,1,,,,
2006,USA,0,,,,
2007,USA,1,,,,
2007,USA,1,,,,
2004,USA,0,,,,
2007,USA,0,,,,
2007,USA,0,,,,
2007,USA,0,,,,
2007,USA,0,,,,
2004,USA,0,,,,
2004,USA,0,,,,
2004,USA,0,,,,
2004,USA,0,,,,
2006,USA,1,,,,
2007,USA,1,,,,
2007,USA,1,,,,
2014,USA,0,,,,
2014,USA,0,,,,
2014,USA,0,,,,
2014,USA,0,,,,
2014,USA,0,,,,
2014,USA,0,,,,
2014,USA,0,,,,
2021,USA,0,,,,
2021,USA,0,,,,
1995,USA,0,,,,
2014,USA,1,,,,
2014,USA,1,,,,
2014,USA,0,,,,
2014,USA,0,,,,
2010,USA,0,,,,
2010,USA,0,,,,
2010,USA,0,,,,
2010,USA,0,,,,
2010,USA,0,,,,
2010,USA,0,,,,
2006,USA,0,,,,
2002,USA,0,,,,
2002,USA,0,,,,
2011,USA,0,,,,
1995,USA,0,,,,
2013,USA,0,,,,
2013,USA,0,,,,
2013,USA,0,,,,
2013,USA,0,,,,
2013,USA,0,,,,
2013,USA,0,,,,
2013,USA,0,,,,
2013,USA,0,,,,
2013,USA,0,,,,
2013,USA,0,,,,
2013,USA,0,,,,
2013,USA,0,,,,
2013,USA,0,,,,
2013,USA,0,,,,
2013,USA,0,,,,
2008,USA,0,,,,
2008,USA,0,,,,
2008,USA,0,,,,
2008,USA,0,,,,
2008,USA,0,,,,
2008,USA,0,,,,
2008,USA,0,,,,
2008,USA,0,,,,
2013,USA,0,,,,
2004,USA,0,,,,
2007,USA,0,,,,
2004,USA,0,,,,
2007,USA,0,,,,
2007,USA,0,,,,
2007,USA,0,,,,
2007,USA,0,,,,
2004,USA,0,,,,
2004,USA,0,,,,
2004,USA,0,,,,
2004,USA,0,,,,
2009,USA,0,,,,
2007,USA,0,,,,
1997,USA,1,,,,
1993,USA,0,,,,
1995,USA,0,,,,
2013,USA,0,,,,
2013,USA,0,,,,
2013,USA,0,,,,
2013,USA,0,,,,
1994,USA,0,,,,
1994,USA,0,,,,
1994,USA,0,,,,
1994,USA,0,,,,
1994,USA,0,,,,
1994,USA,0,,,,
1994,USA,0,,,,
1994,USA,0,,,,
2013,USA,0,,,,
2013,USA,0,,,,
2013,USA,0,,,,
2013,USA,0,,,,
2016,USA,0,,,,
2016,USA,0,,,,
2016,USA,0,,,,
2016,USA,0,,,,
1993,USA,0,,,,
1993,USA,0,,,,
2003,USA,1,,,,
2003,USA,1,,,,
2003,USA,1,,,,
2003,USA,1,,,,
2003,USA,1,,,,
2003,USA,0,,,,
2002,USA,0,,,,
2002,USA,0,,,,
2002,USA,0,,,,
2002,USA,0,,,,
2002,USA,0,,,,
2002,USA,0,,,,
2002,USA,0,,,,
2014,USA,1,,,,
2011,USA,0,,,,
2011,USA,0,,,,
2011,USA,0,,,,
2011,USA,0,,,,
2010,USA,0,,,,
2006,USA,0,,,,
2008,USA,0,,,,
2004,USA,0,,,,
2012,USA,0,,,,
2012,USA,0,,,,
2012,USA,0,,,,
2012,USA,0,,,,
2012,USA,0,,,,
2012,USA,0,,,,
2012,USA,0,,,,
2012,USA,0,,,,
2012,USA,0,,,,
2012,USA,0,,,,
2012,USA,0,,,,
2012,USA,0,,,,
2012,USA,0,,,,
2012,USA,0,,,,
2012,USA,0,,,,
2012,USA,0,,,,
2012,USA,0,,,,
2012,USA,0,,,,
2012,USA,0,,,,
2012,USA,0,,,,
2012,USA,0,,,,
2012,USA,0,,,,
2012,USA,0,,,,
2011,USA,0,,,,
2011,USA,0,,,,
2009,USA,0,,,,
2009,USA,0,,,,
2006,USA,0,,,,
2016,USA,0,,,,
2005,USA,0,,,,
2008,USA,0,,,,
2005,USA,0,,,,
1997,USA,0,,,,
2009,USA,1,,,,
2009,USA,1,,,,
2009,USA,1,,,,
2009,USA,1,,,,
2009,USA,1,,,,
2009,USA,1,,,,
2009,USA,1,,,,
2009,USA,1,,,,
2009,USA,1,,,,
2009,USA,1,,,,
2010,USA,1,,,,
2005,USA,1,,,,
2005,USA,1,,,,
2009,USA,1,,,,
2002,USA,1,,,,
2007,USA,0,,,,
2011,USA,0,,,,
2011,USA,0,,,,
2006,USA,1,,,,
2001,USA,1,,,,
2001,USA,1,,,,
2003,USA,1,,,,
2000,USA,1,,,,
2002,USA,0,,,,
2011,USA,0,,,,
2003,USA,0,,,,
2021,USA,0,,,,
2021,USA,0,,,,
2010,USA,1,,,,
2010,USA,1,,,,
2001,USA,0,,,,
2001,USA,0,,,,
2005,USA,1,,,,
1997,USA,0,,,,
1993,USA,1,,,,
2020,USA,0,,,,
2020,USA,0,,,,
2020,USA,0,,,,
2020,USA,0,,,,
2020,USA,1,,,,
2018,USA,0,,,,
2018,USA,1,,,,
2016,USA,0,,,,
2015,USA,0,,,,
2012,USA,1,,,,
2013,USA,0,,,,
2001,USA,1,,,,
2015,USA,0,,,,
2015,USA,0,,,,
2015,USA,0,,,,
2015,USA,1,,,,
2015,USA,1,,,,
2010,USA,0,,,,
2000,USA,1,,,,
2000,USA,1,,,,
2010,USA,1,,,,
2008,USA,0,,,,
2008,USA,0,,,,
2008,USA,0,,,,
2010,USA,0,,,,
2000,USA,0,,,,
2000,USA,0,,,,
2000,USA,0,,,,
2000,USA,0,,,,
2000,USA,0,,,,
2000,USA,0,,,,
2000,USA,0,,,,
2000,USA,0,,,,
2000,USA,0,,,,
2000,USA,0,,,,
2000,USA,0,,,,
2000,USA,0,,,,
2000,USA,0,,,,
2000,USA,0,,,,
1999,USA,0,,,,
1993,USA,0,,,,
1982,USA,0,,,,
2011,USA,0,,,,
2011,USA,0,,,,
2000,USA,1,,,,
2014,USA,1,,,,
1993,USA,1,,,,
1993,USA,1,,,,
1993,USA,1,,,,
2011,USA,1,,,,
2011,USA,1,,,,
2011,USA,1,,,,
2011,USA,1,,,,
2008,USA,0,,,,
2008,USA,1,,,,
1992,USA,1,,,,
2007,USA,1,,,,
2008,USA,1,,,,
2008,USA,1,,,,
2017,USA,1,,,,
1997,USA,1,,,,
2017,USA,1,,,,
2008,USA,0,,,,
2008,USA,0,,,,
2010,USA,0,,,,
2010,USA,0,,,,
2015,USA,1,,,,
2009,USA,0,,,,
1990,USA,0,,,,
2013,USA,0,,,,
2005,USA,0,,,,
2000,USA,0,,,,
1990,USA,0,,,,
2015,USA,0,,,,
2014,USA,0,,,,
2014,USA,0,,,,
2009,USA,0,,,,
2000,USA,0,,,,
2018,USA,0,,,,
2013,USA,0,,,,
2010,USA,0,,,,
2010,USA,0,,,,
2009,USA,0,,,,
2016,USA,0,,,,
2015,USA,0,,,,
2005,USA,0,,,,
2000,USA,0,,,,
1998,USA,0,,,,
1997,USA,0,,,,
1997,USA,0,,,,
1981,USA,0,,,,
1980,USA,0,,,,
2004,USA,0,,,,
2016,USA,1,,,,
2002,USA,0,,,,
2002,USA,0,,,,
2008,USA,0,,,,
2006,USA,0,,,,
2012,USA,0,,,,
2018,USA,0,,,,
2006,USA,0,,,,
2005,USA,0,,,,
2017,USA,1,,,,
2015,USA,1,,,,
2006,USA,1,,,,
2013,USA,1,,,,
2012,USA,1,,,,
2007,USA,1,,,,
1986,USA,0,,,,
1996,USA,1,,,,
2019,USA,1,,,,
2016,USA,1,,,,
2015,USA,1,,,,
2013,USA,1,,,,
2003,USA,1,,,,
1998,USA,1,,,,
1996,USA,1,,,,
2005,USA,1,,,,
2003,USA,1,,,,
2018,USA,1,,,,
2017,USA,1,,,,
2009,USA,1,,,,
1987,USA,1,,,,
2010,USA,1,,,,
2009,USA,1,,,,
2006,USA,1,,,,
2006,USA,1,,,,
2003,USA,1,,,,
2002,USA,1,,,,
2001,USA,1,,,,
1998,USA,1,,,,
2018,USA,1,,,,
2011,USA,1,,,,
2009,USA,1,,,,
2008,USA,1,,,,
2002,USA,1,,,,
2001,USA,1,,,,
2000,USA,1,,,,
1990,USA,1,,,,
1990,USA,1,,,,
1990,USA,1,,,,
1972,USA,1,,,,
2004,USA,0,,,,
2001,USA,0,,,,
2009,USA,0,,,,
2000,USA,0,,,,
2000,USA,0,,,,
1998,USA,0,,,,
1996,USA,0,,,,
1995,USA,0,,,,
1994,USA,0,,,,
1994,USA,0,,,,
1989,USA,0,,,,
1988,USA,0,,,,
1988,USA,0,,,,
1982,USA,0,,,,
1980,USA,0,,,,
1949,USA,0,,,,
1996,USA,0,,,,
2006,USA,0,,,,
2000,USA,0,,,,
1996,USA,0,,,,
1993,USA,0,,,,
1990,USA,0,,,,
2013,USA,0,,,,
2012,USA,0,,,,
2010,USA,0,,,,
2007,USA,0,,,,
2007,USA,0,,,,
2006,USA,0,,,,
2006,USA,0,,,,
2006,USA,0,,,,
2006,USA,0,,,,
2005,USA,0,,,,
1996,USA,0,,,,
1996,USA,0,,,,
2015,USA,0,,,,
2006,USA,0,,,,
1998,USA,1,,,,
2008,USA,1,,,,
2005,USA,1,,,,
2005,USA,1,,,,
2003,USA,1,,,,
2003,USA,1,,,,
2001,USA,1,,,,
2001,USA,1,,,,
1998,USA,1,,,,
1986,USA,1,,,,
2000,USA,1,,,,
2005,USA,1,,,,
2000,USA,1,,,,
2000,USA,1,,,,
1994,USA,1,,,,
1993,USA,1,,,,
1991,USA,1,,,,
1981,USA,1,,,,
1972,USA,1,,,,
1972,USA,1,,,,
1972,USA,1,,,,
1984,USA,1,,,,
1984,USA,1,,,,
1971,USA,1,,,,
2000,USA,1,,,,
2000,USA,1,,,,
1990,USA,1,,,,
2010,USA,1,,,,
2006,USA,1,,,,
2001,USA,1,,,,
2001,USA,1,,,,
2001,USA,1,,,,
2012,USA,0,,,,
2007,USA,0,,,,
2008,USA,0,,,,
2003,USA,0,,,,
2003,USA,0,,,,
1996,USA,0,,,,
2013,USA,0,,,,
2006,USA,0,,,,
2006,USA,0,,,,
2003,USA,0,,,,
2002,USA,0,,,,
1965,USA,0,,,,
2012,USA,0,,,,
2015,USA,0,,,,
2003,USA,0,,,,
2009,USA,0,,,,
2006,USA,0,,,,
2006,USA,0,,,,
2003,USA,0,,,,
1995,USA,0,,,,
1961,USA,0,,,,
2004,USA,0,,,,
2004,USA,1,,,,
2000,USA,1,,,,
1995,USA,1,,,,
2018,USA,1,,,,
2001,USA,1,,,,
2001,USA,1,,,,
1999,USA,1,,,,
2004,USA,1,,,,
2002,USA,1,,,,
2016,USA,1,,,,
2007,USA,1,,,,
2006,USA,1,,,,
2004,USA,1,,,,
2004,USA,1,,,,
1995,USA,1,,,,
2010,USA,1,,,,
2002,USA,1,,,,
2011,USA,0,,,,
2001,USA,0,,,,
2000,USA,0,,,,
1999,USA,0,,,,
1994,USA,0,,,,
1990,USA,0,,,,
1988,USA,0,,,,
1987,USA,0,,,,
1985,USA,0,,,,
1983,USA,0,,,,
1978,USA,0,,,,
1973,USA,0,,,,
1972,USA,0,,,,
1969,USA,0,,,,
1961,USA,0,,,,
2001,USA,1,,,,
2001,USA,1,,,,
2001,USA,1,,,,
2001,USA,1,,,,
2000,USA,1,,,,
1997,USA,1,,,,
1995,USA,1,,,,
1994,USA,1,,,,
1990,USA,1,,,,
1989,USA,1,,,,
1987,USA,1,,,,
1984,USA,1,,,,
1984,USA,1,,,,
1979,USA,1,,,,
1969,USA,1,,,,
1997,USA,1,,,,
1991,USA,1,,,,
2018,VCT,1,,,,
2018,VCT,1,,,,
2005,VEN,1,,,,
2005,VEN,1,,,,
2005,VEN,1,,,,
2005,VEN,1,,,,
2004,VEN,1,,,,
2005,VEN,0,,,,
2007,VEN,1,,,,
2016,VEN,1,,,,
2016,VEN,1,,,,
2008,VEN,1,,,,
2005,VGB,0,,,,
2007,VIR,0,,,,
2020,VIR,1,,,,
2020,VIR,1,,,,
2020,VIR,1,,,,
2017,VIR,1,,,,
2017,VIR,1,,,,
2017,VIR,1,,,,
2013,VNM,1,,,,
2004,VNM,1,,,,
2004,VNM,1,,,,
2004,VNM,1,,,,
2004,VNM,1,,,,
2004,VNM,1,,,,
2004,VNM,1,,,,
2004,VNM,0,,,,
2004,VNM,0,,,,
2012,VNM,0,,,,
2012,VNM,0,,,,
2012,VNM,0,,,,
2012,VNM,0,,,,
2012,VNM,0,,,,
2012,VNM,0,,,,
2012,VNM,0,,,,
2004,VNM,0,,,,
2015,WSM,0,,,,
2011,WSM,1,,,,
2014,WSM,1,,,,
2006,WSM,0,,,,
2011,WSM,1,,,,
2011,WSM,1,,,,
2009,WSM,1,,,,
2009,WSM,1,,,,
2020,YEM,0,,,,
2015,ZAF,1,,,,
2016,ZAF,1,,,,
2017,ZAF,0,,,,
2017,ZAF,0,,,,
2017,ZAF,0,,,,
2019,ZAF,0,,,,
2019,ZAF,0,,,,
2017,ZAF,0,,,,
2017,ZAF,0,,,,
2007,ZAF,1,,,,
2000,ZAF,1,,,,
2003,ZAF,1,,,,
2011,ZAF,1,,,,
2011,ZAF,1,,,,
2012,ZAF,0,,,,
2012,ZAF,0,,,,
2016,ZAF,1,,,,
2017,ZAF,1,,,,
2018,ZAF,1,,,,
2020,ZAF,1,,,,
2020,ZAF,1,,,,
2020,ZAF,1,,,,
2020,ZAF,1,,,,
2018,ZAF,1,,,,
2018,ZAF,1,,,,
2013,ZAF,1,,,,
2012,ZAF,1,,,,
2012,ZAF,1,,,,
2008,ZAF,1,,,,
2017,ZAF,1,,,,
2015,ZAF,1,,,,
2015,ZAF,1,,,,
2018,ZAF,1,,,,
2016,ZAF,1,,,,
2016,ZAF,1,,,,
2016,ZAF,1,,,,
2019,ZAF,1,,,,
2006,ZAF,0,,,,
2010,ZAF,1,,,,
2004,ZAF,0,,,,
2005,ZAF,0,,,,
2017,ZAF,0,,,,
2016,ZAF,0,,,,
2016,ZAF,0,,,,
1991,ZAF,1,,,,
2011,ZAF,1,,,,
2017,ZAF,0,,,,
2017,ZAF,0,,,,
2017,ZAF,0,,,,
2017,ZAF,0,,,,
2017,ZAF,0,,,,
2017,ZAF,0,,,,
2017,ZAF,0,,,,
2017,ZAF,0,,,,
2017,ZAF,0,,,,
2017,ZAF,0,,,,
2017,ZAF,0,,,,
2015,ZAF,1,,,,
2017,ZAF,1,,,,
2017,ZAF,1,,,,
2004,ZAF,0,,,,
2004,ZAF,0,,,,
2017,ZAF,0,,,,
2017,ZAF,1,,,,
2017,ZAF,1,,,,
2017,ZAF,1,,,,
2016,ZAF,1,,,,
2018,ZAF,0,,,,
2018,ZAF,1,,,,
2017,ZAF,1,,,,
2017,ZAF,1,,,,
2017,ZAF,1,,,,
2011,ZAF,1,,,,
2011,ZAF,0,,,,
2011,ZAF,0,,,,
2011,ZAF,1,,,,
2011,ZAF,1,,,,
2001,ZAF,1,,,,
2002,ZAF,1,,,,
2002,ZAF,1,,,,
2002,ZAF,1,,,,
1997,ZAF,1,,,,
1997,ZAF,1,,,,
1991,ZAF,1,,,,
1991,ZAF,1,,,,
2001,ZAF,0,,,,
2001,ZAF,0,,,,
2016,ZAF,1,,,,
2001,ZAF,1,,,,
2001,ZAF,0,,,,
2001,ZAF,0,,,,
2001,ZAF,0,,,,
2001,ZAF,0,,,,
2001,ZAF,0,,,,
2001,ZAF,0,,,,
2001,ZAF,0,,,,
2001,ZAF,0,,,,
2001,ZAF,0,,,,
2001,ZAF,0,,,,
2001,ZAF,0,,,,
2001,ZAF,0,,,,
2001,ZAF,1,,,,
2004,ZAF,1,,,,
2021,ZAF,1,,,,
2008,ZAF,0,,,,
2008,ZAF,0,,,,
2008,ZAF,0,,,,
2008,ZAF,1,,,,
2016,ZAF,1,,,,
2016,ZAF,1,,,,
2011,ZAF,1,,,,
1988,ZAF,1,,,,
2008,ZAF,1,,,,
2008,ZAF,1,,,,
2008,ZAF,1,,,,
2008,ZAF,1,,,,
2008,ZAF,1,,,,
2008,ZAF,1,,,,
2008,ZAF,1,,,,
2008,ZAF,1,,,,
2008,ZAF,1,,,,
2008,ZAF,1,,,,
2008,ZAF,1,,,,
2008,ZAF,1,,,,
2008,ZAF,1,,,,
2008,ZAF,1,,,,
2008,ZAF,1,,,,
2008,ZAF,1,,,,
2008,ZAF,1,,,,
2008,ZAF,1,,,,
2008,ZAF,1,,,,
2008,ZAF,1,,,,
2008,ZAF,1,,,,
2008,ZAF,1,,,,
2008,ZAF,1,,,,
2008,ZAF,1,,,,
2008,ZAF,1,,,,
2008,ZAF,1,,,,
2008,ZAF,1,,,,
2008,ZAF,1,,,,
2008,ZAF,1,,,,
2008,ZAF,1,,,,
2008,ZAF,1,,,,
2008,ZAF,1,,,,
2008,ZAF,1,,,,
2008,ZAF,1,,,,
2008,ZAF,1,,,,
2008,ZAF,1,,,,
2008,ZAF,1,,,,
2008,ZAF,1,,,,
2008,ZAF,1,,,,
2008,ZAF,1,,,,
2008,ZAF,1,,,,
2008,ZAF,1,,,,
2008,ZAF,1,,,,
2008,ZAF,1,,,,
2008,ZAF,1,,,,
2008,ZAF,1,,,,
2008,ZAF,1,,,,
2008,ZAF,1,,,,
2008,ZAF,1,,,,
2008,ZAF,1,,,,
2008,ZAF,1,,,,
2008,ZAF,1,,,,
2008,ZAF,1,,,,
2008,ZAF,1,,,,
2008,ZAF,1,,,,
2008,ZAF,1,,,,
2008,ZAF,1,,,,
2008,ZAF,1,,,,
2008,ZAF,1,,,,
2008,ZAF,1,,,,
2008,ZAF,1,,,,
2008,ZAF,1,,,,
2008,ZAF,1,,,,
2008,ZAF,1,,,,
2008,ZAF,1,,,,
2008,ZAF,1,,,,
2008,ZAF,1,,,,
2008,ZAF,1,,,,
2008,ZAF,1,,,,
2008,ZAF,1,,,,
2008,ZAF,1,,,,
2008,ZAF,1,,,,
2008,ZAF,1,,,,
2008,ZAF,1,,,,
2008,ZAF,1,,,,
2008,ZAF,1,,,,
2008,ZAF,1,,,,
2008,ZAF,1,,,,
2008,ZAF,1,,,,
2008,ZAF,1,,,,
2008,ZAF,1,,,,
2008,ZAF,1,,,,
2008,ZAF,1,,,,
2008,ZAF,1,,,,
1989,ZAF,1,,,,
1989,ZAF,1,,,,
1989,ZAF,1,,,,
1989,ZAF,1,,,,
1989,ZAF,1,,,,
2015,ZAF,0,,,,
2015,ZAF,1,,,,
2015,ZAF,1,,,,
2015,ZAF,1,,,,
2015,ZAF,1,,,,
2015,ZAF,1,,,,
2015,ZAF,1,,,,
2015,ZAF,1,,,,
2015,ZAF,1,,,,
2015,ZAF,1,,,,
2015,ZAF,1,,,,
2012,ZAF,0,,,,
2017,ZAF,0,,,,
2017,ZAF,0,,,,
2017,ZAF,0,,,,
2017,ZAF,0,,,,
2017,ZAF,0,,,,
2017,ZAF,0,,,,
2017,ZAF,0,,,,
2017,ZAF,0,,,,
2017,ZAF,0,,,,
2017,ZAF,0,,,,
2017,ZAF,0,,,,
2011,ZAF,1,,,,
2011,ZAF,1,,,,
2011,ZAF,1,,,,
2020,ZAF,1,,,,
2006,ZAF,1,,,,
2020,ZAF,1,,,,
2014,ZAF,1,,,,
1999,ZAF,1,,,,
1999,ZAF,1,,,,
2000,ZAF,1,,,,
1988,ZAF,1,,,,
2020,ZAF,1,,,,
2020,ZAF,1,,,,
2020,ZAF,1,,,,
2020,ZAF,1,,,,
2020,ZAF,0,,,,
2020,ZAF,0,,,,
2020,ZAF,0,,,,
2020,ZAF,0,,,,
2020,ZAF,0,,,,
2020,ZAF,0,,,,
2020,ZAF,1,,,,
2020,ZAF,1,,,,
1981,ZAF,0,,,,
1985,ZAF,0,,,,
1998,ZAF,0,,,,
1992,ZAF,0,,,,
1992,ZAF,0,,,,
2012,ZAF,1,,,,
2012,ZAF,1,,,,
1991,ZAF,1,,,,
1991,ZAF,1,,,,
1991,ZAF,1,,,,
2005,ZAF,1,,,,
2010,ZAF,1,,,,
2006,ZAF,0,,,,
2004,ZAF,0,,,,
2007,ZAF,0,,,,
2006,ZAF,1,,,,
2010,ZAF,0,,,,
2015,ZAF,0,,,,
1994,ZAF,0,,,,
1994,ZAF,0,,,,
2012,ZAF,0,,,,
2018,ZAF,0,,,,
2010,ZAF,0,,,,
2002,ZAF,0,,,,
2004,ZAF,0,,,,
2004,ZAF,0,,,,
2009,ZAF,0,,,,
2008,ZAF,1,,,,
2004,ZAF,1,,,,
2002,ZAF,1,,,,
1992,ZAF,1,,,,
1992,ZAF,1,,,,
2007,ZAF,1,,,,
2007,ZAF,1,,,,
2007,ZAF,1,,,,
2007,ZAF,1,,,,
2007,ZAF,1,,,,
2007,ZAF,1,,,,
2002,ZAF,1,,,,
2002,ZAF,1,,,,
2002,ZAF,1,,,,
2002,ZAF,1,,,,
2002,ZAF,1,,,,
2002,ZAF,1,,,,
2002,ZAF,1,,,,
2002,ZAF,1,,,,
2002,ZAF,1,,,,
2002,ZAF,1,,,,
2018,ZAF,1,,,,
2015,ZAF,1,,,,
2015,ZAF,1,,,,
2015,ZAF,1,,,,
2015,ZAF,1,,,,
2013,ZAF,1,,,,
2013,ZAF,1,,,,
2013,ZAF,1,,,,
2008,ZAF,1,,,,
2018,ZAF,1,,,,
2018,ZAF,1,,,,
2010,ZAF,1,,,,
2010,ZAF,1,,,,
2010,ZAF,1,,,,
1992,ZAF,1,,,,
2020,ZAF,0,,,,
2003,ZAF,1,,,,
2020,ZAF,0,,,,
2005,ZAF,1,,,,
1980,ZAF,0,,,,
1993,ZAF,0,,,,
1993,ZAF,1,,,,
1987,ZAF,0,,,,
2008,ZAF,0,,,,
2014,ZAF,0,,,,
2000,ZAF,0,,,,
1989,ZAF,0,,,,
2002,ZAF,0,,,,
2002,ZAF,0,,,,
2002,ZAF,1,,,,
2009,ZAF,0,,,,
2020,ZAF,0,,,,
2007,ZAF,1,,,,
2017,ZAF,1,,,,
2017,ZAF,1,,,,
2017,ZAF,1,,,,
2017,ZAF,1,,,,
2017,ZAF,1,,,,
2017,ZAF,1,,,,
2017,ZAF,1,,,,
2017,ZAF,1,,,,
2017,ZAF,1,,,,
2007,ZAF,0,,,,
2008,ZAF,1,,,,
1984,ZAF,1,,,,
2008,ZAF,1,,,,
2007,ZAF,1,,,,
2001,ZAF,1,,,,
1984,ZAF,1,,,,
2007,ZAF,1,,,,
2008,ZAF,0,,,,
2008,ZAF,1,,,,
1996,ZAF,1,,,,
2001,ZAF,1,,,,
1986,ZAF,1,,,,
2011,ZAF,1,,,,
2007,ZAF,0,,,,
2005,ZAF,0,,,,
2004,ZAF,0,,,,
2008,ZAF,0,,,,
2000,ZAF,0,,,,
1982,ZAF,0,,,,
1987,ZAF,0,,,,
2014,ZMB,1,,,,
2016,ZMB,1,,,,
2000,ZMB,1,,,,
2007,ZWE,1,,,,
2007,ZWE,0,,,,
2013,ZWE,0,,,,
2013,ZWE,0,,,,
2001,ZWE,1,,,,
1991,ZWE,0,,,,
2007,ZWE,1,,,,
2003,ZWE,1,,,,
2003,ZWE,1,,,,
2000,ZWE,1,,,,
2001,ZWE,1,,,,
2002,ZWE,1,,,,
2019,,1,,,,
2016,,1,,,,
2016,,1,,,,
2001,,0,,,,
2014,,0,,,,
2008,,1,,,,
2017,,1,,,,
2019,,1,,,,
2019,,1,,,,
2011,,1,,,,
2014,,0,,,,
2016,,1,,,,
2016,,1,,,,
2016,,1,,,,
2016,,1,,,,
2016,,1,,,,
2006,,1,,,,
2006,,1,,,,
2006,,1,,,,
2019,,1,,,,
2019,,1,,,,
2008,,1,,,,
2008,,1,,,,
2009,,1,,,,
2008,,1,,,,
2008,,1,,,,
2005,,1,,,,
2013,,1,,,,
2013,,1,,,,
2004,,1,,,,
2004,,1,,,,
2004,,1,,,,
2004,,1,,,,
2010,,0,,,,
2010,,1,,,,
2010,,0,,,,
2010,,1,,,,
2010,,1,,,,
2010,,1,,,,
2010,,1,,,,
2010,,1,,,,
2010,,1,,,,
2013,,1,,,,
2017,,1,,,,
2017,,1,,,,
2017,,1,,,,
2019,,1,,,,
2019,,1,,,,
2019,,1,,,,
2019,,1,,,,
2019,,1,,,,
2020,,1,,,,
2020,,1,,,,
2020,,1,,,,
2020,,1,,,,
2020,,1,,,,
2020,,1,,,,
2020,,1,,,,
2014,,0,,,,
1986,,1,,,,
2018,,1,,,,
2018,,1,,,,
2017,,1,,,,
2009,,1,,,,
2009,,1,,,,
2015,,1,,,,
2015,,1,,,,
2015,,1,,,,
2020,,1,,,,
2020,,1,,,,
2020,,1,,,,
2020,,1,,,,
2020,,1,,,,
2020,,1,,,,
2010,,0,,,,
2010,,0,,,,
2010,,0,,,,
2007,,0,,,,
2002,,0,,,,
2010,,0,,,,
2007,,0,,,,
2008,,0,,,,
1995,,1,,,,
2019,,1,,,,
2013,,0,,,,
2004,,1,,,,
2002,,0,,,,
2007,,1,,,,
2007,,0,,,,
2003,,1,,,,
2015,,1,,,,
2015,,1,,,,
2015,,1,,,,
2003,,1,,,,
2003,,1,,,,
2008,,0,,,,
2008,,0,,,,
2008,,0,,,,
2019,,0,,,,
2019,,0,,,,
2003,,1,,,,
2003,,1,,,,
2003,,1,,,,
2003,,1,,,,
2003,,1,,,,
2003,,1,,,,
2003,,1,,,,
2003,,1,,,,
2003,,1,,,,
2003,,1,,,,
2003,,1,,,,
2003,,1,,,,
2003,,1,,,,
2003,,1,,,,
2003,,1,,,,
2003,,1,,,,
2003,,0,,,,
2003,,0,,,,
2012,,1,,,,
2012,,1,,,,
2012,,1,,,,
2012,,0,,,,
2017,,1,,,,
2017,,0,,,,
2017,,0,,,,
2017,,0,,,,
2017,,0,,,,
2017,,0,,,,
2017,,0,,,,
2008,,1,,,,
2008,,1,,,,
2008,,1,,,,
2008,,1,,,,
2008,,1,,,,
2005,,0,,,,
