year,geo,disagg,value,projections,benchmark_low,benchmark_mid,benchmark_high
1921,MAR,Established,1,,,,
1929,MAR,Established,2,,,,
1964,MAR,Established,5,,,,
1973,MAR,Established,6,,,,
1993,MAR,Established,7,,,,
1996,MAR,Established,8,,,,
2011,MAR,Established,9,,,,
2003,ABW,Established,1,,,,
1996,AFG,Established,1,,,,
1933,AGO,Established,1,,,,
1911,AIA,Established,1,,,,
2005,AIA,Established,3,,,,
1850,ALB,Established,1,,,,
1871,ALB,Established,2,,,,
1877,ALB,Established,3,,,,
1895,ALB,Established,8,,,,
1896,ALB,Established,12,,,,
1916,ALB,Established,13,,,,
1917,ALB,Established,14,,,,
1920,ALB,Established,19,,,,
1924,ALB,Established,20,,,,
1926,ALB,Established,21,,,,
1931,ALB,Established,22,,,,
1932,ALB,Established,23,,,,
1940,ALB,Established,26,,,,
1955,ALB,Established,27,,,,
1962,ALB,Established,30,,,,
1963,ALB,Established,31,,,,
1964,ALB,Established,32,,,,
1966,ALB,Established,33,,,,
1968,ALB,Established,36,,,,
1972,ALB,Established,37,,,,
1973,ALB,Established,38,,,,
1976,ALB,Established,45,,,,
1978,ALB,Established,48,,,,
1980,ALB,Established,49,,,,
1981,ALB,Established,50,,,,
1983,ALB,Established,53,,,,
1984,ALB,Established,55,,,,
1987,ALB,Established,56,,,,
1992,ALB,Established,57,,,,
1996,ALB,Established,58,,,,
2000,ALB,Established,60,,,,
2004,ALB,Established,61,,,,
2008,ALB,Established,66,,,,
2009,ALB,Established,67,,,,
2010,ALB,Established,73,,,,
2011,ALB,Established,74,,,,
2012,ALB,Established,75,,,,
2013,ALB,Established,78,,,,
1996,AND,Established,1,,,,
2003,AND,Established,2,,,,
1996,ARE,Established,1,,,,
1997,ARE,Established,6,,,,
1906,ARG,Established,1,,,,
1920,ARG,Established,4,,,,
1936,ARG,Established,5,,,,
1956,ARG,Established,6,,,,
1981,ARG,Established,7,,,,
1998,ARG,Established,8,,,,
1999,ARG,Established,9,,,,
1996,ARM,Established,1,,,,
1725,ATG,Established,1,,,,
1910,ATG,Established,2,,,,
1920,ATG,Established,3,,,,
1979,ATG,Established,4,,,,
2003,ATG,Established,5,,,,
2005,ATG,Established,6,,,,
2007,ATG,Established,10,,,,
1626,AUS,Established,1,,,,
1770,AUS,Established,91,,,,
1800,AUS,Established,92,,,,
1802,AUS,Established,101,,,,
1803,AUS,Established,102,,,,
1807,AUS,Established,103,,,,
1809,AUS,Established,104,,,,
1810,AUS,Established,140,,,,
1829,AUS,Established,141,,,,
1836,AUS,Established,142,,,,
1837,AUS,Established,143,,,,
1838,AUS,Established,144,,,,
1840,AUS,Established,145,,,,
1841,AUS,Established,146,,,,
1842,AUS,Established,147,,,,
1843,AUS,Established,149,,,,
1844,AUS,Established,152,,,,
1845,AUS,Established,153,,,,
1846,AUS,Established,154,,,,
1847,AUS,Established,158,,,,
1848,AUS,Established,163,,,,
1849,AUS,Established,165,,,,
1850,AUS,Established,168,,,,
1851,AUS,Established,172,,,,
1852,AUS,Established,173,,,,
1853,AUS,Established,178,,,,
1854,AUS,Established,183,,,,
1855,AUS,Established,185,,,,
1856,AUS,Established,189,,,,
1858,AUS,Established,190,,,,
1859,AUS,Established,191,,,,
1860,AUS,Established,192,,,,
1861,AUS,Established,194,,,,
1862,AUS,Established,196,,,,
1863,AUS,Established,199,,,,
1864,AUS,Established,205,,,,
1865,AUS,Established,207,,,,
1866,AUS,Established,210,,,,
1867,AUS,Established,213,,,,
1868,AUS,Established,214,,,,
1869,AUS,Established,216,,,,
1870,AUS,Established,223,,,,
1871,AUS,Established,226,,,,
1872,AUS,Established,227,,,,
1873,AUS,Established,229,,,,
1874,AUS,Established,231,,,,
1875,AUS,Established,246,,,,
1876,AUS,Established,255,,,,
1877,AUS,Established,261,,,,
1878,AUS,Established,270,,,,
1879,AUS,Established,280,,,,
1880,AUS,Established,288,,,,
1881,AUS,Established,297,,,,
1882,AUS,Established,306,,,,
1883,AUS,Established,313,,,,
1884,AUS,Established,325,,,,
1885,AUS,Established,336,,,,
1886,AUS,Established,340,,,,
1887,AUS,Established,349,,,,
1888,AUS,Established,352,,,,
1889,AUS,Established,356,,,,
1890,AUS,Established,361,,,,
1891,AUS,Established,363,,,,
1892,AUS,Established,369,,,,
1893,AUS,Established,373,,,,
1894,AUS,Established,376,,,,
1895,AUS,Established,381,,,,
1896,AUS,Established,383,,,,
1897,AUS,Established,392,,,,
1898,AUS,Established,397,,,,
1899,AUS,Established,404,,,,
1900,AUS,Established,443,,,,
1901,AUS,Established,450,,,,
1902,AUS,Established,451,,,,
1903,AUS,Established,459,,,,
1904,AUS,Established,464,,,,
1905,AUS,Established,467,,,,
1906,AUS,Established,472,,,,
1907,AUS,Established,477,,,,
1908,AUS,Established,488,,,,
1909,AUS,Established,491,,,,
1910,AUS,Established,498,,,,
1911,AUS,Established,506,,,,
1912,AUS,Established,510,,,,
1913,AUS,Established,511,,,,
1914,AUS,Established,512,,,,
1915,AUS,Established,513,,,,
1916,AUS,Established,518,,,,
1917,AUS,Established,520,,,,
1918,AUS,Established,523,,,,
1919,AUS,Established,528,,,,
1920,AUS,Established,530,,,,
1921,AUS,Established,533,,,,
1922,AUS,Established,537,,,,
1923,AUS,Established,540,,,,
1924,AUS,Established,546,,,,
1925,AUS,Established,547,,,,
1926,AUS,Established,548,,,,
1927,AUS,Established,550,,,,
1928,AUS,Established,552,,,,
1929,AUS,Established,553,,,,
1930,AUS,Established,557,,,,
1931,AUS,Established,568,,,,
1932,AUS,Established,572,,,,
1933,AUS,Established,578,,,,
1934,AUS,Established,583,,,,
1935,AUS,Established,587,,,,
1936,AUS,Established,592,,,,
1937,AUS,Established,599,,,,
1938,AUS,Established,606,,,,
1939,AUS,Established,610,,,,
1940,AUS,Established,614,,,,
1941,AUS,Established,620,,,,
1942,AUS,Established,623,,,,
1943,AUS,Established,635,,,,
1944,AUS,Established,640,,,,
1945,AUS,Established,646,,,,
1946,AUS,Established,656,,,,
1947,AUS,Established,666,,,,
1948,AUS,Established,676,,,,
1949,AUS,Established,680,,,,
1950,AUS,Established,685,,,,
1951,AUS,Established,690,,,,
1952,AUS,Established,694,,,,
1953,AUS,Established,700,,,,
1954,AUS,Established,702,,,,
1955,AUS,Established,710,,,,
1956,AUS,Established,711,,,,
1957,AUS,Established,716,,,,
1958,AUS,Established,721,,,,
1959,AUS,Established,722,,,,
1960,AUS,Established,727,,,,
1961,AUS,Established,733,,,,
1962,AUS,Established,737,,,,
1963,AUS,Established,741,,,,
1964,AUS,Established,747,,,,
1965,AUS,Established,756,,,,
1966,AUS,Established,764,,,,
1967,AUS,Established,768,,,,
1968,AUS,Established,772,,,,
1969,AUS,Established,775,,,,
1970,AUS,Established,783,,,,
1971,AUS,Established,788,,,,
1972,AUS,Established,793,,,,
1973,AUS,Established,799,,,,
1974,AUS,Established,808,,,,
1975,AUS,Established,811,,,,
1976,AUS,Established,817,,,,
1977,AUS,Established,821,,,,
1978,AUS,Established,826,,,,
1979,AUS,Established,827,,,,
1980,AUS,Established,834,,,,
1981,AUS,Established,840,,,,
1982,AUS,Established,844,,,,
1983,AUS,Established,847,,,,
1984,AUS,Established,852,,,,
1985,AUS,Established,854,,,,
1986,AUS,Established,858,,,,
1987,AUS,Established,865,,,,
1988,AUS,Established,874,,,,
1989,AUS,Established,880,,,,
1990,AUS,Established,884,,,,
1991,AUS,Established,890,,,,
1992,AUS,Established,900,,,,
1993,AUS,Established,905,,,,
1994,AUS,Established,907,,,,
1995,AUS,Established,909,,,,
1996,AUS,Established,913,,,,
1997,AUS,Established,914,,,,
1998,AUS,Established,921,,,,
1999,AUS,Established,923,,,,
2000,AUS,Established,926,,,,
2001,AUS,Established,928,,,,
2002,AUS,Established,931,,,,
2003,AUS,Established,932,,,,
2008,AUS,Established,933,,,,
2009,AUS,Established,934,,,,
1700,AUT,Established,1,,,,
1750,AUT,Established,4,,,,
1760,AUT,Established,8,,,,
1770,AUT,Established,9,,,,
1780,AUT,Established,13,,,,
1785,AUT,Established,14,,,,
1790,AUT,Established,17,,,,
1800,AUT,Established,21,,,,
1810,AUT,Established,22,,,,
1815,AUT,Established,23,,,,
1825,AUT,Established,25,,,,
1830,AUT,Established,28,,,,
1835,AUT,Established,30,,,,
1840,AUT,Established,33,,,,
1845,AUT,Established,37,,,,
1850,AUT,Established,40,,,,
1852,AUT,Established,42,,,,
1855,AUT,Established,44,,,,
1856,AUT,Established,45,,,,
1860,AUT,Established,47,,,,
1865,AUT,Established,48,,,,
1867,AUT,Established,49,,,,
1868,AUT,Established,50,,,,
1870,AUT,Established,51,,,,
1872,AUT,Established,52,,,,
1874,AUT,Established,53,,,,
1875,AUT,Established,60,,,,
1880,AUT,Established,64,,,,
1885,AUT,Established,78,,,,
1886,AUT,Established,79,,,,
1890,AUT,Established,82,,,,
1895,AUT,Established,85,,,,
1898,AUT,Established,86,,,,
1900,AUT,Established,89,,,,
1905,AUT,Established,92,,,,
1907,AUT,Established,93,,,,
1910,AUT,Established,95,,,,
1920,AUT,Established,96,,,,
1925,AUT,Established,97,,,,
1927,AUT,Established,98,,,,
1928,AUT,Established,99,,,,
1929,AUT,Established,100,,,,
1930,AUT,Established,102,,,,
1934,AUT,Established,103,,,,
1935,AUT,Established,106,,,,
1938,AUT,Established,107,,,,
1944,AUT,Established,108,,,,
1945,AUT,Established,110,,,,
1949,AUT,Established,111,,,,
1950,AUT,Established,118,,,,
1951,AUT,Established,120,,,,
1952,AUT,Established,121,,,,
1954,AUT,Established,123,,,,
1955,AUT,Established,126,,,,
1956,AUT,Established,128,,,,
1959,AUT,Established,129,,,,
1960,AUT,Established,133,,,,
1961,AUT,Established,134,,,,
1962,AUT,Established,135,,,,
1963,AUT,Established,136,,,,
1965,AUT,Established,138,,,,
1966,AUT,Established,139,,,,
1967,AUT,Established,140,,,,
1968,AUT,Established,141,,,,
1970,AUT,Established,142,,,,
1972,AUT,Established,143,,,,
1973,AUT,Established,144,,,,
1974,AUT,Established,145,,,,
1975,AUT,Established,146,,,,
1976,AUT,Established,148,,,,
1979,AUT,Established,152,,,,
1982,AUT,Established,156,,,,
1984,AUT,Established,159,,,,
1985,AUT,Established,161,,,,
1987,AUT,Established,163,,,,
1988,AUT,Established,164,,,,
1990,AUT,Established,170,,,,
1991,AUT,Established,171,,,,
1992,AUT,Established,172,,,,
1994,AUT,Established,174,,,,
1995,AUT,Established,177,,,,
1996,AUT,Established,181,,,,
1998,AUT,Established,182,,,,
1999,AUT,Established,183,,,,
2000,AUT,Established,184,,,,
2001,AUT,Established,187,,,,
2002,AUT,Established,193,,,,
2003,AUT,Established,195,,,,
2004,AUT,Established,197,,,,
2005,AUT,Established,200,,,,
1928,AZE,Established,1,,,,
1950,AZE,Established,2,,,,
1996,AZE,Established,3,,,,
1998,AZE,Established,4,,,,
1554,BEL,Established,1,,,,
1600,BEL,Established,2,,,,
1792,BEL,Established,3,,,,
1800,BEL,Established,13,,,,
1803,BEL,Established,15,,,,
1805,BEL,Established,16,,,,
1811,BEL,Established,23,,,,
1813,BEL,Established,28,,,,
1814,BEL,Established,30,,,,
1818,BEL,Established,31,,,,
1820,BEL,Established,32,,,,
1821,BEL,Established,35,,,,
1822,BEL,Established,36,,,,
1823,BEL,Established,38,,,,
1824,BEL,Established,41,,,,
1825,BEL,Established,42,,,,
1828,BEL,Established,43,,,,
1830,BEL,Established,44,,,,
1831,BEL,Established,45,,,,
1833,BEL,Established,46,,,,
1834,BEL,Established,47,,,,
1835,BEL,Established,51,,,,
1836,BEL,Established,53,,,,
1837,BEL,Established,54,,,,
1838,BEL,Established,55,,,,
1840,BEL,Established,57,,,,
1844,BEL,Established,58,,,,
1846,BEL,Established,59,,,,
1847,BEL,Established,60,,,,
1848,BEL,Established,61,,,,
1849,BEL,Established,62,,,,
1850,BEL,Established,64,,,,
1851,BEL,Established,66,,,,
1853,BEL,Established,67,,,,
1854,BEL,Established,69,,,,
1856,BEL,Established,70,,,,
1857,BEL,Established,72,,,,
1859,BEL,Established,73,,,,
1862,BEL,Established,75,,,,
1863,BEL,Established,77,,,,
1864,BEL,Established,79,,,,
1865,BEL,Established,80,,,,
1866,BEL,Established,81,,,,
1867,BEL,Established,83,,,,
1868,BEL,Established,85,,,,
1869,BEL,Established,89,,,,
1870,BEL,Established,90,,,,
1873,BEL,Established,94,,,,
1880,BEL,Established,95,,,,
1881,BEL,Established,98,,,,
1882,BEL,Established,100,,,,
1884,BEL,Established,103,,,,
1885,BEL,Established,104,,,,
1887,BEL,Established,106,,,,
1888,BEL,Established,107,,,,
1891,BEL,Established,108,,,,
1894,BEL,Established,109,,,,
1895,BEL,Established,111,,,,
1896,BEL,Established,112,,,,
1899,BEL,Established,113,,,,
1902,BEL,Established,114,,,,
1907,BEL,Established,115,,,,
1908,BEL,Established,116,,,,
1909,BEL,Established,117,,,,
1911,BEL,Established,118,,,,
1912,BEL,Established,119,,,,
1918,BEL,Established,120,,,,
1920,BEL,Established,121,,,,
1923,BEL,Established,122,,,,
1924,BEL,Established,123,,,,
1925,BEL,Established,124,,,,
1927,BEL,Established,126,,,,
1928,BEL,Established,127,,,,
1930,BEL,Established,128,,,,
1932,BEL,Established,129,,,,
1935,BEL,Established,131,,,,
1939,BEL,Established,132,,,,
1940,BEL,Established,133,,,,
1941,BEL,Established,134,,,,
1942,BEL,Established,135,,,,
1948,BEL,Established,136,,,,
1949,BEL,Established,138,,,,
1950,BEL,Established,140,,,,
1952,BEL,Established,141,,,,
1953,BEL,Established,142,,,,
1954,BEL,Established,143,,,,
1957,BEL,Established,144,,,,
1961,BEL,Established,146,,,,
1965,BEL,Established,147,,,,
1966,BEL,Established,148,,,,
1968,BEL,Established,150,,,,
1969,BEL,Established,151,,,,
1973,BEL,Established,153,,,,
1974,BEL,Established,155,,,,
1976,BEL,Established,156,,,,
1977,BEL,Established,158,,,,
1979,BEL,Established,165,,,,
1980,BEL,Established,166,,,,
1983,BEL,Established,167,,,,
1984,BEL,Established,169,,,,
1986,BEL,Established,170,,,,
1987,BEL,Established,171,,,,
1989,BEL,Established,172,,,,
1990,BEL,Established,174,,,,
1992,BEL,Established,175,,,,
1993,BEL,Established,177,,,,
1994,BEL,Established,179,,,,
1997,BEL,Established,180,,,,
1998,BEL,Established,182,,,,
1999,BEL,Established,183,,,,
2000,BEL,Established,184,,,,
2001,BEL,Established,186,,,,
2002,BEL,Established,187,,,,
2003,BEL,Established,188,,,,
2004,BEL,Established,189,,,,
2005,BEL,Established,190,,,,
2006,BEL,Established,191,,,,
2007,BEL,Established,192,,,,
2011,BEL,Established,193,,,,
2005,BEN,Established,1,,,,
1996,BFA,Established,1,,,,
1800,BGR,Established,1,,,,
1850,BGR,Established,2,,,,
1880,BGR,Established,3,,,,
1890,BGR,Established,4,,,,
1928,BGR,Established,5,,,,
1987,BGR,Established,6,,,,
1996,BGR,Established,7,,,,
1998,BGR,Established,9,,,,
2009,BGR,Established,10,,,,
1965,BHR,Established,1,,,,
1996,BHR,Established,2,,,,
2002,BHR,Established,3,,,,
1900,BHS,Established,1,,,,
1905,BHS,Established,2,,,,
1960,BHS,Established,3,,,,
1963,BHS,Established,4,,,,
1750,BIH,Established,1,,,,
1850,BIH,Established,2,,,,
1910,BIH,Established,3,,,,
1928,BIH,Established,4,,,,
1996,BIH,Established,5,,,,
1996,BLR,Established,1,,,,
1907,BLZ,Established,2,,,,
1929,BMU,Established,1,,,,
1931,BMU,Established,2,,,,
2005,BMU,Established,3,,,,
1994,BOL,Established,1,,,,
1904,BRA,Established,1,,,,
1906,BRA,Established,3,,,,
1908,BRA,Established,4,,,,
1969,BRA,Established,5,,,,
1981,BRA,Established,6,,,,
1900,BRB,Established,1,,,,
1901,BRB,Established,2,,,,
1905,BRB,Established,4,,,,
1912,BRB,Established,6,,,,
1920,BRB,Established,7,,,,
1979,BRB,Established,8,,,,
2003,BRB,Established,13,,,,
2006,BRB,Established,17,,,,
2015,BRB,Established,18,,,,
2016,BRB,Established,21,,,,
1955,BRN,Established,1,,,,
2005,BRN,Established,2,,,,
1738,CAN,Established,1,,,,
1804,CAN,Established,2,,,,
1873,CAN,Established,3,,,,
1880,CAN,Established,4,,,,
1895,CAN,Established,5,,,,
1965,CAN,Established,6,,,,
1972,CAN,Established,7,,,,
1994,CAN,Established,8,,,,
1998,CAN,Established,9,,,,
1885,CCK,Established,1,,,,
1950,CCK,Established,2,,,,
1789,CHE,Established,1,,,,
1800,CHE,Established,2,,,,
1824,CHE,Established,3,,,,
1848,CHE,Established,4,,,,
1927,CHE,Established,6,,,,
1935,CHE,Established,7,,,,
1963,CHE,Established,8,,,,
1975,CHE,Established,9,,,,
1980,CHE,Established,10,,,,
1982,CHE,Established,11,,,,
1991,CHE,Established,12,,,,
1846,CHL,Established,1,,,,
1848,CHL,Established,3,,,,
1849,CHL,Established,4,,,,
1885,CHL,Established,5,,,,
1970,CHL,Established,6,,,,
1992,CHL,Established,7,,,,
2006,CHL,Established,9,,,,
1600,CHN,Established,1,,,,
1700,CHN,Established,2,,,,
1800,CHN,Established,3,,,,
1879,CHN,Established,4,,,,
1889,CHN,Established,5,,,,
1900,CHN,Established,8,,,,
1901,CHN,Established,10,,,,
1906,CHN,Established,11,,,,
1908,CHN,Established,12,,,,
1909,CHN,Established,14,,,,
1910,CHN,Established,16,,,,
1914,CHN,Established,18,,,,
1915,CHN,Established,19,,,,
1917,CHN,Established,21,,,,
1918,CHN,Established,22,,,,
1921,CHN,Established,24,,,,
1922,CHN,Established,25,,,,
1925,CHN,Established,26,,,,
1926,CHN,Established,29,,,,
1928,CHN,Established,31,,,,
1930,CHN,Established,33,,,,
1931,CHN,Established,34,,,,
1933,CHN,Established,35,,,,
1935,CHN,Established,36,,,,
1936,CHN,Established,38,,,,
1938,CHN,Established,39,,,,
1939,CHN,Established,40,,,,
1940,CHN,Established,41,,,,
1942,CHN,Established,42,,,,
1946,CHN,Established,44,,,,
1950,CHN,Established,45,,,,
1951,CHN,Established,46,,,,
1952,CHN,Established,47,,,,
1954,CHN,Established,49,,,,
1955,CHN,Established,50,,,,
1957,CHN,Established,51,,,,
1958,CHN,Established,52,,,,
1960,CHN,Established,53,,,,
1962,CHN,Established,54,,,,
1963,CHN,Established,55,,,,
1971,CHN,Established,56,,,,
1975,CHN,Established,57,,,,
1979,CHN,Established,58,,,,
1980,CHN,Established,60,,,,
1996,CHN,Established,61,,,,
1997,CHN,Established,62,,,,
1998,CHN,Established,63,,,,
2000,CHN,Established,65,,,,
2003,CHN,Established,66,,,,
1996,CIV,Established,1,,,,
1987,CMR,Established,1,,,,
2002,CMR,Established,2,,,,
1870,COD,Established,1,,,,
1873,COD,Established,2,,,,
1888,COD,Established,5,,,,
1890,COD,Established,6,,,,
1893,COD,Established,8,,,,
1894,COD,Established,10,,,,
1895,COD,Established,13,,,,
1896,COD,Established,16,,,,
1899,COD,Established,17,,,,
1900,COD,Established,22,,,,
1902,COD,Established,23,,,,
1903,COD,Established,28,,,,
1905,COD,Established,29,,,,
1906,COD,Established,30,,,,
1907,COD,Established,32,,,,
1908,COD,Established,33,,,,
1909,COD,Established,34,,,,
1912,COD,Established,35,,,,
1919,COD,Established,39,,,,
1923,COD,Established,40,,,,
1925,COD,Established,41,,,,
1930,COD,Established,42,,,,
1932,COD,Established,43,,,,
1933,COD,Established,44,,,,
1937,COD,Established,45,,,,
1940,COD,Established,46,,,,
1946,COD,Established,47,,,,
1948,COD,Established,48,,,,
1952,COD,Established,49,,,,
1956,COD,Established,50,,,,
1957,COD,Established,51,,,,
1973,COD,Established,52,,,,
1924,COK,Established,1,,,,
1967,COK,Established,2,,,,
2001,COK,Established,3,,,,
2004,COK,Established,4,,,,
1912,COL,Established,1,,,,
1951,COL,Established,2,,,,
1968,COL,Established,3,,,,
1987,COL,Established,4,,,,
1996,COL,Established,5,,,,
2003,COM,Established,2,,,,
2009,COM,Established,3,,,,
2014,COM,Established,4,,,,
1855,CPV,Established,1,,,,
1865,CPV,Established,2,,,,
2003,CPV,Established,3,,,,
1890,CRI,Established,1,,,,
1891,CRI,Established,2,,,,
1908,CRI,Established,3,,,,
1927,CRI,Established,4,,,,
1979,CRI,Established,5,,,,
1984,CRI,Established,6,,,,
1985,CRI,Established,7,,,,
1991,CRI,Established,8,,,,
1998,CRI,Established,9,,,,
1999,CRI,Established,10,,,,
2005,CRI,Established,11,,,,
1905,CUB,Established,2,,,,
1908,CUB,Established,3,,,,
1913,CUB,Established,7,,,,
1920,CUB,Established,9,,,,
1974,CUB,Established,12,,,,
1977,CUB,Established,13,,,,
1981,CUB,Established,14,,,,
1984,CUB,Established,15,,,,
1993,CUB,Established,16,,,,
2011,CUB,Established,17,,,,
2005,CYM,Established,1,,,,
1750,CYP,Established,1,,,,
1754,CYP,Established,2,,,,
1787,CYP,Established,4,,,,
1788,CYP,Established,5,,,,
1800,CYP,Established,7,,,,
1820,CYP,Established,8,,,,
1849,CYP,Established,9,,,,
1862,CYP,Established,18,,,,
1865,CYP,Established,19,,,,
1870,CYP,Established,20,,,,
1878,CYP,Established,21,,,,
1879,CYP,Established,22,,,,
1880,CYP,Established,24,,,,
1883,CYP,Established,25,,,,
1885,CYP,Established,26,,,,
1900,CYP,Established,31,,,,
1901,CYP,Established,32,,,,
1903,CYP,Established,33,,,,
1905,CYP,Established,35,,,,
1915,CYP,Established,36,,,,
1923,CYP,Established,37,,,,
1930,CYP,Established,38,,,,
1932,CYP,Established,39,,,,
1934,CYP,Established,40,,,,
1935,CYP,Established,41,,,,
1937,CYP,Established,42,,,,
1939,CYP,Established,43,,,,
1950,CYP,Established,45,,,,
1955,CYP,Established,46,,,,
1956,CYP,Established,47,,,,
1957,CYP,Established,48,,,,
1960,CYP,Established,49,,,,
1964,CYP,Established,50,,,,
1969,CYP,Established,51,,,,
1970,CYP,Established,52,,,,
1975,CYP,Established,53,,,,
1977,CYP,Established,54,,,,
1981,CYP,Established,55,,,,
1985,CYP,Established,56,,,,
1987,CYP,Established,57,,,,
1988,CYP,Established,58,,,,
1990,CYP,Established,60,,,,
1991,CYP,Established,61,,,,
1996,CYP,Established,62,,,,
1998,CYP,Established,68,,,,
1999,CYP,Established,69,,,,
2006,CYP,Established,71,,,,
2009,CYP,Established,73,,,,
2010,CYP,Established,74,,,,
1800,CZE,Established,1,,,,
1822,CZE,Established,2,,,,
1851,CZE,Established,3,,,,
1853,CZE,Established,5,,,,
1858,CZE,Established,6,,,,
1870,CZE,Established,7,,,,
1874,CZE,Established,8,,,,
1879,CZE,Established,9,,,,
1884,CZE,Established,11,,,,
1892,CZE,Established,12,,,,
1895,CZE,Established,13,,,,
1900,CZE,Established,17,,,,
1902,CZE,Established,18,,,,
1907,CZE,Established,19,,,,
1919,CZE,Established,20,,,,
1920,CZE,Established,21,,,,
1928,CZE,Established,22,,,,
1933,CZE,Established,23,,,,
1936,CZE,Established,24,,,,
1943,CZE,Established,25,,,,
1948,CZE,Established,30,,,,
1950,CZE,Established,33,,,,
1952,CZE,Established,36,,,,
1955,CZE,Established,37,,,,
1956,CZE,Established,38,,,,
1957,CZE,Established,40,,,,
1960,CZE,Established,42,,,,
1961,CZE,Established,43,,,,
1962,CZE,Established,44,,,,
1974,CZE,Established,45,,,,
1975,CZE,Established,46,,,,
1983,CZE,Established,47,,,,
1988,CZE,Established,48,,,,
1990,CZE,Established,50,,,,
1991,CZE,Established,51,,,,
1994,CZE,Established,52,,,,
2003,CZE,Established,53,,,,
2008,CZE,Established,54,,,,
2012,CZE,Established,55,,,,
2017,CZE,Established,56,,,,
1577,DEU,Established,1,,,,
1584,DEU,Established,2,,,,
1614,DEU,Established,3,,,,
1654,DEU,Established,4,,,,
1700,DEU,Established,6,,,,
1719,DEU,Established,7,,,,
1728,DEU,Established,8,,,,
1738,DEU,Established,9,,,,
1750,DEU,Established,10,,,,
1768,DEU,Established,11,,,,
1783,DEU,Established,12,,,,
1786,DEU,Established,13,,,,
1788,DEU,Established,14,,,,
1790,DEU,Established,15,,,,
1791,DEU,Established,16,,,,
1794,DEU,Established,17,,,,
1796,DEU,Established,18,,,,
1800,DEU,Established,19,,,,
1802,DEU,Established,20,,,,
1805,DEU,Established,21,,,,
1808,DEU,Established,23,,,,
1813,DEU,Established,24,,,,
1815,DEU,Established,25,,,,
1822,DEU,Established,26,,,,
1825,DEU,Established,28,,,,
1826,DEU,Established,29,,,,
1829,DEU,Established,30,,,,
1830,DEU,Established,31,,,,
1833,DEU,Established,32,,,,
1836,DEU,Established,33,,,,
1838,DEU,Established,34,,,,
1849,DEU,Established,35,,,,
1850,DEU,Established,40,,,,
1851,DEU,Established,41,,,,
1852,DEU,Established,43,,,,
1854,DEU,Established,44,,,,
1860,DEU,Established,48,,,,
1861,DEU,Established,49,,,,
1862,DEU,Established,50,,,,
1863,DEU,Established,51,,,,
1865,DEU,Established,52,,,,
1870,DEU,Established,55,,,,
1871,DEU,Established,56,,,,
1872,DEU,Established,57,,,,
1875,DEU,Established,59,,,,
1876,DEU,Established,60,,,,
1879,DEU,Established,61,,,,
1880,DEU,Established,65,,,,
1881,DEU,Established,66,,,,
1883,DEU,Established,69,,,,
1886,DEU,Established,70,,,,
1889,DEU,Established,71,,,,
1890,DEU,Established,74,,,,
1891,DEU,Established,75,,,,
1892,DEU,Established,76,,,,
1893,DEU,Established,77,,,,
1897,DEU,Established,78,,,,
1900,DEU,Established,81,,,,
1903,DEU,Established,82,,,,
1906,DEU,Established,83,,,,
1915,DEU,Established,84,,,,
1918,DEU,Established,85,,,,
1919,DEU,Established,86,,,,
1920,DEU,Established,87,,,,
1925,DEU,Established,88,,,,
1927,DEU,Established,90,,,,
1929,DEU,Established,92,,,,
1930,DEU,Established,94,,,,
1932,DEU,Established,95,,,,
1934,DEU,Established,96,,,,
1940,DEU,Established,97,,,,
1942,DEU,Established,98,,,,
1945,DEU,Established,100,,,,
1950,DEU,Established,101,,,,
1952,DEU,Established,102,,,,
1960,DEU,Established,103,,,,
1961,DEU,Established,104,,,,
1966,DEU,Established,106,,,,
1969,DEU,Established,107,,,,
1974,DEU,Established,108,,,,
1976,DEU,Established,109,,,,
1978,DEU,Established,110,,,,
1979,DEU,Established,111,,,,
1983,DEU,Established,112,,,,
1984,DEU,Established,113,,,,
1993,DEU,Established,114,,,,
1995,DEU,Established,115,,,,
1996,DEU,Established,118,,,,
2002,DEU,Established,119,,,,
2004,DMA,Established,2,,,,
1508,DNK,Established,1,,,,
1540,DNK,Established,2,,,,
1625,DNK,Established,3,,,,
1688,DNK,Established,5,,,,
1700,DNK,Established,15,,,,
1767,DNK,Established,16,,,,
1777,DNK,Established,17,,,,
1800,DNK,Established,21,,,,
1801,DNK,Established,22,,,,
1832,DNK,Established,23,,,,
1839,DNK,Established,24,,,,
1843,DNK,Established,25,,,,
1853,DNK,Established,26,,,,
1857,DNK,Established,27,,,,
1859,DNK,Established,28,,,,
1861,DNK,Established,29,,,,
1862,DNK,Established,30,,,,
1866,DNK,Established,31,,,,
1869,DNK,Established,32,,,,
1878,DNK,Established,33,,,,
1880,DNK,Established,34,,,,
1881,DNK,Established,35,,,,
1882,DNK,Established,36,,,,
1889,DNK,Established,38,,,,
1900,DNK,Established,39,,,,
1907,DNK,Established,40,,,,
1911,DNK,Established,41,,,,
1913,DNK,Established,43,,,,
1916,DNK,Established,44,,,,
1928,DNK,Established,45,,,,
1931,DNK,Established,46,,,,
1934,DNK,Established,47,,,,
1952,DNK,Established,48,,,,
1970,DNK,Established,49,,,,
1975,DNK,Established,50,,,,
1978,DNK,Established,52,,,,
1983,DNK,Established,53,,,,
1985,DNK,Established,54,,,,
1990,DNK,Established,55,,,,
1999,DNK,Established,56,,,,
1915,DOM,Established,1,,,,
1930,DOM,Established,2,,,,
1931,DOM,Established,3,,,,
1932,DOM,Established,4,,,,
1978,DOM,Established,5,,,,
1998,DOM,Established,6,,,,
1970,DZA,Established,1,,,,
1996,DZA,Established,2,,,,
1872,ECU,Established,1,,,,
1937,ECU,Established,2,,,,
2004,ECU,Established,3,,,,
1871,EGY,Established,3,,,,
1879,EGY,Established,4,,,,
1887,EGY,Established,7,,,,
1893,EGY,Established,8,,,,
1929,EGY,Established,9,,,,
1930,EGY,Established,11,,,,
1956,EGY,Established,12,,,,
1957,EGY,Established,13,,,,
1960,EGY,Established,14,,,,
1970,EGY,Established,15,,,,
1982,EGY,Established,16,,,,
1987,EGY,Established,17,,,,
1996,EGY,Established,18,,,,
1996,ERI,Established,1,,,,
1996,ESH,Established,1,,,,
1762,ESP,Established,1,,,,
1784,ESP,Established,2,,,,
1824,ESP,Established,3,,,,
1845,ESP,Established,4,,,,
1848,ESP,Established,5,,,,
1850,ESP,Established,6,,,,
1852,ESP,Established,7,,,,
1861,ESP,Established,10,,,,
1866,ESP,Established,11,,,,
1872,ESP,Established,12,,,,
1874,ESP,Established,13,,,,
1880,ESP,Established,14,,,,
1882,ESP,Established,15,,,,
1883,ESP,Established,16,,,,
1885,ESP,Established,17,,,,
1897,ESP,Established,18,,,,
1898,ESP,Established,19,,,,
1899,ESP,Established,20,,,,
1902,ESP,Established,21,,,,
1903,ESP,Established,22,,,,
1904,ESP,Established,23,,,,
1907,ESP,Established,24,,,,
1908,ESP,Established,25,,,,
1910,ESP,Established,26,,,,
1912,ESP,Established,27,,,,
1913,ESP,Established,29,,,,
1916,ESP,Established,31,,,,
1919,ESP,Established,32,,,,
1924,ESP,Established,33,,,,
1930,ESP,Established,34,,,,
1933,ESP,Established,35,,,,
1935,ESP,Established,36,,,,
1944,ESP,Established,37,,,,
1945,ESP,Established,38,,,,
1948,ESP,Established,40,,,,
1954,ESP,Established,41,,,,
1960,ESP,Established,42,,,,
1961,ESP,Established,44,,,,
1963,ESP,Established,45,,,,
1969,ESP,Established,46,,,,
1970,ESP,Established,47,,,,
1973,ESP,Established,48,,,,
1974,ESP,Established,51,,,,
1976,ESP,Established,53,,,,
1978,ESP,Established,55,,,,
1982,ESP,Established,56,,,,
1984,ESP,Established,58,,,,
1987,ESP,Established,59,,,,
1988,ESP,Established,60,,,,
1989,ESP,Established,62,,,,
1990,ESP,Established,63,,,,
1992,ESP,Established,64,,,,
1998,ESP,Established,65,,,,
2003,ESP,Established,68,,,,
2004,ESP,Established,69,,,,
2005,ESP,Established,72,,,,
2007,ESP,Established,73,,,,
2010,ESP,Established,74,,,,
2015,ESP,Established,75,,,,
2016,ESP,Established,76,,,,
1777,EST,Established,3,,,,
1778,EST,Established,4,,,,
1784,EST,Established,5,,,,
1791,EST,Established,8,,,,
1797,EST,Established,9,,,,
1800,EST,Established,10,,,,
1803,EST,Established,14,,,,
1805,EST,Established,15,,,,
1807,EST,Established,20,,,,
1810,EST,Established,21,,,,
1813,EST,Established,22,,,,
1820,EST,Established,23,,,,
1823,EST,Established,25,,,,
1839,EST,Established,27,,,,
1848,EST,Established,28,,,,
1850,EST,Established,30,,,,
1859,EST,Established,31,,,,
1862,EST,Established,33,,,,
1883,EST,Established,36,,,,
1903,EST,Established,37,,,,
1909,EST,Established,38,,,,
1920,EST,Established,39,,,,
1921,EST,Established,40,,,,
1922,EST,Established,41,,,,
1924,EST,Established,43,,,,
1925,EST,Established,45,,,,
1932,EST,Established,46,,,,
1934,EST,Established,47,,,,
1940,EST,Established,48,,,,
1944,EST,Established,52,,,,
1956,EST,Established,53,,,,
1964,EST,Established,54,,,,
1965,EST,Established,56,,,,
1966,EST,Established,57,,,,
1969,EST,Established,58,,,,
1970,EST,Established,59,,,,
1971,EST,Established,61,,,,
1973,EST,Established,62,,,,
1974,EST,Established,63,,,,
1991,EST,Established,64,,,,
1992,EST,Established,65,,,,
1993,EST,Established,67,,,,
1995,EST,Established,68,,,,
1997,EST,Established,69,,,,
1998,EST,Established,71,,,,
1999,EST,Established,72,,,,
2002,EST,Established,73,,,,
2007,EST,Established,74,,,,
1971,ETH,Established,1,,,,
1996,ETH,Established,2,,,,
1557,FIN,Established,1,,,,
1934,FIN,Established,2,,,,
1986,FIN,Established,3,,,,
2001,FIN,Established,4,,,,
1998,FJI,Established,1,,,,
1599,FRA,Established,1,,,,
1614,FRA,Established,2,,,,
1770,FRA,Established,3,,,,
1791,FRA,Established,4,,,,
1794,FRA,Established,5,,,,
1804,FRA,Established,6,,,,
1813,FRA,Established,7,,,,
1821,FRA,Established,8,,,,
1822,FRA,Established,9,,,,
1825,FRA,Established,10,,,,
1829,FRA,Established,11,,,,
1837,FRA,Established,13,,,,
1848,FRA,Established,14,,,,
1850,FRA,Established,17,,,,
1858,FRA,Established,19,,,,
1860,FRA,Established,20,,,,
1862,FRA,Established,22,,,,
1869,FRA,Established,23,,,,
1878,FRA,Established,25,,,,
1886,FRA,Established,26,,,,
1888,FRA,Established,27,,,,
1894,FRA,Established,36,,,,
1895,FRA,Established,38,,,,
1896,FRA,Established,39,,,,
1898,FRA,Established,42,,,,
1899,FRA,Established,43,,,,
1900,FRA,Established,44,,,,
1913,FRA,Established,45,,,,
1915,FRA,Established,46,,,,
1916,FRA,Established,47,,,,
1920,FRA,Established,48,,,,
1922,FRA,Established,49,,,,
1923,FRA,Established,50,,,,
1924,FRA,Established,51,,,,
1925,FRA,Established,52,,,,
1926,FRA,Established,54,,,,
1927,FRA,Established,55,,,,
1928,FRA,Established,56,,,,
1929,FRA,Established,57,,,,
1930,FRA,Established,60,,,,
1931,FRA,Established,63,,,,
1932,FRA,Established,64,,,,
1934,FRA,Established,65,,,,
1935,FRA,Established,66,,,,
1937,FRA,Established,67,,,,
1939,FRA,Established,68,,,,
1943,FRA,Established,69,,,,
1945,FRA,Established,72,,,,
1946,FRA,Established,74,,,,
1949,FRA,Established,75,,,,
1951,FRA,Established,77,,,,
1952,FRA,Established,78,,,,
1953,FRA,Established,82,,,,
1954,FRA,Established,86,,,,
1955,FRA,Established,88,,,,
1957,FRA,Established,89,,,,
1958,FRA,Established,90,,,,
1961,FRA,Established,94,,,,
1962,FRA,Established,99,,,,
1963,FRA,Established,100,,,,
1964,FRA,Established,102,,,,
1965,FRA,Established,103,,,,
1968,FRA,Established,104,,,,
1969,FRA,Established,106,,,,
1970,FRA,Established,107,,,,
1971,FRA,Established,110,,,,
1972,FRA,Established,111,,,,
1973,FRA,Established,112,,,,
1974,FRA,Established,113,,,,
1975,FRA,Established,117,,,,
1976,FRA,Established,120,,,,
1981,FRA,Established,124,,,,
1982,FRA,Established,126,,,,
1984,FRA,Established,127,,,,
1985,FRA,Established,128,,,,
1986,FRA,Established,130,,,,
1987,FRA,Established,134,,,,
1988,FRA,Established,135,,,,
1990,FRA,Established,141,,,,
1991,FRA,Established,143,,,,
1993,FRA,Established,146,,,,
1996,FRA,Established,147,,,,
1997,FRA,Established,148,,,,
1998,FRA,Established,151,,,,
1999,FRA,Established,155,,,,
2000,FRA,Established,156,,,,
2001,FRA,Established,160,,,,
2002,FRA,Established,161,,,,
2004,FRA,Established,164,,,,
2005,FRA,Established,167,,,,
2006,FRA,Established,169,,,,
2007,FRA,Established,173,,,,
2008,FRA,Established,175,,,,
2011,FRA,Established,177,,,,
1920,FSM,Established,1,,,,
1935,FSM,Established,2,,,,
1950,FSM,Established,4,,,,
2007,FSM,Established,5,,,,
1523,GBR,Established,1,,,,
1538,GBR,Established,5,,,,
1548,GBR,Established,24,,,,
1551,GBR,Established,29,,,,
1562,GBR,Established,38,,,,
1570,GBR,Established,45,,,,
1576,GBR,Established,47,,,,
1578,GBR,Established,49,,,,
1597,GBR,Established,84,,,,
1617,GBR,Established,85,,,,
1626,GBR,Established,86,,,,
1629,GBR,Established,94,,,,
1632,GBR,Established,99,,,,
1633,GBR,Established,105,,,,
1634,GBR,Established,107,,,,
1638,GBR,Established,108,,,,
1640,GBR,Established,112,,,,
1641,GBR,Established,113,,,,
1650,GBR,Established,116,,,,
1656,GBR,Established,117,,,,
1660,GBR,Established,122,,,,
1661,GBR,Established,124,,,,
1662,GBR,Established,127,,,,
1666,GBR,Established,130,,,,
1670,GBR,Established,135,,,,
1677,GBR,Established,136,,,,
1685,GBR,Established,137,,,,
1686,GBR,Established,138,,,,
1688,GBR,Established,140,,,,
1689,GBR,Established,141,,,,
1690,GBR,Established,145,,,,
1696,GBR,Established,146,,,,
1700,GBR,Established,147,,,,
1708,GBR,Established,148,,,,
1709,GBR,Established,149,,,,
1713,GBR,Established,153,,,,
1716,GBR,Established,155,,,,
1722,GBR,Established,156,,,,
1724,GBR,Established,160,,,,
1730,GBR,Established,161,,,,
1738,GBR,Established,162,,,,
1743,GBR,Established,163,,,,
1745,GBR,Established,164,,,,
1746,GBR,Established,166,,,,
1750,GBR,Established,168,,,,
1757,GBR,Established,169,,,,
1762,GBR,Established,173,,,,
1763,GBR,Established,180,,,,
1770,GBR,Established,184,,,,
1773,GBR,Established,185,,,,
1775,GBR,Established,186,,,,
1776,GBR,Established,187,,,,
1777,GBR,Established,191,,,,
1778,GBR,Established,195,,,,
1779,GBR,Established,196,,,,
1782,GBR,Established,198,,,,
1784,GBR,Established,199,,,,
1785,GBR,Established,201,,,,
1787,GBR,Established,202,,,,
1789,GBR,Established,203,,,,
1790,GBR,Established,206,,,,
1791,GBR,Established,207,,,,
1792,GBR,Established,209,,,,
1793,GBR,Established,211,,,,
1794,GBR,Established,212,,,,
1795,GBR,Established,213,,,,
1796,GBR,Established,217,,,,
1797,GBR,Established,218,,,,
1798,GBR,Established,219,,,,
1799,GBR,Established,222,,,,
1800,GBR,Established,226,,,,
1801,GBR,Established,227,,,,
1802,GBR,Established,229,,,,
1803,GBR,Established,230,,,,
1804,GBR,Established,233,,,,
1805,GBR,Established,239,,,,
1806,GBR,Established,241,,,,
1808,GBR,Established,242,,,,
1809,GBR,Established,244,,,,
1810,GBR,Established,246,,,,
1812,GBR,Established,247,,,,
1813,GBR,Established,248,,,,
1815,GBR,Established,249,,,,
1820,GBR,Established,251,,,,
1821,GBR,Established,253,,,,
1822,GBR,Established,255,,,,
1823,GBR,Established,258,,,,
1824,GBR,Established,259,,,,
1825,GBR,Established,263,,,,
1826,GBR,Established,264,,,,
1828,GBR,Established,266,,,,
1830,GBR,Established,270,,,,
1831,GBR,Established,272,,,,
1832,GBR,Established,274,,,,
1833,GBR,Established,275,,,,
1834,GBR,Established,279,,,,
1835,GBR,Established,281,,,,
1836,GBR,Established,291,,,,
1837,GBR,Established,297,,,,
1838,GBR,Established,301,,,,
1840,GBR,Established,306,,,,
1841,GBR,Established,307,,,,
1842,GBR,Established,308,,,,
1843,GBR,Established,311,,,,
1844,GBR,Established,314,,,,
1845,GBR,Established,316,,,,
1847,GBR,Established,320,,,,
1848,GBR,Established,323,,,,
1849,GBR,Established,327,,,,
1850,GBR,Established,328,,,,
1851,GBR,Established,329,,,,
1852,GBR,Established,334,,,,
1853,GBR,Established,336,,,,
1854,GBR,Established,338,,,,
1855,GBR,Established,340,,,,
1856,GBR,Established,343,,,,
1857,GBR,Established,345,,,,
1858,GBR,Established,349,,,,
1859,GBR,Established,355,,,,
1860,GBR,Established,360,,,,
1861,GBR,Established,366,,,,
1862,GBR,Established,368,,,,
1863,GBR,Established,372,,,,
1864,GBR,Established,374,,,,
1865,GBR,Established,375,,,,
1866,GBR,Established,382,,,,
1867,GBR,Established,388,,,,
1868,GBR,Established,392,,,,
1869,GBR,Established,395,,,,
1870,GBR,Established,398,,,,
1871,GBR,Established,401,,,,
1872,GBR,Established,402,,,,
1873,GBR,Established,403,,,,
1874,GBR,Established,408,,,,
1875,GBR,Established,411,,,,
1876,GBR,Established,416,,,,
1877,GBR,Established,419,,,,
1878,GBR,Established,421,,,,
1879,GBR,Established,427,,,,
1880,GBR,Established,429,,,,
1882,GBR,Established,430,,,,
1883,GBR,Established,435,,,,
1884,GBR,Established,437,,,,
1885,GBR,Established,440,,,,
1886,GBR,Established,442,,,,
1887,GBR,Established,444,,,,
1888,GBR,Established,449,,,,
1890,GBR,Established,452,,,,
1891,GBR,Established,456,,,,
1892,GBR,Established,460,,,,
1893,GBR,Established,467,,,,
1894,GBR,Established,470,,,,
1895,GBR,Established,472,,,,
1896,GBR,Established,478,,,,
1897,GBR,Established,480,,,,
1898,GBR,Established,484,,,,
1899,GBR,Established,486,,,,
1900,GBR,Established,490,,,,
1901,GBR,Established,493,,,,
1902,GBR,Established,499,,,,
1903,GBR,Established,506,,,,
1904,GBR,Established,507,,,,
1905,GBR,Established,531,,,,
1906,GBR,Established,536,,,,
1907,GBR,Established,541,,,,
1908,GBR,Established,554,,,,
1909,GBR,Established,563,,,,
1910,GBR,Established,567,,,,
1911,GBR,Established,568,,,,
1912,GBR,Established,574,,,,
1913,GBR,Established,588,,,,
1914,GBR,Established,593,,,,
1915,GBR,Established,602,,,,
1916,GBR,Established,606,,,,
1917,GBR,Established,609,,,,
1918,GBR,Established,617,,,,
1919,GBR,Established,620,,,,
1920,GBR,Established,625,,,,
1921,GBR,Established,630,,,,
1922,GBR,Established,635,,,,
1923,GBR,Established,640,,,,
1924,GBR,Established,646,,,,
1925,GBR,Established,653,,,,
1926,GBR,Established,658,,,,
1927,GBR,Established,667,,,,
1928,GBR,Established,674,,,,
1929,GBR,Established,676,,,,
1930,GBR,Established,684,,,,
1931,GBR,Established,689,,,,
1932,GBR,Established,692,,,,
1933,GBR,Established,693,,,,
1934,GBR,Established,697,,,,
1935,GBR,Established,700,,,,
1936,GBR,Established,703,,,,
1937,GBR,Established,706,,,,
1938,GBR,Established,711,,,,
1939,GBR,Established,715,,,,
1940,GBR,Established,716,,,,
1941,GBR,Established,717,,,,
1942,GBR,Established,720,,,,
1943,GBR,Established,725,,,,
1946,GBR,Established,726,,,,
1947,GBR,Established,732,,,,
1948,GBR,Established,734,,,,
1949,GBR,Established,737,,,,
1950,GBR,Established,742,,,,
1951,GBR,Established,745,,,,
1952,GBR,Established,748,,,,
1953,GBR,Established,749,,,,
1954,GBR,Established,753,,,,
1955,GBR,Established,758,,,,
1956,GBR,Established,765,,,,
1957,GBR,Established,780,,,,
1958,GBR,Established,784,,,,
1959,GBR,Established,793,,,,
1960,GBR,Established,798,,,,
1961,GBR,Established,810,,,,
1962,GBR,Established,815,,,,
1963,GBR,Established,829,,,,
1964,GBR,Established,835,,,,
1965,GBR,Established,845,,,,
1966,GBR,Established,858,,,,
1967,GBR,Established,864,,,,
1968,GBR,Established,880,,,,
1969,GBR,Established,886,,,,
1970,GBR,Established,893,,,,
1971,GBR,Established,905,,,,
1972,GBR,Established,909,,,,
1973,GBR,Established,912,,,,
1974,GBR,Established,917,,,,
1975,GBR,Established,922,,,,
1976,GBR,Established,928,,,,
1977,GBR,Established,937,,,,
1978,GBR,Established,945,,,,
1979,GBR,Established,952,,,,
1980,GBR,Established,963,,,,
1981,GBR,Established,970,,,,
1982,GBR,Established,978,,,,
1983,GBR,Established,985,,,,
1984,GBR,Established,995,,,,
1985,GBR,Established,1003,,,,
1986,GBR,Established,1006,,,,
1987,GBR,Established,1009,,,,
1988,GBR,Established,1013,,,,
1989,GBR,Established,1018,,,,
1990,GBR,Established,1019,,,,
1991,GBR,Established,1022,,,,
1992,GBR,Established,1028,,,,
1993,GBR,Established,1033,,,,
1994,GBR,Established,1038,,,,
1995,GBR,Established,1045,,,,
1996,GBR,Established,1050,,,,
1997,GBR,Established,1051,,,,
1998,GBR,Established,1052,,,,
1999,GBR,Established,1055,,,,
2001,GBR,Established,1058,,,,
2002,GBR,Established,1060,,,,
2003,GBR,Established,1062,,,,
2004,GBR,Established,1065,,,,
2005,GBR,Established,1069,,,,
2006,GBR,Established,1072,,,,
2007,GBR,Established,1077,,,,
1996,GEO,Established,1,,,,
1998,GEO,Established,2,,,,
1987,GHA,Established,1,,,,
2005,GHA,Established,2,,,,
1975,GIB,Established,1,,,,
2003,GIB,Established,3,,,,
1914,GIN,Established,1,,,,
1996,GIN,Established,2,,,,
1920,GLP,Established,1,,,,
1959,GLP,Established,2,,,,
1968,GLP,Established,3,,,,
1990,GMB,Established,1,,,,
1996,GMB,Established,2,,,,
1996,GNB,Established,1,,,,
1942,GNQ,Established,1,,,,
1981,GNQ,Established,2,,,,
1900,GRC,Established,1,,,,
1989,GRC,Established,2,,,,
1996,GRC,Established,3,,,,
1998,GRC,Established,4,,,,
2002,GRC,Established,5,,,,
1897,GRD,Established,2,,,,
1988,GRD,Established,3,,,,
2003,GRD,Established,9,,,,
2006,GRD,Established,10,,,,
2016,GRD,Established,13,,,,
2000,GTM,Established,1,,,,
1979,GUM,Established,1,,,,
1987,GUM,Established,2,,,,
2000,GUM,Established,3,,,,
1878,HKG,Established,1,,,,
1981,HKG,Established,2,,,,
2010,HKG,Established,3,,,,
1977,HND,Established,1,,,,
1911,HRV,Established,1,,,,
1928,HRV,Established,2,,,,
1993,HRV,Established,3,,,,
1995,HRV,Established,4,,,,
1996,HRV,Established,6,,,,
2005,HRV,Established,7,,,,
2006,HRV,Established,8,,,,
2008,HRV,Established,9,,,,
2010,HRV,Established,10,,,,
1700,HTI,Established,1,,,,
1907,HTI,Established,2,,,,
1928,HUN,Established,1,,,,
2007,HUN,Established,2,,,,
1827,IDN,Established,1,,,,
1839,IDN,Established,2,,,,
1844,IDN,Established,3,,,,
1845,IDN,Established,4,,,,
1850,IDN,Established,5,,,,
1860,IDN,Established,6,,,,
1861,IDN,Established,7,,,,
1866,IDN,Established,8,,,,
1973,IDN,Established,9,,,,
1980,IDN,Established,10,,,,
1987,IDN,Established,11,,,,
1994,IDN,Established,12,,,,
1998,IDN,Established,13,,,,
2001,IDN,Established,14,,,,
1601,IND,Established,1,,,,
1700,IND,Established,2,,,,
1777,IND,Established,3,,,,
1795,IND,Established,4,,,,
1800,IND,Established,5,,,,
1809,IND,Established,6,,,,
1811,IND,Established,7,,,,
1826,IND,Established,8,,,,
1833,IND,Established,9,,,,
1836,IND,Established,11,,,,
1839,IND,Established,12,,,,
1840,IND,Established,13,,,,
1845,IND,Established,14,,,,
1847,IND,Established,18,,,,
1850,IND,Established,20,,,,
1851,IND,Established,23,,,,
1852,IND,Established,24,,,,
1854,IND,Established,25,,,,
1855,IND,Established,29,,,,
1856,IND,Established,32,,,,
1857,IND,Established,35,,,,
1863,IND,Established,37,,,,
1867,IND,Established,38,,,,
1868,IND,Established,39,,,,
1869,IND,Established,40,,,,
1870,IND,Established,41,,,,
1881,IND,Established,42,,,,
1882,IND,Established,44,,,,
1884,IND,Established,45,,,,
1885,IND,Established,47,,,,
1886,IND,Established,48,,,,
1887,IND,Established,49,,,,
1889,IND,Established,50,,,,
1893,IND,Established,51,,,,
1896,IND,Established,52,,,,
1902,IND,Established,53,,,,
1903,IND,Established,54,,,,
1919,IND,Established,55,,,,
1922,IND,Established,56,,,,
1923,IND,Established,57,,,,
1924,IND,Established,58,,,,
1927,IND,Established,61,,,,
1928,IND,Established,62,,,,
1930,IND,Established,64,,,,
1931,IND,Established,68,,,,
1933,IND,Established,73,,,,
1937,IND,Established,75,,,,
1939,IND,Established,76,,,,
1940,IND,Established,77,,,,
1945,IND,Established,78,,,,
1947,IND,Established,79,,,,
1949,IND,Established,81,,,,
1952,IND,Established,82,,,,
1953,IND,Established,85,,,,
1954,IND,Established,86,,,,
1957,IND,Established,88,,,,
1959,IND,Established,90,,,,
1962,IND,Established,91,,,,
1964,IND,Established,92,,,,
1967,IND,Established,94,,,,
1968,IND,Established,95,,,,
1969,IND,Established,96,,,,
1973,IND,Established,98,,,,
1976,IND,Established,99,,,,
1984,IND,Established,101,,,,
1989,IND,Established,102,,,,
1993,IND,Established,103,,,,
2010,IND,Established,104,,,,
2011,IND,Established,105,,,,
2013,IND,Established,107,,,,
2014,IND,Established,110,,,,
2018,IND,Established,113,,,,
1746,IRL,Established,2,,,,
1750,IRL,Established,3,,,,
1805,IRL,Established,4,,,,
1819,IRL,Established,5,,,,
1825,IRL,Established,6,,,,
1844,IRL,Established,7,,,,
1845,IRL,Established,8,,,,
1864,IRL,Established,9,,,,
1866,IRL,Established,10,,,,
1869,IRL,Established,16,,,,
1871,IRL,Established,17,,,,
1875,IRL,Established,18,,,,
1880,IRL,Established,19,,,,
1882,IRL,Established,20,,,,
1894,IRL,Established,21,,,,
1896,IRL,Established,22,,,,
1898,IRL,Established,23,,,,
1900,IRL,Established,25,,,,
1902,IRL,Established,26,,,,
1904,IRL,Established,27,,,,
1906,IRL,Established,28,,,,
1909,IRL,Established,29,,,,
1946,IRL,Established,30,,,,
1949,IRL,Established,31,,,,
1950,IRL,Established,34,,,,
1959,IRL,Established,35,,,,
1969,IRL,Established,42,,,,
1976,IRL,Established,43,,,,
1978,IRL,Established,45,,,,
1984,IRL,Established,46,,,,
1985,IRL,Established,47,,,,
1986,IRL,Established,55,,,,
1987,IRL,Established,57,,,,
1992,IRL,Established,58,,,,
1999,IRL,Established,62,,,,
2011,IRL,Established,64,,,,
1904,IRN,Established,1,,,,
1927,IRN,Established,2,,,,
1964,IRN,Established,3,,,,
1965,IRN,Established,4,,,,
1972,IRN,Established,6,,,,
1976,IRN,Established,7,,,,
1977,IRN,Established,8,,,,
1979,IRN,Established,12,,,,
1982,IRN,Established,13,,,,
1989,IRN,Established,15,,,,
1990,IRN,Established,16,,,,
1994,IRN,Established,18,,,,
1996,IRN,Established,19,,,,
1997,IRN,Established,20,,,,
2002,IRN,Established,21,,,,
2003,IRN,Established,22,,,,
2004,IRN,Established,23,,,,
2005,IRN,Established,24,,,,
2008,IRN,Established,25,,,,
2010,IRN,Established,27,,,,
2013,IRN,Established,28,,,,
1996,IRQ,Established,1,,,,
1746,ISL,Established,1,,,,
1771,ISL,Established,2,,,,
1808,ISL,Established,3,,,,
1846,ISL,Established,4,,,,
1861,ISL,Established,5,,,,
1875,ISL,Established,6,,,,
1876,ISL,Established,7,,,,
1887,ISL,Established,8,,,,
1888,ISL,Established,9,,,,
1890,ISL,Established,10,,,,
1892,ISL,Established,11,,,,
1893,ISL,Established,13,,,,
1897,ISL,Established,14,,,,
1898,ISL,Established,15,,,,
1900,ISL,Established,22,,,,
1902,ISL,Established,25,,,,
1920,ISL,Established,26,,,,
1922,ISL,Established,29,,,,
1923,ISL,Established,30,,,,
1927,ISL,Established,31,,,,
1928,ISL,Established,32,,,,
1929,ISL,Established,33,,,,
1931,ISL,Established,34,,,,
1933,ISL,Established,36,,,,
1936,ISL,Established,37,,,,
1937,ISL,Established,38,,,,
1938,ISL,Established,40,,,,
1944,ISL,Established,41,,,,
1945,ISL,Established,42,,,,
1948,ISL,Established,44,,,,
1950,ISL,Established,46,,,,
1952,ISL,Established,47,,,,
1955,ISL,Established,49,,,,
1957,ISL,Established,50,,,,
1959,ISL,Established,51,,,,
1963,ISL,Established,52,,,,
1964,ISL,Established,53,,,,
1965,ISL,Established,54,,,,
1966,ISL,Established,55,,,,
1967,ISL,Established,57,,,,
1969,ISL,Established,60,,,,
1970,ISL,Established,65,,,,
1972,ISL,Established,66,,,,
1973,ISL,Established,68,,,,
1976,ISL,Established,69,,,,
1977,ISL,Established,71,,,,
1979,ISL,Established,74,,,,
1980,ISL,Established,75,,,,
1982,ISL,Established,76,,,,
1985,ISL,Established,77,,,,
1986,ISL,Established,79,,,,
1987,ISL,Established,80,,,,
1988,ISL,Established,81,,,,
1990,ISL,Established,82,,,,
1993,ISL,Established,83,,,,
1994,ISL,Established,85,,,,
1997,ISL,Established,88,,,,
1998,ISL,Established,89,,,,
1999,ISL,Established,90,,,,
2000,ISL,Established,91,,,,
2001,ISL,Established,95,,,,
2002,ISL,Established,96,,,,
2005,ISL,Established,98,,,,
2006,ISL,Established,99,,,,
2007,ISL,Established,100,,,,
2008,ISL,Established,101,,,,
2010,ISL,Established,104,,,,
2011,ISL,Established,105,,,,
1964,ISR,Established,1,,,,
1982,ISR,Established,2,,,,
1984,ISR,Established,3,,,,
1986,ISR,Established,4,,,,
1987,ISR,Established,9,,,,
1988,ISR,Established,11,,,,
1994,ISR,Established,12,,,,
1995,ISR,Established,14,,,,
1996,ISR,Established,15,,,,
1865,ITA,Established,1,,,,
1900,ITA,Established,3,,,,
1905,ITA,Established,4,,,,
1927,ITA,Established,5,,,,
1941,ITA,Established,6,,,,
1964,ITA,Established,7,,,,
1966,ITA,Established,8,,,,
1968,ITA,Established,9,,,,
1972,ITA,Established,10,,,,
1976,ITA,Established,11,,,,
1977,ITA,Established,12,,,,
1978,ITA,Established,13,,,,
1988,ITA,Established,14,,,,
1989,ITA,Established,18,,,,
1990,ITA,Established,20,,,,
1991,ITA,Established,21,,,,
1993,ITA,Established,22,,,,
1994,ITA,Established,24,,,,
1995,ITA,Established,28,,,,
1996,ITA,Established,29,,,,
1999,ITA,Established,30,,,,
2003,ITA,Established,31,,,,
2005,ITA,Established,33,,,,
2017,ITA,Established,34,,,,
1893,JAM,Established,1,,,,
1901,JAM,Established,2,,,,
1905,JAM,Established,3,,,,
2007,JOR,Established,1,,,,
2008,JOR,Established,2,,,,
1757,JPN,Established,1,,,,
1853,JPN,Established,9,,,,
1861,JPN,Established,10,,,,
1862,JPN,Established,11,,,,
1863,JPN,Established,12,,,,
1866,JPN,Established,13,,,,
1867,JPN,Established,14,,,,
1876,JPN,Established,15,,,,
1878,JPN,Established,16,,,,
1879,JPN,Established,18,,,,
1880,JPN,Established,19,,,,
1882,JPN,Established,20,,,,
1885,JPN,Established,21,,,,
1888,JPN,Established,24,,,,
1892,JPN,Established,26,,,,
1893,JPN,Established,27,,,,
1899,JPN,Established,34,,,,
1900,JPN,Established,36,,,,
1901,JPN,Established,37,,,,
1903,JPN,Established,41,,,,
1904,JPN,Established,42,,,,
1905,JPN,Established,65,,,,
1906,JPN,Established,68,,,,
1907,JPN,Established,69,,,,
1908,JPN,Established,70,,,,
1909,JPN,Established,74,,,,
1910,JPN,Established,79,,,,
1911,JPN,Established,80,,,,
1912,JPN,Established,84,,,,
1913,JPN,Established,89,,,,
1914,JPN,Established,90,,,,
1915,JPN,Established,96,,,,
1916,JPN,Established,97,,,,
1917,JPN,Established,98,,,,
1919,JPN,Established,99,,,,
1920,JPN,Established,104,,,,
1922,JPN,Established,106,,,,
1923,JPN,Established,109,,,,
1924,JPN,Established,110,,,,
1925,JPN,Established,112,,,,
1926,JPN,Established,118,,,,
1927,JPN,Established,122,,,,
1928,JPN,Established,123,,,,
1929,JPN,Established,129,,,,
1930,JPN,Established,133,,,,
1931,JPN,Established,136,,,,
1932,JPN,Established,137,,,,
1933,JPN,Established,138,,,,
1934,JPN,Established,141,,,,
1935,JPN,Established,143,,,,
1936,JPN,Established,145,,,,
1937,JPN,Established,146,,,,
1938,JPN,Established,148,,,,
1939,JPN,Established,152,,,,
1940,JPN,Established,155,,,,
1943,JPN,Established,156,,,,
1944,JPN,Established,158,,,,
1946,JPN,Established,160,,,,
1947,JPN,Established,161,,,,
1948,JPN,Established,163,,,,
1949,JPN,Established,169,,,,
1950,JPN,Established,174,,,,
1951,JPN,Established,186,,,,
1952,JPN,Established,196,,,,
1953,JPN,Established,200,,,,
1954,JPN,Established,204,,,,
1955,JPN,Established,209,,,,
1956,JPN,Established,217,,,,
1957,JPN,Established,227,,,,
1958,JPN,Established,231,,,,
1959,JPN,Established,238,,,,
1960,JPN,Established,240,,,,
1961,JPN,Established,254,,,,
1962,JPN,Established,261,,,,
1963,JPN,Established,264,,,,
1964,JPN,Established,269,,,,
1965,JPN,Established,276,,,,
1966,JPN,Established,287,,,,
1967,JPN,Established,288,,,,
1968,JPN,Established,294,,,,
1969,JPN,Established,297,,,,
1970,JPN,Established,298,,,,
1971,JPN,Established,307,,,,
1972,JPN,Established,316,,,,
1973,JPN,Established,325,,,,
1974,JPN,Established,331,,,,
1975,JPN,Established,337,,,,
1976,JPN,Established,347,,,,
1977,JPN,Established,351,,,,
1978,JPN,Established,356,,,,
1979,JPN,Established,369,,,,
1980,JPN,Established,375,,,,
1981,JPN,Established,383,,,,
1982,JPN,Established,389,,,,
1983,JPN,Established,392,,,,
1984,JPN,Established,396,,,,
1985,JPN,Established,409,,,,
1986,JPN,Established,417,,,,
1987,JPN,Established,429,,,,
1988,JPN,Established,437,,,,
1989,JPN,Established,438,,,,
1991,JPN,Established,441,,,,
1992,JPN,Established,446,,,,
1993,JPN,Established,449,,,,
1994,JPN,Established,456,,,,
1995,JPN,Established,458,,,,
1996,JPN,Established,464,,,,
1997,JPN,Established,475,,,,
1998,JPN,Established,488,,,,
1999,JPN,Established,498,,,,
2000,JPN,Established,505,,,,
2001,JPN,Established,508,,,,
2002,JPN,Established,510,,,,
2003,JPN,Established,517,,,,
2005,JPN,Established,518,,,,
2006,JPN,Established,521,,,,
2007,JPN,Established,522,,,,
2010,JPN,Established,524,,,,
1912,KAZ,Established,1,,,,
1996,KAZ,Established,2,,,,
1989,KEN,Established,1,,,,
2009,KEN,Established,2,,,,
1996,KGZ,Established,1,,,,
1860,KIR,Established,1,,,,
1936,KIR,Established,3,,,,
1944,KIR,Established,4,,,,
1957,KIR,Established,5,,,,
2007,KNA,Established,5,,,,
1884,KOR,Established,1,,,,
1886,KOR,Established,4,,,,
1900,KOR,Established,5,,,,
1917,KOR,Established,6,,,,
1934,KOR,Established,7,,,,
1957,KOR,Established,9,,,,
1966,KOR,Established,10,,,,
1971,KOR,Established,11,,,,
1979,KOR,Established,12,,,,
1984,KOR,Established,13,,,,
1992,KOR,Established,15,,,,
1996,KOR,Established,16,,,,
1979,KWT,Established,1,,,,
1996,KWT,Established,2,,,,
1996,LAO,Established,1,,,,
2005,LAO,Established,2,,,,
1996,LBN,Established,1,,,,
1913,LBR,Established,1,,,,
1996,LBR,Established,2,,,,
1996,LBY,Established,1,,,,
1912,LCA,Established,1,,,,
1920,LCA,Established,2,,,,
1972,LCA,Established,3,,,,
2003,LCA,Established,5,,,,
1927,LIE,Established,1,,,,
1893,LKA,Established,2,,,,
1888,LSO,Established,1,,,,
1791,LTU,Established,9,,,,
1822,LTU,Established,10,,,,
1823,LTU,Established,11,,,,
1824,LTU,Established,13,,,,
1826,LTU,Established,14,,,,
1827,LTU,Established,15,,,,
1830,LTU,Established,17,,,,
1844,LTU,Established,18,,,,
1848,LTU,Established,21,,,,
1873,LTU,Established,22,,,,
1879,LTU,Established,23,,,,
1882,LTU,Established,24,,,,
1883,LTU,Established,25,,,,
1884,LTU,Established,29,,,,
1885,LTU,Established,35,,,,
1886,LTU,Established,37,,,,
1888,LTU,Established,38,,,,
1889,LTU,Established,39,,,,
1890,LTU,Established,45,,,,
1897,LTU,Established,46,,,,
1900,LTU,Established,47,,,,
1902,LTU,Established,51,,,,
1903,LTU,Established,52,,,,
1916,LTU,Established,53,,,,
1920,LTU,Established,54,,,,
1925,LTU,Established,55,,,,
1926,LTU,Established,56,,,,
1930,LTU,Established,57,,,,
1933,LTU,Established,60,,,,
1934,LTU,Established,61,,,,
1935,LTU,Established,62,,,,
1936,LTU,Established,64,,,,
1939,LTU,Established,65,,,,
1945,LTU,Established,66,,,,
1946,LTU,Established,68,,,,
1947,LTU,Established,69,,,,
1948,LTU,Established,71,,,,
1949,LTU,Established,73,,,,
1950,LTU,Established,74,,,,
1951,LTU,Established,75,,,,
1953,LTU,Established,76,,,,
1954,LTU,Established,81,,,,
1955,LTU,Established,87,,,,
1956,LTU,Established,88,,,,
1957,LTU,Established,89,,,,
1958,LTU,Established,90,,,,
1959,LTU,Established,92,,,,
1960,LTU,Established,95,,,,
1962,LTU,Established,100,,,,
1964,LTU,Established,101,,,,
1967,LTU,Established,104,,,,
1970,LTU,Established,105,,,,
1971,LTU,Established,107,,,,
1972,LTU,Established,109,,,,
1973,LTU,Established,110,,,,
1974,LTU,Established,111,,,,
1976,LTU,Established,117,,,,
1982,LTU,Established,118,,,,
1984,LTU,Established,120,,,,
1987,LTU,Established,126,,,,
1988,LTU,Established,133,,,,
1989,LTU,Established,137,,,,
1990,LTU,Established,153,,,,
1991,LTU,Established,158,,,,
1992,LTU,Established,162,,,,
1993,LTU,Established,163,,,,
1994,LTU,Established,165,,,,
1995,LTU,Established,168,,,,
1996,LTU,Established,173,,,,
1997,LTU,Established,174,,,,
1750,LUX,Established,1,,,,
1927,LUX,Established,2,,,,
1996,LUX,Established,3,,,,
2000,LUX,Established,4,,,,
1700,LVA,Established,1,,,,
1753,LVA,Established,2,,,,
1778,LVA,Established,3,,,,
1784,LVA,Established,4,,,,
1803,LVA,Established,5,,,,
1825,LVA,Established,6,,,,
1839,LVA,Established,12,,,,
1846,LVA,Established,13,,,,
1852,LVA,Established,24,,,,
1853,LVA,Established,25,,,,
1854,LVA,Established,26,,,,
1856,LVA,Established,27,,,,
1859,LVA,Established,28,,,,
1862,LVA,Established,30,,,,
1866,LVA,Established,31,,,,
1870,LVA,Established,32,,,,
1873,LVA,Established,33,,,,
1874,LVA,Established,34,,,,
1882,LVA,Established,35,,,,
1888,LVA,Established,37,,,,
1892,LVA,Established,38,,,,
1893,LVA,Established,39,,,,
1894,LVA,Established,40,,,,
1895,LVA,Established,42,,,,
1898,LVA,Established,45,,,,
1901,LVA,Established,46,,,,
1903,LVA,Established,47,,,,
1905,LVA,Established,48,,,,
1909,LVA,Established,49,,,,
1914,LVA,Established,51,,,,
1921,LVA,Established,53,,,,
1925,LVA,Established,54,,,,
1926,LVA,Established,55,,,,
1930,LVA,Established,56,,,,
1931,LVA,Established,57,,,,
1932,LVA,Established,58,,,,
1937,LVA,Established,59,,,,
1939,LVA,Established,60,,,,
1950,LVA,Established,63,,,,
1954,LVA,Established,64,,,,
1955,LVA,Established,65,,,,
1960,LVA,Established,66,,,,
1961,LVA,Established,67,,,,
1970,LVA,Established,68,,,,
1971,LVA,Established,70,,,,
1973,LVA,Established,71,,,,
1976,LVA,Established,74,,,,
1978,LVA,Established,75,,,,
1980,LVA,Established,76,,,,
1981,LVA,Established,77,,,,
1983,LVA,Established,78,,,,
1987,LVA,Established,79,,,,
1989,LVA,Established,80,,,,
1990,LVA,Established,81,,,,
1996,MCO,Established,1,,,,
1998,MCO,Established,2,,,,
1850,MDA,Established,1,,,,
1890,MDA,Established,2,,,,
1928,MDA,Established,3,,,,
1959,MDA,Established,4,,,,
1996,MDA,Established,5,,,,
1823,MDG,Established,1,,,,
1826,MDG,Established,2,,,,
1834,MDG,Established,4,,,,
1837,MDG,Established,7,,,,
1838,MDG,Established,9,,,,
1840,MDG,Established,11,,,,
1841,MDG,Established,13,,,,
1843,MDG,Established,14,,,,
1846,MDG,Established,15,,,,
1847,MDG,Established,22,,,,
1848,MDG,Established,27,,,,
1849,MDG,Established,29,,,,
1851,MDG,Established,33,,,,
1862,MDG,Established,34,,,,
1869,MDG,Established,37,,,,
1870,MDG,Established,38,,,,
1879,MDG,Established,47,,,,
1880,MDG,Established,58,,,,
1881,MDG,Established,65,,,,
1887,MDG,Established,68,,,,
1889,MDG,Established,71,,,,
1890,MDG,Established,72,,,,
1891,MDG,Established,73,,,,
1893,MDG,Established,74,,,,
1894,MDG,Established,75,,,,
1895,MDG,Established,77,,,,
1897,MDG,Established,78,,,,
1898,MDG,Established,79,,,,
1899,MDG,Established,80,,,,
1900,MDG,Established,81,,,,
1901,MDG,Established,83,,,,
1903,MDG,Established,86,,,,
1905,MDG,Established,94,,,,
1906,MDG,Established,103,,,,
1907,MDG,Established,104,,,,
1908,MDG,Established,105,,,,
1909,MDG,Established,107,,,,
1910,MDG,Established,108,,,,
1911,MDG,Established,112,,,,
1912,MDG,Established,119,,,,
1913,MDG,Established,121,,,,
1914,MDG,Established,122,,,,
1920,MDG,Established,124,,,,
1921,MDG,Established,126,,,,
1924,MDG,Established,133,,,,
1926,MDG,Established,136,,,,
1927,MDG,Established,137,,,,
1928,MDG,Established,138,,,,
1930,MDG,Established,142,,,,
1932,MDG,Established,143,,,,
1933,MDG,Established,144,,,,
1935,MDG,Established,145,,,,
1938,MDG,Established,147,,,,
1939,MDG,Established,149,,,,
1940,MDG,Established,150,,,,
1941,MDG,Established,151,,,,
1942,MDG,Established,153,,,,
1943,MDG,Established,155,,,,
1946,MDG,Established,156,,,,
1948,MDG,Established,157,,,,
1950,MDG,Established,158,,,,
1951,MDG,Established,164,,,,
1952,MDG,Established,165,,,,
1953,MDG,Established,168,,,,
1954,MDG,Established,170,,,,
1955,MDG,Established,173,,,,
1956,MDG,Established,174,,,,
1957,MDG,Established,176,,,,
1958,MDG,Established,177,,,,
1959,MDG,Established,179,,,,
1961,MDG,Established,180,,,,
1963,MDG,Established,183,,,,
1967,MDG,Established,184,,,,
1969,MDG,Established,185,,,,
1970,MDG,Established,186,,,,
1974,MDG,Established,189,,,,
1975,MDG,Established,199,,,,
1983,MDG,Established,201,,,,
1984,MDG,Established,210,,,,
1985,MDG,Established,212,,,,
1986,MDG,Established,214,,,,
1987,MDG,Established,216,,,,
1989,MDG,Established,219,,,,
1990,MDG,Established,221,,,,
1991,MDG,Established,222,,,,
1992,MDG,Established,223,,,,
1993,MDG,Established,228,,,,
1994,MDG,Established,233,,,,
1996,MDG,Established,234,,,,
1997,MDG,Established,236,,,,
1998,MDG,Established,238,,,,
1999,MDG,Established,243,,,,
2001,MDG,Established,246,,,,
2003,MDG,Established,247,,,,
2004,MDG,Established,250,,,,
2005,MDG,Established,252,,,,
2007,MDG,Established,253,,,,
2010,MDG,Established,254,,,,
2013,MDG,Established,255,,,,
2014,MDG,Established,257,,,,
2015,MDG,Established,260,,,,
1984,MDV,Established,1,,,,
1907,MEX,Established,1,,,,
1938,MEX,Established,2,,,,
1950,MEX,Established,3,,,,
1972,MEX,Established,4,,,,
1979,MEX,Established,6,,,,
1993,MEX,Established,8,,,,
1995,MEX,Established,9,,,,
1997,MEX,Established,10,,,,
1998,MEX,Established,11,,,,
2001,MEX,Established,13,,,,
2005,MEX,Established,15,,,,
2007,MEX,Established,22,,,,
2008,MEX,Established,23,,,,
2010,MEX,Established,24,,,,
2013,MEX,Established,25,,,,
1937,MHL,Established,1,,,,
1949,MHL,Established,2,,,,
1750,MKD,Established,1,,,,
1996,MKD,Established,2,,,,
1811,MLT,Established,1,,,,
1950,MLT,Established,2,,,,
1973,MLT,Established,3,,,,
1997,MLT,Established,4,,,,
1889,MMR,Established,1,,,,
1996,MMR,Established,2,,,,
1996,MNE,Established,1,,,,
2007,MNE,Established,2,,,,
1996,MNG,Established,1,,,,
1961,MRT,Established,1,,,,
1996,MRT,Established,2,,,,
2005,MSR,Established,1,,,,
1920,MTQ,Established,1,,,,
2010,MTQ,Established,2,,,,
1639,MUS,Established,1,,,,
1773,MUS,Established,2,,,,
1790,MUS,Established,3,,,,
1900,MUS,Established,4,,,,
1946,MUS,Established,7,,,,
1834,MYS,Established,1,,,,
1869,MYS,Established,2,,,,
1883,MYS,Established,3,,,,
1890,MYS,Established,5,,,,
1893,MYS,Established,6,,,,
1949,MYS,Established,7,,,,
1950,MYS,Established,8,,,,
1956,MYS,Established,12,,,,
1962,MYS,Established,13,,,,
1964,MYS,Established,14,,,,
1965,MYS,Established,15,,,,
1967,MYS,Established,16,,,,
1969,MYS,Established,17,,,,
1976,MYS,Established,18,,,,
1978,MYS,Established,19,,,,
1982,MYS,Established,20,,,,
2003,MYT,Established,5,,,,
2004,MYT,Established,6,,,,
1970,NAM,Established,1,,,,
1985,NAM,Established,2,,,,
1939,NCL,Established,1,,,,
1996,NER,Established,1,,,,
1895,NFK,Established,1,,,,
1913,NFK,Established,3,,,,
1920,NFK,Established,4,,,,
1939,NFK,Established,5,,,,
1914,NGA,Established,1,,,,
1978,NGA,Established,2,,,,
1996,NGA,Established,3,,,,
1977,NIC,Established,1,,,,
1993,NIC,Established,2,,,,
1964,NIU,Established,5,,,,
1967,NIU,Established,7,,,,
2001,NIU,Established,12,,,,
1699,NLD,Established,1,,,,
1760,NLD,Established,3,,,,
1771,NLD,Established,4,,,,
1781,NLD,Established,5,,,,
1799,NLD,Established,9,,,,
1809,NLD,Established,10,,,,
1811,NLD,Established,11,,,,
1821,NLD,Established,14,,,,
1822,NLD,Established,15,,,,
1825,NLD,Established,18,,,,
1826,NLD,Established,19,,,,
1827,NLD,Established,20,,,,
1832,NLD,Established,23,,,,
1835,NLD,Established,25,,,,
1836,NLD,Established,26,,,,
1837,NLD,Established,27,,,,
1838,NLD,Established,30,,,,
1840,NLD,Established,31,,,,
1843,NLD,Established,32,,,,
1845,NLD,Established,33,,,,
1846,NLD,Established,34,,,,
1847,NLD,Established,35,,,,
1850,NLD,Established,36,,,,
1853,NLD,Established,37,,,,
1868,NLD,Established,40,,,,
1873,NLD,Established,41,,,,
1878,NLD,Established,43,,,,
1882,NLD,Established,44,,,,
1885,NLD,Established,47,,,,
1886,NLD,Established,49,,,,
1888,NLD,Established,50,,,,
1894,NLD,Established,51,,,,
1896,NLD,Established,52,,,,
1897,NLD,Established,53,,,,
1898,NLD,Established,54,,,,
1899,NLD,Established,65,,,,
1900,NLD,Established,67,,,,
1901,NLD,Established,68,,,,
1904,NLD,Established,70,,,,
1905,NLD,Established,71,,,,
1907,NLD,Established,73,,,,
1909,NLD,Established,75,,,,
1910,NLD,Established,76,,,,
1911,NLD,Established,77,,,,
1912,NLD,Established,79,,,,
1913,NLD,Established,82,,,,
1914,NLD,Established,83,,,,
1915,NLD,Established,85,,,,
1918,NLD,Established,86,,,,
1921,NLD,Established,87,,,,
1922,NLD,Established,88,,,,
1926,NLD,Established,89,,,,
1929,NLD,Established,90,,,,
1931,NLD,Established,91,,,,
1933,NLD,Established,92,,,,
1936,NLD,Established,93,,,,
1940,NLD,Established,94,,,,
1944,NLD,Established,97,,,,
1948,NLD,Established,98,,,,
1949,NLD,Established,99,,,,
1952,NLD,Established,100,,,,
1955,NLD,Established,101,,,,
1956,NLD,Established,102,,,,
1957,NLD,Established,103,,,,
1959,NLD,Established,104,,,,
1960,NLD,Established,105,,,,
1962,NLD,Established,106,,,,
1968,NLD,Established,108,,,,
1969,NLD,Established,109,,,,
1978,NLD,Established,110,,,,
1980,NLD,Established,111,,,,
1982,NLD,Established,112,,,,
1983,NLD,Established,114,,,,
1984,NLD,Established,115,,,,
1985,NLD,Established,116,,,,
1986,NLD,Established,117,,,,
1989,NLD,Established,119,,,,
1990,NLD,Established,120,,,,
1993,NLD,Established,121,,,,
1994,NLD,Established,124,,,,
1995,NLD,Established,125,,,,
1996,NLD,Established,126,,,,
1997,NLD,Established,127,,,,
1998,NLD,Established,128,,,,
1999,NLD,Established,129,,,,
2003,NLD,Established,134,,,,
2005,NLD,Established,135,,,,
2007,NLD,Established,136,,,,
2008,NLD,Established,137,,,,
1579,NOR,Established,1,,,,
1754,NOR,Established,2,,,,
1766,NOR,Established,3,,,,
1790,NOR,Established,4,,,,
1800,NOR,Established,12,,,,
1803,NOR,Established,13,,,,
1820,NOR,Established,24,,,,
1821,NOR,Established,29,,,,
1826,NOR,Established,34,,,,
1827,NOR,Established,37,,,,
1828,NOR,Established,38,,,,
1829,NOR,Established,41,,,,
1831,NOR,Established,42,,,,
1832,NOR,Established,44,,,,
1833,NOR,Established,45,,,,
1834,NOR,Established,46,,,,
1840,NOR,Established,51,,,,
1842,NOR,Established,54,,,,
1843,NOR,Established,55,,,,
1847,NOR,Established,56,,,,
1848,NOR,Established,58,,,,
1850,NOR,Established,66,,,,
1853,NOR,Established,69,,,,
1857,NOR,Established,73,,,,
1858,NOR,Established,74,,,,
1860,NOR,Established,81,,,,
1861,NOR,Established,85,,,,
1862,NOR,Established,92,,,,
1864,NOR,Established,93,,,,
1865,NOR,Established,95,,,,
1866,NOR,Established,97,,,,
1867,NOR,Established,99,,,,
1868,NOR,Established,100,,,,
1869,NOR,Established,101,,,,
1870,NOR,Established,106,,,,
1871,NOR,Established,115,,,,
1872,NOR,Established,118,,,,
1873,NOR,Established,124,,,,
1874,NOR,Established,125,,,,
1875,NOR,Established,132,,,,
1876,NOR,Established,136,,,,
1878,NOR,Established,140,,,,
1879,NOR,Established,145,,,,
1880,NOR,Established,148,,,,
1881,NOR,Established,149,,,,
1882,NOR,Established,153,,,,
1884,NOR,Established,154,,,,
1885,NOR,Established,157,,,,
1886,NOR,Established,160,,,,
1887,NOR,Established,161,,,,
1888,NOR,Established,163,,,,
1889,NOR,Established,164,,,,
1890,NOR,Established,171,,,,
1891,NOR,Established,173,,,,
1892,NOR,Established,176,,,,
1893,NOR,Established,177,,,,
1894,NOR,Established,179,,,,
1895,NOR,Established,182,,,,
1896,NOR,Established,186,,,,
1897,NOR,Established,188,,,,
1900,NOR,Established,206,,,,
1901,NOR,Established,207,,,,
1902,NOR,Established,208,,,,
1904,NOR,Established,211,,,,
1905,NOR,Established,215,,,,
1906,NOR,Established,218,,,,
1908,NOR,Established,220,,,,
1910,NOR,Established,221,,,,
1911,NOR,Established,223,,,,
1912,NOR,Established,227,,,,
1913,NOR,Established,229,,,,
1914,NOR,Established,231,,,,
1915,NOR,Established,232,,,,
1916,NOR,Established,233,,,,
1917,NOR,Established,234,,,,
1918,NOR,Established,239,,,,
1920,NOR,Established,242,,,,
1921,NOR,Established,243,,,,
1922,NOR,Established,245,,,,
1924,NOR,Established,248,,,,
1925,NOR,Established,250,,,,
1926,NOR,Established,251,,,,
1927,NOR,Established,253,,,,
1928,NOR,Established,257,,,,
1930,NOR,Established,262,,,,
1931,NOR,Established,263,,,,
1932,NOR,Established,265,,,,
1933,NOR,Established,266,,,,
1934,NOR,Established,267,,,,
1935,NOR,Established,268,,,,
1936,NOR,Established,270,,,,
1937,NOR,Established,272,,,,
1939,NOR,Established,275,,,,
1940,NOR,Established,277,,,,
1941,NOR,Established,280,,,,
1942,NOR,Established,284,,,,
1943,NOR,Established,286,,,,
1945,NOR,Established,288,,,,
1946,NOR,Established,289,,,,
1947,NOR,Established,292,,,,
1948,NOR,Established,297,,,,
1950,NOR,Established,305,,,,
1951,NOR,Established,308,,,,
1953,NOR,Established,311,,,,
1954,NOR,Established,313,,,,
1955,NOR,Established,316,,,,
1956,NOR,Established,317,,,,
1957,NOR,Established,318,,,,
1960,NOR,Established,326,,,,
1961,NOR,Established,327,,,,
1962,NOR,Established,328,,,,
1964,NOR,Established,330,,,,
1966,NOR,Established,333,,,,
1967,NOR,Established,336,,,,
1968,NOR,Established,338,,,,
1969,NOR,Established,339,,,,
1970,NOR,Established,341,,,,
1971,NOR,Established,345,,,,
1973,NOR,Established,347,,,,
1974,NOR,Established,348,,,,
1975,NOR,Established,349,,,,
1976,NOR,Established,350,,,,
1977,NOR,Established,353,,,,
1978,NOR,Established,355,,,,
1979,NOR,Established,356,,,,
1980,NOR,Established,364,,,,
1982,NOR,Established,365,,,,
1985,NOR,Established,366,,,,
1986,NOR,Established,368,,,,
1987,NOR,Established,370,,,,
1988,NOR,Established,371,,,,
1989,NOR,Established,374,,,,
1990,NOR,Established,381,,,,
1991,NOR,Established,383,,,,
1992,NOR,Established,384,,,,
1993,NOR,Established,385,,,,
1994,NOR,Established,390,,,,
1995,NOR,Established,394,,,,
1996,NOR,Established,397,,,,
1997,NOR,Established,399,,,,
1998,NOR,Established,401,,,,
1999,NOR,Established,405,,,,
2000,NOR,Established,411,,,,
2001,NOR,Established,418,,,,
2002,NOR,Established,420,,,,
2003,NOR,Established,422,,,,
2005,NOR,Established,427,,,,
2007,NOR,Established,430,,,,
2008,NOR,Established,433,,,,
2010,NOR,Established,439,,,,
2011,NOR,Established,440,,,,
2013,NOR,Established,441,,,,
2015,NOR,Established,442,,,,
2016,NOR,Established,443,,,,
1996,NPL,Established,1,,,,
1816,NZL,Established,1,,,,
1820,NZL,Established,2,,,,
1842,NZL,Established,3,,,,
1864,NZL,Established,4,,,,
1866,NZL,Established,5,,,,
1867,NZL,Established,8,,,,
1868,NZL,Established,11,,,,
1869,NZL,Established,13,,,,
1870,NZL,Established,17,,,,
1871,NZL,Established,19,,,,
1873,NZL,Established,20,,,,
1877,NZL,Established,21,,,,
1878,NZL,Established,24,,,,
1879,NZL,Established,27,,,,
1887,NZL,Established,28,,,,
1899,NZL,Established,29,,,,
1903,NZL,Established,30,,,,
1905,NZL,Established,31,,,,
1906,NZL,Established,32,,,,
1907,NZL,Established,33,,,,
1915,NZL,Established,34,,,,
1919,NZL,Established,35,,,,
1922,NZL,Established,36,,,,
1932,NZL,Established,37,,,,
1940,NZL,Established,40,,,,
1944,NZL,Established,41,,,,
1954,NZL,Established,43,,,,
1955,NZL,Established,44,,,,
1957,NZL,Established,50,,,,
1959,NZL,Established,51,,,,
1965,NZL,Established,52,,,,
1966,NZL,Established,53,,,,
1968,NZL,Established,54,,,,
1969,NZL,Established,55,,,,
1974,NZL,Established,56,,,,
1975,NZL,Established,57,,,,
1976,NZL,Established,58,,,,
1979,NZL,Established,59,,,,
1981,NZL,Established,60,,,,
1983,NZL,Established,61,,,,
1985,NZL,Established,62,,,,
1990,NZL,Established,63,,,,
1991,NZL,Established,64,,,,
1997,NZL,Established,65,,,,
1954,OMN,Established,1,,,,
1996,OMN,Established,2,,,,
2002,OMN,Established,3,,,,
1996,PAK,Established,1,,,,
1511,PER,Established,1,,,,
1544,PER,Established,2,,,,
1974,PER,Established,3,,,,
1999,PER,Established,4,,,,
1780,PHL,Established,1,,,,
1813,PHL,Established,2,,,,
1819,PHL,Established,4,,,,
1829,PHL,Established,5,,,,
1834,PHL,Established,6,,,,
1838,PHL,Established,16,,,,
1841,PHL,Established,17,,,,
1850,PHL,Established,19,,,,
1853,PHL,Established,20,,,,
1859,PHL,Established,21,,,,
1880,PHL,Established,22,,,,
1891,PHL,Established,23,,,,
1892,PHL,Established,24,,,,
1901,PHL,Established,26,,,,
1902,PHL,Established,33,,,,
1903,PHL,Established,39,,,,
1904,PHL,Established,41,,,,
1905,PHL,Established,42,,,,
1907,PHL,Established,43,,,,
1909,PHL,Established,46,,,,
1910,PHL,Established,49,,,,
1911,PHL,Established,51,,,,
1914,PHL,Established,52,,,,
1916,PHL,Established,53,,,,
1949,PHL,Established,54,,,,
1953,PHL,Established,55,,,,
1981,PHL,Established,56,,,,
1992,PHL,Established,57,,,,
2006,PHL,Established,59,,,,
1938,PLW,Established,1,,,,
1947,PLW,Established,2,,,,
1951,PLW,Established,3,,,,
2000,PLW,Established,4,,,,
2006,PLW,Established,5,,,,
1548,POL,Established,1,,,,
1550,POL,Established,2,,,,
1600,POL,Established,3,,,,
1613,POL,Established,5,,,,
1650,POL,Established,7,,,,
1651,POL,Established,8,,,,
1652,POL,Established,9,,,,
1730,POL,Established,11,,,,
1741,POL,Established,12,,,,
1750,POL,Established,15,,,,
1787,POL,Established,16,,,,
1798,POL,Established,17,,,,
1800,POL,Established,18,,,,
1801,POL,Established,20,,,,
1805,POL,Established,26,,,,
1806,POL,Established,29,,,,
1807,POL,Established,32,,,,
1808,POL,Established,34,,,,
1809,POL,Established,35,,,,
1811,POL,Established,37,,,,
1813,POL,Established,44,,,,
1817,POL,Established,47,,,,
1818,POL,Established,48,,,,
1820,POL,Established,49,,,,
1822,POL,Established,50,,,,
1824,POL,Established,58,,,,
1825,POL,Established,62,,,,
1826,POL,Established,63,,,,
1827,POL,Established,64,,,,
1828,POL,Established,65,,,,
1833,POL,Established,67,,,,
1836,POL,Established,69,,,,
1837,POL,Established,78,,,,
1838,POL,Established,79,,,,
1839,POL,Established,81,,,,
1840,POL,Established,83,,,,
1841,POL,Established,85,,,,
1843,POL,Established,86,,,,
1846,POL,Established,87,,,,
1847,POL,Established,90,,,,
1849,POL,Established,91,,,,
1850,POL,Established,95,,,,
1851,POL,Established,96,,,,
1853,POL,Established,97,,,,
1854,POL,Established,98,,,,
1857,POL,Established,100,,,,
1858,POL,Established,102,,,,
1859,POL,Established,105,,,,
1860,POL,Established,107,,,,
1862,POL,Established,111,,,,
1863,POL,Established,112,,,,
1865,POL,Established,113,,,,
1866,POL,Established,115,,,,
1868,POL,Established,117,,,,
1869,POL,Established,119,,,,
1870,POL,Established,120,,,,
1871,POL,Established,121,,,,
1872,POL,Established,127,,,,
1873,POL,Established,129,,,,
1874,POL,Established,130,,,,
1876,POL,Established,131,,,,
1877,POL,Established,134,,,,
1878,POL,Established,135,,,,
1879,POL,Established,139,,,,
1880,POL,Established,141,,,,
1881,POL,Established,143,,,,
1882,POL,Established,144,,,,
1884,POL,Established,147,,,,
1885,POL,Established,148,,,,
1888,POL,Established,149,,,,
1889,POL,Established,150,,,,
1890,POL,Established,151,,,,
1894,POL,Established,152,,,,
1896,POL,Established,154,,,,
1897,POL,Established,155,,,,
1898,POL,Established,157,,,,
1899,POL,Established,159,,,,
1900,POL,Established,163,,,,
1901,POL,Established,164,,,,
1902,POL,Established,166,,,,
1903,POL,Established,168,,,,
1905,POL,Established,169,,,,
1906,POL,Established,170,,,,
1907,POL,Established,172,,,,
1908,POL,Established,173,,,,
1911,POL,Established,178,,,,
1912,POL,Established,180,,,,
1913,POL,Established,181,,,,
1914,POL,Established,182,,,,
1917,POL,Established,183,,,,
1920,POL,Established,184,,,,
1924,POL,Established,185,,,,
1925,POL,Established,186,,,,
1928,POL,Established,189,,,,
1929,POL,Established,192,,,,
1931,POL,Established,193,,,,
1933,POL,Established,194,,,,
1934,POL,Established,195,,,,
1936,POL,Established,198,,,,
1937,POL,Established,203,,,,
1942,POL,Established,204,,,,
1947,POL,Established,205,,,,
1950,POL,Established,209,,,,
1953,POL,Established,210,,,,
1955,POL,Established,211,,,,
1956,POL,Established,212,,,,
1957,POL,Established,213,,,,
1958,POL,Established,215,,,,
1959,POL,Established,216,,,,
1961,POL,Established,217,,,,
1962,POL,Established,219,,,,
1963,POL,Established,223,,,,
1964,POL,Established,224,,,,
1966,POL,Established,225,,,,
1967,POL,Established,226,,,,
1968,POL,Established,228,,,,
1969,POL,Established,231,,,,
1973,POL,Established,234,,,,
1974,POL,Established,236,,,,
1979,POL,Established,237,,,,
1980,POL,Established,238,,,,
1984,POL,Established,239,,,,
1985,POL,Established,240,,,,
1988,POL,Established,241,,,,
1989,POL,Established,243,,,,
1991,POL,Established,246,,,,
1994,POL,Established,249,,,,
1995,POL,Established,252,,,,
1999,POL,Established,253,,,,
2000,POL,Established,255,,,,
2001,POL,Established,256,,,,
2003,POL,Established,258,,,,
2005,POL,Established,259,,,,
2006,POL,Established,260,,,,
2007,POL,Established,261,,,,
2011,POL,Established,262,,,,
1880,PRI,Established,1,,,,
1960,PRI,Established,3,,,,
1971,PRI,Established,4,,,,
1972,PRI,Established,5,,,,
1981,PRI,Established,6,,,,
1998,PRI,Established,7,,,,
1854,PRK,Established,1,,,,
1863,PRK,Established,3,,,,
1879,PRK,Established,4,,,,
1880,PRK,Established,5,,,,
1882,PRK,Established,6,,,,
1883,PRK,Established,7,,,,
1884,PRK,Established,8,,,,
1885,PRK,Established,9,,,,
1886,PRK,Established,16,,,,
1889,PRK,Established,17,,,,
1891,PRK,Established,18,,,,
1897,PRK,Established,24,,,,
1900,PRK,Established,27,,,,
1902,PRK,Established,31,,,,
1906,PRK,Established,33,,,,
1909,PRK,Established,35,,,,
1910,PRK,Established,36,,,,
1912,PRK,Established,38,,,,
1913,PRK,Established,41,,,,
1916,PRK,Established,42,,,,
1917,PRK,Established,43,,,,
1918,PRK,Established,44,,,,
1919,PRK,Established,45,,,,
1922,PRK,Established,51,,,,
1925,PRK,Established,52,,,,
1928,PRK,Established,53,,,,
1934,PRK,Established,54,,,,
1935,PRK,Established,56,,,,
1936,PRK,Established,57,,,,
1938,PRK,Established,58,,,,
1952,PRK,Established,59,,,,
1972,PRK,Established,60,,,,
1974,PRK,Established,63,,,,
1976,PRK,Established,67,,,,
1984,PRK,Established,68,,,,
1986,PRK,Established,69,,,,
1993,PRK,Established,70,,,,
1996,PRK,Established,71,,,,
1999,PRK,Established,77,,,,
2001,PRK,Established,78,,,,
2002,PRK,Established,79,,,,
2003,PRK,Established,81,,,,
2009,PRK,Established,84,,,,
1661,PRT,Established,1,,,,
1804,PRT,Established,13,,,,
1846,PRT,Established,14,,,,
1867,PRT,Established,16,,,,
1868,PRT,Established,17,,,,
1875,PRT,Established,18,,,,
1876,PRT,Established,19,,,,
1880,PRT,Established,22,,,,
1884,PRT,Established,26,,,,
1885,PRT,Established,28,,,,
1886,PRT,Established,29,,,,
1887,PRT,Established,30,,,,
1890,PRT,Established,31,,,,
1891,PRT,Established,33,,,,
1892,PRT,Established,36,,,,
1896,PRT,Established,37,,,,
1897,PRT,Established,40,,,,
1898,PRT,Established,42,,,,
1899,PRT,Established,43,,,,
1900,PRT,Established,46,,,,
1902,PRT,Established,48,,,,
1906,PRT,Established,49,,,,
1907,PRT,Established,51,,,,
1909,PRT,Established,52,,,,
1910,PRT,Established,54,,,,
1911,PRT,Established,56,,,,
1912,PRT,Established,59,,,,
1913,PRT,Established,61,,,,
1916,PRT,Established,62,,,,
1927,PRT,Established,63,,,,
1928,PRT,Established,64,,,,
1932,PRT,Established,65,,,,
1935,PRT,Established,66,,,,
1938,PRT,Established,68,,,,
1939,PRT,Established,72,,,,
1940,PRT,Established,74,,,,
1941,PRT,Established,76,,,,
1944,PRT,Established,77,,,,
1945,PRT,Established,79,,,,
1946,PRT,Established,81,,,,
1947,PRT,Established,83,,,,
1948,PRT,Established,84,,,,
1951,PRT,Established,85,,,,
1952,PRT,Established,90,,,,
1953,PRT,Established,91,,,,
1954,PRT,Established,94,,,,
1956,PRT,Established,97,,,,
1957,PRT,Established,100,,,,
1958,PRT,Established,102,,,,
1960,PRT,Established,104,,,,
1961,PRT,Established,107,,,,
1962,PRT,Established,108,,,,
1963,PRT,Established,111,,,,
1965,PRT,Established,114,,,,
1967,PRT,Established,117,,,,
1968,PRT,Established,120,,,,
1970,PRT,Established,121,,,,
1971,PRT,Established,124,,,,
1972,PRT,Established,125,,,,
1973,PRT,Established,126,,,,
1974,PRT,Established,127,,,,
1976,PRT,Established,129,,,,
1978,PRT,Established,130,,,,
1980,PRT,Established,131,,,,
1982,PRT,Established,132,,,,
1983,PRT,Established,133,,,,
1984,PRT,Established,135,,,,
1987,PRT,Established,137,,,,
1990,PRT,Established,139,,,,
1993,PRT,Established,140,,,,
1994,PRT,Established,142,,,,
1996,PRT,Established,144,,,,
1997,PRT,Established,147,,,,
1998,PRT,Established,149,,,,
1999,PRT,Established,152,,,,
2000,PRT,Established,153,,,,
2003,PRT,Established,154,,,,
2009,PRT,Established,155,,,,
2011,PRT,Established,156,,,,
2007,PRY,Established,1,,,,
1996,PSE,Established,1,,,,
2007,PSE,Established,2,,,,
2008,PSE,Established,3,,,,
1927,PYF,Established,1,,,,
1930,PYF,Established,2,,,,
1938,PYF,Established,4,,,,
1939,PYF,Established,5,,,,
1940,PYF,Established,6,,,,
1993,QAT,Established,1,,,,
1996,QAT,Established,2,,,,
1800,ROU,Established,1,,,,
1816,ROU,Established,3,,,,
1853,ROU,Established,4,,,,
1876,ROU,Established,5,,,,
1878,ROU,Established,6,,,,
1887,ROU,Established,7,,,,
1890,ROU,Established,8,,,,
1909,ROU,Established,9,,,,
1912,ROU,Established,10,,,,
1931,ROU,Established,11,,,,
1935,ROU,Established,12,,,,
1938,ROU,Established,13,,,,
1952,ROU,Established,15,,,,
1953,ROU,Established,18,,,,
1955,ROU,Established,19,,,,
1957,ROU,Established,21,,,,
1958,ROU,Established,23,,,,
1960,ROU,Established,25,,,,
1965,ROU,Established,27,,,,
1966,ROU,Established,28,,,,
1968,ROU,Established,30,,,,
1969,ROU,Established,31,,,,
1970,ROU,Established,33,,,,
1971,ROU,Established,34,,,,
1972,ROU,Established,36,,,,
1974,ROU,Established,37,,,,
1976,ROU,Established,38,,,,
1980,ROU,Established,39,,,,
1984,ROU,Established,40,,,,
1991,ROU,Established,41,,,,
1993,ROU,Established,42,,,,
1994,ROU,Established,43,,,,
1995,ROU,Established,44,,,,
1996,ROU,Established,45,,,,
1998,ROU,Established,47,,,,
2003,ROU,Established,48,,,,
1781,RUS,Established,3,,,,
1824,RUS,Established,5,,,,
1826,RUS,Established,6,,,,
1850,RUS,Established,8,,,,
1866,RUS,Established,9,,,,
1868,RUS,Established,10,,,,
1872,RUS,Established,11,,,,
1882,RUS,Established,12,,,,
1887,RUS,Established,17,,,,
1893,RUS,Established,18,,,,
1894,RUS,Established,19,,,,
1898,RUS,Established,20,,,,
1907,RUS,Established,21,,,,
1910,RUS,Established,22,,,,
1911,RUS,Established,24,,,,
1914,RUS,Established,26,,,,
1915,RUS,Established,27,,,,
1917,RUS,Established,28,,,,
1918,RUS,Established,29,,,,
1922,RUS,Established,30,,,,
1924,RUS,Established,31,,,,
1926,RUS,Established,32,,,,
1927,RUS,Established,36,,,,
1929,RUS,Established,37,,,,
1931,RUS,Established,38,,,,
1932,RUS,Established,39,,,,
1935,RUS,Established,40,,,,
1936,RUS,Established,41,,,,
1937,RUS,Established,42,,,,
1940,RUS,Established,44,,,,
1946,RUS,Established,46,,,,
1947,RUS,Established,49,,,,
1960,RUS,Established,51,,,,
1963,RUS,Established,52,,,,
1967,RUS,Established,53,,,,
1969,RUS,Established,54,,,,
1975,RUS,Established,55,,,,
1976,RUS,Established,56,,,,
1979,RUS,Established,57,,,,
1980,RUS,Established,58,,,,
1982,RUS,Established,60,,,,
1983,RUS,Established,61,,,,
1988,RUS,Established,64,,,,
1989,RUS,Established,66,,,,
1996,RUS,Established,67,,,,
1998,RUS,Established,69,,,,
2000,RUS,Established,70,,,,
1985,SAU,Established,3,,,,
1996,SAU,Established,4,,,,
1996,SDN,Established,1,,,,
1970,SEN,Established,1,,,,
1600,SGP,Established,1,,,,
1830,SGP,Established,3,,,,
1837,SGP,Established,4,,,,
1860,SGP,Established,5,,,,
1878,SGP,Established,6,,,,
1881,SGP,Established,7,,,,
1889,SGP,Established,8,,,,
1894,SGP,Established,9,,,,
1895,SGP,Established,10,,,,
1900,SGP,Established,11,,,,
1928,SGP,Established,13,,,,
1929,SGP,Established,14,,,,
1935,SGP,Established,15,,,,
1938,SGP,Established,16,,,,
1939,SGP,Established,17,,,,
1943,SGP,Established,18,,,,
1949,SGP,Established,20,,,,
1950,SGP,Established,21,,,,
1957,SGP,Established,22,,,,
1969,SGP,Established,23,,,,
1979,SGP,Established,25,,,,
1981,SGP,Established,26,,,,
1983,SGP,Established,27,,,,
1986,SGP,Established,28,,,,
1999,SGP,Established,29,,,,
2002,SGP,Established,30,,,,
2006,SGP,Established,31,,,,
1968,SGS,Established,1,,,,
1853,SHN,Established,1,,,,
1981,SHN,Established,2,,,,
1905,SLB,Established,1,,,,
1916,SLB,Established,2,,,,
1962,SLB,Established,3,,,,
1996,SLE,Established,1,,,,
1996,SMR,Established,1,,,,
2005,SPM,Established,1,,,,
1928,SRB,Established,1,,,,
1996,SRB,Established,2,,,,
1998,SRB,Established,3,,,,
2008,SRB,Established,4,,,,
1982,STP,Established,3,,,,
1650,SVK,Established,1,,,,
1720,SVK,Established,2,,,,
1737,SVK,Established,3,,,,
1770,SVK,Established,4,,,,
1791,SVK,Established,19,,,,
1800,SVK,Established,22,,,,
1804,SVK,Established,23,,,,
1806,SVK,Established,24,,,,
1830,SVK,Established,33,,,,
1840,SVK,Established,34,,,,
1843,SVK,Established,36,,,,
1844,SVK,Established,37,,,,
1845,SVK,Established,38,,,,
1853,SVK,Established,42,,,,
1855,SVK,Established,43,,,,
1864,SVK,Established,44,,,,
1865,SVK,Established,47,,,,
1869,SVK,Established,48,,,,
1870,SVK,Established,50,,,,
1871,SVK,Established,52,,,,
1872,SVK,Established,53,,,,
1874,SVK,Established,54,,,,
1881,SVK,Established,56,,,,
1890,SVK,Established,59,,,,
1893,SVK,Established,60,,,,
1895,SVK,Established,61,,,,
1896,SVK,Established,62,,,,
1897,SVK,Established,63,,,,
1899,SVK,Established,64,,,,
1902,SVK,Established,65,,,,
1904,SVK,Established,66,,,,
1906,SVK,Established,67,,,,
1909,SVK,Established,68,,,,
1911,SVK,Established,72,,,,
1912,SVK,Established,73,,,,
1916,SVK,Established,74,,,,
1917,SVK,Established,75,,,,
1919,SVK,Established,76,,,,
1920,SVK,Established,79,,,,
1921,SVK,Established,80,,,,
1924,SVK,Established,81,,,,
1926,SVK,Established,83,,,,
1932,SVK,Established,84,,,,
1935,SVK,Established,86,,,,
1936,SVK,Established,88,,,,
1937,SVK,Established,90,,,,
1938,SVK,Established,91,,,,
1944,SVK,Established,92,,,,
1945,SVK,Established,93,,,,
1947,SVK,Established,95,,,,
1951,SVK,Established,96,,,,
1958,SVK,Established,97,,,,
1964,SVK,Established,98,,,,
1965,SVK,Established,99,,,,
1966,SVK,Established,100,,,,
1972,SVK,Established,101,,,,
1976,SVK,Established,102,,,,
1978,SVK,Established,103,,,,
1980,SVK,Established,104,,,,
1984,SVK,Established,105,,,,
1992,SVK,Established,106,,,,
1993,SVK,Established,107,,,,
1994,SVK,Established,108,,,,
1996,SVK,Established,109,,,,
2000,SVK,Established,110,,,,
1750,SVN,Established,1,,,,
1763,SVN,Established,2,,,,
1800,SVN,Established,3,,,,
1850,SVN,Established,9,,,,
1860,SVN,Established,10,,,,
1866,SVN,Established,15,,,,
1870,SVN,Established,16,,,,
1890,SVN,Established,22,,,,
1900,SVN,Established,30,,,,
1910,SVN,Established,32,,,,
1920,SVN,Established,36,,,,
1933,SVN,Established,37,,,,
1934,SVN,Established,38,,,,
1935,SVN,Established,39,,,,
1936,SVN,Established,40,,,,
1940,SVN,Established,42,,,,
1945,SVN,Established,43,,,,
1950,SVN,Established,50,,,,
1951,SVN,Established,51,,,,
1960,SVN,Established,53,,,,
1962,SVN,Established,54,,,,
1970,SVN,Established,55,,,,
1980,SVN,Established,61,,,,
1983,SVN,Established,62,,,,
1990,SVN,Established,66,,,,
1993,SVN,Established,67,,,,
1994,SVN,Established,68,,,,
1995,SVN,Established,69,,,,
1996,SVN,Established,70,,,,
1999,SVN,Established,72,,,,
2000,SVN,Established,73,,,,
2003,SVN,Established,74,,,,
2004,SVN,Established,75,,,,
2005,SVN,Established,76,,,,
2008,SVN,Established,77,,,,
2009,SVN,Established,79,,,,
2010,SVN,Established,80,,,,
1505,SWE,Established,1,,,,
1600,SWE,Established,16,,,,
1609,SWE,Established,18,,,,
1658,SWE,Established,29,,,,
1662,SWE,Established,31,,,,
1694,SWE,Established,33,,,,
1700,SWE,Established,46,,,,
1701,SWE,Established,47,,,,
1704,SWE,Established,48,,,,
1706,SWE,Established,49,,,,
1707,SWE,Established,50,,,,
1709,SWE,Established,52,,,,
1716,SWE,Established,53,,,,
1731,SWE,Established,54,,,,
1732,SWE,Established,59,,,,
1737,SWE,Established,61,,,,
1741,SWE,Established,62,,,,
1744,SWE,Established,68,,,,
1745,SWE,Established,70,,,,
1752,SWE,Established,71,,,,
1753,SWE,Established,72,,,,
1761,SWE,Established,73,,,,
1765,SWE,Established,74,,,,
1766,SWE,Established,75,,,,
1769,SWE,Established,77,,,,
1779,SWE,Established,79,,,,
1790,SWE,Established,80,,,,
1792,SWE,Established,82,,,,
1795,SWE,Established,83,,,,
1798,SWE,Established,85,,,,
1800,SWE,Established,107,,,,
1801,SWE,Established,109,,,,
1804,SWE,Established,110,,,,
1806,SWE,Established,111,,,,
1813,SWE,Established,112,,,,
1814,SWE,Established,114,,,,
1815,SWE,Established,115,,,,
1816,SWE,Established,116,,,,
1820,SWE,Established,118,,,,
1823,SWE,Established,120,,,,
1824,SWE,Established,121,,,,
1826,SWE,Established,122,,,,
1829,SWE,Established,123,,,,
1830,SWE,Established,124,,,,
1832,SWE,Established,126,,,,
1833,SWE,Established,128,,,,
1835,SWE,Established,129,,,,
1838,SWE,Established,130,,,,
1840,SWE,Established,132,,,,
1843,SWE,Established,134,,,,
1846,SWE,Established,135,,,,
1848,SWE,Established,136,,,,
1849,SWE,Established,137,,,,
1850,SWE,Established,139,,,,
1851,SWE,Established,140,,,,
1852,SWE,Established,142,,,,
1855,SWE,Established,143,,,,
1857,SWE,Established,144,,,,
1860,SWE,Established,145,,,,
1865,SWE,Established,146,,,,
1866,SWE,Established,148,,,,
1867,SWE,Established,149,,,,
1868,SWE,Established,150,,,,
1870,SWE,Established,166,,,,
1871,SWE,Established,168,,,,
1872,SWE,Established,169,,,,
1876,SWE,Established,170,,,,
1877,SWE,Established,171,,,,
1878,SWE,Established,172,,,,
1879,SWE,Established,173,,,,
1881,SWE,Established,174,,,,
1882,SWE,Established,175,,,,
1883,SWE,Established,176,,,,
1885,SWE,Established,177,,,,
1888,SWE,Established,179,,,,
1889,SWE,Established,181,,,,
1891,SWE,Established,183,,,,
1892,SWE,Established,185,,,,
1893,SWE,Established,186,,,,
1894,SWE,Established,188,,,,
1895,SWE,Established,191,,,,
1896,SWE,Established,201,,,,
1898,SWE,Established,203,,,,
1899,SWE,Established,207,,,,
1900,SWE,Established,213,,,,
1901,SWE,Established,216,,,,
1902,SWE,Established,219,,,,
1903,SWE,Established,221,,,,
1904,SWE,Established,224,,,,
1905,SWE,Established,226,,,,
1906,SWE,Established,229,,,,
1907,SWE,Established,233,,,,
1908,SWE,Established,236,,,,
1909,SWE,Established,239,,,,
1910,SWE,Established,242,,,,
1911,SWE,Established,243,,,,
1912,SWE,Established,245,,,,
1913,SWE,Established,247,,,,
1915,SWE,Established,251,,,,
1916,SWE,Established,252,,,,
1917,SWE,Established,253,,,,
1918,SWE,Established,254,,,,
1919,SWE,Established,256,,,,
1920,SWE,Established,260,,,,
1921,SWE,Established,263,,,,
1922,SWE,Established,264,,,,
1923,SWE,Established,266,,,,
1924,SWE,Established,267,,,,
1925,SWE,Established,270,,,,
1926,SWE,Established,271,,,,
1927,SWE,Established,276,,,,
1928,SWE,Established,279,,,,
1929,SWE,Established,281,,,,
1930,SWE,Established,284,,,,
1931,SWE,Established,287,,,,
1932,SWE,Established,289,,,,
1933,SWE,Established,293,,,,
1934,SWE,Established,294,,,,
1935,SWE,Established,297,,,,
1937,SWE,Established,298,,,,
1938,SWE,Established,301,,,,
1939,SWE,Established,306,,,,
1940,SWE,Established,308,,,,
1941,SWE,Established,310,,,,
1942,SWE,Established,311,,,,
1943,SWE,Established,313,,,,
1945,SWE,Established,314,,,,
1946,SWE,Established,315,,,,
1947,SWE,Established,316,,,,
1948,SWE,Established,317,,,,
1949,SWE,Established,318,,,,
1950,SWE,Established,323,,,,
1952,SWE,Established,325,,,,
1953,SWE,Established,328,,,,
1954,SWE,Established,329,,,,
1955,SWE,Established,333,,,,
1956,SWE,Established,335,,,,
1957,SWE,Established,346,,,,
1959,SWE,Established,347,,,,
1960,SWE,Established,352,,,,
1961,SWE,Established,358,,,,
1962,SWE,Established,360,,,,
1963,SWE,Established,364,,,,
1965,SWE,Established,365,,,,
1967,SWE,Established,371,,,,
1969,SWE,Established,373,,,,
1970,SWE,Established,374,,,,
1971,SWE,Established,375,,,,
1972,SWE,Established,377,,,,
1973,SWE,Established,378,,,,
1974,SWE,Established,379,,,,
1975,SWE,Established,382,,,,
1977,SWE,Established,384,,,,
1978,SWE,Established,386,,,,
1979,SWE,Established,387,,,,
1980,SWE,Established,394,,,,
1982,SWE,Established,399,,,,
1983,SWE,Established,401,,,,
1984,SWE,Established,403,,,,
1985,SWE,Established,408,,,,
1986,SWE,Established,416,,,,
1987,SWE,Established,420,,,,
1988,SWE,Established,422,,,,
1989,SWE,Established,424,,,,
1990,SWE,Established,430,,,,
1991,SWE,Established,434,,,,
1992,SWE,Established,437,,,,
1993,SWE,Established,446,,,,
1994,SWE,Established,450,,,,
1995,SWE,Established,459,,,,
1996,SWE,Established,466,,,,
1997,SWE,Established,469,,,,
1998,SWE,Established,472,,,,
1999,SWE,Established,478,,,,
2000,SWE,Established,479,,,,
2001,SWE,Established,480,,,,
2002,SWE,Established,482,,,,
2003,SWE,Established,484,,,,
2004,SWE,Established,486,,,,
2005,SWE,Established,487,,,,
2008,SWE,Established,489,,,,
2009,SWE,Established,490,,,,
2010,SWE,Established,494,,,,
2011,SWE,Established,495,,,,
2009,SWZ,Established,1,,,,
1897,SYC,Established,1,,,,
1938,SYC,Established,2,,,,
1996,SYR,Established,1,,,,
1996,TCD,Established,1,,,,
2001,TCD,Established,2,,,,
2005,TGO,Established,1,,,,
1915,THA,Established,1,,,,
1988,THA,Established,2,,,,
2005,THA,Established,4,,,,
1996,TJK,Established,1,,,,
1996,TKM,Established,1,,,,
1841,TON,Established,1,,,,
1935,TON,Established,4,,,,
1658,TTO,Established,1,,,,
1870,TTO,Established,2,,,,
1905,TTO,Established,3,,,,
1919,TTO,Established,4,,,,
1922,TTO,Established,5,,,,
1956,TTO,Established,6,,,,
2003,TTO,Established,12,,,,
2005,TTO,Established,13,,,,
1996,TUN,Established,1,,,,
1680,TUR,Established,2,,,,
1888,TUR,Established,3,,,,
1890,TUR,Established,4,,,,
1895,TUR,Established,5,,,,
1906,TUR,Established,6,,,,
1910,TUR,Established,7,,,,
1916,TUR,Established,8,,,,
1936,TUR,Established,9,,,,
1946,TUR,Established,10,,,,
1977,TUR,Established,11,,,,
1996,TUR,Established,12,,,,
1728,TWN,Established,1,,,,
2006,TWN,Established,2,,,,
2009,TWN,Established,6,,,,
1936,TZA,Established,1,,,,
1987,TZA,Established,2,,,,
1998,TZA,Established,3,,,,
1982,UGA,Established,1,,,,
1750,UKR,Established,1,,,,
1890,UKR,Established,2,,,,
1928,UKR,Established,3,,,,
1945,UKR,Established,4,,,,
1946,UKR,Established,5,,,,
1996,UKR,Established,6,,,,
1910,UMI,Established,1,,,,
1526,USA,Established,1,,,,
1650,USA,Established,2,,,,
1748,USA,Established,5,,,,
1779,USA,Established,6,,,,
1783,USA,Established,7,,,,
1788,USA,Established,8,,,,
1791,USA,Established,9,,,,
1794,USA,Established,10,,,,
1800,USA,Established,12,,,,
1805,USA,Established,13,,,,
1822,USA,Established,35,,,,
1823,USA,Established,37,,,,
1826,USA,Established,38,,,,
1828,USA,Established,39,,,,
1829,USA,Established,40,,,,
1831,USA,Established,41,,,,
1832,USA,Established,42,,,,
1833,USA,Established,46,,,,
1834,USA,Established,48,,,,
1835,USA,Established,52,,,,
1836,USA,Established,54,,,,
1837,USA,Established,57,,,,
1838,USA,Established,64,,,,
1839,USA,Established,65,,,,
1840,USA,Established,70,,,,
1841,USA,Established,74,,,,
1842,USA,Established,81,,,,
1843,USA,Established,83,,,,
1844,USA,Established,87,,,,
1845,USA,Established,89,,,,
1846,USA,Established,90,,,,
1847,USA,Established,95,,,,
1849,USA,Established,100,,,,
1850,USA,Established,103,,,,
1851,USA,Established,109,,,,
1852,USA,Established,110,,,,
1853,USA,Established,113,,,,
1855,USA,Established,114,,,,
1856,USA,Established,116,,,,
1857,USA,Established,117,,,,
1858,USA,Established,119,,,,
1859,USA,Established,122,,,,
1860,USA,Established,125,,,,
1861,USA,Established,132,,,,
1862,USA,Established,136,,,,
1863,USA,Established,138,,,,
1864,USA,Established,141,,,,
1865,USA,Established,144,,,,
1866,USA,Established,148,,,,
1867,USA,Established,152,,,,
1868,USA,Established,161,,,,
1869,USA,Established,166,,,,
1870,USA,Established,168,,,,
1871,USA,Established,169,,,,
1872,USA,Established,175,,,,
1873,USA,Established,186,,,,
1874,USA,Established,198,,,,
1875,USA,Established,207,,,,
1876,USA,Established,214,,,,
1877,USA,Established,228,,,,
1878,USA,Established,244,,,,
1879,USA,Established,254,,,,
1880,USA,Established,268,,,,
1881,USA,Established,273,,,,
1882,USA,Established,278,,,,
1883,USA,Established,281,,,,
1884,USA,Established,288,,,,
1885,USA,Established,301,,,,
1886,USA,Established,319,,,,
1887,USA,Established,335,,,,
1888,USA,Established,343,,,,
1889,USA,Established,354,,,,
1890,USA,Established,367,,,,
1891,USA,Established,383,,,,
1892,USA,Established,392,,,,
1893,USA,Established,403,,,,
1894,USA,Established,413,,,,
1895,USA,Established,438,,,,
1896,USA,Established,453,,,,
1897,USA,Established,473,,,,
1898,USA,Established,489,,,,
1899,USA,Established,500,,,,
1900,USA,Established,515,,,,
1901,USA,Established,525,,,,
1902,USA,Established,541,,,,
1903,USA,Established,555,,,,
1904,USA,Established,562,,,,
1905,USA,Established,568,,,,
1906,USA,Established,580,,,,
1907,USA,Established,594,,,,
1908,USA,Established,604,,,,
1909,USA,Established,622,,,,
1910,USA,Established,632,,,,
1911,USA,Established,637,,,,
1912,USA,Established,646,,,,
1913,USA,Established,658,,,,
1914,USA,Established,671,,,,
1915,USA,Established,683,,,,
1916,USA,Established,695,,,,
1917,USA,Established,705,,,,
1918,USA,Established,718,,,,
1919,USA,Established,724,,,,
1920,USA,Established,727,,,,
1921,USA,Established,733,,,,
1922,USA,Established,739,,,,
1923,USA,Established,765,,,,
1924,USA,Established,775,,,,
1925,USA,Established,787,,,,
1926,USA,Established,792,,,,
1927,USA,Established,801,,,,
1928,USA,Established,810,,,,
1929,USA,Established,821,,,,
1930,USA,Established,839,,,,
1931,USA,Established,849,,,,
1932,USA,Established,873,,,,
1933,USA,Established,888,,,,
1934,USA,Established,899,,,,
1935,USA,Established,912,,,,
1936,USA,Established,926,,,,
1937,USA,Established,938,,,,
1938,USA,Established,949,,,,
1939,USA,Established,966,,,,
1940,USA,Established,975,,,,
1941,USA,Established,985,,,,
1942,USA,Established,996,,,,
1943,USA,Established,1007,,,,
1944,USA,Established,1015,,,,
1945,USA,Established,1021,,,,
1946,USA,Established,1034,,,,
1947,USA,Established,1043,,,,
1948,USA,Established,1049,,,,
1949,USA,Established,1058,,,,
1950,USA,Established,1066,,,,
1951,USA,Established,1076,,,,
1952,USA,Established,1083,,,,
1953,USA,Established,1091,,,,
1954,USA,Established,1099,,,,
1955,USA,Established,1103,,,,
1956,USA,Established,1111,,,,
1957,USA,Established,1125,,,,
1958,USA,Established,1135,,,,
1959,USA,Established,1140,,,,
1960,USA,Established,1147,,,,
1961,USA,Established,1166,,,,
1962,USA,Established,1177,,,,
1963,USA,Established,1188,,,,
1964,USA,Established,1208,,,,
1965,USA,Established,1221,,,,
1966,USA,Established,1230,,,,
1967,USA,Established,1238,,,,
1968,USA,Established,1246,,,,
1969,USA,Established,1254,,,,
1970,USA,Established,1260,,,,
1971,USA,Established,1269,,,,
1972,USA,Established,1277,,,,
1973,USA,Established,1285,,,,
1974,USA,Established,1288,,,,
1975,USA,Established,1292,,,,
1976,USA,Established,1294,,,,
1977,USA,Established,1298,,,,
1978,USA,Established,1310,,,,
1979,USA,Established,1316,,,,
1980,USA,Established,1322,,,,
1981,USA,Established,1331,,,,
1982,USA,Established,1334,,,,
1983,USA,Established,1339,,,,
1984,USA,Established,1346,,,,
1985,USA,Established,1350,,,,
1986,USA,Established,1353,,,,
1987,USA,Established,1356,,,,
1988,USA,Established,1361,,,,
1989,USA,Established,1366,,,,
1990,USA,Established,1369,,,,
1991,USA,Established,1375,,,,
1992,USA,Established,1377,,,,
1993,USA,Established,1379,,,,
1994,USA,Established,1384,,,,
1995,USA,Established,1390,,,,
1996,USA,Established,1394,,,,
1997,USA,Established,1405,,,,
1998,USA,Established,1411,,,,
1999,USA,Established,1419,,,,
2000,USA,Established,1424,,,,
2001,USA,Established,1426,,,,
2002,USA,Established,1430,,,,
2003,USA,Established,1435,,,,
2004,USA,Established,1438,,,,
2005,USA,Established,1443,,,,
2006,USA,Established,1444,,,,
2007,USA,Established,1445,,,,
2008,USA,Established,1448,,,,
2010,USA,Established,1450,,,,
2012,USA,Established,1451,,,,
2013,USA,Established,1452,,,,
2014,USA,Established,1454,,,,
2015,USA,Established,1456,,,,
1965,UZB,Established,1,,,,
1996,UZB,Established,2,,,,
1905,VCT,Established,2,,,,
1924,VCT,Established,3,,,,
1981,VCT,Established,4,,,,
2010,VCT,Established,5,,,,
1511,VEN,Established,1,,,,
1941,VEN,Established,2,,,,
1948,VEN,Established,4,,,,
2004,VEN,Established,5,,,,
1920,VNM,Established,1,,,,
1927,VNM,Established,2,,,,
1935,VNM,Established,3,,,,
1996,VNM,Established,4,,,,
1928,VUT,Established,1,,,,
1972,VUT,Established,2,,,,
1987,VUT,Established,3,,,,
2007,VUT,Established,4,,,,
2010,VUT,Established,5,,,,
2007,WLF,Established,2,,,,
1907,WSM,Established,1,,,,
1919,WSM,Established,2,,,,
1879,YEM,Established,1,,,,
1996,YEM,Established,5,,,,
2001,YEM,Established,6,,,,
2010,YEM,Established,7,,,,
1799,ZAF,Established,1,,,,
1811,ZAF,Established,3,,,,
1814,ZAF,Established,4,,,,
1816,ZAF,Established,5,,,,
1826,ZAF,Established,9,,,,
1827,ZAF,Established,10,,,,
1828,ZAF,Established,12,,,,
1829,ZAF,Established,18,,,,
1830,ZAF,Established,33,,,,
1831,ZAF,Established,34,,,,
1832,ZAF,Established,35,,,,
1838,ZAF,Established,36,,,,
1840,ZAF,Established,37,,,,
1841,ZAF,Established,38,,,,
1846,ZAF,Established,42,,,,
1847,ZAF,Established,43,,,,
1853,ZAF,Established,45,,,,
1860,ZAF,Established,46,,,,
1861,ZAF,Established,48,,,,
1862,ZAF,Established,49,,,,
1866,ZAF,Established,50,,,,
1872,ZAF,Established,51,,,,
1874,ZAF,Established,53,,,,
1877,ZAF,Established,54,,,,
1878,ZAF,Established,56,,,,
1880,ZAF,Established,59,,,,
1881,ZAF,Established,63,,,,
1882,ZAF,Established,69,,,,
1883,ZAF,Established,73,,,,
1884,ZAF,Established,74,,,,
1885,ZAF,Established,78,,,,
1886,ZAF,Established,79,,,,
1887,ZAF,Established,89,,,,
1888,ZAF,Established,94,,,,
1889,ZAF,Established,97,,,,
1890,ZAF,Established,103,,,,
1891,ZAF,Established,107,,,,
1892,ZAF,Established,111,,,,
1893,ZAF,Established,120,,,,
1894,ZAF,Established,124,,,,
1895,ZAF,Established,127,,,,
1896,ZAF,Established,137,,,,
1897,ZAF,Established,144,,,,
1898,ZAF,Established,147,,,,
1899,ZAF,Established,150,,,,
1900,ZAF,Established,151,,,,
1901,ZAF,Established,154,,,,
1902,ZAF,Established,155,,,,
1903,ZAF,Established,159,,,,
1904,ZAF,Established,172,,,,
1905,ZAF,Established,179,,,,
1907,ZAF,Established,184,,,,
1908,ZAF,Established,192,,,,
1909,ZAF,Established,199,,,,
1910,ZAF,Established,202,,,,
1911,ZAF,Established,206,,,,
1912,ZAF,Established,209,,,,
1913,ZAF,Established,213,,,,
1914,ZAF,Established,219,,,,
1915,ZAF,Established,225,,,,
1916,ZAF,Established,227,,,,
1917,ZAF,Established,232,,,,
1918,ZAF,Established,237,,,,
1919,ZAF,Established,242,,,,
1920,ZAF,Established,251,,,,
1921,ZAF,Established,258,,,,
1922,ZAF,Established,260,,,,
1923,ZAF,Established,262,,,,
1924,ZAF,Established,266,,,,
1925,ZAF,Established,268,,,,
1926,ZAF,Established,276,,,,
1927,ZAF,Established,278,,,,
1928,ZAF,Established,281,,,,
1930,ZAF,Established,282,,,,
1931,ZAF,Established,284,,,,
1932,ZAF,Established,297,,,,
1933,ZAF,Established,303,,,,
1934,ZAF,Established,306,,,,
1935,ZAF,Established,308,,,,
1936,ZAF,Established,312,,,,
1937,ZAF,Established,316,,,,
1938,ZAF,Established,321,,,,
1939,ZAF,Established,324,,,,
1940,ZAF,Established,328,,,,
1941,ZAF,Established,333,,,,
1942,ZAF,Established,335,,,,
1943,ZAF,Established,338,,,,
1944,ZAF,Established,341,,,,
1945,ZAF,Established,345,,,,
1947,ZAF,Established,348,,,,
1948,ZAF,Established,352,,,,
1950,ZAF,Established,353,,,,
1951,ZAF,Established,358,,,,
1952,ZAF,Established,362,,,,
1953,ZAF,Established,365,,,,
1954,ZAF,Established,370,,,,
1955,ZAF,Established,372,,,,
1956,ZAF,Established,374,,,,
1957,ZAF,Established,379,,,,
1958,ZAF,Established,383,,,,
1959,ZAF,Established,386,,,,
1961,ZAF,Established,387,,,,
1962,ZAF,Established,390,,,,
1963,ZAF,Established,392,,,,
1964,ZAF,Established,394,,,,
1965,ZAF,Established,396,,,,
1966,ZAF,Established,398,,,,
1967,ZAF,Established,403,,,,
1969,ZAF,Established,405,,,,
1970,ZAF,Established,408,,,,
1971,ZAF,Established,410,,,,
1972,ZAF,Established,412,,,,
1973,ZAF,Established,417,,,,
1975,ZAF,Established,421,,,,
1976,ZAF,Established,426,,,,
1977,ZAF,Established,430,,,,
1978,ZAF,Established,433,,,,
1979,ZAF,Established,435,,,,
1980,ZAF,Established,438,,,,
1981,ZAF,Established,441,,,,
1983,ZAF,Established,442,,,,
1984,ZAF,Established,446,,,,
1985,ZAF,Established,450,,,,
1986,ZAF,Established,451,,,,
1988,ZAF,Established,452,,,,
1989,ZAF,Established,453,,,,
1990,ZAF,Established,456,,,,
1991,ZAF,Established,458,,,,
1993,ZAF,Established,459,,,,
1994,ZAF,Established,460,,,,
1996,ZAF,Established,461,,,,
1997,ZAF,Established,462,,,,
1999,ZAF,Established,466,,,,
2000,ZAF,Established,470,,,,
2001,ZAF,Established,472,,,,
2003,ZAF,Established,473,,,,
2007,ZAF,Established,474,,,,
2008,ZAF,Established,475,,,,
2009,ZAF,Established,476,,,,
2010,ZAF,Established,484,,,,
2011,ZAF,Established,492,,,,
1965,ZMB,Established,1,,,,
2005,ZMB,Established,2,,,,
1870,ZWE,Established,1,,,,
1902,ZWE,Established,2,,,,
1903,ZWE,Established,3,,,,
1904,ZWE,Established,4,,,,
1906,ZWE,Established,7,,,,
1908,ZWE,Established,10,,,,
1910,ZWE,Established,11,,,,
1915,ZWE,Established,12,,,,
1917,ZWE,Established,13,,,,
1918,ZWE,Established,15,,,,
1919,ZWE,Established,21,,,,
1920,ZWE,Established,23,,,,
1921,ZWE,Established,25,,,,
1922,ZWE,Established,27,,,,
1923,ZWE,Established,29,,,,
1924,ZWE,Established,30,,,,
1925,ZWE,Established,31,,,,
1927,ZWE,Established,32,,,,
1928,ZWE,Established,33,,,,
1929,ZWE,Established,34,,,,
1930,ZWE,Established,35,,,,
1931,ZWE,Established,43,,,,
1932,ZWE,Established,44,,,,
1933,ZWE,Established,47,,,,
1934,ZWE,Established,50,,,,
1935,ZWE,Established,51,,,,
1936,ZWE,Established,52,,,,
1938,ZWE,Established,53,,,,
1939,ZWE,Established,54,,,,
1942,ZWE,Established,59,,,,
1943,ZWE,Established,63,,,,
1944,ZWE,Established,67,,,,
1945,ZWE,Established,69,,,,
1946,ZWE,Established,71,,,,
1947,ZWE,Established,75,,,,
1948,ZWE,Established,77,,,,
1949,ZWE,Established,79,,,,
1950,ZWE,Established,81,,,,
1951,ZWE,Established,83,,,,
1952,ZWE,Established,85,,,,
1953,ZWE,Established,91,,,,
1955,ZWE,Established,92,,,,
1956,ZWE,Established,95,,,,
1957,ZWE,Established,96,,,,
1958,ZWE,Established,99,,,,
1959,ZWE,Established,103,,,,
1961,ZWE,Established,105,,,,
1962,ZWE,Established,106,,,,
1963,ZWE,Established,108,,,,
1964,ZWE,Established,109,,,,
1965,ZWE,Established,111,,,,
1966,ZWE,Established,112,,,,
1967,ZWE,Established,113,,,,
1968,ZWE,Established,114,,,,
1969,ZWE,Established,116,,,,
1970,ZWE,Established,117,,,,
1971,ZWE,Established,119,,,,
1972,ZWE,Established,121,,,,
1973,ZWE,Established,122,,,,
1975,ZWE,Established,123,,,,
1976,ZWE,Established,125,,,,
1977,ZWE,Established,127,,,,
1991,ZWE,Established,128,,,,
1956,ALB,Established;Invasive,1,,,,
1980,ALB,Established;Invasive,2,,,,
1996,ARE,Established;Invasive,1,,,,
1997,ARE,Established;Invasive,5,,,,
1537,ARG,Established;Invasive,1,,,,
1700,ARG,Established;Invasive,2,,,,
1810,ARG,Established;Invasive,3,,,,
1887,ARG,Established;Invasive,4,,,,
1906,ARG,Established;Invasive,5,,,,
1700,ATG,Established;Invasive,1,,,,
2001,ATG,Established;Invasive,2,,,,
1616,AUS,Established;Invasive,1,,,,
1770,AUS,Established;Invasive,7,,,,
1788,AUS,Established;Invasive,8,,,,
1809,AUS,Established;Invasive,9,,,,
1810,AUS,Established;Invasive,12,,,,
1859,AUS,Established;Invasive,13,,,,
1866,AUS,Established;Invasive,14,,,,
1873,AUS,Established;Invasive,15,,,,
1891,AUS,Established;Invasive,16,,,,
1899,AUS,Established;Invasive,17,,,,
1900,AUS,Established;Invasive,18,,,,
1902,AUS,Established;Invasive,19,,,,
1905,AUS,Established;Invasive,20,,,,
1907,AUS,Established;Invasive,22,,,,
1911,AUS,Established;Invasive,23,,,,
1915,AUS,Established;Invasive,24,,,,
1936,AUS,Established;Invasive,25,,,,
1942,AUS,Established;Invasive,26,,,,
1946,AUS,Established;Invasive,27,,,,
1965,AUS,Established;Invasive,28,,,,
1967,AUS,Established;Invasive,29,,,,
1978,AUS,Established;Invasive,30,,,,
1980,AUS,Established;Invasive,31,,,,
1982,AUS,Established;Invasive,32,,,,
1983,AUS,Established;Invasive,34,,,,
1985,AUS,Established;Invasive,35,,,,
2001,AUS,Established;Invasive,36,,,,
2006,AUS,Established;Invasive,37,,,,
1775,AUT,Established;Invasive,1,,,,
1780,AUT,Established;Invasive,2,,,,
1800,AUT,Established;Invasive,3,,,,
1825,AUT,Established;Invasive,4,,,,
1830,AUT,Established;Invasive,5,,,,
1835,AUT,Established;Invasive,6,,,,
1850,AUT,Established;Invasive,7,,,,
1885,AUT,Established;Invasive,8,,,,
1905,AUT,Established;Invasive,9,,,,
1930,AUT,Established;Invasive,10,,,,
1945,AUT,Established;Invasive,11,,,,
1955,AUT,Established;Invasive,12,,,,
1941,AZE,Established;Invasive,1,,,,
1656,BHS,Established;Invasive,1,,,,
1905,BHS,Established;Invasive,3,,,,
1998,BHS,Established;Invasive,4,,,,
1928,BLR,Established;Invasive,1,,,,
1954,BLR,Established;Invasive,2,,,,
1895,BRA,Established;Invasive,1,,,,
1900,BRA,Established;Invasive,2,,,,
1988,BRA,Established;Invasive,3,,,,
1536,BRB,Established;Invasive,1,,,,
1626,BRB,Established;Invasive,2,,,,
1870,BRB,Established;Invasive,3,,,,
1873,CAN,Established;Invasive,1,,,,
1901,CAN,Established;Invasive,2,,,,
1965,CAN,Established;Invasive,4,,,,
1886,CHL,Established;Invasive,1,,,,
1903,CHL,Established;Invasive,2,,,,
1937,CHL,Established;Invasive,3,,,,
1983,CHL,Established;Invasive,4,,,,
1600,CHN,Established;Invasive,1,,,,
1625,CHN,Established;Invasive,2,,,,
1645,CHN,Established;Invasive,6,,,,
1777,CHN,Established;Invasive,7,,,,
1800,CHN,Established;Invasive,9,,,,
1820,CHN,Established;Invasive,10,,,,
1850,CHN,Established;Invasive,12,,,,
1857,CHN,Established;Invasive,14,,,,
1860,CHN,Established;Invasive,17,,,,
1861,CHN,Established;Invasive,19,,,,
1870,CHN,Established;Invasive,20,,,,
1890,CHN,Established;Invasive,21,,,,
1895,CHN,Established;Invasive,22,,,,
1900,CHN,Established;Invasive,28,,,,
1901,CHN,Established;Invasive,29,,,,
1902,CHN,Established;Invasive,30,,,,
1905,CHN,Established;Invasive,34,,,,
1908,CHN,Established;Invasive,35,,,,
1910,CHN,Established;Invasive,36,,,,
1911,CHN,Established;Invasive,37,,,,
1912,CHN,Established;Invasive,39,,,,
1913,CHN,Established;Invasive,41,,,,
1919,CHN,Established;Invasive,42,,,,
1920,CHN,Established;Invasive,43,,,,
1921,CHN,Established;Invasive,44,,,,
1924,CHN,Established;Invasive,48,,,,
1925,CHN,Established;Invasive,49,,,,
1926,CHN,Established;Invasive,51,,,,
1927,CHN,Established;Invasive,53,,,,
1928,CHN,Established;Invasive,57,,,,
1930,CHN,Established;Invasive,59,,,,
1932,CHN,Established;Invasive,62,,,,
1933,CHN,Established;Invasive,64,,,,
1934,CHN,Established;Invasive,67,,,,
1935,CHN,Established;Invasive,68,,,,
1936,CHN,Established;Invasive,70,,,,
1937,CHN,Established;Invasive,71,,,,
1939,CHN,Established;Invasive,72,,,,
1950,CHN,Established;Invasive,73,,,,
1956,CHN,Established;Invasive,74,,,,
1957,CHN,Established;Invasive,75,,,,
1958,CHN,Established;Invasive,76,,,,
1963,CHN,Established;Invasive,77,,,,
1969,CHN,Established;Invasive,78,,,,
1974,CHN,Established;Invasive,79,,,,
1976,CHN,Established;Invasive,80,,,,
1979,CHN,Established;Invasive,81,,,,
1980,CHN,Established;Invasive,83,,,,
1988,CHN,Established;Invasive,84,,,,
1991,CHN,Established;Invasive,85,,,,
1992,CHN,Established;Invasive,86,,,,
2000,CHN,Established;Invasive,87,,,,
2003,CHN,Established;Invasive,88,,,,
2004,CHN,Established;Invasive,89,,,,
1935,COK,Established;Invasive,2,,,,
1965,COK,Established;Invasive,3,,,,
1912,COL,Established;Invasive,1,,,,
1996,COL,Established;Invasive,2,,,,
1902,CRI,Established;Invasive,1,,,,
1972,CRI,Established;Invasive,2,,,,
1511,CUB,Established;Invasive,2,,,,
1790,CUB,Established;Invasive,3,,,,
1850,CUB,Established;Invasive,4,,,,
1870,CUB,Established;Invasive,5,,,,
1880,CUB,Established;Invasive,6,,,,
1905,CUB,Established;Invasive,7,,,,
1787,CYP,Established;Invasive,1,,,,
1800,CYP,Established;Invasive,2,,,,
1880,CYP,Established;Invasive,3,,,,
1900,CYP,Established;Invasive,4,,,,
1905,CYP,Established;Invasive,5,,,,
1906,CYP,Established;Invasive,6,,,,
1949,CYP,Established;Invasive,7,,,,
1958,CYP,Established;Invasive,8,,,,
1972,CYP,Established;Invasive,9,,,,
1973,CYP,Established;Invasive,10,,,,
1991,CYP,Established;Invasive,11,,,,
1992,CYP,Established;Invasive,12,,,,
1810,CZE,Established;Invasive,1,,,,
1819,CZE,Established;Invasive,2,,,,
1867,CZE,Established;Invasive,3,,,,
1868,CZE,Established;Invasive,4,,,,
1900,CZE,Established;Invasive,6,,,,
1926,CZE,Established;Invasive,7,,,,
1956,CZE,Established;Invasive,8,,,,
1964,CZE,Established;Invasive,9,,,,
1975,CZE,Established;Invasive,10,,,,
2002,CZE,Established;Invasive,11,,,,
1824,DEU,Established;Invasive,1,,,,
1853,DEU,Established;Invasive,2,,,,
1859,DEU,Established;Invasive,3,,,,
1927,DEU,Established;Invasive,4,,,,
1972,DMA,Established;Invasive,1,,,,
1725,DNK,Established;Invasive,1,,,,
1806,DNK,Established;Invasive,2,,,,
1867,DNK,Established;Invasive,3,,,,
1883,DNK,Established;Invasive,4,,,,
1888,DNK,Established;Invasive,5,,,,
1932,DNK,Established;Invasive,6,,,,
1938,DNK,Established;Invasive,7,,,,
1967,DNK,Established;Invasive,8,,,,
2003,DNK,Established;Invasive,9,,,,
2007,DNK,Established;Invasive,10,,,,
1535,DOM,Established;Invasive,1,,,,
1870,DOM,Established;Invasive,2,,,,
1930,DOM,Established;Invasive,4,,,,
1969,ECU,Established;Invasive,1,,,,
2004,ECU,Established;Invasive,3,,,,
2010,ECU,Established;Invasive,4,,,,
1887,EGY,Established;Invasive,1,,,,
1930,EGY,Established;Invasive,2,,,,
1931,EGY,Established;Invasive,3,,,,
1932,EGY,Established;Invasive,4,,,,
1951,EGY,Established;Invasive,5,,,,
1956,EGY,Established;Invasive,6,,,,
1991,EGY,Established;Invasive,7,,,,
1950,ERI,Established;Invasive,1,,,,
1800,ESP,Established;Invasive,1,,,,
1818,ESP,Established;Invasive,2,,,,
1855,ESP,Established;Invasive,3,,,,
1900,ESP,Established;Invasive,4,,,,
1949,ESP,Established;Invasive,5,,,,
2007,ESP,Established;Invasive,6,,,,
1677,EST,Established;Invasive,1,,,,
1777,EST,Established;Invasive,7,,,,
1778,EST,Established;Invasive,8,,,,
1784,EST,Established;Invasive,9,,,,
1791,EST,Established;Invasive,11,,,,
1803,EST,Established;Invasive,15,,,,
1805,EST,Established;Invasive,18,,,,
1807,EST,Established;Invasive,21,,,,
1814,EST,Established;Invasive,23,,,,
1825,EST,Established;Invasive,24,,,,
1839,EST,Established;Invasive,25,,,,
1852,EST,Established;Invasive,27,,,,
1882,EST,Established;Invasive,28,,,,
1883,EST,Established;Invasive,29,,,,
1924,EST,Established;Invasive,30,,,,
1925,EST,Established;Invasive,31,,,,
1928,EST,Established;Invasive,32,,,,
1930,EST,Established;Invasive,33,,,,
1931,EST,Established;Invasive,35,,,,
1933,EST,Established;Invasive,36,,,,
1700,FIN,Established;Invasive,1,,,,
1800,FIN,Established;Invasive,2,,,,
1883,FIN,Established;Invasive,3,,,,
1895,FIN,Established;Invasive,4,,,,
1910,FIN,Established;Invasive,5,,,,
1919,FIN,Established;Invasive,6,,,,
1928,FIN,Established;Invasive,7,,,,
1985,FIN,Established;Invasive,8,,,,
1994,FIN,Established;Invasive,9,,,,
1779,FJI,Established;Invasive,1,,,,
1820,FJI,Established;Invasive,2,,,,
1840,FJI,Established;Invasive,3,,,,
1850,FJI,Established;Invasive,5,,,,
1883,FJI,Established;Invasive,6,,,,
1921,FJI,Established;Invasive,9,,,,
1925,FJI,Established;Invasive,10,,,,
1994,FJI,Established;Invasive,11,,,,
1648,FRA,Established;Invasive,1,,,,
1683,FRA,Established;Invasive,2,,,,
1688,FRA,Established;Invasive,3,,,,
1724,FRA,Established;Invasive,4,,,,
1786,FRA,Established;Invasive,5,,,,
1839,FRA,Established;Invasive,6,,,,
1847,FRA,Established;Invasive,7,,,,
1863,FRA,Established;Invasive,8,,,,
1890,FRA,Established;Invasive,9,,,,
1895,FRA,Established;Invasive,10,,,,
1939,FRA,Established;Invasive,11,,,,
1967,FRA,Established;Invasive,12,,,,
2002,FRA,Established;Invasive,13,,,,
2004,FRA,Established;Invasive,14,,,,
2007,FRA,Established;Invasive,15,,,,
2008,FRA,Established;Invasive,16,,,,
1905,FSM,Established;Invasive,1,,,,
1912,FSM,Established;Invasive,3,,,,
2007,FSM,Established;Invasive,4,,,,
1914,GAB,Established;Invasive,1,,,,
2008,GAB,Established;Invasive,2,,,,
1548,GBR,Established;Invasive,1,,,,
1551,GBR,Established;Invasive,2,,,,
1562,GBR,Established;Invasive,3,,,,
1724,GBR,Established;Invasive,4,,,,
1750,GBR,Established;Invasive,5,,,,
1764,GBR,Established;Invasive,6,,,,
1777,GBR,Established;Invasive,7,,,,
1805,GBR,Established;Invasive,8,,,,
1817,GBR,Established;Invasive,9,,,,
1820,GBR,Established;Invasive,10,,,,
1835,GBR,Established;Invasive,12,,,,
1837,GBR,Established;Invasive,13,,,,
1838,GBR,Established;Invasive,14,,,,
1839,GBR,Established;Invasive,15,,,,
1843,GBR,Established;Invasive,16,,,,
1844,GBR,Established;Invasive,17,,,,
1849,GBR,Established;Invasive,19,,,,
1850,GBR,Established;Invasive,20,,,,
1853,GBR,Established;Invasive,21,,,,
1860,GBR,Established;Invasive,22,,,,
1862,GBR,Established;Invasive,23,,,,
1863,GBR,Established;Invasive,24,,,,
1865,GBR,Established;Invasive,25,,,,
1876,GBR,Established;Invasive,26,,,,
1886,GBR,Established;Invasive,28,,,,
1887,GBR,Established;Invasive,29,,,,
1888,GBR,Established;Invasive,30,,,,
1894,GBR,Established;Invasive,32,,,,
1895,GBR,Established;Invasive,33,,,,
1896,GBR,Established;Invasive,34,,,,
1900,GBR,Established;Invasive,35,,,,
1901,GBR,Established;Invasive,37,,,,
1902,GBR,Established;Invasive,38,,,,
1905,GBR,Established;Invasive,39,,,,
1906,GBR,Established;Invasive,40,,,,
1908,GBR,Established;Invasive,41,,,,
1909,GBR,Established;Invasive,42,,,,
1910,GBR,Established;Invasive,44,,,,
1914,GBR,Established;Invasive,45,,,,
1917,GBR,Established;Invasive,46,,,,
1922,GBR,Established;Invasive,47,,,,
1927,GBR,Established;Invasive,49,,,,
1932,GBR,Established;Invasive,50,,,,
1933,GBR,Established;Invasive,51,,,,
1935,GBR,Established;Invasive,53,,,,
1936,GBR,Established;Invasive,55,,,,
1940,GBR,Established;Invasive,56,,,,
1941,GBR,Established;Invasive,57,,,,
1944,GBR,Established;Invasive,58,,,,
1948,GBR,Established;Invasive,59,,,,
1955,GBR,Established;Invasive,60,,,,
1964,GBR,Established;Invasive,61,,,,
1974,GBR,Established;Invasive,62,,,,
1983,GBR,Established;Invasive,63,,,,
2004,GBR,Established;Invasive,64,,,,
2010,GBR,Established;Invasive,65,,,,
1976,GHA,Established;Invasive,1,,,,
1942,GNQ,Established;Invasive,1,,,,
1872,GUY,Established;Invasive,1,,,,
1916,GUY,Established;Invasive,3,,,,
1910,HRV,Established;Invasive,1,,,,
1535,HTI,Established;Invasive,1,,,,
1914,HTI,Established;Invasive,2,,,,
1927,HUN,Established;Invasive,1,,,,
1796,IDN,Established;Invasive,2,,,,
1819,IDN,Established;Invasive,3,,,,
1821,IDN,Established;Invasive,4,,,,
1822,IDN,Established;Invasive,5,,,,
1826,IDN,Established;Invasive,6,,,,
1835,IDN,Established;Invasive,7,,,,
1840,IDN,Established;Invasive,9,,,,
1842,IDN,Established;Invasive,11,,,,
1844,IDN,Established;Invasive,16,,,,
1845,IDN,Established;Invasive,18,,,,
1846,IDN,Established;Invasive,19,,,,
1850,IDN,Established;Invasive,20,,,,
1853,IDN,Established;Invasive,21,,,,
1858,IDN,Established;Invasive,23,,,,
1859,IDN,Established;Invasive,26,,,,
1860,IDN,Established;Invasive,27,,,,
1863,IDN,Established;Invasive,28,,,,
1866,IDN,Established;Invasive,38,,,,
1869,IDN,Established;Invasive,39,,,,
1872,IDN,Established;Invasive,40,,,,
1875,IDN,Established;Invasive,41,,,,
1878,IDN,Established;Invasive,42,,,,
1885,IDN,Established;Invasive,43,,,,
1887,IDN,Established;Invasive,44,,,,
1888,IDN,Established;Invasive,51,,,,
1893,IDN,Established;Invasive,55,,,,
1894,IDN,Established;Invasive,56,,,,
1895,IDN,Established;Invasive,57,,,,
1896,IDN,Established;Invasive,58,,,,
1897,IDN,Established;Invasive,60,,,,
1899,IDN,Established;Invasive,63,,,,
1900,IDN,Established;Invasive,64,,,,
1903,IDN,Established;Invasive,65,,,,
1907,IDN,Established;Invasive,66,,,,
1912,IDN,Established;Invasive,68,,,,
1913,IDN,Established;Invasive,69,,,,
1918,IDN,Established;Invasive,72,,,,
1919,IDN,Established;Invasive,73,,,,
1920,IDN,Established;Invasive,74,,,,
1923,IDN,Established;Invasive,75,,,,
1924,IDN,Established;Invasive,76,,,,
1925,IDN,Established;Invasive,77,,,,
1927,IDN,Established;Invasive,78,,,,
1929,IDN,Established;Invasive,79,,,,
1950,IDN,Established;Invasive,80,,,,
1955,IDN,Established;Invasive,81,,,,
1963,IDN,Established;Invasive,85,,,,
1814,IND,Established;Invasive,1,,,,
1836,IND,Established;Invasive,2,,,,
1877,IND,Established;Invasive,3,,,,
1889,IND,Established;Invasive,4,,,,
1914,IND,Established;Invasive,5,,,,
1916,IND,Established;Invasive,6,,,,
1953,IND,Established;Invasive,7,,,,
1964,IND,Established;Invasive,8,,,,
1969,IND,Established;Invasive,9,,,,
1722,IRL,Established;Invasive,1,,,,
1852,IRL,Established;Invasive,2,,,,
1860,IRL,Established;Invasive,3,,,,
1911,IRL,Established;Invasive,4,,,,
1970,IRN,Established;Invasive,1,,,,
1975,IRN,Established;Invasive,2,,,,
2000,IRN,Established;Invasive,3,,,,
2009,IRN,Established;Invasive,5,,,,
2010,IRN,Established;Invasive,6,,,,
1918,IRQ,Established;Invasive,1,,,,
1884,ISR,Established;Invasive,1,,,,
2002,ISR,Established;Invasive,2,,,,
1700,ITA,Established;Invasive,1,,,,
1790,ITA,Established;Invasive,2,,,,
1866,ITA,Established;Invasive,3,,,,
1908,ITA,Established;Invasive,4,,,,
1930,ITA,Established;Invasive,5,,,,
1945,ITA,Established;Invasive,6,,,,
1948,ITA,Established;Invasive,7,,,,
1966,ITA,Established;Invasive,8,,,,
1969,ITA,Established;Invasive,9,,,,
1973,ITA,Established;Invasive,10,,,,
1981,ITA,Established;Invasive,11,,,,
1990,ITA,Established;Invasive,12,,,,
2002,ITA,Established;Invasive,13,,,,
2009,ITA,Established;Invasive,14,,,,
1872,JAM,Established;Invasive,1,,,,
2013,JAM,Established;Invasive,2,,,,
1996,JOR,Established;Invasive,1,,,,
1836,JPN,Established;Invasive,1,,,,
1853,JPN,Established;Invasive,5,,,,
1862,JPN,Established;Invasive,6,,,,
1863,JPN,Established;Invasive,7,,,,
1899,JPN,Established;Invasive,8,,,,
1900,JPN,Established;Invasive,9,,,,
1903,JPN,Established;Invasive,10,,,,
1905,JPN,Established;Invasive,13,,,,
1909,JPN,Established;Invasive,14,,,,
1912,JPN,Established;Invasive,16,,,,
1913,JPN,Established;Invasive,17,,,,
1915,JPN,Established;Invasive,19,,,,
1918,JPN,Established;Invasive,20,,,,
1920,JPN,Established;Invasive,23,,,,
1924,JPN,Established;Invasive,25,,,,
1928,JPN,Established;Invasive,26,,,,
1929,JPN,Established;Invasive,27,,,,
1930,JPN,Established;Invasive,30,,,,
1931,JPN,Established;Invasive,31,,,,
1932,JPN,Established;Invasive,32,,,,
1933,JPN,Established;Invasive,33,,,,
1934,JPN,Established;Invasive,34,,,,
1936,JPN,Established;Invasive,35,,,,
1937,JPN,Established;Invasive,36,,,,
1939,JPN,Established;Invasive,37,,,,
1942,JPN,Established;Invasive,38,,,,
1943,JPN,Established;Invasive,40,,,,
1945,JPN,Established;Invasive,41,,,,
1946,JPN,Established;Invasive,42,,,,
1949,JPN,Established;Invasive,43,,,,
1951,JPN,Established;Invasive,46,,,,
1952,JPN,Established;Invasive,48,,,,
1954,JPN,Established;Invasive,49,,,,
1965,JPN,Established;Invasive,50,,,,
1966,JPN,Established;Invasive,52,,,,
1967,JPN,Established;Invasive,54,,,,
1969,JPN,Established;Invasive,55,,,,
1973,JPN,Established;Invasive,56,,,,
1974,JPN,Established;Invasive,57,,,,
1975,JPN,Established;Invasive,58,,,,
1980,JPN,Established;Invasive,60,,,,
1981,JPN,Established;Invasive,61,,,,
1983,JPN,Established;Invasive,63,,,,
1989,JPN,Established;Invasive,64,,,,
1992,JPN,Established;Invasive,66,,,,
1996,JPN,Established;Invasive,67,,,,
2000,JPN,Established;Invasive,68,,,,
2001,JPN,Established;Invasive,69,,,,
2003,JPN,Established;Invasive,70,,,,
2009,JPN,Established;Invasive,71,,,,
1936,KIR,Established;Invasive,1,,,,
1870,LCA,Established;Invasive,1,,,,
1791,LTU,Established;Invasive,4,,,,
1826,LTU,Established;Invasive,5,,,,
1828,LTU,Established;Invasive,6,,,,
1830,LTU,Established;Invasive,8,,,,
1840,LTU,Established;Invasive,9,,,,
1858,LTU,Established;Invasive,10,,,,
1865,LTU,Established;Invasive,11,,,,
1883,LTU,Established;Invasive,12,,,,
1884,LTU,Established;Invasive,13,,,,
1885,LTU,Established;Invasive,14,,,,
1886,LTU,Established;Invasive,15,,,,
1890,LTU,Established;Invasive,17,,,,
1898,LTU,Established;Invasive,18,,,,
1907,LTU,Established;Invasive,19,,,,
1926,LTU,Established;Invasive,21,,,,
1928,LTU,Established;Invasive,22,,,,
1931,LTU,Established;Invasive,24,,,,
1933,LTU,Established;Invasive,25,,,,
1934,LTU,Established;Invasive,26,,,,
1935,LTU,Established;Invasive,27,,,,
1937,LTU,Established;Invasive,29,,,,
1940,LTU,Established;Invasive,30,,,,
1950,LTU,Established;Invasive,31,,,,
1953,LTU,Established;Invasive,32,,,,
1955,LTU,Established;Invasive,33,,,,
1956,LTU,Established;Invasive,34,,,,
1957,LTU,Established;Invasive,35,,,,
1958,LTU,Established;Invasive,37,,,,
1959,LTU,Established;Invasive,39,,,,
1963,LTU,Established;Invasive,40,,,,
1964,LTU,Established;Invasive,41,,,,
1968,LTU,Established;Invasive,42,,,,
1971,LTU,Established;Invasive,43,,,,
1975,LTU,Established;Invasive,44,,,,
1976,LTU,Established;Invasive,46,,,,
1977,LTU,Established;Invasive,47,,,,
1982,LTU,Established;Invasive,48,,,,
1983,LTU,Established;Invasive,51,,,,
1984,LTU,Established;Invasive,52,,,,
1987,LTU,Established;Invasive,54,,,,
1988,LTU,Established;Invasive,56,,,,
1700,LVA,Established;Invasive,1,,,,
1778,LVA,Established;Invasive,2,,,,
1784,LVA,Established;Invasive,3,,,,
1806,LVA,Established;Invasive,4,,,,
1839,LVA,Established;Invasive,5,,,,
1852,LVA,Established;Invasive,6,,,,
1870,LVA,Established;Invasive,7,,,,
1885,LVA,Established;Invasive,8,,,,
1887,LVA,Established;Invasive,9,,,,
1893,LVA,Established;Invasive,10,,,,
1894,LVA,Established;Invasive,11,,,,
1895,LVA,Established;Invasive,13,,,,
1898,LVA,Established;Invasive,14,,,,
1904,LVA,Established;Invasive,15,,,,
1907,LVA,Established;Invasive,16,,,,
1918,LVA,Established;Invasive,17,,,,
1920,LVA,Established;Invasive,18,,,,
1921,LVA,Established;Invasive,19,,,,
1924,LVA,Established;Invasive,20,,,,
1928,LVA,Established;Invasive,22,,,,
1930,LVA,Established;Invasive,23,,,,
1948,LVA,Established;Invasive,24,,,,
1958,LVA,Established;Invasive,25,,,,
1973,LVA,Established;Invasive,26,,,,
1977,LVA,Established;Invasive,27,,,,
1980,LVA,Established;Invasive,28,,,,
1985,LVA,Established;Invasive,29,,,,
1986,LVA,Established;Invasive,30,,,,
1987,LVA,Established;Invasive,31,,,,
1990,LVA,Established;Invasive,32,,,,
2009,LVA,Established;Invasive,33,,,,
1815,MDG,Established;Invasive,1,,,,
1838,MDG,Established;Invasive,2,,,,
1872,MDG,Established;Invasive,3,,,,
1879,MDG,Established;Invasive,6,,,,
1887,MDG,Established;Invasive,9,,,,
1889,MDG,Established;Invasive,10,,,,
1895,MDG,Established;Invasive,11,,,,
1909,MDG,Established;Invasive,12,,,,
1912,MDG,Established;Invasive,15,,,,
1930,MDG,Established;Invasive,16,,,,
1931,MDG,Established;Invasive,17,,,,
1933,MDG,Established;Invasive,18,,,,
1935,MDG,Established;Invasive,19,,,,
1937,MDG,Established;Invasive,20,,,,
1938,MDG,Established;Invasive,22,,,,
1940,MDG,Established;Invasive,23,,,,
1946,MDG,Established;Invasive,24,,,,
1957,MDG,Established;Invasive,25,,,,
1960,MDG,Established;Invasive,26,,,,
1974,MDG,Established;Invasive,28,,,,
1975,MDG,Established;Invasive,29,,,,
1979,MDG,Established;Invasive,30,,,,
1983,MDG,Established;Invasive,31,,,,
1985,MDG,Established;Invasive,32,,,,
1989,MDG,Established;Invasive,33,,,,
2003,MDG,Established;Invasive,34,,,,
2005,MDG,Established;Invasive,35,,,,
2010,MDG,Established;Invasive,36,,,,
2015,MDG,Established;Invasive,37,,,,
2004,MDV,Established;Invasive,1,,,,
1511,MEX,Established;Invasive,1,,,,
1521,MEX,Established;Invasive,2,,,,
1993,MEX,Established;Invasive,3,,,,
2009,MEX,Established;Invasive,4,,,,
1944,MHL,Established;Invasive,1,,,,
1949,MHL,Established;Invasive,2,,,,
1950,MHL,Established;Invasive,3,,,,
2007,MHL,Established;Invasive,4,,,,
1811,MLT,Established;Invasive,1,,,,
1830,MLT,Established;Invasive,2,,,,
1887,MMR,Established;Invasive,1,,,,
1512,MUS,Established;Invasive,1,,,,
1530,MUS,Established;Invasive,2,,,,
1598,MUS,Established;Invasive,3,,,,
1803,MUS,Established;Invasive,4,,,,
1880,MUS,Established;Invasive,5,,,,
1907,MUS,Established;Invasive,6,,,,
1954,MUS,Established;Invasive,7,,,,
1997,MUS,Established;Invasive,8,,,,
1994,MYS,Established;Invasive,1,,,,
1550,NAM,Established;Invasive,1,,,,
1990,NAM,Established;Invasive,2,,,,
1993,NIC,Established;Invasive,1,,,,
1964,NIU,Established;Invasive,2,,,,
1683,NLD,Established;Invasive,1,,,,
1700,NLD,Established;Invasive,3,,,,
1745,NLD,Established;Invasive,4,,,,
1799,NLD,Established;Invasive,6,,,,
1825,NLD,Established;Invasive,7,,,,
1836,NLD,Established;Invasive,9,,,,
1847,NLD,Established;Invasive,10,,,,
1860,NLD,Established;Invasive,11,,,,
1863,NLD,Established;Invasive,12,,,,
1865,NLD,Established;Invasive,13,,,,
1867,NLD,Established;Invasive,14,,,,
1870,NLD,Established;Invasive,15,,,,
1871,NLD,Established;Invasive,16,,,,
1881,NLD,Established;Invasive,17,,,,
1893,NLD,Established;Invasive,18,,,,
1896,NLD,Established;Invasive,19,,,,
1897,NLD,Established;Invasive,20,,,,
1899,NLD,Established;Invasive,24,,,,
1900,NLD,Established;Invasive,26,,,,
1903,NLD,Established;Invasive,27,,,,
1915,NLD,Established;Invasive,28,,,,
1918,NLD,Established;Invasive,29,,,,
1920,NLD,Established;Invasive,30,,,,
1926,NLD,Established;Invasive,31,,,,
1928,NLD,Established;Invasive,32,,,,
1942,NLD,Established;Invasive,33,,,,
1960,NLD,Established;Invasive,35,,,,
1976,NLD,Established;Invasive,36,,,,
1989,NLD,Established;Invasive,37,,,,
1995,NLD,Established;Invasive,38,,,,
1998,NLD,Established;Invasive,40,,,,
2007,NLD,Established;Invasive,41,,,,
1762,NOR,Established;Invasive,1,,,,
1765,NOR,Established;Invasive,2,,,,
1766,NOR,Established;Invasive,3,,,,
1790,NOR,Established;Invasive,4,,,,
1799,NOR,Established;Invasive,5,,,,
1800,NOR,Established;Invasive,8,,,,
1802,NOR,Established;Invasive,9,,,,
1813,NOR,Established;Invasive,10,,,,
1820,NOR,Established;Invasive,18,,,,
1827,NOR,Established;Invasive,19,,,,
1830,NOR,Established;Invasive,20,,,,
1834,NOR,Established;Invasive,22,,,,
1843,NOR,Established;Invasive,23,,,,
1850,NOR,Established;Invasive,25,,,,
1853,NOR,Established;Invasive,26,,,,
1856,NOR,Established;Invasive,27,,,,
1857,NOR,Established;Invasive,29,,,,
1860,NOR,Established;Invasive,30,,,,
1862,NOR,Established;Invasive,31,,,,
1865,NOR,Established;Invasive,34,,,,
1869,NOR,Established;Invasive,35,,,,
1870,NOR,Established;Invasive,38,,,,
1871,NOR,Established;Invasive,39,,,,
1872,NOR,Established;Invasive,42,,,,
1875,NOR,Established;Invasive,43,,,,
1880,NOR,Established;Invasive,44,,,,
1884,NOR,Established;Invasive,47,,,,
1888,NOR,Established;Invasive,48,,,,
1889,NOR,Established;Invasive,49,,,,
1890,NOR,Established;Invasive,52,,,,
1893,NOR,Established;Invasive,53,,,,
1899,NOR,Established;Invasive,55,,,,
1905,NOR,Established;Invasive,56,,,,
1908,NOR,Established;Invasive,57,,,,
1909,NOR,Established;Invasive,58,,,,
1910,NOR,Established;Invasive,59,,,,
1911,NOR,Established;Invasive,60,,,,
1912,NOR,Established;Invasive,62,,,,
1913,NOR,Established;Invasive,64,,,,
1920,NOR,Established;Invasive,65,,,,
1922,NOR,Established;Invasive,66,,,,
1923,NOR,Established;Invasive,67,,,,
1927,NOR,Established;Invasive,68,,,,
1929,NOR,Established;Invasive,69,,,,
1935,NOR,Established;Invasive,70,,,,
1938,NOR,Established;Invasive,72,,,,
1947,NOR,Established;Invasive,73,,,,
1950,NOR,Established;Invasive,75,,,,
1964,NOR,Established;Invasive,76,,,,
1967,NOR,Established;Invasive,77,,,,
1970,NOR,Established;Invasive,78,,,,
1984,NOR,Established;Invasive,79,,,,
1994,NOR,Established;Invasive,80,,,,
2001,NOR,Established;Invasive,82,,,,
1770,NZL,Established;Invasive,1,,,,
1814,NZL,Established;Invasive,2,,,,
1824,NZL,Established;Invasive,3,,,,
1830,NZL,Established;Invasive,5,,,,
1840,NZL,Established;Invasive,6,,,,
1843,NZL,Established;Invasive,10,,,,
1844,NZL,Established;Invasive,11,,,,
1846,NZL,Established;Invasive,12,,,,
1850,NZL,Established;Invasive,13,,,,
1851,NZL,Established;Invasive,14,,,,
1860,NZL,Established;Invasive,16,,,,
1864,NZL,Established;Invasive,19,,,,
1867,NZL,Established;Invasive,30,,,,
1868,NZL,Established;Invasive,35,,,,
1869,NZL,Established;Invasive,52,,,,
1870,NZL,Established;Invasive,56,,,,
1871,NZL,Established;Invasive,66,,,,
1872,NZL,Established;Invasive,68,,,,
1875,NZL,Established;Invasive,69,,,,
1878,NZL,Established;Invasive,73,,,,
1879,NZL,Established;Invasive,79,,,,
1882,NZL,Established;Invasive,88,,,,
1887,NZL,Established;Invasive,90,,,,
1888,NZL,Established;Invasive,91,,,,
1889,NZL,Established;Invasive,92,,,,
1890,NZL,Established;Invasive,93,,,,
1892,NZL,Established;Invasive,94,,,,
1893,NZL,Established;Invasive,95,,,,
1894,NZL,Established;Invasive,96,,,,
1896,NZL,Established;Invasive,99,,,,
1897,NZL,Established;Invasive,101,,,,
1898,NZL,Established;Invasive,107,,,,
1899,NZL,Established;Invasive,109,,,,
1900,NZL,Established;Invasive,110,,,,
1901,NZL,Established;Invasive,111,,,,
1903,NZL,Established;Invasive,119,,,,
1904,NZL,Established;Invasive,120,,,,
1905,NZL,Established;Invasive,122,,,,
1906,NZL,Established;Invasive,123,,,,
1907,NZL,Established;Invasive,125,,,,
1908,NZL,Established;Invasive,126,,,,
1909,NZL,Established;Invasive,128,,,,
1910,NZL,Established;Invasive,131,,,,
1911,NZL,Established;Invasive,133,,,,
1912,NZL,Established;Invasive,134,,,,
1913,NZL,Established;Invasive,136,,,,
1914,NZL,Established;Invasive,137,,,,
1916,NZL,Established;Invasive,138,,,,
1918,NZL,Established;Invasive,139,,,,
1919,NZL,Established;Invasive,142,,,,
1920,NZL,Established;Invasive,143,,,,
1921,NZL,Established;Invasive,144,,,,
1922,NZL,Established;Invasive,149,,,,
1924,NZL,Established;Invasive,150,,,,
1925,NZL,Established;Invasive,156,,,,
1926,NZL,Established;Invasive,159,,,,
1928,NZL,Established;Invasive,160,,,,
1929,NZL,Established;Invasive,161,,,,
1930,NZL,Established;Invasive,162,,,,
1931,NZL,Established;Invasive,165,,,,
1933,NZL,Established;Invasive,167,,,,
1934,NZL,Established;Invasive,172,,,,
1935,NZL,Established;Invasive,174,,,,
1936,NZL,Established;Invasive,176,,,,
1937,NZL,Established;Invasive,177,,,,
1938,NZL,Established;Invasive,178,,,,
1939,NZL,Established;Invasive,180,,,,
1940,NZL,Established;Invasive,197,,,,
1944,NZL,Established;Invasive,201,,,,
1945,NZL,Established;Invasive,212,,,,
1946,NZL,Established;Invasive,213,,,,
1947,NZL,Established;Invasive,214,,,,
1948,NZL,Established;Invasive,217,,,,
1950,NZL,Established;Invasive,225,,,,
1951,NZL,Established;Invasive,226,,,,
1952,NZL,Established;Invasive,231,,,,
1953,NZL,Established;Invasive,237,,,,
1954,NZL,Established;Invasive,239,,,,
1956,NZL,Established;Invasive,245,,,,
1957,NZL,Established;Invasive,255,,,,
1958,NZL,Established;Invasive,257,,,,
1959,NZL,Established;Invasive,262,,,,
1960,NZL,Established;Invasive,263,,,,
1961,NZL,Established;Invasive,265,,,,
1962,NZL,Established;Invasive,266,,,,
1963,NZL,Established;Invasive,271,,,,
1964,NZL,Established;Invasive,273,,,,
1965,NZL,Established;Invasive,274,,,,
1966,NZL,Established;Invasive,276,,,,
1967,NZL,Established;Invasive,279,,,,
1968,NZL,Established;Invasive,284,,,,
1969,NZL,Established;Invasive,288,,,,
1970,NZL,Established;Invasive,291,,,,
1972,NZL,Established;Invasive,294,,,,
1973,NZL,Established;Invasive,295,,,,
1974,NZL,Established;Invasive,299,,,,
1975,NZL,Established;Invasive,301,,,,
1976,NZL,Established;Invasive,303,,,,
1978,NZL,Established;Invasive,307,,,,
1979,NZL,Established;Invasive,310,,,,
1980,NZL,Established;Invasive,312,,,,
1981,NZL,Established;Invasive,313,,,,
1984,NZL,Established;Invasive,315,,,,
1985,NZL,Established;Invasive,316,,,,
1986,NZL,Established;Invasive,318,,,,
1987,NZL,Established;Invasive,320,,,,
1989,NZL,Established;Invasive,322,,,,
1991,NZL,Established;Invasive,324,,,,
1993,NZL,Established;Invasive,325,,,,
1994,NZL,Established;Invasive,327,,,,
1997,NZL,Established;Invasive,328,,,,
2001,NZL,Established;Invasive,329,,,,
2004,NZL,Established;Invasive,330,,,,
2005,NZL,Established;Invasive,331,,,,
1964,PER,Established;Invasive,1,,,,
1974,PER,Established;Invasive,2,,,,
1838,PHL,Established;Invasive,1,,,,
1922,PHL,Established;Invasive,2,,,,
1900,PLW,Established;Invasive,1,,,,
1967,PLW,Established;Invasive,2,,,,
1850,POL,Established;Invasive,1,,,,
1870,POL,Established;Invasive,2,,,,
1895,POL,Established;Invasive,3,,,,
1899,POL,Established;Invasive,4,,,,
1928,POL,Established;Invasive,5,,,,
1945,POL,Established;Invasive,6,,,,
1950,POL,Established;Invasive,8,,,,
1985,POL,Established;Invasive,9,,,,
1996,POL,Established;Invasive,10,,,,
1661,PRT,Established;Invasive,1,,,,
1804,PRT,Established;Invasive,5,,,,
1828,PRT,Established;Invasive,6,,,,
1845,PRT,Established;Invasive,7,,,,
1869,PRT,Established;Invasive,8,,,,
1880,PRT,Established;Invasive,9,,,,
1882,PRT,Established;Invasive,10,,,,
1884,PRT,Established;Invasive,11,,,,
1885,PRT,Established;Invasive,12,,,,
1886,PRT,Established;Invasive,13,,,,
1887,PRT,Established;Invasive,14,,,,
1897,PRT,Established;Invasive,15,,,,
1900,PRT,Established;Invasive,17,,,,
1909,PRT,Established;Invasive,18,,,,
1910,PRT,Established;Invasive,20,,,,
1913,PRT,Established;Invasive,22,,,,
1922,PRT,Established;Invasive,23,,,,
1927,PRT,Established;Invasive,25,,,,
1932,PRT,Established;Invasive,26,,,,
1935,PRT,Established;Invasive,27,,,,
1939,PRT,Established;Invasive,28,,,,
1943,PRT,Established;Invasive,29,,,,
1944,PRT,Established;Invasive,30,,,,
1952,PRT,Established;Invasive,31,,,,
1955,PRT,Established;Invasive,32,,,,
1956,PRT,Established;Invasive,33,,,,
1958,PRT,Established;Invasive,34,,,,
1961,PRT,Established;Invasive,35,,,,
1962,PRT,Established;Invasive,37,,,,
1965,PRT,Established;Invasive,38,,,,
1966,PRT,Established;Invasive,39,,,,
1968,PRT,Established;Invasive,45,,,,
1971,PRT,Established;Invasive,46,,,,
1977,PRT,Established;Invasive,48,,,,
1989,PRT,Established;Invasive,50,,,,
1990,PRT,Established;Invasive,51,,,,
1999,PRT,Established;Invasive,52,,,,
1816,ROU,Established;Invasive,2,,,,
1850,ROU,Established;Invasive,3,,,,
1887,ROU,Established;Invasive,4,,,,
1898,ROU,Established;Invasive,6,,,,
1911,ROU,Established;Invasive,7,,,,
1928,ROU,Established;Invasive,8,,,,
1931,ROU,Established;Invasive,9,,,,
1946,ROU,Established;Invasive,10,,,,
1953,ROU,Established;Invasive,11,,,,
1956,ROU,Established;Invasive,12,,,,
1992,ROU,Established;Invasive,13,,,,
1994,ROU,Established;Invasive,14,,,,
1709,RUS,Established;Invasive,1,,,,
1781,RUS,Established;Invasive,2,,,,
1800,RUS,Established;Invasive,3,,,,
1831,RUS,Established;Invasive,4,,,,
1850,RUS,Established;Invasive,5,,,,
1860,RUS,Established;Invasive,6,,,,
1861,RUS,Established;Invasive,7,,,,
1870,RUS,Established;Invasive,8,,,,
1875,RUS,Established;Invasive,9,,,,
1880,RUS,Established;Invasive,10,,,,
1884,RUS,Established;Invasive,11,,,,
1885,RUS,Established;Invasive,13,,,,
1899,RUS,Established;Invasive,14,,,,
1914,RUS,Established;Invasive,16,,,,
1918,RUS,Established;Invasive,18,,,,
1924,RUS,Established;Invasive,19,,,,
1926,RUS,Established;Invasive,20,,,,
1927,RUS,Established;Invasive,22,,,,
1928,RUS,Established;Invasive,23,,,,
1931,RUS,Established;Invasive,24,,,,
1937,RUS,Established;Invasive,25,,,,
1945,RUS,Established;Invasive,26,,,,
1947,RUS,Established;Invasive,27,,,,
1948,RUS,Established;Invasive,28,,,,
1949,RUS,Established;Invasive,29,,,,
1952,RUS,Established;Invasive,30,,,,
1955,RUS,Established;Invasive,31,,,,
1960,RUS,Established;Invasive,33,,,,
1962,RUS,Established;Invasive,34,,,,
1964,RUS,Established;Invasive,35,,,,
1971,RUS,Established;Invasive,36,,,,
1976,RUS,Established;Invasive,37,,,,
1990,RUS,Established;Invasive,38,,,,
1999,RUS,Established;Invasive,39,,,,
2002,RUS,Established;Invasive,40,,,,
2003,RUS,Established;Invasive,41,,,,
1975,SAU,Established;Invasive,1,,,,
1985,SAU,Established;Invasive,3,,,,
1890,SGP,Established;Invasive,1,,,,
1909,SGP,Established;Invasive,3,,,,
1915,SGP,Established;Invasive,4,,,,
1934,SLB,Established;Invasive,2,,,,
1943,SLB,Established;Invasive,3,,,,
1965,SLB,Established;Invasive,4,,,,
1977,SLB,Established;Invasive,5,,,,
1930,SOM,Established;Invasive,1,,,,
1850,SVK,Established;Invasive,1,,,,
1865,SVK,Established;Invasive,2,,,,
1870,SVK,Established;Invasive,3,,,,
1900,SVK,Established;Invasive,4,,,,
1946,SVK,Established;Invasive,5,,,,
1996,SVK,Established;Invasive,6,,,,
1750,SVN,Established;Invasive,1,,,,
1830,SVN,Established;Invasive,2,,,,
1850,SVN,Established;Invasive,5,,,,
1865,SVN,Established;Invasive,6,,,,
1866,SVN,Established;Invasive,7,,,,
1900,SVN,Established;Invasive,11,,,,
1935,SVN,Established;Invasive,12,,,,
1950,SVN,Established;Invasive,13,,,,
1980,SVN,Established;Invasive,14,,,,
1990,SVN,Established;Invasive,15,,,,
1998,SVN,Established;Invasive,16,,,,
2003,SVN,Established;Invasive,17,,,,
2004,SVN,Established;Invasive,18,,,,
2006,SVN,Established;Invasive,19,,,,
2008,SVN,Established;Invasive,20,,,,
2011,SVN,Established;Invasive,21,,,,
1600,SWE,Established;Invasive,4,,,,
1658,SWE,Established;Invasive,6,,,,
1662,SWE,Established;Invasive,7,,,,
1700,SWE,Established;Invasive,11,,,,
1704,SWE,Established;Invasive,12,,,,
1708,SWE,Established;Invasive,13,,,,
1709,SWE,Established;Invasive,14,,,,
1732,SWE,Established;Invasive,15,,,,
1733,SWE,Established;Invasive,16,,,,
1737,SWE,Established;Invasive,18,,,,
1749,SWE,Established;Invasive,20,,,,
1799,SWE,Established;Invasive,21,,,,
1800,SWE,Established;Invasive,28,,,,
1806,SWE,Established;Invasive,29,,,,
1815,SWE,Established;Invasive,30,,,,
1816,SWE,Established;Invasive,31,,,,
1835,SWE,Established;Invasive,32,,,,
1837,SWE,Established;Invasive,33,,,,
1842,SWE,Established;Invasive,34,,,,
1850,SWE,Established;Invasive,35,,,,
1855,SWE,Established;Invasive,36,,,,
1858,SWE,Established;Invasive,37,,,,
1860,SWE,Established;Invasive,38,,,,
1870,SWE,Established;Invasive,42,,,,
1871,SWE,Established;Invasive,43,,,,
1877,SWE,Established;Invasive,44,,,,
1880,SWE,Established;Invasive,45,,,,
1884,SWE,Established;Invasive,46,,,,
1894,SWE,Established;Invasive,47,,,,
1898,SWE,Established;Invasive,48,,,,
1900,SWE,Established;Invasive,49,,,,
1901,SWE,Established;Invasive,50,,,,
1903,SWE,Established;Invasive,52,,,,
1908,SWE,Established;Invasive,53,,,,
1910,SWE,Established;Invasive,54,,,,
1911,SWE,Established;Invasive,55,,,,
1915,SWE,Established;Invasive,56,,,,
1917,SWE,Established;Invasive,59,,,,
1918,SWE,Established;Invasive,60,,,,
1925,SWE,Established;Invasive,61,,,,
1926,SWE,Established;Invasive,62,,,,
1927,SWE,Established;Invasive,63,,,,
1928,SWE,Established;Invasive,64,,,,
1933,SWE,Established;Invasive,65,,,,
1934,SWE,Established;Invasive,68,,,,
1941,SWE,Established;Invasive,69,,,,
1943,SWE,Established;Invasive,70,,,,
1946,SWE,Established;Invasive,71,,,,
1948,SWE,Established;Invasive,72,,,,
1950,SWE,Established;Invasive,74,,,,
1952,SWE,Established;Invasive,75,,,,
1953,SWE,Established;Invasive,76,,,,
1954,SWE,Established;Invasive,77,,,,
1957,SWE,Established;Invasive,78,,,,
1960,SWE,Established;Invasive,79,,,,
1962,SWE,Established;Invasive,80,,,,
1963,SWE,Established;Invasive,83,,,,
1964,SWE,Established;Invasive,84,,,,
1965,SWE,Established;Invasive,85,,,,
1968,SWE,Established;Invasive,87,,,,
1973,SWE,Established;Invasive,88,,,,
1978,SWE,Established;Invasive,89,,,,
1979,SWE,Established;Invasive,90,,,,
1985,SWE,Established;Invasive,92,,,,
1990,SWE,Established;Invasive,93,,,,
1997,SWE,Established;Invasive,95,,,,
2001,SWE,Established;Invasive,97,,,,
2004,SWE,Established;Invasive,98,,,,
2001,SWZ,Established;Invasive,1,,,,
1720,SYC,Established;Invasive,1,,,,
1882,SYC,Established;Invasive,2,,,,
1888,SYC,Established;Invasive,3,,,,
1894,SYC,Established;Invasive,4,,,,
1920,SYC,Established;Invasive,5,,,,
1975,SYC,Established;Invasive,6,,,,
1770,TON,Established;Invasive,1,,,,
1967,TON,Established;Invasive,2,,,,
1994,TON,Established;Invasive,4,,,,
2001,TTO,Established;Invasive,1,,,,
1798,TUR,Established;Invasive,1,,,,
1893,TUR,Established;Invasive,2,,,,
1918,TUR,Established;Invasive,3,,,,
1980,TUR,Established;Invasive,4,,,,
1935,TUV,Established;Invasive,1,,,,
1837,URY,Established;Invasive,1,,,,
1544,USA,Established;Invasive,1,,,,
1655,USA,Established;Invasive,2,,,,
1672,USA,Established;Invasive,3,,,,
1700,USA,Established;Invasive,5,,,,
1748,USA,Established;Invasive,12,,,,
1786,USA,Established;Invasive,13,,,,
1790,USA,Established;Invasive,14,,,,
1800,USA,Established;Invasive,23,,,,
1802,USA,Established;Invasive,24,,,,
1803,USA,Established;Invasive,25,,,,
1805,USA,Established;Invasive,26,,,,
1812,USA,Established;Invasive,27,,,,
1814,USA,Established;Invasive,28,,,,
1815,USA,Established;Invasive,29,,,,
1816,USA,Established;Invasive,31,,,,
1818,USA,Established;Invasive,32,,,,
1819,USA,Established;Invasive,33,,,,
1820,USA,Established;Invasive,35,,,,
1822,USA,Established;Invasive,72,,,,
1823,USA,Established;Invasive,73,,,,
1824,USA,Established;Invasive,75,,,,
1825,USA,Established;Invasive,76,,,,
1826,USA,Established;Invasive,77,,,,
1827,USA,Established;Invasive,78,,,,
1828,USA,Established;Invasive,82,,,,
1830,USA,Established;Invasive,83,,,,
1832,USA,Established;Invasive,87,,,,
1833,USA,Established;Invasive,92,,,,
1834,USA,Established;Invasive,93,,,,
1835,USA,Established;Invasive,94,,,,
1836,USA,Established;Invasive,96,,,,
1837,USA,Established;Invasive,97,,,,
1838,USA,Established;Invasive,106,,,,
1839,USA,Established;Invasive,109,,,,
1840,USA,Established;Invasive,113,,,,
1841,USA,Established;Invasive,114,,,,
1842,USA,Established;Invasive,123,,,,
1843,USA,Established;Invasive,127,,,,
1844,USA,Established;Invasive,129,,,,
1845,USA,Established;Invasive,135,,,,
1846,USA,Established;Invasive,137,,,,
1847,USA,Established;Invasive,140,,,,
1849,USA,Established;Invasive,141,,,,
1850,USA,Established;Invasive,142,,,,
1851,USA,Established;Invasive,151,,,,
1852,USA,Established;Invasive,154,,,,
1853,USA,Established;Invasive,158,,,,
1854,USA,Established;Invasive,159,,,,
1855,USA,Established;Invasive,160,,,,
1856,USA,Established;Invasive,163,,,,
1857,USA,Established;Invasive,167,,,,
1858,USA,Established;Invasive,168,,,,
1859,USA,Established;Invasive,169,,,,
1860,USA,Established;Invasive,175,,,,
1861,USA,Established;Invasive,181,,,,
1862,USA,Established;Invasive,185,,,,
1863,USA,Established;Invasive,188,,,,
1864,USA,Established;Invasive,190,,,,
1865,USA,Established;Invasive,193,,,,
1866,USA,Established;Invasive,197,,,,
1867,USA,Established;Invasive,201,,,,
1868,USA,Established;Invasive,205,,,,
1869,USA,Established;Invasive,216,,,,
1870,USA,Established;Invasive,231,,,,
1871,USA,Established;Invasive,233,,,,
1872,USA,Established;Invasive,237,,,,
1873,USA,Established;Invasive,250,,,,
1874,USA,Established;Invasive,259,,,,
1875,USA,Established;Invasive,272,,,,
1876,USA,Established;Invasive,280,,,,
1877,USA,Established;Invasive,296,,,,
1878,USA,Established;Invasive,307,,,,
1879,USA,Established;Invasive,318,,,,
1880,USA,Established;Invasive,326,,,,
1881,USA,Established;Invasive,331,,,,
1882,USA,Established;Invasive,337,,,,
1883,USA,Established;Invasive,341,,,,
1884,USA,Established;Invasive,346,,,,
1885,USA,Established;Invasive,358,,,,
1886,USA,Established;Invasive,372,,,,
1887,USA,Established;Invasive,385,,,,
1888,USA,Established;Invasive,386,,,,
1889,USA,Established;Invasive,395,,,,
1890,USA,Established;Invasive,407,,,,
1891,USA,Established;Invasive,418,,,,
1892,USA,Established;Invasive,426,,,,
1893,USA,Established;Invasive,433,,,,
1894,USA,Established;Invasive,444,,,,
1895,USA,Established;Invasive,466,,,,
1896,USA,Established;Invasive,476,,,,
1897,USA,Established;Invasive,484,,,,
1898,USA,Established;Invasive,492,,,,
1899,USA,Established;Invasive,497,,,,
1900,USA,Established;Invasive,502,,,,
1901,USA,Established;Invasive,509,,,,
1902,USA,Established;Invasive,516,,,,
1903,USA,Established;Invasive,527,,,,
1904,USA,Established;Invasive,533,,,,
1905,USA,Established;Invasive,541,,,,
1906,USA,Established;Invasive,547,,,,
1907,USA,Established;Invasive,553,,,,
1908,USA,Established;Invasive,561,,,,
1909,USA,Established;Invasive,580,,,,
1910,USA,Established;Invasive,584,,,,
1911,USA,Established;Invasive,593,,,,
1912,USA,Established;Invasive,599,,,,
1913,USA,Established;Invasive,611,,,,
1914,USA,Established;Invasive,616,,,,
1915,USA,Established;Invasive,623,,,,
1916,USA,Established;Invasive,630,,,,
1917,USA,Established;Invasive,636,,,,
1918,USA,Established;Invasive,643,,,,
1919,USA,Established;Invasive,651,,,,
1920,USA,Established;Invasive,654,,,,
1921,USA,Established;Invasive,656,,,,
1922,USA,Established;Invasive,658,,,,
1923,USA,Established;Invasive,666,,,,
1924,USA,Established;Invasive,669,,,,
1925,USA,Established;Invasive,676,,,,
1926,USA,Established;Invasive,680,,,,
1927,USA,Established;Invasive,686,,,,
1928,USA,Established;Invasive,687,,,,
1929,USA,Established;Invasive,692,,,,
1930,USA,Established;Invasive,704,,,,
1931,USA,Established;Invasive,707,,,,
1932,USA,Established;Invasive,712,,,,
1933,USA,Established;Invasive,720,,,,
1934,USA,Established;Invasive,724,,,,
1936,USA,Established;Invasive,728,,,,
1937,USA,Established;Invasive,731,,,,
1938,USA,Established;Invasive,737,,,,
1939,USA,Established;Invasive,740,,,,
1940,USA,Established;Invasive,742,,,,
1941,USA,Established;Invasive,744,,,,
1942,USA,Established;Invasive,749,,,,
1943,USA,Established;Invasive,751,,,,
1944,USA,Established;Invasive,754,,,,
1945,USA,Established;Invasive,755,,,,
1946,USA,Established;Invasive,760,,,,
1947,USA,Established;Invasive,762,,,,
1948,USA,Established;Invasive,764,,,,
1949,USA,Established;Invasive,766,,,,
1950,USA,Established;Invasive,770,,,,
1951,USA,Established;Invasive,771,,,,
1952,USA,Established;Invasive,774,,,,
1953,USA,Established;Invasive,775,,,,
1954,USA,Established;Invasive,776,,,,
1955,USA,Established;Invasive,777,,,,
1956,USA,Established;Invasive,778,,,,
1957,USA,Established;Invasive,780,,,,
1960,USA,Established;Invasive,782,,,,
1962,USA,Established;Invasive,783,,,,
1963,USA,Established;Invasive,785,,,,
1964,USA,Established;Invasive,786,,,,
1965,USA,Established;Invasive,790,,,,
1966,USA,Established;Invasive,792,,,,
1967,USA,Established;Invasive,794,,,,
1968,USA,Established;Invasive,797,,,,
1969,USA,Established;Invasive,800,,,,
1971,USA,Established;Invasive,801,,,,
1972,USA,Established;Invasive,803,,,,
1973,USA,Established;Invasive,805,,,,
1974,USA,Established;Invasive,806,,,,
1975,USA,Established;Invasive,807,,,,
1976,USA,Established;Invasive,809,,,,
1977,USA,Established;Invasive,810,,,,
1978,USA,Established;Invasive,812,,,,
1979,USA,Established;Invasive,813,,,,
1980,USA,Established;Invasive,814,,,,
1981,USA,Established;Invasive,816,,,,
1982,USA,Established;Invasive,817,,,,
1983,USA,Established;Invasive,818,,,,
1984,USA,Established;Invasive,819,,,,
1989,USA,Established;Invasive,820,,,,
1992,USA,Established;Invasive,821,,,,
1993,USA,Established;Invasive,822,,,,
1994,USA,Established;Invasive,823,,,,
1996,USA,Established;Invasive,824,,,,
1997,USA,Established;Invasive,825,,,,
1998,USA,Established;Invasive,826,,,,
1999,USA,Established;Invasive,828,,,,
2000,USA,Established;Invasive,830,,,,
2002,USA,Established;Invasive,831,,,,
2007,USA,Established;Invasive,832,,,,
1870,VCT,Established;Invasive,1,,,,
1905,VCT,Established;Invasive,2,,,,
1935,VUT,Established;Invasive,1,,,,
1907,WSM,Established;Invasive,1,,,,
1928,WSM,Established;Invasive,3,,,,
1775,ZAF,Established;Invasive,1,,,,
1824,ZAF,Established;Invasive,2,,,,
1827,ZAF,Established;Invasive,3,,,,
1832,ZAF,Established;Invasive,4,,,,
1836,ZAF,Established;Invasive,5,,,,
1839,ZAF,Established;Invasive,6,,,,
1840,ZAF,Established;Invasive,7,,,,
1846,ZAF,Established;Invasive,8,,,,
1853,ZAF,Established;Invasive,9,,,,
1861,ZAF,Established;Invasive,10,,,,
1862,ZAF,Established;Invasive,11,,,,
1866,ZAF,Established;Invasive,12,,,,
1876,ZAF,Established;Invasive,13,,,,
1880,ZAF,Established;Invasive,14,,,,
1884,ZAF,Established;Invasive,15,,,,
1885,ZAF,Established;Invasive,16,,,,
1887,ZAF,Established;Invasive,17,,,,
1888,ZAF,Established;Invasive,18,,,,
1889,ZAF,Established;Invasive,20,,,,
1891,ZAF,Established;Invasive,21,,,,
1893,ZAF,Established;Invasive,22,,,,
1895,ZAF,Established;Invasive,26,,,,
1901,ZAF,Established;Invasive,27,,,,
1903,ZAF,Established;Invasive,28,,,,
1904,ZAF,Established;Invasive,29,,,,
1905,ZAF,Established;Invasive,32,,,,
1908,ZAF,Established;Invasive,33,,,,
1909,ZAF,Established;Invasive,35,,,,
1910,ZAF,Established;Invasive,38,,,,
1911,ZAF,Established;Invasive,41,,,,
1912,ZAF,Established;Invasive,42,,,,
1916,ZAF,Established;Invasive,44,,,,
1917,ZAF,Established;Invasive,45,,,,
1918,ZAF,Established;Invasive,47,,,,
1919,ZAF,Established;Invasive,48,,,,
1920,ZAF,Established;Invasive,49,,,,
1921,ZAF,Established;Invasive,50,,,,
1927,ZAF,Established;Invasive,51,,,,
1928,ZAF,Established;Invasive,52,,,,
1931,ZAF,Established;Invasive,53,,,,
1933,ZAF,Established;Invasive,54,,,,
1934,ZAF,Established;Invasive,55,,,,
1938,ZAF,Established;Invasive,56,,,,
1943,ZAF,Established;Invasive,57,,,,
1945,ZAF,Established;Invasive,59,,,,
1946,ZAF,Established;Invasive,60,,,,
1948,ZAF,Established;Invasive,61,,,,
1950,ZAF,Established;Invasive,62,,,,
1951,ZAF,Established;Invasive,63,,,,
1953,ZAF,Established;Invasive,64,,,,
1954,ZAF,Established;Invasive,65,,,,
1956,ZAF,Established;Invasive,66,,,,
1965,ZAF,Established;Invasive,67,,,,
1967,ZAF,Established;Invasive,68,,,,
1970,ZAF,Established;Invasive,69,,,,
1971,ZAF,Established;Invasive,70,,,,
1972,ZAF,Established;Invasive,72,,,,
1974,ZAF,Established;Invasive,74,,,,
1975,ZAF,Established;Invasive,76,,,,
1976,ZAF,Established;Invasive,78,,,,
1979,ZAF,Established;Invasive,80,,,,
1981,ZAF,Established;Invasive,83,,,,
1983,ZAF,Established;Invasive,84,,,,
1985,ZAF,Established;Invasive,86,,,,
1986,ZAF,Established;Invasive,87,,,,
1991,ZAF,Established;Invasive,88,,,,
1992,ZAF,Established;Invasive,89,,,,
1995,ZAF,Established;Invasive,90,,,,
1996,ZAF,Established;Invasive,92,,,,
1998,ZAF,Established;Invasive,94,,,,
1999,ZAF,Established;Invasive,96,,,,
2000,ZAF,Established;Invasive,97,,,,
2002,ZAF,Established;Invasive,98,,,,
2005,ZAF,Established;Invasive,99,,,,
2007,ZAF,Established;Invasive,100,,,,
2010,ZAF,Established;Invasive,101,,,,
2011,ZAF,Established;Invasive,104,,,,
1950,ZWE,Established;Invasive,1,,,,
1955,ZWE,Established;Invasive,3,,,,
