year,geo,disagg,value,projections,benchmark_low,benchmark_mid,benchmark_high
2001,WLD,Total,1.7,,,,
2002,WLD,Total,4.4,,,,
2003,WLD,Total,4.3,,,,
2004,WLD,Total,6,,,,
2005,WLD,Total,5.7,,,,
2006,WLD,Total,4.8,,,,
2007,WLD,Total,4.6,,,,
2008,WLD,Total,4.4,,,,
2009,WLD,Total,4,,,,
2010,WLD,Total,4.8,,,,
2011,WLD,Total,4.3,,,,
2012,WLD,Total,6.2,,,,
2013,WLD,Total,6.1,,,,
2014,WLD,Total,6.4,,,,
2015,WLD,Total,5.2,,,,
2016,WLD,Total,8.9,,,,
2017,WLD,Total,7.9,,,,
2018,WLD,Total,5.9,,,,
2019,WLD,Total,5.9,,,,
2020,WLD,Total,6.3,,,,
2021,WLD,Total,6.8,,,,
2022,WLD,Total,6.7,,,,
2023,WLD,Total,8.4,,,,
2024,WLD,Total,11,,,,
2025,WLD,Total,7.7,,,,
2030,WLD,Total,,8.46,,,
2001,WLD,Boreal coniferous forest,0.25,,,,
2002,WLD,Boreal coniferous forest,0.94,,,,
2003,WLD,Boreal coniferous forest,1.1,,,,
2004,WLD,Boreal coniferous forest,0.71,,,,
2005,WLD,Boreal coniferous forest,0.63,,,,
2006,WLD,Boreal coniferous forest,0.8,,,,
2007,WLD,Boreal coniferous forest,0.86,,,,
2008,WLD,Boreal coniferous forest,0.73,,,,
2009,WLD,Boreal coniferous forest,0.39,,,,
2010,WLD,Boreal coniferous forest,0.46,,,,
2011,WLD,Boreal coniferous forest,0.86,,,,
2012,WLD,Boreal coniferous forest,1.5,,,,
2013,WLD,Boreal coniferous forest,1.9,,,,
2014,WLD,Boreal coniferous forest,1.4,,,,
2015,WLD,Boreal coniferous forest,0.89,,,,
2016,WLD,Boreal coniferous forest,1.1,,,,
2017,WLD,Boreal coniferous forest,1.6,,,,
2018,WLD,Boreal coniferous forest,1.3,,,,
2019,WLD,Boreal coniferous forest,0.96,,,,
2020,WLD,Boreal coniferous forest,1.2,,,,
2021,WLD,Boreal coniferous forest,2.5,,,,
2022,WLD,Boreal coniferous forest,1.2,,,,
2023,WLD,Boreal coniferous forest,1.6,,,,
2024,WLD,Boreal coniferous forest,1.2,,,,
2025,WLD,Boreal coniferous forest,2.1,,,,
2001,WLD,Boreal mountain system,0.15,,,,
2002,WLD,Boreal mountain system,0.28,,,,
2003,WLD,Boreal mountain system,0.33,,,,
2004,WLD,Boreal mountain system,1.1,,,,
2005,WLD,Boreal mountain system,1,,,,
2006,WLD,Boreal mountain system,0.66,,,,
2007,WLD,Boreal mountain system,0.41,,,,
2008,WLD,Boreal mountain system,0.52,,,,
2009,WLD,Boreal mountain system,0.38,,,,
2010,WLD,Boreal mountain system,0.51,,,,
2011,WLD,Boreal mountain system,0.32,,,,
2012,WLD,Boreal mountain system,0.64,,,,
2013,WLD,Boreal mountain system,0.74,,,,
2014,WLD,Boreal mountain system,0.44,,,,
2015,WLD,Boreal mountain system,0.75,,,,
2016,WLD,Boreal mountain system,1.2,,,,
2017,WLD,Boreal mountain system,0.6,,,,
2018,WLD,Boreal mountain system,0.46,,,,
2019,WLD,Boreal mountain system,0.81,,,,
2020,WLD,Boreal mountain system,0.71,,,,
2021,WLD,Boreal mountain system,0.26,,,,
2022,WLD,Boreal mountain system,0.72,,,,
2023,WLD,Boreal mountain system,0.9,,,,
2024,WLD,Boreal mountain system,1.4,,,,
2025,WLD,Boreal mountain system,0.65,,,,
2001,WLD,Boreal tundra woodland,0.24,,,,
2002,WLD,Boreal tundra woodland,0.49,,,,
2003,WLD,Boreal tundra woodland,0.26,,,,
2004,WLD,Boreal tundra woodland,0.59,,,,
2005,WLD,Boreal tundra woodland,0.61,,,,
2006,WLD,Boreal tundra woodland,0.41,,,,
2007,WLD,Boreal tundra woodland,0.3,,,,
2008,WLD,Boreal tundra woodland,0.32,,,,
2009,WLD,Boreal tundra woodland,0.35,,,,
2010,WLD,Boreal tundra woodland,0.41,,,,
2011,WLD,Boreal tundra woodland,0.31,,,,
2012,WLD,Boreal tundra woodland,0.34,,,,
2013,WLD,Boreal tundra woodland,0.73,,,,
2014,WLD,Boreal tundra woodland,0.9,,,,
2015,WLD,Boreal tundra woodland,0.58,,,,
2016,WLD,Boreal tundra woodland,0.34,,,,
2017,WLD,Boreal tundra woodland,0.5,,,,
2018,WLD,Boreal tundra woodland,0.23,,,,
2019,WLD,Boreal tundra woodland,0.21,,,,
2020,WLD,Boreal tundra woodland,0.081,,,,
2021,WLD,Boreal tundra woodland,0.25,,,,
2022,WLD,Boreal tundra woodland,0.49,,,,
2023,WLD,Boreal tundra woodland,2,,,,
2024,WLD,Boreal tundra woodland,1.2,,,,
2025,WLD,Boreal tundra woodland,0.55,,,,
2001,WLD,Polar,0.002,,,,
2002,WLD,Polar,0.00017,,,,
2003,WLD,Polar,0.00027,,,,
2004,WLD,Polar,0.00025,,,,
2005,WLD,Polar,0.00018,,,,
2006,WLD,Polar,0.0013,,,,
2007,WLD,Polar,0.00032,,,,
2008,WLD,Polar,0.00017,,,,
2009,WLD,Polar,0.000078,,,,
2010,WLD,Polar,0.000085,,,,
2011,WLD,Polar,0.00027,,,,
2012,WLD,Polar,0.00019,,,,
2013,WLD,Polar,0.0013,,,,
2014,WLD,Polar,0.00081,,,,
2015,WLD,Polar,0.0012,,,,
2016,WLD,Polar,0.006,,,,
2017,WLD,Polar,0.0012,,,,
2018,WLD,Polar,0.00089,,,,
2019,WLD,Polar,0.00075,,,,
2020,WLD,Polar,0.00014,,,,
2021,WLD,Polar,0.000023,,,,
2022,WLD,Polar,0.0045,,,,
2023,WLD,Polar,0.0028,,,,
2024,WLD,Polar,0.0045,,,,
2025,WLD,Polar,0.00041,,,,
2002,WLD,Subtropical desert,0.00000014,,,,
2003,WLD,Subtropical desert,0.00000082,,,,
2007,WLD,Subtropical desert,0.00000036,,,,
2020,WLD,Subtropical desert,0.00000021,,,,
2021,WLD,Subtropical desert,0.0000098,,,,
2022,WLD,Subtropical desert,0.0000014,,,,
2024,WLD,Subtropical desert,0.00000086,,,,
2025,WLD,Subtropical desert,0.000000072,,,,
2001,WLD,Subtropical dry forest,0.000019,,,,
2002,WLD,Subtropical dry forest,0.000089,,,,
2003,WLD,Subtropical dry forest,0.000056,,,,
2004,WLD,Subtropical dry forest,0.00012,,,,
2005,WLD,Subtropical dry forest,0.00018,,,,
2006,WLD,Subtropical dry forest,0.00014,,,,
2007,WLD,Subtropical dry forest,0.000076,,,,
2008,WLD,Subtropical dry forest,0.00007,,,,
2009,WLD,Subtropical dry forest,0.000063,,,,
2010,WLD,Subtropical dry forest,0.00006,,,,
2011,WLD,Subtropical dry forest,0.00004,,,,
2012,WLD,Subtropical dry forest,0.000044,,,,
2013,WLD,Subtropical dry forest,0.000097,,,,
2014,WLD,Subtropical dry forest,0.000077,,,,
2015,WLD,Subtropical dry forest,0.000082,,,,
2016,WLD,Subtropical dry forest,0.000069,,,,
2017,WLD,Subtropical dry forest,0.00075,,,,
2018,WLD,Subtropical dry forest,0.00022,,,,
2019,WLD,Subtropical dry forest,0.00015,,,,
2020,WLD,Subtropical dry forest,0.00012,,,,
2021,WLD,Subtropical dry forest,0.00013,,,,
2022,WLD,Subtropical dry forest,0.00008,,,,
2023,WLD,Subtropical dry forest,0.000031,,,,
2024,WLD,Subtropical dry forest,0.000054,,,,
2025,WLD,Subtropical dry forest,0.000063,,,,
2001,WLD,Subtropical humid forest,0.0014,,,,
2002,WLD,Subtropical humid forest,0.0025,,,,
2003,WLD,Subtropical humid forest,0.0028,,,,
2004,WLD,Subtropical humid forest,0.0037,,,,
2005,WLD,Subtropical humid forest,0.0041,,,,
2006,WLD,Subtropical humid forest,0.003,,,,
2007,WLD,Subtropical humid forest,0.0021,,,,
2008,WLD,Subtropical humid forest,0.0028,,,,
2009,WLD,Subtropical humid forest,0.0048,,,,
2010,WLD,Subtropical humid forest,0.0024,,,,
2011,WLD,Subtropical humid forest,0.0021,,,,
2012,WLD,Subtropical humid forest,0.0021,,,,
2013,WLD,Subtropical humid forest,0.0021,,,,
2014,WLD,Subtropical humid forest,0.0026,,,,
2015,WLD,Subtropical humid forest,0.0023,,,,
2016,WLD,Subtropical humid forest,0.0042,,,,
2017,WLD,Subtropical humid forest,0.0072,,,,
2018,WLD,Subtropical humid forest,0.0028,,,,
2019,WLD,Subtropical humid forest,0.0035,,,,
2020,WLD,Subtropical humid forest,0.0037,,,,
2021,WLD,Subtropical humid forest,0.0043,,,,
2022,WLD,Subtropical humid forest,0.0043,,,,
2023,WLD,Subtropical humid forest,0.0027,,,,
2024,WLD,Subtropical humid forest,0.0028,,,,
2025,WLD,Subtropical humid forest,0.0031,,,,
2001,WLD,Subtropical mountain system,0.00023,,,,
2002,WLD,Subtropical mountain system,0.00034,,,,
2003,WLD,Subtropical mountain system,0.00047,,,,
2004,WLD,Subtropical mountain system,0.00058,,,,
2005,WLD,Subtropical mountain system,0.00051,,,,
2006,WLD,Subtropical mountain system,0.00078,,,,
2007,WLD,Subtropical mountain system,0.00064,,,,
2008,WLD,Subtropical mountain system,0.00051,,,,
2009,WLD,Subtropical mountain system,0.00072,,,,
2010,WLD,Subtropical mountain system,0.0008,,,,
2011,WLD,Subtropical mountain system,0.00044,,,,
2012,WLD,Subtropical mountain system,0.00037,,,,
2013,WLD,Subtropical mountain system,0.00028,,,,
2014,WLD,Subtropical mountain system,0.00033,,,,
2015,WLD,Subtropical mountain system,0.0004,,,,
2016,WLD,Subtropical mountain system,0.00071,,,,
2017,WLD,Subtropical mountain system,0.00082,,,,
2018,WLD,Subtropical mountain system,0.00052,,,,
2019,WLD,Subtropical mountain system,0.00045,,,,
2020,WLD,Subtropical mountain system,0.00065,,,,
2021,WLD,Subtropical mountain system,0.00067,,,,
2022,WLD,Subtropical mountain system,0.00069,,,,
2023,WLD,Subtropical mountain system,0.00085,,,,
2024,WLD,Subtropical mountain system,0.00089,,,,
2025,WLD,Subtropical mountain system,0.0012,,,,
2001,WLD,Subtropical steppe,0.000032,,,,
2002,WLD,Subtropical steppe,0.00016,,,,
2003,WLD,Subtropical steppe,0.000063,,,,
2004,WLD,Subtropical steppe,0.00014,,,,
2005,WLD,Subtropical steppe,0.0001,,,,
2006,WLD,Subtropical steppe,0.000088,,,,
2007,WLD,Subtropical steppe,0.000065,,,,
2008,WLD,Subtropical steppe,0.000095,,,,
2009,WLD,Subtropical steppe,0.00013,,,,
2010,WLD,Subtropical steppe,0.00016,,,,
2011,WLD,Subtropical steppe,0.000093,,,,
2012,WLD,Subtropical steppe,0.000094,,,,
2013,WLD,Subtropical steppe,0.00014,,,,
2014,WLD,Subtropical steppe,0.00014,,,,
2015,WLD,Subtropical steppe,0.000081,,,,
2016,WLD,Subtropical steppe,0.000064,,,,
2017,WLD,Subtropical steppe,0.00011,,,,
2018,WLD,Subtropical steppe,0.00017,,,,
2019,WLD,Subtropical steppe,0.0003,,,,
2020,WLD,Subtropical steppe,0.00015,,,,
2021,WLD,Subtropical steppe,0.00035,,,,
2022,WLD,Subtropical steppe,0.00026,,,,
2023,WLD,Subtropical steppe,0.00033,,,,
2024,WLD,Subtropical steppe,0.00047,,,,
2025,WLD,Subtropical steppe,0.00024,,,,
2001,WLD,Temperate continental forest,0.00079,,,,
2002,WLD,Temperate continental forest,0.0012,,,,
2003,WLD,Temperate continental forest,0.0041,,,,
2004,WLD,Temperate continental forest,0.0075,,,,
2005,WLD,Temperate continental forest,0.017,,,,
2006,WLD,Temperate continental forest,0.0059,,,,
2007,WLD,Temperate continental forest,0.0099,,,,
2008,WLD,Temperate continental forest,0.0078,,,,
2009,WLD,Temperate continental forest,0.0039,,,,
2010,WLD,Temperate continental forest,0.007,,,,
2011,WLD,Temperate continental forest,0.0045,,,,
2012,WLD,Temperate continental forest,0.0047,,,,
2013,WLD,Temperate continental forest,0.0059,,,,
2014,WLD,Temperate continental forest,0.0042,,,,
2015,WLD,Temperate continental forest,0.0053,,,,
2016,WLD,Temperate continental forest,0.0048,,,,
2017,WLD,Temperate continental forest,0.0038,,,,
2018,WLD,Temperate continental forest,0.021,,,,
2019,WLD,Temperate continental forest,0.01,,,,
2020,WLD,Temperate continental forest,0.0045,,,,
2021,WLD,Temperate continental forest,0.014,,,,
2022,WLD,Temperate continental forest,0.017,,,,
2023,WLD,Temperate continental forest,0.01,,,,
2024,WLD,Temperate continental forest,0.0051,,,,
2025,WLD,Temperate continental forest,0.014,,,,
2001,WLD,Temperate desert,0.000081,,,,
2002,WLD,Temperate desert,0.00013,,,,
2003,WLD,Temperate desert,0.00016,,,,
2004,WLD,Temperate desert,0.0013,,,,
2005,WLD,Temperate desert,0.00079,,,,
2006,WLD,Temperate desert,0.00011,,,,
2007,WLD,Temperate desert,0.00016,,,,
2008,WLD,Temperate desert,0.0014,,,,
2009,WLD,Temperate desert,0.0046,,,,
2010,WLD,Temperate desert,0.0017,,,,
2011,WLD,Temperate desert,0.0002,,,,
2012,WLD,Temperate desert,0.00014,,,,
2013,WLD,Temperate desert,0.000062,,,,
2014,WLD,Temperate desert,0.000066,,,,
2015,WLD,Temperate desert,0.00031,,,,
2016,WLD,Temperate desert,0.00015,,,,
2017,WLD,Temperate desert,0.00019,,,,
2018,WLD,Temperate desert,0.00031,,,,
2019,WLD,Temperate desert,0.00025,,,,
2020,WLD,Temperate desert,0.00011,,,,
2021,WLD,Temperate desert,0.00026,,,,
2022,WLD,Temperate desert,0.0017,,,,
2023,WLD,Temperate desert,0.0048,,,,
2024,WLD,Temperate desert,0.0035,,,,
2025,WLD,Temperate desert,0.00066,,,,
2001,WLD,Temperate mountain system,0.054,,,,
2002,WLD,Temperate mountain system,0.069,,,,
2003,WLD,Temperate mountain system,0.12,,,,
2004,WLD,Temperate mountain system,0.16,,,,
2005,WLD,Temperate mountain system,0.075,,,,
2006,WLD,Temperate mountain system,0.12,,,,
2007,WLD,Temperate mountain system,0.16,,,,
2008,WLD,Temperate mountain system,0.12,,,,
2009,WLD,Temperate mountain system,0.07,,,,
2010,WLD,Temperate mountain system,0.09,,,,
2011,WLD,Temperate mountain system,0.063,,,,
2012,WLD,Temperate mountain system,0.098,,,,
2013,WLD,Temperate mountain system,0.058,,,,
2014,WLD,Temperate mountain system,0.11,,,,
2015,WLD,Temperate mountain system,0.084,,,,
2016,WLD,Temperate mountain system,0.094,,,,
2017,WLD,Temperate mountain system,0.16,,,,
2018,WLD,Temperate mountain system,0.17,,,,
2019,WLD,Temperate mountain system,0.18,,,,
2020,WLD,Temperate mountain system,0.069,,,,
2021,WLD,Temperate mountain system,0.092,,,,
2022,WLD,Temperate mountain system,0.086,,,,
2023,WLD,Temperate mountain system,0.18,,,,
2024,WLD,Temperate mountain system,0.13,,,,
2025,WLD,Temperate mountain system,0.098,,,,
2001,WLD,Temperate oceanic forest,0.00082,,,,
2002,WLD,Temperate oceanic forest,0.00062,,,,
2003,WLD,Temperate oceanic forest,0.0013,,,,
2004,WLD,Temperate oceanic forest,0.0019,,,,
2005,WLD,Temperate oceanic forest,0.0012,,,,
2006,WLD,Temperate oceanic forest,0.0019,,,,
2007,WLD,Temperate oceanic forest,0.0033,,,,
2008,WLD,Temperate oceanic forest,0.0055,,,,
2009,WLD,Temperate oceanic forest,0.0036,,,,
2010,WLD,Temperate oceanic forest,0.0034,,,,
2011,WLD,Temperate oceanic forest,0.0048,,,,
2012,WLD,Temperate oceanic forest,0.031,,,,
2013,WLD,Temperate oceanic forest,0.0022,,,,
2014,WLD,Temperate oceanic forest,0.0052,,,,
2015,WLD,Temperate oceanic forest,0.01,,,,
2016,WLD,Temperate oceanic forest,0.0026,,,,
2017,WLD,Temperate oceanic forest,0.00057,,,,
2018,WLD,Temperate oceanic forest,0.0006,,,,
2019,WLD,Temperate oceanic forest,0.019,,,,
2020,WLD,Temperate oceanic forest,0.033,,,,
2021,WLD,Temperate oceanic forest,0.0018,,,,
2022,WLD,Temperate oceanic forest,0.006,,,,
2023,WLD,Temperate oceanic forest,0.0019,,,,
2024,WLD,Temperate oceanic forest,0.0016,,,,
2025,WLD,Temperate oceanic forest,0.0079,,,,
2001,WLD,Temperate steppe,0.0004,,,,
2002,WLD,Temperate steppe,0.0014,,,,
2003,WLD,Temperate steppe,0.012,,,,
2004,WLD,Temperate steppe,0.004,,,,
2005,WLD,Temperate steppe,0.00081,,,,
2006,WLD,Temperate steppe,0.0011,,,,
2007,WLD,Temperate steppe,0.0045,,,,
2008,WLD,Temperate steppe,0.0048,,,,
2009,WLD,Temperate steppe,0.0074,,,,
2010,WLD,Temperate steppe,0.00055,,,,
2011,WLD,Temperate steppe,0.002,,,,
2012,WLD,Temperate steppe,0.001,,,,
2013,WLD,Temperate steppe,0.0019,,,,
2014,WLD,Temperate steppe,0.0002,,,,
2015,WLD,Temperate steppe,0.00051,,,,
2016,WLD,Temperate steppe,0.0011,,,,
2017,WLD,Temperate steppe,0.0013,,,,
2018,WLD,Temperate steppe,0.0034,,,,
2019,WLD,Temperate steppe,0.00017,,,,
2020,WLD,Temperate steppe,0.000029,,,,
2021,WLD,Temperate steppe,0.0038,,,,
2022,WLD,Temperate steppe,0.0017,,,,
2023,WLD,Temperate steppe,0.00033,,,,
2024,WLD,Temperate steppe,0.013,,,,
2025,WLD,Temperate steppe,0.012,,,,
2001,WLD,Tropical dry forest,0.017,,,,
2002,WLD,Tropical dry forest,0.053,,,,
2003,WLD,Tropical dry forest,0.081,,,,
2004,WLD,Tropical dry forest,0.085,,,,
2005,WLD,Tropical dry forest,0.081,,,,
2006,WLD,Tropical dry forest,0.072,,,,
2007,WLD,Tropical dry forest,0.083,,,,
2008,WLD,Tropical dry forest,0.12,,,,
2009,WLD,Tropical dry forest,0.11,,,,
2010,WLD,Tropical dry forest,0.18,,,,
2011,WLD,Tropical dry forest,0.14,,,,
2012,WLD,Tropical dry forest,0.15,,,,
2013,WLD,Tropical dry forest,0.13,,,,
2014,WLD,Tropical dry forest,0.1,,,,
2015,WLD,Tropical dry forest,0.082,,,,
2016,WLD,Tropical dry forest,0.14,,,,
2017,WLD,Tropical dry forest,0.11,,,,
2018,WLD,Tropical dry forest,0.071,,,,
2019,WLD,Tropical dry forest,0.091,,,,
2020,WLD,Tropical dry forest,0.076,,,,
2021,WLD,Tropical dry forest,0.08,,,,
2022,WLD,Tropical dry forest,0.081,,,,
2023,WLD,Tropical dry forest,0.071,,,,
2024,WLD,Tropical dry forest,0.073,,,,
2025,WLD,Tropical dry forest,0.046,,,,
2001,WLD,Tropical moist deciduous forest,0.078,,,,
2002,WLD,Tropical moist deciduous forest,0.3,,,,
2003,WLD,Tropical moist deciduous forest,0.37,,,,
2004,WLD,Tropical moist deciduous forest,0.38,,,,
2005,WLD,Tropical moist deciduous forest,0.35,,,,
2006,WLD,Tropical moist deciduous forest,0.29,,,,
2007,WLD,Tropical moist deciduous forest,0.39,,,,
2008,WLD,Tropical moist deciduous forest,0.32,,,,
2009,WLD,Tropical moist deciduous forest,0.27,,,,
2010,WLD,Tropical moist deciduous forest,0.4,,,,
2011,WLD,Tropical moist deciduous forest,0.34,,,,
2012,WLD,Tropical moist deciduous forest,0.37,,,,
2013,WLD,Tropical moist deciduous forest,0.3,,,,
2014,WLD,Tropical moist deciduous forest,0.3,,,,
2015,WLD,Tropical moist deciduous forest,0.26,,,,
2016,WLD,Tropical moist deciduous forest,0.7,,,,
2017,WLD,Tropical moist deciduous forest,0.75,,,,
2018,WLD,Tropical moist deciduous forest,0.34,,,,
2019,WLD,Tropical moist deciduous forest,0.56,,,,
2020,WLD,Tropical moist deciduous forest,0.64,,,,
2021,WLD,Tropical moist deciduous forest,0.49,,,,
2022,WLD,Tropical moist deciduous forest,0.48,,,,
2023,WLD,Tropical moist deciduous forest,0.49,,,,
2024,WLD,Tropical moist deciduous forest,1.4,,,,
2025,WLD,Tropical moist deciduous forest,0.52,,,,
2001,WLD,Tropical mountain system,0.047,,,,
2002,WLD,Tropical mountain system,0.079,,,,
2003,WLD,Tropical mountain system,0.072,,,,
2004,WLD,Tropical mountain system,0.094,,,,
2005,WLD,Tropical mountain system,0.11,,,,
2006,WLD,Tropical mountain system,0.091,,,,
2007,WLD,Tropical mountain system,0.13,,,,
2008,WLD,Tropical mountain system,0.097,,,,
2009,WLD,Tropical mountain system,0.13,,,,
2010,WLD,Tropical mountain system,0.13,,,,
2011,WLD,Tropical mountain system,0.11,,,,
2012,WLD,Tropical mountain system,0.16,,,,
2013,WLD,Tropical mountain system,0.13,,,,
2014,WLD,Tropical mountain system,0.17,,,,
2015,WLD,Tropical mountain system,0.15,,,,
2016,WLD,Tropical mountain system,0.21,,,,
2017,WLD,Tropical mountain system,0.23,,,,
2018,WLD,Tropical mountain system,0.18,,,,
2019,WLD,Tropical mountain system,0.17,,,,
2020,WLD,Tropical mountain system,0.18,,,,
2021,WLD,Tropical mountain system,0.15,,,,
2022,WLD,Tropical mountain system,0.15,,,,
2023,WLD,Tropical mountain system,0.2,,,,
2024,WLD,Tropical mountain system,0.21,,,,
2025,WLD,Tropical mountain system,0.2,,,,
2001,WLD,Tropical rainforest,0.84,,,,
2002,WLD,Tropical rainforest,2.2,,,,
2003,WLD,Tropical rainforest,2,,,,
2004,WLD,Tropical rainforest,2.8,,,,
2005,WLD,Tropical rainforest,2.8,,,,
2006,WLD,Tropical rainforest,2.4,,,,
2007,WLD,Tropical rainforest,2.3,,,,
2008,WLD,Tropical rainforest,2.2,,,,
2009,WLD,Tropical rainforest,2.3,,,,
2010,WLD,Tropical rainforest,2.6,,,,
2011,WLD,Tropical rainforest,2.1,,,,
2012,WLD,Tropical rainforest,2.9,,,,
2013,WLD,Tropical rainforest,2.1,,,,
2014,WLD,Tropical rainforest,3,,,,
2015,WLD,Tropical rainforest,2.4,,,,
2016,WLD,Tropical rainforest,5.1,,,,
2017,WLD,Tropical rainforest,3.9,,,,
2018,WLD,Tropical rainforest,3,,,,
2019,WLD,Tropical rainforest,2.9,,,,
2020,WLD,Tropical rainforest,3.3,,,,
2021,WLD,Tropical rainforest,3,,,,
2022,WLD,Tropical rainforest,3.4,,,,
2023,WLD,Tropical rainforest,3,,,,
2024,WLD,Tropical rainforest,5,,,,
2025,WLD,Tropical rainforest,3.5,,,,
2001,WLD,Tropical shrubland,0.001,,,,
2002,WLD,Tropical shrubland,0.0007,,,,
2003,WLD,Tropical shrubland,0.00031,,,,
2004,WLD,Tropical shrubland,0.00088,,,,
2005,WLD,Tropical shrubland,0.00086,,,,
2006,WLD,Tropical shrubland,0.0013,,,,
2007,WLD,Tropical shrubland,0.001,,,,
2008,WLD,Tropical shrubland,0.00085,,,,
2009,WLD,Tropical shrubland,0.0014,,,,
2010,WLD,Tropical shrubland,0.0011,,,,
2011,WLD,Tropical shrubland,0.0011,,,,
2012,WLD,Tropical shrubland,0.0017,,,,
2013,WLD,Tropical shrubland,0.00098,,,,
2014,WLD,Tropical shrubland,0.0028,,,,
2015,WLD,Tropical shrubland,0.0021,,,,
2016,WLD,Tropical shrubland,0.0026,,,,
2017,WLD,Tropical shrubland,0.0026,,,,
2018,WLD,Tropical shrubland,0.0017,,,,
2019,WLD,Tropical shrubland,0.0016,,,,
2020,WLD,Tropical shrubland,0.0029,,,,
2021,WLD,Tropical shrubland,0.00092,,,,
2022,WLD,Tropical shrubland,0.00077,,,,
2023,WLD,Tropical shrubland,0.00095,,,,
2024,WLD,Tropical shrubland,0.001,,,,
2025,WLD,Tropical shrubland,0.0008,,,,
2001,WLD,Water,0.00091,,,,
2002,WLD,Water,0.00012,,,,
2003,WLD,Water,0.00022,,,,
2004,WLD,Water,0.00015,,,,
2005,WLD,Water,0.0007,,,,
2006,WLD,Water,0.00089,,,,
2007,WLD,Water,0.00037,,,,
2008,WLD,Water,0.00061,,,,
2009,WLD,Water,0.00049,,,,
2010,WLD,Water,0.00088,,,,
2011,WLD,Water,0.0011,,,,
2012,WLD,Water,0.00078,,,,
2013,WLD,Water,0.00065,,,,
2014,WLD,Water,0.00059,,,,
2015,WLD,Water,0.00075,,,,
2016,WLD,Water,0.0014,,,,
2017,WLD,Water,0.0016,,,,
2018,WLD,Water,0.0016,,,,
2019,WLD,Water,0.0012,,,,
2020,WLD,Water,0.00088,,,,
2021,WLD,Water,0.0024,,,,
2022,WLD,Water,0.0029,,,,
2023,WLD,Water,0.00072,,,,
2024,WLD,Water,0.0013,,,,
2025,WLD,Water,0.0018,,,,
2006,ABW,Total,0.000000075,,,,
2009,ABW,Total,0.00000015,,,,
2001,AGO,Total,0.005,,,,
2002,AGO,Total,0.0035,,,,
2003,AGO,Total,0.003,,,,
2004,AGO,Total,0.0024,,,,
2005,AGO,Total,0.0031,,,,
2006,AGO,Total,0.0014,,,,
2007,AGO,Total,0.0081,,,,
2008,AGO,Total,0.0027,,,,
2009,AGO,Total,0.0053,,,,
2010,AGO,Total,0.0052,,,,
2011,AGO,Total,0.0043,,,,
2012,AGO,Total,0.0056,,,,
2013,AGO,Total,0.0093,,,,
2014,AGO,Total,0.011,,,,
2015,AGO,Total,0.009,,,,
2016,AGO,Total,0.012,,,,
2017,AGO,Total,0.011,,,,
2018,AGO,Total,0.014,,,,
2019,AGO,Total,0.01,,,,
2020,AGO,Total,0.0089,,,,
2021,AGO,Total,0.024,,,,
2022,AGO,Total,0.016,,,,
2023,AGO,Total,0.018,,,,
2024,AGO,Total,0.014,,,,
2025,AGO,Total,0.022,,,,
2001,ARG,Total,0.0063,,,,
2002,ARG,Total,0.01,,,,
2003,ARG,Total,0.015,,,,
2004,ARG,Total,0.029,,,,
2005,ARG,Total,0.032,,,,
2006,ARG,Total,0.025,,,,
2007,ARG,Total,0.019,,,,
2008,ARG,Total,0.048,,,,
2009,ARG,Total,0.021,,,,
2010,ARG,Total,0.032,,,,
2011,ARG,Total,0.018,,,,
2012,ARG,Total,0.027,,,,
2013,ARG,Total,0.058,,,,
2014,ARG,Total,0.02,,,,
2015,ARG,Total,0.026,,,,
2016,ARG,Total,0.017,,,,
2017,ARG,Total,0.018,,,,
2018,ARG,Total,0.0095,,,,
2019,ARG,Total,0.0093,,,,
2020,ARG,Total,0.021,,,,
2021,ARG,Total,0.012,,,,
2022,ARG,Total,0.027,,,,
2023,ARG,Total,0.012,,,,
2024,ARG,Total,0.013,,,,
2025,ARG,Total,0.024,,,,
2018,ATG,Total,0.000000073,,,,
2001,AUS,Total,0.00024,,,,
2002,AUS,Total,0.00014,,,,
2003,AUS,Total,0.00023,,,,
2004,AUS,Total,0.00022,,,,
2005,AUS,Total,0.0003,,,,
2006,AUS,Total,0.0006,,,,
2007,AUS,Total,0.0012,,,,
2008,AUS,Total,0.0003,,,,
2009,AUS,Total,0.00031,,,,
2010,AUS,Total,0.00055,,,,
2011,AUS,Total,0.00018,,,,
2012,AUS,Total,0.00035,,,,
2013,AUS,Total,0.00064,,,,
2014,AUS,Total,0.0007,,,,
2015,AUS,Total,0.000098,,,,
2016,AUS,Total,0.0017,,,,
2017,AUS,Total,0.00033,,,,
2018,AUS,Total,0.0001,,,,
2019,AUS,Total,0.029,,,,
2020,AUS,Total,0.062,,,,
2021,AUS,Total,0.002,,,,
2022,AUS,Total,0.0019,,,,
2023,AUS,Total,0.0015,,,,
2024,AUS,Total,0.00087,,,,
2025,AUS,Total,0.0092,,,,
2001,BDI,Total,0.0000062,,,,
2002,BDI,Total,0.0000039,,,,
2003,BDI,Total,0.000052,,,,
2004,BDI,Total,0.0000028,,,,
2005,BDI,Total,0.000015,,,,
2006,BDI,Total,0.0000058,,,,
2007,BDI,Total,0.000014,,,,
2008,BDI,Total,0.000018,,,,
2009,BDI,Total,0.000013,,,,
2010,BDI,Total,0.000013,,,,
2011,BDI,Total,0.0000071,,,,
2012,BDI,Total,0.0000048,,,,
2013,BDI,Total,0.000011,,,,
2014,BDI,Total,0.000048,,,,
2015,BDI,Total,0.000017,,,,
2016,BDI,Total,0.000028,,,,
2017,BDI,Total,0.000014,,,,
2018,BDI,Total,0.000033,,,,
2019,BDI,Total,0.000014,,,,
2020,BDI,Total,0.000027,,,,
2021,BDI,Total,0.000014,,,,
2022,BDI,Total,0.0000048,,,,
2023,BDI,Total,0.0000081,,,,
2024,BDI,Total,0.0000097,,,,
2025,BDI,Total,0.000028,,,,
2002,BEN,Total,0.00000023,,,,
2005,BEN,Total,0.00000023,,,,
2006,BEN,Total,0.000000076,,,,
2007,BEN,Total,0.000000076,,,,
2009,BEN,Total,0.00000031,,,,
2010,BEN,Total,0.00000031,,,,
2011,BEN,Total,0.00000015,,,,
2012,BEN,Total,0.00000031,,,,
2013,BEN,Total,0.0000018,,,,
2014,BEN,Total,0.0000043,,,,
2015,BEN,Total,0.000000076,,,,
2016,BEN,Total,0.000013,,,,
2017,BEN,Total,0.0000015,,,,
2018,BEN,Total,0.00000023,,,,
2019,BEN,Total,0.0000028,,,,
2020,BEN,Total,0.0000016,,,,
2021,BEN,Total,0.0000015,,,,
2022,BEN,Total,0.00000084,,,,
2023,BEN,Total,0.0000028,,,,
2025,BEN,Total,0.000000076,,,,
2001,BES,Total,0.00000015,,,,
2004,BES,Total,0.000000073,,,,
2006,BES,Total,0.000000073,,,,
2007,BES,Total,0.00000015,,,,
2012,BES,Total,0.000000075,,,,
2020,BES,Total,0.0000064,,,,
2001,BGD,Total,0.00038,,,,
2002,BGD,Total,0.00062,,,,
2003,BGD,Total,0.00027,,,,
2004,BGD,Total,0.00035,,,,
2005,BGD,Total,0.00031,,,,
2006,BGD,Total,0.00068,,,,
2007,BGD,Total,0.00037,,,,
2008,BGD,Total,0.00024,,,,
2009,BGD,Total,0.00056,,,,
2010,BGD,Total,0.00023,,,,
2011,BGD,Total,0.00026,,,,
2012,BGD,Total,0.00033,,,,
2013,BGD,Total,0.00019,,,,
2014,BGD,Total,0.00046,,,,
2015,BGD,Total,0.00021,,,,
2016,BGD,Total,0.00035,,,,
2017,BGD,Total,0.00041,,,,
2018,BGD,Total,0.00036,,,,
2019,BGD,Total,0.00039,,,,
2020,BGD,Total,0.00046,,,,
2021,BGD,Total,0.00031,,,,
2022,BGD,Total,0.00031,,,,
2023,BGD,Total,0.00074,,,,
2024,BGD,Total,0.00047,,,,
2025,BGD,Total,0.00051,,,,
2001,BHS,Total,0.00000029,,,,
2002,BHS,Total,0.00000021,,,,
2003,BHS,Total,0.000000071,,,,
2004,BHS,Total,0.0000044,,,,
2005,BHS,Total,0.0000016,,,,
2006,BHS,Total,0.0000035,,,,
2007,BHS,Total,0.0000072,,,,
2008,BHS,Total,0.000003,,,,
2009,BHS,Total,0.0000059,,,,
2010,BHS,Total,0.0000023,,,,
2011,BHS,Total,0.0000017,,,,
2012,BHS,Total,0.0000068,,,,
2013,BHS,Total,0.0000031,,,,
2014,BHS,Total,0.000002,,,,
2015,BHS,Total,0.0000024,,,,
2016,BHS,Total,0.0014,,,,
2017,BHS,Total,0.000013,,,,
2018,BHS,Total,0.000012,,,,
2019,BHS,Total,0.0000058,,,,
2020,BHS,Total,0.0000041,,,,
2021,BHS,Total,0.0000035,,,,
2022,BHS,Total,0.0000014,,,,
2023,BHS,Total,0.000034,,,,
2024,BHS,Total,0.000005,,,,
2025,BHS,Total,0.0000018,,,,
2001,BLZ,Total,0.0012,,,,
2002,BLZ,Total,0.0055,,,,
2003,BLZ,Total,0.003,,,,
2004,BLZ,Total,0.0021,,,,
2005,BLZ,Total,0.0032,,,,
2006,BLZ,Total,0.0019,,,,
2007,BLZ,Total,0.0041,,,,
2008,BLZ,Total,0.0036,,,,
2009,BLZ,Total,0.0044,,,,
2010,BLZ,Total,0.0048,,,,
2011,BLZ,Total,0.016,,,,
2012,BLZ,Total,0.0068,,,,
2013,BLZ,Total,0.0084,,,,
2014,BLZ,Total,0.009,,,,
2015,BLZ,Total,0.0066,,,,
2016,BLZ,Total,0.012,,,,
2017,BLZ,Total,0.0066,,,,
2018,BLZ,Total,0.0048,,,,
2019,BLZ,Total,0.0088,,,,
2020,BLZ,Total,0.016,,,,
2021,BLZ,Total,0.0045,,,,
2022,BLZ,Total,0.004,,,,
2023,BLZ,Total,0.012,,,,
2024,BLZ,Total,0.021,,,,
2025,BLZ,Total,0.0055,,,,
2001,BOL,Total,0.037,,,,
2002,BOL,Total,0.07,,,,
2003,BOL,Total,0.077,,,,
2004,BOL,Total,0.097,,,,
2005,BOL,Total,0.14,,,,
2006,BOL,Total,0.12,,,,
2007,BOL,Total,0.11,,,,
2008,BOL,Total,0.18,,,,
2009,BOL,Total,0.11,,,,
2010,BOL,Total,0.27,,,,
2011,BOL,Total,0.16,,,,
2012,BOL,Total,0.15,,,,
2013,BOL,Total,0.082,,,,
2014,BOL,Total,0.13,,,,
2015,BOL,Total,0.083,,,,
2016,BOL,Total,0.25,,,,
2017,BOL,Total,0.27,,,,
2018,BOL,Total,0.15,,,,
2019,BOL,Total,0.29,,,,
2020,BOL,Total,0.28,,,,
2021,BOL,Total,0.29,,,,
2022,BOL,Total,0.38,,,,
2023,BOL,Total,0.49,,,,
2024,BOL,Total,1.5,,,,
2025,BOL,Total,0.62,,,,
2001,BRA,Total,0.47,,,,
2002,BRA,Total,1.6,,,,
2003,BRA,Total,1.6,,,,
2004,BRA,Total,2,,,,
2005,BRA,Total,1.8,,,,
2006,BRA,Total,1.4,,,,
2007,BRA,Total,1.1,,,,
2008,BRA,Total,1.1,,,,
2009,BRA,Total,0.7,,,,
2010,BRA,Total,1.2,,,,
2011,BRA,Total,0.8,,,,
2012,BRA,Total,1.1,,,,
2013,BRA,Total,0.63,,,,
2014,BRA,Total,0.94,,,,
2015,BRA,Total,0.83,,,,
2016,BRA,Total,2.8,,,,
2017,BRA,Total,2.1,,,,
2018,BRA,Total,1.3,,,,
2019,BRA,Total,1.4,,,,
2020,BRA,Total,1.7,,,,
2021,BRA,Total,1.5,,,,
2022,BRA,Total,1.8,,,,
2023,BRA,Total,1.1,,,,
2024,BRA,Total,2.8,,,,
2025,BRA,Total,1.6,,,,
2001,BRN,Total,0.00025,,,,
2002,BRN,Total,0.00047,,,,
2003,BRN,Total,0.00038,,,,
2004,BRN,Total,0.00058,,,,
2005,BRN,Total,0.0006,,,,
2006,BRN,Total,0.00044,,,,
2007,BRN,Total,0.00064,,,,
2008,BRN,Total,0.00076,,,,
2009,BRN,Total,0.0012,,,,
2010,BRN,Total,0.00052,,,,
2011,BRN,Total,0.0017,,,,
2012,BRN,Total,0.0011,,,,
2013,BRN,Total,0.00061,,,,
2014,BRN,Total,0.0014,,,,
2015,BRN,Total,0.0008,,,,
2016,BRN,Total,0.0011,,,,
2017,BRN,Total,0.00051,,,,
2018,BRN,Total,0.00045,,,,
2019,BRN,Total,0.00045,,,,
2020,BRN,Total,0.00054,,,,
2021,BRN,Total,0.00051,,,,
2022,BRN,Total,0.00054,,,,
2023,BRN,Total,0.0005,,,,
2024,BRN,Total,0.00038,,,,
2025,BRN,Total,0.00039,,,,
2001,BTN,Total,0.000069,,,,
2002,BTN,Total,0.00012,,,,
2003,BTN,Total,0.000085,,,,
2004,BTN,Total,0.00034,,,,
2005,BTN,Total,0.00032,,,,
2006,BTN,Total,0.00026,,,,
2007,BTN,Total,0.00019,,,,
2008,BTN,Total,0.00032,,,,
2009,BTN,Total,0.00045,,,,
2010,BTN,Total,0.00082,,,,
2011,BTN,Total,0.00038,,,,
2012,BTN,Total,0.00031,,,,
2013,BTN,Total,0.00019,,,,
2014,BTN,Total,0.00046,,,,
2015,BTN,Total,0.00028,,,,
2016,BTN,Total,0.0007,,,,
2017,BTN,Total,0.00079,,,,
2018,BTN,Total,0.00041,,,,
2019,BTN,Total,0.00029,,,,
2020,BTN,Total,0.00047,,,,
2021,BTN,Total,0.0004,,,,
2022,BTN,Total,0.00051,,,,
2023,BTN,Total,0.00066,,,,
2024,BTN,Total,0.00045,,,,
2025,BTN,Total,0.0011,,,,
2001,CAF,Total,0.0039,,,,
2002,CAF,Total,0.007,,,,
2003,CAF,Total,0.003,,,,
2004,CAF,Total,0.0041,,,,
2005,CAF,Total,0.0055,,,,
2006,CAF,Total,0.0057,,,,
2007,CAF,Total,0.0084,,,,
2008,CAF,Total,0.0053,,,,
2009,CAF,Total,0.0089,,,,
2010,CAF,Total,0.011,,,,
2011,CAF,Total,0.0095,,,,
2012,CAF,Total,0.011,,,,
2013,CAF,Total,0.0065,,,,
2014,CAF,Total,0.0089,,,,
2015,CAF,Total,0.0051,,,,
2016,CAF,Total,0.02,,,,
2017,CAF,Total,0.015,,,,
2018,CAF,Total,0.0077,,,,
2019,CAF,Total,0.012,,,,
2020,CAF,Total,0.015,,,,
2021,CAF,Total,0.02,,,,
2022,CAF,Total,0.013,,,,
2023,CAF,Total,0.014,,,,
2024,CAF,Total,0.012,,,,
2025,CAF,Total,0.022,,,,
2001,CAN,Total,0.29,,,,
2002,CAN,Total,1,,,,
2003,CAN,Total,0.75,,,,
2004,CAN,Total,1.2,,,,
2005,CAN,Total,1.3,,,,
2006,CAN,Total,0.9,,,,
2007,CAN,Total,0.81,,,,
2008,CAN,Total,0.85,,,,
2009,CAN,Total,0.61,,,,
2010,CAN,Total,0.79,,,,
2011,CAN,Total,0.92,,,,
2012,CAN,Total,1.1,,,,
2013,CAN,Total,1.5,,,,
2014,CAN,Total,1.3,,,,
2015,CAN,Total,1,,,,
2016,CAN,Total,0.6,,,,
2017,CAN,Total,0.91,,,,
2018,CAN,Total,0.8,,,,
2019,CAN,Total,0.69,,,,
2020,CAN,Total,0.24,,,,
2021,CAN,Total,1,,,,
2022,CAN,Total,0.99,,,,
2023,CAN,Total,3.6,,,,
2024,CAN,Total,2,,,,
2025,CAN,Total,2.6,,,,
2001,CHL,Total,0.00041,,,,
2002,CHL,Total,0.0004,,,,
2003,CHL,Total,0.0017,,,,
2004,CHL,Total,0.0019,,,,
2005,CHL,Total,0.0011,,,,
2006,CHL,Total,0.0014,,,,
2007,CHL,Total,0.0027,,,,
2008,CHL,Total,0.0076,,,,
2009,CHL,Total,0.0039,,,,
2010,CHL,Total,0.0033,,,,
2011,CHL,Total,0.0047,,,,
2012,CHL,Total,0.031,,,,
2013,CHL,Total,0.0012,,,,
2014,CHL,Total,0.0018,,,,
2015,CHL,Total,0.0008,,,,
2016,CHL,Total,0.00041,,,,
2017,CHL,Total,0.00019,,,,
2018,CHL,Total,0.00036,,,,
2019,CHL,Total,0.0015,,,,
2020,CHL,Total,0.0011,,,,
2021,CHL,Total,0.00051,,,,
2022,CHL,Total,0.00023,,,,
2023,CHL,Total,0.00039,,,,
2024,CHL,Total,0.00032,,,,
2025,CHL,Total,0.00014,,,,
2001,CHN,Total,0.0031,,,,
2002,CHN,Total,0.0063,,,,
2003,CHN,Total,0.0017,,,,
2004,CHN,Total,0.0067,,,,
2005,CHN,Total,0.0037,,,,
2006,CHN,Total,0.0049,,,,
2007,CHN,Total,0.0077,,,,
2008,CHN,Total,0.0043,,,,
2009,CHN,Total,0.0074,,,,
2010,CHN,Total,0.0053,,,,
2011,CHN,Total,0.0053,,,,
2012,CHN,Total,0.008,,,,
2013,CHN,Total,0.0056,,,,
2014,CHN,Total,0.0052,,,,
2015,CHN,Total,0.0037,,,,
2016,CHN,Total,0.0038,,,,
2017,CHN,Total,0.0025,,,,
2018,CHN,Total,0.0016,,,,
2019,CHN,Total,0.0014,,,,
2020,CHN,Total,0.0013,,,,
2021,CHN,Total,0.0012,,,,
2022,CHN,Total,0.0015,,,,
2023,CHN,Total,0.0019,,,,
2024,CHN,Total,0.0044,,,,
2025,CHN,Total,0.004,,,,
2001,CIV,Total,0.014,,,,
2002,CIV,Total,0.024,,,,
2003,CIV,Total,0.017,,,,
2004,CIV,Total,0.011,,,,
2005,CIV,Total,0.006,,,,
2006,CIV,Total,0.017,,,,
2007,CIV,Total,0.017,,,,
2008,CIV,Total,0.013,,,,
2009,CIV,Total,0.015,,,,
2010,CIV,Total,0.017,,,,
2011,CIV,Total,0.03,,,,
2012,CIV,Total,0.023,,,,
2013,CIV,Total,0.019,,,,
2014,CIV,Total,0.036,,,,
2015,CIV,Total,0.016,,,,
2016,CIV,Total,0.017,,,,
2017,CIV,Total,0.02,,,,
2018,CIV,Total,0.026,,,,
2019,CIV,Total,0.012,,,,
2020,CIV,Total,0.013,,,,
2021,CIV,Total,0.0066,,,,
2022,CIV,Total,0.0085,,,,
2023,CIV,Total,0.0068,,,,
2024,CIV,Total,0.0076,,,,
2025,CIV,Total,0.0071,,,,
2001,CMR,Total,0.0083,,,,
2002,CMR,Total,0.011,,,,
2003,CMR,Total,0.01,,,,
2004,CMR,Total,0.009,,,,
2005,CMR,Total,0.011,,,,
2006,CMR,Total,0.015,,,,
2007,CMR,Total,0.018,,,,
2008,CMR,Total,0.015,,,,
2009,CMR,Total,0.02,,,,
2010,CMR,Total,0.027,,,,
2011,CMR,Total,0.014,,,,
2012,CMR,Total,0.025,,,,
2013,CMR,Total,0.043,,,,
2014,CMR,Total,0.089,,,,
2015,CMR,Total,0.041,,,,
2016,CMR,Total,0.059,,,,
2017,CMR,Total,0.09,,,,
2018,CMR,Total,0.058,,,,
2019,CMR,Total,0.054,,,,
2020,CMR,Total,0.1,,,,
2021,CMR,Total,0.089,,,,
2022,CMR,Total,0.076,,,,
2023,CMR,Total,0.1,,,,
2024,CMR,Total,0.096,,,,
2025,CMR,Total,0.11,,,,
2001,COD,Total,0.092,,,,
2002,COD,Total,0.17,,,,
2003,COD,Total,0.078,,,,
2004,COD,Total,0.12,,,,
2005,COD,Total,0.15,,,,
2006,COD,Total,0.15,,,,
2007,COD,Total,0.15,,,,
2008,COD,Total,0.12,,,,
2009,COD,Total,0.22,,,,
2010,COD,Total,0.27,,,,
2011,COD,Total,0.15,,,,
2012,COD,Total,0.21,,,,
2013,COD,Total,0.35,,,,
2014,COD,Total,0.44,,,,
2015,COD,Total,0.32,,,,
2016,COD,Total,0.5,,,,
2017,COD,Total,0.47,,,,
2018,COD,Total,0.48,,,,
2019,COD,Total,0.48,,,,
2020,COD,Total,0.49,,,,
2021,COD,Total,0.5,,,,
2022,COD,Total,0.51,,,,
2023,COD,Total,0.53,,,,
2024,COD,Total,0.59,,,,
2025,COD,Total,0.56,,,,
2001,COG,Total,0.0074,,,,
2002,COG,Total,0.01,,,,
2003,COG,Total,0.0099,,,,
2004,COG,Total,0.005,,,,
2005,COG,Total,0.0086,,,,
2006,COG,Total,0.012,,,,
2007,COG,Total,0.014,,,,
2008,COG,Total,0.0059,,,,
2009,COG,Total,0.0077,,,,
2010,COG,Total,0.021,,,,
2011,COG,Total,0.014,,,,
2012,COG,Total,0.015,,,,
2013,COG,Total,0.025,,,,
2014,COG,Total,0.031,,,,
2015,COG,Total,0.018,,,,
2016,COG,Total,0.044,,,,
2017,COG,Total,0.027,,,,
2018,COG,Total,0.027,,,,
2019,COG,Total,0.031,,,,
2020,COG,Total,0.026,,,,
2021,COG,Total,0.02,,,,
2022,COG,Total,0.026,,,,
2023,COG,Total,0.024,,,,
2024,COG,Total,0.062,,,,
2025,COG,Total,0.04,,,,
2001,COL,Total,0.024,,,,
2002,COL,Total,0.063,,,,
2003,COL,Total,0.032,,,,
2004,COL,Total,0.082,,,,
2005,COL,Total,0.059,,,,
2006,COL,Total,0.056,,,,
2007,COL,Total,0.096,,,,
2008,COL,Total,0.084,,,,
2009,COL,Total,0.066,,,,
2010,COL,Total,0.069,,,,
2011,COL,Total,0.073,,,,
2012,COL,Total,0.07,,,,
2013,COL,Total,0.058,,,,
2014,COL,Total,0.08,,,,
2015,COL,Total,0.05,,,,
2016,COL,Total,0.11,,,,
2017,COL,Total,0.16,,,,
2018,COL,Total,0.18,,,,
2019,COL,Total,0.12,,,,
2020,COL,Total,0.17,,,,
2021,COL,Total,0.13,,,,
2022,COL,Total,0.13,,,,
2023,COL,Total,0.066,,,,
2024,COL,Total,0.098,,,,
2025,COL,Total,0.082,,,,
2001,CRI,Total,0.00052,,,,
2002,CRI,Total,0.00075,,,,
2003,CRI,Total,0.00059,,,,
2004,CRI,Total,0.0006,,,,
2005,CRI,Total,0.00086,,,,
2006,CRI,Total,0.00071,,,,
2007,CRI,Total,0.00084,,,,
2008,CRI,Total,0.0013,,,,
2009,CRI,Total,0.002,,,,
2010,CRI,Total,0.0011,,,,
2011,CRI,Total,0.00099,,,,
2012,CRI,Total,0.00076,,,,
2013,CRI,Total,0.00076,,,,
2014,CRI,Total,0.00095,,,,
2015,CRI,Total,0.00022,,,,
2016,CRI,Total,0.0016,,,,
2017,CRI,Total,0.0074,,,,
2018,CRI,Total,0.0017,,,,
2019,CRI,Total,0.0014,,,,
2020,CRI,Total,0.0013,,,,
2021,CRI,Total,0.0011,,,,
2022,CRI,Total,0.0012,,,,
2023,CRI,Total,0.0014,,,,
2024,CRI,Total,0.0014,,,,
2025,CRI,Total,0.00098,,,,
2001,CUB,Total,0.00045,,,,
2002,CUB,Total,0.0029,,,,
2003,CUB,Total,0.00015,,,,
2004,CUB,Total,0.00061,,,,
2005,CUB,Total,0.001,,,,
2006,CUB,Total,0.00046,,,,
2007,CUB,Total,0.00045,,,,
2008,CUB,Total,0.0011,,,,
2009,CUB,Total,0.00074,,,,
2010,CUB,Total,0.00012,,,,
2011,CUB,Total,0.00031,,,,
2012,CUB,Total,0.00024,,,,
2013,CUB,Total,0.000067,,,,
2014,CUB,Total,0.000058,,,,
2015,CUB,Total,0.00014,,,,
2016,CUB,Total,0.00029,,,,
2017,CUB,Total,0.023,,,,
2018,CUB,Total,0.0021,,,,
2019,CUB,Total,0.000084,,,,
2020,CUB,Total,0.0003,,,,
2021,CUB,Total,0.00035,,,,
2022,CUB,Total,0.00026,,,,
2023,CUB,Total,0.00065,,,,
2024,CUB,Total,0.0015,,,,
2025,CUB,Total,0.00098,,,,
2001,CYM,Total,0.0000022,,,,
2002,CYM,Total,0.0000008,,,,
2004,CYM,Total,0.0000008,,,,
2005,CYM,Total,0.0000022,,,,
2006,CYM,Total,0.0000028,,,,
2007,CYM,Total,0.0000018,,,,
2008,CYM,Total,0.00000029,,,,
2009,CYM,Total,0.0000012,,,,
2010,CYM,Total,0.0000073,,,,
2011,CYM,Total,0.0000028,,,,
2012,CYM,Total,0.0000012,,,,
2013,CYM,Total,0.0000052,,,,
2014,CYM,Total,0.0000008,,,,
2016,CYM,Total,0.000036,,,,
2017,CYM,Total,0.00003,,,,
2018,CYM,Total,0.000017,,,,
2019,CYM,Total,0.00000058,,,,
2020,CYM,Total,0.00000029,,,,
2021,CYM,Total,0.0000013,,,,
2022,CYM,Total,0.0000013,,,,
2023,CYM,Total,0.0000078,,,,
2024,CYM,Total,0.000007,,,,
2025,CYM,Total,0.00002,,,,
2001,DMA,Total,0.0000049,,,,
2002,DMA,Total,0.000002,,,,
2003,DMA,Total,0.0000097,,,,
2004,DMA,Total,0.000022,,,,
2005,DMA,Total,0.000013,,,,
2006,DMA,Total,0.0000047,,,,
2007,DMA,Total,0.0000077,,,,
2008,DMA,Total,0.000022,,,,
2009,DMA,Total,0.000017,,,,
2010,DMA,Total,0.000021,,,,
2011,DMA,Total,0.000013,,,,
2012,DMA,Total,0.00004,,,,
2013,DMA,Total,0.0000051,,,,
2014,DMA,Total,0.000002,,,,
2016,DMA,Total,0.0000022,,,,
2017,DMA,Total,0.015,,,,
2018,DMA,Total,0.00059,,,,
2019,DMA,Total,0.0000025,,,,
2020,DMA,Total,0.0000097,,,,
2021,DMA,Total,0.0000068,,,,
2022,DMA,Total,0.0000064,,,,
2023,DMA,Total,0.0000038,,,,
2024,DMA,Total,0.0000044,,,,
2025,DMA,Total,0.0000044,,,,
2001,DOM,Total,0.00024,,,,
2002,DOM,Total,0.00045,,,,
2003,DOM,Total,0.00046,,,,
2004,DOM,Total,0.0011,,,,
2005,DOM,Total,0.005,,,,
2006,DOM,Total,0.00053,,,,
2007,DOM,Total,0.00096,,,,
2008,DOM,Total,0.0016,,,,
2009,DOM,Total,0.00079,,,,
2010,DOM,Total,0.00068,,,,
2011,DOM,Total,0.00058,,,,
2012,DOM,Total,0.0016,,,,
2013,DOM,Total,0.00026,,,,
2014,DOM,Total,0.00074,,,,
2015,DOM,Total,0.0018,,,,
2016,DOM,Total,0.0029,,,,
2017,DOM,Total,0.0016,,,,
2018,DOM,Total,0.00029,,,,
2019,DOM,Total,0.00051,,,,
2020,DOM,Total,0.0018,,,,
2021,DOM,Total,0.00059,,,,
2022,DOM,Total,0.0005,,,,
2023,DOM,Total,0.0013,,,,
2024,DOM,Total,0.0006,,,,
2025,DOM,Total,0.00054,,,,
2001,ECU,Total,0.0047,,,,
2002,ECU,Total,0.0057,,,,
2003,ECU,Total,0.0034,,,,
2004,ECU,Total,0.0054,,,,
2005,ECU,Total,0.0062,,,,
2006,ECU,Total,0.0064,,,,
2007,ECU,Total,0.007,,,,
2008,ECU,Total,0.009,,,,
2009,ECU,Total,0.0081,,,,
2010,ECU,Total,0.0085,,,,
2011,ECU,Total,0.011,,,,
2012,ECU,Total,0.016,,,,
2013,ECU,Total,0.012,,,,
2014,ECU,Total,0.0063,,,,
2015,ECU,Total,0.0085,,,,
2016,ECU,Total,0.013,,,,
2017,ECU,Total,0.021,,,,
2018,ECU,Total,0.013,,,,
2019,ECU,Total,0.012,,,,
2020,ECU,Total,0.02,,,,
2021,ECU,Total,0.013,,,,
2022,ECU,Total,0.021,,,,
2023,ECU,Total,0.014,,,,
2024,ECU,Total,0.021,,,,
2025,ECU,Total,0.017,,,,
2001,ETH,Total,0.0014,,,,
2002,ETH,Total,0.0016,,,,
2003,ETH,Total,0.0025,,,,
2004,ETH,Total,0.0027,,,,
2005,ETH,Total,0.0023,,,,
2006,ETH,Total,0.0026,,,,
2007,ETH,Total,0.0055,,,,
2008,ETH,Total,0.0036,,,,
2009,ETH,Total,0.004,,,,
2010,ETH,Total,0.0035,,,,
2011,ETH,Total,0.0027,,,,
2012,ETH,Total,0.0051,,,,
2013,ETH,Total,0.0066,,,,
2014,ETH,Total,0.0056,,,,
2015,ETH,Total,0.0012,,,,
2016,ETH,Total,0.0029,,,,
2017,ETH,Total,0.0076,,,,
2018,ETH,Total,0.0038,,,,
2019,ETH,Total,0.0074,,,,
2020,ETH,Total,0.0046,,,,
2021,ETH,Total,0.0043,,,,
2022,ETH,Total,0.004,,,,
2023,ETH,Total,0.012,,,,
2024,ETH,Total,0.0059,,,,
2025,ETH,Total,0.0039,,,,
2001,FIN,Total,0.000019,,,,
2002,FIN,Total,0.000043,,,,
2003,FIN,Total,0.0000058,,,,
2004,FIN,Total,0.000089,,,,
2005,FIN,Total,0.000056,,,,
2006,FIN,Total,0.000074,,,,
2007,FIN,Total,0.000024,,,,
2008,FIN,Total,0.000044,,,,
2009,FIN,Total,0.00004,,,,
2010,FIN,Total,0.000036,,,,
2011,FIN,Total,0.00013,,,,
2012,FIN,Total,0.000071,,,,
2013,FIN,Total,0.000083,,,,
2014,FIN,Total,0.000019,,,,
2015,FIN,Total,0.000014,,,,
2016,FIN,Total,0.000032,,,,
2017,FIN,Total,0.00005,,,,
2018,FIN,Total,0.000026,,,,
2019,FIN,Total,0.000034,,,,
2020,FIN,Total,0.0000057,,,,
2021,FIN,Total,0.000007,,,,
2022,FIN,Total,0.000018,,,,
2023,FIN,Total,0.0000092,,,,
2024,FIN,Total,0.000007,,,,
2025,FIN,Total,0.000012,,,,
2001,FJI,Total,0.000012,,,,
2002,FJI,Total,0.000019,,,,
2003,FJI,Total,0.000053,,,,
2004,FJI,Total,0.00023,,,,
2005,FJI,Total,0.00015,,,,
2006,FJI,Total,0.00017,,,,
2007,FJI,Total,0.00013,,,,
2008,FJI,Total,0.00012,,,,
2009,FJI,Total,0.0001,,,,
2010,FJI,Total,0.00019,,,,
2011,FJI,Total,0.000052,,,,
2012,FJI,Total,0.000072,,,,
2013,FJI,Total,0.00042,,,,
2014,FJI,Total,0.00024,,,,
2015,FJI,Total,0.00011,,,,
2016,FJI,Total,0.0031,,,,
2017,FJI,Total,0.00049,,,,
2018,FJI,Total,0.00018,,,,
2019,FJI,Total,0.000074,,,,
2020,FJI,Total,0.00016,,,,
2021,FJI,Total,0.00069,,,,
2022,FJI,Total,0.00014,,,,
2023,FJI,Total,0.00008,,,,
2024,FJI,Total,0.000042,,,,
2025,FJI,Total,0.000051,,,,
2001,GAB,Total,0.005,,,,
2002,GAB,Total,0.007,,,,
2003,GAB,Total,0.011,,,,
2004,GAB,Total,0.0057,,,,
2005,GAB,Total,0.011,,,,
2006,GAB,Total,0.01,,,,
2007,GAB,Total,0.011,,,,
2008,GAB,Total,0.0093,,,,
2009,GAB,Total,0.012,,,,
2010,GAB,Total,0.0062,,,,
2011,GAB,Total,0.0086,,,,
2012,GAB,Total,0.0095,,,,
2013,GAB,Total,0.026,,,,
2014,GAB,Total,0.029,,,,
2015,GAB,Total,0.016,,,,
2016,GAB,Total,0.019,,,,
2017,GAB,Total,0.023,,,,
2018,GAB,Total,0.012,,,,
2019,GAB,Total,0.014,,,,
2020,GAB,Total,0.011,,,,
2021,GAB,Total,0.0088,,,,
2022,GAB,Total,0.014,,,,
2023,GAB,Total,0.01,,,,
2024,GAB,Total,0.015,,,,
2025,GAB,Total,0.011,,,,
2001,GEO,Total,0.000036,,,,
2002,GEO,Total,0.00002,,,,
2003,GEO,Total,0.000015,,,,
2004,GEO,Total,0.000043,,,,
2005,GEO,Total,0.000049,,,,
2006,GEO,Total,0.000069,,,,
2007,GEO,Total,0.000057,,,,
2008,GEO,Total,0.000024,,,,
2009,GEO,Total,0.000025,,,,
2010,GEO,Total,0.000024,,,,
2011,GEO,Total,0.000026,,,,
2012,GEO,Total,0.000027,,,,
2013,GEO,Total,0.00008,,,,
2014,GEO,Total,0.0000053,,,,
2015,GEO,Total,0.0000023,,,,
2016,GEO,Total,0.000027,,,,
2017,GEO,Total,0.00002,,,,
2018,GEO,Total,0.000017,,,,
2019,GEO,Total,0.000062,,,,
2020,GEO,Total,0.000032,,,,
2021,GEO,Total,0.0001,,,,
2022,GEO,Total,0.000076,,,,
2023,GEO,Total,0.000055,,,,
2024,GEO,Total,0.000056,,,,
2025,GEO,Total,0.00015,,,,
2001,GHA,Total,0.0017,,,,
2002,GHA,Total,0.0044,,,,
2003,GHA,Total,0.0019,,,,
2004,GHA,Total,0.0016,,,,
2005,GHA,Total,0.0034,,,,
2006,GHA,Total,0.0036,,,,
2007,GHA,Total,0.003,,,,
2008,GHA,Total,0.0027,,,,
2009,GHA,Total,0.0035,,,,
2010,GHA,Total,0.0016,,,,
2011,GHA,Total,0.0028,,,,
2012,GHA,Total,0.0025,,,,
2013,GHA,Total,0.0051,,,,
2014,GHA,Total,0.0074,,,,
2015,GHA,Total,0.0036,,,,
2016,GHA,Total,0.014,,,,
2017,GHA,Total,0.0077,,,,
2018,GHA,Total,0.012,,,,
2019,GHA,Total,0.0058,,,,
2020,GHA,Total,0.014,,,,
2021,GHA,Total,0.011,,,,
2022,GHA,Total,0.018,,,,
2023,GHA,Total,0.013,,,,
2024,GHA,Total,0.014,,,,
2025,GHA,Total,0.024,,,,
2001,GIN,Total,0.00029,,,,
2002,GIN,Total,0.0011,,,,
2003,GIN,Total,0.00029,,,,
2004,GIN,Total,0.00055,,,,
2005,GIN,Total,0.00027,,,,
2006,GIN,Total,0.00023,,,,
2007,GIN,Total,0.001,,,,
2008,GIN,Total,0.00054,,,,
2009,GIN,Total,0.00038,,,,
2010,GIN,Total,0.00033,,,,
2011,GIN,Total,0.0004,,,,
2012,GIN,Total,0.00059,,,,
2013,GIN,Total,0.001,,,,
2014,GIN,Total,0.00075,,,,
2015,GIN,Total,0.0011,,,,
2016,GIN,Total,0.0015,,,,
2017,GIN,Total,0.0017,,,,
2018,GIN,Total,0.0011,,,,
2019,GIN,Total,0.001,,,,
2020,GIN,Total,0.0013,,,,
2021,GIN,Total,0.00078,,,,
2022,GIN,Total,0.00094,,,,
2023,GIN,Total,0.00063,,,,
2024,GIN,Total,0.0009,,,,
2025,GIN,Total,0.00062,,,,
2001,GLP,Total,0.0000024,,,,
2002,GLP,Total,0.0000027,,,,
2003,GLP,Total,0.0000038,,,,
2004,GLP,Total,0.0000084,,,,
2005,GLP,Total,0.0000068,,,,
2006,GLP,Total,0.000003,,,,
2007,GLP,Total,0.0000044,,,,
2008,GLP,Total,0.0000047,,,,
2009,GLP,Total,0.0000055,,,,
2010,GLP,Total,0.000011,,,,
2011,GLP,Total,0.0000034,,,,
2012,GLP,Total,0.000012,,,,
2013,GLP,Total,0.0000016,,,,
2014,GLP,Total,0.0000016,,,,
2015,GLP,Total,0.000004,,,,
2016,GLP,Total,0.00000015,,,,
2017,GLP,Total,0.0000031,,,,
2018,GLP,Total,0.0000079,,,,
2019,GLP,Total,0.0000051,,,,
2020,GLP,Total,0.0000025,,,,
2021,GLP,Total,0.0000023,,,,
2022,GLP,Total,0.0000029,,,,
2023,GLP,Total,0.0000038,,,,
2024,GLP,Total,0.0000018,,,,
2025,GLP,Total,0.00000074,,,,
2023,GMB,Total,0.000000075,,,,
2001,GNB,Total,0.0000076,,,,
2002,GNB,Total,0.00011,,,,
2003,GNB,Total,0.000014,,,,
2004,GNB,Total,0.000072,,,,
2005,GNB,Total,0.000066,,,,
2006,GNB,Total,0.000044,,,,
2007,GNB,Total,0.000058,,,,
2008,GNB,Total,0.000066,,,,
2009,GNB,Total,0.00013,,,,
2010,GNB,Total,0.00013,,,,
2011,GNB,Total,0.00014,,,,
2012,GNB,Total,0.00011,,,,
2013,GNB,Total,0.00045,,,,
2014,GNB,Total,0.00041,,,,
2015,GNB,Total,0.00038,,,,
2016,GNB,Total,0.00047,,,,
2017,GNB,Total,0.00041,,,,
2018,GNB,Total,0.00041,,,,
2019,GNB,Total,0.00034,,,,
2020,GNB,Total,0.00048,,,,
2021,GNB,Total,0.00033,,,,
2022,GNB,Total,0.00032,,,,
2023,GNB,Total,0.00027,,,,
2024,GNB,Total,0.00024,,,,
2025,GNB,Total,0.0002,,,,
2001,GNQ,Total,0.00059,,,,
2002,GNQ,Total,0.0011,,,,
2003,GNQ,Total,0.00096,,,,
2004,GNQ,Total,0.00021,,,,
2005,GNQ,Total,0.00087,,,,
2006,GNQ,Total,0.00073,,,,
2007,GNQ,Total,0.0015,,,,
2008,GNQ,Total,0.0023,,,,
2009,GNQ,Total,0.0031,,,,
2010,GNQ,Total,0.003,,,,
2011,GNQ,Total,0.0037,,,,
2012,GNQ,Total,0.0023,,,,
2013,GNQ,Total,0.004,,,,
2014,GNQ,Total,0.011,,,,
2015,GNQ,Total,0.004,,,,
2016,GNQ,Total,0.005,,,,
2017,GNQ,Total,0.0064,,,,
2018,GNQ,Total,0.004,,,,
2019,GNQ,Total,0.0042,,,,
2020,GNQ,Total,0.0019,,,,
2021,GNQ,Total,0.0036,,,,
2022,GNQ,Total,0.0039,,,,
2023,GNQ,Total,0.0039,,,,
2024,GNQ,Total,0.0037,,,,
2025,GNQ,Total,0.0025,,,,
2001,GTM,Total,0.004,,,,
2002,GTM,Total,0.016,,,,
2003,GTM,Total,0.024,,,,
2004,GTM,Total,0.017,,,,
2005,GTM,Total,0.033,,,,
2006,GTM,Total,0.018,,,,
2007,GTM,Total,0.047,,,,
2008,GTM,Total,0.03,,,,
2009,GTM,Total,0.037,,,,
2010,GTM,Total,0.023,,,,
2011,GTM,Total,0.017,,,,
2012,GTM,Total,0.028,,,,
2013,GTM,Total,0.02,,,,
2014,GTM,Total,0.018,,,,
2015,GTM,Total,0.017,,,,
2016,GTM,Total,0.063,,,,
2017,GTM,Total,0.022,,,,
2018,GTM,Total,0.018,,,,
2019,GTM,Total,0.03,,,,
2020,GTM,Total,0.039,,,,
2021,GTM,Total,0.015,,,,
2022,GTM,Total,0.012,,,,
2023,GTM,Total,0.021,,,,
2024,GTM,Total,0.071,,,,
2025,GTM,Total,0.019,,,,
2001,GUF,Total,0.0009,,,,
2002,GUF,Total,0.0016,,,,
2003,GUF,Total,0.0013,,,,
2004,GUF,Total,0.0033,,,,
2005,GUF,Total,0.002,,,,
2006,GUF,Total,0.0019,,,,
2007,GUF,Total,0.0024,,,,
2008,GUF,Total,0.0037,,,,
2009,GUF,Total,0.0021,,,,
2010,GUF,Total,0.0024,,,,
2011,GUF,Total,0.0021,,,,
2012,GUF,Total,0.0073,,,,
2013,GUF,Total,0.002,,,,
2014,GUF,Total,0.0028,,,,
2015,GUF,Total,0.0019,,,,
2016,GUF,Total,0.0039,,,,
2017,GUF,Total,0.0027,,,,
2018,GUF,Total,0.0026,,,,
2019,GUF,Total,0.0022,,,,
2020,GUF,Total,0.0031,,,,
2021,GUF,Total,0.0017,,,,
2022,GUF,Total,0.0028,,,,
2023,GUF,Total,0.0032,,,,
2024,GUF,Total,0.003,,,,
2025,GUF,Total,0.0031,,,,
2001,GUY,Total,0.0018,,,,
2002,GUY,Total,0.0028,,,,
2003,GUY,Total,0.0042,,,,
2004,GUY,Total,0.0026,,,,
2005,GUY,Total,0.0036,,,,
2006,GUY,Total,0.0037,,,,
2007,GUY,Total,0.0033,,,,
2008,GUY,Total,0.0064,,,,
2009,GUY,Total,0.0049,,,,
2010,GUY,Total,0.0066,,,,
2011,GUY,Total,0.0058,,,,
2012,GUY,Total,0.0089,,,,
2013,GUY,Total,0.0045,,,,
2014,GUY,Total,0.0078,,,,
2015,GUY,Total,0.0085,,,,
2016,GUY,Total,0.017,,,,
2017,GUY,Total,0.013,,,,
2018,GUY,Total,0.0076,,,,
2019,GUY,Total,0.013,,,,
2020,GUY,Total,0.011,,,,
2021,GUY,Total,0.0071,,,,
2022,GUY,Total,0.0079,,,,
2023,GUY,Total,0.017,,,,
2024,GUY,Total,0.064,,,,
2025,GUY,Total,0.013,,,,
2001,HND,Total,0.0047,,,,
2002,HND,Total,0.0073,,,,
2003,HND,Total,0.0088,,,,
2004,HND,Total,0.0071,,,,
2005,HND,Total,0.014,,,,
2006,HND,Total,0.014,,,,
2007,HND,Total,0.013,,,,
2008,HND,Total,0.015,,,,
2009,HND,Total,0.022,,,,
2010,HND,Total,0.021,,,,
2011,HND,Total,0.02,,,,
2012,HND,Total,0.0099,,,,
2013,HND,Total,0.017,,,,
2014,HND,Total,0.022,,,,
2015,HND,Total,0.015,,,,
2016,HND,Total,0.046,,,,
2017,HND,Total,0.038,,,,
2018,HND,Total,0.033,,,,
2019,HND,Total,0.033,,,,
2020,HND,Total,0.042,,,,
2021,HND,Total,0.037,,,,
2022,HND,Total,0.03,,,,
2023,HND,Total,0.044,,,,
2024,HND,Total,0.04,,,,
2025,HND,Total,0.0086,,,,
2001,HTI,Total,0.0000097,,,,
2002,HTI,Total,0.000017,,,,
2003,HTI,Total,0.000014,,,,
2004,HTI,Total,0.000052,,,,
2005,HTI,Total,0.000036,,,,
2006,HTI,Total,0.000022,,,,
2007,HTI,Total,0.000038,,,,
2008,HTI,Total,0.000041,,,,
2009,HTI,Total,0.000024,,,,
2010,HTI,Total,0.000012,,,,
2011,HTI,Total,0.000028,,,,
2012,HTI,Total,0.000047,,,,
2013,HTI,Total,0.000014,,,,
2014,HTI,Total,0.00001,,,,
2015,HTI,Total,0.00002,,,,
2016,HTI,Total,0.002,,,,
2017,HTI,Total,0.00036,,,,
2018,HTI,Total,0.000027,,,,
2019,HTI,Total,0.000034,,,,
2020,HTI,Total,0.000016,,,,
2021,HTI,Total,0.00013,,,,
2022,HTI,Total,0.000015,,,,
2023,HTI,Total,0.000056,,,,
2024,HTI,Total,0.000042,,,,
2025,HTI,Total,0.000053,,,,
2001,IDN,Total,0.11,,,,
2002,IDN,Total,0.27,,,,
2003,IDN,Total,0.25,,,,
2004,IDN,Total,0.48,,,,
2005,IDN,Total,0.48,,,,
2006,IDN,Total,0.47,,,,
2007,IDN,Total,0.52,,,,
2008,IDN,Total,0.47,,,,
2009,IDN,Total,0.68,,,,
2010,IDN,Total,0.54,,,,
2011,IDN,Total,0.61,,,,
2012,IDN,Total,0.85,,,,
2013,IDN,Total,0.47,,,,
2014,IDN,Total,0.73,,,,
2015,IDN,Total,0.66,,,,
2016,IDN,Total,0.92,,,,
2017,IDN,Total,0.37,,,,
2018,IDN,Total,0.34,,,,
2019,IDN,Total,0.32,,,,
2020,IDN,Total,0.27,,,,
2021,IDN,Total,0.2,,,,
2022,IDN,Total,0.23,,,,
2023,IDN,Total,0.29,,,,
2024,IDN,Total,0.26,,,,
2025,IDN,Total,0.29,,,,
2001,IND,Total,0.0044,,,,
2002,IND,Total,0.0086,,,,
2003,IND,Total,0.0082,,,,
2004,IND,Total,0.014,,,,
2005,IND,Total,0.011,,,,
2006,IND,Total,0.011,,,,
2007,IND,Total,0.013,,,,
2008,IND,Total,0.016,,,,
2009,IND,Total,0.014,,,,
2010,IND,Total,0.0092,,,,
2011,IND,Total,0.013,,,,
2012,IND,Total,0.015,,,,
2013,IND,Total,0.012,,,,
2014,IND,Total,0.018,,,,
2015,IND,Total,0.017,,,,
2016,IND,Total,0.024,,,,
2017,IND,Total,0.024,,,,
2018,IND,Total,0.016,,,,
2019,IND,Total,0.014,,,,
2020,IND,Total,0.017,,,,
2021,IND,Total,0.018,,,,
2022,IND,Total,0.017,,,,
2023,IND,Total,0.018,,,,
2024,IND,Total,0.018,,,,
2025,IND,Total,0.018,,,,
2001,JAM,Total,0.000088,,,,
2002,JAM,Total,0.00026,,,,
2003,JAM,Total,0.00014,,,,
2004,JAM,Total,0.00095,,,,
2005,JAM,Total,0.0031,,,,
2006,JAM,Total,0.00045,,,,
2007,JAM,Total,0.00021,,,,
2008,JAM,Total,0.00027,,,,
2009,JAM,Total,0.0006,,,,
2010,JAM,Total,0.00043,,,,
2011,JAM,Total,0.00031,,,,
2012,JAM,Total,0.00046,,,,
2013,JAM,Total,0.00012,,,,
2014,JAM,Total,0.00027,,,,
2015,JAM,Total,0.0002,,,,
2016,JAM,Total,0.00068,,,,
2017,JAM,Total,0.00035,,,,
2018,JAM,Total,0.00028,,,,
2019,JAM,Total,0.00024,,,,
2020,JAM,Total,0.00024,,,,
2021,JAM,Total,0.00016,,,,
2022,JAM,Total,0.00012,,,,
2023,JAM,Total,0.00027,,,,
2024,JAM,Total,0.00036,,,,
2025,JAM,Total,0.014,,,,
2001,JPN,Total,0.000006,,,,
2002,JPN,Total,0.0000073,,,,
2003,JPN,Total,0.0000018,,,,
2004,JPN,Total,0.0000086,,,,
2005,JPN,Total,0.0000036,,,,
2006,JPN,Total,0.000002,,,,
2007,JPN,Total,0.0000078,,,,
2008,JPN,Total,0.000002,,,,
2009,JPN,Total,0.0000037,,,,
2010,JPN,Total,0.0000024,,,,
2011,JPN,Total,0.0000043,,,,
2012,JPN,Total,0.000011,,,,
2013,JPN,Total,0.0000046,,,,
2014,JPN,Total,0.000006,,,,
2016,JPN,Total,0.0000015,,,,
2017,JPN,Total,0.000024,,,,
2018,JPN,Total,0.0000013,,,,
2019,JPN,Total,0.00000077,,,,
2020,JPN,Total,0.0000014,,,,
2021,JPN,Total,0.00000028,,,,
2022,JPN,Total,0.0000026,,,,
2023,JPN,Total,0.0000012,,,,
2025,JPN,Total,0.0000016,,,,
2001,KAZ,Total,0.000072,,,,
2002,KAZ,Total,0.000067,,,,
2003,KAZ,Total,0.0000035,,,,
2004,KAZ,Total,0.000092,,,,
2005,KAZ,Total,0.000072,,,,
2006,KAZ,Total,0.000079,,,,
2007,KAZ,Total,0.000032,,,,
2008,KAZ,Total,0.000055,,,,
2009,KAZ,Total,0.000079,,,,
2010,KAZ,Total,0.000073,,,,
2011,KAZ,Total,0.000025,,,,
2012,KAZ,Total,0.000071,,,,
2013,KAZ,Total,0.000038,,,,
2014,KAZ,Total,0.000041,,,,
2015,KAZ,Total,0.000013,,,,
2016,KAZ,Total,0.000073,,,,
2017,KAZ,Total,0.000017,,,,
2018,KAZ,Total,0.0000053,,,,
2019,KAZ,Total,0.00002,,,,
2020,KAZ,Total,0.000019,,,,
2021,KAZ,Total,0.0000083,,,,
2022,KAZ,Total,0.00001,,,,
2023,KAZ,Total,0.000042,,,,
2024,KAZ,Total,0.000012,,,,
2025,KAZ,Total,0.000017,,,,
2001,KEN,Total,0.0024,,,,
2002,KEN,Total,0.003,,,,
2003,KEN,Total,0.0016,,,,
2004,KEN,Total,0.003,,,,
2005,KEN,Total,0.0017,,,,
2006,KEN,Total,0.0033,,,,
2007,KEN,Total,0.0034,,,,
2008,KEN,Total,0.0019,,,,
2009,KEN,Total,0.0016,,,,
2010,KEN,Total,0.0067,,,,
2011,KEN,Total,0.0014,,,,
2012,KEN,Total,0.0017,,,,
2013,KEN,Total,0.0016,,,,
2014,KEN,Total,0.0012,,,,
2015,KEN,Total,0.0031,,,,
2016,KEN,Total,0.0021,,,,
2017,KEN,Total,0.0031,,,,
2018,KEN,Total,0.0026,,,,
2019,KEN,Total,0.0028,,,,
2020,KEN,Total,0.0035,,,,
2021,KEN,Total,0.00044,,,,
2022,KEN,Total,0.00087,,,,
2023,KEN,Total,0.0018,,,,
2024,KEN,Total,0.0016,,,,
2025,KEN,Total,0.00094,,,,
2001,KHM,Total,0.0089,,,,
2002,KHM,Total,0.019,,,,
2003,KHM,Total,0.024,,,,
2004,KHM,Total,0.044,,,,
2005,KHM,Total,0.036,,,,
2006,KHM,Total,0.043,,,,
2007,KHM,Total,0.035,,,,
2008,KHM,Total,0.049,,,,
2009,KHM,Total,0.065,,,,
2010,KHM,Total,0.12,,,,
2011,KHM,Total,0.12,,,,
2012,KHM,Total,0.12,,,,
2013,KHM,Total,0.12,,,,
2014,KHM,Total,0.089,,,,
2015,KHM,Total,0.071,,,,
2016,KHM,Total,0.094,,,,
2017,KHM,Total,0.054,,,,
2018,KHM,Total,0.045,,,,
2019,KHM,Total,0.062,,,,
2020,KHM,Total,0.062,,,,
2021,KHM,Total,0.064,,,,
2022,KHM,Total,0.045,,,,
2023,KHM,Total,0.048,,,,
2024,KHM,Total,0.037,,,,
2025,KHM,Total,0.023,,,,
2001,KNA,Total,0.0000017,,,,
2002,KNA,Total,0.0000026,,,,
2003,KNA,Total,0.000002,,,,
2004,KNA,Total,0.0000042,,,,
2005,KNA,Total,0.0000046,,,,
2006,KNA,Total,0.0000077,,,,
2007,KNA,Total,0.0000024,,,,
2008,KNA,Total,0.0000088,,,,
2009,KNA,Total,0.0000048,,,,
2010,KNA,Total,0.0000056,,,,
2011,KNA,Total,0.0000026,,,,
2012,KNA,Total,0.0000029,,,,
2013,KNA,Total,0.0000029,,,,
2014,KNA,Total,0.0000024,,,,
2016,KNA,Total,0.0000026,,,,
2018,KNA,Total,0.00000051,,,,
2019,KNA,Total,0.0000012,,,,
2020,KNA,Total,0.0000014,,,,
2021,KNA,Total,0.0000019,,,,
2022,KNA,Total,0.000000074,,,,
2023,KNA,Total,0.000000074,,,,
2024,KNA,Total,0.00000081,,,,
2025,KNA,Total,0.00000022,,,,
2001,LAO,Total,0.01,,,,
2002,LAO,Total,0.014,,,,
2003,LAO,Total,0.02,,,,
2004,LAO,Total,0.018,,,,
2005,LAO,Total,0.022,,,,
2006,LAO,Total,0.034,,,,
2007,LAO,Total,0.045,,,,
2008,LAO,Total,0.025,,,,
2009,LAO,Total,0.048,,,,
2010,LAO,Total,0.05,,,,
2011,LAO,Total,0.043,,,,
2012,LAO,Total,0.042,,,,
2013,LAO,Total,0.041,,,,
2014,LAO,Total,0.047,,,,
2015,LAO,Total,0.059,,,,
2016,LAO,Total,0.076,,,,
2017,LAO,Total,0.061,,,,
2018,LAO,Total,0.055,,,,
2019,LAO,Total,0.072,,,,
2020,LAO,Total,0.082,,,,
2021,LAO,Total,0.081,,,,
2022,LAO,Total,0.093,,,,
2023,LAO,Total,0.14,,,,
2024,LAO,Total,0.12,,,,
2025,LAO,Total,0.08,,,,
2001,LBR,Total,0.0021,,,,
2002,LBR,Total,0.0073,,,,
2003,LBR,Total,0.0048,,,,
2004,LBR,Total,0.0018,,,,
2005,LBR,Total,0.0022,,,,
2006,LBR,Total,0.006,,,,
2007,LBR,Total,0.0076,,,,
2008,LBR,Total,0.0059,,,,
2009,LBR,Total,0.013,,,,
2010,LBR,Total,0.0046,,,,
2011,LBR,Total,0.0058,,,,
2012,LBR,Total,0.011,,,,
2013,LBR,Total,0.016,,,,
2014,LBR,Total,0.019,,,,
2015,LBR,Total,0.026,,,,
2016,LBR,Total,0.02,,,,
2017,LBR,Total,0.025,,,,
2018,LBR,Total,0.028,,,,
2019,LBR,Total,0.023,,,,
2020,LBR,Total,0.032,,,,
2021,LBR,Total,0.025,,,,
2022,LBR,Total,0.03,,,,
2023,LBR,Total,0.033,,,,
2024,LBR,Total,0.039,,,,
2025,LBR,Total,0.037,,,,
2001,LCA,Total,0.000001,,,,
2002,LCA,Total,0.0000016,,,,
2003,LCA,Total,0.0000019,,,,
2004,LCA,Total,0.0000059,,,,
2005,LCA,Total,0.0000055,,,,
2006,LCA,Total,0.0000019,,,,
2007,LCA,Total,0.0000046,,,,
2008,LCA,Total,0.0000038,,,,
2009,LCA,Total,0.000007,,,,
2010,LCA,Total,0.0000087,,,,
2011,LCA,Total,0.000017,,,,
2012,LCA,Total,0.000011,,,,
2013,LCA,Total,0.0000021,,,,
2014,LCA,Total,0.0000026,,,,
2015,LCA,Total,0.00000045,,,,
2016,LCA,Total,0.000042,,,,
2017,LCA,Total,0.000018,,,,
2018,LCA,Total,0.0000092,,,,
2019,LCA,Total,0.00000075,,,,
2020,LCA,Total,0.0000031,,,,
2021,LCA,Total,0.0000064,,,,
2022,LCA,Total,0.0000043,,,,
2023,LCA,Total,0.0000006,,,,
2024,LCA,Total,0.0000009,,,,
2025,LCA,Total,0.0000003,,,,
2001,LKA,Total,0.00012,,,,
2002,LKA,Total,0.00052,,,,
2003,LKA,Total,0.00099,,,,
2004,LKA,Total,0.00047,,,,
2005,LKA,Total,0.00055,,,,
2006,LKA,Total,0.00041,,,,
2007,LKA,Total,0.00068,,,,
2008,LKA,Total,0.0005,,,,
2009,LKA,Total,0.00051,,,,
2010,LKA,Total,0.00035,,,,
2011,LKA,Total,0.00049,,,,
2012,LKA,Total,0.0016,,,,
2013,LKA,Total,0.00023,,,,
2014,LKA,Total,0.00036,,,,
2015,LKA,Total,0.00036,,,,
2016,LKA,Total,0.00042,,,,
2017,LKA,Total,0.00063,,,,
2018,LKA,Total,0.00044,,,,
2019,LKA,Total,0.00041,,,,
2020,LKA,Total,0.00028,,,,
2021,LKA,Total,0.00028,,,,
2022,LKA,Total,0.00024,,,,
2023,LKA,Total,0.00023,,,,
2024,LKA,Total,0.00032,,,,
2025,LKA,Total,0.00025,,,,
2001,MAF,Total,0.00000044,,,,
2002,MAF,Total,0.0000029,,,,
2003,MAF,Total,0.0000024,,,,
2004,MAF,Total,0.00000088,,,,
2005,MAF,Total,0.0000011,,,,
2006,MAF,Total,0.00000066,,,,
2007,MAF,Total,0.0000011,,,,
2008,MAF,Total,0.00000015,,,,
2009,MAF,Total,0.000000073,,,,
2010,MAF,Total,0.00000037,,,,
2011,MAF,Total,0.0000056,,,,
2012,MAF,Total,0.0000014,,,,
2013,MAF,Total,0.00000037,,,,
2014,MAF,Total,0.00000066,,,,
2017,MAF,Total,0.00000051,,,,
2020,MAF,Total,0.0000012,,,,
2021,MAF,Total,0.00000066,,,,
2024,MAF,Total,0.0000037,,,,
2001,MDG,Total,0.021,,,,
2002,MDG,Total,0.027,,,,
2003,MDG,Total,0.015,,,,
2004,MDG,Total,0.02,,,,
2005,MDG,Total,0.022,,,,
2006,MDG,Total,0.013,,,,
2007,MDG,Total,0.046,,,,
2008,MDG,Total,0.024,,,,
2009,MDG,Total,0.034,,,,
2010,MDG,Total,0.024,,,,
2011,MDG,Total,0.054,,,,
2012,MDG,Total,0.032,,,,
2013,MDG,Total,0.065,,,,
2014,MDG,Total,0.079,,,,
2015,MDG,Total,0.058,,,,
2016,MDG,Total,0.075,,,,
2017,MDG,Total,0.11,,,,
2018,MDG,Total,0.095,,,,
2019,MDG,Total,0.054,,,,
2020,MDG,Total,0.058,,,,
2021,MDG,Total,0.044,,,,
2022,MDG,Total,0.046,,,,
2023,MDG,Total,0.08,,,,
2024,MDG,Total,0.056,,,,
2025,MDG,Total,0.091,,,,
2001,MEX,Total,0.0081,,,,
2002,MEX,Total,0.014,,,,
2003,MEX,Total,0.018,,,,
2004,MEX,Total,0.018,,,,
2005,MEX,Total,0.023,,,,
2006,MEX,Total,0.019,,,,
2007,MEX,Total,0.029,,,,
2008,MEX,Total,0.03,,,,
2009,MEX,Total,0.047,,,,
2010,MEX,Total,0.028,,,,
2011,MEX,Total,0.03,,,,
2012,MEX,Total,0.028,,,,
2013,MEX,Total,0.037,,,,
2014,MEX,Total,0.024,,,,
2015,MEX,Total,0.033,,,,
2016,MEX,Total,0.05,,,,
2017,MEX,Total,0.056,,,,
2018,MEX,Total,0.045,,,,
2019,MEX,Total,0.066,,,,
2020,MEX,Total,0.068,,,,
2021,MEX,Total,0.035,,,,
2022,MEX,Total,0.038,,,,
2023,MEX,Total,0.049,,,,
2024,MEX,Total,0.093,,,,
2025,MEX,Total,0.04,,,,
2001,MMR,Total,0.0092,,,,
2002,MMR,Total,0.013,,,,
2003,MMR,Total,0.014,,,,
2004,MMR,Total,0.023,,,,
2005,MMR,Total,0.023,,,,
2006,MMR,Total,0.023,,,,
2007,MMR,Total,0.031,,,,
2008,MMR,Total,0.024,,,,
2009,MMR,Total,0.041,,,,
2010,MMR,Total,0.039,,,,
2011,MMR,Total,0.025,,,,
2012,MMR,Total,0.034,,,,
2013,MMR,Total,0.031,,,,
2014,MMR,Total,0.042,,,,
2015,MMR,Total,0.041,,,,
2016,MMR,Total,0.055,,,,
2017,MMR,Total,0.039,,,,
2018,MMR,Total,0.036,,,,
2019,MMR,Total,0.038,,,,
2020,MMR,Total,0.044,,,,
2021,MMR,Total,0.044,,,,
2022,MMR,Total,0.038,,,,
2023,MMR,Total,0.048,,,,
2024,MMR,Total,0.044,,,,
2025,MMR,Total,0.033,,,,
2001,MNG,Total,0.00085,,,,
2002,MNG,Total,0.0012,,,,
2003,MNG,Total,0.0026,,,,
2004,MNG,Total,0.0099,,,,
2005,MNG,Total,0.00064,,,,
2006,MNG,Total,0.00067,,,,
2007,MNG,Total,0.015,,,,
2008,MNG,Total,0.0063,,,,
2009,MNG,Total,0.034,,,,
2010,MNG,Total,0.0012,,,,
2011,MNG,Total,0.00033,,,,
2012,MNG,Total,0.011,,,,
2013,MNG,Total,0.000078,,,,
2014,MNG,Total,0.00012,,,,
2015,MNG,Total,0.0064,,,,
2016,MNG,Total,0.0018,,,,
2017,MNG,Total,0.003,,,,
2018,MNG,Total,0.0038,,,,
2019,MNG,Total,0.000061,,,,
2020,MNG,Total,0.000031,,,,
2021,MNG,Total,0.0000076,,,,
2022,MNG,Total,0.000038,,,,
2023,MNG,Total,0.00016,,,,
2024,MNG,Total,0.00049,,,,
2025,MNG,Total,0.00086,,,,
2001,MOZ,Total,0.000048,,,,
2002,MOZ,Total,0.00014,,,,
2003,MOZ,Total,0.000088,,,,
2004,MOZ,Total,0.00018,,,,
2005,MOZ,Total,0.00027,,,,
2006,MOZ,Total,0.00026,,,,
2007,MOZ,Total,0.00016,,,,
2008,MOZ,Total,0.00031,,,,
2009,MOZ,Total,0.00042,,,,
2010,MOZ,Total,0.00064,,,,
2011,MOZ,Total,0.00011,,,,
2012,MOZ,Total,0.00038,,,,
2013,MOZ,Total,0.00093,,,,
2014,MOZ,Total,0.00061,,,,
2015,MOZ,Total,0.00054,,,,
2016,MOZ,Total,0.00088,,,,
2017,MOZ,Total,0.0032,,,,
2018,MOZ,Total,0.00052,,,,
2019,MOZ,Total,0.00075,,,,
2020,MOZ,Total,0.00027,,,,
2021,MOZ,Total,0.00025,,,,
2022,MOZ,Total,0.00049,,,,
2023,MOZ,Total,0.00039,,,,
2024,MOZ,Total,0.00039,,,,
2025,MOZ,Total,0.00067,,,,
2001,MSR,Total,0.00000044,,,,
2002,MSR,Total,0.00000074,,,,
2003,MSR,Total,0.00000037,,,,
2004,MSR,Total,0.0000034,,,,
2005,MSR,Total,0.0000095,,,,
2006,MSR,Total,0.0000036,,,,
2007,MSR,Total,0.00000015,,,,
2008,MSR,Total,0.0000024,,,,
2009,MSR,Total,0.0000022,,,,
2010,MSR,Total,0.000021,,,,
2011,MSR,Total,0.0000015,,,,
2012,MSR,Total,0.00000066,,,,
2013,MSR,Total,0.00000037,,,,
2014,MSR,Total,0.00000015,,,,
2016,MSR,Total,0.0000027,,,,
2018,MSR,Total,0.0000035,,,,
2019,MSR,Total,0.0000025,,,,
2020,MSR,Total,0.00000059,,,,
2021,MSR,Total,0.00000015,,,,
2001,MTQ,Total,0.0000016,,,,
2002,MTQ,Total,0.0000028,,,,
2003,MTQ,Total,0.0000067,,,,
2004,MTQ,Total,0.000013,,,,
2005,MTQ,Total,0.0000074,,,,
2006,MTQ,Total,0.0000035,,,,
2007,MTQ,Total,0.0000098,,,,
2008,MTQ,Total,0.000018,,,,
2009,MTQ,Total,0.000017,,,,
2010,MTQ,Total,0.0000062,,,,
2011,MTQ,Total,0.000011,,,,
2012,MTQ,Total,0.000022,,,,
2013,MTQ,Total,0.0000021,,,,
2014,MTQ,Total,0.00000089,,,,
2015,MTQ,Total,0.00000022,,,,
2016,MTQ,Total,0.0000012,,,,
2017,MTQ,Total,0.0000051,,,,
2018,MTQ,Total,0.000002,,,,
2019,MTQ,Total,0.0000015,,,,
2020,MTQ,Total,0.0000038,,,,
2021,MTQ,Total,0.0000027,,,,
2022,MTQ,Total,0.0000019,,,,
2023,MTQ,Total,0.0000036,,,,
2024,MTQ,Total,0.00000022,,,,
2025,MTQ,Total,0.00000082,,,,
2001,MWI,Total,0.0000025,,,,
2002,MWI,Total,0.0000023,,,,
2003,MWI,Total,0.0000097,,,,
2004,MWI,Total,0.0000062,,,,
2005,MWI,Total,0.0000058,,,,
2006,MWI,Total,0.000016,,,,
2007,MWI,Total,0.0000098,,,,
2008,MWI,Total,0.0000045,,,,
2009,MWI,Total,0.000013,,,,
2010,MWI,Total,0.0000053,,,,
2011,MWI,Total,0.0000026,,,,
2012,MWI,Total,0.000017,,,,
2013,MWI,Total,0.000018,,,,
2014,MWI,Total,0.000017,,,,
2015,MWI,Total,0.000022,,,,
2016,MWI,Total,0.000023,,,,
2017,MWI,Total,0.000029,,,,
2018,MWI,Total,0.000028,,,,
2019,MWI,Total,0.000044,,,,
2020,MWI,Total,0.00015,,,,
2021,MWI,Total,0.000052,,,,
2022,MWI,Total,0.000093,,,,
2023,MWI,Total,0.00051,,,,
2024,MWI,Total,0.00006,,,,
2025,MWI,Total,0.00018,,,,
2001,MYS,Total,0.024,,,,
2002,MYS,Total,0.062,,,,
2003,MYS,Total,0.06,,,,
2004,MYS,Total,0.11,,,,
2005,MYS,Total,0.11,,,,
2006,MYS,Total,0.11,,,,
2007,MYS,Total,0.14,,,,
2008,MYS,Total,0.14,,,,
2009,MYS,Total,0.24,,,,
2010,MYS,Total,0.14,,,,
2011,MYS,Total,0.16,,,,
2012,MYS,Total,0.24,,,,
2013,MYS,Total,0.11,,,,
2014,MYS,Total,0.23,,,,
2015,MYS,Total,0.15,,,,
2016,MYS,Total,0.18,,,,
2017,MYS,Total,0.16,,,,
2018,MYS,Total,0.14,,,,
2019,MYS,Total,0.12,,,,
2020,MYS,Total,0.073,,,,
2021,MYS,Total,0.072,,,,
2022,MYS,Total,0.072,,,,
2023,MYS,Total,0.079,,,,
2024,MYS,Total,0.069,,,,
2025,MYS,Total,0.065,,,,
2001,NGA,Total,0.0035,,,,
2002,NGA,Total,0.0061,,,,
2003,NGA,Total,0.0018,,,,
2004,NGA,Total,0.003,,,,
2005,NGA,Total,0.0019,,,,
2006,NGA,Total,0.0035,,,,
2007,NGA,Total,0.0027,,,,
2008,NGA,Total,0.0041,,,,
2009,NGA,Total,0.0039,,,,
2010,NGA,Total,0.0067,,,,
2011,NGA,Total,0.0074,,,,
2012,NGA,Total,0.006,,,,
2013,NGA,Total,0.0063,,,,
2014,NGA,Total,0.0099,,,,
2015,NGA,Total,0.0053,,,,
2016,NGA,Total,0.012,,,,
2017,NGA,Total,0.017,,,,
2018,NGA,Total,0.015,,,,
2019,NGA,Total,0.012,,,,
2020,NGA,Total,0.015,,,,
2021,NGA,Total,0.012,,,,
2022,NGA,Total,0.013,,,,
2023,NGA,Total,0.012,,,,
2024,NGA,Total,0.011,,,,
2025,NGA,Total,0.017,,,,
2001,NIC,Total,0.0019,,,,
2002,NIC,Total,0.0058,,,,
2003,NIC,Total,0.0051,,,,
2004,NIC,Total,0.0032,,,,
2005,NIC,Total,0.011,,,,
2006,NIC,Total,0.0088,,,,
2007,NIC,Total,0.036,,,,
2008,NIC,Total,0.008,,,,
2009,NIC,Total,0.016,,,,
2010,NIC,Total,0.031,,,,
2011,NIC,Total,0.015,,,,
2012,NIC,Total,0.0073,,,,
2013,NIC,Total,0.014,,,,
2014,NIC,Total,0.023,,,,
2015,NIC,Total,0.013,,,,
2016,NIC,Total,0.047,,,,
2017,NIC,Total,0.15,,,,
2018,NIC,Total,0.032,,,,
2019,NIC,Total,0.034,,,,
2020,NIC,Total,0.053,,,,
2021,NIC,Total,0.054,,,,
2022,NIC,Total,0.023,,,,
2023,NIC,Total,0.06,,,,
2024,NIC,Total,0.095,,,,
2025,NIC,Total,0.032,,,,
2001,NOR,Total,0.0000032,,,,
2002,NOR,Total,0.000018,,,,
2003,NOR,Total,0.0000065,,,,
2004,NOR,Total,0.0000074,,,,
2005,NOR,Total,0.0000074,,,,
2006,NOR,Total,0.0000056,,,,
2007,NOR,Total,0.000012,,,,
2008,NOR,Total,0.000019,,,,
2009,NOR,Total,0.000011,,,,
2010,NOR,Total,0.0000078,,,,
2011,NOR,Total,0.0000021,,,,
2012,NOR,Total,0.0000024,,,,
2013,NOR,Total,0.000018,,,,
2014,NOR,Total,0.000005,,,,
2015,NOR,Total,0.0000014,,,,
2016,NOR,Total,0.0000032,,,,
2017,NOR,Total,0.0000043,,,,
2018,NOR,Total,0.000014,,,,
2019,NOR,Total,0.0000024,,,,
2020,NOR,Total,0.0000033,,,,
2021,NOR,Total,0.000041,,,,
2022,NOR,Total,0.0000023,,,,
2023,NOR,Total,0.0000062,,,,
2024,NOR,Total,0.000011,,,,
2025,NOR,Total,0.0000066,,,,
2001,NPL,Total,0.000059,,,,
2002,NPL,Total,0.00017,,,,
2003,NPL,Total,0.00028,,,,
2004,NPL,Total,0.00017,,,,
2005,NPL,Total,0.00023,,,,
2006,NPL,Total,0.00025,,,,
2007,NPL,Total,0.00027,,,,
2008,NPL,Total,0.00017,,,,
2009,NPL,Total,0.00048,,,,
2010,NPL,Total,0.00014,,,,
2011,NPL,Total,0.0001,,,,
2012,NPL,Total,0.00021,,,,
2013,NPL,Total,0.000051,,,,
2014,NPL,Total,0.000059,,,,
2015,NPL,Total,0.000098,,,,
2016,NPL,Total,0.00018,,,,
2017,NPL,Total,0.00041,,,,
2018,NPL,Total,0.00015,,,,
2019,NPL,Total,0.00019,,,,
2020,NPL,Total,0.00017,,,,
2021,NPL,Total,0.00025,,,,
2022,NPL,Total,0.00031,,,,
2023,NPL,Total,0.00021,,,,
2024,NPL,Total,0.00029,,,,
2025,NPL,Total,0.0003,,,,
2001,NZL,Total,0.00014,,,,
2002,NZL,Total,0.00014,,,,
2003,NZL,Total,0.00061,,,,
2004,NZL,Total,0.00042,,,,
2005,NZL,Total,0.00047,,,,
2006,NZL,Total,0.00016,,,,
2007,NZL,Total,0.00046,,,,
2008,NZL,Total,0.00051,,,,
2009,NZL,Total,0.00055,,,,
2010,NZL,Total,0.00049,,,,
2011,NZL,Total,0.00042,,,,
2012,NZL,Total,0.00032,,,,
2013,NZL,Total,0.00069,,,,
2014,NZL,Total,0.0042,,,,
2015,NZL,Total,0.00025,,,,
2016,NZL,Total,0.00047,,,,
2017,NZL,Total,0.00013,,,,
2018,NZL,Total,0.00036,,,,
2019,NZL,Total,0.00039,,,,
2020,NZL,Total,0.00021,,,,
2021,NZL,Total,0.00014,,,,
2022,NZL,Total,0.00018,,,,
2023,NZL,Total,0.0001,,,,
2024,NZL,Total,0.00032,,,,
2025,NZL,Total,0.00023,,,,
2001,PAN,Total,0.0012,,,,
2002,PAN,Total,0.0018,,,,
2003,PAN,Total,0.0015,,,,
2004,PAN,Total,0.0024,,,,
2005,PAN,Total,0.0023,,,,
2006,PAN,Total,0.0045,,,,
2007,PAN,Total,0.003,,,,
2008,PAN,Total,0.0067,,,,
2009,PAN,Total,0.0055,,,,
2010,PAN,Total,0.0029,,,,
2011,PAN,Total,0.0047,,,,
2012,PAN,Total,0.0031,,,,
2013,PAN,Total,0.0036,,,,
2014,PAN,Total,0.0026,,,,
2015,PAN,Total,0.002,,,,
2016,PAN,Total,0.0059,,,,
2017,PAN,Total,0.0059,,,,
2018,PAN,Total,0.006,,,,
2019,PAN,Total,0.0062,,,,
2020,PAN,Total,0.0065,,,,
2021,PAN,Total,0.0052,,,,
2022,PAN,Total,0.004,,,,
2023,PAN,Total,0.0049,,,,
2024,PAN,Total,0.0051,,,,
2025,PAN,Total,0.0035,,,,
2001,PER,Total,0.029,,,,
2002,PER,Total,0.046,,,,
2003,PER,Total,0.044,,,,
2004,PER,Total,0.062,,,,
2005,PER,Total,0.097,,,,
2006,PER,Total,0.059,,,,
2007,PER,Total,0.078,,,,
2008,PER,Total,0.089,,,,
2009,PER,Total,0.12,,,,
2010,PER,Total,0.1,,,,
2011,PER,Total,0.089,,,,
2012,PER,Total,0.18,,,,
2013,PER,Total,0.14,,,,
2014,PER,Total,0.13,,,,
2015,PER,Total,0.1,,,,
2016,PER,Total,0.14,,,,
2017,PER,Total,0.18,,,,
2018,PER,Total,0.14,,,,
2019,PER,Total,0.16,,,,
2020,PER,Total,0.19,,,,
2021,PER,Total,0.15,,,,
2022,PER,Total,0.16,,,,
2023,PER,Total,0.15,,,,
2024,PER,Total,0.19,,,,
2025,PER,Total,0.17,,,,
2001,PHL,Total,0.0016,,,,
2002,PHL,Total,0.0035,,,,
2003,PHL,Total,0.0043,,,,
2004,PHL,Total,0.007,,,,
2005,PHL,Total,0.0063,,,,
2006,PHL,Total,0.0071,,,,
2007,PHL,Total,0.0087,,,,
2008,PHL,Total,0.0056,,,,
2009,PHL,Total,0.0069,,,,
2010,PHL,Total,0.0088,,,,
2011,PHL,Total,0.0049,,,,
2012,PHL,Total,0.0068,,,,
2013,PHL,Total,0.011,,,,
2014,PHL,Total,0.011,,,,
2015,PHL,Total,0.0063,,,,
2016,PHL,Total,0.013,,,,
2017,PHL,Total,0.014,,,,
2018,PHL,Total,0.0091,,,,
2019,PHL,Total,0.0075,,,,
2020,PHL,Total,0.0077,,,,
2021,PHL,Total,0.0067,,,,
2022,PHL,Total,0.027,,,,
2023,PHL,Total,0.0049,,,,
2024,PHL,Total,0.006,,,,
2025,PHL,Total,0.0067,,,,
2001,PLW,Total,0.0000062,,,,
2002,PLW,Total,0.000025,,,,
2003,PLW,Total,0.0000031,,,,
2004,PLW,Total,0.0000066,,,,
2005,PLW,Total,0.000014,,,,
2006,PLW,Total,0.000016,,,,
2007,PLW,Total,0.000029,,,,
2008,PLW,Total,0.000028,,,,
2009,PLW,Total,0.000013,,,,
2010,PLW,Total,0.0000095,,,,
2011,PLW,Total,0.000012,,,,
2012,PLW,Total,0.0000072,,,,
2013,PLW,Total,0.0000042,,,,
2014,PLW,Total,0.000016,,,,
2018,PLW,Total,0.0000014,,,,
2019,PLW,Total,0.0000024,,,,
2020,PLW,Total,0.0000032,,,,
2021,PLW,Total,0.0000011,,,,
2022,PLW,Total,0.00000061,,,,
2023,PLW,Total,0.0000011,,,,
2024,PLW,Total,0.00000069,,,,
2025,PLW,Total,0.00000069,,,,
2001,PNG,Total,0.01,,,,
2002,PNG,Total,0.023,,,,
2003,PNG,Total,0.015,,,,
2004,PNG,Total,0.025,,,,
2005,PNG,Total,0.016,,,,
2006,PNG,Total,0.024,,,,
2007,PNG,Total,0.025,,,,
2008,PNG,Total,0.034,,,,
2009,PNG,Total,0.023,,,,
2010,PNG,Total,0.032,,,,
2011,PNG,Total,0.026,,,,
2012,PNG,Total,0.039,,,,
2013,PNG,Total,0.03,,,,
2014,PNG,Total,0.058,,,,
2015,PNG,Total,0.077,,,,
2016,PNG,Total,0.08,,,,
2017,PNG,Total,0.063,,,,
2018,PNG,Total,0.076,,,,
2019,PNG,Total,0.057,,,,
2020,PNG,Total,0.044,,,,
2021,PNG,Total,0.043,,,,
2022,PNG,Total,0.073,,,,
2023,PNG,Total,0.047,,,,
2024,PNG,Total,0.043,,,,
2025,PNG,Total,0.04,,,,
2001,PRI,Total,0.000029,,,,
2002,PRI,Total,0.000039,,,,
2003,PRI,Total,0.000083,,,,
2004,PRI,Total,0.000059,,,,
2005,PRI,Total,0.000054,,,,
2006,PRI,Total,0.000082,,,,
2007,PRI,Total,0.000042,,,,
2008,PRI,Total,0.000068,,,,
2009,PRI,Total,0.000058,,,,
2010,PRI,Total,0.000028,,,,
2011,PRI,Total,0.000038,,,,
2012,PRI,Total,0.000034,,,,
2013,PRI,Total,0.00002,,,,
2014,PRI,Total,0.00002,,,,
2015,PRI,Total,0.000021,,,,
2016,PRI,Total,0.000027,,,,
2017,PRI,Total,0.015,,,,
2018,PRI,Total,0.0005,,,,
2019,PRI,Total,0.000027,,,,
2020,PRI,Total,0.000027,,,,
2021,PRI,Total,0.000017,,,,
2022,PRI,Total,0.000019,,,,
2023,PRI,Total,0.000038,,,,
2024,PRI,Total,0.0000075,,,,
2025,PRI,Total,0.000015,,,,
2001,PRY,Total,0.014,,,,
2002,PRY,Total,0.051,,,,
2003,PRY,Total,0.074,,,,
2004,PRY,Total,0.065,,,,
2005,PRY,Total,0.058,,,,
2006,PRY,Total,0.028,,,,
2007,PRY,Total,0.086,,,,
2008,PRY,Total,0.054,,,,
2009,PRY,Total,0.05,,,,
2010,PRY,Total,0.073,,,,
2011,PRY,Total,0.064,,,,
2012,PRY,Total,0.084,,,,
2013,PRY,Total,0.053,,,,
2014,PRY,Total,0.038,,,,
2015,PRY,Total,0.028,,,,
2016,PRY,Total,0.046,,,,
2017,PRY,Total,0.07,,,,
2018,PRY,Total,0.025,,,,
2019,PRY,Total,0.051,,,,
2020,PRY,Total,0.059,,,,
2021,PRY,Total,0.045,,,,
2022,PRY,Total,0.033,,,,
2023,PRY,Total,0.025,,,,
2024,PRY,Total,0.04,,,,
2025,PRY,Total,0.018,,,,
2001,ROU,Total,0.00006,,,,
2002,ROU,Total,0.0000044,,,,
2003,ROU,Total,0.000021,,,,
2004,ROU,Total,0.000038,,,,
2005,ROU,Total,0.0000035,,,,
2006,ROU,Total,0.000044,,,,
2007,ROU,Total,0.000044,,,,
2008,ROU,Total,0.00012,,,,
2009,ROU,Total,0.000059,,,,
2010,ROU,Total,0.000091,,,,
2011,ROU,Total,0.000037,,,,
2012,ROU,Total,0.00011,,,,
2013,ROU,Total,0.000051,,,,
2014,ROU,Total,0.00015,,,,
2015,ROU,Total,0.00003,,,,
2016,ROU,Total,0.00017,,,,
2017,ROU,Total,0.000054,,,,
2018,ROU,Total,0.00012,,,,
2019,ROU,Total,0.000081,,,,
2020,ROU,Total,0.00022,,,,
2021,ROU,Total,0.000089,,,,
2022,ROU,Total,0.000049,,,,
2023,ROU,Total,0.000085,,,,
2024,ROU,Total,0.000082,,,,
2025,ROU,Total,0.000065,,,,
2001,RUS,Total,0.3,,,,
2002,RUS,Total,0.6,,,,
2003,RUS,Total,0.83,,,,
2004,RUS,Total,0.74,,,,
2005,RUS,Total,0.34,,,,
2006,RUS,Total,0.54,,,,
2007,RUS,Total,0.68,,,,
2008,RUS,Total,0.73,,,,
2009,RUS,Total,0.43,,,,
2010,RUS,Total,0.27,,,,
2011,RUS,Total,0.56,,,,
2012,RUS,Total,1.4,,,,
2013,RUS,Total,1.7,,,,
2014,RUS,Total,1.5,,,,
2015,RUS,Total,0.58,,,,
2016,RUS,Total,1.9,,,,
2017,RUS,Total,1.8,,,,
2018,RUS,Total,1.3,,,,
2019,RUS,Total,1.1,,,,
2020,RUS,Total,1.7,,,,
2021,RUS,Total,2,,,,
2022,RUS,Total,1.1,,,,
2023,RUS,Total,0.94,,,,
2024,RUS,Total,1.7,,,,
2025,RUS,Total,0.59,,,,
2001,RWA,Total,0.000011,,,,
2002,RWA,Total,0.0000045,,,,
2003,RWA,Total,0.000029,,,,
2004,RWA,Total,0.000007,,,,
2005,RWA,Total,0.000014,,,,
2006,RWA,Total,0.000039,,,,
2007,RWA,Total,0.0000088,,,,
2008,RWA,Total,0.000027,,,,
2009,RWA,Total,0.000013,,,,
2010,RWA,Total,0.000024,,,,
2011,RWA,Total,0.0000071,,,,
2012,RWA,Total,0.0000066,,,,
2013,RWA,Total,0.000015,,,,
2014,RWA,Total,0.000034,,,,
2015,RWA,Total,0.0000094,,,,
2016,RWA,Total,0.000023,,,,
2017,RWA,Total,0.000014,,,,
2018,RWA,Total,0.00004,,,,
2019,RWA,Total,0.000014,,,,
2020,RWA,Total,0.00011,,,,
2021,RWA,Total,0.000042,,,,
2022,RWA,Total,0.000015,,,,
2023,RWA,Total,0.000028,,,,
2024,RWA,Total,0.000021,,,,
2025,RWA,Total,0.00002,,,,
2002,SEN,Total,0.00000023,,,,
2003,SEN,Total,0.00000023,,,,
2004,SEN,Total,0.000000075,,,,
2005,SEN,Total,0,,,,
2006,SEN,Total,0.00000015,,,,
2007,SEN,Total,0.00000045,,,,
2008,SEN,Total,0.00000098,,,,
2009,SEN,Total,0.00000015,,,,
2010,SEN,Total,0.000000075,,,,
2011,SEN,Total,0.0000009,,,,
2014,SEN,Total,0.00000023,,,,
2015,SEN,Total,0.00000053,,,,
2016,SEN,Total,0.000000075,,,,
2017,SEN,Total,0.00000023,,,,
2018,SEN,Total,0.000000075,,,,
2019,SEN,Total,0.0000006,,,,
2020,SEN,Total,0.00000045,,,,
2021,SEN,Total,0.00000023,,,,
2022,SEN,Total,0.000000075,,,,
2023,SEN,Total,0.0000019,,,,
2024,SEN,Total,0.00000015,,,,
2006,SGP,Total,0.00000023,,,,
2007,SGP,Total,0.00000015,,,,
2012,SGP,Total,0.00000031,,,,
2015,SGP,Total,0.000000077,,,,
2016,SGP,Total,0.00000031,,,,
2018,SGP,Total,0.000000077,,,,
2019,SGP,Total,0.0000017,,,,
2020,SGP,Total,0.00000015,,,,
2022,SGP,Total,0.0000076,,,,
2001,SLB,Total,0.00068,,,,
2002,SLB,Total,0.0019,,,,
2003,SLB,Total,0.0011,,,,
2004,SLB,Total,0.0021,,,,
2005,SLB,Total,0.0036,,,,
2006,SLB,Total,0.0023,,,,
2007,SLB,Total,0.0028,,,,
2008,SLB,Total,0.0043,,,,
2009,SLB,Total,0.0028,,,,
2010,SLB,Total,0.003,,,,
2011,SLB,Total,0.0028,,,,
2012,SLB,Total,0.0047,,,,
2013,SLB,Total,0.0053,,,,
2014,SLB,Total,0.0094,,,,
2015,SLB,Total,0.0083,,,,
2016,SLB,Total,0.011,,,,
2017,SLB,Total,0.013,,,,
2018,SLB,Total,0.013,,,,
2019,SLB,Total,0.012,,,,
2020,SLB,Total,0.0098,,,,
2021,SLB,Total,0.0082,,,,
2022,SLB,Total,0.0095,,,,
2023,SLB,Total,0.0067,,,,
2024,SLB,Total,0.0076,,,,
2025,SLB,Total,0.005,,,,
2001,SLE,Total,0.00027,,,,
2002,SLE,Total,0.00025,,,,
2003,SLE,Total,0.00018,,,,
2004,SLE,Total,0.00023,,,,
2005,SLE,Total,0.00017,,,,
2006,SLE,Total,0.00078,,,,
2007,SLE,Total,0.00047,,,,
2008,SLE,Total,0.00046,,,,
2009,SLE,Total,0.00095,,,,
2010,SLE,Total,0.0003,,,,
2011,SLE,Total,0.0006,,,,
2012,SLE,Total,0.00061,,,,
2013,SLE,Total,0.0024,,,,
2014,SLE,Total,0.0018,,,,
2015,SLE,Total,0.0032,,,,
2016,SLE,Total,0.003,,,,
2017,SLE,Total,0.0042,,,,
2018,SLE,Total,0.0034,,,,
2019,SLE,Total,0.0035,,,,
2020,SLE,Total,0.003,,,,
2021,SLE,Total,0.0033,,,,
2022,SLE,Total,0.0032,,,,
2023,SLE,Total,0.0034,,,,
2024,SLE,Total,0.0038,,,,
2025,SLE,Total,0.0035,,,,
2001,SLV,Total,0.000011,,,,
2002,SLV,Total,0.000053,,,,
2003,SLV,Total,0.0000096,,,,
2004,SLV,Total,0.000075,,,,
2005,SLV,Total,0.00003,,,,
2006,SLV,Total,0.000046,,,,
2007,SLV,Total,0.000047,,,,
2008,SLV,Total,0.000029,,,,
2009,SLV,Total,0.000048,,,,
2010,SLV,Total,0.000063,,,,
2011,SLV,Total,0.000067,,,,
2012,SLV,Total,0.00004,,,,
2013,SLV,Total,0.000016,,,,
2014,SLV,Total,0.000025,,,,
2015,SLV,Total,0.000036,,,,
2016,SLV,Total,0.0004,,,,
2017,SLV,Total,0.00013,,,,
2018,SLV,Total,0.000078,,,,
2019,SLV,Total,0.000062,,,,
2020,SLV,Total,0.00009,,,,
2021,SLV,Total,0.00003,,,,
2022,SLV,Total,0.000045,,,,
2023,SLV,Total,0.000032,,,,
2024,SLV,Total,0.000043,,,,
2025,SLV,Total,0.00005,,,,
2001,SSD,Total,0.000011,,,,
2002,SSD,Total,0.000054,,,,
2003,SSD,Total,0.000048,,,,
2004,SSD,Total,0.000081,,,,
2005,SSD,Total,0.000046,,,,
2006,SSD,Total,0.000047,,,,
2007,SSD,Total,0.0001,,,,
2008,SSD,Total,0.000047,,,,
2009,SSD,Total,0.000023,,,,
2010,SSD,Total,0.000078,,,,
2011,SSD,Total,0.00015,,,,
2012,SSD,Total,0.000087,,,,
2013,SSD,Total,0.00014,,,,
2014,SSD,Total,0.000086,,,,
2015,SSD,Total,0.000065,,,,
2016,SSD,Total,0.000086,,,,
2017,SSD,Total,0.00023,,,,
2018,SSD,Total,0.000079,,,,
2019,SSD,Total,0.00034,,,,
2020,SSD,Total,0.000086,,,,
2021,SSD,Total,0.000075,,,,
2022,SSD,Total,0.00011,,,,
2023,SSD,Total,0.000094,,,,
2024,SSD,Total,0.000095,,,,
2025,SSD,Total,0.00056,,,,
2001,SUR,Total,0.0011,,,,
2002,SUR,Total,0.0019,,,,
2003,SUR,Total,0.0022,,,,
2004,SUR,Total,0.0027,,,,
2005,SUR,Total,0.0018,,,,
2006,SUR,Total,0.0019,,,,
2007,SUR,Total,0.0021,,,,
2008,SUR,Total,0.0044,,,,
2009,SUR,Total,0.0042,,,,
2010,SUR,Total,0.0048,,,,
2011,SUR,Total,0.0041,,,,
2012,SUR,Total,0.013,,,,
2013,SUR,Total,0.0066,,,,
2014,SUR,Total,0.0096,,,,
2015,SUR,Total,0.0081,,,,
2016,SUR,Total,0.01,,,,
2017,SUR,Total,0.014,,,,
2018,SUR,Total,0.015,,,,
2019,SUR,Total,0.014,,,,
2020,SUR,Total,0.011,,,,
2021,SUR,Total,0.01,,,,
2022,SUR,Total,0.012,,,,
2023,SUR,Total,0.018,,,,
2024,SUR,Total,0.019,,,,
2025,SUR,Total,0.012,,,,
2001,SWE,Total,0.000038,,,,
2002,SWE,Total,0.000071,,,,
2003,SWE,Total,0.000013,,,,
2004,SWE,Total,0.000084,,,,
2005,SWE,Total,0.000044,,,,
2006,SWE,Total,0.00042,,,,
2007,SWE,Total,0.00016,,,,
2008,SWE,Total,0.00015,,,,
2009,SWE,Total,0.000066,,,,
2010,SWE,Total,0.00022,,,,
2011,SWE,Total,0.00012,,,,
2012,SWE,Total,0.00035,,,,
2013,SWE,Total,0.00021,,,,
2014,SWE,Total,0.000092,,,,
2015,SWE,Total,0.000089,,,,
2016,SWE,Total,0.00025,,,,
2017,SWE,Total,0.00012,,,,
2018,SWE,Total,0.000061,,,,
2019,SWE,Total,0.000041,,,,
2020,SWE,Total,0.00022,,,,
2021,SWE,Total,0.000088,,,,
2022,SWE,Total,0.000034,,,,
2023,SWE,Total,0.000014,,,,
2024,SWE,Total,0.000035,,,,
2025,SWE,Total,0.00029,,,,
2001,SXM,Total,0.000000073,,,,
2002,SXM,Total,0.00000015,,,,
2003,SXM,Total,0.00000015,,,,
2004,SXM,Total,0.00000029,,,,
2005,SXM,Total,0.00000044,,,,
2006,SXM,Total,0.000000073,,,,
2007,SXM,Total,0.00000015,,,,
2008,SXM,Total,0.00000059,,,,
2009,SXM,Total,0.0000011,,,,
2010,SXM,Total,0.000000073,,,,
2011,SXM,Total,0.0000012,,,,
2013,SXM,Total,0.00000051,,,,
2014,SXM,Total,0.00000015,,,,
2016,SXM,Total,0.00000015,,,,
2017,SXM,Total,0.00000073,,,,
2024,SXM,Total,0.00000029,,,,
2001,TCA,Total,0.00000057,,,,
2003,TCA,Total,0.0000017,,,,
2004,TCA,Total,0.0000021,,,,
2005,TCA,Total,0.0000046,,,,
2006,TCA,Total,0.0000011,,,,
2007,TCA,Total,0.000016,,,,
2008,TCA,Total,0.000015,,,,
2009,TCA,Total,0.00005,,,,
2010,TCA,Total,0.0000065,,,,
2011,TCA,Total,0.00000072,,,,
2012,TCA,Total,0.0000015,,,,
2013,TCA,Total,0.0000036,,,,
2014,TCA,Total,0.0000067,,,,
2015,TCA,Total,0.0000047,,,,
2016,TCA,Total,0.0000042,,,,
2017,TCA,Total,0.000013,,,,
2018,TCA,Total,0.000015,,,,
2019,TCA,Total,0.0000035,,,,
2020,TCA,Total,0.0000099,,,,
2021,TCA,Total,0.000013,,,,
2022,TCA,Total,0.0000028,,,,
2023,TCA,Total,0.0000045,,,,
2024,TCA,Total,0.0000041,,,,
2025,TCA,Total,0.00001,,,,
2001,TGO,Total,0.0000024,,,,
2002,TGO,Total,0.0000024,,,,
2003,TGO,Total,0.0000015,,,,
2004,TGO,Total,0.000000076,,,,
2005,TGO,Total,0.0000016,,,,
2006,TGO,Total,0.00000023,,,,
2007,TGO,Total,0.0000053,,,,
2008,TGO,Total,0.000000076,,,,
2009,TGO,Total,0.00000076,,,,
2010,TGO,Total,0.00000031,,,,
2011,TGO,Total,0.00000061,,,,
2012,TGO,Total,0.0000014,,,,
2013,TGO,Total,0.0000043,,,,
2014,TGO,Total,0.000026,,,,
2015,TGO,Total,0.00000015,,,,
2016,TGO,Total,0.00024,,,,
2017,TGO,Total,0.0000097,,,,
2018,TGO,Total,0.0000022,,,,
2019,TGO,Total,0.00000023,,,,
2020,TGO,Total,0.0000011,,,,
2021,TGO,Total,0.000012,,,,
2022,TGO,Total,0.000013,,,,
2023,TGO,Total,0.0000029,,,,
2024,TGO,Total,0.000000076,,,,
2001,THA,Total,0.002,,,,
2002,THA,Total,0.0038,,,,
2003,THA,Total,0.0042,,,,
2004,THA,Total,0.008,,,,
2005,THA,Total,0.011,,,,
2006,THA,Total,0.0095,,,,
2007,THA,Total,0.011,,,,
2008,THA,Total,0.0078,,,,
2009,THA,Total,0.013,,,,
2010,THA,Total,0.012,,,,
2011,THA,Total,0.0085,,,,
2012,THA,Total,0.008,,,,
2013,THA,Total,0.0039,,,,
2014,THA,Total,0.0046,,,,
2015,THA,Total,0.0023,,,,
2016,THA,Total,0.0047,,,,
2017,THA,Total,0.0037,,,,
2018,THA,Total,0.0019,,,,
2019,THA,Total,0.0026,,,,
2020,THA,Total,0.0035,,,,
2021,THA,Total,0.0029,,,,
2022,THA,Total,0.0033,,,,
2023,THA,Total,0.0041,,,,
2024,THA,Total,0.004,,,,
2025,THA,Total,0.0036,,,,
2001,TTO,Total,0.000079,,,,
2002,TTO,Total,0.000073,,,,
2003,TTO,Total,0.000048,,,,
2004,TTO,Total,0.00015,,,,
2005,TTO,Total,0.000093,,,,
2006,TTO,Total,0.00012,,,,
2007,TTO,Total,0.00013,,,,
2008,TTO,Total,0.00014,,,,
2009,TTO,Total,0.00012,,,,
2010,TTO,Total,0.00034,,,,
2011,TTO,Total,0.00006,,,,
2012,TTO,Total,0.00009,,,,
2013,TTO,Total,0.000097,,,,
2014,TTO,Total,0.00014,,,,
2015,TTO,Total,0.000097,,,,
2016,TTO,Total,0.00014,,,,
2017,TTO,Total,0.00013,,,,
2018,TTO,Total,0.00012,,,,
2019,TTO,Total,0.00012,,,,
2020,TTO,Total,0.00014,,,,
2021,TTO,Total,0.000045,,,,
2022,TTO,Total,0.000076,,,,
2023,TTO,Total,0.0001,,,,
2024,TTO,Total,0.00012,,,,
2025,TTO,Total,0.000071,,,,
2001,TWN,Total,0.000063,,,,
2002,TWN,Total,0.00012,,,,
2003,TWN,Total,0.000065,,,,
2004,TWN,Total,0.00039,,,,
2005,TWN,Total,0.00027,,,,
2006,TWN,Total,0.00031,,,,
2007,TWN,Total,0.00019,,,,
2008,TWN,Total,0.00025,,,,
2009,TWN,Total,0.0031,,,,
2010,TWN,Total,0.00058,,,,
2011,TWN,Total,0.00024,,,,
2012,TWN,Total,0.0002,,,,
2013,TWN,Total,0.00014,,,,
2014,TWN,Total,0.000092,,,,
2015,TWN,Total,0.000025,,,,
2016,TWN,Total,0.000095,,,,
2017,TWN,Total,0.00015,,,,
2018,TWN,Total,0.000083,,,,
2019,TWN,Total,0.000055,,,,
2020,TWN,Total,0.000046,,,,
2021,TWN,Total,0.000065,,,,
2022,TWN,Total,0.000085,,,,
2023,TWN,Total,0.00022,,,,
2024,TWN,Total,0.0002,,,,
2025,TWN,Total,0.00029,,,,
2001,TZA,Total,0.0016,,,,
2002,TZA,Total,0.00084,,,,
2003,TZA,Total,0.00073,,,,
2004,TZA,Total,0.00072,,,,
2005,TZA,Total,0.00075,,,,
2006,TZA,Total,0.00073,,,,
2007,TZA,Total,0.00091,,,,
2008,TZA,Total,0.001,,,,
2009,TZA,Total,0.00093,,,,
2010,TZA,Total,0.0011,,,,
2011,TZA,Total,0.0008,,,,
2012,TZA,Total,0.0014,,,,
2013,TZA,Total,0.0026,,,,
2014,TZA,Total,0.0034,,,,
2015,TZA,Total,0.0015,,,,
2016,TZA,Total,0.0022,,,,
2017,TZA,Total,0.0022,,,,
2018,TZA,Total,0.0023,,,,
2019,TZA,Total,0.0027,,,,
2020,TZA,Total,0.0035,,,,
2021,TZA,Total,0.0019,,,,
2022,TZA,Total,0.0017,,,,
2023,TZA,Total,0.0032,,,,
2024,TZA,Total,0.0037,,,,
2025,TZA,Total,0.0022,,,,
2001,UGA,Total,0.0037,,,,
2002,UGA,Total,0.00067,,,,
2003,UGA,Total,0.0015,,,,
2004,UGA,Total,0.0016,,,,
2005,UGA,Total,0.0029,,,,
2006,UGA,Total,0.0029,,,,
2007,UGA,Total,0.004,,,,
2008,UGA,Total,0.0043,,,,
2009,UGA,Total,0.0024,,,,
2010,UGA,Total,0.0048,,,,
2011,UGA,Total,0.0079,,,,
2012,UGA,Total,0.0046,,,,
2013,UGA,Total,0.0036,,,,
2014,UGA,Total,0.0034,,,,
2015,UGA,Total,0.0031,,,,
2016,UGA,Total,0.0043,,,,
2017,UGA,Total,0.0049,,,,
2018,UGA,Total,0.0041,,,,
2019,UGA,Total,0.0033,,,,
2020,UGA,Total,0.0036,,,,
2021,UGA,Total,0.0038,,,,
2022,UGA,Total,0.0034,,,,
2023,UGA,Total,0.0021,,,,
2024,UGA,Total,0.0028,,,,
2025,UGA,Total,0.004,,,,
2001,USA,Total,0.1,,,,
2002,USA,Total,0.17,,,,
2003,USA,Total,0.22,,,,
2004,USA,Total,0.63,,,,
2005,USA,Total,0.7,,,,
2006,USA,Total,0.56,,,,
2007,USA,Total,0.23,,,,
2008,USA,Total,0.11,,,,
2009,USA,Total,0.12,,,,
2010,USA,Total,0.42,,,,
2011,USA,Total,0.083,,,,
2012,USA,Total,0.077,,,,
2013,USA,Total,0.21,,,,
2014,USA,Total,0.073,,,,
2015,USA,Total,0.67,,,,
2016,USA,Total,0.25,,,,
2017,USA,Total,0.18,,,,
2018,USA,Total,0.15,,,,
2019,USA,Total,0.39,,,,
2020,USA,Total,0.15,,,,
2021,USA,Total,0.09,,,,
2022,USA,Total,0.47,,,,
2023,USA,Total,0.1,,,,
2024,USA,Total,0.15,,,,
2025,USA,Total,0.22,,,,
2001,VCT,Total,0.000000075,,,,
2002,VCT,Total,0.000000075,,,,
2003,VCT,Total,0.00000052,,,,
2004,VCT,Total,0.0000021,,,,
2005,VCT,Total,0.0000031,,,,
2006,VCT,Total,0.000000075,,,,
2007,VCT,Total,0.0000013,,,,
2008,VCT,Total,0.000001,,,,
2009,VCT,Total,0.0000029,,,,
2010,VCT,Total,0.0000037,,,,
2011,VCT,Total,0.0000036,,,,
2012,VCT,Total,0.0000032,,,,
2013,VCT,Total,0.0000009,,,,
2014,VCT,Total,0.0000015,,,,
2016,VCT,Total,0.0000059,,,,
2017,VCT,Total,0.0000052,,,,
2018,VCT,Total,0.00000067,,,,
2019,VCT,Total,0.0000003,,,,
2021,VCT,Total,0.0000039,,,,
2022,VCT,Total,0.000021,,,,
2001,VEN,Total,0.01,,,,
2002,VEN,Total,0.011,,,,
2003,VEN,Total,0.021,,,,
2004,VEN,Total,0.016,,,,
2005,VEN,Total,0.016,,,,
2006,VEN,Total,0.014,,,,
2007,VEN,Total,0.026,,,,
2008,VEN,Total,0.02,,,,
2009,VEN,Total,0.023,,,,
2010,VEN,Total,0.026,,,,
2011,VEN,Total,0.016,,,,
2012,VEN,Total,0.022,,,,
2013,VEN,Total,0.015,,,,
2014,VEN,Total,0.021,,,,
2015,VEN,Total,0.016,,,,
2016,VEN,Total,0.084,,,,
2017,VEN,Total,0.043,,,,
2018,VEN,Total,0.03,,,,
2019,VEN,Total,0.059,,,,
2020,VEN,Total,0.054,,,,
2021,VEN,Total,0.023,,,,
2022,VEN,Total,0.02,,,,
2023,VEN,Total,0.027,,,,
2024,VEN,Total,0.074,,,,
2025,VEN,Total,0.022,,,,
2001,VGB,Total,0.00000058,,,,
2002,VGB,Total,0.00000088,,,,
2003,VGB,Total,0.00000044,,,,
2004,VGB,Total,0.00000095,,,,
2005,VGB,Total,0.0000015,,,,
2006,VGB,Total,0.00000095,,,,
2007,VGB,Total,0.0000023,,,,
2008,VGB,Total,0.0000019,,,,
2009,VGB,Total,0.000002,,,,
2010,VGB,Total,0.0000015,,,,
2011,VGB,Total,0.0000058,,,,
2012,VGB,Total,0.00000037,,,,
2013,VGB,Total,0.0000013,,,,
2014,VGB,Total,0.000000073,,,,
2016,VGB,Total,0.0000011,,,,
2017,VGB,Total,0.000058,,,,
2018,VGB,Total,0.0000028,,,,
2019,VGB,Total,0.00000051,,,,
2021,VGB,Total,0.0000011,,,,
2022,VGB,Total,0.0000011,,,,
2023,VGB,Total,0.000001,,,,
2024,VGB,Total,0.00000022,,,,
2025,VGB,Total,0.00000051,,,,
2001,VIR,Total,0.00000044,,,,
2003,VIR,Total,0.00000073,,,,
2004,VIR,Total,0.0000066,,,,
2005,VIR,Total,0.00000037,,,,
2006,VIR,Total,0.0000016,,,,
2007,VIR,Total,0.00000095,,,,
2009,VIR,Total,0.000001,,,,
2010,VIR,Total,0.00000029,,,,
2011,VIR,Total,0.0000008,,,,
2012,VIR,Total,0.00000029,,,,
2013,VIR,Total,0.00000029,,,,
2016,VIR,Total,0.0000018,,,,
2017,VIR,Total,0.00005,,,,
2018,VIR,Total,0.000017,,,,
2019,VIR,Total,0.00000058,,,,
2020,VIR,Total,0.00000015,,,,
2022,VIR,Total,0.00000044,,,,
2025,VIR,Total,0.00000022,,,,
2001,VNM,Total,0.012,,,,
2002,VNM,Total,0.011,,,,
2003,VNM,Total,0.0095,,,,
2004,VNM,Total,0.021,,,,
2005,VNM,Total,0.028,,,,
2006,VNM,Total,0.02,,,,
2007,VNM,Total,0.022,,,,
2008,VNM,Total,0.034,,,,
2009,VNM,Total,0.047,,,,
2010,VNM,Total,0.065,,,,
2011,VNM,Total,0.045,,,,
2012,VNM,Total,0.068,,,,
2013,VNM,Total,0.027,,,,
2014,VNM,Total,0.042,,,,
2015,VNM,Total,0.039,,,,
2016,VNM,Total,0.069,,,,
2017,VNM,Total,0.045,,,,
2018,VNM,Total,0.033,,,,
2019,VNM,Total,0.031,,,,
2020,VNM,Total,0.033,,,,
2021,VNM,Total,0.029,,,,
2022,VNM,Total,0.022,,,,
2023,VNM,Total,0.016,,,,
2024,VNM,Total,0.017,,,,
2025,VNM,Total,0.014,,,,
2001,VUT,Total,0.000017,,,,
2002,VUT,Total,0.000019,,,,
2003,VUT,Total,0.00033,,,,
2004,VUT,Total,0.00011,,,,
2005,VUT,Total,0.000052,,,,
2006,VUT,Total,0.000064,,,,
2007,VUT,Total,0.000026,,,,
2008,VUT,Total,0.000045,,,,
2009,VUT,Total,0.00082,,,,
2010,VUT,Total,0.00012,,,,
2011,VUT,Total,0.00036,,,,
2012,VUT,Total,0.00006,,,,
2013,VUT,Total,0.00023,,,,
2014,VUT,Total,0.00012,,,,
2015,VUT,Total,0.00064,,,,
2016,VUT,Total,0.00021,,,,
2017,VUT,Total,0.00019,,,,
2018,VUT,Total,0.00019,,,,
2019,VUT,Total,0.000048,,,,
2020,VUT,Total,0.0016,,,,
2021,VUT,Total,0.000012,,,,
2022,VUT,Total,0.000015,,,,
2023,VUT,Total,0.000072,,,,
2024,VUT,Total,0.000077,,,,
2025,VUT,Total,0.000058,,,,
2001,ZAF,Total,0.000054,,,,
2002,ZAF,Total,0.00035,,,,
2003,ZAF,Total,0.00032,,,,
2004,ZAF,Total,0.00043,,,,
2005,ZAF,Total,0.00052,,,,
2006,ZAF,Total,0.00043,,,,
2007,ZAF,Total,0.0004,,,,
2008,ZAF,Total,0.00054,,,,
2009,ZAF,Total,0.00044,,,,
2010,ZAF,Total,0.00027,,,,
2011,ZAF,Total,0.00034,,,,
2012,ZAF,Total,0.00033,,,,
2013,ZAF,Total,0.00054,,,,
2014,ZAF,Total,0.00052,,,,
2015,ZAF,Total,0.00053,,,,
2016,ZAF,Total,0.00056,,,,
2017,ZAF,Total,0.002,,,,
2018,ZAF,Total,0.00078,,,,
2019,ZAF,Total,0.00094,,,,
2020,ZAF,Total,0.00088,,,,
2021,ZAF,Total,0.00063,,,,
2022,ZAF,Total,0.0003,,,,
2023,ZAF,Total,0.0002,,,,
2024,ZAF,Total,0.00047,,,,
2025,ZAF,Total,0.00021,,,,
2001,ZMB,Total,0.000092,,,,
2002,ZMB,Total,0.000062,,,,
2003,ZMB,Total,0.00013,,,,
2004,ZMB,Total,0.00043,,,,
2005,ZMB,Total,0.00024,,,,
2006,ZMB,Total,0.00028,,,,
2007,ZMB,Total,0.00054,,,,
2008,ZMB,Total,0.00031,,,,
2009,ZMB,Total,0.0013,,,,
2010,ZMB,Total,0.0029,,,,
2011,ZMB,Total,0.00018,,,,
2012,ZMB,Total,0.00095,,,,
2013,ZMB,Total,0.0016,,,,
2014,ZMB,Total,0.0021,,,,
2015,ZMB,Total,0.0023,,,,
2016,ZMB,Total,0.0029,,,,
2017,ZMB,Total,0.0034,,,,
2018,ZMB,Total,0.0024,,,,
2019,ZMB,Total,0.0026,,,,
2020,ZMB,Total,0.0022,,,,
2021,ZMB,Total,0.0029,,,,
2022,ZMB,Total,0.0024,,,,
2023,ZMB,Total,0.0027,,,,
2024,ZMB,Total,0.0039,,,,
2025,ZMB,Total,0.004,,,,
2001,ZWE,Total,0.000009,,,,
2002,ZWE,Total,0.000014,,,,
2003,ZWE,Total,0.0000086,,,,
2004,ZWE,Total,0.000021,,,,
2005,ZWE,Total,0.000027,,,,
2006,ZWE,Total,0.000026,,,,
2007,ZWE,Total,0.000016,,,,
2008,ZWE,Total,0.0000082,,,,
2009,ZWE,Total,0.000019,,,,
2010,ZWE,Total,0.0000039,,,,
2011,ZWE,Total,0.0000035,,,,
2012,ZWE,Total,0.000063,,,,
2013,ZWE,Total,0.0001,,,,
2014,ZWE,Total,0.000038,,,,
2015,ZWE,Total,0.000062,,,,
2016,ZWE,Total,0.00005,,,,
2017,ZWE,Total,0.00028,,,,
2018,ZWE,Total,0.000027,,,,
2019,ZWE,Total,0.00005,,,,
2020,ZWE,Total,0.000038,,,,
2021,ZWE,Total,0.000042,,,,
2022,ZWE,Total,0.000055,,,,
2023,ZWE,Total,0.00004,,,,
2024,ZWE,Total,0.000032,,,,
2025,ZWE,Total,0.000048,,,,
2006,ABW,Tropical shrubland,0.000000075,,,,
2009,ABW,Tropical shrubland,0.00000015,,,,
2001,AGO,Tropical dry forest,0.00063,,,,
2002,AGO,Tropical dry forest,0.0006,,,,
2003,AGO,Tropical dry forest,0.00057,,,,
2004,AGO,Tropical dry forest,0.00062,,,,
2005,AGO,Tropical dry forest,0.00059,,,,
2006,AGO,Tropical dry forest,0.0005,,,,
2007,AGO,Tropical dry forest,0.0011,,,,
2008,AGO,Tropical dry forest,0.00059,,,,
2009,AGO,Tropical dry forest,0.0015,,,,
2010,AGO,Tropical dry forest,0.00087,,,,
2011,AGO,Tropical dry forest,0.0011,,,,
2012,AGO,Tropical dry forest,0.00099,,,,
2013,AGO,Tropical dry forest,0.0017,,,,
2014,AGO,Tropical dry forest,0.0039,,,,
2015,AGO,Tropical dry forest,0.0014,,,,
2016,AGO,Tropical dry forest,0.0022,,,,
2017,AGO,Tropical dry forest,0.0021,,,,
2018,AGO,Tropical dry forest,0.002,,,,
2019,AGO,Tropical dry forest,0.0016,,,,
2020,AGO,Tropical dry forest,0.00098,,,,
2021,AGO,Tropical dry forest,0.0021,,,,
2022,AGO,Tropical dry forest,0.0018,,,,
2023,AGO,Tropical dry forest,0.0029,,,,
2024,AGO,Tropical dry forest,0.0013,,,,
2025,AGO,Tropical dry forest,0.0026,,,,
2001,AGO,Tropical moist deciduous forest,0.00041,,,,
2002,AGO,Tropical moist deciduous forest,0.00024,,,,
2003,AGO,Tropical moist deciduous forest,0.00031,,,,
2004,AGO,Tropical moist deciduous forest,0.00023,,,,
2005,AGO,Tropical moist deciduous forest,0.00038,,,,
2006,AGO,Tropical moist deciduous forest,0.00026,,,,
2007,AGO,Tropical moist deciduous forest,0.001,,,,
2008,AGO,Tropical moist deciduous forest,0.0003,,,,
2009,AGO,Tropical moist deciduous forest,0.00044,,,,
2010,AGO,Tropical moist deciduous forest,0.00079,,,,
2011,AGO,Tropical moist deciduous forest,0.00081,,,,
2012,AGO,Tropical moist deciduous forest,0.00071,,,,
2013,AGO,Tropical moist deciduous forest,0.00094,,,,
2014,AGO,Tropical moist deciduous forest,0.0012,,,,
2015,AGO,Tropical moist deciduous forest,0.0014,,,,
2016,AGO,Tropical moist deciduous forest,0.002,,,,
2017,AGO,Tropical moist deciduous forest,0.0019,,,,
2018,AGO,Tropical moist deciduous forest,0.0018,,,,
2019,AGO,Tropical moist deciduous forest,0.0014,,,,
2020,AGO,Tropical moist deciduous forest,0.0019,,,,
2021,AGO,Tropical moist deciduous forest,0.0034,,,,
2022,AGO,Tropical moist deciduous forest,0.0027,,,,
2023,AGO,Tropical moist deciduous forest,0.0026,,,,
2024,AGO,Tropical moist deciduous forest,0.0029,,,,
2025,AGO,Tropical moist deciduous forest,0.0041,,,,
2001,AGO,Tropical rainforest,0.0038,,,,
2002,AGO,Tropical rainforest,0.0025,,,,
2003,AGO,Tropical rainforest,0.0019,,,,
2004,AGO,Tropical rainforest,0.0015,,,,
2005,AGO,Tropical rainforest,0.002,,,,
2006,AGO,Tropical rainforest,0.0006,,,,
2007,AGO,Tropical rainforest,0.0057,,,,
2008,AGO,Tropical rainforest,0.0018,,,,
2009,AGO,Tropical rainforest,0.0031,,,,
2010,AGO,Tropical rainforest,0.0034,,,,
2011,AGO,Tropical rainforest,0.0023,,,,
2012,AGO,Tropical rainforest,0.0036,,,,
2013,AGO,Tropical rainforest,0.0062,,,,
2014,AGO,Tropical rainforest,0.0053,,,,
2015,AGO,Tropical rainforest,0.006,,,,
2016,AGO,Tropical rainforest,0.0076,,,,
2017,AGO,Tropical rainforest,0.007,,,,
2018,AGO,Tropical rainforest,0.0096,,,,
2019,AGO,Tropical rainforest,0.0069,,,,
2020,AGO,Tropical rainforest,0.0059,,,,
2021,AGO,Tropical rainforest,0.018,,,,
2022,AGO,Tropical rainforest,0.011,,,,
2023,AGO,Tropical rainforest,0.012,,,,
2024,AGO,Tropical rainforest,0.0092,,,,
2025,AGO,Tropical rainforest,0.014,,,,
2001,ARG,Subtropical humid forest,0.00021,,,,
2002,ARG,Subtropical humid forest,0.00029,,,,
2003,ARG,Subtropical humid forest,0.00037,,,,
2004,ARG,Subtropical humid forest,0.00057,,,,
2005,ARG,Subtropical humid forest,0.00076,,,,
2006,ARG,Subtropical humid forest,0.00072,,,,
2007,ARG,Subtropical humid forest,0.00071,,,,
2008,ARG,Subtropical humid forest,0.00094,,,,
2009,ARG,Subtropical humid forest,0.0005,,,,
2010,ARG,Subtropical humid forest,0.00046,,,,
2011,ARG,Subtropical humid forest,0.0005,,,,
2012,ARG,Subtropical humid forest,0.00064,,,,
2013,ARG,Subtropical humid forest,0.00065,,,,
2014,ARG,Subtropical humid forest,0.00053,,,,
2015,ARG,Subtropical humid forest,0.00033,,,,
2016,ARG,Subtropical humid forest,0.0013,,,,
2017,ARG,Subtropical humid forest,0.0024,,,,
2018,ARG,Subtropical humid forest,0.00082,,,,
2019,ARG,Subtropical humid forest,0.00099,,,,
2020,ARG,Subtropical humid forest,0.0011,,,,
2021,ARG,Subtropical humid forest,0.0012,,,,
2022,ARG,Subtropical humid forest,0.0012,,,,
2023,ARG,Subtropical humid forest,0.00081,,,,
2024,ARG,Subtropical humid forest,0.00067,,,,
2025,ARG,Subtropical humid forest,0.00085,,,,
2001,ARG,Tropical dry forest,0.0015,,,,
2002,ARG,Tropical dry forest,0.0038,,,,
2003,ARG,Tropical dry forest,0.0063,,,,
2004,ARG,Tropical dry forest,0.014,,,,
2005,ARG,Tropical dry forest,0.012,,,,
2006,ARG,Tropical dry forest,0.0076,,,,
2007,ARG,Tropical dry forest,0.0049,,,,
2008,ARG,Tropical dry forest,0.021,,,,
2009,ARG,Tropical dry forest,0.0065,,,,
2010,ARG,Tropical dry forest,0.012,,,,
2011,ARG,Tropical dry forest,0.0062,,,,
2012,ARG,Tropical dry forest,0.0067,,,,
2013,ARG,Tropical dry forest,0.013,,,,
2014,ARG,Tropical dry forest,0.005,,,,
2015,ARG,Tropical dry forest,0.002,,,,
2016,ARG,Tropical dry forest,0.0033,,,,
2017,ARG,Tropical dry forest,0.0032,,,,
2018,ARG,Tropical dry forest,0.0015,,,,
2019,ARG,Tropical dry forest,0.0016,,,,
2020,ARG,Tropical dry forest,0.0027,,,,
2021,ARG,Tropical dry forest,0.0027,,,,
2022,ARG,Tropical dry forest,0.0045,,,,
2023,ARG,Tropical dry forest,0.0029,,,,
2024,ARG,Tropical dry forest,0.0026,,,,
2025,ARG,Tropical dry forest,0.0027,,,,
2001,ARG,Tropical moist deciduous forest,0.002,,,,
2002,ARG,Tropical moist deciduous forest,0.0024,,,,
2003,ARG,Tropical moist deciduous forest,0.0038,,,,
2004,ARG,Tropical moist deciduous forest,0.0065,,,,
2005,ARG,Tropical moist deciduous forest,0.014,,,,
2006,ARG,Tropical moist deciduous forest,0.0092,,,,
2007,ARG,Tropical moist deciduous forest,0.0077,,,,
2008,ARG,Tropical moist deciduous forest,0.017,,,,
2009,ARG,Tropical moist deciduous forest,0.01,,,,
2010,ARG,Tropical moist deciduous forest,0.013,,,,
2011,ARG,Tropical moist deciduous forest,0.0067,,,,
2012,ARG,Tropical moist deciduous forest,0.013,,,,
2013,ARG,Tropical moist deciduous forest,0.03,,,,
2014,ARG,Tropical moist deciduous forest,0.01,,,,
2015,ARG,Tropical moist deciduous forest,0.0055,,,,
2016,ARG,Tropical moist deciduous forest,0.0052,,,,
2017,ARG,Tropical moist deciduous forest,0.0045,,,,
2018,ARG,Tropical moist deciduous forest,0.0037,,,,
2019,ARG,Tropical moist deciduous forest,0.0021,,,,
2020,ARG,Tropical moist deciduous forest,0.0071,,,,
2021,ARG,Tropical moist deciduous forest,0.0034,,,,
2022,ARG,Tropical moist deciduous forest,0.005,,,,
2023,ARG,Tropical moist deciduous forest,0.0046,,,,
2024,ARG,Tropical moist deciduous forest,0.0053,,,,
2025,ARG,Tropical moist deciduous forest,0.0041,,,,
2001,ARG,Tropical mountain system,0.00028,,,,
2002,ARG,Tropical mountain system,0.00011,,,,
2003,ARG,Tropical mountain system,0.00042,,,,
2004,ARG,Tropical mountain system,0.00066,,,,
2005,ARG,Tropical mountain system,0.0005,,,,
2006,ARG,Tropical mountain system,0.00047,,,,
2007,ARG,Tropical mountain system,0.00033,,,,
2008,ARG,Tropical mountain system,0.0009,,,,
2009,ARG,Tropical mountain system,0.00037,,,,
2010,ARG,Tropical mountain system,0.0024,,,,
2011,ARG,Tropical mountain system,0.00053,,,,
2012,ARG,Tropical mountain system,0.00078,,,,
2013,ARG,Tropical mountain system,0.0012,,,,
2014,ARG,Tropical mountain system,0.00043,,,,
2015,ARG,Tropical mountain system,0.00038,,,,
2016,ARG,Tropical mountain system,0.00033,,,,
2017,ARG,Tropical mountain system,0.00053,,,,
2018,ARG,Tropical mountain system,0.00016,,,,
2019,ARG,Tropical mountain system,0.00031,,,,
2020,ARG,Tropical mountain system,0.0015,,,,
2021,ARG,Tropical mountain system,0.00016,,,,
2022,ARG,Tropical mountain system,0.0005,,,,
2023,ARG,Tropical mountain system,0.0003,,,,
2024,ARG,Tropical mountain system,0.00017,,,,
2025,ARG,Tropical mountain system,0.00016,,,,
2001,ARG,Tropical rainforest,0.0018,,,,
2002,ARG,Tropical rainforest,0.0026,,,,
2003,ARG,Tropical rainforest,0.0035,,,,
2004,ARG,Tropical rainforest,0.0056,,,,
2005,ARG,Tropical rainforest,0.0047,,,,
2006,ARG,Tropical rainforest,0.006,,,,
2007,ARG,Tropical rainforest,0.0049,,,,
2008,ARG,Tropical rainforest,0.0069,,,,
2009,ARG,Tropical rainforest,0.0034,,,,
2010,ARG,Tropical rainforest,0.003,,,,
2011,ARG,Tropical rainforest,0.0033,,,,
2012,ARG,Tropical rainforest,0.0038,,,,
2013,ARG,Tropical rainforest,0.003,,,,
2014,ARG,Tropical rainforest,0.0032,,,,
2015,ARG,Tropical rainforest,0.0021,,,,
2016,ARG,Tropical rainforest,0.0045,,,,
2017,ARG,Tropical rainforest,0.0064,,,,
2018,ARG,Tropical rainforest,0.0033,,,,
2019,ARG,Tropical rainforest,0.004,,,,
2020,ARG,Tropical rainforest,0.0048,,,,
2021,ARG,Tropical rainforest,0.0044,,,,
2022,ARG,Tropical rainforest,0.01,,,,
2023,ARG,Tropical rainforest,0.0026,,,,
2024,ARG,Tropical rainforest,0.0032,,,,
2025,ARG,Tropical rainforest,0.0031,,,,
2018,ATG,Tropical dry forest,0.000000073,,,,
2010,AUS,Subtropical steppe,0.00000007,,,,
2014,AUS,Subtropical steppe,0.0000011,,,,
2019,AUS,Subtropical steppe,0.00000007,,,,
2021,AUS,Subtropical steppe,0.00000007,,,,
2009,AUS,Tropical dry forest,0.000000076,,,,
2013,AUS,Tropical dry forest,0.00000023,,,,
2014,AUS,Tropical dry forest,0.0000036,,,,
2017,AUS,Tropical dry forest,0.00000061,,,,
2013,AUS,Tropical rainforest,0.00000038,,,,
2014,AUS,Tropical rainforest,0.00000038,,,,
2001,BDI,Tropical mountain system,0.0000062,,,,
2002,BDI,Tropical mountain system,0.0000039,,,,
2003,BDI,Tropical mountain system,0.000052,,,,
2004,BDI,Tropical mountain system,0.0000028,,,,
2005,BDI,Tropical mountain system,0.000015,,,,
2006,BDI,Tropical mountain system,0.0000058,,,,
2007,BDI,Tropical mountain system,0.000014,,,,
2008,BDI,Tropical mountain system,0.000018,,,,
2009,BDI,Tropical mountain system,0.000013,,,,
2010,BDI,Tropical mountain system,0.000013,,,,
2011,BDI,Tropical mountain system,0.0000071,,,,
2012,BDI,Tropical mountain system,0.0000048,,,,
2013,BDI,Tropical mountain system,0.000011,,,,
2014,BDI,Tropical mountain system,0.000048,,,,
2015,BDI,Tropical mountain system,0.000017,,,,
2016,BDI,Tropical mountain system,0.000028,,,,
2017,BDI,Tropical mountain system,0.000014,,,,
2018,BDI,Tropical mountain system,0.000033,,,,
2019,BDI,Tropical mountain system,0.000014,,,,
2020,BDI,Tropical mountain system,0.000027,,,,
2021,BDI,Tropical mountain system,0.000014,,,,
2022,BDI,Tropical mountain system,0.0000048,,,,
2023,BDI,Tropical mountain system,0.0000081,,,,
2024,BDI,Tropical mountain system,0.0000097,,,,
2025,BDI,Tropical mountain system,0.000028,,,,
2005,BEN,Tropical moist deciduous forest,0.000000076,,,,
2007,BEN,Tropical moist deciduous forest,0.000000076,,,,
2010,BEN,Tropical moist deciduous forest,0.000000076,,,,
2011,BEN,Tropical moist deciduous forest,0.00000015,,,,
2016,BEN,Tropical moist deciduous forest,0.0000047,,,,
2017,BEN,Tropical moist deciduous forest,0.00000015,,,,
2020,BEN,Tropical moist deciduous forest,0.00000023,,,,
2023,BEN,Tropical moist deciduous forest,0.000002,,,,
2002,BEN,Tropical rainforest,0.00000023,,,,
2005,BEN,Tropical rainforest,0.00000015,,,,
2006,BEN,Tropical rainforest,0.000000076,,,,
2009,BEN,Tropical rainforest,0.00000031,,,,
2010,BEN,Tropical rainforest,0.00000023,,,,
2012,BEN,Tropical rainforest,0.00000031,,,,
2013,BEN,Tropical rainforest,0.0000018,,,,
2014,BEN,Tropical rainforest,0.0000043,,,,
2015,BEN,Tropical rainforest,0.000000076,,,,
2016,BEN,Tropical rainforest,0.0000085,,,,
2017,BEN,Tropical rainforest,0.0000013,,,,
2018,BEN,Tropical rainforest,0.00000023,,,,
2019,BEN,Tropical rainforest,0.0000028,,,,
2020,BEN,Tropical rainforest,0.0000014,,,,
2021,BEN,Tropical rainforest,0.0000015,,,,
2022,BEN,Tropical rainforest,0.00000084,,,,
2023,BEN,Tropical rainforest,0.00000084,,,,
2025,BEN,Tropical rainforest,0.000000076,,,,
2001,BES,Tropical moist deciduous forest,0.00000015,,,,
2004,BES,Tropical moist deciduous forest,0.000000073,,,,
2006,BES,Tropical moist deciduous forest,0.000000073,,,,
2007,BES,Tropical moist deciduous forest,0.00000015,,,,
2020,BES,Tropical moist deciduous forest,0.0000064,,,,
2012,BES,Tropical shrubland,0.000000075,,,,
2003,BGD,Tropical moist deciduous forest,0.00000007,,,,
2004,BGD,Tropical moist deciduous forest,0.000000072,,,,
2005,BGD,Tropical moist deciduous forest,0.00000043,,,,
2006,BGD,Tropical moist deciduous forest,0.00000029,,,,
2007,BGD,Tropical moist deciduous forest,0.00001,,,,
2008,BGD,Tropical moist deciduous forest,0.0000016,,,,
2010,BGD,Tropical moist deciduous forest,0.00000093,,,,
2011,BGD,Tropical moist deciduous forest,0,,,,
2012,BGD,Tropical moist deciduous forest,0.00000014,,,,
2019,BGD,Tropical moist deciduous forest,0.000000072,,,,
2021,BGD,Tropical moist deciduous forest,0.0000029,,,,
2022,BGD,Tropical moist deciduous forest,0.000000071,,,,
2023,BGD,Tropical moist deciduous forest,0.0000011,,,,
2024,BGD,Tropical moist deciduous forest,0.000000072,,,,
2025,BGD,Tropical moist deciduous forest,0.00000014,,,,
2001,BGD,Tropical rainforest,0.00038,,,,
2002,BGD,Tropical rainforest,0.00062,,,,
2003,BGD,Tropical rainforest,0.00027,,,,
2004,BGD,Tropical rainforest,0.00035,,,,
2005,BGD,Tropical rainforest,0.00031,,,,
2006,BGD,Tropical rainforest,0.00068,,,,
2007,BGD,Tropical rainforest,0.00036,,,,
2008,BGD,Tropical rainforest,0.00024,,,,
2009,BGD,Tropical rainforest,0.00056,,,,
2010,BGD,Tropical rainforest,0.00023,,,,
2011,BGD,Tropical rainforest,0.00026,,,,
2012,BGD,Tropical rainforest,0.00033,,,,
2013,BGD,Tropical rainforest,0.00019,,,,
2014,BGD,Tropical rainforest,0.00046,,,,
2015,BGD,Tropical rainforest,0.00021,,,,
2016,BGD,Tropical rainforest,0.00035,,,,
2017,BGD,Tropical rainforest,0.00041,,,,
2018,BGD,Tropical rainforest,0.00036,,,,
2019,BGD,Tropical rainforest,0.00039,,,,
2020,BGD,Tropical rainforest,0.00046,,,,
2021,BGD,Tropical rainforest,0.00031,,,,
2022,BGD,Tropical rainforest,0.00031,,,,
2023,BGD,Tropical rainforest,0.00074,,,,
2024,BGD,Tropical rainforest,0.00047,,,,
2025,BGD,Tropical rainforest,0.00051,,,,
2002,BHS,Tropical moist deciduous forest,0.00000014,,,,
2004,BHS,Tropical moist deciduous forest,0.0000038,,,,
2005,BHS,Tropical moist deciduous forest,0.0000016,,,,
2006,BHS,Tropical moist deciduous forest,0.0000032,,,,
2007,BHS,Tropical moist deciduous forest,0.0000055,,,,
2008,BHS,Tropical moist deciduous forest,0.000003,,,,
2009,BHS,Tropical moist deciduous forest,0.0000049,,,,
2010,BHS,Tropical moist deciduous forest,0.0000023,,,,
2011,BHS,Tropical moist deciduous forest,0.0000015,,,,
2012,BHS,Tropical moist deciduous forest,0.0000067,,,,
2013,BHS,Tropical moist deciduous forest,0.000003,,,,
2014,BHS,Tropical moist deciduous forest,0.000002,,,,
2015,BHS,Tropical moist deciduous forest,0.0000024,,,,
2016,BHS,Tropical moist deciduous forest,0.0014,,,,
2017,BHS,Tropical moist deciduous forest,0.0000098,,,,
2018,BHS,Tropical moist deciduous forest,0.000011,,,,
2019,BHS,Tropical moist deciduous forest,0.0000057,,,,
2020,BHS,Tropical moist deciduous forest,0.0000038,,,,
2021,BHS,Tropical moist deciduous forest,0.0000029,,,,
2022,BHS,Tropical moist deciduous forest,0.0000011,,,,
2023,BHS,Tropical moist deciduous forest,0.000034,,,,
2024,BHS,Tropical moist deciduous forest,0.0000045,,,,
2025,BHS,Tropical moist deciduous forest,0.0000005,,,,
2009,BHS,Tropical mountain system,0.000000072,,,,
2018,BHS,Tropical mountain system,0.000000072,,,,
2001,BHS,Tropical rainforest,0.00000029,,,,
2002,BHS,Tropical rainforest,0.000000072,,,,
2003,BHS,Tropical rainforest,0.000000071,,,,
2004,BHS,Tropical rainforest,0.00000064,,,,
2006,BHS,Tropical rainforest,0.00000021,,,,
2007,BHS,Tropical rainforest,0.0000016,,,,
2009,BHS,Tropical rainforest,0.00000093,,,,
2010,BHS,Tropical rainforest,0.000000071,,,,
2011,BHS,Tropical rainforest,0.00000021,,,,
2012,BHS,Tropical rainforest,0.00000014,,,,
2013,BHS,Tropical rainforest,0.000000071,,,,
2016,BHS,Tropical rainforest,0.00007,,,,
2017,BHS,Tropical rainforest,0.0000035,,,,
2018,BHS,Tropical rainforest,0.00000086,,,,
2019,BHS,Tropical rainforest,0.00000014,,,,
2020,BHS,Tropical rainforest,0.00000035,,,,
2021,BHS,Tropical rainforest,0.00000064,,,,
2022,BHS,Tropical rainforest,0.00000028,,,,
2024,BHS,Tropical rainforest,0.00000049,,,,
2025,BHS,Tropical rainforest,0.0000013,,,,
2001,BLZ,Tropical moist deciduous forest,0.00031,,,,
2002,BLZ,Tropical moist deciduous forest,0.0019,,,,
2003,BLZ,Tropical moist deciduous forest,0.0013,,,,
2004,BLZ,Tropical moist deciduous forest,0.0015,,,,
2005,BLZ,Tropical moist deciduous forest,0.0015,,,,
2006,BLZ,Tropical moist deciduous forest,0.0012,,,,
2007,BLZ,Tropical moist deciduous forest,0.0026,,,,
2008,BLZ,Tropical moist deciduous forest,0.0022,,,,
2009,BLZ,Tropical moist deciduous forest,0.0028,,,,
2010,BLZ,Tropical moist deciduous forest,0.0025,,,,
2011,BLZ,Tropical moist deciduous forest,0.012,,,,
2012,BLZ,Tropical moist deciduous forest,0.0049,,,,
2013,BLZ,Tropical moist deciduous forest,0.0051,,,,
2014,BLZ,Tropical moist deciduous forest,0.0072,,,,
2015,BLZ,Tropical moist deciduous forest,0.0054,,,,
2016,BLZ,Tropical moist deciduous forest,0.0075,,,,
2017,BLZ,Tropical moist deciduous forest,0.0041,,,,
2018,BLZ,Tropical moist deciduous forest,0.003,,,,
2019,BLZ,Tropical moist deciduous forest,0.0062,,,,
2020,BLZ,Tropical moist deciduous forest,0.01,,,,
2021,BLZ,Tropical moist deciduous forest,0.0028,,,,
2022,BLZ,Tropical moist deciduous forest,0.0028,,,,
2023,BLZ,Tropical moist deciduous forest,0.0089,,,,
2024,BLZ,Tropical moist deciduous forest,0.0047,,,,
2025,BLZ,Tropical moist deciduous forest,0.0032,,,,
2001,BLZ,Tropical rainforest,0.00077,,,,
2002,BLZ,Tropical rainforest,0.0033,,,,
2003,BLZ,Tropical rainforest,0.0012,,,,
2004,BLZ,Tropical rainforest,0.00056,,,,
2005,BLZ,Tropical rainforest,0.0014,,,,
2006,BLZ,Tropical rainforest,0.00063,,,,
2007,BLZ,Tropical rainforest,0.0012,,,,
2008,BLZ,Tropical rainforest,0.0012,,,,
2009,BLZ,Tropical rainforest,0.0015,,,,
2010,BLZ,Tropical rainforest,0.0021,,,,
2011,BLZ,Tropical rainforest,0.0037,,,,
2012,BLZ,Tropical rainforest,0.0016,,,,
2013,BLZ,Tropical rainforest,0.003,,,,
2014,BLZ,Tropical rainforest,0.0016,,,,
2015,BLZ,Tropical rainforest,0.0011,,,,
2016,BLZ,Tropical rainforest,0.0031,,,,
2017,BLZ,Tropical rainforest,0.0022,,,,
2018,BLZ,Tropical rainforest,0.0017,,,,
2019,BLZ,Tropical rainforest,0.0021,,,,
2020,BLZ,Tropical rainforest,0.0051,,,,
2021,BLZ,Tropical rainforest,0.0016,,,,
2022,BLZ,Tropical rainforest,0.0012,,,,
2023,BLZ,Tropical rainforest,0.0026,,,,
2024,BLZ,Tropical rainforest,0.012,,,,
2025,BLZ,Tropical rainforest,0.0019,,,,
2001,BOL,Tropical dry forest,0.0025,,,,
2002,BOL,Tropical dry forest,0.0066,,,,
2003,BOL,Tropical dry forest,0.0064,,,,
2004,BOL,Tropical dry forest,0.011,,,,
2005,BOL,Tropical dry forest,0.014,,,,
2006,BOL,Tropical dry forest,0.013,,,,
2007,BOL,Tropical dry forest,0.0095,,,,
2008,BOL,Tropical dry forest,0.027,,,,
2009,BOL,Tropical dry forest,0.014,,,,
2010,BOL,Tropical dry forest,0.027,,,,
2011,BOL,Tropical dry forest,0.019,,,,
2012,BOL,Tropical dry forest,0.011,,,,
2013,BOL,Tropical dry forest,0.0077,,,,
2014,BOL,Tropical dry forest,0.011,,,,
2015,BOL,Tropical dry forest,0.013,,,,
2016,BOL,Tropical dry forest,0.032,,,,
2017,BOL,Tropical dry forest,0.029,,,,
2018,BOL,Tropical dry forest,0.015,,,,
2019,BOL,Tropical dry forest,0.028,,,,
2020,BOL,Tropical dry forest,0.014,,,,
2021,BOL,Tropical dry forest,0.012,,,,
2022,BOL,Tropical dry forest,0.019,,,,
2023,BOL,Tropical dry forest,0.011,,,,
2024,BOL,Tropical dry forest,0.014,,,,
2025,BOL,Tropical dry forest,0.011,,,,
2001,BOL,Tropical moist deciduous forest,0.011,,,,
2002,BOL,Tropical moist deciduous forest,0.024,,,,
2003,BOL,Tropical moist deciduous forest,0.028,,,,
2004,BOL,Tropical moist deciduous forest,0.032,,,,
2005,BOL,Tropical moist deciduous forest,0.037,,,,
2006,BOL,Tropical moist deciduous forest,0.041,,,,
2007,BOL,Tropical moist deciduous forest,0.034,,,,
2008,BOL,Tropical moist deciduous forest,0.061,,,,
2009,BOL,Tropical moist deciduous forest,0.028,,,,
2010,BOL,Tropical moist deciduous forest,0.06,,,,
2011,BOL,Tropical moist deciduous forest,0.038,,,,
2012,BOL,Tropical moist deciduous forest,0.051,,,,
2013,BOL,Tropical moist deciduous forest,0.029,,,,
2014,BOL,Tropical moist deciduous forest,0.039,,,,
2015,BOL,Tropical moist deciduous forest,0.028,,,,
2016,BOL,Tropical moist deciduous forest,0.078,,,,
2017,BOL,Tropical moist deciduous forest,0.081,,,,
2018,BOL,Tropical moist deciduous forest,0.059,,,,
2019,BOL,Tropical moist deciduous forest,0.098,,,,
2020,BOL,Tropical moist deciduous forest,0.057,,,,
2021,BOL,Tropical moist deciduous forest,0.081,,,,
2022,BOL,Tropical moist deciduous forest,0.11,,,,
2023,BOL,Tropical moist deciduous forest,0.087,,,,
2024,BOL,Tropical moist deciduous forest,0.17,,,,
2025,BOL,Tropical moist deciduous forest,0.073,,,,
2001,BOL,Tropical mountain system,0.003,,,,
2002,BOL,Tropical mountain system,0.0046,,,,
2003,BOL,Tropical mountain system,0.0049,,,,
2004,BOL,Tropical mountain system,0.0051,,,,
2005,BOL,Tropical mountain system,0.0057,,,,
2006,BOL,Tropical mountain system,0.0047,,,,
2007,BOL,Tropical mountain system,0.004,,,,
2008,BOL,Tropical mountain system,0.0048,,,,
2009,BOL,Tropical mountain system,0.0062,,,,
2010,BOL,Tropical mountain system,0.0065,,,,
2011,BOL,Tropical mountain system,0.0086,,,,
2012,BOL,Tropical mountain system,0.0056,,,,
2013,BOL,Tropical mountain system,0.005,,,,
2014,BOL,Tropical mountain system,0.0062,,,,
2015,BOL,Tropical mountain system,0.0037,,,,
2016,BOL,Tropical mountain system,0.0075,,,,
2017,BOL,Tropical mountain system,0.012,,,,
2018,BOL,Tropical mountain system,0.0067,,,,
2019,BOL,Tropical mountain system,0.011,,,,
2020,BOL,Tropical mountain system,0.012,,,,
2021,BOL,Tropical mountain system,0.0073,,,,
2022,BOL,Tropical mountain system,0.01,,,,
2023,BOL,Tropical mountain system,0.02,,,,
2024,BOL,Tropical mountain system,0.019,,,,
2025,BOL,Tropical mountain system,0.008,,,,
2001,BOL,Tropical rainforest,0.017,,,,
2002,BOL,Tropical rainforest,0.03,,,,
2003,BOL,Tropical rainforest,0.034,,,,
2004,BOL,Tropical rainforest,0.036,,,,
2005,BOL,Tropical rainforest,0.064,,,,
2006,BOL,Tropical rainforest,0.043,,,,
2007,BOL,Tropical rainforest,0.045,,,,
2008,BOL,Tropical rainforest,0.058,,,,
2009,BOL,Tropical rainforest,0.043,,,,
2010,BOL,Tropical rainforest,0.088,,,,
2011,BOL,Tropical rainforest,0.056,,,,
2012,BOL,Tropical rainforest,0.056,,,,
2013,BOL,Tropical rainforest,0.026,,,,
2014,BOL,Tropical rainforest,0.048,,,,
2015,BOL,Tropical rainforest,0.024,,,,
2016,BOL,Tropical rainforest,0.067,,,,
2017,BOL,Tropical rainforest,0.056,,,,
2018,BOL,Tropical rainforest,0.034,,,,
2019,BOL,Tropical rainforest,0.054,,,,
2020,BOL,Tropical rainforest,0.062,,,,
2021,BOL,Tropical rainforest,0.064,,,,
2022,BOL,Tropical rainforest,0.078,,,,
2023,BOL,Tropical rainforest,0.17,,,,
2024,BOL,Tropical rainforest,0.28,,,,
2025,BOL,Tropical rainforest,0.2,,,,
2001,BRA,Subtropical humid forest,0.00083,,,,
2002,BRA,Subtropical humid forest,0.0017,,,,
2003,BRA,Subtropical humid forest,0.002,,,,
2004,BRA,Subtropical humid forest,0.0019,,,,
2005,BRA,Subtropical humid forest,0.0025,,,,
2006,BRA,Subtropical humid forest,0.0015,,,,
2007,BRA,Subtropical humid forest,0.00056,,,,
2008,BRA,Subtropical humid forest,0.00099,,,,
2009,BRA,Subtropical humid forest,0.00052,,,,
2010,BRA,Subtropical humid forest,0.00072,,,,
2011,BRA,Subtropical humid forest,0.00079,,,,
2012,BRA,Subtropical humid forest,0.00078,,,,
2013,BRA,Subtropical humid forest,0.00074,,,,
2014,BRA,Subtropical humid forest,0.0013,,,,
2015,BRA,Subtropical humid forest,0.0013,,,,
2016,BRA,Subtropical humid forest,0.0018,,,,
2017,BRA,Subtropical humid forest,0.0031,,,,
2018,BRA,Subtropical humid forest,0.0011,,,,
2019,BRA,Subtropical humid forest,0.0015,,,,
2020,BRA,Subtropical humid forest,0.0016,,,,
2021,BRA,Subtropical humid forest,0.0023,,,,
2022,BRA,Subtropical humid forest,0.0023,,,,
2023,BRA,Subtropical humid forest,0.0013,,,,
2024,BRA,Subtropical humid forest,0.0013,,,,
2025,BRA,Subtropical humid forest,0.0015,,,,
2001,BRA,Tropical dry forest,0.00022,,,,
2002,BRA,Tropical dry forest,0.0012,,,,
2003,BRA,Tropical dry forest,0.0017,,,,
2004,BRA,Tropical dry forest,0.0016,,,,
2005,BRA,Tropical dry forest,0.0013,,,,
2006,BRA,Tropical dry forest,0.0011,,,,
2007,BRA,Tropical dry forest,0.0027,,,,
2008,BRA,Tropical dry forest,0.0022,,,,
2009,BRA,Tropical dry forest,0.0014,,,,
2010,BRA,Tropical dry forest,0.0026,,,,
2011,BRA,Tropical dry forest,0.0011,,,,
2012,BRA,Tropical dry forest,0.0027,,,,
2013,BRA,Tropical dry forest,0.0022,,,,
2014,BRA,Tropical dry forest,0.006,,,,
2015,BRA,Tropical dry forest,0.0028,,,,
2016,BRA,Tropical dry forest,0.0041,,,,
2017,BRA,Tropical dry forest,0.0033,,,,
2018,BRA,Tropical dry forest,0.002,,,,
2019,BRA,Tropical dry forest,0.0013,,,,
2020,BRA,Tropical dry forest,0.0023,,,,
2021,BRA,Tropical dry forest,0.0044,,,,
2022,BRA,Tropical dry forest,0.0026,,,,
2023,BRA,Tropical dry forest,0.0033,,,,
2024,BRA,Tropical dry forest,0.0041,,,,
2025,BRA,Tropical dry forest,0.0037,,,,
2001,BRA,Tropical moist deciduous forest,0.028,,,,
2002,BRA,Tropical moist deciduous forest,0.19,,,,
2003,BRA,Tropical moist deciduous forest,0.24,,,,
2004,BRA,Tropical moist deciduous forest,0.22,,,,
2005,BRA,Tropical moist deciduous forest,0.17,,,,
2006,BRA,Tropical moist deciduous forest,0.14,,,,
2007,BRA,Tropical moist deciduous forest,0.17,,,,
2008,BRA,Tropical moist deciduous forest,0.093,,,,
2009,BRA,Tropical moist deciduous forest,0.051,,,,
2010,BRA,Tropical moist deciduous forest,0.097,,,,
2011,BRA,Tropical moist deciduous forest,0.088,,,,
2012,BRA,Tropical moist deciduous forest,0.1,,,,
2013,BRA,Tropical moist deciduous forest,0.058,,,,
2014,BRA,Tropical moist deciduous forest,0.075,,,,
2015,BRA,Tropical moist deciduous forest,0.063,,,,
2016,BRA,Tropical moist deciduous forest,0.22,,,,
2017,BRA,Tropical moist deciduous forest,0.32,,,,
2018,BRA,Tropical moist deciduous forest,0.092,,,,
2019,BRA,Tropical moist deciduous forest,0.13,,,,
2020,BRA,Tropical moist deciduous forest,0.22,,,,
2021,BRA,Tropical moist deciduous forest,0.14,,,,
2022,BRA,Tropical moist deciduous forest,0.083,,,,
2023,BRA,Tropical moist deciduous forest,0.096,,,,
2024,BRA,Tropical moist deciduous forest,0.31,,,,
2025,BRA,Tropical moist deciduous forest,0.12,,,,
2001,BRA,Tropical mountain system,0.00038,,,,
2002,BRA,Tropical mountain system,0.00056,,,,
2003,BRA,Tropical mountain system,0.00062,,,,
2004,BRA,Tropical mountain system,0.00044,,,,
2005,BRA,Tropical mountain system,0.00049,,,,
2006,BRA,Tropical mountain system,0.00059,,,,
2007,BRA,Tropical mountain system,0.00063,,,,
2008,BRA,Tropical mountain system,0.00061,,,,
2009,BRA,Tropical mountain system,0.00049,,,,
2010,BRA,Tropical mountain system,0.00076,,,,
2011,BRA,Tropical mountain system,0.00043,,,,
2012,BRA,Tropical mountain system,0.00066,,,,
2013,BRA,Tropical mountain system,0.00041,,,,
2014,BRA,Tropical mountain system,0.00085,,,,
2015,BRA,Tropical mountain system,0.00067,,,,
2016,BRA,Tropical mountain system,0.0018,,,,
2017,BRA,Tropical mountain system,0.0025,,,,
2018,BRA,Tropical mountain system,0.0012,,,,
2019,BRA,Tropical mountain system,0.001,,,,
2020,BRA,Tropical mountain system,0.0012,,,,
2021,BRA,Tropical mountain system,0.00078,,,,
2022,BRA,Tropical mountain system,0.0012,,,,
2023,BRA,Tropical mountain system,0.0009,,,,
2024,BRA,Tropical mountain system,0.0015,,,,
2025,BRA,Tropical mountain system,0.0009,,,,
2001,BRA,Tropical rainforest,0.41,,,,
2002,BRA,Tropical rainforest,1.3,,,,
2003,BRA,Tropical rainforest,1.2,,,,
2004,BRA,Tropical rainforest,1.6,,,,
2005,BRA,Tropical rainforest,1.4,,,,
2006,BRA,Tropical rainforest,1.1,,,,
2007,BRA,Tropical rainforest,0.82,,,,
2008,BRA,Tropical rainforest,0.83,,,,
2009,BRA,Tropical rainforest,0.54,,,,
2010,BRA,Tropical rainforest,0.86,,,,
2011,BRA,Tropical rainforest,0.58,,,,
2012,BRA,Tropical rainforest,0.8,,,,
2013,BRA,Tropical rainforest,0.45,,,,
2014,BRA,Tropical rainforest,0.65,,,,
2015,BRA,Tropical rainforest,0.56,,,,
2016,BRA,Tropical rainforest,1.8,,,,
2017,BRA,Tropical rainforest,1.3,,,,
2018,BRA,Tropical rainforest,0.89,,,,
2019,BRA,Tropical rainforest,0.77,,,,
2020,BRA,Tropical rainforest,0.93,,,,
2021,BRA,Tropical rainforest,0.85,,,,
2022,BRA,Tropical rainforest,0.99,,,,
2023,BRA,Tropical rainforest,0.68,,,,
2024,BRA,Tropical rainforest,1.3,,,,
2025,BRA,Tropical rainforest,0.8,,,,
2015,BRN,Tropical mountain system,0.000000077,,,,
2001,BRN,Tropical rainforest,0.00021,,,,
2002,BRN,Tropical rainforest,0.00043,,,,
2003,BRN,Tropical rainforest,0.00032,,,,
2004,BRN,Tropical rainforest,0.00053,,,,
2005,BRN,Tropical rainforest,0.00058,,,,
2006,BRN,Tropical rainforest,0.00039,,,,
2007,BRN,Tropical rainforest,0.00052,,,,
2008,BRN,Tropical rainforest,0.00064,,,,
2009,BRN,Tropical rainforest,0.00079,,,,
2010,BRN,Tropical rainforest,0.00036,,,,
2011,BRN,Tropical rainforest,0.0014,,,,
2012,BRN,Tropical rainforest,0.00081,,,,
2013,BRN,Tropical rainforest,0.00024,,,,
2014,BRN,Tropical rainforest,0.00055,,,,
2015,BRN,Tropical rainforest,0.00039,,,,
2016,BRN,Tropical rainforest,0.00078,,,,
2017,BRN,Tropical rainforest,0.00036,,,,
2018,BRN,Tropical rainforest,0.00019,,,,
2019,BRN,Tropical rainforest,0.00021,,,,
2020,BRN,Tropical rainforest,0.0003,,,,
2021,BRN,Tropical rainforest,0.00032,,,,
2022,BRN,Tropical rainforest,0.00027,,,,
2023,BRN,Tropical rainforest,0.00028,,,,
2024,BRN,Tropical rainforest,0.00016,,,,
2025,BRN,Tropical rainforest,0.00013,,,,
2001,BTN,Subtropical mountain system,0.000015,,,,
2002,BTN,Subtropical mountain system,0.0000053,,,,
2003,BTN,Subtropical mountain system,0.0000088,,,,
2004,BTN,Subtropical mountain system,0.000029,,,,
2005,BTN,Subtropical mountain system,0.000049,,,,
2006,BTN,Subtropical mountain system,0.000055,,,,
2007,BTN,Subtropical mountain system,0.000036,,,,
2008,BTN,Subtropical mountain system,0.000068,,,,
2009,BTN,Subtropical mountain system,0.000066,,,,
2010,BTN,Subtropical mountain system,0.00017,,,,
2011,BTN,Subtropical mountain system,0.00005,,,,
2012,BTN,Subtropical mountain system,0.00002,,,,
2013,BTN,Subtropical mountain system,0.000015,,,,
2014,BTN,Subtropical mountain system,0.000019,,,,
2015,BTN,Subtropical mountain system,0.000051,,,,
2016,BTN,Subtropical mountain system,0.00014,,,,
2017,BTN,Subtropical mountain system,0.000091,,,,
2018,BTN,Subtropical mountain system,0.00015,,,,
2019,BTN,Subtropical mountain system,0.000072,,,,
2020,BTN,Subtropical mountain system,0.00014,,,,
2021,BTN,Subtropical mountain system,0.000065,,,,
2022,BTN,Subtropical mountain system,0.000045,,,,
2023,BTN,Subtropical mountain system,0.00013,,,,
2024,BTN,Subtropical mountain system,0.000075,,,,
2025,BTN,Subtropical mountain system,0.00024,,,,
2001,BTN,Tropical mountain system,0.000027,,,,
2002,BTN,Tropical mountain system,0.000054,,,,
2003,BTN,Tropical mountain system,0.000053,,,,
2004,BTN,Tropical mountain system,0.00017,,,,
2005,BTN,Tropical mountain system,0.00015,,,,
2006,BTN,Tropical mountain system,0.00012,,,,
2007,BTN,Tropical mountain system,0.000092,,,,
2008,BTN,Tropical mountain system,0.00015,,,,
2009,BTN,Tropical mountain system,0.00021,,,,
2010,BTN,Tropical mountain system,0.00037,,,,
2011,BTN,Tropical mountain system,0.00022,,,,
2012,BTN,Tropical mountain system,0.0002,,,,
2013,BTN,Tropical mountain system,0.00012,,,,
2014,BTN,Tropical mountain system,0.00032,,,,
2015,BTN,Tropical mountain system,0.00018,,,,
2016,BTN,Tropical mountain system,0.00038,,,,
2017,BTN,Tropical mountain system,0.00053,,,,
2018,BTN,Tropical mountain system,0.00018,,,,
2019,BTN,Tropical mountain system,0.00015,,,,
2020,BTN,Tropical mountain system,0.00023,,,,
2021,BTN,Tropical mountain system,0.00024,,,,
2022,BTN,Tropical mountain system,0.00035,,,,
2023,BTN,Tropical mountain system,0.00035,,,,
2024,BTN,Tropical mountain system,0.00023,,,,
2025,BTN,Tropical mountain system,0.00067,,,,
2001,BTN,Tropical rainforest,0.00002,,,,
2002,BTN,Tropical rainforest,0.000044,,,,
2003,BTN,Tropical rainforest,0.000014,,,,
2004,BTN,Tropical rainforest,0.000087,,,,
2005,BTN,Tropical rainforest,0.000077,,,,
2006,BTN,Tropical rainforest,0.000042,,,,
2007,BTN,Tropical rainforest,0.00004,,,,
2008,BTN,Tropical rainforest,0.000076,,,,
2009,BTN,Tropical rainforest,0.000097,,,,
2010,BTN,Tropical rainforest,0.00012,,,,
2011,BTN,Tropical rainforest,0.000066,,,,
2012,BTN,Tropical rainforest,0.000087,,,,
2013,BTN,Tropical rainforest,0.000035,,,,
2014,BTN,Tropical rainforest,0.00011,,,,
2015,BTN,Tropical rainforest,0.000034,,,,
2016,BTN,Tropical rainforest,0.00011,,,,
2017,BTN,Tropical rainforest,0.00011,,,,
2018,BTN,Tropical rainforest,0.000054,,,,
2019,BTN,Tropical rainforest,0.000055,,,,
2020,BTN,Tropical rainforest,0.000072,,,,
2021,BTN,Tropical rainforest,0.000081,,,,
2022,BTN,Tropical rainforest,0.0001,,,,
2023,BTN,Tropical rainforest,0.000089,,,,
2024,BTN,Tropical rainforest,0.00012,,,,
2025,BTN,Tropical rainforest,0.00009,,,,
2001,CAF,Tropical dry forest,0.00000076,,,,
2002,CAF,Tropical dry forest,0.000002,,,,
2003,CAF,Tropical dry forest,0.00000061,,,,
2005,CAF,Tropical dry forest,0.00000076,,,,
2006,CAF,Tropical dry forest,0.00000023,,,,
2007,CAF,Tropical dry forest,0.0000035,,,,
2009,CAF,Tropical dry forest,0.0000026,,,,
2010,CAF,Tropical dry forest,0.00000046,,,,
2011,CAF,Tropical dry forest,0.0000011,,,,
2012,CAF,Tropical dry forest,0.000000076,,,,
2013,CAF,Tropical dry forest,0.00000038,,,,
2014,CAF,Tropical dry forest,0.0000013,,,,
2018,CAF,Tropical dry forest,0.0000037,,,,
2019,CAF,Tropical dry forest,0.00001,,,,
2021,CAF,Tropical dry forest,0.000000076,,,,
2022,CAF,Tropical dry forest,0.000000076,,,,
2023,CAF,Tropical dry forest,0.00000015,,,,
2024,CAF,Tropical dry forest,0.0000003,,,,
2001,CAF,Tropical moist deciduous forest,0.0012,,,,
2002,CAF,Tropical moist deciduous forest,0.0027,,,,
2003,CAF,Tropical moist deciduous forest,0.00072,,,,
2004,CAF,Tropical moist deciduous forest,0.0014,,,,
2005,CAF,Tropical moist deciduous forest,0.002,,,,
2006,CAF,Tropical moist deciduous forest,0.0013,,,,
2007,CAF,Tropical moist deciduous forest,0.003,,,,
2008,CAF,Tropical moist deciduous forest,0.0015,,,,
2009,CAF,Tropical moist deciduous forest,0.0035,,,,
2010,CAF,Tropical moist deciduous forest,0.0022,,,,
2011,CAF,Tropical moist deciduous forest,0.003,,,,
2012,CAF,Tropical moist deciduous forest,0.0037,,,,
2013,CAF,Tropical moist deciduous forest,0.0015,,,,
2014,CAF,Tropical moist deciduous forest,0.0032,,,,
2015,CAF,Tropical moist deciduous forest,0.0013,,,,
2016,CAF,Tropical moist deciduous forest,0.0026,,,,
2017,CAF,Tropical moist deciduous forest,0.0047,,,,
2018,CAF,Tropical moist deciduous forest,0.0019,,,,
2019,CAF,Tropical moist deciduous forest,0.0024,,,,
2020,CAF,Tropical moist deciduous forest,0.003,,,,
2021,CAF,Tropical moist deciduous forest,0.0047,,,,
2022,CAF,Tropical moist deciduous forest,0.0029,,,,
2023,CAF,Tropical moist deciduous forest,0.0038,,,,
2024,CAF,Tropical moist deciduous forest,0.0029,,,,
2025,CAF,Tropical moist deciduous forest,0.0053,,,,
2001,CAF,Tropical rainforest,0.0027,,,,
2002,CAF,Tropical rainforest,0.0043,,,,
2003,CAF,Tropical rainforest,0.0023,,,,
2004,CAF,Tropical rainforest,0.0026,,,,
2005,CAF,Tropical rainforest,0.0033,,,,
2006,CAF,Tropical rainforest,0.0043,,,,
2007,CAF,Tropical rainforest,0.0053,,,,
2008,CAF,Tropical rainforest,0.0036,,,,
2009,CAF,Tropical rainforest,0.0053,,,,
2010,CAF,Tropical rainforest,0.0086,,,,
2011,CAF,Tropical rainforest,0.0064,,,,
2012,CAF,Tropical rainforest,0.007,,,,
2013,CAF,Tropical rainforest,0.0048,,,,
2014,CAF,Tropical rainforest,0.0055,,,,
2015,CAF,Tropical rainforest,0.0036,,,,
2016,CAF,Tropical rainforest,0.017,,,,
2017,CAF,Tropical rainforest,0.0099,,,,
2018,CAF,Tropical rainforest,0.0054,,,,
2019,CAF,Tropical rainforest,0.0085,,,,
2020,CAF,Tropical rainforest,0.011,,,,
2021,CAF,Tropical rainforest,0.014,,,,
2022,CAF,Tropical rainforest,0.0096,,,,
2023,CAF,Tropical rainforest,0.0095,,,,
2024,CAF,Tropical rainforest,0.0082,,,,
2025,CAF,Tropical rainforest,0.016,,,,
2001,CHN,Subtropical humid forest,0.00017,,,,
2002,CHN,Subtropical humid forest,0.000075,,,,
2003,CHN,Subtropical humid forest,0.000034,,,,
2004,CHN,Subtropical humid forest,0.00019,,,,
2005,CHN,Subtropical humid forest,0.00011,,,,
2006,CHN,Subtropical humid forest,0.00008,,,,
2007,CHN,Subtropical humid forest,0.00011,,,,
2008,CHN,Subtropical humid forest,0.000098,,,,
2009,CHN,Subtropical humid forest,0.00018,,,,
2010,CHN,Subtropical humid forest,0.000075,,,,
2011,CHN,Subtropical humid forest,0.000074,,,,
2012,CHN,Subtropical humid forest,0.00009,,,,
2013,CHN,Subtropical humid forest,0.00014,,,,
2014,CHN,Subtropical humid forest,0.00019,,,,
2015,CHN,Subtropical humid forest,0.00012,,,,
2016,CHN,Subtropical humid forest,0.0003,,,,
2017,CHN,Subtropical humid forest,0.00025,,,,
2018,CHN,Subtropical humid forest,0.00019,,,,
2019,CHN,Subtropical humid forest,0.00015,,,,
2020,CHN,Subtropical humid forest,0.00017,,,,
2021,CHN,Subtropical humid forest,0.00019,,,,
2022,CHN,Subtropical humid forest,0.00025,,,,
2023,CHN,Subtropical humid forest,0.00015,,,,
2024,CHN,Subtropical humid forest,0.00026,,,,
2025,CHN,Subtropical humid forest,0.00021,,,,
2001,CHN,Subtropical mountain system,0.000066,,,,
2002,CHN,Subtropical mountain system,0.000042,,,,
2003,CHN,Subtropical mountain system,0.00003,,,,
2004,CHN,Subtropical mountain system,0.00012,,,,
2005,CHN,Subtropical mountain system,0.000073,,,,
2006,CHN,Subtropical mountain system,0.00022,,,,
2007,CHN,Subtropical mountain system,0.00016,,,,
2008,CHN,Subtropical mountain system,0.0001,,,,
2009,CHN,Subtropical mountain system,0.000071,,,,
2010,CHN,Subtropical mountain system,0.00018,,,,
2011,CHN,Subtropical mountain system,0.000081,,,,
2012,CHN,Subtropical mountain system,0.00011,,,,
2013,CHN,Subtropical mountain system,0.00012,,,,
2014,CHN,Subtropical mountain system,0.00017,,,,
2015,CHN,Subtropical mountain system,0.00012,,,,
2016,CHN,Subtropical mountain system,0.00029,,,,
2017,CHN,Subtropical mountain system,0.00025,,,,
2018,CHN,Subtropical mountain system,0.00013,,,,
2019,CHN,Subtropical mountain system,0.00012,,,,
2020,CHN,Subtropical mountain system,0.00019,,,,
2021,CHN,Subtropical mountain system,0.00019,,,,
2022,CHN,Subtropical mountain system,0.00018,,,,
2023,CHN,Subtropical mountain system,0.00028,,,,
2024,CHN,Subtropical mountain system,0.00032,,,,
2025,CHN,Subtropical mountain system,0.0004,,,,
2001,CHN,Tropical moist deciduous forest,0.00034,,,,
2002,CHN,Tropical moist deciduous forest,0.00035,,,,
2003,CHN,Tropical moist deciduous forest,0.00045,,,,
2004,CHN,Tropical moist deciduous forest,0.001,,,,
2005,CHN,Tropical moist deciduous forest,0.00087,,,,
2006,CHN,Tropical moist deciduous forest,0.00066,,,,
2007,CHN,Tropical moist deciduous forest,0.0013,,,,
2008,CHN,Tropical moist deciduous forest,0.0007,,,,
2009,CHN,Tropical moist deciduous forest,0.0011,,,,
2010,CHN,Tropical moist deciduous forest,0.00046,,,,
2011,CHN,Tropical moist deciduous forest,0.00078,,,,
2012,CHN,Tropical moist deciduous forest,0.00096,,,,
2013,CHN,Tropical moist deciduous forest,0.00012,,,,
2014,CHN,Tropical moist deciduous forest,0.00009,,,,
2015,CHN,Tropical moist deciduous forest,0.000082,,,,
2016,CHN,Tropical moist deciduous forest,0.00013,,,,
2017,CHN,Tropical moist deciduous forest,0.00013,,,,
2018,CHN,Tropical moist deciduous forest,0.000091,,,,
2019,CHN,Tropical moist deciduous forest,0.000083,,,,
2020,CHN,Tropical moist deciduous forest,0.0001,,,,
2021,CHN,Tropical moist deciduous forest,0.00012,,,,
2022,CHN,Tropical moist deciduous forest,0.00011,,,,
2023,CHN,Tropical moist deciduous forest,0.00012,,,,
2024,CHN,Tropical moist deciduous forest,0.00017,,,,
2025,CHN,Tropical moist deciduous forest,0.0002,,,,
2001,CHN,Tropical mountain system,0.00025,,,,
2002,CHN,Tropical mountain system,0.0013,,,,
2003,CHN,Tropical mountain system,0.001,,,,
2004,CHN,Tropical mountain system,0.0021,,,,
2005,CHN,Tropical mountain system,0.0019,,,,
2006,CHN,Tropical mountain system,0.0037,,,,
2007,CHN,Tropical mountain system,0.0059,,,,
2008,CHN,Tropical mountain system,0.0032,,,,
2009,CHN,Tropical mountain system,0.0059,,,,
2010,CHN,Tropical mountain system,0.0044,,,,
2011,CHN,Tropical mountain system,0.004,,,,
2012,CHN,Tropical mountain system,0.0067,,,,
2013,CHN,Tropical mountain system,0.0052,,,,
2014,CHN,Tropical mountain system,0.0047,,,,
2015,CHN,Tropical mountain system,0.0033,,,,
2016,CHN,Tropical mountain system,0.003,,,,
2017,CHN,Tropical mountain system,0.0017,,,,
2018,CHN,Tropical mountain system,0.001,,,,
2019,CHN,Tropical mountain system,0.001,,,,
2020,CHN,Tropical mountain system,0.00063,,,,
2021,CHN,Tropical mountain system,0.00058,,,,
2022,CHN,Tropical mountain system,0.00089,,,,
2023,CHN,Tropical mountain system,0.0012,,,,
2024,CHN,Tropical mountain system,0.0018,,,,
2025,CHN,Tropical mountain system,0.0021,,,,
2001,CHN,Tropical rainforest,0.00000021,,,,
2002,CHN,Tropical rainforest,0.00000029,,,,
2004,CHN,Tropical rainforest,0.00000036,,,,
2006,CHN,Tropical rainforest,0.00000029,,,,
2007,CHN,Tropical rainforest,0.000000072,,,,
2009,CHN,Tropical rainforest,0.00000043,,,,
2012,CHN,Tropical rainforest,0.000000072,,,,
2013,CHN,Tropical rainforest,0.0000018,,,,
2016,CHN,Tropical rainforest,0.000000072,,,,
2020,CHN,Tropical rainforest,0.00000021,,,,
2022,CHN,Tropical rainforest,0.000000072,,,,
2024,CHN,Tropical rainforest,0.000000072,,,,
2025,CHN,Tropical rainforest,0.00000021,,,,
2001,CIV,Tropical mountain system,0.00000015,,,,
2002,CIV,Tropical mountain system,0.00000084,,,,
2003,CIV,Tropical mountain system,0.00000015,,,,
2004,CIV,Tropical mountain system,0.000000076,,,,
2005,CIV,Tropical mountain system,0.00000038,,,,
2006,CIV,Tropical mountain system,0.00000061,,,,
2007,CIV,Tropical mountain system,0.00000061,,,,
2008,CIV,Tropical mountain system,0.00000053,,,,
2009,CIV,Tropical mountain system,0.00000023,,,,
2010,CIV,Tropical mountain system,0.00000015,,,,
2011,CIV,Tropical mountain system,0.0000018,,,,
2012,CIV,Tropical mountain system,0.0000037,,,,
2013,CIV,Tropical mountain system,0.0000027,,,,
2014,CIV,Tropical mountain system,0.0000051,,,,
2015,CIV,Tropical mountain system,0.0000041,,,,
2016,CIV,Tropical mountain system,0.0000053,,,,
2017,CIV,Tropical mountain system,0.0000056,,,,
2018,CIV,Tropical mountain system,0.0000074,,,,
2019,CIV,Tropical mountain system,0.0000019,,,,
2020,CIV,Tropical mountain system,0.0000047,,,,
2021,CIV,Tropical mountain system,0.0000011,,,,
2022,CIV,Tropical mountain system,0.0000034,,,,
2023,CIV,Tropical mountain system,0.0000025,,,,
2024,CIV,Tropical mountain system,0.000000076,,,,
2025,CIV,Tropical mountain system,0.0000014,,,,
2001,CIV,Tropical rainforest,0.014,,,,
2002,CIV,Tropical rainforest,0.024,,,,
2003,CIV,Tropical rainforest,0.016,,,,
2004,CIV,Tropical rainforest,0.011,,,,
2005,CIV,Tropical rainforest,0.006,,,,
2006,CIV,Tropical rainforest,0.017,,,,
2007,CIV,Tropical rainforest,0.017,,,,
2008,CIV,Tropical rainforest,0.012,,,,
2009,CIV,Tropical rainforest,0.014,,,,
2010,CIV,Tropical rainforest,0.017,,,,
2011,CIV,Tropical rainforest,0.023,,,,
2012,CIV,Tropical rainforest,0.02,,,,
2013,CIV,Tropical rainforest,0.018,,,,
2014,CIV,Tropical rainforest,0.031,,,,
2015,CIV,Tropical rainforest,0.014,,,,
2016,CIV,Tropical rainforest,0.014,,,,
2017,CIV,Tropical rainforest,0.02,,,,
2018,CIV,Tropical rainforest,0.021,,,,
2019,CIV,Tropical rainforest,0.011,,,,
2020,CIV,Tropical rainforest,0.01,,,,
2021,CIV,Tropical rainforest,0.006,,,,
2022,CIV,Tropical rainforest,0.0079,,,,
2023,CIV,Tropical rainforest,0.0064,,,,
2024,CIV,Tropical rainforest,0.007,,,,
2025,CIV,Tropical rainforest,0.0064,,,,
2001,CMR,Tropical moist deciduous forest,0.00018,,,,
2002,CMR,Tropical moist deciduous forest,0.00068,,,,
2003,CMR,Tropical moist deciduous forest,0.00082,,,,
2004,CMR,Tropical moist deciduous forest,0.00062,,,,
2005,CMR,Tropical moist deciduous forest,0.0013,,,,
2006,CMR,Tropical moist deciduous forest,0.00089,,,,
2007,CMR,Tropical moist deciduous forest,0.0026,,,,
2008,CMR,Tropical moist deciduous forest,0.00019,,,,
2009,CMR,Tropical moist deciduous forest,0.0021,,,,
2010,CMR,Tropical moist deciduous forest,0.00044,,,,
2011,CMR,Tropical moist deciduous forest,0.00033,,,,
2012,CMR,Tropical moist deciduous forest,0.0028,,,,
2013,CMR,Tropical moist deciduous forest,0.0043,,,,
2014,CMR,Tropical moist deciduous forest,0.0012,,,,
2015,CMR,Tropical moist deciduous forest,0.0052,,,,
2016,CMR,Tropical moist deciduous forest,0.0021,,,,
2017,CMR,Tropical moist deciduous forest,0.012,,,,
2018,CMR,Tropical moist deciduous forest,0.0011,,,,
2019,CMR,Tropical moist deciduous forest,0.0043,,,,
2020,CMR,Tropical moist deciduous forest,0.0017,,,,
2021,CMR,Tropical moist deciduous forest,0.0086,,,,
2022,CMR,Tropical moist deciduous forest,0.0022,,,,
2023,CMR,Tropical moist deciduous forest,0.012,,,,
2024,CMR,Tropical moist deciduous forest,0.0023,,,,
2025,CMR,Tropical moist deciduous forest,0.011,,,,
2001,CMR,Tropical mountain system,0.00011,,,,
2002,CMR,Tropical mountain system,0.00018,,,,
2003,CMR,Tropical mountain system,0.00013,,,,
2004,CMR,Tropical mountain system,0.00017,,,,
2005,CMR,Tropical mountain system,0.00015,,,,
2006,CMR,Tropical mountain system,0.00013,,,,
2007,CMR,Tropical mountain system,0.00018,,,,
2008,CMR,Tropical mountain system,0.00012,,,,
2009,CMR,Tropical mountain system,0.00012,,,,
2010,CMR,Tropical mountain system,0.00041,,,,
2011,CMR,Tropical mountain system,0.0001,,,,
2012,CMR,Tropical mountain system,0.0002,,,,
2013,CMR,Tropical mountain system,0.00065,,,,
2014,CMR,Tropical mountain system,0.0011,,,,
2015,CMR,Tropical mountain system,0.00065,,,,
2016,CMR,Tropical mountain system,0.00051,,,,
2017,CMR,Tropical mountain system,0.0012,,,,
2018,CMR,Tropical mountain system,0.00066,,,,
2019,CMR,Tropical mountain system,0.00043,,,,
2020,CMR,Tropical mountain system,0.00057,,,,
2021,CMR,Tropical mountain system,0.00038,,,,
2022,CMR,Tropical mountain system,0.00048,,,,
2023,CMR,Tropical mountain system,0.00076,,,,
2024,CMR,Tropical mountain system,0.00069,,,,
2025,CMR,Tropical mountain system,0.00091,,,,
2001,CMR,Tropical rainforest,0.0078,,,,
2002,CMR,Tropical rainforest,0.0093,,,,
2003,CMR,Tropical rainforest,0.0087,,,,
2004,CMR,Tropical rainforest,0.008,,,,
2005,CMR,Tropical rainforest,0.0092,,,,
2006,CMR,Tropical rainforest,0.013,,,,
2007,CMR,Tropical rainforest,0.015,,,,
2008,CMR,Tropical rainforest,0.014,,,,
2009,CMR,Tropical rainforest,0.016,,,,
2010,CMR,Tropical rainforest,0.025,,,,
2011,CMR,Tropical rainforest,0.013,,,,
2012,CMR,Tropical rainforest,0.022,,,,
2013,CMR,Tropical rainforest,0.036,,,,
2014,CMR,Tropical rainforest,0.084,,,,
2015,CMR,Tropical rainforest,0.034,,,,
2016,CMR,Tropical rainforest,0.055,,,,
2017,CMR,Tropical rainforest,0.075,,,,
2018,CMR,Tropical rainforest,0.055,,,,
2019,CMR,Tropical rainforest,0.048,,,,
2020,CMR,Tropical rainforest,0.096,,,,
2021,CMR,Tropical rainforest,0.078,,,,
2022,CMR,Tropical rainforest,0.071,,,,
2023,CMR,Tropical rainforest,0.088,,,,
2024,CMR,Tropical rainforest,0.089,,,,
2025,CMR,Tropical rainforest,0.09,,,,
2001,COD,Tropical dry forest,0.000071,,,,
2002,COD,Tropical dry forest,0.00025,,,,
2003,COD,Tropical dry forest,0.000072,,,,
2004,COD,Tropical dry forest,0.00015,,,,
2005,COD,Tropical dry forest,0.000013,,,,
2006,COD,Tropical dry forest,0.00049,,,,
2007,COD,Tropical dry forest,0.000054,,,,
2008,COD,Tropical dry forest,0.000045,,,,
2009,COD,Tropical dry forest,0.00086,,,,
2010,COD,Tropical dry forest,0.0004,,,,
2011,COD,Tropical dry forest,0.0016,,,,
2012,COD,Tropical dry forest,0.00033,,,,
2013,COD,Tropical dry forest,0.001,,,,
2014,COD,Tropical dry forest,0.0045,,,,
2015,COD,Tropical dry forest,0.0011,,,,
2016,COD,Tropical dry forest,0.001,,,,
2017,COD,Tropical dry forest,0.0015,,,,
2018,COD,Tropical dry forest,0.0013,,,,
2019,COD,Tropical dry forest,0.0017,,,,
2020,COD,Tropical dry forest,0.0015,,,,
2021,COD,Tropical dry forest,0.0014,,,,
2022,COD,Tropical dry forest,0.0015,,,,
2023,COD,Tropical dry forest,0.0041,,,,
2024,COD,Tropical dry forest,0.0013,,,,
2025,COD,Tropical dry forest,0.002,,,,
2001,COD,Tropical moist deciduous forest,0.00048,,,,
2002,COD,Tropical moist deciduous forest,0.001,,,,
2003,COD,Tropical moist deciduous forest,0.00081,,,,
2004,COD,Tropical moist deciduous forest,0.0014,,,,
2005,COD,Tropical moist deciduous forest,0.00095,,,,
2006,COD,Tropical moist deciduous forest,0.00097,,,,
2007,COD,Tropical moist deciduous forest,0.00086,,,,
2008,COD,Tropical moist deciduous forest,0.00057,,,,
2009,COD,Tropical moist deciduous forest,0.002,,,,
2010,COD,Tropical moist deciduous forest,0.0013,,,,
2011,COD,Tropical moist deciduous forest,0.00079,,,,
2012,COD,Tropical moist deciduous forest,0.00046,,,,
2013,COD,Tropical moist deciduous forest,0.0011,,,,
2014,COD,Tropical moist deciduous forest,0.0019,,,,
2015,COD,Tropical moist deciduous forest,0.0013,,,,
2016,COD,Tropical moist deciduous forest,0.0018,,,,
2017,COD,Tropical moist deciduous forest,0.0025,,,,
2018,COD,Tropical moist deciduous forest,0.002,,,,
2019,COD,Tropical moist deciduous forest,0.0023,,,,
2020,COD,Tropical moist deciduous forest,0.002,,,,
2021,COD,Tropical moist deciduous forest,0.0018,,,,
2022,COD,Tropical moist deciduous forest,0.0014,,,,
2023,COD,Tropical moist deciduous forest,0.002,,,,
2024,COD,Tropical moist deciduous forest,0.0023,,,,
2025,COD,Tropical moist deciduous forest,0.0024,,,,
2001,COD,Tropical mountain system,0.0034,,,,
2002,COD,Tropical mountain system,0.0049,,,,
2003,COD,Tropical mountain system,0.0043,,,,
2004,COD,Tropical mountain system,0.0057,,,,
2005,COD,Tropical mountain system,0.0074,,,,
2006,COD,Tropical mountain system,0.0038,,,,
2007,COD,Tropical mountain system,0.0074,,,,
2008,COD,Tropical mountain system,0.0058,,,,
2009,COD,Tropical mountain system,0.0063,,,,
2010,COD,Tropical mountain system,0.0063,,,,
2011,COD,Tropical mountain system,0.0051,,,,
2012,COD,Tropical mountain system,0.004,,,,
2013,COD,Tropical mountain system,0.011,,,,
2014,COD,Tropical mountain system,0.015,,,,
2015,COD,Tropical mountain system,0.012,,,,
2016,COD,Tropical mountain system,0.016,,,,
2017,COD,Tropical mountain system,0.014,,,,
2018,COD,Tropical mountain system,0.021,,,,
2019,COD,Tropical mountain system,0.016,,,,
2020,COD,Tropical mountain system,0.018,,,,
2021,COD,Tropical mountain system,0.017,,,,
2022,COD,Tropical mountain system,0.017,,,,
2023,COD,Tropical mountain system,0.025,,,,
2024,COD,Tropical mountain system,0.02,,,,
2025,COD,Tropical mountain system,0.018,,,,
2001,COD,Tropical rainforest,0.08,,,,
2002,COD,Tropical rainforest,0.15,,,,
2003,COD,Tropical rainforest,0.064,,,,
2004,COD,Tropical rainforest,0.1,,,,
2005,COD,Tropical rainforest,0.13,,,,
2006,COD,Tropical rainforest,0.13,,,,
2007,COD,Tropical rainforest,0.13,,,,
2008,COD,Tropical rainforest,0.1,,,,
2009,COD,Tropical rainforest,0.18,,,,
2010,COD,Tropical rainforest,0.23,,,,
2011,COD,Tropical rainforest,0.12,,,,
2012,COD,Tropical rainforest,0.18,,,,
2013,COD,Tropical rainforest,0.28,,,,
2014,COD,Tropical rainforest,0.35,,,,
2015,COD,Tropical rainforest,0.25,,,,
2016,COD,Tropical rainforest,0.4,,,,
2017,COD,Tropical rainforest,0.38,,,,
2018,COD,Tropical rainforest,0.37,,,,
2019,COD,Tropical rainforest,0.36,,,,
2020,COD,Tropical rainforest,0.36,,,,
2021,COD,Tropical rainforest,0.37,,,,
2022,COD,Tropical rainforest,0.38,,,,
2023,COD,Tropical rainforest,0.38,,,,
2024,COD,Tropical rainforest,0.43,,,,
2025,COD,Tropical rainforest,0.39,,,,
2001,COG,Tropical dry forest,0.0002,,,,
2002,COG,Tropical dry forest,0.001,,,,
2003,COG,Tropical dry forest,0.0019,,,,
2004,COG,Tropical dry forest,0.00048,,,,
2005,COG,Tropical dry forest,0.00066,,,,
2006,COG,Tropical dry forest,0.00052,,,,
2007,COG,Tropical dry forest,0.00096,,,,
2008,COG,Tropical dry forest,0.0011,,,,
2009,COG,Tropical dry forest,0.00064,,,,
2010,COG,Tropical dry forest,0.00064,,,,
2011,COG,Tropical dry forest,0.00068,,,,
2012,COG,Tropical dry forest,0.00014,,,,
2013,COG,Tropical dry forest,0.0014,,,,
2014,COG,Tropical dry forest,0.002,,,,
2015,COG,Tropical dry forest,0.00094,,,,
2016,COG,Tropical dry forest,0.0015,,,,
2017,COG,Tropical dry forest,0.001,,,,
2018,COG,Tropical dry forest,0.0011,,,,
2019,COG,Tropical dry forest,0.0012,,,,
2020,COG,Tropical dry forest,0.0011,,,,
2021,COG,Tropical dry forest,0.0003,,,,
2022,COG,Tropical dry forest,0.001,,,,
2023,COG,Tropical dry forest,0.00061,,,,
2024,COG,Tropical dry forest,0.0018,,,,
2025,COG,Tropical dry forest,0.00039,,,,
2001,COG,Tropical rainforest,0.0062,,,,
2002,COG,Tropical rainforest,0.0071,,,,
2003,COG,Tropical rainforest,0.0059,,,,
2004,COG,Tropical rainforest,0.0036,,,,
2005,COG,Tropical rainforest,0.006,,,,
2006,COG,Tropical rainforest,0.0089,,,,
2007,COG,Tropical rainforest,0.01,,,,
2008,COG,Tropical rainforest,0.0038,,,,
2009,COG,Tropical rainforest,0.0054,,,,
2010,COG,Tropical rainforest,0.016,,,,
2011,COG,Tropical rainforest,0.01,,,,
2012,COG,Tropical rainforest,0.012,,,,
2013,COG,Tropical rainforest,0.016,,,,
2014,COG,Tropical rainforest,0.02,,,,
2015,COG,Tropical rainforest,0.012,,,,
2016,COG,Tropical rainforest,0.025,,,,
2017,COG,Tropical rainforest,0.018,,,,
2018,COG,Tropical rainforest,0.018,,,,
2019,COG,Tropical rainforest,0.021,,,,
2020,COG,Tropical rainforest,0.019,,,,
2021,COG,Tropical rainforest,0.014,,,,
2022,COG,Tropical rainforest,0.018,,,,
2023,COG,Tropical rainforest,0.018,,,,
2024,COG,Tropical rainforest,0.045,,,,
2025,COG,Tropical rainforest,0.029,,,,
2001,COL,No data,0.0000009,,,,
2003,COL,No data,0.0000024,,,,
2006,COL,No data,0.00000097,,,,
2007,COL,No data,0.00000015,,,,
2014,COL,No data,0.00000015,,,,
2020,COL,No data,0.000023,,,,
2021,COL,No data,0.0000082,,,,
2022,COL,No data,0.0000042,,,,
2023,COL,No data,0.0000025,,,,
2024,COL,No data,0.00000082,,,,
2025,COL,No data,0.000000075,,,,
2001,COL,Tropical dry forest,0.0000023,,,,
2002,COL,Tropical dry forest,0.0000017,,,,
2003,COL,Tropical dry forest,0.0000068,,,,
2004,COL,Tropical dry forest,0.000012,,,,
2005,COL,Tropical dry forest,0.0000066,,,,
2006,COL,Tropical dry forest,0.0000027,,,,
2007,COL,Tropical dry forest,0.0000047,,,,
2008,COL,Tropical dry forest,0.0000083,,,,
2009,COL,Tropical dry forest,0.000012,,,,
2010,COL,Tropical dry forest,0.0000074,,,,
2011,COL,Tropical dry forest,0.0000076,,,,
2012,COL,Tropical dry forest,0.00001,,,,
2013,COL,Tropical dry forest,0.00001,,,,
2014,COL,Tropical dry forest,0.000029,,,,
2015,COL,Tropical dry forest,0.000028,,,,
2016,COL,Tropical dry forest,0.0005,,,,
2017,COL,Tropical dry forest,0.0002,,,,
2018,COL,Tropical dry forest,0.000076,,,,
2019,COL,Tropical dry forest,0.0000036,,,,
2020,COL,Tropical dry forest,0.000033,,,,
2021,COL,Tropical dry forest,0.000017,,,,
2022,COL,Tropical dry forest,0.0000016,,,,
2023,COL,Tropical dry forest,0.00001,,,,
2024,COL,Tropical dry forest,0.0000087,,,,
2025,COL,Tropical dry forest,0.0000011,,,,
2001,COL,Tropical moist deciduous forest,0.00082,,,,
2002,COL,Tropical moist deciduous forest,0.0031,,,,
2003,COL,Tropical moist deciduous forest,0.0019,,,,
2004,COL,Tropical moist deciduous forest,0.0035,,,,
2005,COL,Tropical moist deciduous forest,0.0027,,,,
2006,COL,Tropical moist deciduous forest,0.003,,,,
2007,COL,Tropical moist deciduous forest,0.002,,,,
2008,COL,Tropical moist deciduous forest,0.0026,,,,
2009,COL,Tropical moist deciduous forest,0.0027,,,,
2010,COL,Tropical moist deciduous forest,0.0023,,,,
2011,COL,Tropical moist deciduous forest,0.0016,,,,
2012,COL,Tropical moist deciduous forest,0.0018,,,,
2013,COL,Tropical moist deciduous forest,0.0017,,,,
2014,COL,Tropical moist deciduous forest,0.0021,,,,
2015,COL,Tropical moist deciduous forest,0.0018,,,,
2016,COL,Tropical moist deciduous forest,0.0038,,,,
2017,COL,Tropical moist deciduous forest,0.0042,,,,
2018,COL,Tropical moist deciduous forest,0.0032,,,,
2019,COL,Tropical moist deciduous forest,0.0028,,,,
2020,COL,Tropical moist deciduous forest,0.0035,,,,
2021,COL,Tropical moist deciduous forest,0.0029,,,,
2022,COL,Tropical moist deciduous forest,0.0021,,,,
2023,COL,Tropical moist deciduous forest,0.0017,,,,
2024,COL,Tropical moist deciduous forest,0.0017,,,,
2025,COL,Tropical moist deciduous forest,0.0018,,,,
2001,COL,Tropical mountain system,0.0023,,,,
2002,COL,Tropical mountain system,0.0036,,,,
2003,COL,Tropical mountain system,0.0028,,,,
2004,COL,Tropical mountain system,0.0051,,,,
2005,COL,Tropical mountain system,0.0047,,,,
2006,COL,Tropical mountain system,0.0047,,,,
2007,COL,Tropical mountain system,0.0055,,,,
2008,COL,Tropical mountain system,0.0046,,,,
2009,COL,Tropical mountain system,0.0055,,,,
2010,COL,Tropical mountain system,0.0053,,,,
2011,COL,Tropical mountain system,0.0046,,,,
2012,COL,Tropical mountain system,0.0061,,,,
2013,COL,Tropical mountain system,0.0023,,,,
2014,COL,Tropical mountain system,0.0032,,,,
2015,COL,Tropical mountain system,0.0022,,,,
2016,COL,Tropical mountain system,0.007,,,,
2017,COL,Tropical mountain system,0.0091,,,,
2018,COL,Tropical mountain system,0.004,,,,
2019,COL,Tropical mountain system,0.0043,,,,
2020,COL,Tropical mountain system,0.0049,,,,
2021,COL,Tropical mountain system,0.0037,,,,
2022,COL,Tropical mountain system,0.0038,,,,
2023,COL,Tropical mountain system,0.0032,,,,
2024,COL,Tropical mountain system,0.003,,,,
2025,COL,Tropical mountain system,0.0032,,,,
2001,COL,Tropical rainforest,0.02,,,,
2002,COL,Tropical rainforest,0.055,,,,
2003,COL,Tropical rainforest,0.026,,,,
2004,COL,Tropical rainforest,0.07,,,,
2005,COL,Tropical rainforest,0.049,,,,
2006,COL,Tropical rainforest,0.046,,,,
2007,COL,Tropical rainforest,0.085,,,,
2008,COL,Tropical rainforest,0.073,,,,
2009,COL,Tropical rainforest,0.055,,,,
2010,COL,Tropical rainforest,0.057,,,,
2011,COL,Tropical rainforest,0.063,,,,
2012,COL,Tropical rainforest,0.056,,,,
2013,COL,Tropical rainforest,0.049,,,,
2014,COL,Tropical rainforest,0.068,,,,
2015,COL,Tropical rainforest,0.041,,,,
2016,COL,Tropical rainforest,0.087,,,,
2017,COL,Tropical rainforest,0.13,,,,
2018,COL,Tropical rainforest,0.13,,,,
2019,COL,Tropical rainforest,0.078,,,,
2020,COL,Tropical rainforest,0.11,,,,
2021,COL,Tropical rainforest,0.086,,,,
2022,COL,Tropical rainforest,0.08,,,,
2023,COL,Tropical rainforest,0.04,,,,
2024,COL,Tropical rainforest,0.058,,,,
2025,COL,Tropical rainforest,0.047,,,,
2001,CRI,Tropical dry forest,0.0000014,,,,
2002,CRI,Tropical dry forest,0.00000045,,,,
2003,CRI,Tropical dry forest,0.000000076,,,,
2004,CRI,Tropical dry forest,0.0000003,,,,
2005,CRI,Tropical dry forest,0.0000033,,,,
2006,CRI,Tropical dry forest,0.00000023,,,,
2007,CRI,Tropical dry forest,0.0000003,,,,
2008,CRI,Tropical dry forest,0.0000022,,,,
2009,CRI,Tropical dry forest,0.0000025,,,,
2010,CRI,Tropical dry forest,0.00000083,,,,
2011,CRI,Tropical dry forest,0.00000038,,,,
2012,CRI,Tropical dry forest,0.000000076,,,,
2013,CRI,Tropical dry forest,0.0000031,,,,
2014,CRI,Tropical dry forest,0.0000015,,,,
2016,CRI,Tropical dry forest,0.00000015,,,,
2017,CRI,Tropical dry forest,0.00000015,,,,
2023,CRI,Tropical dry forest,0.000000076,,,,
2024,CRI,Tropical dry forest,0.000011,,,,
2025,CRI,Tropical dry forest,0.0000027,,,,
2001,CRI,Tropical moist deciduous forest,0.000035,,,,
2002,CRI,Tropical moist deciduous forest,0.000051,,,,
2003,CRI,Tropical moist deciduous forest,0.000056,,,,
2004,CRI,Tropical moist deciduous forest,0.000025,,,,
2005,CRI,Tropical moist deciduous forest,0.000082,,,,
2006,CRI,Tropical moist deciduous forest,0.000023,,,,
2007,CRI,Tropical moist deciduous forest,0.00007,,,,
2008,CRI,Tropical moist deciduous forest,0.00008,,,,
2009,CRI,Tropical moist deciduous forest,0.00014,,,,
2010,CRI,Tropical moist deciduous forest,0.000098,,,,
2011,CRI,Tropical moist deciduous forest,0.000068,,,,
2012,CRI,Tropical moist deciduous forest,0.000021,,,,
2013,CRI,Tropical moist deciduous forest,0.000031,,,,
2014,CRI,Tropical moist deciduous forest,0.00004,,,,
2015,CRI,Tropical moist deciduous forest,0.0000071,,,,
2016,CRI,Tropical moist deciduous forest,0.00025,,,,
2017,CRI,Tropical moist deciduous forest,0.0012,,,,
2018,CRI,Tropical moist deciduous forest,0.00013,,,,
2019,CRI,Tropical moist deciduous forest,0.000058,,,,
2020,CRI,Tropical moist deciduous forest,0.000022,,,,
2021,CRI,Tropical moist deciduous forest,0.000046,,,,
2022,CRI,Tropical moist deciduous forest,0.000078,,,,
2023,CRI,Tropical moist deciduous forest,0.000065,,,,
2024,CRI,Tropical moist deciduous forest,0.00007,,,,
2025,CRI,Tropical moist deciduous forest,0.000034,,,,
2001,CRI,Tropical mountain system,0.000024,,,,
2002,CRI,Tropical mountain system,0.000035,,,,
2003,CRI,Tropical mountain system,0.000039,,,,
2004,CRI,Tropical mountain system,0.000036,,,,
2005,CRI,Tropical mountain system,0.000084,,,,
2006,CRI,Tropical mountain system,0.000051,,,,
2007,CRI,Tropical mountain system,0.000032,,,,
2008,CRI,Tropical mountain system,0.00018,,,,
2009,CRI,Tropical mountain system,0.00028,,,,
2010,CRI,Tropical mountain system,0.000062,,,,
2011,CRI,Tropical mountain system,0.00007,,,,
2012,CRI,Tropical mountain system,0.000052,,,,
2013,CRI,Tropical mountain system,0.000022,,,,
2014,CRI,Tropical mountain system,0.000044,,,,
2015,CRI,Tropical mountain system,0.000016,,,,
2016,CRI,Tropical mountain system,0.00007,,,,
2017,CRI,Tropical mountain system,0.00018,,,,
2018,CRI,Tropical mountain system,0.00014,,,,
2019,CRI,Tropical mountain system,0.00011,,,,
2020,CRI,Tropical mountain system,0.000058,,,,
2021,CRI,Tropical mountain system,0.000052,,,,
2022,CRI,Tropical mountain system,0.000063,,,,
2023,CRI,Tropical mountain system,0.000051,,,,
2024,CRI,Tropical mountain system,0.00013,,,,
2025,CRI,Tropical mountain system,0.000049,,,,
2001,CRI,Tropical rainforest,0.00045,,,,
2002,CRI,Tropical rainforest,0.00065,,,,
2003,CRI,Tropical rainforest,0.00049,,,,
2004,CRI,Tropical rainforest,0.00053,,,,
2005,CRI,Tropical rainforest,0.00066,,,,
2006,CRI,Tropical rainforest,0.00063,,,,
2007,CRI,Tropical rainforest,0.00072,,,,
2008,CRI,Tropical rainforest,0.001,,,,
2009,CRI,Tropical rainforest,0.0015,,,,
2010,CRI,Tropical rainforest,0.00092,,,,
2011,CRI,Tropical rainforest,0.00083,,,,
2012,CRI,Tropical rainforest,0.00066,,,,
2013,CRI,Tropical rainforest,0.00069,,,,
2014,CRI,Tropical rainforest,0.00085,,,,
2015,CRI,Tropical rainforest,0.00019,,,,
2016,CRI,Tropical rainforest,0.0013,,,,
2017,CRI,Tropical rainforest,0.006,,,,
2018,CRI,Tropical rainforest,0.0014,,,,
2019,CRI,Tropical rainforest,0.0012,,,,
2020,CRI,Tropical rainforest,0.0012,,,,
2021,CRI,Tropical rainforest,0.00091,,,,
2022,CRI,Tropical rainforest,0.00099,,,,
2023,CRI,Tropical rainforest,0.0012,,,,
2024,CRI,Tropical rainforest,0.0011,,,,
2025,CRI,Tropical rainforest,0.00087,,,,
2001,CRI,Water,0.00000015,,,,
2002,CRI,Water,0.000002,,,,
2003,CRI,Water,0.00000068,,,,
2004,CRI,Water,0.0000018,,,,
2005,CRI,Water,0.0000076,,,,
2006,CRI,Water,0.0000017,,,,
2007,CRI,Water,0.00000038,,,,
2008,CRI,Water,0.0000093,,,,
2009,CRI,Water,0.0000012,,,,
2010,CRI,Water,0.0000078,,,,
2011,CRI,Water,0.0000028,,,,
2012,CRI,Water,0.00000015,,,,
2017,CRI,Water,0.0000023,,,,
2018,CRI,Water,0.00000023,,,,
2019,CRI,Water,0.00000015,,,,
2020,CRI,Water,0.000000076,,,,
2021,CRI,Water,0.00000053,,,,
2025,CRI,Water,0.0000003,,,,
2001,CUB,Tropical dry forest,0.0000039,,,,
2002,CUB,Tropical dry forest,0.0000022,,,,
2003,CUB,Tropical dry forest,0.0000025,,,,
2004,CUB,Tropical dry forest,0.0001,,,,
2005,CUB,Tropical dry forest,0.000077,,,,
2006,CUB,Tropical dry forest,0.00000058,,,,
2007,CUB,Tropical dry forest,0.0000075,,,,
2008,CUB,Tropical dry forest,0.000011,,,,
2009,CUB,Tropical dry forest,0.000069,,,,
2010,CUB,Tropical dry forest,0.00000036,,,,
2011,CUB,Tropical dry forest,0.0000064,,,,
2012,CUB,Tropical dry forest,0.000048,,,,
2013,CUB,Tropical dry forest,0.0000016,,,,
2014,CUB,Tropical dry forest,0.0000014,,,,
2015,CUB,Tropical dry forest,0.00000072,,,,
2016,CUB,Tropical dry forest,0.000001,,,,
2017,CUB,Tropical dry forest,0.0000036,,,,
2018,CUB,Tropical dry forest,0.0000043,,,,
2019,CUB,Tropical dry forest,0.00000021,,,,
2020,CUB,Tropical dry forest,0.0000021,,,,
2021,CUB,Tropical dry forest,0.00000029,,,,
2023,CUB,Tropical dry forest,0.0000024,,,,
2024,CUB,Tropical dry forest,0.00016,,,,
2025,CUB,Tropical dry forest,0.000054,,,,
2001,CUB,Tropical moist deciduous forest,0.0004,,,,
2002,CUB,Tropical moist deciduous forest,0.0029,,,,
2003,CUB,Tropical moist deciduous forest,0.00013,,,,
2004,CUB,Tropical moist deciduous forest,0.00041,,,,
2005,CUB,Tropical moist deciduous forest,0.00053,,,,
2006,CUB,Tropical moist deciduous forest,0.00039,,,,
2007,CUB,Tropical moist deciduous forest,0.00041,,,,
2008,CUB,Tropical moist deciduous forest,0.001,,,,
2009,CUB,Tropical moist deciduous forest,0.00057,,,,
2010,CUB,Tropical moist deciduous forest,0.000075,,,,
2011,CUB,Tropical moist deciduous forest,0.00026,,,,
2012,CUB,Tropical moist deciduous forest,0.000071,,,,
2013,CUB,Tropical moist deciduous forest,0.000049,,,,
2014,CUB,Tropical moist deciduous forest,0.000019,,,,
2015,CUB,Tropical moist deciduous forest,0.00012,,,,
2016,CUB,Tropical moist deciduous forest,0.00023,,,,
2017,CUB,Tropical moist deciduous forest,0.018,,,,
2018,CUB,Tropical moist deciduous forest,0.0019,,,,
2019,CUB,Tropical moist deciduous forest,0.000034,,,,
2020,CUB,Tropical moist deciduous forest,0.00026,,,,
2021,CUB,Tropical moist deciduous forest,0.00032,,,,
2022,CUB,Tropical moist deciduous forest,0.00025,,,,
2023,CUB,Tropical moist deciduous forest,0.0006,,,,
2024,CUB,Tropical moist deciduous forest,0.0013,,,,
2025,CUB,Tropical moist deciduous forest,0.00058,,,,
2001,CUB,Tropical mountain system,0.000013,,,,
2002,CUB,Tropical mountain system,0.0000053,,,,
2003,CUB,Tropical mountain system,0.0000021,,,,
2004,CUB,Tropical mountain system,0.0000013,,,,
2005,CUB,Tropical mountain system,0.0000016,,,,
2006,CUB,Tropical mountain system,0.0000045,,,,
2007,CUB,Tropical mountain system,0.0000044,,,,
2008,CUB,Tropical mountain system,0.000019,,,,
2009,CUB,Tropical mountain system,0.0000061,,,,
2010,CUB,Tropical mountain system,0.00000057,,,,
2011,CUB,Tropical mountain system,0.0000023,,,,
2012,CUB,Tropical mountain system,0.00000079,,,,
2013,CUB,Tropical mountain system,0.00000029,,,,
2014,CUB,Tropical mountain system,0.00000036,,,,
2015,CUB,Tropical mountain system,0.00000086,,,,
2016,CUB,Tropical mountain system,0.000045,,,,
2017,CUB,Tropical mountain system,0.000025,,,,
2018,CUB,Tropical mountain system,0.0000026,,,,
2020,CUB,Tropical mountain system,0.0000084,,,,
2021,CUB,Tropical mountain system,0.0000005,,,,
2022,CUB,Tropical mountain system,0.0000013,,,,
2023,CUB,Tropical mountain system,0.0000023,,,,
2024,CUB,Tropical mountain system,0.0000024,,,,
2025,CUB,Tropical mountain system,0.0000044,,,,
2001,CUB,Tropical rainforest,0.000035,,,,
2002,CUB,Tropical rainforest,0.000068,,,,
2003,CUB,Tropical rainforest,0.00002,,,,
2004,CUB,Tropical rainforest,0.000093,,,,
2005,CUB,Tropical rainforest,0.0004,,,,
2006,CUB,Tropical rainforest,0.000065,,,,
2007,CUB,Tropical rainforest,0.000029,,,,
2008,CUB,Tropical rainforest,0.000037,,,,
2009,CUB,Tropical rainforest,0.000099,,,,
2010,CUB,Tropical rainforest,0.000048,,,,
2011,CUB,Tropical rainforest,0.000038,,,,
2012,CUB,Tropical rainforest,0.00012,,,,
2013,CUB,Tropical rainforest,0.000016,,,,
2014,CUB,Tropical rainforest,0.000037,,,,
2015,CUB,Tropical rainforest,0.000015,,,,
2016,CUB,Tropical rainforest,0.000021,,,,
2017,CUB,Tropical rainforest,0.0049,,,,
2018,CUB,Tropical rainforest,0.00017,,,,
2019,CUB,Tropical rainforest,0.00005,,,,
2020,CUB,Tropical rainforest,0.000036,,,,
2021,CUB,Tropical rainforest,0.000027,,,,
2022,CUB,Tropical rainforest,0.0000099,,,,
2023,CUB,Tropical rainforest,0.000041,,,,
2024,CUB,Tropical rainforest,0.000017,,,,
2025,CUB,Tropical rainforest,0.00034,,,,
2001,CYM,Tropical moist deciduous forest,0.0000022,,,,
2002,CYM,Tropical moist deciduous forest,0.0000008,,,,
2004,CYM,Tropical moist deciduous forest,0.0000008,,,,
2005,CYM,Tropical moist deciduous forest,0.0000022,,,,
2006,CYM,Tropical moist deciduous forest,0.0000028,,,,
2007,CYM,Tropical moist deciduous forest,0.0000018,,,,
2008,CYM,Tropical moist deciduous forest,0.00000029,,,,
2009,CYM,Tropical moist deciduous forest,0.0000012,,,,
2010,CYM,Tropical moist deciduous forest,0.0000073,,,,
2011,CYM,Tropical moist deciduous forest,0.0000028,,,,
2012,CYM,Tropical moist deciduous forest,0.0000012,,,,
2013,CYM,Tropical moist deciduous forest,0.0000052,,,,
2014,CYM,Tropical moist deciduous forest,0.0000008,,,,
2016,CYM,Tropical moist deciduous forest,0.000036,,,,
2017,CYM,Tropical moist deciduous forest,0.00003,,,,
2018,CYM,Tropical moist deciduous forest,0.000017,,,,
2019,CYM,Tropical moist deciduous forest,0.00000058,,,,
2020,CYM,Tropical moist deciduous forest,0.00000029,,,,
2021,CYM,Tropical moist deciduous forest,0.0000013,,,,
2022,CYM,Tropical moist deciduous forest,0.0000013,,,,
2023,CYM,Tropical moist deciduous forest,0.0000078,,,,
2024,CYM,Tropical moist deciduous forest,0.000007,,,,
2025,CYM,Tropical moist deciduous forest,0.00002,,,,
2001,DMA,Tropical dry forest,0.0000026,,,,
2002,DMA,Tropical dry forest,0.000000074,,,,
2003,DMA,Tropical dry forest,0.00000045,,,,
2004,DMA,Tropical dry forest,0.0000024,,,,
2005,DMA,Tropical dry forest,0.0000033,,,,
2006,DMA,Tropical dry forest,0.00000089,,,,
2007,DMA,Tropical dry forest,0.0000003,,,,
2008,DMA,Tropical dry forest,0.0000044,,,,
2009,DMA,Tropical dry forest,0.00000074,,,,
2010,DMA,Tropical dry forest,0.00000045,,,,
2011,DMA,Tropical dry forest,0.00000096,,,,
2012,DMA,Tropical dry forest,0.0000029,,,,
2013,DMA,Tropical dry forest,0.00000059,,,,
2014,DMA,Tropical dry forest,0.000000074,,,,
2016,DMA,Tropical dry forest,0.000000074,,,,
2017,DMA,Tropical dry forest,0.0015,,,,
2018,DMA,Tropical dry forest,0.000012,,,,
2019,DMA,Tropical dry forest,0.00000074,,,,
2020,DMA,Tropical dry forest,0.000001,,,,
2021,DMA,Tropical dry forest,0.00000089,,,,
2022,DMA,Tropical dry forest,0.0000012,,,,
2023,DMA,Tropical dry forest,0.00000082,,,,
2024,DMA,Tropical dry forest,0.00000037,,,,
2025,DMA,Tropical dry forest,0.00000082,,,,
2001,DMA,Tropical rainforest,0.0000023,,,,
2002,DMA,Tropical rainforest,0.0000019,,,,
2003,DMA,Tropical rainforest,0.0000093,,,,
2004,DMA,Tropical rainforest,0.00002,,,,
2005,DMA,Tropical rainforest,0.00001,,,,
2006,DMA,Tropical rainforest,0.0000038,,,,
2007,DMA,Tropical rainforest,0.0000074,,,,
2008,DMA,Tropical rainforest,0.000017,,,,
2009,DMA,Tropical rainforest,0.000016,,,,
2010,DMA,Tropical rainforest,0.000021,,,,
2011,DMA,Tropical rainforest,0.000012,,,,
2012,DMA,Tropical rainforest,0.000037,,,,
2013,DMA,Tropical rainforest,0.0000045,,,,
2014,DMA,Tropical rainforest,0.0000019,,,,
2016,DMA,Tropical rainforest,0.0000021,,,,
2017,DMA,Tropical rainforest,0.013,,,,
2018,DMA,Tropical rainforest,0.00057,,,,
2019,DMA,Tropical rainforest,0.0000017,,,,
2020,DMA,Tropical rainforest,0.0000087,,,,
2021,DMA,Tropical rainforest,0.0000059,,,,
2022,DMA,Tropical rainforest,0.0000052,,,,
2023,DMA,Tropical rainforest,0.000003,,,,
2024,DMA,Tropical rainforest,0.000004,,,,
2025,DMA,Tropical rainforest,0.0000036,,,,
2001,DOM,Tropical moist deciduous forest,0.000073,,,,
2002,DOM,Tropical moist deciduous forest,0.00024,,,,
2003,DOM,Tropical moist deciduous forest,0.00011,,,,
2004,DOM,Tropical moist deciduous forest,0.0002,,,,
2005,DOM,Tropical moist deciduous forest,0.00018,,,,
2006,DOM,Tropical moist deciduous forest,0.00017,,,,
2007,DOM,Tropical moist deciduous forest,0.00028,,,,
2008,DOM,Tropical moist deciduous forest,0.0003,,,,
2009,DOM,Tropical moist deciduous forest,0.00034,,,,
2010,DOM,Tropical moist deciduous forest,0.00019,,,,
2011,DOM,Tropical moist deciduous forest,0.00015,,,,
2012,DOM,Tropical moist deciduous forest,0.00038,,,,
2013,DOM,Tropical moist deciduous forest,0.00015,,,,
2014,DOM,Tropical moist deciduous forest,0.00018,,,,
2015,DOM,Tropical moist deciduous forest,0.00042,,,,
2016,DOM,Tropical moist deciduous forest,0.0004,,,,
2017,DOM,Tropical moist deciduous forest,0.00055,,,,
2018,DOM,Tropical moist deciduous forest,0.00012,,,,
2019,DOM,Tropical moist deciduous forest,0.00017,,,,
2020,DOM,Tropical moist deciduous forest,0.00039,,,,
2021,DOM,Tropical moist deciduous forest,0.00018,,,,
2022,DOM,Tropical moist deciduous forest,0.0002,,,,
2023,DOM,Tropical moist deciduous forest,0.00026,,,,
2024,DOM,Tropical moist deciduous forest,0.00017,,,,
2025,DOM,Tropical moist deciduous forest,0.00023,,,,
2001,DOM,Tropical mountain system,0.000063,,,,
2002,DOM,Tropical mountain system,0.000056,,,,
2003,DOM,Tropical mountain system,0.00013,,,,
2004,DOM,Tropical mountain system,0.00026,,,,
2005,DOM,Tropical mountain system,0.0009,,,,
2006,DOM,Tropical mountain system,0.000094,,,,
2007,DOM,Tropical mountain system,0.00025,,,,
2008,DOM,Tropical mountain system,0.00035,,,,
2009,DOM,Tropical mountain system,0.000082,,,,
2010,DOM,Tropical mountain system,0.00021,,,,
2011,DOM,Tropical mountain system,0.00012,,,,
2012,DOM,Tropical mountain system,0.0003,,,,
2013,DOM,Tropical mountain system,0.000042,,,,
2014,DOM,Tropical mountain system,0.00042,,,,
2015,DOM,Tropical mountain system,0.0012,,,,
2016,DOM,Tropical mountain system,0.0018,,,,
2017,DOM,Tropical mountain system,0.00051,,,,
2018,DOM,Tropical mountain system,0.000044,,,,
2019,DOM,Tropical mountain system,0.00014,,,,
2020,DOM,Tropical mountain system,0.0009,,,,
2021,DOM,Tropical mountain system,0.00023,,,,
2022,DOM,Tropical mountain system,0.00015,,,,
2023,DOM,Tropical mountain system,0.00034,,,,
2024,DOM,Tropical mountain system,0.0002,,,,
2025,DOM,Tropical mountain system,0.000084,,,,
2001,DOM,Tropical rainforest,0.000094,,,,
2002,DOM,Tropical rainforest,0.00015,,,,
2003,DOM,Tropical rainforest,0.00016,,,,
2004,DOM,Tropical rainforest,0.00048,,,,
2005,DOM,Tropical rainforest,0.00036,,,,
2006,DOM,Tropical rainforest,0.00025,,,,
2007,DOM,Tropical rainforest,0.00039,,,,
2008,DOM,Tropical rainforest,0.00086,,,,
2009,DOM,Tropical rainforest,0.00036,,,,
2010,DOM,Tropical rainforest,0.00027,,,,
2011,DOM,Tropical rainforest,0.00029,,,,
2012,DOM,Tropical rainforest,0.00074,,,,
2013,DOM,Tropical rainforest,0.000068,,,,
2014,DOM,Tropical rainforest,0.00012,,,,
2015,DOM,Tropical rainforest,0.00024,,,,
2016,DOM,Tropical rainforest,0.00065,,,,
2017,DOM,Tropical rainforest,0.00047,,,,
2018,DOM,Tropical rainforest,0.00013,,,,
2019,DOM,Tropical rainforest,0.00019,,,,
2020,DOM,Tropical rainforest,0.00055,,,,
2021,DOM,Tropical rainforest,0.00016,,,,
2022,DOM,Tropical rainforest,0.00015,,,,
2023,DOM,Tropical rainforest,0.00038,,,,
2024,DOM,Tropical rainforest,0.00018,,,,
2025,DOM,Tropical rainforest,0.00014,,,,
2001,ECU,Tropical dry forest,0.00000031,,,,
2002,ECU,Tropical dry forest,0.000000077,,,,
2003,ECU,Tropical dry forest,0.00000054,,,,
2005,ECU,Tropical dry forest,0.000000077,,,,
2006,ECU,Tropical dry forest,0.00000023,,,,
2007,ECU,Tropical dry forest,0.00000023,,,,
2008,ECU,Tropical dry forest,0.000000077,,,,
2009,ECU,Tropical dry forest,0.00000023,,,,
2010,ECU,Tropical dry forest,0.00000031,,,,
2011,ECU,Tropical dry forest,0.00000077,,,,
2012,ECU,Tropical dry forest,0.0000016,,,,
2013,ECU,Tropical dry forest,0,,,,
2014,ECU,Tropical dry forest,0.000016,,,,
2017,ECU,Tropical dry forest,0.0000012,,,,
2018,ECU,Tropical dry forest,0.00000015,,,,
2019,ECU,Tropical dry forest,0,,,,
2020,ECU,Tropical dry forest,0.00000054,,,,
2022,ECU,Tropical dry forest,0.00000077,,,,
2023,ECU,Tropical dry forest,0.0000055,,,,
2024,ECU,Tropical dry forest,0.00000054,,,,
2001,ECU,Tropical moist deciduous forest,0.0000082,,,,
2002,ECU,Tropical moist deciduous forest,0.0000015,,,,
2004,ECU,Tropical moist deciduous forest,0.000015,,,,
2005,ECU,Tropical moist deciduous forest,0.000046,,,,
2006,ECU,Tropical moist deciduous forest,0.000026,,,,
2007,ECU,Tropical moist deciduous forest,0.000049,,,,
2008,ECU,Tropical moist deciduous forest,0.000058,,,,
2009,ECU,Tropical moist deciduous forest,0.000081,,,,
2010,ECU,Tropical moist deciduous forest,0.0000036,,,,
2011,ECU,Tropical moist deciduous forest,0.000043,,,,
2012,ECU,Tropical moist deciduous forest,0.00012,,,,
2013,ECU,Tropical moist deciduous forest,0.0000083,,,,
2014,ECU,Tropical moist deciduous forest,0.000032,,,,
2015,ECU,Tropical moist deciduous forest,0.000038,,,,
2016,ECU,Tropical moist deciduous forest,0.000022,,,,
2017,ECU,Tropical moist deciduous forest,0.000069,,,,
2018,ECU,Tropical moist deciduous forest,0.0000069,,,,
2019,ECU,Tropical moist deciduous forest,0.000017,,,,
2020,ECU,Tropical moist deciduous forest,0.0000058,,,,
2021,ECU,Tropical moist deciduous forest,0.000027,,,,
2022,ECU,Tropical moist deciduous forest,0.000006,,,,
2023,ECU,Tropical moist deciduous forest,0.000041,,,,
2024,ECU,Tropical moist deciduous forest,0.0000093,,,,
2025,ECU,Tropical moist deciduous forest,0.000011,,,,
2001,ECU,Tropical mountain system,0.002,,,,
2002,ECU,Tropical mountain system,0.0016,,,,
2003,ECU,Tropical mountain system,0.0011,,,,
2004,ECU,Tropical mountain system,0.0021,,,,
2005,ECU,Tropical mountain system,0.0014,,,,
2006,ECU,Tropical mountain system,0.0023,,,,
2007,ECU,Tropical mountain system,0.0019,,,,
2008,ECU,Tropical mountain system,0.0017,,,,
2009,ECU,Tropical mountain system,0.0027,,,,
2010,ECU,Tropical mountain system,0.0026,,,,
2011,ECU,Tropical mountain system,0.0021,,,,
2012,ECU,Tropical mountain system,0.0049,,,,
2013,ECU,Tropical mountain system,0.0024,,,,
2014,ECU,Tropical mountain system,0.0014,,,,
2015,ECU,Tropical mountain system,0.0017,,,,
2016,ECU,Tropical mountain system,0.003,,,,
2017,ECU,Tropical mountain system,0.0034,,,,
2018,ECU,Tropical mountain system,0.0032,,,,
2019,ECU,Tropical mountain system,0.0026,,,,
2020,ECU,Tropical mountain system,0.003,,,,
2021,ECU,Tropical mountain system,0.0017,,,,
2022,ECU,Tropical mountain system,0.0039,,,,
2023,ECU,Tropical mountain system,0.0024,,,,
2024,ECU,Tropical mountain system,0.0039,,,,
2025,ECU,Tropical mountain system,0.0046,,,,
2001,ECU,Tropical rainforest,0.0025,,,,
2002,ECU,Tropical rainforest,0.0038,,,,
2003,ECU,Tropical rainforest,0.0021,,,,
2004,ECU,Tropical rainforest,0.0031,,,,
2005,ECU,Tropical rainforest,0.0043,,,,
2006,ECU,Tropical rainforest,0.0039,,,,
2007,ECU,Tropical rainforest,0.0047,,,,
2008,ECU,Tropical rainforest,0.0069,,,,
2009,ECU,Tropical rainforest,0.0051,,,,
2010,ECU,Tropical rainforest,0.0054,,,,
2011,ECU,Tropical rainforest,0.0086,,,,
2012,ECU,Tropical rainforest,0.011,,,,
2013,ECU,Tropical rainforest,0.0087,,,,
2014,ECU,Tropical rainforest,0.0045,,,,
2015,ECU,Tropical rainforest,0.0062,,,,
2016,ECU,Tropical rainforest,0.0081,,,,
2017,ECU,Tropical rainforest,0.016,,,,
2018,ECU,Tropical rainforest,0.009,,,,
2019,ECU,Tropical rainforest,0.0091,,,,
2020,ECU,Tropical rainforest,0.015,,,,
2021,ECU,Tropical rainforest,0.01,,,,
2022,ECU,Tropical rainforest,0.016,,,,
2023,ECU,Tropical rainforest,0.011,,,,
2024,ECU,Tropical rainforest,0.016,,,,
2025,ECU,Tropical rainforest,0.012,,,,
2007,ECU,Tropical shrubland,0.000000077,,,,
2008,ECU,Tropical shrubland,0.00000023,,,,
2012,ECU,Tropical shrubland,0.00000015,,,,
2013,ECU,Tropical shrubland,0.000000077,,,,
2014,ECU,Tropical shrubland,0.000000077,,,,
2001,ETH,Tropical dry forest,0.0000096,,,,
2002,ETH,Tropical dry forest,0.0000071,,,,
2003,ETH,Tropical dry forest,0.000032,,,,
2004,ETH,Tropical dry forest,0.000002,,,,
2005,ETH,Tropical dry forest,0.0002,,,,
2006,ETH,Tropical dry forest,0.0002,,,,
2007,ETH,Tropical dry forest,0.000035,,,,
2008,ETH,Tropical dry forest,0.000036,,,,
2009,ETH,Tropical dry forest,0.00048,,,,
2010,ETH,Tropical dry forest,0.00011,,,,
2011,ETH,Tropical dry forest,0.00003,,,,
2012,ETH,Tropical dry forest,0.000014,,,,
2013,ETH,Tropical dry forest,0.000077,,,,
2014,ETH,Tropical dry forest,0.000075,,,,
2015,ETH,Tropical dry forest,0.000021,,,,
2016,ETH,Tropical dry forest,0.000038,,,,
2017,ETH,Tropical dry forest,0.0002,,,,
2018,ETH,Tropical dry forest,0.000062,,,,
2019,ETH,Tropical dry forest,0.000074,,,,
2020,ETH,Tropical dry forest,0.000055,,,,
2021,ETH,Tropical dry forest,0.00003,,,,
2022,ETH,Tropical dry forest,0.000058,,,,
2023,ETH,Tropical dry forest,0.000028,,,,
2024,ETH,Tropical dry forest,0.000062,,,,
2025,ETH,Tropical dry forest,0.000031,,,,
2001,ETH,Tropical moist deciduous forest,0.000022,,,,
2002,ETH,Tropical moist deciduous forest,0.00003,,,,
2003,ETH,Tropical moist deciduous forest,0.000054,,,,
2004,ETH,Tropical moist deciduous forest,0.0000057,,,,
2005,ETH,Tropical moist deciduous forest,0.000043,,,,
2006,ETH,Tropical moist deciduous forest,0.00014,,,,
2007,ETH,Tropical moist deciduous forest,0.000047,,,,
2008,ETH,Tropical moist deciduous forest,0.000039,,,,
2009,ETH,Tropical moist deciduous forest,0.00046,,,,
2010,ETH,Tropical moist deciduous forest,0.00015,,,,
2011,ETH,Tropical moist deciduous forest,0.000074,,,,
2012,ETH,Tropical moist deciduous forest,0.000057,,,,
2013,ETH,Tropical moist deciduous forest,0.00012,,,,
2014,ETH,Tropical moist deciduous forest,0.00033,,,,
2015,ETH,Tropical moist deciduous forest,0.000087,,,,
2016,ETH,Tropical moist deciduous forest,0.000071,,,,
2017,ETH,Tropical moist deciduous forest,0.00021,,,,
2018,ETH,Tropical moist deciduous forest,0.000098,,,,
2019,ETH,Tropical moist deciduous forest,0.00016,,,,
2020,ETH,Tropical moist deciduous forest,0.0001,,,,
2021,ETH,Tropical moist deciduous forest,0.000086,,,,
2022,ETH,Tropical moist deciduous forest,0.000094,,,,
2023,ETH,Tropical moist deciduous forest,0.000053,,,,
2024,ETH,Tropical moist deciduous forest,0.00012,,,,
2025,ETH,Tropical moist deciduous forest,0.00059,,,,
2001,ETH,Tropical mountain system,0.0013,,,,
2002,ETH,Tropical mountain system,0.0015,,,,
2003,ETH,Tropical mountain system,0.0024,,,,
2004,ETH,Tropical mountain system,0.0027,,,,
2005,ETH,Tropical mountain system,0.002,,,,
2006,ETH,Tropical mountain system,0.0022,,,,
2007,ETH,Tropical mountain system,0.0054,,,,
2008,ETH,Tropical mountain system,0.0035,,,,
2009,ETH,Tropical mountain system,0.003,,,,
2010,ETH,Tropical mountain system,0.0032,,,,
2011,ETH,Tropical mountain system,0.0025,,,,
2012,ETH,Tropical mountain system,0.0049,,,,
2013,ETH,Tropical mountain system,0.0057,,,,
2014,ETH,Tropical mountain system,0.0044,,,,
2015,ETH,Tropical mountain system,0.001,,,,
2016,ETH,Tropical mountain system,0.0027,,,,
2017,ETH,Tropical mountain system,0.0068,,,,
2018,ETH,Tropical mountain system,0.0035,,,,
2019,ETH,Tropical mountain system,0.007,,,,
2020,ETH,Tropical mountain system,0.0044,,,,
2021,ETH,Tropical mountain system,0.0041,,,,
2022,ETH,Tropical mountain system,0.0038,,,,
2023,ETH,Tropical mountain system,0.012,,,,
2024,ETH,Tropical mountain system,0.0056,,,,
2025,ETH,Tropical mountain system,0.0031,,,,
2005,ETH,Tropical shrubland,0.000000077,,,,
2006,ETH,Tropical shrubland,0.00000015,,,,
2013,ETH,Tropical shrubland,0.000000077,,,,
2015,ETH,Tropical shrubland,0.00000015,,,,
2017,ETH,Tropical shrubland,0.00000046,,,,
2018,ETH,Tropical shrubland,0.000000077,,,,
2019,ETH,Tropical shrubland,0.00000046,,,,
2020,ETH,Tropical shrubland,0.0000011,,,,
2021,ETH,Tropical shrubland,0.00000023,,,,
2022,ETH,Tropical shrubland,0.0000012,,,,
2023,ETH,Tropical shrubland,0.00000031,,,,
2025,ETH,Tropical shrubland,0.00000084,,,,
2001,FJI,Tropical rainforest,0.000012,,,,
2002,FJI,Tropical rainforest,0.000019,,,,
2003,FJI,Tropical rainforest,0.000053,,,,
2004,FJI,Tropical rainforest,0.00023,,,,
2005,FJI,Tropical rainforest,0.00015,,,,
2006,FJI,Tropical rainforest,0.00017,,,,
2007,FJI,Tropical rainforest,0.00013,,,,
2008,FJI,Tropical rainforest,0.00012,,,,
2009,FJI,Tropical rainforest,0.0001,,,,
2010,FJI,Tropical rainforest,0.00019,,,,
2011,FJI,Tropical rainforest,0.000052,,,,
2012,FJI,Tropical rainforest,0.000072,,,,
2013,FJI,Tropical rainforest,0.00042,,,,
2014,FJI,Tropical rainforest,0.00024,,,,
2015,FJI,Tropical rainforest,0.00011,,,,
2016,FJI,Tropical rainforest,0.0031,,,,
2017,FJI,Tropical rainforest,0.00049,,,,
2018,FJI,Tropical rainforest,0.00018,,,,
2019,FJI,Tropical rainforest,0.000074,,,,
2020,FJI,Tropical rainforest,0.00016,,,,
2021,FJI,Tropical rainforest,0.00069,,,,
2022,FJI,Tropical rainforest,0.00014,,,,
2023,FJI,Tropical rainforest,0.00008,,,,
2024,FJI,Tropical rainforest,0.000042,,,,
2025,FJI,Tropical rainforest,0.000051,,,,
2001,GAB,Tropical dry forest,0.0000077,,,,
2002,GAB,Tropical dry forest,0.000003,,,,
2003,GAB,Tropical dry forest,0.000017,,,,
2004,GAB,Tropical dry forest,0.00000092,,,,
2005,GAB,Tropical dry forest,0.000018,,,,
2006,GAB,Tropical dry forest,0.000025,,,,
2007,GAB,Tropical dry forest,0.000018,,,,
2008,GAB,Tropical dry forest,0.000032,,,,
2009,GAB,Tropical dry forest,0.0000035,,,,
2010,GAB,Tropical dry forest,0.000029,,,,
2011,GAB,Tropical dry forest,0.000021,,,,
2012,GAB,Tropical dry forest,0.00000061,,,,
2013,GAB,Tropical dry forest,0.000043,,,,
2014,GAB,Tropical dry forest,0.000051,,,,
2015,GAB,Tropical dry forest,0.000029,,,,
2016,GAB,Tropical dry forest,0.000048,,,,
2017,GAB,Tropical dry forest,0.000044,,,,
2018,GAB,Tropical dry forest,0.000015,,,,
2019,GAB,Tropical dry forest,0.000028,,,,
2020,GAB,Tropical dry forest,0.000016,,,,
2021,GAB,Tropical dry forest,0.000022,,,,
2022,GAB,Tropical dry forest,0.000015,,,,
2023,GAB,Tropical dry forest,0.00000038,,,,
2024,GAB,Tropical dry forest,0.0000092,,,,
2025,GAB,Tropical dry forest,0.00000015,,,,
2001,GAB,Tropical rainforest,0.0044,,,,
2002,GAB,Tropical rainforest,0.0062,,,,
2003,GAB,Tropical rainforest,0.0094,,,,
2004,GAB,Tropical rainforest,0.0047,,,,
2005,GAB,Tropical rainforest,0.0091,,,,
2006,GAB,Tropical rainforest,0.0085,,,,
2007,GAB,Tropical rainforest,0.0087,,,,
2008,GAB,Tropical rainforest,0.0078,,,,
2009,GAB,Tropical rainforest,0.0078,,,,
2010,GAB,Tropical rainforest,0.0051,,,,
2011,GAB,Tropical rainforest,0.0077,,,,
2012,GAB,Tropical rainforest,0.0088,,,,
2013,GAB,Tropical rainforest,0.02,,,,
2014,GAB,Tropical rainforest,0.023,,,,
2015,GAB,Tropical rainforest,0.012,,,,
2016,GAB,Tropical rainforest,0.014,,,,
2017,GAB,Tropical rainforest,0.02,,,,
2018,GAB,Tropical rainforest,0.01,,,,
2019,GAB,Tropical rainforest,0.012,,,,
2020,GAB,Tropical rainforest,0.0092,,,,
2021,GAB,Tropical rainforest,0.0077,,,,
2022,GAB,Tropical rainforest,0.012,,,,
2023,GAB,Tropical rainforest,0.0084,,,,
2024,GAB,Tropical rainforest,0.012,,,,
2025,GAB,Tropical rainforest,0.0089,,,,
2001,GHA,Tropical rainforest,0.0017,,,,
2002,GHA,Tropical rainforest,0.0044,,,,
2003,GHA,Tropical rainforest,0.0019,,,,
2004,GHA,Tropical rainforest,0.0016,,,,
2005,GHA,Tropical rainforest,0.0034,,,,
2006,GHA,Tropical rainforest,0.0036,,,,
2007,GHA,Tropical rainforest,0.003,,,,
2008,GHA,Tropical rainforest,0.0027,,,,
2009,GHA,Tropical rainforest,0.0035,,,,
2010,GHA,Tropical rainforest,0.0016,,,,
2011,GHA,Tropical rainforest,0.0028,,,,
2012,GHA,Tropical rainforest,0.0025,,,,
2013,GHA,Tropical rainforest,0.0051,,,,
2014,GHA,Tropical rainforest,0.0074,,,,
2015,GHA,Tropical rainforest,0.0036,,,,
2016,GHA,Tropical rainforest,0.014,,,,
2017,GHA,Tropical rainforest,0.0077,,,,
2018,GHA,Tropical rainforest,0.012,,,,
2019,GHA,Tropical rainforest,0.0058,,,,
2020,GHA,Tropical rainforest,0.014,,,,
2021,GHA,Tropical rainforest,0.011,,,,
2022,GHA,Tropical rainforest,0.018,,,,
2023,GHA,Tropical rainforest,0.013,,,,
2024,GHA,Tropical rainforest,0.014,,,,
2025,GHA,Tropical rainforest,0.024,,,,
2001,GIN,Tropical moist deciduous forest,0.00000053,,,,
2002,GIN,Tropical moist deciduous forest,0.0000021,,,,
2003,GIN,Tropical moist deciduous forest,0.00000084,,,,
2004,GIN,Tropical moist deciduous forest,0.00000053,,,,
2005,GIN,Tropical moist deciduous forest,0.0000027,,,,
2006,GIN,Tropical moist deciduous forest,0.0000095,,,,
2007,GIN,Tropical moist deciduous forest,0.0000098,,,,
2008,GIN,Tropical moist deciduous forest,0.000007,,,,
2009,GIN,Tropical moist deciduous forest,0.0000046,,,,
2010,GIN,Tropical moist deciduous forest,0.0000061,,,,
2011,GIN,Tropical moist deciduous forest,0.00000099,,,,
2012,GIN,Tropical moist deciduous forest,0.00000015,,,,
2013,GIN,Tropical moist deciduous forest,0.000017,,,,
2014,GIN,Tropical moist deciduous forest,0.0000097,,,,
2015,GIN,Tropical moist deciduous forest,0.000004,,,,
2016,GIN,Tropical moist deciduous forest,0.0000082,,,,
2017,GIN,Tropical moist deciduous forest,0.0000079,,,,
2018,GIN,Tropical moist deciduous forest,0.0000043,,,,
2019,GIN,Tropical moist deciduous forest,0.0000025,,,,
2020,GIN,Tropical moist deciduous forest,0.0000053,,,,
2021,GIN,Tropical moist deciduous forest,0.0000032,,,,
2022,GIN,Tropical moist deciduous forest,0.0000018,,,,
2023,GIN,Tropical moist deciduous forest,0.000003,,,,
2024,GIN,Tropical moist deciduous forest,0.0000027,,,,
2025,GIN,Tropical moist deciduous forest,0.0000011,,,,
2001,GIN,Tropical mountain system,0.00000061,,,,
2002,GIN,Tropical mountain system,0.000013,,,,
2003,GIN,Tropical mountain system,0.000015,,,,
2004,GIN,Tropical mountain system,0.0000022,,,,
2005,GIN,Tropical mountain system,0.0000015,,,,
2006,GIN,Tropical mountain system,0.0000023,,,,
2007,GIN,Tropical mountain system,0.0000042,,,,
2008,GIN,Tropical mountain system,0.0000038,,,,
2009,GIN,Tropical mountain system,0.0000012,,,,
2010,GIN,Tropical mountain system,0.0000012,,,,
2011,GIN,Tropical mountain system,0.0000018,,,,
2012,GIN,Tropical mountain system,0.000016,,,,
2013,GIN,Tropical mountain system,0.0000044,,,,
2014,GIN,Tropical mountain system,0.0000091,,,,
2015,GIN,Tropical mountain system,0.000014,,,,
2016,GIN,Tropical mountain system,0.000025,,,,
2017,GIN,Tropical mountain system,0.000016,,,,
2018,GIN,Tropical mountain system,0.000007,,,,
2019,GIN,Tropical mountain system,0.0000022,,,,
2020,GIN,Tropical mountain system,0.0000084,,,,
2021,GIN,Tropical mountain system,0.00000092,,,,
2022,GIN,Tropical mountain system,0.0000048,,,,
2023,GIN,Tropical mountain system,0.0000049,,,,
2024,GIN,Tropical mountain system,0.000013,,,,
2025,GIN,Tropical mountain system,0.000017,,,,
2001,GIN,Tropical rainforest,0.00029,,,,
2002,GIN,Tropical rainforest,0.0011,,,,
2003,GIN,Tropical rainforest,0.00027,,,,
2004,GIN,Tropical rainforest,0.00055,,,,
2005,GIN,Tropical rainforest,0.00026,,,,
2006,GIN,Tropical rainforest,0.00022,,,,
2007,GIN,Tropical rainforest,0.001,,,,
2008,GIN,Tropical rainforest,0.00053,,,,
2009,GIN,Tropical rainforest,0.00037,,,,
2010,GIN,Tropical rainforest,0.00032,,,,
2011,GIN,Tropical rainforest,0.0004,,,,
2012,GIN,Tropical rainforest,0.00057,,,,
2013,GIN,Tropical rainforest,0.001,,,,
2014,GIN,Tropical rainforest,0.00073,,,,
2015,GIN,Tropical rainforest,0.0011,,,,
2016,GIN,Tropical rainforest,0.0015,,,,
2017,GIN,Tropical rainforest,0.0016,,,,
2018,GIN,Tropical rainforest,0.0011,,,,
2019,GIN,Tropical rainforest,0.001,,,,
2020,GIN,Tropical rainforest,0.0013,,,,
2021,GIN,Tropical rainforest,0.00077,,,,
2022,GIN,Tropical rainforest,0.00093,,,,
2023,GIN,Tropical rainforest,0.00062,,,,
2024,GIN,Tropical rainforest,0.00088,,,,
2025,GIN,Tropical rainforest,0.0006,,,,
2001,GLP,Tropical dry forest,0.00000052,,,,
2002,GLP,Tropical dry forest,0.00000052,,,,
2003,GLP,Tropical dry forest,0.0000013,,,,
2004,GLP,Tropical dry forest,0.00000037,,,,
2005,GLP,Tropical dry forest,0.00000052,,,,
2006,GLP,Tropical dry forest,0.00000074,,,,
2007,GLP,Tropical dry forest,0.0000012,,,,
2008,GLP,Tropical dry forest,0.00000059,,,,
2009,GLP,Tropical dry forest,0.00000059,,,,
2010,GLP,Tropical dry forest,0.0000029,,,,
2012,GLP,Tropical dry forest,0.00000081,,,,
2013,GLP,Tropical dry forest,0.00000022,,,,
2014,GLP,Tropical dry forest,0.00000022,,,,
2015,GLP,Tropical dry forest,0.00000059,,,,
2018,GLP,Tropical dry forest,0.0000015,,,,
2019,GLP,Tropical dry forest,0.00000096,,,,
2020,GLP,Tropical dry forest,0.00000015,,,,
2021,GLP,Tropical dry forest,0.00000037,,,,
2022,GLP,Tropical dry forest,0.00000044,,,,
2024,GLP,Tropical dry forest,0.000000074,,,,
2004,GLP,Tropical moist deciduous forest,0.000000074,,,,
2008,GLP,Tropical moist deciduous forest,0.00000022,,,,
2011,GLP,Tropical moist deciduous forest,0.00000022,,,,
2012,GLP,Tropical moist deciduous forest,0.0000003,,,,
2015,GLP,Tropical moist deciduous forest,0.00000015,,,,
2016,GLP,Tropical moist deciduous forest,0.00000015,,,,
2017,GLP,Tropical moist deciduous forest,0.00000052,,,,
2018,GLP,Tropical moist deciduous forest,0.00000022,,,,
2019,GLP,Tropical moist deciduous forest,0.0000017,,,,
2020,GLP,Tropical moist deciduous forest,0.00000052,,,,
2021,GLP,Tropical moist deciduous forest,0.000000074,,,,
2022,GLP,Tropical moist deciduous forest,0.0000003,,,,
2024,GLP,Tropical moist deciduous forest,0.00000015,,,,
2025,GLP,Tropical moist deciduous forest,0.00000059,,,,
2001,GLP,Tropical rainforest,0.0000018,,,,
2002,GLP,Tropical rainforest,0.0000021,,,,
2003,GLP,Tropical rainforest,0.0000026,,,,
2004,GLP,Tropical rainforest,0.000008,,,,
2005,GLP,Tropical rainforest,0.0000063,,,,
2006,GLP,Tropical rainforest,0.0000022,,,,
2007,GLP,Tropical rainforest,0.0000033,,,,
2008,GLP,Tropical rainforest,0.0000039,,,,
2009,GLP,Tropical rainforest,0.0000049,,,,
2010,GLP,Tropical rainforest,0.0000079,,,,
2011,GLP,Tropical rainforest,0.0000032,,,,
2012,GLP,Tropical rainforest,0.00001,,,,
2013,GLP,Tropical rainforest,0.0000014,,,,
2014,GLP,Tropical rainforest,0.0000014,,,,
2015,GLP,Tropical rainforest,0.0000033,,,,
2017,GLP,Tropical rainforest,0.0000026,,,,
2018,GLP,Tropical rainforest,0.0000062,,,,
2019,GLP,Tropical rainforest,0.0000024,,,,
2020,GLP,Tropical rainforest,0.0000018,,,,
2021,GLP,Tropical rainforest,0.0000018,,,,
2022,GLP,Tropical rainforest,0.0000021,,,,
2023,GLP,Tropical rainforest,0.0000038,,,,
2024,GLP,Tropical rainforest,0.0000016,,,,
2025,GLP,Tropical rainforest,0.00000015,,,,
2023,GMB,Tropical moist deciduous forest,0.000000075,,,,
2001,GNB,Tropical moist deciduous forest,0.00000023,,,,
2002,GNB,Tropical moist deciduous forest,0.0000048,,,,
2004,GNB,Tropical moist deciduous forest,0.00000053,,,,
2005,GNB,Tropical moist deciduous forest,0.00000023,,,,
2006,GNB,Tropical moist deciduous forest,0.00000015,,,,
2007,GNB,Tropical moist deciduous forest,0.0000061,,,,
2008,GNB,Tropical moist deciduous forest,0.00000068,,,,
2009,GNB,Tropical moist deciduous forest,0.0000026,,,,
2010,GNB,Tropical moist deciduous forest,0.0000026,,,,
2011,GNB,Tropical moist deciduous forest,0.00000075,,,,
2012,GNB,Tropical moist deciduous forest,0.0000015,,,,
2013,GNB,Tropical moist deciduous forest,0.000019,,,,
2014,GNB,Tropical moist deciduous forest,0.000024,,,,
2015,GNB,Tropical moist deciduous forest,0.000021,,,,
2016,GNB,Tropical moist deciduous forest,0.000011,,,,
2017,GNB,Tropical moist deciduous forest,0.000011,,,,
2018,GNB,Tropical moist deciduous forest,0.000014,,,,
2019,GNB,Tropical moist deciduous forest,0.000016,,,,
2020,GNB,Tropical moist deciduous forest,0.000021,,,,
2021,GNB,Tropical moist deciduous forest,0.0000044,,,,
2022,GNB,Tropical moist deciduous forest,0.0000094,,,,
2023,GNB,Tropical moist deciduous forest,0.000013,,,,
2024,GNB,Tropical moist deciduous forest,0.000013,,,,
2025,GNB,Tropical moist deciduous forest,0.0000038,,,,
2001,GNB,Tropical rainforest,0.0000074,,,,
2002,GNB,Tropical rainforest,0.00011,,,,
2003,GNB,Tropical rainforest,0.000014,,,,
2004,GNB,Tropical rainforest,0.000071,,,,
2005,GNB,Tropical rainforest,0.000066,,,,
2006,GNB,Tropical rainforest,0.000044,,,,
2007,GNB,Tropical rainforest,0.000052,,,,
2008,GNB,Tropical rainforest,0.000065,,,,
2009,GNB,Tropical rainforest,0.00013,,,,
2010,GNB,Tropical rainforest,0.00013,,,,
2011,GNB,Tropical rainforest,0.00014,,,,
2012,GNB,Tropical rainforest,0.00011,,,,
2013,GNB,Tropical rainforest,0.00043,,,,
2014,GNB,Tropical rainforest,0.00039,,,,
2015,GNB,Tropical rainforest,0.00036,,,,
2016,GNB,Tropical rainforest,0.00046,,,,
2017,GNB,Tropical rainforest,0.0004,,,,
2018,GNB,Tropical rainforest,0.0004,,,,
2019,GNB,Tropical rainforest,0.00032,,,,
2020,GNB,Tropical rainforest,0.00046,,,,
2021,GNB,Tropical rainforest,0.00032,,,,
2022,GNB,Tropical rainforest,0.00031,,,,
2023,GNB,Tropical rainforest,0.00026,,,,
2024,GNB,Tropical rainforest,0.00023,,,,
2025,GNB,Tropical rainforest,0.0002,,,,
2001,GNQ,Tropical mountain system,0.000000077,,,,
2003,GNQ,Tropical mountain system,0.000002,,,,
2005,GNQ,Tropical mountain system,0.0000035,,,,
2006,GNQ,Tropical mountain system,0.0000021,,,,
2008,GNQ,Tropical mountain system,0.000000077,,,,
2009,GNQ,Tropical mountain system,0.00000046,,,,
2010,GNQ,Tropical mountain system,0.00002,,,,
2011,GNQ,Tropical mountain system,0.0000054,,,,
2012,GNQ,Tropical mountain system,0.00000038,,,,
2013,GNQ,Tropical mountain system,0.0000061,,,,
2014,GNQ,Tropical mountain system,0.000014,,,,
2015,GNQ,Tropical mountain system,0.00000015,,,,
2017,GNQ,Tropical mountain system,0.000012,,,,
2018,GNQ,Tropical mountain system,0.000001,,,,
2019,GNQ,Tropical mountain system,0.0000028,,,,
2020,GNQ,Tropical mountain system,0.00000046,,,,
2021,GNQ,Tropical mountain system,0.0000031,,,,
2022,GNQ,Tropical mountain system,0.0000015,,,,
2023,GNQ,Tropical mountain system,0.00000061,,,,
2024,GNQ,Tropical mountain system,0.00000061,,,,
2025,GNQ,Tropical mountain system,0.00000031,,,,
2001,GNQ,Tropical rainforest,0.00055,,,,
2002,GNQ,Tropical rainforest,0.0011,,,,
2003,GNQ,Tropical rainforest,0.0009,,,,
2004,GNQ,Tropical rainforest,0.00021,,,,
2005,GNQ,Tropical rainforest,0.00085,,,,
2006,GNQ,Tropical rainforest,0.00069,,,,
2007,GNQ,Tropical rainforest,0.0013,,,,
2008,GNQ,Tropical rainforest,0.0023,,,,
2009,GNQ,Tropical rainforest,0.0031,,,,
2010,GNQ,Tropical rainforest,0.003,,,,
2011,GNQ,Tropical rainforest,0.0036,,,,
2012,GNQ,Tropical rainforest,0.0022,,,,
2013,GNQ,Tropical rainforest,0.0038,,,,
2014,GNQ,Tropical rainforest,0.0099,,,,
2015,GNQ,Tropical rainforest,0.0036,,,,
2016,GNQ,Tropical rainforest,0.0047,,,,
2017,GNQ,Tropical rainforest,0.0063,,,,
2018,GNQ,Tropical rainforest,0.0039,,,,
2019,GNQ,Tropical rainforest,0.0041,,,,
2020,GNQ,Tropical rainforest,0.0019,,,,
2021,GNQ,Tropical rainforest,0.0035,,,,
2022,GNQ,Tropical rainforest,0.0035,,,,
2023,GNQ,Tropical rainforest,0.0038,,,,
2024,GNQ,Tropical rainforest,0.0036,,,,
2025,GNQ,Tropical rainforest,0.0023,,,,
2002,GTM,Tropical dry forest,0.00000037,,,,
2003,GTM,Tropical dry forest,0.00000015,,,,
2004,GTM,Tropical dry forest,0.0000028,,,,
2005,GTM,Tropical dry forest,0.00000067,,,,
2006,GTM,Tropical dry forest,0.00000097,,,,
2007,GTM,Tropical dry forest,0.0000003,,,,
2008,GTM,Tropical dry forest,0.0000076,,,,
2010,GTM,Tropical dry forest,0.000000074,,,,
2011,GTM,Tropical dry forest,0.0000014,,,,
2012,GTM,Tropical dry forest,0.00000045,,,,
2014,GTM,Tropical dry forest,0.00000037,,,,
2015,GTM,Tropical dry forest,0.00000022,,,,
2016,GTM,Tropical dry forest,0.0000046,,,,
2017,GTM,Tropical dry forest,0.000003,,,,
2019,GTM,Tropical dry forest,0.0000043,,,,
2020,GTM,Tropical dry forest,0.0000044,,,,
2021,GTM,Tropical dry forest,0.0000064,,,,
2022,GTM,Tropical dry forest,0.0000022,,,,
2023,GTM,Tropical dry forest,0.0000011,,,,
2024,GTM,Tropical dry forest,0.000016,,,,
2025,GTM,Tropical dry forest,0.0000025,,,,
2001,GTM,Tropical moist deciduous forest,0.00099,,,,
2002,GTM,Tropical moist deciduous forest,0.0038,,,,
2003,GTM,Tropical moist deciduous forest,0.012,,,,
2004,GTM,Tropical moist deciduous forest,0.0066,,,,
2005,GTM,Tropical moist deciduous forest,0.015,,,,
2006,GTM,Tropical moist deciduous forest,0.0056,,,,
2007,GTM,Tropical moist deciduous forest,0.02,,,,
2008,GTM,Tropical moist deciduous forest,0.012,,,,
2009,GTM,Tropical moist deciduous forest,0.017,,,,
2010,GTM,Tropical moist deciduous forest,0.0074,,,,
2011,GTM,Tropical moist deciduous forest,0.0057,,,,
2012,GTM,Tropical moist deciduous forest,0.0088,,,,
2013,GTM,Tropical moist deciduous forest,0.0059,,,,
2014,GTM,Tropical moist deciduous forest,0.0064,,,,
2015,GTM,Tropical moist deciduous forest,0.0068,,,,
2016,GTM,Tropical moist deciduous forest,0.02,,,,
2017,GTM,Tropical moist deciduous forest,0.006,,,,
2018,GTM,Tropical moist deciduous forest,0.0047,,,,
2019,GTM,Tropical moist deciduous forest,0.0089,,,,
2020,GTM,Tropical moist deciduous forest,0.017,,,,
2021,GTM,Tropical moist deciduous forest,0.0038,,,,
2022,GTM,Tropical moist deciduous forest,0.0041,,,,
2023,GTM,Tropical moist deciduous forest,0.0073,,,,
2024,GTM,Tropical moist deciduous forest,0.014,,,,
2025,GTM,Tropical moist deciduous forest,0.0046,,,,
2001,GTM,Tropical mountain system,0.00015,,,,
2002,GTM,Tropical mountain system,0.00048,,,,
2003,GTM,Tropical mountain system,0.0002,,,,
2004,GTM,Tropical mountain system,0.0006,,,,
2005,GTM,Tropical mountain system,0.00029,,,,
2006,GTM,Tropical mountain system,0.00051,,,,
2007,GTM,Tropical mountain system,0.00044,,,,
2008,GTM,Tropical mountain system,0.00041,,,,
2009,GTM,Tropical mountain system,0.00051,,,,
2010,GTM,Tropical mountain system,0.00038,,,,
2011,GTM,Tropical mountain system,0.00039,,,,
2012,GTM,Tropical mountain system,0.00096,,,,
2013,GTM,Tropical mountain system,0.00027,,,,
2014,GTM,Tropical mountain system,0.00038,,,,
2015,GTM,Tropical mountain system,0.00032,,,,
2016,GTM,Tropical mountain system,0.0012,,,,
2017,GTM,Tropical mountain system,0.0008,,,,
2018,GTM,Tropical mountain system,0.00074,,,,
2019,GTM,Tropical mountain system,0.0006,,,,
2020,GTM,Tropical mountain system,0.00068,,,,
2021,GTM,Tropical mountain system,0.00065,,,,
2022,GTM,Tropical mountain system,0.00052,,,,
2023,GTM,Tropical mountain system,0.00055,,,,
2024,GTM,Tropical mountain system,0.0013,,,,
2025,GTM,Tropical mountain system,0.00063,,,,
2001,GTM,Tropical rainforest,0.0028,,,,
2002,GTM,Tropical rainforest,0.012,,,,
2003,GTM,Tropical rainforest,0.012,,,,
2004,GTM,Tropical rainforest,0.0099,,,,
2005,GTM,Tropical rainforest,0.017,,,,
2006,GTM,Tropical rainforest,0.012,,,,
2007,GTM,Tropical rainforest,0.025,,,,
2008,GTM,Tropical rainforest,0.017,,,,
2009,GTM,Tropical rainforest,0.019,,,,
2010,GTM,Tropical rainforest,0.015,,,,
2011,GTM,Tropical rainforest,0.011,,,,
2012,GTM,Tropical rainforest,0.018,,,,
2013,GTM,Tropical rainforest,0.013,,,,
2014,GTM,Tropical rainforest,0.011,,,,
2015,GTM,Tropical rainforest,0.0094,,,,
2016,GTM,Tropical rainforest,0.041,,,,
2017,GTM,Tropical rainforest,0.015,,,,
2018,GTM,Tropical rainforest,0.013,,,,
2019,GTM,Tropical rainforest,0.017,,,,
2020,GTM,Tropical rainforest,0.018,,,,
2021,GTM,Tropical rainforest,0.0099,,,,
2022,GTM,Tropical rainforest,0.0066,,,,
2023,GTM,Tropical rainforest,0.011,,,,
2024,GTM,Tropical rainforest,0.05,,,,
2025,GTM,Tropical rainforest,0.0083,,,,
2001,GTM,Water,0.0000032,,,,
2002,GTM,Water,0.000022,,,,
2003,GTM,Water,0.000065,,,,
2004,GTM,Water,0.000025,,,,
2005,GTM,Water,0.00019,,,,
2006,GTM,Water,0.000082,,,,
2007,GTM,Water,0.000091,,,,
2008,GTM,Water,0.000043,,,,
2009,GTM,Water,0.000069,,,,
2010,GTM,Water,0.00012,,,,
2011,GTM,Water,0.000076,,,,
2012,GTM,Water,0.00019,,,,
2013,GTM,Water,0.000043,,,,
2014,GTM,Water,0.000029,,,,
2015,GTM,Water,0.000029,,,,
2016,GTM,Water,0.00017,,,,
2017,GTM,Water,0.000094,,,,
2018,GTM,Water,0.000021,,,,
2019,GTM,Water,0.00023,,,,
2020,GTM,Water,0.000044,,,,
2021,GTM,Water,0.000024,,,,
2022,GTM,Water,0.000035,,,,
2023,GTM,Water,0.000022,,,,
2024,GTM,Water,0.000024,,,,
2025,GTM,Water,0.000024,,,,
2001,GUF,Tropical rainforest,0.00062,,,,
2002,GUF,Tropical rainforest,0.0013,,,,
2003,GUF,Tropical rainforest,0.00093,,,,
2004,GUF,Tropical rainforest,0.0026,,,,
2005,GUF,Tropical rainforest,0.0017,,,,
2006,GUF,Tropical rainforest,0.0016,,,,
2007,GUF,Tropical rainforest,0.0021,,,,
2008,GUF,Tropical rainforest,0.0031,,,,
2009,GUF,Tropical rainforest,0.0017,,,,
2010,GUF,Tropical rainforest,0.0018,,,,
2011,GUF,Tropical rainforest,0.0015,,,,
2012,GUF,Tropical rainforest,0.004,,,,
2013,GUF,Tropical rainforest,0.0016,,,,
2014,GUF,Tropical rainforest,0.0022,,,,
2015,GUF,Tropical rainforest,0.0015,,,,
2016,GUF,Tropical rainforest,0.0029,,,,
2017,GUF,Tropical rainforest,0.0018,,,,
2018,GUF,Tropical rainforest,0.0019,,,,
2019,GUF,Tropical rainforest,0.0016,,,,
2020,GUF,Tropical rainforest,0.0022,,,,
2021,GUF,Tropical rainforest,0.0012,,,,
2022,GUF,Tropical rainforest,0.0018,,,,
2023,GUF,Tropical rainforest,0.0024,,,,
2024,GUF,Tropical rainforest,0.0023,,,,
2025,GUF,Tropical rainforest,0.0019,,,,
2001,GUY,Tropical moist deciduous forest,0.0007,,,,
2002,GUY,Tropical moist deciduous forest,0.0011,,,,
2003,GUY,Tropical moist deciduous forest,0.0018,,,,
2004,GUY,Tropical moist deciduous forest,0.00074,,,,
2005,GUY,Tropical moist deciduous forest,0.0012,,,,
2006,GUY,Tropical moist deciduous forest,0.0011,,,,
2007,GUY,Tropical moist deciduous forest,0.00096,,,,
2008,GUY,Tropical moist deciduous forest,0.0016,,,,
2009,GUY,Tropical moist deciduous forest,0.0015,,,,
2010,GUY,Tropical moist deciduous forest,0.0019,,,,
2011,GUY,Tropical moist deciduous forest,0.0011,,,,
2012,GUY,Tropical moist deciduous forest,0.0013,,,,
2013,GUY,Tropical moist deciduous forest,0.00092,,,,
2014,GUY,Tropical moist deciduous forest,0.0013,,,,
2015,GUY,Tropical moist deciduous forest,0.0016,,,,
2016,GUY,Tropical moist deciduous forest,0.0055,,,,
2017,GUY,Tropical moist deciduous forest,0.0029,,,,
2018,GUY,Tropical moist deciduous forest,0.0021,,,,
2019,GUY,Tropical moist deciduous forest,0.0045,,,,
2020,GUY,Tropical moist deciduous forest,0.0035,,,,
2021,GUY,Tropical moist deciduous forest,0.0012,,,,
2022,GUY,Tropical moist deciduous forest,0.0012,,,,
2023,GUY,Tropical moist deciduous forest,0.0038,,,,
2024,GUY,Tropical moist deciduous forest,0.022,,,,
2025,GUY,Tropical moist deciduous forest,0.0026,,,,
2001,GUY,Tropical mountain system,0.000063,,,,
2002,GUY,Tropical mountain system,0.000097,,,,
2003,GUY,Tropical mountain system,0.00004,,,,
2004,GUY,Tropical mountain system,0.000049,,,,
2005,GUY,Tropical mountain system,0.000085,,,,
2006,GUY,Tropical mountain system,0.000074,,,,
2007,GUY,Tropical mountain system,0.000059,,,,
2008,GUY,Tropical mountain system,0.000095,,,,
2009,GUY,Tropical mountain system,0.00012,,,,
2010,GUY,Tropical mountain system,0.00012,,,,
2011,GUY,Tropical mountain system,0.000082,,,,
2012,GUY,Tropical mountain system,0.00015,,,,
2013,GUY,Tropical mountain system,0.00012,,,,
2014,GUY,Tropical mountain system,0.000098,,,,
2015,GUY,Tropical mountain system,0.00013,,,,
2016,GUY,Tropical mountain system,0.00037,,,,
2017,GUY,Tropical mountain system,0.00026,,,,
2018,GUY,Tropical mountain system,0.00019,,,,
2019,GUY,Tropical mountain system,0.00024,,,,
2020,GUY,Tropical mountain system,0.00028,,,,
2021,GUY,Tropical mountain system,0.00012,,,,
2022,GUY,Tropical mountain system,0.00013,,,,
2023,GUY,Tropical mountain system,0.00031,,,,
2024,GUY,Tropical mountain system,0.0005,,,,
2025,GUY,Tropical mountain system,0.00017,,,,
2001,GUY,Tropical rainforest,0.00065,,,,
2002,GUY,Tropical rainforest,0.00073,,,,
2003,GUY,Tropical rainforest,0.0011,,,,
2004,GUY,Tropical rainforest,0.00075,,,,
2005,GUY,Tropical rainforest,0.00098,,,,
2006,GUY,Tropical rainforest,0.00099,,,,
2007,GUY,Tropical rainforest,0.00096,,,,
2008,GUY,Tropical rainforest,0.0023,,,,
2009,GUY,Tropical rainforest,0.0017,,,,
2010,GUY,Tropical rainforest,0.0022,,,,
2011,GUY,Tropical rainforest,0.0021,,,,
2012,GUY,Tropical rainforest,0.0031,,,,
2013,GUY,Tropical rainforest,0.0012,,,,
2014,GUY,Tropical rainforest,0.0027,,,,
2015,GUY,Tropical rainforest,0.0028,,,,
2016,GUY,Tropical rainforest,0.0042,,,,
2017,GUY,Tropical rainforest,0.004,,,,
2018,GUY,Tropical rainforest,0.0024,,,,
2019,GUY,Tropical rainforest,0.0041,,,,
2020,GUY,Tropical rainforest,0.0031,,,,
2021,GUY,Tropical rainforest,0.0026,,,,
2022,GUY,Tropical rainforest,0.0023,,,,
2023,GUY,Tropical rainforest,0.0061,,,,
2024,GUY,Tropical rainforest,0.024,,,,
2025,GUY,Tropical rainforest,0.0047,,,,
2001,HND,Tropical dry forest,0.000052,,,,
2002,HND,Tropical dry forest,0.0000045,,,,
2003,HND,Tropical dry forest,0.00005,,,,
2004,HND,Tropical dry forest,0.000012,,,,
2005,HND,Tropical dry forest,0.000015,,,,
2006,HND,Tropical dry forest,0.000032,,,,
2007,HND,Tropical dry forest,0.000024,,,,
2008,HND,Tropical dry forest,0.000035,,,,
2009,HND,Tropical dry forest,0.000062,,,,
2010,HND,Tropical dry forest,0.000065,,,,
2011,HND,Tropical dry forest,0.00014,,,,
2012,HND,Tropical dry forest,0.000092,,,,
2013,HND,Tropical dry forest,0.000051,,,,
2014,HND,Tropical dry forest,0.000083,,,,
2015,HND,Tropical dry forest,0.000054,,,,
2016,HND,Tropical dry forest,0.00025,,,,
2017,HND,Tropical dry forest,0.00013,,,,
2018,HND,Tropical dry forest,0.00012,,,,
2019,HND,Tropical dry forest,0.000074,,,,
2020,HND,Tropical dry forest,0.00019,,,,
2021,HND,Tropical dry forest,0.0001,,,,
2022,HND,Tropical dry forest,0.00013,,,,
2023,HND,Tropical dry forest,0.000089,,,,
2024,HND,Tropical dry forest,0.000098,,,,
2025,HND,Tropical dry forest,0.000071,,,,
2001,HND,Tropical moist deciduous forest,0.00021,,,,
2002,HND,Tropical moist deciduous forest,0.00015,,,,
2003,HND,Tropical moist deciduous forest,0.00014,,,,
2004,HND,Tropical moist deciduous forest,0.00015,,,,
2005,HND,Tropical moist deciduous forest,0.00013,,,,
2006,HND,Tropical moist deciduous forest,0.00017,,,,
2007,HND,Tropical moist deciduous forest,0.0002,,,,
2008,HND,Tropical moist deciduous forest,0.00014,,,,
2009,HND,Tropical moist deciduous forest,0.00029,,,,
2010,HND,Tropical moist deciduous forest,0.00016,,,,
2011,HND,Tropical moist deciduous forest,0.00041,,,,
2012,HND,Tropical moist deciduous forest,0.00051,,,,
2013,HND,Tropical moist deciduous forest,0.00028,,,,
2014,HND,Tropical moist deciduous forest,0.00034,,,,
2015,HND,Tropical moist deciduous forest,0.00025,,,,
2016,HND,Tropical moist deciduous forest,0.0027,,,,
2017,HND,Tropical moist deciduous forest,0.00083,,,,
2018,HND,Tropical moist deciduous forest,0.00035,,,,
2019,HND,Tropical moist deciduous forest,0.00037,,,,
2020,HND,Tropical moist deciduous forest,0.00084,,,,
2021,HND,Tropical moist deciduous forest,0.00037,,,,
2022,HND,Tropical moist deciduous forest,0.00039,,,,
2023,HND,Tropical moist deciduous forest,0.0005,,,,
2024,HND,Tropical moist deciduous forest,0.00041,,,,
2025,HND,Tropical moist deciduous forest,0.0004,,,,
2001,HND,Tropical mountain system,0.00014,,,,
2002,HND,Tropical mountain system,0.00016,,,,
2003,HND,Tropical mountain system,0.00021,,,,
2004,HND,Tropical mountain system,0.00023,,,,
2005,HND,Tropical mountain system,0.00017,,,,
2006,HND,Tropical mountain system,0.00022,,,,
2007,HND,Tropical mountain system,0.00038,,,,
2008,HND,Tropical mountain system,0.00029,,,,
2009,HND,Tropical mountain system,0.00043,,,,
2010,HND,Tropical mountain system,0.00027,,,,
2011,HND,Tropical mountain system,0.0005,,,,
2012,HND,Tropical mountain system,0.00045,,,,
2013,HND,Tropical mountain system,0.00046,,,,
2014,HND,Tropical mountain system,0.00061,,,,
2015,HND,Tropical mountain system,0.00058,,,,
2016,HND,Tropical mountain system,0.0061,,,,
2017,HND,Tropical mountain system,0.0019,,,,
2018,HND,Tropical mountain system,0.00084,,,,
2019,HND,Tropical mountain system,0.00097,,,,
2020,HND,Tropical mountain system,0.0021,,,,
2021,HND,Tropical mountain system,0.0015,,,,
2022,HND,Tropical mountain system,0.0012,,,,
2023,HND,Tropical mountain system,0.0017,,,,
2024,HND,Tropical mountain system,0.0022,,,,
2025,HND,Tropical mountain system,0.00076,,,,
2001,HND,Tropical rainforest,0.0043,,,,
2002,HND,Tropical rainforest,0.0069,,,,
2003,HND,Tropical rainforest,0.0084,,,,
2004,HND,Tropical rainforest,0.0065,,,,
2005,HND,Tropical rainforest,0.013,,,,
2006,HND,Tropical rainforest,0.013,,,,
2007,HND,Tropical rainforest,0.011,,,,
2008,HND,Tropical rainforest,0.013,,,,
2009,HND,Tropical rainforest,0.019,,,,
2010,HND,Tropical rainforest,0.018,,,,
2011,HND,Tropical rainforest,0.016,,,,
2012,HND,Tropical rainforest,0.0079,,,,
2013,HND,Tropical rainforest,0.012,,,,
2014,HND,Tropical rainforest,0.016,,,,
2015,HND,Tropical rainforest,0.011,,,,
2016,HND,Tropical rainforest,0.03,,,,
2017,HND,Tropical rainforest,0.027,,,,
2018,HND,Tropical rainforest,0.023,,,,
2019,HND,Tropical rainforest,0.023,,,,
2020,HND,Tropical rainforest,0.025,,,,
2021,HND,Tropical rainforest,0.02,,,,
2022,HND,Tropical rainforest,0.017,,,,
2023,HND,Tropical rainforest,0.023,,,,
2024,HND,Tropical rainforest,0.02,,,,
2025,HND,Tropical rainforest,0.0052,,,,
2012,HND,Tropical shrubland,0.000000074,,,,
2002,HND,Water,0.0000003,,,,
2007,HND,Water,0.00000015,,,,
2008,HND,Water,0.00000037,,,,
2014,HND,Water,0.00000022,,,,
2017,HND,Water,0.00000037,,,,
2020,HND,Water,0.0000003,,,,
2022,HND,Water,0.00000015,,,,
2023,HND,Water,0.00000015,,,,
2025,HND,Water,0.000000074,,,,
2001,HTI,Tropical moist deciduous forest,0.0000038,,,,
2002,HTI,Tropical moist deciduous forest,0.0000042,,,,
2003,HTI,Tropical moist deciduous forest,0.0000057,,,,
2004,HTI,Tropical moist deciduous forest,0.0000093,,,,
2005,HTI,Tropical moist deciduous forest,0.0000033,,,,
2006,HTI,Tropical moist deciduous forest,0.0000049,,,,
2007,HTI,Tropical moist deciduous forest,0.00001,,,,
2008,HTI,Tropical moist deciduous forest,0.0000056,,,,
2009,HTI,Tropical moist deciduous forest,0.0000096,,,,
2010,HTI,Tropical moist deciduous forest,0.0000075,,,,
2011,HTI,Tropical moist deciduous forest,0.000018,,,,
2012,HTI,Tropical moist deciduous forest,0.000018,,,,
2013,HTI,Tropical moist deciduous forest,0.0000066,,,,
2014,HTI,Tropical moist deciduous forest,0.0000058,,,,
2015,HTI,Tropical moist deciduous forest,0.0000096,,,,
2016,HTI,Tropical moist deciduous forest,0.000069,,,,
2017,HTI,Tropical moist deciduous forest,0.000035,,,,
2018,HTI,Tropical moist deciduous forest,0.0000038,,,,
2019,HTI,Tropical moist deciduous forest,0.0000057,,,,
2020,HTI,Tropical moist deciduous forest,0.0000036,,,,
2021,HTI,Tropical moist deciduous forest,0.0000038,,,,
2022,HTI,Tropical moist deciduous forest,0.000001,,,,
2023,HTI,Tropical moist deciduous forest,0.0000013,,,,
2024,HTI,Tropical moist deciduous forest,0.0000025,,,,
2025,HTI,Tropical moist deciduous forest,0.0000023,,,,
2001,HTI,Tropical mountain system,0.00000073,,,,
2002,HTI,Tropical mountain system,0.00000044,,,,
2003,HTI,Tropical mountain system,0.0000053,,,,
2004,HTI,Tropical mountain system,0.000005,,,,
2005,HTI,Tropical mountain system,0.000015,,,,
2006,HTI,Tropical mountain system,0.0000019,,,,
2007,HTI,Tropical mountain system,0.0000028,,,,
2008,HTI,Tropical mountain system,0.000012,,,,
2009,HTI,Tropical mountain system,0.0000037,,,,
2010,HTI,Tropical mountain system,0.000000073,,,,
2011,HTI,Tropical mountain system,0.00000058,,,,
2012,HTI,Tropical mountain system,0.00000095,,,,
2014,HTI,Tropical mountain system,0.00000044,,,,
2015,HTI,Tropical mountain system,0.00000088,,,,
2016,HTI,Tropical mountain system,0.0000027,,,,
2017,HTI,Tropical mountain system,0.000005,,,,
2019,HTI,Tropical mountain system,0.0000008,,,,
2020,HTI,Tropical mountain system,0.000002,,,,
2021,HTI,Tropical mountain system,0.00000066,,,,
2022,HTI,Tropical mountain system,0.00000015,,,,
2023,HTI,Tropical mountain system,0.000002,,,,
2024,HTI,Tropical mountain system,0.0000036,,,,
2025,HTI,Tropical mountain system,0.0000018,,,,
2001,HTI,Tropical rainforest,0.0000051,,,,
2002,HTI,Tropical rainforest,0.000012,,,,
2003,HTI,Tropical rainforest,0.000003,,,,
2004,HTI,Tropical rainforest,0.000038,,,,
2005,HTI,Tropical rainforest,0.000018,,,,
2006,HTI,Tropical rainforest,0.000015,,,,
2007,HTI,Tropical rainforest,0.000025,,,,
2008,HTI,Tropical rainforest,0.000024,,,,
2009,HTI,Tropical rainforest,0.000011,,,,
2010,HTI,Tropical rainforest,0.0000047,,,,
2011,HTI,Tropical rainforest,0.0000095,,,,
2012,HTI,Tropical rainforest,0.000028,,,,
2013,HTI,Tropical rainforest,0.0000073,,,,
2014,HTI,Tropical rainforest,0.0000039,,,,
2015,HTI,Tropical rainforest,0.0000098,,,,
2016,HTI,Tropical rainforest,0.0019,,,,
2017,HTI,Tropical rainforest,0.00032,,,,
2018,HTI,Tropical rainforest,0.000023,,,,
2019,HTI,Tropical rainforest,0.000027,,,,
2020,HTI,Tropical rainforest,0.00001,,,,
2021,HTI,Tropical rainforest,0.00013,,,,
2022,HTI,Tropical rainforest,0.000014,,,,
2023,HTI,Tropical rainforest,0.000052,,,,
2024,HTI,Tropical rainforest,0.000036,,,,
2025,HTI,Tropical rainforest,0.000049,,,,
2001,IDN,Tropical dry forest,0.000000076,,,,
2002,IDN,Tropical dry forest,0.00000023,,,,
2003,IDN,Tropical dry forest,0.00000015,,,,
2004,IDN,Tropical dry forest,0.000008,,,,
2005,IDN,Tropical dry forest,0.0000017,,,,
2006,IDN,Tropical dry forest,0.0000013,,,,
2007,IDN,Tropical dry forest,0.00000015,,,,
2008,IDN,Tropical dry forest,0.0000014,,,,
2009,IDN,Tropical dry forest,0.00000076,,,,
2010,IDN,Tropical dry forest,0.00000015,,,,
2011,IDN,Tropical dry forest,0.00000068,,,,
2012,IDN,Tropical dry forest,0.0000055,,,,
2013,IDN,Tropical dry forest,0.000011,,,,
2014,IDN,Tropical dry forest,0.000019,,,,
2015,IDN,Tropical dry forest,0.0000033,,,,
2018,IDN,Tropical dry forest,0.0000025,,,,
2019,IDN,Tropical dry forest,0.00000099,,,,
2020,IDN,Tropical dry forest,0.0000045,,,,
2021,IDN,Tropical dry forest,0.0000021,,,,
2024,IDN,Tropical dry forest,0.0000025,,,,
2001,IDN,Tropical moist deciduous forest,0.00017,,,,
2002,IDN,Tropical moist deciduous forest,0.00059,,,,
2003,IDN,Tropical moist deciduous forest,0.0006,,,,
2004,IDN,Tropical moist deciduous forest,0.00053,,,,
2005,IDN,Tropical moist deciduous forest,0.00062,,,,
2006,IDN,Tropical moist deciduous forest,0.00055,,,,
2007,IDN,Tropical moist deciduous forest,0.00034,,,,
2008,IDN,Tropical moist deciduous forest,0.00031,,,,
2009,IDN,Tropical moist deciduous forest,0.00089,,,,
2010,IDN,Tropical moist deciduous forest,0.00061,,,,
2011,IDN,Tropical moist deciduous forest,0.002,,,,
2012,IDN,Tropical moist deciduous forest,0.0016,,,,
2013,IDN,Tropical moist deciduous forest,0.00076,,,,
2014,IDN,Tropical moist deciduous forest,0.0008,,,,
2015,IDN,Tropical moist deciduous forest,0.0017,,,,
2016,IDN,Tropical moist deciduous forest,0.0046,,,,
2017,IDN,Tropical moist deciduous forest,0.0013,,,,
2018,IDN,Tropical moist deciduous forest,0.0011,,,,
2019,IDN,Tropical moist deciduous forest,0.00065,,,,
2020,IDN,Tropical moist deciduous forest,0.0011,,,,
2021,IDN,Tropical moist deciduous forest,0.0012,,,,
2022,IDN,Tropical moist deciduous forest,0.00055,,,,
2023,IDN,Tropical moist deciduous forest,0.00034,,,,
2024,IDN,Tropical moist deciduous forest,0.0019,,,,
2025,IDN,Tropical moist deciduous forest,0.0058,,,,
2001,IDN,Tropical mountain system,0.0028,,,,
2002,IDN,Tropical mountain system,0.01,,,,
2003,IDN,Tropical mountain system,0.0076,,,,
2004,IDN,Tropical mountain system,0.01,,,,
2005,IDN,Tropical mountain system,0.0068,,,,
2006,IDN,Tropical mountain system,0.0095,,,,
2007,IDN,Tropical mountain system,0.0071,,,,
2008,IDN,Tropical mountain system,0.0086,,,,
2009,IDN,Tropical mountain system,0.012,,,,
2010,IDN,Tropical mountain system,0.0073,,,,
2011,IDN,Tropical mountain system,0.006,,,,
2012,IDN,Tropical mountain system,0.012,,,,
2013,IDN,Tropical mountain system,0.0096,,,,
2014,IDN,Tropical mountain system,0.017,,,,
2015,IDN,Tropical mountain system,0.023,,,,
2016,IDN,Tropical mountain system,0.031,,,,
2017,IDN,Tropical mountain system,0.017,,,,
2018,IDN,Tropical mountain system,0.015,,,,
2019,IDN,Tropical mountain system,0.014,,,,
2020,IDN,Tropical mountain system,0.014,,,,
2021,IDN,Tropical mountain system,0.01,,,,
2022,IDN,Tropical mountain system,0.0094,,,,
2023,IDN,Tropical mountain system,0.0097,,,,
2024,IDN,Tropical mountain system,0.0096,,,,
2025,IDN,Tropical mountain system,0.015,,,,
2001,IDN,Tropical rainforest,0.11,,,,
2002,IDN,Tropical rainforest,0.25,,,,
2003,IDN,Tropical rainforest,0.23,,,,
2004,IDN,Tropical rainforest,0.45,,,,
2005,IDN,Tropical rainforest,0.46,,,,
2006,IDN,Tropical rainforest,0.44,,,,
2007,IDN,Tropical rainforest,0.5,,,,
2008,IDN,Tropical rainforest,0.45,,,,
2009,IDN,Tropical rainforest,0.65,,,,
2010,IDN,Tropical rainforest,0.52,,,,
2011,IDN,Tropical rainforest,0.59,,,,
2012,IDN,Tropical rainforest,0.81,,,,
2013,IDN,Tropical rainforest,0.43,,,,
2014,IDN,Tropical rainforest,0.67,,,,
2015,IDN,Tropical rainforest,0.58,,,,
2016,IDN,Tropical rainforest,0.83,,,,
2017,IDN,Tropical rainforest,0.32,,,,
2018,IDN,Tropical rainforest,0.29,,,,
2019,IDN,Tropical rainforest,0.27,,,,
2020,IDN,Tropical rainforest,0.23,,,,
2021,IDN,Tropical rainforest,0.17,,,,
2022,IDN,Tropical rainforest,0.2,,,,
2023,IDN,Tropical rainforest,0.26,,,,
2024,IDN,Tropical rainforest,0.23,,,,
2025,IDN,Tropical rainforest,0.24,,,,
2001,IDN,Tropical shrubland,0.00000084,,,,
2002,IDN,Tropical shrubland,0.0000056,,,,
2001,ARG,Temperate mountain system,0.000027,,,,
2002,ARG,Temperate mountain system,0.00034,,,,
2003,ARG,Temperate mountain system,0.00028,,,,
2004,ARG,Temperate mountain system,0.00012,,,,
2005,ARG,Temperate mountain system,0.000021,,,,
2006,ARG,Temperate mountain system,0.00047,,,,
2007,ARG,Temperate mountain system,0.000076,,,,
2008,ARG,Temperate mountain system,0.000093,,,,
2009,ARG,Temperate mountain system,0.00014,,,,
2010,ARG,Temperate mountain system,0.000069,,,,
2011,ARG,Temperate mountain system,0.000047,,,,
2012,ARG,Temperate mountain system,0.0011,,,,
2013,ARG,Temperate mountain system,0.00041,,,,
2014,ARG,Temperate mountain system,0.00013,,,,
2015,ARG,Temperate mountain system,0.0052,,,,
2016,ARG,Temperate mountain system,0.0011,,,,
2017,ARG,Temperate mountain system,0.00016,,,,
2018,ARG,Temperate mountain system,0.00003,,,,
2019,ARG,Temperate mountain system,0.000075,,,,
2020,ARG,Temperate mountain system,0.000051,,,,
2021,ARG,Temperate mountain system,0.000019,,,,
2022,ARG,Temperate mountain system,0.0015,,,,
2023,ARG,Temperate mountain system,0.00013,,,,
2024,ARG,Temperate mountain system,0.000012,,,,
2025,ARG,Temperate mountain system,0.0077,,,,
2001,ARG,Temperate oceanic forest,0.00027,,,,
2002,ARG,Temperate oceanic forest,0.00019,,,,
2003,ARG,Temperate oceanic forest,0.0001,,,,
2004,ARG,Temperate oceanic forest,0.00036,,,,
2005,ARG,Temperate oceanic forest,0.00019,,,,
2006,ARG,Temperate oceanic forest,0.00039,,,,
2007,ARG,Temperate oceanic forest,0.000054,,,,
2008,ARG,Temperate oceanic forest,0.00037,,,,
2009,ARG,Temperate oceanic forest,0.00024,,,,
2010,ARG,Temperate oceanic forest,0.00058,,,,
2011,ARG,Temperate oceanic forest,0.001,,,,
2012,ARG,Temperate oceanic forest,0.0015,,,,
2013,ARG,Temperate oceanic forest,0.00063,,,,
2014,ARG,Temperate oceanic forest,0.00011,,,,
2015,ARG,Temperate oceanic forest,0.0095,,,,
2016,ARG,Temperate oceanic forest,0.0007,,,,
2017,ARG,Temperate oceanic forest,0.000097,,,,
2018,ARG,Temperate oceanic forest,0.000011,,,,
2019,ARG,Temperate oceanic forest,0.00021,,,,
2020,ARG,Temperate oceanic forest,0.00017,,,,
2021,ARG,Temperate oceanic forest,0.00033,,,,
2022,ARG,Temperate oceanic forest,0.0042,,,,
2023,ARG,Temperate oceanic forest,0.00024,,,,
2024,ARG,Temperate oceanic forest,0.00041,,,,
2025,ARG,Temperate oceanic forest,0.0046,,,,
2001,ARG,Temperate steppe,0.000031,,,,
2002,ARG,Temperate steppe,0.00054,,,,
2003,ARG,Temperate steppe,0.000018,,,,
2004,ARG,Temperate steppe,0.000013,,,,
2005,ARG,Temperate steppe,0.000013,,,,
2006,ARG,Temperate steppe,0.0000093,,,,
2007,ARG,Temperate steppe,0.000011,,,,
2008,ARG,Temperate steppe,0.00015,,,,
2009,ARG,Temperate steppe,0.000038,,,,
2010,ARG,Temperate steppe,0.0000098,,,,
2011,ARG,Temperate steppe,0.000026,,,,
2012,ARG,Temperate steppe,0.000069,,,,
2013,ARG,Temperate steppe,0.000013,,,,
2014,ARG,Temperate steppe,0.000011,,,,
2015,ARG,Temperate steppe,0.0004,,,,
2016,ARG,Temperate steppe,0.00012,,,,
2017,ARG,Temperate steppe,0.000084,,,,
2018,ARG,Temperate steppe,0.0000068,,,,
2019,ARG,Temperate steppe,0.0000013,,,,
2020,ARG,Temperate steppe,0.0000014,,,,
2021,ARG,Temperate steppe,0.00000065,,,,
2022,ARG,Temperate steppe,0.000055,,,,
2023,ARG,Temperate steppe,0.00003,,,,
2024,ARG,Temperate steppe,0.0000095,,,,
2025,ARG,Temperate steppe,0.00026,,,,
2001,AUS,Temperate mountain system,0.000013,,,,
2002,AUS,Temperate mountain system,0.000051,,,,
2003,AUS,Temperate mountain system,0.0001,,,,
2004,AUS,Temperate mountain system,0.00012,,,,
2005,AUS,Temperate mountain system,0.00013,,,,
2006,AUS,Temperate mountain system,0.000084,,,,
2007,AUS,Temperate mountain system,0.00021,,,,
2008,AUS,Temperate mountain system,0.000053,,,,
2009,AUS,Temperate mountain system,0.00004,,,,
2010,AUS,Temperate mountain system,0.00015,,,,
2011,AUS,Temperate mountain system,0.000091,,,,
2012,AUS,Temperate mountain system,0.00021,,,,
2013,AUS,Temperate mountain system,0.00028,,,,
2014,AUS,Temperate mountain system,0.00013,,,,
2015,AUS,Temperate mountain system,0.000033,,,,
2016,AUS,Temperate mountain system,0.00036,,,,
2017,AUS,Temperate mountain system,0.000048,,,,
2018,AUS,Temperate mountain system,0.00000098,,,,
2019,AUS,Temperate mountain system,0.012,,,,
2020,AUS,Temperate mountain system,0.03,,,,
2021,AUS,Temperate mountain system,0.001,,,,
2022,AUS,Temperate mountain system,0.0004,,,,
2023,AUS,Temperate mountain system,0.00015,,,,
2024,AUS,Temperate mountain system,0.000005,,,,
2025,AUS,Temperate mountain system,0.0061,,,,
2001,AUS,Temperate oceanic forest,0.00022,,,,
2002,AUS,Temperate oceanic forest,0.000091,,,,
2003,AUS,Temperate oceanic forest,0.00013,,,,
2004,AUS,Temperate oceanic forest,0.00011,,,,
2005,AUS,Temperate oceanic forest,0.00017,,,,
2006,AUS,Temperate oceanic forest,0.00052,,,,
2007,AUS,Temperate oceanic forest,0.00097,,,,
2008,AUS,Temperate oceanic forest,0.00025,,,,
2009,AUS,Temperate oceanic forest,0.00027,,,,
2010,AUS,Temperate oceanic forest,0.0004,,,,
2011,AUS,Temperate oceanic forest,0.000092,,,,
2012,AUS,Temperate oceanic forest,0.00014,,,,
2013,AUS,Temperate oceanic forest,0.00036,,,,
2014,AUS,Temperate oceanic forest,0.00056,,,,
2015,AUS,Temperate oceanic forest,0.000065,,,,
2016,AUS,Temperate oceanic forest,0.0014,,,,
2017,AUS,Temperate oceanic forest,0.00028,,,,
2018,AUS,Temperate oceanic forest,0.0001,,,,
2019,AUS,Temperate oceanic forest,0.017,,,,
2020,AUS,Temperate oceanic forest,0.032,,,,
2021,AUS,Temperate oceanic forest,0.001,,,,
2022,AUS,Temperate oceanic forest,0.0015,,,,
2023,AUS,Temperate oceanic forest,0.0014,,,,
2024,AUS,Temperate oceanic forest,0.00087,,,,
2025,AUS,Temperate oceanic forest,0.0032,,,,
2001,CAN,Boreal coniferous forest,0.074,,,,
2002,CAN,Boreal coniferous forest,0.51,,,,
2003,CAN,Boreal coniferous forest,0.51,,,,
2004,CAN,Boreal coniferous forest,0.38,,,,
2005,CAN,Boreal coniferous forest,0.42,,,,
2006,CAN,Boreal coniferous forest,0.45,,,,
2007,CAN,Boreal coniferous forest,0.42,,,,
2008,CAN,Boreal coniferous forest,0.5,,,,
2009,CAN,Boreal coniferous forest,0.24,,,,
2010,CAN,Boreal coniferous forest,0.34,,,,
2011,CAN,Boreal coniferous forest,0.55,,,,
2012,CAN,Boreal coniferous forest,0.65,,,,
2013,CAN,Boreal coniferous forest,0.68,,,,
2014,CAN,Boreal coniferous forest,0.31,,,,
2015,CAN,Boreal coniferous forest,0.62,,,,
2016,CAN,Boreal coniferous forest,0.33,,,,
2017,CAN,Boreal coniferous forest,0.28,,,,
2018,CAN,Boreal coniferous forest,0.36,,,,
2019,CAN,Boreal coniferous forest,0.29,,,,
2020,CAN,Boreal coniferous forest,0.11,,,,
2021,CAN,Boreal coniferous forest,0.66,,,,
2022,CAN,Boreal coniferous forest,0.45,,,,
2023,CAN,Boreal coniferous forest,1.3,,,,
2024,CAN,Boreal coniferous forest,0.56,,,,
2025,CAN,Boreal coniferous forest,1.9,,,,
2001,CAN,Boreal mountain system,0.011,,,,
2002,CAN,Boreal mountain system,0.018,,,,
2003,CAN,Boreal mountain system,0.014,,,,
2004,CAN,Boreal mountain system,0.35,,,,
2005,CAN,Boreal mountain system,0.42,,,,
2006,CAN,Boreal mountain system,0.12,,,,
2007,CAN,Boreal mountain system,0.079,,,,
2008,CAN,Boreal mountain system,0.013,,,,
2009,CAN,Boreal mountain system,0.036,,,,
2010,CAN,Boreal mountain system,0.17,,,,
2011,CAN,Boreal mountain system,0.054,,,,
2012,CAN,Boreal mountain system,0.053,,,,
2013,CAN,Boreal mountain system,0.11,,,,
2014,CAN,Boreal mountain system,0.03,,,,
2015,CAN,Boreal mountain system,0.11,,,,
2016,CAN,Boreal mountain system,0.052,,,,
2017,CAN,Boreal mountain system,0.075,,,,
2018,CAN,Boreal mountain system,0.13,,,,
2019,CAN,Boreal mountain system,0.19,,,,
2020,CAN,Boreal mountain system,0.075,,,,
2021,CAN,Boreal mountain system,0.053,,,,
2022,CAN,Boreal mountain system,0.14,,,,
2023,CAN,Boreal mountain system,0.19,,,,
2024,CAN,Boreal mountain system,0.17,,,,
2025,CAN,Boreal mountain system,0.19,,,,
2001,CAN,Boreal tundra woodland,0.2,,,,
2002,CAN,Boreal tundra woodland,0.43,,,,
2003,CAN,Boreal tundra woodland,0.18,,,,
2004,CAN,Boreal tundra woodland,0.38,,,,
2005,CAN,Boreal tundra woodland,0.42,,,,
2006,CAN,Boreal tundra woodland,0.24,,,,
2007,CAN,Boreal tundra woodland,0.25,,,,
2008,CAN,Boreal tundra woodland,0.29,,,,
2009,CAN,Boreal tundra woodland,0.27,,,,
2010,CAN,Boreal tundra woodland,0.21,,,,
2011,CAN,Boreal tundra woodland,0.28,,,,
2012,CAN,Boreal tundra woodland,0.32,,,,
2013,CAN,Boreal tundra woodland,0.68,,,,
2014,CAN,Boreal tundra woodland,0.86,,,,
2015,CAN,Boreal tundra woodland,0.25,,,,
2016,CAN,Boreal tundra woodland,0.19,,,,
2017,CAN,Boreal tundra woodland,0.49,,,,
2018,CAN,Boreal tundra woodland,0.18,,,,
2019,CAN,Boreal tundra woodland,0.057,,,,
2020,CAN,Boreal tundra woodland,0.042,,,,
2021,CAN,Boreal tundra woodland,0.24,,,,
2022,CAN,Boreal tundra woodland,0.35,,,,
2023,CAN,Boreal tundra woodland,2,,,,
2024,CAN,Boreal tundra woodland,1.1,,,,
2025,CAN,Boreal tundra woodland,0.46,,,,
2001,CAN,Temperate continental forest,0.0007,,,,
2002,CAN,Temperate continental forest,0.0011,,,,
2003,CAN,Temperate continental forest,0.0039,,,,
2004,CAN,Temperate continental forest,0.0071,,,,
2005,CAN,Temperate continental forest,0.016,,,,
2006,CAN,Temperate continental forest,0.0052,,,,
2007,CAN,Temperate continental forest,0.0096,,,,
2008,CAN,Temperate continental forest,0.0074,,,,
2009,CAN,Temperate continental forest,0.0037,,,,
2010,CAN,Temperate continental forest,0.0058,,,,
2011,CAN,Temperate continental forest,0.0044,,,,
2012,CAN,Temperate continental forest,0.0044,,,,
2013,CAN,Temperate continental forest,0.0057,,,,
2014,CAN,Temperate continental forest,0.004,,,,
2015,CAN,Temperate continental forest,0.0053,,,,
2016,CAN,Temperate continental forest,0.0042,,,,
2017,CAN,Temperate continental forest,0.0038,,,,
2018,CAN,Temperate continental forest,0.021,,,,
2019,CAN,Temperate continental forest,0.01,,,,
2020,CAN,Temperate continental forest,0.0043,,,,
2021,CAN,Temperate continental forest,0.014,,,,
2022,CAN,Temperate continental forest,0.017,,,,
2023,CAN,Temperate continental forest,0.01,,,,
2024,CAN,Temperate continental forest,0.0051,,,,
2025,CAN,Temperate continental forest,0.014,,,,
2001,CAN,Temperate desert,0.0000088,,,,
2002,CAN,Temperate desert,0.000057,,,,
2003,CAN,Temperate desert,0.00014,,,,
2004,CAN,Temperate desert,0.00066,,,,
2005,CAN,Temperate desert,0.0005,,,,
2006,CAN,Temperate desert,0.0001,,,,
2007,CAN,Temperate desert,0.000035,,,,
2008,CAN,Temperate desert,0.000063,,,,
2009,CAN,Temperate desert,0.0033,,,,
2010,CAN,Temperate desert,0.0016,,,,
2011,CAN,Temperate desert,0.00007,,,,
2012,CAN,Temperate desert,0.00013,,,,
2013,CAN,Temperate desert,0.000056,,,,
2014,CAN,Temperate desert,0.000059,,,,
2015,CAN,Temperate desert,0.0003,,,,
2016,CAN,Temperate desert,0.00015,,,,
2017,CAN,Temperate desert,0.000079,,,,
2018,CAN,Temperate desert,0.00031,,,,
2019,CAN,Temperate desert,0.00025,,,,
2020,CAN,Temperate desert,0.000037,,,,
2021,CAN,Temperate desert,0.00012,,,,
2022,CAN,Temperate desert,0.0016,,,,
2023,CAN,Temperate desert,0.0047,,,,
2024,CAN,Temperate desert,0.0035,,,,
2025,CAN,Temperate desert,0.00066,,,,
2001,CAN,Temperate mountain system,0.013,,,,
2002,CAN,Temperate mountain system,0.04,,,,
2003,CAN,Temperate mountain system,0.045,,,,
2004,CAN,Temperate mountain system,0.08,,,,
2005,CAN,Temperate mountain system,0.04,,,,
2006,CAN,Temperate mountain system,0.076,,,,
2007,CAN,Temperate mountain system,0.053,,,,
2008,CAN,Temperate mountain system,0.033,,,,
2009,CAN,Temperate mountain system,0.055,,,,
2010,CAN,Temperate mountain system,0.066,,,,
2011,CAN,Temperate mountain system,0.033,,,,
2012,CAN,Temperate mountain system,0.054,,,,
2013,CAN,Temperate mountain system,0.018,,,,
2014,CAN,Temperate mountain system,0.091,,,,
2015,CAN,Temperate mountain system,0.044,,,,
2016,CAN,Temperate mountain system,0.026,,,,
2017,CAN,Temperate mountain system,0.063,,,,
2018,CAN,Temperate mountain system,0.11,,,,
2019,CAN,Temperate mountain system,0.14,,,,
2020,CAN,Temperate mountain system,0.015,,,,
2021,CAN,Temperate mountain system,0.046,,,,
2022,CAN,Temperate mountain system,0.031,,,,
2023,CAN,Temperate mountain system,0.14,,,,
2024,CAN,Temperate mountain system,0.11,,,,
2025,CAN,Temperate mountain system,0.057,,,,
2001,CHL,Temperate mountain system,0.000095,,,,
2002,CHL,Temperate mountain system,0.000083,,,,
2003,CHL,Temperate mountain system,0.00056,,,,
2004,CHL,Temperate mountain system,0.00048,,,,
2005,CHL,Temperate mountain system,0.0002,,,,
2006,CHL,Temperate mountain system,0.00044,,,,
2007,CHL,Temperate mountain system,0.00041,,,,
2008,CHL,Temperate mountain system,0.003,,,,
2009,CHL,Temperate mountain system,0.00087,,,,
2010,CHL,Temperate mountain system,0.0009,,,,
2011,CHL,Temperate mountain system,0.001,,,,
2012,CHL,Temperate mountain system,0.0025,,,,
2013,CHL,Temperate mountain system,0.00014,,,,
2014,CHL,Temperate mountain system,0.0012,,,,
2015,CHL,Temperate mountain system,0.000087,,,,
2016,CHL,Temperate mountain system,0.000042,,,,
2017,CHL,Temperate mountain system,0.000054,,,,
2018,CHL,Temperate mountain system,0.00007,,,,
2019,CHL,Temperate mountain system,0.00011,,,,
2020,CHL,Temperate mountain system,0.00014,,,,
2021,CHL,Temperate mountain system,0.00013,,,,
2022,CHL,Temperate mountain system,0.000035,,,,
2023,CHL,Temperate mountain system,0.0001,,,,
2024,CHL,Temperate mountain system,0.00009,,,,
2025,CHL,Temperate mountain system,0.000036,,,,
2001,CHL,Temperate oceanic forest,0.00028,,,,
2002,CHL,Temperate oceanic forest,0.00029,,,,
2003,CHL,Temperate oceanic forest,0.001,,,,
2004,CHL,Temperate oceanic forest,0.0013,,,,
2005,CHL,Temperate oceanic forest,0.00083,,,,
2006,CHL,Temperate oceanic forest,0.00092,,,,
2007,CHL,Temperate oceanic forest,0.0022,,,,
2008,CHL,Temperate oceanic forest,0.0045,,,,
2009,CHL,Temperate oceanic forest,0.003,,,,
2010,CHL,Temperate oceanic forest,0.0024,,,,
2011,CHL,Temperate oceanic forest,0.0036,,,,
2012,CHL,Temperate oceanic forest,0.029,,,,
2013,CHL,Temperate oceanic forest,0.0011,,,,
2014,CHL,Temperate oceanic forest,0.00065,,,,
2015,CHL,Temperate oceanic forest,0.00071,,,,
2016,CHL,Temperate oceanic forest,0.00037,,,,
2017,CHL,Temperate oceanic forest,0.00014,,,,
2018,CHL,Temperate oceanic forest,0.00029,,,,
2019,CHL,Temperate oceanic forest,0.0014,,,,
2020,CHL,Temperate oceanic forest,0.00095,,,,
2021,CHL,Temperate oceanic forest,0.00037,,,,
2022,CHL,Temperate oceanic forest,0.00013,,,,
2023,CHL,Temperate oceanic forest,0.00026,,,,
2024,CHL,Temperate oceanic forest,0.00022,,,,
2025,CHL,Temperate oceanic forest,0.00008,,,,
2001,CHL,Temperate steppe,0.000034,,,,
2002,CHL,Temperate steppe,0.000031,,,,
2003,CHL,Temperate steppe,0.00013,,,,
2004,CHL,Temperate steppe,0.00009,,,,
2005,CHL,Temperate steppe,0.000089,,,,
2006,CHL,Temperate steppe,0.00006,,,,
2007,CHL,Temperate steppe,0.000046,,,,
2008,CHL,Temperate steppe,0.0001,,,,
2009,CHL,Temperate steppe,0.000018,,,,
2010,CHL,Temperate steppe,0.000014,,,,
2011,CHL,Temperate steppe,0.000047,,,,
2012,CHL,Temperate steppe,0.00016,,,,
2013,CHL,Temperate steppe,0.0000072,,,,
2014,CHL,Temperate steppe,0.00002,,,,
2015,CHL,Temperate steppe,0.00000018,,,,
2016,CHL,Temperate steppe,0.0000026,,,,
2017,CHL,Temperate steppe,0.0000038,,,,
2018,CHL,Temperate steppe,0.0000025,,,,
2019,CHL,Temperate steppe,0.000000046,,,,
2020,CHL,Temperate steppe,0.0000049,,,,
2021,CHL,Temperate steppe,0.000015,,,,
2022,CHL,Temperate steppe,0.000066,,,,
2023,CHL,Temperate steppe,0.000029,,,,
2024,CHL,Temperate steppe,0.0000018,,,,
2025,CHL,Temperate steppe,0.00002,,,,
2001,CHN,Boreal coniferous forest,0.0022,,,,
2002,CHN,Boreal coniferous forest,0.0045,,,,
2003,CHN,Boreal coniferous forest,0.00014,,,,
2004,CHN,Boreal coniferous forest,0.0032,,,,
2005,CHN,Boreal coniferous forest,0.00065,,,,
2006,CHN,Boreal coniferous forest,0.000089,,,,
2007,CHN,Boreal coniferous forest,0.00023,,,,
2008,CHN,Boreal coniferous forest,0.00017,,,,
2009,CHN,Boreal coniferous forest,0.00007,,,,
2010,CHN,Boreal coniferous forest,0.0002,,,,
2011,CHN,Boreal coniferous forest,0.00023,,,,
2012,CHN,Boreal coniferous forest,0.000064,,,,
2013,CHN,Boreal coniferous forest,0.000047,,,,
2014,CHN,Boreal coniferous forest,0.000024,,,,
2015,CHN,Boreal coniferous forest,0.000012,,,,
2016,CHN,Boreal coniferous forest,0.000061,,,,
2017,CHN,Boreal coniferous forest,0.000022,,,,
2018,CHN,Boreal coniferous forest,0.00002,,,,
2019,CHN,Boreal coniferous forest,0.000011,,,,
2020,CHN,Boreal coniferous forest,0.000093,,,,
2021,CHN,Boreal coniferous forest,0.000021,,,,
2022,CHN,Boreal coniferous forest,0.00000094,,,,
2023,CHN,Boreal coniferous forest,0.0000085,,,,
2024,CHN,Boreal coniferous forest,0.0016,,,,
2025,CHN,Boreal coniferous forest,0.00066,,,,
2001,CHN,Boreal mountain system,0.00000084,,,,
2002,CHN,Boreal mountain system,0.000019,,,,
2003,CHN,Boreal mountain system,0.0000066,,,,
2004,CHN,Boreal mountain system,0.00011,,,,
2005,CHN,Boreal mountain system,0.000013,,,,
2006,CHN,Boreal mountain system,0.000000047,,,,
2007,CHN,Boreal mountain system,0.00000028,,,,
2008,CHN,Boreal mountain system,0.000027,,,,
2009,CHN,Boreal mountain system,0.000043,,,,
2010,CHN,Boreal mountain system,0.0000029,,,,
2011,CHN,Boreal mountain system,0.000061,,,,
2012,CHN,Boreal mountain system,0.000011,,,,
2013,CHN,Boreal mountain system,0.000003,,,,
2014,CHN,Boreal mountain system,0.0000023,,,,
2015,CHN,Boreal mountain system,0.0000038,,,,
2016,CHN,Boreal mountain system,0.00000098,,,,
2017,CHN,Boreal mountain system,0.00012,,,,
2018,CHN,Boreal mountain system,0.000088,,,,
2019,CHN,Boreal mountain system,0.0000044,,,,
2020,CHN,Boreal mountain system,0.000028,,,,
2021,CHN,Boreal mountain system,0.000003,,,,
2024,CHN,Boreal mountain system,0.00013,,,,
2025,CHN,Boreal mountain system,0.00014,,,,
2001,FIN,Boreal coniferous forest,0.0000068,,,,
2002,FIN,Boreal coniferous forest,0.000033,,,,
2003,FIN,Boreal coniferous forest,0.0000029,,,,
2004,FIN,Boreal coniferous forest,0.000078,,,,
2005,FIN,Boreal coniferous forest,0.000047,,,,
2006,FIN,Boreal coniferous forest,0.00006,,,,
2007,FIN,Boreal coniferous forest,0.000022,,,,
2008,FIN,Boreal coniferous forest,0.000043,,,,
2009,FIN,Boreal coniferous forest,0.00003,,,,
2010,FIN,Boreal coniferous forest,0.000033,,,,
2011,FIN,Boreal coniferous forest,0.0001,,,,
2012,FIN,Boreal coniferous forest,0.000063,,,,
2013,FIN,Boreal coniferous forest,0.000071,,,,
2014,FIN,Boreal coniferous forest,0.0000087,,,,
2015,FIN,Boreal coniferous forest,0.000013,,,,
2016,FIN,Boreal coniferous forest,0.000025,,,,
2017,FIN,Boreal coniferous forest,0.000046,,,,
2018,FIN,Boreal coniferous forest,0.000025,,,,
2019,FIN,Boreal coniferous forest,0.000033,,,,
2020,FIN,Boreal coniferous forest,0.0000034,,,,
2021,FIN,Boreal coniferous forest,0.000007,,,,
2022,FIN,Boreal coniferous forest,0.000017,,,,
2023,FIN,Boreal coniferous forest,0.0000046,,,,
2024,FIN,Boreal coniferous forest,0.0000068,,,,
2025,FIN,Boreal coniferous forest,0.000011,,,,
2001,FIN,Boreal mountain system,0.000012,,,,
2002,FIN,Boreal mountain system,0.00001,,,,
2003,FIN,Boreal mountain system,0.000003,,,,
2004,FIN,Boreal mountain system,0.000011,,,,
2005,FIN,Boreal mountain system,0.0000084,,,,
2006,FIN,Boreal mountain system,0.000014,,,,
2007,FIN,Boreal mountain system,0.0000017,,,,
2008,FIN,Boreal mountain system,0.00000068,,,,
2009,FIN,Boreal mountain system,0.00001,,,,
2010,FIN,Boreal mountain system,0.000003,,,,
2011,FIN,Boreal mountain system,0.00003,,,,
2012,FIN,Boreal mountain system,0.0000082,,,,
2013,FIN,Boreal mountain system,0.000012,,,,
2014,FIN,Boreal mountain system,0.00001,,,,
2015,FIN,Boreal mountain system,0.00000096,,,,
2016,FIN,Boreal mountain system,0.0000075,,,,
2017,FIN,Boreal mountain system,0.000004,,,,
2018,FIN,Boreal mountain system,0.00000077,,,,
2019,FIN,Boreal mountain system,0.00000031,,,,
2020,FIN,Boreal mountain system,0.0000023,,,,
2021,FIN,Boreal mountain system,0.000000028,,,,
2022,FIN,Boreal mountain system,0.00000082,,,,
2023,FIN,Boreal mountain system,0.0000046,,,,
2024,FIN,Boreal mountain system,0.00000017,,,,
2025,FIN,Boreal mountain system,0.00000046,,,,
2003,GEO,Temperate continental forest,0.00000011,,,,
2004,GEO,Temperate continental forest,0.00000028,,,,
2005,GEO,Temperate continental forest,0.00000022,,,,
2007,GEO,Temperate continental forest,0.00000073,,,,
2008,GEO,Temperate continental forest,0.00000017,,,,
2009,GEO,Temperate continental forest,0.00000034,,,,
2010,GEO,Temperate continental forest,0.00000045,,,,
2011,GEO,Temperate continental forest,0.00000011,,,,
2012,GEO,Temperate continental forest,0.00000039,,,,
2013,GEO,Temperate continental forest,0.00000028,,,,
2014,GEO,Temperate continental forest,0.00000011,,,,
2016,GEO,Temperate continental forest,0.00000022,,,,
2017,GEO,Temperate continental forest,0.00000017,,,,
2001,GEO,Temperate mountain system,0.000036,,,,
2002,GEO,Temperate mountain system,0.00002,,,,
2003,GEO,Temperate mountain system,0.000015,,,,
2004,GEO,Temperate mountain system,0.000042,,,,
2005,GEO,Temperate mountain system,0.000049,,,,
2006,GEO,Temperate mountain system,0.000069,,,,
2007,GEO,Temperate mountain system,0.000056,,,,
2008,GEO,Temperate mountain system,0.000024,,,,
2009,GEO,Temperate mountain system,0.000025,,,,
2010,GEO,Temperate mountain system,0.000023,,,,
2011,GEO,Temperate mountain system,0.000026,,,,
2012,GEO,Temperate mountain system,0.000027,,,,
2013,GEO,Temperate mountain system,0.000079,,,,
2014,GEO,Temperate mountain system,0.0000052,,,,
2015,GEO,Temperate mountain system,0.0000023,,,,
2016,GEO,Temperate mountain system,0.000027,,,,
2017,GEO,Temperate mountain system,0.00002,,,,
2018,GEO,Temperate mountain system,0.000017,,,,
2019,GEO,Temperate mountain system,0.000062,,,,
2020,GEO,Temperate mountain system,0.000032,,,,
2021,GEO,Temperate mountain system,0.0001,,,,
2022,GEO,Temperate mountain system,0.000076,,,,
2023,GEO,Temperate mountain system,0.000055,,,,
2024,GEO,Temperate mountain system,0.000056,,,,
2025,GEO,Temperate mountain system,0.00015,,,,
2001,JPN,Temperate mountain system,0.000006,,,,
2002,JPN,Temperate mountain system,0.0000073,,,,
2003,JPN,Temperate mountain system,0.0000018,,,,
2004,JPN,Temperate mountain system,0.0000086,,,,
2005,JPN,Temperate mountain system,0.0000036,,,,
2006,JPN,Temperate mountain system,0.000002,,,,
2007,JPN,Temperate mountain system,0.0000078,,,,
2008,JPN,Temperate mountain system,0.000002,,,,
2009,JPN,Temperate mountain system,0.0000037,,,,
2010,JPN,Temperate mountain system,0.0000024,,,,
2011,JPN,Temperate mountain system,0.0000043,,,,
2012,JPN,Temperate mountain system,0.000011,,,,
2013,JPN,Temperate mountain system,0.0000046,,,,
2014,JPN,Temperate mountain system,0.000006,,,,
2016,JPN,Temperate mountain system,0.0000015,,,,
2017,JPN,Temperate mountain system,0.000024,,,,
2018,JPN,Temperate mountain system,0.0000013,,,,
2019,JPN,Temperate mountain system,0.00000077,,,,
2020,JPN,Temperate mountain system,0.0000014,,,,
2021,JPN,Temperate mountain system,0.00000028,,,,
2022,JPN,Temperate mountain system,0.0000026,,,,
2023,JPN,Temperate mountain system,0.0000012,,,,
2025,JPN,Temperate mountain system,0.0000016,,,,
2001,KAZ,Boreal mountain system,0.000061,,,,
2002,KAZ,Boreal mountain system,0.000058,,,,
2003,KAZ,Boreal mountain system,0.0000035,,,,
2004,KAZ,Boreal mountain system,0.000082,,,,
2005,KAZ,Boreal mountain system,0.000061,,,,
2006,KAZ,Boreal mountain system,0.00007,,,,
2007,KAZ,Boreal mountain system,0.000027,,,,
2008,KAZ,Boreal mountain system,0.000049,,,,
2009,KAZ,Boreal mountain system,0.000069,,,,
2010,KAZ,Boreal mountain system,0.000068,,,,
2011,KAZ,Boreal mountain system,0.000023,,,,
2012,KAZ,Boreal mountain system,0.000065,,,,
2013,KAZ,Boreal mountain system,0.000029,,,,
2014,KAZ,Boreal mountain system,0.00004,,,,
2015,KAZ,Boreal mountain system,0.000013,,,,
2016,KAZ,Boreal mountain system,0.00007,,,,
2017,KAZ,Boreal mountain system,0.000017,,,,
2018,KAZ,Boreal mountain system,0.0000045,,,,
2019,KAZ,Boreal mountain system,0.000018,,,,
2020,KAZ,Boreal mountain system,0.00001,,,,
2021,KAZ,Boreal mountain system,0.0000069,,,,
2022,KAZ,Boreal mountain system,0.0000099,,,,
2023,KAZ,Boreal mountain system,0.000026,,,,
2024,KAZ,Boreal mountain system,0.0000035,,,,
2025,KAZ,Boreal mountain system,0.0000054,,,,
2002,KAZ,Temperate desert,0.0000043,,,,
2004,KAZ,Temperate desert,0.00000035,,,,
2005,KAZ,Temperate desert,0.0000075,,,,
2006,KAZ,Temperate desert,0.0000043,,,,
2007,KAZ,Temperate desert,0.0000018,,,,
2008,KAZ,Temperate desert,0.0000038,,,,
2009,KAZ,Temperate desert,0.0000058,,,,
2010,KAZ,Temperate desert,0.0000035,,,,
2011,KAZ,Temperate desert,0.0000007,,,,
2012,KAZ,Temperate desert,0.00000095,,,,
2013,KAZ,Temperate desert,0.0000018,,,,
2018,KAZ,Temperate desert,0.00000045,,,,
2020,KAZ,Temperate desert,0.0000023,,,,
2023,KAZ,Temperate desert,0.0000003,,,,
2024,KAZ,Temperate desert,0.0000058,,,,
2025,KAZ,Temperate desert,0.00000045,,,,
2001,KAZ,Temperate mountain system,0.0000072,,,,
2002,KAZ,Temperate mountain system,0.0000048,,,,
2004,KAZ,Temperate mountain system,0.0000081,,,,
2005,KAZ,Temperate mountain system,0.0000032,,,,
2006,KAZ,Temperate mountain system,0.0000049,,,,
2007,KAZ,Temperate mountain system,0.0000022,,,,
2008,KAZ,Temperate mountain system,0.000002,,,,
2009,KAZ,Temperate mountain system,0.0000042,,,,
2010,KAZ,Temperate mountain system,0.00000094,,,,
2011,KAZ,Temperate mountain system,0.0000005,,,,
2012,KAZ,Temperate mountain system,0.0000024,,,,
2013,KAZ,Temperate mountain system,0.0000066,,,,
2014,KAZ,Temperate mountain system,0.00000075,,,,
2016,KAZ,Temperate mountain system,0.0000031,,,,
2017,KAZ,Temperate mountain system,0.00000035,,,,
2018,KAZ,Temperate mountain system,0.00000035,,,,
2019,KAZ,Temperate mountain system,0.0000016,,,,
2020,KAZ,Temperate mountain system,0.0000061,,,,
2021,KAZ,Temperate mountain system,0.0000014,,,,
2022,KAZ,Temperate mountain system,0.000000099,,,,
2023,KAZ,Temperate mountain system,0.000015,,,,
2024,KAZ,Temperate mountain system,0.0000026,,,,
2025,KAZ,Temperate mountain system,0.000012,,,,
2001,KAZ,Temperate steppe,0.000004,,,,
2002,KAZ,Temperate steppe,0.00000034,,,,
2003,KAZ,Temperate steppe,0.000000049,,,,
2004,KAZ,Temperate steppe,0.0000011,,,,
2005,KAZ,Temperate steppe,0.00000024,,,,
2006,KAZ,Temperate steppe,0.000000098,,,,
2007,KAZ,Temperate steppe,0.0000014,,,,
2008,KAZ,Temperate steppe,0.00000024,,,,
2010,KAZ,Temperate steppe,0.00000059,,,,
2011,KAZ,Temperate steppe,0.00000069,,,,
2012,KAZ,Temperate steppe,0.000002,,,,
2013,KAZ,Temperate steppe,0.00000034,,,,
2014,KAZ,Temperate steppe,0.000000049,,,,
2016,KAZ,Temperate steppe,0.00000039,,,,
2001,MNG,Boreal mountain system,0.00072,,,,
2002,MNG,Boreal mountain system,0.0011,,,,
2003,MNG,Boreal mountain system,0.0025,,,,
2004,MNG,Boreal mountain system,0.0093,,,,
2005,MNG,Boreal mountain system,0.00059,,,,
2006,MNG,Boreal mountain system,0.00045,,,,
2007,MNG,Boreal mountain system,0.013,,,,
2008,MNG,Boreal mountain system,0.0042,,,,
2009,MNG,Boreal mountain system,0.027,,,,
2010,MNG,Boreal mountain system,0.00085,,,,
2011,MNG,Boreal mountain system,0.0003,,,,
2012,MNG,Boreal mountain system,0.011,,,,
2013,MNG,Boreal mountain system,0.000073,,,,
2014,MNG,Boreal mountain system,0.00011,,,,
2015,MNG,Boreal mountain system,0.0064,,,,
2016,MNG,Boreal mountain system,0.0018,,,,
2017,MNG,Boreal mountain system,0.003,,,,
2018,MNG,Boreal mountain system,0.0024,,,,
2019,MNG,Boreal mountain system,0.000042,,,,
2020,MNG,Boreal mountain system,0.000031,,,,
2021,MNG,Boreal mountain system,0.0000076,,,,
2022,MNG,Boreal mountain system,0.000034,,,,
2023,MNG,Boreal mountain system,0.00015,,,,
2024,MNG,Boreal mountain system,0.00048,,,,
2025,MNG,Boreal mountain system,0.00048,,,,
2001,MNG,Temperate mountain system,0.0000002,,,,
2004,MNG,Temperate mountain system,0.00000005,,,,
2005,MNG,Temperate mountain system,0.00000035,,,,
2007,MNG,Temperate mountain system,0.0000038,,,,
2008,MNG,Temperate mountain system,0.0000016,,,,
2009,MNG,Temperate mountain system,0.0000009,,,,
2010,MNG,Temperate mountain system,0.0000013,,,,
2011,MNG,Temperate mountain system,0.000018,,,,
2012,MNG,Temperate mountain system,0.0000011,,,,
2013,MNG,Temperate mountain system,0.00000015,,,,
2016,MNG,Temperate mountain system,0.00000005,,,,
2001,MNG,Temperate steppe,0.00013,,,,
2002,MNG,Temperate steppe,0.00012,,,,
2003,MNG,Temperate steppe,0.000028,,,,
2004,MNG,Temperate steppe,0.00063,,,,
2005,MNG,Temperate steppe,0.000049,,,,
2006,MNG,Temperate steppe,0.00022,,,,
2007,MNG,Temperate steppe,0.0013,,,,
2008,MNG,Temperate steppe,0.0021,,,,
2009,MNG,Temperate steppe,0.0071,,,,
2010,MNG,Temperate steppe,0.00036,,,,
2011,MNG,Temperate steppe,0.000011,,,,
2012,MNG,Temperate steppe,0.00014,,,,
2013,MNG,Temperate steppe,0.0000052,,,,
2014,MNG,Temperate steppe,0.0000081,,,,
2016,MNG,Temperate steppe,0.0000029,,,,
2017,MNG,Temperate steppe,0.0000098,,,,
2018,MNG,Temperate steppe,0.0014,,,,
2019,MNG,Temperate steppe,0.000019,,,,
2022,MNG,Temperate steppe,0.0000034,,,,
2023,MNG,Temperate steppe,0.0000099,,,,
2024,MNG,Temperate steppe,0.0000078,,,,
2025,MNG,Temperate steppe,0.00039,,,,
2001,NOR,Boreal coniferous forest,0.0000016,,,,
2002,NOR,Boreal coniferous forest,0.000014,,,,
2003,NOR,Boreal coniferous forest,0.0000055,,,,
2004,NOR,Boreal coniferous forest,0.0000025,,,,
2005,NOR,Boreal coniferous forest,0.0000031,,,,
2006,NOR,Boreal coniferous forest,0.0000046,,,,
2007,NOR,Boreal coniferous forest,0.0000055,,,,
2008,NOR,Boreal coniferous forest,0.000017,,,,
2009,NOR,Boreal coniferous forest,0.0000084,,,,
2010,NOR,Boreal coniferous forest,0.0000035,,,,
2011,NOR,Boreal coniferous forest,0.0000004,,,,
2012,NOR,Boreal coniferous forest,0.00000074,,,,
2013,NOR,Boreal coniferous forest,0.000017,,,,
2014,NOR,Boreal coniferous forest,0.00000064,,,,
2015,NOR,Boreal coniferous forest,0.00000061,,,,
2016,NOR,Boreal coniferous forest,0.00000043,,,,
2017,NOR,Boreal coniferous forest,0.0000019,,,,
2018,NOR,Boreal coniferous forest,0.0000059,,,,
2019,NOR,Boreal coniferous forest,0.00000047,,,,
2020,NOR,Boreal coniferous forest,0.0000023,,,,
2021,NOR,Boreal coniferous forest,0.000013,,,,
2022,NOR,Boreal coniferous forest,0.000000055,,,,
2023,NOR,Boreal coniferous forest,0.0000062,,,,
2024,NOR,Boreal coniferous forest,0.00001,,,,
2025,NOR,Boreal coniferous forest,0.00000091,,,,
2001,NOR,Boreal mountain system,0.0000016,,,,
2002,NOR,Boreal mountain system,0.0000046,,,,
2003,NOR,Boreal mountain system,0.000001,,,,
2004,NOR,Boreal mountain system,0.0000048,,,,
2005,NOR,Boreal mountain system,0.0000043,,,,
2006,NOR,Boreal mountain system,0.0000011,,,,
2007,NOR,Boreal mountain system,0.0000068,,,,
2008,NOR,Boreal mountain system,0.0000016,,,,
2009,NOR,Boreal mountain system,0.0000024,,,,
2010,NOR,Boreal mountain system,0.0000042,,,,
2011,NOR,Boreal mountain system,0.0000017,,,,
2012,NOR,Boreal mountain system,0.0000016,,,,
2013,NOR,Boreal mountain system,0.00000089,,,,
2014,NOR,Boreal mountain system,0.0000044,,,,
2015,NOR,Boreal mountain system,0.00000082,,,,
2016,NOR,Boreal mountain system,0.0000028,,,,
2017,NOR,Boreal mountain system,0.0000024,,,,
2018,NOR,Boreal mountain system,0.0000076,,,,
2019,NOR,Boreal mountain system,0.0000019,,,,
2020,NOR,Boreal mountain system,0.0000011,,,,
2021,NOR,Boreal mountain system,0.000027,,,,
2022,NOR,Boreal mountain system,0.0000022,,,,
2024,NOR,Boreal mountain system,0.0000011,,,,
2025,NOR,Boreal mountain system,0.0000057,,,,
2001,NZL,Temperate mountain system,0.000095,,,,
2002,NZL,Temperate mountain system,0.000084,,,,
2003,NZL,Temperate mountain system,0.00057,,,,
2004,NZL,Temperate mountain system,0.00036,,,,
2005,NZL,Temperate mountain system,0.00041,,,,
2006,NZL,Temperate mountain system,0.00012,,,,
2007,NZL,Temperate mountain system,0.00036,,,,
2008,NZL,Temperate mountain system,0.0002,,,,
2009,NZL,Temperate mountain system,0.00043,,,,
2010,NZL,Temperate mountain system,0.00043,,,,
2011,NZL,Temperate mountain system,0.00036,,,,
2012,NZL,Temperate mountain system,0.0002,,,,
2013,NZL,Temperate mountain system,0.00055,,,,
2014,NZL,Temperate mountain system,0.00041,,,,
2015,NZL,Temperate mountain system,0.000027,,,,
2016,NZL,Temperate mountain system,0.00028,,,,
2017,NZL,Temperate mountain system,0.000064,,,,
2018,NZL,Temperate mountain system,0.00016,,,,
2019,NZL,Temperate mountain system,0.00034,,,,
2020,NZL,Temperate mountain system,0.00016,,,,
2021,NZL,Temperate mountain system,0.000065,,,,
2022,NZL,Temperate mountain system,0.00012,,,,
2023,NZL,Temperate mountain system,0.000064,,,,
2024,NZL,Temperate mountain system,0.00028,,,,
2025,NZL,Temperate mountain system,0.00014,,,,
2001,NZL,Temperate oceanic forest,0.000041,,,,
2002,NZL,Temperate oceanic forest,0.000056,,,,
2003,NZL,Temperate oceanic forest,0.000038,,,,
2004,NZL,Temperate oceanic forest,0.000065,,,,
2005,NZL,Temperate oceanic forest,0.000059,,,,
2006,NZL,Temperate oceanic forest,0.000044,,,,
2007,NZL,Temperate oceanic forest,0.0001,,,,
2008,NZL,Temperate oceanic forest,0.0003,,,,
2009,NZL,Temperate oceanic forest,0.00012,,,,
2010,NZL,Temperate oceanic forest,0.000058,,,,
2011,NZL,Temperate oceanic forest,0.000065,,,,
2012,NZL,Temperate oceanic forest,0.00012,,,,
2013,NZL,Temperate oceanic forest,0.00013,,,,
2014,NZL,Temperate oceanic forest,0.0038,,,,
2015,NZL,Temperate oceanic forest,0.00022,,,,
2016,NZL,Temperate oceanic forest,0.00019,,,,
2017,NZL,Temperate oceanic forest,0.000061,,,,
2018,NZL,Temperate oceanic forest,0.0002,,,,
2019,NZL,Temperate oceanic forest,0.000051,,,,
2020,NZL,Temperate oceanic forest,0.000046,,,,
2021,NZL,Temperate oceanic forest,0.000075,,,,
2022,NZL,Temperate oceanic forest,0.000063,,,,
2023,NZL,Temperate oceanic forest,0.000036,,,,
2024,NZL,Temperate oceanic forest,0.000046,,,,
2025,NZL,Temperate oceanic forest,0.000091,,,,
2001,ROU,Temperate continental forest,0.000027,,,,
2002,ROU,Temperate continental forest,0.00000044,,,,
2003,ROU,Temperate continental forest,0.00000033,,,,
2004,ROU,Temperate continental forest,0.0000052,,,,
2005,ROU,Temperate continental forest,0.000002,,,,
2006,ROU,Temperate continental forest,0.0000034,,,,
2007,ROU,Temperate continental forest,0.00000038,,,,
2008,ROU,Temperate continental forest,0.000015,,,,
2009,ROU,Temperate continental forest,0.000013,,,,
2010,ROU,Temperate continental forest,0.000014,,,,
2011,ROU,Temperate continental forest,0.0000011,,,,
2012,ROU,Temperate continental forest,0.000034,,,,
2013,ROU,Temperate continental forest,0.000018,,,,
2014,ROU,Temperate continental forest,0.000087,,,,
2015,ROU,Temperate continental forest,0.0000063,,,,
2016,ROU,Temperate continental forest,0.000093,,,,
2017,ROU,Temperate continental forest,0.000014,,,,
2018,ROU,Temperate continental forest,0.000046,,,,
2019,ROU,Temperate continental forest,0.000031,,,,
2020,ROU,Temperate continental forest,0.000083,,,,
2021,ROU,Temperate continental forest,0.000012,,,,
2022,ROU,Temperate continental forest,0.0000056,,,,
2023,ROU,Temperate continental forest,0.000013,,,,
2024,ROU,Temperate continental forest,0.0000059,,,,
2025,ROU,Temperate continental forest,0.0000014,,,,
2001,ROU,Temperate mountain system,0.000032,,,,
2002,ROU,Temperate mountain system,0.000004,,,,
2003,ROU,Temperate mountain system,0.000021,,,,
2004,ROU,Temperate mountain system,0.000032,,,,
2005,ROU,Temperate mountain system,0.0000015,,,,
2006,ROU,Temperate mountain system,0.00004,,,,
2007,ROU,Temperate mountain system,0.000043,,,,
2008,ROU,Temperate mountain system,0.0001,,,,
2009,ROU,Temperate mountain system,0.000045,,,,
2010,ROU,Temperate mountain system,0.000077,,,,
2011,ROU,Temperate mountain system,0.000036,,,,
2012,ROU,Temperate mountain system,0.000079,,,,
2013,ROU,Temperate mountain system,0.000032,,,,
2014,ROU,Temperate mountain system,0.00006,,,,
2015,ROU,Temperate mountain system,0.000023,,,,
2016,ROU,Temperate mountain system,0.00008,,,,
2017,ROU,Temperate mountain system,0.00004,,,,
2018,ROU,Temperate mountain system,0.000074,,,,
2019,ROU,Temperate mountain system,0.000051,,,,
2020,ROU,Temperate mountain system,0.00014,,,,
2021,ROU,Temperate mountain system,0.000077,,,,
2022,ROU,Temperate mountain system,0.000043,,,,
2023,ROU,Temperate mountain system,0.000072,,,,
2024,ROU,Temperate mountain system,0.000076,,,,
2025,ROU,Temperate mountain system,0.000063,,,,
2001,RUS,Boreal coniferous forest,0.17,,,,
2002,RUS,Boreal coniferous forest,0.42,,,,
2003,RUS,Boreal coniferous forest,0.57,,,,
2004,RUS,Boreal coniferous forest,0.33,,,,
2005,RUS,Boreal coniferous forest,0.21,,,,
2006,RUS,Boreal coniferous forest,0.35,,,,
2007,RUS,Boreal coniferous forest,0.44,,,,
2008,RUS,Boreal coniferous forest,0.22,,,,
2009,RUS,Boreal coniferous forest,0.15,,,,
2010,RUS,Boreal coniferous forest,0.12,,,,
2011,RUS,Boreal coniferous forest,0.31,,,,
2012,RUS,Boreal coniferous forest,0.88,,,,
2013,RUS,Boreal coniferous forest,1.2,,,,
2014,RUS,Boreal coniferous forest,1.1,,,,
2015,RUS,Boreal coniferous forest,0.27,,,,
2016,RUS,Boreal coniferous forest,0.79,,,,
2017,RUS,Boreal coniferous forest,1.4,,,,
2018,RUS,Boreal coniferous forest,0.97,,,,
2019,RUS,Boreal coniferous forest,0.67,,,,
2020,RUS,Boreal coniferous forest,1.1,,,,
2021,RUS,Boreal coniferous forest,1.8,,,,
2022,RUS,Boreal coniferous forest,0.77,,,,
2023,RUS,Boreal coniferous forest,0.27,,,,
2024,RUS,Boreal coniferous forest,0.6,,,,
2025,RUS,Boreal coniferous forest,0.22,,,,
2001,RUS,Boreal mountain system,0.12,,,,
2002,RUS,Boreal mountain system,0.18,,,,
2003,RUS,Boreal mountain system,0.23,,,,
2004,RUS,Boreal mountain system,0.39,,,,
2005,RUS,Boreal mountain system,0.12,,,,
2006,RUS,Boreal mountain system,0.19,,,,
2007,RUS,Boreal mountain system,0.23,,,,
2008,RUS,Boreal mountain system,0.5,,,,
2009,RUS,Boreal mountain system,0.27,,,,
2010,RUS,Boreal mountain system,0.14,,,,
2011,RUS,Boreal mountain system,0.24,,,,
2012,RUS,Boreal mountain system,0.55,,,,
2013,RUS,Boreal mountain system,0.5,,,,
2014,RUS,Boreal mountain system,0.39,,,,
2015,RUS,Boreal mountain system,0.31,,,,
2016,RUS,Boreal mountain system,1.1,,,,
2017,RUS,Boreal mountain system,0.42,,,,
2018,RUS,Boreal mountain system,0.29,,,,
2019,RUS,Boreal mountain system,0.4,,,,
2020,RUS,Boreal mountain system,0.55,,,,
2021,RUS,Boreal mountain system,0.17,,,,
2022,RUS,Boreal mountain system,0.3,,,,
2023,RUS,Boreal mountain system,0.67,,,,
2024,RUS,Boreal mountain system,1.1,,,,
2025,RUS,Boreal mountain system,0.35,,,,
2001,RUS,Boreal tundra woodland,0.0096,,,,
2002,RUS,Boreal tundra woodland,0.0026,,,,
2003,RUS,Boreal tundra woodland,0.0015,,,,
2004,RUS,Boreal tundra woodland,0.0011,,,,
2005,RUS,Boreal tundra woodland,0.00059,,,,
2006,RUS,Boreal tundra woodland,0.00063,,,,
2007,RUS,Boreal tundra woodland,0.00099,,,,
2008,RUS,Boreal tundra woodland,0.0027,,,,
2009,RUS,Boreal tundra woodland,0.0014,,,,
2010,RUS,Boreal tundra woodland,0.0017,,,,
2011,RUS,Boreal tundra woodland,0.0015,,,,
2012,RUS,Boreal tundra woodland,0.0016,,,,
2013,RUS,Boreal tundra woodland,0.01,,,,
2014,RUS,Boreal tundra woodland,0.0098,,,,
2015,RUS,Boreal tundra woodland,0.00016,,,,
2016,RUS,Boreal tundra woodland,0.02,,,,
2017,RUS,Boreal tundra woodland,0.0037,,,,
2018,RUS,Boreal tundra woodland,0.0034,,,,
2019,RUS,Boreal tundra woodland,0.0015,,,,
2020,RUS,Boreal tundra woodland,0.00027,,,,
2021,RUS,Boreal tundra woodland,0.00042,,,,
2022,RUS,Boreal tundra woodland,0.00041,,,,
2023,RUS,Boreal tundra woodland,0.00038,,,,
2024,RUS,Boreal tundra woodland,0.00025,,,,
2025,RUS,Boreal tundra woodland,0.000059,,,,
2001,RUS,Polar,0.0019,,,,
2002,RUS,Polar,0.000089,,,,
2003,RUS,Polar,0.000052,,,,
2004,RUS,Polar,0.00017,,,,
2005,RUS,Polar,0.00009,,,,
2006,RUS,Polar,0.0011,,,,
2007,RUS,Polar,0.00023,,,,
2008,RUS,Polar,0.000091,,,,
2009,RUS,Polar,0.00004,,,,
2010,RUS,Polar,0.000021,,,,
2011,RUS,Polar,0.00025,,,,
2012,RUS,Polar,0.00015,,,,
2013,RUS,Polar,0.0012,,,,
2014,RUS,Polar,0.00081,,,,
2015,RUS,Polar,0.000038,,,,
2016,RUS,Polar,0.0023,,,,
2017,RUS,Polar,0.00078,,,,
2018,RUS,Polar,0.00089,,,,
2019,RUS,Polar,0.00026,,,,
2020,RUS,Polar,0.000093,,,,
2021,RUS,Polar,0.000022,,,,
2022,RUS,Polar,0.0005,,,,
2023,RUS,Polar,0.0025,,,,
2024,RUS,Polar,0.00006,,,,
2025,RUS,Polar,0.000081,,,,
2001,RUS,Temperate continental forest,0.00007,,,,
2002,RUS,Temperate continental forest,0.000077,,,,
2003,RUS,Temperate continental forest,0.00015,,,,
2004,RUS,Temperate continental forest,0.00038,,,,
2005,RUS,Temperate continental forest,0.0001,,,,
2006,RUS,Temperate continental forest,0.0006,,,,
2007,RUS,Temperate continental forest,0.00031,,,,
2008,RUS,Temperate continental forest,0.00044,,,,
2009,RUS,Temperate continental forest,0.0002,,,,
2010,RUS,Temperate continental forest,0.0012,,,,
2011,RUS,Temperate continental forest,0.0001,,,,
2012,RUS,Temperate continental forest,0.00026,,,,
2013,RUS,Temperate continental forest,0.00014,,,,
2014,RUS,Temperate continental forest,0.000093,,,,
2015,RUS,Temperate continental forest,0.000013,,,,
2016,RUS,Temperate continental forest,0.00045,,,,
2017,RUS,Temperate continental forest,0.000028,,,,
2018,RUS,Temperate continental forest,0.00006,,,,
2019,RUS,Temperate continental forest,0.000022,,,,
2020,RUS,Temperate continental forest,0.000047,,,,
2021,RUS,Temperate continental forest,0.000038,,,,
2022,RUS,Temperate continental forest,0.000096,,,,
2023,RUS,Temperate continental forest,0.00024,,,,
2024,RUS,Temperate continental forest,0.000024,,,,
2025,RUS,Temperate continental forest,0.00006,,,,
2001,RUS,Temperate mountain system,0.001,,,,
2002,RUS,Temperate mountain system,0.00062,,,,
2003,RUS,Temperate mountain system,0.022,,,,
2004,RUS,Temperate mountain system,0.0094,,,,
2005,RUS,Temperate mountain system,0.0065,,,,
2006,RUS,Temperate mountain system,0.002,,,,
2007,RUS,Temperate mountain system,0.0064,,,,
2008,RUS,Temperate mountain system,0.0054,,,,
2009,RUS,Temperate mountain system,0.0027,,,,
2010,RUS,Temperate mountain system,0.0042,,,,
2011,RUS,Temperate mountain system,0.0035,,,,
2012,RUS,Temperate mountain system,0.0045,,,,
2013,RUS,Temperate mountain system,0.0019,,,,
2014,RUS,Temperate mountain system,0.0022,,,,
2015,RUS,Temperate mountain system,0.0051,,,,
2016,RUS,Temperate mountain system,0.025,,,,
2017,RUS,Temperate mountain system,0.024,,,,
2018,RUS,Temperate mountain system,0.006,,,,
2019,RUS,Temperate mountain system,0.0068,,,,
2020,RUS,Temperate mountain system,0.006,,,,
2021,RUS,Temperate mountain system,0.007,,,,
2022,RUS,Temperate mountain system,0.0034,,,,
2023,RUS,Temperate mountain system,0.0038,,,,
2024,RUS,Temperate mountain system,0.0027,,,,
2025,RUS,Temperate mountain system,0.0022,,,,
2001,RUS,Temperate steppe,0.000015,,,,
2002,RUS,Temperate steppe,0.00028,,,,
2003,RUS,Temperate steppe,0.011,,,,
2004,RUS,Temperate steppe,0.0028,,,,
2005,RUS,Temperate steppe,0.00012,,,,
2006,RUS,Temperate steppe,0.000059,,,,
2007,RUS,Temperate steppe,0.000088,,,,
2008,RUS,Temperate steppe,0.0005,,,,
2009,RUS,Temperate steppe,0.00013,,,,
2010,RUS,Temperate steppe,0.000061,,,,
2011,RUS,Temperate steppe,0.000073,,,,
2012,RUS,Temperate steppe,0.000073,,,,
2013,RUS,Temperate steppe,0.000014,,,,
2014,RUS,Temperate steppe,0.000013,,,,
2015,RUS,Temperate steppe,0.00000067,,,,
2016,RUS,Temperate steppe,0.00086,,,,
2017,RUS,Temperate steppe,0.0000022,,,,
2018,RUS,Temperate steppe,0.00027,,,,
2019,RUS,Temperate steppe,0.000011,,,,
2020,RUS,Temperate steppe,0.00000065,,,,
2021,RUS,Temperate steppe,0.00000048,,,,
2023,RUS,Temperate steppe,0.00000029,,,,
2024,RUS,Temperate steppe,0.012,,,,
2025,RUS,Temperate steppe,0.011,,,,
2001,SWE,Boreal coniferous forest,0.000031,,,,
2002,SWE,Boreal coniferous forest,0.000027,,,,
2003,SWE,Boreal coniferous forest,0.0000076,,,,
2004,SWE,Boreal coniferous forest,0.000066,,,,
2005,SWE,Boreal coniferous forest,0.000015,,,,
2006,SWE,Boreal coniferous forest,0.00033,,,,
2007,SWE,Boreal coniferous forest,0.000035,,,,
2008,SWE,Boreal coniferous forest,0.0001,,,,
2009,SWE,Boreal coniferous forest,0.000058,,,,
2010,SWE,Boreal coniferous forest,0.00011,,,,
2011,SWE,Boreal coniferous forest,0.0001,,,,
2012,SWE,Boreal coniferous forest,0.00026,,,,
2013,SWE,Boreal coniferous forest,0.00014,,,,
2014,SWE,Boreal coniferous forest,0.000079,,,,
2015,SWE,Boreal coniferous forest,0.000078,,,,
2016,SWE,Boreal coniferous forest,0.00025,,,,
2017,SWE,Boreal coniferous forest,0.000083,,,,
2018,SWE,Boreal coniferous forest,0.000055,,,,
2019,SWE,Boreal coniferous forest,0.000038,,,,
2020,SWE,Boreal coniferous forest,0.00014,,,,
2021,SWE,Boreal coniferous forest,0.000088,,,,
2022,SWE,Boreal coniferous forest,0.000033,,,,
2023,SWE,Boreal coniferous forest,0.000013,,,,
2024,SWE,Boreal coniferous forest,0.000029,,,,
2025,SWE,Boreal coniferous forest,0.00029,,,,
2001,SWE,Boreal mountain system,0.0000079,,,,
2002,SWE,Boreal mountain system,0.000043,,,,
2003,SWE,Boreal mountain system,0.0000056,,,,
2004,SWE,Boreal mountain system,0.000018,,,,
2005,SWE,Boreal mountain system,0.000029,,,,
2006,SWE,Boreal mountain system,0.000092,,,,
2007,SWE,Boreal mountain system,0.00013,,,,
2008,SWE,Boreal mountain system,0.000049,,,,
2009,SWE,Boreal mountain system,0.0000086,,,,
2010,SWE,Boreal mountain system,0.00011,,,,
2011,SWE,Boreal mountain system,0.000016,,,,
2012,SWE,Boreal mountain system,0.000086,,,,
2013,SWE,Boreal mountain system,0.000074,,,,
2014,SWE,Boreal mountain system,0.000013,,,,
2015,SWE,Boreal mountain system,0.000011,,,,
2016,SWE,Boreal mountain system,0.00000048,,,,
2017,SWE,Boreal mountain system,0.000035,,,,
2018,SWE,Boreal mountain system,0.0000066,,,,
2019,SWE,Boreal mountain system,0.0000024,,,,
2020,SWE,Boreal mountain system,0.000077,,,,
2021,SWE,Boreal mountain system,0.00000061,,,,
2022,SWE,Boreal mountain system,0.0000011,,,,
2023,SWE,Boreal mountain system,0.0000013,,,,
2024,SWE,Boreal mountain system,0.0000063,,,,
2025,SWE,Boreal mountain system,0.0000023,,,,
2001,USA,Boreal mountain system,0.024,,,,
2002,USA,Boreal mountain system,0.084,,,,
2003,USA,Boreal mountain system,0.083,,,,
2004,USA,Boreal mountain system,0.35,,,,
2005,USA,Boreal mountain system,0.49,,,,
2006,USA,Boreal mountain system,0.35,,,,
2007,USA,Boreal mountain system,0.083,,,,
2008,USA,Boreal mountain system,0.012,,,,
2009,USA,Boreal mountain system,0.042,,,,
2010,USA,Boreal mountain system,0.2,,,,
2011,USA,Boreal mountain system,0.025,,,,
2012,USA,Boreal mountain system,0.021,,,,
2013,USA,Boreal mountain system,0.12,,,,
2014,USA,Boreal mountain system,0.016,,,,
2015,USA,Boreal mountain system,0.31,,,,
2016,USA,Boreal mountain system,0.079,,,,
2017,USA,Boreal mountain system,0.096,,,,
2018,USA,Boreal mountain system,0.042,,,,
2019,USA,Boreal mountain system,0.21,,,,
2020,USA,Boreal mountain system,0.088,,,,
2021,USA,Boreal mountain system,0.042,,,,
2022,USA,Boreal mountain system,0.27,,,,
2023,USA,Boreal mountain system,0.041,,,,
2024,USA,Boreal mountain system,0.083,,,,
2025,USA,Boreal mountain system,0.11,,,,
2001,USA,Boreal tundra woodland,0.036,,,,
2002,USA,Boreal tundra woodland,0.06,,,,
2003,USA,Boreal tundra woodland,0.081,,,,
2004,USA,Boreal tundra woodland,0.21,,,,
2005,USA,Boreal tundra woodland,0.19,,,,
2006,USA,Boreal tundra woodland,0.17,,,,
2007,USA,Boreal tundra woodland,0.05,,,,
2008,USA,Boreal tundra woodland,0.02,,,,
2009,USA,Boreal tundra woodland,0.071,,,,
2010,USA,Boreal tundra woodland,0.2,,,,
2011,USA,Boreal tundra woodland,0.031,,,,
2012,USA,Boreal tundra woodland,0.019,,,,
2013,USA,Boreal tundra woodland,0.045,,,,
2014,USA,Boreal tundra woodland,0.037,,,,
2015,USA,Boreal tundra woodland,0.33,,,,
2016,USA,Boreal tundra woodland,0.13,,,,
2017,USA,Boreal tundra woodland,0.011,,,,
2018,USA,Boreal tundra woodland,0.042,,,,
2019,USA,Boreal tundra woodland,0.15,,,,
2020,USA,Boreal tundra woodland,0.039,,,,
2021,USA,Boreal tundra woodland,0.0061,,,,
2022,USA,Boreal tundra woodland,0.15,,,,
2023,USA,Boreal tundra woodland,0.023,,,,
2024,USA,Boreal tundra woodland,0.041,,,,
2025,USA,Boreal tundra woodland,0.081,,,,
2001,USA,Polar,0.000062,,,,
2002,USA,Polar,0.000082,,,,
2003,USA,Polar,0.00022,,,,
2004,USA,Polar,0.000087,,,,
2005,USA,Polar,0.000092,,,,
2006,USA,Polar,0.00024,,,,
2007,USA,Polar,0.000086,,,,
2008,USA,Polar,0.000079,,,,
2009,USA,Polar,0.000038,,,,
2010,USA,Polar,0.000064,,,,
2011,USA,Polar,0.000025,,,,
2012,USA,Polar,0.000045,,,,
2013,USA,Polar,0.000042,,,,
2014,USA,Polar,0.0000013,,,,
2015,USA,Polar,0.0012,,,,
2016,USA,Polar,0.0037,,,,
2017,USA,Polar,0.00043,,,,
2018,USA,Polar,0.00000037,,,,
2019,USA,Polar,0.00049,,,,
2020,USA,Polar,0.000044,,,,
2021,USA,Polar,0.0000017,,,,
2022,USA,Polar,0.004,,,,
2023,USA,Polar,0.00032,,,,
2024,USA,Polar,0.0044,,,,
2025,USA,Polar,0.00033,,,,
2001,USA,Temperate desert,0.000072,,,,
2002,USA,Temperate desert,0.000066,,,,
2003,USA,Temperate desert,0.000017,,,,
2004,USA,Temperate desert,0.00067,,,,
2005,USA,Temperate desert,0.00028,,,,
2006,USA,Temperate desert,0.0000009,,,,
2007,USA,Temperate desert,0.00013,,,,
2008,USA,Temperate desert,0.0013,,,,
2009,USA,Temperate desert,0.0014,,,,
2010,USA,Temperate desert,0.00012,,,,
2011,USA,Temperate desert,0.00012,,,,
2012,USA,Temperate desert,0.0000066,,,,
2013,USA,Temperate desert,0.0000042,,,,
2014,USA,Temperate desert,0.0000066,,,,
2015,USA,Temperate desert,0.0000011,,,,
2016,USA,Temperate desert,0.0000009,,,,
2017,USA,Temperate desert,0.00011,,,,
2018,USA,Temperate desert,0.00000011,,,,
2019,USA,Temperate desert,0.00000062,,,,
2020,USA,Temperate desert,0.000073,,,,
2021,USA,Temperate desert,0.00014,,,,
2022,USA,Temperate desert,0.000044,,,,
2023,USA,Temperate desert,0.000014,,,,
2025,USA,Temperate desert,0.0000021,,,,
2001,USA,Temperate mountain system,0.04,,,,
2002,USA,Temperate mountain system,0.028,,,,
2003,USA,Temperate mountain system,0.05,,,,
2004,USA,Temperate mountain system,0.071,,,,
2005,USA,Temperate mountain system,0.027,,,,
2006,USA,Temperate mountain system,0.036,,,,
2007,USA,Temperate mountain system,0.096,,,,
2008,USA,Temperate mountain system,0.079,,,,
2009,USA,Temperate mountain system,0.011,,,,
2010,USA,Temperate mountain system,0.017,,,,
2011,USA,Temperate mountain system,0.024,,,,
2012,USA,Temperate mountain system,0.035,,,,
2013,USA,Temperate mountain system,0.037,,,,
2014,USA,Temperate mountain system,0.019,,,,
2015,USA,Temperate mountain system,0.029,,,,
2016,USA,Temperate mountain system,0.041,,,,
2017,USA,Temperate mountain system,0.07,,,,
2018,USA,Temperate mountain system,0.059,,,,
2019,USA,Temperate mountain system,0.02,,,,
2020,USA,Temperate mountain system,0.017,,,,
2021,USA,Temperate mountain system,0.038,,,,
2022,USA,Temperate mountain system,0.049,,,,
2023,USA,Temperate mountain system,0.037,,,,
2024,USA,Temperate mountain system,0.02,,,,
2025,USA,Temperate mountain system,0.025,,,,
2001,USA,Temperate oceanic forest,0.00000036,,,,
2002,USA,Temperate oceanic forest,0.00000057,,,,
2003,USA,Temperate oceanic forest,0.00000041,,,,
2004,USA,Temperate oceanic forest,0.0000092,,,,
2005,USA,Temperate oceanic forest,0.00000082,,,,
2006,USA,Temperate oceanic forest,0.000002,,,,
2007,USA,Temperate oceanic forest,0.00000016,,,,
2008,USA,Temperate oceanic forest,0.000017,,,,
2009,USA,Temperate oceanic forest,0.00000077,,,,
2010,USA,Temperate oceanic forest,0.00000031,,,,
2011,USA,Temperate oceanic forest,0.0000027,,,,
2012,USA,Temperate oceanic forest,0.000025,,,,
2013,USA,Temperate oceanic forest,0.000026,,,,
2014,USA,Temperate oceanic forest,0.000011,,,,
2015,USA,Temperate oceanic forest,0.00000083,,,,
2016,USA,Temperate oceanic forest,0.000000051,,,,
2017,USA,Temperate oceanic forest,0.00000031,,,,
2018,USA,Temperate oceanic forest,0.0000011,,,,
2019,USA,Temperate oceanic forest,0.0000025,,,,
2020,USA,Temperate oceanic forest,0.00000083,,,,
2021,USA,Temperate oceanic forest,0.0000014,,,,
2022,USA,Temperate oceanic forest,0.0000041,,,,
2023,USA,Temperate oceanic forest,0.000008,,,,
2024,USA,Temperate oceanic forest,0.0000044,,,,
2025,USA,Temperate oceanic forest,0.000059,,,,
2001,USA,Temperate steppe,0.00018,,,,
2002,USA,Temperate steppe,0.0004,,,,
2003,USA,Temperate steppe,0.00079,,,,
2004,USA,Temperate steppe,0.00041,,,,
2005,USA,Temperate steppe,0.00055,,,,
2006,USA,Temperate steppe,0.00071,,,,
2007,USA,Temperate steppe,0.0031,,,,
2008,USA,Temperate steppe,0.0019,,,,
2009,USA,Temperate steppe,0.000064,,,,
2010,USA,Temperate steppe,0.0001,,,,
2011,USA,Temperate steppe,0.0019,,,,
2012,USA,Temperate steppe,0.0006,,,,
2013,USA,Temperate steppe,0.0018,,,,
2014,USA,Temperate steppe,0.00015,,,,
2015,USA,Temperate steppe,0.0001,,,,
2016,USA,Temperate steppe,0.000095,,,,
2017,USA,Temperate steppe,0.0012,,,,
2018,USA,Temperate steppe,0.0017,,,,
2019,USA,Temperate steppe,0.00014,,,,
2020,USA,Temperate steppe,0.000022,,,,
2021,USA,Temperate steppe,0.0038,,,,
2022,USA,Temperate steppe,0.0016,,,,
2023,USA,Temperate steppe,0.00026,,,,
2024,USA,Temperate steppe,0.0011,,,,
2025,USA,Temperate steppe,0.00053,,,,
