year,geo,disagg,value
1990,WLD,Total,97
1991,WLD,Total,109
1992,WLD,Total,121
1993,WLD,Total,131
1994,WLD,Total,134
1995,WLD,Total,142
1996,WLD,Total,147
1997,WLD,Total,161
1998,WLD,Total,167
1999,WLD,Total,170
2000,WLD,Total,185
2001,WLD,Total,188
2002,WLD,Total,196
2003,WLD,Total,210
2004,WLD,Total,216
2005,WLD,Total,227
2006,WLD,Total,240
2007,WLD,Total,249
2008,WLD,Total,255
2009,WLD,Total,259
2010,WLD,Total,262
2011,WLD,Total,267
2012,WLD,Total,272
2013,WLD,Total,275
2014,WLD,Total,280
2015,WLD,Total,287
2016,WLD,Total,290
2017,WLD,Total,298
2018,WLD,Total,299
2019,WLD,Total,300
2020,WLD,Total,301
2021,WLD,Total,307
2022,WLD,Total,310
2023,WLD,Total,311
2024,WLD,Total,311
2025,WLD,Total,312
2026,WLD,Total,312
1990,WLD,Environmentally Beneficial Subsidies and Payments,4
1991,WLD,Environmentally Beneficial Subsidies and Payments,5
1992,WLD,Environmentally Beneficial Subsidies and Payments,6
1993,WLD,Environmentally Beneficial Subsidies and Payments,6
1994,WLD,Environmentally Beneficial Subsidies and Payments,6
1995,WLD,Environmentally Beneficial Subsidies and Payments,6
1996,WLD,Environmentally Beneficial Subsidies and Payments,7
1997,WLD,Environmentally Beneficial Subsidies and Payments,9
1998,WLD,Environmentally Beneficial Subsidies and Payments,9
1999,WLD,Environmentally Beneficial Subsidies and Payments,10
2000,WLD,Environmentally Beneficial Subsidies and Payments,10
2001,WLD,Environmentally Beneficial Subsidies and Payments,10
2002,WLD,Environmentally Beneficial Subsidies and Payments,12
2003,WLD,Environmentally Beneficial Subsidies and Payments,13
2004,WLD,Environmentally Beneficial Subsidies and Payments,14
2005,WLD,Environmentally Beneficial Subsidies and Payments,16
2006,WLD,Environmentally Beneficial Subsidies and Payments,18
2007,WLD,Environmentally Beneficial Subsidies and Payments,20
2008,WLD,Environmentally Beneficial Subsidies and Payments,22
2009,WLD,Environmentally Beneficial Subsidies and Payments,22
2010,WLD,Environmentally Beneficial Subsidies and Payments,22
2011,WLD,Environmentally Beneficial Subsidies and Payments,23
2012,WLD,Environmentally Beneficial Subsidies and Payments,25
2013,WLD,Environmentally Beneficial Subsidies and Payments,25
2014,WLD,Environmentally Beneficial Subsidies and Payments,25
2015,WLD,Environmentally Beneficial Subsidies and Payments,27
2016,WLD,Environmentally Beneficial Subsidies and Payments,27
2017,WLD,Environmentally Beneficial Subsidies and Payments,28
2018,WLD,Environmentally Beneficial Subsidies and Payments,29
2019,WLD,Environmentally Beneficial Subsidies and Payments,29
2020,WLD,Environmentally Beneficial Subsidies and Payments,29
2021,WLD,Environmentally Beneficial Subsidies and Payments,29
2022,WLD,Environmentally Beneficial Subsidies and Payments,29
2023,WLD,Environmentally Beneficial Subsidies and Payments,29
2024,WLD,Environmentally Beneficial Subsidies and Payments,29
2025,WLD,Environmentally Beneficial Subsidies and Payments,29
2026,WLD,Environmentally Beneficial Subsidies and Payments,29
1990,WLD,Taxes and Fees,93
1991,WLD,Taxes and Fees,104
1992,WLD,Taxes and Fees,115
1993,WLD,Taxes and Fees,125
1994,WLD,Taxes and Fees,128
1995,WLD,Taxes and Fees,136
1996,WLD,Taxes and Fees,140
1997,WLD,Taxes and Fees,152
1998,WLD,Taxes and Fees,158
1999,WLD,Taxes and Fees,160
2000,WLD,Taxes and Fees,175
2001,WLD,Taxes and Fees,178
2002,WLD,Taxes and Fees,184
2003,WLD,Taxes and Fees,197
2004,WLD,Taxes and Fees,202
2005,WLD,Taxes and Fees,211
2006,WLD,Taxes and Fees,222
2007,WLD,Taxes and Fees,229
2008,WLD,Taxes and Fees,233
2009,WLD,Taxes and Fees,237
2010,WLD,Taxes and Fees,240
2011,WLD,Taxes and Fees,244
2012,WLD,Taxes and Fees,247
2013,WLD,Taxes and Fees,250
2014,WLD,Taxes and Fees,255
2015,WLD,Taxes and Fees,260
2016,WLD,Taxes and Fees,263
2017,WLD,Taxes and Fees,270
2018,WLD,Taxes and Fees,270
2019,WLD,Taxes and Fees,271
2020,WLD,Taxes and Fees,272
2021,WLD,Taxes and Fees,278
2022,WLD,Taxes and Fees,281
2023,WLD,Taxes and Fees,282
2024,WLD,Taxes and Fees,282
2025,WLD,Taxes and Fees,283
2026,WLD,Taxes and Fees,283
1993,ALB,Total,2
1994,ALB,Total,2
1995,ALB,Total,2
1996,ALB,Total,2
1997,ALB,Total,2
1998,ALB,Total,2
1999,ALB,Total,2
2000,ALB,Total,2
2001,ALB,Total,2
2002,ALB,Total,2
2003,ALB,Total,2
2004,ALB,Total,2
2005,ALB,Total,2
2006,ALB,Total,2
2007,ALB,Total,2
2008,ALB,Total,2
2009,ALB,Total,2
2010,ALB,Total,2
2011,ALB,Total,2
2012,ALB,Total,2
2013,ALB,Total,2
2014,ALB,Total,2
2015,ALB,Total,2
2016,ALB,Total,2
2017,ALB,Total,2
2018,ALB,Total,2
2019,ALB,Total,2
2020,ALB,Total,2
2021,ALB,Total,2
2022,ALB,Total,2
2023,ALB,Total,2
2024,ALB,Total,2
2025,ALB,Total,2
2026,ALB,Total,2
1998,ARG,Total,1
1999,ARG,Total,2
2000,ARG,Total,2
2001,ARG,Total,2
2002,ARG,Total,2
2003,ARG,Total,2
2004,ARG,Total,2
2005,ARG,Total,2
2006,ARG,Total,2
2007,ARG,Total,2
2008,ARG,Total,2
2009,ARG,Total,2
2010,ARG,Total,2
2011,ARG,Total,2
2012,ARG,Total,2
2013,ARG,Total,2
2014,ARG,Total,2
2015,ARG,Total,2
2016,ARG,Total,2
2017,ARG,Total,2
2018,ARG,Total,2
2019,ARG,Total,2
2020,ARG,Total,2
2021,ARG,Total,2
2022,ARG,Total,2
2023,ARG,Total,2
2024,ARG,Total,2
2025,ARG,Total,2
2026,ARG,Total,2
1993,AUS,Total,3
1994,AUS,Total,3
1995,AUS,Total,3
1996,AUS,Total,3
1997,AUS,Total,4
1998,AUS,Total,4
1999,AUS,Total,4
2000,AUS,Total,4
2001,AUS,Total,4
2002,AUS,Total,4
2003,AUS,Total,4
2004,AUS,Total,4
2005,AUS,Total,4
2006,AUS,Total,4
2007,AUS,Total,4
2008,AUS,Total,4
2009,AUS,Total,4
2010,AUS,Total,4
2011,AUS,Total,4
2012,AUS,Total,4
2013,AUS,Total,4
2014,AUS,Total,4
2015,AUS,Total,4
2016,AUS,Total,4
2017,AUS,Total,4
2018,AUS,Total,4
2019,AUS,Total,4
2020,AUS,Total,4
2021,AUS,Total,4
2022,AUS,Total,4
2023,AUS,Total,4
2024,AUS,Total,4
2025,AUS,Total,4
2026,AUS,Total,4
1990,AUT,Total,1
1991,AUT,Total,1
1992,AUT,Total,1
1993,AUT,Total,1
1994,AUT,Total,1
1995,AUT,Total,1
1996,AUT,Total,1
1997,AUT,Total,1
1998,AUT,Total,1
1999,AUT,Total,1
2000,AUT,Total,1
2001,AUT,Total,1
2002,AUT,Total,1
2003,AUT,Total,1
2004,AUT,Total,1
2005,AUT,Total,1
2006,AUT,Total,1
2007,AUT,Total,1
2008,AUT,Total,1
2009,AUT,Total,1
2010,AUT,Total,1
2011,AUT,Total,1
2012,AUT,Total,1
2013,AUT,Total,1
2014,AUT,Total,1
2015,AUT,Total,1
2016,AUT,Total,1
2017,AUT,Total,1
2018,AUT,Total,1
2019,AUT,Total,1
2020,AUT,Total,1
2021,AUT,Total,1
2022,AUT,Total,1
2023,AUT,Total,1
2024,AUT,Total,1
2025,AUT,Total,1
2026,AUT,Total,1
2014,BRA,Total,1
2015,BRA,Total,1
2016,BRA,Total,1
2017,BRA,Total,1
2018,BRA,Total,1
2019,BRA,Total,1
2020,BRA,Total,1
2021,BRA,Total,1
2022,BRA,Total,1
2023,BRA,Total,1
2024,BRA,Total,1
2025,BRA,Total,1
2026,BRA,Total,1
2007,BRN,Total,18
2008,BRN,Total,20
2009,BRN,Total,20
2010,BRN,Total,20
2011,BRN,Total,20
2012,BRN,Total,20
2013,BRN,Total,20
2014,BRN,Total,20
2015,BRN,Total,20
2016,BRN,Total,21
2017,BRN,Total,21
2018,BRN,Total,21
2019,BRN,Total,21
2020,BRN,Total,21
2021,BRN,Total,21
2022,BRN,Total,21
2023,BRN,Total,21
2024,BRN,Total,21
2025,BRN,Total,21
2026,BRN,Total,21
1990,BRN,Total,14
1991,BRN,Total,14
1992,BRN,Total,14
1993,BRN,Total,14
1994,BRN,Total,14
1995,BRN,Total,14
1996,BRN,Total,14
1997,BRN,Total,14
1998,BRN,Total,14
1999,BRN,Total,14
2000,BRN,Total,14
2001,BRN,Total,14
2002,BRN,Total,16
2003,BRN,Total,16
2004,BRN,Total,16
2005,BRN,Total,16
2006,BRN,Total,16
1998,BGR,Total,4
1999,BGR,Total,4
2000,BGR,Total,5
2001,BGR,Total,5
2002,BGR,Total,5
2003,BGR,Total,6
2004,BGR,Total,6
2005,BGR,Total,7
2006,BGR,Total,7
2007,BGR,Total,7
2008,BGR,Total,7
2009,BGR,Total,7
2010,BGR,Total,7
2011,BGR,Total,7
2012,BGR,Total,7
2013,BGR,Total,7
2014,BGR,Total,7
2015,BGR,Total,7
2016,BGR,Total,7
2017,BGR,Total,7
2018,BGR,Total,7
2019,BGR,Total,7
2020,BGR,Total,7
2021,BGR,Total,7
2022,BGR,Total,7
2023,BGR,Total,7
2024,BGR,Total,7
2025,BGR,Total,7
2026,BGR,Total,7
1997,BGR,Total,2
1990,BGR,Total,1
1991,BGR,Total,1
1992,BGR,Total,1
1993,BGR,Total,1
1994,BGR,Total,1
1995,BGR,Total,1
1996,BGR,Total,1
2006,KHM,Total,5
2007,KHM,Total,5
2008,KHM,Total,6
2009,KHM,Total,6
2010,KHM,Total,6
2011,KHM,Total,6
2012,KHM,Total,6
2013,KHM,Total,6
2014,KHM,Total,6
2015,KHM,Total,6
2016,KHM,Total,6
2017,KHM,Total,7
2018,KHM,Total,7
2019,KHM,Total,7
2020,KHM,Total,7
2021,KHM,Total,7
2022,KHM,Total,7
2023,KHM,Total,7
2024,KHM,Total,7
2025,KHM,Total,7
2026,KHM,Total,7
1990,KHM,Total,1
1991,KHM,Total,1
1992,KHM,Total,1
1993,KHM,Total,1
1994,KHM,Total,1
1995,KHM,Total,1
1996,KHM,Total,1
1997,KHM,Total,1
1998,KHM,Total,1
1999,KHM,Total,1
2000,KHM,Total,1
2001,KHM,Total,1
2002,KHM,Total,1
2003,KHM,Total,1
2004,KHM,Total,1
2005,KHM,Total,1
1990,CAN,Total,3
1991,CAN,Total,3
1992,CAN,Total,3
1993,CAN,Total,3
1994,CAN,Total,3
1995,CAN,Total,3
1996,CAN,Total,3
1997,CAN,Total,4
1998,CAN,Total,4
1999,CAN,Total,4
2000,CAN,Total,7
2001,CAN,Total,7
2002,CAN,Total,7
2003,CAN,Total,7
2004,CAN,Total,7
2005,CAN,Total,7
2006,CAN,Total,8
2007,CAN,Total,8
2008,CAN,Total,8
2009,CAN,Total,8
2010,CAN,Total,8
2011,CAN,Total,8
2012,CAN,Total,8
2013,CAN,Total,8
2014,CAN,Total,8
2015,CAN,Total,8
2016,CAN,Total,8
2017,CAN,Total,8
2018,CAN,Total,8
2019,CAN,Total,8
2020,CAN,Total,8
2021,CAN,Total,8
2022,CAN,Total,8
2023,CAN,Total,8
2024,CAN,Total,8
2025,CAN,Total,8
2026,CAN,Total,8
2014,CHL,Total,5
2015,CHL,Total,7
2016,CHL,Total,7
2017,CHL,Total,7
2018,CHL,Total,7
2019,CHL,Total,7
2020,CHL,Total,7
2021,CHL,Total,7
2022,CHL,Total,7
2023,CHL,Total,7
2024,CHL,Total,7
2025,CHL,Total,7
2026,CHL,Total,7
1992,CHL,Total,3
1993,CHL,Total,3
1994,CHL,Total,3
1995,CHL,Total,3
1996,CHL,Total,3
1997,CHL,Total,3
1998,CHL,Total,3
1999,CHL,Total,3
2000,CHL,Total,3
2001,CHL,Total,3
2002,CHL,Total,3
2003,CHL,Total,3
2004,CHL,Total,3
2005,CHL,Total,3
2006,CHL,Total,3
2007,CHL,Total,3
2008,CHL,Total,3
2009,CHL,Total,4
2010,CHL,Total,4
2011,CHL,Total,4
2012,CHL,Total,4
2013,CHL,Total,4
1990,CHL,Total,1
1991,CHL,Total,2
2022,COL,Total,1
2023,COL,Total,1
2024,COL,Total,1
2025,COL,Total,1
2026,COL,Total,1
1995,COK,Total,2
1996,COK,Total,2
1997,COK,Total,2
1998,COK,Total,2
1999,COK,Total,2
2000,COK,Total,2
2001,COK,Total,2
2002,COK,Total,2
2003,COK,Total,2
2004,COK,Total,2
2005,COK,Total,2
2006,COK,Total,2
2007,COK,Total,2
2008,COK,Total,2
2009,COK,Total,2
2010,COK,Total,2
2011,COK,Total,2
2012,COK,Total,2
2013,COK,Total,2
2014,COK,Total,2
2015,COK,Total,2
2016,COK,Total,2
2017,COK,Total,2
2018,COK,Total,2
2019,COK,Total,2
2020,COK,Total,2
2021,COK,Total,2
2022,COK,Total,2
2023,COK,Total,2
2024,COK,Total,2
2025,COK,Total,2
2026,COK,Total,2
1990,CRI,Total,3
1991,CRI,Total,3
1992,CRI,Total,6
1993,CRI,Total,6
1994,CRI,Total,6
1995,CRI,Total,6
1996,CRI,Total,6
1997,CRI,Total,6
1998,CRI,Total,6
1999,CRI,Total,6
2000,CRI,Total,8
2001,CRI,Total,8
2002,CRI,Total,8
2003,CRI,Total,8
2004,CRI,Total,8
2005,CRI,Total,10
2006,CRI,Total,10
2007,CRI,Total,10
2008,CRI,Total,10
2009,CRI,Total,10
2010,CRI,Total,10
2011,CRI,Total,10
2012,CRI,Total,10
2013,CRI,Total,10
2014,CRI,Total,10
2015,CRI,Total,10
2016,CRI,Total,10
2017,CRI,Total,10
2018,CRI,Total,10
2019,CRI,Total,10
2020,CRI,Total,10
2021,CRI,Total,10
2022,CRI,Total,10
2023,CRI,Total,10
2024,CRI,Total,10
2025,CRI,Total,10
2026,CRI,Total,10
1997,HRV,Total,1
1998,HRV,Total,1
1999,HRV,Total,1
2000,HRV,Total,1
2001,HRV,Total,1
2002,HRV,Total,1
2003,HRV,Total,1
2004,HRV,Total,1
2005,HRV,Total,1
2006,HRV,Total,1
2007,HRV,Total,1
2008,HRV,Total,1
2009,HRV,Total,1
2010,HRV,Total,1
2011,HRV,Total,1
2012,HRV,Total,1
2013,HRV,Total,1
2014,HRV,Total,1
2015,HRV,Total,1
2016,HRV,Total,1
2017,HRV,Total,2
2018,HRV,Total,2
2019,HRV,Total,2
2020,HRV,Total,2
2021,HRV,Total,2
2022,HRV,Total,2
2023,HRV,Total,2
2024,HRV,Total,2
2025,HRV,Total,2
2026,HRV,Total,2
2001,CYP,Total,1
2002,CYP,Total,1
2003,CYP,Total,1
2004,CYP,Total,1
2005,CYP,Total,1
2006,CYP,Total,1
2007,CYP,Total,1
2008,CYP,Total,1
2009,CYP,Total,1
2010,CYP,Total,1
2011,CYP,Total,1
2012,CYP,Total,1
2013,CYP,Total,1
2014,CYP,Total,1
2015,CYP,Total,1
2016,CYP,Total,1
2017,CYP,Total,1
2018,CYP,Total,1
2019,CYP,Total,1
2020,CYP,Total,1
2021,CYP,Total,1
2022,CYP,Total,1
2023,CYP,Total,1
2024,CYP,Total,1
2025,CYP,Total,1
2026,CYP,Total,1
1997,DNK,Total,2
1998,DNK,Total,3
1999,DNK,Total,3
2000,DNK,Total,3
2001,DNK,Total,3
2002,DNK,Total,4
2003,DNK,Total,4
2004,DNK,Total,4
2005,DNK,Total,4
2006,DNK,Total,4
2007,DNK,Total,4
2008,DNK,Total,4
2009,DNK,Total,4
2010,DNK,Total,4
2011,DNK,Total,4
2012,DNK,Total,4
2013,DNK,Total,4
2014,DNK,Total,4
2015,DNK,Total,4
2016,DNK,Total,4
2017,DNK,Total,4
2018,DNK,Total,4
2019,DNK,Total,4
2020,DNK,Total,4
2021,DNK,Total,4
2022,DNK,Total,4
2023,DNK,Total,4
2024,DNK,Total,4
2025,DNK,Total,4
2026,DNK,Total,4
1992,DNK,Total,1
1993,DNK,Total,1
1994,DNK,Total,1
1995,DNK,Total,1
1996,DNK,Total,1
2004,GNQ,Total,1
2005,GNQ,Total,1
2006,GNQ,Total,1
2007,GNQ,Total,1
2008,GNQ,Total,1
2009,GNQ,Total,1
2010,GNQ,Total,1
2011,GNQ,Total,1
2012,GNQ,Total,1
2013,GNQ,Total,1
2014,GNQ,Total,1
2015,GNQ,Total,1
2016,GNQ,Total,1
2017,GNQ,Total,1
2018,GNQ,Total,1
2019,GNQ,Total,1
2020,GNQ,Total,1
2021,GNQ,Total,1
2022,GNQ,Total,1
2023,GNQ,Total,1
2024,GNQ,Total,1
2025,GNQ,Total,1
2026,GNQ,Total,1
1991,EST,Total,2
1992,EST,Total,2
1993,EST,Total,2
1994,EST,Total,2
1995,EST,Total,2
1996,EST,Total,2
1997,EST,Total,2
1998,EST,Total,2
1999,EST,Total,2
2000,EST,Total,2
2001,EST,Total,2
2002,EST,Total,2
2003,EST,Total,2
2004,EST,Total,2
2005,EST,Total,2
2006,EST,Total,2
2007,EST,Total,2
2008,EST,Total,2
2009,EST,Total,2
2010,EST,Total,2
2011,EST,Total,2
2012,EST,Total,2
2013,EST,Total,2
2014,EST,Total,2
2015,EST,Total,2
2016,EST,Total,2
2017,EST,Total,2
2018,EST,Total,2
2019,EST,Total,2
2020,EST,Total,2
2021,EST,Total,2
2022,EST,Total,2
2023,EST,Total,2
2024,EST,Total,2
2025,EST,Total,2
2026,EST,Total,2
1990,FIN,Total,3
1991,FIN,Total,3
1992,FIN,Total,3
1993,FIN,Total,3
1994,FIN,Total,3
1995,FIN,Total,3
1996,FIN,Total,3
1997,FIN,Total,3
1998,FIN,Total,3
1999,FIN,Total,3
2000,FIN,Total,5
2001,FIN,Total,5
2002,FIN,Total,5
2003,FIN,Total,5
2004,FIN,Total,6
2005,FIN,Total,6
2006,FIN,Total,6
2007,FIN,Total,6
2008,FIN,Total,6
2009,FIN,Total,6
2010,FIN,Total,6
2011,FIN,Total,6
2012,FIN,Total,6
2013,FIN,Total,6
2014,FIN,Total,6
2015,FIN,Total,8
2016,FIN,Total,9
2017,FIN,Total,9
2018,FIN,Total,9
2019,FIN,Total,9
2020,FIN,Total,9
2021,FIN,Total,9
2022,FIN,Total,9
2023,FIN,Total,9
2024,FIN,Total,9
2025,FIN,Total,9
2026,FIN,Total,9
2003,FRA,Total,5
2004,FRA,Total,5
2005,FRA,Total,6
2006,FRA,Total,7
2007,FRA,Total,7
2008,FRA,Total,7
2009,FRA,Total,7
2010,FRA,Total,7
2011,FRA,Total,7
2012,FRA,Total,7
2013,FRA,Total,7
2014,FRA,Total,7
2015,FRA,Total,7
2016,FRA,Total,7
2017,FRA,Total,7
2018,FRA,Total,7
2019,FRA,Total,7
2020,FRA,Total,7
2021,FRA,Total,7
2022,FRA,Total,7
2023,FRA,Total,7
2024,FRA,Total,7
2025,FRA,Total,7
2026,FRA,Total,7
1990,FRA,Total,1
1991,FRA,Total,1
1992,FRA,Total,1
1993,FRA,Total,1
1994,FRA,Total,1
1995,FRA,Total,3
1996,FRA,Total,4
1997,FRA,Total,4
1998,FRA,Total,4
1999,FRA,Total,4
2000,FRA,Total,4
2001,FRA,Total,4
2002,FRA,Total,4
1990,DEU,Total,1
1991,DEU,Total,1
1992,DEU,Total,1
1993,DEU,Total,1
1994,DEU,Total,1
1995,DEU,Total,1
1996,DEU,Total,1
1997,DEU,Total,1
1998,DEU,Total,1
1999,DEU,Total,1
2000,DEU,Total,1
2001,DEU,Total,1
2002,DEU,Total,1
2003,DEU,Total,1
2004,DEU,Total,1
2005,DEU,Total,1
2006,DEU,Total,1
2007,DEU,Total,1
2008,DEU,Total,1
2009,DEU,Total,1
2010,DEU,Total,1
2011,DEU,Total,1
2012,DEU,Total,1
2013,DEU,Total,1
2014,DEU,Total,1
2015,DEU,Total,1
2016,DEU,Total,1
2017,DEU,Total,1
2018,DEU,Total,1
2019,DEU,Total,1
2020,DEU,Total,1
2021,DEU,Total,1
2022,DEU,Total,1
2023,DEU,Total,1
2024,DEU,Total,1
2025,DEU,Total,1
2026,DEU,Total,1
1994,GRC,Total,1
1995,GRC,Total,1
1996,GRC,Total,1
1997,GRC,Total,1
1998,GRC,Total,1
1999,GRC,Total,1
2000,GRC,Total,1
2001,GRC,Total,1
2002,GRC,Total,1
2003,GRC,Total,1
2004,GRC,Total,1
2005,GRC,Total,1
2006,GRC,Total,1
2007,GRC,Total,1
2008,GRC,Total,1
2009,GRC,Total,1
2010,GRC,Total,1
2011,GRC,Total,1
2012,GRC,Total,1
2013,GRC,Total,1
2014,GRC,Total,1
2015,GRC,Total,1
2016,GRC,Total,1
2017,GRC,Total,1
2018,GRC,Total,1
2019,GRC,Total,1
2020,GRC,Total,1
2021,GRC,Total,1
2022,GRC,Total,1
2023,GRC,Total,1
2024,GRC,Total,1
2025,GRC,Total,1
2026,GRC,Total,1
1990,ISL,Total,2
1991,ISL,Total,2
1992,ISL,Total,2
1993,ISL,Total,2
1994,ISL,Total,2
1995,ISL,Total,2
1996,ISL,Total,2
1997,ISL,Total,2
1998,ISL,Total,2
1999,ISL,Total,2
2000,ISL,Total,2
2001,ISL,Total,2
2002,ISL,Total,2
2003,ISL,Total,2
2004,ISL,Total,2
2005,ISL,Total,2
2006,ISL,Total,2
2007,ISL,Total,2
2008,ISL,Total,2
2009,ISL,Total,2
2010,ISL,Total,2
2011,ISL,Total,2
2012,ISL,Total,3
2013,ISL,Total,3
2014,ISL,Total,3
2015,ISL,Total,3
2016,ISL,Total,3
2017,ISL,Total,3
2018,ISL,Total,3
2019,ISL,Total,3
2020,ISL,Total,4
2021,ISL,Total,4
2022,ISL,Total,4
2023,ISL,Total,4
2024,ISL,Total,4
2025,ISL,Total,4
2026,ISL,Total,4
1997,IND,Total,1
1998,IND,Total,1
1999,IND,Total,1
2000,IND,Total,1
2001,IND,Total,1
2002,IND,Total,1
2003,IND,Total,1
2004,IND,Total,1
2005,IND,Total,1
2006,IND,Total,1
2007,IND,Total,1
2008,IND,Total,1
2009,IND,Total,1
2010,IND,Total,1
2011,IND,Total,1
2012,IND,Total,1
2013,IND,Total,1
2014,IND,Total,1
2015,IND,Total,1
2016,IND,Total,1
2017,IND,Total,1
2018,IND,Total,1
2019,IND,Total,1
2020,IND,Total,1
2021,IND,Total,1
2022,IND,Total,1
2023,IND,Total,1
2024,IND,Total,1
2025,IND,Total,1
2026,IND,Total,1
2009,IDN,Total,15
2010,IDN,Total,15
2011,IDN,Total,15
2012,IDN,Total,15
2013,IDN,Total,15
2014,IDN,Total,15
2015,IDN,Total,15
2016,IDN,Total,15
2017,IDN,Total,15
2018,IDN,Total,15
2019,IDN,Total,15
2020,IDN,Total,15
2021,IDN,Total,15
2022,IDN,Total,15
2023,IDN,Total,15
2024,IDN,Total,15
2025,IDN,Total,15
2026,IDN,Total,15
2000,IDN,Total,5
2001,IDN,Total,5
2002,IDN,Total,7
2003,IDN,Total,13
2004,IDN,Total,13
2005,IDN,Total,13
2006,IDN,Total,13
2007,IDN,Total,14
2008,IDN,Total,14
2000,IRL,Total,1
2001,IRL,Total,1
2002,IRL,Total,1
2003,IRL,Total,1
2004,IRL,Total,1
2005,IRL,Total,1
2006,IRL,Total,1
2007,IRL,Total,2
2008,IRL,Total,3
2009,IRL,Total,3
2010,IRL,Total,3
2011,IRL,Total,3
2012,IRL,Total,4
2013,IRL,Total,4
2014,IRL,Total,4
2015,IRL,Total,4
2016,IRL,Total,4
2017,IRL,Total,4
2018,IRL,Total,4
2019,IRL,Total,4
2020,IRL,Total,4
2021,IRL,Total,4
2022,IRL,Total,4
2023,IRL,Total,4
2024,IRL,Total,4
2025,IRL,Total,4
2026,IRL,Total,4
1990,ISR,Total,4
1991,ISR,Total,4
1992,ISR,Total,4
1993,ISR,Total,4
1994,ISR,Total,4
1995,ISR,Total,4
1996,ISR,Total,4
1997,ISR,Total,4
1998,ISR,Total,4
1999,ISR,Total,4
2000,ISR,Total,4
2001,ISR,Total,4
2002,ISR,Total,4
2003,ISR,Total,4
2004,ISR,Total,4
2005,ISR,Total,5
2006,ISR,Total,5
2007,ISR,Total,5
2008,ISR,Total,5
2009,ISR,Total,5
2010,ISR,Total,5
2011,ISR,Total,5
2012,ISR,Total,5
2013,ISR,Total,5
2014,ISR,Total,5
2015,ISR,Total,5
2016,ISR,Total,5
2017,ISR,Total,5
2018,ISR,Total,5
2019,ISR,Total,5
2020,ISR,Total,5
2021,ISR,Total,5
2022,ISR,Total,5
2023,ISR,Total,5
2024,ISR,Total,5
2025,ISR,Total,5
2026,ISR,Total,5
2010,KEN,Total,1
2011,KEN,Total,1
2012,KEN,Total,1
2013,KEN,Total,1
2014,KEN,Total,1
2015,KEN,Total,1
2016,KEN,Total,1
2017,KEN,Total,1
2018,KEN,Total,1
2019,KEN,Total,1
2020,KEN,Total,1
2021,KEN,Total,1
2022,KEN,Total,1
2023,KEN,Total,1
2024,KEN,Total,1
2025,KEN,Total,1
2026,KEN,Total,1
1990,KOR,Total,5
1991,KOR,Total,5
1992,KOR,Total,5
1993,KOR,Total,5
1994,KOR,Total,5
1995,KOR,Total,6
1996,KOR,Total,6
1997,KOR,Total,7
1998,KOR,Total,7
1999,KOR,Total,7
2000,KOR,Total,7
2001,KOR,Total,7
2002,KOR,Total,8
2003,KOR,Total,8
2004,KOR,Total,8
2005,KOR,Total,8
2006,KOR,Total,8
2007,KOR,Total,9
2008,KOR,Total,10
2009,KOR,Total,10
2010,KOR,Total,10
2011,KOR,Total,12
2012,KOR,Total,12
2013,KOR,Total,12
2014,KOR,Total,12
2015,KOR,Total,12
2016,KOR,Total,12
2017,KOR,Total,12
2018,KOR,Total,12
2019,KOR,Total,12
2020,KOR,Total,12
2021,KOR,Total,12
2022,KOR,Total,12
2023,KOR,Total,12
2024,KOR,Total,12
2025,KOR,Total,12
2026,KOR,Total,12
2009,LAO,Total,3
2010,LAO,Total,3
2011,LAO,Total,3
2012,LAO,Total,3
2013,LAO,Total,3
2014,LAO,Total,3
2015,LAO,Total,3
2016,LAO,Total,3
2017,LAO,Total,3
2018,LAO,Total,3
2019,LAO,Total,3
2020,LAO,Total,3
2021,LAO,Total,3
2022,LAO,Total,3
2023,LAO,Total,3
2024,LAO,Total,3
2025,LAO,Total,3
2026,LAO,Total,3
1990,LAO,Total,2
1991,LAO,Total,2
1992,LAO,Total,2
1993,LAO,Total,2
1994,LAO,Total,2
1995,LAO,Total,2
1996,LAO,Total,2
1997,LAO,Total,2
1998,LAO,Total,2
1999,LAO,Total,2
2000,LAO,Total,2
2001,LAO,Total,2
2002,LAO,Total,2
2003,LAO,Total,2
2004,LAO,Total,2
2005,LAO,Total,2
2006,LAO,Total,2
2007,LAO,Total,2
2008,LAO,Total,2
1995,LVA,Total,1
1996,LVA,Total,1
1997,LVA,Total,1
1998,LVA,Total,1
1999,LVA,Total,1
2000,LVA,Total,1
2001,LVA,Total,1
2002,LVA,Total,2
2003,LVA,Total,2
2004,LVA,Total,2
2005,LVA,Total,2
2006,LVA,Total,2
2007,LVA,Total,3
2008,LVA,Total,3
2009,LVA,Total,3
2010,LVA,Total,3
2011,LVA,Total,3
2012,LVA,Total,3
2013,LVA,Total,3
2014,LVA,Total,3
2015,LVA,Total,3
2016,LVA,Total,3
2017,LVA,Total,3
2018,LVA,Total,3
2019,LVA,Total,3
2020,LVA,Total,3
2021,LVA,Total,3
2022,LVA,Total,3
2023,LVA,Total,3
2024,LVA,Total,3
2025,LVA,Total,3
2026,LVA,Total,3
2000,LTU,Total,2
2001,LTU,Total,2
2002,LTU,Total,2
2003,LTU,Total,2
2004,LTU,Total,3
2005,LTU,Total,3
2006,LTU,Total,3
2007,LTU,Total,3
2008,LTU,Total,3
2009,LTU,Total,3
2010,LTU,Total,3
2011,LTU,Total,3
2012,LTU,Total,3
2013,LTU,Total,3
2014,LTU,Total,3
2015,LTU,Total,3
2016,LTU,Total,3
2017,LTU,Total,3
2018,LTU,Total,3
2019,LTU,Total,3
2020,LTU,Total,3
2021,LTU,Total,3
2022,LTU,Total,3
2023,LTU,Total,3
2024,LTU,Total,3
2025,LTU,Total,3
2026,LTU,Total,3
1991,LTU,Total,1
1992,LTU,Total,1
1993,LTU,Total,1
1994,LTU,Total,1
1995,LTU,Total,1
1996,LTU,Total,1
1997,LTU,Total,1
1998,LTU,Total,1
1999,LTU,Total,1
2011,MYS,Total,11
2012,MYS,Total,11
2013,MYS,Total,11
2014,MYS,Total,11
2015,MYS,Total,11
2016,MYS,Total,11
2017,MYS,Total,13
2018,MYS,Total,13
2019,MYS,Total,13
2020,MYS,Total,13
2021,MYS,Total,13
2022,MYS,Total,13
2023,MYS,Total,13
2024,MYS,Total,13
2025,MYS,Total,13
2026,MYS,Total,13
1990,MYS,Total,8
1991,MYS,Total,8
1992,MYS,Total,8
1993,MYS,Total,8
1994,MYS,Total,8
1995,MYS,Total,8
1996,MYS,Total,8
1997,MYS,Total,8
1998,MYS,Total,8
1999,MYS,Total,8
2000,MYS,Total,8
2001,MYS,Total,8
2002,MYS,Total,8
2003,MYS,Total,8
2004,MYS,Total,8
2005,MYS,Total,8
2006,MYS,Total,8
2007,MYS,Total,8
2008,MYS,Total,8
2009,MYS,Total,8
2010,MYS,Total,10
1990,MLT,Total,2
1991,MLT,Total,2
1992,MLT,Total,2
1993,MLT,Total,2
1994,MLT,Total,2
1995,MLT,Total,2
1996,MLT,Total,2
1997,MLT,Total,2
1998,MLT,Total,3
1999,MLT,Total,3
2000,MLT,Total,3
2001,MLT,Total,3
2002,MLT,Total,3
2003,MLT,Total,3
2004,MLT,Total,3
2005,MLT,Total,4
2006,MLT,Total,4
2007,MLT,Total,4
2008,MLT,Total,4
2009,MLT,Total,4
2010,MLT,Total,4
2011,MLT,Total,4
2012,MLT,Total,4
2013,MLT,Total,4
2014,MLT,Total,4
2015,MLT,Total,5
2016,MLT,Total,5
2017,MLT,Total,5
2018,MLT,Total,5
2019,MLT,Total,5
2020,MLT,Total,5
2021,MLT,Total,5
2022,MLT,Total,5
2023,MLT,Total,5
2024,MLT,Total,5
2025,MLT,Total,5
2026,MLT,Total,5
2015,MRT,Total,2
2016,MRT,Total,2
2017,MRT,Total,2
2018,MRT,Total,2
2019,MRT,Total,2
2020,MRT,Total,2
2021,MRT,Total,2
2022,MRT,Total,2
2023,MRT,Total,2
2024,MRT,Total,2
2025,MRT,Total,2
2026,MRT,Total,2
1990,MRT,Total,1
1991,MRT,Total,1
1992,MRT,Total,1
1993,MRT,Total,1
1994,MRT,Total,1
1995,MRT,Total,1
1996,MRT,Total,1
1997,MRT,Total,1
1998,MRT,Total,1
1999,MRT,Total,1
2000,MRT,Total,1
2001,MRT,Total,1
2002,MRT,Total,1
2003,MRT,Total,1
2004,MRT,Total,1
2005,MRT,Total,1
2006,MRT,Total,1
2007,MRT,Total,1
2008,MRT,Total,1
2009,MRT,Total,1
2010,MRT,Total,1
2011,MRT,Total,1
2012,MRT,Total,1
2013,MRT,Total,1
2014,MRT,Total,1
2007,MUS,Total,1
2008,MUS,Total,1
2009,MUS,Total,1
2010,MUS,Total,1
2011,MUS,Total,1
2012,MUS,Total,1
2013,MUS,Total,1
2014,MUS,Total,1
2015,MUS,Total,1
2016,MUS,Total,1
2017,MUS,Total,1
2018,MUS,Total,1
2019,MUS,Total,1
2020,MUS,Total,1
2021,MUS,Total,1
2022,MUS,Total,1
2023,MUS,Total,1
2024,MUS,Total,1
2025,MUS,Total,1
2026,MUS,Total,1
1992,MEX,Total,1
1993,MEX,Total,1
1994,MEX,Total,1
1995,MEX,Total,1
1996,MEX,Total,1
1997,MEX,Total,1
1998,MEX,Total,1
1999,MEX,Total,1
2000,MEX,Total,1
2001,MEX,Total,1
2002,MEX,Total,1
2003,MEX,Total,1
2004,MEX,Total,1
2005,MEX,Total,1
2006,MEX,Total,1
2007,MEX,Total,1
2008,MEX,Total,1
2009,MEX,Total,1
2010,MEX,Total,1
2011,MEX,Total,1
2012,MEX,Total,1
2013,MEX,Total,1
2014,MEX,Total,1
2015,MEX,Total,1
2016,MEX,Total,1
2017,MEX,Total,1
2018,MEX,Total,1
2019,MEX,Total,1
2020,MEX,Total,1
2021,MEX,Total,1
2022,MEX,Total,1
2023,MEX,Total,1
2024,MEX,Total,1
2025,MEX,Total,1
2026,MEX,Total,1
2001,MNE,Total,3
2002,MNE,Total,3
2003,MNE,Total,3
2004,MNE,Total,3
2005,MNE,Total,3
2006,MNE,Total,3
2007,MNE,Total,3
2008,MNE,Total,3
2009,MNE,Total,3
2010,MNE,Total,3
2011,MNE,Total,3
2012,MNE,Total,3
2013,MNE,Total,3
2014,MNE,Total,3
2015,MNE,Total,3
2016,MNE,Total,3
2017,MNE,Total,3
2018,MNE,Total,3
2019,MNE,Total,3
2020,MNE,Total,3
2021,MNE,Total,3
2022,MNE,Total,3
2023,MNE,Total,3
2024,MNE,Total,3
2025,MNE,Total,3
2026,MNE,Total,3
1996,MNE,Total,2
1997,MNE,Total,2
1998,MNE,Total,2
1999,MNE,Total,2
2000,MNE,Total,2
1992,MNE,Total,1
1993,MNE,Total,1
1994,MNE,Total,1
1995,MNE,Total,1
1992,MAR,Total,1
1993,MAR,Total,1
1994,MAR,Total,1
1995,MAR,Total,1
1996,MAR,Total,1
1997,MAR,Total,1
1998,MAR,Total,1
1999,MAR,Total,1
2000,MAR,Total,1
2001,MAR,Total,1
2002,MAR,Total,1
2003,MAR,Total,1
2004,MAR,Total,1
2005,MAR,Total,1
2006,MAR,Total,1
2007,MAR,Total,1
2008,MAR,Total,1
2009,MAR,Total,1
2010,MAR,Total,1
2011,MAR,Total,1
2012,MAR,Total,1
2013,MAR,Total,1
2014,MAR,Total,1
2015,MAR,Total,1
2016,MAR,Total,1
2017,MAR,Total,1
2018,MAR,Total,1
2019,MAR,Total,1
2020,MAR,Total,1
2021,MAR,Total,1
2022,MAR,Total,1
2023,MAR,Total,1
2024,MAR,Total,1
2025,MAR,Total,1
2026,MAR,Total,1
2006,MOZ,Total,1
2007,MOZ,Total,1
2008,MOZ,Total,1
2009,MOZ,Total,1
2010,MOZ,Total,1
2011,MOZ,Total,1
2012,MOZ,Total,1
2013,MOZ,Total,1
2014,MOZ,Total,1
2015,MOZ,Total,1
2016,MOZ,Total,1
2017,MOZ,Total,1
2018,MOZ,Total,1
2019,MOZ,Total,1
2020,MOZ,Total,1
2021,MOZ,Total,1
2022,MOZ,Total,1
2023,MOZ,Total,1
2024,MOZ,Total,1
2025,MOZ,Total,1
2026,MOZ,Total,1
1990,MMR,Total,6
1991,MMR,Total,7
1992,MMR,Total,7
1993,MMR,Total,7
1994,MMR,Total,8
1995,MMR,Total,9
1996,MMR,Total,9
1997,MMR,Total,9
1998,MMR,Total,9
1999,MMR,Total,9
2000,MMR,Total,9
2001,MMR,Total,9
2002,MMR,Total,9
2003,MMR,Total,9
2004,MMR,Total,9
2005,MMR,Total,9
2006,MMR,Total,12
2007,MMR,Total,12
2008,MMR,Total,12
2009,MMR,Total,12
2010,MMR,Total,12
2011,MMR,Total,12
2012,MMR,Total,13
2013,MMR,Total,13
2014,MMR,Total,13
2015,MMR,Total,13
2016,MMR,Total,13
2017,MMR,Total,13
2018,MMR,Total,13
2019,MMR,Total,13
2020,MMR,Total,13
2021,MMR,Total,13
2022,MMR,Total,13
2023,MMR,Total,13
2024,MMR,Total,13
2025,MMR,Total,13
2026,MMR,Total,13
1990,NLD,Total,3
1991,NLD,Total,3
1992,NLD,Total,3
1993,NLD,Total,3
1994,NLD,Total,3
1995,NLD,Total,3
1996,NLD,Total,3
1997,NLD,Total,3
1998,NLD,Total,3
1999,NLD,Total,3
2000,NLD,Total,3
2001,NLD,Total,3
2002,NLD,Total,3
2003,NLD,Total,4
2004,NLD,Total,4
2005,NLD,Total,4
2006,NLD,Total,4
2007,NLD,Total,4
2008,NLD,Total,4
2009,NLD,Total,4
2010,NLD,Total,4
2011,NLD,Total,4
2012,NLD,Total,4
2013,NLD,Total,4
2014,NLD,Total,4
2015,NLD,Total,4
2016,NLD,Total,4
2017,NLD,Total,5
2018,NLD,Total,5
2019,NLD,Total,5
2020,NLD,Total,5
2021,NLD,Total,5
2022,NLD,Total,5
2023,NLD,Total,5
2024,NLD,Total,5
2025,NLD,Total,5
2026,NLD,Total,5
1998,NZL,Total,3
1999,NZL,Total,3
2000,NZL,Total,3
2001,NZL,Total,3
2002,NZL,Total,3
2003,NZL,Total,3
2004,NZL,Total,3
2005,NZL,Total,3
2006,NZL,Total,3
2007,NZL,Total,3
2008,NZL,Total,3
2009,NZL,Total,3
2010,NZL,Total,3
2011,NZL,Total,3
2012,NZL,Total,3
2013,NZL,Total,3
2014,NZL,Total,3
2015,NZL,Total,3
2016,NZL,Total,3
2017,NZL,Total,3
2018,NZL,Total,3
2019,NZL,Total,3
2020,NZL,Total,3
2021,NZL,Total,3
2022,NZL,Total,3
2023,NZL,Total,3
2024,NZL,Total,3
2025,NZL,Total,3
2026,NZL,Total,3
1992,NZL,Total,1
1993,NZL,Total,2
1994,NZL,Total,2
1995,NZL,Total,2
1996,NZL,Total,2
1997,NZL,Total,2
2007,NOR,Total,3
2008,NOR,Total,3
2009,NOR,Total,4
2010,NOR,Total,4
2011,NOR,Total,4
2012,NOR,Total,4
2013,NOR,Total,4
2014,NOR,Total,5
2015,NOR,Total,5
2016,NOR,Total,5
2017,NOR,Total,6
2018,NOR,Total,7
2019,NOR,Total,7
2020,NOR,Total,7
2021,NOR,Total,9
2022,NOR,Total,9
2023,NOR,Total,9
2024,NOR,Total,9
2025,NOR,Total,9
2026,NOR,Total,9
2005,NOR,Total,1
2006,NOR,Total,1
1990,PAN,Total,1
1991,PAN,Total,1
1992,PAN,Total,1
1993,PAN,Total,1
1994,PAN,Total,1
1995,PAN,Total,1
1996,PAN,Total,1
1997,PAN,Total,1
1998,PAN,Total,1
1999,PAN,Total,1
2000,PAN,Total,1
2001,PAN,Total,1
2002,PAN,Total,1
2003,PAN,Total,1
2004,PAN,Total,1
2005,PAN,Total,1
2006,PAN,Total,1
2007,PAN,Total,1
2008,PAN,Total,1
2009,PAN,Total,1
2010,PAN,Total,1
2011,PAN,Total,1
2012,PAN,Total,1
2013,PAN,Total,1
2014,PAN,Total,1
2015,PAN,Total,1
2016,PAN,Total,1
2017,PAN,Total,1
2018,PAN,Total,1
2019,PAN,Total,1
2020,PAN,Total,1
2021,PAN,Total,1
2022,PAN,Total,1
2023,PAN,Total,1
2024,PAN,Total,1
2025,PAN,Total,1
2026,PAN,Total,1
2001,PER,Total,1
2002,PER,Total,1
2003,PER,Total,1
2004,PER,Total,1
2005,PER,Total,1
2006,PER,Total,1
2007,PER,Total,1
2008,PER,Total,1
2009,PER,Total,1
2010,PER,Total,1
2011,PER,Total,1
2012,PER,Total,1
2013,PER,Total,1
2014,PER,Total,1
2015,PER,Total,1
2016,PER,Total,1
2017,PER,Total,2
2018,PER,Total,2
2019,PER,Total,2
2020,PER,Total,2
2021,PER,Total,2
2022,PER,Total,2
2023,PER,Total,2
2024,PER,Total,2
2025,PER,Total,2
2026,PER,Total,2
1993,PHL,Total,5
1994,PHL,Total,5
1995,PHL,Total,5
1996,PHL,Total,5
1997,PHL,Total,5
1998,PHL,Total,5
1999,PHL,Total,5
2000,PHL,Total,5
2001,PHL,Total,5
2002,PHL,Total,5
2003,PHL,Total,10
2004,PHL,Total,11
2005,PHL,Total,11
2006,PHL,Total,11
2007,PHL,Total,11
2008,PHL,Total,11
2009,PHL,Total,11
2010,PHL,Total,11
2011,PHL,Total,11
2012,PHL,Total,11
2013,PHL,Total,11
2014,PHL,Total,11
2015,PHL,Total,11
2016,PHL,Total,12
2017,PHL,Total,12
2018,PHL,Total,12
2019,PHL,Total,12
2020,PHL,Total,12
2021,PHL,Total,13
2022,PHL,Total,13
2023,PHL,Total,13
2024,PHL,Total,13
2025,PHL,Total,13
2026,PHL,Total,13
1990,PHL,Total,2
1991,PHL,Total,2
1992,PHL,Total,2
1990,POL,Total,1
1991,POL,Total,1
1992,POL,Total,1
1993,POL,Total,1
1994,POL,Total,1
1995,POL,Total,1
1996,POL,Total,1
1997,POL,Total,1
1998,POL,Total,1
1999,POL,Total,1
2000,POL,Total,1
2001,POL,Total,1
2002,POL,Total,1
2003,POL,Total,1
2004,POL,Total,1
2005,POL,Total,1
2006,POL,Total,1
2007,POL,Total,1
2008,POL,Total,1
2009,POL,Total,1
2010,POL,Total,1
2011,POL,Total,1
2012,POL,Total,1
2013,POL,Total,1
2014,POL,Total,1
2015,POL,Total,1
2016,POL,Total,1
2017,POL,Total,1
2018,POL,Total,1
2019,POL,Total,1
2020,POL,Total,1
2021,POL,Total,1
2022,POL,Total,1
2023,POL,Total,2
2024,POL,Total,2
2025,POL,Total,2
2026,POL,Total,2
2021,PRT,Total,2
2022,PRT,Total,2
2023,PRT,Total,2
2024,PRT,Total,2
2025,PRT,Total,2
2026,PRT,Total,2
1990,PRT,Total,1
1991,PRT,Total,1
1992,PRT,Total,1
1993,PRT,Total,1
1994,PRT,Total,1
1995,PRT,Total,1
1996,PRT,Total,1
1997,PRT,Total,1
1998,PRT,Total,1
1999,PRT,Total,1
2000,PRT,Total,1
2001,PRT,Total,1
2002,PRT,Total,1
2003,PRT,Total,1
2004,PRT,Total,1
2005,PRT,Total,1
2006,PRT,Total,1
2007,PRT,Total,1
2008,PRT,Total,1
2009,PRT,Total,1
2010,PRT,Total,1
2011,PRT,Total,1
2012,PRT,Total,1
2013,PRT,Total,1
2014,PRT,Total,1
2015,PRT,Total,1
2016,PRT,Total,1
2017,PRT,Total,1
2018,PRT,Total,1
2019,PRT,Total,1
2020,PRT,Total,1
1996,ROU,Total,3
1997,ROU,Total,3
1998,ROU,Total,3
1999,ROU,Total,3
2000,ROU,Total,3
2001,ROU,Total,3
2002,ROU,Total,3
2003,ROU,Total,3
2004,ROU,Total,3
2005,ROU,Total,3
2006,ROU,Total,3
2007,ROU,Total,3
2008,ROU,Total,3
2009,ROU,Total,3
2010,ROU,Total,3
2011,ROU,Total,3
2012,ROU,Total,3
2013,ROU,Total,3
2014,ROU,Total,3
2015,ROU,Total,3
2016,ROU,Total,3
2017,ROU,Total,3
2018,ROU,Total,3
2019,ROU,Total,3
2020,ROU,Total,3
2021,ROU,Total,3
2022,ROU,Total,3
2023,ROU,Total,3
2024,ROU,Total,3
2025,ROU,Total,3
2026,ROU,Total,3
1990,ROU,Total,2
1991,ROU,Total,2
1992,ROU,Total,2
1993,ROU,Total,2
1994,ROU,Total,2
1995,ROU,Total,2
2014,RUS,Total,1
2015,RUS,Total,1
2016,RUS,Total,1
2017,RUS,Total,1
2018,RUS,Total,1
2019,RUS,Total,1
2020,RUS,Total,1
2021,RUS,Total,1
2022,RUS,Total,1
2023,RUS,Total,1
2024,RUS,Total,1
2025,RUS,Total,1
2026,RUS,Total,1
2005,SYC,Total,3
2006,SYC,Total,3
2007,SYC,Total,3
2008,SYC,Total,3
2009,SYC,Total,3
2010,SYC,Total,3
2011,SYC,Total,3
2012,SYC,Total,3
2013,SYC,Total,3
2014,SYC,Total,3
2015,SYC,Total,3
2016,SYC,Total,3
2017,SYC,Total,3
2018,SYC,Total,3
2019,SYC,Total,3
2020,SYC,Total,3
2021,SYC,Total,3
2022,SYC,Total,3
2023,SYC,Total,3
2024,SYC,Total,3
2025,SYC,Total,3
2026,SYC,Total,3
1990,SYC,Total,1
1991,SYC,Total,2
1992,SYC,Total,2
1993,SYC,Total,2
1994,SYC,Total,2
1995,SYC,Total,2
1996,SYC,Total,2
1997,SYC,Total,2
1998,SYC,Total,2
1999,SYC,Total,2
2000,SYC,Total,2
2001,SYC,Total,2
2002,SYC,Total,2
2003,SYC,Total,2
2004,SYC,Total,2
2017,SGP,Total,21
2018,SGP,Total,21
2019,SGP,Total,21
2020,SGP,Total,21
2021,SGP,Total,21
2022,SGP,Total,21
2023,SGP,Total,21
2024,SGP,Total,21
2025,SGP,Total,21
2026,SGP,Total,21
1991,SGP,Total,11
1992,SGP,Total,11
1993,SGP,Total,11
1994,SGP,Total,11
1995,SGP,Total,11
1996,SGP,Total,12
1997,SGP,Total,17
1998,SGP,Total,17
1999,SGP,Total,19
2000,SGP,Total,19
2001,SGP,Total,19
2002,SGP,Total,19
2003,SGP,Total,19
2004,SGP,Total,19
2005,SGP,Total,19
2006,SGP,Total,20
2007,SGP,Total,20
2008,SGP,Total,20
2009,SGP,Total,20
2010,SGP,Total,20
2011,SGP,Total,20
2012,SGP,Total,20
2013,SGP,Total,20
2014,SGP,Total,20
2015,SGP,Total,20
2016,SGP,Total,20
1990,SGP,Total,5
2002,SVN,Total,1
2003,SVN,Total,1
2004,SVN,Total,1
2005,SVN,Total,1
2006,SVN,Total,2
2007,SVN,Total,2
2008,SVN,Total,2
2009,SVN,Total,2
2010,SVN,Total,2
2011,SVN,Total,2
2012,SVN,Total,3
2013,SVN,Total,3
2014,SVN,Total,3
2015,SVN,Total,3
2016,SVN,Total,3
2017,SVN,Total,3
2018,SVN,Total,3
2019,SVN,Total,3
2020,SVN,Total,3
2021,SVN,Total,3
2022,SVN,Total,3
2023,SVN,Total,3
2024,SVN,Total,3
2025,SVN,Total,3
2026,SVN,Total,3
1996,SLB,Total,1
1997,SLB,Total,1
1998,SLB,Total,1
1999,SLB,Total,1
2000,SLB,Total,1
2001,SLB,Total,1
2002,SLB,Total,1
2003,SLB,Total,1
2004,SLB,Total,1
2005,SLB,Total,1
2006,SLB,Total,1
2007,SLB,Total,1
2008,SLB,Total,1
2009,SLB,Total,1
2010,SLB,Total,1
2011,SLB,Total,1
2012,SLB,Total,1
2013,SLB,Total,1
2014,SLB,Total,1
2015,SLB,Total,1
2016,SLB,Total,1
2017,SLB,Total,1
2018,SLB,Total,1
2019,SLB,Total,1
2020,SLB,Total,1
2021,SLB,Total,1
2022,SLB,Total,1
2023,SLB,Total,1
2024,SLB,Total,1
2025,SLB,Total,1
2026,SLB,Total,1
2013,SOM,Total,2
2014,SOM,Total,2
2015,SOM,Total,2
2016,SOM,Total,2
2017,SOM,Total,2
2018,SOM,Total,2
2019,SOM,Total,2
2020,SOM,Total,2
2021,SOM,Total,2
2022,SOM,Total,2
2023,SOM,Total,2
2024,SOM,Total,2
2025,SOM,Total,2
2026,SOM,Total,2
2013,ZAF,Total,1
2014,ZAF,Total,1
2015,ZAF,Total,1
2016,ZAF,Total,1
2017,ZAF,Total,1
2018,ZAF,Total,1
2019,ZAF,Total,1
2020,ZAF,Total,1
2021,ZAF,Total,1
2022,ZAF,Total,1
2023,ZAF,Total,1
2024,ZAF,Total,1
2025,ZAF,Total,1
2026,ZAF,Total,1
2004,ESP,Total,5
2005,ESP,Total,5
2006,ESP,Total,5
2007,ESP,Total,5
2008,ESP,Total,5
2009,ESP,Total,5
2010,ESP,Total,5
2011,ESP,Total,6
2012,ESP,Total,6
2013,ESP,Total,6
2014,ESP,Total,7
2015,ESP,Total,7
2016,ESP,Total,7
2017,ESP,Total,7
2018,ESP,Total,7
2019,ESP,Total,7
2020,ESP,Total,7
2021,ESP,Total,7
2022,ESP,Total,7
2023,ESP,Total,7
2024,ESP,Total,7
2025,ESP,Total,8
2026,ESP,Total,8
1990,ESP,Total,4
1991,ESP,Total,4
1992,ESP,Total,4
1993,ESP,Total,4
1994,ESP,Total,4
1995,ESP,Total,4
1996,ESP,Total,4
1997,ESP,Total,4
1998,ESP,Total,4
1999,ESP,Total,4
2000,ESP,Total,4
2001,ESP,Total,4
2002,ESP,Total,4
2003,ESP,Total,4
2008,SWE,Total,1
2009,SWE,Total,1
2010,SWE,Total,1
2011,SWE,Total,1
2012,SWE,Total,1
2013,SWE,Total,1
2014,SWE,Total,1
2015,SWE,Total,1
2016,SWE,Total,1
2017,SWE,Total,1
2018,SWE,Total,1
2019,SWE,Total,1
2020,SWE,Total,1
2021,SWE,Total,1
2022,SWE,Total,1
2023,SWE,Total,1
2024,SWE,Total,1
2025,SWE,Total,1
2026,SWE,Total,1
1990,CHE,Total,1
1991,CHE,Total,1
1992,CHE,Total,1
1993,CHE,Total,1
1994,CHE,Total,1
1995,CHE,Total,1
1996,CHE,Total,1
1997,CHE,Total,1
1998,CHE,Total,1
1999,CHE,Total,1
2000,CHE,Total,1
2001,CHE,Total,1
2002,CHE,Total,1
2003,CHE,Total,1
2004,CHE,Total,1
2005,CHE,Total,1
2006,CHE,Total,1
2007,CHE,Total,1
2008,CHE,Total,1
2009,CHE,Total,1
2010,CHE,Total,1
2011,CHE,Total,1
2012,CHE,Total,1
2013,CHE,Total,1
2014,CHE,Total,1
2015,CHE,Total,1
2016,CHE,Total,1
2017,CHE,Total,1
2018,CHE,Total,1
2019,CHE,Total,1
2020,CHE,Total,1
2021,CHE,Total,1
2022,CHE,Total,1
2023,CHE,Total,1
2024,CHE,Total,1
2025,CHE,Total,1
2026,CHE,Total,1
1992,THA,Total,11
1993,THA,Total,11
1994,THA,Total,11
1995,THA,Total,11
1996,THA,Total,11
1997,THA,Total,11
1998,THA,Total,11
1999,THA,Total,11
2000,THA,Total,11
2001,THA,Total,11
2002,THA,Total,11
2003,THA,Total,11
2004,THA,Total,11
2005,THA,Total,11
2006,THA,Total,11
2007,THA,Total,11
2008,THA,Total,11
2009,THA,Total,11
2010,THA,Total,11
2011,THA,Total,11
2012,THA,Total,11
2013,THA,Total,11
2014,THA,Total,11
2015,THA,Total,12
2016,THA,Total,12
2017,THA,Total,12
2018,THA,Total,12
2019,THA,Total,13
2020,THA,Total,13
2021,THA,Total,14
2022,THA,Total,14
2023,THA,Total,14
2024,THA,Total,14
2025,THA,Total,14
2026,THA,Total,14
1990,THA,Total,8
1991,THA,Total,8
1990,TKL,Total,1
1991,TKL,Total,1
1992,TKL,Total,1
1993,TKL,Total,1
1994,TKL,Total,1
1995,TKL,Total,1
1996,TKL,Total,1
1997,TKL,Total,1
1998,TKL,Total,1
1999,TKL,Total,1
2000,TKL,Total,1
2001,TKL,Total,1
2002,TKL,Total,1
2003,TKL,Total,1
2004,TKL,Total,1
2005,TKL,Total,1
2006,TKL,Total,1
2007,TKL,Total,1
2008,TKL,Total,1
2009,TKL,Total,1
2010,TKL,Total,1
2011,TKL,Total,1
2012,TKL,Total,1
2013,TKL,Total,1
2014,TKL,Total,1
2015,TKL,Total,1
2016,TKL,Total,1
2017,TKL,Total,1
2018,TKL,Total,1
2019,TKL,Total,1
2020,TKL,Total,1
2021,TKL,Total,1
2022,TKL,Total,1
2023,TKL,Total,1
2024,TKL,Total,1
2025,TKL,Total,1
2026,TKL,Total,1
1990,TUR,Total,1
1991,TUR,Total,1
1992,TUR,Total,1
1993,TUR,Total,1
1994,TUR,Total,1
1995,TUR,Total,1
1996,TUR,Total,1
1997,TUR,Total,1
1998,TUR,Total,1
1999,TUR,Total,1
2000,TUR,Total,1
2001,TUR,Total,1
2002,TUR,Total,1
2003,TUR,Total,1
2004,TUR,Total,1
2005,TUR,Total,1
2006,TUR,Total,1
2007,TUR,Total,1
2008,TUR,Total,1
2009,TUR,Total,1
2010,TUR,Total,1
2011,TUR,Total,1
2012,TUR,Total,1
2013,TUR,Total,1
2014,TUR,Total,1
2015,TUR,Total,1
2016,TUR,Total,1
2017,TUR,Total,1
2018,TUR,Total,1
2019,TUR,Total,1
2020,TUR,Total,1
2021,TUR,Total,1
2022,TUR,Total,1
2023,TUR,Total,1
2024,TUR,Total,1
2025,TUR,Total,1
2026,TUR,Total,1
1995,GBR,Total,1
1996,GBR,Total,1
1997,GBR,Total,1
1998,GBR,Total,1
1999,GBR,Total,1
2000,GBR,Total,1
2001,GBR,Total,1
2002,GBR,Total,1
2003,GBR,Total,1
2004,GBR,Total,1
2005,GBR,Total,2
2006,GBR,Total,2
2007,GBR,Total,2
2008,GBR,Total,2
2009,GBR,Total,2
2010,GBR,Total,2
2011,GBR,Total,3
2012,GBR,Total,4
2013,GBR,Total,4
2014,GBR,Total,4
2015,GBR,Total,4
2016,GBR,Total,4
2017,GBR,Total,4
2018,GBR,Total,4
2019,GBR,Total,4
2020,GBR,Total,4
2021,GBR,Total,4
2022,GBR,Total,4
2023,GBR,Total,4
2024,GBR,Total,4
2025,GBR,Total,4
2026,GBR,Total,4
1990,USA,Total,6
1991,USA,Total,6
1992,USA,Total,6
1993,USA,Total,7
1994,USA,Total,8
1995,USA,Total,8
1996,USA,Total,8
1997,USA,Total,10
1998,USA,Total,10
1999,USA,Total,10
2000,USA,Total,10
2001,USA,Total,10
2002,USA,Total,10
2003,USA,Total,10
2004,USA,Total,11
2005,USA,Total,12
2006,USA,Total,13
2007,USA,Total,13
2008,USA,Total,13
2009,USA,Total,13
2010,USA,Total,13
2011,USA,Total,13
2012,USA,Total,13
2013,USA,Total,13
2014,USA,Total,13
2015,USA,Total,13
2016,USA,Total,13
2017,USA,Total,13
2018,USA,Total,13
2019,USA,Total,13
2020,USA,Total,13
2021,USA,Total,13
2022,USA,Total,13
2023,USA,Total,13
2024,USA,Total,13
2025,USA,Total,13
2026,USA,Total,13
2022,VNM,Total,5
2023,VNM,Total,5
2024,VNM,Total,5
2025,VNM,Total,5
2026,VNM,Total,5
1990,VNM,Total,1
1991,VNM,Total,1
1992,VNM,Total,1
1993,VNM,Total,1
1994,VNM,Total,1
1995,VNM,Total,1
1996,VNM,Total,1
1997,VNM,Total,1
1998,VNM,Total,1
1999,VNM,Total,1
2000,VNM,Total,1
2001,VNM,Total,1
2002,VNM,Total,1
2003,VNM,Total,1
2004,VNM,Total,1
2005,VNM,Total,2
2006,VNM,Total,2
2007,VNM,Total,2
2008,VNM,Total,2
2009,VNM,Total,2
2010,VNM,Total,2
2011,VNM,Total,2
2012,VNM,Total,2
2013,VNM,Total,2
2014,VNM,Total,2
2015,VNM,Total,2
2016,VNM,Total,2
2017,VNM,Total,2
2018,VNM,Total,2
2019,VNM,Total,2
2020,VNM,Total,2
2021,VNM,Total,3
1993,ALB,Taxes and Fees,2
1994,ALB,Taxes and Fees,2
1995,ALB,Taxes and Fees,2
1996,ALB,Taxes and Fees,2
1997,ALB,Taxes and Fees,2
1998,ALB,Taxes and Fees,2
1999,ALB,Taxes and Fees,2
2000,ALB,Taxes and Fees,2
2001,ALB,Taxes and Fees,2
2002,ALB,Taxes and Fees,2
2003,ALB,Taxes and Fees,2
2004,ALB,Taxes and Fees,2
2005,ALB,Taxes and Fees,2
2006,ALB,Taxes and Fees,2
2007,ALB,Taxes and Fees,2
2008,ALB,Taxes and Fees,2
2009,ALB,Taxes and Fees,2
2010,ALB,Taxes and Fees,2
2011,ALB,Taxes and Fees,2
2012,ALB,Taxes and Fees,2
2013,ALB,Taxes and Fees,2
2014,ALB,Taxes and Fees,2
2015,ALB,Taxes and Fees,2
2016,ALB,Taxes and Fees,2
2017,ALB,Taxes and Fees,2
2018,ALB,Taxes and Fees,2
2019,ALB,Taxes and Fees,2
2020,ALB,Taxes and Fees,2
2021,ALB,Taxes and Fees,2
2022,ALB,Taxes and Fees,2
2023,ALB,Taxes and Fees,2
2024,ALB,Taxes and Fees,2
2025,ALB,Taxes and Fees,2
2026,ALB,Taxes and Fees,2
1998,ARG,Taxes and Fees,1
1999,ARG,Taxes and Fees,1
2000,ARG,Taxes and Fees,1
2001,ARG,Taxes and Fees,1
2002,ARG,Taxes and Fees,1
2003,ARG,Taxes and Fees,1
2004,ARG,Taxes and Fees,1
2005,ARG,Taxes and Fees,1
2006,ARG,Taxes and Fees,1
2007,ARG,Taxes and Fees,1
2008,ARG,Taxes and Fees,1
2009,ARG,Taxes and Fees,1
2010,ARG,Taxes and Fees,1
2011,ARG,Taxes and Fees,1
2012,ARG,Taxes and Fees,1
2013,ARG,Taxes and Fees,1
2014,ARG,Taxes and Fees,1
2015,ARG,Taxes and Fees,1
2016,ARG,Taxes and Fees,1
2017,ARG,Taxes and Fees,1
2018,ARG,Taxes and Fees,1
2019,ARG,Taxes and Fees,1
2020,ARG,Taxes and Fees,1
2021,ARG,Taxes and Fees,1
2022,ARG,Taxes and Fees,1
2023,ARG,Taxes and Fees,1
2024,ARG,Taxes and Fees,1
2025,ARG,Taxes and Fees,1
2026,ARG,Taxes and Fees,1
1999,ARG,Environmentally Beneficial Subsidies and Payments,1
2000,ARG,Environmentally Beneficial Subsidies and Payments,1
2001,ARG,Environmentally Beneficial Subsidies and Payments,1
2002,ARG,Environmentally Beneficial Subsidies and Payments,1
2003,ARG,Environmentally Beneficial Subsidies and Payments,1
2004,ARG,Environmentally Beneficial Subsidies and Payments,1
2005,ARG,Environmentally Beneficial Subsidies and Payments,1
2006,ARG,Environmentally Beneficial Subsidies and Payments,1
2007,ARG,Environmentally Beneficial Subsidies and Payments,1
2008,ARG,Environmentally Beneficial Subsidies and Payments,1
2009,ARG,Environmentally Beneficial Subsidies and Payments,1
2010,ARG,Environmentally Beneficial Subsidies and Payments,1
2011,ARG,Environmentally Beneficial Subsidies and Payments,1
2012,ARG,Environmentally Beneficial Subsidies and Payments,1
2013,ARG,Environmentally Beneficial Subsidies and Payments,1
2014,ARG,Environmentally Beneficial Subsidies and Payments,1
2015,ARG,Environmentally Beneficial Subsidies and Payments,1
2016,ARG,Environmentally Beneficial Subsidies and Payments,1
2017,ARG,Environmentally Beneficial Subsidies and Payments,1
2018,ARG,Environmentally Beneficial Subsidies and Payments,1
2019,ARG,Environmentally Beneficial Subsidies and Payments,1
2020,ARG,Environmentally Beneficial Subsidies and Payments,1
2021,ARG,Environmentally Beneficial Subsidies and Payments,1
2022,ARG,Environmentally Beneficial Subsidies and Payments,1
2023,ARG,Environmentally Beneficial Subsidies and Payments,1
2024,ARG,Environmentally Beneficial Subsidies and Payments,1
2025,ARG,Environmentally Beneficial Subsidies and Payments,1
2026,ARG,Environmentally Beneficial Subsidies and Payments,1
1993,AUS,Taxes and Fees,3
1994,AUS,Taxes and Fees,3
1995,AUS,Taxes and Fees,3
1996,AUS,Taxes and Fees,3
1997,AUS,Taxes and Fees,3
1998,AUS,Taxes and Fees,3
1999,AUS,Taxes and Fees,3
2000,AUS,Taxes and Fees,3
2001,AUS,Taxes and Fees,3
2002,AUS,Taxes and Fees,3
2003,AUS,Taxes and Fees,3
2004,AUS,Taxes and Fees,3
2005,AUS,Taxes and Fees,3
2006,AUS,Taxes and Fees,3
2007,AUS,Taxes and Fees,3
2008,AUS,Taxes and Fees,3
2009,AUS,Taxes and Fees,3
2010,AUS,Taxes and Fees,3
2011,AUS,Taxes and Fees,3
2012,AUS,Taxes and Fees,3
2013,AUS,Taxes and Fees,3
2014,AUS,Taxes and Fees,3
2015,AUS,Taxes and Fees,3
2016,AUS,Taxes and Fees,3
2017,AUS,Taxes and Fees,3
2018,AUS,Taxes and Fees,3
2019,AUS,Taxes and Fees,3
2020,AUS,Taxes and Fees,3
2021,AUS,Taxes and Fees,3
2022,AUS,Taxes and Fees,3
2023,AUS,Taxes and Fees,3
2024,AUS,Taxes and Fees,3
2025,AUS,Taxes and Fees,3
2026,AUS,Taxes and Fees,3
1997,AUS,Environmentally Beneficial Subsidies and Payments,1
1998,AUS,Environmentally Beneficial Subsidies and Payments,1
1999,AUS,Environmentally Beneficial Subsidies and Payments,1
2000,AUS,Environmentally Beneficial Subsidies and Payments,1
2001,AUS,Environmentally Beneficial Subsidies and Payments,1
2002,AUS,Environmentally Beneficial Subsidies and Payments,1
2003,AUS,Environmentally Beneficial Subsidies and Payments,1
2004,AUS,Environmentally Beneficial Subsidies and Payments,1
2005,AUS,Environmentally Beneficial Subsidies and Payments,1
2006,AUS,Environmentally Beneficial Subsidies and Payments,1
2007,AUS,Environmentally Beneficial Subsidies and Payments,1
2008,AUS,Environmentally Beneficial Subsidies and Payments,1
2009,AUS,Environmentally Beneficial Subsidies and Payments,1
2010,AUS,Environmentally Beneficial Subsidies and Payments,1
2011,AUS,Environmentally Beneficial Subsidies and Payments,1
2012,AUS,Environmentally Beneficial Subsidies and Payments,1
2013,AUS,Environmentally Beneficial Subsidies and Payments,1
2014,AUS,Environmentally Beneficial Subsidies and Payments,1
2015,AUS,Environmentally Beneficial Subsidies and Payments,1
2016,AUS,Environmentally Beneficial Subsidies and Payments,1
2017,AUS,Environmentally Beneficial Subsidies and Payments,1
2018,AUS,Environmentally Beneficial Subsidies and Payments,1
2019,AUS,Environmentally Beneficial Subsidies and Payments,1
2020,AUS,Environmentally Beneficial Subsidies and Payments,1
2021,AUS,Environmentally Beneficial Subsidies and Payments,1
2022,AUS,Environmentally Beneficial Subsidies and Payments,1
2023,AUS,Environmentally Beneficial Subsidies and Payments,1
2024,AUS,Environmentally Beneficial Subsidies and Payments,1
2025,AUS,Environmentally Beneficial Subsidies and Payments,1
2026,AUS,Environmentally Beneficial Subsidies and Payments,1
1990,AUT,Taxes and Fees,1
1991,AUT,Taxes and Fees,1
1992,AUT,Taxes and Fees,1
1993,AUT,Taxes and Fees,1
1994,AUT,Taxes and Fees,1
1995,AUT,Taxes and Fees,1
1996,AUT,Taxes and Fees,1
1997,AUT,Taxes and Fees,1
1998,AUT,Taxes and Fees,1
1999,AUT,Taxes and Fees,1
2000,AUT,Taxes and Fees,1
2001,AUT,Taxes and Fees,1
2002,AUT,Taxes and Fees,1
2003,AUT,Taxes and Fees,1
2004,AUT,Taxes and Fees,1
2005,AUT,Taxes and Fees,1
2006,AUT,Taxes and Fees,1
2007,AUT,Taxes and Fees,1
2008,AUT,Taxes and Fees,1
2009,AUT,Taxes and Fees,1
2010,AUT,Taxes and Fees,1
2011,AUT,Taxes and Fees,1
2012,AUT,Taxes and Fees,1
2013,AUT,Taxes and Fees,1
2014,AUT,Taxes and Fees,1
2015,AUT,Taxes and Fees,1
2016,AUT,Taxes and Fees,1
2017,AUT,Taxes and Fees,1
2018,AUT,Taxes and Fees,1
2019,AUT,Taxes and Fees,1
2020,AUT,Taxes and Fees,1
2021,AUT,Taxes and Fees,1
2022,AUT,Taxes and Fees,1
2023,AUT,Taxes and Fees,1
2024,AUT,Taxes and Fees,1
2025,AUT,Taxes and Fees,1
2026,AUT,Taxes and Fees,1
2014,BRA,Taxes and Fees,1
2015,BRA,Taxes and Fees,1
2016,BRA,Taxes and Fees,1
2017,BRA,Taxes and Fees,1
2018,BRA,Taxes and Fees,1
2019,BRA,Taxes and Fees,1
2020,BRA,Taxes and Fees,1
2021,BRA,Taxes and Fees,1
2022,BRA,Taxes and Fees,1
2023,BRA,Taxes and Fees,1
2024,BRA,Taxes and Fees,1
2025,BRA,Taxes and Fees,1
2026,BRA,Taxes and Fees,1
2007,BRN,Taxes and Fees,18
2008,BRN,Taxes and Fees,20
2009,BRN,Taxes and Fees,20
2010,BRN,Taxes and Fees,20
2011,BRN,Taxes and Fees,20
2012,BRN,Taxes and Fees,20
2013,BRN,Taxes and Fees,20
2014,BRN,Taxes and Fees,20
2015,BRN,Taxes and Fees,20
2016,BRN,Taxes and Fees,21
2017,BRN,Taxes and Fees,21
2018,BRN,Taxes and Fees,21
2019,BRN,Taxes and Fees,21
2020,BRN,Taxes and Fees,21
2021,BRN,Taxes and Fees,21
2022,BRN,Taxes and Fees,21
2023,BRN,Taxes and Fees,21
2024,BRN,Taxes and Fees,21
2025,BRN,Taxes and Fees,21
2026,BRN,Taxes and Fees,21
1990,BRN,Taxes and Fees,14
1991,BRN,Taxes and Fees,14
1992,BRN,Taxes and Fees,14
1993,BRN,Taxes and Fees,14
1994,BRN,Taxes and Fees,14
1995,BRN,Taxes and Fees,14
1996,BRN,Taxes and Fees,14
1997,BRN,Taxes and Fees,14
1998,BRN,Taxes and Fees,14
1999,BRN,Taxes and Fees,14
2000,BRN,Taxes and Fees,14
2001,BRN,Taxes and Fees,14
2002,BRN,Taxes and Fees,16
2003,BRN,Taxes and Fees,16
2004,BRN,Taxes and Fees,16
2005,BRN,Taxes and Fees,16
2006,BRN,Taxes and Fees,16
1998,BGR,Taxes and Fees,4
1999,BGR,Taxes and Fees,4
2000,BGR,Taxes and Fees,5
2001,BGR,Taxes and Fees,5
2002,BGR,Taxes and Fees,5
2003,BGR,Taxes and Fees,6
2004,BGR,Taxes and Fees,6
2005,BGR,Taxes and Fees,7
2006,BGR,Taxes and Fees,7
2007,BGR,Taxes and Fees,7
2008,BGR,Taxes and Fees,7
2009,BGR,Taxes and Fees,7
2010,BGR,Taxes and Fees,7
2011,BGR,Taxes and Fees,7
2012,BGR,Taxes and Fees,7
2013,BGR,Taxes and Fees,7
2014,BGR,Taxes and Fees,7
2015,BGR,Taxes and Fees,7
2016,BGR,Taxes and Fees,7
2017,BGR,Taxes and Fees,7
2018,BGR,Taxes and Fees,7
2019,BGR,Taxes and Fees,7
2020,BGR,Taxes and Fees,7
2021,BGR,Taxes and Fees,7
2022,BGR,Taxes and Fees,7
2023,BGR,Taxes and Fees,7
2024,BGR,Taxes and Fees,7
2025,BGR,Taxes and Fees,7
2026,BGR,Taxes and Fees,7
1997,BGR,Taxes and Fees,2
1990,BGR,Taxes and Fees,1
1991,BGR,Taxes and Fees,1
1992,BGR,Taxes and Fees,1
1993,BGR,Taxes and Fees,1
1994,BGR,Taxes and Fees,1
1995,BGR,Taxes and Fees,1
1996,BGR,Taxes and Fees,1
2006,KHM,Taxes and Fees,5
2007,KHM,Taxes and Fees,5
2008,KHM,Taxes and Fees,6
2009,KHM,Taxes and Fees,6
2010,KHM,Taxes and Fees,6
2011,KHM,Taxes and Fees,6
2012,KHM,Taxes and Fees,6
2013,KHM,Taxes and Fees,6
2014,KHM,Taxes and Fees,6
2015,KHM,Taxes and Fees,6
2016,KHM,Taxes and Fees,6
2017,KHM,Taxes and Fees,7
2018,KHM,Taxes and Fees,7
2019,KHM,Taxes and Fees,7
2020,KHM,Taxes and Fees,7
2021,KHM,Taxes and Fees,7
2022,KHM,Taxes and Fees,7
2023,KHM,Taxes and Fees,7
2024,KHM,Taxes and Fees,7
2025,KHM,Taxes and Fees,7
2026,KHM,Taxes and Fees,7
1990,KHM,Taxes and Fees,1
1991,KHM,Taxes and Fees,1
1992,KHM,Taxes and Fees,1
1993,KHM,Taxes and Fees,1
1994,KHM,Taxes and Fees,1
1995,KHM,Taxes and Fees,1
1996,KHM,Taxes and Fees,1
1997,KHM,Taxes and Fees,1
1998,KHM,Taxes and Fees,1
1999,KHM,Taxes and Fees,1
2000,KHM,Taxes and Fees,1
2001,KHM,Taxes and Fees,1
2002,KHM,Taxes and Fees,1
2003,KHM,Taxes and Fees,1
2004,KHM,Taxes and Fees,1
2005,KHM,Taxes and Fees,1
1990,CAN,Taxes and Fees,3
1991,CAN,Taxes and Fees,3
1992,CAN,Taxes and Fees,3
1993,CAN,Taxes and Fees,3
1994,CAN,Taxes and Fees,3
1995,CAN,Taxes and Fees,3
1996,CAN,Taxes and Fees,3
1997,CAN,Taxes and Fees,4
1998,CAN,Taxes and Fees,4
1999,CAN,Taxes and Fees,4
2000,CAN,Taxes and Fees,7
2001,CAN,Taxes and Fees,7
2002,CAN,Taxes and Fees,7
2003,CAN,Taxes and Fees,7
2004,CAN,Taxes and Fees,7
2005,CAN,Taxes and Fees,7
2006,CAN,Taxes and Fees,7
2007,CAN,Taxes and Fees,7
2008,CAN,Taxes and Fees,7
2009,CAN,Taxes and Fees,7
2010,CAN,Taxes and Fees,7
2011,CAN,Taxes and Fees,7
2012,CAN,Taxes and Fees,7
2013,CAN,Taxes and Fees,7
2014,CAN,Taxes and Fees,7
2015,CAN,Taxes and Fees,7
2016,CAN,Taxes and Fees,7
2017,CAN,Taxes and Fees,7
2018,CAN,Taxes and Fees,7
2019,CAN,Taxes and Fees,7
2020,CAN,Taxes and Fees,7
2021,CAN,Taxes and Fees,7
2022,CAN,Taxes and Fees,7
2023,CAN,Taxes and Fees,7
2024,CAN,Taxes and Fees,7
2025,CAN,Taxes and Fees,7
2026,CAN,Taxes and Fees,7
2006,CAN,Environmentally Beneficial Subsidies and Payments,1
2007,CAN,Environmentally Beneficial Subsidies and Payments,1
2008,CAN,Environmentally Beneficial Subsidies and Payments,1
2009,CAN,Environmentally Beneficial Subsidies and Payments,1
2010,CAN,Environmentally Beneficial Subsidies and Payments,1
2011,CAN,Environmentally Beneficial Subsidies and Payments,1
2012,CAN,Environmentally Beneficial Subsidies and Payments,1
2013,CAN,Environmentally Beneficial Subsidies and Payments,1
2014,CAN,Environmentally Beneficial Subsidies and Payments,1
2015,CAN,Environmentally Beneficial Subsidies and Payments,1
2016,CAN,Environmentally Beneficial Subsidies and Payments,1
2017,CAN,Environmentally Beneficial Subsidies and Payments,1
2018,CAN,Environmentally Beneficial Subsidies and Payments,1
2019,CAN,Environmentally Beneficial Subsidies and Payments,1
2020,CAN,Environmentally Beneficial Subsidies and Payments,1
2021,CAN,Environmentally Beneficial Subsidies and Payments,1
2022,CAN,Environmentally Beneficial Subsidies and Payments,1
2023,CAN,Environmentally Beneficial Subsidies and Payments,1
2024,CAN,Environmentally Beneficial Subsidies and Payments,1
2025,CAN,Environmentally Beneficial Subsidies and Payments,1
2026,CAN,Environmentally Beneficial Subsidies and Payments,1
2014,CHL,Taxes and Fees,4
2015,CHL,Taxes and Fees,6
2016,CHL,Taxes and Fees,6
2017,CHL,Taxes and Fees,6
2018,CHL,Taxes and Fees,6
2019,CHL,Taxes and Fees,6
2020,CHL,Taxes and Fees,6
2021,CHL,Taxes and Fees,6
2022,CHL,Taxes and Fees,6
2023,CHL,Taxes and Fees,6
2024,CHL,Taxes and Fees,6
2025,CHL,Taxes and Fees,6
2026,CHL,Taxes and Fees,6
1992,CHL,Taxes and Fees,2
1993,CHL,Taxes and Fees,2
1994,CHL,Taxes and Fees,2
1995,CHL,Taxes and Fees,2
1996,CHL,Taxes and Fees,2
1997,CHL,Taxes and Fees,2
1998,CHL,Taxes and Fees,2
1999,CHL,Taxes and Fees,2
2000,CHL,Taxes and Fees,2
2001,CHL,Taxes and Fees,2
2002,CHL,Taxes and Fees,2
2003,CHL,Taxes and Fees,2
2004,CHL,Taxes and Fees,2
2005,CHL,Taxes and Fees,2
2006,CHL,Taxes and Fees,2
2007,CHL,Taxes and Fees,2
2008,CHL,Taxes and Fees,2
2009,CHL,Taxes and Fees,3
2010,CHL,Taxes and Fees,3
2011,CHL,Taxes and Fees,3
2012,CHL,Taxes and Fees,3
2013,CHL,Taxes and Fees,3
1990,CHL,Taxes and Fees,1
1991,CHL,Taxes and Fees,1
1991,CHL,Environmentally Beneficial Subsidies and Payments,1
1992,CHL,Environmentally Beneficial Subsidies and Payments,1
1993,CHL,Environmentally Beneficial Subsidies and Payments,1
1994,CHL,Environmentally Beneficial Subsidies and Payments,1
1995,CHL,Environmentally Beneficial Subsidies and Payments,1
1996,CHL,Environmentally Beneficial Subsidies and Payments,1
1997,CHL,Environmentally Beneficial Subsidies and Payments,1
1998,CHL,Environmentally Beneficial Subsidies and Payments,1
1999,CHL,Environmentally Beneficial Subsidies and Payments,1
2000,CHL,Environmentally Beneficial Subsidies and Payments,1
2001,CHL,Environmentally Beneficial Subsidies and Payments,1
2002,CHL,Environmentally Beneficial Subsidies and Payments,1
2003,CHL,Environmentally Beneficial Subsidies and Payments,1
2004,CHL,Environmentally Beneficial Subsidies and Payments,1
2005,CHL,Environmentally Beneficial Subsidies and Payments,1
2006,CHL,Environmentally Beneficial Subsidies and Payments,1
2007,CHL,Environmentally Beneficial Subsidies and Payments,1
2008,CHL,Environmentally Beneficial Subsidies and Payments,1
2009,CHL,Environmentally Beneficial Subsidies and Payments,1
2010,CHL,Environmentally Beneficial Subsidies and Payments,1
2011,CHL,Environmentally Beneficial Subsidies and Payments,1
2012,CHL,Environmentally Beneficial Subsidies and Payments,1
2013,CHL,Environmentally Beneficial Subsidies and Payments,1
2014,CHL,Environmentally Beneficial Subsidies and Payments,1
2015,CHL,Environmentally Beneficial Subsidies and Payments,1
2016,CHL,Environmentally Beneficial Subsidies and Payments,1
2017,CHL,Environmentally Beneficial Subsidies and Payments,1
2018,CHL,Environmentally Beneficial Subsidies and Payments,1
2019,CHL,Environmentally Beneficial Subsidies and Payments,1
2020,CHL,Environmentally Beneficial Subsidies and Payments,1
2021,CHL,Environmentally Beneficial Subsidies and Payments,1
2022,CHL,Environmentally Beneficial Subsidies and Payments,1
2023,CHL,Environmentally Beneficial Subsidies and Payments,1
2024,CHL,Environmentally Beneficial Subsidies and Payments,1
2025,CHL,Environmentally Beneficial Subsidies and Payments,1
2026,CHL,Environmentally Beneficial Subsidies and Payments,1
2022,COL,Taxes and Fees,1
2023,COL,Taxes and Fees,1
2024,COL,Taxes and Fees,1
2025,COL,Taxes and Fees,1
2026,COL,Taxes and Fees,1
1995,COK,Taxes and Fees,2
1996,COK,Taxes and Fees,2
1997,COK,Taxes and Fees,2
1998,COK,Taxes and Fees,2
1999,COK,Taxes and Fees,2
2000,COK,Taxes and Fees,2
2001,COK,Taxes and Fees,2
2002,COK,Taxes and Fees,2
2003,COK,Taxes and Fees,2
2004,COK,Taxes and Fees,2
2005,COK,Taxes and Fees,2
2006,COK,Taxes and Fees,2
2007,COK,Taxes and Fees,2
2008,COK,Taxes and Fees,2
2009,COK,Taxes and Fees,2
2010,COK,Taxes and Fees,2
2011,COK,Taxes and Fees,2
2012,COK,Taxes and Fees,2
2013,COK,Taxes and Fees,2
2014,COK,Taxes and Fees,2
2015,COK,Taxes and Fees,2
2016,COK,Taxes and Fees,2
2017,COK,Taxes and Fees,2
2018,COK,Taxes and Fees,2
2019,COK,Taxes and Fees,2
2020,COK,Taxes and Fees,2
2021,COK,Taxes and Fees,2
2022,COK,Taxes and Fees,2
2023,COK,Taxes and Fees,2
2024,COK,Taxes and Fees,2
2025,COK,Taxes and Fees,2
2026,COK,Taxes and Fees,2
1990,CRI,Taxes and Fees,3
1991,CRI,Taxes and Fees,3
1992,CRI,Taxes and Fees,6
1993,CRI,Taxes and Fees,6
1994,CRI,Taxes and Fees,6
1995,CRI,Taxes and Fees,6
1996,CRI,Taxes and Fees,6
1997,CRI,Taxes and Fees,6
1998,CRI,Taxes and Fees,6
1999,CRI,Taxes and Fees,6
2000,CRI,Taxes and Fees,8
2001,CRI,Taxes and Fees,8
2002,CRI,Taxes and Fees,8
2003,CRI,Taxes and Fees,8
2004,CRI,Taxes and Fees,8
2005,CRI,Taxes and Fees,10
2006,CRI,Taxes and Fees,10
2007,CRI,Taxes and Fees,10
2008,CRI,Taxes and Fees,10
2009,CRI,Taxes and Fees,10
2010,CRI,Taxes and Fees,10
2011,CRI,Taxes and Fees,10
2012,CRI,Taxes and Fees,10
2013,CRI,Taxes and Fees,10
2014,CRI,Taxes and Fees,10
2015,CRI,Taxes and Fees,10
2016,CRI,Taxes and Fees,10
2017,CRI,Taxes and Fees,10
2018,CRI,Taxes and Fees,10
2019,CRI,Taxes and Fees,10
2020,CRI,Taxes and Fees,10
2021,CRI,Taxes and Fees,10
2022,CRI,Taxes and Fees,10
2023,CRI,Taxes and Fees,10
2024,CRI,Taxes and Fees,10
2025,CRI,Taxes and Fees,10
2026,CRI,Taxes and Fees,10
1997,HRV,Taxes and Fees,1
1998,HRV,Taxes and Fees,1
1999,HRV,Taxes and Fees,1
2000,HRV,Taxes and Fees,1
2001,HRV,Taxes and Fees,1
2002,HRV,Taxes and Fees,1
2003,HRV,Taxes and Fees,1
2004,HRV,Taxes and Fees,1
2005,HRV,Taxes and Fees,1
2006,HRV,Taxes and Fees,1
2007,HRV,Taxes and Fees,1
2008,HRV,Taxes and Fees,1
2009,HRV,Taxes and Fees,1
2010,HRV,Taxes and Fees,1
2011,HRV,Taxes and Fees,1
2012,HRV,Taxes and Fees,1
2013,HRV,Taxes and Fees,1
2014,HRV,Taxes and Fees,1
2015,HRV,Taxes and Fees,1
2016,HRV,Taxes and Fees,1
2017,HRV,Taxes and Fees,2
2018,HRV,Taxes and Fees,2
2019,HRV,Taxes and Fees,2
2020,HRV,Taxes and Fees,2
2021,HRV,Taxes and Fees,2
2022,HRV,Taxes and Fees,2
2023,HRV,Taxes and Fees,2
2024,HRV,Taxes and Fees,2
2025,HRV,Taxes and Fees,2
2026,HRV,Taxes and Fees,2
2001,CYP,Taxes and Fees,1
2002,CYP,Taxes and Fees,1
2003,CYP,Taxes and Fees,1
2004,CYP,Taxes and Fees,1
2005,CYP,Taxes and Fees,1
2006,CYP,Taxes and Fees,1
2007,CYP,Taxes and Fees,1
2008,CYP,Taxes and Fees,1
2009,CYP,Taxes and Fees,1
2010,CYP,Taxes and Fees,1
2011,CYP,Taxes and Fees,1
2012,CYP,Taxes and Fees,1
2013,CYP,Taxes and Fees,1
2014,CYP,Taxes and Fees,1
2015,CYP,Taxes and Fees,1
2016,CYP,Taxes and Fees,1
2017,CYP,Taxes and Fees,1
2018,CYP,Taxes and Fees,1
2019,CYP,Taxes and Fees,1
2020,CYP,Taxes and Fees,1
2021,CYP,Taxes and Fees,1
2022,CYP,Taxes and Fees,1
2023,CYP,Taxes and Fees,1
2024,CYP,Taxes and Fees,1
2025,CYP,Taxes and Fees,1
2026,CYP,Taxes and Fees,1
1997,DNK,Taxes and Fees,1
1998,DNK,Taxes and Fees,2
1999,DNK,Taxes and Fees,2
2000,DNK,Taxes and Fees,2
2001,DNK,Taxes and Fees,2
2002,DNK,Taxes and Fees,3
2003,DNK,Taxes and Fees,3
2004,DNK,Taxes and Fees,3
2005,DNK,Taxes and Fees,3
2006,DNK,Taxes and Fees,3
2007,DNK,Taxes and Fees,3
2008,DNK,Taxes and Fees,3
2009,DNK,Taxes and Fees,3
2010,DNK,Taxes and Fees,3
2011,DNK,Taxes and Fees,3
2012,DNK,Taxes and Fees,3
2013,DNK,Taxes and Fees,3
2014,DNK,Taxes and Fees,3
2015,DNK,Taxes and Fees,3
2016,DNK,Taxes and Fees,3
2017,DNK,Taxes and Fees,3
2018,DNK,Taxes and Fees,3
2019,DNK,Taxes and Fees,3
2020,DNK,Taxes and Fees,3
2021,DNK,Taxes and Fees,3
2022,DNK,Taxes and Fees,3
2023,DNK,Taxes and Fees,3
2024,DNK,Taxes and Fees,3
2025,DNK,Taxes and Fees,3
2026,DNK,Taxes and Fees,3
1992,DNK,Environmentally Beneficial Subsidies and Payments,1
1993,DNK,Environmentally Beneficial Subsidies and Payments,1
1994,DNK,Environmentally Beneficial Subsidies and Payments,1
1995,DNK,Environmentally Beneficial Subsidies and Payments,1
1996,DNK,Environmentally Beneficial Subsidies and Payments,1
1997,DNK,Environmentally Beneficial Subsidies and Payments,1
1998,DNK,Environmentally Beneficial Subsidies and Payments,1
1999,DNK,Environmentally Beneficial Subsidies and Payments,1
2000,DNK,Environmentally Beneficial Subsidies and Payments,1
2001,DNK,Environmentally Beneficial Subsidies and Payments,1
2002,DNK,Environmentally Beneficial Subsidies and Payments,1
2003,DNK,Environmentally Beneficial Subsidies and Payments,1
2004,DNK,Environmentally Beneficial Subsidies and Payments,1
2005,DNK,Environmentally Beneficial Subsidies and Payments,1
2006,DNK,Environmentally Beneficial Subsidies and Payments,1
2007,DNK,Environmentally Beneficial Subsidies and Payments,1
2008,DNK,Environmentally Beneficial Subsidies and Payments,1
2009,DNK,Environmentally Beneficial Subsidies and Payments,1
2010,DNK,Environmentally Beneficial Subsidies and Payments,1
2011,DNK,Environmentally Beneficial Subsidies and Payments,1
2012,DNK,Environmentally Beneficial Subsidies and Payments,1
2013,DNK,Environmentally Beneficial Subsidies and Payments,1
2014,DNK,Environmentally Beneficial Subsidies and Payments,1
2015,DNK,Environmentally Beneficial Subsidies and Payments,1
2016,DNK,Environmentally Beneficial Subsidies and Payments,1
2017,DNK,Environmentally Beneficial Subsidies and Payments,1
2018,DNK,Environmentally Beneficial Subsidies and Payments,1
2019,DNK,Environmentally Beneficial Subsidies and Payments,1
2020,DNK,Environmentally Beneficial Subsidies and Payments,1
2021,DNK,Environmentally Beneficial Subsidies and Payments,1
2022,DNK,Environmentally Beneficial Subsidies and Payments,1
2023,DNK,Environmentally Beneficial Subsidies and Payments,1
2024,DNK,Environmentally Beneficial Subsidies and Payments,1
2025,DNK,Environmentally Beneficial Subsidies and Payments,1
2026,DNK,Environmentally Beneficial Subsidies and Payments,1
2004,GNQ,Taxes and Fees,1
2005,GNQ,Taxes and Fees,1
2006,GNQ,Taxes and Fees,1
2007,GNQ,Taxes and Fees,1
2008,GNQ,Taxes and Fees,1
2009,GNQ,Taxes and Fees,1
2010,GNQ,Taxes and Fees,1
2011,GNQ,Taxes and Fees,1
2012,GNQ,Taxes and Fees,1
2013,GNQ,Taxes and Fees,1
2014,GNQ,Taxes and Fees,1
2015,GNQ,Taxes and Fees,1
2016,GNQ,Taxes and Fees,1
2017,GNQ,Taxes and Fees,1
2018,GNQ,Taxes and Fees,1
2019,GNQ,Taxes and Fees,1
2020,GNQ,Taxes and Fees,1
2021,GNQ,Taxes and Fees,1
2022,GNQ,Taxes and Fees,1
2023,GNQ,Taxes and Fees,1
2024,GNQ,Taxes and Fees,1
2025,GNQ,Taxes and Fees,1
2026,GNQ,Taxes and Fees,1
1991,EST,Taxes and Fees,2
1992,EST,Taxes and Fees,2
1993,EST,Taxes and Fees,2
1994,EST,Taxes and Fees,2
1995,EST,Taxes and Fees,2
1996,EST,Taxes and Fees,2
1997,EST,Taxes and Fees,2
1998,EST,Taxes and Fees,2
1999,EST,Taxes and Fees,2
2000,EST,Taxes and Fees,2
2001,EST,Taxes and Fees,2
2002,EST,Taxes and Fees,2
2003,EST,Taxes and Fees,2
2004,EST,Taxes and Fees,2
2005,EST,Taxes and Fees,2
2006,EST,Taxes and Fees,2
2007,EST,Taxes and Fees,2
2008,EST,Taxes and Fees,2
2009,EST,Taxes and Fees,2
2010,EST,Taxes and Fees,2
2011,EST,Taxes and Fees,2
2012,EST,Taxes and Fees,2
2013,EST,Taxes and Fees,2
2014,EST,Taxes and Fees,2
2015,EST,Taxes and Fees,2
2016,EST,Taxes and Fees,2
2017,EST,Taxes and Fees,2
2018,EST,Taxes and Fees,2
2019,EST,Taxes and Fees,2
2020,EST,Taxes and Fees,2
2021,EST,Taxes and Fees,2
2022,EST,Taxes and Fees,2
2023,EST,Taxes and Fees,2
2024,EST,Taxes and Fees,2
2025,EST,Taxes and Fees,2
2026,EST,Taxes and Fees,2
1990,FIN,Taxes and Fees,2
1991,FIN,Taxes and Fees,2
1992,FIN,Taxes and Fees,2
1993,FIN,Taxes and Fees,2
1994,FIN,Taxes and Fees,2
1995,FIN,Taxes and Fees,2
1996,FIN,Taxes and Fees,2
1997,FIN,Taxes and Fees,2
1998,FIN,Taxes and Fees,2
1999,FIN,Taxes and Fees,2
2000,FIN,Taxes and Fees,4
2001,FIN,Taxes and Fees,4
2002,FIN,Taxes and Fees,4
2003,FIN,Taxes and Fees,4
2004,FIN,Taxes and Fees,4
2005,FIN,Taxes and Fees,4
2006,FIN,Taxes and Fees,4
2007,FIN,Taxes and Fees,4
2008,FIN,Taxes and Fees,4
2009,FIN,Taxes and Fees,4
2010,FIN,Taxes and Fees,4
2011,FIN,Taxes and Fees,4
2012,FIN,Taxes and Fees,4
2013,FIN,Taxes and Fees,4
2014,FIN,Taxes and Fees,4
2015,FIN,Taxes and Fees,4
2016,FIN,Taxes and Fees,5
2017,FIN,Taxes and Fees,5
2018,FIN,Taxes and Fees,5
2019,FIN,Taxes and Fees,5
2020,FIN,Taxes and Fees,5
2021,FIN,Taxes and Fees,5
2022,FIN,Taxes and Fees,5
2023,FIN,Taxes and Fees,5
2024,FIN,Taxes and Fees,5
2025,FIN,Taxes and Fees,5
2026,FIN,Taxes and Fees,5
1990,FIN,Environmentally Beneficial Subsidies and Payments,1
1991,FIN,Environmentally Beneficial Subsidies and Payments,1
1992,FIN,Environmentally Beneficial Subsidies and Payments,1
1993,FIN,Environmentally Beneficial Subsidies and Payments,1
1994,FIN,Environmentally Beneficial Subsidies and Payments,1
1995,FIN,Environmentally Beneficial Subsidies and Payments,1
1996,FIN,Environmentally Beneficial Subsidies and Payments,1
1997,FIN,Environmentally Beneficial Subsidies and Payments,1
1998,FIN,Environmentally Beneficial Subsidies and Payments,1
1999,FIN,Environmentally Beneficial Subsidies and Payments,1
2000,FIN,Environmentally Beneficial Subsidies and Payments,1
2001,FIN,Environmentally Beneficial Subsidies and Payments,1
2002,FIN,Environmentally Beneficial Subsidies and Payments,1
2003,FIN,Environmentally Beneficial Subsidies and Payments,1
2004,FIN,Environmentally Beneficial Subsidies and Payments,2
2005,FIN,Environmentally Beneficial Subsidies and Payments,2
2006,FIN,Environmentally Beneficial Subsidies and Payments,2
2007,FIN,Environmentally Beneficial Subsidies and Payments,2
2008,FIN,Environmentally Beneficial Subsidies and Payments,2
2009,FIN,Environmentally Beneficial Subsidies and Payments,2
2010,FIN,Environmentally Beneficial Subsidies and Payments,2
2011,FIN,Environmentally Beneficial Subsidies and Payments,2
2012,FIN,Environmentally Beneficial Subsidies and Payments,2
2013,FIN,Environmentally Beneficial Subsidies and Payments,2
2014,FIN,Environmentally Beneficial Subsidies and Payments,2
2015,FIN,Environmentally Beneficial Subsidies and Payments,4
2016,FIN,Environmentally Beneficial Subsidies and Payments,4
2017,FIN,Environmentally Beneficial Subsidies and Payments,4
2018,FIN,Environmentally Beneficial Subsidies and Payments,4
2019,FIN,Environmentally Beneficial Subsidies and Payments,4
2020,FIN,Environmentally Beneficial Subsidies and Payments,4
2021,FIN,Environmentally Beneficial Subsidies and Payments,4
2022,FIN,Environmentally Beneficial Subsidies and Payments,4
2023,FIN,Environmentally Beneficial Subsidies and Payments,4
2024,FIN,Environmentally Beneficial Subsidies and Payments,4
2025,FIN,Environmentally Beneficial Subsidies and Payments,4
2026,FIN,Environmentally Beneficial Subsidies and Payments,4
2003,FRA,Taxes and Fees,4
2004,FRA,Taxes and Fees,4
2005,FRA,Taxes and Fees,5
2006,FRA,Taxes and Fees,5
2007,FRA,Taxes and Fees,5
2008,FRA,Taxes and Fees,5
2009,FRA,Taxes and Fees,5
2010,FRA,Taxes and Fees,5
2011,FRA,Taxes and Fees,5
2012,FRA,Taxes and Fees,5
2013,FRA,Taxes and Fees,5
2014,FRA,Taxes and Fees,5
2015,FRA,Taxes and Fees,5
2016,FRA,Taxes and Fees,5
2017,FRA,Taxes and Fees,5
2018,FRA,Taxes and Fees,5
2019,FRA,Taxes and Fees,5
2020,FRA,Taxes and Fees,5
2021,FRA,Taxes and Fees,5
2022,FRA,Taxes and Fees,5
2023,FRA,Taxes and Fees,5
2024,FRA,Taxes and Fees,5
2025,FRA,Taxes and Fees,5
2026,FRA,Taxes and Fees,5
1990,FRA,Taxes and Fees,1
1991,FRA,Taxes and Fees,1
1992,FRA,Taxes and Fees,1
1993,FRA,Taxes and Fees,1
1994,FRA,Taxes and Fees,1
1995,FRA,Taxes and Fees,3
1996,FRA,Taxes and Fees,3
1997,FRA,Taxes and Fees,3
1998,FRA,Taxes and Fees,3
1999,FRA,Taxes and Fees,3
2000,FRA,Taxes and Fees,3
2001,FRA,Taxes and Fees,3
2002,FRA,Taxes and Fees,3
1996,FRA,Environmentally Beneficial Subsidies and Payments,1
1997,FRA,Environmentally Beneficial Subsidies and Payments,1
1998,FRA,Environmentally Beneficial Subsidies and Payments,1
1999,FRA,Environmentally Beneficial Subsidies and Payments,1
2000,FRA,Environmentally Beneficial Subsidies and Payments,1
2001,FRA,Environmentally Beneficial Subsidies and Payments,1
2002,FRA,Environmentally Beneficial Subsidies and Payments,1
2003,FRA,Environmentally Beneficial Subsidies and Payments,1
2004,FRA,Environmentally Beneficial Subsidies and Payments,1
2005,FRA,Environmentally Beneficial Subsidies and Payments,1
2006,FRA,Environmentally Beneficial Subsidies and Payments,2
2007,FRA,Environmentally Beneficial Subsidies and Payments,2
2008,FRA,Environmentally Beneficial Subsidies and Payments,2
2009,FRA,Environmentally Beneficial Subsidies and Payments,2
2010,FRA,Environmentally Beneficial Subsidies and Payments,2
2011,FRA,Environmentally Beneficial Subsidies and Payments,2
2012,FRA,Environmentally Beneficial Subsidies and Payments,2
2013,FRA,Environmentally Beneficial Subsidies and Payments,2
2014,FRA,Environmentally Beneficial Subsidies and Payments,2
2015,FRA,Environmentally Beneficial Subsidies and Payments,2
2016,FRA,Environmentally Beneficial Subsidies and Payments,2
2017,FRA,Environmentally Beneficial Subsidies and Payments,2
2018,FRA,Environmentally Beneficial Subsidies and Payments,2
2019,FRA,Environmentally Beneficial Subsidies and Payments,2
2020,FRA,Environmentally Beneficial Subsidies and Payments,2
2021,FRA,Environmentally Beneficial Subsidies and Payments,2
2022,FRA,Environmentally Beneficial Subsidies and Payments,2
2023,FRA,Environmentally Beneficial Subsidies and Payments,2
2024,FRA,Environmentally Beneficial Subsidies and Payments,2
2025,FRA,Environmentally Beneficial Subsidies and Payments,2
2026,FRA,Environmentally Beneficial Subsidies and Payments,2
1990,DEU,Taxes and Fees,1
1991,DEU,Taxes and Fees,1
1992,DEU,Taxes and Fees,1
1993,DEU,Taxes and Fees,1
1994,DEU,Taxes and Fees,1
1995,DEU,Taxes and Fees,1
1996,DEU,Taxes and Fees,1
1997,DEU,Taxes and Fees,1
1998,DEU,Taxes and Fees,1
1999,DEU,Taxes and Fees,1
2000,DEU,Taxes and Fees,1
2001,DEU,Taxes and Fees,1
2002,DEU,Taxes and Fees,1
2003,DEU,Taxes and Fees,1
2004,DEU,Taxes and Fees,1
2005,DEU,Taxes and Fees,1
2006,DEU,Taxes and Fees,1
2007,DEU,Taxes and Fees,1
2008,DEU,Taxes and Fees,1
2009,DEU,Taxes and Fees,1
2010,DEU,Taxes and Fees,1
2011,DEU,Taxes and Fees,1
2012,DEU,Taxes and Fees,1
2013,DEU,Taxes and Fees,1
2014,DEU,Taxes and Fees,1
2015,DEU,Taxes and Fees,1
2016,DEU,Taxes and Fees,1
2017,DEU,Taxes and Fees,1
2018,DEU,Taxes and Fees,1
2019,DEU,Taxes and Fees,1
2020,DEU,Taxes and Fees,1
2021,DEU,Taxes and Fees,1
2022,DEU,Taxes and Fees,1
2023,DEU,Taxes and Fees,1
2024,DEU,Taxes and Fees,1
2025,DEU,Taxes and Fees,1
2026,DEU,Taxes and Fees,1
1994,GRC,Taxes and Fees,1
1995,GRC,Taxes and Fees,1
1996,GRC,Taxes and Fees,1
1997,GRC,Taxes and Fees,1
1998,GRC,Taxes and Fees,1
1999,GRC,Taxes and Fees,1
2000,GRC,Taxes and Fees,1
2001,GRC,Taxes and Fees,1
2002,GRC,Taxes and Fees,1
2003,GRC,Taxes and Fees,1
2004,GRC,Taxes and Fees,1
2005,GRC,Taxes and Fees,1
2006,GRC,Taxes and Fees,1
2007,GRC,Taxes and Fees,1
2008,GRC,Taxes and Fees,1
2009,GRC,Taxes and Fees,1
2010,GRC,Taxes and Fees,1
2011,GRC,Taxes and Fees,1
2012,GRC,Taxes and Fees,1
2013,GRC,Taxes and Fees,1
2014,GRC,Taxes and Fees,1
2015,GRC,Taxes and Fees,1
2016,GRC,Taxes and Fees,1
2017,GRC,Taxes and Fees,1
2018,GRC,Taxes and Fees,1
2019,GRC,Taxes and Fees,1
2020,GRC,Taxes and Fees,1
2021,GRC,Taxes and Fees,1
2022,GRC,Taxes and Fees,1
2023,GRC,Taxes and Fees,1
2024,GRC,Taxes and Fees,1
2025,GRC,Taxes and Fees,1
2026,GRC,Taxes and Fees,1
1990,ISL,Taxes and Fees,2
1991,ISL,Taxes and Fees,2
1992,ISL,Taxes and Fees,2
1993,ISL,Taxes and Fees,2
1994,ISL,Taxes and Fees,2
1995,ISL,Taxes and Fees,2
1996,ISL,Taxes and Fees,2
1997,ISL,Taxes and Fees,2
1998,ISL,Taxes and Fees,2
1999,ISL,Taxes and Fees,2
2000,ISL,Taxes and Fees,2
2001,ISL,Taxes and Fees,2
2002,ISL,Taxes and Fees,2
2003,ISL,Taxes and Fees,2
2004,ISL,Taxes and Fees,2
2005,ISL,Taxes and Fees,2
2006,ISL,Taxes and Fees,2
2007,ISL,Taxes and Fees,2
2008,ISL,Taxes and Fees,2
2009,ISL,Taxes and Fees,2
2010,ISL,Taxes and Fees,2
2011,ISL,Taxes and Fees,2
2012,ISL,Taxes and Fees,3
2013,ISL,Taxes and Fees,3
2014,ISL,Taxes and Fees,3
2015,ISL,Taxes and Fees,3
2016,ISL,Taxes and Fees,3
2017,ISL,Taxes and Fees,3
2018,ISL,Taxes and Fees,3
2019,ISL,Taxes and Fees,3
2020,ISL,Taxes and Fees,4
2021,ISL,Taxes and Fees,4
2022,ISL,Taxes and Fees,4
2023,ISL,Taxes and Fees,4
2024,ISL,Taxes and Fees,4
2025,ISL,Taxes and Fees,4
2026,ISL,Taxes and Fees,4
1997,IND,Environmentally Beneficial Subsidies and Payments,1
1998,IND,Environmentally Beneficial Subsidies and Payments,1
1999,IND,Environmentally Beneficial Subsidies and Payments,1
2000,IND,Environmentally Beneficial Subsidies and Payments,1
2001,IND,Environmentally Beneficial Subsidies and Payments,1
2002,IND,Environmentally Beneficial Subsidies and Payments,1
2003,IND,Environmentally Beneficial Subsidies and Payments,1
2004,IND,Environmentally Beneficial Subsidies and Payments,1
2005,IND,Environmentally Beneficial Subsidies and Payments,1
2006,IND,Environmentally Beneficial Subsidies and Payments,1
2007,IND,Environmentally Beneficial Subsidies and Payments,1
2008,IND,Environmentally Beneficial Subsidies and Payments,1
2009,IND,Environmentally Beneficial Subsidies and Payments,1
2010,IND,Environmentally Beneficial Subsidies and Payments,1
2011,IND,Environmentally Beneficial Subsidies and Payments,1
2012,IND,Environmentally Beneficial Subsidies and Payments,1
2013,IND,Environmentally Beneficial Subsidies and Payments,1
2014,IND,Environmentally Beneficial Subsidies and Payments,1
2015,IND,Environmentally Beneficial Subsidies and Payments,1
2016,IND,Environmentally Beneficial Subsidies and Payments,1
2017,IND,Environmentally Beneficial Subsidies and Payments,1
2018,IND,Environmentally Beneficial Subsidies and Payments,1
2019,IND,Environmentally Beneficial Subsidies and Payments,1
2020,IND,Environmentally Beneficial Subsidies and Payments,1
2021,IND,Environmentally Beneficial Subsidies and Payments,1
2022,IND,Environmentally Beneficial Subsidies and Payments,1
2023,IND,Environmentally Beneficial Subsidies and Payments,1
2024,IND,Environmentally Beneficial Subsidies and Payments,1
2025,IND,Environmentally Beneficial Subsidies and Payments,1
2026,IND,Environmentally Beneficial Subsidies and Payments,1
2009,IDN,Taxes and Fees,12
2010,IDN,Taxes and Fees,12
2011,IDN,Taxes and Fees,12
2012,IDN,Taxes and Fees,12
2013,IDN,Taxes and Fees,12
2014,IDN,Taxes and Fees,12
2015,IDN,Taxes and Fees,12
2016,IDN,Taxes and Fees,12
2017,IDN,Taxes and Fees,12
2018,IDN,Taxes and Fees,12
2019,IDN,Taxes and Fees,12
2020,IDN,Taxes and Fees,12
2021,IDN,Taxes and Fees,12
2022,IDN,Taxes and Fees,12
2023,IDN,Taxes and Fees,12
2024,IDN,Taxes and Fees,12
2025,IDN,Taxes and Fees,12
2026,IDN,Taxes and Fees,12
2000,IDN,Taxes and Fees,5
2001,IDN,Taxes and Fees,5
2002,IDN,Taxes and Fees,5
2003,IDN,Taxes and Fees,11
2004,IDN,Taxes and Fees,11
2005,IDN,Taxes and Fees,11
2006,IDN,Taxes and Fees,11
2007,IDN,Taxes and Fees,11
2008,IDN,Taxes and Fees,11
2002,IDN,Environmentally Beneficial Subsidies and Payments,2
2003,IDN,Environmentally Beneficial Subsidies and Payments,2
2004,IDN,Environmentally Beneficial Subsidies and Payments,2
2005,IDN,Environmentally Beneficial Subsidies and Payments,2
2006,IDN,Environmentally Beneficial Subsidies and Payments,2
2007,IDN,Environmentally Beneficial Subsidies and Payments,3
2008,IDN,Environmentally Beneficial Subsidies and Payments,3
2009,IDN,Environmentally Beneficial Subsidies and Payments,3
2010,IDN,Environmentally Beneficial Subsidies and Payments,3
2011,IDN,Environmentally Beneficial Subsidies and Payments,3
2012,IDN,Environmentally Beneficial Subsidies and Payments,3
2013,IDN,Environmentally Beneficial Subsidies and Payments,3
2014,IDN,Environmentally Beneficial Subsidies and Payments,3
2015,IDN,Environmentally Beneficial Subsidies and Payments,3
2016,IDN,Environmentally Beneficial Subsidies and Payments,3
2017,IDN,Environmentally Beneficial Subsidies and Payments,3
2018,IDN,Environmentally Beneficial Subsidies and Payments,3
2019,IDN,Environmentally Beneficial Subsidies and Payments,3
2020,IDN,Environmentally Beneficial Subsidies and Payments,3
2021,IDN,Environmentally Beneficial Subsidies and Payments,3
2022,IDN,Environmentally Beneficial Subsidies and Payments,3
2023,IDN,Environmentally Beneficial Subsidies and Payments,3
2024,IDN,Environmentally Beneficial Subsidies and Payments,3
2025,IDN,Environmentally Beneficial Subsidies and Payments,3
2026,IDN,Environmentally Beneficial Subsidies and Payments,3
2000,IRL,Taxes and Fees,1
2001,IRL,Taxes and Fees,1
2002,IRL,Taxes and Fees,1
2003,IRL,Taxes and Fees,1
2004,IRL,Taxes and Fees,1
2005,IRL,Taxes and Fees,1
2006,IRL,Taxes and Fees,1
2007,IRL,Taxes and Fees,1
2008,IRL,Taxes and Fees,1
2009,IRL,Taxes and Fees,1
2010,IRL,Taxes and Fees,1
2011,IRL,Taxes and Fees,1
2012,IRL,Taxes and Fees,1
2013,IRL,Taxes and Fees,1
2014,IRL,Taxes and Fees,1
2015,IRL,Taxes and Fees,1
2016,IRL,Taxes and Fees,1
2017,IRL,Taxes and Fees,1
2018,IRL,Taxes and Fees,1
2019,IRL,Taxes and Fees,1
2020,IRL,Taxes and Fees,1
2021,IRL,Taxes and Fees,1
2022,IRL,Taxes and Fees,1
2023,IRL,Taxes and Fees,1
2024,IRL,Taxes and Fees,1
2025,IRL,Taxes and Fees,1
2026,IRL,Taxes and Fees,1
2012,IRL,Environmentally Beneficial Subsidies and Payments,3
2013,IRL,Environmentally Beneficial Subsidies and Payments,3
2014,IRL,Environmentally Beneficial Subsidies and Payments,3
2015,IRL,Environmentally Beneficial Subsidies and Payments,3
2016,IRL,Environmentally Beneficial Subsidies and Payments,3
2017,IRL,Environmentally Beneficial Subsidies and Payments,3
2018,IRL,Environmentally Beneficial Subsidies and Payments,3
2019,IRL,Environmentally Beneficial Subsidies and Payments,3
2020,IRL,Environmentally Beneficial Subsidies and Payments,3
2021,IRL,Environmentally Beneficial Subsidies and Payments,3
2022,IRL,Environmentally Beneficial Subsidies and Payments,3
2023,IRL,Environmentally Beneficial Subsidies and Payments,3
2024,IRL,Environmentally Beneficial Subsidies and Payments,3
2025,IRL,Environmentally Beneficial Subsidies and Payments,3
2026,IRL,Environmentally Beneficial Subsidies and Payments,3
2007,IRL,Environmentally Beneficial Subsidies and Payments,1
2008,IRL,Environmentally Beneficial Subsidies and Payments,2
2009,IRL,Environmentally Beneficial Subsidies and Payments,2
2010,IRL,Environmentally Beneficial Subsidies and Payments,2
2011,IRL,Environmentally Beneficial Subsidies and Payments,2
1990,ISR,Taxes and Fees,3
1991,ISR,Taxes and Fees,3
1992,ISR,Taxes and Fees,3
1993,ISR,Taxes and Fees,3
1994,ISR,Taxes and Fees,3
1995,ISR,Taxes and Fees,3
1996,ISR,Taxes and Fees,3
1997,ISR,Taxes and Fees,3
1998,ISR,Taxes and Fees,3
1999,ISR,Taxes and Fees,3
2000,ISR,Taxes and Fees,3
2001,ISR,Taxes and Fees,3
2002,ISR,Taxes and Fees,3
2003,ISR,Taxes and Fees,3
2004,ISR,Taxes and Fees,3
2005,ISR,Taxes and Fees,3
2006,ISR,Taxes and Fees,3
2007,ISR,Taxes and Fees,3
2008,ISR,Taxes and Fees,3
2009,ISR,Taxes and Fees,3
2010,ISR,Taxes and Fees,3
2011,ISR,Taxes and Fees,3
2012,ISR,Taxes and Fees,3
2013,ISR,Taxes and Fees,3
2014,ISR,Taxes and Fees,3
2015,ISR,Taxes and Fees,3
2016,ISR,Taxes and Fees,3
2017,ISR,Taxes and Fees,3
2018,ISR,Taxes and Fees,3
2019,ISR,Taxes and Fees,3
2020,ISR,Taxes and Fees,3
2021,ISR,Taxes and Fees,3
2022,ISR,Taxes and Fees,3
2023,ISR,Taxes and Fees,3
2024,ISR,Taxes and Fees,3
2025,ISR,Taxes and Fees,3
2026,ISR,Taxes and Fees,3
1990,ISR,Environmentally Beneficial Subsidies and Payments,1
1991,ISR,Environmentally Beneficial Subsidies and Payments,1
1992,ISR,Environmentally Beneficial Subsidies and Payments,1
1993,ISR,Environmentally Beneficial Subsidies and Payments,1
1994,ISR,Environmentally Beneficial Subsidies and Payments,1
1995,ISR,Environmentally Beneficial Subsidies and Payments,1
1996,ISR,Environmentally Beneficial Subsidies and Payments,1
1997,ISR,Environmentally Beneficial Subsidies and Payments,1
1998,ISR,Environmentally Beneficial Subsidies and Payments,1
1999,ISR,Environmentally Beneficial Subsidies and Payments,1
2000,ISR,Environmentally Beneficial Subsidies and Payments,1
2001,ISR,Environmentally Beneficial Subsidies and Payments,1
2002,ISR,Environmentally Beneficial Subsidies and Payments,1
2003,ISR,Environmentally Beneficial Subsidies and Payments,1
2004,ISR,Environmentally Beneficial Subsidies and Payments,1
2005,ISR,Environmentally Beneficial Subsidies and Payments,2
2006,ISR,Environmentally Beneficial Subsidies and Payments,2
2007,ISR,Environmentally Beneficial Subsidies and Payments,2
2008,ISR,Environmentally Beneficial Subsidies and Payments,2
2009,ISR,Environmentally Beneficial Subsidies and Payments,2
2010,ISR,Environmentally Beneficial Subsidies and Payments,2
2011,ISR,Environmentally Beneficial Subsidies and Payments,2
2012,ISR,Environmentally Beneficial Subsidies and Payments,2
2013,ISR,Environmentally Beneficial Subsidies and Payments,2
2014,ISR,Environmentally Beneficial Subsidies and Payments,2
2015,ISR,Environmentally Beneficial Subsidies and Payments,2
2016,ISR,Environmentally Beneficial Subsidies and Payments,2
2017,ISR,Environmentally Beneficial Subsidies and Payments,2
2018,ISR,Environmentally Beneficial Subsidies and Payments,2
2019,ISR,Environmentally Beneficial Subsidies and Payments,2
2020,ISR,Environmentally Beneficial Subsidies and Payments,2
2021,ISR,Environmentally Beneficial Subsidies and Payments,2
2022,ISR,Environmentally Beneficial Subsidies and Payments,2
2023,ISR,Environmentally Beneficial Subsidies and Payments,2
2024,ISR,Environmentally Beneficial Subsidies and Payments,2
2025,ISR,Environmentally Beneficial Subsidies and Payments,2
2026,ISR,Environmentally Beneficial Subsidies and Payments,2
2010,KEN,Taxes and Fees,1
2011,KEN,Taxes and Fees,1
2012,KEN,Taxes and Fees,1
2013,KEN,Taxes and Fees,1
2014,KEN,Taxes and Fees,1
2015,KEN,Taxes and Fees,1
2016,KEN,Taxes and Fees,1
2017,KEN,Taxes and Fees,1
2018,KEN,Taxes and Fees,1
2019,KEN,Taxes and Fees,1
2020,KEN,Taxes and Fees,1
2021,KEN,Taxes and Fees,1
2022,KEN,Taxes and Fees,1
2023,KEN,Taxes and Fees,1
2024,KEN,Taxes and Fees,1
2025,KEN,Taxes and Fees,1
2026,KEN,Taxes and Fees,1
1990,KOR,Taxes and Fees,5
1991,KOR,Taxes and Fees,5
1992,KOR,Taxes and Fees,5
1993,KOR,Taxes and Fees,5
1994,KOR,Taxes and Fees,5
1995,KOR,Taxes and Fees,6
1996,KOR,Taxes and Fees,6
1997,KOR,Taxes and Fees,7
1998,KOR,Taxes and Fees,7
1999,KOR,Taxes and Fees,7
2000,KOR,Taxes and Fees,7
2001,KOR,Taxes and Fees,7
2002,KOR,Taxes and Fees,8
2003,KOR,Taxes and Fees,8
2004,KOR,Taxes and Fees,8
2005,KOR,Taxes and Fees,8
2006,KOR,Taxes and Fees,8
2007,KOR,Taxes and Fees,9
2008,KOR,Taxes and Fees,10
2009,KOR,Taxes and Fees,10
2010,KOR,Taxes and Fees,10
2011,KOR,Taxes and Fees,12
2012,KOR,Taxes and Fees,12
2013,KOR,Taxes and Fees,12
2014,KOR,Taxes and Fees,12
2015,KOR,Taxes and Fees,12
2016,KOR,Taxes and Fees,12
2017,KOR,Taxes and Fees,12
2018,KOR,Taxes and Fees,12
2019,KOR,Taxes and Fees,12
2020,KOR,Taxes and Fees,12
2021,KOR,Taxes and Fees,12
2022,KOR,Taxes and Fees,12
2023,KOR,Taxes and Fees,12
2024,KOR,Taxes and Fees,12
2025,KOR,Taxes and Fees,12
2026,KOR,Taxes and Fees,12
2009,LAO,Taxes and Fees,3
2010,LAO,Taxes and Fees,3
2011,LAO,Taxes and Fees,3
2012,LAO,Taxes and Fees,3
2013,LAO,Taxes and Fees,3
2014,LAO,Taxes and Fees,3
2015,LAO,Taxes and Fees,3
2016,LAO,Taxes and Fees,3
2017,LAO,Taxes and Fees,3
2018,LAO,Taxes and Fees,3
2019,LAO,Taxes and Fees,3
2020,LAO,Taxes and Fees,3
2021,LAO,Taxes and Fees,3
2022,LAO,Taxes and Fees,3
2023,LAO,Taxes and Fees,3
2024,LAO,Taxes and Fees,3
2025,LAO,Taxes and Fees,3
2026,LAO,Taxes and Fees,3
1990,LAO,Taxes and Fees,2
1991,LAO,Taxes and Fees,2
1992,LAO,Taxes and Fees,2
1993,LAO,Taxes and Fees,2
1994,LAO,Taxes and Fees,2
1995,LAO,Taxes and Fees,2
1996,LAO,Taxes and Fees,2
1997,LAO,Taxes and Fees,2
1998,LAO,Taxes and Fees,2
1999,LAO,Taxes and Fees,2
2000,LAO,Taxes and Fees,2
2001,LAO,Taxes and Fees,2
2002,LAO,Taxes and Fees,2
2003,LAO,Taxes and Fees,2
2004,LAO,Taxes and Fees,2
2005,LAO,Taxes and Fees,2
2006,LAO,Taxes and Fees,2
2007,LAO,Taxes and Fees,2
2008,LAO,Taxes and Fees,2
1995,LVA,Taxes and Fees,1
1996,LVA,Taxes and Fees,1
1997,LVA,Taxes and Fees,1
1998,LVA,Taxes and Fees,1
1999,LVA,Taxes and Fees,1
2000,LVA,Taxes and Fees,1
2001,LVA,Taxes and Fees,1
2002,LVA,Taxes and Fees,2
2003,LVA,Taxes and Fees,2
2004,LVA,Taxes and Fees,2
2005,LVA,Taxes and Fees,2
2006,LVA,Taxes and Fees,2
2007,LVA,Taxes and Fees,3
2008,LVA,Taxes and Fees,3
2009,LVA,Taxes and Fees,3
2010,LVA,Taxes and Fees,3
2011,LVA,Taxes and Fees,3
2012,LVA,Taxes and Fees,3
2013,LVA,Taxes and Fees,3
2014,LVA,Taxes and Fees,3
2015,LVA,Taxes and Fees,3
2016,LVA,Taxes and Fees,3
2017,LVA,Taxes and Fees,3
2018,LVA,Taxes and Fees,3
2019,LVA,Taxes and Fees,3
2020,LVA,Taxes and Fees,3
2021,LVA,Taxes and Fees,3
2022,LVA,Taxes and Fees,3
2023,LVA,Taxes and Fees,3
2024,LVA,Taxes and Fees,3
2025,LVA,Taxes and Fees,3
2026,LVA,Taxes and Fees,3
2000,LTU,Taxes and Fees,2
2001,LTU,Taxes and Fees,2
2002,LTU,Taxes and Fees,2
2003,LTU,Taxes and Fees,2
2004,LTU,Taxes and Fees,3
2005,LTU,Taxes and Fees,3
2006,LTU,Taxes and Fees,3
2007,LTU,Taxes and Fees,3
2008,LTU,Taxes and Fees,3
2009,LTU,Taxes and Fees,3
2010,LTU,Taxes and Fees,3
2011,LTU,Taxes and Fees,3
2012,LTU,Taxes and Fees,3
2013,LTU,Taxes and Fees,3
2014,LTU,Taxes and Fees,3
2015,LTU,Taxes and Fees,3
2016,LTU,Taxes and Fees,3
2017,LTU,Taxes and Fees,3
2018,LTU,Taxes and Fees,3
2019,LTU,Taxes and Fees,3
2020,LTU,Taxes and Fees,3
2021,LTU,Taxes and Fees,3
2022,LTU,Taxes and Fees,3
2023,LTU,Taxes and Fees,3
2024,LTU,Taxes and Fees,3
2025,LTU,Taxes and Fees,3
2026,LTU,Taxes and Fees,3
1991,LTU,Taxes and Fees,1
1992,LTU,Taxes and Fees,1
1993,LTU,Taxes and Fees,1
1994,LTU,Taxes and Fees,1
1995,LTU,Taxes and Fees,1
1996,LTU,Taxes and Fees,1
1997,LTU,Taxes and Fees,1
1998,LTU,Taxes and Fees,1
1999,LTU,Taxes and Fees,1
2011,MYS,Taxes and Fees,11
2012,MYS,Taxes and Fees,11
2013,MYS,Taxes and Fees,11
2014,MYS,Taxes and Fees,11
2015,MYS,Taxes and Fees,11
2016,MYS,Taxes and Fees,11
2017,MYS,Taxes and Fees,13
2018,MYS,Taxes and Fees,13
2019,MYS,Taxes and Fees,13
2020,MYS,Taxes and Fees,13
2021,MYS,Taxes and Fees,13
2022,MYS,Taxes and Fees,13
2023,MYS,Taxes and Fees,13
2024,MYS,Taxes and Fees,13
2025,MYS,Taxes and Fees,13
2026,MYS,Taxes and Fees,13
1990,MYS,Taxes and Fees,8
1991,MYS,Taxes and Fees,8
1992,MYS,Taxes and Fees,8
1993,MYS,Taxes and Fees,8
1994,MYS,Taxes and Fees,8
1995,MYS,Taxes and Fees,8
1996,MYS,Taxes and Fees,8
1997,MYS,Taxes and Fees,8
1998,MYS,Taxes and Fees,8
1999,MYS,Taxes and Fees,8
2000,MYS,Taxes and Fees,8
2001,MYS,Taxes and Fees,8
2002,MYS,Taxes and Fees,8
2003,MYS,Taxes and Fees,8
2004,MYS,Taxes and Fees,8
2005,MYS,Taxes and Fees,8
2006,MYS,Taxes and Fees,8
2007,MYS,Taxes and Fees,8
2008,MYS,Taxes and Fees,8
2009,MYS,Taxes and Fees,8
2010,MYS,Taxes and Fees,10
1990,MLT,Taxes and Fees,2
1991,MLT,Taxes and Fees,2
1992,MLT,Taxes and Fees,2
1993,MLT,Taxes and Fees,2
1994,MLT,Taxes and Fees,2
1995,MLT,Taxes and Fees,2
1996,MLT,Taxes and Fees,2
1997,MLT,Taxes and Fees,2
1998,MLT,Taxes and Fees,3
1999,MLT,Taxes and Fees,3
2000,MLT,Taxes and Fees,3
2001,MLT,Taxes and Fees,3
2002,MLT,Taxes and Fees,3
2003,MLT,Taxes and Fees,3
2004,MLT,Taxes and Fees,3
2005,MLT,Taxes and Fees,4
2006,MLT,Taxes and Fees,4
2007,MLT,Taxes and Fees,4
2008,MLT,Taxes and Fees,4
2009,MLT,Taxes and Fees,4
2010,MLT,Taxes and Fees,4
2011,MLT,Taxes and Fees,4
2012,MLT,Taxes and Fees,4
2013,MLT,Taxes and Fees,4
2014,MLT,Taxes and Fees,4
2015,MLT,Taxes and Fees,5
2016,MLT,Taxes and Fees,5
2017,MLT,Taxes and Fees,5
2018,MLT,Taxes and Fees,5
2019,MLT,Taxes and Fees,5
2020,MLT,Taxes and Fees,5
2021,MLT,Taxes and Fees,5
2022,MLT,Taxes and Fees,5
2023,MLT,Taxes and Fees,5
2024,MLT,Taxes and Fees,5
2025,MLT,Taxes and Fees,5
2026,MLT,Taxes and Fees,5
2015,MRT,Taxes and Fees,2
2016,MRT,Taxes and Fees,2
2017,MRT,Taxes and Fees,2
2018,MRT,Taxes and Fees,2
2019,MRT,Taxes and Fees,2
2020,MRT,Taxes and Fees,2
2021,MRT,Taxes and Fees,2
2022,MRT,Taxes and Fees,2
2023,MRT,Taxes and Fees,2
2024,MRT,Taxes and Fees,2
2025,MRT,Taxes and Fees,2
2026,MRT,Taxes and Fees,2
1990,MRT,Taxes and Fees,1
1991,MRT,Taxes and Fees,1
1992,MRT,Taxes and Fees,1
1993,MRT,Taxes and Fees,1
1994,MRT,Taxes and Fees,1
1995,MRT,Taxes and Fees,1
1996,MRT,Taxes and Fees,1
1997,MRT,Taxes and Fees,1
1998,MRT,Taxes and Fees,1
1999,MRT,Taxes and Fees,1
2000,MRT,Taxes and Fees,1
2001,MRT,Taxes and Fees,1
2002,MRT,Taxes and Fees,1
2003,MRT,Taxes and Fees,1
2004,MRT,Taxes and Fees,1
2005,MRT,Taxes and Fees,1
2006,MRT,Taxes and Fees,1
2007,MRT,Taxes and Fees,1
2008,MRT,Taxes and Fees,1
2009,MRT,Taxes and Fees,1
2010,MRT,Taxes and Fees,1
2011,MRT,Taxes and Fees,1
2012,MRT,Taxes and Fees,1
2013,MRT,Taxes and Fees,1
2014,MRT,Taxes and Fees,1
2007,MUS,Taxes and Fees,1
2008,MUS,Taxes and Fees,1
2009,MUS,Taxes and Fees,1
2010,MUS,Taxes and Fees,1
2011,MUS,Taxes and Fees,1
2012,MUS,Taxes and Fees,1
2013,MUS,Taxes and Fees,1
2014,MUS,Taxes and Fees,1
2015,MUS,Taxes and Fees,1
2016,MUS,Taxes and Fees,1
2017,MUS,Taxes and Fees,1
2018,MUS,Taxes and Fees,1
2019,MUS,Taxes and Fees,1
2020,MUS,Taxes and Fees,1
2021,MUS,Taxes and Fees,1
2022,MUS,Taxes and Fees,1
2023,MUS,Taxes and Fees,1
2024,MUS,Taxes and Fees,1
2025,MUS,Taxes and Fees,1
2026,MUS,Taxes and Fees,1
1992,MEX,Taxes and Fees,1
1993,MEX,Taxes and Fees,1
1994,MEX,Taxes and Fees,1
1995,MEX,Taxes and Fees,1
1996,MEX,Taxes and Fees,1
1997,MEX,Taxes and Fees,1
1998,MEX,Taxes and Fees,1
1999,MEX,Taxes and Fees,1
2000,MEX,Taxes and Fees,1
2001,MEX,Taxes and Fees,1
2002,MEX,Taxes and Fees,1
2003,MEX,Taxes and Fees,1
2004,MEX,Taxes and Fees,1
2005,MEX,Taxes and Fees,1
2006,MEX,Taxes and Fees,1
2007,MEX,Taxes and Fees,1
2008,MEX,Taxes and Fees,1
2009,MEX,Taxes and Fees,1
2010,MEX,Taxes and Fees,1
2011,MEX,Taxes and Fees,1
2012,MEX,Taxes and Fees,1
2013,MEX,Taxes and Fees,1
2014,MEX,Taxes and Fees,1
2015,MEX,Taxes and Fees,1
2016,MEX,Taxes and Fees,1
2017,MEX,Taxes and Fees,1
2018,MEX,Taxes and Fees,1
2019,MEX,Taxes and Fees,1
2020,MEX,Taxes and Fees,1
2021,MEX,Taxes and Fees,1
2022,MEX,Taxes and Fees,1
2023,MEX,Taxes and Fees,1
2024,MEX,Taxes and Fees,1
2025,MEX,Taxes and Fees,1
2026,MEX,Taxes and Fees,1
2001,MNE,Taxes and Fees,3
2002,MNE,Taxes and Fees,3
2003,MNE,Taxes and Fees,3
2004,MNE,Taxes and Fees,3
2005,MNE,Taxes and Fees,3
2006,MNE,Taxes and Fees,3
2007,MNE,Taxes and Fees,3
2008,MNE,Taxes and Fees,3
2009,MNE,Taxes and Fees,3
2010,MNE,Taxes and Fees,3
2011,MNE,Taxes and Fees,3
2012,MNE,Taxes and Fees,3
2013,MNE,Taxes and Fees,3
2014,MNE,Taxes and Fees,3
2015,MNE,Taxes and Fees,3
2016,MNE,Taxes and Fees,3
2017,MNE,Taxes and Fees,3
2018,MNE,Taxes and Fees,3
2019,MNE,Taxes and Fees,3
2020,MNE,Taxes and Fees,3
2021,MNE,Taxes and Fees,3
2022,MNE,Taxes and Fees,3
2023,MNE,Taxes and Fees,3
2024,MNE,Taxes and Fees,3
2025,MNE,Taxes and Fees,3
2026,MNE,Taxes and Fees,3
1996,MNE,Taxes and Fees,2
1997,MNE,Taxes and Fees,2
1998,MNE,Taxes and Fees,2
1999,MNE,Taxes and Fees,2
2000,MNE,Taxes and Fees,2
1992,MNE,Taxes and Fees,1
1993,MNE,Taxes and Fees,1
1994,MNE,Taxes and Fees,1
1995,MNE,Taxes and Fees,1
1992,MAR,Taxes and Fees,1
1993,MAR,Taxes and Fees,1
1994,MAR,Taxes and Fees,1
1995,MAR,Taxes and Fees,1
1996,MAR,Taxes and Fees,1
1997,MAR,Taxes and Fees,1
1998,MAR,Taxes and Fees,1
1999,MAR,Taxes and Fees,1
2000,MAR,Taxes and Fees,1
2001,MAR,Taxes and Fees,1
2002,MAR,Taxes and Fees,1
2003,MAR,Taxes and Fees,1
2004,MAR,Taxes and Fees,1
2005,MAR,Taxes and Fees,1
2006,MAR,Taxes and Fees,1
2007,MAR,Taxes and Fees,1
2008,MAR,Taxes and Fees,1
2009,MAR,Taxes and Fees,1
2010,MAR,Taxes and Fees,1
2011,MAR,Taxes and Fees,1
2012,MAR,Taxes and Fees,1
2013,MAR,Taxes and Fees,1
2014,MAR,Taxes and Fees,1
2015,MAR,Taxes and Fees,1
2016,MAR,Taxes and Fees,1
2017,MAR,Taxes and Fees,1
2018,MAR,Taxes and Fees,1
2019,MAR,Taxes and Fees,1
2020,MAR,Taxes and Fees,1
2021,MAR,Taxes and Fees,1
2022,MAR,Taxes and Fees,1
2023,MAR,Taxes and Fees,1
2024,MAR,Taxes and Fees,1
2025,MAR,Taxes and Fees,1
2026,MAR,Taxes and Fees,1
2006,MOZ,Taxes and Fees,1
2007,MOZ,Taxes and Fees,1
2008,MOZ,Taxes and Fees,1
2009,MOZ,Taxes and Fees,1
2010,MOZ,Taxes and Fees,1
2011,MOZ,Taxes and Fees,1
2012,MOZ,Taxes and Fees,1
2013,MOZ,Taxes and Fees,1
2014,MOZ,Taxes and Fees,1
2015,MOZ,Taxes and Fees,1
2016,MOZ,Taxes and Fees,1
2017,MOZ,Taxes and Fees,1
2018,MOZ,Taxes and Fees,1
2019,MOZ,Taxes and Fees,1
2020,MOZ,Taxes and Fees,1
2021,MOZ,Taxes and Fees,1
2022,MOZ,Taxes and Fees,1
2023,MOZ,Taxes and Fees,1
2024,MOZ,Taxes and Fees,1
2025,MOZ,Taxes and Fees,1
2026,MOZ,Taxes and Fees,1
1990,MMR,Taxes and Fees,6
1991,MMR,Taxes and Fees,7
1992,MMR,Taxes and Fees,7
1993,MMR,Taxes and Fees,7
1994,MMR,Taxes and Fees,8
1995,MMR,Taxes and Fees,9
1996,MMR,Taxes and Fees,9
1997,MMR,Taxes and Fees,9
1998,MMR,Taxes and Fees,9
1999,MMR,Taxes and Fees,9
2000,MMR,Taxes and Fees,9
2001,MMR,Taxes and Fees,9
2002,MMR,Taxes and Fees,9
2003,MMR,Taxes and Fees,9
2004,MMR,Taxes and Fees,9
2005,MMR,Taxes and Fees,9
2006,MMR,Taxes and Fees,12
2007,MMR,Taxes and Fees,12
2008,MMR,Taxes and Fees,12
2009,MMR,Taxes and Fees,12
2010,MMR,Taxes and Fees,12
2011,MMR,Taxes and Fees,12
2012,MMR,Taxes and Fees,13
2013,MMR,Taxes and Fees,13
2014,MMR,Taxes and Fees,13
2015,MMR,Taxes and Fees,13
2016,MMR,Taxes and Fees,13
2017,MMR,Taxes and Fees,13
2018,MMR,Taxes and Fees,13
2019,MMR,Taxes and Fees,13
2020,MMR,Taxes and Fees,13
2021,MMR,Taxes and Fees,13
2022,MMR,Taxes and Fees,13
2023,MMR,Taxes and Fees,13
2024,MMR,Taxes and Fees,13
2025,MMR,Taxes and Fees,13
2026,MMR,Taxes and Fees,13
1990,NLD,Taxes and Fees,3
1991,NLD,Taxes and Fees,3
1992,NLD,Taxes and Fees,3
1993,NLD,Taxes and Fees,3
1994,NLD,Taxes and Fees,3
1995,NLD,Taxes and Fees,3
1996,NLD,Taxes and Fees,3
1997,NLD,Taxes and Fees,3
1998,NLD,Taxes and Fees,3
1999,NLD,Taxes and Fees,3
2000,NLD,Taxes and Fees,3
2001,NLD,Taxes and Fees,3
2002,NLD,Taxes and Fees,3
2003,NLD,Taxes and Fees,3
2004,NLD,Taxes and Fees,3
2005,NLD,Taxes and Fees,3
2006,NLD,Taxes and Fees,3
2007,NLD,Taxes and Fees,3
2008,NLD,Taxes and Fees,3
2009,NLD,Taxes and Fees,3
2010,NLD,Taxes and Fees,3
2011,NLD,Taxes and Fees,3
2012,NLD,Taxes and Fees,3
2013,NLD,Taxes and Fees,3
2014,NLD,Taxes and Fees,3
2015,NLD,Taxes and Fees,3
2016,NLD,Taxes and Fees,3
2017,NLD,Taxes and Fees,3
2018,NLD,Taxes and Fees,3
2019,NLD,Taxes and Fees,3
2020,NLD,Taxes and Fees,3
2021,NLD,Taxes and Fees,3
2022,NLD,Taxes and Fees,3
2023,NLD,Taxes and Fees,3
2024,NLD,Taxes and Fees,3
2025,NLD,Taxes and Fees,3
2026,NLD,Taxes and Fees,3
2003,NLD,Environmentally Beneficial Subsidies and Payments,1
2004,NLD,Environmentally Beneficial Subsidies and Payments,1
2005,NLD,Environmentally Beneficial Subsidies and Payments,1
2006,NLD,Environmentally Beneficial Subsidies and Payments,1
2007,NLD,Environmentally Beneficial Subsidies and Payments,1
2008,NLD,Environmentally Beneficial Subsidies and Payments,1
2009,NLD,Environmentally Beneficial Subsidies and Payments,1
2010,NLD,Environmentally Beneficial Subsidies and Payments,1
2011,NLD,Environmentally Beneficial Subsidies and Payments,1
2012,NLD,Environmentally Beneficial Subsidies and Payments,1
2013,NLD,Environmentally Beneficial Subsidies and Payments,1
2014,NLD,Environmentally Beneficial Subsidies and Payments,1
2015,NLD,Environmentally Beneficial Subsidies and Payments,1
2016,NLD,Environmentally Beneficial Subsidies and Payments,1
2017,NLD,Environmentally Beneficial Subsidies and Payments,2
2018,NLD,Environmentally Beneficial Subsidies and Payments,2
2019,NLD,Environmentally Beneficial Subsidies and Payments,2
2020,NLD,Environmentally Beneficial Subsidies and Payments,2
2021,NLD,Environmentally Beneficial Subsidies and Payments,2
2022,NLD,Environmentally Beneficial Subsidies and Payments,2
2023,NLD,Environmentally Beneficial Subsidies and Payments,2
2024,NLD,Environmentally Beneficial Subsidies and Payments,2
2025,NLD,Environmentally Beneficial Subsidies and Payments,2
2026,NLD,Environmentally Beneficial Subsidies and Payments,2
1998,NZL,Taxes and Fees,3
1999,NZL,Taxes and Fees,3
2000,NZL,Taxes and Fees,3
2001,NZL,Taxes and Fees,3
2002,NZL,Taxes and Fees,3
2003,NZL,Taxes and Fees,3
2004,NZL,Taxes and Fees,3
2005,NZL,Taxes and Fees,3
2006,NZL,Taxes and Fees,3
2007,NZL,Taxes and Fees,3
2008,NZL,Taxes and Fees,3
2009,NZL,Taxes and Fees,3
2010,NZL,Taxes and Fees,3
2011,NZL,Taxes and Fees,3
2012,NZL,Taxes and Fees,3
2013,NZL,Taxes and Fees,3
2014,NZL,Taxes and Fees,3
2015,NZL,Taxes and Fees,3
2016,NZL,Taxes and Fees,3
2017,NZL,Taxes and Fees,3
2018,NZL,Taxes and Fees,3
2019,NZL,Taxes and Fees,3
2020,NZL,Taxes and Fees,3
2021,NZL,Taxes and Fees,3
2022,NZL,Taxes and Fees,3
2023,NZL,Taxes and Fees,3
2024,NZL,Taxes and Fees,3
2025,NZL,Taxes and Fees,3
2026,NZL,Taxes and Fees,3
1992,NZL,Taxes and Fees,1
1993,NZL,Taxes and Fees,2
1994,NZL,Taxes and Fees,2
1995,NZL,Taxes and Fees,2
1996,NZL,Taxes and Fees,2
1997,NZL,Taxes and Fees,2
2007,NOR,Taxes and Fees,3
2008,NOR,Taxes and Fees,3
2009,NOR,Taxes and Fees,4
2010,NOR,Taxes and Fees,4
2011,NOR,Taxes and Fees,4
2012,NOR,Taxes and Fees,4
2013,NOR,Taxes and Fees,4
2014,NOR,Taxes and Fees,5
2015,NOR,Taxes and Fees,5
2016,NOR,Taxes and Fees,5
2017,NOR,Taxes and Fees,6
2018,NOR,Taxes and Fees,6
2019,NOR,Taxes and Fees,6
2020,NOR,Taxes and Fees,6
2021,NOR,Taxes and Fees,8
2022,NOR,Taxes and Fees,8
2023,NOR,Taxes and Fees,8
2024,NOR,Taxes and Fees,8
2025,NOR,Taxes and Fees,8
2026,NOR,Taxes and Fees,8
2005,NOR,Taxes and Fees,1
2006,NOR,Taxes and Fees,1
2018,NOR,Environmentally Beneficial Subsidies and Payments,1
2019,NOR,Environmentally Beneficial Subsidies and Payments,1
2020,NOR,Environmentally Beneficial Subsidies and Payments,1
2021,NOR,Environmentally Beneficial Subsidies and Payments,1
2022,NOR,Environmentally Beneficial Subsidies and Payments,1
2023,NOR,Environmentally Beneficial Subsidies and Payments,1
2024,NOR,Environmentally Beneficial Subsidies and Payments,1
2025,NOR,Environmentally Beneficial Subsidies and Payments,1
2026,NOR,Environmentally Beneficial Subsidies and Payments,1
1990,PAN,Taxes and Fees,1
1991,PAN,Taxes and Fees,1
1992,PAN,Taxes and Fees,1
1993,PAN,Taxes and Fees,1
1994,PAN,Taxes and Fees,1
1995,PAN,Taxes and Fees,1
1996,PAN,Taxes and Fees,1
1997,PAN,Taxes and Fees,1
1998,PAN,Taxes and Fees,1
1999,PAN,Taxes and Fees,1
2000,PAN,Taxes and Fees,1
2001,PAN,Taxes and Fees,1
2002,PAN,Taxes and Fees,1
2003,PAN,Taxes and Fees,1
2004,PAN,Taxes and Fees,1
2005,PAN,Taxes and Fees,1
2006,PAN,Taxes and Fees,1
2007,PAN,Taxes and Fees,1
2008,PAN,Taxes and Fees,1
2009,PAN,Taxes and Fees,1
2010,PAN,Taxes and Fees,1
2011,PAN,Taxes and Fees,1
2012,PAN,Taxes and Fees,1
2013,PAN,Taxes and Fees,1
2014,PAN,Taxes and Fees,1
2015,PAN,Taxes and Fees,1
2016,PAN,Taxes and Fees,1
2017,PAN,Taxes and Fees,1
2018,PAN,Taxes and Fees,1
2019,PAN,Taxes and Fees,1
2020,PAN,Taxes and Fees,1
2021,PAN,Taxes and Fees,1
2022,PAN,Taxes and Fees,1
2023,PAN,Taxes and Fees,1
2024,PAN,Taxes and Fees,1
2025,PAN,Taxes and Fees,1
2026,PAN,Taxes and Fees,1
2001,PER,Taxes and Fees,1
2002,PER,Taxes and Fees,1
2003,PER,Taxes and Fees,1
2004,PER,Taxes and Fees,1
2005,PER,Taxes and Fees,1
2006,PER,Taxes and Fees,1
2007,PER,Taxes and Fees,1
2008,PER,Taxes and Fees,1
2009,PER,Taxes and Fees,1
2010,PER,Taxes and Fees,1
2011,PER,Taxes and Fees,1
2012,PER,Taxes and Fees,1
2013,PER,Taxes and Fees,1
2014,PER,Taxes and Fees,1
2015,PER,Taxes and Fees,1
2016,PER,Taxes and Fees,1
2017,PER,Taxes and Fees,2
2018,PER,Taxes and Fees,2
2019,PER,Taxes and Fees,2
2020,PER,Taxes and Fees,2
2021,PER,Taxes and Fees,2
2022,PER,Taxes and Fees,2
2023,PER,Taxes and Fees,2
2024,PER,Taxes and Fees,2
2025,PER,Taxes and Fees,2
2026,PER,Taxes and Fees,2
1993,PHL,Taxes and Fees,5
1994,PHL,Taxes and Fees,5
1995,PHL,Taxes and Fees,5
1996,PHL,Taxes and Fees,5
1997,PHL,Taxes and Fees,5
1998,PHL,Taxes and Fees,5
1999,PHL,Taxes and Fees,5
2000,PHL,Taxes and Fees,5
2001,PHL,Taxes and Fees,5
2002,PHL,Taxes and Fees,5
2003,PHL,Taxes and Fees,10
2004,PHL,Taxes and Fees,11
2005,PHL,Taxes and Fees,11
2006,PHL,Taxes and Fees,11
2007,PHL,Taxes and Fees,11
2008,PHL,Taxes and Fees,11
2009,PHL,Taxes and Fees,11
2010,PHL,Taxes and Fees,11
2011,PHL,Taxes and Fees,11
2012,PHL,Taxes and Fees,11
2013,PHL,Taxes and Fees,11
2014,PHL,Taxes and Fees,11
2015,PHL,Taxes and Fees,11
2016,PHL,Taxes and Fees,12
2017,PHL,Taxes and Fees,12
2018,PHL,Taxes and Fees,12
2019,PHL,Taxes and Fees,12
2020,PHL,Taxes and Fees,12
2021,PHL,Taxes and Fees,13
2022,PHL,Taxes and Fees,13
2023,PHL,Taxes and Fees,13
2024,PHL,Taxes and Fees,13
2025,PHL,Taxes and Fees,13
2026,PHL,Taxes and Fees,13
1990,PHL,Taxes and Fees,2
1991,PHL,Taxes and Fees,2
1992,PHL,Taxes and Fees,2
1990,POL,Taxes and Fees,1
1991,POL,Taxes and Fees,1
1992,POL,Taxes and Fees,1
1993,POL,Taxes and Fees,1
1994,POL,Taxes and Fees,1
1995,POL,Taxes and Fees,1
1996,POL,Taxes and Fees,1
1997,POL,Taxes and Fees,1
1998,POL,Taxes and Fees,1
1999,POL,Taxes and Fees,1
2000,POL,Taxes and Fees,1
2001,POL,Taxes and Fees,1
2002,POL,Taxes and Fees,1
2003,POL,Taxes and Fees,1
2004,POL,Taxes and Fees,1
2005,POL,Taxes and Fees,1
2006,POL,Taxes and Fees,1
2007,POL,Taxes and Fees,1
2008,POL,Taxes and Fees,1
2009,POL,Taxes and Fees,1
2010,POL,Taxes and Fees,1
2011,POL,Taxes and Fees,1
2012,POL,Taxes and Fees,1
2013,POL,Taxes and Fees,1
2014,POL,Taxes and Fees,1
2015,POL,Taxes and Fees,1
2016,POL,Taxes and Fees,1
2017,POL,Taxes and Fees,1
2018,POL,Taxes and Fees,1
2019,POL,Taxes and Fees,1
2020,POL,Taxes and Fees,1
2021,POL,Taxes and Fees,1
2022,POL,Taxes and Fees,1
2023,POL,Taxes and Fees,2
2024,POL,Taxes and Fees,2
2025,POL,Taxes and Fees,2
2026,POL,Taxes and Fees,2
2021,PRT,Taxes and Fees,1
2022,PRT,Taxes and Fees,1
2023,PRT,Taxes and Fees,1
2024,PRT,Taxes and Fees,1
2025,PRT,Taxes and Fees,1
2026,PRT,Taxes and Fees,1
1990,PRT,Environmentally Beneficial Subsidies and Payments,1
1991,PRT,Environmentally Beneficial Subsidies and Payments,1
1992,PRT,Environmentally Beneficial Subsidies and Payments,1
1993,PRT,Environmentally Beneficial Subsidies and Payments,1
1994,PRT,Environmentally Beneficial Subsidies and Payments,1
1995,PRT,Environmentally Beneficial Subsidies and Payments,1
1996,PRT,Environmentally Beneficial Subsidies and Payments,1
1997,PRT,Environmentally Beneficial Subsidies and Payments,1
1998,PRT,Environmentally Beneficial Subsidies and Payments,1
1999,PRT,Environmentally Beneficial Subsidies and Payments,1
2000,PRT,Environmentally Beneficial Subsidies and Payments,1
2001,PRT,Environmentally Beneficial Subsidies and Payments,1
2002,PRT,Environmentally Beneficial Subsidies and Payments,1
2003,PRT,Environmentally Beneficial Subsidies and Payments,1
2004,PRT,Environmentally Beneficial Subsidies and Payments,1
2005,PRT,Environmentally Beneficial Subsidies and Payments,1
2006,PRT,Environmentally Beneficial Subsidies and Payments,1
2007,PRT,Environmentally Beneficial Subsidies and Payments,1
2008,PRT,Environmentally Beneficial Subsidies and Payments,1
2009,PRT,Environmentally Beneficial Subsidies and Payments,1
2010,PRT,Environmentally Beneficial Subsidies and Payments,1
2011,PRT,Environmentally Beneficial Subsidies and Payments,1
2012,PRT,Environmentally Beneficial Subsidies and Payments,1
2013,PRT,Environmentally Beneficial Subsidies and Payments,1
2014,PRT,Environmentally Beneficial Subsidies and Payments,1
2015,PRT,Environmentally Beneficial Subsidies and Payments,1
2016,PRT,Environmentally Beneficial Subsidies and Payments,1
2017,PRT,Environmentally Beneficial Subsidies and Payments,1
2018,PRT,Environmentally Beneficial Subsidies and Payments,1
2019,PRT,Environmentally Beneficial Subsidies and Payments,1
2020,PRT,Environmentally Beneficial Subsidies and Payments,1
2021,PRT,Environmentally Beneficial Subsidies and Payments,1
2022,PRT,Environmentally Beneficial Subsidies and Payments,1
2023,PRT,Environmentally Beneficial Subsidies and Payments,1
2024,PRT,Environmentally Beneficial Subsidies and Payments,1
2025,PRT,Environmentally Beneficial Subsidies and Payments,1
2026,PRT,Environmentally Beneficial Subsidies and Payments,1
1996,ROU,Taxes and Fees,3
1997,ROU,Taxes and Fees,3
1998,ROU,Taxes and Fees,3
1999,ROU,Taxes and Fees,3
2000,ROU,Taxes and Fees,3
2001,ROU,Taxes and Fees,3
2002,ROU,Taxes and Fees,3
2003,ROU,Taxes and Fees,3
2004,ROU,Taxes and Fees,3
2005,ROU,Taxes and Fees,3
2006,ROU,Taxes and Fees,3
2007,ROU,Taxes and Fees,3
2008,ROU,Taxes and Fees,3
2009,ROU,Taxes and Fees,3
2010,ROU,Taxes and Fees,3
2011,ROU,Taxes and Fees,3
2012,ROU,Taxes and Fees,3
2013,ROU,Taxes and Fees,3
2014,ROU,Taxes and Fees,3
2015,ROU,Taxes and Fees,3
2016,ROU,Taxes and Fees,3
2017,ROU,Taxes and Fees,3
2018,ROU,Taxes and Fees,3
2019,ROU,Taxes and Fees,3
2020,ROU,Taxes and Fees,3
2021,ROU,Taxes and Fees,3
2022,ROU,Taxes and Fees,3
2023,ROU,Taxes and Fees,3
2024,ROU,Taxes and Fees,3
2025,ROU,Taxes and Fees,3
2026,ROU,Taxes and Fees,3
1990,ROU,Taxes and Fees,2
1991,ROU,Taxes and Fees,2
1992,ROU,Taxes and Fees,2
1993,ROU,Taxes and Fees,2
1994,ROU,Taxes and Fees,2
1995,ROU,Taxes and Fees,2
2014,RUS,Taxes and Fees,1
2015,RUS,Taxes and Fees,1
2016,RUS,Taxes and Fees,1
2017,RUS,Taxes and Fees,1
2018,RUS,Taxes and Fees,1
2019,RUS,Taxes and Fees,1
2020,RUS,Taxes and Fees,1
2021,RUS,Taxes and Fees,1
2022,RUS,Taxes and Fees,1
2023,RUS,Taxes and Fees,1
2024,RUS,Taxes and Fees,1
2025,RUS,Taxes and Fees,1
2026,RUS,Taxes and Fees,1
2005,SYC,Taxes and Fees,3
2006,SYC,Taxes and Fees,3
2007,SYC,Taxes and Fees,3
2008,SYC,Taxes and Fees,3
2009,SYC,Taxes and Fees,3
2010,SYC,Taxes and Fees,3
2011,SYC,Taxes and Fees,3
2012,SYC,Taxes and Fees,3
2013,SYC,Taxes and Fees,3
2014,SYC,Taxes and Fees,3
2015,SYC,Taxes and Fees,3
2016,SYC,Taxes and Fees,3
2017,SYC,Taxes and Fees,3
2018,SYC,Taxes and Fees,3
2019,SYC,Taxes and Fees,3
2020,SYC,Taxes and Fees,3
2021,SYC,Taxes and Fees,3
2022,SYC,Taxes and Fees,3
2023,SYC,Taxes and Fees,3
2024,SYC,Taxes and Fees,3
2025,SYC,Taxes and Fees,3
2026,SYC,Taxes and Fees,3
1990,SYC,Taxes and Fees,1
1991,SYC,Taxes and Fees,2
1992,SYC,Taxes and Fees,2
1993,SYC,Taxes and Fees,2
1994,SYC,Taxes and Fees,2
1995,SYC,Taxes and Fees,2
1996,SYC,Taxes and Fees,2
1997,SYC,Taxes and Fees,2
1998,SYC,Taxes and Fees,2
1999,SYC,Taxes and Fees,2
2000,SYC,Taxes and Fees,2
2001,SYC,Taxes and Fees,2
2002,SYC,Taxes and Fees,2
2003,SYC,Taxes and Fees,2
2004,SYC,Taxes and Fees,2
2017,SGP,Taxes and Fees,21
2018,SGP,Taxes and Fees,21
2019,SGP,Taxes and Fees,21
2020,SGP,Taxes and Fees,21
2021,SGP,Taxes and Fees,21
2022,SGP,Taxes and Fees,21
2023,SGP,Taxes and Fees,21
2024,SGP,Taxes and Fees,21
2025,SGP,Taxes and Fees,21
2026,SGP,Taxes and Fees,21
1991,SGP,Taxes and Fees,11
1992,SGP,Taxes and Fees,11
1993,SGP,Taxes and Fees,11
1994,SGP,Taxes and Fees,11
1995,SGP,Taxes and Fees,11
1996,SGP,Taxes and Fees,12
1997,SGP,Taxes and Fees,17
1998,SGP,Taxes and Fees,17
1999,SGP,Taxes and Fees,19
2000,SGP,Taxes and Fees,19
2001,SGP,Taxes and Fees,19
2002,SGP,Taxes and Fees,19
2003,SGP,Taxes and Fees,19
2004,SGP,Taxes and Fees,19
2005,SGP,Taxes and Fees,19
2006,SGP,Taxes and Fees,20
2007,SGP,Taxes and Fees,20
2008,SGP,Taxes and Fees,20
2009,SGP,Taxes and Fees,20
2010,SGP,Taxes and Fees,20
2011,SGP,Taxes and Fees,20
2012,SGP,Taxes and Fees,20
2013,SGP,Taxes and Fees,20
2014,SGP,Taxes and Fees,20
2015,SGP,Taxes and Fees,20
2016,SGP,Taxes and Fees,20
1990,SGP,Taxes and Fees,5
2002,SVN,Taxes and Fees,1
2003,SVN,Taxes and Fees,1
2004,SVN,Taxes and Fees,1
2005,SVN,Taxes and Fees,1
2006,SVN,Taxes and Fees,2
2007,SVN,Taxes and Fees,2
2008,SVN,Taxes and Fees,2
2009,SVN,Taxes and Fees,2
2010,SVN,Taxes and Fees,2
2011,SVN,Taxes and Fees,2
2012,SVN,Taxes and Fees,3
2013,SVN,Taxes and Fees,3
2014,SVN,Taxes and Fees,3
2015,SVN,Taxes and Fees,3
2016,SVN,Taxes and Fees,3
2017,SVN,Taxes and Fees,3
2018,SVN,Taxes and Fees,3
2019,SVN,Taxes and Fees,3
2020,SVN,Taxes and Fees,3
2021,SVN,Taxes and Fees,3
2022,SVN,Taxes and Fees,3
2023,SVN,Taxes and Fees,3
2024,SVN,Taxes and Fees,3
2025,SVN,Taxes and Fees,3
2026,SVN,Taxes and Fees,3
1996,SLB,Taxes and Fees,1
1997,SLB,Taxes and Fees,1
1998,SLB,Taxes and Fees,1
1999,SLB,Taxes and Fees,1
2000,SLB,Taxes and Fees,1
2001,SLB,Taxes and Fees,1
2002,SLB,Taxes and Fees,1
2003,SLB,Taxes and Fees,1
2004,SLB,Taxes and Fees,1
2005,SLB,Taxes and Fees,1
2006,SLB,Taxes and Fees,1
2007,SLB,Taxes and Fees,1
2008,SLB,Taxes and Fees,1
2009,SLB,Taxes and Fees,1
2010,SLB,Taxes and Fees,1
2011,SLB,Taxes and Fees,1
2012,SLB,Taxes and Fees,1
2013,SLB,Taxes and Fees,1
2014,SLB,Taxes and Fees,1
2015,SLB,Taxes and Fees,1
2016,SLB,Taxes and Fees,1
2017,SLB,Taxes and Fees,1
2018,SLB,Taxes and Fees,1
2019,SLB,Taxes and Fees,1
2020,SLB,Taxes and Fees,1
2021,SLB,Taxes and Fees,1
2022,SLB,Taxes and Fees,1
2023,SLB,Taxes and Fees,1
2024,SLB,Taxes and Fees,1
2025,SLB,Taxes and Fees,1
2026,SLB,Taxes and Fees,1
2013,SOM,Taxes and Fees,2
2014,SOM,Taxes and Fees,2
2015,SOM,Taxes and Fees,2
2016,SOM,Taxes and Fees,2
2017,SOM,Taxes and Fees,2
2018,SOM,Taxes and Fees,2
2019,SOM,Taxes and Fees,2
2020,SOM,Taxes and Fees,2
2021,SOM,Taxes and Fees,2
2022,SOM,Taxes and Fees,2
2023,SOM,Taxes and Fees,2
2024,SOM,Taxes and Fees,2
2025,SOM,Taxes and Fees,2
2026,SOM,Taxes and Fees,2
2013,ZAF,Taxes and Fees,1
2014,ZAF,Taxes and Fees,1
2015,ZAF,Taxes and Fees,1
2016,ZAF,Taxes and Fees,1
2017,ZAF,Taxes and Fees,1
2018,ZAF,Taxes and Fees,1
2019,ZAF,Taxes and Fees,1
2020,ZAF,Taxes and Fees,1
2021,ZAF,Taxes and Fees,1
2022,ZAF,Taxes and Fees,1
2023,ZAF,Taxes and Fees,1
2024,ZAF,Taxes and Fees,1
2025,ZAF,Taxes and Fees,1
2026,ZAF,Taxes and Fees,1
2004,ESP,Taxes and Fees,5
2005,ESP,Taxes and Fees,5
2006,ESP,Taxes and Fees,5
2007,ESP,Taxes and Fees,5
2008,ESP,Taxes and Fees,5
2009,ESP,Taxes and Fees,5
2010,ESP,Taxes and Fees,5
2011,ESP,Taxes and Fees,6
2012,ESP,Taxes and Fees,6
2013,ESP,Taxes and Fees,6
2014,ESP,Taxes and Fees,7
2015,ESP,Taxes and Fees,7
2016,ESP,Taxes and Fees,7
2017,ESP,Taxes and Fees,7
2018,ESP,Taxes and Fees,7
2019,ESP,Taxes and Fees,7
2020,ESP,Taxes and Fees,7
2021,ESP,Taxes and Fees,7
2022,ESP,Taxes and Fees,7
2023,ESP,Taxes and Fees,7
2024,ESP,Taxes and Fees,7
2025,ESP,Taxes and Fees,8
2026,ESP,Taxes and Fees,8
1990,ESP,Taxes and Fees,4
1991,ESP,Taxes and Fees,4
1992,ESP,Taxes and Fees,4
1993,ESP,Taxes and Fees,4
1994,ESP,Taxes and Fees,4
1995,ESP,Taxes and Fees,4
1996,ESP,Taxes and Fees,4
1997,ESP,Taxes and Fees,4
1998,ESP,Taxes and Fees,4
1999,ESP,Taxes and Fees,4
2000,ESP,Taxes and Fees,4
2001,ESP,Taxes and Fees,4
2002,ESP,Taxes and Fees,4
2003,ESP,Taxes and Fees,4
2008,SWE,Environmentally Beneficial Subsidies and Payments,1
2009,SWE,Environmentally Beneficial Subsidies and Payments,1
2010,SWE,Environmentally Beneficial Subsidies and Payments,1
2011,SWE,Environmentally Beneficial Subsidies and Payments,1
2012,SWE,Environmentally Beneficial Subsidies and Payments,1
2013,SWE,Environmentally Beneficial Subsidies and Payments,1
2014,SWE,Environmentally Beneficial Subsidies and Payments,1
2015,SWE,Environmentally Beneficial Subsidies and Payments,1
2016,SWE,Environmentally Beneficial Subsidies and Payments,1
2017,SWE,Environmentally Beneficial Subsidies and Payments,1
2018,SWE,Environmentally Beneficial Subsidies and Payments,1
2019,SWE,Environmentally Beneficial Subsidies and Payments,1
2020,SWE,Environmentally Beneficial Subsidies and Payments,1
2021,SWE,Environmentally Beneficial Subsidies and Payments,1
2022,SWE,Environmentally Beneficial Subsidies and Payments,1
2023,SWE,Environmentally Beneficial Subsidies and Payments,1
2024,SWE,Environmentally Beneficial Subsidies and Payments,1
2025,SWE,Environmentally Beneficial Subsidies and Payments,1
2026,SWE,Environmentally Beneficial Subsidies and Payments,1
1990,CHE,Environmentally Beneficial Subsidies and Payments,1
1991,CHE,Environmentally Beneficial Subsidies and Payments,1
1992,CHE,Environmentally Beneficial Subsidies and Payments,1
1993,CHE,Environmentally Beneficial Subsidies and Payments,1
1994,CHE,Environmentally Beneficial Subsidies and Payments,1
1995,CHE,Environmentally Beneficial Subsidies and Payments,1
1996,CHE,Environmentally Beneficial Subsidies and Payments,1
1997,CHE,Environmentally Beneficial Subsidies and Payments,1
1998,CHE,Environmentally Beneficial Subsidies and Payments,1
1999,CHE,Environmentally Beneficial Subsidies and Payments,1
2000,CHE,Environmentally Beneficial Subsidies and Payments,1
2001,CHE,Environmentally Beneficial Subsidies and Payments,1
2002,CHE,Environmentally Beneficial Subsidies and Payments,1
2003,CHE,Environmentally Beneficial Subsidies and Payments,1
2004,CHE,Environmentally Beneficial Subsidies and Payments,1
2005,CHE,Environmentally Beneficial Subsidies and Payments,1
2006,CHE,Environmentally Beneficial Subsidies and Payments,1
2007,CHE,Environmentally Beneficial Subsidies and Payments,1
2008,CHE,Environmentally Beneficial Subsidies and Payments,1
2009,CHE,Environmentally Beneficial Subsidies and Payments,1
2010,CHE,Environmentally Beneficial Subsidies and Payments,1
2011,CHE,Environmentally Beneficial Subsidies and Payments,1
2012,CHE,Environmentally Beneficial Subsidies and Payments,1
2013,CHE,Environmentally Beneficial Subsidies and Payments,1
2014,CHE,Environmentally Beneficial Subsidies and Payments,1
2015,CHE,Environmentally Beneficial Subsidies and Payments,1
2016,CHE,Environmentally Beneficial Subsidies and Payments,1
2017,CHE,Environmentally Beneficial Subsidies and Payments,1
2018,CHE,Environmentally Beneficial Subsidies and Payments,1
2019,CHE,Environmentally Beneficial Subsidies and Payments,1
2020,CHE,Environmentally Beneficial Subsidies and Payments,1
2021,CHE,Environmentally Beneficial Subsidies and Payments,1
2022,CHE,Environmentally Beneficial Subsidies and Payments,1
2023,CHE,Environmentally Beneficial Subsidies and Payments,1
2024,CHE,Environmentally Beneficial Subsidies and Payments,1
2025,CHE,Environmentally Beneficial Subsidies and Payments,1
2026,CHE,Environmentally Beneficial Subsidies and Payments,1
1992,THA,Taxes and Fees,11
1993,THA,Taxes and Fees,11
1994,THA,Taxes and Fees,11
1995,THA,Taxes and Fees,11
1996,THA,Taxes and Fees,11
1997,THA,Taxes and Fees,11
1998,THA,Taxes and Fees,11
1999,THA,Taxes and Fees,11
2000,THA,Taxes and Fees,11
2001,THA,Taxes and Fees,11
2002,THA,Taxes and Fees,11
2003,THA,Taxes and Fees,11
2004,THA,Taxes and Fees,11
2005,THA,Taxes and Fees,11
2006,THA,Taxes and Fees,11
2007,THA,Taxes and Fees,11
2008,THA,Taxes and Fees,11
2009,THA,Taxes and Fees,11
2010,THA,Taxes and Fees,11
2011,THA,Taxes and Fees,11
2012,THA,Taxes and Fees,11
2013,THA,Taxes and Fees,11
2014,THA,Taxes and Fees,11
2015,THA,Taxes and Fees,12
2016,THA,Taxes and Fees,12
2017,THA,Taxes and Fees,12
2018,THA,Taxes and Fees,12
2019,THA,Taxes and Fees,13
2020,THA,Taxes and Fees,13
2021,THA,Taxes and Fees,14
2022,THA,Taxes and Fees,14
2023,THA,Taxes and Fees,14
2024,THA,Taxes and Fees,14
2025,THA,Taxes and Fees,14
2026,THA,Taxes and Fees,14
1990,THA,Taxes and Fees,8
1991,THA,Taxes and Fees,8
1990,TKL,Taxes and Fees,1
1991,TKL,Taxes and Fees,1
1992,TKL,Taxes and Fees,1
1993,TKL,Taxes and Fees,1
1994,TKL,Taxes and Fees,1
1995,TKL,Taxes and Fees,1
1996,TKL,Taxes and Fees,1
1997,TKL,Taxes and Fees,1
1998,TKL,Taxes and Fees,1
1999,TKL,Taxes and Fees,1
2000,TKL,Taxes and Fees,1
2001,TKL,Taxes and Fees,1
2002,TKL,Taxes and Fees,1
2003,TKL,Taxes and Fees,1
2004,TKL,Taxes and Fees,1
2005,TKL,Taxes and Fees,1
2006,TKL,Taxes and Fees,1
2007,TKL,Taxes and Fees,1
2008,TKL,Taxes and Fees,1
2009,TKL,Taxes and Fees,1
2010,TKL,Taxes and Fees,1
2011,TKL,Taxes and Fees,1
2012,TKL,Taxes and Fees,1
2013,TKL,Taxes and Fees,1
2014,TKL,Taxes and Fees,1
2015,TKL,Taxes and Fees,1
2016,TKL,Taxes and Fees,1
2017,TKL,Taxes and Fees,1
2018,TKL,Taxes and Fees,1
2019,TKL,Taxes and Fees,1
2020,TKL,Taxes and Fees,1
2021,TKL,Taxes and Fees,1
2022,TKL,Taxes and Fees,1
2023,TKL,Taxes and Fees,1
2024,TKL,Taxes and Fees,1
2025,TKL,Taxes and Fees,1
2026,TKL,Taxes and Fees,1
1990,TUR,Taxes and Fees,1
1991,TUR,Taxes and Fees,1
1992,TUR,Taxes and Fees,1
1993,TUR,Taxes and Fees,1
1994,TUR,Taxes and Fees,1
1995,TUR,Taxes and Fees,1
1996,TUR,Taxes and Fees,1
1997,TUR,Taxes and Fees,1
1998,TUR,Taxes and Fees,1
1999,TUR,Taxes and Fees,1
2000,TUR,Taxes and Fees,1
2001,TUR,Taxes and Fees,1
2002,TUR,Taxes and Fees,1
2003,TUR,Taxes and Fees,1
2004,TUR,Taxes and Fees,1
2005,TUR,Taxes and Fees,1
2006,TUR,Taxes and Fees,1
2007,TUR,Taxes and Fees,1
2008,TUR,Taxes and Fees,1
2009,TUR,Taxes and Fees,1
2010,TUR,Taxes and Fees,1
2011,TUR,Taxes and Fees,1
2012,TUR,Taxes and Fees,1
2013,TUR,Taxes and Fees,1
2014,TUR,Taxes and Fees,1
2015,TUR,Taxes and Fees,1
2016,TUR,Taxes and Fees,1
2017,TUR,Taxes and Fees,1
2018,TUR,Taxes and Fees,1
2019,TUR,Taxes and Fees,1
2020,TUR,Taxes and Fees,1
2021,TUR,Taxes and Fees,1
2022,TUR,Taxes and Fees,1
2023,TUR,Taxes and Fees,1
2024,TUR,Taxes and Fees,1
2025,TUR,Taxes and Fees,1
2026,TUR,Taxes and Fees,1
1995,GBR,Taxes and Fees,1
1996,GBR,Taxes and Fees,1
1997,GBR,Taxes and Fees,1
1998,GBR,Taxes and Fees,1
1999,GBR,Taxes and Fees,1
2000,GBR,Taxes and Fees,1
2001,GBR,Taxes and Fees,1
2002,GBR,Taxes and Fees,1
2003,GBR,Taxes and Fees,1
2004,GBR,Taxes and Fees,1
2005,GBR,Taxes and Fees,1
2006,GBR,Taxes and Fees,1
2007,GBR,Taxes and Fees,1
2008,GBR,Taxes and Fees,1
2009,GBR,Taxes and Fees,1
2010,GBR,Taxes and Fees,1
2011,GBR,Taxes and Fees,1
2012,GBR,Taxes and Fees,1
2013,GBR,Taxes and Fees,1
2014,GBR,Taxes and Fees,1
2015,GBR,Taxes and Fees,1
2016,GBR,Taxes and Fees,1
2017,GBR,Taxes and Fees,1
2018,GBR,Taxes and Fees,1
2019,GBR,Taxes and Fees,1
2020,GBR,Taxes and Fees,1
2021,GBR,Taxes and Fees,1
2022,GBR,Taxes and Fees,1
2023,GBR,Taxes and Fees,1
2024,GBR,Taxes and Fees,1
2025,GBR,Taxes and Fees,1
2026,GBR,Taxes and Fees,1
2011,GBR,Environmentally Beneficial Subsidies and Payments,2
2012,GBR,Environmentally Beneficial Subsidies and Payments,3
2013,GBR,Environmentally Beneficial Subsidies and Payments,3
2014,GBR,Environmentally Beneficial Subsidies and Payments,3
2015,GBR,Environmentally Beneficial Subsidies and Payments,3
2016,GBR,Environmentally Beneficial Subsidies and Payments,3
2017,GBR,Environmentally Beneficial Subsidies and Payments,3
2018,GBR,Environmentally Beneficial Subsidies and Payments,3
2019,GBR,Environmentally Beneficial Subsidies and Payments,3
2020,GBR,Environmentally Beneficial Subsidies and Payments,3
2021,GBR,Environmentally Beneficial Subsidies and Payments,3
2022,GBR,Environmentally Beneficial Subsidies and Payments,3
2023,GBR,Environmentally Beneficial Subsidies and Payments,3
2024,GBR,Environmentally Beneficial Subsidies and Payments,3
2025,GBR,Environmentally Beneficial Subsidies and Payments,3
2026,GBR,Environmentally Beneficial Subsidies and Payments,3
2005,GBR,Environmentally Beneficial Subsidies and Payments,1
2006,GBR,Environmentally Beneficial Subsidies and Payments,1
2007,GBR,Environmentally Beneficial Subsidies and Payments,1
2008,GBR,Environmentally Beneficial Subsidies and Payments,1
2009,GBR,Environmentally Beneficial Subsidies and Payments,1
2010,GBR,Environmentally Beneficial Subsidies and Payments,1
1990,USA,Taxes and Fees,6
1991,USA,Taxes and Fees,6
1992,USA,Taxes and Fees,6
1993,USA,Taxes and Fees,7
1994,USA,Taxes and Fees,8
1995,USA,Taxes and Fees,8
1996,USA,Taxes and Fees,8
1997,USA,Taxes and Fees,10
1998,USA,Taxes and Fees,10
1999,USA,Taxes and Fees,10
2000,USA,Taxes and Fees,10
2001,USA,Taxes and Fees,10
2002,USA,Taxes and Fees,10
2003,USA,Taxes and Fees,10
2004,USA,Taxes and Fees,11
2005,USA,Taxes and Fees,12
2006,USA,Taxes and Fees,13
2007,USA,Taxes and Fees,13
2008,USA,Taxes and Fees,13
2009,USA,Taxes and Fees,13
2010,USA,Taxes and Fees,13
2011,USA,Taxes and Fees,13
2012,USA,Taxes and Fees,13
2013,USA,Taxes and Fees,13
2014,USA,Taxes and Fees,13
2015,USA,Taxes and Fees,13
2016,USA,Taxes and Fees,13
2017,USA,Taxes and Fees,13
2018,USA,Taxes and Fees,13
2019,USA,Taxes and Fees,13
2020,USA,Taxes and Fees,13
2021,USA,Taxes and Fees,13
2022,USA,Taxes and Fees,13
2023,USA,Taxes and Fees,13
2024,USA,Taxes and Fees,13
2025,USA,Taxes and Fees,13
2026,USA,Taxes and Fees,13
2022,VNM,Taxes and Fees,5
2023,VNM,Taxes and Fees,5
2024,VNM,Taxes and Fees,5
2025,VNM,Taxes and Fees,5
2026,VNM,Taxes and Fees,5
1990,VNM,Taxes and Fees,1
1991,VNM,Taxes and Fees,1
1992,VNM,Taxes and Fees,1
1993,VNM,Taxes and Fees,1
1994,VNM,Taxes and Fees,1
1995,VNM,Taxes and Fees,1
1996,VNM,Taxes and Fees,1
1997,VNM,Taxes and Fees,1
1998,VNM,Taxes and Fees,1
1999,VNM,Taxes and Fees,1
2000,VNM,Taxes and Fees,1
2001,VNM,Taxes and Fees,1
2002,VNM,Taxes and Fees,1
2003,VNM,Taxes and Fees,1
2004,VNM,Taxes and Fees,1
2005,VNM,Taxes and Fees,2
2006,VNM,Taxes and Fees,2
2007,VNM,Taxes and Fees,2
2008,VNM,Taxes and Fees,2
2009,VNM,Taxes and Fees,2
2010,VNM,Taxes and Fees,2
2011,VNM,Taxes and Fees,2
2012,VNM,Taxes and Fees,2
2013,VNM,Taxes and Fees,2
2014,VNM,Taxes and Fees,2
2015,VNM,Taxes and Fees,2
2016,VNM,Taxes and Fees,2
2017,VNM,Taxes and Fees,2
2018,VNM,Taxes and Fees,2
2019,VNM,Taxes and Fees,2
2020,VNM,Taxes and Fees,2
2021,VNM,Taxes and Fees,3