year,geo,value
2016,WLD,61.18693031448707
2017,WLD,57.27008628636969
2018,WLD,70.74345116318561
2019,WLD,65.31094921872969
2020,WLD,65.28168077236862
2021,WLD,60.927662781328074
