year,geo,disagg,value,projections,benchmark_low,benchmark_mid,benchmark_high
2000,WLD,Total,9878,,,,
2001,WLD,Total,10090,,,,
2002,WLD,Total,10520,,,,
2003,WLD,Total,11126,,,,
2004,WLD,Total,11563,,,,
2005,WLD,Total,12125,,,,
2006,WLD,Total,12642,,,,
2007,WLD,Total,13466,,,,
2008,WLD,Total,13606,,,,
2009,WLD,Total,13403,,,,
2010,WLD,Total,14343,,,,
2011,WLD,Total,14963,,,,
2012,WLD,Total,15359,,,,
2013,WLD,Total,15678,,,,
2014,WLD,Total,15960,,,,
2015,WLD,Total,15955,,,,
2016,WLD,Total,16262,,,,
2017,WLD,Total,16621,,,,
2018,WLD,Total,17165,,,,
2019,WLD,Total,17081,,,,
2020,WLD,Total,16585,,,,
2021,WLD,Total,17543,,,,
2022,WLD,Total,17733,,,,
2023,WLD,Total,17918,,,,
2024,WLD,Total,18219,,,,
2025,WLD,Total,16625,,,,
2030,WLD,Total,,20406,,,
2000,WLD,Coal,5809,,,,
2001,WLD,Coal,5891,,,,
2002,WLD,Coal,6144,,,,
2003,WLD,Coal,6575,,,,
2004,WLD,Coal,6797,,,,
2005,WLD,Coal,7167,,,,
2006,WLD,Coal,7567,,,,
2007,WLD,Coal,8052,,,,
2008,WLD,Coal,8074,,,,
2009,WLD,Coal,7951,,,,
2010,WLD,Coal,8458,,,,
2011,WLD,Coal,8911,,,,
2012,WLD,Coal,8960,,,,
2013,WLD,Coal,9424,,,,
2014,WLD,Coal,9604,,,,
2015,WLD,Coal,9284,,,,
2016,WLD,Coal,9328,,,,
2017,WLD,Coal,9655,,,,
2018,WLD,Coal,10033,,,,
2019,WLD,Coal,9826,,,,
2020,WLD,Coal,9436,,,,
2021,WLD,Coal,10157,,,,
2022,WLD,Coal,10236,,,,
2023,WLD,Coal,10369,,,,
2024,WLD,Coal,10516,,,,
2025,WLD,Coal,10179,,,,
2000,WLD,Gas,2746,,,,
2001,WLD,Gas,2915,,,,
2002,WLD,Gas,3105,,,,
2003,WLD,Gas,3256,,,,
2004,WLD,Gas,3503,,,,
2005,WLD,Gas,3681,,,,
2006,WLD,Gas,3901,,,,
2007,WLD,Gas,4219,,,,
2008,WLD,Gas,4361,,,,
2009,WLD,Gas,4382,,,,
2010,WLD,Gas,4808,,,,
2011,WLD,Gas,4866,,,,
2012,WLD,Gas,5161,,,,
2013,WLD,Gas,5058,,,,
2014,WLD,Gas,5214,,,,
2015,WLD,Gas,5540,,,,
2016,WLD,Gas,5850,,,,
2017,WLD,Gas,5974,,,,
2018,WLD,Gas,6225,,,,
2019,WLD,Gas,6401,,,,
2020,WLD,Gas,6381,,,,
2021,WLD,Gas,6557,,,,
2022,WLD,Gas,6626,,,,
2023,WLD,Gas,6689,,,,
2024,WLD,Gas,6872,,,,
2025,WLD,Gas,5973,,,,
2000,WLD,Other fossil fuel,1324,,,,
2001,WLD,Other fossil fuel,1284,,,,
2002,WLD,Other fossil fuel,1271,,,,
2003,WLD,Other fossil fuel,1295,,,,
2004,WLD,Other fossil fuel,1263,,,,
2005,WLD,Other fossil fuel,1277,,,,
2006,WLD,Other fossil fuel,1175,,,,
2007,WLD,Other fossil fuel,1195,,,,
2008,WLD,Other fossil fuel,1171,,,,
2009,WLD,Other fossil fuel,1070,,,,
2010,WLD,Other fossil fuel,1078,,,,
2011,WLD,Other fossil fuel,1186,,,,
2012,WLD,Other fossil fuel,1238,,,,
2013,WLD,Other fossil fuel,1196,,,,
2014,WLD,Other fossil fuel,1142,,,,
2015,WLD,Other fossil fuel,1132,,,,
2016,WLD,Other fossil fuel,1084,,,,
2017,WLD,Other fossil fuel,992,,,,
2018,WLD,Other fossil fuel,907,,,,
2019,WLD,Other fossil fuel,854,,,,
2020,WLD,Other fossil fuel,767,,,,
2021,WLD,Other fossil fuel,829,,,,
2022,WLD,Other fossil fuel,871,,,,
2023,WLD,Other fossil fuel,859,,,,
2024,WLD,Other fossil fuel,832,,,,
2025,WLD,Other fossil fuel,473,,,,
2000,AFG,Coal,0,,,,
2000,AFG,Gas,0,,,,
2000,AFG,Other fossil fuels,0.2,,,,
2000,AFG,Total,0.2,,,,
2001,AFG,Coal,0,,,,
2001,AFG,Gas,0,,,,
2001,AFG,Other fossil fuels,0.2,,,,
2001,AFG,Total,0.2,,,,
2002,AFG,Coal,0,,,,
2002,AFG,Gas,0,,,,
2002,AFG,Other fossil fuels,0.1,,,,
2002,AFG,Total,0.2,,,,
2003,AFG,Coal,0.1,,,,
2003,AFG,Gas,0,,,,
2003,AFG,Other fossil fuels,0.2,,,,
2003,AFG,Total,0.3,,,,
2004,AFG,Coal,0.1,,,,
2004,AFG,Gas,0,,,,
2004,AFG,Other fossil fuels,0.2,,,,
2004,AFG,Total,0.2,,,,
2005,AFG,Coal,0.1,,,,
2005,AFG,Gas,0,,,,
2005,AFG,Other fossil fuels,0.2,,,,
2005,AFG,Total,0.2,,,,
2006,AFG,Coal,0.2,,,,
2006,AFG,Gas,0,,,,
2006,AFG,Other fossil fuels,0.1,,,,
2006,AFG,Total,0.3,,,,
2007,AFG,Coal,0.2,,,,
2007,AFG,Gas,0,,,,
2007,AFG,Other fossil fuels,0.1,,,,
2007,AFG,Total,0.3,,,,
2008,AFG,Coal,0.1,,,,
2008,AFG,Gas,0,,,,
2008,AFG,Other fossil fuels,0.1,,,,
2008,AFG,Total,0.2,,,,
2009,AFG,Coal,0.1,,,,
2009,AFG,Gas,0,,,,
2009,AFG,Other fossil fuels,0.1,,,,
2009,AFG,Total,0.1,,,,
2010,AFG,Coal,0.1,,,,
2010,AFG,Gas,0,,,,
2010,AFG,Other fossil fuels,0.1,,,,
2010,AFG,Total,0.1,,,,
2011,AFG,Coal,0.1,,,,
2011,AFG,Gas,0,,,,
2011,AFG,Other fossil fuels,0.1,,,,
2011,AFG,Total,0.2,,,,
2012,AFG,Coal,0.1,,,,
2012,AFG,Gas,0,,,,
2012,AFG,Other fossil fuels,0.1,,,,
2012,AFG,Total,0.1,,,,
2013,AFG,Coal,0.1,,,,
2013,AFG,Gas,0,,,,
2013,AFG,Other fossil fuels,0.1,,,,
2013,AFG,Total,0.2,,,,
2014,AFG,Coal,0.1,,,,
2014,AFG,Gas,0,,,,
2014,AFG,Other fossil fuels,0.1,,,,
2014,AFG,Total,0.2,,,,
2015,AFG,Coal,0.1,,,,
2015,AFG,Gas,0,,,,
2015,AFG,Other fossil fuels,0.1,,,,
2015,AFG,Total,0.2,,,,
2016,AFG,Coal,0.1,,,,
2016,AFG,Gas,0,,,,
2016,AFG,Other fossil fuels,0.1,,,,
2016,AFG,Total,0.2,,,,
2017,AFG,Coal,0.1,,,,
2017,AFG,Gas,0,,,,
2017,AFG,Other fossil fuels,0.1,,,,
2017,AFG,Total,0.2,,,,
2018,AFG,Coal,0.1,,,,
2018,AFG,Gas,0,,,,
2018,AFG,Other fossil fuels,0.1,,,,
2018,AFG,Total,0.2,,,,
2019,AFG,Coal,0.1,,,,
2019,AFG,Gas,0,,,,
2019,AFG,Other fossil fuels,0.1,,,,
2019,AFG,Total,0.2,,,,
2020,AFG,Coal,0,,,,
2020,AFG,Gas,0,,,,
2020,AFG,Other fossil fuels,0.1,,,,
2020,AFG,Total,0.1,,,,
2021,AFG,Coal,0,,,,
2021,AFG,Gas,0,,,,
2021,AFG,Other fossil fuels,0.1,,,,
2021,AFG,Total,0.1,,,,
2022,AFG,Coal,0,,,,
2022,AFG,Gas,0,,,,
2022,AFG,Other fossil fuels,0.1,,,,
2022,AFG,Total,0.1,,,,
2023,AFG,Coal,0,,,,
2023,AFG,Gas,0,,,,
2023,AFG,Other fossil fuels,0.1,,,,
2023,AFG,Total,0.1,,,,
2024,AFG,Coal,0,,,,
2024,AFG,Gas,0,,,,
2024,AFG,Other fossil fuels,0.1,,,,
2024,AFG,Total,0.1,,,,
2000,ALB,Coal,0,,,,
2000,ALB,Gas,0,,,,
2000,ALB,Other fossil fuels,0.2,,,,
2000,ALB,Total,0.2,,,,
2001,ALB,Coal,0,,,,
2001,ALB,Gas,0,,,,
2001,ALB,Other fossil fuels,0.2,,,,
2001,ALB,Total,0.2,,,,
2002,ALB,Coal,0,,,,
2002,ALB,Gas,0,,,,
2002,ALB,Other fossil fuels,0.2,,,,
2002,ALB,Total,0.2,,,,
2003,ALB,Coal,0,,,,
2003,ALB,Gas,0,,,,
2003,ALB,Other fossil fuels,0.1,,,,
2003,ALB,Total,0.1,,,,
2004,ALB,Coal,0,,,,
2004,ALB,Gas,0,,,,
2004,ALB,Other fossil fuels,0.1,,,,
2004,ALB,Total,0.1,,,,
2005,ALB,Coal,0,,,,
2005,ALB,Gas,0,,,,
2005,ALB,Other fossil fuels,0.1,,,,
2005,ALB,Total,0.1,,,,
2006,ALB,Coal,0,,,,
2006,ALB,Gas,0,,,,
2006,ALB,Other fossil fuels,0.1,,,,
2006,ALB,Total,0.1,,,,
2007,ALB,Coal,0,,,,
2007,ALB,Gas,0,,,,
2007,ALB,Other fossil fuels,0.1,,,,
2007,ALB,Total,0.1,,,,
2008,ALB,Coal,0,,,,
2008,ALB,Gas,0,,,,
2008,ALB,Other fossil fuels,0,,,,
2008,ALB,Total,0,,,,
2009,ALB,Coal,0,,,,
2009,ALB,Gas,0,,,,
2009,ALB,Other fossil fuels,0,,,,
2009,ALB,Total,0,,,,
2010,ALB,Coal,0,,,,
2010,ALB,Gas,0,,,,
2010,ALB,Other fossil fuels,0,,,,
2010,ALB,Total,0,,,,
2011,ALB,Coal,0,,,,
2011,ALB,Gas,0,,,,
2011,ALB,Other fossil fuels,0.1,,,,
2011,ALB,Total,0.1,,,,
2012,ALB,Coal,0,,,,
2012,ALB,Gas,0,,,,
2012,ALB,Other fossil fuels,0,,,,
2012,ALB,Total,0,,,,
2013,ALB,Coal,0,,,,
2013,ALB,Gas,0,,,,
2013,ALB,Other fossil fuels,0,,,,
2013,ALB,Total,0,,,,
2014,ALB,Coal,0,,,,
2014,ALB,Gas,0,,,,
2014,ALB,Other fossil fuels,0,,,,
2014,ALB,Total,0,,,,
2015,ALB,Coal,0,,,,
2015,ALB,Gas,0,,,,
2015,ALB,Other fossil fuels,0,,,,
2015,ALB,Total,0,,,,
2016,ALB,Coal,0,,,,
2016,ALB,Gas,0,,,,
2016,ALB,Other fossil fuels,0,,,,
2016,ALB,Total,0,,,,
2017,ALB,Coal,0,,,,
2017,ALB,Gas,0,,,,
2017,ALB,Other fossil fuels,0,,,,
2017,ALB,Total,0,,,,
2018,ALB,Coal,0,,,,
2018,ALB,Gas,0,,,,
2018,ALB,Other fossil fuels,0,,,,
2018,ALB,Total,0,,,,
2019,ALB,Coal,0,,,,
2019,ALB,Gas,0,,,,
2019,ALB,Other fossil fuels,0,,,,
2019,ALB,Total,0,,,,
2020,ALB,Coal,0,,,,
2020,ALB,Gas,0,,,,
2020,ALB,Other fossil fuels,0,,,,
2020,ALB,Total,0,,,,
2021,ALB,Coal,0,,,,
2021,ALB,Gas,0,,,,
2021,ALB,Other fossil fuels,0,,,,
2021,ALB,Total,0,,,,
2022,ALB,Coal,0,,,,
2022,ALB,Gas,0,,,,
2022,ALB,Other fossil fuels,0,,,,
2022,ALB,Total,0,,,,
2023,ALB,Coal,0,,,,
2023,ALB,Gas,0,,,,
2023,ALB,Other fossil fuels,0,,,,
2023,ALB,Total,0,,,,
2024,ALB,Coal,0,,,,
2024,ALB,Gas,0,,,,
2024,ALB,Other fossil fuels,0,,,,
2024,ALB,Total,0,,,,
2025,ALB,Coal,0,,,,
2025,ALB,Gas,0,,,,
2025,ALB,Other fossil fuels,0,,,,
2025,ALB,Total,0,,,,
2000,DZA,Coal,0,,,,
2000,DZA,Gas,25,,,,
2000,DZA,Other fossil fuels,0.8,,,,
2000,DZA,Total,25,,,,
2001,DZA,Coal,0,,,,
2001,DZA,Gas,26,,,,
2001,DZA,Other fossil fuels,0.8,,,,
2001,DZA,Total,27,,,,
2002,DZA,Coal,0,,,,
2002,DZA,Gas,27,,,,
2002,DZA,Other fossil fuels,0.6,,,,
2002,DZA,Total,28,,,,
2003,DZA,Coal,0,,,,
2003,DZA,Gas,29,,,,
2003,DZA,Other fossil fuels,0.7,,,,
2003,DZA,Total,29,,,,
2004,DZA,Coal,0,,,,
2004,DZA,Gas,30,,,,
2004,DZA,Other fossil fuels,0.7,,,,
2004,DZA,Total,31,,,,
2005,DZA,Coal,0,,,,
2005,DZA,Gas,33,,,,
2005,DZA,Other fossil fuels,0.7,,,,
2005,DZA,Total,33,,,,
2006,DZA,Coal,0,,,,
2006,DZA,Gas,34,,,,
2006,DZA,Other fossil fuels,0.8,,,,
2006,DZA,Total,35,,,,
2007,DZA,Coal,0,,,,
2007,DZA,Gas,36,,,,
2007,DZA,Other fossil fuels,0.8,,,,
2007,DZA,Total,37,,,,
2008,DZA,Coal,0,,,,
2008,DZA,Gas,39,,,,
2008,DZA,Other fossil fuels,0.8,,,,
2008,DZA,Total,40,,,,
2009,DZA,Coal,0,,,,
2009,DZA,Gas,38,,,,
2009,DZA,Other fossil fuels,0.6,,,,
2009,DZA,Total,38,,,,
2010,DZA,Coal,0,,,,
2010,DZA,Gas,45,,,,
2010,DZA,Other fossil fuels,1.0,,,,
2010,DZA,Total,46,,,,
2011,DZA,Coal,0,,,,
2011,DZA,Gas,50,,,,
2011,DZA,Other fossil fuels,1.1,,,,
2011,DZA,Total,51,,,,
2012,DZA,Coal,0,,,,
2012,DZA,Gas,56,,,,
2012,DZA,Other fossil fuels,1.1,,,,
2012,DZA,Total,57,,,,
2013,DZA,Coal,0,,,,
2013,DZA,Gas,59,,,,
2013,DZA,Other fossil fuels,0.9,,,,
2013,DZA,Total,60,,,,
2014,DZA,Coal,0,,,,
2014,DZA,Gas,63,,,,
2014,DZA,Other fossil fuels,0.7,,,,
2014,DZA,Total,64,,,,
2015,DZA,Coal,0,,,,
2015,DZA,Gas,68,,,,
2015,DZA,Other fossil fuels,1.0,,,,
2015,DZA,Total,69,,,,
2016,DZA,Coal,0,,,,
2016,DZA,Gas,70,,,,
2016,DZA,Other fossil fuels,1.0,,,,
2016,DZA,Total,71,,,,
2017,DZA,Coal,0,,,,
2017,DZA,Gas,75,,,,
2017,DZA,Other fossil fuels,0.4,,,,
2017,DZA,Total,75,,,,
2018,DZA,Coal,0,,,,
2018,DZA,Gas,76,,,,
2018,DZA,Other fossil fuels,0.4,,,,
2018,DZA,Total,76,,,,
2019,DZA,Coal,0,,,,
2019,DZA,Gas,80,,,,
2019,DZA,Other fossil fuels,0.4,,,,
2019,DZA,Total,81,,,,
2020,DZA,Coal,0,,,,
2020,DZA,Gas,78,,,,
2020,DZA,Other fossil fuels,0.4,,,,
2020,DZA,Total,78,,,,
2021,DZA,Coal,0,,,,
2021,DZA,Gas,84,,,,
2021,DZA,Other fossil fuels,0.4,,,,
2021,DZA,Total,85,,,,
2022,DZA,Coal,0,,,,
2022,DZA,Gas,90,,,,
2022,DZA,Other fossil fuels,0.4,,,,
2022,DZA,Total,91,,,,
2023,DZA,Coal,0,,,,
2023,DZA,Gas,95,,,,
2023,DZA,Other fossil fuels,0.3,,,,
2023,DZA,Total,95,,,,
2024,DZA,Coal,0,,,,
2024,DZA,Gas,95,,,,
2024,DZA,Other fossil fuels,0.3,,,,
2024,DZA,Total,95,,,,
2000,ASM,Coal,0,,,,
2000,ASM,Gas,0,,,,
2000,ASM,Other fossil fuels,0.2,,,,
2000,ASM,Total,0.2,,,,
2001,ASM,Coal,0,,,,
2001,ASM,Gas,0,,,,
2001,ASM,Other fossil fuels,0.2,,,,
2001,ASM,Total,0.2,,,,
2002,ASM,Coal,0,,,,
2002,ASM,Gas,0,,,,
2002,ASM,Other fossil fuels,0.2,,,,
2002,ASM,Total,0.2,,,,
2003,ASM,Coal,0,,,,
2003,ASM,Gas,0,,,,
2003,ASM,Other fossil fuels,0.2,,,,
2003,ASM,Total,0.2,,,,
2004,ASM,Coal,0,,,,
2004,ASM,Gas,0,,,,
2004,ASM,Other fossil fuels,0.2,,,,
2004,ASM,Total,0.2,,,,
2005,ASM,Coal,0,,,,
2005,ASM,Gas,0,,,,
2005,ASM,Other fossil fuels,0.2,,,,
2005,ASM,Total,0.2,,,,
2006,ASM,Coal,0,,,,
2006,ASM,Gas,0,,,,
2006,ASM,Other fossil fuels,0.2,,,,
2006,ASM,Total,0.2,,,,
2007,ASM,Coal,0,,,,
2007,ASM,Gas,0,,,,
2007,ASM,Other fossil fuels,0.2,,,,
2007,ASM,Total,0.2,,,,
2008,ASM,Coal,0,,,,
2008,ASM,Gas,0,,,,
2008,ASM,Other fossil fuels,0.2,,,,
2008,ASM,Total,0.2,,,,
2009,ASM,Coal,0,,,,
2009,ASM,Gas,0,,,,
2009,ASM,Other fossil fuels,0.2,,,,
2009,ASM,Total,0.2,,,,
2010,ASM,Coal,0,,,,
2010,ASM,Gas,0,,,,
2010,ASM,Other fossil fuels,0.2,,,,
2010,ASM,Total,0.2,,,,
2011,ASM,Coal,0,,,,
2011,ASM,Gas,0,,,,
2011,ASM,Other fossil fuels,0.2,,,,
2011,ASM,Total,0.2,,,,
2012,ASM,Coal,0,,,,
2012,ASM,Gas,0,,,,
2012,ASM,Other fossil fuels,0.2,,,,
2012,ASM,Total,0.2,,,,
2013,ASM,Coal,0,,,,
2013,ASM,Gas,0,,,,
2013,ASM,Other fossil fuels,0.2,,,,
2013,ASM,Total,0.2,,,,
2014,ASM,Coal,0,,,,
2014,ASM,Gas,0,,,,
2014,ASM,Other fossil fuels,0.2,,,,
2014,ASM,Total,0.2,,,,
2015,ASM,Coal,0,,,,
2015,ASM,Gas,0,,,,
2015,ASM,Other fossil fuels,0.2,,,,
2015,ASM,Total,0.2,,,,
2016,ASM,Coal,0,,,,
2016,ASM,Gas,0,,,,
2016,ASM,Other fossil fuels,0.2,,,,
2016,ASM,Total,0.2,,,,
2017,ASM,Coal,0,,,,
2017,ASM,Gas,0,,,,
2017,ASM,Other fossil fuels,0.2,,,,
2017,ASM,Total,0.2,,,,
2018,ASM,Coal,0,,,,
2018,ASM,Gas,0,,,,
2018,ASM,Other fossil fuels,0.2,,,,
2018,ASM,Total,0.2,,,,
2019,ASM,Coal,0,,,,
2019,ASM,Gas,0,,,,
2019,ASM,Other fossil fuels,0.2,,,,
2019,ASM,Total,0.2,,,,
2020,ASM,Coal,0,,,,
2020,ASM,Gas,0,,,,
2020,ASM,Other fossil fuels,0.2,,,,
2020,ASM,Total,0.2,,,,
2021,ASM,Coal,0,,,,
2021,ASM,Gas,0,,,,
2021,ASM,Other fossil fuels,0.2,,,,
2021,ASM,Total,0.2,,,,
2022,ASM,Coal,0,,,,
2022,ASM,Gas,0,,,,
2022,ASM,Other fossil fuels,0.2,,,,
2022,ASM,Total,0.2,,,,
2023,ASM,Coal,0,,,,
2023,ASM,Gas,0,,,,
2023,ASM,Other fossil fuels,0.2,,,,
2023,ASM,Total,0.2,,,,
2024,ASM,Coal,0,,,,
2024,ASM,Gas,0,,,,
2024,ASM,Other fossil fuels,0.2,,,,
2024,ASM,Total,0.2,,,,
2000,AGO,Coal,0,,,,
2000,AGO,Gas,0,,,,
2000,AGO,Other fossil fuels,0.5,,,,
2000,AGO,Total,0.5,,,,
2001,AGO,Coal,0,,,,
2001,AGO,Gas,0,,,,
2001,AGO,Other fossil fuels,0.6,,,,
2001,AGO,Total,0.6,,,,
2002,AGO,Coal,0,,,,
2002,AGO,Gas,0,,,,
2002,AGO,Other fossil fuels,0.6,,,,
2002,AGO,Total,0.6,,,,
2003,AGO,Coal,0,,,,
2003,AGO,Gas,0,,,,
2003,AGO,Other fossil fuels,0.8,,,,
2003,AGO,Total,0.8,,,,
2004,AGO,Coal,0,,,,
2004,AGO,Gas,0,,,,
2004,AGO,Other fossil fuels,0.5,,,,
2004,AGO,Total,0.5,,,,
2005,AGO,Coal,0,,,,
2005,AGO,Gas,0,,,,
2005,AGO,Other fossil fuels,0.4,,,,
2005,AGO,Total,0.4,,,,
2006,AGO,Coal,0,,,,
2006,AGO,Gas,0,,,,
2006,AGO,Other fossil fuels,0.4,,,,
2006,AGO,Total,0.4,,,,
2007,AGO,Coal,0,,,,
2007,AGO,Gas,0,,,,
2007,AGO,Other fossil fuels,0.8,,,,
2007,AGO,Total,0.8,,,,
2008,AGO,Coal,0,,,,
2008,AGO,Gas,0,,,,
2008,AGO,Other fossil fuels,0.9,,,,
2008,AGO,Total,0.9,,,,
2009,AGO,Coal,0,,,,
2009,AGO,Gas,0,,,,
2009,AGO,Other fossil fuels,1.6,,,,
2009,AGO,Total,1.6,,,,
2010,AGO,Coal,0,,,,
2010,AGO,Gas,0,,,,
2010,AGO,Other fossil fuels,1.8,,,,
2010,AGO,Total,1.8,,,,
2011,AGO,Coal,0,,,,
2011,AGO,Gas,0,,,,
2011,AGO,Other fossil fuels,1.6,,,,
2011,AGO,Total,1.6,,,,
2012,AGO,Coal,0,,,,
2012,AGO,Gas,0,,,,
2012,AGO,Other fossil fuels,2.2,,,,
2012,AGO,Total,2.2,,,,
2013,AGO,Coal,0,,,,
2013,AGO,Gas,0,,,,
2013,AGO,Other fossil fuels,3.4,,,,
2013,AGO,Total,3.4,,,,
2014,AGO,Coal,0,,,,
2014,AGO,Gas,0,,,,
2014,AGO,Other fossil fuels,4.5,,,,
2014,AGO,Total,4.5,,,,
2015,AGO,Coal,0,,,,
2015,AGO,Gas,0,,,,
2015,AGO,Other fossil fuels,4.4,,,,
2015,AGO,Total,4.4,,,,
2016,AGO,Coal,0,,,,
2016,AGO,Gas,0,,,,
2016,AGO,Other fossil fuels,4.6,,,,
2016,AGO,Total,4.6,,,,
2017,AGO,Coal,0,,,,
2017,AGO,Gas,0,,,,
2017,AGO,Other fossil fuels,3.1,,,,
2017,AGO,Total,3.1,,,,
2018,AGO,Coal,0,,,,
2018,AGO,Gas,0.1,,,,
2018,AGO,Other fossil fuels,2.6,,,,
2018,AGO,Total,2.7,,,,
2019,AGO,Coal,0,,,,
2019,AGO,Gas,1.6,,,,
2019,AGO,Other fossil fuels,2.6,,,,
2019,AGO,Total,4.2,,,,
2020,AGO,Coal,0,,,,
2020,AGO,Gas,1.7,,,,
2020,AGO,Other fossil fuels,2.5,,,,
2020,AGO,Total,4.1,,,,
2021,AGO,Coal,0,,,,
2021,AGO,Gas,1.7,,,,
2021,AGO,Other fossil fuels,2.5,,,,
2021,AGO,Total,4.1,,,,
2022,AGO,Coal,0,,,,
2022,AGO,Gas,1.7,,,,
2022,AGO,Other fossil fuels,2.6,,,,
2022,AGO,Total,4.2,,,,
2023,AGO,Coal,0,,,,
2023,AGO,Gas,1.4,,,,
2023,AGO,Other fossil fuels,2.7,,,,
2023,AGO,Total,4.1,,,,
2024,AGO,Coal,0,,,,
2024,AGO,Gas,1.4,,,,
2024,AGO,Other fossil fuels,2.7,,,,
2024,AGO,Total,4.1,,,,
2000,ATG,Coal,0,,,,
2000,ATG,Gas,0,,,,
2000,ATG,Other fossil fuels,0.2,,,,
2000,ATG,Total,0.2,,,,
2001,ATG,Coal,0,,,,
2001,ATG,Gas,0,,,,
2001,ATG,Other fossil fuels,0.2,,,,
2001,ATG,Total,0.2,,,,
2002,ATG,Coal,0,,,,
2002,ATG,Gas,0,,,,
2002,ATG,Other fossil fuels,0.2,,,,
2002,ATG,Total,0.2,,,,
2003,ATG,Coal,0,,,,
2003,ATG,Gas,0,,,,
2003,ATG,Other fossil fuels,0.2,,,,
2003,ATG,Total,0.2,,,,
2004,ATG,Coal,0,,,,
2004,ATG,Gas,0,,,,
2004,ATG,Other fossil fuels,0.2,,,,
2004,ATG,Total,0.2,,,,
2005,ATG,Coal,0,,,,
2005,ATG,Gas,0,,,,
2005,ATG,Other fossil fuels,0.2,,,,
2005,ATG,Total,0.2,,,,
2006,ATG,Coal,0,,,,
2006,ATG,Gas,0,,,,
2006,ATG,Other fossil fuels,0.3,,,,
2006,ATG,Total,0.3,,,,
2007,ATG,Coal,0,,,,
2007,ATG,Gas,0,,,,
2007,ATG,Other fossil fuels,0.3,,,,
2007,ATG,Total,0.3,,,,
2008,ATG,Coal,0,,,,
2008,ATG,Gas,0,,,,
2008,ATG,Other fossil fuels,0.3,,,,
2008,ATG,Total,0.3,,,,
2009,ATG,Coal,0,,,,
2009,ATG,Gas,0,,,,
2009,ATG,Other fossil fuels,0.3,,,,
2009,ATG,Total,0.3,,,,
2010,ATG,Coal,0,,,,
2010,ATG,Gas,0,,,,
2010,ATG,Other fossil fuels,0.3,,,,
2010,ATG,Total,0.3,,,,
2011,ATG,Coal,0,,,,
2011,ATG,Gas,0,,,,
2011,ATG,Other fossil fuels,0.3,,,,
2011,ATG,Total,0.3,,,,
2012,ATG,Coal,0,,,,
2012,ATG,Gas,0,,,,
2012,ATG,Other fossil fuels,0.3,,,,
2012,ATG,Total,0.3,,,,
2013,ATG,Coal,0,,,,
2013,ATG,Gas,0,,,,
2013,ATG,Other fossil fuels,0.3,,,,
2013,ATG,Total,0.3,,,,
2014,ATG,Coal,0,,,,
2014,ATG,Gas,0,,,,
2014,ATG,Other fossil fuels,0.3,,,,
2014,ATG,Total,0.3,,,,
2015,ATG,Coal,0,,,,
2015,ATG,Gas,0,,,,
2015,ATG,Other fossil fuels,0.3,,,,
2015,ATG,Total,0.3,,,,
2016,ATG,Coal,0,,,,
2016,ATG,Gas,0,,,,
2016,ATG,Other fossil fuels,0.3,,,,
2016,ATG,Total,0.3,,,,
2017,ATG,Coal,0,,,,
2017,ATG,Gas,0,,,,
2017,ATG,Other fossil fuels,0.3,,,,
2017,ATG,Total,0.3,,,,
2018,ATG,Coal,0,,,,
2018,ATG,Gas,0,,,,
2018,ATG,Other fossil fuels,0.4,,,,
2018,ATG,Total,0.4,,,,
2019,ATG,Coal,0,,,,
2019,ATG,Gas,0,,,,
2019,ATG,Other fossil fuels,0.4,,,,
2019,ATG,Total,0.4,,,,
2020,ATG,Coal,0,,,,
2020,ATG,Gas,0,,,,
2020,ATG,Other fossil fuels,0.3,,,,
2020,ATG,Total,0.3,,,,
2021,ATG,Coal,0,,,,
2021,ATG,Gas,0,,,,
2021,ATG,Other fossil fuels,0.3,,,,
2021,ATG,Total,0.3,,,,
2022,ATG,Coal,0,,,,
2022,ATG,Gas,0,,,,
2022,ATG,Other fossil fuels,0.3,,,,
2022,ATG,Total,0.3,,,,
2023,ATG,Coal,0,,,,
2023,ATG,Gas,0,,,,
2023,ATG,Other fossil fuels,0.3,,,,
2023,ATG,Total,0.3,,,,
2024,ATG,Coal,0,,,,
2024,ATG,Gas,0,,,,
2024,ATG,Other fossil fuels,0.3,,,,
2024,ATG,Total,0.3,,,,
1985,ARG,Coal,0.6,,,,
1985,ARG,Gas,12,,,,
1985,ARG,Other fossil fuels,5.7,,,,
1985,ARG,Total,19,,,,
1986,ARG,Coal,1.0,,,,
1986,ARG,Gas,13,,,,
1986,ARG,Other fossil fuels,7.9,,,,
1986,ARG,Total,22,,,,
1987,ARG,Coal,1.0,,,,
1987,ARG,Gas,13,,,,
1987,ARG,Other fossil fuels,10,,,,
1987,ARG,Total,24,,,,
1988,ARG,Coal,1.6,,,,
1988,ARG,Gas,21,,,,
1988,ARG,Other fossil fuels,8.7,,,,
1988,ARG,Total,31,,,,
1989,ARG,Coal,0.9,,,,
1989,ARG,Gas,24,,,,
1989,ARG,Other fossil fuels,7.3,,,,
1989,ARG,Total,33,,,,
1990,ARG,Coal,0.7,,,,
1990,ARG,Gas,20,,,,
1990,ARG,Other fossil fuels,5.4,,,,
1990,ARG,Total,26,,,,
1991,ARG,Coal,0.9,,,,
1991,ARG,Gas,21,,,,
1991,ARG,Other fossil fuels,8.2,,,,
1991,ARG,Total,30,,,,
1992,ARG,Coal,0.8,,,,
1992,ARG,Gas,21,,,,
1992,ARG,Other fossil fuels,8.1,,,,
1992,ARG,Total,30,,,,
1993,ARG,Coal,1.2,,,,
1993,ARG,Gas,22,,,,
1993,ARG,Other fossil fuels,7.1,,,,
1993,ARG,Total,30,,,,
1994,ARG,Coal,2.4,,,,
1994,ARG,Gas,23,,,,
1994,ARG,Other fossil fuels,4.9,,,,
1994,ARG,Total,30,,,,
1995,ARG,Coal,1.9,,,,
1995,ARG,Gas,27,,,,
1995,ARG,Other fossil fuels,5.1,,,,
1995,ARG,Total,33,,,,
1996,ARG,Coal,1.9,,,,
1996,ARG,Gas,33,,,,
1996,ARG,Other fossil fuels,5.1,,,,
1996,ARG,Total,40,,,,
1997,ARG,Coal,1.9,,,,
1997,ARG,Gas,32,,,,
1997,ARG,Other fossil fuels,2.3,,,,
1997,ARG,Total,36,,,,
1998,ARG,Coal,1.8,,,,
1998,ARG,Gas,34,,,,
1998,ARG,Other fossil fuels,3.9,,,,
1998,ARG,Total,40,,,,
1999,ARG,Coal,2.1,,,,
1999,ARG,Gas,46,,,,
1999,ARG,Other fossil fuels,4.1,,,,
1999,ARG,Total,52,,,,
2000,ARG,Coal,1.8,,,,
2000,ARG,Gas,49,,,,
2000,ARG,Other fossil fuels,3.1,,,,
2000,ARG,Total,54,,,,
2001,ARG,Coal,1.4,,,,
2001,ARG,Gas,43,,,,
2001,ARG,Other fossil fuels,1.5,,,,
2001,ARG,Total,46,,,,
2002,ARG,Coal,0.8,,,,
2002,ARG,Gas,41,,,,
2002,ARG,Other fossil fuels,0.9,,,,
2002,ARG,Total,42,,,,
2003,ARG,Coal,0.9,,,,
2003,ARG,Gas,48,,,,
2003,ARG,Other fossil fuels,1.1,,,,
2003,ARG,Total,50,,,,
2004,ARG,Coal,1.7,,,,
2004,ARG,Gas,55,,,,
2004,ARG,Other fossil fuels,4.1,,,,
2004,ARG,Total,61,,,,
2005,ARG,Coal,2.2,,,,
2005,ARG,Gas,56,,,,
2005,ARG,Other fossil fuels,5.8,,,,
2005,ARG,Total,64,,,,
2006,ARG,Coal,2.0,,,,
2006,ARG,Gas,56,,,,
2006,ARG,Other fossil fuels,8.2,,,,
2006,ARG,Total,67,,,,
2007,ARG,Coal,2.3,,,,
2007,ARG,Gas,60,,,,
2007,ARG,Other fossil fuels,11,,,,
2007,ARG,Total,74,,,,
2008,ARG,Coal,1.9,,,,
2008,ARG,Gas,65,,,,
2008,ARG,Other fossil fuels,15,,,,
2008,ARG,Total,82,,,,
2009,ARG,Coal,1.8,,,,
2009,ARG,Gas,62,,,,
2009,ARG,Other fossil fuels,15,,,,
2009,ARG,Total,78,,,,
2010,ARG,Coal,3.0,,,,
2010,ARG,Gas,64,,,,
2010,ARG,Other fossil fuels,17,,,,
2010,ARG,Total,84,,,,
2011,ARG,Coal,2.9,,,,
2011,ARG,Gas,68,,,,
2011,ARG,Other fossil fuels,20,,,,
2011,ARG,Total,90,,,,
2012,ARG,Coal,2.6,,,,
2012,ARG,Gas,76,,,,
2012,ARG,Other fossil fuels,20,,,,
2012,ARG,Total,99,,,,
2013,ARG,Coal,2.4,,,,
2013,ARG,Gas,75,,,,
2013,ARG,Other fossil fuels,21,,,,
2013,ARG,Total,98,,,,
2014,ARG,Coal,2.5,,,,
2014,ARG,Gas,76,,,,
2014,ARG,Other fossil fuels,20,,,,
2014,ARG,Total,98,,,,
2015,ARG,Coal,2.4,,,,
2015,ARG,Gas,79,,,,
2015,ARG,Other fossil fuels,22,,,,
2015,ARG,Total,104,,,,
2016,ARG,Coal,1.9,,,,
2016,ARG,Gas,84,,,,
2016,ARG,Other fossil fuels,21,,,,
2016,ARG,Total,107,,,,
2017,ARG,Coal,2.0,,,,
2017,ARG,Gas,91,,,,
2017,ARG,Other fossil fuels,13,,,,
2017,ARG,Total,106,,,,
2018,ARG,Coal,2.0,,,,
2018,ARG,Gas,95,,,,
2018,ARG,Other fossil fuels,7.3,,,,
2018,ARG,Total,105,,,,
2019,ARG,Coal,1.2,,,,
2019,ARG,Gas,91,,,,
2019,ARG,Other fossil fuels,3.8,,,,
2019,ARG,Total,96,,,,
2020,ARG,Coal,1.6,,,,
2020,ARG,Gas,89,,,,
2020,ARG,Other fossil fuels,7.7,,,,
2020,ARG,Total,98,,,,
2021,ARG,Coal,2.4,,,,
2021,ARG,Gas,90,,,,
2021,ARG,Other fossil fuels,14,,,,
2021,ARG,Total,106,,,,
2022,ARG,Coal,2.3,,,,
2022,ARG,Gas,77,,,,
2022,ARG,Other fossil fuels,17,,,,
2022,ARG,Total,96,,,,
2023,ARG,Coal,1.8,,,,
2023,ARG,Gas,76,,,,
2023,ARG,Other fossil fuels,9.8,,,,
2023,ARG,Total,88,,,,
2024,ARG,Coal,1.3,,,,
2024,ARG,Gas,82,,,,
2024,ARG,Other fossil fuels,6.4,,,,
2024,ARG,Total,90,,,,
2025,ARG,Coal,1.3,,,,
2025,ARG,Gas,82,,,,
2025,ARG,Other fossil fuels,5.9,,,,
2025,ARG,Total,89,,,,
2000,ARM,Coal,0,,,,
2000,ARM,Gas,2.7,,,,
2000,ARM,Other fossil fuels,0,,,,
2000,ARM,Total,2.7,,,,
2001,ARM,Coal,0,,,,
2001,ARM,Gas,2.8,,,,
2001,ARM,Other fossil fuels,0,,,,
2001,ARM,Total,2.8,,,,
2002,ARM,Coal,0,,,,
2002,ARM,Gas,1.6,,,,
2002,ARM,Other fossil fuels,0,,,,
2002,ARM,Total,1.6,,,,
2003,ARM,Coal,0,,,,
2003,ARM,Gas,1.5,,,,
2003,ARM,Other fossil fuels,0,,,,
2003,ARM,Total,1.5,,,,
2004,ARM,Coal,0,,,,
2004,ARM,Gas,1.6,,,,
2004,ARM,Other fossil fuels,0,,,,
2004,ARM,Total,1.6,,,,
2005,ARM,Coal,0,,,,
2005,ARM,Gas,1.8,,,,
2005,ARM,Other fossil fuels,0,,,,
2005,ARM,Total,1.8,,,,
2006,ARM,Coal,0,,,,
2006,ARM,Gas,1.5,,,,
2006,ARM,Other fossil fuels,0,,,,
2006,ARM,Total,1.5,,,,
2007,ARM,Coal,0,,,,
2007,ARM,Gas,1.5,,,,
2007,ARM,Other fossil fuels,0,,,,
2007,ARM,Total,1.5,,,,
2008,ARM,Coal,0,,,,
2008,ARM,Gas,1.9,,,,
2008,ARM,Other fossil fuels,0,,,,
2008,ARM,Total,1.9,,,,
2009,ARM,Coal,0,,,,
2009,ARM,Gas,1.2,,,,
2009,ARM,Other fossil fuels,0,,,,
2009,ARM,Total,1.2,,,,
2010,ARM,Coal,0,,,,
2010,ARM,Gas,1.4,,,,
2010,ARM,Other fossil fuels,0,,,,
2010,ARM,Total,1.4,,,,
2011,ARM,Coal,0,,,,
2011,ARM,Gas,2.4,,,,
2011,ARM,Other fossil fuels,0,,,,
2011,ARM,Total,2.4,,,,
2012,ARM,Coal,0,,,,
2012,ARM,Gas,3.4,,,,
2012,ARM,Other fossil fuels,0,,,,
2012,ARM,Total,3.4,,,,
2013,ARM,Coal,0,,,,
2013,ARM,Gas,3.2,,,,
2013,ARM,Other fossil fuels,0,,,,
2013,ARM,Total,3.2,,,,
2014,ARM,Coal,0,,,,
2014,ARM,Gas,3.3,,,,
2014,ARM,Other fossil fuels,0,,,,
2014,ARM,Total,3.3,,,,
2015,ARM,Coal,0,,,,
2015,ARM,Gas,2.8,,,,
2015,ARM,Other fossil fuels,0,,,,
2015,ARM,Total,2.8,,,,
2016,ARM,Coal,0,,,,
2016,ARM,Gas,2.6,,,,
2016,ARM,Other fossil fuels,0,,,,
2016,ARM,Total,2.6,,,,
2017,ARM,Coal,0,,,,
2017,ARM,Gas,2.9,,,,
2017,ARM,Other fossil fuels,0,,,,
2017,ARM,Total,2.9,,,,
2018,ARM,Coal,0,,,,
2018,ARM,Gas,3.4,,,,
2018,ARM,Other fossil fuels,0,,,,
2018,ARM,Total,3.4,,,,
2019,ARM,Coal,0,,,,
2019,ARM,Gas,3.1,,,,
2019,ARM,Other fossil fuels,0,,,,
2019,ARM,Total,3.1,,,,
2020,ARM,Coal,0,,,,
2020,ARM,Gas,3.2,,,,
2020,ARM,Other fossil fuels,0,,,,
2020,ARM,Total,3.2,,,,
2021,ARM,Coal,0,,,,
2021,ARM,Gas,3.4,,,,
2021,ARM,Other fossil fuels,0,,,,
2021,ARM,Total,3.4,,,,
2022,ARM,Coal,0,,,,
2022,ARM,Gas,3.9,,,,
2022,ARM,Other fossil fuels,0,,,,
2022,ARM,Total,3.9,,,,
2023,ARM,Coal,0,,,,
2023,ARM,Gas,3.7,,,,
2023,ARM,Other fossil fuels,0,,,,
2023,ARM,Total,3.7,,,,
2024,ARM,Coal,0,,,,
2024,ARM,Gas,3.5,,,,
2024,ARM,Other fossil fuels,0,,,,
2024,ARM,Total,3.5,,,,
2025,ARM,Coal,0,,,,
2025,ARM,Gas,3.3,,,,
2025,ARM,Other fossil fuels,0,,,,
2025,ARM,Total,3.3,,,,
2000,ABW,Coal,0,,,,
2000,ABW,Gas,0,,,,
2000,ABW,Other fossil fuels,0.8,,,,
2000,ABW,Total,0.8,,,,
2001,ABW,Coal,0,,,,
2001,ABW,Gas,0,,,,
2001,ABW,Other fossil fuels,0.8,,,,
2001,ABW,Total,0.8,,,,
2002,ABW,Coal,0,,,,
2002,ABW,Gas,0,,,,
2002,ABW,Other fossil fuels,0.8,,,,
2002,ABW,Total,0.8,,,,
2003,ABW,Coal,0,,,,
2003,ABW,Gas,0,,,,
2003,ABW,Other fossil fuels,0.8,,,,
2003,ABW,Total,0.8,,,,
2004,ABW,Coal,0,,,,
2004,ABW,Gas,0,,,,
2004,ABW,Other fossil fuels,0.9,,,,
2004,ABW,Total,0.9,,,,
2005,ABW,Coal,0,,,,
2005,ABW,Gas,0,,,,
2005,ABW,Other fossil fuels,0.9,,,,
2005,ABW,Total,0.9,,,,
2006,ABW,Coal,0,,,,
2006,ABW,Gas,0,,,,
2006,ABW,Other fossil fuels,0.9,,,,
2006,ABW,Total,0.9,,,,
2007,ABW,Coal,0,,,,
2007,ABW,Gas,0,,,,
2007,ABW,Other fossil fuels,0.9,,,,
2007,ABW,Total,0.9,,,,
2008,ABW,Coal,0,,,,
2008,ABW,Gas,0,,,,
2008,ABW,Other fossil fuels,0.9,,,,
2008,ABW,Total,0.9,,,,
2009,ABW,Coal,0,,,,
2009,ABW,Gas,0,,,,
2009,ABW,Other fossil fuels,0.9,,,,
2009,ABW,Total,0.9,,,,
2010,ABW,Coal,0,,,,
2010,ABW,Gas,0,,,,
2010,ABW,Other fossil fuels,0.8,,,,
2010,ABW,Total,0.8,,,,
2011,ABW,Coal,0,,,,
2011,ABW,Gas,0,,,,
2011,ABW,Other fossil fuels,0.8,,,,
2011,ABW,Total,0.8,,,,
2012,ABW,Coal,0,,,,
2012,ABW,Gas,0,,,,
2012,ABW,Other fossil fuels,0.8,,,,
2012,ABW,Total,0.8,,,,
2013,ABW,Coal,0,,,,
2013,ABW,Gas,0,,,,
2013,ABW,Other fossil fuels,0.8,,,,
2013,ABW,Total,0.8,,,,
2014,ABW,Coal,0,,,,
2014,ABW,Gas,0,,,,
2014,ABW,Other fossil fuels,0.8,,,,
2014,ABW,Total,0.8,,,,
2015,ABW,Coal,0,,,,
2015,ABW,Gas,0,,,,
2015,ABW,Other fossil fuels,0.8,,,,
2015,ABW,Total,0.8,,,,
2016,ABW,Coal,0,,,,
2016,ABW,Gas,0,,,,
2016,ABW,Other fossil fuels,0.8,,,,
2016,ABW,Total,0.8,,,,
2017,ABW,Coal,0,,,,
2017,ABW,Gas,0,,,,
2017,ABW,Other fossil fuels,0.8,,,,
2017,ABW,Total,0.8,,,,
2018,ABW,Coal,0,,,,
2018,ABW,Gas,0,,,,
2018,ABW,Other fossil fuels,0.8,,,,
2018,ABW,Total,0.8,,,,
2019,ABW,Coal,0,,,,
2019,ABW,Gas,0,,,,
2019,ABW,Other fossil fuels,0.8,,,,
2019,ABW,Total,0.8,,,,
2020,ABW,Coal,0,,,,
2020,ABW,Gas,0,,,,
2020,ABW,Other fossil fuels,0.8,,,,
2020,ABW,Total,0.8,,,,
2021,ABW,Coal,0,,,,
2021,ABW,Gas,0,,,,
2021,ABW,Other fossil fuels,0.8,,,,
2021,ABW,Total,0.8,,,,
2022,ABW,Coal,0,,,,
2022,ABW,Gas,0,,,,
2022,ABW,Other fossil fuels,0.8,,,,
2022,ABW,Total,0.8,,,,
2023,ABW,Coal,0,,,,
2023,ABW,Gas,0,,,,
2023,ABW,Other fossil fuels,0.8,,,,
2023,ABW,Total,0.8,,,,
2024,ABW,Coal,0,,,,
2024,ABW,Gas,0,,,,
2024,ABW,Other fossil fuels,0.8,,,,
2024,ABW,Total,0.8,,,,
1985,AUS,Coal,89,,,,
1985,AUS,Gas,12,,,,
1985,AUS,Other fossil fuels,8.4,,,,
1985,AUS,Total,109,,,,
1986,AUS,Coal,93,,,,
1986,AUS,Gas,14,,,,
1986,AUS,Other fossil fuels,8.7,,,,
1986,AUS,Total,115,,,,
1987,AUS,Coal,100,,,,
1987,AUS,Gas,14,,,,
1987,AUS,Other fossil fuels,7.4,,,,
1987,AUS,Total,122,,,,
1988,AUS,Coal,106,,,,
1988,AUS,Gas,15,,,,
1988,AUS,Other fossil fuels,7.6,,,,
1988,AUS,Total,128,,,,
1989,AUS,Coal,114,,,,
1989,AUS,Gas,15,,,,
1989,AUS,Other fossil fuels,7.7,,,,
1989,AUS,Total,136,,,,
1990,AUS,Coal,123,,,,
1990,AUS,Gas,13,,,,
1990,AUS,Other fossil fuels,4.2,,,,
1990,AUS,Total,140,,,,
1991,AUS,Coal,127,,,,
1991,AUS,Gas,11,,,,
1991,AUS,Other fossil fuels,3.2,,,,
1991,AUS,Total,142,,,,
1992,AUS,Coal,130,,,,
1992,AUS,Gas,12,,,,
1992,AUS,Other fossil fuels,2.8,,,,
1992,AUS,Total,145,,,,
1993,AUS,Coal,133,,,,
1993,AUS,Gas,12,,,,
1993,AUS,Other fossil fuels,2.8,,,,
1993,AUS,Total,148,,,,
1994,AUS,Coal,137,,,,
1994,AUS,Gas,14,,,,
1994,AUS,Other fossil fuels,2.8,,,,
1994,AUS,Total,153,,,,
1995,AUS,Coal,142,,,,
1995,AUS,Gas,14,,,,
1995,AUS,Other fossil fuels,3.1,,,,
1995,AUS,Total,159,,,,
1996,AUS,Coal,148,,,,
1996,AUS,Gas,12,,,,
1996,AUS,Other fossil fuels,2.8,,,,
1996,AUS,Total,163,,,,
1997,AUS,Coal,157,,,,
1997,AUS,Gas,12,,,,
1997,AUS,Other fossil fuels,2.3,,,,
1997,AUS,Total,172,,,,
1998,AUS,Coal,166,,,,
1998,AUS,Gas,14,,,,
1998,AUS,Other fossil fuels,2.1,,,,
1998,AUS,Total,183,,,,
1999,AUS,Coal,171,,,,
1999,AUS,Gas,16,,,,
1999,AUS,Other fossil fuels,2.1,,,,
1999,AUS,Total,189,,,,
2000,AUS,Coal,180,,,,
2000,AUS,Gas,17,,,,
2000,AUS,Other fossil fuels,2.3,,,,
2000,AUS,Total,199,,,,
2001,AUS,Coal,180,,,,
2001,AUS,Gas,25,,,,
2001,AUS,Other fossil fuels,2.6,,,,
2001,AUS,Total,207,,,,
2002,AUS,Coal,172,,,,
2002,AUS,Gas,31,,,,
2002,AUS,Other fossil fuels,3.1,,,,
2002,AUS,Total,206,,,,
2003,AUS,Coal,174,,,,
2003,AUS,Gas,30,,,,
2003,AUS,Other fossil fuels,3.5,,,,
2003,AUS,Total,207,,,,
2004,AUS,Coal,179,,,,
2004,AUS,Gas,27,,,,
2004,AUS,Other fossil fuels,3.5,,,,
2004,AUS,Total,210,,,,
2005,AUS,Coal,183,,,,
2005,AUS,Gas,23,,,,
2005,AUS,Other fossil fuels,3.8,,,,
2005,AUS,Total,210,,,,
2006,AUS,Coal,186,,,,
2006,AUS,Gas,27,,,,
2006,AUS,Other fossil fuels,3.8,,,,
2006,AUS,Total,217,,,,
2007,AUS,Coal,185,,,,
2007,AUS,Gas,33,,,,
2007,AUS,Other fossil fuels,4.0,,,,
2007,AUS,Total,223,,,,
2008,AUS,Coal,184,,,,
2008,AUS,Gas,36,,,,
2008,AUS,Other fossil fuels,5.7,,,,
2008,AUS,Total,226,,,,
2009,AUS,Coal,182,,,,
2009,AUS,Gas,41,,,,
2009,AUS,Other fossil fuels,6.6,,,,
2009,AUS,Total,230,,,,
2010,AUS,Coal,176,,,,
2010,AUS,Gas,47,,,,
2010,AUS,Other fossil fuels,6.0,,,,
2010,AUS,Total,229,,,,
2011,AUS,Coal,172,,,,
2011,AUS,Gas,49,,,,
2011,AUS,Other fossil fuels,4.9,,,,
2011,AUS,Total,226,,,,
2012,AUS,Coal,165,,,,
2012,AUS,Gas,50,,,,
2012,AUS,Other fossil fuels,5.2,,,,
2012,AUS,Total,220,,,,
2013,AUS,Coal,155,,,,
2013,AUS,Gas,53,,,,
2013,AUS,Other fossil fuels,5.9,,,,
2013,AUS,Total,214,,,,
2014,AUS,Coal,155,,,,
2014,AUS,Gas,54,,,,
2014,AUS,Other fossil fuels,6.0,,,,
2014,AUS,Total,215,,,,
2015,AUS,Coal,162,,,,
2015,AUS,Gas,50,,,,
2015,AUS,Other fossil fuels,6.3,,,,
2015,AUS,Total,218,,,,
2016,AUS,Coal,162,,,,
2016,AUS,Gas,48,,,,
2016,AUS,Other fossil fuels,6.0,,,,
2016,AUS,Total,216,,,,
2017,AUS,Coal,159,,,,
2017,AUS,Gas,55,,,,
2017,AUS,Other fossil fuels,5.5,,,,
2017,AUS,Total,220,,,,
2018,AUS,Coal,157,,,,
2018,AUS,Gas,51,,,,
2018,AUS,Other fossil fuels,5.1,,,,
2018,AUS,Total,213,,,,
2019,AUS,Coal,150,,,,
2019,AUS,Gas,56,,,,
2019,AUS,Other fossil fuels,5.1,,,,
2019,AUS,Total,211,,,,
2020,AUS,Coal,143,,,,
2020,AUS,Gas,53,,,,
2020,AUS,Other fossil fuels,4.9,,,,
2020,AUS,Total,201,,,,
2021,AUS,Coal,137,,,,
2021,AUS,Gas,48,,,,
2021,AUS,Other fossil fuels,5.2,,,,
2021,AUS,Total,190,,,,
2022,AUS,Coal,129,,,,
2022,AUS,Gas,51,,,,
2022,AUS,Other fossil fuels,5.5,,,,
2022,AUS,Total,185,,,,
2023,AUS,Coal,126,,,,
2023,AUS,Gas,47,,,,
2023,AUS,Other fossil fuels,5.8,,,,
2023,AUS,Total,178,,,,
2024,AUS,Coal,127,,,,
2024,AUS,Gas,49,,,,
2024,AUS,Other fossil fuels,6.4,,,,
2024,AUS,Total,183,,,,
2025,AUS,Coal,122,,,,
2025,AUS,Gas,47,,,,
2025,AUS,Other fossil fuels,6.4,,,,
2025,AUS,Total,176,,,,
1990,AUT,Coal,6.2,,,,
1990,AUT,Gas,7.7,,,,
1990,AUT,Other fossil fuels,2.7,,,,
1990,AUT,Total,17,,,,
1991,AUT,Coal,6.8,,,,
1991,AUT,Gas,7.5,,,,
1991,AUT,Other fossil fuels,3.2,,,,
1991,AUT,Total,18,,,,
1992,AUT,Coal,4.1,,,,
1992,AUT,Gas,6.6,,,,
1992,AUT,Other fossil fuels,3.0,,,,
1992,AUT,Total,14,,,,
1993,AUT,Coal,3.0,,,,
1993,AUT,Gas,6.8,,,,
1993,AUT,Other fossil fuels,3.5,,,,
1993,AUT,Total,13,,,,
1994,AUT,Coal,3.1,,,,
1994,AUT,Gas,8.6,,,,
1994,AUT,Other fossil fuels,3.3,,,,
1994,AUT,Total,15,,,,
1995,AUT,Coal,4.3,,,,
1995,AUT,Gas,8.9,,,,
1995,AUT,Other fossil fuels,2.9,,,,
1995,AUT,Total,16,,,,
1996,AUT,Coal,5.3,,,,
1996,AUT,Gas,9.4,,,,
1996,AUT,Other fossil fuels,3.0,,,,
1996,AUT,Total,18,,,,
1997,AUT,Coal,5.8,,,,
1997,AUT,Gas,8.5,,,,
1997,AUT,Other fossil fuels,3.5,,,,
1997,AUT,Total,18,,,,
1998,AUT,Coal,4.1,,,,
1998,AUT,Gas,8.9,,,,
1998,AUT,Other fossil fuels,3.8,,,,
1998,AUT,Total,17,,,,
1999,AUT,Coal,4.4,,,,
1999,AUT,Gas,9.3,,,,
1999,AUT,Other fossil fuels,3.7,,,,
1999,AUT,Total,17,,,,
2000,AUT,Coal,5.7,,,,
2000,AUT,Gas,7.9,,,,
2000,AUT,Other fossil fuels,2.6,,,,
2000,AUT,Total,16,,,,
2001,AUT,Coal,6.9,,,,
2001,AUT,Gas,8.8,,,,
2001,AUT,Other fossil fuels,3.1,,,,
2001,AUT,Total,19,,,,
2002,AUT,Coal,6.6,,,,
2002,AUT,Gas,9.3,,,,
2002,AUT,Other fossil fuels,2.8,,,,
2002,AUT,Total,19,,,,
2003,AUT,Coal,8.4,,,,
2003,AUT,Gas,11,,,,
2003,AUT,Other fossil fuels,3.1,,,,
2003,AUT,Total,23,,,,
2004,AUT,Coal,7.9,,,,
2004,AUT,Gas,11,,,,
2004,AUT,Other fossil fuels,3.4,,,,
2004,AUT,Total,22,,,,
2005,AUT,Coal,7.2,,,,
2005,AUT,Gas,13,,,,
2005,AUT,Other fossil fuels,3.3,,,,
2005,AUT,Total,23,,,,
2006,AUT,Coal,7.4,,,,
2006,AUT,Gas,11,,,,
2006,AUT,Other fossil fuels,3.5,,,,
2006,AUT,Total,22,,,,
2007,AUT,Coal,6.6,,,,
2007,AUT,Gas,9.9,,,,
2007,AUT,Other fossil fuels,3.2,,,,
2007,AUT,Total,20,,,,
2008,AUT,Coal,5.5,,,,
2008,AUT,Gas,11,,,,
2008,AUT,Other fossil fuels,3.1,,,,
2008,AUT,Total,20,,,,
2009,AUT,Coal,3.8,,,,
2009,AUT,Gas,12,,,,
2009,AUT,Other fossil fuels,2.9,,,,
2009,AUT,Total,19,,,,
2010,AUT,Coal,4.9,,,,
2010,AUT,Gas,14,,,,
2010,AUT,Other fossil fuels,3.6,,,,
2010,AUT,Total,23,,,,
2011,AUT,Coal,5.4,,,,
2011,AUT,Gas,12,,,,
2011,AUT,Other fossil fuels,3.4,,,,
2011,AUT,Total,21,,,,
2012,AUT,Coal,4.4,,,,
2012,AUT,Gas,9.7,,,,
2012,AUT,Other fossil fuels,3.2,,,,
2012,AUT,Total,17,,,,
2013,AUT,Coal,4.2,,,,
2013,AUT,Gas,6.7,,,,
2013,AUT,Other fossil fuels,3.2,,,,
2013,AUT,Total,14,,,,
2014,AUT,Coal,2.9,,,,
2014,AUT,Gas,5.3,,,,
2014,AUT,Other fossil fuels,3.1,,,,
2014,AUT,Total,11,,,,
2015,AUT,Coal,3.0,,,,
2015,AUT,Gas,7.7,,,,
2015,AUT,Other fossil fuels,3.6,,,,
2015,AUT,Total,14,,,,
2016,AUT,Coal,2.0,,,,
2016,AUT,Gas,8.5,,,,
2016,AUT,Other fossil fuels,3.3,,,,
2016,AUT,Total,14,,,,
2017,AUT,Coal,1.8,,,,
2017,AUT,Gas,11,,,,
2017,AUT,Other fossil fuels,3.4,,,,
2017,AUT,Total,16,,,,
2018,AUT,Coal,1.8,,,,
2018,AUT,Gas,10,,,,
2018,AUT,Other fossil fuels,2.9,,,,
2018,AUT,Total,15,,,,
2019,AUT,Coal,1.5,,,,
2019,AUT,Gas,11,,,,
2019,AUT,Other fossil fuels,3.2,,,,
2019,AUT,Total,16,,,,
2020,AUT,Coal,0.6,,,,
2020,AUT,Gas,10,,,,
2020,AUT,Other fossil fuels,3.1,,,,
2020,AUT,Total,14,,,,
2021,AUT,Coal,0,,,,
2021,AUT,Gas,11,,,,
2021,AUT,Other fossil fuels,3.3,,,,
2021,AUT,Total,14,,,,
2022,AUT,Coal,0,,,,
2022,AUT,Gas,11,,,,
2022,AUT,Other fossil fuels,3.2,,,,
2022,AUT,Total,14,,,,
2023,AUT,Coal,0,,,,
2023,AUT,Gas,7.5,,,,
2023,AUT,Other fossil fuels,3.3,,,,
2023,AUT,Total,11,,,,
2024,AUT,Coal,0,,,,
2024,AUT,Gas,7.5,,,,
2024,AUT,Other fossil fuels,3.3,,,,
2024,AUT,Total,11,,,,
2025,AUT,Coal,0,,,,
2025,AUT,Gas,8.8,,,,
2025,AUT,Other fossil fuels,3.3,,,,
2025,AUT,Total,12,,,,
2000,AZE,Coal,0,,,,
2000,AZE,Gas,3.7,,,,
2000,AZE,Other fossil fuels,13,,,,
2000,AZE,Total,17,,,,
2001,AZE,Coal,0,,,,
2001,AZE,Gas,11,,,,
2001,AZE,Other fossil fuels,6.4,,,,
2001,AZE,Total,18,,,,
2002,AZE,Coal,0,,,,
2002,AZE,Gas,11,,,,
2002,AZE,Other fossil fuels,5.8,,,,
2002,AZE,Total,17,,,,
2003,AZE,Coal,0,,,,
2003,AZE,Gas,11,,,,
2003,AZE,Other fossil fuels,7.6,,,,
2003,AZE,Total,19,,,,
2004,AZE,Coal,0,,,,
2004,AZE,Gas,13,,,,
2004,AZE,Other fossil fuels,6.2,,,,
2004,AZE,Total,19,,,,
2005,AZE,Coal,0,,,,
2005,AZE,Gas,14,,,,
2005,AZE,Other fossil fuels,5.9,,,,
2005,AZE,Total,20,,,,
2006,AZE,Coal,0,,,,
2006,AZE,Gas,16,,,,
2006,AZE,Other fossil fuels,6.1,,,,
2006,AZE,Total,22,,,,
2007,AZE,Coal,0,,,,
2007,AZE,Gas,15,,,,
2007,AZE,Other fossil fuels,4.0,,,,
2007,AZE,Total,19,,,,
2008,AZE,Coal,0,,,,
2008,AZE,Gas,18,,,,
2008,AZE,Other fossil fuels,1.7,,,,
2008,AZE,Total,19,,,,
2009,AZE,Coal,0,,,,
2009,AZE,Gas,16,,,,
2009,AZE,Other fossil fuels,0.5,,,,
2009,AZE,Total,17,,,,
2010,AZE,Coal,0,,,,
2010,AZE,Gas,15,,,,
2010,AZE,Other fossil fuels,0,,,,
2010,AZE,Total,15,,,,
2011,AZE,Coal,0,,,,
2011,AZE,Gas,17,,,,
2011,AZE,Other fossil fuels,0.4,,,,
2011,AZE,Total,18,,,,
2012,AZE,Coal,0,,,,
2012,AZE,Gas,21,,,,
2012,AZE,Other fossil fuels,0.5,,,,
2012,AZE,Total,21,,,,
2013,AZE,Coal,0,,,,
2013,AZE,Gas,22,,,,
2013,AZE,Other fossil fuels,0,,,,
2013,AZE,Total,22,,,,
2014,AZE,Coal,0,,,,
2014,AZE,Gas,23,,,,
2014,AZE,Other fossil fuels,0.1,,,,
2014,AZE,Total,23,,,,
2015,AZE,Coal,0,,,,
2015,AZE,Gas,21,,,,
2015,AZE,Other fossil fuels,1.6,,,,
2015,AZE,Total,23,,,,
2016,AZE,Coal,0,,,,
2016,AZE,Gas,20,,,,
2016,AZE,Other fossil fuels,2.6,,,,
2016,AZE,Total,23,,,,
2017,AZE,Coal,0,,,,
2017,AZE,Gas,21,,,,
2017,AZE,Other fossil fuels,1.3,,,,
2017,AZE,Total,22,,,,
2018,AZE,Coal,0,,,,
2018,AZE,Gas,23,,,,
2018,AZE,Other fossil fuels,0.1,,,,
2018,AZE,Total,23,,,,
2019,AZE,Coal,0,,,,
2019,AZE,Gas,24,,,,
2019,AZE,Other fossil fuels,0.1,,,,
2019,AZE,Total,24,,,,
2020,AZE,Coal,0,,,,
2020,AZE,Gas,24,,,,
2020,AZE,Other fossil fuels,0.1,,,,
2020,AZE,Total,24,,,,
2021,AZE,Coal,0,,,,
2021,AZE,Gas,26,,,,
2021,AZE,Other fossil fuels,0.6,,,,
2021,AZE,Total,26,,,,
2022,AZE,Coal,0,,,,
2022,AZE,Gas,27,,,,
2022,AZE,Other fossil fuels,0.1,,,,
2022,AZE,Total,27,,,,
2023,AZE,Coal,0,,,,
2023,AZE,Gas,27,,,,
2023,AZE,Other fossil fuels,0.1,,,,
2023,AZE,Total,27,,,,
2024,AZE,Coal,0,,,,
2024,AZE,Gas,25,,,,
2024,AZE,Other fossil fuels,0.1,,,,
2024,AZE,Total,25,,,,
2025,AZE,Coal,0,,,,
2025,AZE,Gas,25,,,,
2025,AZE,Other fossil fuels,0.1,,,,
2025,AZE,Total,25,,,,
2000,BHS,Coal,0,,,,
2000,BHS,Gas,0,,,,
2000,BHS,Other fossil fuels,1.7,,,,
2000,BHS,Total,1.7,,,,
2001,BHS,Coal,0,,,,
2001,BHS,Gas,0,,,,
2001,BHS,Other fossil fuels,1.8,,,,
2001,BHS,Total,1.8,,,,
2002,BHS,Coal,0,,,,
2002,BHS,Gas,0,,,,
2002,BHS,Other fossil fuels,1.9,,,,
2002,BHS,Total,1.9,,,,
2003,BHS,Coal,0,,,,
2003,BHS,Gas,0,,,,
2003,BHS,Other fossil fuels,2.0,,,,
2003,BHS,Total,2.0,,,,
2004,BHS,Coal,0,,,,
2004,BHS,Gas,0,,,,
2004,BHS,Other fossil fuels,2.0,,,,
2004,BHS,Total,2.0,,,,
2005,BHS,Coal,0,,,,
2005,BHS,Gas,0,,,,
2005,BHS,Other fossil fuels,2.1,,,,
2005,BHS,Total,2.1,,,,
2006,BHS,Coal,0,,,,
2006,BHS,Gas,0,,,,
2006,BHS,Other fossil fuels,2.1,,,,
2006,BHS,Total,2.1,,,,
2007,BHS,Coal,0,,,,
2007,BHS,Gas,0,,,,
2007,BHS,Other fossil fuels,2.3,,,,
2007,BHS,Total,2.3,,,,
2008,BHS,Coal,0,,,,
2008,BHS,Gas,0,,,,
2008,BHS,Other fossil fuels,2.3,,,,
2008,BHS,Total,2.3,,,,
2009,BHS,Coal,0,,,,
2009,BHS,Gas,0,,,,
2009,BHS,Other fossil fuels,2.1,,,,
2009,BHS,Total,2.1,,,,
2010,BHS,Coal,0,,,,
2010,BHS,Gas,0,,,,
2010,BHS,Other fossil fuels,2.0,,,,
2010,BHS,Total,2.0,,,,
2011,BHS,Coal,0,,,,
2011,BHS,Gas,0,,,,
2011,BHS,Other fossil fuels,2.1,,,,
2011,BHS,Total,2.1,,,,
2012,BHS,Coal,0,,,,
2012,BHS,Gas,0,,,,
2012,BHS,Other fossil fuels,1.9,,,,
2012,BHS,Total,1.9,,,,
2013,BHS,Coal,0,,,,
2013,BHS,Gas,0,,,,
2013,BHS,Other fossil fuels,1.9,,,,
2013,BHS,Total,1.9,,,,
2014,BHS,Coal,0,,,,
2014,BHS,Gas,0,,,,
2014,BHS,Other fossil fuels,1.9,,,,
2014,BHS,Total,1.9,,,,
2015,BHS,Coal,0,,,,
2015,BHS,Gas,0,,,,
2015,BHS,Other fossil fuels,2.0,,,,
2015,BHS,Total,2.0,,,,
2016,BHS,Coal,0,,,,
2016,BHS,Gas,0,,,,
2016,BHS,Other fossil fuels,2.0,,,,
2016,BHS,Total,2.0,,,,
2017,BHS,Coal,0,,,,
2017,BHS,Gas,0,,,,
2017,BHS,Other fossil fuels,2.0,,,,
2017,BHS,Total,2.0,,,,
2018,BHS,Coal,0,,,,
2018,BHS,Gas,0,,,,
2018,BHS,Other fossil fuels,2.0,,,,
2018,BHS,Total,2.0,,,,
2019,BHS,Coal,0,,,,
2019,BHS,Gas,0,,,,
2019,BHS,Other fossil fuels,2.0,,,,
2019,BHS,Total,2.0,,,,
2020,BHS,Coal,0,,,,
2020,BHS,Gas,0,,,,
2020,BHS,Other fossil fuels,2.0,,,,
2020,BHS,Total,2.0,,,,
2021,BHS,Coal,0,,,,
2021,BHS,Gas,0,,,,
2021,BHS,Other fossil fuels,2.0,,,,
2021,BHS,Total,2.0,,,,
2022,BHS,Coal,0,,,,
2022,BHS,Gas,0,,,,
2022,BHS,Other fossil fuels,2.0,,,,
2022,BHS,Total,2.0,,,,
2023,BHS,Coal,0,,,,
2023,BHS,Gas,0,,,,
2023,BHS,Other fossil fuels,2.2,,,,
2023,BHS,Total,2.2,,,,
2024,BHS,Coal,0,,,,
2024,BHS,Gas,0,,,,
2024,BHS,Other fossil fuels,2.2,,,,
2024,BHS,Total,2.2,,,,
2000,BHR,Coal,0,,,,
2000,BHR,Gas,14,,,,
2000,BHR,Other fossil fuels,0,,,,
2000,BHR,Total,14,,,,
2001,BHR,Coal,0,,,,
2001,BHR,Gas,15,,,,
2001,BHR,Other fossil fuels,0,,,,
2001,BHR,Total,15,,,,
2002,BHR,Coal,0,,,,
2002,BHR,Gas,15,,,,
2002,BHR,Other fossil fuels,0,,,,
2002,BHR,Total,15,,,,
2003,BHR,Coal,0,,,,
2003,BHR,Gas,16,,,,
2003,BHR,Other fossil fuels,0,,,,
2003,BHR,Total,16,,,,
2004,BHR,Coal,0,,,,
2004,BHR,Gas,16,,,,
2004,BHR,Other fossil fuels,0,,,,
2004,BHR,Total,16,,,,
2005,BHR,Coal,0,,,,
2005,BHR,Gas,19,,,,
2005,BHR,Other fossil fuels,0,,,,
2005,BHR,Total,19,,,,
2006,BHR,Coal,0,,,,
2006,BHR,Gas,21,,,,
2006,BHR,Other fossil fuels,0.5,,,,
2006,BHR,Total,21,,,,
2007,BHR,Coal,0,,,,
2007,BHR,Gas,21,,,,
2007,BHR,Other fossil fuels,0.3,,,,
2007,BHR,Total,22,,,,
2008,BHR,Coal,0,,,,
2008,BHR,Gas,23,,,,
2008,BHR,Other fossil fuels,0,,,,
2008,BHR,Total,23,,,,
2009,BHR,Coal,0,,,,
2009,BHR,Gas,23,,,,
2009,BHR,Other fossil fuels,0,,,,
2009,BHR,Total,23,,,,
2010,BHR,Coal,0,,,,
2010,BHR,Gas,24,,,,
2010,BHR,Other fossil fuels,0,,,,
2010,BHR,Total,24,,,,
2011,BHR,Coal,0,,,,
2011,BHR,Gas,24,,,,
2011,BHR,Other fossil fuels,0,,,,
2011,BHR,Total,24,,,,
2012,BHR,Coal,0,,,,
2012,BHR,Gas,25,,,,
2012,BHR,Other fossil fuels,0,,,,
2012,BHR,Total,25,,,,
2013,BHR,Coal,0,,,,
2013,BHR,Gas,26,,,,
2013,BHR,Other fossil fuels,0,,,,
2013,BHR,Total,26,,,,
2014,BHR,Coal,0,,,,
2014,BHR,Gas,27,,,,
2014,BHR,Other fossil fuels,0,,,,
2014,BHR,Total,27,,,,
2015,BHR,Coal,0,,,,
2015,BHR,Gas,28,,,,
2015,BHR,Other fossil fuels,0,,,,
2015,BHR,Total,28,,,,
2016,BHR,Coal,0,,,,
2016,BHR,Gas,29,,,,
2016,BHR,Other fossil fuels,0,,,,
2016,BHR,Total,29,,,,
2017,BHR,Coal,0,,,,
2017,BHR,Gas,29,,,,
2017,BHR,Other fossil fuels,0,,,,
2017,BHR,Total,29,,,,
2018,BHR,Coal,0,,,,
2018,BHR,Gas,30,,,,
2018,BHR,Other fossil fuels,0,,,,
2018,BHR,Total,30,,,,
2019,BHR,Coal,0,,,,
2019,BHR,Gas,33,,,,
2019,BHR,Other fossil fuels,0,,,,
2019,BHR,Total,33,,,,
2020,BHR,Coal,0,,,,
2020,BHR,Gas,33,,,,
2020,BHR,Other fossil fuels,0,,,,
2020,BHR,Total,33,,,,
2021,BHR,Coal,0,,,,
2021,BHR,Gas,34,,,,
2021,BHR,Other fossil fuels,0,,,,
2021,BHR,Total,34,,,,
2022,BHR,Coal,0,,,,
2022,BHR,Gas,36,,,,
2022,BHR,Other fossil fuels,0,,,,
2022,BHR,Total,36,,,,
2023,BHR,Coal,0,,,,
2023,BHR,Gas,37,,,,
2023,BHR,Other fossil fuels,0,,,,
2023,BHR,Total,37,,,,
2024,BHR,Coal,0,,,,
2024,BHR,Gas,38,,,,
2024,BHR,Other fossil fuels,0,,,,
2024,BHR,Total,38,,,,
2000,BGD,Coal,0,,,,
2000,BGD,Gas,14,,,,
2000,BGD,Other fossil fuels,1.0,,,,
2000,BGD,Total,15,,,,
2001,BGD,Coal,0,,,,
2001,BGD,Gas,15,,,,
2001,BGD,Other fossil fuels,1.2,,,,
2001,BGD,Total,16,,,,
2002,BGD,Coal,0,,,,
2002,BGD,Gas,17,,,,
2002,BGD,Other fossil fuels,1.3,,,,
2002,BGD,Total,18,,,,
2003,BGD,Coal,0,,,,
2003,BGD,Gas,18,,,,
2003,BGD,Other fossil fuels,1.3,,,,
2003,BGD,Total,19,,,,
2004,BGD,Coal,0,,,,
2004,BGD,Gas,22,,,,
2004,BGD,Other fossil fuels,1.5,,,,
2004,BGD,Total,24,,,,
2005,BGD,Coal,0.2,,,,
2005,BGD,Gas,24,,,,
2005,BGD,Other fossil fuels,1.5,,,,
2005,BGD,Total,26,,,,
2006,BGD,Coal,0.3,,,,
2006,BGD,Gas,27,,,,
2006,BGD,Other fossil fuels,1.6,,,,
2006,BGD,Total,29,,,,
2007,BGD,Coal,0.7,,,,
2007,BGD,Gas,28,,,,
2007,BGD,Other fossil fuels,1.6,,,,
2007,BGD,Total,30,,,,
2008,BGD,Coal,1.1,,,,
2008,BGD,Gas,31,,,,
2008,BGD,Other fossil fuels,1.4,,,,
2008,BGD,Total,33,,,,
2009,BGD,Coal,1.1,,,,
2009,BGD,Gas,34,,,,
2009,BGD,Other fossil fuels,1.6,,,,
2009,BGD,Total,37,,,,
2010,BGD,Coal,0.8,,,,
2010,BGD,Gas,38,,,,
2010,BGD,Other fossil fuels,1.5,,,,
2010,BGD,Total,40,,,,
2011,BGD,Coal,0.8,,,,
2011,BGD,Gas,38,,,,
2011,BGD,Other fossil fuels,4.2,,,,
2011,BGD,Total,43,,,,
2012,BGD,Coal,0.9,,,,
2012,BGD,Gas,41,,,,
2012,BGD,Other fossil fuels,6.0,,,,
2012,BGD,Total,48,,,,
2013,BGD,Coal,1.2,,,,
2013,BGD,Gas,44,,,,
2013,BGD,Other fossil fuels,6.7,,,,
2013,BGD,Total,52,,,,
2014,BGD,Coal,1.1,,,,
2014,BGD,Gas,46,,,,
2014,BGD,Other fossil fuels,8.2,,,,
2014,BGD,Total,55,,,,
2015,BGD,Coal,1.0,,,,
2015,BGD,Gas,48,,,,
2015,BGD,Other fossil fuels,9.7,,,,
2015,BGD,Total,58,,,,
2016,BGD,Coal,1.0,,,,
2016,BGD,Gas,55,,,,
2016,BGD,Other fossil fuels,11,,,,
2016,BGD,Total,68,,,,
2017,BGD,Coal,1.0,,,,
2017,BGD,Gas,58,,,,
2017,BGD,Other fossil fuels,13,,,,
2017,BGD,Total,72,,,,
2018,BGD,Coal,1.8,,,,
2018,BGD,Gas,60,,,,
2018,BGD,Other fossil fuels,16,,,,
2018,BGD,Total,78,,,,
2019,BGD,Coal,1.3,,,,
2019,BGD,Gas,68,,,,
2019,BGD,Other fossil fuels,14,,,,
2019,BGD,Total,84,,,,
2020,BGD,Coal,3.2,,,,
2020,BGD,Gas,71,,,,
2020,BGD,Other fossil fuels,10,,,,
2020,BGD,Total,84,,,,
2021,BGD,Coal,5.3,,,,
2021,BGD,Gas,70,,,,
2021,BGD,Other fossil fuels,19,,,,
2021,BGD,Total,94,,,,
2022,BGD,Coal,5.7,,,,
2022,BGD,Gas,69,,,,
2022,BGD,Other fossil fuels,26,,,,
2022,BGD,Total,101,,,,
2023,BGD,Coal,11,,,,
2023,BGD,Gas,66,,,,
2023,BGD,Other fossil fuels,22,,,,
2023,BGD,Total,99,,,,
2024,BGD,Coal,20,,,,
2024,BGD,Gas,67,,,,
2024,BGD,Other fossil fuels,13,,,,
2024,BGD,Total,100,,,,
2025,BGD,Coal,22,,,,
2025,BGD,Gas,66,,,,
2025,BGD,Other fossil fuels,12,,,,
2025,BGD,Total,101,,,,
2000,BRB,Coal,0,,,,
2000,BRB,Gas,0,,,,
2000,BRB,Other fossil fuels,0.8,,,,
2000,BRB,Total,0.8,,,,
2001,BRB,Coal,0,,,,
2001,BRB,Gas,0,,,,
2001,BRB,Other fossil fuels,0.8,,,,
2001,BRB,Total,0.8,,,,
2002,BRB,Coal,0,,,,
2002,BRB,Gas,0,,,,
2002,BRB,Other fossil fuels,0.9,,,,
2002,BRB,Total,0.9,,,,
2003,BRB,Coal,0,,,,
2003,BRB,Gas,0,,,,
2003,BRB,Other fossil fuels,0.9,,,,
2003,BRB,Total,0.9,,,,
2004,BRB,Coal,0,,,,
2004,BRB,Gas,0,,,,
2004,BRB,Other fossil fuels,0.9,,,,
2004,BRB,Total,0.9,,,,
2005,BRB,Coal,0,,,,
2005,BRB,Gas,0,,,,
2005,BRB,Other fossil fuels,1.0,,,,
2005,BRB,Total,1.0,,,,
2006,BRB,Coal,0,,,,
2006,BRB,Gas,0,,,,
2006,BRB,Other fossil fuels,1.0,,,,
2006,BRB,Total,1.0,,,,
2007,BRB,Coal,0,,,,
2007,BRB,Gas,0,,,,
2007,BRB,Other fossil fuels,1.0,,,,
2007,BRB,Total,1.1,,,,
2008,BRB,Coal,0,,,,
2008,BRB,Gas,0,,,,
2008,BRB,Other fossil fuels,1.0,,,,
2008,BRB,Total,1.1,,,,
2009,BRB,Coal,0,,,,
2009,BRB,Gas,0,,,,
2009,BRB,Other fossil fuels,1.1,,,,
2009,BRB,Total,1.1,,,,
2010,BRB,Coal,0,,,,
2010,BRB,Gas,0,,,,
2010,BRB,Other fossil fuels,1.0,,,,
2010,BRB,Total,1.0,,,,
2011,BRB,Coal,0,,,,
2011,BRB,Gas,0,,,,
2011,BRB,Other fossil fuels,1.0,,,,
2011,BRB,Total,1.0,,,,
2012,BRB,Coal,0,,,,
2012,BRB,Gas,0,,,,
2012,BRB,Other fossil fuels,1.1,,,,
2012,BRB,Total,1.1,,,,
2013,BRB,Coal,0,,,,
2013,BRB,Gas,0,,,,
2013,BRB,Other fossil fuels,1.0,,,,
2013,BRB,Total,1.0,,,,
2014,BRB,Coal,0,,,,
2014,BRB,Gas,0,,,,
2014,BRB,Other fossil fuels,1.0,,,,
2014,BRB,Total,1.0,,,,
2015,BRB,Coal,0,,,,
2015,BRB,Gas,0,,,,
2015,BRB,Other fossil fuels,1.0,,,,
2015,BRB,Total,1.0,,,,
2016,BRB,Coal,0,,,,
2016,BRB,Gas,0,,,,
2016,BRB,Other fossil fuels,1.0,,,,
2016,BRB,Total,1.0,,,,
2017,BRB,Coal,0,,,,
2017,BRB,Gas,0,,,,
2017,BRB,Other fossil fuels,1.0,,,,
2017,BRB,Total,1.0,,,,
2018,BRB,Coal,0,,,,
2018,BRB,Gas,0,,,,
2018,BRB,Other fossil fuels,1.0,,,,
2018,BRB,Total,1.0,,,,
2019,BRB,Coal,0,,,,
2019,BRB,Gas,0,,,,
2019,BRB,Other fossil fuels,1.0,,,,
2019,BRB,Total,1.0,,,,
2020,BRB,Coal,0,,,,
2020,BRB,Gas,0,,,,
2020,BRB,Other fossil fuels,1.0,,,,
2020,BRB,Total,1.0,,,,
2021,BRB,Coal,0,,,,
2021,BRB,Gas,0,,,,
2021,BRB,Other fossil fuels,1.0,,,,
2021,BRB,Total,1.0,,,,
2022,BRB,Coal,0,,,,
2022,BRB,Gas,0,,,,
2022,BRB,Other fossil fuels,1.0,,,,
2022,BRB,Total,1.0,,,,
2023,BRB,Coal,0,,,,
2023,BRB,Gas,0,,,,
2023,BRB,Other fossil fuels,1.0,,,,
2023,BRB,Total,1.0,,,,
2024,BRB,Coal,0,,,,
2024,BRB,Gas,0,,,,
2024,BRB,Other fossil fuels,1.0,,,,
2024,BRB,Total,1.0,,,,
2000,BLR,Coal,0,,,,
2000,BLR,Gas,24,,,,
2000,BLR,Other fossil fuels,1.7,,,,
2000,BLR,Total,26,,,,
2001,BLR,Coal,0,,,,
2001,BLR,Gas,24,,,,
2001,BLR,Other fossil fuels,1.5,,,,
2001,BLR,Total,25,,,,
2002,BLR,Coal,0,,,,
2002,BLR,Gas,25,,,,
2002,BLR,Other fossil fuels,1.4,,,,
2002,BLR,Total,26,,,,
2003,BLR,Coal,0,,,,
2003,BLR,Gas,26,,,,
2003,BLR,Other fossil fuels,1.1,,,,
2003,BLR,Total,27,,,,
2004,BLR,Coal,0,,,,
2004,BLR,Gas,30,,,,
2004,BLR,Other fossil fuels,1.5,,,,
2004,BLR,Total,31,,,,
2005,BLR,Coal,0,,,,
2005,BLR,Gas,30,,,,
2005,BLR,Other fossil fuels,0.9,,,,
2005,BLR,Total,31,,,,
2006,BLR,Coal,0,,,,
2006,BLR,Gas,30,,,,
2006,BLR,Other fossil fuels,1.6,,,,
2006,BLR,Total,32,,,,
2007,BLR,Coal,0,,,,
2007,BLR,Gas,32,,,,
2007,BLR,Other fossil fuels,0.3,,,,
2007,BLR,Total,32,,,,
2008,BLR,Coal,0,,,,
2008,BLR,Gas,34,,,,
2008,BLR,Other fossil fuels,1.0,,,,
2008,BLR,Total,35,,,,
2009,BLR,Coal,0,,,,
2009,BLR,Gas,25,,,,
2009,BLR,Other fossil fuels,5.4,,,,
2009,BLR,Total,30,,,,
2010,BLR,Coal,0,,,,
2010,BLR,Gas,34,,,,
2010,BLR,Other fossil fuels,0.8,,,,
2010,BLR,Total,35,,,,
2011,BLR,Coal,0,,,,
2011,BLR,Gas,32,,,,
2011,BLR,Other fossil fuels,0.4,,,,
2011,BLR,Total,32,,,,
2012,BLR,Coal,0,,,,
2012,BLR,Gas,30,,,,
2012,BLR,Other fossil fuels,0.8,,,,
2012,BLR,Total,31,,,,
2013,BLR,Coal,0,,,,
2013,BLR,Gas,31,,,,
2013,BLR,Other fossil fuels,0.2,,,,
2013,BLR,Total,31,,,,
2014,BLR,Coal,0,,,,
2014,BLR,Gas,34,,,,
2014,BLR,Other fossil fuels,0.4,,,,
2014,BLR,Total,34,,,,
2015,BLR,Coal,0,,,,
2015,BLR,Gas,33,,,,
2015,BLR,Other fossil fuels,0.4,,,,
2015,BLR,Total,34,,,,
2016,BLR,Coal,0,,,,
2016,BLR,Gas,33,,,,
2016,BLR,Other fossil fuels,0.6,,,,
2016,BLR,Total,33,,,,
2017,BLR,Coal,0,,,,
2017,BLR,Gas,34,,,,
2017,BLR,Other fossil fuels,0.2,,,,
2017,BLR,Total,34,,,,
2018,BLR,Coal,0,,,,
2018,BLR,Gas,38,,,,
2018,BLR,Other fossil fuels,0.3,,,,
2018,BLR,Total,38,,,,
2019,BLR,Coal,0,,,,
2019,BLR,Gas,39,,,,
2019,BLR,Other fossil fuels,0.2,,,,
2019,BLR,Total,39,,,,
2020,BLR,Coal,0,,,,
2020,BLR,Gas,35,,,,
2020,BLR,Other fossil fuels,2.1,,,,
2020,BLR,Total,37,,,,
2021,BLR,Coal,0,,,,
2021,BLR,Gas,32,,,,
2021,BLR,Other fossil fuels,2.0,,,,
2021,BLR,Total,34,,,,
2022,BLR,Coal,0,,,,
2022,BLR,Gas,29,,,,
2022,BLR,Other fossil fuels,1.8,,,,
2022,BLR,Total,31,,,,
2023,BLR,Coal,0,,,,
2023,BLR,Gas,27,,,,
2023,BLR,Other fossil fuels,1.7,,,,
2023,BLR,Total,29,,,,
2024,BLR,Coal,0,,,,
2024,BLR,Gas,27,,,,
2024,BLR,Other fossil fuels,1.7,,,,
2024,BLR,Total,29,,,,
2025,BLR,Coal,0,,,,
2025,BLR,Gas,25,,,,
2025,BLR,Other fossil fuels,1.9,,,,
2025,BLR,Total,27,,,,
1990,BEL,Coal,17,,,,
1990,BEL,Gas,5.4,,,,
1990,BEL,Other fossil fuels,4.5,,,,
1990,BEL,Total,27,,,,
1991,BEL,Coal,17,,,,
1991,BEL,Gas,6.2,,,,
1991,BEL,Other fossil fuels,5.1,,,,
1991,BEL,Total,28,,,,
1992,BEL,Coal,16,,,,
1992,BEL,Gas,6.7,,,,
1992,BEL,Other fossil fuels,4.7,,,,
1992,BEL,Total,27,,,,
1993,BEL,Coal,16,,,,
1993,BEL,Gas,6.8,,,,
1993,BEL,Other fossil fuels,4.5,,,,
1993,BEL,Total,28,,,,
1994,BEL,Coal,17,,,,
1994,BEL,Gas,8.3,,,,
1994,BEL,Other fossil fuels,4.9,,,,
1994,BEL,Total,30,,,,
1995,BEL,Coal,17,,,,
1995,BEL,Gas,10,,,,
1995,BEL,Other fossil fuels,4.8,,,,
1995,BEL,Total,31,,,,
1996,BEL,Coal,16,,,,
1996,BEL,Gas,11,,,,
1996,BEL,Other fossil fuels,4.7,,,,
1996,BEL,Total,31,,,,
1997,BEL,Coal,14,,,,
1997,BEL,Gas,12,,,,
1997,BEL,Other fossil fuels,4.6,,,,
1997,BEL,Total,30,,,,
1998,BEL,Coal,14,,,,
1998,BEL,Gas,15,,,,
1998,BEL,Other fossil fuels,5.9,,,,
1998,BEL,Total,35,,,,
1999,BEL,Coal,10,,,,
1999,BEL,Gas,19,,,,
1999,BEL,Other fossil fuels,4.3,,,,
1999,BEL,Total,34,,,,
2000,BEL,Coal,13,,,,
2000,BEL,Gas,16,,,,
2000,BEL,Other fossil fuels,4.7,,,,
2000,BEL,Total,34,,,,
2001,BEL,Coal,10,,,,
2001,BEL,Gas,16,,,,
2001,BEL,Other fossil fuels,5.5,,,,
2001,BEL,Total,31,,,,
2002,BEL,Coal,10,,,,
2002,BEL,Gas,18,,,,
2002,BEL,Other fossil fuels,4.5,,,,
2002,BEL,Total,32,,,,
2003,BEL,Coal,9.6,,,,
2003,BEL,Gas,22,,,,
2003,BEL,Other fossil fuels,3.7,,,,
2003,BEL,Total,35,,,,
2004,BEL,Coal,9.2,,,,
2004,BEL,Gas,20,,,,
2004,BEL,Other fossil fuels,4.9,,,,
2004,BEL,Total,34,,,,
2005,BEL,Coal,8.2,,,,
2005,BEL,Gas,22,,,,
2005,BEL,Other fossil fuels,5.0,,,,
2005,BEL,Total,35,,,,
2006,BEL,Coal,6.9,,,,
2006,BEL,Gas,22,,,,
2006,BEL,Other fossil fuels,4.9,,,,
2006,BEL,Total,34,,,,
2007,BEL,Coal,6.5,,,,
2007,BEL,Gas,25,,,,
2007,BEL,Other fossil fuels,4.0,,,,
2007,BEL,Total,35,,,,
2008,BEL,Coal,5.6,,,,
2008,BEL,Gas,24,,,,
2008,BEL,Other fossil fuels,3.4,,,,
2008,BEL,Total,33,,,,
2009,BEL,Coal,5.2,,,,
2009,BEL,Gas,29,,,,
2009,BEL,Other fossil fuels,2.7,,,,
2009,BEL,Total,37,,,,
2010,BEL,Coal,4.2,,,,
2010,BEL,Gas,31,,,,
2010,BEL,Other fossil fuels,3.5,,,,
2010,BEL,Total,39,,,,
2011,BEL,Coal,3.5,,,,
2011,BEL,Gas,25,,,,
2011,BEL,Other fossil fuels,3.8,,,,
2011,BEL,Total,33,,,,
2012,BEL,Coal,3.4,,,,
2012,BEL,Gas,24,,,,
2012,BEL,Other fossil fuels,3.8,,,,
2012,BEL,Total,31,,,,
2013,BEL,Coal,3.0,,,,
2013,BEL,Gas,21,,,,
2013,BEL,Other fossil fuels,3.8,,,,
2013,BEL,Total,28,,,,
2014,BEL,Coal,2.1,,,,
2014,BEL,Gas,19,,,,
2014,BEL,Other fossil fuels,3.9,,,,
2014,BEL,Total,25,,,,
2015,BEL,Coal,2.1,,,,
2015,BEL,Gas,22,,,,
2015,BEL,Other fossil fuels,3.8,,,,
2015,BEL,Total,28,,,,
2016,BEL,Coal,0.4,,,,
2016,BEL,Gas,22,,,,
2016,BEL,Other fossil fuels,4.1,,,,
2016,BEL,Total,27,,,,
2017,BEL,Coal,0,,,,
2017,BEL,Gas,23,,,,
2017,BEL,Other fossil fuels,4.3,,,,
2017,BEL,Total,27,,,,
2018,BEL,Coal,0,,,,
2018,BEL,Gas,24,,,,
2018,BEL,Other fossil fuels,4.1,,,,
2018,BEL,Total,28,,,,
2019,BEL,Coal,0,,,,
2019,BEL,Gas,26,,,,
2019,BEL,Other fossil fuels,4.2,,,,
2019,BEL,Total,30,,,,
2020,BEL,Coal,0,,,,
2020,BEL,Gas,27,,,,
2020,BEL,Other fossil fuels,3.6,,,,
2020,BEL,Total,30,,,,
2021,BEL,Coal,0,,,,
2021,BEL,Gas,23,,,,
2021,BEL,Other fossil fuels,3.8,,,,
2021,BEL,Total,26,,,,
2022,BEL,Coal,0,,,,
2022,BEL,Gas,22,,,,
2022,BEL,Other fossil fuels,4.1,,,,
2022,BEL,Total,26,,,,
2023,BEL,Coal,0,,,,
2023,BEL,Gas,18,,,,
2023,BEL,Other fossil fuels,3.4,,,,
2023,BEL,Total,22,,,,
2024,BEL,Coal,0,,,,
2024,BEL,Gas,14,,,,
2024,BEL,Other fossil fuels,3.8,,,,
2024,BEL,Total,18,,,,
2025,BEL,Coal,0,,,,
2025,BEL,Gas,19,,,,
2025,BEL,Other fossil fuels,0.4,,,,
2025,BEL,Total,19,,,,
2000,BLZ,Coal,0,,,,
2000,BLZ,Gas,0,,,,
2000,BLZ,Other fossil fuels,0,,,,
2000,BLZ,Total,0,,,,
2001,BLZ,Coal,0,,,,
2001,BLZ,Gas,0,,,,
2001,BLZ,Other fossil fuels,0,,,,
2001,BLZ,Total,0,,,,
2002,BLZ,Coal,0,,,,
2002,BLZ,Gas,0,,,,
2002,BLZ,Other fossil fuels,0.1,,,,
2002,BLZ,Total,0.1,,,,
2003,BLZ,Coal,0,,,,
2003,BLZ,Gas,0,,,,
2003,BLZ,Other fossil fuels,0.1,,,,
2003,BLZ,Total,0.1,,,,
2004,BLZ,Coal,0,,,,
2004,BLZ,Gas,0,,,,
2004,BLZ,Other fossil fuels,0.1,,,,
2004,BLZ,Total,0.1,,,,
2005,BLZ,Coal,0,,,,
2005,BLZ,Gas,0,,,,
2005,BLZ,Other fossil fuels,0.1,,,,
2005,BLZ,Total,0.1,,,,
2006,BLZ,Coal,0,,,,
2006,BLZ,Gas,0,,,,
2006,BLZ,Other fossil fuels,0,,,,
2006,BLZ,Total,0,,,,
2007,BLZ,Coal,0,,,,
2007,BLZ,Gas,0,,,,
2007,BLZ,Other fossil fuels,0,,,,
2007,BLZ,Total,0,,,,
2008,BLZ,Coal,0,,,,
2008,BLZ,Gas,0,,,,
2008,BLZ,Other fossil fuels,0,,,,
2008,BLZ,Total,0,,,,
2009,BLZ,Coal,0,,,,
2009,BLZ,Gas,0,,,,
2009,BLZ,Other fossil fuels,0.1,,,,
2009,BLZ,Total,0.1,,,,
2010,BLZ,Coal,0,,,,
2010,BLZ,Gas,0,,,,
2010,BLZ,Other fossil fuels,0,,,,
2010,BLZ,Total,0.1,,,,
2011,BLZ,Coal,0,,,,
2011,BLZ,Gas,0,,,,
2011,BLZ,Other fossil fuels,0,,,,
2011,BLZ,Total,0,,,,
2012,BLZ,Coal,0,,,,
2012,BLZ,Gas,0,,,,
2012,BLZ,Other fossil fuels,0,,,,
2012,BLZ,Total,0,,,,
2013,BLZ,Coal,0,,,,
2013,BLZ,Gas,0,,,,
2013,BLZ,Other fossil fuels,0,,,,
2013,BLZ,Total,0,,,,
2014,BLZ,Coal,0,,,,
2014,BLZ,Gas,0,,,,
2014,BLZ,Other fossil fuels,0,,,,
2014,BLZ,Total,0,,,,
2015,BLZ,Coal,0,,,,
2015,BLZ,Gas,0,,,,
2015,BLZ,Other fossil fuels,0,,,,
2015,BLZ,Total,0,,,,
2016,BLZ,Coal,0,,,,
2016,BLZ,Gas,0,,,,
2016,BLZ,Other fossil fuels,0,,,,
2016,BLZ,Total,0,,,,
2017,BLZ,Coal,0,,,,
2017,BLZ,Gas,0,,,,
2017,BLZ,Other fossil fuels,0,,,,
2017,BLZ,Total,0,,,,
2018,BLZ,Coal,0,,,,
2018,BLZ,Gas,0,,,,
2018,BLZ,Other fossil fuels,0,,,,
2018,BLZ,Total,0,,,,
2019,BLZ,Coal,0,,,,
2019,BLZ,Gas,0,,,,
2019,BLZ,Other fossil fuels,0.1,,,,
2019,BLZ,Total,0.1,,,,
2020,BLZ,Coal,0,,,,
2020,BLZ,Gas,0,,,,
2020,BLZ,Other fossil fuels,0.1,,,,
2020,BLZ,Total,0.1,,,,
2021,BLZ,Coal,0,,,,
2021,BLZ,Gas,0,,,,
2021,BLZ,Other fossil fuels,0.1,,,,
2021,BLZ,Total,0.1,,,,
2022,BLZ,Coal,0,,,,
2022,BLZ,Gas,0,,,,
2022,BLZ,Other fossil fuels,0.1,,,,
2022,BLZ,Total,0.1,,,,
2023,BLZ,Coal,0,,,,
2023,BLZ,Gas,0,,,,
2023,BLZ,Other fossil fuels,0.1,,,,
2023,BLZ,Total,0.1,,,,
2024,BLZ,Coal,0,,,,
2024,BLZ,Gas,0,,,,
2024,BLZ,Other fossil fuels,0.1,,,,
2024,BLZ,Total,0.1,,,,
2000,BEN,Coal,0,,,,
2000,BEN,Gas,0,,,,
2000,BEN,Other fossil fuels,0.1,,,,
2000,BEN,Total,0.1,,,,
2001,BEN,Coal,0,,,,
2001,BEN,Gas,0,,,,
2001,BEN,Other fossil fuels,0.1,,,,
2001,BEN,Total,0.1,,,,
2002,BEN,Coal,0,,,,
2002,BEN,Gas,0,,,,
2002,BEN,Other fossil fuels,0.1,,,,
2002,BEN,Total,0.1,,,,
2003,BEN,Coal,0,,,,
2003,BEN,Gas,0,,,,
2003,BEN,Other fossil fuels,0.1,,,,
2003,BEN,Total,0.1,,,,
2004,BEN,Coal,0,,,,
2004,BEN,Gas,0,,,,
2004,BEN,Other fossil fuels,0.1,,,,
2004,BEN,Total,0.1,,,,
2005,BEN,Coal,0,,,,
2005,BEN,Gas,0,,,,
2005,BEN,Other fossil fuels,0.1,,,,
2005,BEN,Total,0.1,,,,
2006,BEN,Coal,0,,,,
2006,BEN,Gas,0,,,,
2006,BEN,Other fossil fuels,0.2,,,,
2006,BEN,Total,0.2,,,,
2007,BEN,Coal,0,,,,
2007,BEN,Gas,0,,,,
2007,BEN,Other fossil fuels,0.2,,,,
2007,BEN,Total,0.2,,,,
2008,BEN,Coal,0,,,,
2008,BEN,Gas,0,,,,
2008,BEN,Other fossil fuels,0.2,,,,
2008,BEN,Total,0.2,,,,
2009,BEN,Coal,0,,,,
2009,BEN,Gas,0,,,,
2009,BEN,Other fossil fuels,0.1,,,,
2009,BEN,Total,0.1,,,,
2010,BEN,Coal,0,,,,
2010,BEN,Gas,0,,,,
2010,BEN,Other fossil fuels,0.1,,,,
2010,BEN,Total,0.1,,,,
2011,BEN,Coal,0,,,,
2011,BEN,Gas,0,,,,
2011,BEN,Other fossil fuels,0.1,,,,
2011,BEN,Total,0.1,,,,
2012,BEN,Coal,0,,,,
2012,BEN,Gas,0,,,,
2012,BEN,Other fossil fuels,0.1,,,,
2012,BEN,Total,0.1,,,,
2013,BEN,Coal,0,,,,
2013,BEN,Gas,0,,,,
2013,BEN,Other fossil fuels,0.1,,,,
2013,BEN,Total,0.1,,,,
2014,BEN,Coal,0,,,,
2014,BEN,Gas,0.1,,,,
2014,BEN,Other fossil fuels,0.2,,,,
2014,BEN,Total,0.3,,,,
2015,BEN,Coal,0,,,,
2015,BEN,Gas,0.1,,,,
2015,BEN,Other fossil fuels,0.2,,,,
2015,BEN,Total,0.3,,,,
2016,BEN,Coal,0,,,,
2016,BEN,Gas,0,,,,
2016,BEN,Other fossil fuels,0.3,,,,
2016,BEN,Total,0.3,,,,
2017,BEN,Coal,0,,,,
2017,BEN,Gas,0.1,,,,
2017,BEN,Other fossil fuels,0.2,,,,
2017,BEN,Total,0.3,,,,
2018,BEN,Coal,0,,,,
2018,BEN,Gas,0.1,,,,
2018,BEN,Other fossil fuels,0.1,,,,
2018,BEN,Total,0.2,,,,
2019,BEN,Coal,0,,,,
2019,BEN,Gas,0.3,,,,
2019,BEN,Other fossil fuels,0.2,,,,
2019,BEN,Total,0.5,,,,
2020,BEN,Coal,0,,,,
2020,BEN,Gas,0.8,,,,
2020,BEN,Other fossil fuels,0.2,,,,
2020,BEN,Total,1.0,,,,
2021,BEN,Coal,0,,,,
2021,BEN,Gas,0.9,,,,
2021,BEN,Other fossil fuels,0.2,,,,
2021,BEN,Total,1.1,,,,
2022,BEN,Coal,0,,,,
2022,BEN,Gas,0.7,,,,
2022,BEN,Other fossil fuels,0.2,,,,
2022,BEN,Total,1.0,,,,
2023,BEN,Coal,0,,,,
2023,BEN,Gas,0.7,,,,
2023,BEN,Other fossil fuels,0.2,,,,
2023,BEN,Total,1.0,,,,
2024,BEN,Coal,0,,,,
2024,BEN,Gas,0.7,,,,
2024,BEN,Other fossil fuels,0.2,,,,
2024,BEN,Total,1.0,,,,
2000,BTN,Coal,0,,,,
2000,BTN,Gas,0,,,,
2000,BTN,Other fossil fuels,0,,,,
2000,BTN,Total,0,,,,
2001,BTN,Coal,0,,,,
2001,BTN,Gas,0,,,,
2001,BTN,Other fossil fuels,0,,,,
2001,BTN,Total,0,,,,
2002,BTN,Coal,0,,,,
2002,BTN,Gas,0,,,,
2002,BTN,Other fossil fuels,0,,,,
2002,BTN,Total,0,,,,
2003,BTN,Coal,0,,,,
2003,BTN,Gas,0,,,,
2003,BTN,Other fossil fuels,0,,,,
2003,BTN,Total,0,,,,
2004,BTN,Coal,0,,,,
2004,BTN,Gas,0,,,,
2004,BTN,Other fossil fuels,0,,,,
2004,BTN,Total,0,,,,
2005,BTN,Coal,0,,,,
2005,BTN,Gas,0,,,,
2005,BTN,Other fossil fuels,0,,,,
2005,BTN,Total,0,,,,
2006,BTN,Coal,0,,,,
2006,BTN,Gas,0,,,,
2006,BTN,Other fossil fuels,0,,,,
2006,BTN,Total,0,,,,
2007,BTN,Coal,0,,,,
2007,BTN,Gas,0,,,,
2007,BTN,Other fossil fuels,0,,,,
2007,BTN,Total,0,,,,
2008,BTN,Coal,0,,,,
2008,BTN,Gas,0,,,,
2008,BTN,Other fossil fuels,0,,,,
2008,BTN,Total,0,,,,
2009,BTN,Coal,0,,,,
2009,BTN,Gas,0,,,,
2009,BTN,Other fossil fuels,0,,,,
2009,BTN,Total,0,,,,
2010,BTN,Coal,0,,,,
2010,BTN,Gas,0,,,,
2010,BTN,Other fossil fuels,0,,,,
2010,BTN,Total,0,,,,
2011,BTN,Coal,0,,,,
2011,BTN,Gas,0,,,,
2011,BTN,Other fossil fuels,0,,,,
2011,BTN,Total,0,,,,
2012,BTN,Coal,0,,,,
2012,BTN,Gas,0,,,,
2012,BTN,Other fossil fuels,0,,,,
2012,BTN,Total,0,,,,
2013,BTN,Coal,0,,,,
2013,BTN,Gas,0,,,,
2013,BTN,Other fossil fuels,0,,,,
2013,BTN,Total,0,,,,
2014,BTN,Coal,0,,,,
2014,BTN,Gas,0,,,,
2014,BTN,Other fossil fuels,0,,,,
2014,BTN,Total,0,,,,
2015,BTN,Coal,0,,,,
2015,BTN,Gas,0,,,,
2015,BTN,Other fossil fuels,0,,,,
2015,BTN,Total,0,,,,
2016,BTN,Coal,0,,,,
2016,BTN,Gas,0,,,,
2016,BTN,Other fossil fuels,0,,,,
2016,BTN,Total,0,,,,
2017,BTN,Coal,0,,,,
2017,BTN,Gas,0,,,,
2017,BTN,Other fossil fuels,0,,,,
2017,BTN,Total,0,,,,
2018,BTN,Coal,0,,,,
2018,BTN,Gas,0,,,,
2018,BTN,Other fossil fuels,0,,,,
2018,BTN,Total,0,,,,
2019,BTN,Coal,0,,,,
2019,BTN,Gas,0,,,,
2019,BTN,Other fossil fuels,0,,,,
2019,BTN,Total,0,,,,
2020,BTN,Coal,0,,,,
2020,BTN,Gas,0,,,,
2020,BTN,Other fossil fuels,0,,,,
2020,BTN,Total,0,,,,
2021,BTN,Coal,0,,,,
2021,BTN,Gas,0,,,,
2021,BTN,Other fossil fuels,0,,,,
2021,BTN,Total,0,,,,
2022,BTN,Coal,0,,,,
2022,BTN,Gas,0,,,,
2022,BTN,Other fossil fuels,0,,,,
2022,BTN,Total,0,,,,
2023,BTN,Coal,0,,,,
2023,BTN,Gas,0,,,,
2023,BTN,Other fossil fuels,0,,,,
2023,BTN,Total,0,,,,
2024,BTN,Coal,0,,,,
2024,BTN,Gas,0,,,,
2024,BTN,Other fossil fuels,0,,,,
2024,BTN,Total,0,,,,
2000,BOL,Coal,0,,,,
2000,BOL,Gas,1.9,,,,
2000,BOL,Other fossil fuels,0,,,,
2000,BOL,Total,1.9,,,,
2001,BOL,Coal,0,,,,
2001,BOL,Gas,1.8,,,,
2001,BOL,Other fossil fuels,0.1,,,,
2001,BOL,Total,1.8,,,,
2002,BOL,Coal,0,,,,
2002,BOL,Gas,1.9,,,,
2002,BOL,Other fossil fuels,0.1,,,,
2002,BOL,Total,1.9,,,,
2003,BOL,Coal,0,,,,
2003,BOL,Gas,2.3,,,,
2003,BOL,Other fossil fuels,0.1,,,,
2003,BOL,Total,2.3,,,,
2004,BOL,Coal,0,,,,
2004,BOL,Gas,2.3,,,,
2004,BOL,Other fossil fuels,0.1,,,,
2004,BOL,Total,2.3,,,,
2005,BOL,Coal,0,,,,
2005,BOL,Gas,2.8,,,,
2005,BOL,Other fossil fuels,0.1,,,,
2005,BOL,Total,2.9,,,,
2006,BOL,Coal,0,,,,
2006,BOL,Gas,2.8,,,,
2006,BOL,Other fossil fuels,0,,,,
2006,BOL,Total,2.8,,,,
2007,BOL,Coal,0,,,,
2007,BOL,Gas,3.0,,,,
2007,BOL,Other fossil fuels,0.1,,,,
2007,BOL,Total,3.1,,,,
2008,BOL,Coal,0,,,,
2008,BOL,Gas,3.5,,,,
2008,BOL,Other fossil fuels,0,,,,
2008,BOL,Total,3.6,,,,
2009,BOL,Coal,0,,,,
2009,BOL,Gas,3.8,,,,
2009,BOL,Other fossil fuels,0.1,,,,
2009,BOL,Total,3.9,,,,
2010,BOL,Coal,0,,,,
2010,BOL,Gas,4.4,,,,
2010,BOL,Other fossil fuels,0.1,,,,
2010,BOL,Total,4.4,,,,
2011,BOL,Coal,0,,,,
2011,BOL,Gas,4.6,,,,
2011,BOL,Other fossil fuels,0.1,,,,
2011,BOL,Total,4.7,,,,
2012,BOL,Coal,0,,,,
2012,BOL,Gas,4.9,,,,
2012,BOL,Other fossil fuels,0.1,,,,
2012,BOL,Total,5.0,,,,
2013,BOL,Coal,0,,,,
2013,BOL,Gas,5.1,,,,
2013,BOL,Other fossil fuels,0.1,,,,
2013,BOL,Total,5.2,,,,
2014,BOL,Coal,0,,,,
2014,BOL,Gas,5.8,,,,
2014,BOL,Other fossil fuels,0.1,,,,
2014,BOL,Total,5.9,,,,
2015,BOL,Coal,0,,,,
2015,BOL,Gas,6.3,,,,
2015,BOL,Other fossil fuels,0.1,,,,
2015,BOL,Total,6.4,,,,
2016,BOL,Coal,0,,,,
2016,BOL,Gas,7.3,,,,
2016,BOL,Other fossil fuels,0.1,,,,
2016,BOL,Total,7.4,,,,
2017,BOL,Coal,0,,,,
2017,BOL,Gas,7.1,,,,
2017,BOL,Other fossil fuels,0.1,,,,
2017,BOL,Total,7.2,,,,
2018,BOL,Coal,0,,,,
2018,BOL,Gas,6.8,,,,
2018,BOL,Other fossil fuels,0.3,,,,
2018,BOL,Total,7.1,,,,
2019,BOL,Coal,0,,,,
2019,BOL,Gas,6.3,,,,
2019,BOL,Other fossil fuels,0.3,,,,
2019,BOL,Total,6.6,,,,
2020,BOL,Coal,0,,,,
2020,BOL,Gas,6.3,,,,
2020,BOL,Other fossil fuels,0.3,,,,
2020,BOL,Total,6.6,,,,
2021,BOL,Coal,0,,,,
2021,BOL,Gas,6.5,,,,
2021,BOL,Other fossil fuels,0.2,,,,
2021,BOL,Total,6.7,,,,
2022,BOL,Coal,0,,,,
2022,BOL,Gas,7.3,,,,
2022,BOL,Other fossil fuels,0.2,,,,
2022,BOL,Total,7.5,,,,
2023,BOL,Coal,0,,,,
2023,BOL,Gas,8.2,,,,
2023,BOL,Other fossil fuels,0.2,,,,
2023,BOL,Total,8.4,,,,
2024,BOL,Coal,0,,,,
2024,BOL,Gas,8.7,,,,
2024,BOL,Other fossil fuels,0.2,,,,
2024,BOL,Total,8.9,,,,
2025,BOL,Coal,0,,,,
2025,BOL,Gas,8.5,,,,
2025,BOL,Other fossil fuels,0.2,,,,
2025,BOL,Total,8.7,,,,
2000,BIH,Coal,5.3,,,,
2000,BIH,Other fossil fuels,0.1,,,,
2000,BIH,Total,5.3,,,,
2001,BIH,Coal,5.4,,,,
2001,BIH,Other fossil fuels,0.1,,,,
2001,BIH,Total,5.5,,,,
2002,BIH,Coal,5.4,,,,
2002,BIH,Other fossil fuels,0.1,,,,
2002,BIH,Total,5.5,,,,
2003,BIH,Coal,6.6,,,,
2003,BIH,Other fossil fuels,0.1,,,,
2003,BIH,Total,6.8,,,,
2004,BIH,Coal,6.6,,,,
2004,BIH,Other fossil fuels,0.1,,,,
2004,BIH,Total,6.8,,,,
2005,BIH,Coal,6.5,,,,
2005,BIH,Other fossil fuels,0.1,,,,
2005,BIH,Total,6.6,,,,
2006,BIH,Coal,7.3,,,,
2006,BIH,Other fossil fuels,0.2,,,,
2006,BIH,Total,7.5,,,,
2007,BIH,Coal,7.6,,,,
2007,BIH,Other fossil fuels,0.2,,,,
2007,BIH,Total,7.8,,,,
2008,BIH,Coal,9.8,,,,
2008,BIH,Total,9.8,,,,
2009,BIH,Coal,9.2,,,,
2009,BIH,Gas,0.1,,,,
2009,BIH,Other fossil fuels,0,,,,
2009,BIH,Total,9.2,,,,
2010,BIH,Coal,8.8,,,,
2010,BIH,Gas,0.1,,,,
2010,BIH,Other fossil fuels,0.1,,,,
2010,BIH,Total,8.9,,,,
2011,BIH,Coal,11,,,,
2011,BIH,Gas,0.1,,,,
2011,BIH,Other fossil fuels,0,,,,
2011,BIH,Total,11,,,,
2012,BIH,Coal,9.6,,,,
2012,BIH,Gas,0.1,,,,
2012,BIH,Other fossil fuels,0,,,,
2012,BIH,Total,9.7,,,,
2013,BIH,Coal,10,,,,
2013,BIH,Gas,0,,,,
2013,BIH,Other fossil fuels,0,,,,
2013,BIH,Total,10,,,,
2014,BIH,Coal,11,,,,
2014,BIH,Gas,0,,,,
2014,BIH,Other fossil fuels,0.1,,,,
2014,BIH,Total,11,,,,
2015,BIH,Coal,11,,,,
2015,BIH,Gas,0,,,,
2015,BIH,Other fossil fuels,0.1,,,,
2015,BIH,Total,11,,,,
2016,BIH,Coal,12,,,,
2016,BIH,Gas,0,,,,
2016,BIH,Other fossil fuels,0.1,,,,
2016,BIH,Total,12,,,,
2017,BIH,Coal,12,,,,
2017,BIH,Gas,0,,,,
2017,BIH,Other fossil fuels,0.1,,,,
2017,BIH,Total,12,,,,
2018,BIH,Coal,12,,,,
2018,BIH,Gas,0,,,,
2018,BIH,Other fossil fuels,0.1,,,,
2018,BIH,Total,13,,,,
2019,BIH,Coal,11,,,,
2019,BIH,Gas,0,,,,
2019,BIH,Other fossil fuels,0.1,,,,
2019,BIH,Total,11,,,,
2020,BIH,Coal,12,,,,
2020,BIH,Gas,0,,,,
2020,BIH,Other fossil fuels,0,,,,
2020,BIH,Total,12,,,,
2021,BIH,Coal,11,,,,
2021,BIH,Gas,0,,,,
2021,BIH,Other fossil fuels,0,,,,
2021,BIH,Total,11,,,,
2022,BIH,Coal,11,,,,
2022,BIH,Gas,0,,,,
2022,BIH,Other fossil fuels,0.1,,,,
2022,BIH,Total,11,,,,
2023,BIH,Coal,9.7,,,,
2023,BIH,Gas,0,,,,
2023,BIH,Other fossil fuels,0.1,,,,
2023,BIH,Total,9.8,,,,
2024,BIH,Coal,9.1,,,,
2024,BIH,Gas,0,,,,
2024,BIH,Other fossil fuels,0.2,,,,
2024,BIH,Total,9.3,,,,
2025,BIH,Coal,8.1,,,,
2025,BIH,Gas,0,,,,
2025,BIH,Other fossil fuels,0.2,,,,
2025,BIH,Total,8.2,,,,
2000,BWA,Coal,1.1,,,,
2000,BWA,Gas,0,,,,
2000,BWA,Other fossil fuels,0,,,,
2000,BWA,Total,1.1,,,,
2001,BWA,Coal,1.1,,,,
2001,BWA,Gas,0,,,,
2001,BWA,Other fossil fuels,0,,,,
2001,BWA,Total,1.1,,,,
2002,BWA,Coal,1.1,,,,
2002,BWA,Gas,0,,,,
2002,BWA,Other fossil fuels,0,,,,
2002,BWA,Total,1.2,,,,
2003,BWA,Coal,1.0,,,,
2003,BWA,Gas,0,,,,
2003,BWA,Other fossil fuels,0,,,,
2003,BWA,Total,1.0,,,,
2004,BWA,Coal,0.9,,,,
2004,BWA,Gas,0,,,,
2004,BWA,Other fossil fuels,0.1,,,,
2004,BWA,Total,1.0,,,,
2005,BWA,Coal,1.1,,,,
2005,BWA,Gas,0,,,,
2005,BWA,Other fossil fuels,0,,,,
2005,BWA,Total,1.1,,,,
2006,BWA,Coal,1.0,,,,
2006,BWA,Gas,0,,,,
2006,BWA,Other fossil fuels,0,,,,
2006,BWA,Total,1.0,,,,
2007,BWA,Coal,0.8,,,,
2007,BWA,Gas,0,,,,
2007,BWA,Other fossil fuels,0,,,,
2007,BWA,Total,0.8,,,,
2008,BWA,Coal,0.7,,,,
2008,BWA,Gas,0,,,,
2008,BWA,Other fossil fuels,0,,,,
2008,BWA,Total,0.7,,,,
2009,BWA,Coal,0.6,,,,
2009,BWA,Gas,0,,,,
2009,BWA,Other fossil fuels,0,,,,
2009,BWA,Total,0.6,,,,
2010,BWA,Coal,0.5,,,,
2010,BWA,Gas,0,,,,
2010,BWA,Other fossil fuels,0,,,,
2010,BWA,Total,0.5,,,,
2011,BWA,Coal,0.4,,,,
2011,BWA,Gas,0,,,,
2011,BWA,Other fossil fuels,0,,,,
2011,BWA,Total,0.5,,,,
2012,BWA,Coal,0.3,,,,
2012,BWA,Gas,0,,,,
2012,BWA,Other fossil fuels,0.1,,,,
2012,BWA,Total,0.4,,,,
2013,BWA,Coal,0.8,,,,
2013,BWA,Gas,0,,,,
2013,BWA,Other fossil fuels,0.2,,,,
2013,BWA,Total,0.9,,,,
2014,BWA,Coal,2.2,,,,
2014,BWA,Gas,0,,,,
2014,BWA,Other fossil fuels,0.1,,,,
2014,BWA,Total,2.3,,,,
2015,BWA,Coal,2.9,,,,
2015,BWA,Gas,0,,,,
2015,BWA,Other fossil fuels,0.1,,,,
2015,BWA,Total,3.0,,,,
2016,BWA,Coal,2.7,,,,
2016,BWA,Gas,0,,,,
2016,BWA,Other fossil fuels,0,,,,
2016,BWA,Total,2.7,,,,
2017,BWA,Coal,3.0,,,,
2017,BWA,Gas,0,,,,
2017,BWA,Other fossil fuels,0,,,,
2017,BWA,Total,3.0,,,,
2018,BWA,Coal,3.1,,,,
2018,BWA,Gas,0,,,,
2018,BWA,Other fossil fuels,0,,,,
2018,BWA,Total,3.1,,,,
2019,BWA,Coal,2.5,,,,
2019,BWA,Gas,0,,,,
2019,BWA,Other fossil fuels,0,,,,
2019,BWA,Total,2.5,,,,
2020,BWA,Coal,2.1,,,,
2020,BWA,Gas,0,,,,
2020,BWA,Other fossil fuels,0.1,,,,
2020,BWA,Total,2.2,,,,
2021,BWA,Coal,2.4,,,,
2021,BWA,Gas,0,,,,
2021,BWA,Other fossil fuels,0.1,,,,
2021,BWA,Total,2.5,,,,
2022,BWA,Coal,2.5,,,,
2022,BWA,Gas,0,,,,
2022,BWA,Other fossil fuels,0.1,,,,
2022,BWA,Total,2.6,,,,
2023,BWA,Coal,3.2,,,,
2023,BWA,Gas,0,,,,
2023,BWA,Other fossil fuels,0,,,,
2023,BWA,Total,3.2,,,,
2024,BWA,Coal,3.4,,,,
2024,BWA,Gas,0,,,,
2024,BWA,Other fossil fuels,0.1,,,,
2024,BWA,Total,3.4,,,,
1985,BRA,Coal,4.9,,,,
1985,BRA,Gas,0,,,,
1985,BRA,Other fossil fuels,3.9,,,,
1985,BRA,Total,8.9,,,,
1986,BRA,Coal,6.2,,,,
1986,BRA,Gas,0,,,,
1986,BRA,Other fossil fuels,10,,,,
1986,BRA,Total,16,,,,
1987,BRA,Coal,5.4,,,,
1987,BRA,Gas,0,,,,
1987,BRA,Other fossil fuels,7.8,,,,
1987,BRA,Total,13,,,,
1988,BRA,Coal,4.7,,,,
1988,BRA,Gas,0,,,,
1988,BRA,Other fossil fuels,7.2,,,,
1988,BRA,Total,12,,,,
1989,BRA,Coal,5.5,,,,
1989,BRA,Gas,0.2,,,,
1989,BRA,Other fossil fuels,6.2,,,,
1989,BRA,Total,12,,,,
1990,BRA,Coal,4.6,,,,
1990,BRA,Gas,0.3,,,,
1990,BRA,Other fossil fuels,5.1,,,,
1990,BRA,Total,10,,,,
1991,BRA,Coal,5.5,,,,
1991,BRA,Gas,0.4,,,,
1991,BRA,Other fossil fuels,5.3,,,,
1991,BRA,Total,11,,,,
1992,BRA,Coal,5.0,,,,
1992,BRA,Gas,0.4,,,,
1992,BRA,Other fossil fuels,6.3,,,,
1992,BRA,Total,12,,,,
1993,BRA,Coal,4.9,,,,
1993,BRA,Gas,0.4,,,,
1993,BRA,Other fossil fuels,6.2,,,,
1993,BRA,Total,12,,,,
1994,BRA,Coal,5.0,,,,
1994,BRA,Gas,0.5,,,,
1994,BRA,Other fossil fuels,6.4,,,,
1994,BRA,Total,12,,,,
1995,BRA,Coal,5.4,,,,
1995,BRA,Gas,0.6,,,,
1995,BRA,Other fossil fuels,7.6,,,,
1995,BRA,Total,14,,,,
1996,BRA,Coal,6.0,,,,
1996,BRA,Gas,1.0,,,,
1996,BRA,Other fossil fuels,9.3,,,,
1996,BRA,Total,16,,,,
1997,BRA,Coal,7.3,,,,
1997,BRA,Gas,1.2,,,,
1997,BRA,Other fossil fuels,10,,,,
1997,BRA,Total,18,,,,
1998,BRA,Coal,7.0,,,,
1998,BRA,Gas,1.3,,,,
1998,BRA,Other fossil fuels,11,,,,
1998,BRA,Total,20,,,,
1999,BRA,Coal,9.7,,,,
1999,BRA,Gas,2.7,,,,
1999,BRA,Other fossil fuels,17,,,,
1999,BRA,Total,29,,,,
2000,BRA,Coal,11,,,,
2000,BRA,Gas,4.1,,,,
2000,BRA,Other fossil fuels,16,,,,
2000,BRA,Total,31,,,,
2001,BRA,Coal,11,,,,
2001,BRA,Gas,10,,,,
2001,BRA,Other fossil fuels,16,,,,
2001,BRA,Total,37,,,,
2002,BRA,Coal,9.1,,,,
2002,BRA,Gas,12,,,,
2002,BRA,Other fossil fuels,14,,,,
2002,BRA,Total,35,,,,
2003,BRA,Coal,9.0,,,,
2003,BRA,Gas,13,,,,
2003,BRA,Other fossil fuels,11,,,,
2003,BRA,Total,33,,,,
2004,BRA,Coal,10,,,,
2004,BRA,Gas,19,,,,
2004,BRA,Other fossil fuels,13,,,,
2004,BRA,Total,43,,,,
2005,BRA,Coal,11,,,,
2005,BRA,Gas,19,,,,
2005,BRA,Other fossil fuels,13,,,,
2005,BRA,Total,42,,,,
2006,BRA,Coal,10,,,,
2006,BRA,Gas,18,,,,
2006,BRA,Other fossil fuels,13,,,,
2006,BRA,Total,42,,,,
2007,BRA,Coal,10,,,,
2007,BRA,Gas,16,,,,
2007,BRA,Other fossil fuels,14,,,,
2007,BRA,Total,40,,,,
2008,BRA,Coal,12,,,,
2008,BRA,Gas,29,,,,
2008,BRA,Other fossil fuels,18,,,,
2008,BRA,Total,59,,,,
2009,BRA,Coal,10,,,,
2009,BRA,Gas,13,,,,
2009,BRA,Other fossil fuels,15,,,,
2009,BRA,Total,38,,,,
2010,BRA,Coal,11,,,,
2010,BRA,Gas,36,,,,
2010,BRA,Other fossil fuels,16,,,,
2010,BRA,Total,64,,,,
2011,BRA,Coal,13,,,,
2011,BRA,Gas,25,,,,
2011,BRA,Other fossil fuels,15,,,,
2011,BRA,Total,52,,,,
2012,BRA,Coal,14,,,,
2012,BRA,Gas,47,,,,
2012,BRA,Other fossil fuels,19,,,,
2012,BRA,Total,80,,,,
2013,BRA,Coal,22,,,,
2013,BRA,Gas,69,,,,
2013,BRA,Other fossil fuels,26,,,,
2013,BRA,Total,117,,,,
2014,BRA,Coal,27,,,,
2014,BRA,Gas,81,,,,
2014,BRA,Other fossil fuels,34,,,,
2014,BRA,Total,142,,,,
2015,BRA,Coal,27,,,,
2015,BRA,Gas,79,,,,
2015,BRA,Other fossil fuels,29,,,,
2015,BRA,Total,135,,,,
2016,BRA,Coal,26,,,,
2016,BRA,Gas,56,,,,
2016,BRA,Other fossil fuels,15,,,,
2016,BRA,Total,97,,,,
2017,BRA,Coal,23,,,,
2017,BRA,Gas,66,,,,
2017,BRA,Other fossil fuels,18,,,,
2017,BRA,Total,107,,,,
2018,BRA,Coal,21,,,,
2018,BRA,Gas,55,,,,
2018,BRA,Other fossil fuels,15,,,,
2018,BRA,Total,90,,,,
2019,BRA,Coal,22,,,,
2019,BRA,Gas,66,,,,
2019,BRA,Other fossil fuels,14,,,,
2019,BRA,Total,102,,,,
2020,BRA,Coal,18,,,,
2020,BRA,Gas,59,,,,
2020,BRA,Other fossil fuels,15,,,,
2020,BRA,Total,92,,,,
2021,BRA,Coal,24,,,,
2021,BRA,Gas,87,,,,
2021,BRA,Other fossil fuels,23,,,,
2021,BRA,Total,134,,,,
2022,BRA,Coal,14,,,,
2022,BRA,Gas,42,,,,
2022,BRA,Other fossil fuels,12,,,,
2022,BRA,Total,69,,,,
2023,BRA,Coal,13,,,,
2023,BRA,Gas,39,,,,
2023,BRA,Other fossil fuels,12,,,,
2023,BRA,Total,63,,,,
2024,BRA,Coal,16,,,,
2024,BRA,Gas,49,,,,
2024,BRA,Other fossil fuels,14,,,,
2024,BRA,Total,79,,,,
2025,BRA,Coal,17,,,,
2025,BRA,Gas,55,,,,
2025,BRA,Other fossil fuels,13,,,,
2025,BRA,Total,85,,,,
2000,BRN,Coal,0,,,,
2000,BRN,Gas,2.5,,,,
2000,BRN,Other fossil fuels,0,,,,
2000,BRN,Total,2.5,,,,
2001,BRN,Coal,0,,,,
2001,BRN,Gas,2.6,,,,
2001,BRN,Other fossil fuels,0,,,,
2001,BRN,Total,2.6,,,,
2002,BRN,Coal,0,,,,
2002,BRN,Gas,2.7,,,,
2002,BRN,Other fossil fuels,0,,,,
2002,BRN,Total,2.7,,,,
2003,BRN,Coal,0,,,,
2003,BRN,Gas,3.2,,,,
2003,BRN,Other fossil fuels,0,,,,
2003,BRN,Total,3.2,,,,
2004,BRN,Coal,0,,,,
2004,BRN,Gas,3.2,,,,
2004,BRN,Other fossil fuels,0,,,,
2004,BRN,Total,3.3,,,,
2005,BRN,Coal,0,,,,
2005,BRN,Gas,3.2,,,,
2005,BRN,Other fossil fuels,0,,,,
2005,BRN,Total,3.3,,,,
2006,BRN,Coal,0,,,,
2006,BRN,Gas,3.3,,,,
2006,BRN,Other fossil fuels,0,,,,
2006,BRN,Total,3.3,,,,
2007,BRN,Coal,0,,,,
2007,BRN,Gas,3.4,,,,
2007,BRN,Other fossil fuels,0,,,,
2007,BRN,Total,3.4,,,,
2008,BRN,Coal,0,,,,
2008,BRN,Gas,3.4,,,,
2008,BRN,Other fossil fuels,0,,,,
2008,BRN,Total,3.4,,,,
2009,BRN,Coal,0,,,,
2009,BRN,Gas,3.6,,,,
2009,BRN,Other fossil fuels,0,,,,
2009,BRN,Total,3.6,,,,
2010,BRN,Coal,0,,,,
2010,BRN,Gas,3.8,,,,
2010,BRN,Other fossil fuels,0,,,,
2010,BRN,Total,3.8,,,,
2011,BRN,Coal,0,,,,
2011,BRN,Gas,3.7,,,,
2011,BRN,Other fossil fuels,0,,,,
2011,BRN,Total,3.7,,,,
2012,BRN,Coal,0,,,,
2012,BRN,Gas,3.9,,,,
2012,BRN,Other fossil fuels,0,,,,
2012,BRN,Total,3.9,,,,
2013,BRN,Coal,0,,,,
2013,BRN,Gas,4.4,,,,
2013,BRN,Other fossil fuels,0,,,,
2013,BRN,Total,4.4,,,,
2014,BRN,Coal,0,,,,
2014,BRN,Gas,4.5,,,,
2014,BRN,Other fossil fuels,0,,,,
2014,BRN,Total,4.5,,,,
2015,BRN,Coal,0,,,,
2015,BRN,Gas,4.2,,,,
2015,BRN,Other fossil fuels,0,,,,
2015,BRN,Total,4.2,,,,
2016,BRN,Coal,0,,,,
2016,BRN,Gas,4.2,,,,
2016,BRN,Other fossil fuels,0.1,,,,
2016,BRN,Total,4.3,,,,
2017,BRN,Coal,0,,,,
2017,BRN,Gas,4.1,,,,
2017,BRN,Other fossil fuels,0.1,,,,
2017,BRN,Total,4.2,,,,
2018,BRN,Coal,0,,,,
2018,BRN,Gas,4.3,,,,
2018,BRN,Other fossil fuels,0.1,,,,
2018,BRN,Total,4.3,,,,
2019,BRN,Coal,0.5,,,,
2019,BRN,Gas,4.4,,,,
2019,BRN,Other fossil fuels,0.1,,,,
2019,BRN,Total,4.9,,,,
2020,BRN,Coal,1.2,,,,
2020,BRN,Gas,4.5,,,,
2020,BRN,Other fossil fuels,0,,,,
2020,BRN,Total,5.7,,,,
2021,BRN,Coal,1.2,,,,
2021,BRN,Gas,4.4,,,,
2021,BRN,Other fossil fuels,0,,,,
2021,BRN,Total,5.7,,,,
2022,BRN,Coal,1.2,,,,
2022,BRN,Gas,4.3,,,,
2022,BRN,Other fossil fuels,0.1,,,,
2022,BRN,Total,5.6,,,,
2023,BRN,Coal,1.1,,,,
2023,BRN,Gas,4.4,,,,
2023,BRN,Other fossil fuels,0,,,,
2023,BRN,Total,5.6,,,,
2024,BRN,Coal,1.1,,,,
2024,BRN,Gas,4.4,,,,
2024,BRN,Other fossil fuels,0.1,,,,
2024,BRN,Total,5.6,,,,
1990,BGR,Coal,21,,,,
1990,BGR,Gas,3.2,,,,
1990,BGR,Other fossil fuels,1.4,,,,
1990,BGR,Total,26,,,,
1991,BGR,Coal,21,,,,
1991,BGR,Gas,2.9,,,,
1991,BGR,Other fossil fuels,1.6,,,,
1991,BGR,Total,25,,,,
1992,BGR,Coal,18,,,,
1992,BGR,Gas,2.8,,,,
1992,BGR,Other fossil fuels,1.4,,,,
1992,BGR,Total,22,,,,
1993,BGR,Coal,17,,,,
1993,BGR,Gas,3.0,,,,
1993,BGR,Other fossil fuels,1.9,,,,
1993,BGR,Total,22,,,,
1994,BGR,Coal,17,,,,
1994,BGR,Gas,2.6,,,,
1994,BGR,Other fossil fuels,1.9,,,,
1994,BGR,Total,21,,,,
1995,BGR,Coal,17,,,,
1995,BGR,Gas,3.2,,,,
1995,BGR,Other fossil fuels,1.7,,,,
1995,BGR,Total,22,,,,
1996,BGR,Coal,17,,,,
1996,BGR,Gas,3.0,,,,
1996,BGR,Other fossil fuels,1.6,,,,
1996,BGR,Total,22,,,,
1997,BGR,Coal,19,,,,
1997,BGR,Gas,1.9,,,,
1997,BGR,Other fossil fuels,1.3,,,,
1997,BGR,Total,22,,,,
1998,BGR,Coal,18,,,,
1998,BGR,Gas,2.0,,,,
1998,BGR,Other fossil fuels,1.1,,,,
1998,BGR,Total,21,,,,
1999,BGR,Coal,16,,,,
1999,BGR,Gas,2.0,,,,
1999,BGR,Other fossil fuels,1.1,,,,
1999,BGR,Total,19,,,,
2000,BGR,Coal,17,,,,
2000,BGR,Gas,1.9,,,,
2000,BGR,Other fossil fuels,0.9,,,,
2000,BGR,Total,20,,,,
2001,BGR,Coal,20,,,,
2001,BGR,Gas,1.9,,,,
2001,BGR,Other fossil fuels,0.8,,,,
2001,BGR,Total,22,,,,
2002,BGR,Coal,17,,,,
2002,BGR,Gas,1.5,,,,
2002,BGR,Other fossil fuels,1.0,,,,
2002,BGR,Total,20,,,,
2003,BGR,Coal,19,,,,
2003,BGR,Gas,1.8,,,,
2003,BGR,Other fossil fuels,1.0,,,,
2003,BGR,Total,22,,,,
2004,BGR,Coal,19,,,,
2004,BGR,Gas,1.5,,,,
2004,BGR,Other fossil fuels,1.0,,,,
2004,BGR,Total,21,,,,
2005,BGR,Coal,18,,,,
2005,BGR,Gas,1.7,,,,
2005,BGR,Other fossil fuels,0.8,,,,
2005,BGR,Total,21,,,,
2006,BGR,Coal,19,,,,
2006,BGR,Gas,2.2,,,,
2006,BGR,Other fossil fuels,0.5,,,,
2006,BGR,Total,22,,,,
2007,BGR,Coal,22,,,,
2007,BGR,Gas,2.3,,,,
2007,BGR,Other fossil fuels,0.6,,,,
2007,BGR,Total,25,,,,
2008,BGR,Coal,23,,,,
2008,BGR,Gas,2.4,,,,
2008,BGR,Other fossil fuels,0.3,,,,
2008,BGR,Total,26,,,,
2009,BGR,Coal,21,,,,
2009,BGR,Gas,2.0,,,,
2009,BGR,Other fossil fuels,0.3,,,,
2009,BGR,Total,23,,,,
2010,BGR,Coal,23,,,,
2010,BGR,Gas,2.0,,,,
2010,BGR,Other fossil fuels,0.3,,,,
2010,BGR,Total,25,,,,
2011,BGR,Coal,28,,,,
2011,BGR,Gas,2.1,,,,
2011,BGR,Other fossil fuels,0.2,,,,
2011,BGR,Total,30,,,,
2012,BGR,Coal,23,,,,
2012,BGR,Gas,2.4,,,,
2012,BGR,Other fossil fuels,0.2,,,,
2012,BGR,Total,25,,,,
2013,BGR,Coal,19,,,,
2013,BGR,Gas,2.3,,,,
2013,BGR,Other fossil fuels,0.2,,,,
2013,BGR,Total,22,,,,
2014,BGR,Coal,21,,,,
2014,BGR,Gas,2.1,,,,
2014,BGR,Other fossil fuels,0.2,,,,
2014,BGR,Total,24,,,,
2015,BGR,Coal,23,,,,
2015,BGR,Gas,1.9,,,,
2015,BGR,Other fossil fuels,0.2,,,,
2015,BGR,Total,25,,,,
2016,BGR,Coal,19,,,,
2016,BGR,Gas,2.1,,,,
2016,BGR,Other fossil fuels,0.3,,,,
2016,BGR,Total,22,,,,
2017,BGR,Coal,21,,,,
2017,BGR,Gas,1.9,,,,
2017,BGR,Other fossil fuels,0.3,,,,
2017,BGR,Total,23,,,,
2018,BGR,Coal,19,,,,
2018,BGR,Gas,2.0,,,,
2018,BGR,Other fossil fuels,0.3,,,,
2018,BGR,Total,21,,,,
2019,BGR,Coal,17,,,,
2019,BGR,Gas,2.2,,,,
2019,BGR,Other fossil fuels,0.3,,,,
2019,BGR,Total,20,,,,
2020,BGR,Coal,14,,,,
2020,BGR,Gas,2.3,,,,
2020,BGR,Other fossil fuels,0.2,,,,
2020,BGR,Total,16,,,,
2021,BGR,Coal,17,,,,
2021,BGR,Gas,3.1,,,,
2021,BGR,Other fossil fuels,0.3,,,,
2021,BGR,Total,20,,,,
2022,BGR,Coal,22,,,,
2022,BGR,Gas,2.1,,,,
2022,BGR,Other fossil fuels,0.4,,,,
2022,BGR,Total,24,,,,
2023,BGR,Coal,12,,,,
2023,BGR,Gas,1.9,,,,
2023,BGR,Other fossil fuels,0.2,,,,
2023,BGR,Total,14,,,,
2024,BGR,Coal,8.8,,,,
2024,BGR,Gas,2.0,,,,
2024,BGR,Other fossil fuels,0.3,,,,
2024,BGR,Total,11,,,,
2025,BGR,Coal,8.6,,,,
2025,BGR,Gas,1.9,,,,
2025,BGR,Other fossil fuels,0.3,,,,
2025,BGR,Total,11,,,,
2000,BFA,Coal,0,,,,
2000,BFA,Gas,0,,,,
2000,BFA,Other fossil fuels,0.3,,,,
2000,BFA,Total,0.3,,,,
2001,BFA,Coal,0,,,,
2001,BFA,Gas,0,,,,
2001,BFA,Other fossil fuels,0.3,,,,
2001,BFA,Total,0.3,,,,
2002,BFA,Coal,0,,,,
2002,BFA,Gas,0,,,,
2002,BFA,Other fossil fuels,0.3,,,,
2002,BFA,Total,0.3,,,,
2003,BFA,Coal,0,,,,
2003,BFA,Gas,0,,,,
2003,BFA,Other fossil fuels,0.4,,,,
2003,BFA,Total,0.4,,,,
2004,BFA,Coal,0,,,,
2004,BFA,Gas,0,,,,
2004,BFA,Other fossil fuels,0.4,,,,
2004,BFA,Total,0.4,,,,
2005,BFA,Coal,0,,,,
2005,BFA,Gas,0,,,,
2005,BFA,Other fossil fuels,0.4,,,,
2005,BFA,Total,0.4,,,,
2006,BFA,Coal,0,,,,
2006,BFA,Gas,0,,,,
2006,BFA,Other fossil fuels,0.5,,,,
2006,BFA,Total,0.5,,,,
2007,BFA,Coal,0,,,,
2007,BFA,Gas,0,,,,
2007,BFA,Other fossil fuels,0.5,,,,
2007,BFA,Total,0.5,,,,
2008,BFA,Coal,0,,,,
2008,BFA,Gas,0,,,,
2008,BFA,Other fossil fuels,0.5,,,,
2008,BFA,Total,0.5,,,,
2009,BFA,Coal,0,,,,
2009,BFA,Gas,0,,,,
2009,BFA,Other fossil fuels,0.6,,,,
2009,BFA,Total,0.6,,,,
2010,BFA,Coal,0,,,,
2010,BFA,Gas,0,,,,
2010,BFA,Other fossil fuels,0.5,,,,
2010,BFA,Total,0.5,,,,
2011,BFA,Coal,0,,,,
2011,BFA,Gas,0,,,,
2011,BFA,Other fossil fuels,0.5,,,,
2011,BFA,Total,0.5,,,,
2012,BFA,Coal,0,,,,
2012,BFA,Gas,0,,,,
2012,BFA,Other fossil fuels,0.5,,,,
2012,BFA,Total,0.5,,,,
2013,BFA,Coal,0,,,,
2013,BFA,Gas,0,,,,
2013,BFA,Other fossil fuels,0.6,,,,
2013,BFA,Total,0.6,,,,
2014,BFA,Coal,0,,,,
2014,BFA,Gas,0,,,,
2014,BFA,Other fossil fuels,0.8,,,,
2014,BFA,Total,0.8,,,,
2015,BFA,Coal,0,,,,
2015,BFA,Gas,0,,,,
2015,BFA,Other fossil fuels,0.9,,,,
2015,BFA,Total,0.9,,,,
2016,BFA,Coal,0,,,,
2016,BFA,Gas,0,,,,
2016,BFA,Other fossil fuels,0.8,,,,
2016,BFA,Total,0.8,,,,
2017,BFA,Coal,0,,,,
2017,BFA,Gas,0,,,,
2017,BFA,Other fossil fuels,1.0,,,,
2017,BFA,Total,1.0,,,,
2018,BFA,Coal,0,,,,
2018,BFA,Gas,0,,,,
2018,BFA,Other fossil fuels,1.6,,,,
2018,BFA,Total,1.6,,,,
2019,BFA,Coal,0,,,,
2019,BFA,Gas,0,,,,
2019,BFA,Other fossil fuels,1.3,,,,
2019,BFA,Total,1.3,,,,
2020,BFA,Coal,0,,,,
2020,BFA,Gas,0,,,,
2020,BFA,Other fossil fuels,1.3,,,,
2020,BFA,Total,1.3,,,,
2021,BFA,Coal,0,,,,
2021,BFA,Gas,0,,,,
2021,BFA,Other fossil fuels,1.4,,,,
2021,BFA,Total,1.4,,,,
2022,BFA,Coal,0,,,,
2022,BFA,Gas,0,,,,
2022,BFA,Other fossil fuels,1.4,,,,
2022,BFA,Total,1.4,,,,
2023,BFA,Coal,0,,,,
2023,BFA,Gas,0,,,,
2023,BFA,Other fossil fuels,1.4,,,,
2023,BFA,Total,1.4,,,,
2024,BFA,Coal,0,,,,
2024,BFA,Gas,0,,,,
2024,BFA,Other fossil fuels,1.4,,,,
2024,BFA,Total,1.4,,,,
2000,BDI,Coal,0,,,,
2000,BDI,Gas,0,,,,
2000,BDI,Other fossil fuels,0,,,,
2000,BDI,Total,0,,,,
2001,BDI,Coal,0,,,,
2001,BDI,Gas,0,,,,
2001,BDI,Other fossil fuels,0,,,,
2001,BDI,Total,0,,,,
2002,BDI,Coal,0,,,,
2002,BDI,Gas,0,,,,
2002,BDI,Other fossil fuels,0,,,,
2002,BDI,Total,0,,,,
2003,BDI,Coal,0,,,,
2003,BDI,Gas,0,,,,
2003,BDI,Other fossil fuels,0,,,,
2003,BDI,Total,0,,,,
2004,BDI,Coal,0,,,,
2004,BDI,Gas,0,,,,
2004,BDI,Other fossil fuels,0,,,,
2004,BDI,Total,0,,,,
2005,BDI,Coal,0,,,,
2005,BDI,Gas,0,,,,
2005,BDI,Other fossil fuels,0,,,,
2005,BDI,Total,0,,,,
2006,BDI,Coal,0,,,,
2006,BDI,Gas,0,,,,
2006,BDI,Other fossil fuels,0,,,,
2006,BDI,Total,0,,,,
2007,BDI,Coal,0,,,,
2007,BDI,Gas,0,,,,
2007,BDI,Other fossil fuels,0,,,,
2007,BDI,Total,0,,,,
2008,BDI,Coal,0,,,,
2008,BDI,Gas,0,,,,
2008,BDI,Other fossil fuels,0,,,,
2008,BDI,Total,0,,,,
2009,BDI,Coal,0,,,,
2009,BDI,Gas,0,,,,
2009,BDI,Other fossil fuels,0,,,,
2009,BDI,Total,0,,,,
2010,BDI,Coal,0,,,,
2010,BDI,Gas,0,,,,
2010,BDI,Other fossil fuels,0,,,,
2010,BDI,Total,0,,,,
2011,BDI,Coal,0,,,,
2011,BDI,Gas,0,,,,
2011,BDI,Other fossil fuels,0,,,,
2011,BDI,Total,0,,,,
2012,BDI,Coal,0,,,,
2012,BDI,Gas,0,,,,
2012,BDI,Other fossil fuels,0,,,,
2012,BDI,Total,0,,,,
2013,BDI,Coal,0,,,,
2013,BDI,Gas,0,,,,
2013,BDI,Other fossil fuels,0,,,,
2013,BDI,Total,0,,,,
2014,BDI,Coal,0,,,,
2014,BDI,Gas,0,,,,
2014,BDI,Other fossil fuels,0,,,,
2014,BDI,Total,0,,,,
2015,BDI,Coal,0,,,,
2015,BDI,Gas,0,,,,
2015,BDI,Other fossil fuels,0,,,,
2015,BDI,Total,0,,,,
2016,BDI,Coal,0,,,,
2016,BDI,Gas,0,,,,
2016,BDI,Other fossil fuels,0,,,,
2016,BDI,Total,0,,,,
2017,BDI,Coal,0,,,,
2017,BDI,Gas,0,,,,
2017,BDI,Other fossil fuels,0.1,,,,
2017,BDI,Total,0.1,,,,
2018,BDI,Coal,0,,,,
2018,BDI,Gas,0,,,,
2018,BDI,Other fossil fuels,0.1,,,,
2018,BDI,Total,0.1,,,,
2019,BDI,Coal,0,,,,
2019,BDI,Gas,0,,,,
2019,BDI,Other fossil fuels,0.1,,,,
2019,BDI,Total,0.1,,,,
2020,BDI,Coal,0,,,,
2020,BDI,Gas,0,,,,
2020,BDI,Other fossil fuels,0.1,,,,
2020,BDI,Total,0.1,,,,
2021,BDI,Coal,0,,,,
2021,BDI,Gas,0,,,,
2021,BDI,Other fossil fuels,0.1,,,,
2021,BDI,Total,0.1,,,,
2022,BDI,Coal,0,,,,
2022,BDI,Gas,0,,,,
2022,BDI,Other fossil fuels,0.1,,,,
2022,BDI,Total,0.1,,,,
2023,BDI,Coal,0,,,,
2023,BDI,Gas,0,,,,
2023,BDI,Other fossil fuels,0.1,,,,
2023,BDI,Total,0.1,,,,
2024,BDI,Coal,0,,,,
2024,BDI,Gas,0,,,,
2024,BDI,Other fossil fuels,0.1,,,,
2024,BDI,Total,0.1,,,,
2000,CPV,Coal,0,,,,
2000,CPV,Gas,0,,,,
2000,CPV,Other fossil fuels,0.1,,,,
2000,CPV,Total,0.1,,,,
2001,CPV,Coal,0,,,,
2001,CPV,Gas,0,,,,
2001,CPV,Other fossil fuels,0.2,,,,
2001,CPV,Total,0.2,,,,
2002,CPV,Coal,0,,,,
2002,CPV,Gas,0,,,,
2002,CPV,Other fossil fuels,0.2,,,,
2002,CPV,Total,0.2,,,,
2003,CPV,Coal,0,,,,
2003,CPV,Gas,0,,,,
2003,CPV,Other fossil fuels,0.2,,,,
2003,CPV,Total,0.2,,,,
2004,CPV,Coal,0,,,,
2004,CPV,Gas,0,,,,
2004,CPV,Other fossil fuels,0.2,,,,
2004,CPV,Total,0.2,,,,
2005,CPV,Coal,0,,,,
2005,CPV,Gas,0,,,,
2005,CPV,Other fossil fuels,0.2,,,,
2005,CPV,Total,0.2,,,,
2006,CPV,Coal,0,,,,
2006,CPV,Gas,0,,,,
2006,CPV,Other fossil fuels,0.2,,,,
2006,CPV,Total,0.2,,,,
2007,CPV,Coal,0,,,,
2007,CPV,Gas,0,,,,
2007,CPV,Other fossil fuels,0.3,,,,
2007,CPV,Total,0.3,,,,
2008,CPV,Coal,0,,,,
2008,CPV,Gas,0,,,,
2008,CPV,Other fossil fuels,0.3,,,,
2008,CPV,Total,0.3,,,,
2009,CPV,Coal,0,,,,
2009,CPV,Gas,0,,,,
2009,CPV,Other fossil fuels,0.3,,,,
2009,CPV,Total,0.3,,,,
2010,CPV,Coal,0,,,,
2010,CPV,Gas,0,,,,
2010,CPV,Other fossil fuels,0.3,,,,
2010,CPV,Total,0.3,,,,
2011,CPV,Coal,0,,,,
2011,CPV,Gas,0,,,,
2011,CPV,Other fossil fuels,0.3,,,,
2011,CPV,Total,0.3,,,,
2012,CPV,Coal,0,,,,
2012,CPV,Gas,0,,,,
2012,CPV,Other fossil fuels,0.3,,,,
2012,CPV,Total,0.3,,,,
2013,CPV,Coal,0,,,,
2013,CPV,Gas,0,,,,
2013,CPV,Other fossil fuels,0.3,,,,
2013,CPV,Total,0.3,,,,
2014,CPV,Coal,0,,,,
2014,CPV,Gas,0,,,,
2014,CPV,Other fossil fuels,0.3,,,,
2014,CPV,Total,0.3,,,,
2015,CPV,Coal,0,,,,
2015,CPV,Gas,0,,,,
2015,CPV,Other fossil fuels,0.3,,,,
2015,CPV,Total,0.3,,,,
2016,CPV,Coal,0,,,,
2016,CPV,Gas,0,,,,
2016,CPV,Other fossil fuels,0.4,,,,
2016,CPV,Total,0.4,,,,
2017,CPV,Coal,0,,,,
2017,CPV,Gas,0,,,,
2017,CPV,Other fossil fuels,0.4,,,,
2017,CPV,Total,0.4,,,,
2018,CPV,Coal,0,,,,
2018,CPV,Gas,0,,,,
2018,CPV,Other fossil fuels,0.3,,,,
2018,CPV,Total,0.3,,,,
2019,CPV,Coal,0,,,,
2019,CPV,Gas,0,,,,
2019,CPV,Other fossil fuels,0.4,,,,
2019,CPV,Total,0.4,,,,
2020,CPV,Coal,0,,,,
2020,CPV,Gas,0,,,,
2020,CPV,Other fossil fuels,0.4,,,,
2020,CPV,Total,0.4,,,,
2021,CPV,Coal,0,,,,
2021,CPV,Gas,0,,,,
2021,CPV,Other fossil fuels,0.4,,,,
2021,CPV,Total,0.4,,,,
2022,CPV,Coal,0,,,,
2022,CPV,Gas,0,,,,
2022,CPV,Other fossil fuels,0.4,,,,
2022,CPV,Total,0.4,,,,
2023,CPV,Coal,0,,,,
2023,CPV,Gas,0,,,,
2023,CPV,Other fossil fuels,0.4,,,,
2023,CPV,Total,0.4,,,,
2024,CPV,Coal,0,,,,
2024,CPV,Gas,0,,,,
2024,CPV,Other fossil fuels,0.4,,,,
2024,CPV,Total,0.4,,,,
2000,KHM,Coal,0,,,,
2000,KHM,Other fossil fuels,0.5,,,,
2000,KHM,Total,0.5,,,,
2001,KHM,Coal,0,,,,
2001,KHM,Other fossil fuels,0.5,,,,
2001,KHM,Total,0.5,,,,
2002,KHM,Coal,0,,,,
2002,KHM,Other fossil fuels,0.5,,,,
2002,KHM,Total,0.5,,,,
2003,KHM,Coal,0,,,,
2003,KHM,Other fossil fuels,0.6,,,,
2003,KHM,Total,0.6,,,,
2004,KHM,Coal,0,,,,
2004,KHM,Other fossil fuels,0.7,,,,
2004,KHM,Total,0.7,,,,
2005,KHM,Coal,0,,,,
2005,KHM,Other fossil fuels,0.8,,,,
2005,KHM,Total,0.8,,,,
2006,KHM,Coal,0,,,,
2006,KHM,Other fossil fuels,1.0,,,,
2006,KHM,Total,1.0,,,,
2007,KHM,Coal,0,,,,
2007,KHM,Other fossil fuels,1.3,,,,
2007,KHM,Total,1.3,,,,
2008,KHM,Coal,0,,,,
2008,KHM,Other fossil fuels,1.4,,,,
2008,KHM,Total,1.4,,,,
2009,KHM,Coal,0,,,,
2009,KHM,Other fossil fuels,1.2,,,,
2009,KHM,Total,1.2,,,,
2010,KHM,Coal,0,,,,
2010,KHM,Other fossil fuels,0.9,,,,
2010,KHM,Total,0.9,,,,
2011,KHM,Coal,0.1,,,,
2011,KHM,Other fossil fuels,0.9,,,,
2011,KHM,Total,1.0,,,,
2012,KHM,Coal,0,,,,
2012,KHM,Other fossil fuels,0.9,,,,
2012,KHM,Total,0.9,,,,
2013,KHM,Coal,0.2,,,,
2013,KHM,Other fossil fuels,0.6,,,,
2013,KHM,Total,0.8,,,,
2014,KHM,Coal,0.9,,,,
2014,KHM,Other fossil fuels,0.3,,,,
2014,KHM,Total,1.2,,,,
2015,KHM,Coal,2.1,,,,
2015,KHM,Other fossil fuels,0.2,,,,
2015,KHM,Total,2.3,,,,
2016,KHM,Coal,2.4,,,,
2016,KHM,Other fossil fuels,0.5,,,,
2016,KHM,Total,2.9,,,,
2017,KHM,Coal,3.6,,,,
2017,KHM,Other fossil fuels,0.3,,,,
2017,KHM,Total,3.9,,,,
2018,KHM,Coal,3.1,,,,
2018,KHM,Other fossil fuels,0.3,,,,
2018,KHM,Total,3.4,,,,
2019,KHM,Coal,3.7,,,,
2019,KHM,Other fossil fuels,0.7,,,,
2019,KHM,Total,4.5,,,,
2020,KHM,Coal,2.9,,,,
2020,KHM,Other fossil fuels,0.5,,,,
2020,KHM,Total,3.4,,,,
2021,KHM,Coal,3.5,,,,
2021,KHM,Other fossil fuels,0.6,,,,
2021,KHM,Total,4.0,,,,
2022,KHM,Coal,3.1,,,,
2022,KHM,Other fossil fuels,0.4,,,,
2022,KHM,Total,3.5,,,,
2023,KHM,Coal,7.8,,,,
2023,KHM,Other fossil fuels,0.1,,,,
2023,KHM,Total,7.9,,,,
2024,KHM,Coal,9.4,,,,
2024,KHM,Other fossil fuels,0.5,,,,
2024,KHM,Total,10,,,,
2025,KHM,Coal,10,,,,
2025,KHM,Other fossil fuels,0.5,,,,
2025,KHM,Total,11,,,,
2000,CMR,Coal,0,,,,
2000,CMR,Gas,0,,,,
2000,CMR,Other fossil fuels,0,,,,
2000,CMR,Total,0,,,,
2001,CMR,Coal,0,,,,
2001,CMR,Gas,0,,,,
2001,CMR,Other fossil fuels,0.1,,,,
2001,CMR,Total,0.1,,,,
2002,CMR,Coal,0,,,,
2002,CMR,Gas,0,,,,
2002,CMR,Other fossil fuels,0.1,,,,
2002,CMR,Total,0.1,,,,
2003,CMR,Coal,0,,,,
2003,CMR,Gas,0,,,,
2003,CMR,Other fossil fuels,0.2,,,,
2003,CMR,Total,0.2,,,,
2004,CMR,Coal,0,,,,
2004,CMR,Gas,0,,,,
2004,CMR,Other fossil fuels,0.2,,,,
2004,CMR,Total,0.2,,,,
2005,CMR,Coal,0,,,,
2005,CMR,Gas,0,,,,
2005,CMR,Other fossil fuels,0.2,,,,
2005,CMR,Total,0.2,,,,
2006,CMR,Coal,0,,,,
2006,CMR,Gas,0,,,,
2006,CMR,Other fossil fuels,0.6,,,,
2006,CMR,Total,0.6,,,,
2007,CMR,Coal,0,,,,
2007,CMR,Gas,0.5,,,,
2007,CMR,Other fossil fuels,0.8,,,,
2007,CMR,Total,1.3,,,,
2008,CMR,Coal,0,,,,
2008,CMR,Gas,0.5,,,,
2008,CMR,Other fossil fuels,0.9,,,,
2008,CMR,Total,1.4,,,,
2009,CMR,Coal,0,,,,
2009,CMR,Gas,0.4,,,,
2009,CMR,Other fossil fuels,1.3,,,,
2009,CMR,Total,1.7,,,,
2010,CMR,Coal,0,,,,
2010,CMR,Gas,0.4,,,,
2010,CMR,Other fossil fuels,1.2,,,,
2010,CMR,Total,1.6,,,,
2011,CMR,Coal,0,,,,
2011,CMR,Gas,0.4,,,,
2011,CMR,Other fossil fuels,1.1,,,,
2011,CMR,Total,1.5,,,,
2012,CMR,Coal,0,,,,
2012,CMR,Gas,0.3,,,,
2012,CMR,Other fossil fuels,0.9,,,,
2012,CMR,Total,1.2,,,,
2013,CMR,Coal,0,,,,
2013,CMR,Gas,0.9,,,,
2013,CMR,Other fossil fuels,1.0,,,,
2013,CMR,Total,1.9,,,,
2014,CMR,Coal,0,,,,
2014,CMR,Gas,1.3,,,,
2014,CMR,Other fossil fuels,1.1,,,,
2014,CMR,Total,2.5,,,,
2015,CMR,Coal,0,,,,
2015,CMR,Gas,1.5,,,,
2015,CMR,Other fossil fuels,2.1,,,,
2015,CMR,Total,3.6,,,,
2016,CMR,Coal,0,,,,
2016,CMR,Gas,1.6,,,,
2016,CMR,Other fossil fuels,1.1,,,,
2016,CMR,Total,2.7,,,,
2017,CMR,Coal,0,,,,
2017,CMR,Gas,1.8,,,,
2017,CMR,Other fossil fuels,1.2,,,,
2017,CMR,Total,3.0,,,,
2018,CMR,Coal,0,,,,
2018,CMR,Gas,2.3,,,,
2018,CMR,Other fossil fuels,1.2,,,,
2018,CMR,Total,3.5,,,,
2019,CMR,Coal,0,,,,
2019,CMR,Gas,2.2,,,,
2019,CMR,Other fossil fuels,1.0,,,,
2019,CMR,Total,3.2,,,,
2020,CMR,Coal,0,,,,
2020,CMR,Gas,2.7,,,,
2020,CMR,Other fossil fuels,0.8,,,,
2020,CMR,Total,3.5,,,,
2021,CMR,Coal,0,,,,
2021,CMR,Gas,2.3,,,,
2021,CMR,Other fossil fuels,0.8,,,,
2021,CMR,Total,3.1,,,,
2022,CMR,Coal,0,,,,
2022,CMR,Gas,2.0,,,,
2022,CMR,Other fossil fuels,0.9,,,,
2022,CMR,Total,2.9,,,,
2023,CMR,Coal,0,,,,
2023,CMR,Gas,1.6,,,,
2023,CMR,Other fossil fuels,0.3,,,,
2023,CMR,Total,1.9,,,,
2024,CMR,Coal,0,,,,
2024,CMR,Gas,1.6,,,,
2024,CMR,Other fossil fuels,0.4,,,,
2024,CMR,Total,2.0,,,,
1985,CAN,Coal,80,,,,
1985,CAN,Gas,6.8,,,,
1985,CAN,Other fossil fuels,6.8,,,,
1985,CAN,Total,93,,,,
1986,CAN,Coal,72,,,,
1986,CAN,Gas,6.9,,,,
1986,CAN,Other fossil fuels,6.2,,,,
1986,CAN,Total,85,,,,
1987,CAN,Coal,84,,,,
1987,CAN,Gas,6.2,,,,
1987,CAN,Other fossil fuels,10,,,,
1987,CAN,Total,101,,,,
1988,CAN,Coal,92,,,,
1988,CAN,Gas,9.5,,,,
1988,CAN,Other fossil fuels,12,,,,
1988,CAN,Total,113,,,,
1989,CAN,Coal,92,,,,
1989,CAN,Gas,15,,,,
1989,CAN,Other fossil fuels,18,,,,
1989,CAN,Total,125,,,,
1990,CAN,Coal,82,,,,
1990,CAN,Gas,9.7,,,,
1990,CAN,Other fossil fuels,16,,,,
1990,CAN,Total,109,,,,
1991,CAN,Coal,89,,,,
1991,CAN,Gas,8.6,,,,
1991,CAN,Other fossil fuels,14,,,,
1991,CAN,Total,111,,,,
1992,CAN,Coal,90,,,,
1992,CAN,Gas,13,,,,
1992,CAN,Other fossil fuels,16,,,,
1992,CAN,Total,119,,,,
1993,CAN,Coal,83,,,,
1993,CAN,Gas,15,,,,
1993,CAN,Other fossil fuels,12,,,,
1993,CAN,Total,110,,,,
1994,CAN,Coal,87,,,,
1994,CAN,Gas,15,,,,
1994,CAN,Other fossil fuels,10,,,,
1994,CAN,Total,112,,,,
1995,CAN,Coal,93,,,,
1995,CAN,Gas,20,,,,
1995,CAN,Other fossil fuels,6.4,,,,
1995,CAN,Total,119,,,,
1996,CAN,Coal,91,,,,
1996,CAN,Gas,19,,,,
1996,CAN,Other fossil fuels,7.5,,,,
1996,CAN,Total,117,,,,
1997,CAN,Coal,98,,,,
1997,CAN,Gas,23,,,,
1997,CAN,Other fossil fuels,12,,,,
1997,CAN,Total,133,,,,
1998,CAN,Coal,107,,,,
1998,CAN,Gas,27,,,,
1998,CAN,Other fossil fuels,17,,,,
1998,CAN,Total,151,,,,
1999,CAN,Coal,107,,,,
1999,CAN,Gas,28,,,,
1999,CAN,Other fossil fuels,15,,,,
1999,CAN,Total,151,,,,
2000,CAN,Coal,116,,,,
2000,CAN,Gas,36,,,,
2000,CAN,Other fossil fuels,14,,,,
2000,CAN,Total,166,,,,
2001,CAN,Coal,112,,,,
2001,CAN,Gas,42,,,,
2001,CAN,Other fossil fuels,16,,,,
2001,CAN,Total,170,,,,
2002,CAN,Coal,111,,,,
2002,CAN,Gas,39,,,,
2002,CAN,Other fossil fuels,16,,,,
2002,CAN,Total,165,,,,
2003,CAN,Coal,110,,,,
2003,CAN,Gas,39,,,,
2003,CAN,Other fossil fuels,19,,,,
2003,CAN,Total,168,,,,
2004,CAN,Coal,100,,,,
2004,CAN,Gas,40,,,,
2004,CAN,Other fossil fuels,19,,,,
2004,CAN,Total,160,,,,
2005,CAN,Coal,103,,,,
2005,CAN,Gas,37,,,,
2005,CAN,Other fossil fuels,17,,,,
2005,CAN,Total,156,,,,
2006,CAN,Coal,96,,,,
2006,CAN,Gas,40,,,,
2006,CAN,Other fossil fuels,10,,,,
2006,CAN,Total,147,,,,
2007,CAN,Coal,106,,,,
2007,CAN,Gas,43,,,,
2007,CAN,Other fossil fuels,12,,,,
2007,CAN,Total,162,,,,
2008,CAN,Coal,101,,,,
2008,CAN,Gas,40,,,,
2008,CAN,Other fossil fuels,10,,,,
2008,CAN,Total,150,,,,
2009,CAN,Coal,85,,,,
2009,CAN,Gas,45,,,,
2009,CAN,Other fossil fuels,10,,,,
2009,CAN,Total,140,,,,
2010,CAN,Coal,86,,,,
2010,CAN,Gas,53,,,,
2010,CAN,Other fossil fuels,7.1,,,,
2010,CAN,Total,146,,,,
2011,CAN,Coal,80,,,,
2011,CAN,Gas,63,,,,
2011,CAN,Other fossil fuels,6.2,,,,
2011,CAN,Total,149,,,,
2012,CAN,Coal,69,,,,
2012,CAN,Gas,63,,,,
2012,CAN,Other fossil fuels,6.4,,,,
2012,CAN,Total,139,,,,
2013,CAN,Coal,71,,,,
2013,CAN,Gas,60,,,,
2013,CAN,Other fossil fuels,6.7,,,,
2013,CAN,Total,137,,,,
2014,CAN,Coal,69,,,,
2014,CAN,Gas,65,,,,
2014,CAN,Other fossil fuels,4.8,,,,
2014,CAN,Total,139,,,,
2015,CAN,Coal,65,,,,
2015,CAN,Gas,68,,,,
2015,CAN,Other fossil fuels,5.0,,,,
2015,CAN,Total,138,,,,
2016,CAN,Coal,65,,,,
2016,CAN,Gas,66,,,,
2016,CAN,Other fossil fuels,4.8,,,,
2016,CAN,Total,136,,,,
2017,CAN,Coal,63,,,,
2017,CAN,Gas,61,,,,
2017,CAN,Other fossil fuels,3.9,,,,
2017,CAN,Total,128,,,,
2018,CAN,Coal,53,,,,
2018,CAN,Gas,71,,,,
2018,CAN,Other fossil fuels,4.0,,,,
2018,CAN,Total,128,,,,
2019,CAN,Coal,50,,,,
2019,CAN,Gas,73,,,,
2019,CAN,Other fossil fuels,3.4,,,,
2019,CAN,Total,127,,,,
2020,CAN,Coal,39,,,,
2020,CAN,Gas,76,,,,
2020,CAN,Other fossil fuels,7.0,,,,
2020,CAN,Total,122,,,,
2021,CAN,Coal,35,,,,
2021,CAN,Gas,84,,,,
2021,CAN,Other fossil fuels,6.6,,,,
2021,CAN,Total,125,,,,
2022,CAN,Coal,26,,,,
2022,CAN,Gas,90,,,,
2022,CAN,Other fossil fuels,8.1,,,,
2022,CAN,Total,125,,,,
2023,CAN,Coal,24,,,,
2023,CAN,Gas,103,,,,
2023,CAN,Other fossil fuels,6.9,,,,
2023,CAN,Total,134,,,,
2024,CAN,Coal,25,,,,
2024,CAN,Gas,110,,,,
2024,CAN,Other fossil fuels,7.3,,,,
2024,CAN,Total,142,,,,
2025,CAN,Coal,26,,,,
2025,CAN,Gas,117,,,,
2025,CAN,Other fossil fuels,7.6,,,,
2025,CAN,Total,150,,,,
2000,CYM,Coal,0,,,,
2000,CYM,Gas,0,,,,
2000,CYM,Other fossil fuels,0.4,,,,
2000,CYM,Total,0.4,,,,
2001,CYM,Coal,0,,,,
2001,CYM,Gas,0,,,,
2001,CYM,Other fossil fuels,0.5,,,,
2001,CYM,Total,0.5,,,,
2002,CYM,Coal,0,,,,
2002,CYM,Gas,0,,,,
2002,CYM,Other fossil fuels,0.5,,,,
2002,CYM,Total,0.5,,,,
2003,CYM,Coal,0,,,,
2003,CYM,Gas,0,,,,
2003,CYM,Other fossil fuels,0.5,,,,
2003,CYM,Total,0.5,,,,
2004,CYM,Coal,0,,,,
2004,CYM,Gas,0,,,,
2004,CYM,Other fossil fuels,0.5,,,,
2004,CYM,Total,0.5,,,,
2005,CYM,Coal,0,,,,
2005,CYM,Gas,0,,,,
2005,CYM,Other fossil fuels,0.5,,,,
2005,CYM,Total,0.5,,,,
2006,CYM,Coal,0,,,,
2006,CYM,Gas,0,,,,
2006,CYM,Other fossil fuels,0.6,,,,
2006,CYM,Total,0.6,,,,
2007,CYM,Coal,0,,,,
2007,CYM,Gas,0,,,,
2007,CYM,Other fossil fuels,0.6,,,,
2007,CYM,Total,0.6,,,,
2008,CYM,Coal,0,,,,
2008,CYM,Gas,0,,,,
2008,CYM,Other fossil fuels,0.6,,,,
2008,CYM,Total,0.6,,,,
2009,CYM,Coal,0,,,,
2009,CYM,Gas,0,,,,
2009,CYM,Other fossil fuels,0.6,,,,
2009,CYM,Total,0.6,,,,
2010,CYM,Coal,0,,,,
2010,CYM,Gas,0,,,,
2010,CYM,Other fossil fuels,0.6,,,,
2010,CYM,Total,0.6,,,,
2011,CYM,Coal,0,,,,
2011,CYM,Gas,0,,,,
2011,CYM,Other fossil fuels,0.6,,,,
2011,CYM,Total,0.6,,,,
2012,CYM,Coal,0,,,,
2012,CYM,Gas,0,,,,
2012,CYM,Other fossil fuels,0.6,,,,
2012,CYM,Total,0.6,,,,
2013,CYM,Coal,0,,,,
2013,CYM,Gas,0,,,,
2013,CYM,Other fossil fuels,0.6,,,,
2013,CYM,Total,0.6,,,,
2014,CYM,Coal,0,,,,
2014,CYM,Gas,0,,,,
2014,CYM,Other fossil fuels,0.6,,,,
2014,CYM,Total,0.6,,,,
2015,CYM,Coal,0,,,,
2015,CYM,Gas,0,,,,
2015,CYM,Other fossil fuels,0.6,,,,
2015,CYM,Total,0.6,,,,
2016,CYM,Coal,0,,,,
2016,CYM,Gas,0,,,,
2016,CYM,Other fossil fuels,0.7,,,,
2016,CYM,Total,0.7,,,,
2017,CYM,Coal,0,,,,
2017,CYM,Gas,0,,,,
2017,CYM,Other fossil fuels,0.7,,,,
2017,CYM,Total,0.7,,,,
2018,CYM,Coal,0,,,,
2018,CYM,Gas,0,,,,
2018,CYM,Other fossil fuels,0.7,,,,
2018,CYM,Total,0.7,,,,
2019,CYM,Coal,0,,,,
2019,CYM,Gas,0,,,,
2019,CYM,Other fossil fuels,0.7,,,,
2019,CYM,Total,0.7,,,,
2020,CYM,Coal,0,,,,
2020,CYM,Gas,0,,,,
2020,CYM,Other fossil fuels,0.7,,,,
2020,CYM,Total,0.7,,,,
2021,CYM,Coal,0,,,,
2021,CYM,Gas,0,,,,
2021,CYM,Other fossil fuels,0.7,,,,
2021,CYM,Total,0.7,,,,
2022,CYM,Coal,0,,,,
2022,CYM,Gas,0,,,,
2022,CYM,Other fossil fuels,0.7,,,,
2022,CYM,Total,0.7,,,,
2023,CYM,Coal,0,,,,
2023,CYM,Gas,0,,,,
2023,CYM,Other fossil fuels,0.7,,,,
2023,CYM,Total,0.7,,,,
2024,CYM,Coal,0,,,,
2024,CYM,Gas,0,,,,
2024,CYM,Other fossil fuels,0.7,,,,
2024,CYM,Total,0.7,,,,
2000,CAF,Coal,0,,,,
2000,CAF,Gas,0,,,,
2000,CAF,Other fossil fuels,0,,,,
2000,CAF,Total,0,,,,
2001,CAF,Coal,0,,,,
2001,CAF,Gas,0,,,,
2001,CAF,Other fossil fuels,0,,,,
2001,CAF,Total,0,,,,
2002,CAF,Coal,0,,,,
2002,CAF,Gas,0,,,,
2002,CAF,Other fossil fuels,0,,,,
2002,CAF,Total,0,,,,
2003,CAF,Coal,0,,,,
2003,CAF,Gas,0,,,,
2003,CAF,Other fossil fuels,0,,,,
2003,CAF,Total,0,,,,
2004,CAF,Coal,0,,,,
2004,CAF,Gas,0,,,,
2004,CAF,Other fossil fuels,0,,,,
2004,CAF,Total,0,,,,
2005,CAF,Coal,0,,,,
2005,CAF,Gas,0,,,,
2005,CAF,Other fossil fuels,0,,,,
2005,CAF,Total,0,,,,
2006,CAF,Coal,0,,,,
2006,CAF,Gas,0,,,,
2006,CAF,Other fossil fuels,0,,,,
2006,CAF,Total,0,,,,
2007,CAF,Coal,0,,,,
2007,CAF,Gas,0,,,,
2007,CAF,Other fossil fuels,0,,,,
2007,CAF,Total,0,,,,
2008,CAF,Coal,0,,,,
2008,CAF,Gas,0,,,,
2008,CAF,Other fossil fuels,0,,,,
2008,CAF,Total,0,,,,
2009,CAF,Coal,0,,,,
2009,CAF,Gas,0,,,,
2009,CAF,Other fossil fuels,0,,,,
2009,CAF,Total,0,,,,
2010,CAF,Coal,0,,,,
2010,CAF,Gas,0,,,,
2010,CAF,Other fossil fuels,0,,,,
2010,CAF,Total,0,,,,
2011,CAF,Coal,0,,,,
2011,CAF,Gas,0,,,,
2011,CAF,Other fossil fuels,0,,,,
2011,CAF,Total,0,,,,
2012,CAF,Coal,0,,,,
2012,CAF,Gas,0,,,,
2012,CAF,Other fossil fuels,0,,,,
2012,CAF,Total,0,,,,
2013,CAF,Coal,0,,,,
2013,CAF,Gas,0,,,,
2013,CAF,Other fossil fuels,0,,,,
2013,CAF,Total,0,,,,
2014,CAF,Coal,0,,,,
2014,CAF,Gas,0,,,,
2014,CAF,Other fossil fuels,0,,,,
2014,CAF,Total,0,,,,
2015,CAF,Coal,0,,,,
2015,CAF,Gas,0,,,,
2015,CAF,Other fossil fuels,0,,,,
2015,CAF,Total,0,,,,
2016,CAF,Coal,0,,,,
2016,CAF,Gas,0,,,,
2016,CAF,Other fossil fuels,0,,,,
2016,CAF,Total,0,,,,
2017,CAF,Coal,0,,,,
2017,CAF,Gas,0,,,,
2017,CAF,Other fossil fuels,0,,,,
2017,CAF,Total,0,,,,
2018,CAF,Coal,0,,,,
2018,CAF,Gas,0,,,,
2018,CAF,Other fossil fuels,0,,,,
2018,CAF,Total,0,,,,
2019,CAF,Coal,0,,,,
2019,CAF,Gas,0,,,,
2019,CAF,Other fossil fuels,0,,,,
2019,CAF,Total,0,,,,
2020,CAF,Coal,0,,,,
2020,CAF,Gas,0,,,,
2020,CAF,Other fossil fuels,0,,,,
2020,CAF,Total,0,,,,
2021,CAF,Coal,0,,,,
2021,CAF,Gas,0,,,,
2021,CAF,Other fossil fuels,0,,,,
2021,CAF,Total,0,,,,
2022,CAF,Coal,0,,,,
2022,CAF,Gas,0,,,,
2022,CAF,Other fossil fuels,0,,,,
2022,CAF,Total,0,,,,
2023,CAF,Coal,0,,,,
2023,CAF,Gas,0,,,,
2023,CAF,Other fossil fuels,0,,,,
2023,CAF,Total,0,,,,
2000,TCD,Coal,0,,,,
2000,TCD,Gas,0,,,,
2000,TCD,Other fossil fuels,0.1,,,,
2000,TCD,Total,0.1,,,,
2001,TCD,Coal,0,,,,
2001,TCD,Gas,0,,,,
2001,TCD,Other fossil fuels,0.1,,,,
2001,TCD,Total,0.1,,,,
2002,TCD,Coal,0,,,,
2002,TCD,Gas,0,,,,
2002,TCD,Other fossil fuels,0.1,,,,
2002,TCD,Total,0.1,,,,
2003,TCD,Coal,0,,,,
2003,TCD,Gas,0,,,,
2003,TCD,Other fossil fuels,0.1,,,,
2003,TCD,Total,0.1,,,,
2004,TCD,Coal,0,,,,
2004,TCD,Gas,0,,,,
2004,TCD,Other fossil fuels,0.1,,,,
2004,TCD,Total,0.1,,,,
2005,TCD,Coal,0,,,,
2005,TCD,Gas,0,,,,
2005,TCD,Other fossil fuels,0.1,,,,
2005,TCD,Total,0.1,,,,
2006,TCD,Coal,0,,,,
2006,TCD,Gas,0,,,,
2006,TCD,Other fossil fuels,0.1,,,,
2006,TCD,Total,0.1,,,,
2007,TCD,Coal,0,,,,
2007,TCD,Gas,0,,,,
2007,TCD,Other fossil fuels,0.1,,,,
2007,TCD,Total,0.1,,,,
2008,TCD,Coal,0,,,,
2008,TCD,Gas,0,,,,
2008,TCD,Other fossil fuels,0.1,,,,
2008,TCD,Total,0.1,,,,
2009,TCD,Coal,0,,,,
2009,TCD,Gas,0,,,,
2009,TCD,Other fossil fuels,0.2,,,,
2009,TCD,Total,0.2,,,,
2010,TCD,Coal,0,,,,
2010,TCD,Gas,0,,,,
2010,TCD,Other fossil fuels,0.2,,,,
2010,TCD,Total,0.2,,,,
2011,TCD,Coal,0,,,,
2011,TCD,Gas,0,,,,
2011,TCD,Other fossil fuels,0.2,,,,
2011,TCD,Total,0.2,,,,
2012,TCD,Coal,0,,,,
2012,TCD,Gas,0,,,,
2012,TCD,Other fossil fuels,0.2,,,,
2012,TCD,Total,0.2,,,,
2013,TCD,Coal,0,,,,
2013,TCD,Gas,0,,,,
2013,TCD,Other fossil fuels,0.3,,,,
2013,TCD,Total,0.3,,,,
2014,TCD,Coal,0,,,,
2014,TCD,Gas,0,,,,
2014,TCD,Other fossil fuels,0.3,,,,
2014,TCD,Total,0.3,,,,
2015,TCD,Coal,0,,,,
2015,TCD,Gas,0,,,,
2015,TCD,Other fossil fuels,0.3,,,,
2015,TCD,Total,0.3,,,,
2016,TCD,Coal,0,,,,
2016,TCD,Gas,0,,,,
2016,TCD,Other fossil fuels,0.3,,,,
2016,TCD,Total,0.3,,,,
2017,TCD,Coal,0,,,,
2017,TCD,Gas,0,,,,
2017,TCD,Other fossil fuels,0.3,,,,
2017,TCD,Total,0.3,,,,
2018,TCD,Coal,0,,,,
2018,TCD,Gas,0,,,,
2018,TCD,Other fossil fuels,0.3,,,,
2018,TCD,Total,0.3,,,,
2019,TCD,Coal,0,,,,
2019,TCD,Gas,0,,,,
2019,TCD,Other fossil fuels,0.3,,,,
2019,TCD,Total,0.3,,,,
2020,TCD,Coal,0,,,,
2020,TCD,Gas,0,,,,
2020,TCD,Other fossil fuels,0.3,,,,
2020,TCD,Total,0.3,,,,
2021,TCD,Coal,0,,,,
2021,TCD,Gas,0,,,,
2021,TCD,Other fossil fuels,0.4,,,,
2021,TCD,Total,0.4,,,,
2022,TCD,Coal,0,,,,
2022,TCD,Gas,0,,,,
2022,TCD,Other fossil fuels,0.4,,,,
2022,TCD,Total,0.4,,,,
2023,TCD,Coal,0,,,,
2023,TCD,Gas,0,,,,
2023,TCD,Other fossil fuels,0.3,,,,
2023,TCD,Total,0.3,,,,
2024,TCD,Coal,0,,,,
2024,TCD,Gas,0,,,,
2024,TCD,Other fossil fuels,0.4,,,,
2024,TCD,Total,0.4,,,,
2000,CHL,Coal,8.5,,,,
2000,CHL,Gas,10,,,,
2000,CHL,Other fossil fuels,1.7,,,,
2000,CHL,Total,21,,,,
2001,CHL,Coal,4.8,,,,
2001,CHL,Gas,13,,,,
2001,CHL,Other fossil fuels,1.3,,,,
2001,CHL,Total,19,,,,
2002,CHL,Coal,5.1,,,,
2002,CHL,Gas,13,,,,
2002,CHL,Other fossil fuels,1.5,,,,
2002,CHL,Total,19,,,,
2003,CHL,Coal,4.9,,,,
2003,CHL,Gas,17,,,,
2003,CHL,Other fossil fuels,1.9,,,,
2003,CHL,Total,23,,,,
2004,CHL,Coal,7.7,,,,
2004,CHL,Gas,17,,,,
2004,CHL,Other fossil fuels,2.8,,,,
2004,CHL,Total,27,,,,
2005,CHL,Coal,7.2,,,,
2005,CHL,Gas,14,,,,
2005,CHL,Other fossil fuels,3.4,,,,
2005,CHL,Total,24,,,,
2006,CHL,Coal,11,,,,
2006,CHL,Gas,11,,,,
2006,CHL,Other fossil fuels,2.7,,,,
2006,CHL,Total,25,,,,
2007,CHL,Coal,13,,,,
2007,CHL,Gas,4.6,,,,
2007,CHL,Other fossil fuels,15,,,,
2007,CHL,Total,33,,,,
2008,CHL,Coal,14,,,,
2008,CHL,Gas,2.2,,,,
2008,CHL,Other fossil fuels,16,,,,
2008,CHL,Total,32,,,,
2009,CHL,Coal,15,,,,
2009,CHL,Gas,3.9,,,,
2009,CHL,Other fossil fuels,12,,,,
2009,CHL,Total,31,,,,
2010,CHL,Coal,17,,,,
2010,CHL,Gas,11,,,,
2010,CHL,Other fossil fuels,8.5,,,,
2010,CHL,Total,36,,,,
2011,CHL,Coal,20,,,,
2011,CHL,Gas,14,,,,
2011,CHL,Other fossil fuels,6.4,,,,
2011,CHL,Total,40,,,,
2012,CHL,Coal,25,,,,
2012,CHL,Gas,13,,,,
2012,CHL,Other fossil fuels,6.1,,,,
2012,CHL,Total,44,,,,
2013,CHL,Coal,30,,,,
2013,CHL,Gas,11,,,,
2013,CHL,Other fossil fuels,5.5,,,,
2013,CHL,Total,47,,,,
2014,CHL,Coal,26,,,,
2014,CHL,Gas,10,,,,
2014,CHL,Other fossil fuels,3.9,,,,
2014,CHL,Total,40,,,,
2015,CHL,Coal,28,,,,
2015,CHL,Gas,11,,,,
2015,CHL,Other fossil fuels,3.2,,,,
2015,CHL,Total,43,,,,
2016,CHL,Coal,30,,,,
2016,CHL,Gas,12,,,,
2016,CHL,Other fossil fuels,2.9,,,,
2016,CHL,Total,45,,,,
2017,CHL,Coal,29,,,,
2017,CHL,Gas,13,,,,
2017,CHL,Other fossil fuels,1.9,,,,
2017,CHL,Total,45,,,,
2018,CHL,Coal,30,,,,
2018,CHL,Gas,13,,,,
2018,CHL,Other fossil fuels,1.3,,,,
2018,CHL,Total,44,,,,
2019,CHL,Coal,28,,,,
2019,CHL,Gas,16,,,,
2019,CHL,Other fossil fuels,1.2,,,,
2019,CHL,Total,45,,,,
2020,CHL,Coal,26,,,,
2020,CHL,Gas,15,,,,
2020,CHL,Other fossil fuels,1.7,,,,
2020,CHL,Total,43,,,,
2021,CHL,Coal,26,,,,
2021,CHL,Gas,16,,,,
2021,CHL,Other fossil fuels,3.1,,,,
2021,CHL,Total,45,,,,
2022,CHL,Coal,22,,,,
2022,CHL,Gas,16,,,,
2022,CHL,Other fossil fuels,3.1,,,,
2022,CHL,Total,41,,,,
2023,CHL,Coal,15,,,,
2023,CHL,Gas,17,,,,
2023,CHL,Other fossil fuels,1.6,,,,
2023,CHL,Total,33,,,,
2024,CHL,Coal,14,,,,
2024,CHL,Gas,13,,,,
2024,CHL,Other fossil fuels,0.3,,,,
2024,CHL,Total,27,,,,
2025,CHL,Coal,16,,,,
2025,CHL,Gas,14,,,,
2025,CHL,Other fossil fuels,0.5,,,,
2025,CHL,Total,30,,,,
1985,CHN,Coal,261,,,,
1985,CHN,Gas,1.0,,,,
1985,CHN,Other fossil fuels,57,,,,
1985,CHN,Total,318,,,,
1986,CHN,Coal,300,,,,
1986,CHN,Gas,1.7,,,,
1986,CHN,Other fossil fuels,54,,,,
1986,CHN,Total,355,,,,
1987,CHN,Coal,340,,,,
1987,CHN,Gas,2.7,,,,
1987,CHN,Other fossil fuels,55,,,,
1987,CHN,Total,397,,,,
1988,CHN,Coal,374,,,,
1988,CHN,Gas,2.1,,,,
1988,CHN,Other fossil fuels,60,,,,
1988,CHN,Total,436,,,,
1989,CHN,Coal,405,,,,
1989,CHN,Gas,3.7,,,,
1989,CHN,Other fossil fuels,58,,,,
1989,CHN,Total,466,,,,
1990,CHN,Coal,441,,,,
1990,CHN,Gas,2.8,,,,
1990,CHN,Other fossil fuels,50,,,,
1990,CHN,Total,494,,,,
1991,CHN,Coal,498,,,,
1991,CHN,Gas,2.4,,,,
1991,CHN,Other fossil fuels,52,,,,
1991,CHN,Total,553,,,,
1992,CHN,Coal,567,,,,
1992,CHN,Gas,2.5,,,,
1992,CHN,Other fossil fuels,53,,,,
1992,CHN,Total,623,,,,
1993,CHN,Coal,589,,,,
1993,CHN,Gas,3.1,,,,
1993,CHN,Other fossil fuels,65,,,,
1993,CHN,Total,658,,,,
1994,CHN,Coal,693,,,,
1994,CHN,Gas,3.2,,,,
1994,CHN,Other fossil fuels,48,,,,
1994,CHN,Total,745,,,,
1995,CHN,Coal,742,,,,
1995,CHN,Gas,3.0,,,,
1995,CHN,Other fossil fuels,55,,,,
1995,CHN,Total,800,,,,
1996,CHN,Coal,824,,,,
1996,CHN,Gas,2.8,,,,
1996,CHN,Other fossil fuels,50,,,,
1996,CHN,Total,877,,,,
1997,CHN,Coal,867,,,,
1997,CHN,Gas,8.1,,,,
1997,CHN,Other fossil fuels,47,,,,
1997,CHN,Total,922,,,,
1998,CHN,Coal,892,,,,
1998,CHN,Gas,6.1,,,,
1998,CHN,Other fossil fuels,53,,,,
1998,CHN,Total,951,,,,
1999,CHN,Coal,970,,,,
1999,CHN,Gas,4.8,,,,
1999,CHN,Other fossil fuels,50,,,,
1999,CHN,Total,1025,,,,
2000,CHN,Coal,1060,,,,
2000,CHN,Gas,5.8,,,,
2000,CHN,Other fossil fuels,47,,,,
2000,CHN,Total,1113,,,,
2001,CHN,Coal,1129,,,,
2001,CHN,Gas,4.9,,,,
2001,CHN,Other fossil fuels,49,,,,
2001,CHN,Total,1183,,,,
2002,CHN,Coal,1283,,,,
2002,CHN,Gas,4.2,,,,
2002,CHN,Other fossil fuels,51,,,,
2002,CHN,Total,1337,,,,
2003,CHN,Coal,1520,,,,
2003,CHN,Gas,5.2,,,,
2003,CHN,Other fossil fuels,55,,,,
2003,CHN,Total,1580,,,,
2004,CHN,Coal,1722,,,,
2004,CHN,Gas,7.5,,,,
2004,CHN,Other fossil fuels,66,,,,
2004,CHN,Total,1795,,,,
2005,CHN,Coal,1980,,,,
2005,CHN,Gas,12,,,,
2005,CHN,Other fossil fuels,51,,,,
2005,CHN,Total,2043,,,,
2006,CHN,Coal,2302,,,,
2006,CHN,Gas,24,,,,
2006,CHN,Other fossil fuels,38,,,,
2006,CHN,Total,2364,,,,
2007,CHN,Coal,2657,,,,
2007,CHN,Gas,34,,,,
2007,CHN,Other fossil fuels,28,,,,
2007,CHN,Total,2719,,,,
2008,CHN,Coal,2709,,,,
2008,CHN,Gas,35,,,,
2008,CHN,Other fossil fuels,19,,,,
2008,CHN,Total,2762,,,,
2009,CHN,Coal,2912,,,,
2009,CHN,Gas,57,,,,
2009,CHN,Other fossil fuels,12,,,,
2009,CHN,Total,2980,,,,
2010,CHN,Coal,3234,,,,
2010,CHN,Gas,78,,,,
2010,CHN,Other fossil fuels,35,,,,
2010,CHN,Total,3346,,,,
2011,CHN,Coal,3691,,,,
2011,CHN,Gas,109,,,,
2011,CHN,Other fossil fuels,34,,,,
2011,CHN,Total,3833,,,,
2012,CHN,Coal,3748,,,,
2012,CHN,Gas,110,,,,
2012,CHN,Other fossil fuels,31,,,,
2012,CHN,Total,3890,,,,
2013,CHN,Coal,4077,,,,
2013,CHN,Gas,116,,,,
2013,CHN,Other fossil fuels,33,,,,
2013,CHN,Total,4227,,,,
2014,CHN,Coal,4203,,,,
2014,CHN,Gas,133,,,,
2014,CHN,Other fossil fuels,36,,,,
2014,CHN,Total,4372,,,,
2015,CHN,Coal,4046,,,,
2015,CHN,Gas,167,,,,
2015,CHN,Other fossil fuels,36,,,,
2015,CHN,Total,4250,,,,
2016,CHN,Coal,4156,,,,
2016,CHN,Gas,188,,,,
2016,CHN,Other fossil fuels,53,,,,
2016,CHN,Total,4397,,,,
2017,CHN,Coal,4430,,,,
2017,CHN,Gas,203,,,,
2017,CHN,Other fossil fuels,56,,,,
2017,CHN,Total,4689,,,,
2018,CHN,Coal,4764,,,,
2018,CHN,Gas,216,,,,
2018,CHN,Other fossil fuels,56,,,,
2018,CHN,Total,5036,,,,
2019,CHN,Coal,4855,,,,
2019,CHN,Gas,233,,,,
2019,CHN,Other fossil fuels,52,,,,
2019,CHN,Total,5140,,,,
2020,CHN,Coal,4922,,,,
2020,CHN,Gas,253,,,,
2020,CHN,Other fossil fuels,53,,,,
2020,CHN,Total,5228,,,,
2021,CHN,Coal,5334,,,,
2021,CHN,Gas,287,,,,
2021,CHN,Other fossil fuels,57,,,,
2021,CHN,Total,5678,,,,
2022,CHN,Coal,5415,,,,
2022,CHN,Gas,276,,,,
2022,CHN,Other fossil fuels,70,,,,
2022,CHN,Total,5760,,,,
2023,CHN,Coal,5753,,,,
2023,CHN,Gas,298,,,,
2023,CHN,Other fossil fuels,77,,,,
2023,CHN,Total,6128,,,,
2024,CHN,Coal,5828,,,,
2024,CHN,Gas,321,,,,
2024,CHN,Other fossil fuels,89,,,,
2024,CHN,Total,6237,,,,
2025,CHN,Coal,5772,,,,
2025,CHN,Gas,318,,,,
2025,CHN,Other fossil fuels,89,,,,
2025,CHN,Total,6179,,,,
2000,COL,Coal,2.1,,,,
2000,COL,Gas,8.3,,,,
2000,COL,Other fossil fuels,0.2,,,,
2000,COL,Total,11,,,,
2001,COL,Coal,2.2,,,,
2001,COL,Gas,8.7,,,,
2001,COL,Other fossil fuels,0.2,,,,
2001,COL,Total,11,,,,
2002,COL,Coal,2.2,,,,
2002,COL,Gas,8.2,,,,
2002,COL,Other fossil fuels,0.2,,,,
2002,COL,Total,11,,,,
2003,COL,Coal,2.8,,,,
2003,COL,Gas,6.8,,,,
2003,COL,Other fossil fuels,0.2,,,,
2003,COL,Total,9.9,,,,
2004,COL,Coal,1.9,,,,
2004,COL,Gas,7.0,,,,
2004,COL,Other fossil fuels,0.3,,,,
2004,COL,Total,9.1,,,,
2005,COL,Coal,2.3,,,,
2005,COL,Gas,7.4,,,,
2005,COL,Other fossil fuels,0.3,,,,
2005,COL,Total,10,,,,
2006,COL,Coal,2.8,,,,
2006,COL,Gas,7.4,,,,
2006,COL,Other fossil fuels,0.2,,,,
2006,COL,Total,10,,,,
2007,COL,Coal,3.4,,,,
2007,COL,Gas,6.6,,,,
2007,COL,Other fossil fuels,0.2,,,,
2007,COL,Total,10,,,,
2008,COL,Coal,2.9,,,,
2008,COL,Gas,5.8,,,,
2008,COL,Other fossil fuels,0.3,,,,
2008,COL,Total,8.9,,,,
2009,COL,Coal,4.2,,,,
2009,COL,Gas,11,,,,
2009,COL,Other fossil fuels,0.4,,,,
2009,COL,Total,16,,,,
2010,COL,Coal,4.0,,,,
2010,COL,Gas,12,,,,
2010,COL,Other fossil fuels,1.8,,,,
2010,COL,Total,18,,,,
2011,COL,Coal,2.3,,,,
2011,COL,Gas,7.6,,,,
2011,COL,Other fossil fuels,1.4,,,,
2011,COL,Total,11,,,,
2012,COL,Coal,3.4,,,,
2012,COL,Gas,9.0,,,,
2012,COL,Other fossil fuels,1.6,,,,
2012,COL,Total,14,,,,
2013,COL,Coal,6.0,,,,
2013,COL,Gas,15,,,,
2013,COL,Other fossil fuels,1.2,,,,
2013,COL,Total,23,,,,
2014,COL,Coal,5.5,,,,
2014,COL,Gas,14,,,,
2014,COL,Other fossil fuels,2.1,,,,
2014,COL,Total,22,,,,
2015,COL,Coal,7.1,,,,
2015,COL,Gas,18,,,,
2015,COL,Other fossil fuels,3.6,,,,
2015,COL,Total,29,,,,
2016,COL,Coal,6.2,,,,
2016,COL,Gas,16,,,,
2016,COL,Other fossil fuels,4.1,,,,
2016,COL,Total,26,,,,
2017,COL,Coal,3.2,,,,
2017,COL,Gas,11,,,,
2017,COL,Other fossil fuels,2.2,,,,
2017,COL,Total,16,,,,
2018,COL,Coal,4.5,,,,
2018,COL,Gas,12,,,,
2018,COL,Other fossil fuels,2.4,,,,
2018,COL,Total,19,,,,
2019,COL,Coal,8.1,,,,
2019,COL,Gas,13,,,,
2019,COL,Other fossil fuels,2.8,,,,
2019,COL,Total,24,,,,
2020,COL,Coal,9.1,,,,
2020,COL,Gas,15,,,,
2020,COL,Other fossil fuels,2.7,,,,
2020,COL,Total,27,,,,
2021,COL,Coal,4.4,,,,
2021,COL,Gas,14,,,,
2021,COL,Other fossil fuels,2.8,,,,
2021,COL,Total,21,,,,
2022,COL,Coal,5.0,,,,
2022,COL,Gas,13,,,,
2022,COL,Other fossil fuels,2.8,,,,
2022,COL,Total,21,,,,
2023,COL,Coal,9.2,,,,
2023,COL,Gas,16,,,,
2023,COL,Other fossil fuels,3.2,,,,
2023,COL,Total,29,,,,
2024,COL,Coal,11,,,,
2024,COL,Gas,20,,,,
2024,COL,Other fossil fuels,3.5,,,,
2024,COL,Total,34,,,,
2025,COL,Coal,5.5,,,,
2025,COL,Gas,12,,,,
2025,COL,Other fossil fuels,2.8,,,,
2025,COL,Total,21,,,,
2000,COM,Coal,0,,,,
2000,COM,Gas,0,,,,
2000,COM,Other fossil fuels,0,,,,
2000,COM,Total,0,,,,
2001,COM,Coal,0,,,,
2001,COM,Gas,0,,,,
2001,COM,Other fossil fuels,0,,,,
2001,COM,Total,0,,,,
2002,COM,Coal,0,,,,
2002,COM,Gas,0,,,,
2002,COM,Other fossil fuels,0,,,,
2002,COM,Total,0,,,,
2003,COM,Coal,0,,,,
2003,COM,Gas,0,,,,
2003,COM,Other fossil fuels,0,,,,
2003,COM,Total,0,,,,
2004,COM,Coal,0,,,,
2004,COM,Gas,0,,,,
2004,COM,Other fossil fuels,0,,,,
2004,COM,Total,0,,,,
2005,COM,Coal,0,,,,
2005,COM,Gas,0,,,,
2005,COM,Other fossil fuels,0.1,,,,
2005,COM,Total,0.1,,,,
2006,COM,Coal,0,,,,
2006,COM,Gas,0,,,,
2006,COM,Other fossil fuels,0.1,,,,
2006,COM,Total,0.1,,,,
2007,COM,Coal,0,,,,
2007,COM,Gas,0,,,,
2007,COM,Other fossil fuels,0.1,,,,
2007,COM,Total,0.1,,,,
2008,COM,Coal,0,,,,
2008,COM,Gas,0,,,,
2008,COM,Other fossil fuels,0,,,,
2008,COM,Total,0,,,,
2009,COM,Coal,0,,,,
2009,COM,Gas,0,,,,
2009,COM,Other fossil fuels,0.1,,,,
2009,COM,Total,0.1,,,,
2010,COM,Coal,0,,,,
2010,COM,Gas,0,,,,
2010,COM,Other fossil fuels,0.1,,,,
2010,COM,Total,0.1,,,,
2011,COM,Coal,0,,,,
2011,COM,Gas,0,,,,
2011,COM,Other fossil fuels,0.1,,,,
2011,COM,Total,0.1,,,,
2012,COM,Coal,0,,,,
2012,COM,Gas,0,,,,
2012,COM,Other fossil fuels,0.1,,,,
2012,COM,Total,0.1,,,,
2013,COM,Coal,0,,,,
2013,COM,Gas,0,,,,
2013,COM,Other fossil fuels,0.1,,,,
2013,COM,Total,0.1,,,,
2014,COM,Coal,0,,,,
2014,COM,Gas,0,,,,
2014,COM,Other fossil fuels,0.1,,,,
2014,COM,Total,0.1,,,,
2015,COM,Coal,0,,,,
2015,COM,Gas,0,,,,
2015,COM,Other fossil fuels,0.1,,,,
2015,COM,Total,0.1,,,,
2016,COM,Coal,0,,,,
2016,COM,Gas,0,,,,
2016,COM,Other fossil fuels,0.1,,,,
2016,COM,Total,0.1,,,,
2017,COM,Coal,0,,,,
2017,COM,Gas,0,,,,
2017,COM,Other fossil fuels,0.1,,,,
2017,COM,Total,0.1,,,,
2018,COM,Coal,0,,,,
2018,COM,Gas,0,,,,
2018,COM,Other fossil fuels,0.1,,,,
2018,COM,Total,0.1,,,,
2019,COM,Coal,0,,,,
2019,COM,Gas,0,,,,
2019,COM,Other fossil fuels,0.1,,,,
2019,COM,Total,0.1,,,,
2020,COM,Coal,0,,,,
2020,COM,Gas,0,,,,
2020,COM,Other fossil fuels,0.1,,,,
2020,COM,Total,0.1,,,,
2021,COM,Coal,0,,,,
2021,COM,Gas,0,,,,
2021,COM,Other fossil fuels,0.1,,,,
2021,COM,Total,0.1,,,,
2022,COM,Coal,0,,,,
2022,COM,Gas,0,,,,
2022,COM,Other fossil fuels,0.1,,,,
2022,COM,Total,0.1,,,,
2023,COM,Coal,0,,,,
2023,COM,Gas,0,,,,
2023,COM,Other fossil fuels,0.1,,,,
2023,COM,Total,0.1,,,,
2000,COG,Coal,0,,,,
2000,COG,Gas,0,,,,
2000,COG,Other fossil fuels,0,,,,
2000,COG,Total,0,,,,
2001,COG,Coal,0,,,,
2001,COG,Gas,0,,,,
2001,COG,Other fossil fuels,0,,,,
2001,COG,Total,0,,,,
2002,COG,Coal,0,,,,
2002,COG,Gas,0,,,,
2002,COG,Other fossil fuels,0,,,,
2002,COG,Total,0,,,,
2003,COG,Coal,0,,,,
2003,COG,Gas,0.1,,,,
2003,COG,Other fossil fuels,0,,,,
2003,COG,Total,0.1,,,,
2004,COG,Coal,0,,,,
2004,COG,Gas,0.1,,,,
2004,COG,Other fossil fuels,0,,,,
2004,COG,Total,0.1,,,,
2005,COG,Coal,0,,,,
2005,COG,Gas,0.1,,,,
2005,COG,Other fossil fuels,0,,,,
2005,COG,Total,0.1,,,,
2006,COG,Coal,0,,,,
2006,COG,Gas,0.1,,,,
2006,COG,Other fossil fuels,0,,,,
2006,COG,Total,0.1,,,,
2007,COG,Coal,0,,,,
2007,COG,Gas,0.1,,,,
2007,COG,Other fossil fuels,0,,,,
2007,COG,Total,0.1,,,,
2008,COG,Coal,0,,,,
2008,COG,Gas,0.1,,,,
2008,COG,Other fossil fuels,0,,,,
2008,COG,Total,0.1,,,,
2009,COG,Coal,0,,,,
2009,COG,Gas,0.2,,,,
2009,COG,Other fossil fuels,0,,,,
2009,COG,Total,0.2,,,,
2010,COG,Coal,0,,,,
2010,COG,Gas,0.3,,,,
2010,COG,Other fossil fuels,0,,,,
2010,COG,Total,0.4,,,,
2011,COG,Coal,0,,,,
2011,COG,Gas,0.5,,,,
2011,COG,Other fossil fuels,0,,,,
2011,COG,Total,0.5,,,,
2012,COG,Coal,0,,,,
2012,COG,Gas,0.7,,,,
2012,COG,Other fossil fuels,0,,,,
2012,COG,Total,0.7,,,,
2013,COG,Coal,0,,,,
2013,COG,Gas,0.7,,,,
2013,COG,Other fossil fuels,0,,,,
2013,COG,Total,0.7,,,,
2014,COG,Coal,0,,,,
2014,COG,Gas,0.8,,,,
2014,COG,Other fossil fuels,0,,,,
2014,COG,Total,0.8,,,,
2015,COG,Coal,0,,,,
2015,COG,Gas,1.4,,,,
2015,COG,Other fossil fuels,0.2,,,,
2015,COG,Total,1.7,,,,
2016,COG,Coal,0,,,,
2016,COG,Gas,1.6,,,,
2016,COG,Other fossil fuels,0.2,,,,
2016,COG,Total,1.8,,,,
2017,COG,Coal,0,,,,
2017,COG,Gas,1.7,,,,
2017,COG,Other fossil fuels,0.1,,,,
2017,COG,Total,1.8,,,,
2018,COG,Coal,0,,,,
2018,COG,Gas,1.9,,,,
2018,COG,Other fossil fuels,0.1,,,,
2018,COG,Total,2.0,,,,
2019,COG,Coal,0,,,,
2019,COG,Gas,2.6,,,,
2019,COG,Other fossil fuels,0.2,,,,
2019,COG,Total,2.8,,,,
2020,COG,Coal,0,,,,
2020,COG,Gas,2.7,,,,
2020,COG,Other fossil fuels,0.2,,,,
2020,COG,Total,2.9,,,,
2021,COG,Coal,0,,,,
2021,COG,Gas,2.8,,,,
2021,COG,Other fossil fuels,0.2,,,,
2021,COG,Total,3.0,,,,
2022,COG,Coal,0,,,,
2022,COG,Gas,3.6,,,,
2022,COG,Other fossil fuels,0.3,,,,
2022,COG,Total,3.9,,,,
2023,COG,Coal,0,,,,
2023,COG,Gas,3.8,,,,
2023,COG,Other fossil fuels,0.3,,,,
2023,COG,Total,4.1,,,,
2024,COG,Coal,0,,,,
2024,COG,Gas,4.0,,,,
2024,COG,Other fossil fuels,0.3,,,,
2024,COG,Total,4.3,,,,
2000,COD,Coal,0,,,,
2000,COD,Gas,0,,,,
2000,COD,Other fossil fuels,0,,,,
2000,COD,Total,0,,,,
2001,COD,Coal,0,,,,
2001,COD,Gas,0,,,,
2001,COD,Other fossil fuels,0,,,,
2001,COD,Total,0,,,,
2002,COD,Coal,0,,,,
2002,COD,Gas,0,,,,
2002,COD,Other fossil fuels,0,,,,
2002,COD,Total,0,,,,
2003,COD,Coal,0,,,,
2003,COD,Gas,0,,,,
2003,COD,Other fossil fuels,0,,,,
2003,COD,Total,0,,,,
2004,COD,Coal,0,,,,
2004,COD,Gas,0,,,,
2004,COD,Other fossil fuels,0,,,,
2004,COD,Total,0,,,,
2005,COD,Coal,0,,,,
2005,COD,Gas,0,,,,
2005,COD,Other fossil fuels,0,,,,
2005,COD,Total,0,,,,
2006,COD,Coal,0,,,,
2006,COD,Gas,0,,,,
2006,COD,Other fossil fuels,0,,,,
2006,COD,Total,0.1,,,,
2007,COD,Coal,0,,,,
2007,COD,Gas,0.1,,,,
2007,COD,Other fossil fuels,0,,,,
2007,COD,Total,0.1,,,,
2008,COD,Coal,0,,,,
2008,COD,Gas,0.1,,,,
2008,COD,Other fossil fuels,0,,,,
2008,COD,Total,0.1,,,,
2009,COD,Coal,0,,,,
2009,COD,Gas,0.1,,,,
2009,COD,Other fossil fuels,0,,,,
2009,COD,Total,0.1,,,,
2010,COD,Coal,0,,,,
2010,COD,Gas,0.1,,,,
2010,COD,Other fossil fuels,0,,,,
2010,COD,Total,0.1,,,,
2011,COD,Coal,0,,,,
2011,COD,Gas,0.1,,,,
2011,COD,Other fossil fuels,0,,,,
2011,COD,Total,0.1,,,,
2012,COD,Coal,0,,,,
2012,COD,Gas,0,,,,
2012,COD,Other fossil fuels,0,,,,
2012,COD,Total,0,,,,
2013,COD,Coal,0,,,,
2013,COD,Gas,0,,,,
2013,COD,Other fossil fuels,0,,,,
2013,COD,Total,0,,,,
2014,COD,Coal,0,,,,
2014,COD,Gas,0,,,,
2014,COD,Other fossil fuels,0,,,,
2014,COD,Total,0,,,,
2015,COD,Coal,0,,,,
2015,COD,Gas,0,,,,
2015,COD,Other fossil fuels,0,,,,
2015,COD,Total,0,,,,
2016,COD,Coal,0,,,,
2016,COD,Gas,0,,,,
2016,COD,Other fossil fuels,0,,,,
2016,COD,Total,0,,,,
2017,COD,Coal,0,,,,
2017,COD,Gas,0,,,,
2017,COD,Other fossil fuels,0,,,,
2017,COD,Total,0,,,,
2018,COD,Coal,0,,,,
2018,COD,Gas,0,,,,
2018,COD,Other fossil fuels,0,,,,
2018,COD,Total,0,,,,
2019,COD,Coal,0,,,,
2019,COD,Gas,0,,,,
2019,COD,Other fossil fuels,0,,,,
2019,COD,Total,0,,,,
2020,COD,Coal,0,,,,
2020,COD,Gas,0,,,,
2020,COD,Other fossil fuels,0,,,,
2020,COD,Total,0,,,,
2021,COD,Coal,0,,,,
2021,COD,Gas,0,,,,
2021,COD,Other fossil fuels,0,,,,
2021,COD,Total,0,,,,
2022,COD,Coal,0,,,,
2022,COD,Gas,0,,,,
2022,COD,Other fossil fuels,0,,,,
2022,COD,Total,0,,,,
2023,COD,Coal,0,,,,
2023,COD,Gas,0,,,,
2023,COD,Other fossil fuels,0,,,,
2023,COD,Total,0,,,,
2024,COD,Coal,0,,,,
2024,COD,Gas,0,,,,
2024,COD,Other fossil fuels,0,,,,
2024,COD,Total,0,,,,
2000,COK,Coal,0,,,,
2000,COK,Gas,0,,,,
2000,COK,Other fossil fuels,0,,,,
2000,COK,Total,0,,,,
2001,COK,Coal,0,,,,
2001,COK,Gas,0,,,,
2001,COK,Other fossil fuels,0,,,,
2001,COK,Total,0,,,,
2002,COK,Coal,0,,,,
2002,COK,Gas,0,,,,
2002,COK,Other fossil fuels,0,,,,
2002,COK,Total,0,,,,
2003,COK,Coal,0,,,,
2003,COK,Gas,0,,,,
2003,COK,Other fossil fuels,0,,,,
2003,COK,Total,0,,,,
2004,COK,Coal,0,,,,
2004,COK,Gas,0,,,,
2004,COK,Other fossil fuels,0,,,,
2004,COK,Total,0,,,,
2005,COK,Coal,0,,,,
2005,COK,Gas,0,,,,
2005,COK,Other fossil fuels,0,,,,
2005,COK,Total,0,,,,
2006,COK,Coal,0,,,,
2006,COK,Gas,0,,,,
2006,COK,Other fossil fuels,0,,,,
2006,COK,Total,0,,,,
2007,COK,Coal,0,,,,
2007,COK,Gas,0,,,,
2007,COK,Other fossil fuels,0,,,,
2007,COK,Total,0,,,,
2008,COK,Coal,0,,,,
2008,COK,Gas,0,,,,
2008,COK,Other fossil fuels,0,,,,
2008,COK,Total,0,,,,
2009,COK,Coal,0,,,,
2009,COK,Gas,0,,,,
2009,COK,Other fossil fuels,0,,,,
2009,COK,Total,0,,,,
2010,COK,Coal,0,,,,
2010,COK,Gas,0,,,,
2010,COK,Other fossil fuels,0,,,,
2010,COK,Total,0,,,,
2011,COK,Coal,0,,,,
2011,COK,Gas,0,,,,
2011,COK,Other fossil fuels,0,,,,
2011,COK,Total,0,,,,
2012,COK,Coal,0,,,,
2012,COK,Gas,0,,,,
2012,COK,Other fossil fuels,0,,,,
2012,COK,Total,0,,,,
2013,COK,Coal,0,,,,
2013,COK,Gas,0,,,,
2013,COK,Other fossil fuels,0,,,,
2013,COK,Total,0,,,,
2014,COK,Coal,0,,,,
2014,COK,Gas,0,,,,
2014,COK,Other fossil fuels,0,,,,
2014,COK,Total,0,,,,
2015,COK,Coal,0,,,,
2015,COK,Gas,0,,,,
2015,COK,Other fossil fuels,0,,,,
2015,COK,Total,0,,,,
2016,COK,Coal,0,,,,
2016,COK,Gas,0,,,,
2016,COK,Other fossil fuels,0,,,,
2016,COK,Total,0,,,,
2017,COK,Coal,0,,,,
2017,COK,Gas,0,,,,
2017,COK,Other fossil fuels,0,,,,
2017,COK,Total,0,,,,
2018,COK,Coal,0,,,,
2018,COK,Gas,0,,,,
2018,COK,Other fossil fuels,0,,,,
2018,COK,Total,0,,,,
2019,COK,Coal,0,,,,
2019,COK,Gas,0,,,,
2019,COK,Other fossil fuels,0,,,,
2019,COK,Total,0,,,,
2020,COK,Coal,0,,,,
2020,COK,Gas,0,,,,
2020,COK,Other fossil fuels,0,,,,
2020,COK,Total,0,,,,
2021,COK,Coal,0,,,,
2021,COK,Gas,0,,,,
2021,COK,Other fossil fuels,0,,,,
2021,COK,Total,0,,,,
2022,COK,Coal,0,,,,
2022,COK,Gas,0,,,,
2022,COK,Other fossil fuels,0,,,,
2022,COK,Total,0,,,,
2023,COK,Coal,0,,,,
2023,COK,Gas,0,,,,
2023,COK,Other fossil fuels,0,,,,
2023,COK,Total,0,,,,
2024,COK,Coal,0,,,,
2024,COK,Gas,0,,,,
2024,COK,Other fossil fuels,0,,,,
2024,COK,Total,0,,,,
2000,CRI,Coal,0,,,,
2000,CRI,Gas,0,,,,
2000,CRI,Other fossil fuels,0.1,,,,
2000,CRI,Total,0.1,,,,
2001,CRI,Coal,0,,,,
2001,CRI,Gas,0,,,,
2001,CRI,Other fossil fuels,0.1,,,,
2001,CRI,Total,0.1,,,,
2002,CRI,Coal,0,,,,
2002,CRI,Gas,0,,,,
2002,CRI,Other fossil fuels,0.1,,,,
2002,CRI,Total,0.1,,,,
2003,CRI,Coal,0,,,,
2003,CRI,Gas,0,,,,
2003,CRI,Other fossil fuels,0.2,,,,
2003,CRI,Total,0.2,,,,
2004,CRI,Coal,0,,,,
2004,CRI,Gas,0,,,,
2004,CRI,Other fossil fuels,0.1,,,,
2004,CRI,Total,0.1,,,,
2005,CRI,Coal,0,,,,
2005,CRI,Gas,0,,,,
2005,CRI,Other fossil fuels,0.3,,,,
2005,CRI,Total,0.3,,,,
2006,CRI,Coal,0,,,,
2006,CRI,Gas,0,,,,
2006,CRI,Other fossil fuels,0.5,,,,
2006,CRI,Total,0.5,,,,
2007,CRI,Coal,0,,,,
2007,CRI,Gas,0,,,,
2007,CRI,Other fossil fuels,0.7,,,,
2007,CRI,Total,0.7,,,,
2008,CRI,Coal,0,,,,
2008,CRI,Gas,0,,,,
2008,CRI,Other fossil fuels,0.7,,,,
2008,CRI,Total,0.7,,,,
2009,CRI,Coal,0,,,,
2009,CRI,Gas,0,,,,
2009,CRI,Other fossil fuels,0.5,,,,
2009,CRI,Total,0.5,,,,
2010,CRI,Coal,0,,,,
2010,CRI,Gas,0,,,,
2010,CRI,Other fossil fuels,0.6,,,,
2010,CRI,Total,0.6,,,,
2011,CRI,Coal,0,,,,
2011,CRI,Gas,0,,,,
2011,CRI,Other fossil fuels,0.9,,,,
2011,CRI,Total,0.9,,,,
2012,CRI,Coal,0,,,,
2012,CRI,Gas,0,,,,
2012,CRI,Other fossil fuels,0.8,,,,
2012,CRI,Total,0.8,,,,
2013,CRI,Coal,0,,,,
2013,CRI,Gas,0,,,,
2013,CRI,Other fossil fuels,1.2,,,,
2013,CRI,Total,1.2,,,,
2014,CRI,Coal,0,,,,
2014,CRI,Gas,0,,,,
2014,CRI,Other fossil fuels,1.0,,,,
2014,CRI,Total,1.0,,,,
2015,CRI,Coal,0,,,,
2015,CRI,Gas,0,,,,
2015,CRI,Other fossil fuels,0.1,,,,
2015,CRI,Total,0.1,,,,
2016,CRI,Coal,0,,,,
2016,CRI,Gas,0,,,,
2016,CRI,Other fossil fuels,0.2,,,,
2016,CRI,Total,0.2,,,,
2017,CRI,Coal,0,,,,
2017,CRI,Gas,0,,,,
2017,CRI,Other fossil fuels,0,,,,
2017,CRI,Total,0,,,,
2018,CRI,Coal,0,,,,
2018,CRI,Gas,0,,,,
2018,CRI,Other fossil fuels,0.2,,,,
2018,CRI,Total,0.2,,,,
2019,CRI,Coal,0,,,,
2019,CRI,Gas,0,,,,
2019,CRI,Other fossil fuels,0.1,,,,
2019,CRI,Total,0.1,,,,
2020,CRI,Coal,0,,,,
2020,CRI,Gas,0,,,,
2020,CRI,Other fossil fuels,0,,,,
2020,CRI,Total,0,,,,
2021,CRI,Coal,0,,,,
2021,CRI,Gas,0,,,,
2021,CRI,Other fossil fuels,0,,,,
2021,CRI,Total,0,,,,
2022,CRI,Coal,0,,,,
2022,CRI,Gas,0,,,,
2022,CRI,Other fossil fuels,0,,,,
2022,CRI,Total,0,,,,
2023,CRI,Coal,0,,,,
2023,CRI,Gas,0,,,,
2023,CRI,Other fossil fuels,0,,,,
2023,CRI,Total,0,,,,
2024,CRI,Coal,0,,,,
2024,CRI,Gas,0,,,,
2024,CRI,Other fossil fuels,0,,,,
2024,CRI,Total,0,,,,
2025,CRI,Coal,0,,,,
2025,CRI,Gas,0,,,,
2025,CRI,Other fossil fuels,-1.2,,,,
2025,CRI,Total,-1.2,,,,
2000,CIV,Coal,0,,,,
2000,CIV,Gas,3.0,,,,
2000,CIV,Other fossil fuels,0,,,,
2000,CIV,Total,3.1,,,,
2001,CIV,Coal,0,,,,
2001,CIV,Gas,3.1,,,,
2001,CIV,Other fossil fuels,0,,,,
2001,CIV,Total,3.1,,,,
2002,CIV,Coal,0,,,,
2002,CIV,Gas,3.6,,,,
2002,CIV,Other fossil fuels,0,,,,
2002,CIV,Total,3.6,,,,
2003,CIV,Coal,0,,,,
2003,CIV,Gas,3.3,,,,
2003,CIV,Other fossil fuels,0,,,,
2003,CIV,Total,3.3,,,,
2004,CIV,Coal,0,,,,
2004,CIV,Gas,3.7,,,,
2004,CIV,Other fossil fuels,0,,,,
2004,CIV,Total,3.7,,,,
2005,CIV,Coal,0,,,,
2005,CIV,Gas,4.1,,,,
2005,CIV,Other fossil fuels,0,,,,
2005,CIV,Total,4.1,,,,
2006,CIV,Coal,0,,,,
2006,CIV,Gas,4.0,,,,
2006,CIV,Other fossil fuels,0,,,,
2006,CIV,Total,4.0,,,,
2007,CIV,Coal,0,,,,
2007,CIV,Gas,3.7,,,,
2007,CIV,Other fossil fuels,0,,,,
2007,CIV,Total,3.7,,,,
2008,CIV,Coal,0,,,,
2008,CIV,Gas,3.8,,,,
2008,CIV,Other fossil fuels,0,,,,
2008,CIV,Total,3.8,,,,
2009,CIV,Coal,0,,,,
2009,CIV,Gas,3.7,,,,
2009,CIV,Other fossil fuels,0,,,,
2009,CIV,Total,3.7,,,,
2010,CIV,Coal,0,,,,
2010,CIV,Gas,4.2,,,,
2010,CIV,Other fossil fuels,0.1,,,,
2010,CIV,Total,4.3,,,,
2011,CIV,Coal,0,,,,
2011,CIV,Gas,4.2,,,,
2011,CIV,Other fossil fuels,0,,,,
2011,CIV,Total,4.3,,,,
2012,CIV,Coal,0,,,,
2012,CIV,Gas,4.7,,,,
2012,CIV,Other fossil fuels,0.4,,,,
2012,CIV,Total,5.2,,,,
2013,CIV,Coal,0,,,,
2013,CIV,Gas,5.8,,,,
2013,CIV,Other fossil fuels,0.2,,,,
2013,CIV,Total,6.0,,,,
2014,CIV,Coal,0,,,,
2014,CIV,Gas,5.8,,,,
2014,CIV,Other fossil fuels,0.5,,,,
2014,CIV,Total,6.3,,,,
2015,CIV,Coal,0,,,,
2015,CIV,Gas,6.8,,,,
2015,CIV,Other fossil fuels,0.5,,,,
2015,CIV,Total,7.3,,,,
2016,CIV,Coal,0,,,,
2016,CIV,Gas,8.5,,,,
2016,CIV,Other fossil fuels,0.1,,,,
2016,CIV,Total,8.6,,,,
2017,CIV,Coal,0,,,,
2017,CIV,Gas,7.9,,,,
2017,CIV,Other fossil fuels,0.1,,,,
2017,CIV,Total,8.0,,,,
2018,CIV,Coal,0,,,,
2018,CIV,Gas,7.0,,,,
2018,CIV,Other fossil fuels,0,,,,
2018,CIV,Total,7.0,,,,
2019,CIV,Coal,0,,,,
2019,CIV,Gas,7.1,,,,
2019,CIV,Other fossil fuels,0,,,,
2019,CIV,Total,7.1,,,,
2020,CIV,Coal,0,,,,
2020,CIV,Gas,7.8,,,,
2020,CIV,Other fossil fuels,0,,,,
2020,CIV,Total,7.8,,,,
2021,CIV,Coal,0,,,,
2021,CIV,Gas,8.6,,,,
2021,CIV,Other fossil fuels,0,,,,
2021,CIV,Total,8.6,,,,
2022,CIV,Coal,0,,,,
2022,CIV,Gas,9.1,,,,
2022,CIV,Other fossil fuels,0,,,,
2022,CIV,Total,9.2,,,,
2023,CIV,Coal,0,,,,
2023,CIV,Gas,7.7,,,,
2023,CIV,Other fossil fuels,0,,,,
2023,CIV,Total,7.7,,,,
2024,CIV,Coal,0,,,,
2024,CIV,Gas,7.7,,,,
2024,CIV,Other fossil fuels,0,,,,
2024,CIV,Total,7.7,,,,
1990,HRV,Coal,0.6,,,,
1990,HRV,Gas,1.4,,,,
1990,HRV,Other fossil fuels,2.9,,,,
1990,HRV,Total,4.9,,,,
1991,HRV,Coal,0.4,,,,
1991,HRV,Gas,0.7,,,,
1991,HRV,Other fossil fuels,1.9,,,,
1991,HRV,Total,3.0,,,,
1992,HRV,Coal,0.7,,,,
1992,HRV,Gas,1.4,,,,
1992,HRV,Other fossil fuels,2.5,,,,
1992,HRV,Total,4.5,,,,
1993,HRV,Coal,0.5,,,,
1993,HRV,Gas,1.8,,,,
1993,HRV,Other fossil fuels,2.7,,,,
1993,HRV,Total,5.0,,,,
1994,HRV,Coal,0.1,,,,
1994,HRV,Gas,1.8,,,,
1994,HRV,Other fossil fuels,1.4,,,,
1994,HRV,Total,3.3,,,,
1995,HRV,Coal,0.2,,,,
1995,HRV,Gas,0.9,,,,
1995,HRV,Other fossil fuels,2.4,,,,
1995,HRV,Total,3.6,,,,
1996,HRV,Coal,0.1,,,,
1996,HRV,Gas,1.3,,,,
1996,HRV,Other fossil fuels,1.8,,,,
1996,HRV,Total,3.3,,,,
1997,HRV,Coal,0.5,,,,
1997,HRV,Gas,1.2,,,,
1997,HRV,Other fossil fuels,2.7,,,,
1997,HRV,Total,4.4,,,,
1998,HRV,Coal,0.5,,,,
1998,HRV,Gas,1.3,,,,
1998,HRV,Other fossil fuels,3.5,,,,
1998,HRV,Total,5.4,,,,
1999,HRV,Coal,0.5,,,,
1999,HRV,Gas,1.2,,,,
1999,HRV,Other fossil fuels,3.9,,,,
1999,HRV,Total,5.6,,,,
2000,HRV,Coal,1.6,,,,
2000,HRV,Gas,1.6,,,,
2000,HRV,Other fossil fuels,1.6,,,,
2000,HRV,Total,4.8,,,,
2001,HRV,Coal,1.6,,,,
2001,HRV,Gas,1.8,,,,
2001,HRV,Other fossil fuels,2.1,,,,
2001,HRV,Total,5.6,,,,
2002,HRV,Coal,2.1,,,,
2002,HRV,Gas,2.5,,,,
2002,HRV,Other fossil fuels,2.2,,,,
2002,HRV,Total,6.8,,,,
2003,HRV,Coal,2.4,,,,
2003,HRV,Gas,2.1,,,,
2003,HRV,Other fossil fuels,3.2,,,,
2003,HRV,Total,7.7,,,,
2004,HRV,Coal,2.1,,,,
2004,HRV,Gas,2.5,,,,
2004,HRV,Other fossil fuels,1.6,,,,
2004,HRV,Total,6.2,,,,
2005,HRV,Coal,2.3,,,,
2005,HRV,Gas,1.8,,,,
2005,HRV,Other fossil fuels,1.8,,,,
2005,HRV,Total,6.0,,,,
2006,HRV,Coal,2.3,,,,
2006,HRV,Gas,2.1,,,,
2006,HRV,Other fossil fuels,2.0,,,,
2006,HRV,Total,6.3,,,,
2007,HRV,Coal,2.4,,,,
2007,HRV,Gas,3.1,,,,
2007,HRV,Other fossil fuels,2.3,,,,
2007,HRV,Total,7.8,,,,
2008,HRV,Coal,2.5,,,,
2008,HRV,Gas,2.5,,,,
2008,HRV,Other fossil fuels,2.0,,,,
2008,HRV,Total,6.9,,,,
2009,HRV,Coal,1.7,,,,
2009,HRV,Gas,2.2,,,,
2009,HRV,Other fossil fuels,2.0,,,,
2009,HRV,Total,5.9,,,,
2010,HRV,Coal,2.4,,,,
2010,HRV,Gas,2.6,,,,
2010,HRV,Other fossil fuels,0.6,,,,
2010,HRV,Total,5.5,,,,
2011,HRV,Coal,2.6,,,,
2011,HRV,Gas,2.6,,,,
2011,HRV,Other fossil fuels,0.8,,,,
2011,HRV,Total,6.0,,,,
2012,HRV,Coal,2.2,,,,
2012,HRV,Gas,2.5,,,,
2012,HRV,Other fossil fuels,0.6,,,,
2012,HRV,Total,5.3,,,,
2013,HRV,Coal,2.4,,,,
2013,HRV,Gas,2.0,,,,
2013,HRV,Other fossil fuels,0.2,,,,
2013,HRV,Total,4.7,,,,
2014,HRV,Coal,2.4,,,,
2014,HRV,Gas,1.0,,,,
2014,HRV,Other fossil fuels,0.1,,,,
2014,HRV,Total,3.5,,,,
2015,HRV,Coal,2.3,,,,
2015,HRV,Gas,1.2,,,,
2015,HRV,Other fossil fuels,0.2,,,,
2015,HRV,Total,3.7,,,,
2016,HRV,Coal,2.6,,,,
2016,HRV,Gas,1.6,,,,
2016,HRV,Other fossil fuels,0.1,,,,
2016,HRV,Total,4.2,,,,
2017,HRV,Coal,1.4,,,,
2017,HRV,Gas,3.1,,,,
2017,HRV,Other fossil fuels,0.2,,,,
2017,HRV,Total,4.7,,,,
2018,HRV,Coal,1.5,,,,
2018,HRV,Gas,2.3,,,,
2018,HRV,Other fossil fuels,0,,,,
2018,HRV,Total,3.7,,,,
2019,HRV,Coal,1.6,,,,
2019,HRV,Gas,2.6,,,,
2019,HRV,Other fossil fuels,0,,,,
2019,HRV,Total,4.3,,,,
2020,HRV,Coal,1.2,,,,
2020,HRV,Gas,3.4,,,,
2020,HRV,Other fossil fuels,0,,,,
2020,HRV,Total,4.7,,,,
2021,HRV,Coal,1.5,,,,
2021,HRV,Gas,3.1,,,,
2021,HRV,Other fossil fuels,0,,,,
2021,HRV,Total,4.6,,,,
2022,HRV,Coal,1.6,,,,
2022,HRV,Gas,3.5,,,,
2022,HRV,Other fossil fuels,0.1,,,,
2022,HRV,Total,5.2,,,,
2023,HRV,Coal,1.3,,,,
2023,HRV,Gas,3.9,,,,
2023,HRV,Other fossil fuels,0,,,,
2023,HRV,Total,5.2,,,,
2024,HRV,Coal,0.8,,,,
2024,HRV,Gas,3.3,,,,
2024,HRV,Other fossil fuels,0,,,,
2024,HRV,Total,4.1,,,,
2025,HRV,Coal,0.7,,,,
2025,HRV,Gas,2.8,,,,
2025,HRV,Other fossil fuels,0,,,,
2025,HRV,Total,3.5,,,,
2000,CUB,Coal,0,,,,
2000,CUB,Gas,1.3,,,,
2000,CUB,Other fossil fuels,13,,,,
2000,CUB,Total,14,,,,
2001,CUB,Coal,0,,,,
2001,CUB,Gas,1.3,,,,
2001,CUB,Other fossil fuels,13,,,,
2001,CUB,Total,14,,,,
2002,CUB,Coal,0,,,,
2002,CUB,Gas,1.2,,,,
2002,CUB,Other fossil fuels,13,,,,
2002,CUB,Total,15,,,,
2003,CUB,Coal,0,,,,
2003,CUB,Gas,1.6,,,,
2003,CUB,Other fossil fuels,13,,,,
2003,CUB,Total,15,,,,
2004,CUB,Coal,0,,,,
2004,CUB,Gas,1.9,,,,
2004,CUB,Other fossil fuels,13,,,,
2004,CUB,Total,15,,,,
2005,CUB,Coal,0,,,,
2005,CUB,Gas,1.9,,,,
2005,CUB,Other fossil fuels,13,,,,
2005,CUB,Total,15,,,,
2006,CUB,Coal,0,,,,
2006,CUB,Gas,2.2,,,,
2006,CUB,Other fossil fuels,14,,,,
2006,CUB,Total,16,,,,
2007,CUB,Coal,0,,,,
2007,CUB,Gas,2.5,,,,
2007,CUB,Other fossil fuels,15,,,,
2007,CUB,Total,17,,,,
2008,CUB,Coal,0,,,,
2008,CUB,Gas,2.5,,,,
2008,CUB,Other fossil fuels,14,,,,
2008,CUB,Total,17,,,,
2009,CUB,Coal,0,,,,
2009,CUB,Gas,2.4,,,,
2009,CUB,Other fossil fuels,15,,,,
2009,CUB,Total,17,,,,
2010,CUB,Coal,0,,,,
2010,CUB,Gas,2.3,,,,
2010,CUB,Other fossil fuels,15,,,,
2010,CUB,Total,17,,,,
2011,CUB,Coal,0,,,,
2011,CUB,Gas,2.1,,,,
2011,CUB,Other fossil fuels,15,,,,
2011,CUB,Total,17,,,,
2012,CUB,Coal,0,,,,
2012,CUB,Gas,2.1,,,,
2012,CUB,Other fossil fuels,16,,,,
2012,CUB,Total,18,,,,
2013,CUB,Coal,0,,,,
2013,CUB,Gas,2.0,,,,
2013,CUB,Other fossil fuels,16,,,,
2013,CUB,Total,18,,,,
2014,CUB,Coal,0,,,,
2014,CUB,Gas,2.8,,,,
2014,CUB,Other fossil fuels,16,,,,
2014,CUB,Total,19,,,,
2015,CUB,Coal,0,,,,
2015,CUB,Gas,3.0,,,,
2015,CUB,Other fossil fuels,17,,,,
2015,CUB,Total,19,,,,
2016,CUB,Coal,0,,,,
2016,CUB,Gas,2.9,,,,
2016,CUB,Other fossil fuels,17,,,,
2016,CUB,Total,20,,,,
2017,CUB,Coal,0,,,,
2017,CUB,Gas,2.8,,,,
2017,CUB,Other fossil fuels,17,,,,
2017,CUB,Total,20,,,,
2018,CUB,Coal,0,,,,
2018,CUB,Gas,2.6,,,,
2018,CUB,Other fossil fuels,17,,,,
2018,CUB,Total,20,,,,
2019,CUB,Coal,0,,,,
2019,CUB,Gas,2.5,,,,
2019,CUB,Other fossil fuels,17,,,,
2019,CUB,Total,20,,,,
2020,CUB,Coal,0,,,,
2020,CUB,Gas,2.0,,,,
2020,CUB,Other fossil fuels,16,,,,
2020,CUB,Total,18,,,,
2021,CUB,Coal,0,,,,
2021,CUB,Gas,1.6,,,,
2021,CUB,Other fossil fuels,15,,,,
2021,CUB,Total,17,,,,
2022,CUB,Coal,0,,,,
2022,CUB,Gas,2.0,,,,
2022,CUB,Other fossil fuels,13,,,,
2022,CUB,Total,15,,,,
2023,CUB,Coal,0,,,,
2023,CUB,Gas,2.5,,,,
2023,CUB,Other fossil fuels,17,,,,
2023,CUB,Total,19,,,,
2024,CUB,Coal,0,,,,
2024,CUB,Gas,2.7,,,,
2024,CUB,Other fossil fuels,16,,,,
2024,CUB,Total,19,,,,
1990,CYP,Coal,0,,,,
1990,CYP,Gas,0,,,,
1990,CYP,Other fossil fuels,2.0,,,,
1990,CYP,Total,2.0,,,,
1991,CYP,Coal,0,,,,
1991,CYP,Gas,0,,,,
1991,CYP,Other fossil fuels,2.1,,,,
1991,CYP,Total,2.1,,,,
1992,CYP,Coal,0,,,,
1992,CYP,Gas,0,,,,
1992,CYP,Other fossil fuels,2.4,,,,
1992,CYP,Total,2.4,,,,
1993,CYP,Coal,0,,,,
1993,CYP,Gas,0,,,,
1993,CYP,Other fossil fuels,2.6,,,,
1993,CYP,Total,2.6,,,,
1994,CYP,Coal,0,,,,
1994,CYP,Gas,0,,,,
1994,CYP,Other fossil fuels,2.7,,,,
1994,CYP,Total,2.7,,,,
1995,CYP,Coal,0,,,,
1995,CYP,Gas,0,,,,
1995,CYP,Other fossil fuels,2.5,,,,
1995,CYP,Total,2.5,,,,
1996,CYP,Coal,0,,,,
1996,CYP,Gas,0,,,,
1996,CYP,Other fossil fuels,2.6,,,,
1996,CYP,Total,2.6,,,,
1997,CYP,Coal,0,,,,
1997,CYP,Gas,0,,,,
1997,CYP,Other fossil fuels,2.7,,,,
1997,CYP,Total,2.7,,,,
1998,CYP,Coal,0,,,,
1998,CYP,Gas,0,,,,
1998,CYP,Other fossil fuels,3.0,,,,
1998,CYP,Total,3.0,,,,
1999,CYP,Coal,0,,,,
1999,CYP,Gas,0,,,,
1999,CYP,Other fossil fuels,3.1,,,,
1999,CYP,Total,3.1,,,,
2000,CYP,Coal,0,,,,
2000,CYP,Gas,0,,,,
2000,CYP,Other fossil fuels,3.4,,,,
2000,CYP,Total,3.4,,,,
2001,CYP,Coal,0,,,,
2001,CYP,Gas,0,,,,
2001,CYP,Other fossil fuels,3.6,,,,
2001,CYP,Total,3.6,,,,
2002,CYP,Coal,0,,,,
2002,CYP,Gas,0,,,,
2002,CYP,Other fossil fuels,3.8,,,,
2002,CYP,Total,3.8,,,,
2003,CYP,Coal,0,,,,
2003,CYP,Gas,0,,,,
2003,CYP,Other fossil fuels,4.1,,,,
2003,CYP,Total,4.1,,,,
2004,CYP,Coal,0,,,,
2004,CYP,Gas,0,,,,
2004,CYP,Other fossil fuels,4.2,,,,
2004,CYP,Total,4.2,,,,
2005,CYP,Coal,0,,,,
2005,CYP,Gas,0,,,,
2005,CYP,Other fossil fuels,4.4,,,,
2005,CYP,Total,4.4,,,,
2006,CYP,Coal,0,,,,
2006,CYP,Gas,0,,,,
2006,CYP,Other fossil fuels,4.7,,,,
2006,CYP,Total,4.7,,,,
2007,CYP,Coal,0,,,,
2007,CYP,Gas,0,,,,
2007,CYP,Other fossil fuels,4.9,,,,
2007,CYP,Total,4.9,,,,
2008,CYP,Coal,0,,,,
2008,CYP,Gas,0,,,,
2008,CYP,Other fossil fuels,5.1,,,,
2008,CYP,Total,5.1,,,,
2009,CYP,Coal,0,,,,
2009,CYP,Gas,0,,,,
2009,CYP,Other fossil fuels,5.2,,,,
2009,CYP,Total,5.2,,,,
2010,CYP,Coal,0,,,,
2010,CYP,Gas,0,,,,
2010,CYP,Other fossil fuels,5.3,,,,
2010,CYP,Total,5.3,,,,
2011,CYP,Coal,0,,,,
2011,CYP,Gas,0,,,,
2011,CYP,Other fossil fuels,4.8,,,,
2011,CYP,Total,4.8,,,,
2012,CYP,Coal,0,,,,
2012,CYP,Gas,0,,,,
2012,CYP,Other fossil fuels,4.5,,,,
2012,CYP,Total,4.5,,,,
2013,CYP,Coal,0,,,,
2013,CYP,Gas,0,,,,
2013,CYP,Other fossil fuels,4.0,,,,
2013,CYP,Total,4.0,,,,
2014,CYP,Coal,0,,,,
2014,CYP,Gas,0,,,,
2014,CYP,Other fossil fuels,4.0,,,,
2014,CYP,Total,4.0,,,,
2015,CYP,Coal,0,,,,
2015,CYP,Gas,0,,,,
2015,CYP,Other fossil fuels,4.1,,,,
2015,CYP,Total,4.1,,,,
2016,CYP,Coal,0,,,,
2016,CYP,Gas,0,,,,
2016,CYP,Other fossil fuels,4.5,,,,
2016,CYP,Total,4.5,,,,
2017,CYP,Coal,0,,,,
2017,CYP,Gas,0,,,,
2017,CYP,Other fossil fuels,4.6,,,,
2017,CYP,Total,4.6,,,,
2018,CYP,Coal,0,,,,
2018,CYP,Gas,0,,,,
2018,CYP,Other fossil fuels,4.6,,,,
2018,CYP,Total,4.6,,,,
2019,CYP,Coal,0,,,,
2019,CYP,Gas,0,,,,
2019,CYP,Other fossil fuels,4.6,,,,
2019,CYP,Total,4.6,,,,
2020,CYP,Coal,0,,,,
2020,CYP,Gas,0,,,,
2020,CYP,Other fossil fuels,4.3,,,,
2020,CYP,Total,4.3,,,,
2021,CYP,Coal,0,,,,
2021,CYP,Gas,0,,,,
2021,CYP,Other fossil fuels,4.3,,,,
2021,CYP,Total,4.3,,,,
2022,CYP,Coal,0,,,,
2022,CYP,Gas,0,,,,
2022,CYP,Other fossil fuels,4.4,,,,
2022,CYP,Total,4.4,,,,
2023,CYP,Coal,0,,,,
2023,CYP,Gas,0,,,,
2023,CYP,Other fossil fuels,4.2,,,,
2023,CYP,Total,4.2,,,,
2024,CYP,Coal,0,,,,
2024,CYP,Gas,0,,,,
2024,CYP,Other fossil fuels,4.4,,,,
2024,CYP,Total,4.4,,,,
2025,CYP,Coal,0,,,,
2025,CYP,Gas,0,,,,
2025,CYP,Other fossil fuels,4.3,,,,
2025,CYP,Total,4.3,,,,
1990,CZE,Coal,47,,,,
1990,CZE,Gas,0.4,,,,
1990,CZE,Other fossil fuels,1.1,,,,
1990,CZE,Total,49,,,,
1991,CZE,Coal,46,,,,
1991,CZE,Gas,0.4,,,,
1991,CZE,Other fossil fuels,1.1,,,,
1991,CZE,Total,47,,,,
1992,CZE,Coal,44,,,,
1992,CZE,Gas,0.4,,,,
1992,CZE,Other fossil fuels,1.1,,,,
1992,CZE,Total,45,,,,
1993,CZE,Coal,43,,,,
1993,CZE,Gas,0.4,,,,
1993,CZE,Other fossil fuels,0.8,,,,
1993,CZE,Total,45,,,,
1994,CZE,Coal,42,,,,
1994,CZE,Gas,0.4,,,,
1994,CZE,Other fossil fuels,1.0,,,,
1994,CZE,Total,44,,,,
1995,CZE,Coal,44,,,,
1995,CZE,Gas,0.5,,,,
1995,CZE,Other fossil fuels,1.1,,,,
1995,CZE,Total,46,,,,
1996,CZE,Coal,45,,,,
1996,CZE,Gas,1.0,,,,
1996,CZE,Other fossil fuels,2.3,,,,
1996,CZE,Total,49,,,,
1997,CZE,Coal,46,,,,
1997,CZE,Gas,1.2,,,,
1997,CZE,Other fossil fuels,2.7,,,,
1997,CZE,Total,50,,,,
1998,CZE,Coal,45,,,,
1998,CZE,Gas,1.3,,,,
1998,CZE,Other fossil fuels,2.9,,,,
1998,CZE,Total,49,,,,
1999,CZE,Coal,44,,,,
1999,CZE,Gas,1.7,,,,
1999,CZE,Other fossil fuels,2.6,,,,
1999,CZE,Total,48,,,,
2000,CZE,Coal,53,,,,
2000,CZE,Gas,1.7,,,,
2000,CZE,Other fossil fuels,2.6,,,,
2000,CZE,Total,57,,,,
2001,CZE,Coal,53,,,,
2001,CZE,Gas,1.6,,,,
2001,CZE,Other fossil fuels,2.7,,,,
2001,CZE,Total,57,,,,
2002,CZE,Coal,50,,,,
2002,CZE,Gas,1.6,,,,
2002,CZE,Other fossil fuels,2.8,,,,
2002,CZE,Total,54,,,,
2003,CZE,Coal,51,,,,
2003,CZE,Gas,1.6,,,,
2003,CZE,Other fossil fuels,2.7,,,,
2003,CZE,Total,55,,,,
2004,CZE,Coal,50,,,,
2004,CZE,Gas,1.5,,,,
2004,CZE,Other fossil fuels,2.9,,,,
2004,CZE,Total,55,,,,
2005,CZE,Coal,50,,,,
2005,CZE,Gas,1.5,,,,
2005,CZE,Other fossil fuels,3.1,,,,
2005,CZE,Total,54,,,,
2006,CZE,Coal,50,,,,
2006,CZE,Gas,1.6,,,,
2006,CZE,Other fossil fuels,2.9,,,,
2006,CZE,Total,54,,,,
2007,CZE,Coal,54,,,,
2007,CZE,Gas,1.4,,,,
2007,CZE,Other fossil fuels,3.0,,,,
2007,CZE,Total,58,,,,
2008,CZE,Coal,49,,,,
2008,CZE,Gas,1.0,,,,
2008,CZE,Other fossil fuels,3.2,,,,
2008,CZE,Total,53,,,,
2009,CZE,Coal,46,,,,
2009,CZE,Gas,1.0,,,,
2009,CZE,Other fossil fuels,2.9,,,,
2009,CZE,Total,50,,,,
2010,CZE,Coal,47,,,,
2010,CZE,Gas,1.4,,,,
2010,CZE,Other fossil fuels,3.0,,,,
2010,CZE,Total,51,,,,
2011,CZE,Coal,47,,,,
2011,CZE,Gas,1.4,,,,
2011,CZE,Other fossil fuels,3.0,,,,
2011,CZE,Total,51,,,,
2012,CZE,Coal,44,,,,
2012,CZE,Gas,1.5,,,,
2012,CZE,Other fossil fuels,2.7,,,,
2012,CZE,Total,48,,,,
2013,CZE,Coal,41,,,,
2013,CZE,Gas,2.0,,,,
2013,CZE,Other fossil fuels,2.7,,,,
2013,CZE,Total,46,,,,
2014,CZE,Coal,41,,,,
2014,CZE,Gas,1.8,,,,
2014,CZE,Other fossil fuels,2.9,,,,
2014,CZE,Total,45,,,,
2015,CZE,Coal,41,,,,
2015,CZE,Gas,2.3,,,,
2015,CZE,Other fossil fuels,2.8,,,,
2015,CZE,Total,46,,,,
2016,CZE,Coal,42,,,,
2016,CZE,Gas,3.7,,,,
2016,CZE,Other fossil fuels,2.8,,,,
2016,CZE,Total,49,,,,
2017,CZE,Coal,41,,,,
2017,CZE,Gas,3.7,,,,
2017,CZE,Other fossil fuels,2.7,,,,
2017,CZE,Total,48,,,,
2018,CZE,Coal,41,,,,
2018,CZE,Gas,3.8,,,,
2018,CZE,Other fossil fuels,2.5,,,,
2018,CZE,Total,47,,,,
2019,CZE,Coal,37,,,,
2019,CZE,Gas,5.8,,,,
2019,CZE,Other fossil fuels,2.3,,,,
2019,CZE,Total,45,,,,
2020,CZE,Coal,31,,,,
2020,CZE,Gas,6.9,,,,
2020,CZE,Other fossil fuels,1.9,,,,
2020,CZE,Total,40,,,,
2021,CZE,Coal,34,,,,
2021,CZE,Gas,7.3,,,,
2021,CZE,Other fossil fuels,0.8,,,,
2021,CZE,Total,42,,,,
2022,CZE,Coal,37,,,,
2022,CZE,Gas,4.3,,,,
2022,CZE,Other fossil fuels,0.7,,,,
2022,CZE,Total,42,,,,
2023,CZE,Coal,30,,,,
2023,CZE,Gas,3.7,,,,
2023,CZE,Other fossil fuels,0.6,,,,
2023,CZE,Total,34,,,,
2024,CZE,Coal,27,,,,
2024,CZE,Gas,3.8,,,,
2024,CZE,Other fossil fuels,0.5,,,,
2024,CZE,Total,31,,,,
2025,CZE,Coal,27,,,,
2025,CZE,Gas,4.1,,,,
2025,CZE,Other fossil fuels,0.2,,,,
2025,CZE,Total,31,,,,
1990,DNK,Coal,24,,,,
1990,DNK,Gas,0.7,,,,
1990,DNK,Other fossil fuels,0.9,,,,
1990,DNK,Total,25,,,,
1991,DNK,Coal,33,,,,
1991,DNK,Gas,0.8,,,,
1991,DNK,Other fossil fuels,1.1,,,,
1991,DNK,Total,35,,,,
1992,DNK,Coal,27,,,,
1992,DNK,Gas,1.1,,,,
1992,DNK,Other fossil fuels,1.2,,,,
1992,DNK,Total,29,,,,
1993,DNK,Coal,29,,,,
1993,DNK,Gas,1.6,,,,
1993,DNK,Other fossil fuels,1.3,,,,
1993,DNK,Total,32,,,,
1994,DNK,Coal,33,,,,
1994,DNK,Gas,2.3,,,,
1994,DNK,Other fossil fuels,3.1,,,,
1994,DNK,Total,39,,,,
1995,DNK,Coal,27,,,,
1995,DNK,Gas,3.6,,,,
1995,DNK,Other fossil fuels,3.7,,,,
1995,DNK,Total,35,,,,
1996,DNK,Coal,40,,,,
1996,DNK,Gas,5.7,,,,
1996,DNK,Other fossil fuels,6.0,,,,
1996,DNK,Total,51,,,,
1997,DNK,Coal,29,,,,
1997,DNK,Gas,6.8,,,,
1997,DNK,Other fossil fuels,5.7,,,,
1997,DNK,Total,41,,,,
1998,DNK,Coal,24,,,,
1998,DNK,Gas,8.1,,,,
1998,DNK,Other fossil fuels,5.2,,,,
1998,DNK,Total,37,,,,
1999,DNK,Coal,20,,,,
1999,DNK,Gas,9.1,,,,
1999,DNK,Other fossil fuels,5.2,,,,
1999,DNK,Total,34,,,,
2000,DNK,Coal,17,,,,
2000,DNK,Gas,8.8,,,,
2000,DNK,Other fossil fuels,4.8,,,,
2000,DNK,Total,30,,,,
2001,DNK,Coal,18,,,,
2001,DNK,Gas,9.3,,,,
2001,DNK,Other fossil fuels,4.6,,,,
2001,DNK,Total,32,,,,
2002,DNK,Coal,18,,,,
2002,DNK,Gas,9.6,,,,
2002,DNK,Other fossil fuels,4.5,,,,
2002,DNK,Total,32,,,,
2003,DNK,Coal,25,,,,
2003,DNK,Gas,9.8,,,,
2003,DNK,Other fossil fuels,2.8,,,,
2003,DNK,Total,38,,,,
2004,DNK,Coal,19,,,,
2004,DNK,Gas,10,,,,
2004,DNK,Other fossil fuels,2.1,,,,
2004,DNK,Total,31,,,,
2005,DNK,Coal,15,,,,
2005,DNK,Gas,8.8,,,,
2005,DNK,Other fossil fuels,2.0,,,,
2005,DNK,Total,26,,,,
2006,DNK,Coal,25,,,,
2006,DNK,Gas,9.4,,,,
2006,DNK,Other fossil fuels,2.3,,,,
2006,DNK,Total,36,,,,
2007,DNK,Coal,20,,,,
2007,DNK,Gas,7.0,,,,
2007,DNK,Other fossil fuels,1.9,,,,
2007,DNK,Total,29,,,,
2008,DNK,Coal,17,,,,
2008,DNK,Gas,7.1,,,,
2008,DNK,Other fossil fuels,1.8,,,,
2008,DNK,Total,26,,,,
2009,DNK,Coal,18,,,,
2009,DNK,Gas,6.7,,,,
2009,DNK,Other fossil fuels,1.8,,,,
2009,DNK,Total,26,,,,
2010,DNK,Coal,17,,,,
2010,DNK,Gas,7.9,,,,
2010,DNK,Other fossil fuels,1.4,,,,
2010,DNK,Total,26,,,,
2011,DNK,Coal,14,,,,
2011,DNK,Gas,5.8,,,,
2011,DNK,Other fossil fuels,1.1,,,,
2011,DNK,Total,21,,,,
2012,DNK,Coal,11,,,,
2012,DNK,Gas,4.2,,,,
2012,DNK,Other fossil fuels,1.0,,,,
2012,DNK,Total,16,,,,
2013,DNK,Coal,14,,,,
2013,DNK,Gas,3.4,,,,
2013,DNK,Other fossil fuels,0.9,,,,
2013,DNK,Total,19,,,,
2014,DNK,Coal,11,,,,
2014,DNK,Gas,2.1,,,,
2014,DNK,Other fossil fuels,0.9,,,,
2014,DNK,Total,14,,,,
2015,DNK,Coal,7.1,,,,
2015,DNK,Gas,1.8,,,,
2015,DNK,Other fossil fuels,0.9,,,,
2015,DNK,Total,9.9,,,,
2016,DNK,Coal,8.9,,,,
2016,DNK,Gas,2.3,,,,
2016,DNK,Other fossil fuels,0.9,,,,
2016,DNK,Total,12,,,,
2017,DNK,Coal,6.2,,,,
2017,DNK,Gas,2.0,,,,
2017,DNK,Other fossil fuels,0.9,,,,
2017,DNK,Total,9.1,,,,
2018,DNK,Coal,6.6,,,,
2018,DNK,Gas,2.1,,,,
2018,DNK,Other fossil fuels,0.8,,,,
2018,DNK,Total,9.5,,,,
2019,DNK,Coal,3.3,,,,
2019,DNK,Gas,2.1,,,,
2019,DNK,Other fossil fuels,0.9,,,,
2019,DNK,Total,6.3,,,,
2020,DNK,Coal,3.1,,,,
2020,DNK,Gas,1.2,,,,
2020,DNK,Other fossil fuels,0.9,,,,
2020,DNK,Total,5.1,,,,
2021,DNK,Coal,4.4,,,,
2021,DNK,Gas,1.5,,,,
2021,DNK,Other fossil fuels,0.9,,,,
2021,DNK,Total,6.8,,,,
2022,DNK,Coal,4.4,,,,
2022,DNK,Gas,1.0,,,,
2022,DNK,Other fossil fuels,1.3,,,,
2022,DNK,Total,6.7,,,,
2023,DNK,Coal,2.5,,,,
2023,DNK,Gas,1.0,,,,
2023,DNK,Other fossil fuels,1.1,,,,
2023,DNK,Total,4.6,,,,
2024,DNK,Coal,1.8,,,,
2024,DNK,Gas,0.9,,,,
2024,DNK,Other fossil fuels,1.1,,,,
2024,DNK,Total,3.8,,,,
2025,DNK,Coal,0.2,,,,
2025,DNK,Gas,0.1,,,,
2025,DNK,Other fossil fuels,1.7,,,,
2025,DNK,Total,2.0,,,,
2000,DJI,Coal,0,,,,
2000,DJI,Gas,0,,,,
2000,DJI,Other fossil fuels,0.2,,,,
2000,DJI,Total,0.2,,,,
2001,DJI,Coal,0,,,,
2001,DJI,Gas,0,,,,
2001,DJI,Other fossil fuels,0.2,,,,
2001,DJI,Total,0.2,,,,
2002,DJI,Coal,0,,,,
2002,DJI,Gas,0,,,,
2002,DJI,Other fossil fuels,0.2,,,,
2002,DJI,Total,0.2,,,,
2003,DJI,Coal,0,,,,
2003,DJI,Gas,0,,,,
2003,DJI,Other fossil fuels,0.2,,,,
2003,DJI,Total,0.2,,,,
2004,DJI,Coal,0,,,,
2004,DJI,Gas,0,,,,
2004,DJI,Other fossil fuels,0.2,,,,
2004,DJI,Total,0.2,,,,
2005,DJI,Coal,0,,,,
2005,DJI,Gas,0,,,,
2005,DJI,Other fossil fuels,0.3,,,,
2005,DJI,Total,0.3,,,,
2006,DJI,Coal,0,,,,
2006,DJI,Gas,0,,,,
2006,DJI,Other fossil fuels,0.3,,,,
2006,DJI,Total,0.3,,,,
2007,DJI,Coal,0,,,,
2007,DJI,Gas,0,,,,
2007,DJI,Other fossil fuels,0.3,,,,
2007,DJI,Total,0.3,,,,
2008,DJI,Coal,0,,,,
2008,DJI,Gas,0,,,,
2008,DJI,Other fossil fuels,0.3,,,,
2008,DJI,Total,0.3,,,,
2009,DJI,Coal,0,,,,
2009,DJI,Gas,0,,,,
2009,DJI,Other fossil fuels,0.4,,,,
2009,DJI,Total,0.4,,,,
2010,DJI,Coal,0,,,,
2010,DJI,Gas,0,,,,
2010,DJI,Other fossil fuels,0.4,,,,
2010,DJI,Total,0.4,,,,
2011,DJI,Coal,0,,,,
2011,DJI,Gas,0,,,,
2011,DJI,Other fossil fuels,0.4,,,,
2011,DJI,Total,0.4,,,,
2012,DJI,Coal,0,,,,
2012,DJI,Gas,0,,,,
2012,DJI,Other fossil fuels,0.4,,,,
2012,DJI,Total,0.4,,,,
2013,DJI,Coal,0,,,,
2013,DJI,Gas,0,,,,
2013,DJI,Other fossil fuels,0.4,,,,
2013,DJI,Total,0.4,,,,
2014,DJI,Coal,0,,,,
2014,DJI,Gas,0,,,,
2014,DJI,Other fossil fuels,0.1,,,,
2014,DJI,Total,0.1,,,,
2015,DJI,Coal,0,,,,
2015,DJI,Gas,0,,,,
2015,DJI,Other fossil fuels,0.2,,,,
2015,DJI,Total,0.2,,,,
2016,DJI,Coal,0,,,,
2016,DJI,Gas,0,,,,
2016,DJI,Other fossil fuels,0.1,,,,
2016,DJI,Total,0.1,,,,
2017,DJI,Coal,0,,,,
2017,DJI,Gas,0,,,,
2017,DJI,Other fossil fuels,0.1,,,,
2017,DJI,Total,0.1,,,,
2018,DJI,Coal,0,,,,
2018,DJI,Gas,0,,,,
2018,DJI,Other fossil fuels,0.1,,,,
2018,DJI,Total,0.1,,,,
2019,DJI,Coal,0,,,,
2019,DJI,Gas,0,,,,
2019,DJI,Other fossil fuels,0.1,,,,
2019,DJI,Total,0.1,,,,
2020,DJI,Coal,0,,,,
2020,DJI,Gas,0,,,,
2020,DJI,Other fossil fuels,0.1,,,,
2020,DJI,Total,0.1,,,,
2021,DJI,Coal,0,,,,
2021,DJI,Gas,0,,,,
2021,DJI,Other fossil fuels,0.1,,,,
2021,DJI,Total,0.1,,,,
2022,DJI,Coal,0,,,,
2022,DJI,Gas,0,,,,
2022,DJI,Other fossil fuels,0.1,,,,
2022,DJI,Total,0.1,,,,
2023,DJI,Coal,0,,,,
2023,DJI,Gas,0,,,,
2023,DJI,Other fossil fuels,0.1,,,,
2023,DJI,Total,0.1,,,,
2024,DJI,Coal,0,,,,
2024,DJI,Gas,0,,,,
2024,DJI,Other fossil fuels,0.1,,,,
2024,DJI,Total,0.1,,,,
2000,DMA,Coal,0,,,,
2000,DMA,Gas,0,,,,
2000,DMA,Other fossil fuels,0.1,,,,
2000,DMA,Total,0.1,,,,
2001,DMA,Coal,0,,,,
2001,DMA,Gas,0,,,,
2001,DMA,Other fossil fuels,0.1,,,,
2001,DMA,Total,0.1,,,,
2002,DMA,Coal,0,,,,
2002,DMA,Gas,0,,,,
2002,DMA,Other fossil fuels,0,,,,
2002,DMA,Total,0,,,,
2003,DMA,Coal,0,,,,
2003,DMA,Gas,0,,,,
2003,DMA,Other fossil fuels,0.1,,,,
2003,DMA,Total,0.1,,,,
2004,DMA,Coal,0,,,,
2004,DMA,Gas,0,,,,
2004,DMA,Other fossil fuels,0.1,,,,
2004,DMA,Total,0.1,,,,
2005,DMA,Coal,0,,,,
2005,DMA,Gas,0,,,,
2005,DMA,Other fossil fuels,0.1,,,,
2005,DMA,Total,0.1,,,,
2006,DMA,Coal,0,,,,
2006,DMA,Gas,0,,,,
2006,DMA,Other fossil fuels,0.1,,,,
2006,DMA,Total,0.1,,,,
2007,DMA,Coal,0,,,,
2007,DMA,Gas,0,,,,
2007,DMA,Other fossil fuels,0.1,,,,
2007,DMA,Total,0.1,,,,
2008,DMA,Coal,0,,,,
2008,DMA,Gas,0,,,,
2008,DMA,Other fossil fuels,0.1,,,,
2008,DMA,Total,0.1,,,,
2009,DMA,Coal,0,,,,
2009,DMA,Gas,0,,,,
2009,DMA,Other fossil fuels,0.1,,,,
2009,DMA,Total,0.1,,,,
2010,DMA,Coal,0,,,,
2010,DMA,Gas,0,,,,
2010,DMA,Other fossil fuels,0.1,,,,
2010,DMA,Total,0.1,,,,
2011,DMA,Coal,0,,,,
2011,DMA,Gas,0,,,,
2011,DMA,Other fossil fuels,0.1,,,,
2011,DMA,Total,0.1,,,,
2012,DMA,Coal,0,,,,
2012,DMA,Gas,0,,,,
2012,DMA,Other fossil fuels,0.1,,,,
2012,DMA,Total,0.1,,,,
2013,DMA,Coal,0,,,,
2013,DMA,Gas,0,,,,
2013,DMA,Other fossil fuels,0.1,,,,
2013,DMA,Total,0.1,,,,
2014,DMA,Coal,0,,,,
2014,DMA,Gas,0,,,,
2014,DMA,Other fossil fuels,0.1,,,,
2014,DMA,Total,0.1,,,,
2015,DMA,Coal,0,,,,
2015,DMA,Gas,0,,,,
2015,DMA,Other fossil fuels,0.1,,,,
2015,DMA,Total,0.1,,,,
2016,DMA,Coal,0,,,,
2016,DMA,Gas,0,,,,
2016,DMA,Other fossil fuels,0.1,,,,
2016,DMA,Total,0.1,,,,
2017,DMA,Coal,0,,,,
2017,DMA,Gas,0,,,,
2017,DMA,Other fossil fuels,0.1,,,,
2017,DMA,Total,0.1,,,,
2018,DMA,Coal,0,,,,
2018,DMA,Gas,0,,,,
2018,DMA,Other fossil fuels,0.1,,,,
2018,DMA,Total,0.1,,,,
2019,DMA,Coal,0,,,,
2019,DMA,Gas,0,,,,
2019,DMA,Other fossil fuels,0.1,,,,
2019,DMA,Total,0.1,,,,
2020,DMA,Coal,0,,,,
2020,DMA,Gas,0,,,,
2020,DMA,Other fossil fuels,0.1,,,,
2020,DMA,Total,0.1,,,,
2021,DMA,Coal,0,,,,
2021,DMA,Gas,0,,,,
2021,DMA,Other fossil fuels,0.1,,,,
2021,DMA,Total,0.1,,,,
2022,DMA,Coal,0,,,,
2022,DMA,Gas,0,,,,
2022,DMA,Other fossil fuels,0.1,,,,
2022,DMA,Total,0.1,,,,
2023,DMA,Coal,0,,,,
2023,DMA,Gas,0,,,,
2023,DMA,Other fossil fuels,0.1,,,,
2023,DMA,Total,0.1,,,,
2000,DOM,Coal,0,,,,
2000,DOM,Gas,0,,,,
2000,DOM,Other fossil fuels,12,,,,
2000,DOM,Total,12,,,,
2001,DOM,Coal,0.1,,,,
2001,DOM,Gas,0,,,,
2001,DOM,Other fossil fuels,12,,,,
2001,DOM,Total,12,,,,
2002,DOM,Coal,0.6,,,,
2002,DOM,Gas,0,,,,
2002,DOM,Other fossil fuels,12,,,,
2002,DOM,Total,13,,,,
2003,DOM,Coal,1.4,,,,
2003,DOM,Gas,0.9,,,,
2003,DOM,Other fossil fuels,11,,,,
2003,DOM,Total,13,,,,
2004,DOM,Coal,1.3,,,,
2004,DOM,Gas,0.7,,,,
2004,DOM,Other fossil fuels,8.2,,,,
2004,DOM,Total,10,,,,
2005,DOM,Coal,1.4,,,,
2005,DOM,Gas,1.1,,,,
2005,DOM,Other fossil fuels,8.7,,,,
2005,DOM,Total,11,,,,
2006,DOM,Coal,2.0,,,,
2006,DOM,Gas,1.7,,,,
2006,DOM,Other fossil fuels,8.5,,,,
2006,DOM,Total,12,,,,
2007,DOM,Coal,2.1,,,,
2007,DOM,Gas,2.3,,,,
2007,DOM,Other fossil fuels,8.3,,,,
2007,DOM,Total,13,,,,
2008,DOM,Coal,2.0,,,,
2008,DOM,Gas,2.5,,,,
2008,DOM,Other fossil fuels,8.6,,,,
2008,DOM,Total,13,,,,
2009,DOM,Coal,1.9,,,,
2009,DOM,Gas,2.3,,,,
2009,DOM,Other fossil fuels,7.9,,,,
2009,DOM,Total,12,,,,
2010,DOM,Coal,1.9,,,,
2010,DOM,Gas,3.4,,,,
2010,DOM,Other fossil fuels,8.0,,,,
2010,DOM,Total,13,,,,
2011,DOM,Coal,2.0,,,,
2011,DOM,Gas,3.5,,,,
2011,DOM,Other fossil fuels,8.6,,,,
2011,DOM,Total,14,,,,
2012,DOM,Coal,2.1,,,,
2012,DOM,Gas,3.6,,,,
2012,DOM,Other fossil fuels,9.2,,,,
2012,DOM,Total,15,,,,
2013,DOM,Coal,2.2,,,,
2013,DOM,Gas,4.5,,,,
2013,DOM,Other fossil fuels,8.8,,,,
2013,DOM,Total,15,,,,
2014,DOM,Coal,2.4,,,,
2014,DOM,Gas,4.3,,,,
2014,DOM,Other fossil fuels,8.8,,,,
2014,DOM,Total,16,,,,
2015,DOM,Coal,2.3,,,,
2015,DOM,Gas,4.3,,,,
2015,DOM,Other fossil fuels,10,,,,
2015,DOM,Total,17,,,,
2016,DOM,Coal,2.4,,,,
2016,DOM,Gas,3.8,,,,
2016,DOM,Other fossil fuels,11,,,,
2016,DOM,Total,17,,,,
2017,DOM,Coal,2.4,,,,
2017,DOM,Gas,5.5,,,,
2017,DOM,Other fossil fuels,8.3,,,,
2017,DOM,Total,16,,,,
2018,DOM,Coal,2.3,,,,
2018,DOM,Gas,4.7,,,,
2018,DOM,Other fossil fuels,9.9,,,,
2018,DOM,Total,17,,,,
2019,DOM,Coal,3.6,,,,
2019,DOM,Gas,5.6,,,,
2019,DOM,Other fossil fuels,9.5,,,,
2019,DOM,Total,19,,,,
2020,DOM,Coal,6.0,,,,
2020,DOM,Gas,6.3,,,,
2020,DOM,Other fossil fuels,4.1,,,,
2020,DOM,Total,16,,,,
2021,DOM,Coal,5.8,,,,
2021,DOM,Gas,7.7,,,,
2021,DOM,Other fossil fuels,4.2,,,,
2021,DOM,Total,18,,,,
2022,DOM,Coal,7.2,,,,
2022,DOM,Gas,5.6,,,,
2022,DOM,Other fossil fuels,5.4,,,,
2022,DOM,Total,18,,,,
2023,DOM,Coal,7.7,,,,
2023,DOM,Gas,7.3,,,,
2023,DOM,Other fossil fuels,5.3,,,,
2023,DOM,Total,20,,,,
2024,DOM,Coal,7.2,,,,
2024,DOM,Gas,7.0,,,,
2024,DOM,Other fossil fuels,5.3,,,,
2024,DOM,Total,20,,,,
2025,DOM,Coal,6.6,,,,
2025,DOM,Gas,6.1,,,,
2025,DOM,Other fossil fuels,4.6,,,,
2025,DOM,Total,17,,,,
2000,ECU,Coal,0,,,,
2000,ECU,Gas,0,,,,
2000,ECU,Other fossil fuels,3.0,,,,
2000,ECU,Total,3.0,,,,
2001,ECU,Coal,0,,,,
2001,ECU,Gas,0,,,,
2001,ECU,Other fossil fuels,4.0,,,,
2001,ECU,Total,4.0,,,,
2002,ECU,Coal,0,,,,
2002,ECU,Gas,0.5,,,,
2002,ECU,Other fossil fuels,3.9,,,,
2002,ECU,Total,4.4,,,,
2003,ECU,Coal,0,,,,
2003,ECU,Gas,0.9,,,,
2003,ECU,Other fossil fuels,3.4,,,,
2003,ECU,Total,4.4,,,,
2004,ECU,Coal,0,,,,
2004,ECU,Gas,1.2,,,,
2004,ECU,Other fossil fuels,4.2,,,,
2004,ECU,Total,5.5,,,,
2005,ECU,Coal,0,,,,
2005,ECU,Gas,1.5,,,,
2005,ECU,Other fossil fuels,4.3,,,,
2005,ECU,Total,5.8,,,,
2006,ECU,Coal,0,,,,
2006,ECU,Gas,1.8,,,,
2006,ECU,Other fossil fuels,5.2,,,,
2006,ECU,Total,7.0,,,,
2007,ECU,Coal,0,,,,
2007,ECU,Gas,2.0,,,,
2007,ECU,Other fossil fuels,6.3,,,,
2007,ECU,Total,8.3,,,,
2008,ECU,Coal,0,,,,
2008,ECU,Gas,1.7,,,,
2008,ECU,Other fossil fuels,5.6,,,,
2008,ECU,Total,7.3,,,,
2009,ECU,Coal,0,,,,
2009,ECU,Gas,1.9,,,,
2009,ECU,Other fossil fuels,7.1,,,,
2009,ECU,Total,9.0,,,,
2010,ECU,Coal,0,,,,
2010,ECU,Gas,2.2,,,,
2010,ECU,Other fossil fuels,8.7,,,,
2010,ECU,Total,11,,,,
2011,ECU,Coal,0,,,,
2011,ECU,Gas,1.9,,,,
2011,ECU,Other fossil fuels,7.5,,,,
2011,ECU,Total,9.4,,,,
2012,ECU,Coal,0,,,,
2012,ECU,Gas,2.3,,,,
2012,ECU,Other fossil fuels,8.3,,,,
2012,ECU,Total,11,,,,
2013,ECU,Coal,0,,,,
2013,ECU,Gas,2.8,,,,
2013,ECU,Other fossil fuels,9.3,,,,
2013,ECU,Total,12,,,,
2014,ECU,Coal,0,,,,
2014,ECU,Gas,2.9,,,,
2014,ECU,Other fossil fuels,9.8,,,,
2014,ECU,Total,13,,,,
2015,ECU,Coal,0,,,,
2015,ECU,Gas,2.8,,,,
2015,ECU,Other fossil fuels,9.8,,,,
2015,ECU,Total,13,,,,
2016,ECU,Coal,0,,,,
2016,ECU,Gas,2.0,,,,
2016,ECU,Other fossil fuels,8.9,,,,
2016,ECU,Total,11,,,,
2017,ECU,Coal,0,,,,
2017,ECU,Gas,1.7,,,,
2017,ECU,Other fossil fuels,5.6,,,,
2017,ECU,Total,7.4,,,,
2018,ECU,Coal,0,,,,
2018,ECU,Gas,1.5,,,,
2018,ECU,Other fossil fuels,6.7,,,,
2018,ECU,Total,8.2,,,,
2019,ECU,Coal,0,,,,
2019,ECU,Gas,1.4,,,,
2019,ECU,Other fossil fuels,5.8,,,,
2019,ECU,Total,7.2,,,,
2020,ECU,Coal,0,,,,
2020,ECU,Gas,1.2,,,,
2020,ECU,Other fossil fuels,5.2,,,,
2020,ECU,Total,6.4,,,,
2021,ECU,Coal,0,,,,
2021,ECU,Gas,1.1,,,,
2021,ECU,Other fossil fuels,4.9,,,,
2021,ECU,Total,6.0,,,,
2022,ECU,Coal,0,,,,
2022,ECU,Gas,1.0,,,,
2022,ECU,Other fossil fuels,6.9,,,,
2022,ECU,Total,7.9,,,,
2023,ECU,Coal,0,,,,
2023,ECU,Gas,1.0,,,,
2023,ECU,Other fossil fuels,8.5,,,,
2023,ECU,Total,9.5,,,,
2024,ECU,Coal,0,,,,
2024,ECU,Gas,1.0,,,,
2024,ECU,Other fossil fuels,8.1,,,,
2024,ECU,Total,9.0,,,,
2025,ECU,Coal,0,,,,
2025,ECU,Gas,1.0,,,,
2025,ECU,Other fossil fuels,6.6,,,,
2025,ECU,Total,7.5,,,,
1985,EGY,Coal,0,,,,
1985,EGY,Gas,9.2,,,,
1985,EGY,Other fossil fuels,12,,,,
1985,EGY,Total,21,,,,
1986,EGY,Coal,0,,,,
1986,EGY,Gas,10,,,,
1986,EGY,Other fossil fuels,13,,,,
1986,EGY,Total,23,,,,
1987,EGY,Coal,0,,,,
1987,EGY,Gas,12,,,,
1987,EGY,Other fossil fuels,15,,,,
1987,EGY,Total,27,,,,
1988,EGY,Coal,0,,,,
1988,EGY,Gas,13,,,,
1988,EGY,Other fossil fuels,17,,,,
1988,EGY,Total,30,,,,
1989,EGY,Coal,0,,,,
1989,EGY,Gas,14,,,,
1989,EGY,Other fossil fuels,17,,,,
1989,EGY,Total,31,,,,
1990,EGY,Coal,0,,,,
1990,EGY,Gas,16,,,,
1990,EGY,Other fossil fuels,16,,,,
1990,EGY,Total,32,,,,
1991,EGY,Coal,0,,,,
1991,EGY,Gas,20,,,,
1991,EGY,Other fossil fuels,13,,,,
1991,EGY,Total,33,,,,
1992,EGY,Coal,0,,,,
1992,EGY,Gas,23,,,,
1992,EGY,Other fossil fuels,12,,,,
1992,EGY,Total,35,,,,
1993,EGY,Coal,0,,,,
1993,EGY,Gas,26,,,,
1993,EGY,Other fossil fuels,10,,,,
1993,EGY,Total,37,,,,
1994,EGY,Coal,0,,,,
1994,EGY,Gas,29,,,,
1994,EGY,Other fossil fuels,8.5,,,,
1994,EGY,Total,38,,,,
1995,EGY,Coal,0,,,,
1995,EGY,Gas,30,,,,
1995,EGY,Other fossil fuels,9.0,,,,
1995,EGY,Total,39,,,,
1996,EGY,Coal,0,,,,
1996,EGY,Gas,32,,,,
1996,EGY,Other fossil fuels,11,,,,
1996,EGY,Total,42,,,,
1997,EGY,Coal,0,,,,
1997,EGY,Gas,33,,,,
1997,EGY,Other fossil fuels,12,,,,
1997,EGY,Total,45,,,,
1998,EGY,Coal,0,,,,
1998,EGY,Gas,33,,,,
1998,EGY,Other fossil fuels,16,,,,
1998,EGY,Total,49,,,,
1999,EGY,Coal,0,,,,
1999,EGY,Gas,37,,,,
1999,EGY,Other fossil fuels,15,,,,
1999,EGY,Total,52,,,,
2000,EGY,Coal,0,,,,
2000,EGY,Gas,42,,,,
2000,EGY,Other fossil fuels,17,,,,
2000,EGY,Total,59,,,,
2001,EGY,Coal,0,,,,
2001,EGY,Gas,48,,,,
2001,EGY,Other fossil fuels,18,,,,
2001,EGY,Total,66,,,,
2002,EGY,Coal,0,,,,
2002,EGY,Gas,57,,,,
2002,EGY,Other fossil fuels,15,,,,
2002,EGY,Total,72,,,,
2003,EGY,Coal,0,,,,
2003,EGY,Gas,64,,,,
2003,EGY,Other fossil fuels,15,,,,
2003,EGY,Total,79,,,,
2004,EGY,Coal,0,,,,
2004,EGY,Gas,74,,,,
2004,EGY,Other fossil fuels,10,,,,
2004,EGY,Total,85,,,,
2005,EGY,Coal,0,,,,
2005,EGY,Gas,77,,,,
2005,EGY,Other fossil fuels,15,,,,
2005,EGY,Total,92,,,,
2006,EGY,Coal,0,,,,
2006,EGY,Gas,83,,,,
2006,EGY,Other fossil fuels,15,,,,
2006,EGY,Total,98,,,,
2007,EGY,Coal,0,,,,
2007,EGY,Gas,89,,,,
2007,EGY,Other fossil fuels,16,,,,
2007,EGY,Total,105,,,,
2008,EGY,Coal,0,,,,
2008,EGY,Gas,95,,,,
2008,EGY,Other fossil fuels,18,,,,
2008,EGY,Total,113,,,,
2009,EGY,Coal,0,,,,
2009,EGY,Gas,99,,,,
2009,EGY,Other fossil fuels,21,,,,
2009,EGY,Total,119,,,,
2010,EGY,Coal,0,,,,
2010,EGY,Gas,110,,,,
2010,EGY,Other fossil fuels,20,,,,
2010,EGY,Total,130,,,,
2011,EGY,Coal,0,,,,
2011,EGY,Gas,117,,,,
2011,EGY,Other fossil fuels,17,,,,
2011,EGY,Total,135,,,,
2012,EGY,Coal,0,,,,
2012,EGY,Gas,127,,,,
2012,EGY,Other fossil fuels,21,,,,
2012,EGY,Total,148,,,,
2013,EGY,Coal,0,,,,
2013,EGY,Gas,123,,,,
2013,EGY,Other fossil fuels,27,,,,
2013,EGY,Total,150,,,,
2014,EGY,Coal,0,,,,
2014,EGY,Gas,125,,,,
2014,EGY,Other fossil fuels,32,,,,
2014,EGY,Total,156,,,,
2015,EGY,Coal,0,,,,
2015,EGY,Gas,130,,,,
2015,EGY,Other fossil fuels,36,,,,
2015,EGY,Total,166,,,,
2016,EGY,Coal,0,,,,
2016,EGY,Gas,138,,,,
2016,EGY,Other fossil fuels,34,,,,
2016,EGY,Total,172,,,,
2017,EGY,Coal,0,,,,
2017,EGY,Gas,152,,,,
2017,EGY,Other fossil fuels,26,,,,
2017,EGY,Total,178,,,,
2018,EGY,Coal,0,,,,
2018,EGY,Gas,167,,,,
2018,EGY,Other fossil fuels,16,,,,
2018,EGY,Total,183,,,,
2019,EGY,Coal,0,,,,
2019,EGY,Gas,172,,,,
2019,EGY,Other fossil fuels,9.2,,,,
2019,EGY,Total,181,,,,
2020,EGY,Coal,0,,,,
2020,EGY,Gas,167,,,,
2020,EGY,Other fossil fuels,8.0,,,,
2020,EGY,Total,175,,,,
2021,EGY,Coal,0,,,,
2021,EGY,Gas,179,,,,
2021,EGY,Other fossil fuels,4.9,,,,
2021,EGY,Total,184,,,,
2022,EGY,Coal,0,,,,
2022,EGY,Gas,183,,,,
2022,EGY,Other fossil fuels,8.0,,,,
2022,EGY,Total,191,,,,
2023,EGY,Coal,0,,,,
2023,EGY,Gas,179,,,,
2023,EGY,Other fossil fuels,17,,,,
2023,EGY,Total,196,,,,
2024,EGY,Coal,0,,,,
2024,EGY,Gas,193,,,,
2024,EGY,Other fossil fuels,18,,,,
2024,EGY,Total,211,,,,
2025,EGY,Coal,0,,,,
2025,EGY,Gas,196,,,,
2025,EGY,Other fossil fuels,18,,,,
2025,EGY,Total,214,,,,
2000,SLV,Other fossil fuels,1.6,,,,
2000,SLV,Total,1.6,,,,
2001,SLV,Other fossil fuels,1.9,,,,
2001,SLV,Total,1.9,,,,
2002,SLV,Other fossil fuels,2.2,,,,
2002,SLV,Total,2.2,,,,
2003,SLV,Other fossil fuels,2.0,,,,
2003,SLV,Total,2.0,,,,
2004,SLV,Other fossil fuels,2.3,,,,
2004,SLV,Total,2.3,,,,
2005,SLV,Other fossil fuels,2.2,,,,
2005,SLV,Total,2.2,,,,
2006,SLV,Other fossil fuels,2.4,,,,
2006,SLV,Total,2.4,,,,
2007,SLV,Other fossil fuels,2.5,,,,
2007,SLV,Total,2.5,,,,
2008,SLV,Other fossil fuels,2.2,,,,
2008,SLV,Total,2.2,,,,
2009,SLV,Other fossil fuels,2.5,,,,
2009,SLV,Total,2.5,,,,
2010,SLV,Other fossil fuels,2.1,,,,
2010,SLV,Total,2.1,,,,
2011,SLV,Other fossil fuels,2.3,,,,
2011,SLV,Total,2.3,,,,
2012,SLV,Other fossil fuels,2.5,,,,
2012,SLV,Total,2.5,,,,
2013,SLV,Other fossil fuels,2.5,,,,
2013,SLV,Total,2.5,,,,
2014,SLV,Other fossil fuels,2.5,,,,
2014,SLV,Total,2.5,,,,
2015,SLV,Other fossil fuels,2.5,,,,
2015,SLV,Total,2.5,,,,
2016,SLV,Other fossil fuels,2.5,,,,
2016,SLV,Total,2.5,,,,
2017,SLV,Other fossil fuels,1.4,,,,
2017,SLV,Total,1.4,,,,
2018,SLV,Other fossil fuels,1.2,,,,
2018,SLV,Total,1.2,,,,
2019,SLV,Other fossil fuels,1.8,,,,
2019,SLV,Total,1.8,,,,
2020,SLV,Other fossil fuels,1.0,,,,
2020,SLV,Total,1.0,,,,
2021,SLV,Other fossil fuels,1.0,,,,
2021,SLV,Total,1.0,,,,
2022,SLV,Other fossil fuels,0.6,,,,
2022,SLV,Total,0.6,,,,
2023,SLV,Other fossil fuels,0.7,,,,
2023,SLV,Total,0.7,,,,
2024,SLV,Other fossil fuels,0.6,,,,
2024,SLV,Total,0.6,,,,
2025,SLV,Other fossil fuels,0.6,,,,
2025,SLV,Total,0.6,,,,
2000,GNQ,Coal,0,,,,
2000,GNQ,Gas,0,,,,
2000,GNQ,Other fossil fuels,0,,,,
2000,GNQ,Total,0,,,,
2001,GNQ,Coal,0,,,,
2001,GNQ,Gas,0,,,,
2001,GNQ,Other fossil fuels,0,,,,
2001,GNQ,Total,0.1,,,,
2002,GNQ,Coal,0,,,,
2002,GNQ,Gas,0.1,,,,
2002,GNQ,Other fossil fuels,0,,,,
2002,GNQ,Total,0.1,,,,
2003,GNQ,Coal,0,,,,
2003,GNQ,Gas,0.1,,,,
2003,GNQ,Other fossil fuels,0,,,,
2003,GNQ,Total,0.1,,,,
2004,GNQ,Coal,0,,,,
2004,GNQ,Gas,0.1,,,,
2004,GNQ,Other fossil fuels,0,,,,
2004,GNQ,Total,0.1,,,,
2005,GNQ,Coal,0,,,,
2005,GNQ,Gas,0.1,,,,
2005,GNQ,Other fossil fuels,0,,,,
2005,GNQ,Total,0.1,,,,
2006,GNQ,Coal,0,,,,
2006,GNQ,Gas,0.1,,,,
2006,GNQ,Other fossil fuels,0,,,,
2006,GNQ,Total,0.1,,,,
2007,GNQ,Coal,0,,,,
2007,GNQ,Gas,0.1,,,,
2007,GNQ,Other fossil fuels,0,,,,
2007,GNQ,Total,0.1,,,,
2008,GNQ,Coal,0,,,,
2008,GNQ,Gas,0.1,,,,
2008,GNQ,Other fossil fuels,0,,,,
2008,GNQ,Total,0.2,,,,
2009,GNQ,Coal,0,,,,
2009,GNQ,Gas,0.2,,,,
2009,GNQ,Other fossil fuels,0,,,,
2009,GNQ,Total,0.2,,,,
2010,GNQ,Coal,0,,,,
2010,GNQ,Gas,0.2,,,,
2010,GNQ,Other fossil fuels,0,,,,
2010,GNQ,Total,0.2,,,,
2011,GNQ,Coal,0,,,,
2011,GNQ,Gas,0.3,,,,
2011,GNQ,Other fossil fuels,0,,,,
2011,GNQ,Total,0.3,,,,
2012,GNQ,Coal,0,,,,
2012,GNQ,Gas,0.5,,,,
2012,GNQ,Other fossil fuels,0,,,,
2012,GNQ,Total,0.5,,,,
2013,GNQ,Coal,0,,,,
2013,GNQ,Gas,0.6,,,,
2013,GNQ,Other fossil fuels,0,,,,
2013,GNQ,Total,0.6,,,,
2014,GNQ,Coal,0,,,,
2014,GNQ,Gas,0.7,,,,
2014,GNQ,Other fossil fuels,0,,,,
2014,GNQ,Total,0.7,,,,
2015,GNQ,Coal,0,,,,
2015,GNQ,Gas,0.8,,,,
2015,GNQ,Other fossil fuels,0,,,,
2015,GNQ,Total,0.8,,,,
2016,GNQ,Coal,0,,,,
2016,GNQ,Gas,0.9,,,,
2016,GNQ,Other fossil fuels,0,,,,
2016,GNQ,Total,0.9,,,,
2017,GNQ,Coal,0,,,,
2017,GNQ,Gas,0.9,,,,
2017,GNQ,Other fossil fuels,0,,,,
2017,GNQ,Total,0.9,,,,
2018,GNQ,Coal,0,,,,
2018,GNQ,Gas,0.9,,,,
2018,GNQ,Other fossil fuels,0,,,,
2018,GNQ,Total,0.9,,,,
2019,GNQ,Coal,0,,,,
2019,GNQ,Gas,0.9,,,,
2019,GNQ,Other fossil fuels,0,,,,
2019,GNQ,Total,1.0,,,,
2020,GNQ,Coal,0,,,,
2020,GNQ,Gas,0.9,,,,
2020,GNQ,Other fossil fuels,0,,,,
2020,GNQ,Total,0.9,,,,
2021,GNQ,Coal,0,,,,
2021,GNQ,Gas,1.0,,,,
2021,GNQ,Other fossil fuels,0,,,,
2021,GNQ,Total,1.0,,,,
2022,GNQ,Coal,0,,,,
2022,GNQ,Gas,1.0,,,,
2022,GNQ,Other fossil fuels,0,,,,
2022,GNQ,Total,1.0,,,,
2023,GNQ,Coal,0,,,,
2023,GNQ,Gas,1.1,,,,
2023,GNQ,Other fossil fuels,0,,,,
2023,GNQ,Total,1.1,,,,
2024,GNQ,Coal,0,,,,
2024,GNQ,Gas,1.1,,,,
2024,GNQ,Other fossil fuels,0,,,,
2024,GNQ,Total,1.1,,,,
2000,ERI,Coal,0,,,,
2000,ERI,Gas,0,,,,
2000,ERI,Other fossil fuels,0.2,,,,
2000,ERI,Total,0.2,,,,
2001,ERI,Coal,0,,,,
2001,ERI,Gas,0,,,,
2001,ERI,Other fossil fuels,0.2,,,,
2001,ERI,Total,0.2,,,,
2002,ERI,Coal,0,,,,
2002,ERI,Gas,0,,,,
2002,ERI,Other fossil fuels,0.3,,,,
2002,ERI,Total,0.3,,,,
2003,ERI,Coal,0,,,,
2003,ERI,Gas,0,,,,
2003,ERI,Other fossil fuels,0.3,,,,
2003,ERI,Total,0.3,,,,
2004,ERI,Coal,0,,,,
2004,ERI,Gas,0,,,,
2004,ERI,Other fossil fuels,0.3,,,,
2004,ERI,Total,0.3,,,,
2005,ERI,Coal,0,,,,
2005,ERI,Gas,0,,,,
2005,ERI,Other fossil fuels,0.3,,,,
2005,ERI,Total,0.3,,,,
2006,ERI,Coal,0,,,,
2006,ERI,Gas,0,,,,
2006,ERI,Other fossil fuels,0.3,,,,
2006,ERI,Total,0.3,,,,
2007,ERI,Coal,0,,,,
2007,ERI,Gas,0,,,,
2007,ERI,Other fossil fuels,0.3,,,,
2007,ERI,Total,0.3,,,,
2008,ERI,Coal,0,,,,
2008,ERI,Gas,0,,,,
2008,ERI,Other fossil fuels,0.3,,,,
2008,ERI,Total,0.3,,,,
2009,ERI,Coal,0,,,,
2009,ERI,Gas,0,,,,
2009,ERI,Other fossil fuels,0.3,,,,
2009,ERI,Total,0.3,,,,
2010,ERI,Coal,0,,,,
2010,ERI,Gas,0,,,,
2010,ERI,Other fossil fuels,0.3,,,,
2010,ERI,Total,0.3,,,,
2011,ERI,Coal,0,,,,
2011,ERI,Gas,0,,,,
2011,ERI,Other fossil fuels,0.3,,,,
2011,ERI,Total,0.3,,,,
2012,ERI,Coal,0,,,,
2012,ERI,Gas,0,,,,
2012,ERI,Other fossil fuels,0.3,,,,
2012,ERI,Total,0.3,,,,
2013,ERI,Coal,0,,,,
2013,ERI,Gas,0,,,,
2013,ERI,Other fossil fuels,0.3,,,,
2013,ERI,Total,0.3,,,,
2014,ERI,Coal,0,,,,
2014,ERI,Gas,0,,,,
2014,ERI,Other fossil fuels,0.3,,,,
2014,ERI,Total,0.3,,,,
2015,ERI,Coal,0,,,,
2015,ERI,Gas,0,,,,
2015,ERI,Other fossil fuels,0.3,,,,
2015,ERI,Total,0.3,,,,
2016,ERI,Coal,0,,,,
2016,ERI,Gas,0,,,,
2016,ERI,Other fossil fuels,0.3,,,,
2016,ERI,Total,0.3,,,,
2017,ERI,Coal,0,,,,
2017,ERI,Gas,0,,,,
2017,ERI,Other fossil fuels,0.3,,,,
2017,ERI,Total,0.3,,,,
2018,ERI,Coal,0,,,,
2018,ERI,Gas,0,,,,
2018,ERI,Other fossil fuels,0.3,,,,
2018,ERI,Total,0.3,,,,
2019,ERI,Coal,0,,,,
2019,ERI,Gas,0,,,,
2019,ERI,Other fossil fuels,0.4,,,,
2019,ERI,Total,0.4,,,,
2020,ERI,Coal,0,,,,
2020,ERI,Gas,0,,,,
2020,ERI,Other fossil fuels,0.4,,,,
2020,ERI,Total,0.4,,,,
2021,ERI,Coal,0,,,,
2021,ERI,Gas,0,,,,
2021,ERI,Other fossil fuels,0.4,,,,
2021,ERI,Total,0.4,,,,
2022,ERI,Coal,0,,,,
2022,ERI,Gas,0,,,,
2022,ERI,Other fossil fuels,0.4,,,,
2022,ERI,Total,0.4,,,,
2023,ERI,Coal,0,,,,
2023,ERI,Gas,0,,,,
2023,ERI,Other fossil fuels,0.4,,,,
2023,ERI,Total,0.4,,,,
2024,ERI,Coal,0,,,,
2024,ERI,Gas,0,,,,
2024,ERI,Other fossil fuels,0.4,,,,
2024,ERI,Total,0.4,,,,
1990,EST,Coal,0,,,,
1990,EST,Gas,1.0,,,,
1990,EST,Other fossil fuels,16,,,,
1990,EST,Total,17,,,,
1991,EST,Coal,0,,,,
1991,EST,Gas,1.0,,,,
1991,EST,Other fossil fuels,14,,,,
1991,EST,Total,15,,,,
1992,EST,Coal,0,,,,
1992,EST,Gas,0.3,,,,
1992,EST,Other fossil fuels,12,,,,
1992,EST,Total,12,,,,
1993,EST,Coal,0,,,,
1993,EST,Gas,0.1,,,,
1993,EST,Other fossil fuels,9.0,,,,
1993,EST,Total,9.1,,,,
1994,EST,Coal,0,,,,
1994,EST,Gas,0.2,,,,
1994,EST,Other fossil fuels,8.9,,,,
1994,EST,Total,9.2,,,,
1995,EST,Coal,0,,,,
1995,EST,Gas,0.3,,,,
1995,EST,Other fossil fuels,8.4,,,,
1995,EST,Total,8.7,,,,
1996,EST,Coal,0,,,,
1996,EST,Gas,0.3,,,,
1996,EST,Other fossil fuels,8.8,,,,
1996,EST,Total,9.1,,,,
1997,EST,Coal,0,,,,
1997,EST,Gas,0.3,,,,
1997,EST,Other fossil fuels,9.0,,,,
1997,EST,Total,9.2,,,,
1998,EST,Coal,0,,,,
1998,EST,Gas,0.3,,,,
1998,EST,Other fossil fuels,8.3,,,,
1998,EST,Total,8.5,,,,
1999,EST,Coal,0,,,,
1999,EST,Gas,0.2,,,,
1999,EST,Other fossil fuels,8.0,,,,
1999,EST,Total,8.3,,,,
2000,EST,Coal,0,,,,
2000,EST,Gas,0.6,,,,
2000,EST,Other fossil fuels,7.9,,,,
2000,EST,Total,8.5,,,,
2001,EST,Coal,0,,,,
2001,EST,Gas,0.6,,,,
2001,EST,Other fossil fuels,7.9,,,,
2001,EST,Total,8.5,,,,
2002,EST,Coal,0,,,,
2002,EST,Gas,0.5,,,,
2002,EST,Other fossil fuels,8.0,,,,
2002,EST,Total,8.5,,,,
2003,EST,Coal,0,,,,
2003,EST,Gas,0.5,,,,
2003,EST,Other fossil fuels,9.6,,,,
2003,EST,Total,10,,,,
2004,EST,Coal,0,,,,
2004,EST,Gas,0.5,,,,
2004,EST,Other fossil fuels,9.8,,,,
2004,EST,Total,10,,,,
2005,EST,Coal,0,,,,
2005,EST,Gas,0.5,,,,
2005,EST,Other fossil fuels,9.6,,,,
2005,EST,Total,10,,,,
2006,EST,Coal,0,,,,
2006,EST,Gas,0.5,,,,
2006,EST,Other fossil fuels,9.1,,,,
2006,EST,Total,9.6,,,,
2007,EST,Coal,0,,,,
2007,EST,Gas,0.3,,,,
2007,EST,Other fossil fuels,12,,,,
2007,EST,Total,12,,,,
2008,EST,Coal,0,,,,
2008,EST,Gas,0.4,,,,
2008,EST,Other fossil fuels,10,,,,
2008,EST,Total,10,,,,
2009,EST,Coal,0,,,,
2009,EST,Gas,0.1,,,,
2009,EST,Other fossil fuels,8.1,,,,
2009,EST,Total,8.2,,,,
2010,EST,Coal,0,,,,
2010,EST,Gas,0.3,,,,
2010,EST,Other fossil fuels,12,,,,
2010,EST,Total,12,,,,
2011,EST,Coal,0,,,,
2011,EST,Gas,0.3,,,,
2011,EST,Other fossil fuels,11,,,,
2011,EST,Total,12,,,,
2012,EST,Coal,0,,,,
2012,EST,Gas,0.1,,,,
2012,EST,Other fossil fuels,10,,,,
2012,EST,Total,10,,,,
2013,EST,Coal,0,,,,
2013,EST,Gas,0.1,,,,
2013,EST,Other fossil fuels,12,,,,
2013,EST,Total,12,,,,
2014,EST,Coal,0,,,,
2014,EST,Gas,0.1,,,,
2014,EST,Other fossil fuels,11,,,,
2014,EST,Total,11,,,,
2015,EST,Coal,0,,,,
2015,EST,Gas,0.1,,,,
2015,EST,Other fossil fuels,8.5,,,,
2015,EST,Total,8.6,,,,
2016,EST,Coal,0,,,,
2016,EST,Gas,0.1,,,,
2016,EST,Other fossil fuels,11,,,,
2016,EST,Total,11,,,,
2017,EST,Coal,0,,,,
2017,EST,Gas,0.1,,,,
2017,EST,Other fossil fuels,11,,,,
2017,EST,Total,11,,,,
2018,EST,Coal,0,,,,
2018,EST,Gas,0.1,,,,
2018,EST,Other fossil fuels,10,,,,
2018,EST,Total,10,,,,
2019,EST,Coal,0,,,,
2019,EST,Gas,0,,,,
2019,EST,Other fossil fuels,5.4,,,,
2019,EST,Total,5.5,,,,
2020,EST,Coal,0,,,,
2020,EST,Gas,0,,,,
2020,EST,Other fossil fuels,3.1,,,,
2020,EST,Total,3.1,,,,
2021,EST,Coal,0,,,,
2021,EST,Gas,0,,,,
2021,EST,Other fossil fuels,4.3,,,,
2021,EST,Total,4.3,,,,
2022,EST,Coal,0,,,,
2022,EST,Gas,0.1,,,,
2022,EST,Other fossil fuels,6.0,,,,
2022,EST,Total,6.1,,,,
2023,EST,Coal,0,,,,
2023,EST,Gas,0,,,,
2023,EST,Other fossil fuels,2.9,,,,
2023,EST,Total,2.9,,,,
2024,EST,Coal,0,,,,
2024,EST,Gas,0.1,,,,
2024,EST,Other fossil fuels,2.7,,,,
2024,EST,Total,2.8,,,,
2025,EST,Coal,0,,,,
2025,EST,Gas,0.1,,,,
2025,EST,Other fossil fuels,2.4,,,,
2025,EST,Total,2.5,,,,
2000,SWZ,Coal,0,,,,
2000,SWZ,Gas,0,,,,
2000,SWZ,Other fossil fuels,0,,,,
2000,SWZ,Total,0,,,,
2001,SWZ,Coal,0,,,,
2001,SWZ,Gas,0,,,,
2001,SWZ,Other fossil fuels,0,,,,
2001,SWZ,Total,0,,,,
2002,SWZ,Coal,0,,,,
2002,SWZ,Gas,0,,,,
2002,SWZ,Other fossil fuels,0,,,,
2002,SWZ,Total,0,,,,
2003,SWZ,Coal,0,,,,
2003,SWZ,Gas,0,,,,
2003,SWZ,Other fossil fuels,0,,,,
2003,SWZ,Total,0,,,,
2004,SWZ,Coal,0,,,,
2004,SWZ,Gas,0,,,,
2004,SWZ,Other fossil fuels,0,,,,
2004,SWZ,Total,0,,,,
2005,SWZ,Coal,0,,,,
2005,SWZ,Gas,0,,,,
2005,SWZ,Other fossil fuels,0,,,,
2005,SWZ,Total,0,,,,
2006,SWZ,Coal,0,,,,
2006,SWZ,Gas,0,,,,
2006,SWZ,Other fossil fuels,0,,,,
2006,SWZ,Total,0,,,,
2007,SWZ,Coal,0,,,,
2007,SWZ,Gas,0,,,,
2007,SWZ,Other fossil fuels,0,,,,
2007,SWZ,Total,0,,,,
2008,SWZ,Coal,0,,,,
2008,SWZ,Gas,0,,,,
2008,SWZ,Other fossil fuels,0,,,,
2008,SWZ,Total,0,,,,
2009,SWZ,Coal,0,,,,
2009,SWZ,Gas,0,,,,
2009,SWZ,Other fossil fuels,0,,,,
2009,SWZ,Total,0,,,,
2010,SWZ,Coal,0,,,,
2010,SWZ,Gas,0,,,,
2010,SWZ,Other fossil fuels,0,,,,
2010,SWZ,Total,0,,,,
2011,SWZ,Coal,0,,,,
2011,SWZ,Gas,0,,,,
2011,SWZ,Other fossil fuels,0,,,,
2011,SWZ,Total,0,,,,
2012,SWZ,Coal,0,,,,
2012,SWZ,Gas,0,,,,
2012,SWZ,Other fossil fuels,0,,,,
2012,SWZ,Total,0,,,,
2013,SWZ,Coal,0,,,,
2013,SWZ,Gas,0,,,,
2013,SWZ,Other fossil fuels,0,,,,
2013,SWZ,Total,0,,,,
2014,SWZ,Coal,0,,,,
2014,SWZ,Gas,0,,,,
2014,SWZ,Other fossil fuels,0,,,,
2014,SWZ,Total,0,,,,
2015,SWZ,Coal,0,,,,
2015,SWZ,Gas,0,,,,
2015,SWZ,Other fossil fuels,0,,,,
2015,SWZ,Total,0,,,,
2016,SWZ,Coal,0,,,,
2016,SWZ,Gas,0,,,,
2016,SWZ,Other fossil fuels,0,,,,
2016,SWZ,Total,0,,,,
2017,SWZ,Coal,0,,,,
2017,SWZ,Gas,0,,,,
2017,SWZ,Other fossil fuels,0,,,,
2017,SWZ,Total,0,,,,
2018,SWZ,Coal,0,,,,
2018,SWZ,Gas,0,,,,
2018,SWZ,Other fossil fuels,0,,,,
2018,SWZ,Total,0,,,,
2019,SWZ,Coal,0,,,,
2019,SWZ,Gas,0,,,,
2019,SWZ,Other fossil fuels,0,,,,
2019,SWZ,Total,0,,,,
2020,SWZ,Coal,0,,,,
2020,SWZ,Gas,0,,,,
2020,SWZ,Other fossil fuels,0,,,,
2020,SWZ,Total,0,,,,
2021,SWZ,Coal,0,,,,
2021,SWZ,Gas,0,,,,
2021,SWZ,Other fossil fuels,0,,,,
2021,SWZ,Total,0,,,,
2022,SWZ,Coal,0,,,,
2022,SWZ,Gas,0,,,,
2022,SWZ,Other fossil fuels,0,,,,
2022,SWZ,Total,0,,,,
2023,SWZ,Coal,0,,,,
2023,SWZ,Gas,0,,,,
2023,SWZ,Other fossil fuels,0,,,,
2023,SWZ,Total,0,,,,
2024,SWZ,Coal,0,,,,
2024,SWZ,Gas,0,,,,
2024,SWZ,Other fossil fuels,0,,,,
2024,SWZ,Total,0,,,,
2000,ETH,Coal,0,,,,
2000,ETH,Gas,0,,,,
2000,ETH,Other fossil fuels,0,,,,
2000,ETH,Total,0,,,,
2001,ETH,Coal,0,,,,
2001,ETH,Gas,0,,,,
2001,ETH,Other fossil fuels,0,,,,
2001,ETH,Total,0,,,,
2002,ETH,Coal,0,,,,
2002,ETH,Gas,0,,,,
2002,ETH,Other fossil fuels,0,,,,
2002,ETH,Total,0,,,,
2003,ETH,Coal,0,,,,
2003,ETH,Gas,0,,,,
2003,ETH,Other fossil fuels,0,,,,
2003,ETH,Total,0,,,,
2004,ETH,Coal,0,,,,
2004,ETH,Gas,0,,,,
2004,ETH,Other fossil fuels,0,,,,
2004,ETH,Total,0,,,,
2005,ETH,Coal,0,,,,
2005,ETH,Gas,0,,,,
2005,ETH,Other fossil fuels,0,,,,
2005,ETH,Total,0,,,,
2006,ETH,Coal,0,,,,
2006,ETH,Gas,0,,,,
2006,ETH,Other fossil fuels,0,,,,
2006,ETH,Total,0,,,,
2007,ETH,Coal,0,,,,
2007,ETH,Gas,0,,,,
2007,ETH,Other fossil fuels,0,,,,
2007,ETH,Total,0,,,,
2008,ETH,Coal,0,,,,
2008,ETH,Gas,0,,,,
2008,ETH,Other fossil fuels,0,,,,
2008,ETH,Total,0,,,,
2009,ETH,Coal,0,,,,
2009,ETH,Gas,0,,,,
2009,ETH,Other fossil fuels,0.1,,,,
2009,ETH,Total,0.1,,,,
2010,ETH,Coal,0,,,,
2010,ETH,Gas,0,,,,
2010,ETH,Other fossil fuels,0.1,,,,
2010,ETH,Total,0.1,,,,
2011,ETH,Coal,0,,,,
2011,ETH,Gas,0,,,,
2011,ETH,Other fossil fuels,0.1,,,,
2011,ETH,Total,0.1,,,,
2012,ETH,Coal,0,,,,
2012,ETH,Gas,0,,,,
2012,ETH,Other fossil fuels,0,,,,
2012,ETH,Total,0,,,,
2013,ETH,Coal,0,,,,
2013,ETH,Gas,0,,,,
2013,ETH,Other fossil fuels,0,,,,
2013,ETH,Total,0,,,,
2014,ETH,Coal,0,,,,
2014,ETH,Gas,0,,,,
2014,ETH,Other fossil fuels,0,,,,
2014,ETH,Total,0,,,,
2015,ETH,Coal,0,,,,
2015,ETH,Gas,0,,,,
2015,ETH,Other fossil fuels,0,,,,
2015,ETH,Total,0,,,,
2016,ETH,Coal,0,,,,
2016,ETH,Gas,0,,,,
2016,ETH,Other fossil fuels,0,,,,
2016,ETH,Total,0,,,,
2017,ETH,Coal,0,,,,
2017,ETH,Gas,0,,,,
2017,ETH,Other fossil fuels,0,,,,
2017,ETH,Total,0,,,,
2018,ETH,Coal,0,,,,
2018,ETH,Gas,0,,,,
2018,ETH,Other fossil fuels,0,,,,
2018,ETH,Total,0,,,,
2019,ETH,Coal,0,,,,
2019,ETH,Gas,0,,,,
2019,ETH,Other fossil fuels,0,,,,
2019,ETH,Total,0,,,,
2020,ETH,Coal,0,,,,
2020,ETH,Gas,0,,,,
2020,ETH,Other fossil fuels,0,,,,
2020,ETH,Total,0,,,,
2021,ETH,Coal,0,,,,
2021,ETH,Gas,0,,,,
2021,ETH,Other fossil fuels,0,,,,
2021,ETH,Total,0,,,,
2022,ETH,Coal,0,,,,
2022,ETH,Gas,0,,,,
2022,ETH,Other fossil fuels,0,,,,
2022,ETH,Total,0,,,,
2023,ETH,Coal,0,,,,
2023,ETH,Gas,0,,,,
2023,ETH,Other fossil fuels,0,,,,
2023,ETH,Total,0,,,,
2024,ETH,Coal,0,,,,
2024,ETH,Gas,0,,,,
2024,ETH,Other fossil fuels,0,,,,
2024,ETH,Total,0,,,,
2025,ETH,Coal,0,,,,
2025,ETH,Gas,0,,,,
2025,ETH,Other fossil fuels,0,,,,
2025,ETH,Total,0,,,,
2000,FLK,Coal,0,,,,
2000,FLK,Gas,0,,,,
2000,FLK,Other fossil fuels,0,,,,
2000,FLK,Total,0,,,,
2001,FLK,Coal,0,,,,
2001,FLK,Gas,0,,,,
2001,FLK,Other fossil fuels,0,,,,
2001,FLK,Total,0,,,,
2002,FLK,Coal,0,,,,
2002,FLK,Gas,0,,,,
2002,FLK,Other fossil fuels,0,,,,
2002,FLK,Total,0,,,,
2003,FLK,Coal,0,,,,
2003,FLK,Gas,0,,,,
2003,FLK,Other fossil fuels,0,,,,
2003,FLK,Total,0,,,,
2004,FLK,Coal,0,,,,
2004,FLK,Gas,0,,,,
2004,FLK,Other fossil fuels,0,,,,
2004,FLK,Total,0,,,,
2005,FLK,Coal,0,,,,
2005,FLK,Gas,0,,,,
2005,FLK,Other fossil fuels,0,,,,
2005,FLK,Total,0,,,,
2006,FLK,Coal,0,,,,
2006,FLK,Gas,0,,,,
2006,FLK,Other fossil fuels,0,,,,
2006,FLK,Total,0,,,,
2007,FLK,Coal,0,,,,
2007,FLK,Gas,0,,,,
2007,FLK,Other fossil fuels,0,,,,
2007,FLK,Total,0,,,,
2008,FLK,Coal,0,,,,
2008,FLK,Gas,0,,,,
2008,FLK,Other fossil fuels,0,,,,
2008,FLK,Total,0,,,,
2009,FLK,Coal,0,,,,
2009,FLK,Gas,0,,,,
2009,FLK,Other fossil fuels,0,,,,
2009,FLK,Total,0,,,,
2010,FLK,Coal,0,,,,
2010,FLK,Gas,0,,,,
2010,FLK,Other fossil fuels,0,,,,
2010,FLK,Total,0,,,,
2011,FLK,Coal,0,,,,
2011,FLK,Gas,0,,,,
2011,FLK,Other fossil fuels,0,,,,
2011,FLK,Total,0,,,,
2012,FLK,Coal,0,,,,
2012,FLK,Gas,0,,,,
2012,FLK,Other fossil fuels,0,,,,
2012,FLK,Total,0,,,,
2013,FLK,Coal,0,,,,
2013,FLK,Gas,0,,,,
2013,FLK,Other fossil fuels,0,,,,
2013,FLK,Total,0,,,,
2014,FLK,Coal,0,,,,
2014,FLK,Gas,0,,,,
2014,FLK,Other fossil fuels,0,,,,
2014,FLK,Total,0,,,,
2015,FLK,Coal,0,,,,
2015,FLK,Gas,0,,,,
2015,FLK,Other fossil fuels,0,,,,
2015,FLK,Total,0,,,,
2016,FLK,Coal,0,,,,
2016,FLK,Gas,0,,,,
2016,FLK,Other fossil fuels,0,,,,
2016,FLK,Total,0,,,,
2017,FLK,Coal,0,,,,
2017,FLK,Gas,0,,,,
2017,FLK,Other fossil fuels,0,,,,
2017,FLK,Total,0,,,,
2018,FLK,Coal,0,,,,
2018,FLK,Gas,0,,,,
2018,FLK,Other fossil fuels,0,,,,
2018,FLK,Total,0,,,,
2019,FLK,Coal,0,,,,
2019,FLK,Gas,0,,,,
2019,FLK,Other fossil fuels,0,,,,
2019,FLK,Total,0,,,,
2020,FLK,Coal,0,,,,
2020,FLK,Gas,0,,,,
2020,FLK,Other fossil fuels,0,,,,
2020,FLK,Total,0,,,,
2021,FLK,Coal,0,,,,
2021,FLK,Gas,0,,,,
2021,FLK,Other fossil fuels,0,,,,
2021,FLK,Total,0,,,,
2022,FLK,Coal,0,,,,
2022,FLK,Gas,0,,,,
2022,FLK,Other fossil fuels,0,,,,
2022,FLK,Total,0,,,,
2023,FLK,Coal,0,,,,
2023,FLK,Gas,0,,,,
2023,FLK,Other fossil fuels,0,,,,
2023,FLK,Total,0,,,,
2000,FRO,Coal,0,,,,
2000,FRO,Gas,0,,,,
2000,FRO,Other fossil fuels,0.1,,,,
2000,FRO,Total,0.1,,,,
2001,FRO,Coal,0,,,,
2001,FRO,Gas,0,,,,
2001,FRO,Other fossil fuels,0.2,,,,
2001,FRO,Total,0.2,,,,
2002,FRO,Coal,0,,,,
2002,FRO,Gas,0,,,,
2002,FRO,Other fossil fuels,0.1,,,,
2002,FRO,Total,0.1,,,,
2003,FRO,Coal,0,,,,
2003,FRO,Gas,0,,,,
2003,FRO,Other fossil fuels,0.2,,,,
2003,FRO,Total,0.2,,,,
2004,FRO,Coal,0,,,,
2004,FRO,Gas,0,,,,
2004,FRO,Other fossil fuels,0.2,,,,
2004,FRO,Total,0.2,,,,
2005,FRO,Coal,0,,,,
2005,FRO,Gas,0,,,,
2005,FRO,Other fossil fuels,0.1,,,,
2005,FRO,Total,0.1,,,,
2006,FRO,Coal,0,,,,
2006,FRO,Gas,0,,,,
2006,FRO,Other fossil fuels,0.1,,,,
2006,FRO,Total,0.1,,,,
2007,FRO,Coal,0,,,,
2007,FRO,Gas,0,,,,
2007,FRO,Other fossil fuels,0.2,,,,
2007,FRO,Total,0.2,,,,
2008,FRO,Coal,0,,,,
2008,FRO,Gas,0,,,,
2008,FRO,Other fossil fuels,0.2,,,,
2008,FRO,Total,0.2,,,,
2009,FRO,Coal,0,,,,
2009,FRO,Gas,0,,,,
2009,FRO,Other fossil fuels,0.2,,,,
2009,FRO,Total,0.2,,,,
2010,FRO,Coal,0,,,,
2010,FRO,Gas,0,,,,
2010,FRO,Other fossil fuels,0.2,,,,
2010,FRO,Total,0.2,,,,
2011,FRO,Coal,0,,,,
2011,FRO,Gas,0,,,,
2011,FRO,Other fossil fuels,0.2,,,,
2011,FRO,Total,0.2,,,,
2012,FRO,Coal,0,,,,
2012,FRO,Gas,0,,,,
2012,FRO,Other fossil fuels,0.2,,,,
2012,FRO,Total,0.2,,,,
2013,FRO,Coal,0,,,,
2013,FRO,Gas,0,,,,
2013,FRO,Other fossil fuels,0.2,,,,
2013,FRO,Total,0.2,,,,
2014,FRO,Coal,0,,,,
2014,FRO,Gas,0,,,,
2014,FRO,Other fossil fuels,0.2,,,,
2014,FRO,Total,0.2,,,,
2015,FRO,Coal,0,,,,
2015,FRO,Gas,0,,,,
2015,FRO,Other fossil fuels,0.1,,,,
2015,FRO,Total,0.1,,,,
2016,FRO,Coal,0,,,,
2016,FRO,Gas,0,,,,
2016,FRO,Other fossil fuels,0.2,,,,
2016,FRO,Total,0.2,,,,
2017,FRO,Coal,0,,,,
2017,FRO,Gas,0,,,,
2017,FRO,Other fossil fuels,0.2,,,,
2017,FRO,Total,0.2,,,,
2018,FRO,Coal,0,,,,
2018,FRO,Gas,0,,,,
2018,FRO,Other fossil fuels,0.2,,,,
2018,FRO,Total,0.2,,,,
2019,FRO,Coal,0,,,,
2019,FRO,Gas,0,,,,
2019,FRO,Other fossil fuels,0.2,,,,
2019,FRO,Total,0.2,,,,
2020,FRO,Coal,0,,,,
2020,FRO,Gas,0,,,,
2020,FRO,Other fossil fuels,0.3,,,,
2020,FRO,Total,0.3,,,,
2021,FRO,Coal,0,,,,
2021,FRO,Gas,0,,,,
2021,FRO,Other fossil fuels,0.3,,,,
2021,FRO,Total,0.3,,,,
2022,FRO,Coal,0,,,,
2022,FRO,Gas,0,,,,
2022,FRO,Other fossil fuels,0.3,,,,
2022,FRO,Total,0.3,,,,
2023,FRO,Coal,0,,,,
2023,FRO,Gas,0,,,,
2023,FRO,Other fossil fuels,0.3,,,,
2023,FRO,Total,0.3,,,,
2000,FJI,Coal,0,,,,
2000,FJI,Gas,0,,,,
2000,FJI,Other fossil fuels,0.2,,,,
2000,FJI,Total,0.2,,,,
2001,FJI,Coal,0,,,,
2001,FJI,Gas,0,,,,
2001,FJI,Other fossil fuels,0.2,,,,
2001,FJI,Total,0.2,,,,
2002,FJI,Coal,0,,,,
2002,FJI,Gas,0,,,,
2002,FJI,Other fossil fuels,0.3,,,,
2002,FJI,Total,0.3,,,,
2003,FJI,Coal,0,,,,
2003,FJI,Gas,0,,,,
2003,FJI,Other fossil fuels,0.4,,,,
2003,FJI,Total,0.4,,,,
2004,FJI,Coal,0,,,,
2004,FJI,Gas,0,,,,
2004,FJI,Other fossil fuels,0.4,,,,
2004,FJI,Total,0.4,,,,
2005,FJI,Coal,0,,,,
2005,FJI,Gas,0,,,,
2005,FJI,Other fossil fuels,0.4,,,,
2005,FJI,Total,0.4,,,,
2006,FJI,Coal,0,,,,
2006,FJI,Gas,0,,,,
2006,FJI,Other fossil fuels,0.4,,,,
2006,FJI,Total,0.4,,,,
2007,FJI,Coal,0,,,,
2007,FJI,Gas,0,,,,
2007,FJI,Other fossil fuels,0.3,,,,
2007,FJI,Total,0.3,,,,
2008,FJI,Coal,0,,,,
2008,FJI,Gas,0,,,,
2008,FJI,Other fossil fuels,0.3,,,,
2008,FJI,Total,0.3,,,,
2009,FJI,Coal,0,,,,
2009,FJI,Gas,0,,,,
2009,FJI,Other fossil fuels,0.3,,,,
2009,FJI,Total,0.3,,,,
2010,FJI,Coal,0,,,,
2010,FJI,Gas,0,,,,
2010,FJI,Other fossil fuels,0.4,,,,
2010,FJI,Total,0.4,,,,
2011,FJI,Coal,0,,,,
2011,FJI,Gas,0,,,,
2011,FJI,Other fossil fuels,0.4,,,,
2011,FJI,Total,0.4,,,,
2012,FJI,Coal,0,,,,
2012,FJI,Gas,0,,,,
2012,FJI,Other fossil fuels,0.3,,,,
2012,FJI,Total,0.3,,,,
2013,FJI,Coal,0,,,,
2013,FJI,Gas,0,,,,
2013,FJI,Other fossil fuels,0.3,,,,
2013,FJI,Total,0.3,,,,
2014,FJI,Coal,0,,,,
2014,FJI,Gas,0,,,,
2014,FJI,Other fossil fuels,0.5,,,,
2014,FJI,Total,0.5,,,,
2015,FJI,Coal,0,,,,
2015,FJI,Gas,0,,,,
2015,FJI,Other fossil fuels,0.5,,,,
2015,FJI,Total,0.5,,,,
2016,FJI,Coal,0,,,,
2016,FJI,Gas,0,,,,
2016,FJI,Other fossil fuels,0.4,,,,
2016,FJI,Total,0.4,,,,
2017,FJI,Coal,0,,,,
2017,FJI,Gas,0,,,,
2017,FJI,Other fossil fuels,0.5,,,,
2017,FJI,Total,0.5,,,,
2018,FJI,Coal,0,,,,
2018,FJI,Gas,0,,,,
2018,FJI,Other fossil fuels,0.5,,,,
2018,FJI,Total,0.5,,,,
2019,FJI,Coal,0,,,,
2019,FJI,Gas,0,,,,
2019,FJI,Other fossil fuels,0.5,,,,
2019,FJI,Total,0.5,,,,
2020,FJI,Coal,0,,,,
2020,FJI,Gas,0,,,,
2020,FJI,Other fossil fuels,0.4,,,,
2020,FJI,Total,0.4,,,,
2021,FJI,Coal,0,,,,
2021,FJI,Gas,0,,,,
2021,FJI,Other fossil fuels,0.4,,,,
2021,FJI,Total,0.4,,,,
2022,FJI,Coal,0,,,,
2022,FJI,Gas,0,,,,
2022,FJI,Other fossil fuels,0.4,,,,
2022,FJI,Total,0.4,,,,
2023,FJI,Coal,0,,,,
2023,FJI,Gas,0,,,,
2023,FJI,Other fossil fuels,0.4,,,,
2023,FJI,Total,0.4,,,,
2024,FJI,Coal,0,,,,
2024,FJI,Gas,0,,,,
2024,FJI,Other fossil fuels,0.4,,,,
2024,FJI,Total,0.4,,,,
1990,FIN,Coal,9.7,,,,
1990,FIN,Gas,4.7,,,,
1990,FIN,Other fossil fuels,4.8,,,,
1990,FIN,Total,19,,,,
1991,FIN,Coal,9.8,,,,
1991,FIN,Gas,5.0,,,,
1991,FIN,Other fossil fuels,5.5,,,,
1991,FIN,Total,20,,,,
1992,FIN,Coal,7.7,,,,
1992,FIN,Gas,5.2,,,,
1992,FIN,Other fossil fuels,5.5,,,,
1992,FIN,Total,18,,,,
1993,FIN,Coal,9.8,,,,
1993,FIN,Gas,5.6,,,,
1993,FIN,Other fossil fuels,6.3,,,,
1993,FIN,Total,22,,,,
1994,FIN,Coal,14,,,,
1994,FIN,Gas,6.4,,,,
1994,FIN,Other fossil fuels,7.5,,,,
1994,FIN,Total,28,,,,
1995,FIN,Coal,11,,,,
1995,FIN,Gas,6.6,,,,
1995,FIN,Other fossil fuels,7.5,,,,
1995,FIN,Total,25,,,,
1996,FIN,Coal,15,,,,
1996,FIN,Gas,8.5,,,,
1996,FIN,Other fossil fuels,8.4,,,,
1996,FIN,Total,32,,,,
1997,FIN,Coal,13,,,,
1997,FIN,Gas,6.9,,,,
1997,FIN,Other fossil fuels,8.4,,,,
1997,FIN,Total,28,,,,
1998,FIN,Coal,7.9,,,,
1998,FIN,Gas,8.8,,,,
1998,FIN,Other fossil fuels,7.1,,,,
1998,FIN,Total,24,,,,
1999,FIN,Coal,9.0,,,,
1999,FIN,Gas,9.5,,,,
1999,FIN,Other fossil fuels,6.8,,,,
1999,FIN,Total,25,,,,
2000,FIN,Coal,8.5,,,,
2000,FIN,Gas,10,,,,
2000,FIN,Other fossil fuels,5.5,,,,
2000,FIN,Total,24,,,,
2001,FIN,Coal,11,,,,
2001,FIN,Gas,12,,,,
2001,FIN,Other fossil fuels,7.8,,,,
2001,FIN,Total,30,,,,
2002,FIN,Coal,13,,,,
2002,FIN,Gas,12,,,,
2002,FIN,Other fossil fuels,8.5,,,,
2002,FIN,Total,33,,,,
2003,FIN,Coal,19,,,,
2003,FIN,Gas,14,,,,
2003,FIN,Other fossil fuels,9.4,,,,
2003,FIN,Total,42,,,,
2004,FIN,Coal,17,,,,
2004,FIN,Gas,13,,,,
2004,FIN,Other fossil fuels,8.2,,,,
2004,FIN,Total,37,,,,
2005,FIN,Coal,6.5,,,,
2005,FIN,Gas,11,,,,
2005,FIN,Other fossil fuels,6.1,,,,
2005,FIN,Total,24,,,,
2006,FIN,Coal,16,,,,
2006,FIN,Gas,12,,,,
2006,FIN,Other fossil fuels,8.3,,,,
2006,FIN,Total,37,,,,
2007,FIN,Coal,14,,,,
2007,FIN,Gas,11,,,,
2007,FIN,Other fossil fuels,9.0,,,,
2007,FIN,Total,33,,,,
2008,FIN,Coal,8.5,,,,
2008,FIN,Gas,11,,,,
2008,FIN,Other fossil fuels,7.1,,,,
2008,FIN,Total,27,,,,
2009,FIN,Coal,11,,,,
2009,FIN,Gas,9.8,,,,
2009,FIN,Other fossil fuels,5.9,,,,
2009,FIN,Total,27,,,,
2010,FIN,Coal,15,,,,
2010,FIN,Gas,11,,,,
2010,FIN,Other fossil fuels,7.9,,,,
2010,FIN,Total,34,,,,
2011,FIN,Coal,9.8,,,,
2011,FIN,Gas,9.5,,,,
2011,FIN,Other fossil fuels,6.9,,,,
2011,FIN,Total,26,,,,
2012,FIN,Coal,7.1,,,,
2012,FIN,Gas,6.7,,,,
2012,FIN,Other fossil fuels,5.0,,,,
2012,FIN,Total,19,,,,
2013,FIN,Coal,11,,,,
2013,FIN,Gas,6.8,,,,
2013,FIN,Other fossil fuels,4.5,,,,
2013,FIN,Total,22,,,,
2014,FIN,Coal,7.9,,,,
2014,FIN,Gas,5.5,,,,
2014,FIN,Other fossil fuels,4.8,,,,
2014,FIN,Total,18,,,,
2015,FIN,Coal,5.1,,,,
2015,FIN,Gas,5.2,,,,
2015,FIN,Other fossil fuels,4.5,,,,
2015,FIN,Total,15,,,,
2016,FIN,Coal,7.0,,,,
2016,FIN,Gas,3.7,,,,
2016,FIN,Other fossil fuels,4.4,,,,
2016,FIN,Total,15,,,,
2017,FIN,Coal,5.9,,,,
2017,FIN,Gas,3.3,,,,
2017,FIN,Other fossil fuels,4.4,,,,
2017,FIN,Total,14,,,,
2018,FIN,Coal,5.8,,,,
2018,FIN,Gas,4.2,,,,
2018,FIN,Other fossil fuels,5.3,,,,
2018,FIN,Total,15,,,,
2019,FIN,Coal,4.4,,,,
2019,FIN,Gas,3.9,,,,
2019,FIN,Other fossil fuels,4.7,,,,
2019,FIN,Total,13,,,,
2020,FIN,Coal,2.4,,,,
2020,FIN,Gas,4.0,,,,
2020,FIN,Other fossil fuels,3.6,,,,
2020,FIN,Total,10,,,,
2021,FIN,Coal,2.7,,,,
2021,FIN,Gas,3.8,,,,
2021,FIN,Other fossil fuels,3.8,,,,
2021,FIN,Total,10,,,,
2022,FIN,Coal,3.4,,,,
2022,FIN,Gas,1.0,,,,
2022,FIN,Other fossil fuels,3.8,,,,
2022,FIN,Total,8.2,,,,
2023,FIN,Coal,1.6,,,,
2023,FIN,Gas,0.7,,,,
2023,FIN,Other fossil fuels,2.7,,,,
2023,FIN,Total,4.9,,,,
2024,FIN,Coal,0.8,,,,
2024,FIN,Gas,0.8,,,,
2024,FIN,Other fossil fuels,2.2,,,,
2024,FIN,Total,3.8,,,,
2025,FIN,Coal,0.2,,,,
2025,FIN,Gas,1.0,,,,
2025,FIN,Other fossil fuels,1.9,,,,
2025,FIN,Total,3.0,,,,
1990,FRA,Coal,31,,,,
1990,FRA,Gas,3.0,,,,
1990,FRA,Other fossil fuels,13,,,,
1990,FRA,Total,47,,,,
1991,FRA,Coal,40,,,,
1991,FRA,Gas,3.1,,,,
1991,FRA,Other fossil fuels,18,,,,
1991,FRA,Total,61,,,,
1992,FRA,Coal,34,,,,
1992,FRA,Gas,3.2,,,,
1992,FRA,Other fossil fuels,13,,,,
1992,FRA,Total,50,,,,
1993,FRA,Coal,21,,,,
1993,FRA,Gas,3.5,,,,
1993,FRA,Other fossil fuels,10,,,,
1993,FRA,Total,35,,,,
1994,FRA,Coal,21,,,,
1994,FRA,Gas,3.6,,,,
1994,FRA,Other fossil fuels,9.1,,,,
1994,FRA,Total,34,,,,
1995,FRA,Coal,24,,,,
1995,FRA,Gas,3.8,,,,
1995,FRA,Other fossil fuels,11,,,,
1995,FRA,Total,39,,,,
1996,FRA,Coal,28,,,,
1996,FRA,Gas,4.1,,,,
1996,FRA,Other fossil fuels,11,,,,
1996,FRA,Total,43,,,,
1997,FRA,Coal,22,,,,
1997,FRA,Gas,4.9,,,,
1997,FRA,Other fossil fuels,12,,,,
1997,FRA,Total,39,,,,
1998,FRA,Coal,34,,,,
1998,FRA,Gas,5.0,,,,
1998,FRA,Other fossil fuels,16,,,,
1998,FRA,Total,55,,,,
1999,FRA,Coal,29,,,,
1999,FRA,Gas,7.7,,,,
1999,FRA,Other fossil fuels,15,,,,
1999,FRA,Total,52,,,,
2000,FRA,Coal,27,,,,
2000,FRA,Gas,12,,,,
2000,FRA,Other fossil fuels,11,,,,
2000,FRA,Total,50,,,,
2001,FRA,Coal,20,,,,
2001,FRA,Gas,15,,,,
2001,FRA,Other fossil fuels,9.8,,,,
2001,FRA,Total,45,,,,
2002,FRA,Coal,24,,,,
2002,FRA,Gas,18,,,,
2002,FRA,Other fossil fuels,9.8,,,,
2002,FRA,Total,52,,,,
2003,FRA,Coal,26,,,,
2003,FRA,Gas,19,,,,
2003,FRA,Other fossil fuels,11,,,,
2003,FRA,Total,57,,,,
2004,FRA,Coal,24,,,,
2004,FRA,Gas,21,,,,
2004,FRA,Other fossil fuels,10,,,,
2004,FRA,Total,56,,,,
2005,FRA,Coal,28,,,,
2005,FRA,Gas,23,,,,
2005,FRA,Other fossil fuels,12,,,,
2005,FRA,Total,63,,,,
2006,FRA,Coal,23,,,,
2006,FRA,Gas,22,,,,
2006,FRA,Other fossil fuels,12,,,,
2006,FRA,Total,56,,,,
2007,FRA,Coal,24,,,,
2007,FRA,Gas,22,,,,
2007,FRA,Other fossil fuels,11,,,,
2007,FRA,Total,58,,,,
2008,FRA,Coal,23,,,,
2008,FRA,Gas,22,,,,
2008,FRA,Other fossil fuels,10,,,,
2008,FRA,Total,55,,,,
2009,FRA,Coal,22,,,,
2009,FRA,Gas,21,,,,
2009,FRA,Other fossil fuels,8.8,,,,
2009,FRA,Total,51,,,,
2010,FRA,Coal,23,,,,
2010,FRA,Gas,24,,,,
2010,FRA,Other fossil fuels,10,,,,
2010,FRA,Total,57,,,,
2011,FRA,Coal,17,,,,
2011,FRA,Gas,29,,,,
2011,FRA,Other fossil fuels,12,,,,
2011,FRA,Total,59,,,,
2012,FRA,Coal,21,,,,
2012,FRA,Gas,23,,,,
2012,FRA,Other fossil fuels,13,,,,
2012,FRA,Total,57,,,,
2013,FRA,Coal,24,,,,
2013,FRA,Gas,18,,,,
2013,FRA,Other fossil fuels,11,,,,
2013,FRA,Total,54,,,,
2014,FRA,Coal,11,,,,
2014,FRA,Gas,13,,,,
2014,FRA,Other fossil fuels,11,,,,
2014,FRA,Total,36,,,,
2015,FRA,Coal,12,,,,
2015,FRA,Gas,21,,,,
2015,FRA,Other fossil fuels,12,,,,
2015,FRA,Total,45,,,,
2016,FRA,Coal,10,,,,
2016,FRA,Gas,35,,,,
2016,FRA,Other fossil fuels,11,,,,
2016,FRA,Total,57,,,,
2017,FRA,Coal,13,,,,
2017,FRA,Gas,41,,,,
2017,FRA,Other fossil fuels,12,,,,
2017,FRA,Total,65,,,,
2018,FRA,Coal,8.3,,,,
2018,FRA,Gas,31,,,,
2018,FRA,Other fossil fuels,11,,,,
2018,FRA,Total,49,,,,
2019,FRA,Coal,3.6,,,,
2019,FRA,Gas,39,,,,
2019,FRA,Other fossil fuels,11,,,,
2019,FRA,Total,54,,,,
2020,FRA,Coal,3.1,,,,
2020,FRA,Gas,35,,,,
2020,FRA,Other fossil fuels,10,,,,
2020,FRA,Total,48,,,,
2021,FRA,Coal,5.4,,,,
2021,FRA,Gas,33,,,,
2021,FRA,Other fossil fuels,10,,,,
2021,FRA,Total,49,,,,
2022,FRA,Coal,4.2,,,,
2022,FRA,Gas,46,,,,
2022,FRA,Other fossil fuels,10,,,,
2022,FRA,Total,60,,,,
2023,FRA,Coal,1.6,,,,
2023,FRA,Gas,30,,,,
2023,FRA,Other fossil fuels,9.4,,,,
2023,FRA,Total,41,,,,
2024,FRA,Coal,1.0,,,,
2024,FRA,Gas,18,,,,
2024,FRA,Other fossil fuels,9.5,,,,
2024,FRA,Total,29,,,,
2025,FRA,Coal,1.7,,,,
2025,FRA,Gas,17,,,,
2025,FRA,Other fossil fuels,10,,,,
2025,FRA,Total,29,,,,
2000,GUF,Other fossil fuels,0.1,,,,
2000,GUF,Total,0.1,,,,
2001,GUF,Other fossil fuels,0.2,,,,
2001,GUF,Total,0.2,,,,
2002,GUF,Other fossil fuels,0.2,,,,
2002,GUF,Total,0.2,,,,
2003,GUF,Other fossil fuels,0.3,,,,
2003,GUF,Total,0.3,,,,
2004,GUF,Other fossil fuels,0.3,,,,
2004,GUF,Total,0.3,,,,
2005,GUF,Other fossil fuels,0.3,,,,
2005,GUF,Total,0.3,,,,
2006,GUF,Other fossil fuels,0.2,,,,
2006,GUF,Total,0.2,,,,
2007,GUF,Other fossil fuels,0.2,,,,
2007,GUF,Total,0.2,,,,
2008,GUF,Other fossil fuels,0.3,,,,
2008,GUF,Total,0.3,,,,
2009,GUF,Other fossil fuels,0.4,,,,
2009,GUF,Total,0.4,,,,
2010,GUF,Other fossil fuels,0.4,,,,
2010,GUF,Total,0.4,,,,
2011,GUF,Other fossil fuels,0.3,,,,
2011,GUF,Total,0.3,,,,
2012,GUF,Other fossil fuels,0.3,,,,
2012,GUF,Total,0.3,,,,
2013,GUF,Other fossil fuels,0.4,,,,
2013,GUF,Total,0.4,,,,
2014,GUF,Other fossil fuels,0.4,,,,
2014,GUF,Total,0.4,,,,
2015,GUF,Other fossil fuels,0.4,,,,
2015,GUF,Total,0.4,,,,
2016,GUF,Other fossil fuels,0.4,,,,
2016,GUF,Total,0.4,,,,
2017,GUF,Other fossil fuels,0.3,,,,
2017,GUF,Total,0.3,,,,
2018,GUF,Other fossil fuels,0.3,,,,
2018,GUF,Total,0.3,,,,
2019,GUF,Other fossil fuels,0.5,,,,
2019,GUF,Total,0.5,,,,
2020,GUF,Other fossil fuels,0.5,,,,
2020,GUF,Total,0.5,,,,
2021,GUF,Other fossil fuels,0.3,,,,
2021,GUF,Total,0.3,,,,
2022,GUF,Other fossil fuels,0.3,,,,
2022,GUF,Total,0.3,,,,
2023,GUF,Other fossil fuels,0.3,,,,
2023,GUF,Total,0.3,,,,
2000,PYF,Coal,0,,,,
2000,PYF,Gas,0,,,,
2000,PYF,Other fossil fuels,0.3,,,,
2000,PYF,Total,0.3,,,,
2001,PYF,Coal,0,,,,
2001,PYF,Gas,0,,,,
2001,PYF,Other fossil fuels,0.3,,,,
2001,PYF,Total,0.3,,,,
2002,PYF,Coal,0,,,,
2002,PYF,Gas,0,,,,
2002,PYF,Other fossil fuels,0.3,,,,
2002,PYF,Total,0.3,,,,
2003,PYF,Coal,0,,,,
2003,PYF,Gas,0,,,,
2003,PYF,Other fossil fuels,0.3,,,,
2003,PYF,Total,0.3,,,,
2004,PYF,Coal,0,,,,
2004,PYF,Gas,0,,,,
2004,PYF,Other fossil fuels,0.4,,,,
2004,PYF,Total,0.4,,,,
2005,PYF,Coal,0,,,,
2005,PYF,Gas,0,,,,
2005,PYF,Other fossil fuels,0.3,,,,
2005,PYF,Total,0.3,,,,
2006,PYF,Coal,0,,,,
2006,PYF,Gas,0,,,,
2006,PYF,Other fossil fuels,0.3,,,,
2006,PYF,Total,0.3,,,,
2007,PYF,Coal,0,,,,
2007,PYF,Gas,0,,,,
2007,PYF,Other fossil fuels,0.3,,,,
2007,PYF,Total,0.3,,,,
2008,PYF,Coal,0,,,,
2008,PYF,Gas,0,,,,
2008,PYF,Other fossil fuels,0.4,,,,
2008,PYF,Total,0.4,,,,
2009,PYF,Coal,0,,,,
2009,PYF,Gas,0,,,,
2009,PYF,Other fossil fuels,0.4,,,,
2009,PYF,Total,0.4,,,,
2010,PYF,Coal,0,,,,
2010,PYF,Gas,0,,,,
2010,PYF,Other fossil fuels,0.5,,,,
2010,PYF,Total,0.5,,,,
2011,PYF,Coal,0,,,,
2011,PYF,Gas,0,,,,
2011,PYF,Other fossil fuels,0.5,,,,
2011,PYF,Total,0.5,,,,
2012,PYF,Coal,0,,,,
2012,PYF,Gas,0,,,,
2012,PYF,Other fossil fuels,0.5,,,,
2012,PYF,Total,0.5,,,,
2013,PYF,Coal,0,,,,
2013,PYF,Gas,0,,,,
2013,PYF,Other fossil fuels,0.5,,,,
2013,PYF,Total,0.5,,,,
2014,PYF,Coal,0,,,,
2014,PYF,Gas,0,,,,
2014,PYF,Other fossil fuels,0.5,,,,
2014,PYF,Total,0.5,,,,
2015,PYF,Coal,0,,,,
2015,PYF,Gas,0,,,,
2015,PYF,Other fossil fuels,0.5,,,,
2015,PYF,Total,0.5,,,,
2016,PYF,Coal,0,,,,
2016,PYF,Gas,0,,,,
2016,PYF,Other fossil fuels,0.5,,,,
2016,PYF,Total,0.5,,,,
2017,PYF,Coal,0,,,,
2017,PYF,Gas,0,,,,
2017,PYF,Other fossil fuels,0.5,,,,
2017,PYF,Total,0.5,,,,
2018,PYF,Coal,0,,,,
2018,PYF,Gas,0,,,,
2018,PYF,Other fossil fuels,0.5,,,,
2018,PYF,Total,0.5,,,,
2019,PYF,Coal,0,,,,
2019,PYF,Gas,0,,,,
2019,PYF,Other fossil fuels,0.5,,,,
2019,PYF,Total,0.5,,,,
2020,PYF,Coal,0,,,,
2020,PYF,Gas,0,,,,
2020,PYF,Other fossil fuels,0.5,,,,
2020,PYF,Total,0.5,,,,
2021,PYF,Coal,0,,,,
2021,PYF,Gas,0,,,,
2021,PYF,Other fossil fuels,0.5,,,,
2021,PYF,Total,0.5,,,,
2022,PYF,Coal,0,,,,
2022,PYF,Gas,0,,,,
2022,PYF,Other fossil fuels,0.5,,,,
2022,PYF,Total,0.5,,,,
2023,PYF,Coal,0,,,,
2023,PYF,Gas,0,,,,
2023,PYF,Other fossil fuels,0.5,,,,
2023,PYF,Total,0.5,,,,
2024,PYF,Coal,0,,,,
2024,PYF,Gas,0,,,,
2024,PYF,Other fossil fuels,0.5,,,,
2024,PYF,Total,0.5,,,,
2000,GAB,Coal,0,,,,
2000,GAB,Gas,0.2,,,,
2000,GAB,Other fossil fuels,0.3,,,,
2000,GAB,Total,0.5,,,,
2001,GAB,Coal,0,,,,
2001,GAB,Gas,0.3,,,,
2001,GAB,Other fossil fuels,0.2,,,,
2001,GAB,Total,0.5,,,,
2002,GAB,Coal,0,,,,
2002,GAB,Gas,0.3,,,,
2002,GAB,Other fossil fuels,0.2,,,,
2002,GAB,Total,0.6,,,,
2003,GAB,Coal,0,,,,
2003,GAB,Gas,0.4,,,,
2003,GAB,Other fossil fuels,0.3,,,,
2003,GAB,Total,0.6,,,,
2004,GAB,Coal,0,,,,
2004,GAB,Gas,0.3,,,,
2004,GAB,Other fossil fuels,0.3,,,,
2004,GAB,Total,0.6,,,,
2005,GAB,Coal,0,,,,
2005,GAB,Gas,0.3,,,,
2005,GAB,Other fossil fuels,0.4,,,,
2005,GAB,Total,0.8,,,,
2006,GAB,Coal,0,,,,
2006,GAB,Gas,0.3,,,,
2006,GAB,Other fossil fuels,0.4,,,,
2006,GAB,Total,0.7,,,,
2007,GAB,Coal,0,,,,
2007,GAB,Gas,0.3,,,,
2007,GAB,Other fossil fuels,0.6,,,,
2007,GAB,Total,0.9,,,,
2008,GAB,Coal,0,,,,
2008,GAB,Gas,0.5,,,,
2008,GAB,Other fossil fuels,0.4,,,,
2008,GAB,Total,0.9,,,,
2009,GAB,Coal,0,,,,
2009,GAB,Gas,0.6,,,,
2009,GAB,Other fossil fuels,0.2,,,,
2009,GAB,Total,0.9,,,,
2010,GAB,Coal,0,,,,
2010,GAB,Gas,0.8,,,,
2010,GAB,Other fossil fuels,0.2,,,,
2010,GAB,Total,1.0,,,,
2011,GAB,Coal,0,,,,
2011,GAB,Gas,1.0,,,,
2011,GAB,Other fossil fuels,0.2,,,,
2011,GAB,Total,1.2,,,,
2012,GAB,Coal,0,,,,
2012,GAB,Gas,1.0,,,,
2012,GAB,Other fossil fuels,0.3,,,,
2012,GAB,Total,1.3,,,,
2013,GAB,Coal,0,,,,
2013,GAB,Gas,0.8,,,,
2013,GAB,Other fossil fuels,0.3,,,,
2013,GAB,Total,1.2,,,,
2014,GAB,Coal,0,,,,
2014,GAB,Gas,0.9,,,,
2014,GAB,Other fossil fuels,0.3,,,,
2014,GAB,Total,1.2,,,,
2015,GAB,Coal,0,,,,
2015,GAB,Gas,1.0,,,,
2015,GAB,Other fossil fuels,0.2,,,,
2015,GAB,Total,1.2,,,,
2016,GAB,Coal,0,,,,
2016,GAB,Gas,1.2,,,,
2016,GAB,Other fossil fuels,0.2,,,,
2016,GAB,Total,1.4,,,,
2017,GAB,Coal,0,,,,
2017,GAB,Gas,1.1,,,,
2017,GAB,Other fossil fuels,0.2,,,,
2017,GAB,Total,1.3,,,,
2018,GAB,Coal,0,,,,
2018,GAB,Gas,1.1,,,,
2018,GAB,Other fossil fuels,0.4,,,,
2018,GAB,Total,1.5,,,,
2019,GAB,Coal,0,,,,
2019,GAB,Gas,1.1,,,,
2019,GAB,Other fossil fuels,0.4,,,,
2019,GAB,Total,1.5,,,,
2020,GAB,Coal,0,,,,
2020,GAB,Gas,1.1,,,,
2020,GAB,Other fossil fuels,0.4,,,,
2020,GAB,Total,1.5,,,,
2021,GAB,Coal,0,,,,
2021,GAB,Gas,1.1,,,,
2021,GAB,Other fossil fuels,0.5,,,,
2021,GAB,Total,1.6,,,,
2022,GAB,Coal,0,,,,
2022,GAB,Gas,1.1,,,,
2022,GAB,Other fossil fuels,0.5,,,,
2022,GAB,Total,1.7,,,,
2023,GAB,Coal,0,,,,
2023,GAB,Gas,1.1,,,,
2023,GAB,Other fossil fuels,0.5,,,,
2023,GAB,Total,1.7,,,,
2024,GAB,Coal,0,,,,
2024,GAB,Gas,1.2,,,,
2024,GAB,Other fossil fuels,0.5,,,,
2024,GAB,Total,1.7,,,,
2000,GMB,Coal,0,,,,
2000,GMB,Gas,0,,,,
2000,GMB,Other fossil fuels,0.1,,,,
2000,GMB,Total,0.1,,,,
2001,GMB,Coal,0,,,,
2001,GMB,Gas,0,,,,
2001,GMB,Other fossil fuels,0.2,,,,
2001,GMB,Total,0.2,,,,
2002,GMB,Coal,0,,,,
2002,GMB,Gas,0,,,,
2002,GMB,Other fossil fuels,0.2,,,,
2002,GMB,Total,0.2,,,,
2003,GMB,Coal,0,,,,
2003,GMB,Gas,0,,,,
2003,GMB,Other fossil fuels,0.2,,,,
2003,GMB,Total,0.2,,,,
2004,GMB,Coal,0,,,,
2004,GMB,Gas,0,,,,
2004,GMB,Other fossil fuels,0.2,,,,
2004,GMB,Total,0.2,,,,
2005,GMB,Coal,0,,,,
2005,GMB,Gas,0,,,,
2005,GMB,Other fossil fuels,0.2,,,,
2005,GMB,Total,0.2,,,,
2006,GMB,Coal,0,,,,
2006,GMB,Gas,0,,,,
2006,GMB,Other fossil fuels,0.2,,,,
2006,GMB,Total,0.2,,,,
2007,GMB,Coal,0,,,,
2007,GMB,Gas,0,,,,
2007,GMB,Other fossil fuels,0.2,,,,
2007,GMB,Total,0.2,,,,
2008,GMB,Coal,0,,,,
2008,GMB,Gas,0,,,,
2008,GMB,Other fossil fuels,0.2,,,,
2008,GMB,Total,0.2,,,,
2009,GMB,Coal,0,,,,
2009,GMB,Gas,0,,,,
2009,GMB,Other fossil fuels,0.2,,,,
2009,GMB,Total,0.2,,,,
2010,GMB,Coal,0,,,,
2010,GMB,Gas,0,,,,
2010,GMB,Other fossil fuels,0.3,,,,
2010,GMB,Total,0.3,,,,
2011,GMB,Coal,0,,,,
2011,GMB,Gas,0,,,,
2011,GMB,Other fossil fuels,0.3,,,,
2011,GMB,Total,0.3,,,,
2012,GMB,Coal,0,,,,
2012,GMB,Gas,0,,,,
2012,GMB,Other fossil fuels,0.3,,,,
2012,GMB,Total,0.3,,,,
2013,GMB,Coal,0,,,,
2013,GMB,Gas,0,,,,
2013,GMB,Other fossil fuels,0.3,,,,
2013,GMB,Total,0.3,,,,
2014,GMB,Coal,0,,,,
2014,GMB,Gas,0,,,,
2014,GMB,Other fossil fuels,0.3,,,,
2014,GMB,Total,0.3,,,,
2015,GMB,Coal,0,,,,
2015,GMB,Gas,0,,,,
2015,GMB,Other fossil fuels,0.3,,,,
2015,GMB,Total,0.3,,,,
2016,GMB,Coal,0,,,,
2016,GMB,Gas,0,,,,
2016,GMB,Other fossil fuels,0.3,,,,
2016,GMB,Total,0.3,,,,
2017,GMB,Coal,0,,,,
2017,GMB,Gas,0,,,,
2017,GMB,Other fossil fuels,0.3,,,,
2017,GMB,Total,0.3,,,,
2018,GMB,Coal,0,,,,
2018,GMB,Gas,0,,,,
2018,GMB,Other fossil fuels,0.4,,,,
2018,GMB,Total,0.4,,,,
2019,GMB,Coal,0,,,,
2019,GMB,Gas,0,,,,
2019,GMB,Other fossil fuels,0.5,,,,
2019,GMB,Total,0.5,,,,
2020,GMB,Coal,0,,,,
2020,GMB,Gas,0,,,,
2020,GMB,Other fossil fuels,0.5,,,,
2020,GMB,Total,0.5,,,,
2021,GMB,Coal,0,,,,
2021,GMB,Gas,0,,,,
2021,GMB,Other fossil fuels,0.5,,,,
2021,GMB,Total,0.5,,,,
2022,GMB,Coal,0,,,,
2022,GMB,Gas,0,,,,
2022,GMB,Other fossil fuels,0.5,,,,
2022,GMB,Total,0.5,,,,
2023,GMB,Coal,0,,,,
2023,GMB,Gas,0,,,,
2023,GMB,Other fossil fuels,0.5,,,,
2023,GMB,Total,0.5,,,,
2024,GMB,Coal,0,,,,
2024,GMB,Gas,0,,,,
2024,GMB,Other fossil fuels,0.5,,,,
2024,GMB,Total,0.5,,,,
2000,GEO,Coal,0,,,,
2000,GEO,Gas,1.4,,,,
2000,GEO,Other fossil fuels,0.2,,,,
2000,GEO,Total,1.6,,,,
2001,GEO,Coal,0,,,,
2001,GEO,Gas,1.3,,,,
2001,GEO,Other fossil fuels,0.1,,,,
2001,GEO,Total,1.4,,,,
2002,GEO,Coal,0,,,,
2002,GEO,Gas,0.4,,,,
2002,GEO,Other fossil fuels,0.1,,,,
2002,GEO,Total,0.5,,,,
2003,GEO,Coal,0,,,,
2003,GEO,Gas,0.6,,,,
2003,GEO,Other fossil fuels,0.1,,,,
2003,GEO,Total,0.6,,,,
2004,GEO,Coal,0,,,,
2004,GEO,Gas,0.8,,,,
2004,GEO,Other fossil fuels,0.1,,,,
2004,GEO,Total,0.9,,,,
2005,GEO,Coal,0,,,,
2005,GEO,Gas,0.9,,,,
2005,GEO,Other fossil fuels,0.2,,,,
2005,GEO,Total,1.0,,,,
2006,GEO,Coal,0,,,,
2006,GEO,Gas,2.2,,,,
2006,GEO,Other fossil fuels,0.1,,,,
2006,GEO,Total,2.2,,,,
2007,GEO,Coal,0,,,,
2007,GEO,Gas,1.7,,,,
2007,GEO,Other fossil fuels,0.1,,,,
2007,GEO,Total,1.8,,,,
2008,GEO,Coal,0,,,,
2008,GEO,Gas,1.3,,,,
2008,GEO,Other fossil fuels,0,,,,
2008,GEO,Total,1.3,,,,
2009,GEO,Coal,0,,,,
2009,GEO,Gas,1.0,,,,
2009,GEO,Other fossil fuels,0,,,,
2009,GEO,Total,1.0,,,,
2010,GEO,Coal,0,,,,
2010,GEO,Gas,0.7,,,,
2010,GEO,Other fossil fuels,0,,,,
2010,GEO,Total,0.7,,,,
2011,GEO,Coal,0,,,,
2011,GEO,Gas,2.2,,,,
2011,GEO,Other fossil fuels,0,,,,
2011,GEO,Total,2.2,,,,
2012,GEO,Coal,0,,,,
2012,GEO,Gas,2.5,,,,
2012,GEO,Other fossil fuels,0,,,,
2012,GEO,Total,2.5,,,,
2013,GEO,Coal,0,,,,
2013,GEO,Gas,1.8,,,,
2013,GEO,Other fossil fuels,0,,,,
2013,GEO,Total,1.8,,,,
2014,GEO,Coal,0,,,,
2014,GEO,Gas,2.0,,,,
2014,GEO,Other fossil fuels,0,,,,
2014,GEO,Total,2.0,,,,
2015,GEO,Coal,0,,,,
2015,GEO,Gas,2.4,,,,
2015,GEO,Other fossil fuels,0,,,,
2015,GEO,Total,2.4,,,,
2016,GEO,Coal,0,,,,
2016,GEO,Gas,2.2,,,,
2016,GEO,Other fossil fuels,0,,,,
2016,GEO,Total,2.2,,,,
2017,GEO,Coal,0,,,,
2017,GEO,Gas,2.2,,,,
2017,GEO,Other fossil fuels,0,,,,
2017,GEO,Total,2.2,,,,
2018,GEO,Coal,0,,,,
2018,GEO,Gas,2.1,,,,
2018,GEO,Other fossil fuels,0,,,,
2018,GEO,Total,2.1,,,,
2019,GEO,Coal,0,,,,
2019,GEO,Gas,2.8,,,,
2019,GEO,Other fossil fuels,0,,,,
2019,GEO,Total,2.8,,,,
2020,GEO,Coal,0,,,,
2020,GEO,Gas,2.8,,,,
2020,GEO,Other fossil fuels,0,,,,
2020,GEO,Total,2.8,,,,
2021,GEO,Coal,0,,,,
2021,GEO,Gas,2.4,,,,
2021,GEO,Other fossil fuels,0,,,,
2021,GEO,Total,2.4,,,,
2022,GEO,Coal,0,,,,
2022,GEO,Gas,3.4,,,,
2022,GEO,Other fossil fuels,0,,,,
2022,GEO,Total,3.4,,,,
2023,GEO,Coal,0,,,,
2023,GEO,Gas,3.5,,,,
2023,GEO,Other fossil fuels,0,,,,
2023,GEO,Total,3.5,,,,
2024,GEO,Coal,0,,,,
2024,GEO,Gas,2.8,,,,
2024,GEO,Other fossil fuels,0,,,,
2024,GEO,Total,2.8,,,,
2025,GEO,Coal,0,,,,
2025,GEO,Gas,2.8,,,,
2025,GEO,Other fossil fuels,0,,,,
2025,GEO,Total,2.8,,,,
1985,DEU,Gas,28,,,,
1985,DEU,Total,28,,,,
1986,DEU,Gas,30,,,,
1986,DEU,Total,30,,,,
1987,DEU,Gas,33,,,,
1987,DEU,Total,33,,,,
1988,DEU,Gas,33,,,,
1988,DEU,Total,33,,,,
1989,DEU,Gas,39,,,,
1989,DEU,Total,39,,,,
1990,DEU,Coal,310,,,,
1990,DEU,Gas,36,,,,
1990,DEU,Other fossil fuels,25,,,,
1990,DEU,Total,371,,,,
1991,DEU,Coal,308,,,,
1991,DEU,Gas,36,,,,
1991,DEU,Other fossil fuels,28,,,,
1991,DEU,Total,372,,,,
1992,DEU,Coal,296,,,,
1992,DEU,Gas,33,,,,
1992,DEU,Other fossil fuels,27,,,,
1992,DEU,Total,355,,,,
1993,DEU,Coal,293,,,,
1993,DEU,Gas,33,,,,
1993,DEU,Other fossil fuels,21,,,,
1993,DEU,Total,347,,,,
1994,DEU,Coal,290,,,,
1994,DEU,Gas,36,,,,
1994,DEU,Other fossil fuels,21,,,,
1994,DEU,Total,347,,,,
1995,DEU,Coal,289,,,,
1995,DEU,Gas,41,,,,
1995,DEU,Other fossil fuels,21,,,,
1995,DEU,Total,352,,,,
1996,DEU,Coal,296,,,,
1996,DEU,Gas,46,,,,
1996,DEU,Other fossil fuels,20,,,,
1996,DEU,Total,362,,,,
1997,DEU,Coal,284,,,,
1997,DEU,Gas,48,,,,
1997,DEU,Other fossil fuels,21,,,,
1997,DEU,Total,353,,,,
1998,DEU,Coal,292,,,,
1998,DEU,Gas,51,,,,
1998,DEU,Other fossil fuels,20,,,,
1998,DEU,Total,363,,,,
1999,DEU,Coal,281,,,,
1999,DEU,Gas,52,,,,
1999,DEU,Other fossil fuels,17,,,,
1999,DEU,Total,351,,,,
2000,DEU,Coal,297,,,,
2000,DEU,Gas,49,,,,
2000,DEU,Other fossil fuels,18,,,,
2000,DEU,Total,364,,,,
2001,DEU,Coal,294,,,,
2001,DEU,Gas,56,,,,
2001,DEU,Other fossil fuels,21,,,,
2001,DEU,Total,370,,,,
2002,DEU,Coal,300,,,,
2002,DEU,Gas,56,,,,
2002,DEU,Other fossil fuels,19,,,,
2002,DEU,Total,374,,,,
2003,DEU,Coal,305,,,,
2003,DEU,Gas,63,,,,
2003,DEU,Other fossil fuels,23,,,,
2003,DEU,Total,390,,,,
2004,DEU,Coal,299,,,,
2004,DEU,Gas,63,,,,
2004,DEU,Other fossil fuels,23,,,,
2004,DEU,Total,385,,,,
2005,DEU,Coal,288,,,,
2005,DEU,Gas,72,,,,
2005,DEU,Other fossil fuels,27,,,,
2005,DEU,Total,387,,,,
2006,DEU,Coal,289,,,,
2006,DEU,Gas,75,,,,
2006,DEU,Other fossil fuels,27,,,,
2006,DEU,Total,390,,,,
2007,DEU,Coal,297,,,,
2007,DEU,Gas,77,,,,
2007,DEU,Other fossil fuels,27,,,,
2007,DEU,Total,401,,,,
2008,DEU,Coal,275,,,,
2008,DEU,Gas,88,,,,
2008,DEU,Other fossil fuels,26,,,,
2008,DEU,Total,389,,,,
2009,DEU,Coal,253,,,,
2009,DEU,Gas,80,,,,
2009,DEU,Other fossil fuels,23,,,,
2009,DEU,Total,357,,,,
2010,DEU,Coal,263,,,,
2010,DEU,Gas,89,,,,
2010,DEU,Other fossil fuels,27,,,,
2010,DEU,Total,378,,,,
2011,DEU,Coal,262,,,,
2011,DEU,Gas,86,,,,
2011,DEU,Other fossil fuels,24,,,,
2011,DEU,Total,373,,,,
2012,DEU,Coal,276,,,,
2012,DEU,Gas,76,,,,
2012,DEU,Other fossil fuels,25,,,,
2012,DEU,Total,377,,,,
2013,DEU,Coal,288,,,,
2013,DEU,Gas,67,,,,
2013,DEU,Other fossil fuels,25,,,,
2013,DEU,Total,380,,,,
2014,DEU,Coal,274,,,,
2014,DEU,Gas,61,,,,
2014,DEU,Other fossil fuels,25,,,,
2014,DEU,Total,360,,,,
2015,DEU,Coal,272,,,,
2015,DEU,Gas,61,,,,
2015,DEU,Other fossil fuels,26,,,,
2015,DEU,Total,359,,,,
2016,DEU,Coal,262,,,,
2016,DEU,Gas,81,,,,
2016,DEU,Other fossil fuels,25,,,,
2016,DEU,Total,368,,,,
2017,DEU,Coal,241,,,,
2017,DEU,Gas,86,,,,
2017,DEU,Other fossil fuels,25,,,,
2017,DEU,Total,352,,,,
2018,DEU,Coal,228,,,,
2018,DEU,Gas,82,,,,
2018,DEU,Other fossil fuels,24,,,,
2018,DEU,Total,333,,,,
2019,DEU,Coal,171,,,,
2019,DEU,Gas,90,,,,
2019,DEU,Other fossil fuels,22,,,,
2019,DEU,Total,284,,,,
2020,DEU,Coal,135,,,,
2020,DEU,Gas,95,,,,
2020,DEU,Other fossil fuels,21,,,,
2020,DEU,Total,251,,,,
2021,DEU,Coal,165,,,,
2021,DEU,Gas,90,,,,
2021,DEU,Other fossil fuels,22,,,,
2021,DEU,Total,277,,,,
2022,DEU,Coal,180,,,,
2022,DEU,Gas,79,,,,
2022,DEU,Other fossil fuels,22,,,,
2022,DEU,Total,281,,,,
2023,DEU,Coal,125,,,,
2023,DEU,Gas,77,,,,
2023,DEU,Other fossil fuels,21,,,,
2023,DEU,Total,222,,,,
2024,DEU,Coal,106,,,,
2024,DEU,Gas,78,,,,
2024,DEU,Other fossil fuels,20,,,,
2024,DEU,Total,205,,,,
2025,DEU,Coal,103,,,,
2025,DEU,Gas,83,,,,
2025,DEU,Other fossil fuels,19,,,,
2025,DEU,Total,205,,,,
2000,GHA,Coal,0,,,,
2000,GHA,Gas,0,,,,
2000,GHA,Other fossil fuels,0.6,,,,
2000,GHA,Total,0.6,,,,
2001,GHA,Coal,0,,,,
2001,GHA,Gas,0,,,,
2001,GHA,Other fossil fuels,1.3,,,,
2001,GHA,Total,1.3,,,,
2002,GHA,Coal,0,,,,
2002,GHA,Gas,0,,,,
2002,GHA,Other fossil fuels,2.3,,,,
2002,GHA,Total,2.3,,,,
2003,GHA,Coal,0,,,,
2003,GHA,Gas,0,,,,
2003,GHA,Other fossil fuels,2.0,,,,
2003,GHA,Total,2.0,,,,
2004,GHA,Coal,0,,,,
2004,GHA,Gas,0,,,,
2004,GHA,Other fossil fuels,0.8,,,,
2004,GHA,Total,0.8,,,,
2005,GHA,Coal,0,,,,
2005,GHA,Gas,0,,,,
2005,GHA,Other fossil fuels,1.2,,,,
2005,GHA,Total,1.2,,,,
2006,GHA,Coal,0,,,,
2006,GHA,Gas,0,,,,
2006,GHA,Other fossil fuels,2.8,,,,
2006,GHA,Total,2.8,,,,
2007,GHA,Coal,0,,,,
2007,GHA,Gas,0,,,,
2007,GHA,Other fossil fuels,3.3,,,,
2007,GHA,Total,3.3,,,,
2008,GHA,Coal,0,,,,
2008,GHA,Gas,0,,,,
2008,GHA,Other fossil fuels,2.2,,,,
2008,GHA,Total,2.2,,,,
2009,GHA,Coal,0,,,,
2009,GHA,Gas,0,,,,
2009,GHA,Other fossil fuels,2.1,,,,
2009,GHA,Total,2.1,,,,
2010,GHA,Coal,0,,,,
2010,GHA,Gas,1.3,,,,
2010,GHA,Other fossil fuels,1.9,,,,
2010,GHA,Total,3.2,,,,
2011,GHA,Coal,0,,,,
2011,GHA,Gas,2.9,,,,
2011,GHA,Other fossil fuels,0.9,,,,
2011,GHA,Total,3.8,,,,
2012,GHA,Coal,0,,,,
2012,GHA,Gas,2.0,,,,
2012,GHA,Other fossil fuels,2.1,,,,
2012,GHA,Total,4.1,,,,
2013,GHA,Coal,0,,,,
2013,GHA,Gas,1.5,,,,
2013,GHA,Other fossil fuels,3.3,,,,
2013,GHA,Total,4.8,,,,
2014,GHA,Coal,0,,,,
2014,GHA,Gas,2.8,,,,
2014,GHA,Other fossil fuels,2.0,,,,
2014,GHA,Total,4.8,,,,
2015,GHA,Coal,0,,,,
2015,GHA,Gas,4.9,,,,
2015,GHA,Other fossil fuels,1.0,,,,
2015,GHA,Total,5.8,,,,
2016,GHA,Coal,0,,,,
2016,GHA,Gas,4.0,,,,
2016,GHA,Other fossil fuels,3.6,,,,
2016,GHA,Total,7.6,,,,
2017,GHA,Coal,0,,,,
2017,GHA,Gas,4.0,,,,
2017,GHA,Other fossil fuels,3.6,,,,
2017,GHA,Total,7.6,,,,
2018,GHA,Coal,0,,,,
2018,GHA,Gas,5.1,,,,
2018,GHA,Other fossil fuels,3.7,,,,
2018,GHA,Total,8.8,,,,
2019,GHA,Coal,0,,,,
2019,GHA,Gas,7.2,,,,
2019,GHA,Other fossil fuels,2.8,,,,
2019,GHA,Total,10,,,,
2020,GHA,Coal,0,,,,
2020,GHA,Gas,12,,,,
2020,GHA,Other fossil fuels,0.8,,,,
2020,GHA,Total,12,,,,
2021,GHA,Coal,0,,,,
2021,GHA,Gas,14,,,,
2021,GHA,Other fossil fuels,0.6,,,,
2021,GHA,Total,14,,,,
2022,GHA,Coal,0,,,,
2022,GHA,Gas,14,,,,
2022,GHA,Other fossil fuels,0.6,,,,
2022,GHA,Total,15,,,,
2023,GHA,Coal,0,,,,
2023,GHA,Gas,14,,,,
2023,GHA,Other fossil fuels,0.6,,,,
2023,GHA,Total,15,,,,
2024,GHA,Coal,0,,,,
2024,GHA,Gas,15,,,,
2024,GHA,Other fossil fuels,0.6,,,,
2024,GHA,Total,15,,,,
1990,GRC,Coal,25,,,,
1990,GRC,Gas,0.1,,,,
1990,GRC,Other fossil fuels,7.2,,,,
1990,GRC,Total,32,,,,
1991,GRC,Coal,24,,,,
1991,GRC,Gas,0.1,,,,
1991,GRC,Other fossil fuels,8.3,,,,
1991,GRC,Total,32,,,,
1992,GRC,Coal,27,,,,
1992,GRC,Gas,0.1,,,,
1992,GRC,Other fossil fuels,7.9,,,,
1992,GRC,Total,35,,,,
1993,GRC,Coal,28,,,,
1993,GRC,Gas,0.1,,,,
1993,GRC,Other fossil fuels,7.5,,,,
1993,GRC,Total,35,,,,
1994,GRC,Coal,30,,,,
1994,GRC,Gas,0.1,,,,
1994,GRC,Other fossil fuels,7.7,,,,
1994,GRC,Total,37,,,,
1995,GRC,Coal,29,,,,
1995,GRC,Gas,0.1,,,,
1995,GRC,Other fossil fuels,8.6,,,,
1995,GRC,Total,37,,,,
1996,GRC,Coal,29,,,,
1996,GRC,Gas,0.1,,,,
1996,GRC,Other fossil fuels,8.4,,,,
1996,GRC,Total,38,,,,
1997,GRC,Coal,31,,,,
1997,GRC,Gas,0.3,,,,
1997,GRC,Other fossil fuels,7.9,,,,
1997,GRC,Total,39,,,,
1998,GRC,Coal,32,,,,
1998,GRC,Gas,1.7,,,,
1998,GRC,Other fossil fuels,7.8,,,,
1998,GRC,Total,42,,,,
1999,GRC,Coal,32,,,,
1999,GRC,Gas,3.9,,,,
1999,GRC,Other fossil fuels,7.9,,,,
1999,GRC,Total,44,,,,
2000,GRC,Coal,34,,,,
2000,GRC,Gas,5.9,,,,
2000,GRC,Other fossil fuels,8.6,,,,
2000,GRC,Total,49,,,,
2001,GRC,Coal,35,,,,
2001,GRC,Gas,6.1,,,,
2001,GRC,Other fossil fuels,8.0,,,,
2001,GRC,Total,50,,,,
2002,GRC,Coal,35,,,,
2002,GRC,Gas,7.1,,,,
2002,GRC,Other fossil fuels,8.2,,,,
2002,GRC,Total,50,,,,
2003,GRC,Coal,35,,,,
2003,GRC,Gas,8.0,,,,
2003,GRC,Other fossil fuels,8.2,,,,
2003,GRC,Total,51,,,,
2004,GRC,Coal,35,,,,
2004,GRC,Gas,9.0,,,,
2004,GRC,Other fossil fuels,7.9,,,,
2004,GRC,Total,52,,,,
2005,GRC,Coal,36,,,,
2005,GRC,Gas,8.2,,,,
2005,GRC,Other fossil fuels,8.6,,,,
2005,GRC,Total,52,,,,
2006,GRC,Coal,32,,,,
2006,GRC,Gas,11,,,,
2006,GRC,Other fossil fuels,8.9,,,,
2006,GRC,Total,52,,,,
2007,GRC,Coal,35,,,,
2007,GRC,Gas,14,,,,
2007,GRC,Other fossil fuels,9.0,,,,
2007,GRC,Total,58,,,,
2008,GRC,Coal,33,,,,
2008,GRC,Gas,14,,,,
2008,GRC,Other fossil fuels,9.3,,,,
2008,GRC,Total,56,,,,
2009,GRC,Coal,34,,,,
2009,GRC,Gas,11,,,,
2009,GRC,Other fossil fuels,7.0,,,,
2009,GRC,Total,52,,,,
2010,GRC,Coal,31,,,,
2010,GRC,Gas,9.9,,,,
2010,GRC,Other fossil fuels,5.4,,,,
2010,GRC,Total,46,,,,
2011,GRC,Coal,31,,,,
2011,GRC,Gas,14,,,,
2011,GRC,Other fossil fuels,5.2,,,,
2011,GRC,Total,50,,,,
2012,GRC,Coal,31,,,,
2012,GRC,Gas,13,,,,
2012,GRC,Other fossil fuels,5.2,,,,
2012,GRC,Total,50,,,,
2013,GRC,Coal,26,,,,
2013,GRC,Gas,11,,,,
2013,GRC,Other fossil fuels,4.7,,,,
2013,GRC,Total,42,,,,
2014,GRC,Coal,26,,,,
2014,GRC,Gas,6.8,,,,
2014,GRC,Other fossil fuels,4.9,,,,
2014,GRC,Total,37,,,,
2015,GRC,Coal,22,,,,
2015,GRC,Gas,9.1,,,,
2015,GRC,Other fossil fuels,5.0,,,,
2015,GRC,Total,36,,,,
2016,GRC,Coal,19,,,,
2016,GRC,Gas,15,,,,
2016,GRC,Other fossil fuels,5.1,,,,
2016,GRC,Total,39,,,,
2017,GRC,Coal,19,,,,
2017,GRC,Gas,17,,,,
2017,GRC,Other fossil fuels,5.1,,,,
2017,GRC,Total,41,,,,
2018,GRC,Coal,17,,,,
2018,GRC,Gas,14,,,,
2018,GRC,Other fossil fuels,5.2,,,,
2018,GRC,Total,36,,,,
2019,GRC,Coal,12,,,,
2019,GRC,Gas,15,,,,
2019,GRC,Other fossil fuels,5.2,,,,
2019,GRC,Total,32,,,,
2020,GRC,Coal,6.6,,,,
2020,GRC,Gas,19,,,,
2020,GRC,Other fossil fuels,4.1,,,,
2020,GRC,Total,30,,,,
2021,GRC,Coal,5.3,,,,
2021,GRC,Gas,22,,,,
2021,GRC,Other fossil fuels,4.3,,,,
2021,GRC,Total,32,,,,
2022,GRC,Coal,5.8,,,,
2022,GRC,Gas,19,,,,
2022,GRC,Other fossil fuels,4.3,,,,
2022,GRC,Total,29,,,,
2023,GRC,Coal,4.6,,,,
2023,GRC,Gas,16,,,,
2023,GRC,Other fossil fuels,4.0,,,,
2023,GRC,Total,25,,,,
2024,GRC,Coal,3.3,,,,
2024,GRC,Gas,22,,,,
2024,GRC,Other fossil fuels,4.2,,,,
2024,GRC,Total,29,,,,
2025,GRC,Coal,2.7,,,,
2025,GRC,Gas,23,,,,
2025,GRC,Other fossil fuels,4.2,,,,
2025,GRC,Total,30,,,,
2000,GRL,Coal,0,,,,
2000,GRL,Gas,0,,,,
2000,GRL,Other fossil fuels,0.1,,,,
2000,GRL,Total,0.1,,,,
2001,GRL,Coal,0,,,,
2001,GRL,Gas,0,,,,
2001,GRL,Other fossil fuels,0.1,,,,
2001,GRL,Total,0.1,,,,
2002,GRL,Coal,0,,,,
2002,GRL,Gas,0,,,,
2002,GRL,Other fossil fuels,0.1,,,,
2002,GRL,Total,0.1,,,,
2003,GRL,Coal,0,,,,
2003,GRL,Gas,0,,,,
2003,GRL,Other fossil fuels,0.1,,,,
2003,GRL,Total,0.1,,,,
2004,GRL,Coal,0,,,,
2004,GRL,Gas,0,,,,
2004,GRL,Other fossil fuels,0.1,,,,
2004,GRL,Total,0.1,,,,
2005,GRL,Coal,0,,,,
2005,GRL,Gas,0,,,,
2005,GRL,Other fossil fuels,0.1,,,,
2005,GRL,Total,0.1,,,,
2006,GRL,Coal,0,,,,
2006,GRL,Gas,0,,,,
2006,GRL,Other fossil fuels,0.2,,,,
2006,GRL,Total,0.2,,,,
2007,GRL,Coal,0,,,,
2007,GRL,Gas,0,,,,
2007,GRL,Other fossil fuels,0.2,,,,
2007,GRL,Total,0.2,,,,
2008,GRL,Coal,0,,,,
2008,GRL,Gas,0,,,,
2008,GRL,Other fossil fuels,0.2,,,,
2008,GRL,Total,0.2,,,,
2009,GRL,Coal,0,,,,
2009,GRL,Gas,0,,,,
2009,GRL,Other fossil fuels,0.2,,,,
2009,GRL,Total,0.2,,,,
2010,GRL,Coal,0,,,,
2010,GRL,Gas,0,,,,
2010,GRL,Other fossil fuels,0.1,,,,
2010,GRL,Total,0.1,,,,
2011,GRL,Coal,0,,,,
2011,GRL,Gas,0,,,,
2011,GRL,Other fossil fuels,0.1,,,,
2011,GRL,Total,0.1,,,,
2012,GRL,Coal,0,,,,
2012,GRL,Gas,0,,,,
2012,GRL,Other fossil fuels,0.1,,,,
2012,GRL,Total,0.1,,,,
2013,GRL,Coal,0,,,,
2013,GRL,Gas,0,,,,
2013,GRL,Other fossil fuels,0.1,,,,
2013,GRL,Total,0.1,,,,
2014,GRL,Coal,0,,,,
2014,GRL,Gas,0,,,,
2014,GRL,Other fossil fuels,0.1,,,,
2014,GRL,Total,0.1,,,,
2015,GRL,Coal,0,,,,
2015,GRL,Gas,0,,,,
2015,GRL,Other fossil fuels,0.1,,,,
2015,GRL,Total,0.1,,,,
2016,GRL,Coal,0,,,,
2016,GRL,Gas,0,,,,
2016,GRL,Other fossil fuels,0.1,,,,
2016,GRL,Total,0.1,,,,
2017,GRL,Coal,0,,,,
2017,GRL,Gas,0,,,,
2017,GRL,Other fossil fuels,0.1,,,,
2017,GRL,Total,0.1,,,,
2018,GRL,Coal,0,,,,
2018,GRL,Gas,0,,,,
2018,GRL,Other fossil fuels,0.1,,,,
2018,GRL,Total,0.1,,,,
2019,GRL,Coal,0,,,,
2019,GRL,Gas,0,,,,
2019,GRL,Other fossil fuels,0.1,,,,
2019,GRL,Total,0.1,,,,
2020,GRL,Coal,0,,,,
2020,GRL,Gas,0,,,,
2020,GRL,Other fossil fuels,0.1,,,,
2020,GRL,Total,0.1,,,,
2021,GRL,Coal,0,,,,
2021,GRL,Gas,0,,,,
2021,GRL,Other fossil fuels,0.1,,,,
2021,GRL,Total,0.1,,,,
2022,GRL,Coal,0,,,,
2022,GRL,Gas,0,,,,
2022,GRL,Other fossil fuels,0.1,,,,
2022,GRL,Total,0.1,,,,
2023,GRL,Coal,0,,,,
2023,GRL,Gas,0,,,,
2023,GRL,Other fossil fuels,0.1,,,,
2023,GRL,Total,0.1,,,,
2024,GRL,Coal,0,,,,
2024,GRL,Gas,0,,,,
2024,GRL,Other fossil fuels,0.1,,,,
2024,GRL,Total,0.1,,,,
2000,GRD,Coal,0,,,,
2000,GRD,Gas,0,,,,
2000,GRD,Other fossil fuels,0.1,,,,
2000,GRD,Total,0.1,,,,
2001,GRD,Coal,0,,,,
2001,GRD,Gas,0,,,,
2001,GRD,Other fossil fuels,0.1,,,,
2001,GRD,Total,0.1,,,,
2002,GRD,Coal,0,,,,
2002,GRD,Gas,0,,,,
2002,GRD,Other fossil fuels,0.2,,,,
2002,GRD,Total,0.2,,,,
2003,GRD,Coal,0,,,,
2003,GRD,Gas,0,,,,
2003,GRD,Other fossil fuels,0.2,,,,
2003,GRD,Total,0.2,,,,
2004,GRD,Coal,0,,,,
2004,GRD,Gas,0,,,,
2004,GRD,Other fossil fuels,0.1,,,,
2004,GRD,Total,0.1,,,,
2005,GRD,Coal,0,,,,
2005,GRD,Gas,0,,,,
2005,GRD,Other fossil fuels,0.2,,,,
2005,GRD,Total,0.2,,,,
2006,GRD,Coal,0,,,,
2006,GRD,Gas,0,,,,
2006,GRD,Other fossil fuels,0.2,,,,
2006,GRD,Total,0.2,,,,
2007,GRD,Coal,0,,,,
2007,GRD,Gas,0,,,,
2007,GRD,Other fossil fuels,0.2,,,,
2007,GRD,Total,0.2,,,,
2008,GRD,Coal,0,,,,
2008,GRD,Gas,0,,,,
2008,GRD,Other fossil fuels,0.2,,,,
2008,GRD,Total,0.2,,,,
2009,GRD,Coal,0,,,,
2009,GRD,Gas,0,,,,
2009,GRD,Other fossil fuels,0.2,,,,
2009,GRD,Total,0.2,,,,
2010,GRD,Coal,0,,,,
2010,GRD,Gas,0,,,,
2010,GRD,Other fossil fuels,0.2,,,,
2010,GRD,Total,0.2,,,,
2011,GRD,Coal,0,,,,
2011,GRD,Gas,0,,,,
2011,GRD,Other fossil fuels,0.2,,,,
2011,GRD,Total,0.2,,,,
2012,GRD,Coal,0,,,,
2012,GRD,Gas,0,,,,
2012,GRD,Other fossil fuels,0.2,,,,
2012,GRD,Total,0.2,,,,
2013,GRD,Coal,0,,,,
2013,GRD,Gas,0,,,,
2013,GRD,Other fossil fuels,0.2,,,,
2013,GRD,Total,0.2,,,,
2014,GRD,Coal,0,,,,
2014,GRD,Gas,0,,,,
2014,GRD,Other fossil fuels,0.2,,,,
2014,GRD,Total,0.2,,,,
2015,GRD,Coal,0,,,,
2015,GRD,Gas,0,,,,
2015,GRD,Other fossil fuels,0.2,,,,
2015,GRD,Total,0.2,,,,
2016,GRD,Coal,0,,,,
2016,GRD,Gas,0,,,,
2016,GRD,Other fossil fuels,0.2,,,,
2016,GRD,Total,0.2,,,,
2017,GRD,Coal,0,,,,
2017,GRD,Gas,0,,,,
2017,GRD,Other fossil fuels,0.2,,,,
2017,GRD,Total,0.2,,,,
2018,GRD,Coal,0,,,,
2018,GRD,Gas,0,,,,
2018,GRD,Other fossil fuels,0.2,,,,
2018,GRD,Total,0.2,,,,
2019,GRD,Coal,0,,,,
2019,GRD,Gas,0,,,,
2019,GRD,Other fossil fuels,0.2,,,,
2019,GRD,Total,0.2,,,,
2020,GRD,Coal,0,,,,
2020,GRD,Gas,0,,,,
2020,GRD,Other fossil fuels,0.2,,,,
2020,GRD,Total,0.2,,,,
2021,GRD,Coal,0,,,,
2021,GRD,Gas,0,,,,
2021,GRD,Other fossil fuels,0.2,,,,
2021,GRD,Total,0.2,,,,
2022,GRD,Coal,0,,,,
2022,GRD,Gas,0,,,,
2022,GRD,Other fossil fuels,0.2,,,,
2022,GRD,Total,0.2,,,,
2023,GRD,Coal,0,,,,
2023,GRD,Gas,0,,,,
2023,GRD,Other fossil fuels,0.2,,,,
2023,GRD,Total,0.2,,,,
2024,GRD,Coal,0,,,,
2024,GRD,Gas,0,,,,
2024,GRD,Other fossil fuels,0.2,,,,
2024,GRD,Total,0.2,,,,
2000,GLP,Coal,0.3,,,,
2000,GLP,Other fossil fuels,0.8,,,,
2000,GLP,Total,1.1,,,,
2001,GLP,Coal,0.3,,,,
2001,GLP,Other fossil fuels,0.8,,,,
2001,GLP,Total,1.2,,,,
2002,GLP,Coal,0.3,,,,
2002,GLP,Other fossil fuels,0.9,,,,
2002,GLP,Total,1.2,,,,
2003,GLP,Coal,0.3,,,,
2003,GLP,Other fossil fuels,0.9,,,,
2003,GLP,Total,1.3,,,,
2004,GLP,Coal,0.3,,,,
2004,GLP,Other fossil fuels,1.0,,,,
2004,GLP,Total,1.3,,,,
2005,GLP,Coal,0.3,,,,
2005,GLP,Other fossil fuels,1.0,,,,
2005,GLP,Total,1.3,,,,
2006,GLP,Coal,0.3,,,,
2006,GLP,Other fossil fuels,1.0,,,,
2006,GLP,Total,1.3,,,,
2007,GLP,Coal,0.3,,,,
2007,GLP,Other fossil fuels,1.1,,,,
2007,GLP,Total,1.4,,,,
2008,GLP,Coal,0.3,,,,
2008,GLP,Other fossil fuels,1.1,,,,
2008,GLP,Total,1.4,,,,
2009,GLP,Coal,0.2,,,,
2009,GLP,Other fossil fuels,1.2,,,,
2009,GLP,Total,1.4,,,,
2010,GLP,Coal,0.3,,,,
2010,GLP,Other fossil fuels,1.3,,,,
2010,GLP,Total,1.6,,,,
2011,GLP,Coal,0.5,,,,
2011,GLP,Other fossil fuels,1.0,,,,
2011,GLP,Total,1.5,,,,
2012,GLP,Coal,0.6,,,,
2012,GLP,Other fossil fuels,0.9,,,,
2012,GLP,Total,1.5,,,,
2013,GLP,Coal,0.5,,,,
2013,GLP,Other fossil fuels,0.9,,,,
2013,GLP,Total,1.4,,,,
2014,GLP,Coal,0.5,,,,
2014,GLP,Other fossil fuels,0.9,,,,
2014,GLP,Total,1.4,,,,
2015,GLP,Coal,0.4,,,,
2015,GLP,Other fossil fuels,1.0,,,,
2015,GLP,Total,1.5,,,,
2016,GLP,Coal,0.5,,,,
2016,GLP,Other fossil fuels,1.0,,,,
2016,GLP,Total,1.5,,,,
2017,GLP,Coal,0.5,,,,
2017,GLP,Other fossil fuels,0.9,,,,
2017,GLP,Total,1.4,,,,
2018,GLP,Coal,0.5,,,,
2018,GLP,Other fossil fuels,0.9,,,,
2018,GLP,Total,1.3,,,,
2019,GLP,Coal,0.4,,,,
2019,GLP,Other fossil fuels,1.0,,,,
2019,GLP,Total,1.4,,,,
2020,GLP,Coal,0.3,,,,
2020,GLP,Other fossil fuels,1.0,,,,
2020,GLP,Total,1.3,,,,
2021,GLP,Coal,0.2,,,,
2021,GLP,Other fossil fuels,0.9,,,,
2021,GLP,Total,1.1,,,,
2022,GLP,Coal,0.2,,,,
2022,GLP,Other fossil fuels,0.9,,,,
2022,GLP,Total,1.1,,,,
2023,GLP,Coal,0.2,,,,
2023,GLP,Other fossil fuels,0.9,,,,
2023,GLP,Total,1.1,,,,
2000,GUM,Coal,0,,,,
2000,GUM,Gas,0,,,,
2000,GUM,Other fossil fuels,1.9,,,,
2000,GUM,Total,1.9,,,,
2001,GUM,Coal,0,,,,
2001,GUM,Gas,0,,,,
2001,GUM,Other fossil fuels,2.0,,,,
2001,GUM,Total,2.0,,,,
2002,GUM,Coal,0,,,,
2002,GUM,Gas,0,,,,
2002,GUM,Other fossil fuels,1.7,,,,
2002,GUM,Total,1.7,,,,
2003,GUM,Coal,0,,,,
2003,GUM,Gas,0,,,,
2003,GUM,Other fossil fuels,1.8,,,,
2003,GUM,Total,1.8,,,,
2004,GUM,Coal,0,,,,
2004,GUM,Gas,0,,,,
2004,GUM,Other fossil fuels,1.9,,,,
2004,GUM,Total,1.9,,,,
2005,GUM,Coal,0,,,,
2005,GUM,Gas,0,,,,
2005,GUM,Other fossil fuels,1.9,,,,
2005,GUM,Total,1.9,,,,
2006,GUM,Coal,0,,,,
2006,GUM,Gas,0,,,,
2006,GUM,Other fossil fuels,1.9,,,,
2006,GUM,Total,1.9,,,,
2007,GUM,Coal,0,,,,
2007,GUM,Gas,0,,,,
2007,GUM,Other fossil fuels,1.9,,,,
2007,GUM,Total,1.9,,,,
2008,GUM,Coal,0,,,,
2008,GUM,Gas,0,,,,
2008,GUM,Other fossil fuels,1.9,,,,
2008,GUM,Total,1.9,,,,
2009,GUM,Coal,0,,,,
2009,GUM,Gas,0,,,,
2009,GUM,Other fossil fuels,1.9,,,,
2009,GUM,Total,1.9,,,,
2010,GUM,Coal,0,,,,
2010,GUM,Gas,0,,,,
2010,GUM,Other fossil fuels,1.9,,,,
2010,GUM,Total,1.9,,,,
2011,GUM,Coal,0,,,,
2011,GUM,Gas,0,,,,
2011,GUM,Other fossil fuels,1.8,,,,
2011,GUM,Total,1.8,,,,
2012,GUM,Coal,0,,,,
2012,GUM,Gas,0,,,,
2012,GUM,Other fossil fuels,1.8,,,,
2012,GUM,Total,1.8,,,,
2013,GUM,Coal,0,,,,
2013,GUM,Gas,0,,,,
2013,GUM,Other fossil fuels,1.7,,,,
2013,GUM,Total,1.7,,,,
2014,GUM,Coal,0,,,,
2014,GUM,Gas,0,,,,
2014,GUM,Other fossil fuels,1.7,,,,
2014,GUM,Total,1.7,,,,
2015,GUM,Coal,0,,,,
2015,GUM,Gas,0,,,,
2015,GUM,Other fossil fuels,1.7,,,,
2015,GUM,Total,1.7,,,,
2016,GUM,Coal,0,,,,
2016,GUM,Gas,0,,,,
2016,GUM,Other fossil fuels,1.7,,,,
2016,GUM,Total,1.7,,,,
2017,GUM,Coal,0,,,,
2017,GUM,Gas,0,,,,
2017,GUM,Other fossil fuels,1.7,,,,
2017,GUM,Total,1.7,,,,
2018,GUM,Coal,0,,,,
2018,GUM,Gas,0,,,,
2018,GUM,Other fossil fuels,1.7,,,,
2018,GUM,Total,1.7,,,,
2019,GUM,Coal,0,,,,
2019,GUM,Gas,0,,,,
2019,GUM,Other fossil fuels,1.7,,,,
2019,GUM,Total,1.7,,,,
2020,GUM,Coal,0,,,,
2020,GUM,Gas,0,,,,
2020,GUM,Other fossil fuels,1.6,,,,
2020,GUM,Total,1.6,,,,
2021,GUM,Coal,0,,,,
2021,GUM,Gas,0,,,,
2021,GUM,Other fossil fuels,1.7,,,,
2021,GUM,Total,1.7,,,,
2022,GUM,Coal,0,,,,
2022,GUM,Gas,0,,,,
2022,GUM,Other fossil fuels,1.7,,,,
2022,GUM,Total,1.7,,,,
2023,GUM,Coal,0,,,,
2023,GUM,Gas,0,,,,
2023,GUM,Other fossil fuels,1.7,,,,
2023,GUM,Total,1.7,,,,
2024,GUM,Coal,0,,,,
2024,GUM,Gas,0,,,,
2024,GUM,Other fossil fuels,1.7,,,,
2024,GUM,Total,1.7,,,,
2000,GTM,Coal,0.5,,,,
2000,GTM,Gas,0,,,,
2000,GTM,Other fossil fuels,2.7,,,,
2000,GTM,Total,3.2,,,,
2001,GTM,Coal,0.9,,,,
2001,GTM,Gas,0,,,,
2001,GTM,Other fossil fuels,2.9,,,,
2001,GTM,Total,3.8,,,,
2002,GTM,Coal,1.0,,,,
2002,GTM,Gas,0,,,,
2002,GTM,Other fossil fuels,3.0,,,,
2002,GTM,Total,4.0,,,,
2003,GTM,Coal,1.0,,,,
2003,GTM,Gas,0,,,,
2003,GTM,Other fossil fuels,2.6,,,,
2003,GTM,Total,3.5,,,,
2004,GTM,Coal,1.1,,,,
2004,GTM,Gas,0,,,,
2004,GTM,Other fossil fuels,2.0,,,,
2004,GTM,Total,3.2,,,,
2005,GTM,Coal,1.1,,,,
2005,GTM,Gas,0,,,,
2005,GTM,Other fossil fuels,2.0,,,,
2005,GTM,Total,3.1,,,,
2006,GTM,Coal,1.1,,,,
2006,GTM,Gas,0,,,,
2006,GTM,Other fossil fuels,2.6,,,,
2006,GTM,Total,3.7,,,,
2007,GTM,Coal,1.1,,,,
2007,GTM,Gas,0,,,,
2007,GTM,Other fossil fuels,3.2,,,,
2007,GTM,Total,4.3,,,,
2008,GTM,Coal,1.1,,,,
2008,GTM,Gas,0,,,,
2008,GTM,Other fossil fuels,2.8,,,,
2008,GTM,Total,3.9,,,,
2009,GTM,Coal,0.7,,,,
2009,GTM,Gas,0,,,,
2009,GTM,Other fossil fuels,4.1,,,,
2009,GTM,Total,4.8,,,,
2010,GTM,Coal,1.2,,,,
2010,GTM,Gas,0,,,,
2010,GTM,Other fossil fuels,2.0,,,,
2010,GTM,Total,3.2,,,,
2011,GTM,Coal,1.2,,,,
2011,GTM,Gas,0,,,,
2011,GTM,Other fossil fuels,2.1,,,,
2011,GTM,Total,3.3,,,,
2012,GTM,Coal,1.2,,,,
2012,GTM,Gas,0,,,,
2012,GTM,Other fossil fuels,1.9,,,,
2012,GTM,Total,3.1,,,,
2013,GTM,Coal,1.6,,,,
2013,GTM,Gas,0,,,,
2013,GTM,Other fossil fuels,1.7,,,,
2013,GTM,Total,3.3,,,,
2014,GTM,Coal,1.9,,,,
2014,GTM,Gas,0,,,,
2014,GTM,Other fossil fuels,1.5,,,,
2014,GTM,Total,3.4,,,,
2015,GTM,Coal,2.9,,,,
2015,GTM,Gas,0,,,,
2015,GTM,Other fossil fuels,1.4,,,,
2015,GTM,Total,4.3,,,,
2016,GTM,Coal,3.5,,,,
2016,GTM,Gas,0,,,,
2016,GTM,Other fossil fuels,1.0,,,,
2016,GTM,Total,4.5,,,,
2017,GTM,Coal,3.4,,,,
2017,GTM,Gas,0,,,,
2017,GTM,Other fossil fuels,0.4,,,,
2017,GTM,Total,3.9,,,,
2018,GTM,Coal,3.9,,,,
2018,GTM,Gas,0,,,,
2018,GTM,Other fossil fuels,0.6,,,,
2018,GTM,Total,4.5,,,,
2019,GTM,Coal,4.1,,,,
2019,GTM,Gas,0,,,,
2019,GTM,Other fossil fuels,0.5,,,,
2019,GTM,Total,4.6,,,,
2020,GTM,Coal,2.6,,,,
2020,GTM,Gas,0,,,,
2020,GTM,Other fossil fuels,0.4,,,,
2020,GTM,Total,3.0,,,,
2021,GTM,Coal,3.3,,,,
2021,GTM,Gas,0,,,,
2021,GTM,Other fossil fuels,0.8,,,,
2021,GTM,Total,4.1,,,,
2022,GTM,Coal,1.3,,,,
2022,GTM,Gas,0,,,,
2022,GTM,Other fossil fuels,0.8,,,,
2022,GTM,Total,2.1,,,,
2023,GTM,Coal,2.4,,,,
2023,GTM,Gas,0,,,,
2023,GTM,Other fossil fuels,2.5,,,,
2023,GTM,Total,4.9,,,,
2024,GTM,Coal,2.5,,,,
2024,GTM,Gas,0,,,,
2024,GTM,Other fossil fuels,2.5,,,,
2024,GTM,Total,5.0,,,,
2000,GIN,Coal,0,,,,
2000,GIN,Gas,0,,,,
2000,GIN,Other fossil fuels,0.4,,,,
2000,GIN,Total,0.4,,,,
2001,GIN,Coal,0,,,,
2001,GIN,Gas,0,,,,
2001,GIN,Other fossil fuels,0.4,,,,
2001,GIN,Total,0.4,,,,
2002,GIN,Coal,0,,,,
2002,GIN,Gas,0,,,,
2002,GIN,Other fossil fuels,0.4,,,,
2002,GIN,Total,0.4,,,,
2003,GIN,Coal,0,,,,
2003,GIN,Gas,0,,,,
2003,GIN,Other fossil fuels,0.5,,,,
2003,GIN,Total,0.5,,,,
2004,GIN,Coal,0,,,,
2004,GIN,Gas,0,,,,
2004,GIN,Other fossil fuels,0.4,,,,
2004,GIN,Total,0.4,,,,
2005,GIN,Coal,0,,,,
2005,GIN,Gas,0,,,,
2005,GIN,Other fossil fuels,0.3,,,,
2005,GIN,Total,0.3,,,,
2006,GIN,Coal,0,,,,
2006,GIN,Gas,0,,,,
2006,GIN,Other fossil fuels,0.3,,,,
2006,GIN,Total,0.3,,,,
2007,GIN,Coal,0,,,,
2007,GIN,Gas,0,,,,
2007,GIN,Other fossil fuels,0.3,,,,
2007,GIN,Total,0.3,,,,
2008,GIN,Coal,0,,,,
2008,GIN,Gas,0,,,,
2008,GIN,Other fossil fuels,0.3,,,,
2008,GIN,Total,0.3,,,,
2009,GIN,Coal,0,,,,
2009,GIN,Gas,0,,,,
2009,GIN,Other fossil fuels,0.3,,,,
2009,GIN,Total,0.3,,,,
2010,GIN,Coal,0,,,,
2010,GIN,Gas,0,,,,
2010,GIN,Other fossil fuels,0.2,,,,
2010,GIN,Total,0.2,,,,
2011,GIN,Coal,0,,,,
2011,GIN,Gas,0,,,,
2011,GIN,Other fossil fuels,0.1,,,,
2011,GIN,Total,0.1,,,,
2012,GIN,Coal,0,,,,
2012,GIN,Gas,0,,,,
2012,GIN,Other fossil fuels,0.2,,,,
2012,GIN,Total,0.2,,,,
2013,GIN,Coal,0,,,,
2013,GIN,Gas,0,,,,
2013,GIN,Other fossil fuels,0.2,,,,
2013,GIN,Total,0.2,,,,
2014,GIN,Coal,0,,,,
2014,GIN,Gas,0,,,,
2014,GIN,Other fossil fuels,0.3,,,,
2014,GIN,Total,0.3,,,,
2015,GIN,Coal,0,,,,
2015,GIN,Gas,0,,,,
2015,GIN,Other fossil fuels,0.2,,,,
2015,GIN,Total,0.2,,,,
2016,GIN,Coal,0,,,,
2016,GIN,Gas,0,,,,
2016,GIN,Other fossil fuels,0.5,,,,
2016,GIN,Total,0.5,,,,
2017,GIN,Coal,0,,,,
2017,GIN,Gas,0,,,,
2017,GIN,Other fossil fuels,0.5,,,,
2017,GIN,Total,0.5,,,,
2018,GIN,Coal,0,,,,
2018,GIN,Gas,0,,,,
2018,GIN,Other fossil fuels,0.7,,,,
2018,GIN,Total,0.7,,,,
2019,GIN,Coal,0,,,,
2019,GIN,Gas,0,,,,
2019,GIN,Other fossil fuels,0.7,,,,
2019,GIN,Total,0.7,,,,
2020,GIN,Coal,0,,,,
2020,GIN,Gas,0,,,,
2020,GIN,Other fossil fuels,1.0,,,,
2020,GIN,Total,1.0,,,,
2021,GIN,Coal,0,,,,
2021,GIN,Gas,0,,,,
2021,GIN,Other fossil fuels,1.0,,,,
2021,GIN,Total,1.0,,,,
2022,GIN,Coal,0,,,,
2022,GIN,Gas,0,,,,
2022,GIN,Other fossil fuels,1.0,,,,
2022,GIN,Total,1.0,,,,
2023,GIN,Coal,0,,,,
2023,GIN,Gas,0,,,,
2023,GIN,Other fossil fuels,1.0,,,,
2023,GIN,Total,1.0,,,,
2024,GIN,Coal,0,,,,
2024,GIN,Gas,0,,,,
2024,GIN,Other fossil fuels,1.0,,,,
2024,GIN,Total,1.0,,,,
2000,GNB,Coal,0,,,,
2000,GNB,Gas,0,,,,
2000,GNB,Other fossil fuels,0,,,,
2000,GNB,Total,0,,,,
2001,GNB,Coal,0,,,,
2001,GNB,Gas,0,,,,
2001,GNB,Other fossil fuels,0,,,,
2001,GNB,Total,0,,,,
2002,GNB,Coal,0,,,,
2002,GNB,Gas,0,,,,
2002,GNB,Other fossil fuels,0,,,,
2002,GNB,Total,0,,,,
2003,GNB,Coal,0,,,,
2003,GNB,Gas,0,,,,
2003,GNB,Other fossil fuels,0,,,,
2003,GNB,Total,0,,,,
2004,GNB,Coal,0,,,,
2004,GNB,Gas,0,,,,
2004,GNB,Other fossil fuels,0,,,,
2004,GNB,Total,0,,,,
2005,GNB,Coal,0,,,,
2005,GNB,Gas,0,,,,
2005,GNB,Other fossil fuels,0,,,,
2005,GNB,Total,0,,,,
2006,GNB,Coal,0,,,,
2006,GNB,Gas,0,,,,
2006,GNB,Other fossil fuels,0,,,,
2006,GNB,Total,0,,,,
2007,GNB,Coal,0,,,,
2007,GNB,Gas,0,,,,
2007,GNB,Other fossil fuels,0,,,,
2007,GNB,Total,0,,,,
2008,GNB,Coal,0,,,,
2008,GNB,Gas,0,,,,
2008,GNB,Other fossil fuels,0,,,,
2008,GNB,Total,0,,,,
2009,GNB,Coal,0,,,,
2009,GNB,Gas,0,,,,
2009,GNB,Other fossil fuels,0,,,,
2009,GNB,Total,0,,,,
2010,GNB,Coal,0,,,,
2010,GNB,Gas,0,,,,
2010,GNB,Other fossil fuels,0,,,,
2010,GNB,Total,0,,,,
2011,GNB,Coal,0,,,,
2011,GNB,Gas,0,,,,
2011,GNB,Other fossil fuels,0,,,,
2011,GNB,Total,0,,,,
2012,GNB,Coal,0,,,,
2012,GNB,Gas,0,,,,
2012,GNB,Other fossil fuels,0,,,,
2012,GNB,Total,0,,,,
2013,GNB,Coal,0,,,,
2013,GNB,Gas,0,,,,
2013,GNB,Other fossil fuels,0,,,,
2013,GNB,Total,0,,,,
2014,GNB,Coal,0,,,,
2014,GNB,Gas,0,,,,
2014,GNB,Other fossil fuels,0,,,,
2014,GNB,Total,0,,,,
2015,GNB,Coal,0,,,,
2015,GNB,Gas,0,,,,
2015,GNB,Other fossil fuels,0.1,,,,
2015,GNB,Total,0.1,,,,
2016,GNB,Coal,0,,,,
2016,GNB,Gas,0,,,,
2016,GNB,Other fossil fuels,0.1,,,,
2016,GNB,Total,0.1,,,,
2017,GNB,Coal,0,,,,
2017,GNB,Gas,0,,,,
2017,GNB,Other fossil fuels,0.1,,,,
2017,GNB,Total,0.1,,,,
2018,GNB,Coal,0,,,,
2018,GNB,Gas,0,,,,
2018,GNB,Other fossil fuels,0.1,,,,
2018,GNB,Total,0.1,,,,
2019,GNB,Coal,0,,,,
2019,GNB,Gas,0,,,,
2019,GNB,Other fossil fuels,0.1,,,,
2019,GNB,Total,0.1,,,,
2020,GNB,Coal,0,,,,
2020,GNB,Gas,0,,,,
2020,GNB,Other fossil fuels,0.1,,,,
2020,GNB,Total,0.1,,,,
2021,GNB,Coal,0,,,,
2021,GNB,Gas,0,,,,
2021,GNB,Other fossil fuels,0.1,,,,
2021,GNB,Total,0.1,,,,
2022,GNB,Coal,0,,,,
2022,GNB,Gas,0,,,,
2022,GNB,Other fossil fuels,0.1,,,,
2022,GNB,Total,0.1,,,,
2023,GNB,Coal,0,,,,
2023,GNB,Gas,0,,,,
2023,GNB,Other fossil fuels,0.1,,,,
2023,GNB,Total,0.1,,,,
2024,GNB,Coal,0,,,,
2024,GNB,Gas,0,,,,
2024,GNB,Other fossil fuels,0.1,,,,
2024,GNB,Total,0.1,,,,
2000,GUY,Coal,0,,,,
2000,GUY,Gas,0,,,,
2000,GUY,Other fossil fuels,0.9,,,,
2000,GUY,Total,0.9,,,,
2001,GUY,Coal,0,,,,
2001,GUY,Gas,0,,,,
2001,GUY,Other fossil fuels,0.9,,,,
2001,GUY,Total,0.9,,,,
2002,GUY,Coal,0,,,,
2002,GUY,Gas,0,,,,
2002,GUY,Other fossil fuels,0.9,,,,
2002,GUY,Total,0.9,,,,
2003,GUY,Coal,0,,,,
2003,GUY,Gas,0,,,,
2003,GUY,Other fossil fuels,0.8,,,,
2003,GUY,Total,0.8,,,,
2004,GUY,Coal,0,,,,
2004,GUY,Gas,0,,,,
2004,GUY,Other fossil fuels,0.9,,,,
2004,GUY,Total,0.9,,,,
2005,GUY,Coal,0,,,,
2005,GUY,Gas,0,,,,
2005,GUY,Other fossil fuels,0.6,,,,
2005,GUY,Total,0.6,,,,
2006,GUY,Coal,0,,,,
2006,GUY,Gas,0,,,,
2006,GUY,Other fossil fuels,0.7,,,,
2006,GUY,Total,0.7,,,,
2007,GUY,Coal,0,,,,
2007,GUY,Gas,0,,,,
2007,GUY,Other fossil fuels,0.7,,,,
2007,GUY,Total,0.7,,,,
2008,GUY,Coal,0,,,,
2008,GUY,Gas,0,,,,
2008,GUY,Other fossil fuels,0.7,,,,
2008,GUY,Total,0.7,,,,
2009,GUY,Coal,0,,,,
2009,GUY,Gas,0,,,,
2009,GUY,Other fossil fuels,0.8,,,,
2009,GUY,Total,0.8,,,,
2010,GUY,Coal,0,,,,
2010,GUY,Gas,0,,,,
2010,GUY,Other fossil fuels,0.9,,,,
2010,GUY,Total,0.9,,,,
2011,GUY,Coal,0,,,,
2011,GUY,Gas,0,,,,
2011,GUY,Other fossil fuels,0.9,,,,
2011,GUY,Total,0.9,,,,
2012,GUY,Coal,0,,,,
2012,GUY,Gas,0,,,,
2012,GUY,Other fossil fuels,0.9,,,,
2012,GUY,Total,0.9,,,,
2013,GUY,Coal,0,,,,
2013,GUY,Gas,0,,,,
2013,GUY,Other fossil fuels,0.9,,,,
2013,GUY,Total,0.9,,,,
2014,GUY,Coal,0,,,,
2014,GUY,Gas,0,,,,
2014,GUY,Other fossil fuels,1.0,,,,
2014,GUY,Total,1.0,,,,
2015,GUY,Coal,0,,,,
2015,GUY,Gas,0,,,,
2015,GUY,Other fossil fuels,1.0,,,,
2015,GUY,Total,1.0,,,,
2016,GUY,Coal,0,,,,
2016,GUY,Gas,0,,,,
2016,GUY,Other fossil fuels,1.1,,,,
2016,GUY,Total,1.1,,,,
2017,GUY,Coal,0,,,,
2017,GUY,Gas,0,,,,
2017,GUY,Other fossil fuels,1.1,,,,
2017,GUY,Total,1.1,,,,
2018,GUY,Coal,0,,,,
2018,GUY,Gas,0,,,,
2018,GUY,Other fossil fuels,1.1,,,,
2018,GUY,Total,1.1,,,,
2019,GUY,Coal,0,,,,
2019,GUY,Gas,0,,,,
2019,GUY,Other fossil fuels,1.1,,,,
2019,GUY,Total,1.1,,,,
2020,GUY,Coal,0,,,,
2020,GUY,Gas,0,,,,
2020,GUY,Other fossil fuels,1.1,,,,
2020,GUY,Total,1.1,,,,
2021,GUY,Coal,0,,,,
2021,GUY,Gas,0,,,,
2021,GUY,Other fossil fuels,1.1,,,,
2021,GUY,Total,1.1,,,,
2022,GUY,Coal,0,,,,
2022,GUY,Gas,0,,,,
2022,GUY,Other fossil fuels,1.2,,,,
2022,GUY,Total,1.3,,,,
2023,GUY,Coal,0,,,,
2023,GUY,Gas,0,,,,
2023,GUY,Other fossil fuels,1.3,,,,
2023,GUY,Total,1.3,,,,
2024,GUY,Coal,0,,,,
2024,GUY,Gas,0,,,,
2024,GUY,Other fossil fuels,1.3,,,,
2024,GUY,Total,1.3,,,,
2000,HTI,Coal,0,,,,
2000,HTI,Gas,0,,,,
2000,HTI,Other fossil fuels,0.3,,,,
2000,HTI,Total,0.3,,,,
2001,HTI,Coal,0,,,,
2001,HTI,Gas,0,,,,
2001,HTI,Other fossil fuels,0.3,,,,
2001,HTI,Total,0.3,,,,
2002,HTI,Coal,0,,,,
2002,HTI,Gas,0,,,,
2002,HTI,Other fossil fuels,0.3,,,,
2002,HTI,Total,0.3,,,,
2003,HTI,Coal,0,,,,
2003,HTI,Gas,0,,,,
2003,HTI,Other fossil fuels,0.3,,,,
2003,HTI,Total,0.3,,,,
2004,HTI,Coal,0,,,,
2004,HTI,Gas,0,,,,
2004,HTI,Other fossil fuels,0.3,,,,
2004,HTI,Total,0.3,,,,
2005,HTI,Coal,0,,,,
2005,HTI,Gas,0,,,,
2005,HTI,Other fossil fuels,0.3,,,,
2005,HTI,Total,0.3,,,,
2006,HTI,Coal,0,,,,
2006,HTI,Gas,0,,,,
2006,HTI,Other fossil fuels,0.3,,,,
2006,HTI,Total,0.3,,,,
2007,HTI,Coal,0,,,,
2007,HTI,Gas,0,,,,
2007,HTI,Other fossil fuels,0.3,,,,
2007,HTI,Total,0.3,,,,
2008,HTI,Coal,0,,,,
2008,HTI,Gas,0,,,,
2008,HTI,Other fossil fuels,0.3,,,,
2008,HTI,Total,0.3,,,,
2009,HTI,Coal,0,,,,
2009,HTI,Gas,0,,,,
2009,HTI,Other fossil fuels,0.5,,,,
2009,HTI,Total,0.5,,,,
2010,HTI,Coal,0,,,,
2010,HTI,Gas,0,,,,
2010,HTI,Other fossil fuels,0.5,,,,
2010,HTI,Total,0.5,,,,
2011,HTI,Coal,0,,,,
2011,HTI,Gas,0,,,,
2011,HTI,Other fossil fuels,0.9,,,,
2011,HTI,Total,0.9,,,,
2012,HTI,Coal,0,,,,
2012,HTI,Gas,0,,,,
2012,HTI,Other fossil fuels,0.9,,,,
2012,HTI,Total,0.9,,,,
2013,HTI,Coal,0,,,,
2013,HTI,Gas,0,,,,
2013,HTI,Other fossil fuels,0.9,,,,
2013,HTI,Total,0.9,,,,
2014,HTI,Coal,0,,,,
2014,HTI,Gas,0,,,,
2014,HTI,Other fossil fuels,0.9,,,,
2014,HTI,Total,0.9,,,,
2015,HTI,Coal,0,,,,
2015,HTI,Gas,0,,,,
2015,HTI,Other fossil fuels,1.0,,,,
2015,HTI,Total,1.0,,,,
2016,HTI,Coal,0,,,,
2016,HTI,Gas,0,,,,
2016,HTI,Other fossil fuels,1.0,,,,
2016,HTI,Total,1.0,,,,
2017,HTI,Coal,0,,,,
2017,HTI,Gas,0,,,,
2017,HTI,Other fossil fuels,0.9,,,,
2017,HTI,Total,0.9,,,,
2018,HTI,Coal,0,,,,
2018,HTI,Gas,0,,,,
2018,HTI,Other fossil fuels,0.9,,,,
2018,HTI,Total,0.9,,,,
2019,HTI,Coal,0,,,,
2019,HTI,Gas,0,,,,
2019,HTI,Other fossil fuels,0.9,,,,
2019,HTI,Total,0.9,,,,
2020,HTI,Coal,0,,,,
2020,HTI,Gas,0,,,,
2020,HTI,Other fossil fuels,0.9,,,,
2020,HTI,Total,0.9,,,,
2021,HTI,Coal,0,,,,
2021,HTI,Gas,0,,,,
2021,HTI,Other fossil fuels,0.9,,,,
2021,HTI,Total,0.9,,,,
2022,HTI,Coal,0,,,,
2022,HTI,Gas,0,,,,
2022,HTI,Other fossil fuels,0.8,,,,
2022,HTI,Total,0.8,,,,
2023,HTI,Coal,0,,,,
2023,HTI,Gas,0,,,,
2023,HTI,Other fossil fuels,0.7,,,,
2023,HTI,Total,0.7,,,,
2024,HTI,Coal,0,,,,
2024,HTI,Gas,0,,,,
2024,HTI,Other fossil fuels,0.7,,,,
2024,HTI,Total,0.7,,,,
2000,HND,Coal,0,,,,
2000,HND,Gas,0,,,,
2000,HND,Other fossil fuels,1.4,,,,
2000,HND,Total,1.4,,,,
2001,HND,Coal,0,,,,
2001,HND,Gas,0,,,,
2001,HND,Other fossil fuels,2.0,,,,
2001,HND,Total,2.0,,,,
2002,HND,Coal,0,,,,
2002,HND,Gas,0,,,,
2002,HND,Other fossil fuels,2.5,,,,
2002,HND,Total,2.5,,,,
2003,HND,Coal,0,,,,
2003,HND,Gas,0,,,,
2003,HND,Other fossil fuels,2.8,,,,
2003,HND,Total,2.8,,,,
2004,HND,Coal,0,,,,
2004,HND,Gas,0,,,,
2004,HND,Other fossil fuels,3.4,,,,
2004,HND,Total,3.4,,,,
2005,HND,Coal,0,,,,
2005,HND,Gas,0,,,,
2005,HND,Other fossil fuels,3.7,,,,
2005,HND,Total,3.7,,,,
2006,HND,Coal,0,,,,
2006,HND,Gas,0,,,,
2006,HND,Other fossil fuels,3.8,,,,
2006,HND,Total,3.8,,,,
2007,HND,Coal,0,,,,
2007,HND,Gas,0,,,,
2007,HND,Other fossil fuels,3.9,,,,
2007,HND,Total,3.9,,,,
2008,HND,Coal,0,,,,
2008,HND,Gas,0,,,,
2008,HND,Other fossil fuels,4.0,,,,
2008,HND,Total,4.0,,,,
2009,HND,Coal,0,,,,
2009,HND,Gas,0,,,,
2009,HND,Other fossil fuels,3.6,,,,
2009,HND,Total,3.6,,,,
2010,HND,Coal,0,,,,
2010,HND,Gas,0,,,,
2010,HND,Other fossil fuels,3.7,,,,
2010,HND,Total,3.7,,,,
2011,HND,Coal,0.1,,,,
2011,HND,Gas,0,,,,
2011,HND,Other fossil fuels,3.9,,,,
2011,HND,Total,4.0,,,,
2012,HND,Coal,0.1,,,,
2012,HND,Gas,0,,,,
2012,HND,Other fossil fuels,4.1,,,,
2012,HND,Total,4.2,,,,
2013,HND,Coal,0.1,,,,
2013,HND,Gas,0,,,,
2013,HND,Other fossil fuels,4.5,,,,
2013,HND,Total,4.6,,,,
2014,HND,Coal,0.1,,,,
2014,HND,Gas,0,,,,
2014,HND,Other fossil fuels,4.8,,,,
2014,HND,Total,4.9,,,,
2015,HND,Coal,0.1,,,,
2015,HND,Gas,0,,,,
2015,HND,Other fossil fuels,5.0,,,,
2015,HND,Total,5.0,,,,
2016,HND,Coal,0,,,,
2016,HND,Gas,0,,,,
2016,HND,Other fossil fuels,4.8,,,,
2016,HND,Total,4.8,,,,
2017,HND,Coal,0,,,,
2017,HND,Gas,0,,,,
2017,HND,Other fossil fuels,4.0,,,,
2017,HND,Total,4.0,,,,
2018,HND,Coal,0,,,,
2018,HND,Gas,0,,,,
2018,HND,Other fossil fuels,3.6,,,,
2018,HND,Total,3.6,,,,
2019,HND,Coal,0.1,,,,
2019,HND,Gas,0,,,,
2019,HND,Other fossil fuels,5.0,,,,
2019,HND,Total,5.0,,,,
2020,HND,Coal,0.1,,,,
2020,HND,Gas,0,,,,
2020,HND,Other fossil fuels,4.6,,,,
2020,HND,Total,4.6,,,,
2021,HND,Coal,0.1,,,,
2021,HND,Gas,0,,,,
2021,HND,Other fossil fuels,4.2,,,,
2021,HND,Total,4.3,,,,
2022,HND,Coal,0.1,,,,
2022,HND,Gas,0,,,,
2022,HND,Other fossil fuels,4.5,,,,
2022,HND,Total,4.6,,,,
2023,HND,Coal,0.1,,,,
2023,HND,Gas,0,,,,
2023,HND,Other fossil fuels,5.6,,,,
2023,HND,Total,5.7,,,,
2024,HND,Coal,0.1,,,,
2024,HND,Gas,0,,,,
2024,HND,Other fossil fuels,5.5,,,,
2024,HND,Total,5.6,,,,
2000,HKG,Coal,19,,,,
2000,HKG,Gas,12,,,,
2000,HKG,Other fossil fuels,0.2,,,,
2000,HKG,Total,31,,,,
2001,HKG,Coal,20,,,,
2001,HKG,Gas,12,,,,
2001,HKG,Other fossil fuels,0.2,,,,
2001,HKG,Total,32,,,,
2002,HKG,Coal,22,,,,
2002,HKG,Gas,12,,,,
2002,HKG,Other fossil fuels,0.2,,,,
2002,HKG,Total,34,,,,
2003,HKG,Coal,28,,,,
2003,HKG,Gas,7.7,,,,
2003,HKG,Other fossil fuels,0.2,,,,
2003,HKG,Total,35,,,,
2004,HKG,Coal,26,,,,
2004,HKG,Gas,11,,,,
2004,HKG,Other fossil fuels,0.2,,,,
2004,HKG,Total,37,,,,
2005,HKG,Coal,27,,,,
2005,HKG,Gas,11,,,,
2005,HKG,Other fossil fuels,0.2,,,,
2005,HKG,Total,38,,,,
2006,HKG,Coal,27,,,,
2006,HKG,Gas,12,,,,
2006,HKG,Other fossil fuels,0.2,,,,
2006,HKG,Total,39,,,,
2007,HKG,Coal,29,,,,
2007,HKG,Gas,10,,,,
2007,HKG,Other fossil fuels,0.1,,,,
2007,HKG,Total,39,,,,
2008,HKG,Coal,26,,,,
2008,HKG,Gas,12,,,,
2008,HKG,Other fossil fuels,0.1,,,,
2008,HKG,Total,38,,,,
2009,HKG,Coal,27,,,,
2009,HKG,Gas,11,,,,
2009,HKG,Other fossil fuels,0.1,,,,
2009,HKG,Total,39,,,,
2010,HKG,Coal,24,,,,
2010,HKG,Gas,14,,,,
2010,HKG,Other fossil fuels,0.1,,,,
2010,HKG,Total,38,,,,
2011,HKG,Coal,28,,,,
2011,HKG,Gas,11,,,,
2011,HKG,Other fossil fuels,0.1,,,,
2011,HKG,Total,39,,,,
2012,HKG,Coal,25,,,,
2012,HKG,Gas,13,,,,
2012,HKG,Other fossil fuels,0.8,,,,
2012,HKG,Total,38,,,,
2013,HKG,Coal,29,,,,
2013,HKG,Gas,9.5,,,,
2013,HKG,Other fossil fuels,0.2,,,,
2013,HKG,Total,39,,,,
2014,HKG,Coal,30,,,,
2014,HKG,Gas,9.1,,,,
2014,HKG,Other fossil fuels,0.2,,,,
2014,HKG,Total,40,,,,
2015,HKG,Coal,25,,,,
2015,HKG,Gas,13,,,,
2015,HKG,Other fossil fuels,0.2,,,,
2015,HKG,Total,38,,,,
2016,HKG,Coal,25,,,,
2016,HKG,Gas,13,,,,
2016,HKG,Other fossil fuels,0.4,,,,
2016,HKG,Total,38,,,,
2017,HKG,Coal,24,,,,
2017,HKG,Gas,12,,,,
2017,HKG,Other fossil fuels,0.4,,,,
2017,HKG,Total,37,,,,
2018,HKG,Coal,22,,,,
2018,HKG,Gas,14,,,,
2018,HKG,Other fossil fuels,0.3,,,,
2018,HKG,Total,36,,,,
2019,HKG,Coal,21,,,,
2019,HKG,Gas,16,,,,
2019,HKG,Other fossil fuels,0.2,,,,
2019,HKG,Total,37,,,,
2020,HKG,Coal,12,,,,
2020,HKG,Gas,22,,,,
2020,HKG,Other fossil fuels,0.2,,,,
2020,HKG,Total,34,,,,
2021,HKG,Coal,14,,,,
2021,HKG,Gas,22,,,,
2021,HKG,Other fossil fuels,0.2,,,,
2021,HKG,Total,36,,,,
2022,HKG,Coal,13,,,,
2022,HKG,Gas,23,,,,
2022,HKG,Other fossil fuels,0.2,,,,
2022,HKG,Total,36,,,,
2023,HKG,Coal,13,,,,
2023,HKG,Gas,24,,,,
2023,HKG,Other fossil fuels,0.4,,,,
2023,HKG,Total,37,,,,
2024,HKG,Coal,13,,,,
2024,HKG,Gas,24,,,,
2024,HKG,Other fossil fuels,0.5,,,,
2024,HKG,Total,37,,,,
1990,HUN,Coal,8.6,,,,
1990,HUN,Gas,4.5,,,,
1990,HUN,Other fossil fuels,1.5,,,,
1990,HUN,Total,15,,,,
1991,HUN,Coal,8.0,,,,
1991,HUN,Gas,5.0,,,,
1991,HUN,Other fossil fuels,3.0,,,,
1991,HUN,Total,16,,,,
1992,HUN,Coal,9.1,,,,
1992,HUN,Gas,4.2,,,,
1992,HUN,Other fossil fuels,4.2,,,,
1992,HUN,Total,18,,,,
1993,HUN,Coal,9.0,,,,
1993,HUN,Gas,4.1,,,,
1993,HUN,Other fossil fuels,5.8,,,,
1993,HUN,Total,19,,,,
1994,HUN,Coal,8.7,,,,
1994,HUN,Gas,4.8,,,,
1994,HUN,Other fossil fuels,5.7,,,,
1994,HUN,Total,19,,,,
1995,HUN,Coal,9.1,,,,
1995,HUN,Gas,5.2,,,,
1995,HUN,Other fossil fuels,5.5,,,,
1995,HUN,Total,20,,,,
1996,HUN,Coal,9.6,,,,
1996,HUN,Gas,6.4,,,,
1996,HUN,Other fossil fuels,4.7,,,,
1996,HUN,Total,21,,,,
1997,HUN,Coal,9.4,,,,
1997,HUN,Gas,5.7,,,,
1997,HUN,Other fossil fuels,6.0,,,,
1997,HUN,Total,21,,,,
1998,HUN,Coal,9.6,,,,
1998,HUN,Gas,7.3,,,,
1998,HUN,Other fossil fuels,6.2,,,,
1998,HUN,Total,23,,,,
1999,HUN,Coal,10,,,,
1999,HUN,Gas,7.8,,,,
1999,HUN,Other fossil fuels,5.5,,,,
1999,HUN,Total,23,,,,
2000,HUN,Coal,9.6,,,,
2000,HUN,Gas,6.6,,,,
2000,HUN,Other fossil fuels,4.6,,,,
2000,HUN,Total,21,,,,
2001,HUN,Coal,8.8,,,,
2001,HUN,Gas,8.9,,,,
2001,HUN,Other fossil fuels,4.3,,,,
2001,HUN,Total,22,,,,
2002,HUN,Coal,9.0,,,,
2002,HUN,Gas,11,,,,
2002,HUN,Other fossil fuels,2.3,,,,
2002,HUN,Total,22,,,,
2003,HUN,Coal,9.2,,,,
2003,HUN,Gas,12,,,,
2003,HUN,Other fossil fuels,1.7,,,,
2003,HUN,Total,23,,,,
2004,HUN,Coal,8.2,,,,
2004,HUN,Gas,12,,,,
2004,HUN,Other fossil fuels,1.0,,,,
2004,HUN,Total,21,,,,
2005,HUN,Coal,7.0,,,,
2005,HUN,Gas,12,,,,
2005,HUN,Other fossil fuels,0.7,,,,
2005,HUN,Total,20,,,,
2006,HUN,Coal,7.0,,,,
2006,HUN,Gas,13,,,,
2006,HUN,Other fossil fuels,0.7,,,,
2006,HUN,Total,21,,,,
2007,HUN,Coal,7.4,,,,
2007,HUN,Gas,15,,,,
2007,HUN,Other fossil fuels,0.8,,,,
2007,HUN,Total,23,,,,
2008,HUN,Coal,7.1,,,,
2008,HUN,Gas,15,,,,
2008,HUN,Other fossil fuels,0.6,,,,
2008,HUN,Total,23,,,,
2009,HUN,Coal,6.3,,,,
2009,HUN,Gas,10,,,,
2009,HUN,Other fossil fuels,0.8,,,,
2009,HUN,Total,18,,,,
2010,HUN,Coal,6.2,,,,
2010,HUN,Gas,12,,,,
2010,HUN,Other fossil fuels,0.8,,,,
2010,HUN,Total,19,,,,
2011,HUN,Coal,6.5,,,,
2011,HUN,Gas,11,,,,
2011,HUN,Other fossil fuels,0.4,,,,
2011,HUN,Total,18,,,,
2012,HUN,Coal,6.3,,,,
2012,HUN,Gas,9.4,,,,
2012,HUN,Other fossil fuels,0.5,,,,
2012,HUN,Total,16,,,,
2013,HUN,Coal,6.3,,,,
2013,HUN,Gas,5.5,,,,
2013,HUN,Other fossil fuels,0.3,,,,
2013,HUN,Total,12,,,,
2014,HUN,Coal,6.0,,,,
2014,HUN,Gas,4.2,,,,
2014,HUN,Other fossil fuels,0.4,,,,
2014,HUN,Total,11,,,,
2015,HUN,Coal,5.8,,,,
2015,HUN,Gas,5.1,,,,
2015,HUN,Other fossil fuels,0.4,,,,
2015,HUN,Total,11,,,,
2016,HUN,Coal,5.6,,,,
2016,HUN,Gas,6.5,,,,
2016,HUN,Other fossil fuels,0.5,,,,
2016,HUN,Total,13,,,,
2017,HUN,Coal,4.9,,,,
2017,HUN,Gas,7.9,,,,
2017,HUN,Other fossil fuels,0.5,,,,
2017,HUN,Total,13,,,,
2018,HUN,Coal,4.7,,,,
2018,HUN,Gas,7.3,,,,
2018,HUN,Other fossil fuels,0.6,,,,
2018,HUN,Total,13,,,,
2019,HUN,Coal,4.0,,,,
2019,HUN,Gas,8.7,,,,
2019,HUN,Other fossil fuels,0.6,,,,
2019,HUN,Total,13,,,,
2020,HUN,Coal,3.7,,,,
2020,HUN,Gas,9.1,,,,
2020,HUN,Other fossil fuels,0.5,,,,
2020,HUN,Total,13,,,,
2021,HUN,Coal,3.0,,,,
2021,HUN,Gas,9.7,,,,
2021,HUN,Other fossil fuels,0.5,,,,
2021,HUN,Total,13,,,,
2022,HUN,Coal,3.0,,,,
2022,HUN,Gas,8.9,,,,
2022,HUN,Other fossil fuels,0.5,,,,
2022,HUN,Total,12,,,,
2023,HUN,Coal,2.5,,,,
2023,HUN,Gas,7.3,,,,
2023,HUN,Other fossil fuels,0.5,,,,
2023,HUN,Total,10,,,,
2024,HUN,Coal,2.4,,,,
2024,HUN,Gas,7.1,,,,
2024,HUN,Other fossil fuels,0.5,,,,
2024,HUN,Total,10,,,,
2025,HUN,Coal,1.4,,,,
2025,HUN,Gas,8.2,,,,
2025,HUN,Other fossil fuels,0.4,,,,
2025,HUN,Total,10,,,,
2000,ISL,Coal,0,,,,
2000,ISL,Gas,0,,,,
2000,ISL,Other fossil fuels,0,,,,
2000,ISL,Total,0,,,,
2001,ISL,Coal,0,,,,
2001,ISL,Gas,0,,,,
2001,ISL,Other fossil fuels,0,,,,
2001,ISL,Total,0,,,,
2002,ISL,Coal,0,,,,
2002,ISL,Gas,0,,,,
2002,ISL,Other fossil fuels,0,,,,
2002,ISL,Total,0,,,,
2003,ISL,Coal,0,,,,
2003,ISL,Gas,0,,,,
2003,ISL,Other fossil fuels,0,,,,
2003,ISL,Total,0,,,,
2004,ISL,Coal,0,,,,
2004,ISL,Gas,0,,,,
2004,ISL,Other fossil fuels,0,,,,
2004,ISL,Total,0,,,,
2005,ISL,Coal,0,,,,
2005,ISL,Gas,0,,,,
2005,ISL,Other fossil fuels,0,,,,
2005,ISL,Total,0,,,,
2006,ISL,Coal,0,,,,
2006,ISL,Gas,0,,,,
2006,ISL,Other fossil fuels,0,,,,
2006,ISL,Total,0,,,,
2007,ISL,Coal,0,,,,
2007,ISL,Gas,0,,,,
2007,ISL,Other fossil fuels,0,,,,
2007,ISL,Total,0,,,,
2008,ISL,Coal,0,,,,
2008,ISL,Gas,0,,,,
2008,ISL,Other fossil fuels,0,,,,
2008,ISL,Total,0,,,,
2009,ISL,Coal,0,,,,
2009,ISL,Gas,0,,,,
2009,ISL,Other fossil fuels,0,,,,
2009,ISL,Total,0,,,,
2010,ISL,Coal,0,,,,
2010,ISL,Gas,0,,,,
2010,ISL,Other fossil fuels,0,,,,
2010,ISL,Total,0,,,,
2011,ISL,Coal,0,,,,
2011,ISL,Gas,0,,,,
2011,ISL,Other fossil fuels,0,,,,
2011,ISL,Total,0,,,,
2012,ISL,Coal,0,,,,
2012,ISL,Gas,0,,,,
2012,ISL,Other fossil fuels,0,,,,
2012,ISL,Total,0,,,,
2013,ISL,Coal,0,,,,
2013,ISL,Gas,0,,,,
2013,ISL,Other fossil fuels,0,,,,
2013,ISL,Total,0,,,,
2014,ISL,Coal,0,,,,
2014,ISL,Gas,0,,,,
2014,ISL,Other fossil fuels,0,,,,
2014,ISL,Total,0,,,,
2015,ISL,Coal,0,,,,
2015,ISL,Gas,0,,,,
2015,ISL,Other fossil fuels,0,,,,
2015,ISL,Total,0,,,,
2016,ISL,Coal,0,,,,
2016,ISL,Gas,0,,,,
2016,ISL,Other fossil fuels,0,,,,
2016,ISL,Total,0,,,,
2017,ISL,Coal,0,,,,
2017,ISL,Gas,0,,,,
2017,ISL,Other fossil fuels,0,,,,
2017,ISL,Total,0,,,,
2018,ISL,Coal,0,,,,
2018,ISL,Gas,0,,,,
2018,ISL,Other fossil fuels,0,,,,
2018,ISL,Total,0,,,,
2019,ISL,Coal,0,,,,
2019,ISL,Gas,0,,,,
2019,ISL,Other fossil fuels,0,,,,
2019,ISL,Total,0,,,,
2020,ISL,Coal,0,,,,
2020,ISL,Gas,0,,,,
2020,ISL,Other fossil fuels,0,,,,
2020,ISL,Total,0,,,,
2021,ISL,Coal,0,,,,
2021,ISL,Gas,0,,,,
2021,ISL,Other fossil fuels,0,,,,
2021,ISL,Total,0,,,,
2022,ISL,Coal,0,,,,
2022,ISL,Gas,0,,,,
2022,ISL,Other fossil fuels,0,,,,
2022,ISL,Total,0,,,,
2023,ISL,Coal,0,,,,
2023,ISL,Gas,0,,,,
2023,ISL,Other fossil fuels,0,,,,
2023,ISL,Total,0,,,,
2024,ISL,Coal,0,,,,
2024,ISL,Gas,0,,,,
2024,ISL,Other fossil fuels,0,,,,
2024,ISL,Total,0,,,,
1985,IND,Coal,116,,,,
1985,IND,Gas,2.2,,,,
1985,IND,Other fossil fuels,12,,,,
1985,IND,Total,130,,,,
1986,IND,Coal,130,,,,
1986,IND,Gas,3.7,,,,
1986,IND,Other fossil fuels,12,,,,
1986,IND,Total,145,,,,
1987,IND,Coal,153,,,,
1987,IND,Gas,4.2,,,,
1987,IND,Other fossil fuels,12,,,,
1987,IND,Total,169,,,,
1988,IND,Coal,165,,,,
1988,IND,Gas,3.6,,,,
1988,IND,Other fossil fuels,12,,,,
1988,IND,Total,181,,,,
1989,IND,Coal,185,,,,
1989,IND,Gas,7.3,,,,
1989,IND,Other fossil fuels,13,,,,
1989,IND,Total,205,,,,
1990,IND,Coal,192,,,,
1990,IND,Gas,10,,,,
1990,IND,Other fossil fuels,13,,,,
1990,IND,Total,215,,,,
1991,IND,Coal,214,,,,
1991,IND,Gas,13,,,,
1991,IND,Other fossil fuels,13,,,,
1991,IND,Total,241,,,,
1992,IND,Coal,229,,,,
1992,IND,Gas,16,,,,
1992,IND,Other fossil fuels,15,,,,
1992,IND,Total,260,,,,
1993,IND,Coal,253,,,,
1993,IND,Gas,18,,,,
1993,IND,Other fossil fuels,14,,,,
1993,IND,Total,285,,,,
1994,IND,Coal,265,,,,
1994,IND,Gas,22,,,,
1994,IND,Other fossil fuels,16,,,,
1994,IND,Total,302,,,,
1995,IND,Coal,296,,,,
1995,IND,Gas,29,,,,
1995,IND,Other fossil fuels,17,,,,
1995,IND,Total,343,,,,
1996,IND,Coal,312,,,,
1996,IND,Gas,32,,,,
1996,IND,Other fossil fuels,20,,,,
1996,IND,Total,364,,,,
1997,IND,Coal,326,,,,
1997,IND,Gas,40,,,,
1997,IND,Other fossil fuels,21,,,,
1997,IND,Total,387,,,,
1998,IND,Coal,336,,,,
1998,IND,Gas,50,,,,
1998,IND,Other fossil fuels,21,,,,
1998,IND,Total,408,,,,
1999,IND,Coal,365,,,,
1999,IND,Gas,59,,,,
1999,IND,Other fossil fuels,25,,,,
1999,IND,Total,449,,,,
2000,IND,Coal,390,,,,
2000,IND,Gas,56,,,,
2000,IND,Other fossil fuels,29,,,,
2000,IND,Total,475,,,,
2001,IND,Coal,408,,,,
2001,IND,Gas,56,,,,
2001,IND,Other fossil fuels,27,,,,
2001,IND,Total,491,,,,
2002,IND,Coal,427,,,,
2002,IND,Gas,63,,,,
2002,IND,Other fossil fuels,28,,,,
2002,IND,Total,518,,,,
2003,IND,Coal,441,,,,
2003,IND,Gas,73,,,,
2003,IND,Other fossil fuels,31,,,,
2003,IND,Total,545,,,,
2004,IND,Coal,463,,,,
2004,IND,Gas,77,,,,
2004,IND,Other fossil fuels,28,,,,
2004,IND,Total,568,,,,
2005,IND,Coal,478,,,,
2005,IND,Gas,75,,,,
2005,IND,Other fossil fuels,25,,,,
2005,IND,Total,579,,,,
2006,IND,Coal,505,,,,
2006,IND,Gas,75,,,,
2006,IND,Other fossil fuels,19,,,,
2006,IND,Total,599,,,,
2007,IND,Coal,533,,,,
2007,IND,Gas,90,,,,
2007,IND,Other fossil fuels,13,,,,
2007,IND,Total,637,,,,
2008,IND,Coal,573,,,,
2008,IND,Gas,86,,,,
2008,IND,Other fossil fuels,15,,,,
2008,IND,Total,674,,,,
2009,IND,Coal,611,,,,
2009,IND,Gas,104,,,,
2009,IND,Other fossil fuels,13,,,,
2009,IND,Total,729,,,,
2010,IND,Coal,643,,,,
2010,IND,Gas,118,,,,
2010,IND,Other fossil fuels,11,,,,
2010,IND,Total,772,,,,
2011,IND,Coal,701,,,,
2011,IND,Gas,118,,,,
2011,IND,Other fossil fuels,9.4,,,,
2011,IND,Total,828,,,,
2012,IND,Coal,787,,,,
2012,IND,Gas,96,,,,
2012,IND,Other fossil fuels,10,,,,
2012,IND,Total,893,,,,
2013,IND,Coal,848,,,,
2013,IND,Gas,66,,,,
2013,IND,Other fossil fuels,11,,,,
2013,IND,Total,925,,,,
2014,IND,Coal,950,,,,
2014,IND,Gas,64,,,,
2014,IND,Other fossil fuels,12,,,,
2014,IND,Total,1025,,,,
2015,IND,Coal,1007,,,,
2015,IND,Gas,65,,,,
2015,IND,Other fossil fuels,9.3,,,,
2015,IND,Total,1081,,,,
2016,IND,Coal,1074,,,,
2016,IND,Gas,73,,,,
2016,IND,Other fossil fuels,9.4,,,,
2016,IND,Total,1156,,,,
2017,IND,Coal,1115,,,,
2017,IND,Gas,75,,,,
2017,IND,Other fossil fuels,8.8,,,,
2017,IND,Total,1199,,,,
2018,IND,Coal,1199,,,,
2018,IND,Gas,71,,,,
2018,IND,Other fossil fuels,6.4,,,,
2018,IND,Total,1277,,,,
2019,IND,Coal,1199,,,,
2019,IND,Gas,72,,,,
2019,IND,Other fossil fuels,3.1,,,,
2019,IND,Total,1274,,,,
2020,IND,Coal,1144,,,,
2020,IND,Gas,75,,,,
2020,IND,Other fossil fuels,3.1,,,,
2020,IND,Total,1222,,,,
2021,IND,Coal,1256,,,,
2021,IND,Gas,60,,,,
2021,IND,Other fossil fuels,3.4,,,,
2021,IND,Total,1319,,,,
2022,IND,Coal,1344,,,,
2022,IND,Gas,46,,,,
2022,IND,Other fossil fuels,3.5,,,,
2022,IND,Total,1394,,,,
2023,IND,Coal,1445,,,,
2023,IND,Gas,51,,,,
2023,IND,Other fossil fuels,3.9,,,,
2023,IND,Total,1500,,,,
2024,IND,Coal,1518,,,,
2024,IND,Gas,56,,,,
2024,IND,Other fossil fuels,4.1,,,,
2024,IND,Total,1578,,,,
2025,IND,Coal,1474,,,,
2025,IND,Gas,49,,,,
2025,IND,Other fossil fuels,4.1,,,,
2025,IND,Total,1527,,,,
2000,IDN,Coal,34,,,,
2000,IDN,Gas,32,,,,
2000,IDN,Other fossil fuels,13,,,,
2000,IDN,Total,78,,,,
2001,IDN,Coal,38,,,,
2001,IDN,Gas,33,,,,
2001,IDN,Other fossil fuels,13,,,,
2001,IDN,Total,84,,,,
2002,IDN,Coal,43,,,,
2002,IDN,Gas,29,,,,
2002,IDN,Other fossil fuels,20,,,,
2002,IDN,Total,92,,,,
2003,IDN,Coal,46,,,,
2003,IDN,Gas,28,,,,
2003,IDN,Other fossil fuels,23,,,,
2003,IDN,Total,98,,,,
2004,IDN,Coal,48,,,,
2004,IDN,Gas,27,,,,
2004,IDN,Other fossil fuels,29,,,,
2004,IDN,Total,104,,,,
2005,IDN,Coal,52,,,,
2005,IDN,Gas,22,,,,
2005,IDN,Other fossil fuels,37,,,,
2005,IDN,Total,110,,,,
2006,IDN,Coal,59,,,,
2006,IDN,Gas,24,,,,
2006,IDN,Other fossil fuels,34,,,,
2006,IDN,Total,117,,,,
2007,IDN,Coal,64,,,,
2007,IDN,Gas,25,,,,
2007,IDN,Other fossil fuels,35,,,,
2007,IDN,Total,124,,,,
2008,IDN,Coal,61,,,,
2008,IDN,Gas,28,,,,
2008,IDN,Other fossil fuels,40,,,,
2008,IDN,Total,130,,,,
2009,IDN,Coal,66,,,,
2009,IDN,Gas,40,,,,
2009,IDN,Other fossil fuels,30,,,,
2009,IDN,Total,136,,,,
2010,IDN,Coal,68,,,,
2010,IDN,Gas,39,,,,
2010,IDN,Other fossil fuels,36,,,,
2010,IDN,Total,143,,,,
2011,IDN,Coal,81,,,,
2011,IDN,Gas,39,,,,
2011,IDN,Other fossil fuels,41,,,,
2011,IDN,Total,161,,,,
2012,IDN,Coal,102,,,,
2012,IDN,Gas,49,,,,
2012,IDN,Other fossil fuels,27,,,,
2012,IDN,Total,178,,,,
2013,IDN,Coal,111,,,,
2013,IDN,Gas,58,,,,
2013,IDN,Other fossil fuels,20,,,,
2013,IDN,Total,190,,,,
2014,IDN,Coal,120,,,,
2014,IDN,Gas,61,,,,
2014,IDN,Other fossil fuels,23,,,,
2014,IDN,Total,203,,,,
2015,IDN,Coal,125,,,,
2015,IDN,Gas,54,,,,
2015,IDN,Other fossil fuels,31,,,,
2015,IDN,Total,210,,,,
2016,IDN,Coal,135,,,,
2016,IDN,Gas,62,,,,
2016,IDN,Other fossil fuels,21,,,,
2016,IDN,Total,218,,,,
2017,IDN,Coal,148,,,,
2017,IDN,Gas,56,,,,
2017,IDN,Other fossil fuels,19,,,,
2017,IDN,Total,223,,,,
2018,IDN,Coal,160,,,,
2018,IDN,Gas,57,,,,
2018,IDN,Other fossil fuels,18,,,,
2018,IDN,Total,235,,,,
2019,IDN,Coal,174,,,,
2019,IDN,Gas,62,,,,
2019,IDN,Other fossil fuels,11,,,,
2019,IDN,Total,247,,,,
2020,IDN,Coal,181,,,,
2020,IDN,Gas,51,,,,
2020,IDN,Other fossil fuels,6.8,,,,
2020,IDN,Total,239,,,,
2021,IDN,Coal,190,,,,
2021,IDN,Gas,57,,,,
2021,IDN,Other fossil fuels,6.7,,,,
2021,IDN,Total,253,,,,
2022,IDN,Coal,205,,,,
2022,IDN,Gas,57,,,,
2022,IDN,Other fossil fuels,6.1,,,,
2022,IDN,Total,268,,,,
2023,IDN,Coal,217,,,,
2023,IDN,Gas,62,,,,
2023,IDN,Other fossil fuels,6.6,,,,
2023,IDN,Total,285,,,,
2024,IDN,Coal,228,,,,
2024,IDN,Gas,69,,,,
2024,IDN,Other fossil fuels,7.1,,,,
2024,IDN,Total,304,,,,
1985,IRN,Coal,0.1,,,,
1985,IRN,Gas,14,,,,
1985,IRN,Other fossil fuels,19,,,,
1985,IRN,Total,33,,,,
1986,IRN,Coal,0.1,,,,
1986,IRN,Gas,16,,,,
1986,IRN,Other fossil fuels,19,,,,
1986,IRN,Total,35,,,,
1987,IRN,Coal,0.1,,,,
1987,IRN,Gas,14,,,,
1987,IRN,Other fossil fuels,24,,,,
1987,IRN,Total,37,,,,
1988,IRN,Coal,0.1,,,,
1988,IRN,Gas,20,,,,
1988,IRN,Other fossil fuels,19,,,,
1988,IRN,Total,39,,,,
1989,IRN,Coal,0.1,,,,
1989,IRN,Gas,26,,,,
1989,IRN,Other fossil fuels,18,,,,
1989,IRN,Total,45,,,,
1990,IRN,Coal,0.1,,,,
1990,IRN,Gas,30,,,,
1990,IRN,Other fossil fuels,20,,,,
1990,IRN,Total,50,,,,
1991,IRN,Coal,0.1,,,,
1991,IRN,Gas,35,,,,
1991,IRN,Other fossil fuels,22,,,,
1991,IRN,Total,57,,,,
1992,IRN,Coal,0.1,,,,
1992,IRN,Gas,37,,,,
1992,IRN,Other fossil fuels,21,,,,
1992,IRN,Total,58,,,,
1993,IRN,Coal,0.1,,,,
1993,IRN,Gas,40,,,,
1993,IRN,Other fossil fuels,24,,,,
1993,IRN,Total,64,,,,
1994,IRN,Coal,0.1,,,,
1994,IRN,Gas,47,,,,
1994,IRN,Other fossil fuels,27,,,,
1994,IRN,Total,74,,,,
1995,IRN,Coal,0.1,,,,
1995,IRN,Gas,47,,,,
1995,IRN,Other fossil fuels,29,,,,
1995,IRN,Total,76,,,,
1996,IRN,Coal,0.1,,,,
1996,IRN,Gas,49,,,,
1996,IRN,Other fossil fuels,32,,,,
1996,IRN,Total,81,,,,
1997,IRN,Coal,0.1,,,,
1997,IRN,Gas,59,,,,
1997,IRN,Other fossil fuels,32,,,,
1997,IRN,Total,91,,,,
1998,IRN,Coal,0.1,,,,
1998,IRN,Gas,72,,,,
1998,IRN,Other fossil fuels,23,,,,
1998,IRN,Total,95,,,,
1999,IRN,Coal,0.4,,,,
1999,IRN,Gas,77,,,,
1999,IRN,Other fossil fuels,27,,,,
1999,IRN,Total,105,,,,
2000,IRN,Coal,0.5,,,,
2000,IRN,Gas,82,,,,
2000,IRN,Other fossil fuels,33,,,,
2000,IRN,Total,116,,,,
2001,IRN,Coal,0.5,,,,
2001,IRN,Gas,90,,,,
2001,IRN,Other fossil fuels,33,,,,
2001,IRN,Total,123,,,,
2002,IRN,Coal,0.5,,,,
2002,IRN,Gas,98,,,,
2002,IRN,Other fossil fuels,32,,,,
2002,IRN,Total,130,,,,
2003,IRN,Coal,0.5,,,,
2003,IRN,Gas,110,,,,
2003,IRN,Other fossil fuels,32,,,,
2003,IRN,Total,142,,,,
2004,IRN,Coal,0.5,,,,
2004,IRN,Gas,115,,,,
2004,IRN,Other fossil fuels,36,,,,
2004,IRN,Total,151,,,,
2005,IRN,Coal,0.6,,,,
2005,IRN,Gas,125,,,,
2005,IRN,Other fossil fuels,37,,,,
2005,IRN,Total,163,,,,
2006,IRN,Coal,0.6,,,,
2006,IRN,Gas,125,,,,
2006,IRN,Other fossil fuels,49,,,,
2006,IRN,Total,175,,,,
2007,IRN,Coal,0.6,,,,
2007,IRN,Gas,139,,,,
2007,IRN,Other fossil fuels,46,,,,
2007,IRN,Total,185,,,,
2008,IRN,Coal,0.4,,,,
2008,IRN,Gas,135,,,,
2008,IRN,Other fossil fuels,67,,,,
2008,IRN,Total,203,,,,
2009,IRN,Coal,0.4,,,,
2009,IRN,Gas,149,,,,
2009,IRN,Other fossil fuels,65,,,,
2009,IRN,Total,215,,,,
2010,IRN,Coal,0.4,,,,
2010,IRN,Gas,174,,,,
2010,IRN,Other fossil fuels,51,,,,
2010,IRN,Total,225,,,,
2011,IRN,Coal,0.4,,,,
2011,IRN,Gas,142,,,,
2011,IRN,Other fossil fuels,82,,,,
2011,IRN,Total,225,,,,
2012,IRN,Coal,0.4,,,,
2012,IRN,Gas,156,,,,
2012,IRN,Other fossil fuels,78,,,,
2012,IRN,Total,234,,,,
2013,IRN,Coal,0.5,,,,
2013,IRN,Gas,138,,,,
2013,IRN,Other fossil fuels,102,,,,
2013,IRN,Total,240,,,,
2014,IRN,Coal,0.5,,,,
2014,IRN,Gas,192,,,,
2014,IRN,Other fossil fuels,64,,,,
2014,IRN,Total,257,,,,
2015,IRN,Coal,0.5,,,,
2015,IRN,Gas,207,,,,
2015,IRN,Other fossil fuels,56,,,,
2015,IRN,Total,263,,,,
2016,IRN,Coal,0.5,,,,
2016,IRN,Gas,225,,,,
2016,IRN,Other fossil fuels,38,,,,
2016,IRN,Total,264,,,,
2017,IRN,Coal,0.7,,,,
2017,IRN,Gas,253,,,,
2017,IRN,Other fossil fuels,27,,,,
2017,IRN,Total,281,,,,
2018,IRN,Coal,0.6,,,,
2018,IRN,Gas,266,,,,
2018,IRN,Other fossil fuels,28,,,,
2018,IRN,Total,295,,,,
2019,IRN,Coal,0.8,,,,
2019,IRN,Gas,245,,,,
2019,IRN,Other fossil fuels,32,,,,
2019,IRN,Total,277,,,,
2020,IRN,Coal,0.8,,,,
2020,IRN,Gas,268,,,,
2020,IRN,Other fossil fuels,37,,,,
2020,IRN,Total,306,,,,
2021,IRN,Coal,0.7,,,,
2021,IRN,Gas,302,,,,
2021,IRN,Other fossil fuels,34,,,,
2021,IRN,Total,337,,,,
2022,IRN,Coal,0.7,,,,
2022,IRN,Gas,313,,,,
2022,IRN,Other fossil fuels,31,,,,
2022,IRN,Total,345,,,,
2023,IRN,Coal,0.7,,,,
2023,IRN,Gas,322,,,,
2023,IRN,Other fossil fuels,28,,,,
2023,IRN,Total,351,,,,
2024,IRN,Coal,0.7,,,,
2024,IRN,Gas,340,,,,
2024,IRN,Other fossil fuels,27,,,,
2024,IRN,Total,367,,,,
2025,IRN,Coal,0.7,,,,
2025,IRN,Gas,352,,,,
2025,IRN,Other fossil fuels,23,,,,
2025,IRN,Total,375,,,,
2000,IRQ,Coal,0,,,,
2000,IRQ,Gas,6.0,,,,
2000,IRQ,Other fossil fuels,25,,,,
2000,IRQ,Total,31,,,,
2001,IRQ,Coal,0,,,,
2001,IRQ,Gas,5.2,,,,
2001,IRQ,Other fossil fuels,26,,,,
2001,IRQ,Total,32,,,,
2002,IRQ,Coal,0,,,,
2002,IRQ,Gas,4.5,,,,
2002,IRQ,Other fossil fuels,29,,,,
2002,IRQ,Total,33,,,,
2003,IRQ,Coal,0,,,,
2003,IRQ,Gas,3.0,,,,
2003,IRQ,Other fossil fuels,25,,,,
2003,IRQ,Total,28,,,,
2004,IRQ,Coal,0,,,,
2004,IRQ,Gas,1.9,,,,
2004,IRQ,Other fossil fuels,30,,,,
2004,IRQ,Total,32,,,,
2005,IRQ,Coal,0,,,,
2005,IRQ,Gas,10,,,,
2005,IRQ,Other fossil fuels,14,,,,
2005,IRQ,Total,24,,,,
2006,IRQ,Coal,0,,,,
2006,IRQ,Gas,14,,,,
2006,IRQ,Other fossil fuels,14,,,,
2006,IRQ,Total,28,,,,
2007,IRQ,Coal,0,,,,
2007,IRQ,Gas,13,,,,
2007,IRQ,Other fossil fuels,15,,,,
2007,IRQ,Total,28,,,,
2008,IRQ,Coal,0,,,,
2008,IRQ,Gas,18,,,,
2008,IRQ,Other fossil fuels,15,,,,
2008,IRQ,Total,33,,,,
2009,IRQ,Coal,0,,,,
2009,IRQ,Gas,18,,,,
2009,IRQ,Other fossil fuels,16,,,,
2009,IRQ,Total,35,,,,
2010,IRQ,Coal,0,,,,
2010,IRQ,Gas,15,,,,
2010,IRQ,Other fossil fuels,29,,,,
2010,IRQ,Total,44,,,,
2011,IRQ,Coal,0,,,,
2011,IRQ,Gas,18,,,,
2011,IRQ,Other fossil fuels,33,,,,
2011,IRQ,Total,51,,,,
2012,IRQ,Coal,0,,,,
2012,IRQ,Gas,10,,,,
2012,IRQ,Other fossil fuels,31,,,,
2012,IRQ,Total,42,,,,
2013,IRQ,Coal,0,,,,
2013,IRQ,Gas,12,,,,
2013,IRQ,Other fossil fuels,42,,,,
2013,IRQ,Total,54,,,,
2014,IRQ,Coal,0,,,,
2014,IRQ,Gas,15,,,,
2014,IRQ,Other fossil fuels,51,,,,
2014,IRQ,Total,66,,,,
2015,IRQ,Coal,0,,,,
2015,IRQ,Gas,21,,,,
2015,IRQ,Other fossil fuels,47,,,,
2015,IRQ,Total,68,,,,
2016,IRQ,Coal,0,,,,
2016,IRQ,Gas,21,,,,
2016,IRQ,Other fossil fuels,58,,,,
2016,IRQ,Total,79,,,,
2017,IRQ,Coal,0,,,,
2017,IRQ,Gas,34,,,,
2017,IRQ,Other fossil fuels,58,,,,
2017,IRQ,Total,91,,,,
2018,IRQ,Coal,0,,,,
2018,IRQ,Gas,53,,,,
2018,IRQ,Other fossil fuels,43,,,,
2018,IRQ,Total,97,,,,
2019,IRQ,Coal,0,,,,
2019,IRQ,Gas,66,,,,
2019,IRQ,Other fossil fuels,44,,,,
2019,IRQ,Total,110,,,,
2020,IRQ,Coal,0,,,,
2020,IRQ,Gas,72,,,,
2020,IRQ,Other fossil fuels,41,,,,
2020,IRQ,Total,113,,,,
2021,IRQ,Coal,0,,,,
2021,IRQ,Gas,71,,,,
2021,IRQ,Other fossil fuels,46,,,,
2021,IRQ,Total,117,,,,
2022,IRQ,Coal,0,,,,
2022,IRQ,Gas,90,,,,
2022,IRQ,Other fossil fuels,41,,,,
2022,IRQ,Total,131,,,,
2023,IRQ,Coal,0,,,,
2023,IRQ,Gas,76,,,,
2023,IRQ,Other fossil fuels,68,,,,
2023,IRQ,Total,143,,,,
2024,IRQ,Coal,0,,,,
2024,IRQ,Gas,79,,,,
2024,IRQ,Other fossil fuels,68,,,,
2024,IRQ,Total,147,,,,
1990,IRL,Coal,5.9,,,,
1990,IRL,Gas,3.9,,,,
1990,IRL,Other fossil fuels,3.7,,,,
1990,IRL,Total,14,,,,
1991,IRL,Coal,5.9,,,,
1991,IRL,Gas,3.8,,,,
1991,IRL,Other fossil fuels,4.6,,,,
1991,IRL,Total,14,,,,
1992,IRL,Coal,6.7,,,,
1992,IRL,Gas,3.7,,,,
1992,IRL,Other fossil fuels,4.6,,,,
1992,IRL,Total,15,,,,
1993,IRL,Coal,6.6,,,,
1993,IRL,Gas,4.5,,,,
1993,IRL,Other fossil fuels,4.2,,,,
1993,IRL,Total,15,,,,
1994,IRL,Coal,6.7,,,,
1994,IRL,Gas,4.5,,,,
1994,IRL,Other fossil fuels,4.7,,,,
1994,IRL,Total,16,,,,
1995,IRL,Coal,7.0,,,,
1995,IRL,Gas,5.2,,,,
1995,IRL,Other fossil fuels,4.7,,,,
1995,IRL,Total,17,,,,
1996,IRL,Coal,7.0,,,,
1996,IRL,Gas,6.3,,,,
1996,IRL,Other fossil fuels,4.8,,,,
1996,IRL,Total,18,,,,
1997,IRL,Coal,6.8,,,,
1997,IRL,Gas,6.6,,,,
1997,IRL,Other fossil fuels,5.5,,,,
1997,IRL,Total,19,,,,
1998,IRL,Coal,6.7,,,,
1998,IRL,Gas,6.4,,,,
1998,IRL,Other fossil fuels,6.5,,,,
1998,IRL,Total,20,,,,
1999,IRL,Coal,5.8,,,,
1999,IRL,Gas,7.0,,,,
1999,IRL,Other fossil fuels,7.8,,,,
1999,IRL,Total,21,,,,
2000,IRL,Coal,6.8,,,,
2000,IRL,Gas,9.3,,,,
2000,IRL,Other fossil fuels,6.4,,,,
2000,IRL,Total,22,,,,
2001,IRL,Coal,7.1,,,,
2001,IRL,Gas,9.2,,,,
2001,IRL,Other fossil fuels,7.3,,,,
2001,IRL,Total,24,,,,
2002,IRL,Coal,6.8,,,,
2002,IRL,Gas,11,,,,
2002,IRL,Other fossil fuels,5.8,,,,
2002,IRL,Total,23,,,,
2003,IRL,Coal,6.2,,,,
2003,IRL,Gas,13,,,,
2003,IRL,Other fossil fuels,4.4,,,,
2003,IRL,Total,24,,,,
2004,IRL,Coal,6.2,,,,
2004,IRL,Gas,13,,,,
2004,IRL,Other fossil fuels,4.7,,,,
2004,IRL,Total,24,,,,
2005,IRL,Coal,6.4,,,,
2005,IRL,Gas,12,,,,
2005,IRL,Other fossil fuels,5.8,,,,
2005,IRL,Total,24,,,,
2006,IRL,Coal,5.9,,,,
2006,IRL,Gas,14,,,,
2006,IRL,Other fossil fuels,4.9,,,,
2006,IRL,Total,25,,,,
2007,IRL,Coal,5.4,,,,
2007,IRL,Gas,16,,,,
2007,IRL,Other fossil fuels,4.0,,,,
2007,IRL,Total,26,,,,
2008,IRL,Coal,5.1,,,,
2008,IRL,Gas,17,,,,
2008,IRL,Other fossil fuels,4.4,,,,
2008,IRL,Total,26,,,,
2009,IRL,Coal,4.0,,,,
2009,IRL,Gas,16,,,,
2009,IRL,Other fossil fuels,3.5,,,,
2009,IRL,Total,24,,,,
2010,IRL,Coal,3.6,,,,
2010,IRL,Gas,18,,,,
2010,IRL,Other fossil fuels,2.7,,,,
2010,IRL,Total,24,,,,
2011,IRL,Coal,3.9,,,,
2011,IRL,Gas,15,,,,
2011,IRL,Other fossil fuels,2.3,,,,
2011,IRL,Total,22,,,,
2012,IRL,Coal,5.0,,,,
2012,IRL,Gas,14,,,,
2012,IRL,Other fossil fuels,2.7,,,,
2012,IRL,Total,22,,,,
2013,IRL,Coal,4.3,,,,
2013,IRL,Gas,13,,,,
2013,IRL,Other fossil fuels,2.5,,,,
2013,IRL,Total,20,,,,
2014,IRL,Coal,4.0,,,,
2014,IRL,Gas,13,,,,
2014,IRL,Other fossil fuels,2.8,,,,
2014,IRL,Total,19,,,,
2015,IRL,Coal,4.9,,,,
2015,IRL,Gas,12,,,,
2015,IRL,Other fossil fuels,2.9,,,,
2015,IRL,Total,20,,,,
2016,IRL,Coal,4.7,,,,
2016,IRL,Gas,15,,,,
2016,IRL,Other fossil fuels,2.7,,,,
2016,IRL,Total,23,,,,
2017,IRL,Coal,3.6,,,,
2017,IRL,Gas,16,,,,
2017,IRL,Other fossil fuels,2.5,,,,
2017,IRL,Total,22,,,,
2018,IRL,Coal,2.2,,,,
2018,IRL,Gas,16,,,,
2018,IRL,Other fossil fuels,2.5,,,,
2018,IRL,Total,21,,,,
2019,IRL,Coal,0.5,,,,
2019,IRL,Gas,16,,,,
2019,IRL,Other fossil fuels,2.5,,,,
2019,IRL,Total,19,,,,
2020,IRL,Coal,0.7,,,,
2020,IRL,Gas,16,,,,
2020,IRL,Other fossil fuels,1.6,,,,
2020,IRL,Total,19,,,,
2021,IRL,Coal,2.7,,,,
2021,IRL,Gas,15,,,,
2021,IRL,Other fossil fuels,2.1,,,,
2021,IRL,Total,20,,,,
2022,IRL,Coal,2.4,,,,
2022,IRL,Gas,17,,,,
2022,IRL,Other fossil fuels,1.6,,,,
2022,IRL,Total,21,,,,
2023,IRL,Coal,1.2,,,,
2023,IRL,Gas,15,,,,
2023,IRL,Other fossil fuels,0.7,,,,
2023,IRL,Total,17,,,,
2024,IRL,Coal,0.6,,,,
2024,IRL,Gas,15,,,,
2024,IRL,Other fossil fuels,0.9,,,,
2024,IRL,Total,17,,,,
2025,IRL,Coal,0.2,,,,
2025,IRL,Gas,15,,,,
2025,IRL,Other fossil fuels,0.9,,,,
2025,IRL,Total,16,,,,
2000,ISR,Coal,29,,,,
2000,ISR,Gas,0,,,,
2000,ISR,Other fossil fuels,13,,,,
2000,ISR,Total,43,,,,
2001,ISR,Coal,33,,,,
2001,ISR,Gas,0,,,,
2001,ISR,Other fossil fuels,11,,,,
2001,ISR,Total,44,,,,
2002,ISR,Coal,35,,,,
2002,ISR,Gas,0,,,,
2002,ISR,Other fossil fuels,10,,,,
2002,ISR,Total,45,,,,
2003,ISR,Coal,36,,,,
2003,ISR,Gas,0,,,,
2003,ISR,Other fossil fuels,11,,,,
2003,ISR,Total,47,,,,
2004,ISR,Coal,36,,,,
2004,ISR,Gas,4.3,,,,
2004,ISR,Other fossil fuels,6.4,,,,
2004,ISR,Total,47,,,,
2005,ISR,Coal,36,,,,
2005,ISR,Gas,5.6,,,,
2005,ISR,Other fossil fuels,6.8,,,,
2005,ISR,Total,49,,,,
2006,ISR,Coal,36,,,,
2006,ISR,Gas,9.1,,,,
2006,ISR,Other fossil fuels,5.7,,,,
2006,ISR,Total,51,,,,
2007,ISR,Coal,37,,,,
2007,ISR,Gas,11,,,,
2007,ISR,Other fossil fuels,5.9,,,,
2007,ISR,Total,54,,,,
2008,ISR,Coal,35,,,,
2008,ISR,Gas,15,,,,
2008,ISR,Other fossil fuels,6.0,,,,
2008,ISR,Total,57,,,,
2009,ISR,Coal,34,,,,
2009,ISR,Gas,18,,,,
2009,ISR,Other fossil fuels,2.3,,,,
2009,ISR,Total,55,,,,
2010,ISR,Coal,34,,,,
2010,ISR,Gas,22,,,,
2010,ISR,Other fossil fuels,2.2,,,,
2010,ISR,Total,58,,,,
2011,ISR,Coal,35,,,,
2011,ISR,Gas,20,,,,
2011,ISR,Other fossil fuels,4.4,,,,
2011,ISR,Total,59,,,,
2012,ISR,Coal,39,,,,
2012,ISR,Gas,11,,,,
2012,ISR,Other fossil fuels,13,,,,
2012,ISR,Total,63,,,,
2013,ISR,Coal,32,,,,
2013,ISR,Gas,26,,,,
2013,ISR,Other fossil fuels,2.3,,,,
2013,ISR,Total,61,,,,
2014,ISR,Coal,30,,,,
2014,ISR,Gas,29,,,,
2014,ISR,Other fossil fuels,0.3,,,,
2014,ISR,Total,60,,,,
2015,ISR,Coal,29,,,,
2015,ISR,Gas,33,,,,
2015,ISR,Other fossil fuels,0.7,,,,
2015,ISR,Total,63,,,,
2016,ISR,Coal,24,,,,
2016,ISR,Gas,41,,,,
2016,ISR,Other fossil fuels,0.3,,,,
2016,ISR,Total,65,,,,
2017,ISR,Coal,22,,,,
2017,ISR,Gas,43,,,,
2017,ISR,Other fossil fuels,0.9,,,,
2017,ISR,Total,66,,,,
2018,ISR,Coal,21,,,,
2018,ISR,Gas,46,,,,
2018,ISR,Other fossil fuels,0.5,,,,
2018,ISR,Total,67,,,,
2019,ISR,Coal,22,,,,
2019,ISR,Gas,46,,,,
2019,ISR,Other fossil fuels,1.2,,,,
2019,ISR,Total,69,,,,
2020,ISR,Coal,19,,,,
2020,ISR,Gas,49,,,,
2020,ISR,Other fossil fuels,0.5,,,,
2020,ISR,Total,68,,,,
2021,ISR,Coal,17,,,,
2021,ISR,Gas,51,,,,
2021,ISR,Other fossil fuels,0.4,,,,
2021,ISR,Total,68,,,,
2022,ISR,Coal,17,,,,
2022,ISR,Gas,52,,,,
2022,ISR,Other fossil fuels,0.4,,,,
2022,ISR,Total,69,,,,
2023,ISR,Coal,13,,,,
2023,ISR,Gas,55,,,,
2023,ISR,Other fossil fuels,0.5,,,,
2023,ISR,Total,68,,,,
2024,ISR,Coal,12,,,,
2024,ISR,Gas,57,,,,
2024,ISR,Other fossil fuels,0.4,,,,
2024,ISR,Total,69,,,,
2025,ISR,Coal,2.8,,,,
2025,ISR,Gas,65,,,,
2025,ISR,Other fossil fuels,0,,,,
2025,ISR,Total,68,,,,
1990,ITA,Coal,32,,,,
1990,ITA,Gas,40,,,,
1990,ITA,Other fossil fuels,106,,,,
1990,ITA,Total,178,,,,
1991,ITA,Coal,29,,,,
1991,ITA,Gas,36,,,,
1991,ITA,Other fossil fuels,108,,,,
1991,ITA,Total,173,,,,
1992,ITA,Coal,21,,,,
1992,ITA,Gas,35,,,,
1992,ITA,Other fossil fuels,120,,,,
1992,ITA,Total,177,,,,
1993,ITA,Coal,17,,,,
1993,ITA,Gas,40,,,,
1993,ITA,Other fossil fuels,118,,,,
1993,ITA,Total,175,,,,
1994,ITA,Coal,20,,,,
1994,ITA,Gas,41,,,,
1994,ITA,Other fossil fuels,120,,,,
1994,ITA,Total,181,,,,
1995,ITA,Coal,24,,,,
1995,ITA,Gas,47,,,,
1995,ITA,Other fossil fuels,125,,,,
1995,ITA,Total,196,,,,
1996,ITA,Coal,22,,,,
1996,ITA,Gas,50,,,,
1996,ITA,Other fossil fuels,121,,,,
1996,ITA,Total,193,,,,
1997,ITA,Coal,21,,,,
1997,ITA,Gas,61,,,,
1997,ITA,Other fossil fuels,119,,,,
1997,ITA,Total,200,,,,
1998,ITA,Coal,23,,,,
1998,ITA,Gas,71,,,,
1998,ITA,Other fossil fuels,113,,,,
1998,ITA,Total,207,,,,
1999,ITA,Coal,24,,,,
1999,ITA,Gas,87,,,,
1999,ITA,Other fossil fuels,97,,,,
1999,ITA,Total,208,,,,
2000,ITA,Coal,26,,,,
2000,ITA,Gas,101,,,,
2000,ITA,Other fossil fuels,91,,,,
2000,ITA,Total,219,,,,
2001,ITA,Coal,32,,,,
2001,ITA,Gas,104,,,,
2001,ITA,Other fossil fuels,82,,,,
2001,ITA,Total,218,,,,
2002,ITA,Coal,35,,,,
2002,ITA,Gas,99,,,,
2002,ITA,Other fossil fuels,94,,,,
2002,ITA,Total,229,,,,
2003,ITA,Coal,39,,,,
2003,ITA,Gas,117,,,,
2003,ITA,Other fossil fuels,83,,,,
2003,ITA,Total,239,,,,
2004,ITA,Coal,46,,,,
2004,ITA,Gas,130,,,,
2004,ITA,Other fossil fuels,64,,,,
2004,ITA,Total,240,,,,
2005,ITA,Coal,44,,,,
2005,ITA,Gas,149,,,,
2005,ITA,Other fossil fuels,53,,,,
2005,ITA,Total,246,,,,
2006,ITA,Coal,44,,,,
2006,ITA,Gas,158,,,,
2006,ITA,Other fossil fuels,53,,,,
2006,ITA,Total,255,,,,
2007,ITA,Coal,44,,,,
2007,ITA,Gas,173,,,,
2007,ITA,Other fossil fuels,42,,,,
2007,ITA,Total,258,,,,
2008,ITA,Coal,43,,,,
2008,ITA,Gas,173,,,,
2008,ITA,Other fossil fuels,38,,,,
2008,ITA,Total,253,,,,
2009,ITA,Coal,40,,,,
2009,ITA,Gas,147,,,,
2009,ITA,Other fossil fuels,30,,,,
2009,ITA,Total,217,,,,
2010,ITA,Coal,40,,,,
2010,ITA,Gas,153,,,,
2010,ITA,Other fossil fuels,27,,,,
2010,ITA,Total,220,,,,
2011,ITA,Coal,45,,,,
2011,ITA,Gas,145,,,,
2011,ITA,Other fossil fuels,26,,,,
2011,ITA,Total,215,,,,
2012,ITA,Coal,49,,,,
2012,ITA,Gas,129,,,,
2012,ITA,Other fossil fuels,25,,,,
2012,ITA,Total,203,,,,
2013,ITA,Coal,45,,,,
2013,ITA,Gas,109,,,,
2013,ITA,Other fossil fuels,20,,,,
2013,ITA,Total,174,,,,
2014,ITA,Coal,43,,,,
2014,ITA,Gas,94,,,,
2014,ITA,Other fossil fuels,19,,,,
2014,ITA,Total,156,,,,
2015,ITA,Coal,43,,,,
2015,ITA,Gas,111,,,,
2015,ITA,Other fossil fuels,17,,,,
2015,ITA,Total,171,,,,
2016,ITA,Coal,36,,,,
2016,ITA,Gas,126,,,,
2016,ITA,Other fossil fuels,16,,,,
2016,ITA,Total,178,,,,
2017,ITA,Coal,33,,,,
2017,ITA,Gas,140,,,,
2017,ITA,Other fossil fuels,15,,,,
2017,ITA,Total,188,,,,
2018,ITA,Coal,28,,,,
2018,ITA,Gas,129,,,,
2018,ITA,Other fossil fuels,15,,,,
2018,ITA,Total,172,,,,
2019,ITA,Coal,19,,,,
2019,ITA,Gas,142,,,,
2019,ITA,Other fossil fuels,14,,,,
2019,ITA,Total,174,,,,
2020,ITA,Coal,13,,,,
2020,ITA,Gas,134,,,,
2020,ITA,Other fossil fuels,13,,,,
2020,ITA,Total,160,,,,
2021,ITA,Coal,14,,,,
2021,ITA,Gas,144,,,,
2021,ITA,Other fossil fuels,11,,,,
2021,ITA,Total,169,,,,
2022,ITA,Coal,23,,,,
2022,ITA,Gas,141,,,,
2022,ITA,Other fossil fuels,16,,,,
2022,ITA,Total,180,,,,
2023,ITA,Coal,13,,,,
2023,ITA,Gas,119,,,,
2023,ITA,Other fossil fuels,13,,,,
2023,ITA,Total,145,,,,
2024,ITA,Coal,4.0,,,,
2024,ITA,Gas,119,,,,
2024,ITA,Other fossil fuels,11,,,,
2024,ITA,Total,133,,,,
2025,ITA,Coal,3.6,,,,
2025,ITA,Gas,126,,,,
2025,ITA,Other fossil fuels,6.7,,,,
2025,ITA,Total,136,,,,
2000,JAM,Coal,0,,,,
2000,JAM,Gas,0,,,,
2000,JAM,Other fossil fuels,6.5,,,,
2000,JAM,Total,6.5,,,,
2001,JAM,Coal,0,,,,
2001,JAM,Gas,0,,,,
2001,JAM,Other fossil fuels,6.6,,,,
2001,JAM,Total,6.6,,,,
2002,JAM,Coal,0,,,,
2002,JAM,Gas,0,,,,
2002,JAM,Other fossil fuels,6.8,,,,
2002,JAM,Total,6.8,,,,
2003,JAM,Coal,0,,,,
2003,JAM,Gas,0,,,,
2003,JAM,Other fossil fuels,7.0,,,,
2003,JAM,Total,7.0,,,,
2004,JAM,Coal,0,,,,
2004,JAM,Gas,0,,,,
2004,JAM,Other fossil fuels,7.0,,,,
2004,JAM,Total,7.0,,,,
2005,JAM,Coal,0,,,,
2005,JAM,Gas,0,,,,
2005,JAM,Other fossil fuels,7.2,,,,
2005,JAM,Total,7.2,,,,
2006,JAM,Coal,0,,,,
2006,JAM,Gas,0,,,,
2006,JAM,Other fossil fuels,7.2,,,,
2006,JAM,Total,7.2,,,,
2007,JAM,Coal,0,,,,
2007,JAM,Gas,0,,,,
2007,JAM,Other fossil fuels,5.8,,,,
2007,JAM,Total,5.8,,,,
2008,JAM,Coal,0,,,,
2008,JAM,Gas,0,,,,
2008,JAM,Other fossil fuels,4.0,,,,
2008,JAM,Total,4.0,,,,
2009,JAM,Coal,0,,,,
2009,JAM,Gas,0,,,,
2009,JAM,Other fossil fuels,4.1,,,,
2009,JAM,Total,4.1,,,,
2010,JAM,Coal,0,,,,
2010,JAM,Gas,0,,,,
2010,JAM,Other fossil fuels,4.0,,,,
2010,JAM,Total,4.0,,,,
2011,JAM,Coal,0,,,,
2011,JAM,Gas,0,,,,
2011,JAM,Other fossil fuels,4.0,,,,
2011,JAM,Total,4.0,,,,
2012,JAM,Coal,0,,,,
2012,JAM,Gas,0,,,,
2012,JAM,Other fossil fuels,3.9,,,,
2012,JAM,Total,3.9,,,,
2013,JAM,Coal,0,,,,
2013,JAM,Gas,0,,,,
2013,JAM,Other fossil fuels,3.9,,,,
2013,JAM,Total,3.9,,,,
2014,JAM,Coal,0,,,,
2014,JAM,Gas,0,,,,
2014,JAM,Other fossil fuels,3.8,,,,
2014,JAM,Total,3.8,,,,
2015,JAM,Coal,0,,,,
2015,JAM,Gas,0,,,,
2015,JAM,Other fossil fuels,3.8,,,,
2015,JAM,Total,3.8,,,,
2016,JAM,Coal,0,,,,
2016,JAM,Gas,0.1,,,,
2016,JAM,Other fossil fuels,3.9,,,,
2016,JAM,Total,3.9,,,,
2017,JAM,Coal,0,,,,
2017,JAM,Gas,0.8,,,,
2017,JAM,Other fossil fuels,3.1,,,,
2017,JAM,Total,3.9,,,,
2018,JAM,Coal,0,,,,
2018,JAM,Gas,0.5,,,,
2018,JAM,Other fossil fuels,2.9,,,,
2018,JAM,Total,3.4,,,,
2019,JAM,Coal,0,,,,
2019,JAM,Gas,1.3,,,,
2019,JAM,Other fossil fuels,2.8,,,,
2019,JAM,Total,4.1,,,,
2020,JAM,Coal,0,,,,
2020,JAM,Gas,2.5,,,,
2020,JAM,Other fossil fuels,1.2,,,,
2020,JAM,Total,3.7,,,,
2021,JAM,Coal,0,,,,
2021,JAM,Gas,2.5,,,,
2021,JAM,Other fossil fuels,1.2,,,,
2021,JAM,Total,3.8,,,,
2022,JAM,Coal,0,,,,
2022,JAM,Gas,2.4,,,,
2022,JAM,Other fossil fuels,1.5,,,,
2022,JAM,Total,3.9,,,,
2023,JAM,Coal,0,,,,
2023,JAM,Gas,2.8,,,,
2023,JAM,Other fossil fuels,1.4,,,,
2023,JAM,Total,4.2,,,,
2024,JAM,Coal,0,,,,
2024,JAM,Gas,2.8,,,,
2024,JAM,Other fossil fuels,1.5,,,,
2024,JAM,Total,4.3,,,,
1985,JPN,Coal,101,,,,
1985,JPN,Gas,130,,,,
1985,JPN,Other fossil fuels,186,,,,
1985,JPN,Total,417,,,,
1986,JPN,Coal,100,,,,
1986,JPN,Gas,133,,,,
1986,JPN,Other fossil fuels,183,,,,
1986,JPN,Total,416,,,,
1987,JPN,Coal,109,,,,
1987,JPN,Gas,137,,,,
1987,JPN,Other fossil fuels,195,,,,
1987,JPN,Total,441,,,,
1988,JPN,Coal,114,,,,
1988,JPN,Gas,144,,,,
1988,JPN,Other fossil fuels,216,,,,
1988,JPN,Total,474,,,,
1989,JPN,Coal,118,,,,
1989,JPN,Gas,152,,,,
1989,JPN,Other fossil fuels,235,,,,
1989,JPN,Total,505,,,,
1990,JPN,Coal,121,,,,
1990,JPN,Gas,176,,,,
1990,JPN,Other fossil fuels,292,,,,
1990,JPN,Total,589,,,,
1991,JPN,Coal,128,,,,
1991,JPN,Gas,188,,,,
1991,JPN,Other fossil fuels,281,,,,
1991,JPN,Total,597,,,,
1992,JPN,Coal,134,,,,
1992,JPN,Gas,187,,,,
1992,JPN,Other fossil fuels,287,,,,
1992,JPN,Total,608,,,,
1993,JPN,Coal,143,,,,
1993,JPN,Gas,187,,,,
1993,JPN,Other fossil fuels,244,,,,
1993,JPN,Total,574,,,,
1994,JPN,Coal,160,,,,
1994,JPN,Gas,203,,,,
1994,JPN,Other fossil fuels,286,,,,
1994,JPN,Total,648,,,,
1995,JPN,Coal,172,,,,
1995,JPN,Gas,205,,,,
1995,JPN,Other fossil fuels,254,,,,
1995,JPN,Total,631,,,,
1996,JPN,Coal,182,,,,
1996,JPN,Gas,217,,,,
1996,JPN,Other fossil fuels,242,,,,
1996,JPN,Total,641,,,,
1997,JPN,Coal,192,,,,
1997,JPN,Gas,225,,,,
1997,JPN,Other fossil fuels,214,,,,
1997,JPN,Total,631,,,,
1998,JPN,Coal,196,,,,
1998,JPN,Gas,235,,,,
1998,JPN,Other fossil fuels,197,,,,
1998,JPN,Total,628,,,,
1999,JPN,Coal,215,,,,
1999,JPN,Gas,249,,,,
1999,JPN,Other fossil fuels,197,,,,
1999,JPN,Total,661,,,,
2000,JPN,Coal,238,,,,
2000,JPN,Gas,259,,,,
2000,JPN,Other fossil fuels,183,,,,
2000,JPN,Total,680,,,,
2001,JPN,Coal,254,,,,
2001,JPN,Gas,257,,,,
2001,JPN,Other fossil fuels,154,,,,
2001,JPN,Total,664,,,,
2002,JPN,Coal,264,,,,
2002,JPN,Gas,253,,,,
2002,JPN,Other fossil fuels,173,,,,
2002,JPN,Total,690,,,,
2003,JPN,Coal,292,,,,
2003,JPN,Gas,273,,,,
2003,JPN,Other fossil fuels,185,,,,
2003,JPN,Total,750,,,,
2004,JPN,Coal,295,,,,
2004,JPN,Gas,258,,,,
2004,JPN,Other fossil fuels,170,,,,
2004,JPN,Total,723,,,,
2005,JPN,Coal,319,,,,
2005,JPN,Gas,253,,,,
2005,JPN,Other fossil fuels,185,,,,
2005,JPN,Total,757,,,,
2006,JPN,Coal,311,,,,
2006,JPN,Gas,280,,,,
2006,JPN,Other fossil fuels,154,,,,
2006,JPN,Total,746,,,,
2007,JPN,Coal,317,,,,
2007,JPN,Gas,297,,,,
2007,JPN,Other fossil fuels,185,,,,
2007,JPN,Total,799,,,,
2008,JPN,Coal,334,,,,
2008,JPN,Gas,325,,,,
2008,JPN,Other fossil fuels,171,,,,
2008,JPN,Total,830,,,,
2009,JPN,Coal,312,,,,
2009,JPN,Gas,325,,,,
2009,JPN,Other fossil fuels,105,,,,
2009,JPN,Total,742,,,,
2010,JPN,Coal,317,,,,
2010,JPN,Gas,326,,,,
2010,JPN,Other fossil fuels,103,,,,
2010,JPN,Total,745,,,,
2011,JPN,Coal,285,,,,
2011,JPN,Gas,380,,,,
2011,JPN,Other fossil fuels,163,,,,
2011,JPN,Total,828,,,,
2012,JPN,Coal,334,,,,
2012,JPN,Gas,435,,,,
2012,JPN,Other fossil fuels,208,,,,
2012,JPN,Total,978,,,,
2013,JPN,Coal,363,,,,
2013,JPN,Gas,424,,,,
2013,JPN,Other fossil fuels,166,,,,
2013,JPN,Total,953,,,,
2014,JPN,Coal,356,,,,
2014,JPN,Gas,451,,,,
2014,JPN,Other fossil fuels,122,,,,
2014,JPN,Total,929,,,,
2015,JPN,Coal,350,,,,
2015,JPN,Gas,418,,,,
2015,JPN,Other fossil fuels,104,,,,
2015,JPN,Total,872,,,,
2016,JPN,Coal,339,,,,
2016,JPN,Gas,458,,,,
2016,JPN,Other fossil fuels,97,,,,
2016,JPN,Total,894,,,,
2017,JPN,Coal,363,,,,
2017,JPN,Gas,464,,,,
2017,JPN,Other fossil fuels,57,,,,
2017,JPN,Total,884,,,,
2018,JPN,Coal,361,,,,
2018,JPN,Gas,446,,,,
2018,JPN,Other fossil fuels,52,,,,
2018,JPN,Total,858,,,,
2019,JPN,Coal,351,,,,
2019,JPN,Gas,417,,,,
2019,JPN,Other fossil fuels,38,,,,
2019,JPN,Total,805,,,,
2020,JPN,Coal,340,,,,
2020,JPN,Gas,409,,,,
2020,JPN,Other fossil fuels,25,,,,
2020,JPN,Total,775,,,,
2021,JPN,Coal,348,,,,
2021,JPN,Gas,386,,,,
2021,JPN,Other fossil fuels,31,,,,
2021,JPN,Total,765,,,,
2022,JPN,Coal,351,,,,
2022,JPN,Gas,379,,,,
2022,JPN,Other fossil fuels,46,,,,
2022,JPN,Total,776,,,,
2023,JPN,Coal,327,,,,
2023,JPN,Gas,347,,,,
2023,JPN,Other fossil fuels,33,,,,
2023,JPN,Total,706,,,,
2024,JPN,Coal,327,,,,
2024,JPN,Gas,346,,,,
2024,JPN,Other fossil fuels,25,,,,
2024,JPN,Total,698,,,,
2025,JPN,Coal,330,,,,
2025,JPN,Gas,338,,,,
2025,JPN,Other fossil fuels,25,,,,
2025,JPN,Total,693,,,,
2000,JOR,Coal,0,,,,
2000,JOR,Gas,0.7,,,,
2000,JOR,Other fossil fuels,6.6,,,,
2000,JOR,Total,7.3,,,,
2001,JOR,Coal,0,,,,
2001,JOR,Gas,0.8,,,,
2001,JOR,Other fossil fuels,6.7,,,,
2001,JOR,Total,7.5,,,,
2002,JOR,Coal,0,,,,
2002,JOR,Gas,0.7,,,,
2002,JOR,Other fossil fuels,7.4,,,,
2002,JOR,Total,8.1,,,,
2003,JOR,Coal,0,,,,
2003,JOR,Gas,0.8,,,,
2003,JOR,Other fossil fuels,7.2,,,,
2003,JOR,Total,8.0,,,,
2004,JOR,Coal,0,,,,
2004,JOR,Gas,4.5,,,,
2004,JOR,Other fossil fuels,4.4,,,,
2004,JOR,Total,8.9,,,,
2005,JOR,Coal,0,,,,
2005,JOR,Gas,5.3,,,,
2005,JOR,Other fossil fuels,4.3,,,,
2005,JOR,Total,9.6,,,,
2006,JOR,Coal,0,,,,
2006,JOR,Gas,7.8,,,,
2006,JOR,Other fossil fuels,3.3,,,,
2006,JOR,Total,11,,,,
2007,JOR,Coal,0,,,,
2007,JOR,Gas,11,,,,
2007,JOR,Other fossil fuels,2.2,,,,
2007,JOR,Total,13,,,,
2008,JOR,Coal,0,,,,
2008,JOR,Gas,12,,,,
2008,JOR,Other fossil fuels,2.2,,,,
2008,JOR,Total,14,,,,
2009,JOR,Coal,0,,,,
2009,JOR,Gas,13,,,,
2009,JOR,Other fossil fuels,1.2,,,,
2009,JOR,Total,14,,,,
2010,JOR,Coal,0,,,,
2010,JOR,Gas,11,,,,
2010,JOR,Other fossil fuels,4.2,,,,
2010,JOR,Total,15,,,,
2011,JOR,Coal,0,,,,
2011,JOR,Gas,4.0,,,,
2011,JOR,Other fossil fuels,11,,,,
2011,JOR,Total,15,,,,
2012,JOR,Coal,0,,,,
2012,JOR,Gas,3.1,,,,
2012,JOR,Other fossil fuels,13,,,,
2012,JOR,Total,17,,,,
2013,JOR,Coal,0,,,,
2013,JOR,Gas,4.3,,,,
2013,JOR,Other fossil fuels,13,,,,
2013,JOR,Total,17,,,,
2014,JOR,Coal,0,,,,
2014,JOR,Gas,1.3,,,,
2014,JOR,Other fossil fuels,17,,,,
2014,JOR,Total,18,,,,
2015,JOR,Coal,0,,,,
2015,JOR,Gas,9.2,,,,
2015,JOR,Other fossil fuels,9.6,,,,
2015,JOR,Total,19,,,,
2016,JOR,Coal,0,,,,
2016,JOR,Gas,17,,,,
2016,JOR,Other fossil fuels,2.2,,,,
2016,JOR,Total,19,,,,
2017,JOR,Coal,0,,,,
2017,JOR,Gas,17,,,,
2017,JOR,Other fossil fuels,2.8,,,,
2017,JOR,Total,19,,,,
2018,JOR,Coal,0,,,,
2018,JOR,Gas,17,,,,
2018,JOR,Other fossil fuels,1.3,,,,
2018,JOR,Total,18,,,,
2019,JOR,Coal,0,,,,
2019,JOR,Gas,17,,,,
2019,JOR,Other fossil fuels,0.9,,,,
2019,JOR,Total,18,,,,
2020,JOR,Coal,0,,,,
2020,JOR,Gas,16,,,,
2020,JOR,Other fossil fuels,0.8,,,,
2020,JOR,Total,17,,,,
2021,JOR,Coal,0,,,,
2021,JOR,Gas,16,,,,
2021,JOR,Other fossil fuels,0.9,,,,
2021,JOR,Total,16,,,,
2022,JOR,Coal,0,,,,
2022,JOR,Gas,16,,,,
2022,JOR,Other fossil fuels,0.9,,,,
2022,JOR,Total,17,,,,
2023,JOR,Coal,0,,,,
2023,JOR,Gas,15,,,,
2023,JOR,Other fossil fuels,3.9,,,,
2023,JOR,Total,19,,,,
2024,JOR,Coal,0,,,,
2024,JOR,Gas,15,,,,
2024,JOR,Other fossil fuels,3.3,,,,
2024,JOR,Total,18,,,,
1985,KAZ,Coal,59,,,,
1985,KAZ,Gas,8.7,,,,
1985,KAZ,Other fossil fuels,8.3,,,,
1985,KAZ,Total,76,,,,
1986,KAZ,Coal,62,,,,
1986,KAZ,Gas,9.2,,,,
1986,KAZ,Other fossil fuels,8.8,,,,
1986,KAZ,Total,80,,,,
1987,KAZ,Coal,64,,,,
1987,KAZ,Gas,9.5,,,,
1987,KAZ,Other fossil fuels,9.0,,,,
1987,KAZ,Total,83,,,,
1988,KAZ,Coal,63,,,,
1988,KAZ,Gas,9.3,,,,
1988,KAZ,Other fossil fuels,8.9,,,,
1988,KAZ,Total,81,,,,
1989,KAZ,Coal,64,,,,
1989,KAZ,Gas,9.4,,,,
1989,KAZ,Other fossil fuels,9.0,,,,
1989,KAZ,Total,82,,,,
1990,KAZ,Coal,62,,,,
1990,KAZ,Gas,9.1,,,,
1990,KAZ,Other fossil fuels,8.7,,,,
1990,KAZ,Total,80,,,,
1991,KAZ,Coal,62,,,,
1991,KAZ,Gas,8.6,,,,
1991,KAZ,Other fossil fuels,7.5,,,,
1991,KAZ,Total,78,,,,
1992,KAZ,Coal,60,,,,
1992,KAZ,Gas,8.7,,,,
1992,KAZ,Other fossil fuels,7.3,,,,
1992,KAZ,Total,76,,,,
1993,KAZ,Coal,55,,,,
1993,KAZ,Gas,7.8,,,,
1993,KAZ,Other fossil fuels,6.7,,,,
1993,KAZ,Total,70,,,,
1994,KAZ,Coal,47,,,,
1994,KAZ,Gas,5.4,,,,
1994,KAZ,Other fossil fuels,4.8,,,,
1994,KAZ,Total,57,,,,
1995,KAZ,Coal,48,,,,
1995,KAZ,Gas,5.5,,,,
1995,KAZ,Other fossil fuels,4.9,,,,
1995,KAZ,Total,58,,,,
1996,KAZ,Coal,42,,,,
1996,KAZ,Gas,4.8,,,,
1996,KAZ,Other fossil fuels,4.2,,,,
1996,KAZ,Total,51,,,,
1997,KAZ,Coal,37,,,,
1997,KAZ,Gas,4.2,,,,
1997,KAZ,Other fossil fuels,3.8,,,,
1997,KAZ,Total,45,,,,
1998,KAZ,Coal,36,,,,
1998,KAZ,Gas,4.1,,,,
1998,KAZ,Other fossil fuels,3.6,,,,
1998,KAZ,Total,44,,,,
1999,KAZ,Coal,34,,,,
1999,KAZ,Gas,4.1,,,,
1999,KAZ,Other fossil fuels,3.0,,,,
1999,KAZ,Total,41,,,,
2000,KAZ,Coal,36,,,,
2000,KAZ,Gas,5.5,,,,
2000,KAZ,Other fossil fuels,2.7,,,,
2000,KAZ,Total,44,,,,
2001,KAZ,Coal,39,,,,
2001,KAZ,Gas,5.9,,,,
2001,KAZ,Other fossil fuels,2.3,,,,
2001,KAZ,Total,47,,,,
2002,KAZ,Coal,40,,,,
2002,KAZ,Gas,6.2,,,,
2002,KAZ,Other fossil fuels,3.1,,,,
2002,KAZ,Total,49,,,,
2003,KAZ,Coal,46,,,,
2003,KAZ,Gas,6.8,,,,
2003,KAZ,Other fossil fuels,2.6,,,,
2003,KAZ,Total,55,,,,
2004,KAZ,Coal,51,,,,
2004,KAZ,Gas,7.2,,,,
2004,KAZ,Other fossil fuels,1.2,,,,
2004,KAZ,Total,59,,,,
2005,KAZ,Coal,50,,,,
2005,KAZ,Gas,7.3,,,,
2005,KAZ,Other fossil fuels,2.6,,,,
2005,KAZ,Total,60,,,,
2006,KAZ,Coal,49,,,,
2006,KAZ,Gas,8.0,,,,
2006,KAZ,Other fossil fuels,6.6,,,,
2006,KAZ,Total,64,,,,
2007,KAZ,Coal,56,,,,
2007,KAZ,Gas,5.1,,,,
2007,KAZ,Other fossil fuels,7.2,,,,
2007,KAZ,Total,68,,,,
2008,KAZ,Coal,62,,,,
2008,KAZ,Gas,8.2,,,,
2008,KAZ,Other fossil fuels,3.1,,,,
2008,KAZ,Total,73,,,,
2009,KAZ,Coal,58,,,,
2009,KAZ,Gas,13,,,,
2009,KAZ,Other fossil fuels,0.9,,,,
2009,KAZ,Total,72,,,,
2010,KAZ,Coal,67,,,,
2010,KAZ,Gas,7.4,,,,
2010,KAZ,Other fossil fuels,0.6,,,,
2010,KAZ,Total,75,,,,
2011,KAZ,Coal,70,,,,
2011,KAZ,Gas,7.9,,,,
2011,KAZ,Other fossil fuels,0.5,,,,
2011,KAZ,Total,79,,,,
2012,KAZ,Coal,68,,,,
2012,KAZ,Gas,15,,,,
2012,KAZ,Other fossil fuels,0.7,,,,
2012,KAZ,Total,83,,,,
2013,KAZ,Coal,69,,,,
2013,KAZ,Gas,15,,,,
2013,KAZ,Other fossil fuels,0.5,,,,
2013,KAZ,Total,85,,,,
2014,KAZ,Coal,68,,,,
2014,KAZ,Gas,17,,,,
2014,KAZ,Other fossil fuels,1.0,,,,
2014,KAZ,Total,86,,,,
2015,KAZ,Coal,65,,,,
2015,KAZ,Gas,16,,,,
2015,KAZ,Other fossil fuels,1.4,,,,
2015,KAZ,Total,82,,,,
2016,KAZ,Coal,63,,,,
2016,KAZ,Gas,18,,,,
2016,KAZ,Other fossil fuels,2.0,,,,
2016,KAZ,Total,83,,,,
2017,KAZ,Coal,71,,,,
2017,KAZ,Gas,20,,,,
2017,KAZ,Other fossil fuels,0.8,,,,
2017,KAZ,Total,91,,,,
2018,KAZ,Coal,76,,,,
2018,KAZ,Gas,20,,,,
2018,KAZ,Other fossil fuels,0.7,,,,
2018,KAZ,Total,96,,,,
2019,KAZ,Coal,75,,,,
2019,KAZ,Gas,20,,,,
2019,KAZ,Other fossil fuels,0.6,,,,
2019,KAZ,Total,95,,,,
2020,KAZ,Coal,74,,,,
2020,KAZ,Gas,23,,,,
2020,KAZ,Other fossil fuels,0.6,,,,
2020,KAZ,Total,97,,,,
2021,KAZ,Coal,74,,,,
2021,KAZ,Gas,26,,,,
2021,KAZ,Other fossil fuels,2.7,,,,
2021,KAZ,Total,102,,,,
2022,KAZ,Coal,71,,,,
2022,KAZ,Gas,28,,,,
2022,KAZ,Other fossil fuels,1.4,,,,
2022,KAZ,Total,100,,,,
2023,KAZ,Coal,65,,,,
2023,KAZ,Gas,33,,,,
2023,KAZ,Other fossil fuels,0.6,,,,
2023,KAZ,Total,99,,,,
2024,KAZ,Coal,64,,,,
2024,KAZ,Gas,35,,,,
2024,KAZ,Other fossil fuels,1.7,,,,
2024,KAZ,Total,100,,,,
2025,KAZ,Coal,67,,,,
2025,KAZ,Gas,36,,,,
2025,KAZ,Other fossil fuels,1.8,,,,
2025,KAZ,Total,105,,,,
2000,KEN,Coal,0,,,,
2000,KEN,Gas,0,,,,
2000,KEN,Other fossil fuels,2.6,,,,
2000,KEN,Total,2.6,,,,
2001,KEN,Coal,0,,,,
2001,KEN,Gas,0,,,,
2001,KEN,Other fossil fuels,2.0,,,,
2001,KEN,Total,2.0,,,,
2002,KEN,Coal,0,,,,
2002,KEN,Gas,0,,,,
2002,KEN,Other fossil fuels,1.2,,,,
2002,KEN,Total,1.2,,,,
2003,KEN,Coal,0,,,,
2003,KEN,Gas,0,,,,
2003,KEN,Other fossil fuels,1.0,,,,
2003,KEN,Total,1.0,,,,
2004,KEN,Coal,0,,,,
2004,KEN,Gas,0,,,,
2004,KEN,Other fossil fuels,1.8,,,,
2004,KEN,Total,1.8,,,,
2005,KEN,Coal,0,,,,
2005,KEN,Gas,0,,,,
2005,KEN,Other fossil fuels,2.2,,,,
2005,KEN,Total,2.2,,,,
2006,KEN,Coal,0,,,,
2006,KEN,Gas,0,,,,
2006,KEN,Other fossil fuels,2.8,,,,
2006,KEN,Total,2.8,,,,
2007,KEN,Coal,0,,,,
2007,KEN,Gas,0,,,,
2007,KEN,Other fossil fuels,1.7,,,,
2007,KEN,Total,1.7,,,,
2008,KEN,Coal,0,,,,
2008,KEN,Gas,0,,,,
2008,KEN,Other fossil fuels,1.7,,,,
2008,KEN,Total,1.7,,,,
2009,KEN,Coal,0,,,,
2009,KEN,Gas,0,,,,
2009,KEN,Other fossil fuels,2.6,,,,
2009,KEN,Total,2.6,,,,
2010,KEN,Coal,0,,,,
2010,KEN,Gas,0,,,,
2010,KEN,Other fossil fuels,1.8,,,,
2010,KEN,Total,1.8,,,,
2011,KEN,Coal,0,,,,
2011,KEN,Gas,0,,,,
2011,KEN,Other fossil fuels,2.4,,,,
2011,KEN,Total,2.4,,,,
2012,KEN,Coal,0,,,,
2012,KEN,Gas,0,,,,
2012,KEN,Other fossil fuels,1.8,,,,
2012,KEN,Total,1.8,,,,
2013,KEN,Coal,0,,,,
2013,KEN,Gas,0,,,,
2013,KEN,Other fossil fuels,1.8,,,,
2013,KEN,Total,1.8,,,,
2014,KEN,Coal,0,,,,
2014,KEN,Gas,0,,,,
2014,KEN,Other fossil fuels,2.2,,,,
2014,KEN,Total,2.2,,,,
2015,KEN,Coal,0,,,,
2015,KEN,Gas,0,,,,
2015,KEN,Other fossil fuels,1.0,,,,
2015,KEN,Total,1.0,,,,
2016,KEN,Coal,0,,,,
2016,KEN,Gas,0,,,,
2016,KEN,Other fossil fuels,1.0,,,,
2016,KEN,Total,1.0,,,,
2017,KEN,Coal,0,,,,
2017,KEN,Gas,0,,,,
2017,KEN,Other fossil fuels,2.1,,,,
2017,KEN,Total,2.1,,,,
2018,KEN,Coal,0,,,,
2018,KEN,Gas,0,,,,
2018,KEN,Other fossil fuels,1.6,,,,
2018,KEN,Total,1.6,,,,
2019,KEN,Coal,0,,,,
2019,KEN,Gas,0,,,,
2019,KEN,Other fossil fuels,1.3,,,,
2019,KEN,Total,1.3,,,,
2020,KEN,Coal,0,,,,
2020,KEN,Gas,0,,,,
2020,KEN,Other fossil fuels,0.8,,,,
2020,KEN,Total,0.8,,,,
2021,KEN,Coal,0,,,,
2021,KEN,Gas,0,,,,
2021,KEN,Other fossil fuels,1.3,,,,
2021,KEN,Total,1.3,,,,
2022,KEN,Coal,0,,,,
2022,KEN,Gas,0,,,,
2022,KEN,Other fossil fuels,1.6,,,,
2022,KEN,Total,1.6,,,,
2023,KEN,Coal,0,,,,
2023,KEN,Gas,0,,,,
2023,KEN,Other fossil fuels,1.3,,,,
2023,KEN,Total,1.3,,,,
2024,KEN,Coal,0,,,,
2024,KEN,Gas,0,,,,
2024,KEN,Other fossil fuels,1.1,,,,
2024,KEN,Total,1.1,,,,
2025,KEN,Coal,0,,,,
2025,KEN,Gas,0,,,,
2025,KEN,Other fossil fuels,1.4,,,,
2025,KEN,Total,1.4,,,,
2000,KIR,Coal,0,,,,
2000,KIR,Gas,0,,,,
2000,KIR,Other fossil fuels,0,,,,
2000,KIR,Total,0,,,,
2001,KIR,Coal,0,,,,
2001,KIR,Gas,0,,,,
2001,KIR,Other fossil fuels,0,,,,
2001,KIR,Total,0,,,,
2002,KIR,Coal,0,,,,
2002,KIR,Gas,0,,,,
2002,KIR,Other fossil fuels,0,,,,
2002,KIR,Total,0,,,,
2003,KIR,Coal,0,,,,
2003,KIR,Gas,0,,,,
2003,KIR,Other fossil fuels,0,,,,
2003,KIR,Total,0,,,,
2004,KIR,Coal,0,,,,
2004,KIR,Gas,0,,,,
2004,KIR,Other fossil fuels,0,,,,
2004,KIR,Total,0,,,,
2005,KIR,Coal,0,,,,
2005,KIR,Gas,0,,,,
2005,KIR,Other fossil fuels,0,,,,
2005,KIR,Total,0,,,,
2006,KIR,Coal,0,,,,
2006,KIR,Gas,0,,,,
2006,KIR,Other fossil fuels,0,,,,
2006,KIR,Total,0,,,,
2007,KIR,Coal,0,,,,
2007,KIR,Gas,0,,,,
2007,KIR,Other fossil fuels,0,,,,
2007,KIR,Total,0,,,,
2008,KIR,Coal,0,,,,
2008,KIR,Gas,0,,,,
2008,KIR,Other fossil fuels,0,,,,
2008,KIR,Total,0,,,,
2009,KIR,Coal,0,,,,
2009,KIR,Gas,0,,,,
2009,KIR,Other fossil fuels,0,,,,
2009,KIR,Total,0,,,,
2010,KIR,Coal,0,,,,
2010,KIR,Gas,0,,,,
2010,KIR,Other fossil fuels,0,,,,
2010,KIR,Total,0,,,,
2011,KIR,Coal,0,,,,
2011,KIR,Gas,0,,,,
2011,KIR,Other fossil fuels,0,,,,
2011,KIR,Total,0,,,,
2012,KIR,Coal,0,,,,
2012,KIR,Gas,0,,,,
2012,KIR,Other fossil fuels,0,,,,
2012,KIR,Total,0,,,,
2013,KIR,Coal,0,,,,
2013,KIR,Gas,0,,,,
2013,KIR,Other fossil fuels,0,,,,
2013,KIR,Total,0,,,,
2014,KIR,Coal,0,,,,
2014,KIR,Gas,0,,,,
2014,KIR,Other fossil fuels,0,,,,
2014,KIR,Total,0,,,,
2015,KIR,Coal,0,,,,
2015,KIR,Gas,0,,,,
2015,KIR,Other fossil fuels,0,,,,
2015,KIR,Total,0,,,,
2016,KIR,Coal,0,,,,
2016,KIR,Gas,0,,,,
2016,KIR,Other fossil fuels,0,,,,
2016,KIR,Total,0,,,,
2017,KIR,Coal,0,,,,
2017,KIR,Gas,0,,,,
2017,KIR,Other fossil fuels,0,,,,
2017,KIR,Total,0,,,,
2018,KIR,Coal,0,,,,
2018,KIR,Gas,0,,,,
2018,KIR,Other fossil fuels,0,,,,
2018,KIR,Total,0,,,,
2019,KIR,Coal,0,,,,
2019,KIR,Gas,0,,,,
2019,KIR,Other fossil fuels,0,,,,
2019,KIR,Total,0,,,,
2020,KIR,Coal,0,,,,
2020,KIR,Gas,0,,,,
2020,KIR,Other fossil fuels,0,,,,
2020,KIR,Total,0,,,,
2021,KIR,Coal,0,,,,
2021,KIR,Gas,0,,,,
2021,KIR,Other fossil fuels,0,,,,
2021,KIR,Total,0,,,,
2022,KIR,Coal,0,,,,
2022,KIR,Gas,0,,,,
2022,KIR,Other fossil fuels,0,,,,
2022,KIR,Total,0,,,,
2023,KIR,Coal,0,,,,
2023,KIR,Gas,0,,,,
2023,KIR,Other fossil fuels,0,,,,
2023,KIR,Total,0,,,,
2024,KIR,Coal,0,,,,
2024,KIR,Gas,0,,,,
2024,KIR,Other fossil fuels,0,,,,
2024,KIR,Total,0,,,,
2000,XKX,Coal,2.9,,,,
2000,XKX,Gas,0,,,,
2000,XKX,Other fossil fuels,0,,,,
2000,XKX,Total,2.9,,,,
2001,XKX,Coal,3.7,,,,
2001,XKX,Gas,0,,,,
2001,XKX,Other fossil fuels,0,,,,
2001,XKX,Total,3.7,,,,
2002,XKX,Coal,3.6,,,,
2002,XKX,Gas,0,,,,
2002,XKX,Other fossil fuels,0,,,,
2002,XKX,Total,3.7,,,,
2003,XKX,Coal,3.6,,,,
2003,XKX,Gas,0,,,,
2003,XKX,Other fossil fuels,0,,,,
2003,XKX,Total,3.6,,,,
2004,XKX,Coal,3.9,,,,
2004,XKX,Gas,0,,,,
2004,XKX,Other fossil fuels,0,,,,
2004,XKX,Total,4.0,,,,
2005,XKX,Coal,4.3,,,,
2005,XKX,Gas,0,,,,
2005,XKX,Other fossil fuels,0,,,,
2005,XKX,Total,4.4,,,,
2006,XKX,Coal,4.3,,,,
2006,XKX,Gas,0,,,,
2006,XKX,Other fossil fuels,0,,,,
2006,XKX,Total,4.3,,,,
2007,XKX,Coal,4.7,,,,
2007,XKX,Gas,0,,,,
2007,XKX,Other fossil fuels,0,,,,
2007,XKX,Total,4.7,,,,
2008,XKX,Coal,5.1,,,,
2008,XKX,Gas,0,,,,
2008,XKX,Other fossil fuels,0,,,,
2008,XKX,Total,5.1,,,,
2009,XKX,Coal,4.8,,,,
2009,XKX,Gas,0,,,,
2009,XKX,Other fossil fuels,0,,,,
2009,XKX,Total,4.9,,,,
2010,XKX,Coal,5.0,,,,
2010,XKX,Gas,0,,,,
2010,XKX,Other fossil fuels,0,,,,
2010,XKX,Total,5.0,,,,
2011,XKX,Coal,5.7,,,,
2011,XKX,Gas,0,,,,
2011,XKX,Other fossil fuels,0,,,,
2011,XKX,Total,5.7,,,,
2012,XKX,Coal,5.8,,,,
2012,XKX,Gas,0,,,,
2012,XKX,Other fossil fuels,0,,,,
2012,XKX,Total,5.8,,,,
2013,XKX,Coal,6.4,,,,
2013,XKX,Gas,0,,,,
2013,XKX,Other fossil fuels,0,,,,
2013,XKX,Total,6.4,,,,
2014,XKX,Coal,5.3,,,,
2014,XKX,Gas,0,,,,
2014,XKX,Other fossil fuels,0,,,,
2014,XKX,Total,5.3,,,,
2015,XKX,Coal,6.0,,,,
2015,XKX,Gas,0,,,,
2015,XKX,Other fossil fuels,0,,,,
2015,XKX,Total,6.0,,,,
2016,XKX,Coal,5.7,,,,
2016,XKX,Gas,0,,,,
2016,XKX,Other fossil fuels,0,,,,
2016,XKX,Total,5.7,,,,
2017,XKX,Coal,5.7,,,,
2017,XKX,Gas,0,,,,
2017,XKX,Other fossil fuels,0,,,,
2017,XKX,Total,5.7,,,,
2018,XKX,Coal,5.6,,,,
2018,XKX,Gas,0,,,,
2018,XKX,Other fossil fuels,0,,,,
2018,XKX,Total,5.6,,,,
2019,XKX,Coal,6.0,,,,
2019,XKX,Gas,0,,,,
2019,XKX,Other fossil fuels,0,,,,
2019,XKX,Total,6.0,,,,
2020,XKX,Coal,6.3,,,,
2020,XKX,Gas,0,,,,
2020,XKX,Other fossil fuels,0,,,,
2020,XKX,Total,6.3,,,,
2021,XKX,Coal,6.4,,,,
2021,XKX,Gas,0,,,,
2021,XKX,Other fossil fuels,0,,,,
2021,XKX,Total,6.5,,,,
2022,XKX,Coal,6.4,,,,
2022,XKX,Gas,0,,,,
2022,XKX,Other fossil fuels,0,,,,
2022,XKX,Total,6.5,,,,
2023,XKX,Coal,5.5,,,,
2023,XKX,Gas,0,,,,
2023,XKX,Other fossil fuels,0,,,,
2023,XKX,Total,5.5,,,,
2024,XKX,Coal,6.2,,,,
2024,XKX,Gas,0,,,,
2024,XKX,Other fossil fuels,0,,,,
2024,XKX,Total,6.2,,,,
2025,XKX,Coal,5.2,,,,
2025,XKX,Gas,0,,,,
2025,XKX,Other fossil fuels,0,,,,
2025,XKX,Total,5.2,,,,
2000,KWT,Coal,0,,,,
2000,KWT,Gas,11,,,,
2000,KWT,Other fossil fuels,22,,,,
2000,KWT,Total,32,,,,
2001,KWT,Coal,0,,,,
2001,KWT,Gas,11,,,,
2001,KWT,Other fossil fuels,24,,,,
2001,KWT,Total,34,,,,
2002,KWT,Coal,0,,,,
2002,KWT,Gas,8.0,,,,
2002,KWT,Other fossil fuels,28,,,,
2002,KWT,Total,36,,,,
2003,KWT,Coal,0,,,,
2003,KWT,Gas,9.8,,,,
2003,KWT,Other fossil fuels,30,,,,
2003,KWT,Total,40,,,,
2004,KWT,Coal,0,,,,
2004,KWT,Gas,11,,,,
2004,KWT,Other fossil fuels,30,,,,
2004,KWT,Total,41,,,,
2005,KWT,Coal,0,,,,
2005,KWT,Gas,11,,,,
2005,KWT,Other fossil fuels,33,,,,
2005,KWT,Total,44,,,,
2006,KWT,Coal,0,,,,
2006,KWT,Gas,15,,,,
2006,KWT,Other fossil fuels,33,,,,
2006,KWT,Total,48,,,,
2007,KWT,Coal,0,,,,
2007,KWT,Gas,16,,,,
2007,KWT,Other fossil fuels,33,,,,
2007,KWT,Total,49,,,,
2008,KWT,Coal,0,,,,
2008,KWT,Gas,18,,,,
2008,KWT,Other fossil fuels,33,,,,
2008,KWT,Total,52,,,,
2009,KWT,Coal,0,,,,
2009,KWT,Gas,15,,,,
2009,KWT,Other fossil fuels,38,,,,
2009,KWT,Total,53,,,,
2010,KWT,Coal,0,,,,
2010,KWT,Gas,20,,,,
2010,KWT,Other fossil fuels,37,,,,
2010,KWT,Total,57,,,,
2011,KWT,Coal,0,,,,
2011,KWT,Gas,23,,,,
2011,KWT,Other fossil fuels,35,,,,
2011,KWT,Total,57,,,,
2012,KWT,Coal,0,,,,
2012,KWT,Gas,31,,,,
2012,KWT,Other fossil fuels,30,,,,
2012,KWT,Total,61,,,,
2013,KWT,Coal,0,,,,
2013,KWT,Gas,27,,,,
2013,KWT,Other fossil fuels,34,,,,
2013,KWT,Total,61,,,,
2014,KWT,Coal,0,,,,
2014,KWT,Gas,34,,,,
2014,KWT,Other fossil fuels,31,,,,
2014,KWT,Total,65,,,,
2015,KWT,Coal,0,,,,
2015,KWT,Gas,38,,,,
2015,KWT,Other fossil fuels,31,,,,
2015,KWT,Total,68,,,,
2016,KWT,Coal,0,,,,
2016,KWT,Gas,41,,,,
2016,KWT,Other fossil fuels,29,,,,
2016,KWT,Total,70,,,,
2017,KWT,Coal,0,,,,
2017,KWT,Gas,36,,,,
2017,KWT,Other fossil fuels,32,,,,
2017,KWT,Total,69,,,,
2018,KWT,Coal,0,,,,
2018,KWT,Gas,39,,,,
2018,KWT,Other fossil fuels,35,,,,
2018,KWT,Total,74,,,,
2019,KWT,Coal,0,,,,
2019,KWT,Gas,42,,,,
2019,KWT,Other fossil fuels,33,,,,
2019,KWT,Total,75,,,,
2020,KWT,Coal,0,,,,
2020,KWT,Gas,39,,,,
2020,KWT,Other fossil fuels,35,,,,
2020,KWT,Total,75,,,,
2021,KWT,Coal,0,,,,
2021,KWT,Gas,41,,,,
2021,KWT,Other fossil fuels,40,,,,
2021,KWT,Total,81,,,,
2022,KWT,Coal,0,,,,
2022,KWT,Gas,44,,,,
2022,KWT,Other fossil fuels,40,,,,
2022,KWT,Total,83,,,,
2023,KWT,Coal,0,,,,
2023,KWT,Gas,55,,,,
2023,KWT,Other fossil fuels,33,,,,
2023,KWT,Total,88,,,,
2024,KWT,Coal,0,,,,
2024,KWT,Gas,57,,,,
2024,KWT,Other fossil fuels,33,,,,
2024,KWT,Total,90,,,,
2025,KWT,Coal,0,,,,
2025,KWT,Gas,56,,,,
2025,KWT,Other fossil fuels,32,,,,
2025,KWT,Total,87,,,,
2000,KGZ,Coal,0.8,,,,
2000,KGZ,Gas,1.5,,,,
2000,KGZ,Other fossil fuels,0,,,,
2000,KGZ,Total,2.3,,,,
2001,KGZ,Coal,0.8,,,,
2001,KGZ,Gas,1.7,,,,
2001,KGZ,Other fossil fuels,0,,,,
2001,KGZ,Total,2.5,,,,
2002,KGZ,Coal,0.6,,,,
2002,KGZ,Gas,1.7,,,,
2002,KGZ,Other fossil fuels,0,,,,
2002,KGZ,Total,2.3,,,,
2003,KGZ,Coal,0.6,,,,
2003,KGZ,Gas,1.5,,,,
2003,KGZ,Other fossil fuels,0,,,,
2003,KGZ,Total,2.1,,,,
2004,KGZ,Coal,0.6,,,,
2004,KGZ,Gas,1.6,,,,
2004,KGZ,Other fossil fuels,0,,,,
2004,KGZ,Total,2.2,,,,
2005,KGZ,Coal,1.5,,,,
2005,KGZ,Gas,0.7,,,,
2005,KGZ,Other fossil fuels,0,,,,
2005,KGZ,Total,2.2,,,,
2006,KGZ,Coal,1.5,,,,
2006,KGZ,Gas,0.7,,,,
2006,KGZ,Other fossil fuels,0,,,,
2006,KGZ,Total,2.2,,,,
2007,KGZ,Coal,1.6,,,,
2007,KGZ,Gas,0.4,,,,
2007,KGZ,Other fossil fuels,0.1,,,,
2007,KGZ,Total,2.1,,,,
2008,KGZ,Coal,1.3,,,,
2008,KGZ,Gas,0.2,,,,
2008,KGZ,Other fossil fuels,0.1,,,,
2008,KGZ,Total,1.7,,,,
2009,KGZ,Coal,0.4,,,,
2009,KGZ,Gas,0.1,,,,
2009,KGZ,Other fossil fuels,0.4,,,,
2009,KGZ,Total,0.9,,,,
2010,KGZ,Coal,0.6,,,,
2010,KGZ,Gas,0.2,,,,
2010,KGZ,Other fossil fuels,0.2,,,,
2010,KGZ,Total,1.0,,,,
2011,KGZ,Coal,0.6,,,,
2011,KGZ,Gas,0.2,,,,
2011,KGZ,Other fossil fuels,0.2,,,,
2011,KGZ,Total,1.0,,,,
2012,KGZ,Coal,0.7,,,,
2012,KGZ,Gas,0.1,,,,
2012,KGZ,Other fossil fuels,0.2,,,,
2012,KGZ,Total,1.0,,,,
2013,KGZ,Coal,0.8,,,,
2013,KGZ,Gas,0,,,,
2013,KGZ,Other fossil fuels,0.1,,,,
2013,KGZ,Total,0.9,,,,
2014,KGZ,Coal,1.1,,,,
2014,KGZ,Gas,0.1,,,,
2014,KGZ,Other fossil fuels,0.1,,,,
2014,KGZ,Total,1.3,,,,
2015,KGZ,Coal,1.7,,,,
2015,KGZ,Gas,0.2,,,,
2015,KGZ,Other fossil fuels,0,,,,
2015,KGZ,Total,1.9,,,,
2016,KGZ,Coal,1.6,,,,
2016,KGZ,Gas,0.2,,,,
2016,KGZ,Other fossil fuels,0,,,,
2016,KGZ,Total,1.8,,,,
2017,KGZ,Coal,1.2,,,,
2017,KGZ,Gas,0.1,,,,
2017,KGZ,Other fossil fuels,0,,,,
2017,KGZ,Total,1.3,,,,
2018,KGZ,Coal,1.1,,,,
2018,KGZ,Gas,0.1,,,,
2018,KGZ,Other fossil fuels,0.1,,,,
2018,KGZ,Total,1.3,,,,
2019,KGZ,Coal,1.1,,,,
2019,KGZ,Gas,0.1,,,,
2019,KGZ,Other fossil fuels,0,,,,
2019,KGZ,Total,1.3,,,,
2020,KGZ,Coal,1.3,,,,
2020,KGZ,Gas,0.1,,,,
2020,KGZ,Other fossil fuels,0.1,,,,
2020,KGZ,Total,1.4,,,,
2021,KGZ,Coal,2.0,,,,
2021,KGZ,Gas,0.2,,,,
2021,KGZ,Other fossil fuels,0,,,,
2021,KGZ,Total,2.2,,,,
2022,KGZ,Coal,1.8,,,,
2022,KGZ,Gas,0.1,,,,
2022,KGZ,Other fossil fuels,0,,,,
2022,KGZ,Total,1.9,,,,
2023,KGZ,Coal,1.6,,,,
2023,KGZ,Gas,0.2,,,,
2023,KGZ,Other fossil fuels,0.1,,,,
2023,KGZ,Total,1.8,,,,
2024,KGZ,Coal,1.5,,,,
2024,KGZ,Gas,0.2,,,,
2024,KGZ,Other fossil fuels,0.1,,,,
2024,KGZ,Total,1.8,,,,
2000,LAO,Coal,0,,,,
2000,LAO,Gas,0,,,,
2000,LAO,Other fossil fuels,0.4,,,,
2000,LAO,Total,0.4,,,,
2001,LAO,Coal,0,,,,
2001,LAO,Gas,0,,,,
2001,LAO,Other fossil fuels,0.4,,,,
2001,LAO,Total,0.4,,,,
2002,LAO,Coal,0,,,,
2002,LAO,Gas,0,,,,
2002,LAO,Other fossil fuels,0.4,,,,
2002,LAO,Total,0.4,,,,
2003,LAO,Coal,0,,,,
2003,LAO,Gas,0,,,,
2003,LAO,Other fossil fuels,0.3,,,,
2003,LAO,Total,0.3,,,,
2004,LAO,Coal,0,,,,
2004,LAO,Gas,0,,,,
2004,LAO,Other fossil fuels,0,,,,
2004,LAO,Total,0,,,,
2005,LAO,Coal,0,,,,
2005,LAO,Gas,0,,,,
2005,LAO,Other fossil fuels,0,,,,
2005,LAO,Total,0,,,,
2006,LAO,Coal,0,,,,
2006,LAO,Gas,0,,,,
2006,LAO,Other fossil fuels,0,,,,
2006,LAO,Total,0,,,,
2007,LAO,Coal,0,,,,
2007,LAO,Gas,0,,,,
2007,LAO,Other fossil fuels,0,,,,
2007,LAO,Total,0,,,,
2008,LAO,Coal,0,,,,
2008,LAO,Gas,0,,,,
2008,LAO,Other fossil fuels,0,,,,
2008,LAO,Total,0,,,,
2009,LAO,Coal,0,,,,
2009,LAO,Gas,0,,,,
2009,LAO,Other fossil fuels,0,,,,
2009,LAO,Total,0,,,,
2010,LAO,Coal,0,,,,
2010,LAO,Gas,0,,,,
2010,LAO,Other fossil fuels,0,,,,
2010,LAO,Total,0,,,,
2011,LAO,Coal,0,,,,
2011,LAO,Gas,0,,,,
2011,LAO,Other fossil fuels,0,,,,
2011,LAO,Total,0,,,,
2012,LAO,Coal,0,,,,
2012,LAO,Gas,0,,,,
2012,LAO,Other fossil fuels,0,,,,
2012,LAO,Total,0,,,,
2013,LAO,Coal,0,,,,
2013,LAO,Gas,0,,,,
2013,LAO,Other fossil fuels,0,,,,
2013,LAO,Total,0,,,,
2014,LAO,Coal,0,,,,
2014,LAO,Gas,0,,,,
2014,LAO,Other fossil fuels,0,,,,
2014,LAO,Total,0,,,,
2015,LAO,Coal,2.3,,,,
2015,LAO,Gas,0,,,,
2015,LAO,Other fossil fuels,0,,,,
2015,LAO,Total,2.3,,,,
2016,LAO,Coal,8.0,,,,
2016,LAO,Gas,0,,,,
2016,LAO,Other fossil fuels,0,,,,
2016,LAO,Total,8.0,,,,
2017,LAO,Coal,11,,,,
2017,LAO,Gas,0,,,,
2017,LAO,Other fossil fuels,0,,,,
2017,LAO,Total,11,,,,
2018,LAO,Coal,12,,,,
2018,LAO,Gas,0,,,,
2018,LAO,Other fossil fuels,0,,,,
2018,LAO,Total,12,,,,
2019,LAO,Coal,11,,,,
2019,LAO,Gas,0,,,,
2019,LAO,Other fossil fuels,0,,,,
2019,LAO,Total,11,,,,
2020,LAO,Coal,11,,,,
2020,LAO,Gas,0,,,,
2020,LAO,Other fossil fuels,0,,,,
2020,LAO,Total,11,,,,
2021,LAO,Coal,12,,,,
2021,LAO,Gas,0,,,,
2021,LAO,Other fossil fuels,0,,,,
2021,LAO,Total,12,,,,
2022,LAO,Coal,12,,,,
2022,LAO,Gas,0,,,,
2022,LAO,Other fossil fuels,0,,,,
2022,LAO,Total,12,,,,
2023,LAO,Coal,12,,,,
2023,LAO,Gas,0,,,,
2023,LAO,Other fossil fuels,0,,,,
2023,LAO,Total,12,,,,
2024,LAO,Coal,12,,,,
2024,LAO,Gas,0,,,,
2024,LAO,Other fossil fuels,0,,,,
2024,LAO,Total,12,,,,
1990,LVA,Coal,0,,,,
1990,LVA,Gas,1.7,,,,
1990,LVA,Other fossil fuels,0.4,,,,
1990,LVA,Total,2.2,,,,
1991,LVA,Coal,0,,,,
1991,LVA,Gas,1.8,,,,
1991,LVA,Other fossil fuels,0.6,,,,
1991,LVA,Total,2.4,,,,
1992,LVA,Coal,0,,,,
1992,LVA,Gas,1.2,,,,
1992,LVA,Other fossil fuels,0.2,,,,
1992,LVA,Total,1.3,,,,
1993,LVA,Coal,0,,,,
1993,LVA,Gas,0.6,,,,
1993,LVA,Other fossil fuels,0.5,,,,
1993,LVA,Total,1.1,,,,
1994,LVA,Coal,0,,,,
1994,LVA,Gas,0.3,,,,
1994,LVA,Other fossil fuels,0.8,,,,
1994,LVA,Total,1.1,,,,
1995,LVA,Coal,0,,,,
1995,LVA,Gas,0.5,,,,
1995,LVA,Other fossil fuels,0.5,,,,
1995,LVA,Total,1.1,,,,
1996,LVA,Coal,0,,,,
1996,LVA,Gas,0.5,,,,
1996,LVA,Other fossil fuels,0.7,,,,
1996,LVA,Total,1.3,,,,
1997,LVA,Coal,0,,,,
1997,LVA,Gas,1.3,,,,
1997,LVA,Other fossil fuels,0.3,,,,
1997,LVA,Total,1.6,,,,
1998,LVA,Coal,0,,,,
1998,LVA,Gas,1.1,,,,
1998,LVA,Other fossil fuels,0.4,,,,
1998,LVA,Total,1.5,,,,
1999,LVA,Coal,0,,,,
1999,LVA,Gas,1.0,,,,
1999,LVA,Other fossil fuels,0.4,,,,
1999,LVA,Total,1.4,,,,
2000,LVA,Coal,0,,,,
2000,LVA,Gas,1.1,,,,
2000,LVA,Other fossil fuels,0.2,,,,
2000,LVA,Total,1.3,,,,
2001,LVA,Coal,0,,,,
2001,LVA,Gas,1.3,,,,
2001,LVA,Other fossil fuels,0.1,,,,
2001,LVA,Total,1.4,,,,
2002,LVA,Coal,0,,,,
2002,LVA,Gas,1.3,,,,
2002,LVA,Other fossil fuels,0.2,,,,
2002,LVA,Total,1.5,,,,
2003,LVA,Coal,0,,,,
2003,LVA,Gas,1.5,,,,
2003,LVA,Other fossil fuels,0.1,,,,
2003,LVA,Total,1.6,,,,
2004,LVA,Coal,0,,,,
2004,LVA,Gas,1.4,,,,
2004,LVA,Other fossil fuels,0.1,,,,
2004,LVA,Total,1.5,,,,
2005,LVA,Coal,0,,,,
2005,LVA,Gas,1.5,,,,
2005,LVA,Other fossil fuels,0,,,,
2005,LVA,Total,1.5,,,,
2006,LVA,Coal,0,,,,
2006,LVA,Gas,2.1,,,,
2006,LVA,Other fossil fuels,0,,,,
2006,LVA,Total,2.1,,,,
2007,LVA,Coal,0,,,,
2007,LVA,Gas,1.9,,,,
2007,LVA,Other fossil fuels,0,,,,
2007,LVA,Total,1.9,,,,
2008,LVA,Coal,0,,,,
2008,LVA,Gas,2.1,,,,
2008,LVA,Other fossil fuels,0,,,,
2008,LVA,Total,2.1,,,,
2009,LVA,Coal,0,,,,
2009,LVA,Gas,2.0,,,,
2009,LVA,Other fossil fuels,0,,,,
2009,LVA,Total,2.0,,,,
2010,LVA,Coal,0,,,,
2010,LVA,Gas,3.0,,,,
2010,LVA,Other fossil fuels,0,,,,
2010,LVA,Total,3.0,,,,
2011,LVA,Coal,0,,,,
2011,LVA,Gas,3.0,,,,
2011,LVA,Other fossil fuels,0,,,,
2011,LVA,Total,3.0,,,,
2012,LVA,Coal,0,,,,
2012,LVA,Gas,2.1,,,,
2012,LVA,Other fossil fuels,0,,,,
2012,LVA,Total,2.1,,,,
2013,LVA,Coal,0,,,,
2013,LVA,Gas,2.7,,,,
2013,LVA,Other fossil fuels,0,,,,
2013,LVA,Total,2.7,,,,
2014,LVA,Coal,0,,,,
2014,LVA,Gas,2.3,,,,
2014,LVA,Other fossil fuels,0,,,,
2014,LVA,Total,2.3,,,,
2015,LVA,Coal,0,,,,
2015,LVA,Gas,2.8,,,,
2015,LVA,Other fossil fuels,0,,,,
2015,LVA,Total,2.8,,,,
2016,LVA,Coal,0,,,,
2016,LVA,Gas,2.9,,,,
2016,LVA,Other fossil fuels,0,,,,
2016,LVA,Total,2.9,,,,
2017,LVA,Coal,0,,,,
2017,LVA,Gas,2.1,,,,
2017,LVA,Other fossil fuels,0,,,,
2017,LVA,Total,2.1,,,,
2018,LVA,Coal,0,,,,
2018,LVA,Gas,3.2,,,,
2018,LVA,Other fossil fuels,0,,,,
2018,LVA,Total,3.2,,,,
2019,LVA,Coal,0,,,,
2019,LVA,Gas,3.3,,,,
2019,LVA,Other fossil fuels,0,,,,
2019,LVA,Total,3.3,,,,
2020,LVA,Coal,0,,,,
2020,LVA,Gas,2.1,,,,
2020,LVA,Other fossil fuels,0,,,,
2020,LVA,Total,2.1,,,,
2021,LVA,Coal,0,,,,
2021,LVA,Gas,2.1,,,,
2021,LVA,Other fossil fuels,0,,,,
2021,LVA,Total,2.1,,,,
2022,LVA,Coal,0,,,,
2022,LVA,Gas,1.2,,,,
2022,LVA,Other fossil fuels,0,,,,
2022,LVA,Total,1.2,,,,
2023,LVA,Coal,0,,,,
2023,LVA,Gas,1.4,,,,
2023,LVA,Other fossil fuels,0,,,,
2023,LVA,Total,1.4,,,,
2024,LVA,Coal,0,,,,
2024,LVA,Gas,1.7,,,,
2024,LVA,Other fossil fuels,0,,,,
2024,LVA,Total,1.7,,,,
2025,LVA,Coal,0,,,,
2025,LVA,Gas,1.7,,,,
2025,LVA,Other fossil fuels,0,,,,
2025,LVA,Total,1.6,,,,
2000,LBN,Coal,0,,,,
2000,LBN,Gas,0,,,,
2000,LBN,Other fossil fuels,9.5,,,,
2000,LBN,Total,9.5,,,,
2001,LBN,Coal,0,,,,
2001,LBN,Gas,0,,,,
2001,LBN,Other fossil fuels,9.6,,,,
2001,LBN,Total,9.6,,,,
2002,LBN,Coal,0,,,,
2002,LBN,Gas,0,,,,
2002,LBN,Other fossil fuels,11,,,,
2002,LBN,Total,11,,,,
2003,LBN,Coal,0,,,,
2003,LBN,Gas,0,,,,
2003,LBN,Other fossil fuels,12,,,,
2003,LBN,Total,12,,,,
2004,LBN,Coal,0,,,,
2004,LBN,Gas,0,,,,
2004,LBN,Other fossil fuels,10,,,,
2004,LBN,Total,10,,,,
2005,LBN,Coal,0,,,,
2005,LBN,Gas,0,,,,
2005,LBN,Other fossil fuels,11,,,,
2005,LBN,Total,11,,,,
2006,LBN,Coal,0,,,,
2006,LBN,Gas,0,,,,
2006,LBN,Other fossil fuels,11,,,,
2006,LBN,Total,11,,,,
2007,LBN,Coal,0,,,,
2007,LBN,Gas,0,,,,
2007,LBN,Other fossil fuels,10,,,,
2007,LBN,Total,10,,,,
2008,LBN,Coal,0,,,,
2008,LBN,Gas,0,,,,
2008,LBN,Other fossil fuels,12,,,,
2008,LBN,Total,12,,,,
2009,LBN,Coal,0,,,,
2009,LBN,Gas,0.2,,,,
2009,LBN,Other fossil fuels,12,,,,
2009,LBN,Total,12,,,,
2010,LBN,Coal,0,,,,
2010,LBN,Gas,1.0,,,,
2010,LBN,Other fossil fuels,14,,,,
2010,LBN,Total,15,,,,
2011,LBN,Coal,0,,,,
2011,LBN,Gas,0,,,,
2011,LBN,Other fossil fuels,16,,,,
2011,LBN,Total,16,,,,
2012,LBN,Coal,0,,,,
2012,LBN,Gas,0,,,,
2012,LBN,Other fossil fuels,15,,,,
2012,LBN,Total,15,,,,
2013,LBN,Coal,0,,,,
2013,LBN,Gas,0,,,,
2013,LBN,Other fossil fuels,18,,,,
2013,LBN,Total,18,,,,
2014,LBN,Coal,0,,,,
2014,LBN,Gas,0,,,,
2014,LBN,Other fossil fuels,18,,,,
2014,LBN,Total,18,,,,
2015,LBN,Coal,0,,,,
2015,LBN,Gas,0,,,,
2015,LBN,Other fossil fuels,18,,,,
2015,LBN,Total,18,,,,
2016,LBN,Coal,0,,,,
2016,LBN,Gas,0,,,,
2016,LBN,Other fossil fuels,19,,,,
2016,LBN,Total,19,,,,
2017,LBN,Coal,0,,,,
2017,LBN,Gas,0,,,,
2017,LBN,Other fossil fuels,21,,,,
2017,LBN,Total,21,,,,
2018,LBN,Coal,0,,,,
2018,LBN,Gas,0,,,,
2018,LBN,Other fossil fuels,21,,,,
2018,LBN,Total,21,,,,
2019,LBN,Coal,0,,,,
2019,LBN,Gas,0,,,,
2019,LBN,Other fossil fuels,20,,,,
2019,LBN,Total,20,,,,
2020,LBN,Coal,0,,,,
2020,LBN,Gas,0,,,,
2020,LBN,Other fossil fuels,17,,,,
2020,LBN,Total,17,,,,
2021,LBN,Coal,0,,,,
2021,LBN,Gas,0,,,,
2021,LBN,Other fossil fuels,9.4,,,,
2021,LBN,Total,9.4,,,,
2022,LBN,Coal,0,,,,
2022,LBN,Gas,0,,,,
2022,LBN,Other fossil fuels,2.4,,,,
2022,LBN,Total,2.4,,,,
2023,LBN,Coal,0,,,,
2023,LBN,Gas,0,,,,
2023,LBN,Other fossil fuels,4.1,,,,
2023,LBN,Total,4.1,,,,
2024,LBN,Coal,0,,,,
2024,LBN,Gas,0,,,,
2024,LBN,Other fossil fuels,3.0,,,,
2024,LBN,Total,3.0,,,,
2000,LSO,Coal,0,,,,
2000,LSO,Gas,0,,,,
2000,LSO,Other fossil fuels,0,,,,
2000,LSO,Total,0,,,,
2001,LSO,Coal,0,,,,
2001,LSO,Gas,0,,,,
2001,LSO,Other fossil fuels,0,,,,
2001,LSO,Total,0,,,,
2002,LSO,Coal,0,,,,
2002,LSO,Gas,0,,,,
2002,LSO,Other fossil fuels,0,,,,
2002,LSO,Total,0,,,,
2003,LSO,Coal,0,,,,
2003,LSO,Gas,0,,,,
2003,LSO,Other fossil fuels,0,,,,
2003,LSO,Total,0,,,,
2004,LSO,Coal,0,,,,
2004,LSO,Gas,0,,,,
2004,LSO,Other fossil fuels,0,,,,
2004,LSO,Total,0,,,,
2005,LSO,Coal,0,,,,
2005,LSO,Gas,0,,,,
2005,LSO,Other fossil fuels,0,,,,
2005,LSO,Total,0,,,,
2006,LSO,Coal,0,,,,
2006,LSO,Gas,0,,,,
2006,LSO,Other fossil fuels,0,,,,
2006,LSO,Total,0,,,,
2007,LSO,Coal,0,,,,
2007,LSO,Gas,0,,,,
2007,LSO,Other fossil fuels,0,,,,
2007,LSO,Total,0,,,,
2008,LSO,Coal,0,,,,
2008,LSO,Gas,0,,,,
2008,LSO,Other fossil fuels,0,,,,
2008,LSO,Total,0,,,,
2009,LSO,Coal,0,,,,
2009,LSO,Gas,0,,,,
2009,LSO,Other fossil fuels,0,,,,
2009,LSO,Total,0,,,,
2010,LSO,Coal,0,,,,
2010,LSO,Gas,0,,,,
2010,LSO,Other fossil fuels,0,,,,
2010,LSO,Total,0,,,,
2011,LSO,Coal,0,,,,
2011,LSO,Gas,0,,,,
2011,LSO,Other fossil fuels,0,,,,
2011,LSO,Total,0,,,,
2012,LSO,Coal,0,,,,
2012,LSO,Gas,0,,,,
2012,LSO,Other fossil fuels,0,,,,
2012,LSO,Total,0,,,,
2013,LSO,Coal,0,,,,
2013,LSO,Gas,0,,,,
2013,LSO,Other fossil fuels,0,,,,
2013,LSO,Total,0,,,,
2014,LSO,Coal,0,,,,
2014,LSO,Gas,0,,,,
2014,LSO,Other fossil fuels,0,,,,
2014,LSO,Total,0,,,,
2015,LSO,Coal,0,,,,
2015,LSO,Gas,0,,,,
2015,LSO,Other fossil fuels,0,,,,
2015,LSO,Total,0,,,,
2016,LSO,Coal,0,,,,
2016,LSO,Gas,0,,,,
2016,LSO,Other fossil fuels,0,,,,
2016,LSO,Total,0,,,,
2017,LSO,Coal,0,,,,
2017,LSO,Gas,0,,,,
2017,LSO,Other fossil fuels,0,,,,
2017,LSO,Total,0,,,,
2018,LSO,Coal,0,,,,
2018,LSO,Gas,0,,,,
2018,LSO,Other fossil fuels,0,,,,
2018,LSO,Total,0,,,,
2019,LSO,Coal,0,,,,
2019,LSO,Gas,0,,,,
2019,LSO,Other fossil fuels,0,,,,
2019,LSO,Total,0,,,,
2020,LSO,Coal,0,,,,
2020,LSO,Gas,0,,,,
2020,LSO,Other fossil fuels,0,,,,
2020,LSO,Total,0,,,,
2021,LSO,Coal,0,,,,
2021,LSO,Gas,0,,,,
2021,LSO,Other fossil fuels,0,,,,
2021,LSO,Total,0,,,,
2022,LSO,Coal,0,,,,
2022,LSO,Gas,0,,,,
2022,LSO,Other fossil fuels,0,,,,
2022,LSO,Total,0,,,,
2023,LSO,Coal,0,,,,
2023,LSO,Gas,0,,,,
2023,LSO,Other fossil fuels,0,,,,
2023,LSO,Total,0,,,,
2024,LSO,Coal,0,,,,
2024,LSO,Gas,0,,,,
2024,LSO,Other fossil fuels,0,,,,
2024,LSO,Total,0,,,,
2000,LBR,Coal,0,,,,
2000,LBR,Gas,0,,,,
2000,LBR,Other fossil fuels,0.2,,,,
2000,LBR,Total,0.2,,,,
2001,LBR,Coal,0,,,,
2001,LBR,Gas,0,,,,
2001,LBR,Other fossil fuels,0.2,,,,
2001,LBR,Total,0.2,,,,
2002,LBR,Coal,0,,,,
2002,LBR,Gas,0,,,,
2002,LBR,Other fossil fuels,0.2,,,,
2002,LBR,Total,0.2,,,,
2003,LBR,Coal,0,,,,
2003,LBR,Gas,0,,,,
2003,LBR,Other fossil fuels,0.2,,,,
2003,LBR,Total,0.2,,,,
2004,LBR,Coal,0,,,,
2004,LBR,Gas,0,,,,
2004,LBR,Other fossil fuels,0.2,,,,
2004,LBR,Total,0.2,,,,
2005,LBR,Coal,0,,,,
2005,LBR,Gas,0,,,,
2005,LBR,Other fossil fuels,0.2,,,,
2005,LBR,Total,0.2,,,,
2006,LBR,Coal,0,,,,
2006,LBR,Gas,0,,,,
2006,LBR,Other fossil fuels,0.2,,,,
2006,LBR,Total,0.2,,,,
2007,LBR,Coal,0,,,,
2007,LBR,Gas,0,,,,
2007,LBR,Other fossil fuels,0.3,,,,
2007,LBR,Total,0.3,,,,
2008,LBR,Coal,0,,,,
2008,LBR,Gas,0,,,,
2008,LBR,Other fossil fuels,0.3,,,,
2008,LBR,Total,0.3,,,,
2009,LBR,Coal,0,,,,
2009,LBR,Gas,0,,,,
2009,LBR,Other fossil fuels,0.3,,,,
2009,LBR,Total,0.3,,,,
2010,LBR,Coal,0,,,,
2010,LBR,Gas,0,,,,
2010,LBR,Other fossil fuels,0.3,,,,
2010,LBR,Total,0.3,,,,
2011,LBR,Coal,0,,,,
2011,LBR,Gas,0,,,,
2011,LBR,Other fossil fuels,0.3,,,,
2011,LBR,Total,0.3,,,,
2012,LBR,Coal,0,,,,
2012,LBR,Gas,0,,,,
2012,LBR,Other fossil fuels,0.3,,,,
2012,LBR,Total,0.3,,,,
2013,LBR,Coal,0,,,,
2013,LBR,Gas,0,,,,
2013,LBR,Other fossil fuels,0.3,,,,
2013,LBR,Total,0.3,,,,
2014,LBR,Coal,0,,,,
2014,LBR,Gas,0,,,,
2014,LBR,Other fossil fuels,0.3,,,,
2014,LBR,Total,0.3,,,,
2015,LBR,Coal,0,,,,
2015,LBR,Gas,0,,,,
2015,LBR,Other fossil fuels,0.3,,,,
2015,LBR,Total,0.3,,,,
2016,LBR,Coal,0,,,,
2016,LBR,Gas,0,,,,
2016,LBR,Other fossil fuels,0.3,,,,
2016,LBR,Total,0.3,,,,
2017,LBR,Coal,0,,,,
2017,LBR,Gas,0,,,,
2017,LBR,Other fossil fuels,0.4,,,,
2017,LBR,Total,0.4,,,,
2018,LBR,Coal,0,,,,
2018,LBR,Gas,0,,,,
2018,LBR,Other fossil fuels,0.3,,,,
2018,LBR,Total,0.3,,,,
2019,LBR,Coal,0,,,,
2019,LBR,Gas,0,,,,
2019,LBR,Other fossil fuels,0.3,,,,
2019,LBR,Total,0.3,,,,
2020,LBR,Coal,0,,,,
2020,LBR,Gas,0,,,,
2020,LBR,Other fossil fuels,0.3,,,,
2020,LBR,Total,0.3,,,,
2021,LBR,Coal,0,,,,
2021,LBR,Gas,0,,,,
2021,LBR,Other fossil fuels,0.3,,,,
2021,LBR,Total,0.3,,,,
2022,LBR,Coal,0,,,,
2022,LBR,Gas,0,,,,
2022,LBR,Other fossil fuels,0.3,,,,
2022,LBR,Total,0.3,,,,
2023,LBR,Coal,0,,,,
2023,LBR,Gas,0,,,,
2023,LBR,Other fossil fuels,0.3,,,,
2023,LBR,Total,0.3,,,,
2024,LBR,Coal,0,,,,
2024,LBR,Gas,0,,,,
2024,LBR,Other fossil fuels,0.3,,,,
2024,LBR,Total,0.3,,,,
2000,LBY,Coal,0,,,,
2000,LBY,Gas,3.4,,,,
2000,LBY,Other fossil fuels,12,,,,
2000,LBY,Total,16,,,,
2001,LBY,Coal,0,,,,
2001,LBY,Gas,3.6,,,,
2001,LBY,Other fossil fuels,13,,,,
2001,LBY,Total,16,,,,
2002,LBY,Coal,0,,,,
2002,LBY,Gas,3.7,,,,
2002,LBY,Other fossil fuels,14,,,,
2002,LBY,Total,18,,,,
2003,LBY,Coal,0,,,,
2003,LBY,Gas,3.9,,,,
2003,LBY,Other fossil fuels,15,,,,
2003,LBY,Total,19,,,,
2004,LBY,Coal,0,,,,
2004,LBY,Gas,3.8,,,,
2004,LBY,Other fossil fuels,16,,,,
2004,LBY,Total,20,,,,
2005,LBY,Coal,0,,,,
2005,LBY,Gas,6.0,,,,
2005,LBY,Other fossil fuels,16,,,,
2005,LBY,Total,22,,,,
2006,LBY,Coal,0,,,,
2006,LBY,Gas,9.8,,,,
2006,LBY,Other fossil fuels,15,,,,
2006,LBY,Total,25,,,,
2007,LBY,Coal,0,,,,
2007,LBY,Gas,12,,,,
2007,LBY,Other fossil fuels,15,,,,
2007,LBY,Total,26,,,,
2008,LBY,Coal,0,,,,
2008,LBY,Gas,12,,,,
2008,LBY,Other fossil fuels,17,,,,
2008,LBY,Total,29,,,,
2009,LBY,Coal,0,,,,
2009,LBY,Gas,12,,,,
2009,LBY,Other fossil fuels,18,,,,
2009,LBY,Total,30,,,,
2010,LBY,Coal,0,,,,
2010,LBY,Gas,15,,,,
2010,LBY,Other fossil fuels,17,,,,
2010,LBY,Total,33,,,,
2011,LBY,Coal,0,,,,
2011,LBY,Gas,16,,,,
2011,LBY,Other fossil fuels,10,,,,
2011,LBY,Total,26,,,,
2012,LBY,Coal,0,,,,
2012,LBY,Gas,21,,,,
2012,LBY,Other fossil fuels,14,,,,
2012,LBY,Total,34,,,,
2013,LBY,Coal,0,,,,
2013,LBY,Gas,22,,,,
2013,LBY,Other fossil fuels,16,,,,
2013,LBY,Total,38,,,,
2014,LBY,Coal,0,,,,
2014,LBY,Gas,20,,,,
2014,LBY,Other fossil fuels,17,,,,
2014,LBY,Total,38,,,,
2015,LBY,Coal,0,,,,
2015,LBY,Gas,20,,,,
2015,LBY,Other fossil fuels,17,,,,
2015,LBY,Total,38,,,,
2016,LBY,Coal,0,,,,
2016,LBY,Gas,23,,,,
2016,LBY,Other fossil fuels,8.6,,,,
2016,LBY,Total,31,,,,
2017,LBY,Coal,0,,,,
2017,LBY,Gas,23,,,,
2017,LBY,Other fossil fuels,10,,,,
2017,LBY,Total,33,,,,
2018,LBY,Coal,0,,,,
2018,LBY,Gas,22,,,,
2018,LBY,Other fossil fuels,12,,,,
2018,LBY,Total,34,,,,
2019,LBY,Coal,0,,,,
2019,LBY,Gas,23,,,,
2019,LBY,Other fossil fuels,11,,,,
2019,LBY,Total,35,,,,
2020,LBY,Coal,0,,,,
2020,LBY,Gas,22,,,,
2020,LBY,Other fossil fuels,7.9,,,,
2020,LBY,Total,29,,,,
2021,LBY,Coal,0,,,,
2021,LBY,Gas,27,,,,
2021,LBY,Other fossil fuels,8.2,,,,
2021,LBY,Total,35,,,,
2022,LBY,Coal,0,,,,
2022,LBY,Gas,27,,,,
2022,LBY,Other fossil fuels,8.4,,,,
2022,LBY,Total,35,,,,
2023,LBY,Coal,0,,,,
2023,LBY,Gas,25,,,,
2023,LBY,Other fossil fuels,8.8,,,,
2023,LBY,Total,34,,,,
2024,LBY,Coal,0,,,,
2024,LBY,Gas,26,,,,
2024,LBY,Other fossil fuels,8.8,,,,
2024,LBY,Total,35,,,,
1990,LTU,Coal,0,,,,
1990,LTU,Gas,6.8,,,,
1990,LTU,Other fossil fuels,4.2,,,,
1990,LTU,Total,11,,,,
1991,LTU,Coal,0,,,,
1991,LTU,Gas,6.3,,,,
1991,LTU,Other fossil fuels,5.7,,,,
1991,LTU,Total,12,,,,
1992,LTU,Coal,0,,,,
1992,LTU,Gas,1.3,,,,
1992,LTU,Other fossil fuels,2.3,,,,
1992,LTU,Total,3.6,,,,
1993,LTU,Coal,0,,,,
1993,LTU,Gas,0.3,,,,
1993,LTU,Other fossil fuels,1.0,,,,
1993,LTU,Total,1.3,,,,
1994,LTU,Coal,0,,,,
1994,LTU,Gas,0.3,,,,
1994,LTU,Other fossil fuels,1.3,,,,
1994,LTU,Total,1.6,,,,
1995,LTU,Coal,0,,,,
1995,LTU,Gas,0.2,,,,
1995,LTU,Other fossil fuels,1.1,,,,
1995,LTU,Total,1.3,,,,
1996,LTU,Coal,0,,,,
1996,LTU,Gas,0.7,,,,
1996,LTU,Other fossil fuels,1.3,,,,
1996,LTU,Total,2.0,,,,
1997,LTU,Coal,0,,,,
1997,LTU,Gas,0.5,,,,
1997,LTU,Other fossil fuels,1.6,,,,
1997,LTU,Total,2.1,,,,
1998,LTU,Coal,0,,,,
1998,LTU,Gas,0.3,,,,
1998,LTU,Other fossil fuels,2.9,,,,
1998,LTU,Total,3.2,,,,
1999,LTU,Coal,0,,,,
1999,LTU,Gas,1.0,,,,
1999,LTU,Other fossil fuels,1.8,,,,
1999,LTU,Total,2.8,,,,
2000,LTU,Coal,0,,,,
2000,LTU,Gas,1.6,,,,
2000,LTU,Other fossil fuels,0.8,,,,
2000,LTU,Total,2.4,,,,
2001,LTU,Coal,0,,,,
2001,LTU,Gas,1.9,,,,
2001,LTU,Other fossil fuels,0.8,,,,
2001,LTU,Total,2.7,,,,
2002,LTU,Coal,0,,,,
2002,LTU,Gas,2.1,,,,
2002,LTU,Other fossil fuels,0.7,,,,
2002,LTU,Total,2.8,,,,
2003,LTU,Coal,0,,,,
2003,LTU,Gas,2.5,,,,
2003,LTU,Other fossil fuels,0.5,,,,
2003,LTU,Total,3.0,,,,
2004,LTU,Coal,0,,,,
2004,LTU,Gas,2.7,,,,
2004,LTU,Other fossil fuels,0.5,,,,
2004,LTU,Total,3.2,,,,
2005,LTU,Coal,0,,,,
2005,LTU,Gas,3.0,,,,
2005,LTU,Other fossil fuels,0.6,,,,
2005,LTU,Total,3.6,,,,
2006,LTU,Coal,0,,,,
2006,LTU,Gas,2.5,,,,
2006,LTU,Other fossil fuels,0.5,,,,
2006,LTU,Total,3.0,,,,
2007,LTU,Coal,0,,,,
2007,LTU,Gas,2.4,,,,
2007,LTU,Other fossil fuels,0.7,,,,
2007,LTU,Total,3.1,,,,
2008,LTU,Coal,0,,,,
2008,LTU,Gas,2.0,,,,
2008,LTU,Other fossil fuels,0.8,,,,
2008,LTU,Total,2.8,,,,
2009,LTU,Coal,0,,,,
2009,LTU,Gas,2.1,,,,
2009,LTU,Other fossil fuels,1.0,,,,
2009,LTU,Total,3.1,,,,
2010,LTU,Coal,0,,,,
2010,LTU,Gas,3.2,,,,
2010,LTU,Other fossil fuels,0.9,,,,
2010,LTU,Total,4.1,,,,
2011,LTU,Coal,0,,,,
2011,LTU,Gas,2.7,,,,
2011,LTU,Other fossil fuels,0.5,,,,
2011,LTU,Total,3.1,,,,
2012,LTU,Coal,0,,,,
2012,LTU,Gas,2.9,,,,
2012,LTU,Other fossil fuels,0.4,,,,
2012,LTU,Total,3.3,,,,
2013,LTU,Coal,0,,,,
2013,LTU,Gas,2.2,,,,
2013,LTU,Other fossil fuels,0.4,,,,
2013,LTU,Total,2.7,,,,
2014,LTU,Coal,0,,,,
2014,LTU,Gas,1.8,,,,
2014,LTU,Other fossil fuels,0.4,,,,
2014,LTU,Total,2.2,,,,
2015,LTU,Coal,0,,,,
2015,LTU,Gas,2.0,,,,
2015,LTU,Other fossil fuels,0.6,,,,
2015,LTU,Total,2.6,,,,
2016,LTU,Coal,0,,,,
2016,LTU,Gas,1.0,,,,
2016,LTU,Other fossil fuels,0.5,,,,
2016,LTU,Total,1.5,,,,
2017,LTU,Coal,0,,,,
2017,LTU,Gas,0.6,,,,
2017,LTU,Other fossil fuels,0.4,,,,
2017,LTU,Total,1.0,,,,
2018,LTU,Coal,0,,,,
2018,LTU,Gas,0.3,,,,
2018,LTU,Other fossil fuels,0.4,,,,
2018,LTU,Total,0.7,,,,
2019,LTU,Coal,0,,,,
2019,LTU,Gas,0.5,,,,
2019,LTU,Other fossil fuels,0.4,,,,
2019,LTU,Total,0.9,,,,
2020,LTU,Coal,0,,,,
2020,LTU,Gas,1.7,,,,
2020,LTU,Other fossil fuels,0.4,,,,
2020,LTU,Total,2.1,,,,
2021,LTU,Coal,0,,,,
2021,LTU,Gas,1.2,,,,
2021,LTU,Other fossil fuels,0.5,,,,
2021,LTU,Total,1.7,,,,
2022,LTU,Coal,0,,,,
2022,LTU,Gas,0.5,,,,
2022,LTU,Other fossil fuels,0.5,,,,
2022,LTU,Total,1.0,,,,
2023,LTU,Coal,0,,,,
2023,LTU,Gas,0.6,,,,
2023,LTU,Other fossil fuels,0.3,,,,
2023,LTU,Total,0.9,,,,
2024,LTU,Coal,0,,,,
2024,LTU,Gas,0.8,,,,
2024,LTU,Other fossil fuels,0.3,,,,
2024,LTU,Total,1.2,,,,
2025,LTU,Coal,0,,,,
2025,LTU,Gas,1.5,,,,
2025,LTU,Other fossil fuels,0.5,,,,
2025,LTU,Total,2.0,,,,
1990,LUX,Coal,0,,,,
1990,LUX,Gas,0,,,,
1990,LUX,Other fossil fuels,0.5,,,,
1990,LUX,Total,0.5,,,,
1991,LUX,Coal,0,,,,
1991,LUX,Gas,0,,,,
1991,LUX,Other fossil fuels,0.6,,,,
1991,LUX,Total,0.6,,,,
1992,LUX,Coal,0,,,,
1992,LUX,Gas,0,,,,
1992,LUX,Other fossil fuels,0.6,,,,
1992,LUX,Total,0.6,,,,
1993,LUX,Coal,0,,,,
1993,LUX,Gas,0,,,,
1993,LUX,Other fossil fuels,0.6,,,,
1993,LUX,Total,0.6,,,,
1994,LUX,Coal,0,,,,
1994,LUX,Gas,0.1,,,,
1994,LUX,Other fossil fuels,0.4,,,,
1994,LUX,Total,0.5,,,,
1995,LUX,Coal,0,,,,
1995,LUX,Gas,0.2,,,,
1995,LUX,Other fossil fuels,0.2,,,,
1995,LUX,Total,0.4,,,,
1996,LUX,Coal,0,,,,
1996,LUX,Gas,0.2,,,,
1996,LUX,Other fossil fuels,0.2,,,,
1996,LUX,Total,0.4,,,,
1997,LUX,Coal,0,,,,
1997,LUX,Gas,0.2,,,,
1997,LUX,Other fossil fuels,0.1,,,,
1997,LUX,Total,0.3,,,,
1998,LUX,Coal,0,,,,
1998,LUX,Gas,0.2,,,,
1998,LUX,Other fossil fuels,0,,,,
1998,LUX,Total,0.2,,,,
1999,LUX,Coal,0,,,,
1999,LUX,Gas,0.2,,,,
1999,LUX,Other fossil fuels,0,,,,
1999,LUX,Total,0.2,,,,
2000,LUX,Coal,0,,,,
2000,LUX,Gas,0.2,,,,
2000,LUX,Other fossil fuels,0,,,,
2000,LUX,Total,0.2,,,,
2001,LUX,Coal,0,,,,
2001,LUX,Gas,0.7,,,,
2001,LUX,Other fossil fuels,0,,,,
2001,LUX,Total,0.7,,,,
2002,LUX,Coal,0,,,,
2002,LUX,Gas,2.6,,,,
2002,LUX,Other fossil fuels,0,,,,
2002,LUX,Total,2.7,,,,
2003,LUX,Coal,0,,,,
2003,LUX,Gas,2.6,,,,
2003,LUX,Other fossil fuels,0,,,,
2003,LUX,Total,2.7,,,,
2004,LUX,Coal,0,,,,
2004,LUX,Gas,3.2,,,,
2004,LUX,Other fossil fuels,0,,,,
2004,LUX,Total,3.2,,,,
2005,LUX,Coal,0,,,,
2005,LUX,Gas,3.1,,,,
2005,LUX,Other fossil fuels,0,,,,
2005,LUX,Total,3.1,,,,
2006,LUX,Coal,0,,,,
2006,LUX,Gas,3.3,,,,
2006,LUX,Other fossil fuels,0,,,,
2006,LUX,Total,3.3,,,,
2007,LUX,Coal,0,,,,
2007,LUX,Gas,2.9,,,,
2007,LUX,Other fossil fuels,0,,,,
2007,LUX,Total,2.9,,,,
2008,LUX,Coal,0,,,,
2008,LUX,Gas,2.4,,,,
2008,LUX,Other fossil fuels,0,,,,
2008,LUX,Total,2.4,,,,
2009,LUX,Coal,0,,,,
2009,LUX,Gas,2.8,,,,
2009,LUX,Other fossil fuels,0,,,,
2009,LUX,Total,2.9,,,,
2010,LUX,Coal,0,,,,
2010,LUX,Gas,2.9,,,,
2010,LUX,Other fossil fuels,0.1,,,,
2010,LUX,Total,3.0,,,,
2011,LUX,Coal,0,,,,
2011,LUX,Gas,2.3,,,,
2011,LUX,Other fossil fuels,0.1,,,,
2011,LUX,Total,2.4,,,,
2012,LUX,Coal,0,,,,
2012,LUX,Gas,2.4,,,,
2012,LUX,Other fossil fuels,0.1,,,,
2012,LUX,Total,2.5,,,,
2013,LUX,Coal,0,,,,
2013,LUX,Gas,1.4,,,,
2013,LUX,Other fossil fuels,0.1,,,,
2013,LUX,Total,1.5,,,,
2014,LUX,Coal,0,,,,
2014,LUX,Gas,1.5,,,,
2014,LUX,Other fossil fuels,0.1,,,,
2014,LUX,Total,1.5,,,,
2015,LUX,Coal,0,,,,
2015,LUX,Gas,0.8,,,,
2015,LUX,Other fossil fuels,0.1,,,,
2015,LUX,Total,0.9,,,,
2016,LUX,Coal,0,,,,
2016,LUX,Gas,0.3,,,,
2016,LUX,Other fossil fuels,0.1,,,,
2016,LUX,Total,0.3,,,,
2017,LUX,Coal,0,,,,
2017,LUX,Gas,0.2,,,,
2017,LUX,Other fossil fuels,0.1,,,,
2017,LUX,Total,0.3,,,,
2018,LUX,Coal,0,,,,
2018,LUX,Gas,0.2,,,,
2018,LUX,Other fossil fuels,0.1,,,,
2018,LUX,Total,0.3,,,,
2019,LUX,Coal,0,,,,
2019,LUX,Gas,0.2,,,,
2019,LUX,Other fossil fuels,0.1,,,,
2019,LUX,Total,0.3,,,,
2020,LUX,Coal,0,,,,
2020,LUX,Gas,0.2,,,,
2020,LUX,Other fossil fuels,0.1,,,,
2020,LUX,Total,0.3,,,,
2021,LUX,Coal,0,,,,
2021,LUX,Gas,0.2,,,,
2021,LUX,Other fossil fuels,0.1,,,,
2021,LUX,Total,0.2,,,,
2022,LUX,Coal,0,,,,
2022,LUX,Gas,0.1,,,,
2022,LUX,Other fossil fuels,0.1,,,,
2022,LUX,Total,0.2,,,,
2023,LUX,Coal,0,,,,
2023,LUX,Gas,0.1,,,,
2023,LUX,Other fossil fuels,0.1,,,,
2023,LUX,Total,0.2,,,,
2024,LUX,Coal,0,,,,
2024,LUX,Gas,0.1,,,,
2024,LUX,Other fossil fuels,0.1,,,,
2024,LUX,Total,0.1,,,,
2025,LUX,Coal,0,,,,
2025,LUX,Gas,0.1,,,,
2025,LUX,Other fossil fuels,0.1,,,,
2025,LUX,Total,0.1,,,,
2000,MAC,Coal,0,,,,
2000,MAC,Gas,0,,,,
2000,MAC,Other fossil fuels,1.6,,,,
2000,MAC,Total,1.6,,,,
2001,MAC,Coal,0,,,,
2001,MAC,Gas,0,,,,
2001,MAC,Other fossil fuels,1.5,,,,
2001,MAC,Total,1.5,,,,
2002,MAC,Coal,0,,,,
2002,MAC,Gas,0,,,,
2002,MAC,Other fossil fuels,1.6,,,,
2002,MAC,Total,1.6,,,,
2003,MAC,Coal,0,,,,
2003,MAC,Gas,0,,,,
2003,MAC,Other fossil fuels,1.7,,,,
2003,MAC,Total,1.7,,,,
2004,MAC,Coal,0,,,,
2004,MAC,Gas,0,,,,
2004,MAC,Other fossil fuels,1.8,,,,
2004,MAC,Total,1.8,,,,
2005,MAC,Coal,0,,,,
2005,MAC,Gas,0,,,,
2005,MAC,Other fossil fuels,1.9,,,,
2005,MAC,Total,1.9,,,,
2006,MAC,Coal,0,,,,
2006,MAC,Gas,0,,,,
2006,MAC,Other fossil fuels,1.5,,,,
2006,MAC,Total,1.5,,,,
2007,MAC,Coal,0,,,,
2007,MAC,Gas,0,,,,
2007,MAC,Other fossil fuels,1.4,,,,
2007,MAC,Total,1.4,,,,
2008,MAC,Coal,0,,,,
2008,MAC,Gas,0.4,,,,
2008,MAC,Other fossil fuels,0.6,,,,
2008,MAC,Total,1.0,,,,
2009,MAC,Coal,0,,,,
2009,MAC,Gas,0.5,,,,
2009,MAC,Other fossil fuels,0.8,,,,
2009,MAC,Total,1.3,,,,
2010,MAC,Coal,0,,,,
2010,MAC,Gas,0.7,,,,
2010,MAC,Other fossil fuels,0.2,,,,
2010,MAC,Total,0.9,,,,
2011,MAC,Coal,0,,,,
2011,MAC,Gas,0.4,,,,
2011,MAC,Other fossil fuels,0.3,,,,
2011,MAC,Total,0.7,,,,
2012,MAC,Coal,0,,,,
2012,MAC,Gas,0,,,,
2012,MAC,Other fossil fuels,0.3,,,,
2012,MAC,Total,0.3,,,,
2013,MAC,Coal,0,,,,
2013,MAC,Gas,0,,,,
2013,MAC,Other fossil fuels,0.2,,,,
2013,MAC,Total,0.2,,,,
2014,MAC,Coal,0,,,,
2014,MAC,Gas,0.3,,,,
2014,MAC,Other fossil fuels,0.1,,,,
2014,MAC,Total,0.4,,,,
2015,MAC,Coal,0,,,,
2015,MAC,Gas,0,,,,
2015,MAC,Other fossil fuels,0.8,,,,
2015,MAC,Total,0.8,,,,
2016,MAC,Coal,0,,,,
2016,MAC,Gas,0,,,,
2016,MAC,Other fossil fuels,0.8,,,,
2016,MAC,Total,0.8,,,,
2017,MAC,Coal,0,,,,
2017,MAC,Gas,0.7,,,,
2017,MAC,Other fossil fuels,0.6,,,,
2017,MAC,Total,1.3,,,,
2018,MAC,Coal,0,,,,
2018,MAC,Gas,0.3,,,,
2018,MAC,Other fossil fuels,0.2,,,,
2018,MAC,Total,0.5,,,,
2019,MAC,Coal,0,,,,
2019,MAC,Gas,0.5,,,,
2019,MAC,Other fossil fuels,0.2,,,,
2019,MAC,Total,0.6,,,,
2020,MAC,Coal,0,,,,
2020,MAC,Gas,0.2,,,,
2020,MAC,Other fossil fuels,0.2,,,,
2020,MAC,Total,0.4,,,,
2021,MAC,Coal,0,,,,
2021,MAC,Gas,0.3,,,,
2021,MAC,Other fossil fuels,0,,,,
2021,MAC,Total,0.3,,,,
2022,MAC,Coal,0,,,,
2022,MAC,Gas,0.3,,,,
2022,MAC,Other fossil fuels,0,,,,
2022,MAC,Total,0.3,,,,
2023,MAC,Coal,0,,,,
2023,MAC,Gas,0.4,,,,
2023,MAC,Other fossil fuels,0.1,,,,
2023,MAC,Total,0.4,,,,
2024,MAC,Coal,0,,,,
2024,MAC,Gas,0.5,,,,
2024,MAC,Other fossil fuels,0.1,,,,
2024,MAC,Total,0.5,,,,
2000,MDG,Coal,0,,,,
2000,MDG,Gas,0,,,,
2000,MDG,Other fossil fuels,0.3,,,,
2000,MDG,Total,0.3,,,,
2001,MDG,Coal,0,,,,
2001,MDG,Gas,0,,,,
2001,MDG,Other fossil fuels,0.3,,,,
2001,MDG,Total,0.3,,,,
2002,MDG,Coal,0,,,,
2002,MDG,Gas,0,,,,
2002,MDG,Other fossil fuels,0.3,,,,
2002,MDG,Total,0.3,,,,
2003,MDG,Coal,0,,,,
2003,MDG,Gas,0,,,,
2003,MDG,Other fossil fuels,0.4,,,,
2003,MDG,Total,0.4,,,,
2004,MDG,Coal,0,,,,
2004,MDG,Gas,0,,,,
2004,MDG,Other fossil fuels,0.4,,,,
2004,MDG,Total,0.4,,,,
2005,MDG,Coal,0,,,,
2005,MDG,Gas,0,,,,
2005,MDG,Other fossil fuels,0.4,,,,
2005,MDG,Total,0.4,,,,
2006,MDG,Coal,0,,,,
2006,MDG,Gas,0,,,,
2006,MDG,Other fossil fuels,0.4,,,,
2006,MDG,Total,0.4,,,,
2007,MDG,Coal,0,,,,
2007,MDG,Gas,0,,,,
2007,MDG,Other fossil fuels,0.4,,,,
2007,MDG,Total,0.4,,,,
2008,MDG,Coal,0,,,,
2008,MDG,Gas,0,,,,
2008,MDG,Other fossil fuels,0.5,,,,
2008,MDG,Total,0.5,,,,
2009,MDG,Coal,0,,,,
2009,MDG,Gas,0,,,,
2009,MDG,Other fossil fuels,0.5,,,,
2009,MDG,Total,0.5,,,,
2010,MDG,Coal,0,,,,
2010,MDG,Gas,0,,,,
2010,MDG,Other fossil fuels,0.6,,,,
2010,MDG,Total,0.6,,,,
2011,MDG,Coal,0.1,,,,
2011,MDG,Gas,0,,,,
2011,MDG,Other fossil fuels,0.7,,,,
2011,MDG,Total,0.8,,,,
2012,MDG,Coal,0.1,,,,
2012,MDG,Gas,0,,,,
2012,MDG,Other fossil fuels,0.7,,,,
2012,MDG,Total,0.8,,,,
2013,MDG,Coal,0.1,,,,
2013,MDG,Gas,0,,,,
2013,MDG,Other fossil fuels,0.7,,,,
2013,MDG,Total,0.8,,,,
2014,MDG,Coal,0.1,,,,
2014,MDG,Gas,0,,,,
2014,MDG,Other fossil fuels,0.7,,,,
2014,MDG,Total,0.8,,,,
2015,MDG,Coal,0.1,,,,
2015,MDG,Gas,0,,,,
2015,MDG,Other fossil fuels,0.7,,,,
2015,MDG,Total,0.8,,,,
2016,MDG,Coal,0.1,,,,
2016,MDG,Gas,0,,,,
2016,MDG,Other fossil fuels,0.9,,,,
2016,MDG,Total,1.0,,,,
2017,MDG,Coal,0.1,,,,
2017,MDG,Gas,0,,,,
2017,MDG,Other fossil fuels,1.0,,,,
2017,MDG,Total,1.2,,,,
2018,MDG,Coal,0.5,,,,
2018,MDG,Gas,0,,,,
2018,MDG,Other fossil fuels,0.9,,,,
2018,MDG,Total,1.4,,,,
2019,MDG,Coal,0.5,,,,
2019,MDG,Gas,0,,,,
2019,MDG,Other fossil fuels,1.0,,,,
2019,MDG,Total,1.5,,,,
2020,MDG,Coal,0.2,,,,
2020,MDG,Gas,0,,,,
2020,MDG,Other fossil fuels,1.1,,,,
2020,MDG,Total,1.3,,,,
2021,MDG,Coal,0.5,,,,
2021,MDG,Gas,0,,,,
2021,MDG,Other fossil fuels,1.2,,,,
2021,MDG,Total,1.7,,,,
2022,MDG,Coal,0.5,,,,
2022,MDG,Gas,0,,,,
2022,MDG,Other fossil fuels,1.2,,,,
2022,MDG,Total,1.7,,,,
2023,MDG,Coal,0.5,,,,
2023,MDG,Gas,0,,,,
2023,MDG,Other fossil fuels,0.9,,,,
2023,MDG,Total,1.4,,,,
2024,MDG,Coal,0.5,,,,
2024,MDG,Gas,0,,,,
2024,MDG,Other fossil fuels,0.9,,,,
2024,MDG,Total,1.4,,,,
2000,MWI,Coal,0,,,,
2000,MWI,Gas,0,,,,
2000,MWI,Other fossil fuels,0.1,,,,
2000,MWI,Total,0.1,,,,
2001,MWI,Coal,0,,,,
2001,MWI,Gas,0,,,,
2001,MWI,Other fossil fuels,0.1,,,,
2001,MWI,Total,0.1,,,,
2002,MWI,Coal,0,,,,
2002,MWI,Gas,0,,,,
2002,MWI,Other fossil fuels,0.1,,,,
2002,MWI,Total,0.1,,,,
2003,MWI,Coal,0,,,,
2003,MWI,Gas,0,,,,
2003,MWI,Other fossil fuels,0.1,,,,
2003,MWI,Total,0.1,,,,
2004,MWI,Coal,0,,,,
2004,MWI,Gas,0,,,,
2004,MWI,Other fossil fuels,0.1,,,,
2004,MWI,Total,0.1,,,,
2005,MWI,Coal,0,,,,
2005,MWI,Gas,0,,,,
2005,MWI,Other fossil fuels,0.2,,,,
2005,MWI,Total,0.2,,,,
2006,MWI,Coal,0,,,,
2006,MWI,Gas,0,,,,
2006,MWI,Other fossil fuels,0.2,,,,
2006,MWI,Total,0.2,,,,
2007,MWI,Coal,0,,,,
2007,MWI,Gas,0,,,,
2007,MWI,Other fossil fuels,0.2,,,,
2007,MWI,Total,0.2,,,,
2008,MWI,Coal,0,,,,
2008,MWI,Gas,0,,,,
2008,MWI,Other fossil fuels,0.1,,,,
2008,MWI,Total,0.1,,,,
2009,MWI,Coal,0,,,,
2009,MWI,Gas,0,,,,
2009,MWI,Other fossil fuels,0.1,,,,
2009,MWI,Total,0.1,,,,
2010,MWI,Coal,0,,,,
2010,MWI,Gas,0,,,,
2010,MWI,Other fossil fuels,0.1,,,,
2010,MWI,Total,0.1,,,,
2011,MWI,Coal,0,,,,
2011,MWI,Gas,0,,,,
2011,MWI,Other fossil fuels,0.1,,,,
2011,MWI,Total,0.1,,,,
2012,MWI,Coal,0,,,,
2012,MWI,Gas,0,,,,
2012,MWI,Other fossil fuels,0.1,,,,
2012,MWI,Total,0.1,,,,
2013,MWI,Coal,0,,,,
2013,MWI,Gas,0,,,,
2013,MWI,Other fossil fuels,0.1,,,,
2013,MWI,Total,0.1,,,,
2014,MWI,Coal,0,,,,
2014,MWI,Gas,0,,,,
2014,MWI,Other fossil fuels,0.1,,,,
2014,MWI,Total,0.1,,,,
2015,MWI,Coal,0,,,,
2015,MWI,Gas,0,,,,
2015,MWI,Other fossil fuels,0.1,,,,
2015,MWI,Total,0.1,,,,
2016,MWI,Coal,0,,,,
2016,MWI,Gas,0,,,,
2016,MWI,Other fossil fuels,0.1,,,,
2016,MWI,Total,0.1,,,,
2017,MWI,Coal,0,,,,
2017,MWI,Gas,0,,,,
2017,MWI,Other fossil fuels,0,,,,
2017,MWI,Total,0,,,,
2018,MWI,Coal,0,,,,
2018,MWI,Gas,0,,,,
2018,MWI,Other fossil fuels,0.3,,,,
2018,MWI,Total,0.3,,,,
2019,MWI,Coal,0,,,,
2019,MWI,Gas,0,,,,
2019,MWI,Other fossil fuels,0.1,,,,
2019,MWI,Total,0.1,,,,
2020,MWI,Coal,0,,,,
2020,MWI,Gas,0,,,,
2020,MWI,Other fossil fuels,0,,,,
2020,MWI,Total,0,,,,
2021,MWI,Coal,0,,,,
2021,MWI,Gas,0,,,,
2021,MWI,Other fossil fuels,0.1,,,,
2021,MWI,Total,0.1,,,,
2022,MWI,Coal,0,,,,
2022,MWI,Gas,0,,,,
2022,MWI,Other fossil fuels,0.1,,,,
2022,MWI,Total,0.1,,,,
2023,MWI,Coal,0,,,,
2023,MWI,Gas,0,,,,
2023,MWI,Other fossil fuels,0.1,,,,
2023,MWI,Total,0.1,,,,
2024,MWI,Coal,0,,,,
2024,MWI,Gas,0,,,,
2024,MWI,Other fossil fuels,0.1,,,,
2024,MWI,Total,0.1,,,,
1985,MYS,Coal,0,,,,
1985,MYS,Gas,2.2,,,,
1985,MYS,Other fossil fuels,9.0,,,,
1985,MYS,Total,11,,,,
1986,MYS,Coal,0,,,,
1986,MYS,Gas,2.9,,,,
1986,MYS,Other fossil fuels,9.2,,,,
1986,MYS,Total,12,,,,
1987,MYS,Coal,0,,,,
1987,MYS,Gas,3.3,,,,
1987,MYS,Other fossil fuels,9.1,,,,
1987,MYS,Total,12,,,,
1988,MYS,Coal,0.3,,,,
1988,MYS,Gas,4.0,,,,
1988,MYS,Other fossil fuels,9.3,,,,
1988,MYS,Total,14,,,,
1989,MYS,Coal,2.2,,,,
1989,MYS,Gas,4.1,,,,
1989,MYS,Other fossil fuels,10,,,,
1989,MYS,Total,16,,,,
1990,MYS,Coal,2.9,,,,
1990,MYS,Gas,5.5,,,,
1990,MYS,Other fossil fuels,11,,,,
1990,MYS,Total,19,,,,
1991,MYS,Coal,3.5,,,,
1991,MYS,Gas,7.7,,,,
1991,MYS,Other fossil fuels,11,,,,
1991,MYS,Total,22,,,,
1992,MYS,Coal,3.8,,,,
1992,MYS,Gas,13,,,,
1992,MYS,Other fossil fuels,11,,,,
1992,MYS,Total,27,,,,
1993,MYS,Coal,3.9,,,,
1993,MYS,Gas,15,,,,
1993,MYS,Other fossil fuels,11,,,,
1993,MYS,Total,30,,,,
1994,MYS,Coal,4.1,,,,
1994,MYS,Gas,19,,,,
1994,MYS,Other fossil fuels,9.7,,,,
1994,MYS,Total,33,,,,
1995,MYS,Coal,4.0,,,,
1995,MYS,Gas,25,,,,
1995,MYS,Other fossil fuels,11,,,,
1995,MYS,Total,40,,,,
1996,MYS,Coal,4.2,,,,
1996,MYS,Gas,33,,,,
1996,MYS,Other fossil fuels,11,,,,
1996,MYS,Total,48,,,,
1997,MYS,Coal,2.5,,,,
1997,MYS,Gas,42,,,,
1997,MYS,Other fossil fuels,12,,,,
1997,MYS,Total,56,,,,
1998,MYS,Coal,3.7,,,,
1998,MYS,Gas,45,,,,
1998,MYS,Other fossil fuels,11,,,,
1998,MYS,Total,60,,,,
1999,MYS,Coal,4.5,,,,
1999,MYS,Gas,51,,,,
1999,MYS,Other fossil fuels,5.0,,,,
1999,MYS,Total,61,,,,
2000,MYS,Coal,4.0,,,,
2000,MYS,Gas,56,,,,
2000,MYS,Other fossil fuels,2.4,,,,
2000,MYS,Total,62,,,,
2001,MYS,Coal,6.2,,,,
2001,MYS,Gas,60,,,,
2001,MYS,Other fossil fuels,2.8,,,,
2001,MYS,Total,69,,,,
2002,MYS,Coal,9.6,,,,
2002,MYS,Gas,60,,,,
2002,MYS,Other fossil fuels,5.5,,,,
2002,MYS,Total,75,,,,
2003,MYS,Coal,13,,,,
2003,MYS,Gas,60,,,,
2003,MYS,Other fossil fuels,4.0,,,,
2003,MYS,Total,78,,,,
2004,MYS,Coal,23,,,,
2004,MYS,Gas,64,,,,
2004,MYS,Other fossil fuels,3.4,,,,
2004,MYS,Total,90,,,,
2005,MYS,Coal,25,,,,
2005,MYS,Gas,64,,,,
2005,MYS,Other fossil fuels,3.0,,,,
2005,MYS,Total,92,,,,
2006,MYS,Coal,27,,,,
2006,MYS,Gas,67,,,,
2006,MYS,Other fossil fuels,3.0,,,,
2006,MYS,Total,97,,,,
2007,MYS,Coal,31,,,,
2007,MYS,Gas,68,,,,
2007,MYS,Other fossil fuels,3.0,,,,
2007,MYS,Total,102,,,,
2008,MYS,Coal,31,,,,
2008,MYS,Gas,71,,,,
2008,MYS,Other fossil fuels,2.7,,,,
2008,MYS,Total,105,,,,
2009,MYS,Coal,38,,,,
2009,MYS,Gas,67,,,,
2009,MYS,Other fossil fuels,2.8,,,,
2009,MYS,Total,108,,,,
2010,MYS,Coal,49,,,,
2010,MYS,Gas,65,,,,
2010,MYS,Other fossil fuels,2.8,,,,
2010,MYS,Total,117,,,,
2011,MYS,Coal,52,,,,
2011,MYS,Gas,56,,,,
2011,MYS,Other fossil fuels,9.4,,,,
2011,MYS,Total,117,,,,
2012,MYS,Coal,56,,,,
2012,MYS,Gas,61,,,,
2012,MYS,Other fossil fuels,6.7,,,,
2012,MYS,Total,123,,,,
2013,MYS,Coal,54,,,,
2013,MYS,Gas,71,,,,
2013,MYS,Other fossil fuels,3.1,,,,
2013,MYS,Total,128,,,,
2014,MYS,Coal,56,,,,
2014,MYS,Gas,74,,,,
2014,MYS,Other fossil fuels,3.5,,,,
2014,MYS,Total,133,,,,
2015,MYS,Coal,63,,,,
2015,MYS,Gas,70,,,,
2015,MYS,Other fossil fuels,1.7,,,,
2015,MYS,Total,135,,,,
2016,MYS,Coal,69,,,,
2016,MYS,Gas,65,,,,
2016,MYS,Other fossil fuels,1.2,,,,
2016,MYS,Total,136,,,,
2017,MYS,Coal,69,,,,
2017,MYS,Gas,62,,,,
2017,MYS,Other fossil fuels,1.7,,,,
2017,MYS,Total,133,,,,
2018,MYS,Coal,77,,,,
2018,MYS,Gas,64,,,,
2018,MYS,Other fossil fuels,0.9,,,,
2018,MYS,Total,142,,,,
2019,MYS,Coal,76,,,,
2019,MYS,Gas,72,,,,
2019,MYS,Other fossil fuels,1.0,,,,
2019,MYS,Total,150,,,,
2020,MYS,Coal,89,,,,
2020,MYS,Gas,54,,,,
2020,MYS,Other fossil fuels,0.9,,,,
2020,MYS,Total,143,,,,
2021,MYS,Coal,79,,,,
2021,MYS,Gas,61,,,,
2021,MYS,Other fossil fuels,1.1,,,,
2021,MYS,Total,141,,,,
2022,MYS,Coal,78,,,,
2022,MYS,Gas,68,,,,
2022,MYS,Other fossil fuels,1.6,,,,
2022,MYS,Total,148,,,,
2023,MYS,Coal,81,,,,
2023,MYS,Gas,69,,,,
2023,MYS,Other fossil fuels,1.2,,,,
2023,MYS,Total,152,,,,
2024,MYS,Coal,85,,,,
2024,MYS,Gas,71,,,,
2024,MYS,Other fossil fuels,1.2,,,,
2024,MYS,Total,158,,,,
2025,MYS,Coal,90,,,,
2025,MYS,Gas,68,,,,
2025,MYS,Other fossil fuels,2.1,,,,
2025,MYS,Total,160,,,,
2000,MDV,Coal,0,,,,
2000,MDV,Gas,0,,,,
2000,MDV,Other fossil fuels,0.2,,,,
2000,MDV,Total,0.2,,,,
2001,MDV,Coal,0,,,,
2001,MDV,Gas,0,,,,
2001,MDV,Other fossil fuels,0.2,,,,
2001,MDV,Total,0.2,,,,
2002,MDV,Coal,0,,,,
2002,MDV,Gas,0,,,,
2002,MDV,Other fossil fuels,0.2,,,,
2002,MDV,Total,0.2,,,,
2003,MDV,Coal,0,,,,
2003,MDV,Gas,0,,,,
2003,MDV,Other fossil fuels,0.2,,,,
2003,MDV,Total,0.2,,,,
2004,MDV,Coal,0,,,,
2004,MDV,Gas,0,,,,
2004,MDV,Other fossil fuels,0.2,,,,
2004,MDV,Total,0.2,,,,
2005,MDV,Coal,0,,,,
2005,MDV,Gas,0,,,,
2005,MDV,Other fossil fuels,0.3,,,,
2005,MDV,Total,0.3,,,,
2006,MDV,Coal,0,,,,
2006,MDV,Gas,0,,,,
2006,MDV,Other fossil fuels,0.3,,,,
2006,MDV,Total,0.3,,,,
2007,MDV,Coal,0,,,,
2007,MDV,Gas,0,,,,
2007,MDV,Other fossil fuels,0.4,,,,
2007,MDV,Total,0.4,,,,
2008,MDV,Coal,0,,,,
2008,MDV,Gas,0,,,,
2008,MDV,Other fossil fuels,0.4,,,,
2008,MDV,Total,0.4,,,,
2009,MDV,Coal,0,,,,
2009,MDV,Gas,0,,,,
2009,MDV,Other fossil fuels,0.4,,,,
2009,MDV,Total,0.4,,,,
2010,MDV,Coal,0,,,,
2010,MDV,Gas,0,,,,
2010,MDV,Other fossil fuels,0.4,,,,
2010,MDV,Total,0.4,,,,
2011,MDV,Coal,0,,,,
2011,MDV,Gas,0,,,,
2011,MDV,Other fossil fuels,0.4,,,,
2011,MDV,Total,0.4,,,,
2012,MDV,Coal,0,,,,
2012,MDV,Gas,0,,,,
2012,MDV,Other fossil fuels,0.4,,,,
2012,MDV,Total,0.4,,,,
2013,MDV,Coal,0,,,,
2013,MDV,Gas,0,,,,
2013,MDV,Other fossil fuels,0.4,,,,
2013,MDV,Total,0.4,,,,
2014,MDV,Coal,0,,,,
2014,MDV,Gas,0,,,,
2014,MDV,Other fossil fuels,0.5,,,,
2014,MDV,Total,0.5,,,,
2015,MDV,Coal,0,,,,
2015,MDV,Gas,0,,,,
2015,MDV,Other fossil fuels,0.6,,,,
2015,MDV,Total,0.6,,,,
2016,MDV,Coal,0,,,,
2016,MDV,Gas,0,,,,
2016,MDV,Other fossil fuels,0.7,,,,
2016,MDV,Total,0.7,,,,
2017,MDV,Coal,0,,,,
2017,MDV,Gas,0,,,,
2017,MDV,Other fossil fuels,0.7,,,,
2017,MDV,Total,0.7,,,,
2018,MDV,Coal,0,,,,
2018,MDV,Gas,0,,,,
2018,MDV,Other fossil fuels,0.8,,,,
2018,MDV,Total,0.8,,,,
2019,MDV,Coal,0,,,,
2019,MDV,Gas,0,,,,
2019,MDV,Other fossil fuels,0.8,,,,
2019,MDV,Total,0.8,,,,
2020,MDV,Coal,0,,,,
2020,MDV,Gas,0,,,,
2020,MDV,Other fossil fuels,0.8,,,,
2020,MDV,Total,0.8,,,,
2021,MDV,Coal,0,,,,
2021,MDV,Gas,0,,,,
2021,MDV,Other fossil fuels,0.8,,,,
2021,MDV,Total,0.8,,,,
2022,MDV,Coal,0,,,,
2022,MDV,Gas,0,,,,
2022,MDV,Other fossil fuels,0.8,,,,
2022,MDV,Total,0.8,,,,
2023,MDV,Coal,0,,,,
2023,MDV,Gas,0,,,,
2023,MDV,Other fossil fuels,0.8,,,,
2023,MDV,Total,0.8,,,,
2024,MDV,Coal,0,,,,
2024,MDV,Gas,0,,,,
2024,MDV,Other fossil fuels,0.8,,,,
2024,MDV,Total,0.8,,,,
2000,MLI,Coal,0,,,,
2000,MLI,Gas,0,,,,
2000,MLI,Other fossil fuels,0.8,,,,
2000,MLI,Total,0.8,,,,
2001,MLI,Coal,0,,,,
2001,MLI,Gas,0,,,,
2001,MLI,Other fossil fuels,0.8,,,,
2001,MLI,Total,0.8,,,,
2002,MLI,Coal,0,,,,
2002,MLI,Gas,0,,,,
2002,MLI,Other fossil fuels,0.8,,,,
2002,MLI,Total,0.8,,,,
2003,MLI,Coal,0,,,,
2003,MLI,Gas,0,,,,
2003,MLI,Other fossil fuels,0.8,,,,
2003,MLI,Total,0.8,,,,
2004,MLI,Coal,0,,,,
2004,MLI,Gas,0,,,,
2004,MLI,Other fossil fuels,1.0,,,,
2004,MLI,Total,1.0,,,,
2005,MLI,Coal,0,,,,
2005,MLI,Gas,0,,,,
2005,MLI,Other fossil fuels,1.0,,,,
2005,MLI,Total,1.0,,,,
2006,MLI,Coal,0,,,,
2006,MLI,Gas,0,,,,
2006,MLI,Other fossil fuels,1.0,,,,
2006,MLI,Total,1.0,,,,
2007,MLI,Coal,0,,,,
2007,MLI,Gas,0,,,,
2007,MLI,Other fossil fuels,1.1,,,,
2007,MLI,Total,1.1,,,,
2008,MLI,Coal,0,,,,
2008,MLI,Gas,0,,,,
2008,MLI,Other fossil fuels,1.2,,,,
2008,MLI,Total,1.2,,,,
2009,MLI,Coal,0,,,,
2009,MLI,Gas,0,,,,
2009,MLI,Other fossil fuels,0.8,,,,
2009,MLI,Total,0.8,,,,
2010,MLI,Coal,0,,,,
2010,MLI,Gas,0,,,,
2010,MLI,Other fossil fuels,1.2,,,,
2010,MLI,Total,1.2,,,,
2011,MLI,Coal,0,,,,
2011,MLI,Gas,0,,,,
2011,MLI,Other fossil fuels,0.9,,,,
2011,MLI,Total,0.9,,,,
2012,MLI,Coal,0,,,,
2012,MLI,Gas,0,,,,
2012,MLI,Other fossil fuels,1.0,,,,
2012,MLI,Total,1.0,,,,
2013,MLI,Coal,0,,,,
2013,MLI,Gas,0,,,,
2013,MLI,Other fossil fuels,1.0,,,,
2013,MLI,Total,1.0,,,,
2014,MLI,Coal,0,,,,
2014,MLI,Gas,0,,,,
2014,MLI,Other fossil fuels,1.1,,,,
2014,MLI,Total,1.1,,,,
2015,MLI,Coal,0,,,,
2015,MLI,Gas,0,,,,
2015,MLI,Other fossil fuels,1.3,,,,
2015,MLI,Total,1.3,,,,
2016,MLI,Coal,0,,,,
2016,MLI,Gas,0,,,,
2016,MLI,Other fossil fuels,1.5,,,,
2016,MLI,Total,1.5,,,,
2017,MLI,Coal,0,,,,
2017,MLI,Gas,0,,,,
2017,MLI,Other fossil fuels,1.9,,,,
2017,MLI,Total,1.9,,,,
2018,MLI,Coal,0,,,,
2018,MLI,Gas,0,,,,
2018,MLI,Other fossil fuels,2.2,,,,
2018,MLI,Total,2.2,,,,
2019,MLI,Coal,0,,,,
2019,MLI,Gas,0,,,,
2019,MLI,Other fossil fuels,2.4,,,,
2019,MLI,Total,2.4,,,,
2020,MLI,Coal,0,,,,
2020,MLI,Gas,0,,,,
2020,MLI,Other fossil fuels,2.3,,,,
2020,MLI,Total,2.3,,,,
2021,MLI,Coal,0,,,,
2021,MLI,Gas,0,,,,
2021,MLI,Other fossil fuels,2.4,,,,
2021,MLI,Total,2.4,,,,
2022,MLI,Coal,0,,,,
2022,MLI,Gas,0,,,,
2022,MLI,Other fossil fuels,2.5,,,,
2022,MLI,Total,2.5,,,,
2023,MLI,Coal,0,,,,
2023,MLI,Gas,0,,,,
2023,MLI,Other fossil fuels,4.8,,,,
2023,MLI,Total,4.8,,,,
2024,MLI,Coal,0,,,,
2024,MLI,Gas,0,,,,
2024,MLI,Other fossil fuels,4.8,,,,
2024,MLI,Total,4.8,,,,
1990,MLT,Coal,0.6,,,,
1990,MLT,Gas,0,,,,
1990,MLT,Other fossil fuels,0.5,,,,
1990,MLT,Total,1.1,,,,
1991,MLT,Coal,0.6,,,,
1991,MLT,Gas,0,,,,
1991,MLT,Other fossil fuels,0.8,,,,
1991,MLT,Total,1.4,,,,
1992,MLT,Coal,0.6,,,,
1992,MLT,Gas,0,,,,
1992,MLT,Other fossil fuels,0.9,,,,
1992,MLT,Total,1.5,,,,
1993,MLT,Coal,0.6,,,,
1993,MLT,Gas,0,,,,
1993,MLT,Other fossil fuels,0.9,,,,
1993,MLT,Total,1.5,,,,
1994,MLT,Coal,0.4,,,,
1994,MLT,Gas,0,,,,
1994,MLT,Other fossil fuels,1.2,,,,
1994,MLT,Total,1.5,,,,
1995,MLT,Coal,0.1,,,,
1995,MLT,Gas,0,,,,
1995,MLT,Other fossil fuels,1.5,,,,
1995,MLT,Total,1.6,,,,
1996,MLT,Coal,0,,,,
1996,MLT,Gas,0,,,,
1996,MLT,Other fossil fuels,1.7,,,,
1996,MLT,Total,1.7,,,,
1997,MLT,Coal,0,,,,
1997,MLT,Gas,0,,,,
1997,MLT,Other fossil fuels,1.7,,,,
1997,MLT,Total,1.7,,,,
1998,MLT,Coal,0,,,,
1998,MLT,Gas,0,,,,
1998,MLT,Other fossil fuels,1.7,,,,
1998,MLT,Total,1.7,,,,
1999,MLT,Coal,0,,,,
1999,MLT,Gas,0,,,,
1999,MLT,Other fossil fuels,1.9,,,,
1999,MLT,Total,1.9,,,,
2000,MLT,Coal,0,,,,
2000,MLT,Gas,0,,,,
2000,MLT,Other fossil fuels,1.9,,,,
2000,MLT,Total,1.9,,,,
2001,MLT,Coal,0,,,,
2001,MLT,Gas,0,,,,
2001,MLT,Other fossil fuels,1.9,,,,
2001,MLT,Total,1.9,,,,
2002,MLT,Coal,0,,,,
2002,MLT,Gas,0,,,,
2002,MLT,Other fossil fuels,2.1,,,,
2002,MLT,Total,2.1,,,,
2003,MLT,Coal,0,,,,
2003,MLT,Gas,0,,,,
2003,MLT,Other fossil fuels,2.2,,,,
2003,MLT,Total,2.2,,,,
2004,MLT,Coal,0,,,,
2004,MLT,Gas,0,,,,
2004,MLT,Other fossil fuels,2.2,,,,
2004,MLT,Total,2.2,,,,
2005,MLT,Coal,0,,,,
2005,MLT,Gas,0,,,,
2005,MLT,Other fossil fuels,2.2,,,,
2005,MLT,Total,2.2,,,,
2006,MLT,Coal,0,,,,
2006,MLT,Gas,0,,,,
2006,MLT,Other fossil fuels,2.3,,,,
2006,MLT,Total,2.3,,,,
2007,MLT,Coal,0,,,,
2007,MLT,Gas,0,,,,
2007,MLT,Other fossil fuels,2.3,,,,
2007,MLT,Total,2.3,,,,
2008,MLT,Coal,0,,,,
2008,MLT,Gas,0,,,,
2008,MLT,Other fossil fuels,2.3,,,,
2008,MLT,Total,2.3,,,,
2009,MLT,Coal,0,,,,
2009,MLT,Gas,0,,,,
2009,MLT,Other fossil fuels,2.2,,,,
2009,MLT,Total,2.2,,,,
2010,MLT,Coal,0,,,,
2010,MLT,Gas,0,,,,
2010,MLT,Other fossil fuels,2.1,,,,
2010,MLT,Total,2.1,,,,
2011,MLT,Coal,0,,,,
2011,MLT,Gas,0,,,,
2011,MLT,Other fossil fuels,2.2,,,,
2011,MLT,Total,2.2,,,,
2012,MLT,Coal,0,,,,
2012,MLT,Gas,0,,,,
2012,MLT,Other fossil fuels,2.3,,,,
2012,MLT,Total,2.3,,,,
2013,MLT,Coal,0,,,,
2013,MLT,Gas,0,,,,
2013,MLT,Other fossil fuels,2.2,,,,
2013,MLT,Total,2.2,,,,
2014,MLT,Coal,0,,,,
2014,MLT,Gas,0,,,,
2014,MLT,Other fossil fuels,2.2,,,,
2014,MLT,Total,2.2,,,,
2015,MLT,Coal,0,,,,
2015,MLT,Gas,0,,,,
2015,MLT,Other fossil fuels,1.2,,,,
2015,MLT,Total,1.2,,,,
2016,MLT,Coal,0,,,,
2016,MLT,Gas,0,,,,
2016,MLT,Other fossil fuels,0.7,,,,
2016,MLT,Total,0.7,,,,
2017,MLT,Coal,0,,,,
2017,MLT,Gas,1.3,,,,
2017,MLT,Other fossil fuels,0.2,,,,
2017,MLT,Total,1.5,,,,
2018,MLT,Coal,0,,,,
2018,MLT,Gas,1.8,,,,
2018,MLT,Other fossil fuels,0,,,,
2018,MLT,Total,1.8,,,,
2019,MLT,Coal,0,,,,
2019,MLT,Gas,1.8,,,,
2019,MLT,Other fossil fuels,0,,,,
2019,MLT,Total,1.9,,,,
2020,MLT,Coal,0,,,,
2020,MLT,Gas,1.8,,,,
2020,MLT,Other fossil fuels,0.1,,,,
2020,MLT,Total,1.9,,,,
2021,MLT,Coal,0,,,,
2021,MLT,Gas,1.9,,,,
2021,MLT,Other fossil fuels,0,,,,
2021,MLT,Total,2.0,,,,
2022,MLT,Coal,0,,,,
2022,MLT,Gas,1.9,,,,
2022,MLT,Other fossil fuels,0.1,,,,
2022,MLT,Total,2.0,,,,
2023,MLT,Coal,0,,,,
2023,MLT,Gas,2.0,,,,
2023,MLT,Other fossil fuels,0,,,,
2023,MLT,Total,2.0,,,,
2024,MLT,Coal,0,,,,
2024,MLT,Gas,1.8,,,,
2024,MLT,Other fossil fuels,0,,,,
2024,MLT,Total,1.9,,,,
2025,MLT,Coal,0,,,,
2025,MLT,Gas,1.8,,,,
2025,MLT,Other fossil fuels,0,,,,
2025,MLT,Total,1.8,,,,
2000,MTQ,Other fossil fuels,1.1,,,,
2000,MTQ,Total,1.1,,,,
2001,MTQ,Other fossil fuels,1.3,,,,
2001,MTQ,Total,1.3,,,,
2002,MTQ,Other fossil fuels,1.3,,,,
2002,MTQ,Total,1.3,,,,
2003,MTQ,Other fossil fuels,1.4,,,,
2003,MTQ,Total,1.4,,,,
2004,MTQ,Other fossil fuels,1.4,,,,
2004,MTQ,Total,1.4,,,,
2005,MTQ,Other fossil fuels,1.4,,,,
2005,MTQ,Total,1.4,,,,
2006,MTQ,Other fossil fuels,1.5,,,,
2006,MTQ,Total,1.5,,,,
2007,MTQ,Other fossil fuels,1.5,,,,
2007,MTQ,Total,1.5,,,,
2008,MTQ,Other fossil fuels,1.5,,,,
2008,MTQ,Total,1.5,,,,
2009,MTQ,Other fossil fuels,1.5,,,,
2009,MTQ,Total,1.5,,,,
2010,MTQ,Other fossil fuels,1.6,,,,
2010,MTQ,Total,1.6,,,,
2011,MTQ,Other fossil fuels,1.5,,,,
2011,MTQ,Total,1.5,,,,
2012,MTQ,Other fossil fuels,1.5,,,,
2012,MTQ,Total,1.5,,,,
2013,MTQ,Other fossil fuels,1.5,,,,
2013,MTQ,Total,1.5,,,,
2014,MTQ,Other fossil fuels,1.5,,,,
2014,MTQ,Total,1.5,,,,
2015,MTQ,Other fossil fuels,1.5,,,,
2015,MTQ,Total,1.5,,,,
2016,MTQ,Other fossil fuels,1.5,,,,
2016,MTQ,Total,1.5,,,,
2017,MTQ,Other fossil fuels,1.5,,,,
2017,MTQ,Total,1.5,,,,
2018,MTQ,Other fossil fuels,1.4,,,,
2018,MTQ,Total,1.4,,,,
2019,MTQ,Other fossil fuels,1.2,,,,
2019,MTQ,Total,1.2,,,,
2020,MTQ,Other fossil fuels,1.2,,,,
2020,MTQ,Total,1.2,,,,
2021,MTQ,Other fossil fuels,1.1,,,,
2021,MTQ,Total,1.1,,,,
2022,MTQ,Other fossil fuels,1.1,,,,
2022,MTQ,Total,1.1,,,,
2023,MTQ,Other fossil fuels,1.1,,,,
2023,MTQ,Total,1.1,,,,
2000,MRT,Coal,0,,,,
2000,MRT,Gas,0,,,,
2000,MRT,Other fossil fuels,0.4,,,,
2000,MRT,Total,0.4,,,,
2001,MRT,Coal,0,,,,
2001,MRT,Gas,0,,,,
2001,MRT,Other fossil fuels,0.4,,,,
2001,MRT,Total,0.4,,,,
2002,MRT,Coal,0,,,,
2002,MRT,Gas,0,,,,
2002,MRT,Other fossil fuels,0.5,,,,
2002,MRT,Total,0.5,,,,
2003,MRT,Coal,0,,,,
2003,MRT,Gas,0,,,,
2003,MRT,Other fossil fuels,0.5,,,,
2003,MRT,Total,0.5,,,,
2004,MRT,Coal,0,,,,
2004,MRT,Gas,0,,,,
2004,MRT,Other fossil fuels,0.5,,,,
2004,MRT,Total,0.5,,,,
2005,MRT,Coal,0,,,,
2005,MRT,Gas,0,,,,
2005,MRT,Other fossil fuels,0.5,,,,
2005,MRT,Total,0.5,,,,
2006,MRT,Coal,0,,,,
2006,MRT,Gas,0,,,,
2006,MRT,Other fossil fuels,0.6,,,,
2006,MRT,Total,0.6,,,,
2007,MRT,Coal,0,,,,
2007,MRT,Gas,0,,,,
2007,MRT,Other fossil fuels,0.6,,,,
2007,MRT,Total,0.6,,,,
2008,MRT,Coal,0,,,,
2008,MRT,Gas,0,,,,
2008,MRT,Other fossil fuels,0.7,,,,
2008,MRT,Total,0.7,,,,
2009,MRT,Coal,0,,,,
2009,MRT,Gas,0,,,,
2009,MRT,Other fossil fuels,0.7,,,,
2009,MRT,Total,0.7,,,,
2010,MRT,Coal,0,,,,
2010,MRT,Gas,0,,,,
2010,MRT,Other fossil fuels,0.7,,,,
2010,MRT,Total,0.7,,,,
2011,MRT,Coal,0,,,,
2011,MRT,Gas,0,,,,
2011,MRT,Other fossil fuels,0.7,,,,
2011,MRT,Total,0.7,,,,
2012,MRT,Coal,0,,,,
2012,MRT,Gas,0,,,,
2012,MRT,Other fossil fuels,0.8,,,,
2012,MRT,Total,0.8,,,,
2013,MRT,Coal,0,,,,
2013,MRT,Gas,0,,,,
2013,MRT,Other fossil fuels,0.8,,,,
2013,MRT,Total,0.8,,,,
2014,MRT,Coal,0,,,,
2014,MRT,Gas,0,,,,
2014,MRT,Other fossil fuels,0.8,,,,
2014,MRT,Total,0.8,,,,
2015,MRT,Coal,0,,,,
2015,MRT,Gas,0,,,,
2015,MRT,Other fossil fuels,0.8,,,,
2015,MRT,Total,0.8,,,,
2016,MRT,Coal,0,,,,
2016,MRT,Gas,0,,,,
2016,MRT,Other fossil fuels,0.9,,,,
2016,MRT,Total,0.9,,,,
2017,MRT,Coal,0,,,,
2017,MRT,Gas,0,,,,
2017,MRT,Other fossil fuels,1.0,,,,
2017,MRT,Total,1.0,,,,
2018,MRT,Coal,0,,,,
2018,MRT,Gas,0,,,,
2018,MRT,Other fossil fuels,1.0,,,,
2018,MRT,Total,1.0,,,,
2019,MRT,Coal,0,,,,
2019,MRT,Gas,0,,,,
2019,MRT,Other fossil fuels,1.1,,,,
2019,MRT,Total,1.1,,,,
2020,MRT,Coal,0,,,,
2020,MRT,Gas,0,,,,
2020,MRT,Other fossil fuels,1.2,,,,
2020,MRT,Total,1.2,,,,
2021,MRT,Coal,0,,,,
2021,MRT,Gas,0,,,,
2021,MRT,Other fossil fuels,1.1,,,,
2021,MRT,Total,1.1,,,,
2022,MRT,Coal,0,,,,
2022,MRT,Gas,0,,,,
2022,MRT,Other fossil fuels,1.2,,,,
2022,MRT,Total,1.2,,,,
2023,MRT,Coal,0,,,,
2023,MRT,Gas,0,,,,
2023,MRT,Other fossil fuels,1.6,,,,
2023,MRT,Total,1.6,,,,
2024,MRT,Coal,0,,,,
2024,MRT,Gas,0,,,,
2024,MRT,Other fossil fuels,1.6,,,,
2024,MRT,Total,1.6,,,,
2000,MUS,Coal,0.4,,,,
2000,MUS,Gas,0,,,,
2000,MUS,Other fossil fuels,0.9,,,,
2000,MUS,Total,1.3,,,,
2001,MUS,Coal,0.5,,,,
2001,MUS,Gas,0,,,,
2001,MUS,Other fossil fuels,0.9,,,,
2001,MUS,Total,1.4,,,,
2002,MUS,Coal,0.5,,,,
2002,MUS,Gas,0,,,,
2002,MUS,Other fossil fuels,0.9,,,,
2002,MUS,Total,1.4,,,,
2003,MUS,Coal,0.5,,,,
2003,MUS,Gas,0,,,,
2003,MUS,Other fossil fuels,1.0,,,,
2003,MUS,Total,1.5,,,,
2004,MUS,Coal,0.5,,,,
2004,MUS,Gas,0,,,,
2004,MUS,Other fossil fuels,1.1,,,,
2004,MUS,Total,1.6,,,,
2005,MUS,Coal,0.6,,,,
2005,MUS,Gas,0,,,,
2005,MUS,Other fossil fuels,1.1,,,,
2005,MUS,Total,1.7,,,,
2006,MUS,Coal,0.8,,,,
2006,MUS,Gas,0,,,,
2006,MUS,Other fossil fuels,1.0,,,,
2006,MUS,Total,1.8,,,,
2007,MUS,Coal,1.0,,,,
2007,MUS,Gas,0,,,,
2007,MUS,Other fossil fuels,0.9,,,,
2007,MUS,Total,1.9,,,,
2008,MUS,Coal,1.1,,,,
2008,MUS,Gas,0,,,,
2008,MUS,Other fossil fuels,0.8,,,,
2008,MUS,Total,2.0,,,,
2009,MUS,Coal,1.0,,,,
2009,MUS,Gas,0,,,,
2009,MUS,Other fossil fuels,1.0,,,,
2009,MUS,Total,2.0,,,,
2010,MUS,Coal,1.0,,,,
2010,MUS,Gas,0,,,,
2010,MUS,Other fossil fuels,1.0,,,,
2010,MUS,Total,2.0,,,,
2011,MUS,Coal,1.1,,,,
2011,MUS,Gas,0,,,,
2011,MUS,Other fossil fuels,1.1,,,,
2011,MUS,Total,2.2,,,,
2012,MUS,Coal,1.2,,,,
2012,MUS,Gas,0,,,,
2012,MUS,Other fossil fuels,1.1,,,,
2012,MUS,Total,2.2,,,,
2013,MUS,Coal,1.2,,,,
2013,MUS,Gas,0,,,,
2013,MUS,Other fossil fuels,1.1,,,,
2013,MUS,Total,2.3,,,,
2014,MUS,Coal,1.3,,,,
2014,MUS,Gas,0,,,,
2014,MUS,Other fossil fuels,1.1,,,,
2014,MUS,Total,2.3,,,,
2015,MUS,Coal,1.2,,,,
2015,MUS,Gas,0,,,,
2015,MUS,Other fossil fuels,1.1,,,,
2015,MUS,Total,2.3,,,,
2016,MUS,Coal,1.3,,,,
2016,MUS,Gas,0,,,,
2016,MUS,Other fossil fuels,1.1,,,,
2016,MUS,Total,2.4,,,,
2017,MUS,Coal,1.3,,,,
2017,MUS,Gas,0,,,,
2017,MUS,Other fossil fuels,1.2,,,,
2017,MUS,Total,2.5,,,,
2018,MUS,Coal,1.3,,,,
2018,MUS,Gas,0,,,,
2018,MUS,Other fossil fuels,1.2,,,,
2018,MUS,Total,2.5,,,,
2019,MUS,Coal,1.2,,,,
2019,MUS,Gas,0,,,,
2019,MUS,Other fossil fuels,1.4,,,,
2019,MUS,Total,2.5,,,,
2020,MUS,Coal,1.1,,,,
2020,MUS,Gas,0,,,,
2020,MUS,Other fossil fuels,1.1,,,,
2020,MUS,Total,2.2,,,,
2021,MUS,Coal,1.3,,,,
2021,MUS,Gas,0,,,,
2021,MUS,Other fossil fuels,1.1,,,,
2021,MUS,Total,2.4,,,,
2022,MUS,Coal,1.0,,,,
2022,MUS,Gas,0,,,,
2022,MUS,Other fossil fuels,1.5,,,,
2022,MUS,Total,2.5,,,,
2023,MUS,Coal,1.1,,,,
2023,MUS,Gas,0,,,,
2023,MUS,Other fossil fuels,1.6,,,,
2023,MUS,Total,2.7,,,,
2024,MUS,Coal,1.3,,,,
2024,MUS,Gas,0,,,,
2024,MUS,Other fossil fuels,1.5,,,,
2024,MUS,Total,2.8,,,,
1985,MEX,Coal,3.9,,,,
1985,MEX,Gas,7.2,,,,
1985,MEX,Other fossil fuels,55,,,,
1985,MEX,Total,66,,,,
1986,MEX,Coal,6.4,,,,
1986,MEX,Gas,7.7,,,,
1986,MEX,Other fossil fuels,61,,,,
1986,MEX,Total,75,,,,
1987,MEX,Coal,7.3,,,,
1987,MEX,Gas,9.0,,,,
1987,MEX,Other fossil fuels,66,,,,
1987,MEX,Total,82,,,,
1988,MEX,Coal,8.1,,,,
1988,MEX,Gas,8.3,,,,
1988,MEX,Other fossil fuels,69,,,,
1988,MEX,Total,86,,,,
1989,MEX,Coal,7.9,,,,
1989,MEX,Gas,9.8,,,,
1989,MEX,Other fossil fuels,72,,,,
1989,MEX,Total,90,,,,
1990,MEX,Coal,7.8,,,,
1990,MEX,Gas,13,,,,
1990,MEX,Other fossil fuels,64,,,,
1990,MEX,Total,85,,,,
1991,MEX,Coal,9.2,,,,
1991,MEX,Gas,19,,,,
1991,MEX,Other fossil fuels,68,,,,
1991,MEX,Total,96,,,,
1992,MEX,Coal,9.6,,,,
1992,MEX,Gas,19,,,,
1992,MEX,Other fossil fuels,67,,,,
1992,MEX,Total,95,,,,
1993,MEX,Coal,12,,,,
1993,MEX,Gas,19,,,,
1993,MEX,Other fossil fuels,66,,,,
1993,MEX,Total,97,,,,
1994,MEX,Coal,14,,,,
1994,MEX,Gas,21,,,,
1994,MEX,Other fossil fuels,80,,,,
1994,MEX,Total,115,,,,
1995,MEX,Coal,15,,,,
1995,MEX,Gas,22,,,,
1995,MEX,Other fossil fuels,70,,,,
1995,MEX,Total,108,,,,
1996,MEX,Coal,19,,,,
1996,MEX,Gas,21,,,,
1996,MEX,Other fossil fuels,71,,,,
1996,MEX,Total,111,,,,
1997,MEX,Coal,18,,,,
1997,MEX,Gas,23,,,,
1997,MEX,Other fossil fuels,83,,,,
1997,MEX,Total,124,,,,
1998,MEX,Coal,19,,,,
1998,MEX,Gas,30,,,,
1998,MEX,Other fossil fuels,92,,,,
1998,MEX,Total,141,,,,
1999,MEX,Coal,19,,,,
1999,MEX,Gas,33,,,,
1999,MEX,Other fossil fuels,90,,,,
1999,MEX,Total,141,,,,
2000,MEX,Coal,19,,,,
2000,MEX,Gas,40,,,,
2000,MEX,Other fossil fuels,97,,,,
2000,MEX,Total,156,,,,
2001,MEX,Coal,23,,,,
2001,MEX,Gas,51,,,,
2001,MEX,Other fossil fuels,93,,,,
2001,MEX,Total,167,,,,
2002,MEX,Coal,26,,,,
2002,MEX,Gas,70,,,,
2002,MEX,Other fossil fuels,79,,,,
2002,MEX,Total,175,,,,
2003,MEX,Coal,31,,,,
2003,MEX,Gas,81,,,,
2003,MEX,Other fossil fuels,76,,,,
2003,MEX,Total,188,,,,
2004,MEX,Coal,24,,,,
2004,MEX,Gas,92,,,,
2004,MEX,Other fossil fuels,78,,,,
2004,MEX,Total,194,,,,
2005,MEX,Coal,33,,,,
2005,MEX,Gas,86,,,,
2005,MEX,Other fossil fuels,82,,,,
2005,MEX,Total,201,,,,
2006,MEX,Coal,32,,,,
2006,MEX,Gas,116,,,,
2006,MEX,Other fossil fuels,60,,,,
2006,MEX,Total,207,,,,
2007,MEX,Coal,32,,,,
2007,MEX,Gas,129,,,,
2007,MEX,Other fossil fuels,57,,,,
2007,MEX,Total,217,,,,
2008,MEX,Coal,21,,,,
2008,MEX,Gas,131,,,,
2008,MEX,Other fossil fuels,59,,,,
2008,MEX,Total,212,,,,
2009,MEX,Coal,29,,,,
2009,MEX,Gas,138,,,,
2009,MEX,Other fossil fuels,55,,,,
2009,MEX,Total,222,,,,
2010,MEX,Coal,32,,,,
2010,MEX,Gas,147,,,,
2010,MEX,Other fossil fuels,44,,,,
2010,MEX,Total,223,,,,
2011,MEX,Coal,34,,,,
2011,MEX,Gas,154,,,,
2011,MEX,Other fossil fuels,49,,,,
2011,MEX,Total,236,,,,
2012,MEX,Coal,34,,,,
2012,MEX,Gas,155,,,,
2012,MEX,Other fossil fuels,56,,,,
2012,MEX,Total,245,,,,
2013,MEX,Coal,32,,,,
2013,MEX,Gas,166,,,,
2013,MEX,Other fossil fuels,48,,,,
2013,MEX,Total,245,,,,
2014,MEX,Coal,34,,,,
2014,MEX,Gas,174,,,,
2014,MEX,Other fossil fuels,32,,,,
2014,MEX,Total,240,,,,
2015,MEX,Coal,34,,,,
2015,MEX,Gas,186,,,,
2015,MEX,Other fossil fuels,31,,,,
2015,MEX,Total,251,,,,
2016,MEX,Coal,34,,,,
2016,MEX,Gas,193,,,,
2016,MEX,Other fossil fuels,34,,,,
2016,MEX,Total,261,,,,
2017,MEX,Coal,31,,,,
2017,MEX,Gas,198,,,,
2017,MEX,Other fossil fuels,39,,,,
2017,MEX,Total,267,,,,
2018,MEX,Coal,29,,,,
2018,MEX,Gas,216,,,,
2018,MEX,Other fossil fuels,36,,,,
2018,MEX,Total,281,,,,
2019,MEX,Coal,33,,,,
2019,MEX,Gas,208,,,,
2019,MEX,Other fossil fuels,35,,,,
2019,MEX,Total,276,,,,
2020,MEX,Coal,15,,,,
2020,MEX,Gas,209,,,,
2020,MEX,Other fossil fuels,21,,,,
2020,MEX,Total,245,,,,
2021,MEX,Coal,7.4,,,,
2021,MEX,Gas,196,,,,
2021,MEX,Other fossil fuels,31,,,,
2021,MEX,Total,235,,,,
2022,MEX,Coal,10,,,,
2022,MEX,Gas,203,,,,
2022,MEX,Other fossil fuels,33,,,,
2022,MEX,Total,246,,,,
2023,MEX,Coal,14,,,,
2023,MEX,Gas,219,,,,
2023,MEX,Other fossil fuels,35,,,,
2023,MEX,Total,268,,,,
2024,MEX,Coal,12,,,,
2024,MEX,Gas,222,,,,
2024,MEX,Other fossil fuels,34,,,,
2024,MEX,Total,268,,,,
2025,MEX,Coal,11,,,,
2025,MEX,Gas,220,,,,
2025,MEX,Other fossil fuels,34,,,,
2025,MEX,Total,264,,,,
2000,MDA,Coal,0,,,,
2000,MDA,Gas,5.0,,,,
2000,MDA,Other fossil fuels,0,,,,
2000,MDA,Total,5.1,,,,
2001,MDA,Coal,0,,,,
2001,MDA,Gas,5.5,,,,
2001,MDA,Other fossil fuels,0,,,,
2001,MDA,Total,5.5,,,,
2002,MDA,Coal,0,,,,
2002,MDA,Gas,5.3,,,,
2002,MDA,Other fossil fuels,0,,,,
2002,MDA,Total,5.3,,,,
2003,MDA,Coal,0,,,,
2003,MDA,Gas,5.4,,,,
2003,MDA,Other fossil fuels,0,,,,
2003,MDA,Total,5.4,,,,
2004,MDA,Coal,0,,,,
2004,MDA,Gas,5.4,,,,
2004,MDA,Other fossil fuels,0,,,,
2004,MDA,Total,5.5,,,,
2005,MDA,Coal,0,,,,
2005,MDA,Gas,5.6,,,,
2005,MDA,Other fossil fuels,0,,,,
2005,MDA,Total,5.6,,,,
2006,MDA,Coal,0,,,,
2006,MDA,Gas,5.7,,,,
2006,MDA,Other fossil fuels,0,,,,
2006,MDA,Total,5.7,,,,
2007,MDA,Coal,0,,,,
2007,MDA,Gas,5.5,,,,
2007,MDA,Other fossil fuels,0,,,,
2007,MDA,Total,5.5,,,,
2008,MDA,Coal,0,,,,
2008,MDA,Gas,5.6,,,,
2008,MDA,Other fossil fuels,0,,,,
2008,MDA,Total,5.6,,,,
2009,MDA,Coal,0,,,,
2009,MDA,Gas,5.8,,,,
2009,MDA,Other fossil fuels,0.1,,,,
2009,MDA,Total,5.8,,,,
2010,MDA,Coal,0,,,,
2010,MDA,Gas,5.7,,,,
2010,MDA,Other fossil fuels,0,,,,
2010,MDA,Total,5.7,,,,
2011,MDA,Coal,0,,,,
2011,MDA,Gas,5.4,,,,
2011,MDA,Other fossil fuels,0,,,,
2011,MDA,Total,5.4,,,,
2012,MDA,Coal,0,,,,
2012,MDA,Gas,5.5,,,,
2012,MDA,Other fossil fuels,0,,,,
2012,MDA,Total,5.5,,,,
2013,MDA,Coal,0,,,,
2013,MDA,Gas,4.2,,,,
2013,MDA,Other fossil fuels,0,,,,
2013,MDA,Total,4.2,,,,
2014,MDA,Coal,0,,,,
2014,MDA,Gas,5.0,,,,
2014,MDA,Other fossil fuels,0,,,,
2014,MDA,Total,5.0,,,,
2015,MDA,Coal,0,,,,
2015,MDA,Gas,5.8,,,,
2015,MDA,Other fossil fuels,0,,,,
2015,MDA,Total,5.8,,,,
2016,MDA,Coal,0,,,,
2016,MDA,Gas,5.6,,,,
2016,MDA,Other fossil fuels,0,,,,
2016,MDA,Total,5.6,,,,
2017,MDA,Coal,0,,,,
2017,MDA,Gas,4.6,,,,
2017,MDA,Other fossil fuels,0,,,,
2017,MDA,Total,4.7,,,,
2018,MDA,Coal,0,,,,
2018,MDA,Gas,5.1,,,,
2018,MDA,Other fossil fuels,0,,,,
2018,MDA,Total,5.1,,,,
2019,MDA,Coal,0,,,,
2019,MDA,Gas,5.3,,,,
2019,MDA,Other fossil fuels,0,,,,
2019,MDA,Total,5.3,,,,
2020,MDA,Coal,0,,,,
2020,MDA,Gas,5.8,,,,
2020,MDA,Other fossil fuels,0,,,,
2020,MDA,Total,5.8,,,,
2021,MDA,Coal,0,,,,
2021,MDA,Gas,6.2,,,,
2021,MDA,Other fossil fuels,0,,,,
2021,MDA,Total,6.2,,,,
2022,MDA,Coal,0,,,,
2022,MDA,Gas,4.6,,,,
2022,MDA,Other fossil fuels,0.2,,,,
2022,MDA,Total,4.8,,,,
2023,MDA,Coal,0,,,,
2023,MDA,Gas,5.4,,,,
2023,MDA,Other fossil fuels,0.3,,,,
2023,MDA,Total,5.7,,,,
2024,MDA,Coal,0,,,,
2024,MDA,Gas,5.2,,,,
2024,MDA,Other fossil fuels,0.2,,,,
2024,MDA,Total,5.4,,,,
2025,MDA,Coal,0,,,,
2025,MDA,Gas,1.9,,,,
2025,MDA,Other fossil fuels,0.2,,,,
2025,MDA,Total,2.1,,,,
2000,MNG,Coal,2.9,,,,
2000,MNG,Gas,0,,,,
2000,MNG,Other fossil fuels,0.1,,,,
2000,MNG,Total,2.9,,,,
2001,MNG,Coal,2.9,,,,
2001,MNG,Gas,0,,,,
2001,MNG,Other fossil fuels,0.1,,,,
2001,MNG,Total,3.0,,,,
2002,MNG,Coal,3.0,,,,
2002,MNG,Gas,0,,,,
2002,MNG,Other fossil fuels,0.1,,,,
2002,MNG,Total,3.1,,,,
2003,MNG,Coal,3.0,,,,
2003,MNG,Gas,0,,,,
2003,MNG,Other fossil fuels,0.1,,,,
2003,MNG,Total,3.1,,,,
2004,MNG,Coal,3.2,,,,
2004,MNG,Gas,0,,,,
2004,MNG,Other fossil fuels,0.1,,,,
2004,MNG,Total,3.3,,,,
2005,MNG,Coal,3.3,,,,
2005,MNG,Gas,0,,,,
2005,MNG,Other fossil fuels,0.1,,,,
2005,MNG,Total,3.4,,,,
2006,MNG,Coal,3.4,,,,
2006,MNG,Gas,0,,,,
2006,MNG,Other fossil fuels,0.1,,,,
2006,MNG,Total,3.5,,,,
2007,MNG,Coal,3.6,,,,
2007,MNG,Gas,0,,,,
2007,MNG,Other fossil fuels,0.2,,,,
2007,MNG,Total,3.7,,,,
2008,MNG,Coal,3.8,,,,
2008,MNG,Gas,0,,,,
2008,MNG,Other fossil fuels,0.2,,,,
2008,MNG,Total,4.0,,,,
2009,MNG,Coal,3.9,,,,
2009,MNG,Gas,0,,,,
2009,MNG,Other fossil fuels,0.2,,,,
2009,MNG,Total,4.0,,,,
2010,MNG,Coal,4.1,,,,
2010,MNG,Gas,0,,,,
2010,MNG,Other fossil fuels,0.2,,,,
2010,MNG,Total,4.3,,,,
2011,MNG,Coal,4.2,,,,
2011,MNG,Gas,0,,,,
2011,MNG,Other fossil fuels,0.2,,,,
2011,MNG,Total,4.5,,,,
2012,MNG,Coal,4.5,,,,
2012,MNG,Gas,0,,,,
2012,MNG,Other fossil fuels,0.3,,,,
2012,MNG,Total,4.8,,,,
2013,MNG,Coal,4.6,,,,
2013,MNG,Gas,0,,,,
2013,MNG,Other fossil fuels,0.3,,,,
2013,MNG,Total,4.9,,,,
2014,MNG,Coal,4.9,,,,
2014,MNG,Gas,0,,,,
2014,MNG,Other fossil fuels,0.2,,,,
2014,MNG,Total,5.2,,,,
2015,MNG,Coal,5.1,,,,
2015,MNG,Gas,0,,,,
2015,MNG,Other fossil fuels,0.2,,,,
2015,MNG,Total,5.3,,,,
2016,MNG,Coal,5.2,,,,
2016,MNG,Gas,0,,,,
2016,MNG,Other fossil fuels,0.2,,,,
2016,MNG,Total,5.4,,,,
2017,MNG,Coal,5.5,,,,
2017,MNG,Gas,0,,,,
2017,MNG,Other fossil fuels,0.3,,,,
2017,MNG,Total,5.8,,,,
2018,MNG,Coal,5.8,,,,
2018,MNG,Gas,0,,,,
2018,MNG,Other fossil fuels,0.3,,,,
2018,MNG,Total,6.1,,,,
2019,MNG,Coal,5.9,,,,
2019,MNG,Gas,0,,,,
2019,MNG,Other fossil fuels,0.4,,,,
2019,MNG,Total,6.3,,,,
2020,MNG,Coal,5.6,,,,
2020,MNG,Gas,0,,,,
2020,MNG,Other fossil fuels,0.4,,,,
2020,MNG,Total,6.0,,,,
2021,MNG,Coal,6.3,,,,
2021,MNG,Gas,0,,,,
2021,MNG,Other fossil fuels,0.3,,,,
2021,MNG,Total,6.6,,,,
2022,MNG,Coal,6.7,,,,
2022,MNG,Gas,0,,,,
2022,MNG,Other fossil fuels,0.3,,,,
2022,MNG,Total,7.0,,,,
2023,MNG,Coal,7.1,,,,
2023,MNG,Gas,0,,,,
2023,MNG,Other fossil fuels,0.5,,,,
2023,MNG,Total,7.5,,,,
2024,MNG,Coal,7.5,,,,
2024,MNG,Gas,0,,,,
2024,MNG,Other fossil fuels,0.6,,,,
2024,MNG,Total,8.0,,,,
2025,MNG,Coal,8.3,,,,
2025,MNG,Gas,0,,,,
2025,MNG,Other fossil fuels,0.6,,,,
2025,MNG,Total,8.9,,,,
2005,MNE,Coal,1.0,,,,
2005,MNE,Gas,0,,,,
2005,MNE,Other fossil fuels,0,,,,
2005,MNE,Total,1.0,,,,
2006,MNE,Coal,1.2,,,,
2006,MNE,Gas,0,,,,
2006,MNE,Other fossil fuels,0,,,,
2006,MNE,Total,1.2,,,,
2007,MNE,Coal,0.9,,,,
2007,MNE,Gas,0,,,,
2007,MNE,Other fossil fuels,0,,,,
2007,MNE,Total,0.9,,,,
2008,MNE,Coal,1.3,,,,
2008,MNE,Gas,0,,,,
2008,MNE,Other fossil fuels,0,,,,
2008,MNE,Total,1.3,,,,
2009,MNE,Coal,0.7,,,,
2009,MNE,Gas,0,,,,
2009,MNE,Other fossil fuels,0,,,,
2009,MNE,Total,0.7,,,,
2010,MNE,Coal,1.3,,,,
2010,MNE,Gas,0,,,,
2010,MNE,Other fossil fuels,0,,,,
2010,MNE,Total,1.3,,,,
2011,MNE,Coal,1.5,,,,
2011,MNE,Gas,0,,,,
2011,MNE,Other fossil fuels,0,,,,
2011,MNE,Total,1.5,,,,
2012,MNE,Coal,1.4,,,,
2012,MNE,Gas,0,,,,
2012,MNE,Other fossil fuels,0,,,,
2012,MNE,Total,1.4,,,,
2013,MNE,Coal,1.4,,,,
2013,MNE,Gas,0,,,,
2013,MNE,Other fossil fuels,0,,,,
2013,MNE,Total,1.4,,,,
2014,MNE,Coal,1.4,,,,
2014,MNE,Gas,0,,,,
2014,MNE,Other fossil fuels,0,,,,
2014,MNE,Total,1.4,,,,
2015,MNE,Coal,1.5,,,,
2015,MNE,Gas,0,,,,
2015,MNE,Other fossil fuels,0,,,,
2015,MNE,Total,1.5,,,,
2016,MNE,Coal,1.3,,,,
2016,MNE,Gas,0,,,,
2016,MNE,Other fossil fuels,0,,,,
2016,MNE,Total,1.3,,,,
2017,MNE,Coal,1.4,,,,
2017,MNE,Gas,0,,,,
2017,MNE,Other fossil fuels,0,,,,
2017,MNE,Total,1.4,,,,
2018,MNE,Coal,1.6,,,,
2018,MNE,Gas,0,,,,
2018,MNE,Other fossil fuels,0,,,,
2018,MNE,Total,1.6,,,,
2019,MNE,Coal,1.5,,,,
2019,MNE,Gas,0,,,,
2019,MNE,Other fossil fuels,0,,,,
2019,MNE,Total,1.5,,,,
2020,MNE,Coal,1.6,,,,
2020,MNE,Gas,0,,,,
2020,MNE,Other fossil fuels,0,,,,
2020,MNE,Total,1.6,,,,
2021,MNE,Coal,1.4,,,,
2021,MNE,Gas,0,,,,
2021,MNE,Other fossil fuels,0,,,,
2021,MNE,Total,1.4,,,,
2022,MNE,Coal,1.6,,,,
2022,MNE,Gas,0,,,,
2022,MNE,Other fossil fuels,0,,,,
2022,MNE,Total,1.6,,,,
2023,MNE,Coal,1.6,,,,
2023,MNE,Gas,0,,,,
2023,MNE,Other fossil fuels,0,,,,
2023,MNE,Total,1.6,,,,
2024,MNE,Coal,1.4,,,,
2024,MNE,Gas,0,,,,
2024,MNE,Other fossil fuels,0,,,,
2024,MNE,Total,1.4,,,,
2025,MNE,Coal,0.6,,,,
2025,MNE,Gas,0,,,,
2025,MNE,Other fossil fuels,0,,,,
2025,MNE,Total,0.6,,,,
2000,MSR,Coal,0,,,,
2000,MSR,Gas,0,,,,
2000,MSR,Other fossil fuels,0,,,,
2000,MSR,Total,0,,,,
2001,MSR,Coal,0,,,,
2001,MSR,Gas,0,,,,
2001,MSR,Other fossil fuels,0,,,,
2001,MSR,Total,0,,,,
2002,MSR,Coal,0,,,,
2002,MSR,Gas,0,,,,
2002,MSR,Other fossil fuels,0,,,,
2002,MSR,Total,0,,,,
2003,MSR,Coal,0,,,,
2003,MSR,Gas,0,,,,
2003,MSR,Other fossil fuels,0,,,,
2003,MSR,Total,0,,,,
2004,MSR,Coal,0,,,,
2004,MSR,Gas,0,,,,
2004,MSR,Other fossil fuels,0,,,,
2004,MSR,Total,0,,,,
2005,MSR,Coal,0,,,,
2005,MSR,Gas,0,,,,
2005,MSR,Other fossil fuels,0,,,,
2005,MSR,Total,0,,,,
2006,MSR,Coal,0,,,,
2006,MSR,Gas,0,,,,
2006,MSR,Other fossil fuels,0,,,,
2006,MSR,Total,0,,,,
2007,MSR,Coal,0,,,,
2007,MSR,Gas,0,,,,
2007,MSR,Other fossil fuels,0,,,,
2007,MSR,Total,0,,,,
2008,MSR,Coal,0,,,,
2008,MSR,Gas,0,,,,
2008,MSR,Other fossil fuels,0,,,,
2008,MSR,Total,0,,,,
2009,MSR,Coal,0,,,,
2009,MSR,Gas,0,,,,
2009,MSR,Other fossil fuels,0,,,,
2009,MSR,Total,0,,,,
2010,MSR,Coal,0,,,,
2010,MSR,Gas,0,,,,
2010,MSR,Other fossil fuels,0,,,,
2010,MSR,Total,0,,,,
2011,MSR,Coal,0,,,,
2011,MSR,Gas,0,,,,
2011,MSR,Other fossil fuels,0,,,,
2011,MSR,Total,0,,,,
2012,MSR,Coal,0,,,,
2012,MSR,Gas,0,,,,
2012,MSR,Other fossil fuels,0,,,,
2012,MSR,Total,0,,,,
2013,MSR,Coal,0,,,,
2013,MSR,Gas,0,,,,
2013,MSR,Other fossil fuels,0,,,,
2013,MSR,Total,0,,,,
2014,MSR,Coal,0,,,,
2014,MSR,Gas,0,,,,
2014,MSR,Other fossil fuels,0,,,,
2014,MSR,Total,0,,,,
2015,MSR,Coal,0,,,,
2015,MSR,Gas,0,,,,
2015,MSR,Other fossil fuels,0,,,,
2015,MSR,Total,0,,,,
2016,MSR,Coal,0,,,,
2016,MSR,Gas,0,,,,
2016,MSR,Other fossil fuels,0,,,,
2016,MSR,Total,0,,,,
2017,MSR,Coal,0,,,,
2017,MSR,Gas,0,,,,
2017,MSR,Other fossil fuels,0,,,,
2017,MSR,Total,0,,,,
2018,MSR,Coal,0,,,,
2018,MSR,Gas,0,,,,
2018,MSR,Other fossil fuels,0,,,,
2018,MSR,Total,0,,,,
2019,MSR,Coal,0,,,,
2019,MSR,Gas,0,,,,
2019,MSR,Other fossil fuels,0,,,,
2019,MSR,Total,0,,,,
2020,MSR,Coal,0,,,,
2020,MSR,Gas,0,,,,
2020,MSR,Other fossil fuels,0,,,,
2020,MSR,Total,0,,,,
2021,MSR,Coal,0,,,,
2021,MSR,Gas,0,,,,
2021,MSR,Other fossil fuels,0,,,,
2021,MSR,Total,0,,,,
2022,MSR,Coal,0,,,,
2022,MSR,Gas,0,,,,
2022,MSR,Other fossil fuels,0,,,,
2022,MSR,Total,0,,,,
2023,MSR,Coal,0,,,,
2023,MSR,Gas,0,,,,
2023,MSR,Other fossil fuels,0,,,,
2023,MSR,Total,0,,,,
2024,MSR,Coal,0,,,,
2024,MSR,Gas,0,,,,
2024,MSR,Other fossil fuels,0,,,,
2024,MSR,Total,0,,,,
2000,MAR,Coal,9.4,,,,
2000,MAR,Gas,0,,,,
2000,MAR,Other fossil fuels,3.5,,,,
2000,MAR,Total,13,,,,
2001,MAR,Coal,12,,,,
2001,MAR,Gas,0,,,,
2001,MAR,Other fossil fuels,2.4,,,,
2001,MAR,Total,15,,,,
2002,MAR,Coal,11,,,,
2002,MAR,Gas,0,,,,
2002,MAR,Other fossil fuels,2.7,,,,
2002,MAR,Total,14,,,,
2003,MAR,Coal,12,,,,
2003,MAR,Gas,0,,,,
2003,MAR,Other fossil fuels,3.1,,,,
2003,MAR,Total,15,,,,
2004,MAR,Coal,12,,,,
2004,MAR,Gas,0.1,,,,
2004,MAR,Other fossil fuels,3.2,,,,
2004,MAR,Total,16,,,,
2005,MAR,Coal,12,,,,
2005,MAR,Gas,2.0,,,,
2005,MAR,Other fossil fuels,3.3,,,,
2005,MAR,Total,18,,,,
2006,MAR,Coal,12,,,,
2006,MAR,Gas,2.4,,,,
2006,MAR,Other fossil fuels,3.2,,,,
2006,MAR,Total,18,,,,
2007,MAR,Coal,12,,,,
2007,MAR,Gas,2.7,,,,
2007,MAR,Other fossil fuels,3.3,,,,
2007,MAR,Total,18,,,,
2008,MAR,Coal,11,,,,
2008,MAR,Gas,2.8,,,,
2008,MAR,Other fossil fuels,4.6,,,,
2008,MAR,Total,19,,,,
2009,MAR,Coal,11,,,,
2009,MAR,Gas,3.0,,,,
2009,MAR,Other fossil fuels,4.1,,,,
2009,MAR,Total,18,,,,
2010,MAR,Coal,10,,,,
2010,MAR,Gas,2.8,,,,
2010,MAR,Other fossil fuels,5.4,,,,
2010,MAR,Total,19,,,,
2011,MAR,Coal,11,,,,
2011,MAR,Gas,3.9,,,,
2011,MAR,Other fossil fuels,6.4,,,,
2011,MAR,Total,22,,,,
2012,MAR,Coal,11,,,,
2012,MAR,Gas,6.0,,,,
2012,MAR,Other fossil fuels,6.6,,,,
2012,MAR,Total,24,,,,
2013,MAR,Coal,12,,,,
2013,MAR,Gas,5.8,,,,
2013,MAR,Other fossil fuels,4.6,,,,
2013,MAR,Total,23,,,,
2014,MAR,Coal,16,,,,
2014,MAR,Gas,5.6,,,,
2014,MAR,Other fossil fuels,2.6,,,,
2014,MAR,Total,24,,,,
2015,MAR,Coal,17,,,,
2015,MAR,Gas,5.8,,,,
2015,MAR,Other fossil fuels,2.2,,,,
2015,MAR,Total,25,,,,
2016,MAR,Coal,17,,,,
2016,MAR,Gas,5.9,,,,
2016,MAR,Other fossil fuels,2.9,,,,
2016,MAR,Total,26,,,,
2017,MAR,Coal,18,,,,
2017,MAR,Gas,5.8,,,,
2017,MAR,Other fossil fuels,3.5,,,,
2017,MAR,Total,27,,,,
2018,MAR,Coal,21,,,,
2018,MAR,Gas,5.2,,,,
2018,MAR,Other fossil fuels,1.3,,,,
2018,MAR,Total,28,,,,
2019,MAR,Coal,27,,,,
2019,MAR,Gas,4.7,,,,
2019,MAR,Other fossil fuels,0.8,,,,
2019,MAR,Total,32,,,,
2020,MAR,Coal,27,,,,
2020,MAR,Gas,3.5,,,,
2020,MAR,Other fossil fuels,0.7,,,,
2020,MAR,Total,31,,,,
2021,MAR,Coal,28,,,,
2021,MAR,Gas,3.5,,,,
2021,MAR,Other fossil fuels,1.4,,,,
2021,MAR,Total,33,,,,
2022,MAR,Coal,29,,,,
2022,MAR,Gas,0.7,,,,
2022,MAR,Other fossil fuels,4.2,,,,
2022,MAR,Total,34,,,,
2023,MAR,Coal,27,,,,
2023,MAR,Gas,4.3,,,,
2023,MAR,Other fossil fuels,1.8,,,,
2023,MAR,Total,33,,,,
2024,MAR,Coal,26,,,,
2024,MAR,Gas,4.3,,,,
2024,MAR,Other fossil fuels,1.5,,,,
2024,MAR,Total,32,,,,
2025,MAR,Coal,28,,,,
2025,MAR,Gas,4.8,,,,
2025,MAR,Other fossil fuels,1.6,,,,
2025,MAR,Total,34,,,,
2000,MOZ,Coal,0,,,,
2000,MOZ,Gas,0,,,,
2000,MOZ,Other fossil fuels,0,,,,
2000,MOZ,Total,0,,,,
2001,MOZ,Coal,0,,,,
2001,MOZ,Gas,0,,,,
2001,MOZ,Other fossil fuels,0,,,,
2001,MOZ,Total,0,,,,
2002,MOZ,Coal,0,,,,
2002,MOZ,Gas,0,,,,
2002,MOZ,Other fossil fuels,0,,,,
2002,MOZ,Total,0,,,,
2003,MOZ,Coal,0,,,,
2003,MOZ,Gas,0,,,,
2003,MOZ,Other fossil fuels,0,,,,
2003,MOZ,Total,0,,,,
2004,MOZ,Coal,0,,,,
2004,MOZ,Gas,0,,,,
2004,MOZ,Other fossil fuels,0,,,,
2004,MOZ,Total,0.1,,,,
2005,MOZ,Coal,0,,,,
2005,MOZ,Gas,0,,,,
2005,MOZ,Other fossil fuels,0,,,,
2005,MOZ,Total,0,,,,
2006,MOZ,Coal,0,,,,
2006,MOZ,Gas,0,,,,
2006,MOZ,Other fossil fuels,0,,,,
2006,MOZ,Total,0,,,,
2007,MOZ,Coal,0,,,,
2007,MOZ,Gas,0,,,,
2007,MOZ,Other fossil fuels,0,,,,
2007,MOZ,Total,0,,,,
2008,MOZ,Coal,0,,,,
2008,MOZ,Gas,0,,,,
2008,MOZ,Other fossil fuels,0,,,,
2008,MOZ,Total,0,,,,
2009,MOZ,Coal,0,,,,
2009,MOZ,Gas,0,,,,
2009,MOZ,Other fossil fuels,0,,,,
2009,MOZ,Total,0,,,,
2010,MOZ,Coal,0,,,,
2010,MOZ,Gas,0,,,,
2010,MOZ,Other fossil fuels,0,,,,
2010,MOZ,Total,0,,,,
2011,MOZ,Coal,0,,,,
2011,MOZ,Gas,0.1,,,,
2011,MOZ,Other fossil fuels,0,,,,
2011,MOZ,Total,0.1,,,,
2012,MOZ,Coal,0,,,,
2012,MOZ,Gas,0.1,,,,
2012,MOZ,Other fossil fuels,0,,,,
2012,MOZ,Total,0.1,,,,
2013,MOZ,Coal,0,,,,
2013,MOZ,Gas,0.2,,,,
2013,MOZ,Other fossil fuels,0,,,,
2013,MOZ,Total,0.2,,,,
2014,MOZ,Coal,0,,,,
2014,MOZ,Gas,0.2,,,,
2014,MOZ,Other fossil fuels,0,,,,
2014,MOZ,Total,0.2,,,,
2015,MOZ,Coal,0,,,,
2015,MOZ,Gas,1.3,,,,
2015,MOZ,Other fossil fuels,0,,,,
2015,MOZ,Total,1.3,,,,
2016,MOZ,Coal,0,,,,
2016,MOZ,Gas,2.8,,,,
2016,MOZ,Other fossil fuels,0.4,,,,
2016,MOZ,Total,3.3,,,,
2017,MOZ,Coal,0,,,,
2017,MOZ,Gas,2.8,,,,
2017,MOZ,Other fossil fuels,0.7,,,,
2017,MOZ,Total,3.4,,,,
2018,MOZ,Coal,0,,,,
2018,MOZ,Gas,2.9,,,,
2018,MOZ,Other fossil fuels,0.3,,,,
2018,MOZ,Total,3.1,,,,
2019,MOZ,Coal,0,,,,
2019,MOZ,Gas,3.8,,,,
2019,MOZ,Other fossil fuels,0.1,,,,
2019,MOZ,Total,3.9,,,,
2020,MOZ,Coal,0,,,,
2020,MOZ,Gas,3.0,,,,
2020,MOZ,Other fossil fuels,0.1,,,,
2020,MOZ,Total,3.1,,,,
2021,MOZ,Coal,0,,,,
2021,MOZ,Gas,3.0,,,,
2021,MOZ,Other fossil fuels,0.2,,,,
2021,MOZ,Total,3.2,,,,
2022,MOZ,Coal,0,,,,
2022,MOZ,Gas,3.1,,,,
2022,MOZ,Other fossil fuels,0.1,,,,
2022,MOZ,Total,3.2,,,,
2023,MOZ,Coal,0,,,,
2023,MOZ,Gas,3.1,,,,
2023,MOZ,Other fossil fuels,0.2,,,,
2023,MOZ,Total,3.3,,,,
2024,MOZ,Coal,0,,,,
2024,MOZ,Gas,3.1,,,,
2024,MOZ,Other fossil fuels,0.2,,,,
2024,MOZ,Total,3.3,,,,
2000,MMR,Coal,0,,,,
2000,MMR,Gas,2.5,,,,
2000,MMR,Other fossil fuels,0.7,,,,
2000,MMR,Total,3.2,,,,
2001,MMR,Coal,0,,,,
2001,MMR,Gas,2.3,,,,
2001,MMR,Other fossil fuels,0.5,,,,
2001,MMR,Total,2.9,,,,
2002,MMR,Coal,0.6,,,,
2002,MMR,Gas,2.3,,,,
2002,MMR,Other fossil fuels,0,,,,
2002,MMR,Total,3.0,,,,
2003,MMR,Coal,0.6,,,,
2003,MMR,Gas,2.7,,,,
2003,MMR,Other fossil fuels,0,,,,
2003,MMR,Total,3.3,,,,
2004,MMR,Coal,0.4,,,,
2004,MMR,Gas,2.8,,,,
2004,MMR,Other fossil fuels,0,,,,
2004,MMR,Total,3.2,,,,
2005,MMR,Coal,0.6,,,,
2005,MMR,Gas,2.4,,,,
2005,MMR,Other fossil fuels,0,,,,
2005,MMR,Total,3.0,,,,
2006,MMR,Coal,0.8,,,,
2006,MMR,Gas,2.0,,,,
2006,MMR,Other fossil fuels,0,,,,
2006,MMR,Total,2.9,,,,
2007,MMR,Coal,0.9,,,,
2007,MMR,Gas,1.9,,,,
2007,MMR,Other fossil fuels,0,,,,
2007,MMR,Total,2.8,,,,
2008,MMR,Coal,0.6,,,,
2008,MMR,Gas,1.9,,,,
2008,MMR,Other fossil fuels,0,,,,
2008,MMR,Total,2.6,,,,
2009,MMR,Coal,0.5,,,,
2009,MMR,Gas,1.2,,,,
2009,MMR,Other fossil fuels,0,,,,
2009,MMR,Total,1.7,,,,
2010,MMR,Coal,0.6,,,,
2010,MMR,Gas,1.8,,,,
2010,MMR,Other fossil fuels,0,,,,
2010,MMR,Total,2.4,,,,
2011,MMR,Coal,0.8,,,,
2011,MMR,Gas,2.1,,,,
2011,MMR,Other fossil fuels,0,,,,
2011,MMR,Total,2.9,,,,
2012,MMR,Coal,0.8,,,,
2012,MMR,Gas,2.4,,,,
2012,MMR,Other fossil fuels,0.1,,,,
2012,MMR,Total,3.2,,,,
2013,MMR,Coal,0.6,,,,
2013,MMR,Gas,2.8,,,,
2013,MMR,Other fossil fuels,0.1,,,,
2013,MMR,Total,3.4,,,,
2014,MMR,Coal,0.3,,,,
2014,MMR,Gas,5.0,,,,
2014,MMR,Other fossil fuels,0.1,,,,
2014,MMR,Total,5.3,,,,
2015,MMR,Coal,0.3,,,,
2015,MMR,Gas,6.2,,,,
2015,MMR,Other fossil fuels,0.1,,,,
2015,MMR,Total,6.6,,,,
2016,MMR,Coal,0,,,,
2016,MMR,Gas,8.1,,,,
2016,MMR,Other fossil fuels,0.1,,,,
2016,MMR,Total,8.1,,,,
2017,MMR,Coal,1.4,,,,
2017,MMR,Gas,8.3,,,,
2017,MMR,Other fossil fuels,0.1,,,,
2017,MMR,Total,9.8,,,,
2018,MMR,Coal,1.5,,,,
2018,MMR,Gas,7.4,,,,
2018,MMR,Other fossil fuels,0.1,,,,
2018,MMR,Total,9.1,,,,
2019,MMR,Coal,2.3,,,,
2019,MMR,Gas,6.1,,,,
2019,MMR,Other fossil fuels,0.1,,,,
2019,MMR,Total,8.5,,,,
2020,MMR,Coal,2.5,,,,
2020,MMR,Gas,7.0,,,,
2020,MMR,Other fossil fuels,0.2,,,,
2020,MMR,Total,9.6,,,,
2021,MMR,Coal,2.1,,,,
2021,MMR,Gas,7.9,,,,
2021,MMR,Other fossil fuels,0.1,,,,
2021,MMR,Total,10,,,,
2022,MMR,Coal,2.2,,,,
2022,MMR,Gas,11,,,,
2022,MMR,Other fossil fuels,0.1,,,,
2022,MMR,Total,14,,,,
2023,MMR,Coal,1.1,,,,
2023,MMR,Gas,10,,,,
2023,MMR,Other fossil fuels,0.1,,,,
2023,MMR,Total,11,,,,
2024,MMR,Coal,1.2,,,,
2024,MMR,Gas,10,,,,
2024,MMR,Other fossil fuels,0.1,,,,
2024,MMR,Total,11,,,,
2000,NAM,Coal,0,,,,
2000,NAM,Gas,0,,,,
2000,NAM,Other fossil fuels,0,,,,
2000,NAM,Total,0,,,,
2001,NAM,Coal,0,,,,
2001,NAM,Gas,0,,,,
2001,NAM,Other fossil fuels,0,,,,
2001,NAM,Total,0,,,,
2002,NAM,Coal,0,,,,
2002,NAM,Gas,0,,,,
2002,NAM,Other fossil fuels,0,,,,
2002,NAM,Total,0,,,,
2003,NAM,Coal,0,,,,
2003,NAM,Gas,0,,,,
2003,NAM,Other fossil fuels,0,,,,
2003,NAM,Total,0,,,,
2004,NAM,Coal,0,,,,
2004,NAM,Gas,0,,,,
2004,NAM,Other fossil fuels,0,,,,
2004,NAM,Total,0,,,,
2005,NAM,Coal,0,,,,
2005,NAM,Gas,0,,,,
2005,NAM,Other fossil fuels,0,,,,
2005,NAM,Total,0,,,,
2006,NAM,Coal,0.1,,,,
2006,NAM,Gas,0,,,,
2006,NAM,Other fossil fuels,0,,,,
2006,NAM,Total,0.1,,,,
2007,NAM,Coal,0,,,,
2007,NAM,Gas,0,,,,
2007,NAM,Other fossil fuels,0,,,,
2007,NAM,Total,0,,,,
2008,NAM,Coal,0.2,,,,
2008,NAM,Gas,0,,,,
2008,NAM,Other fossil fuels,0,,,,
2008,NAM,Total,0.2,,,,
2009,NAM,Coal,0.1,,,,
2009,NAM,Gas,0,,,,
2009,NAM,Other fossil fuels,0,,,,
2009,NAM,Total,0.1,,,,
2010,NAM,Coal,0.1,,,,
2010,NAM,Gas,0,,,,
2010,NAM,Other fossil fuels,0,,,,
2010,NAM,Total,0.1,,,,
2011,NAM,Coal,0,,,,
2011,NAM,Gas,0,,,,
2011,NAM,Other fossil fuels,0,,,,
2011,NAM,Total,0,,,,
2012,NAM,Coal,0,,,,
2012,NAM,Gas,0,,,,
2012,NAM,Other fossil fuels,0,,,,
2012,NAM,Total,0.1,,,,
2013,NAM,Coal,0,,,,
2013,NAM,Gas,0,,,,
2013,NAM,Other fossil fuels,0,,,,
2013,NAM,Total,0.1,,,,
2014,NAM,Coal,0,,,,
2014,NAM,Gas,0,,,,
2014,NAM,Other fossil fuels,0,,,,
2014,NAM,Total,0,,,,
2015,NAM,Coal,0,,,,
2015,NAM,Gas,0,,,,
2015,NAM,Other fossil fuels,0,,,,
2015,NAM,Total,0,,,,
2016,NAM,Coal,0.1,,,,
2016,NAM,Gas,0,,,,
2016,NAM,Other fossil fuels,0,,,,
2016,NAM,Total,0.1,,,,
2017,NAM,Coal,0.1,,,,
2017,NAM,Gas,0,,,,
2017,NAM,Other fossil fuels,0,,,,
2017,NAM,Total,0.1,,,,
2018,NAM,Coal,0,,,,
2018,NAM,Gas,0,,,,
2018,NAM,Other fossil fuels,0,,,,
2018,NAM,Total,0,,,,
2019,NAM,Coal,0,,,,
2019,NAM,Gas,0,,,,
2019,NAM,Other fossil fuels,0,,,,
2019,NAM,Total,0.1,,,,
2020,NAM,Coal,0.1,,,,
2020,NAM,Gas,0,,,,
2020,NAM,Other fossil fuels,0,,,,
2020,NAM,Total,0.1,,,,
2021,NAM,Coal,0,,,,
2021,NAM,Gas,0,,,,
2021,NAM,Other fossil fuels,0,,,,
2021,NAM,Total,0,,,,
2022,NAM,Coal,0,,,,
2022,NAM,Gas,0,,,,
2022,NAM,Other fossil fuels,0,,,,
2022,NAM,Total,0,,,,
2023,NAM,Coal,0,,,,
2023,NAM,Gas,0,,,,
2023,NAM,Other fossil fuels,0,,,,
2023,NAM,Total,0,,,,
2024,NAM,Coal,0,,,,
2024,NAM,Gas,0,,,,
2024,NAM,Other fossil fuels,0,,,,
2024,NAM,Total,0,,,,
2000,NRU,Coal,0,,,,
2000,NRU,Gas,0,,,,
2000,NRU,Other fossil fuels,0,,,,
2000,NRU,Total,0,,,,
2001,NRU,Coal,0,,,,
2001,NRU,Gas,0,,,,
2001,NRU,Other fossil fuels,0,,,,
2001,NRU,Total,0,,,,
2002,NRU,Coal,0,,,,
2002,NRU,Gas,0,,,,
2002,NRU,Other fossil fuels,0,,,,
2002,NRU,Total,0,,,,
2003,NRU,Coal,0,,,,
2003,NRU,Gas,0,,,,
2003,NRU,Other fossil fuels,0,,,,
2003,NRU,Total,0,,,,
2004,NRU,Coal,0,,,,
2004,NRU,Gas,0,,,,
2004,NRU,Other fossil fuels,0,,,,
2004,NRU,Total,0,,,,
2005,NRU,Coal,0,,,,
2005,NRU,Gas,0,,,,
2005,NRU,Other fossil fuels,0,,,,
2005,NRU,Total,0,,,,
2006,NRU,Coal,0,,,,
2006,NRU,Gas,0,,,,
2006,NRU,Other fossil fuels,0,,,,
2006,NRU,Total,0,,,,
2007,NRU,Coal,0,,,,
2007,NRU,Gas,0,,,,
2007,NRU,Other fossil fuels,0,,,,
2007,NRU,Total,0,,,,
2008,NRU,Coal,0,,,,
2008,NRU,Gas,0,,,,
2008,NRU,Other fossil fuels,0,,,,
2008,NRU,Total,0,,,,
2009,NRU,Coal,0,,,,
2009,NRU,Gas,0,,,,
2009,NRU,Other fossil fuels,0,,,,
2009,NRU,Total,0,,,,
2010,NRU,Coal,0,,,,
2010,NRU,Gas,0,,,,
2010,NRU,Other fossil fuels,0,,,,
2010,NRU,Total,0,,,,
2011,NRU,Coal,0,,,,
2011,NRU,Gas,0,,,,
2011,NRU,Other fossil fuels,0,,,,
2011,NRU,Total,0,,,,
2012,NRU,Coal,0,,,,
2012,NRU,Gas,0,,,,
2012,NRU,Other fossil fuels,0,,,,
2012,NRU,Total,0,,,,
2013,NRU,Coal,0,,,,
2013,NRU,Gas,0,,,,
2013,NRU,Other fossil fuels,0,,,,
2013,NRU,Total,0,,,,
2014,NRU,Coal,0,,,,
2014,NRU,Gas,0,,,,
2014,NRU,Other fossil fuels,0,,,,
2014,NRU,Total,0,,,,
2015,NRU,Coal,0,,,,
2015,NRU,Gas,0,,,,
2015,NRU,Other fossil fuels,0,,,,
2015,NRU,Total,0,,,,
2016,NRU,Coal,0,,,,
2016,NRU,Gas,0,,,,
2016,NRU,Other fossil fuels,0,,,,
2016,NRU,Total,0,,,,
2017,NRU,Coal,0,,,,
2017,NRU,Gas,0,,,,
2017,NRU,Other fossil fuels,0,,,,
2017,NRU,Total,0,,,,
2018,NRU,Coal,0,,,,
2018,NRU,Gas,0,,,,
2018,NRU,Other fossil fuels,0,,,,
2018,NRU,Total,0,,,,
2019,NRU,Coal,0,,,,
2019,NRU,Gas,0,,,,
2019,NRU,Other fossil fuels,0,,,,
2019,NRU,Total,0,,,,
2020,NRU,Coal,0,,,,
2020,NRU,Gas,0,,,,
2020,NRU,Other fossil fuels,0,,,,
2020,NRU,Total,0,,,,
2021,NRU,Coal,0,,,,
2021,NRU,Gas,0,,,,
2021,NRU,Other fossil fuels,0,,,,
2021,NRU,Total,0,,,,
2022,NRU,Coal,0,,,,
2022,NRU,Gas,0,,,,
2022,NRU,Other fossil fuels,0,,,,
2022,NRU,Total,0,,,,
2023,NRU,Coal,0,,,,
2023,NRU,Gas,0,,,,
2023,NRU,Other fossil fuels,0,,,,
2023,NRU,Total,0,,,,
2024,NRU,Coal,0,,,,
2024,NRU,Gas,0,,,,
2024,NRU,Other fossil fuels,0,,,,
2024,NRU,Total,0,,,,
2000,NPL,Coal,0,,,,
2000,NPL,Gas,0,,,,
2000,NPL,Other fossil fuels,0,,,,
2000,NPL,Total,0,,,,
2001,NPL,Coal,0,,,,
2001,NPL,Gas,0,,,,
2001,NPL,Other fossil fuels,0,,,,
2001,NPL,Total,0,,,,
2002,NPL,Coal,0,,,,
2002,NPL,Gas,0,,,,
2002,NPL,Other fossil fuels,0,,,,
2002,NPL,Total,0,,,,
2003,NPL,Coal,0,,,,
2003,NPL,Gas,0,,,,
2003,NPL,Other fossil fuels,0,,,,
2003,NPL,Total,0,,,,
2004,NPL,Coal,0,,,,
2004,NPL,Gas,0,,,,
2004,NPL,Other fossil fuels,0,,,,
2004,NPL,Total,0,,,,
2005,NPL,Coal,0,,,,
2005,NPL,Gas,0,,,,
2005,NPL,Other fossil fuels,0,,,,
2005,NPL,Total,0,,,,
2006,NPL,Coal,0,,,,
2006,NPL,Gas,0,,,,
2006,NPL,Other fossil fuels,0,,,,
2006,NPL,Total,0,,,,
2007,NPL,Coal,0,,,,
2007,NPL,Gas,0,,,,
2007,NPL,Other fossil fuels,0,,,,
2007,NPL,Total,0,,,,
2008,NPL,Coal,0,,,,
2008,NPL,Gas,0,,,,
2008,NPL,Other fossil fuels,0,,,,
2008,NPL,Total,0,,,,
2009,NPL,Coal,0,,,,
2009,NPL,Gas,0,,,,
2009,NPL,Other fossil fuels,0,,,,
2009,NPL,Total,0,,,,
2010,NPL,Coal,0,,,,
2010,NPL,Gas,0,,,,
2010,NPL,Other fossil fuels,0,,,,
2010,NPL,Total,0,,,,
2011,NPL,Coal,0,,,,
2011,NPL,Gas,0,,,,
2011,NPL,Other fossil fuels,0,,,,
2011,NPL,Total,0,,,,
2012,NPL,Coal,0,,,,
2012,NPL,Gas,0,,,,
2012,NPL,Other fossil fuels,0,,,,
2012,NPL,Total,0,,,,
2013,NPL,Coal,0,,,,
2013,NPL,Gas,0,,,,
2013,NPL,Other fossil fuels,0,,,,
2013,NPL,Total,0,,,,
2014,NPL,Coal,0,,,,
2014,NPL,Gas,0,,,,
2014,NPL,Other fossil fuels,0,,,,
2014,NPL,Total,0,,,,
2015,NPL,Coal,0,,,,
2015,NPL,Gas,0,,,,
2015,NPL,Other fossil fuels,0,,,,
2015,NPL,Total,0,,,,
2016,NPL,Coal,0,,,,
2016,NPL,Gas,0,,,,
2016,NPL,Other fossil fuels,0,,,,
2016,NPL,Total,0,,,,
2017,NPL,Coal,0,,,,
2017,NPL,Gas,0,,,,
2017,NPL,Other fossil fuels,0,,,,
2017,NPL,Total,0,,,,
2018,NPL,Coal,0,,,,
2018,NPL,Gas,0,,,,
2018,NPL,Other fossil fuels,0,,,,
2018,NPL,Total,0,,,,
2019,NPL,Coal,0,,,,
2019,NPL,Gas,0,,,,
2019,NPL,Other fossil fuels,0,,,,
2019,NPL,Total,0,,,,
2020,NPL,Coal,0,,,,
2020,NPL,Gas,0,,,,
2020,NPL,Other fossil fuels,0,,,,
2020,NPL,Total,0,,,,
2021,NPL,Coal,0,,,,
2021,NPL,Gas,0,,,,
2021,NPL,Other fossil fuels,0,,,,
2021,NPL,Total,0,,,,
2022,NPL,Coal,0,,,,
2022,NPL,Gas,0,,,,
2022,NPL,Other fossil fuels,0,,,,
2022,NPL,Total,0,,,,
2023,NPL,Coal,0,,,,
2023,NPL,Gas,0,,,,
2023,NPL,Other fossil fuels,0,,,,
2023,NPL,Total,0,,,,
2024,NPL,Coal,0,,,,
2024,NPL,Gas,0,,,,
2024,NPL,Other fossil fuels,0,,,,
2024,NPL,Total,0,,,,
1990,NLD,Coal,25,,,,
1990,NLD,Gas,37,,,,
1990,NLD,Other fossil fuels,4.8,,,,
1990,NLD,Total,66,,,,
1991,NLD,Coal,23,,,,
1991,NLD,Gas,41,,,,
1991,NLD,Other fossil fuels,5.3,,,,
1991,NLD,Total,69,,,,
1992,NLD,Coal,23,,,,
1992,NLD,Gas,43,,,,
1992,NLD,Other fossil fuels,5.0,,,,
1992,NLD,Total,71,,,,
1993,NLD,Coal,21,,,,
1993,NLD,Gas,44,,,,
1993,NLD,Other fossil fuels,5.3,,,,
1993,NLD,Total,71,,,,
1994,NLD,Coal,24,,,,
1994,NLD,Gas,44,,,,
1994,NLD,Other fossil fuels,5.4,,,,
1994,NLD,Total,73,,,,
1995,NLD,Coal,27,,,,
1995,NLD,Gas,42,,,,
1995,NLD,Other fossil fuels,4.9,,,,
1995,NLD,Total,74,,,,
1996,NLD,Coal,26,,,,
1996,NLD,Gas,47,,,,
1996,NLD,Other fossil fuels,5.2,,,,
1996,NLD,Total,78,,,,
1997,NLD,Coal,24,,,,
1997,NLD,Gas,51,,,,
1997,NLD,Other fossil fuels,5.6,,,,
1997,NLD,Total,81,,,,
1998,NLD,Coal,26,,,,
1998,NLD,Gas,51,,,,
1998,NLD,Other fossil fuels,5.8,,,,
1998,NLD,Total,83,,,,
1999,NLD,Coal,22,,,,
1999,NLD,Gas,51,,,,
1999,NLD,Other fossil fuels,5.8,,,,
1999,NLD,Total,79,,,,
2000,NLD,Coal,24,,,,
2000,NLD,Gas,52,,,,
2000,NLD,Other fossil fuels,5.4,,,,
2000,NLD,Total,81,,,,
2001,NLD,Coal,25,,,,
2001,NLD,Gas,54,,,,
2001,NLD,Other fossil fuels,5.6,,,,
2001,NLD,Total,85,,,,
2002,NLD,Coal,26,,,,
2002,NLD,Gas,55,,,,
2002,NLD,Other fossil fuels,5.5,,,,
2002,NLD,Total,87,,,,
2003,NLD,Coal,27,,,,
2003,NLD,Gas,55,,,,
2003,NLD,Other fossil fuels,5.9,,,,
2003,NLD,Total,87,,,,
2004,NLD,Coal,25,,,,
2004,NLD,Gas,60,,,,
2004,NLD,Other fossil fuels,5.8,,,,
2004,NLD,Total,91,,,,
2005,NLD,Coal,24,,,,
2005,NLD,Gas,58,,,,
2005,NLD,Other fossil fuels,6.0,,,,
2005,NLD,Total,87,,,,
2006,NLD,Coal,24,,,,
2006,NLD,Gas,57,,,,
2006,NLD,Other fossil fuels,5.1,,,,
2006,NLD,Total,86,,,,
2007,NLD,Coal,25,,,,
2007,NLD,Gas,61,,,,
2007,NLD,Other fossil fuels,6.0,,,,
2007,NLD,Total,92,,,,
2008,NLD,Coal,23,,,,
2008,NLD,Gas,63,,,,
2008,NLD,Other fossil fuels,5.7,,,,
2008,NLD,Total,93,,,,
2009,NLD,Coal,24,,,,
2009,NLD,Gas,69,,,,
2009,NLD,Other fossil fuels,4.1,,,,
2009,NLD,Total,97,,,,
2010,NLD,Coal,23,,,,
2010,NLD,Gas,75,,,,
2010,NLD,Other fossil fuels,5.0,,,,
2010,NLD,Total,103,,,,
2011,NLD,Coal,21,,,,
2011,NLD,Gas,69,,,,
2011,NLD,Other fossil fuels,5.3,,,,
2011,NLD,Total,96,,,,
2012,NLD,Coal,24,,,,
2012,NLD,Gas,57,,,,
2012,NLD,Other fossil fuels,5.1,,,,
2012,NLD,Total,86,,,,
2013,NLD,Coal,25,,,,
2013,NLD,Gas,56,,,,
2013,NLD,Other fossil fuels,4.9,,,,
2013,NLD,Total,86,,,,
2014,NLD,Coal,29,,,,
2014,NLD,Gas,52,,,,
2014,NLD,Other fossil fuels,5.4,,,,
2014,NLD,Total,86,,,,
2015,NLD,Coal,39,,,,
2015,NLD,Gas,46,,,,
2015,NLD,Other fossil fuels,6.0,,,,
2015,NLD,Total,91,,,,
2016,NLD,Coal,37,,,,
2016,NLD,Gas,53,,,,
2016,NLD,Other fossil fuels,5.9,,,,
2016,NLD,Total,95,,,,
2017,NLD,Coal,31,,,,
2017,NLD,Gas,58,,,,
2017,NLD,Other fossil fuels,6.1,,,,
2017,NLD,Total,95,,,,
2018,NLD,Coal,28,,,,
2018,NLD,Gas,58,,,,
2018,NLD,Other fossil fuels,5.5,,,,
2018,NLD,Total,91,,,,
2019,NLD,Coal,18,,,,
2019,NLD,Gas,71,,,,
2019,NLD,Other fossil fuels,4.9,,,,
2019,NLD,Total,93,,,,
2020,NLD,Coal,7.6,,,,
2020,NLD,Gas,73,,,,
2020,NLD,Other fossil fuels,5.0,,,,
2020,NLD,Total,85,,,,
2021,NLD,Coal,15,,,,
2021,NLD,Gas,57,,,,
2021,NLD,Other fossil fuels,5.3,,,,
2021,NLD,Total,77,,,,
2022,NLD,Coal,15,,,,
2022,NLD,Gas,48,,,,
2022,NLD,Other fossil fuels,5.2,,,,
2022,NLD,Total,68,,,,
2023,NLD,Coal,8.7,,,,
2023,NLD,Gas,46,,,,
2023,NLD,Other fossil fuels,4.3,,,,
2023,NLD,Total,59,,,,
2024,NLD,Coal,7.5,,,,
2024,NLD,Gas,44,,,,
2024,NLD,Other fossil fuels,4.9,,,,
2024,NLD,Total,57,,,,
2025,NLD,Coal,9.6,,,,
2025,NLD,Gas,47,,,,
2025,NLD,Other fossil fuels,5.2,,,,
2025,NLD,Total,62,,,,
2000,NCL,Coal,0.2,,,,
2000,NCL,Gas,0,,,,
2000,NCL,Other fossil fuels,1.0,,,,
2000,NCL,Total,1.2,,,,
2001,NCL,Coal,0.2,,,,
2001,NCL,Gas,0,,,,
2001,NCL,Other fossil fuels,1.1,,,,
2001,NCL,Total,1.4,,,,
2002,NCL,Coal,0.3,,,,
2002,NCL,Gas,0,,,,
2002,NCL,Other fossil fuels,1.1,,,,
2002,NCL,Total,1.4,,,,
2003,NCL,Coal,0.2,,,,
2003,NCL,Gas,0,,,,
2003,NCL,Other fossil fuels,1.3,,,,
2003,NCL,Total,1.4,,,,
2004,NCL,Coal,0.2,,,,
2004,NCL,Gas,0,,,,
2004,NCL,Other fossil fuels,1.2,,,,
2004,NCL,Total,1.3,,,,
2005,NCL,Coal,0.2,,,,
2005,NCL,Gas,0,,,,
2005,NCL,Other fossil fuels,1.4,,,,
2005,NCL,Total,1.5,,,,
2006,NCL,Coal,0.2,,,,
2006,NCL,Gas,0,,,,
2006,NCL,Other fossil fuels,1.4,,,,
2006,NCL,Total,1.6,,,,
2007,NCL,Coal,0.2,,,,
2007,NCL,Gas,0,,,,
2007,NCL,Other fossil fuels,1.3,,,,
2007,NCL,Total,1.5,,,,
2008,NCL,Coal,0.1,,,,
2008,NCL,Gas,0,,,,
2008,NCL,Other fossil fuels,1.3,,,,
2008,NCL,Total,1.4,,,,
2009,NCL,Coal,0.2,,,,
2009,NCL,Gas,0,,,,
2009,NCL,Other fossil fuels,1.3,,,,
2009,NCL,Total,1.5,,,,
2010,NCL,Coal,0.5,,,,
2010,NCL,Gas,0,,,,
2010,NCL,Other fossil fuels,1.3,,,,
2010,NCL,Total,1.8,,,,
2011,NCL,Coal,0.6,,,,
2011,NCL,Gas,0,,,,
2011,NCL,Other fossil fuels,1.3,,,,
2011,NCL,Total,1.8,,,,
2012,NCL,Coal,0.6,,,,
2012,NCL,Gas,0,,,,
2012,NCL,Other fossil fuels,1.3,,,,
2012,NCL,Total,1.8,,,,
2013,NCL,Coal,0.6,,,,
2013,NCL,Gas,0,,,,
2013,NCL,Other fossil fuels,1.4,,,,
2013,NCL,Total,2.0,,,,
2014,NCL,Coal,0.8,,,,
2014,NCL,Gas,0,,,,
2014,NCL,Other fossil fuels,1.9,,,,
2014,NCL,Total,2.7,,,,
2015,NCL,Coal,0.8,,,,
2015,NCL,Gas,0,,,,
2015,NCL,Other fossil fuels,1.7,,,,
2015,NCL,Total,2.5,,,,
2016,NCL,Coal,1.1,,,,
2016,NCL,Gas,0,,,,
2016,NCL,Other fossil fuels,1.7,,,,
2016,NCL,Total,2.9,,,,
2017,NCL,Coal,1.3,,,,
2017,NCL,Gas,0,,,,
2017,NCL,Other fossil fuels,1.5,,,,
2017,NCL,Total,2.8,,,,
2018,NCL,Coal,1.4,,,,
2018,NCL,Gas,0,,,,
2018,NCL,Other fossil fuels,1.7,,,,
2018,NCL,Total,3.1,,,,
2019,NCL,Coal,1.5,,,,
2019,NCL,Gas,0,,,,
2019,NCL,Other fossil fuels,1.4,,,,
2019,NCL,Total,2.9,,,,
2020,NCL,Coal,1.5,,,,
2020,NCL,Gas,0,,,,
2020,NCL,Other fossil fuels,1.2,,,,
2020,NCL,Total,2.7,,,,
2021,NCL,Coal,1.1,,,,
2021,NCL,Gas,0,,,,
2021,NCL,Other fossil fuels,1.1,,,,
2021,NCL,Total,2.3,,,,
2022,NCL,Coal,1.1,,,,
2022,NCL,Gas,0,,,,
2022,NCL,Other fossil fuels,1.1,,,,
2022,NCL,Total,2.3,,,,
2023,NCL,Coal,1.1,,,,
2023,NCL,Gas,0,,,,
2023,NCL,Other fossil fuels,1.1,,,,
2023,NCL,Total,2.3,,,,
2024,NCL,Coal,1.1,,,,
2024,NCL,Gas,0,,,,
2024,NCL,Other fossil fuels,1.1,,,,
2024,NCL,Total,2.3,,,,
2000,NZL,Coal,1.0,,,,
2000,NZL,Gas,9.5,,,,
2000,NZL,Other fossil fuels,0.5,,,,
2000,NZL,Total,11,,,,
2001,NZL,Coal,1.5,,,,
2001,NZL,Gas,12,,,,
2001,NZL,Other fossil fuels,0.6,,,,
2001,NZL,Total,14,,,,
2002,NZL,Coal,1.5,,,,
2002,NZL,Gas,10,,,,
2002,NZL,Other fossil fuels,0.6,,,,
2002,NZL,Total,12,,,,
2003,NZL,Coal,3.3,,,,
2003,NZL,Gas,9.7,,,,
2003,NZL,Other fossil fuels,0.7,,,,
2003,NZL,Total,14,,,,
2004,NZL,Coal,4.1,,,,
2004,NZL,Gas,6.9,,,,
2004,NZL,Other fossil fuels,0.7,,,,
2004,NZL,Total,12,,,,
2005,NZL,Coal,5.3,,,,
2005,NZL,Gas,9.3,,,,
2005,NZL,Other fossil fuels,0.6,,,,
2005,NZL,Total,15,,,,
2006,NZL,Coal,4.9,,,,
2006,NZL,Gas,9.6,,,,
2006,NZL,Other fossil fuels,0.7,,,,
2006,NZL,Total,15,,,,
2007,NZL,Coal,2.6,,,,
2007,NZL,Gas,12,,,,
2007,NZL,Other fossil fuels,0.6,,,,
2007,NZL,Total,15,,,,
2008,NZL,Coal,4.2,,,,
2008,NZL,Gas,11,,,,
2008,NZL,Other fossil fuels,0.7,,,,
2008,NZL,Total,16,,,,
2009,NZL,Coal,2.7,,,,
2009,NZL,Gas,8.9,,,,
2009,NZL,Other fossil fuels,0.6,,,,
2009,NZL,Total,12,,,,
2010,NZL,Coal,1.4,,,,
2010,NZL,Gas,9.8,,,,
2010,NZL,Other fossil fuels,0.7,,,,
2010,NZL,Total,12,,,,
2011,NZL,Coal,1.6,,,,
2011,NZL,Gas,8.4,,,,
2011,NZL,Other fossil fuels,0.6,,,,
2011,NZL,Total,11,,,,
2012,NZL,Coal,2.9,,,,
2012,NZL,Gas,8.8,,,,
2012,NZL,Other fossil fuels,0.6,,,,
2012,NZL,Total,12,,,,
2013,NZL,Coal,1.8,,,,
2013,NZL,Gas,8.6,,,,
2013,NZL,Other fossil fuels,0.6,,,,
2013,NZL,Total,11,,,,
2014,NZL,Coal,1.3,,,,
2014,NZL,Gas,7.0,,,,
2014,NZL,Other fossil fuels,0.6,,,,
2014,NZL,Total,9.0,,,,
2015,NZL,Coal,1.2,,,,
2015,NZL,Gas,6.8,,,,
2015,NZL,Other fossil fuels,0.7,,,,
2015,NZL,Total,8.7,,,,
2016,NZL,Coal,0.4,,,,
2016,NZL,Gas,5.7,,,,
2016,NZL,Other fossil fuels,0.6,,,,
2016,NZL,Total,6.8,,,,
2017,NZL,Coal,0.6,,,,
2017,NZL,Gas,7.0,,,,
2017,NZL,Other fossil fuels,0.6,,,,
2017,NZL,Total,8.2,,,,
2018,NZL,Coal,1.0,,,,
2018,NZL,Gas,5.7,,,,
2018,NZL,Other fossil fuels,0.6,,,,
2018,NZL,Total,7.3,,,,
2019,NZL,Coal,1.6,,,,
2019,NZL,Gas,5.4,,,,
2019,NZL,Other fossil fuels,0.7,,,,
2019,NZL,Total,7.7,,,,
2020,NZL,Coal,1.7,,,,
2020,NZL,Gas,5.9,,,,
2020,NZL,Other fossil fuels,0.6,,,,
2020,NZL,Total,8.3,,,,
2021,NZL,Coal,2.6,,,,
2021,NZL,Gas,4.7,,,,
2021,NZL,Other fossil fuels,0.7,,,,
2021,NZL,Total,8.0,,,,
2022,NZL,Coal,0.7,,,,
2022,NZL,Gas,4.3,,,,
2022,NZL,Other fossil fuels,0.6,,,,
2022,NZL,Total,5.7,,,,
2023,NZL,Coal,0.5,,,,
2023,NZL,Gas,3.4,,,,
2023,NZL,Other fossil fuels,0.6,,,,
2023,NZL,Total,4.5,,,,
2024,NZL,Coal,1.2,,,,
2024,NZL,Gas,4.3,,,,
2024,NZL,Other fossil fuels,0.7,,,,
2024,NZL,Total,6.2,,,,
2025,NZL,Coal,0.5,,,,
2025,NZL,Gas,3.8,,,,
2025,NZL,Other fossil fuels,0.6,,,,
2025,NZL,Total,5.0,,,,
2000,NIC,Coal,0,,,,
2000,NIC,Gas,0,,,,
2000,NIC,Other fossil fuels,1.8,,,,
2000,NIC,Total,1.8,,,,
2001,NIC,Coal,0,,,,
2001,NIC,Gas,0,,,,
2001,NIC,Other fossil fuels,2.0,,,,
2001,NIC,Total,2.0,,,,
2002,NIC,Coal,0,,,,
2002,NIC,Gas,0,,,,
2002,NIC,Other fossil fuels,1.9,,,,
2002,NIC,Total,1.9,,,,
2003,NIC,Coal,0,,,,
2003,NIC,Gas,0,,,,
2003,NIC,Other fossil fuels,2.0,,,,
2003,NIC,Total,2.0,,,,
2004,NIC,Coal,0,,,,
2004,NIC,Gas,0,,,,
2004,NIC,Other fossil fuels,2.0,,,,
2004,NIC,Total,2.0,,,,
2005,NIC,Coal,0,,,,
2005,NIC,Gas,0,,,,
2005,NIC,Other fossil fuels,1.8,,,,
2005,NIC,Total,1.8,,,,
2006,NIC,Coal,0,,,,
2006,NIC,Gas,0,,,,
2006,NIC,Other fossil fuels,2.2,,,,
2006,NIC,Total,2.2,,,,
2007,NIC,Coal,0,,,,
2007,NIC,Gas,0,,,,
2007,NIC,Other fossil fuels,2.3,,,,
2007,NIC,Total,2.3,,,,
2008,NIC,Coal,0,,,,
2008,NIC,Gas,0,,,,
2008,NIC,Other fossil fuels,2.2,,,,
2008,NIC,Total,2.2,,,,
2009,NIC,Coal,0,,,,
2009,NIC,Gas,0,,,,
2009,NIC,Other fossil fuels,2.4,,,,
2009,NIC,Total,2.4,,,,
2010,NIC,Coal,0,,,,
2010,NIC,Gas,0,,,,
2010,NIC,Other fossil fuels,2.3,,,,
2010,NIC,Total,2.3,,,,
2011,NIC,Coal,0,,,,
2011,NIC,Gas,0,,,,
2011,NIC,Other fossil fuels,2.5,,,,
2011,NIC,Total,2.5,,,,
2012,NIC,Coal,0,,,,
2012,NIC,Gas,0,,,,
2012,NIC,Other fossil fuels,2.3,,,,
2012,NIC,Total,2.3,,,,
2013,NIC,Coal,0,,,,
2013,NIC,Gas,0,,,,
2013,NIC,Other fossil fuels,2.0,,,,
2013,NIC,Total,2.0,,,,
2014,NIC,Coal,0,,,,
2014,NIC,Gas,0,,,,
2014,NIC,Other fossil fuels,2.1,,,,
2014,NIC,Total,2.1,,,,
2015,NIC,Coal,0,,,,
2015,NIC,Gas,0,,,,
2015,NIC,Other fossil fuels,2.3,,,,
2015,NIC,Total,2.3,,,,
2016,NIC,Coal,0,,,,
2016,NIC,Gas,0,,,,
2016,NIC,Other fossil fuels,2.2,,,,
2016,NIC,Total,2.2,,,,
2017,NIC,Coal,0,,,,
2017,NIC,Gas,0,,,,
2017,NIC,Other fossil fuels,2.0,,,,
2017,NIC,Total,2.0,,,,
2018,NIC,Coal,0,,,,
2018,NIC,Gas,0,,,,
2018,NIC,Other fossil fuels,1.9,,,,
2018,NIC,Total,1.9,,,,
2019,NIC,Coal,0,,,,
2019,NIC,Gas,0,,,,
2019,NIC,Other fossil fuels,2.0,,,,
2019,NIC,Total,2.0,,,,
2020,NIC,Coal,0,,,,
2020,NIC,Gas,0,,,,
2020,NIC,Other fossil fuels,1.1,,,,
2020,NIC,Total,1.1,,,,
2021,NIC,Coal,0,,,,
2021,NIC,Gas,0,,,,
2021,NIC,Other fossil fuels,1.3,,,,
2021,NIC,Total,1.3,,,,
2022,NIC,Coal,0,,,,
2022,NIC,Gas,0,,,,
2022,NIC,Other fossil fuels,1.6,,,,
2022,NIC,Total,1.6,,,,
2023,NIC,Coal,0,,,,
2023,NIC,Gas,0,,,,
2023,NIC,Other fossil fuels,1.7,,,,
2023,NIC,Total,1.7,,,,
2024,NIC,Coal,0,,,,
2024,NIC,Gas,0,,,,
2024,NIC,Other fossil fuels,1.7,,,,
2024,NIC,Total,1.7,,,,
2000,NER,Coal,0.1,,,,
2000,NER,Gas,0,,,,
2000,NER,Other fossil fuels,0.1,,,,
2000,NER,Total,0.2,,,,
2001,NER,Coal,0.1,,,,
2001,NER,Gas,0,,,,
2001,NER,Other fossil fuels,0.1,,,,
2001,NER,Total,0.2,,,,
2002,NER,Coal,0.1,,,,
2002,NER,Gas,0,,,,
2002,NER,Other fossil fuels,0.1,,,,
2002,NER,Total,0.2,,,,
2003,NER,Coal,0.2,,,,
2003,NER,Gas,0,,,,
2003,NER,Other fossil fuels,0.1,,,,
2003,NER,Total,0.2,,,,
2004,NER,Coal,0.2,,,,
2004,NER,Gas,0,,,,
2004,NER,Other fossil fuels,0.1,,,,
2004,NER,Total,0.2,,,,
2005,NER,Coal,0.2,,,,
2005,NER,Gas,0,,,,
2005,NER,Other fossil fuels,0.1,,,,
2005,NER,Total,0.2,,,,
2006,NER,Coal,0.2,,,,
2006,NER,Gas,0,,,,
2006,NER,Other fossil fuels,0.1,,,,
2006,NER,Total,0.2,,,,
2007,NER,Coal,0.2,,,,
2007,NER,Gas,0,,,,
2007,NER,Other fossil fuels,0.1,,,,
2007,NER,Total,0.2,,,,
2008,NER,Coal,0.2,,,,
2008,NER,Gas,0,,,,
2008,NER,Other fossil fuels,0.1,,,,
2008,NER,Total,0.2,,,,
2009,NER,Coal,0.2,,,,
2009,NER,Gas,0,,,,
2009,NER,Other fossil fuels,0.1,,,,
2009,NER,Total,0.3,,,,
2010,NER,Coal,0.2,,,,
2010,NER,Gas,0,,,,
2010,NER,Other fossil fuels,0.1,,,,
2010,NER,Total,0.3,,,,
2011,NER,Coal,0.3,,,,
2011,NER,Gas,0,,,,
2011,NER,Other fossil fuels,0.1,,,,
2011,NER,Total,0.3,,,,
2012,NER,Coal,0.3,,,,
2012,NER,Gas,0,,,,
2012,NER,Other fossil fuels,0.1,,,,
2012,NER,Total,0.4,,,,
2013,NER,Coal,0.2,,,,
2013,NER,Gas,0,,,,
2013,NER,Other fossil fuels,0.2,,,,
2013,NER,Total,0.4,,,,
2014,NER,Coal,0.3,,,,
2014,NER,Gas,0,,,,
2014,NER,Other fossil fuels,0.2,,,,
2014,NER,Total,0.4,,,,
2015,NER,Coal,0.2,,,,
2015,NER,Gas,0,,,,
2015,NER,Other fossil fuels,0.3,,,,
2015,NER,Total,0.5,,,,
2016,NER,Coal,0.2,,,,
2016,NER,Gas,0,,,,
2016,NER,Other fossil fuels,0.5,,,,
2016,NER,Total,0.7,,,,
2017,NER,Coal,0.2,,,,
2017,NER,Gas,0,,,,
2017,NER,Other fossil fuels,0.3,,,,
2017,NER,Total,0.6,,,,
2018,NER,Coal,0.2,,,,
2018,NER,Gas,0,,,,
2018,NER,Other fossil fuels,0.3,,,,
2018,NER,Total,0.5,,,,
2019,NER,Coal,0.2,,,,
2019,NER,Gas,0.1,,,,
2019,NER,Other fossil fuels,0.4,,,,
2019,NER,Total,0.7,,,,
2020,NER,Coal,0.2,,,,
2020,NER,Gas,0.1,,,,
2020,NER,Other fossil fuels,0.4,,,,
2020,NER,Total,0.7,,,,
2021,NER,Coal,0.2,,,,
2021,NER,Gas,0.1,,,,
2021,NER,Other fossil fuels,0.5,,,,
2021,NER,Total,0.7,,,,
2022,NER,Coal,0.2,,,,
2022,NER,Gas,0.1,,,,
2022,NER,Other fossil fuels,0.5,,,,
2022,NER,Total,0.8,,,,
2023,NER,Coal,0.2,,,,
2023,NER,Gas,0.1,,,,
2023,NER,Other fossil fuels,0.7,,,,
2023,NER,Total,1.0,,,,
2024,NER,Coal,0.2,,,,
2024,NER,Gas,0.1,,,,
2024,NER,Other fossil fuels,0.7,,,,
2024,NER,Total,0.9,,,,
2000,NGA,Coal,0,,,,
2000,NGA,Gas,9.1,,,,
2000,NGA,Other fossil fuels,0,,,,
2000,NGA,Total,9.1,,,,
2001,NGA,Coal,0,,,,
2001,NGA,Gas,9.6,,,,
2001,NGA,Other fossil fuels,0,,,,
2001,NGA,Total,9.6,,,,
2002,NGA,Coal,0,,,,
2002,NGA,Gas,13,,,,
2002,NGA,Other fossil fuels,0,,,,
2002,NGA,Total,13,,,,
2003,NGA,Coal,0,,,,
2003,NGA,Gas,13,,,,
2003,NGA,Other fossil fuels,0,,,,
2003,NGA,Total,13,,,,
2004,NGA,Coal,0,,,,
2004,NGA,Gas,16,,,,
2004,NGA,Other fossil fuels,0,,,,
2004,NGA,Total,16,,,,
2005,NGA,Coal,0,,,,
2005,NGA,Gas,16,,,,
2005,NGA,Other fossil fuels,0,,,,
2005,NGA,Total,16,,,,
2006,NGA,Coal,0,,,,
2006,NGA,Gas,17,,,,
2006,NGA,Other fossil fuels,0,,,,
2006,NGA,Total,17,,,,
2007,NGA,Coal,0,,,,
2007,NGA,Gas,17,,,,
2007,NGA,Other fossil fuels,0,,,,
2007,NGA,Total,17,,,,
2008,NGA,Coal,0,,,,
2008,NGA,Gas,15,,,,
2008,NGA,Other fossil fuels,0,,,,
2008,NGA,Total,15,,,,
2009,NGA,Coal,0,,,,
2009,NGA,Gas,15,,,,
2009,NGA,Other fossil fuels,0,,,,
2009,NGA,Total,15,,,,
2010,NGA,Coal,0,,,,
2010,NGA,Gas,20,,,,
2010,NGA,Other fossil fuels,0,,,,
2010,NGA,Total,20,,,,
2011,NGA,Coal,0,,,,
2011,NGA,Gas,21,,,,
2011,NGA,Other fossil fuels,0,,,,
2011,NGA,Total,21,,,,
2012,NGA,Coal,0,,,,
2012,NGA,Gas,23,,,,
2012,NGA,Other fossil fuels,0,,,,
2012,NGA,Total,23,,,,
2013,NGA,Coal,0,,,,
2013,NGA,Gas,24,,,,
2013,NGA,Other fossil fuels,0,,,,
2013,NGA,Total,24,,,,
2014,NGA,Coal,0,,,,
2014,NGA,Gas,27,,,,
2014,NGA,Other fossil fuels,0,,,,
2014,NGA,Total,27,,,,
2015,NGA,Coal,0,,,,
2015,NGA,Gas,27,,,,
2015,NGA,Other fossil fuels,0,,,,
2015,NGA,Total,27,,,,
2016,NGA,Coal,0,,,,
2016,NGA,Gas,28,,,,
2016,NGA,Other fossil fuels,0,,,,
2016,NGA,Total,28,,,,
2017,NGA,Coal,0,,,,
2017,NGA,Gas,24,,,,
2017,NGA,Other fossil fuels,0,,,,
2017,NGA,Total,24,,,,
2018,NGA,Coal,0,,,,
2018,NGA,Gas,29,,,,
2018,NGA,Other fossil fuels,0,,,,
2018,NGA,Total,29,,,,
2019,NGA,Coal,0,,,,
2019,NGA,Gas,28,,,,
2019,NGA,Other fossil fuels,0,,,,
2019,NGA,Total,28,,,,
2020,NGA,Coal,0,,,,
2020,NGA,Gas,30,,,,
2020,NGA,Other fossil fuels,0,,,,
2020,NGA,Total,30,,,,
2021,NGA,Coal,0,,,,
2021,NGA,Gas,31,,,,
2021,NGA,Other fossil fuels,0,,,,
2021,NGA,Total,31,,,,
2022,NGA,Coal,0,,,,
2022,NGA,Gas,29,,,,
2022,NGA,Other fossil fuels,0,,,,
2022,NGA,Total,29,,,,
2023,NGA,Coal,0,,,,
2023,NGA,Gas,32,,,,
2023,NGA,Other fossil fuels,0,,,,
2023,NGA,Total,32,,,,
2024,NGA,Coal,0,,,,
2024,NGA,Gas,28,,,,
2024,NGA,Other fossil fuels,0,,,,
2024,NGA,Total,28,,,,
2025,NGA,Coal,0,,,,
2025,NGA,Gas,29,,,,
2025,NGA,Other fossil fuels,0,,,,
2025,NGA,Total,29,,,,
2000,PRK,Coal,8.4,,,,
2000,PRK,Gas,0,,,,
2000,PRK,Other fossil fuels,0.8,,,,
2000,PRK,Total,9.2,,,,
2001,PRK,Coal,8.6,,,,
2001,PRK,Gas,0,,,,
2001,PRK,Other fossil fuels,1.0,,,,
2001,PRK,Total,9.6,,,,
2002,PRK,Coal,8.1,,,,
2002,PRK,Gas,0,,,,
2002,PRK,Other fossil fuels,1.0,,,,
2002,PRK,Total,9.2,,,,
2003,PRK,Coal,8.3,,,,
2003,PRK,Gas,0,,,,
2003,PRK,Other fossil fuels,1.0,,,,
2003,PRK,Total,9.3,,,,
2004,PRK,Coal,8.5,,,,
2004,PRK,Gas,0,,,,
2004,PRK,Other fossil fuels,1.0,,,,
2004,PRK,Total,9.5,,,,
2005,PRK,Coal,8.9,,,,
2005,PRK,Gas,0,,,,
2005,PRK,Other fossil fuels,0.8,,,,
2005,PRK,Total,9.8,,,,
2006,PRK,Coal,9.2,,,,
2006,PRK,Gas,0,,,,
2006,PRK,Other fossil fuels,0.6,,,,
2006,PRK,Total,9.8,,,,
2007,PRK,Coal,7.5,,,,
2007,PRK,Gas,0,,,,
2007,PRK,Other fossil fuels,0.8,,,,
2007,PRK,Total,8.2,,,,
2008,PRK,Coal,8.4,,,,
2008,PRK,Gas,0,,,,
2008,PRK,Other fossil fuels,0.8,,,,
2008,PRK,Total,9.1,,,,
2009,PRK,Coal,10,,,,
2009,PRK,Gas,0,,,,
2009,PRK,Other fossil fuels,0.6,,,,
2009,PRK,Total,11,,,,
2010,PRK,Coal,9.7,,,,
2010,PRK,Gas,0,,,,
2010,PRK,Other fossil fuels,0.6,,,,
2010,PRK,Total,10,,,,
2011,PRK,Coal,7.2,,,,
2011,PRK,Gas,0,,,,
2011,PRK,Other fossil fuels,0.6,,,,
2011,PRK,Total,7.8,,,,
2012,PRK,Coal,7.5,,,,
2012,PRK,Gas,0,,,,
2012,PRK,Other fossil fuels,0.6,,,,
2012,PRK,Total,8.0,,,,
2013,PRK,Coal,7.6,,,,
2013,PRK,Gas,0,,,,
2013,PRK,Other fossil fuels,0.6,,,,
2013,PRK,Total,8.2,,,,
2014,PRK,Coal,8.0,,,,
2014,PRK,Gas,0,,,,
2014,PRK,Other fossil fuels,0.6,,,,
2014,PRK,Total,8.6,,,,
2015,PRK,Coal,8.2,,,,
2015,PRK,Gas,0,,,,
2015,PRK,Other fossil fuels,0.8,,,,
2015,PRK,Total,9.0,,,,
2016,PRK,Coal,10,,,,
2016,PRK,Gas,0,,,,
2016,PRK,Other fossil fuels,0.9,,,,
2016,PRK,Total,11,,,,
2017,PRK,Coal,11,,,,
2017,PRK,Gas,0,,,,
2017,PRK,Other fossil fuels,0.8,,,,
2017,PRK,Total,12,,,,
2018,PRK,Coal,11,,,,
2018,PRK,Gas,0,,,,
2018,PRK,Other fossil fuels,0.8,,,,
2018,PRK,Total,12,,,,
2019,PRK,Coal,12,,,,
2019,PRK,Gas,0,,,,
2019,PRK,Other fossil fuels,0.9,,,,
2019,PRK,Total,13,,,,
2020,PRK,Coal,10,,,,
2020,PRK,Gas,0,,,,
2020,PRK,Other fossil fuels,0.9,,,,
2020,PRK,Total,11,,,,
2021,PRK,Coal,8.9,,,,
2021,PRK,Gas,0,,,,
2021,PRK,Other fossil fuels,0.5,,,,
2021,PRK,Total,9.4,,,,
2022,PRK,Coal,9.2,,,,
2022,PRK,Gas,0,,,,
2022,PRK,Other fossil fuels,0.6,,,,
2022,PRK,Total,9.8,,,,
2023,PRK,Coal,9.2,,,,
2023,PRK,Gas,0,,,,
2023,PRK,Other fossil fuels,0.7,,,,
2023,PRK,Total,10,,,,
2024,PRK,Coal,9.2,,,,
2024,PRK,Gas,0,,,,
2024,PRK,Other fossil fuels,0.7,,,,
2024,PRK,Total,10,,,,
1990,MKD,Coal,5.2,,,,
1990,MKD,Gas,0,,,,
1990,MKD,Other fossil fuels,0.1,,,,
1990,MKD,Total,5.3,,,,
1991,MKD,Coal,4.9,,,,
1991,MKD,Gas,0,,,,
1991,MKD,Other fossil fuels,0.1,,,,
1991,MKD,Total,4.9,,,,
1992,MKD,Coal,5.2,,,,
1992,MKD,Gas,0,,,,
1992,MKD,Other fossil fuels,0.1,,,,
1992,MKD,Total,5.2,,,,
1993,MKD,Coal,4.6,,,,
1993,MKD,Gas,0,,,,
1993,MKD,Other fossil fuels,0.1,,,,
1993,MKD,Total,4.7,,,,
1994,MKD,Coal,5.2,,,,
1994,MKD,Gas,0,,,,
1994,MKD,Other fossil fuels,0,,,,
1994,MKD,Total,5.3,,,,
1995,MKD,Coal,5.3,,,,
1995,MKD,Gas,0,,,,
1995,MKD,Other fossil fuels,0,,,,
1995,MKD,Total,5.3,,,,
1996,MKD,Coal,5.7,,,,
1996,MKD,Gas,0,,,,
1996,MKD,Other fossil fuels,0.1,,,,
1996,MKD,Total,5.8,,,,
1997,MKD,Coal,5.8,,,,
1997,MKD,Gas,0,,,,
1997,MKD,Other fossil fuels,0.1,,,,
1997,MKD,Total,5.8,,,,
1998,MKD,Coal,5.9,,,,
1998,MKD,Gas,0,,,,
1998,MKD,Other fossil fuels,0.1,,,,
1998,MKD,Total,6.0,,,,
1999,MKD,Coal,5.4,,,,
1999,MKD,Gas,0,,,,
1999,MKD,Other fossil fuels,0,,,,
1999,MKD,Total,5.5,,,,
2000,MKD,Coal,5.2,,,,
2000,MKD,Gas,0,,,,
2000,MKD,Other fossil fuels,0.4,,,,
2000,MKD,Total,5.6,,,,
2001,MKD,Coal,5.6,,,,
2001,MKD,Gas,0,,,,
2001,MKD,Other fossil fuels,0.2,,,,
2001,MKD,Total,5.7,,,,
2002,MKD,Coal,5.1,,,,
2002,MKD,Gas,0,,,,
2002,MKD,Other fossil fuels,0.2,,,,
2002,MKD,Total,5.3,,,,
2003,MKD,Coal,5.3,,,,
2003,MKD,Gas,0,,,,
2003,MKD,Other fossil fuels,0,,,,
2003,MKD,Total,5.4,,,,
2004,MKD,Coal,5.2,,,,
2004,MKD,Gas,0,,,,
2004,MKD,Other fossil fuels,0,,,,
2004,MKD,Total,5.2,,,,
2005,MKD,Coal,5.4,,,,
2005,MKD,Gas,0,,,,
2005,MKD,Other fossil fuels,0,,,,
2005,MKD,Total,5.5,,,,
2006,MKD,Coal,5.1,,,,
2006,MKD,Gas,0,,,,
2006,MKD,Other fossil fuels,0.3,,,,
2006,MKD,Total,5.4,,,,
2007,MKD,Coal,5.0,,,,
2007,MKD,Gas,0,,,,
2007,MKD,Other fossil fuels,0.5,,,,
2007,MKD,Total,5.5,,,,
2008,MKD,Coal,5.3,,,,
2008,MKD,Gas,0,,,,
2008,MKD,Other fossil fuels,0.2,,,,
2008,MKD,Total,5.5,,,,
2009,MKD,Coal,5.3,,,,
2009,MKD,Gas,0,,,,
2009,MKD,Other fossil fuels,0.3,,,,
2009,MKD,Total,5.6,,,,
2010,MKD,Coal,4.7,,,,
2010,MKD,Gas,0,,,,
2010,MKD,Other fossil fuels,0.1,,,,
2010,MKD,Total,4.8,,,,
2011,MKD,Coal,5.2,,,,
2011,MKD,Gas,0.1,,,,
2011,MKD,Other fossil fuels,0.1,,,,
2011,MKD,Total,5.3,,,,
2012,MKD,Coal,4.8,,,,
2012,MKD,Gas,0.3,,,,
2012,MKD,Other fossil fuels,0.1,,,,
2012,MKD,Total,5.2,,,,
2013,MKD,Coal,4.0,,,,
2013,MKD,Gas,0.4,,,,
2013,MKD,Other fossil fuels,0.1,,,,
2013,MKD,Total,4.5,,,,
2014,MKD,Coal,3.7,,,,
2014,MKD,Gas,0.2,,,,
2014,MKD,Other fossil fuels,0.2,,,,
2014,MKD,Total,4.1,,,,
2015,MKD,Coal,3.3,,,,
2015,MKD,Gas,0.2,,,,
2015,MKD,Other fossil fuels,0.1,,,,
2015,MKD,Total,3.6,,,,
2016,MKD,Coal,2.9,,,,
2016,MKD,Gas,0.6,,,,
2016,MKD,Other fossil fuels,0.1,,,,
2016,MKD,Total,3.6,,,,
2017,MKD,Coal,3.4,,,,
2017,MKD,Gas,0.8,,,,
2017,MKD,Other fossil fuels,0.1,,,,
2017,MKD,Total,4.3,,,,
2018,MKD,Coal,2.9,,,,
2018,MKD,Gas,0.8,,,,
2018,MKD,Other fossil fuels,0.1,,,,
2018,MKD,Total,3.7,,,,
2019,MKD,Coal,3.5,,,,
2019,MKD,Gas,1.0,,,,
2019,MKD,Other fossil fuels,0.1,,,,
2019,MKD,Total,4.5,,,,
2020,MKD,Coal,2.6,,,,
2020,MKD,Gas,1.1,,,,
2020,MKD,Other fossil fuels,0.1,,,,
2020,MKD,Total,3.9,,,,
2021,MKD,Coal,2.2,,,,
2021,MKD,Gas,1.6,,,,
2021,MKD,Other fossil fuels,0.1,,,,
2021,MKD,Total,3.9,,,,
2022,MKD,Coal,2.8,,,,
2022,MKD,Gas,1.0,,,,
2022,MKD,Other fossil fuels,0.6,,,,
2022,MKD,Total,4.3,,,,
2023,MKD,Coal,2.8,,,,
2023,MKD,Gas,1.4,,,,
2023,MKD,Other fossil fuels,0.5,,,,
2023,MKD,Total,4.7,,,,
2024,MKD,Coal,2.4,,,,
2024,MKD,Gas,1.3,,,,
2024,MKD,Other fossil fuels,0.2,,,,
2024,MKD,Total,3.8,,,,
2025,MKD,Coal,2.1,,,,
2025,MKD,Gas,1.1,,,,
2025,MKD,Other fossil fuels,0.2,,,,
2025,MKD,Total,3.3,,,,
1990,NOR,Coal,0,,,,
1990,NOR,Gas,0,,,,
1990,NOR,Other fossil fuels,0.2,,,,
1990,NOR,Total,0.3,,,,
1991,NOR,Coal,0.1,,,,
1991,NOR,Gas,0,,,,
1991,NOR,Other fossil fuels,0.2,,,,
1991,NOR,Total,0.2,,,,
1992,NOR,Coal,0.1,,,,
1992,NOR,Gas,0,,,,
1992,NOR,Other fossil fuels,0.2,,,,
1992,NOR,Total,0.2,,,,
1993,NOR,Coal,0.1,,,,
1993,NOR,Gas,0,,,,
1993,NOR,Other fossil fuels,0.2,,,,
1993,NOR,Total,0.2,,,,
1994,NOR,Coal,0.1,,,,
1994,NOR,Gas,0.2,,,,
1994,NOR,Other fossil fuels,0.2,,,,
1994,NOR,Total,0.4,,,,
1995,NOR,Coal,0.1,,,,
1995,NOR,Gas,0.2,,,,
1995,NOR,Other fossil fuels,0.2,,,,
1995,NOR,Total,0.4,,,,
1996,NOR,Coal,0.1,,,,
1996,NOR,Gas,0.3,,,,
1996,NOR,Other fossil fuels,0.2,,,,
1996,NOR,Total,0.5,,,,
1997,NOR,Coal,0,,,,
1997,NOR,Gas,0.2,,,,
1997,NOR,Other fossil fuels,0.2,,,,
1997,NOR,Total,0.5,,,,
1998,NOR,Coal,0,,,,
1998,NOR,Gas,0.2,,,,
1998,NOR,Other fossil fuels,0.2,,,,
1998,NOR,Total,0.4,,,,
1999,NOR,Coal,0,,,,
1999,NOR,Gas,0.3,,,,
1999,NOR,Other fossil fuels,0.2,,,,
1999,NOR,Total,0.5,,,,
2000,NOR,Coal,0,,,,
2000,NOR,Gas,0.2,,,,
2000,NOR,Other fossil fuels,0.2,,,,
2000,NOR,Total,0.4,,,,
2001,NOR,Coal,0,,,,
2001,NOR,Gas,0.2,,,,
2001,NOR,Other fossil fuels,0.3,,,,
2001,NOR,Total,0.6,,,,
2002,NOR,Coal,0,,,,
2002,NOR,Gas,0.2,,,,
2002,NOR,Other fossil fuels,0.3,,,,
2002,NOR,Total,0.5,,,,
2003,NOR,Coal,0,,,,
2003,NOR,Gas,0.3,,,,
2003,NOR,Other fossil fuels,0.3,,,,
2003,NOR,Total,0.6,,,,
2004,NOR,Coal,0,,,,
2004,NOR,Gas,0.4,,,,
2004,NOR,Other fossil fuels,0.3,,,,
2004,NOR,Total,0.7,,,,
2005,NOR,Coal,0,,,,
2005,NOR,Gas,0.4,,,,
2005,NOR,Other fossil fuels,0.3,,,,
2005,NOR,Total,0.7,,,,
2006,NOR,Coal,0,,,,
2006,NOR,Gas,0.5,,,,
2006,NOR,Other fossil fuels,0.3,,,,
2006,NOR,Total,0.8,,,,
2007,NOR,Coal,0,,,,
2007,NOR,Gas,0.8,,,,
2007,NOR,Other fossil fuels,0.4,,,,
2007,NOR,Total,1.2,,,,
2008,NOR,Coal,0,,,,
2008,NOR,Gas,0.4,,,,
2008,NOR,Other fossil fuels,0.4,,,,
2008,NOR,Total,0.8,,,,
2009,NOR,Coal,0,,,,
2009,NOR,Gas,4.2,,,,
2009,NOR,Other fossil fuels,0.2,,,,
2009,NOR,Total,4.5,,,,
2010,NOR,Coal,0,,,,
2010,NOR,Gas,4.8,,,,
2010,NOR,Other fossil fuels,0.3,,,,
2010,NOR,Total,5.2,,,,
2011,NOR,Coal,0,,,,
2011,NOR,Gas,3.7,,,,
2011,NOR,Other fossil fuels,0.3,,,,
2011,NOR,Total,4.0,,,,
2012,NOR,Coal,0,,,,
2012,NOR,Gas,2.2,,,,
2012,NOR,Other fossil fuels,0.3,,,,
2012,NOR,Total,2.6,,,,
2013,NOR,Coal,0,,,,
2013,NOR,Gas,2.1,,,,
2013,NOR,Other fossil fuels,0.6,,,,
2013,NOR,Total,2.7,,,,
2014,NOR,Coal,0,,,,
2014,NOR,Gas,2.2,,,,
2014,NOR,Other fossil fuels,0.7,,,,
2014,NOR,Total,2.9,,,,
2015,NOR,Coal,0,,,,
2015,NOR,Gas,2.2,,,,
2015,NOR,Other fossil fuels,0.7,,,,
2015,NOR,Total,2.9,,,,
2016,NOR,Coal,0,,,,
2016,NOR,Gas,2.2,,,,
2016,NOR,Other fossil fuels,0.6,,,,
2016,NOR,Total,2.9,,,,
2017,NOR,Coal,0,,,,
2017,NOR,Gas,2.1,,,,
2017,NOR,Other fossil fuels,0.7,,,,
2017,NOR,Total,2.8,,,,
2018,NOR,Coal,0,,,,
2018,NOR,Gas,2.2,,,,
2018,NOR,Other fossil fuels,0.7,,,,
2018,NOR,Total,2.9,,,,
2019,NOR,Coal,0,,,,
2019,NOR,Gas,2.1,,,,
2019,NOR,Other fossil fuels,0.7,,,,
2019,NOR,Total,2.8,,,,
2020,NOR,Coal,0,,,,
2020,NOR,Gas,1.6,,,,
2020,NOR,Other fossil fuels,0.6,,,,
2020,NOR,Total,2.3,,,,
2021,NOR,Coal,0,,,,
2021,NOR,Gas,0.3,,,,
2021,NOR,Other fossil fuels,0.7,,,,
2021,NOR,Total,1.1,,,,
2022,NOR,Coal,0,,,,
2022,NOR,Gas,1.2,,,,
2022,NOR,Other fossil fuels,0.8,,,,
2022,NOR,Total,2.0,,,,
2023,NOR,Coal,0,,,,
2023,NOR,Gas,1.5,,,,
2023,NOR,Other fossil fuels,0.8,,,,
2023,NOR,Total,2.4,,,,
2024,NOR,Coal,0,,,,
2024,NOR,Gas,1.5,,,,
2024,NOR,Other fossil fuels,0.7,,,,
2024,NOR,Total,2.2,,,,
2025,NOR,Coal,0,,,,
2025,NOR,Gas,0.9,,,,
2025,NOR,Other fossil fuels,0.7,,,,
2025,NOR,Total,1.6,,,,
2000,OMN,Coal,0,,,,
2000,OMN,Gas,7.6,,,,
2000,OMN,Other fossil fuels,1.6,,,,
2000,OMN,Total,9.1,,,,
2001,OMN,Coal,0,,,,
2001,OMN,Gas,8.0,,,,
2001,OMN,Other fossil fuels,1.7,,,,
2001,OMN,Total,9.7,,,,
2002,OMN,Coal,0,,,,
2002,OMN,Gas,8.5,,,,
2002,OMN,Other fossil fuels,1.9,,,,
2002,OMN,Total,10,,,,
2003,OMN,Coal,0,,,,
2003,OMN,Gas,8.8,,,,
2003,OMN,Other fossil fuels,1.9,,,,
2003,OMN,Total,11,,,,
2004,OMN,Coal,0,,,,
2004,OMN,Gas,9.4,,,,
2004,OMN,Other fossil fuels,2.1,,,,
2004,OMN,Total,12,,,,
2005,OMN,Coal,0,,,,
2005,OMN,Gas,11,,,,
2005,OMN,Other fossil fuels,2.0,,,,
2005,OMN,Total,13,,,,
2006,OMN,Coal,0,,,,
2006,OMN,Gas,11,,,,
2006,OMN,Other fossil fuels,2.0,,,,
2006,OMN,Total,13,,,,
2007,OMN,Coal,0,,,,
2007,OMN,Gas,14,,,,
2007,OMN,Other fossil fuels,0.3,,,,
2007,OMN,Total,14,,,,
2008,OMN,Coal,0,,,,
2008,OMN,Gas,16,,,,
2008,OMN,Other fossil fuels,0.4,,,,
2008,OMN,Total,16,,,,
2009,OMN,Coal,0,,,,
2009,OMN,Gas,18,,,,
2009,OMN,Other fossil fuels,0.4,,,,
2009,OMN,Total,18,,,,
2010,OMN,Coal,0,,,,
2010,OMN,Gas,19,,,,
2010,OMN,Other fossil fuels,0.4,,,,
2010,OMN,Total,20,,,,
2011,OMN,Coal,0,,,,
2011,OMN,Gas,21,,,,
2011,OMN,Other fossil fuels,0.5,,,,
2011,OMN,Total,22,,,,
2012,OMN,Coal,0,,,,
2012,OMN,Gas,24,,,,
2012,OMN,Other fossil fuels,0.6,,,,
2012,OMN,Total,25,,,,
2013,OMN,Coal,0,,,,
2013,OMN,Gas,26,,,,
2013,OMN,Other fossil fuels,0.7,,,,
2013,OMN,Total,26,,,,
2014,OMN,Coal,0,,,,
2014,OMN,Gas,28,,,,
2014,OMN,Other fossil fuels,0.8,,,,
2014,OMN,Total,29,,,,
2015,OMN,Coal,0,,,,
2015,OMN,Gas,32,,,,
2015,OMN,Other fossil fuels,0.9,,,,
2015,OMN,Total,33,,,,
2016,OMN,Coal,0,,,,
2016,OMN,Gas,33,,,,
2016,OMN,Other fossil fuels,0.9,,,,
2016,OMN,Total,34,,,,
2017,OMN,Coal,0,,,,
2017,OMN,Gas,35,,,,
2017,OMN,Other fossil fuels,1.0,,,,
2017,OMN,Total,36,,,,
2018,OMN,Coal,0,,,,
2018,OMN,Gas,37,,,,
2018,OMN,Other fossil fuels,1.1,,,,
2018,OMN,Total,38,,,,
2019,OMN,Coal,0,,,,
2019,OMN,Gas,38,,,,
2019,OMN,Other fossil fuels,1.1,,,,
2019,OMN,Total,39,,,,
2020,OMN,Coal,0,,,,
2020,OMN,Gas,37,,,,
2020,OMN,Other fossil fuels,0.9,,,,
2020,OMN,Total,38,,,,
2021,OMN,Coal,0,,,,
2021,OMN,Gas,39,,,,
2021,OMN,Other fossil fuels,1.5,,,,
2021,OMN,Total,40,,,,
2022,OMN,Coal,0,,,,
2022,OMN,Gas,39,,,,
2022,OMN,Other fossil fuels,1.7,,,,
2022,OMN,Total,41,,,,
2023,OMN,Coal,0,,,,
2023,OMN,Gas,41,,,,
2023,OMN,Other fossil fuels,1.6,,,,
2023,OMN,Total,43,,,,
2024,OMN,Coal,0,,,,
2024,OMN,Gas,45,,,,
2024,OMN,Other fossil fuels,1.9,,,,
2024,OMN,Total,47,,,,
2025,OMN,Coal,0,,,,
2025,OMN,Gas,49,,,,
2025,OMN,Other fossil fuels,1.9,,,,
2025,OMN,Total,50,,,,
2000,PAK,Coal,0.2,,,,
2000,PAK,Gas,22,,,,
2000,PAK,Other fossil fuels,27,,,,
2000,PAK,Total,49,,,,
2001,PAK,Coal,0.3,,,,
2001,PAK,Gas,25,,,,
2001,PAK,Other fossil fuels,26,,,,
2001,PAK,Total,51,,,,
2002,PAK,Coal,0.2,,,,
2002,PAK,Gas,27,,,,
2002,PAK,Other fossil fuels,24,,,,
2002,PAK,Total,52,,,,
2003,PAK,Coal,0.2,,,,
2003,PAK,Gas,39,,,,
2003,PAK,Other fossil fuels,13,,,,
2003,PAK,Total,52,,,,
2004,PAK,Coal,0.2,,,,
2004,PAK,Gas,43,,,,
2004,PAK,Other fossil fuels,14,,,,
2004,PAK,Total,57,,,,
2005,PAK,Coal,0.1,,,,
2005,PAK,Gas,41,,,,
2005,PAK,Other fossil fuels,19,,,,
2005,PAK,Total,60,,,,
2006,PAK,Coal,0.1,,,,
2006,PAK,Gas,36,,,,
2006,PAK,Other fossil fuels,28,,,,
2006,PAK,Total,64,,,,
2007,PAK,Coal,0.1,,,,
2007,PAK,Gas,33,,,,
2007,PAK,Other fossil fuels,31,,,,
2007,PAK,Total,64,,,,
2008,PAK,Coal,0.1,,,,
2008,PAK,Gas,30,,,,
2008,PAK,Other fossil fuels,32,,,,
2008,PAK,Total,62,,,,
2009,PAK,Coal,0.1,,,,
2009,PAK,Gas,28,,,,
2009,PAK,Other fossil fuels,36,,,,
2009,PAK,Total,64,,,,
2010,PAK,Coal,0.1,,,,
2010,PAK,Gas,26,,,,
2010,PAK,Other fossil fuels,33,,,,
2010,PAK,Total,59,,,,
2011,PAK,Coal,0.1,,,,
2011,PAK,Gas,28,,,,
2011,PAK,Other fossil fuels,34,,,,
2011,PAK,Total,61,,,,
2012,PAK,Coal,0.1,,,,
2012,PAK,Gas,27,,,,
2012,PAK,Other fossil fuels,35,,,,
2012,PAK,Total,62,,,,
2013,PAK,Coal,0.2,,,,
2013,PAK,Gas,27,,,,
2013,PAK,Other fossil fuels,40,,,,
2013,PAK,Total,67,,,,
2014,PAK,Coal,0.1,,,,
2014,PAK,Gas,28,,,,
2014,PAK,Other fossil fuels,39,,,,
2014,PAK,Total,68,,,,
2015,PAK,Coal,0.2,,,,
2015,PAK,Gas,35,,,,
2015,PAK,Other fossil fuels,35,,,,
2015,PAK,Total,71,,,,
2016,PAK,Coal,0.6,,,,
2016,PAK,Gas,41,,,,
2016,PAK,Other fossil fuels,40,,,,
2016,PAK,Total,82,,,,
2017,PAK,Coal,11,,,,
2017,PAK,Gas,49,,,,
2017,PAK,Other fossil fuels,30,,,,
2017,PAK,Total,90,,,,
2018,PAK,Coal,16,,,,
2018,PAK,Gas,57,,,,
2018,PAK,Other fossil fuels,13,,,,
2018,PAK,Total,87,,,,
2019,PAK,Coal,26,,,,
2019,PAK,Gas,46,,,,
2019,PAK,Other fossil fuels,13,,,,
2019,PAK,Total,85,,,,
2020,PAK,Coal,27,,,,
2020,PAK,Gas,48,,,,
2020,PAK,Other fossil fuels,9.8,,,,
2020,PAK,Total,84,,,,
2021,PAK,Coal,27,,,,
2021,PAK,Gas,49,,,,
2021,PAK,Other fossil fuels,15,,,,
2021,PAK,Total,91,,,,
2022,PAK,Coal,23,,,,
2022,PAK,Gas,45,,,,
2022,PAK,Other fossil fuels,13,,,,
2022,PAK,Total,82,,,,
2023,PAK,Coal,22,,,,
2023,PAK,Gas,44,,,,
2023,PAK,Other fossil fuels,5.1,,,,
2023,PAK,Total,71,,,,
2024,PAK,Coal,20,,,,
2024,PAK,Gas,42,,,,
2024,PAK,Other fossil fuels,3.3,,,,
2024,PAK,Total,66,,,,
2025,PAK,Coal,25,,,,
2025,PAK,Gas,39,,,,
2025,PAK,Other fossil fuels,2.6,,,,
2025,PAK,Total,67,,,,
2000,PSE,Coal,0,,,,
2000,PSE,Gas,0,,,,
2000,PSE,Other fossil fuels,0,,,,
2000,PSE,Total,0,,,,
2001,PSE,Coal,0,,,,
2001,PSE,Gas,0,,,,
2001,PSE,Other fossil fuels,0,,,,
2001,PSE,Total,0,,,,
2002,PSE,Coal,0,,,,
2002,PSE,Gas,0,,,,
2002,PSE,Other fossil fuels,0.2,,,,
2002,PSE,Total,0.2,,,,
2003,PSE,Coal,0,,,,
2003,PSE,Gas,0,,,,
2003,PSE,Other fossil fuels,0.3,,,,
2003,PSE,Total,0.3,,,,
2004,PSE,Coal,0,,,,
2004,PSE,Gas,0,,,,
2004,PSE,Other fossil fuels,0.4,,,,
2004,PSE,Total,0.4,,,,
2005,PSE,Coal,0,,,,
2005,PSE,Gas,0,,,,
2005,PSE,Other fossil fuels,0.5,,,,
2005,PSE,Total,0.5,,,,
2006,PSE,Coal,0,,,,
2006,PSE,Gas,0,,,,
2006,PSE,Other fossil fuels,0.4,,,,
2006,PSE,Total,0.4,,,,
2007,PSE,Coal,0,,,,
2007,PSE,Gas,0,,,,
2007,PSE,Other fossil fuels,0.4,,,,
2007,PSE,Total,0.4,,,,
2008,PSE,Coal,0,,,,
2008,PSE,Gas,0,,,,
2008,PSE,Other fossil fuels,0.4,,,,
2008,PSE,Total,0.4,,,,
2009,PSE,Coal,0,,,,
2009,PSE,Gas,0,,,,
2009,PSE,Other fossil fuels,0.5,,,,
2009,PSE,Total,0.5,,,,
2010,PSE,Coal,0,,,,
2010,PSE,Gas,0,,,,
2010,PSE,Other fossil fuels,0.5,,,,
2010,PSE,Total,0.5,,,,
2011,PSE,Coal,0,,,,
2011,PSE,Gas,0,,,,
2011,PSE,Other fossil fuels,0.6,,,,
2011,PSE,Total,0.6,,,,
2012,PSE,Coal,0,,,,
2012,PSE,Gas,0,,,,
2012,PSE,Other fossil fuels,0.5,,,,
2012,PSE,Total,0.5,,,,
2013,PSE,Coal,0,,,,
2013,PSE,Gas,0,,,,
2013,PSE,Other fossil fuels,0.5,,,,
2013,PSE,Total,0.5,,,,
2014,PSE,Coal,0,,,,
2014,PSE,Gas,0,,,,
2014,PSE,Other fossil fuels,0.3,,,,
2014,PSE,Total,0.3,,,,
2015,PSE,Coal,0,,,,
2015,PSE,Gas,0,,,,
2015,PSE,Other fossil fuels,0.5,,,,
2015,PSE,Total,0.5,,,,
2016,PSE,Coal,0,,,,
2016,PSE,Gas,0,,,,
2016,PSE,Other fossil fuels,0.5,,,,
2016,PSE,Total,0.5,,,,
2017,PSE,Coal,0,,,,
2017,PSE,Gas,0,,,,
2017,PSE,Other fossil fuels,0.5,,,,
2017,PSE,Total,0.5,,,,
2018,PSE,Coal,0,,,,
2018,PSE,Gas,0,,,,
2018,PSE,Other fossil fuels,0.4,,,,
2018,PSE,Total,0.4,,,,
2019,PSE,Coal,0,,,,
2019,PSE,Gas,0,,,,
2019,PSE,Other fossil fuels,0.7,,,,
2019,PSE,Total,0.7,,,,
2020,PSE,Coal,0,,,,
2020,PSE,Gas,0,,,,
2020,PSE,Other fossil fuels,0.7,,,,
2020,PSE,Total,0.7,,,,
2021,PSE,Coal,0,,,,
2021,PSE,Gas,0,,,,
2021,PSE,Other fossil fuels,0.7,,,,
2021,PSE,Total,0.7,,,,
2022,PSE,Coal,0,,,,
2022,PSE,Gas,0,,,,
2022,PSE,Other fossil fuels,0.7,,,,
2022,PSE,Total,0.7,,,,
2023,PSE,Coal,0,,,,
2023,PSE,Gas,0,,,,
2023,PSE,Other fossil fuels,0.5,,,,
2023,PSE,Total,0.5,,,,
2024,PSE,Coal,0,,,,
2024,PSE,Gas,0,,,,
2024,PSE,Other fossil fuels,0.6,,,,
2024,PSE,Total,0.6,,,,
2000,PAN,Coal,0,,,,
2000,PAN,Gas,0,,,,
2000,PAN,Other fossil fuels,1.5,,,,
2000,PAN,Total,1.5,,,,
2001,PAN,Coal,0,,,,
2001,PAN,Gas,0,,,,
2001,PAN,Other fossil fuels,2.6,,,,
2001,PAN,Total,2.6,,,,
2002,PAN,Coal,0,,,,
2002,PAN,Gas,0,,,,
2002,PAN,Other fossil fuels,1.9,,,,
2002,PAN,Total,1.9,,,,
2003,PAN,Coal,0,,,,
2003,PAN,Gas,0,,,,
2003,PAN,Other fossil fuels,2.7,,,,
2003,PAN,Total,2.7,,,,
2004,PAN,Coal,0,,,,
2004,PAN,Gas,0,,,,
2004,PAN,Other fossil fuels,2.0,,,,
2004,PAN,Total,2.0,,,,
2005,PAN,Coal,0,,,,
2005,PAN,Gas,0,,,,
2005,PAN,Other fossil fuels,2.1,,,,
2005,PAN,Total,2.1,,,,
2006,PAN,Coal,0,,,,
2006,PAN,Gas,0,,,,
2006,PAN,Other fossil fuels,2.4,,,,
2006,PAN,Total,2.4,,,,
2007,PAN,Coal,0,,,,
2007,PAN,Gas,0,,,,
2007,PAN,Other fossil fuels,2.7,,,,
2007,PAN,Total,2.7,,,,
2008,PAN,Coal,0,,,,
2008,PAN,Gas,0,,,,
2008,PAN,Other fossil fuels,2.4,,,,
2008,PAN,Total,2.4,,,,
2009,PAN,Coal,0,,,,
2009,PAN,Gas,0,,,,
2009,PAN,Other fossil fuels,3.0,,,,
2009,PAN,Total,3.0,,,,
2010,PAN,Coal,0,,,,
2010,PAN,Gas,0,,,,
2010,PAN,Other fossil fuels,3.2,,,,
2010,PAN,Total,3.2,,,,
2011,PAN,Coal,0.5,,,,
2011,PAN,Gas,0,,,,
2011,PAN,Other fossil fuels,3.3,,,,
2011,PAN,Total,3.7,,,,
2012,PAN,Coal,0.7,,,,
2012,PAN,Gas,0,,,,
2012,PAN,Other fossil fuels,2.5,,,,
2012,PAN,Total,3.2,,,,
2013,PAN,Coal,0.7,,,,
2013,PAN,Gas,0,,,,
2013,PAN,Other fossil fuels,3.1,,,,
2013,PAN,Total,3.8,,,,
2014,PAN,Coal,0.7,,,,
2014,PAN,Gas,0,,,,
2014,PAN,Other fossil fuels,3.4,,,,
2014,PAN,Total,4.1,,,,
2015,PAN,Coal,0.7,,,,
2015,PAN,Gas,0,,,,
2015,PAN,Other fossil fuels,2.9,,,,
2015,PAN,Total,3.6,,,,
2016,PAN,Coal,0.7,,,,
2016,PAN,Gas,0,,,,
2016,PAN,Other fossil fuels,3.0,,,,
2016,PAN,Total,3.6,,,,
2017,PAN,Coal,0.2,,,,
2017,PAN,Gas,0,,,,
2017,PAN,Other fossil fuels,2.9,,,,
2017,PAN,Total,3.1,,,,
2018,PAN,Coal,0.5,,,,
2018,PAN,Gas,0.6,,,,
2018,PAN,Other fossil fuels,1.4,,,,
2018,PAN,Total,2.5,,,,
2019,PAN,Coal,1.1,,,,
2019,PAN,Gas,2.8,,,,
2019,PAN,Other fossil fuels,1.6,,,,
2019,PAN,Total,5.5,,,,
2020,PAN,Coal,0.6,,,,
2020,PAN,Gas,1.4,,,,
2020,PAN,Other fossil fuels,0.7,,,,
2020,PAN,Total,2.7,,,,
2021,PAN,Coal,0.5,,,,
2021,PAN,Gas,1.6,,,,
2021,PAN,Other fossil fuels,0.5,,,,
2021,PAN,Total,2.6,,,,
2022,PAN,Coal,0.5,,,,
2022,PAN,Gas,1.4,,,,
2022,PAN,Other fossil fuels,0.9,,,,
2022,PAN,Total,2.8,,,,
2023,PAN,Coal,0.5,,,,
2023,PAN,Gas,2.8,,,,
2023,PAN,Other fossil fuels,1.9,,,,
2023,PAN,Total,5.2,,,,
2024,PAN,Coal,0.5,,,,
2024,PAN,Gas,2.8,,,,
2024,PAN,Other fossil fuels,1.0,,,,
2024,PAN,Total,4.3,,,,
2000,PNG,Coal,0,,,,
2000,PNG,Gas,0.5,,,,
2000,PNG,Other fossil fuels,0.8,,,,
2000,PNG,Total,1.3,,,,
2001,PNG,Coal,0,,,,
2001,PNG,Gas,0.6,,,,
2001,PNG,Other fossil fuels,1.2,,,,
2001,PNG,Total,1.8,,,,
2002,PNG,Coal,0,,,,
2002,PNG,Gas,0.6,,,,
2002,PNG,Other fossil fuels,1.4,,,,
2002,PNG,Total,2.0,,,,
2003,PNG,Coal,0,,,,
2003,PNG,Gas,0.5,,,,
2003,PNG,Other fossil fuels,1.7,,,,
2003,PNG,Total,2.3,,,,
2004,PNG,Coal,0,,,,
2004,PNG,Gas,0.6,,,,
2004,PNG,Other fossil fuels,2.0,,,,
2004,PNG,Total,2.6,,,,
2005,PNG,Coal,0,,,,
2005,PNG,Gas,0.6,,,,
2005,PNG,Other fossil fuels,1.9,,,,
2005,PNG,Total,2.4,,,,
2006,PNG,Coal,0,,,,
2006,PNG,Gas,0.5,,,,
2006,PNG,Other fossil fuels,1.7,,,,
2006,PNG,Total,2.3,,,,
2007,PNG,Coal,0,,,,
2007,PNG,Gas,0.5,,,,
2007,PNG,Other fossil fuels,1.6,,,,
2007,PNG,Total,2.1,,,,
2008,PNG,Coal,0,,,,
2008,PNG,Gas,0.6,,,,
2008,PNG,Other fossil fuels,1.6,,,,
2008,PNG,Total,2.2,,,,
2009,PNG,Coal,0,,,,
2009,PNG,Gas,0.6,,,,
2009,PNG,Other fossil fuels,1.6,,,,
2009,PNG,Total,2.1,,,,
2010,PNG,Coal,0,,,,
2010,PNG,Gas,0.6,,,,
2010,PNG,Other fossil fuels,1.7,,,,
2010,PNG,Total,2.3,,,,
2011,PNG,Coal,0,,,,
2011,PNG,Gas,0.6,,,,
2011,PNG,Other fossil fuels,1.7,,,,
2011,PNG,Total,2.3,,,,
2012,PNG,Coal,0,,,,
2012,PNG,Gas,0.5,,,,
2012,PNG,Other fossil fuels,1.9,,,,
2012,PNG,Total,2.4,,,,
2013,PNG,Coal,0,,,,
2013,PNG,Gas,0.5,,,,
2013,PNG,Other fossil fuels,2.1,,,,
2013,PNG,Total,2.6,,,,
2014,PNG,Coal,0,,,,
2014,PNG,Gas,0.6,,,,
2014,PNG,Other fossil fuels,2.2,,,,
2014,PNG,Total,2.9,,,,
2015,PNG,Coal,0,,,,
2015,PNG,Gas,0.7,,,,
2015,PNG,Other fossil fuels,2.4,,,,
2015,PNG,Total,3.1,,,,
2016,PNG,Coal,0,,,,
2016,PNG,Gas,0.8,,,,
2016,PNG,Other fossil fuels,2.5,,,,
2016,PNG,Total,3.4,,,,
2017,PNG,Coal,0,,,,
2017,PNG,Gas,0.9,,,,
2017,PNG,Other fossil fuels,2.3,,,,
2017,PNG,Total,3.1,,,,
2018,PNG,Coal,0,,,,
2018,PNG,Gas,0.9,,,,
2018,PNG,Other fossil fuels,2.5,,,,
2018,PNG,Total,3.4,,,,
2019,PNG,Coal,0,,,,
2019,PNG,Gas,0.6,,,,
2019,PNG,Other fossil fuels,2.5,,,,
2019,PNG,Total,3.2,,,,
2020,PNG,Coal,0,,,,
2020,PNG,Gas,0.8,,,,
2020,PNG,Other fossil fuels,2.2,,,,
2020,PNG,Total,3.0,,,,
2021,PNG,Coal,0,,,,
2021,PNG,Gas,0.9,,,,
2021,PNG,Other fossil fuels,2.6,,,,
2021,PNG,Total,3.4,,,,
2022,PNG,Coal,0,,,,
2022,PNG,Gas,0.9,,,,
2022,PNG,Other fossil fuels,2.7,,,,
2022,PNG,Total,3.6,,,,
2023,PNG,Coal,0,,,,
2023,PNG,Gas,0.9,,,,
2023,PNG,Other fossil fuels,2.7,,,,
2023,PNG,Total,3.6,,,,
2024,PNG,Coal,0,,,,
2024,PNG,Gas,0.9,,,,
2024,PNG,Other fossil fuels,2.7,,,,
2024,PNG,Total,3.6,,,,
2000,PRY,Coal,0,,,,
2000,PRY,Gas,0,,,,
2000,PRY,Other fossil fuels,0,,,,
2000,PRY,Total,0,,,,
2001,PRY,Coal,0,,,,
2001,PRY,Gas,0,,,,
2001,PRY,Other fossil fuels,0,,,,
2001,PRY,Total,0,,,,
2002,PRY,Coal,0,,,,
2002,PRY,Gas,0,,,,
2002,PRY,Other fossil fuels,0,,,,
2002,PRY,Total,0,,,,
2003,PRY,Coal,0,,,,
2003,PRY,Gas,0,,,,
2003,PRY,Other fossil fuels,0,,,,
2003,PRY,Total,0,,,,
2004,PRY,Coal,0,,,,
2004,PRY,Gas,0,,,,
2004,PRY,Other fossil fuels,0,,,,
2004,PRY,Total,0,,,,
2005,PRY,Coal,0,,,,
2005,PRY,Gas,0,,,,
2005,PRY,Other fossil fuels,0,,,,
2005,PRY,Total,0,,,,
2006,PRY,Coal,0,,,,
2006,PRY,Gas,0,,,,
2006,PRY,Other fossil fuels,0,,,,
2006,PRY,Total,0,,,,
2007,PRY,Coal,0,,,,
2007,PRY,Gas,0,,,,
2007,PRY,Other fossil fuels,0,,,,
2007,PRY,Total,0,,,,
2008,PRY,Coal,0,,,,
2008,PRY,Gas,0,,,,
2008,PRY,Other fossil fuels,0,,,,
2008,PRY,Total,0,,,,
2009,PRY,Coal,0,,,,
2009,PRY,Gas,0,,,,
2009,PRY,Other fossil fuels,0,,,,
2009,PRY,Total,0,,,,
2010,PRY,Coal,0,,,,
2010,PRY,Gas,0,,,,
2010,PRY,Other fossil fuels,0,,,,
2010,PRY,Total,0,,,,
2011,PRY,Coal,0,,,,
2011,PRY,Gas,0,,,,
2011,PRY,Other fossil fuels,0,,,,
2011,PRY,Total,0,,,,
2012,PRY,Coal,0,,,,
2012,PRY,Gas,0,,,,
2012,PRY,Other fossil fuels,0,,,,
2012,PRY,Total,0,,,,
2013,PRY,Coal,0,,,,
2013,PRY,Gas,0,,,,
2013,PRY,Other fossil fuels,0,,,,
2013,PRY,Total,0,,,,
2014,PRY,Coal,0,,,,
2014,PRY,Gas,0,,,,
2014,PRY,Other fossil fuels,0,,,,
2014,PRY,Total,0,,,,
2015,PRY,Coal,0,,,,
2015,PRY,Gas,0,,,,
2015,PRY,Other fossil fuels,0,,,,
2015,PRY,Total,0,,,,
2016,PRY,Coal,0,,,,
2016,PRY,Gas,0,,,,
2016,PRY,Other fossil fuels,0,,,,
2016,PRY,Total,0,,,,
2017,PRY,Coal,0,,,,
2017,PRY,Gas,0,,,,
2017,PRY,Other fossil fuels,0,,,,
2017,PRY,Total,0,,,,
2018,PRY,Coal,0,,,,
2018,PRY,Gas,0,,,,
2018,PRY,Other fossil fuels,0,,,,
2018,PRY,Total,0,,,,
2019,PRY,Coal,0,,,,
2019,PRY,Gas,0,,,,
2019,PRY,Other fossil fuels,0,,,,
2019,PRY,Total,0,,,,
2020,PRY,Coal,0,,,,
2020,PRY,Gas,0,,,,
2020,PRY,Other fossil fuels,0,,,,
2020,PRY,Total,0,,,,
2021,PRY,Coal,0,,,,
2021,PRY,Gas,0,,,,
2021,PRY,Other fossil fuels,0,,,,
2021,PRY,Total,0,,,,
2022,PRY,Coal,0,,,,
2022,PRY,Gas,0,,,,
2022,PRY,Other fossil fuels,0,,,,
2022,PRY,Total,0,,,,
2023,PRY,Coal,0,,,,
2023,PRY,Gas,0,,,,
2023,PRY,Other fossil fuels,0,,,,
2023,PRY,Total,0,,,,
2024,PRY,Coal,0,,,,
2024,PRY,Gas,0,,,,
2024,PRY,Other fossil fuels,0,,,,
2024,PRY,Total,0,,,,
2025,PRY,Coal,0,,,,
2025,PRY,Gas,0,,,,
2025,PRY,Other fossil fuels,0,,,,
2025,PRY,Total,0,,,,
2000,PER,Coal,0.4,,,,
2000,PER,Gas,0.8,,,,
2000,PER,Other fossil fuels,2.5,,,,
2000,PER,Total,3.6,,,,
2001,PER,Coal,0.3,,,,
2001,PER,Gas,0.9,,,,
2001,PER,Other fossil fuels,1.8,,,,
2001,PER,Total,3.0,,,,
2002,PER,Coal,0.8,,,,
2002,PER,Gas,1.1,,,,
2002,PER,Other fossil fuels,1.9,,,,
2002,PER,Total,3.8,,,,
2003,PER,Coal,0.8,,,,
2003,PER,Gas,1.3,,,,
2003,PER,Other fossil fuels,2.1,,,,
2003,PER,Total,4.2,,,,
2004,PER,Coal,0.9,,,,
2004,PER,Gas,2.3,,,,
2004,PER,Other fossil fuels,3.3,,,,
2004,PER,Total,6.6,,,,
2005,PER,Coal,0.8,,,,
2005,PER,Gas,4.6,,,,
2005,PER,Other fossil fuels,1.7,,,,
2005,PER,Total,7.1,,,,
2006,PER,Coal,0.8,,,,
2006,PER,Gas,4.8,,,,
2006,PER,Other fossil fuels,1.7,,,,
2006,PER,Total,7.3,,,,
2007,PER,Coal,0.9,,,,
2007,PER,Gas,8.2,,,,
2007,PER,Other fossil fuels,0.9,,,,
2007,PER,Total,10,,,,
2008,PER,Coal,0.9,,,,
2008,PER,Gas,10,,,,
2008,PER,Other fossil fuels,1.9,,,,
2008,PER,Total,13,,,,
2009,PER,Coal,0.8,,,,
2009,PER,Gas,10,,,,
2009,PER,Other fossil fuels,1.8,,,,
2009,PER,Total,13,,,,
2010,PER,Coal,0.9,,,,
2010,PER,Gas,12,,,,
2010,PER,Other fossil fuels,2.1,,,,
2010,PER,Total,15,,,,
2011,PER,Coal,0.6,,,,
2011,PER,Gas,14,,,,
2011,PER,Other fossil fuels,2.4,,,,
2011,PER,Total,17,,,,
2012,PER,Coal,1.3,,,,
2012,PER,Gas,16,,,,
2012,PER,Other fossil fuels,0.9,,,,
2012,PER,Total,18,,,,
2013,PER,Coal,1.2,,,,
2013,PER,Gas,18,,,,
2013,PER,Other fossil fuels,0.8,,,,
2013,PER,Total,20,,,,
2014,PER,Coal,0.3,,,,
2014,PER,Gas,21,,,,
2014,PER,Other fossil fuels,0.6,,,,
2014,PER,Total,22,,,,
2015,PER,Coal,0.4,,,,
2015,PER,Gas,22,,,,
2015,PER,Other fossil fuels,0.7,,,,
2015,PER,Total,23,,,,
2016,PER,Coal,1.0,,,,
2016,PER,Gas,24,,,,
2016,PER,Other fossil fuels,1.1,,,,
2016,PER,Total,26,,,,
2017,PER,Coal,0.8,,,,
2017,PER,Gas,20,,,,
2017,PER,Other fossil fuels,1.2,,,,
2017,PER,Total,22,,,,
2018,PER,Coal,0.1,,,,
2018,PER,Gas,21,,,,
2018,PER,Other fossil fuels,0.4,,,,
2018,PER,Total,21,,,,
2019,PER,Coal,0.2,,,,
2019,PER,Gas,22,,,,
2019,PER,Other fossil fuels,0.6,,,,
2019,PER,Total,22,,,,
2020,PER,Coal,0.1,,,,
2020,PER,Gas,19,,,,
2020,PER,Other fossil fuels,0.5,,,,
2020,PER,Total,19,,,,
2021,PER,Coal,0.1,,,,
2021,PER,Gas,21,,,,
2021,PER,Other fossil fuels,0.6,,,,
2021,PER,Total,22,,,,
2022,PER,Coal,0.2,,,,
2022,PER,Gas,26,,,,
2022,PER,Other fossil fuels,0.6,,,,
2022,PER,Total,27,,,,
2023,PER,Coal,0,,,,
2023,PER,Gas,27,,,,
2023,PER,Other fossil fuels,0.3,,,,
2023,PER,Total,28,,,,
2024,PER,Coal,0,,,,
2024,PER,Gas,23,,,,
2024,PER,Other fossil fuels,0.4,,,,
2024,PER,Total,24,,,,
2025,PER,Coal,0,,,,
2025,PER,Gas,22,,,,
2025,PER,Other fossil fuels,0.1,,,,
2025,PER,Total,22,,,,
1990,POL,Coal,130,,,,
1990,POL,Gas,0.1,,,,
1990,POL,Other fossil fuels,2.5,,,,
1990,POL,Total,133,,,,
1991,POL,Coal,129,,,,
1991,POL,Gas,0.1,,,,
1991,POL,Other fossil fuels,2.4,,,,
1991,POL,Total,131,,,,
1992,POL,Coal,127,,,,
1992,POL,Gas,0.1,,,,
1992,POL,Other fossil fuels,2.4,,,,
1992,POL,Total,129,,,,
1993,POL,Coal,128,,,,
1993,POL,Gas,0.1,,,,
1993,POL,Other fossil fuels,2.5,,,,
1993,POL,Total,130,,,,
1994,POL,Coal,128,,,,
1994,POL,Gas,0.2,,,,
1994,POL,Other fossil fuels,3.0,,,,
1994,POL,Total,132,,,,
1995,POL,Coal,132,,,,
1995,POL,Gas,0.3,,,,
1995,POL,Other fossil fuels,3.1,,,,
1995,POL,Total,135,,,,
1996,POL,Coal,135,,,,
1996,POL,Gas,0.3,,,,
1996,POL,Other fossil fuels,3.3,,,,
1996,POL,Total,139,,,,
1997,POL,Coal,135,,,,
1997,POL,Gas,0.2,,,,
1997,POL,Other fossil fuels,3.9,,,,
1997,POL,Total,139,,,,
1998,POL,Coal,134,,,,
1998,POL,Gas,0.3,,,,
1998,POL,Other fossil fuels,3.7,,,,
1998,POL,Total,138,,,,
1999,POL,Coal,133,,,,
1999,POL,Gas,0.6,,,,
1999,POL,Other fossil fuels,3.7,,,,
1999,POL,Total,138,,,,
2000,POL,Coal,136,,,,
2000,POL,Gas,0.9,,,,
2000,POL,Other fossil fuels,4.0,,,,
2000,POL,Total,141,,,,
2001,POL,Coal,135,,,,
2001,POL,Gas,1.4,,,,
2001,POL,Other fossil fuels,4.6,,,,
2001,POL,Total,141,,,,
2002,POL,Coal,133,,,,
2002,POL,Gas,2.2,,,,
2002,POL,Other fossil fuels,4.6,,,,
2002,POL,Total,140,,,,
2003,POL,Coal,141,,,,
2003,POL,Gas,2.4,,,,
2003,POL,Other fossil fuels,4.7,,,,
2003,POL,Total,148,,,,
2004,POL,Coal,141,,,,
2004,POL,Gas,3.2,,,,
2004,POL,Other fossil fuels,5.0,,,,
2004,POL,Total,149,,,,
2005,POL,Coal,142,,,,
2005,POL,Gas,5.2,,,,
2005,POL,Other fossil fuels,4.4,,,,
2005,POL,Total,151,,,,
2006,POL,Coal,147,,,,
2006,POL,Gas,4.6,,,,
2006,POL,Other fossil fuels,4.8,,,,
2006,POL,Total,156,,,,
2007,POL,Coal,144,,,,
2007,POL,Gas,4.5,,,,
2007,POL,Other fossil fuels,4.6,,,,
2007,POL,Total,153,,,,
2008,POL,Coal,139,,,,
2008,POL,Gas,4.7,,,,
2008,POL,Other fossil fuels,4.3,,,,
2008,POL,Total,148,,,,
2009,POL,Coal,133,,,,
2009,POL,Gas,4.8,,,,
2009,POL,Other fossil fuels,4.0,,,,
2009,POL,Total,142,,,,
2010,POL,Coal,137,,,,
2010,POL,Gas,4.8,,,,
2010,POL,Other fossil fuels,4.6,,,,
2010,POL,Total,146,,,,
2011,POL,Coal,140,,,,
2011,POL,Gas,5.8,,,,
2011,POL,Other fossil fuels,4.2,,,,
2011,POL,Total,150,,,,
2012,POL,Coal,135,,,,
2012,POL,Gas,6.3,,,,
2012,POL,Other fossil fuels,3.8,,,,
2012,POL,Total,145,,,,
2013,POL,Coal,138,,,,
2013,POL,Gas,5.3,,,,
2013,POL,Other fossil fuels,3.7,,,,
2013,POL,Total,147,,,,
2014,POL,Coal,130,,,,
2014,POL,Gas,5.3,,,,
2014,POL,Other fossil fuels,3.7,,,,
2014,POL,Total,139,,,,
2015,POL,Coal,131,,,,
2015,POL,Gas,6.4,,,,
2015,POL,Other fossil fuels,4.7,,,,
2015,POL,Total,142,,,,
2016,POL,Coal,130,,,,
2016,POL,Gas,7.8,,,,
2016,POL,Other fossil fuels,5.0,,,,
2016,POL,Total,143,,,,
2017,POL,Coal,131,,,,
2017,POL,Gas,10,,,,
2017,POL,Other fossil fuels,4.6,,,,
2017,POL,Total,146,,,,
2018,POL,Coal,131,,,,
2018,POL,Gas,13,,,,
2018,POL,Other fossil fuels,4.6,,,,
2018,POL,Total,148,,,,
2019,POL,Coal,118,,,,
2019,POL,Gas,15,,,,
2019,POL,Other fossil fuels,4.8,,,,
2019,POL,Total,138,,,,
2020,POL,Coal,107,,,,
2020,POL,Gas,17,,,,
2020,POL,Other fossil fuels,4.2,,,,
2020,POL,Total,129,,,,
2021,POL,Coal,128,,,,
2021,POL,Gas,16,,,,
2021,POL,Other fossil fuels,4.8,,,,
2021,POL,Total,148,,,,
2022,POL,Coal,125,,,,
2022,POL,Gas,11,,,,
2022,POL,Other fossil fuels,4.8,,,,
2022,POL,Total,141,,,,
2023,POL,Coal,99,,,,
2023,POL,Gas,16,,,,
2023,POL,Other fossil fuels,4.3,,,,
2023,POL,Total,120,,,,
2024,POL,Coal,94,,,,
2024,POL,Gas,20,,,,
2024,POL,Other fossil fuels,4.6,,,,
2024,POL,Total,119,,,,
2025,POL,Coal,87,,,,
2025,POL,Gas,25,,,,
2025,POL,Other fossil fuels,6.4,,,,
2025,POL,Total,119,,,,
1990,PRT,Coal,9.1,,,,
1990,PRT,Gas,0,,,,
1990,PRT,Other fossil fuels,9.4,,,,
1990,PRT,Total,19,,,,
1991,PRT,Coal,9.8,,,,
1991,PRT,Gas,0,,,,
1991,PRT,Other fossil fuels,10,,,,
1991,PRT,Total,20,,,,
1992,PRT,Coal,10,,,,
1992,PRT,Gas,0,,,,
1992,PRT,Other fossil fuels,14,,,,
1992,PRT,Total,24,,,,
1993,PRT,Coal,11,,,,
1993,PRT,Gas,0,,,,
1993,PRT,Other fossil fuels,10,,,,
1993,PRT,Total,21,,,,
1994,PRT,Coal,12,,,,
1994,PRT,Gas,0,,,,
1994,PRT,Other fossil fuels,7.9,,,,
1994,PRT,Total,19,,,,
1995,PRT,Coal,13,,,,
1995,PRT,Gas,0,,,,
1995,PRT,Other fossil fuels,10,,,,
1995,PRT,Total,24,,,,
1996,PRT,Coal,13,,,,
1996,PRT,Gas,0,,,,
1996,PRT,Other fossil fuels,5.9,,,,
1996,PRT,Total,18,,,,
1997,PRT,Coal,13,,,,
1997,PRT,Gas,0.1,,,,
1997,PRT,Other fossil fuels,6.6,,,,
1997,PRT,Total,20,,,,
1998,PRT,Coal,12,,,,
1998,PRT,Gas,2.0,,,,
1998,PRT,Other fossil fuels,11,,,,
1998,PRT,Total,25,,,,
1999,PRT,Coal,15,,,,
1999,PRT,Gas,8.1,,,,
1999,PRT,Other fossil fuels,11,,,,
1999,PRT,Total,34,,,,
2000,PRT,Coal,15,,,,
2000,PRT,Gas,7.1,,,,
2000,PRT,Other fossil fuels,8.6,,,,
2000,PRT,Total,30,,,,
2001,PRT,Coal,14,,,,
2001,PRT,Gas,7.2,,,,
2001,PRT,Other fossil fuels,9.5,,,,
2001,PRT,Total,30,,,,
2002,PRT,Coal,15,,,,
2002,PRT,Gas,9.0,,,,
2002,PRT,Other fossil fuels,12,,,,
2002,PRT,Total,36,,,,
2003,PRT,Coal,15,,,,
2003,PRT,Gas,7.7,,,,
2003,PRT,Other fossil fuels,6.4,,,,
2003,PRT,Total,29,,,,
2004,PRT,Coal,15,,,,
2004,PRT,Gas,12,,,,
2004,PRT,Other fossil fuels,5.8,,,,
2004,PRT,Total,32,,,,
2005,PRT,Coal,15,,,,
2005,PRT,Gas,14,,,,
2005,PRT,Other fossil fuels,8.9,,,,
2005,PRT,Total,38,,,,
2006,PRT,Coal,15,,,,
2006,PRT,Gas,12,,,,
2006,PRT,Other fossil fuels,5.4,,,,
2006,PRT,Total,33,,,,
2007,PRT,Coal,12,,,,
2007,PRT,Gas,13,,,,
2007,PRT,Other fossil fuels,5.0,,,,
2007,PRT,Total,31,,,,
2008,PRT,Coal,11,,,,
2008,PRT,Gas,15,,,,
2008,PRT,Other fossil fuels,4.3,,,,
2008,PRT,Total,31,,,,
2009,PRT,Coal,13,,,,
2009,PRT,Gas,15,,,,
2009,PRT,Other fossil fuels,3.5,,,,
2009,PRT,Total,31,,,,
2010,PRT,Coal,7.1,,,,
2010,PRT,Gas,15,,,,
2010,PRT,Other fossil fuels,3.1,,,,
2010,PRT,Total,25,,,,
2011,PRT,Coal,9.9,,,,
2011,PRT,Gas,15,,,,
2011,PRT,Other fossil fuels,2.9,,,,
2011,PRT,Total,28,,,,
2012,PRT,Coal,13,,,,
2012,PRT,Gas,11,,,,
2012,PRT,Other fossil fuels,2.3,,,,
2012,PRT,Total,26,,,,
2013,PRT,Coal,12,,,,
2013,PRT,Gas,7.2,,,,
2013,PRT,Other fossil fuels,1.8,,,,
2013,PRT,Total,21,,,,
2014,PRT,Coal,12,,,,
2014,PRT,Gas,6.8,,,,
2014,PRT,Other fossil fuels,1.5,,,,
2014,PRT,Total,20,,,,
2015,PRT,Coal,15,,,,
2015,PRT,Gas,11,,,,
2015,PRT,Other fossil fuels,1.5,,,,
2015,PRT,Total,27,,,,
2016,PRT,Coal,13,,,,
2016,PRT,Gas,13,,,,
2016,PRT,Other fossil fuels,1.5,,,,
2016,PRT,Total,27,,,,
2017,PRT,Coal,15,,,,
2017,PRT,Gas,19,,,,
2017,PRT,Other fossil fuels,1.5,,,,
2017,PRT,Total,35,,,,
2018,PRT,Coal,12,,,,
2018,PRT,Gas,16,,,,
2018,PRT,Other fossil fuels,1.3,,,,
2018,PRT,Total,29,,,,
2019,PRT,Coal,5.5,,,,
2019,PRT,Gas,17,,,,
2019,PRT,Other fossil fuels,1.4,,,,
2019,PRT,Total,24,,,,
2020,PRT,Coal,2.4,,,,
2020,PRT,Gas,18,,,,
2020,PRT,Other fossil fuels,1.3,,,,
2020,PRT,Total,21,,,,
2021,PRT,Coal,0.8,,,,
2021,PRT,Gas,16,,,,
2021,PRT,Other fossil fuels,1.3,,,,
2021,PRT,Total,18,,,,
2022,PRT,Coal,0,,,,
2022,PRT,Gas,17,,,,
2022,PRT,Other fossil fuels,1.3,,,,
2022,PRT,Total,19,,,,
2023,PRT,Coal,0,,,,
2023,PRT,Gas,10,,,,
2023,PRT,Other fossil fuels,1.4,,,,
2023,PRT,Total,12,,,,
2024,PRT,Coal,0,,,,
2024,PRT,Gas,5.6,,,,
2024,PRT,Other fossil fuels,1.4,,,,
2024,PRT,Total,7.0,,,,
2025,PRT,Coal,0,,,,
2025,PRT,Gas,8.4,,,,
2025,PRT,Other fossil fuels,1.4,,,,
2025,PRT,Total,9.8,,,,
2000,PRI,Coal,0.4,,,,
2000,PRI,Gas,1.7,,,,
2000,PRI,Other fossil fuels,20,,,,
2000,PRI,Total,22,,,,
2001,PRI,Coal,0.4,,,,
2001,PRI,Gas,3.8,,,,
2001,PRI,Other fossil fuels,18,,,,
2001,PRI,Total,22,,,,
2002,PRI,Coal,1.0,,,,
2002,PRI,Gas,3.0,,,,
2002,PRI,Other fossil fuels,19,,,,
2002,PRI,Total,23,,,,
2003,PRI,Coal,2.9,,,,
2003,PRI,Gas,3.2,,,,
2003,PRI,Other fossil fuels,18,,,,
2003,PRI,Total,24,,,,
2004,PRI,Coal,3.1,,,,
2004,PRI,Gas,2.9,,,,
2004,PRI,Other fossil fuels,18,,,,
2004,PRI,Total,24,,,,
2005,PRI,Coal,3.1,,,,
2005,PRI,Gas,3.1,,,,
2005,PRI,Other fossil fuels,19,,,,
2005,PRI,Total,25,,,,
2006,PRI,Coal,3.6,,,,
2006,PRI,Gas,3.4,,,,
2006,PRI,Other fossil fuels,18,,,,
2006,PRI,Total,25,,,,
2007,PRI,Coal,3.6,,,,
2007,PRI,Gas,3.5,,,,
2007,PRI,Other fossil fuels,17,,,,
2007,PRI,Total,25,,,,
2008,PRI,Coal,3.6,,,,
2008,PRI,Gas,3.7,,,,
2008,PRI,Other fossil fuels,16,,,,
2008,PRI,Total,23,,,,
2009,PRI,Coal,3.4,,,,
2009,PRI,Gas,4.2,,,,
2009,PRI,Other fossil fuels,15,,,,
2009,PRI,Total,23,,,,
2010,PRI,Coal,3.2,,,,
2010,PRI,Gas,3.6,,,,
2010,PRI,Other fossil fuels,16,,,,
2010,PRI,Total,23,,,,
2011,PRI,Coal,3.5,,,,
2011,PRI,Gas,3.4,,,,
2011,PRI,Other fossil fuels,15,,,,
2011,PRI,Total,22,,,,
2012,PRI,Coal,3.3,,,,
2012,PRI,Gas,5.4,,,,
2012,PRI,Other fossil fuels,14,,,,
2012,PRI,Total,22,,,,
2013,PRI,Coal,3.4,,,,
2013,PRI,Gas,6.7,,,,
2013,PRI,Other fossil fuels,11,,,,
2013,PRI,Total,21,,,,
2014,PRI,Coal,3.7,,,,
2014,PRI,Gas,6.9,,,,
2014,PRI,Other fossil fuels,10,,,,
2014,PRI,Total,21,,,,
2015,PRI,Coal,3.3,,,,
2015,PRI,Gas,6.4,,,,
2015,PRI,Other fossil fuels,11,,,,
2015,PRI,Total,21,,,,
2016,PRI,Coal,3.5,,,,
2016,PRI,Gas,7.0,,,,
2016,PRI,Other fossil fuels,9.8,,,,
2016,PRI,Total,20,,,,
2017,PRI,Coal,2.3,,,,
2017,PRI,Gas,5.3,,,,
2017,PRI,Other fossil fuels,8.4,,,,
2017,PRI,Total,16,,,,
2018,PRI,Coal,2.5,,,,
2018,PRI,Gas,6.2,,,,
2018,PRI,Other fossil fuels,8.5,,,,
2018,PRI,Total,17,,,,
2019,PRI,Coal,3.5,,,,
2019,PRI,Gas,7.6,,,,
2019,PRI,Other fossil fuels,7.3,,,,
2019,PRI,Total,18,,,,
2020,PRI,Coal,3.1,,,,
2020,PRI,Gas,5.6,,,,
2020,PRI,Other fossil fuels,9.6,,,,
2020,PRI,Total,18,,,,
2021,PRI,Coal,3.2,,,,
2021,PRI,Gas,5.3,,,,
2021,PRI,Other fossil fuels,10,,,,
2021,PRI,Total,18,,,,
2022,PRI,Coal,3.2,,,,
2022,PRI,Gas,5.4,,,,
2022,PRI,Other fossil fuels,10,,,,
2022,PRI,Total,19,,,,
2023,PRI,Coal,3.2,,,,
2023,PRI,Gas,5.4,,,,
2023,PRI,Other fossil fuels,10,,,,
2023,PRI,Total,19,,,,
2024,PRI,Coal,3.2,,,,
2024,PRI,Gas,5.4,,,,
2024,PRI,Other fossil fuels,10,,,,
2024,PRI,Total,19,,,,
2025,PRI,Coal,3.1,,,,
2025,PRI,Gas,5.8,,,,
2025,PRI,Other fossil fuels,9.6,,,,
2025,PRI,Total,18,,,,
2000,QAT,Coal,0,,,,
2000,QAT,Gas,9.1,,,,
2000,QAT,Other fossil fuels,0,,,,
2000,QAT,Total,9.1,,,,
2001,QAT,Coal,0,,,,
2001,QAT,Gas,10,,,,
2001,QAT,Other fossil fuels,0,,,,
2001,QAT,Total,10,,,,
2002,QAT,Coal,0,,,,
2002,QAT,Gas,11,,,,
2002,QAT,Other fossil fuels,0,,,,
2002,QAT,Total,11,,,,
2003,QAT,Coal,0,,,,
2003,QAT,Gas,12,,,,
2003,QAT,Other fossil fuels,0,,,,
2003,QAT,Total,12,,,,
2004,QAT,Coal,0,,,,
2004,QAT,Gas,13,,,,
2004,QAT,Other fossil fuels,0,,,,
2004,QAT,Total,13,,,,
2005,QAT,Coal,0,,,,
2005,QAT,Gas,14,,,,
2005,QAT,Other fossil fuels,0,,,,
2005,QAT,Total,14,,,,
2006,QAT,Coal,0,,,,
2006,QAT,Gas,17,,,,
2006,QAT,Other fossil fuels,0,,,,
2006,QAT,Total,17,,,,
2007,QAT,Coal,0,,,,
2007,QAT,Gas,19,,,,
2007,QAT,Other fossil fuels,0,,,,
2007,QAT,Total,19,,,,
2008,QAT,Coal,0,,,,
2008,QAT,Gas,22,,,,
2008,QAT,Other fossil fuels,0,,,,
2008,QAT,Total,22,,,,
2009,QAT,Coal,0,,,,
2009,QAT,Gas,24,,,,
2009,QAT,Other fossil fuels,0,,,,
2009,QAT,Total,24,,,,
2010,QAT,Coal,0,,,,
2010,QAT,Gas,28,,,,
2010,QAT,Other fossil fuels,0,,,,
2010,QAT,Total,28,,,,
2011,QAT,Coal,0,,,,
2011,QAT,Gas,31,,,,
2011,QAT,Other fossil fuels,0,,,,
2011,QAT,Total,31,,,,
2012,QAT,Coal,0,,,,
2012,QAT,Gas,35,,,,
2012,QAT,Other fossil fuels,0,,,,
2012,QAT,Total,35,,,,
2013,QAT,Coal,0,,,,
2013,QAT,Gas,35,,,,
2013,QAT,Other fossil fuels,0,,,,
2013,QAT,Total,35,,,,
2014,QAT,Coal,0,,,,
2014,QAT,Gas,39,,,,
2014,QAT,Other fossil fuels,0,,,,
2014,QAT,Total,39,,,,
2015,QAT,Coal,0,,,,
2015,QAT,Gas,42,,,,
2015,QAT,Other fossil fuels,0,,,,
2015,QAT,Total,42,,,,
2016,QAT,Coal,0,,,,
2016,QAT,Gas,42,,,,
2016,QAT,Other fossil fuels,0,,,,
2016,QAT,Total,42,,,,
2017,QAT,Coal,0,,,,
2017,QAT,Gas,46,,,,
2017,QAT,Other fossil fuels,0,,,,
2017,QAT,Total,46,,,,
2018,QAT,Coal,0,,,,
2018,QAT,Gas,48,,,,
2018,QAT,Other fossil fuels,0,,,,
2018,QAT,Total,48,,,,
2019,QAT,Coal,0,,,,
2019,QAT,Gas,50,,,,
2019,QAT,Other fossil fuels,0,,,,
2019,QAT,Total,50,,,,
2020,QAT,Coal,0,,,,
2020,QAT,Gas,49,,,,
2020,QAT,Other fossil fuels,0,,,,
2020,QAT,Total,49,,,,
2021,QAT,Coal,0,,,,
2021,QAT,Gas,52,,,,
2021,QAT,Other fossil fuels,0,,,,
2021,QAT,Total,52,,,,
2022,QAT,Coal,0,,,,
2022,QAT,Gas,54,,,,
2022,QAT,Other fossil fuels,0,,,,
2022,QAT,Total,54,,,,
2023,QAT,Coal,0,,,,
2023,QAT,Gas,54,,,,
2023,QAT,Other fossil fuels,0,,,,
2023,QAT,Total,54,,,,
2024,QAT,Coal,0,,,,
2024,QAT,Gas,54,,,,
2024,QAT,Other fossil fuels,0,,,,
2024,QAT,Total,54,,,,
2025,QAT,Coal,0,,,,
2025,QAT,Gas,55,,,,
2025,QAT,Other fossil fuels,0,,,,
2025,QAT,Total,55,,,,
2000,REU,Coal,0.6,,,,
2000,REU,Other fossil fuels,0.3,,,,
2000,REU,Total,0.9,,,,
2001,REU,Coal,0.7,,,,
2001,REU,Other fossil fuels,0.5,,,,
2001,REU,Total,1.1,,,,
2002,REU,Coal,0.6,,,,
2002,REU,Other fossil fuels,0.5,,,,
2002,REU,Total,1.1,,,,
2003,REU,Coal,0.7,,,,
2003,REU,Other fossil fuels,0.6,,,,
2003,REU,Total,1.2,,,,
2004,REU,Coal,0.6,,,,
2004,REU,Other fossil fuels,0.8,,,,
2004,REU,Total,1.3,,,,
2005,REU,Coal,0.9,,,,
2005,REU,Other fossil fuels,0.6,,,,
2005,REU,Total,1.5,,,,
2006,REU,Coal,1.0,,,,
2006,REU,Other fossil fuels,0.5,,,,
2006,REU,Total,1.5,,,,
2007,REU,Coal,1.3,,,,
2007,REU,Other fossil fuels,0.3,,,,
2007,REU,Total,1.6,,,,
2008,REU,Coal,1.3,,,,
2008,REU,Other fossil fuels,0.3,,,,
2008,REU,Total,1.6,,,,
2009,REU,Coal,1.3,,,,
2009,REU,Other fossil fuels,0.5,,,,
2009,REU,Total,1.8,,,,
2010,REU,Coal,1.3,,,,
2010,REU,Other fossil fuels,0.5,,,,
2010,REU,Total,1.8,,,,
2011,REU,Coal,1.3,,,,
2011,REU,Other fossil fuels,0.6,,,,
2011,REU,Total,1.9,,,,
2012,REU,Coal,1.4,,,,
2012,REU,Other fossil fuels,0.5,,,,
2012,REU,Total,1.8,,,,
2013,REU,Coal,1.3,,,,
2013,REU,Other fossil fuels,0.5,,,,
2013,REU,Total,1.8,,,,
2014,REU,Coal,1.2,,,,
2014,REU,Other fossil fuels,0.7,,,,
2014,REU,Total,1.9,,,,
2015,REU,Coal,1.2,,,,
2015,REU,Other fossil fuels,0.7,,,,
2015,REU,Total,1.9,,,,
2016,REU,Coal,1.1,,,,
2016,REU,Other fossil fuels,0.8,,,,
2016,REU,Total,1.9,,,,
2017,REU,Coal,1.1,,,,
2017,REU,Other fossil fuels,0.9,,,,
2017,REU,Total,2.0,,,,
2018,REU,Coal,1.1,,,,
2018,REU,Other fossil fuels,0.8,,,,
2018,REU,Total,1.9,,,,
2019,REU,Coal,1.1,,,,
2019,REU,Other fossil fuels,1.0,,,,
2019,REU,Total,2.1,,,,
2020,REU,Coal,1.9,,,,
2020,REU,Other fossil fuels,1.0,,,,
2020,REU,Total,2.9,,,,
2021,REU,Coal,0.9,,,,
2021,REU,Other fossil fuels,1.3,,,,
2021,REU,Total,2.2,,,,
2022,REU,Coal,0.6,,,,
2022,REU,Other fossil fuels,1.3,,,,
2022,REU,Total,1.9,,,,
2023,REU,Coal,0.4,,,,
2023,REU,Other fossil fuels,0.9,,,,
2023,REU,Total,1.3,,,,
1990,ROU,Coal,19,,,,
1990,ROU,Gas,23,,,,
1990,ROU,Other fossil fuels,12,,,,
1990,ROU,Total,53,,,,
1991,ROU,Coal,16,,,,
1991,ROU,Gas,20,,,,
1991,ROU,Other fossil fuels,6.1,,,,
1991,ROU,Total,42,,,,
1992,ROU,Coal,18,,,,
1992,ROU,Gas,19,,,,
1992,ROU,Other fossil fuels,4.5,,,,
1992,ROU,Total,42,,,,
1993,ROU,Coal,19,,,,
1993,ROU,Gas,18,,,,
1993,ROU,Other fossil fuels,5.5,,,,
1993,ROU,Total,43,,,,
1994,ROU,Coal,20,,,,
1994,ROU,Gas,17,,,,
1994,ROU,Other fossil fuels,5.8,,,,
1994,ROU,Total,42,,,,
1995,ROU,Coal,21,,,,
1995,ROU,Gas,16,,,,
1995,ROU,Other fossil fuels,5.8,,,,
1995,ROU,Total,42,,,,
1996,ROU,Coal,20,,,,
1996,ROU,Gas,17,,,,
1996,ROU,Other fossil fuels,6.7,,,,
1996,ROU,Total,44,,,,
1997,ROU,Coal,17,,,,
1997,ROU,Gas,10,,,,
1997,ROU,Other fossil fuels,6.9,,,,
1997,ROU,Total,34,,,,
1998,ROU,Coal,14,,,,
1998,ROU,Gas,10,,,,
1998,ROU,Other fossil fuels,4.1,,,,
1998,ROU,Total,29,,,,
1999,ROU,Coal,15,,,,
1999,ROU,Gas,8.4,,,,
1999,ROU,Other fossil fuels,3.9,,,,
1999,ROU,Total,27,,,,
2000,ROU,Coal,19,,,,
2000,ROU,Gas,9.0,,,,
2000,ROU,Other fossil fuels,3.4,,,,
2000,ROU,Total,31,,,,
2001,ROU,Coal,20,,,,
2001,ROU,Gas,8.1,,,,
2001,ROU,Other fossil fuels,5.4,,,,
2001,ROU,Total,33,,,,
2002,ROU,Coal,20,,,,
2002,ROU,Gas,9.0,,,,
2002,ROU,Other fossil fuels,3.6,,,,
2002,ROU,Total,33,,,,
2003,ROU,Coal,23,,,,
2003,ROU,Gas,9.7,,,,
2003,ROU,Other fossil fuels,3.6,,,,
2003,ROU,Total,37,,,,
2004,ROU,Coal,21,,,,
2004,ROU,Gas,10,,,,
2004,ROU,Other fossil fuels,2.5,,,,
2004,ROU,Total,34,,,,
2005,ROU,Coal,22,,,,
2005,ROU,Gas,9.6,,,,
2005,ROU,Other fossil fuels,2.0,,,,
2005,ROU,Total,34,,,,
2006,ROU,Coal,25,,,,
2006,ROU,Gas,12,,,,
2006,ROU,Other fossil fuels,1.6,,,,
2006,ROU,Total,39,,,,
2007,ROU,Coal,25,,,,
2007,ROU,Gas,12,,,,
2007,ROU,Other fossil fuels,1.2,,,,
2007,ROU,Total,38,,,,
2008,ROU,Coal,26,,,,
2008,ROU,Gas,10,,,,
2008,ROU,Other fossil fuels,0.7,,,,
2008,ROU,Total,36,,,,
2009,ROU,Coal,22,,,,
2009,ROU,Gas,7.6,,,,
2009,ROU,Other fossil fuels,0.9,,,,
2009,ROU,Total,30,,,,
2010,ROU,Coal,21,,,,
2010,ROU,Gas,7.3,,,,
2010,ROU,Other fossil fuels,0.6,,,,
2010,ROU,Total,29,,,,
2011,ROU,Coal,25,,,,
2011,ROU,Gas,8.4,,,,
2011,ROU,Other fossil fuels,0.6,,,,
2011,ROU,Total,34,,,,
2012,ROU,Coal,23,,,,
2012,ROU,Gas,8.7,,,,
2012,ROU,Other fossil fuels,0.5,,,,
2012,ROU,Total,32,,,,
2013,ROU,Coal,17,,,,
2013,ROU,Gas,9.3,,,,
2013,ROU,Other fossil fuels,0.2,,,,
2013,ROU,Total,26,,,,
2014,ROU,Coal,18,,,,
2014,ROU,Gas,8.1,,,,
2014,ROU,Other fossil fuels,0.3,,,,
2014,ROU,Total,26,,,,
2015,ROU,Coal,18,,,,
2015,ROU,Gas,9.4,,,,
2015,ROU,Other fossil fuels,0.3,,,,
2015,ROU,Total,28,,,,
2016,ROU,Coal,16,,,,
2016,ROU,Gas,9.7,,,,
2016,ROU,Other fossil fuels,0.4,,,,
2016,ROU,Total,26,,,,
2017,ROU,Coal,17,,,,
2017,ROU,Gas,11,,,,
2017,ROU,Other fossil fuels,0.3,,,,
2017,ROU,Total,28,,,,
2018,ROU,Coal,16,,,,
2018,ROU,Gas,11,,,,
2018,ROU,Other fossil fuels,0.3,,,,
2018,ROU,Total,27,,,,
2019,ROU,Coal,14,,,,
2019,ROU,Gas,9.0,,,,
2019,ROU,Other fossil fuels,0.3,,,,
2019,ROU,Total,23,,,,
2020,ROU,Coal,9.4,,,,
2020,ROU,Gas,9.5,,,,
2020,ROU,Other fossil fuels,0.3,,,,
2020,ROU,Total,19,,,,
2021,ROU,Coal,11,,,,
2021,ROU,Gas,10,,,,
2021,ROU,Other fossil fuels,0.3,,,,
2021,ROU,Total,21,,,,
2022,ROU,Coal,10,,,,
2022,ROU,Gas,9.3,,,,
2022,ROU,Other fossil fuels,0.3,,,,
2022,ROU,Total,20,,,,
2023,ROU,Coal,8.1,,,,
2023,ROU,Gas,9.2,,,,
2023,ROU,Other fossil fuels,0.2,,,,
2023,ROU,Total,17,,,,
2024,ROU,Coal,8.0,,,,
2024,ROU,Gas,9.2,,,,
2024,ROU,Other fossil fuels,0.2,,,,
2024,ROU,Total,17,,,,
2025,ROU,Coal,7.6,,,,
2025,ROU,Gas,8.4,,,,
2025,ROU,Other fossil fuels,0.2,,,,
2025,ROU,Total,16,,,,
1985,RUS,Coal,138,,,,
1985,RUS,Gas,451,,,,
1985,RUS,Other fossil fuels,113,,,,
1985,RUS,Total,703,,,,
1986,RUS,Coal,144,,,,
1986,RUS,Gas,470,,,,
1986,RUS,Other fossil fuels,118,,,,
1986,RUS,Total,732,,,,
1987,RUS,Coal,150,,,,
1987,RUS,Gas,488,,,,
1987,RUS,Other fossil fuels,123,,,,
1987,RUS,Total,760,,,,
1988,RUS,Coal,152,,,,
1988,RUS,Gas,494,,,,
1988,RUS,Other fossil fuels,124,,,,
1988,RUS,Total,770,,,,
1989,RUS,Coal,154,,,,
1989,RUS,Gas,501,,,,
1989,RUS,Other fossil fuels,126,,,,
1989,RUS,Total,780,,,,
1990,RUS,Coal,157,,,,
1990,RUS,Gas,512,,,,
1990,RUS,Other fossil fuels,128,,,,
1990,RUS,Total,797,,,,
1991,RUS,Coal,155,,,,
1991,RUS,Gas,501,,,,
1991,RUS,Other fossil fuels,124,,,,
1991,RUS,Total,780,,,,
1992,RUS,Coal,154,,,,
1992,RUS,Gas,460,,,,
1992,RUS,Other fossil fuels,102,,,,
1992,RUS,Total,716,,,,
1993,RUS,Coal,148,,,,
1993,RUS,Gas,429,,,,
1993,RUS,Other fossil fuels,85,,,,
1993,RUS,Total,663,,,,
1994,RUS,Coal,162,,,,
1994,RUS,Gas,364,,,,
1994,RUS,Other fossil fuels,76,,,,
1994,RUS,Total,602,,,,
1995,RUS,Coal,160,,,,
1995,RUS,Gas,354,,,,
1995,RUS,Other fossil fuels,70,,,,
1995,RUS,Total,584,,,,
1996,RUS,Coal,161,,,,
1996,RUS,Gas,364,,,,
1996,RUS,Other fossil fuels,59,,,,
1996,RUS,Total,584,,,,
1997,RUS,Coal,157,,,,
1997,RUS,Gas,357,,,,
1997,RUS,Other fossil fuels,54,,,,
1997,RUS,Total,568,,,,
1998,RUS,Coal,163,,,,
1998,RUS,Gas,347,,,,
1998,RUS,Other fossil fuels,55,,,,
1998,RUS,Total,565,,,,
1999,RUS,Coal,161,,,,
1999,RUS,Gas,359,,,,
1999,RUS,Other fossil fuels,44,,,,
1999,RUS,Total,564,,,,
2000,RUS,Coal,176,,,,
2000,RUS,Gas,370,,,,
2000,RUS,Other fossil fuels,37,,,,
2000,RUS,Total,583,,,,
2001,RUS,Coal,169,,,,
2001,RUS,Gas,377,,,,
2001,RUS,Other fossil fuels,35,,,,
2001,RUS,Total,580,,,,
2002,RUS,Coal,170,,,,
2002,RUS,Gas,385,,,,
2002,RUS,Other fossil fuels,32,,,,
2002,RUS,Total,587,,,,
2003,RUS,Coal,172,,,,
2003,RUS,Gas,407,,,,
2003,RUS,Other fossil fuels,31,,,,
2003,RUS,Total,610,,,,
2004,RUS,Coal,161,,,,
2004,RUS,Gas,423,,,,
2004,RUS,Other fossil fuels,28,,,,
2004,RUS,Total,611,,,,
2005,RUS,Coal,166,,,,
2005,RUS,Gas,440,,,,
2005,RUS,Other fossil fuels,26,,,,
2005,RUS,Total,632,,,,
2006,RUS,Coal,178,,,,
2006,RUS,Gas,455,,,,
2006,RUS,Other fossil fuels,29,,,,
2006,RUS,Total,662,,,,
2007,RUS,Coal,171,,,,
2007,RUS,Gas,489,,,,
2007,RUS,Other fossil fuels,21,,,,
2007,RUS,Total,681,,,,
2008,RUS,Coal,197,,,,
2008,RUS,Gas,494,,,,
2008,RUS,Other fossil fuels,21,,,,
2008,RUS,Total,712,,,,
2009,RUS,Coal,164,,,,
2009,RUS,Gas,470,,,,
2009,RUS,Other fossil fuels,21,,,,
2009,RUS,Total,655,,,,
2010,RUS,Coal,166,,,,
2010,RUS,Gas,521,,,,
2010,RUS,Other fossil fuels,14,,,,
2010,RUS,Total,701,,,,
2011,RUS,Coal,165,,,,
2011,RUS,Gas,521,,,,
2011,RUS,Other fossil fuels,32,,,,
2011,RUS,Total,718,,,,
2012,RUS,Coal,169,,,,
2012,RUS,Gas,526,,,,
2012,RUS,Other fossil fuels,33,,,,
2012,RUS,Total,728,,,,
2013,RUS,Coal,162,,,,
2013,RUS,Gas,530,,,,
2013,RUS,Other fossil fuels,13,,,,
2013,RUS,Total,705,,,,
2014,RUS,Coal,159,,,,
2014,RUS,Gas,535,,,,
2014,RUS,Other fossil fuels,16,,,,
2014,RUS,Total,709,,,,
2015,RUS,Coal,159,,,,
2015,RUS,Gas,530,,,,
2015,RUS,Other fossil fuels,15,,,,
2015,RUS,Total,703,,,,
2016,RUS,Coal,171,,,,
2016,RUS,Gas,522,,,,
2016,RUS,Other fossil fuels,15,,,,
2016,RUS,Total,709,,,,
2017,RUS,Coal,174,,,,
2017,RUS,Gas,516,,,,
2017,RUS,Other fossil fuels,11,,,,
2017,RUS,Total,702,,,,
2018,RUS,Coal,177,,,,
2018,RUS,Gas,524,,,,
2018,RUS,Other fossil fuels,12,,,,
2018,RUS,Total,713,,,,
2019,RUS,Coal,188,,,,
2019,RUS,Gas,512,,,,
2019,RUS,Other fossil fuels,13,,,,
2019,RUS,Total,713,,,,
2020,RUS,Coal,175,,,,
2020,RUS,Gas,466,,,,
2020,RUS,Other fossil fuels,12,,,,
2020,RUS,Total,653,,,,
2021,RUS,Coal,187,,,,
2021,RUS,Gas,513,,,,
2021,RUS,Other fossil fuels,14,,,,
2021,RUS,Total,714,,,,
2022,RUS,Coal,192,,,,
2022,RUS,Gas,532,,,,
2022,RUS,Other fossil fuels,15,,,,
2022,RUS,Total,738,,,,
2023,RUS,Coal,204,,,,
2023,RUS,Gas,533,,,,
2023,RUS,Other fossil fuels,14,,,,
2023,RUS,Total,752,,,,
2024,RUS,Coal,215,,,,
2024,RUS,Gas,546,,,,
2024,RUS,Other fossil fuels,14,,,,
2024,RUS,Total,775,,,,
2025,RUS,Coal,220,,,,
2025,RUS,Gas,533,,,,
2025,RUS,Other fossil fuels,14,,,,
2025,RUS,Total,767,,,,
2000,RWA,Coal,0,,,,
2000,RWA,Gas,0,,,,
2000,RWA,Other fossil fuels,0.1,,,,
2000,RWA,Total,0.1,,,,
2001,RWA,Coal,0,,,,
2001,RWA,Gas,0,,,,
2001,RWA,Other fossil fuels,0.1,,,,
2001,RWA,Total,0.1,,,,
2002,RWA,Coal,0,,,,
2002,RWA,Gas,0,,,,
2002,RWA,Other fossil fuels,0.1,,,,
2002,RWA,Total,0.1,,,,
2003,RWA,Coal,0,,,,
2003,RWA,Gas,0,,,,
2003,RWA,Other fossil fuels,0.1,,,,
2003,RWA,Total,0.1,,,,
2004,RWA,Coal,0,,,,
2004,RWA,Gas,0,,,,
2004,RWA,Other fossil fuels,0.1,,,,
2004,RWA,Total,0.1,,,,
2005,RWA,Coal,0,,,,
2005,RWA,Gas,0,,,,
2005,RWA,Other fossil fuels,0.1,,,,
2005,RWA,Total,0.1,,,,
2006,RWA,Coal,0,,,,
2006,RWA,Gas,0,,,,
2006,RWA,Other fossil fuels,0.1,,,,
2006,RWA,Total,0.1,,,,
2007,RWA,Coal,0,,,,
2007,RWA,Gas,0,,,,
2007,RWA,Other fossil fuels,0.1,,,,
2007,RWA,Total,0.1,,,,
2008,RWA,Coal,0,,,,
2008,RWA,Gas,0,,,,
2008,RWA,Other fossil fuels,0.1,,,,
2008,RWA,Total,0.1,,,,
2009,RWA,Coal,0,,,,
2009,RWA,Gas,0,,,,
2009,RWA,Other fossil fuels,0.2,,,,
2009,RWA,Total,0.2,,,,
2010,RWA,Coal,0,,,,
2010,RWA,Gas,0,,,,
2010,RWA,Other fossil fuels,0.2,,,,
2010,RWA,Total,0.2,,,,
2011,RWA,Coal,0,,,,
2011,RWA,Gas,0,,,,
2011,RWA,Other fossil fuels,0.2,,,,
2011,RWA,Total,0.2,,,,
2012,RWA,Coal,0,,,,
2012,RWA,Gas,0,,,,
2012,RWA,Other fossil fuels,0.2,,,,
2012,RWA,Total,0.2,,,,
2013,RWA,Coal,0,,,,
2013,RWA,Gas,0,,,,
2013,RWA,Other fossil fuels,0.2,,,,
2013,RWA,Total,0.2,,,,
2014,RWA,Coal,0,,,,
2014,RWA,Gas,0,,,,
2014,RWA,Other fossil fuels,0.2,,,,
2014,RWA,Total,0.2,,,,
2015,RWA,Coal,0,,,,
2015,RWA,Gas,0,,,,
2015,RWA,Other fossil fuels,0.2,,,,
2015,RWA,Total,0.2,,,,
2016,RWA,Coal,0,,,,
2016,RWA,Gas,0.1,,,,
2016,RWA,Other fossil fuels,0.2,,,,
2016,RWA,Total,0.3,,,,
2017,RWA,Coal,0,,,,
2017,RWA,Gas,0.1,,,,
2017,RWA,Other fossil fuels,0.2,,,,
2017,RWA,Total,0.4,,,,
2018,RWA,Coal,0,,,,
2018,RWA,Gas,0.2,,,,
2018,RWA,Other fossil fuels,0.2,,,,
2018,RWA,Total,0.5,,,,
2019,RWA,Coal,0,,,,
2019,RWA,Gas,0.2,,,,
2019,RWA,Other fossil fuels,0.2,,,,
2019,RWA,Total,0.4,,,,
2020,RWA,Coal,0,,,,
2020,RWA,Gas,0.2,,,,
2020,RWA,Other fossil fuels,0.1,,,,
2020,RWA,Total,0.3,,,,
2021,RWA,Coal,0,,,,
2021,RWA,Gas,0.2,,,,
2021,RWA,Other fossil fuels,0.2,,,,
2021,RWA,Total,0.4,,,,
2022,RWA,Coal,0.1,,,,
2022,RWA,Gas,0.2,,,,
2022,RWA,Other fossil fuels,0.2,,,,
2022,RWA,Total,0.4,,,,
2023,RWA,Coal,0.2,,,,
2023,RWA,Gas,0.3,,,,
2023,RWA,Other fossil fuels,0.1,,,,
2023,RWA,Total,0.6,,,,
2024,RWA,Coal,0.2,,,,
2024,RWA,Gas,0.3,,,,
2024,RWA,Other fossil fuels,0.1,,,,
2024,RWA,Total,0.6,,,,
2000,KNA,Coal,0,,,,
2000,KNA,Gas,0,,,,
2000,KNA,Other fossil fuels,0.2,,,,
2000,KNA,Total,0.2,,,,
2001,KNA,Coal,0,,,,
2001,KNA,Gas,0,,,,
2001,KNA,Other fossil fuels,0.2,,,,
2001,KNA,Total,0.2,,,,
2002,KNA,Coal,0,,,,
2002,KNA,Gas,0,,,,
2002,KNA,Other fossil fuels,0.2,,,,
2002,KNA,Total,0.2,,,,
2003,KNA,Coal,0,,,,
2003,KNA,Gas,0,,,,
2003,KNA,Other fossil fuels,0.2,,,,
2003,KNA,Total,0.2,,,,
2004,KNA,Coal,0,,,,
2004,KNA,Gas,0,,,,
2004,KNA,Other fossil fuels,0.2,,,,
2004,KNA,Total,0.2,,,,
2005,KNA,Coal,0,,,,
2005,KNA,Gas,0,,,,
2005,KNA,Other fossil fuels,0.2,,,,
2005,KNA,Total,0.2,,,,
2006,KNA,Coal,0,,,,
2006,KNA,Gas,0,,,,
2006,KNA,Other fossil fuels,0.2,,,,
2006,KNA,Total,0.2,,,,
2007,KNA,Coal,0,,,,
2007,KNA,Gas,0,,,,
2007,KNA,Other fossil fuels,0.2,,,,
2007,KNA,Total,0.2,,,,
2008,KNA,Coal,0,,,,
2008,KNA,Gas,0,,,,
2008,KNA,Other fossil fuels,0.2,,,,
2008,KNA,Total,0.2,,,,
2009,KNA,Coal,0,,,,
2009,KNA,Gas,0,,,,
2009,KNA,Other fossil fuels,0.2,,,,
2009,KNA,Total,0.2,,,,
2010,KNA,Coal,0,,,,
2010,KNA,Gas,0,,,,
2010,KNA,Other fossil fuels,0.2,,,,
2010,KNA,Total,0.2,,,,
2011,KNA,Coal,0,,,,
2011,KNA,Gas,0,,,,
2011,KNA,Other fossil fuels,0.2,,,,
2011,KNA,Total,0.2,,,,
2012,KNA,Coal,0,,,,
2012,KNA,Gas,0,,,,
2012,KNA,Other fossil fuels,0.2,,,,
2012,KNA,Total,0.2,,,,
2013,KNA,Coal,0,,,,
2013,KNA,Gas,0,,,,
2013,KNA,Other fossil fuels,0.2,,,,
2013,KNA,Total,0.2,,,,
2014,KNA,Coal,0,,,,
2014,KNA,Gas,0,,,,
2014,KNA,Other fossil fuels,0.2,,,,
2014,KNA,Total,0.2,,,,
2015,KNA,Coal,0,,,,
2015,KNA,Gas,0,,,,
2015,KNA,Other fossil fuels,0.2,,,,
2015,KNA,Total,0.2,,,,
2016,KNA,Coal,0,,,,
2016,KNA,Gas,0,,,,
2016,KNA,Other fossil fuels,0.2,,,,
2016,KNA,Total,0.2,,,,
2017,KNA,Coal,0,,,,
2017,KNA,Gas,0,,,,
2017,KNA,Other fossil fuels,0.2,,,,
2017,KNA,Total,0.2,,,,
2018,KNA,Coal,0,,,,
2018,KNA,Gas,0,,,,
2018,KNA,Other fossil fuels,0.2,,,,
2018,KNA,Total,0.2,,,,
2019,KNA,Coal,0,,,,
2019,KNA,Gas,0,,,,
2019,KNA,Other fossil fuels,0.2,,,,
2019,KNA,Total,0.2,,,,
2020,KNA,Coal,0,,,,
2020,KNA,Gas,0,,,,
2020,KNA,Other fossil fuels,0.2,,,,
2020,KNA,Total,0.2,,,,
2021,KNA,Coal,0,,,,
2021,KNA,Gas,0,,,,
2021,KNA,Other fossil fuels,0.2,,,,
2021,KNA,Total,0.2,,,,
2022,KNA,Coal,0,,,,
2022,KNA,Gas,0,,,,
2022,KNA,Other fossil fuels,0.2,,,,
2022,KNA,Total,0.2,,,,
2023,KNA,Coal,0,,,,
2023,KNA,Gas,0,,,,
2023,KNA,Other fossil fuels,0.2,,,,
2023,KNA,Total,0.2,,,,
2024,KNA,Coal,0,,,,
2024,KNA,Gas,0,,,,
2024,KNA,Other fossil fuels,0.2,,,,
2024,KNA,Total,0.2,,,,
2000,LCA,Coal,0,,,,
2000,LCA,Gas,0,,,,
2000,LCA,Other fossil fuels,0.3,,,,
2000,LCA,Total,0.3,,,,
2001,LCA,Coal,0,,,,
2001,LCA,Gas,0,,,,
2001,LCA,Other fossil fuels,0.3,,,,
2001,LCA,Total,0.3,,,,
2002,LCA,Coal,0,,,,
2002,LCA,Gas,0,,,,
2002,LCA,Other fossil fuels,0.3,,,,
2002,LCA,Total,0.3,,,,
2003,LCA,Coal,0,,,,
2003,LCA,Gas,0,,,,
2003,LCA,Other fossil fuels,0.3,,,,
2003,LCA,Total,0.3,,,,
2004,LCA,Coal,0,,,,
2004,LCA,Gas,0,,,,
2004,LCA,Other fossil fuels,0.3,,,,
2004,LCA,Total,0.3,,,,
2005,LCA,Coal,0,,,,
2005,LCA,Gas,0,,,,
2005,LCA,Other fossil fuels,0.3,,,,
2005,LCA,Total,0.3,,,,
2006,LCA,Coal,0,,,,
2006,LCA,Gas,0,,,,
2006,LCA,Other fossil fuels,0.3,,,,
2006,LCA,Total,0.3,,,,
2007,LCA,Coal,0,,,,
2007,LCA,Gas,0,,,,
2007,LCA,Other fossil fuels,0.4,,,,
2007,LCA,Total,0.4,,,,
2008,LCA,Coal,0,,,,
2008,LCA,Gas,0,,,,
2008,LCA,Other fossil fuels,0.4,,,,
2008,LCA,Total,0.4,,,,
2009,LCA,Coal,0,,,,
2009,LCA,Gas,0,,,,
2009,LCA,Other fossil fuels,0.4,,,,
2009,LCA,Total,0.4,,,,
2010,LCA,Coal,0,,,,
2010,LCA,Gas,0,,,,
2010,LCA,Other fossil fuels,0.4,,,,
2010,LCA,Total,0.4,,,,
2011,LCA,Coal,0,,,,
2011,LCA,Gas,0,,,,
2011,LCA,Other fossil fuels,0.4,,,,
2011,LCA,Total,0.4,,,,
2012,LCA,Coal,0,,,,
2012,LCA,Gas,0,,,,
2012,LCA,Other fossil fuels,0.4,,,,
2012,LCA,Total,0.4,,,,
2013,LCA,Coal,0,,,,
2013,LCA,Gas,0,,,,
2013,LCA,Other fossil fuels,0.4,,,,
2013,LCA,Total,0.4,,,,
2014,LCA,Coal,0,,,,
2014,LCA,Gas,0,,,,
2014,LCA,Other fossil fuels,0.4,,,,
2014,LCA,Total,0.4,,,,
2015,LCA,Coal,0,,,,
2015,LCA,Gas,0,,,,
2015,LCA,Other fossil fuels,0.4,,,,
2015,LCA,Total,0.4,,,,
2016,LCA,Coal,0,,,,
2016,LCA,Gas,0,,,,
2016,LCA,Other fossil fuels,0.4,,,,
2016,LCA,Total,0.4,,,,
2017,LCA,Coal,0,,,,
2017,LCA,Gas,0,,,,
2017,LCA,Other fossil fuels,0.4,,,,
2017,LCA,Total,0.4,,,,
2018,LCA,Coal,0,,,,
2018,LCA,Gas,0,,,,
2018,LCA,Other fossil fuels,0.4,,,,
2018,LCA,Total,0.4,,,,
2019,LCA,Coal,0,,,,
2019,LCA,Gas,0,,,,
2019,LCA,Other fossil fuels,0.4,,,,
2019,LCA,Total,0.4,,,,
2020,LCA,Coal,0,,,,
2020,LCA,Gas,0,,,,
2020,LCA,Other fossil fuels,0.4,,,,
2020,LCA,Total,0.4,,,,
2021,LCA,Coal,0,,,,
2021,LCA,Gas,0,,,,
2021,LCA,Other fossil fuels,0.4,,,,
2021,LCA,Total,0.4,,,,
2022,LCA,Coal,0,,,,
2022,LCA,Gas,0,,,,
2022,LCA,Other fossil fuels,0.4,,,,
2022,LCA,Total,0.4,,,,
2023,LCA,Coal,0,,,,
2023,LCA,Gas,0,,,,
2023,LCA,Other fossil fuels,0.4,,,,
2023,LCA,Total,0.4,,,,
2024,LCA,Coal,0,,,,
2024,LCA,Gas,0,,,,
2024,LCA,Other fossil fuels,0.4,,,,
2024,LCA,Total,0.4,,,,
2000,SPM,Coal,0,,,,
2000,SPM,Gas,0,,,,
2000,SPM,Other fossil fuels,0,,,,
2000,SPM,Total,0,,,,
2001,SPM,Coal,0,,,,
2001,SPM,Gas,0,,,,
2001,SPM,Other fossil fuels,0,,,,
2001,SPM,Total,0,,,,
2002,SPM,Coal,0,,,,
2002,SPM,Gas,0,,,,
2002,SPM,Other fossil fuels,0,,,,
2002,SPM,Total,0,,,,
2003,SPM,Coal,0,,,,
2003,SPM,Gas,0,,,,
2003,SPM,Other fossil fuels,0,,,,
2003,SPM,Total,0,,,,
2004,SPM,Coal,0,,,,
2004,SPM,Gas,0,,,,
2004,SPM,Other fossil fuels,0,,,,
2004,SPM,Total,0,,,,
2005,SPM,Coal,0,,,,
2005,SPM,Gas,0,,,,
2005,SPM,Other fossil fuels,0,,,,
2005,SPM,Total,0,,,,
2006,SPM,Coal,0,,,,
2006,SPM,Gas,0,,,,
2006,SPM,Other fossil fuels,0,,,,
2006,SPM,Total,0,,,,
2007,SPM,Coal,0,,,,
2007,SPM,Gas,0,,,,
2007,SPM,Other fossil fuels,0,,,,
2007,SPM,Total,0,,,,
2008,SPM,Coal,0,,,,
2008,SPM,Gas,0,,,,
2008,SPM,Other fossil fuels,0,,,,
2008,SPM,Total,0,,,,
2009,SPM,Coal,0,,,,
2009,SPM,Gas,0,,,,
2009,SPM,Other fossil fuels,0,,,,
2009,SPM,Total,0,,,,
2010,SPM,Coal,0,,,,
2010,SPM,Gas,0,,,,
2010,SPM,Other fossil fuels,0,,,,
2010,SPM,Total,0,,,,
2011,SPM,Coal,0,,,,
2011,SPM,Gas,0,,,,
2011,SPM,Other fossil fuels,0,,,,
2011,SPM,Total,0,,,,
2012,SPM,Coal,0,,,,
2012,SPM,Gas,0,,,,
2012,SPM,Other fossil fuels,0,,,,
2012,SPM,Total,0,,,,
2013,SPM,Coal,0,,,,
2013,SPM,Gas,0,,,,
2013,SPM,Other fossil fuels,0.1,,,,
2013,SPM,Total,0.1,,,,
2014,SPM,Coal,0,,,,
2014,SPM,Gas,0,,,,
2014,SPM,Other fossil fuels,0.1,,,,
2014,SPM,Total,0.1,,,,
2015,SPM,Coal,0,,,,
2015,SPM,Gas,0,,,,
2015,SPM,Other fossil fuels,0.1,,,,
2015,SPM,Total,0.1,,,,
2016,SPM,Coal,0,,,,
2016,SPM,Gas,0,,,,
2016,SPM,Other fossil fuels,0.1,,,,
2016,SPM,Total,0.1,,,,
2017,SPM,Coal,0,,,,
2017,SPM,Gas,0,,,,
2017,SPM,Other fossil fuels,0.1,,,,
2017,SPM,Total,0.1,,,,
2018,SPM,Coal,0,,,,
2018,SPM,Gas,0,,,,
2018,SPM,Other fossil fuels,0.1,,,,
2018,SPM,Total,0.1,,,,
2019,SPM,Coal,0,,,,
2019,SPM,Gas,0,,,,
2019,SPM,Other fossil fuels,0.1,,,,
2019,SPM,Total,0.1,,,,
2020,SPM,Coal,0,,,,
2020,SPM,Gas,0,,,,
2020,SPM,Other fossil fuels,0.1,,,,
2020,SPM,Total,0.1,,,,
2021,SPM,Coal,0,,,,
2021,SPM,Gas,0,,,,
2021,SPM,Other fossil fuels,0.1,,,,
2021,SPM,Total,0.1,,,,
2022,SPM,Coal,0,,,,
2022,SPM,Gas,0,,,,
2022,SPM,Other fossil fuels,0.1,,,,
2022,SPM,Total,0.1,,,,
2023,SPM,Coal,0,,,,
2023,SPM,Gas,0,,,,
2023,SPM,Other fossil fuels,0.1,,,,
2023,SPM,Total,0.1,,,,
2000,VCT,Coal,0,,,,
2000,VCT,Gas,0,,,,
2000,VCT,Other fossil fuels,0.1,,,,
2000,VCT,Total,0.1,,,,
2001,VCT,Coal,0,,,,
2001,VCT,Gas,0,,,,
2001,VCT,Other fossil fuels,0.1,,,,
2001,VCT,Total,0.1,,,,
2002,VCT,Coal,0,,,,
2002,VCT,Gas,0,,,,
2002,VCT,Other fossil fuels,0.1,,,,
2002,VCT,Total,0.1,,,,
2003,VCT,Coal,0,,,,
2003,VCT,Gas,0,,,,
2003,VCT,Other fossil fuels,0.1,,,,
2003,VCT,Total,0.1,,,,
2004,VCT,Coal,0,,,,
2004,VCT,Gas,0,,,,
2004,VCT,Other fossil fuels,0.1,,,,
2004,VCT,Total,0.1,,,,
2005,VCT,Coal,0,,,,
2005,VCT,Gas,0,,,,
2005,VCT,Other fossil fuels,0.1,,,,
2005,VCT,Total,0.1,,,,
2006,VCT,Coal,0,,,,
2006,VCT,Gas,0,,,,
2006,VCT,Other fossil fuels,0.1,,,,
2006,VCT,Total,0.1,,,,
2007,VCT,Coal,0,,,,
2007,VCT,Gas,0,,,,
2007,VCT,Other fossil fuels,0.1,,,,
2007,VCT,Total,0.1,,,,
2008,VCT,Coal,0,,,,
2008,VCT,Gas,0,,,,
2008,VCT,Other fossil fuels,0.1,,,,
2008,VCT,Total,0.1,,,,
2009,VCT,Coal,0,,,,
2009,VCT,Gas,0,,,,
2009,VCT,Other fossil fuels,0.1,,,,
2009,VCT,Total,0.1,,,,
2010,VCT,Coal,0,,,,
2010,VCT,Gas,0,,,,
2010,VCT,Other fossil fuels,0.1,,,,
2010,VCT,Total,0.1,,,,
2011,VCT,Coal,0,,,,
2011,VCT,Gas,0,,,,
2011,VCT,Other fossil fuels,0.1,,,,
2011,VCT,Total,0.1,,,,
2012,VCT,Coal,0,,,,
2012,VCT,Gas,0,,,,
2012,VCT,Other fossil fuels,0.1,,,,
2012,VCT,Total,0.1,,,,
2013,VCT,Coal,0,,,,
2013,VCT,Gas,0,,,,
2013,VCT,Other fossil fuels,0.1,,,,
2013,VCT,Total,0.1,,,,
2014,VCT,Coal,0,,,,
2014,VCT,Gas,0,,,,
2014,VCT,Other fossil fuels,0.1,,,,
2014,VCT,Total,0.1,,,,
2015,VCT,Coal,0,,,,
2015,VCT,Gas,0,,,,
2015,VCT,Other fossil fuels,0.1,,,,
2015,VCT,Total,0.1,,,,
2016,VCT,Coal,0,,,,
2016,VCT,Gas,0,,,,
2016,VCT,Other fossil fuels,0.1,,,,
2016,VCT,Total,0.1,,,,
2017,VCT,Coal,0,,,,
2017,VCT,Gas,0,,,,
2017,VCT,Other fossil fuels,0.1,,,,
2017,VCT,Total,0.1,,,,
2018,VCT,Coal,0,,,,
2018,VCT,Gas,0,,,,
2018,VCT,Other fossil fuels,0.1,,,,
2018,VCT,Total,0.1,,,,
2019,VCT,Coal,0,,,,
2019,VCT,Gas,0,,,,
2019,VCT,Other fossil fuels,0.1,,,,
2019,VCT,Total,0.1,,,,
2020,VCT,Coal,0,,,,
2020,VCT,Gas,0,,,,
2020,VCT,Other fossil fuels,0.1,,,,
2020,VCT,Total,0.1,,,,
2021,VCT,Coal,0,,,,
2021,VCT,Gas,0,,,,
2021,VCT,Other fossil fuels,0.1,,,,
2021,VCT,Total,0.1,,,,
2022,VCT,Coal,0,,,,
2022,VCT,Gas,0,,,,
2022,VCT,Other fossil fuels,0.1,,,,
2022,VCT,Total,0.1,,,,
2023,VCT,Coal,0,,,,
2023,VCT,Gas,0,,,,
2023,VCT,Other fossil fuels,0.1,,,,
2023,VCT,Total,0.1,,,,
2024,VCT,Coal,0,,,,
2024,VCT,Gas,0,,,,
2024,VCT,Other fossil fuels,0.1,,,,
2024,VCT,Total,0.1,,,,
2000,WSM,Coal,0,,,,
2000,WSM,Gas,0,,,,
2000,WSM,Other fossil fuels,0,,,,
2000,WSM,Total,0,,,,
2001,WSM,Coal,0,,,,
2001,WSM,Gas,0,,,,
2001,WSM,Other fossil fuels,0.1,,,,
2001,WSM,Total,0.1,,,,
2002,WSM,Coal,0,,,,
2002,WSM,Gas,0,,,,
2002,WSM,Other fossil fuels,0.1,,,,
2002,WSM,Total,0.1,,,,
2003,WSM,Coal,0,,,,
2003,WSM,Gas,0,,,,
2003,WSM,Other fossil fuels,0.1,,,,
2003,WSM,Total,0.1,,,,
2004,WSM,Coal,0,,,,
2004,WSM,Gas,0,,,,
2004,WSM,Other fossil fuels,0.1,,,,
2004,WSM,Total,0.1,,,,
2005,WSM,Coal,0,,,,
2005,WSM,Gas,0,,,,
2005,WSM,Other fossil fuels,0.1,,,,
2005,WSM,Total,0.1,,,,
2006,WSM,Coal,0,,,,
2006,WSM,Gas,0,,,,
2006,WSM,Other fossil fuels,0.1,,,,
2006,WSM,Total,0.1,,,,
2007,WSM,Coal,0,,,,
2007,WSM,Gas,0,,,,
2007,WSM,Other fossil fuels,0.1,,,,
2007,WSM,Total,0.1,,,,
2008,WSM,Coal,0,,,,
2008,WSM,Gas,0,,,,
2008,WSM,Other fossil fuels,0.1,,,,
2008,WSM,Total,0.1,,,,
2009,WSM,Coal,0,,,,
2009,WSM,Gas,0,,,,
2009,WSM,Other fossil fuels,0.1,,,,
2009,WSM,Total,0.1,,,,
2010,WSM,Coal,0,,,,
2010,WSM,Gas,0,,,,
2010,WSM,Other fossil fuels,0.1,,,,
2010,WSM,Total,0.1,,,,
2011,WSM,Coal,0,,,,
2011,WSM,Gas,0,,,,
2011,WSM,Other fossil fuels,0.1,,,,
2011,WSM,Total,0.1,,,,
2012,WSM,Coal,0,,,,
2012,WSM,Gas,0,,,,
2012,WSM,Other fossil fuels,0.1,,,,
2012,WSM,Total,0.1,,,,
2013,WSM,Coal,0,,,,
2013,WSM,Gas,0,,,,
2013,WSM,Other fossil fuels,0.1,,,,
2013,WSM,Total,0.1,,,,
2014,WSM,Coal,0,,,,
2014,WSM,Gas,0,,,,
2014,WSM,Other fossil fuels,0.1,,,,
2014,WSM,Total,0.1,,,,
2015,WSM,Coal,0,,,,
2015,WSM,Gas,0,,,,
2015,WSM,Other fossil fuels,0.1,,,,
2015,WSM,Total,0.1,,,,
2016,WSM,Coal,0,,,,
2016,WSM,Gas,0,,,,
2016,WSM,Other fossil fuels,0.1,,,,
2016,WSM,Total,0.1,,,,
2017,WSM,Coal,0,,,,
2017,WSM,Gas,0,,,,
2017,WSM,Other fossil fuels,0.1,,,,
2017,WSM,Total,0.1,,,,
2018,WSM,Coal,0,,,,
2018,WSM,Gas,0,,,,
2018,WSM,Other fossil fuels,0.1,,,,
2018,WSM,Total,0.1,,,,
2019,WSM,Coal,0,,,,
2019,WSM,Gas,0,,,,
2019,WSM,Other fossil fuels,0.1,,,,
2019,WSM,Total,0.1,,,,
2020,WSM,Coal,0,,,,
2020,WSM,Gas,0,,,,
2020,WSM,Other fossil fuels,0.1,,,,
2020,WSM,Total,0.1,,,,
2021,WSM,Coal,0,,,,
2021,WSM,Gas,0,,,,
2021,WSM,Other fossil fuels,0.1,,,,
2021,WSM,Total,0.1,,,,
2022,WSM,Coal,0,,,,
2022,WSM,Gas,0,,,,
2022,WSM,Other fossil fuels,0.1,,,,
2022,WSM,Total,0.1,,,,
2023,WSM,Coal,0,,,,
2023,WSM,Gas,0,,,,
2023,WSM,Other fossil fuels,0.1,,,,
2023,WSM,Total,0.1,,,,
2024,WSM,Coal,0,,,,
2024,WSM,Gas,0,,,,
2024,WSM,Other fossil fuels,0.1,,,,
2024,WSM,Total,0.1,,,,
2000,STP,Coal,0,,,,
2000,STP,Gas,0,,,,
2000,STP,Other fossil fuels,0,,,,
2000,STP,Total,0,,,,
2001,STP,Coal,0,,,,
2001,STP,Gas,0,,,,
2001,STP,Other fossil fuels,0,,,,
2001,STP,Total,0,,,,
2002,STP,Coal,0,,,,
2002,STP,Gas,0,,,,
2002,STP,Other fossil fuels,0,,,,
2002,STP,Total,0,,,,
2003,STP,Coal,0,,,,
2003,STP,Gas,0,,,,
2003,STP,Other fossil fuels,0,,,,
2003,STP,Total,0,,,,
2004,STP,Coal,0,,,,
2004,STP,Gas,0,,,,
2004,STP,Other fossil fuels,0,,,,
2004,STP,Total,0,,,,
2005,STP,Coal,0,,,,
2005,STP,Gas,0,,,,
2005,STP,Other fossil fuels,0,,,,
2005,STP,Total,0,,,,
2006,STP,Coal,0,,,,
2006,STP,Gas,0,,,,
2006,STP,Other fossil fuels,0,,,,
2006,STP,Total,0,,,,
2007,STP,Coal,0,,,,
2007,STP,Gas,0,,,,
2007,STP,Other fossil fuels,0,,,,
2007,STP,Total,0,,,,
2008,STP,Coal,0,,,,
2008,STP,Gas,0,,,,
2008,STP,Other fossil fuels,0,,,,
2008,STP,Total,0,,,,
2009,STP,Coal,0,,,,
2009,STP,Gas,0,,,,
2009,STP,Other fossil fuels,0.1,,,,
2009,STP,Total,0.1,,,,
2010,STP,Coal,0,,,,
2010,STP,Gas,0,,,,
2010,STP,Other fossil fuels,0.1,,,,
2010,STP,Total,0.1,,,,
2011,STP,Coal,0,,,,
2011,STP,Gas,0,,,,
2011,STP,Other fossil fuels,0.1,,,,
2011,STP,Total,0.1,,,,
2012,STP,Coal,0,,,,
2012,STP,Gas,0,,,,
2012,STP,Other fossil fuels,0.1,,,,
2012,STP,Total,0.1,,,,
2013,STP,Coal,0,,,,
2013,STP,Gas,0,,,,
2013,STP,Other fossil fuels,0.1,,,,
2013,STP,Total,0.1,,,,
2014,STP,Coal,0,,,,
2014,STP,Gas,0,,,,
2014,STP,Other fossil fuels,0.1,,,,
2014,STP,Total,0.1,,,,
2015,STP,Coal,0,,,,
2015,STP,Gas,0,,,,
2015,STP,Other fossil fuels,0.1,,,,
2015,STP,Total,0.1,,,,
2016,STP,Coal,0,,,,
2016,STP,Gas,0,,,,
2016,STP,Other fossil fuels,0.1,,,,
2016,STP,Total,0.1,,,,
2017,STP,Coal,0,,,,
2017,STP,Gas,0,,,,
2017,STP,Other fossil fuels,0.1,,,,
2017,STP,Total,0.1,,,,
2018,STP,Coal,0,,,,
2018,STP,Gas,0,,,,
2018,STP,Other fossil fuels,0.1,,,,
2018,STP,Total,0.1,,,,
2019,STP,Coal,0,,,,
2019,STP,Gas,0,,,,
2019,STP,Other fossil fuels,0.1,,,,
2019,STP,Total,0.1,,,,
2020,STP,Coal,0,,,,
2020,STP,Gas,0,,,,
2020,STP,Other fossil fuels,0.1,,,,
2020,STP,Total,0.1,,,,
2021,STP,Coal,0,,,,
2021,STP,Gas,0,,,,
2021,STP,Other fossil fuels,0.1,,,,
2021,STP,Total,0.1,,,,
2022,STP,Coal,0,,,,
2022,STP,Gas,0,,,,
2022,STP,Other fossil fuels,0.1,,,,
2022,STP,Total,0.1,,,,
2023,STP,Coal,0,,,,
2023,STP,Gas,0,,,,
2023,STP,Other fossil fuels,0.1,,,,
2023,STP,Total,0.1,,,,
1985,SAU,Coal,0,,,,
1985,SAU,Gas,30,,,,
1985,SAU,Other fossil fuels,22,,,,
1985,SAU,Total,52,,,,
1986,SAU,Coal,0,,,,
1986,SAU,Gas,31,,,,
1986,SAU,Other fossil fuels,25,,,,
1986,SAU,Total,56,,,,
1987,SAU,Coal,0,,,,
1987,SAU,Gas,33,,,,
1987,SAU,Other fossil fuels,32,,,,
1987,SAU,Total,65,,,,
1988,SAU,Coal,0,,,,
1988,SAU,Gas,35,,,,
1988,SAU,Other fossil fuels,36,,,,
1988,SAU,Total,70,,,,
1989,SAU,Coal,0,,,,
1989,SAU,Gas,39,,,,
1989,SAU,Other fossil fuels,37,,,,
1989,SAU,Total,76,,,,
1990,SAU,Coal,0,,,,
1990,SAU,Gas,41,,,,
1990,SAU,Other fossil fuels,39,,,,
1990,SAU,Total,80,,,,
1991,SAU,Coal,0,,,,
1991,SAU,Gas,43,,,,
1991,SAU,Other fossil fuels,42,,,,
1991,SAU,Total,85,,,,
1992,SAU,Coal,0,,,,
1992,SAU,Gas,44,,,,
1992,SAU,Other fossil fuels,50,,,,
1992,SAU,Total,93,,,,
1993,SAU,Coal,0,,,,
1993,SAU,Gas,48,,,,
1993,SAU,Other fossil fuels,55,,,,
1993,SAU,Total,103,,,,
1994,SAU,Coal,0,,,,
1994,SAU,Gas,50,,,,
1994,SAU,Other fossil fuels,56,,,,
1994,SAU,Total,106,,,,
1995,SAU,Coal,0,,,,
1995,SAU,Gas,50,,,,
1995,SAU,Other fossil fuels,60,,,,
1995,SAU,Total,110,,,,
1996,SAU,Coal,0,,,,
1996,SAU,Gas,50,,,,
1996,SAU,Other fossil fuels,63,,,,
1996,SAU,Total,112,,,,
1997,SAU,Coal,0,,,,
1997,SAU,Gas,53,,,,
1997,SAU,Other fossil fuels,66,,,,
1997,SAU,Total,119,,,,
1998,SAU,Coal,0,,,,
1998,SAU,Gas,54,,,,
1998,SAU,Other fossil fuels,73,,,,
1998,SAU,Total,126,,,,
1999,SAU,Coal,0,,,,
1999,SAU,Gas,55,,,,
1999,SAU,Other fossil fuels,76,,,,
1999,SAU,Total,131,,,,
2000,SAU,Coal,0,,,,
2000,SAU,Gas,64,,,,
2000,SAU,Other fossil fuels,75,,,,
2000,SAU,Total,139,,,,
2001,SAU,Coal,0,,,,
2001,SAU,Gas,77,,,,
2001,SAU,Other fossil fuels,69,,,,
2001,SAU,Total,146,,,,
2002,SAU,Coal,0,,,,
2002,SAU,Gas,87,,,,
2002,SAU,Other fossil fuels,68,,,,
2002,SAU,Total,155,,,,
2003,SAU,Coal,0,,,,
2003,SAU,Gas,91,,,,
2003,SAU,Other fossil fuels,75,,,,
2003,SAU,Total,167,,,,
2004,SAU,Coal,0,,,,
2004,SAU,Gas,99,,,,
2004,SAU,Other fossil fuels,75,,,,
2004,SAU,Total,173,,,,
2005,SAU,Coal,0,,,,
2005,SAU,Gas,108,,,,
2005,SAU,Other fossil fuels,83,,,,
2005,SAU,Total,191,,,,
2006,SAU,Coal,0,,,,
2006,SAU,Gas,105,,,,
2006,SAU,Other fossil fuels,92,,,,
2006,SAU,Total,196,,,,
2007,SAU,Coal,0,,,,
2007,SAU,Gas,103,,,,
2007,SAU,Other fossil fuels,102,,,,
2007,SAU,Total,204,,,,
2008,SAU,Coal,0,,,,
2008,SAU,Gas,101,,,,
2008,SAU,Other fossil fuels,103,,,,
2008,SAU,Total,204,,,,
2009,SAU,Coal,0,,,,
2009,SAU,Gas,94,,,,
2009,SAU,Other fossil fuels,123,,,,
2009,SAU,Total,217,,,,
2010,SAU,Coal,0,,,,
2010,SAU,Gas,111,,,,
2010,SAU,Other fossil fuels,137,,,,
2010,SAU,Total,249,,,,
2011,SAU,Coal,0,,,,
2011,SAU,Gas,116,,,,
2011,SAU,Other fossil fuels,144,,,,
2011,SAU,Total,259,,,,
2012,SAU,Coal,0,,,,
2012,SAU,Gas,131,,,,
2012,SAU,Other fossil fuels,150,,,,
2012,SAU,Total,282,,,,
2013,SAU,Coal,0,,,,
2013,SAU,Gas,139,,,,
2013,SAU,Other fossil fuels,156,,,,
2013,SAU,Total,295,,,,
2014,SAU,Coal,0,,,,
2014,SAU,Gas,152,,,,
2014,SAU,Other fossil fuels,176,,,,
2014,SAU,Total,328,,,,
2015,SAU,Coal,0,,,,
2015,SAU,Gas,165,,,,
2015,SAU,Other fossil fuels,185,,,,
2015,SAU,Total,351,,,,
2016,SAU,Coal,0,,,,
2016,SAU,Gas,189,,,,
2016,SAU,Other fossil fuels,169,,,,
2016,SAU,Total,358,,,,
2017,SAU,Coal,0,,,,
2017,SAU,Gas,223,,,,
2017,SAU,Other fossil fuels,172,,,,
2017,SAU,Total,395,,,,
2018,SAU,Coal,0,,,,
2018,SAU,Gas,227,,,,
2018,SAU,Other fossil fuels,148,,,,
2018,SAU,Total,375,,,,
2019,SAU,Coal,0,,,,
2019,SAU,Gas,224,,,,
2019,SAU,Other fossil fuels,155,,,,
2019,SAU,Total,378,,,,
2020,SAU,Coal,0,,,,
2020,SAU,Gas,232,,,,
2020,SAU,Other fossil fuels,148,,,,
2020,SAU,Total,380,,,,
2021,SAU,Coal,0,,,,
2021,SAU,Gas,242,,,,
2021,SAU,Other fossil fuels,150,,,,
2021,SAU,Total,392,,,,
2022,SAU,Coal,0,,,,
2022,SAU,Gas,248,,,,
2022,SAU,Other fossil fuels,160,,,,
2022,SAU,Total,408,,,,
2023,SAU,Coal,0,,,,
2023,SAU,Gas,266,,,,
2023,SAU,Other fossil fuels,159,,,,
2023,SAU,Total,425,,,,
2024,SAU,Coal,0,,,,
2024,SAU,Gas,288,,,,
2024,SAU,Other fossil fuels,157,,,,
2024,SAU,Total,445,,,,
2000,SEN,Coal,0,,,,
2000,SEN,Gas,0,,,,
2000,SEN,Other fossil fuels,1.4,,,,
2000,SEN,Total,1.4,,,,
2001,SEN,Coal,0,,,,
2001,SEN,Gas,0,,,,
2001,SEN,Other fossil fuels,1.7,,,,
2001,SEN,Total,1.7,,,,
2002,SEN,Coal,0,,,,
2002,SEN,Gas,0,,,,
2002,SEN,Other fossil fuels,1.8,,,,
2002,SEN,Total,1.8,,,,
2003,SEN,Coal,0,,,,
2003,SEN,Gas,0.1,,,,
2003,SEN,Other fossil fuels,1.9,,,,
2003,SEN,Total,2.0,,,,
2004,SEN,Coal,0,,,,
2004,SEN,Gas,0.1,,,,
2004,SEN,Other fossil fuels,2.0,,,,
2004,SEN,Total,2.1,,,,
2005,SEN,Coal,0,,,,
2005,SEN,Gas,0.1,,,,
2005,SEN,Other fossil fuels,2.3,,,,
2005,SEN,Total,2.3,,,,
2006,SEN,Coal,0,,,,
2006,SEN,Gas,0.1,,,,
2006,SEN,Other fossil fuels,2.3,,,,
2006,SEN,Total,2.4,,,,
2007,SEN,Coal,0,,,,
2007,SEN,Gas,0.1,,,,
2007,SEN,Other fossil fuels,2.5,,,,
2007,SEN,Total,2.6,,,,
2008,SEN,Coal,0,,,,
2008,SEN,Gas,0.1,,,,
2008,SEN,Other fossil fuels,2.6,,,,
2008,SEN,Total,2.7,,,,
2009,SEN,Coal,0,,,,
2009,SEN,Gas,0.1,,,,
2009,SEN,Other fossil fuels,2.7,,,,
2009,SEN,Total,2.8,,,,
2010,SEN,Coal,0,,,,
2010,SEN,Gas,0.1,,,,
2010,SEN,Other fossil fuels,2.8,,,,
2010,SEN,Total,2.9,,,,
2011,SEN,Coal,0,,,,
2011,SEN,Gas,0.1,,,,
2011,SEN,Other fossil fuels,2.9,,,,
2011,SEN,Total,3.0,,,,
2012,SEN,Coal,0,,,,
2012,SEN,Gas,0.1,,,,
2012,SEN,Other fossil fuels,3.1,,,,
2012,SEN,Total,3.3,,,,
2013,SEN,Coal,0,,,,
2013,SEN,Gas,0.2,,,,
2013,SEN,Other fossil fuels,3.3,,,,
2013,SEN,Total,3.4,,,,
2014,SEN,Coal,0,,,,
2014,SEN,Gas,0.1,,,,
2014,SEN,Other fossil fuels,3.7,,,,
2014,SEN,Total,3.8,,,,
2015,SEN,Coal,0.2,,,,
2015,SEN,Gas,0.1,,,,
2015,SEN,Other fossil fuels,3.8,,,,
2015,SEN,Total,4.0,,,,
2016,SEN,Coal,0.4,,,,
2016,SEN,Gas,0.1,,,,
2016,SEN,Other fossil fuels,3.9,,,,
2016,SEN,Total,4.4,,,,
2017,SEN,Coal,0.3,,,,
2017,SEN,Gas,0.1,,,,
2017,SEN,Other fossil fuels,3.8,,,,
2017,SEN,Total,4.2,,,,
2018,SEN,Coal,0.5,,,,
2018,SEN,Gas,0,,,,
2018,SEN,Other fossil fuels,3.7,,,,
2018,SEN,Total,4.2,,,,
2019,SEN,Coal,0.8,,,,
2019,SEN,Gas,0.1,,,,
2019,SEN,Other fossil fuels,4.2,,,,
2019,SEN,Total,5.0,,,,
2020,SEN,Coal,0.2,,,,
2020,SEN,Gas,0.1,,,,
2020,SEN,Other fossil fuels,4.8,,,,
2020,SEN,Total,5.0,,,,
2021,SEN,Coal,0.4,,,,
2021,SEN,Gas,0,,,,
2021,SEN,Other fossil fuels,4.9,,,,
2021,SEN,Total,5.3,,,,
2022,SEN,Coal,0.5,,,,
2022,SEN,Gas,0,,,,
2022,SEN,Other fossil fuels,5.3,,,,
2022,SEN,Total,5.8,,,,
2023,SEN,Coal,0.1,,,,
2023,SEN,Gas,0,,,,
2023,SEN,Other fossil fuels,6.7,,,,
2023,SEN,Total,6.8,,,,
2024,SEN,Coal,0.1,,,,
2024,SEN,Gas,0,,,,
2024,SEN,Other fossil fuels,6.0,,,,
2024,SEN,Total,6.1,,,,
1990,SRB,Coal,28,,,,
1990,SRB,Gas,1.3,,,,
1990,SRB,Other fossil fuels,1.9,,,,
1990,SRB,Total,31,,,,
1991,SRB,Coal,25,,,,
1991,SRB,Gas,1.3,,,,
1991,SRB,Other fossil fuels,1.9,,,,
1991,SRB,Total,28,,,,
1992,SRB,Coal,24,,,,
1992,SRB,Gas,0.6,,,,
1992,SRB,Other fossil fuels,0.6,,,,
1992,SRB,Total,25,,,,
1993,SRB,Coal,21,,,,
1993,SRB,Gas,0.4,,,,
1993,SRB,Other fossil fuels,0.3,,,,
1993,SRB,Total,22,,,,
1994,SRB,Coal,21,,,,
1994,SRB,Gas,0.3,,,,
1994,SRB,Other fossil fuels,0.2,,,,
1994,SRB,Total,22,,,,
1995,SRB,Coal,22,,,,
1995,SRB,Gas,0.4,,,,
1995,SRB,Other fossil fuels,0.3,,,,
1995,SRB,Total,22,,,,
1996,SRB,Coal,20,,,,
1996,SRB,Gas,0.5,,,,
1996,SRB,Other fossil fuels,0.4,,,,
1996,SRB,Total,21,,,,
1997,SRB,Coal,24,,,,
1997,SRB,Gas,0.6,,,,
1997,SRB,Other fossil fuels,0.6,,,,
1997,SRB,Total,25,,,,
1998,SRB,Coal,24,,,,
1998,SRB,Gas,0.5,,,,
1998,SRB,Other fossil fuels,0.3,,,,
1998,SRB,Total,25,,,,
1999,SRB,Coal,19,,,,
1999,SRB,Gas,0.4,,,,
1999,SRB,Other fossil fuels,0.4,,,,
1999,SRB,Total,20,,,,
2000,SRB,Coal,21,,,,
2000,SRB,Gas,0.4,,,,
2000,SRB,Other fossil fuels,0.3,,,,
2000,SRB,Total,22,,,,
2001,SRB,Coal,22,,,,
2001,SRB,Gas,0.5,,,,
2001,SRB,Other fossil fuels,0.3,,,,
2001,SRB,Total,23,,,,
2002,SRB,Coal,23,,,,
2002,SRB,Gas,0.5,,,,
2002,SRB,Other fossil fuels,0.3,,,,
2002,SRB,Total,23,,,,
2003,SRB,Coal,25,,,,
2003,SRB,Gas,0.5,,,,
2003,SRB,Other fossil fuels,0.3,,,,
2003,SRB,Total,26,,,,
2004,SRB,Coal,26,,,,
2004,SRB,Gas,0.7,,,,
2004,SRB,Other fossil fuels,0.2,,,,
2004,SRB,Total,27,,,,
2005,SRB,Coal,23,,,,
2005,SRB,Gas,0.3,,,,
2005,SRB,Other fossil fuels,0.8,,,,
2005,SRB,Total,24,,,,
2006,SRB,Coal,25,,,,
2006,SRB,Gas,0.1,,,,
2006,SRB,Other fossil fuels,0.4,,,,
2006,SRB,Total,26,,,,
2007,SRB,Coal,26,,,,
2007,SRB,Gas,0.4,,,,
2007,SRB,Other fossil fuels,0.5,,,,
2007,SRB,Total,27,,,,
2008,SRB,Coal,27,,,,
2008,SRB,Gas,0.4,,,,
2008,SRB,Other fossil fuels,0.2,,,,
2008,SRB,Total,27,,,,
2009,SRB,Coal,27,,,,
2009,SRB,Gas,0.2,,,,
2009,SRB,Other fossil fuels,0.2,,,,
2009,SRB,Total,27,,,,
2010,SRB,Coal,25,,,,
2010,SRB,Gas,0.3,,,,
2010,SRB,Other fossil fuels,0.2,,,,
2010,SRB,Total,26,,,,
2011,SRB,Coal,29,,,,
2011,SRB,Gas,0.5,,,,
2011,SRB,Other fossil fuels,0.1,,,,
2011,SRB,Total,29,,,,
2012,SRB,Coal,26,,,,
2012,SRB,Gas,0.5,,,,
2012,SRB,Other fossil fuels,0.1,,,,
2012,SRB,Total,27,,,,
2013,SRB,Coal,29,,,,
2013,SRB,Gas,0.3,,,,
2013,SRB,Other fossil fuels,0,,,,
2013,SRB,Total,29,,,,
2014,SRB,Coal,22,,,,
2014,SRB,Gas,0.2,,,,
2014,SRB,Other fossil fuels,0.1,,,,
2014,SRB,Total,22,,,,
2015,SRB,Coal,27,,,,
2015,SRB,Gas,0.2,,,,
2015,SRB,Other fossil fuels,0.1,,,,
2015,SRB,Total,27,,,,
2016,SRB,Coal,27,,,,
2016,SRB,Gas,0.4,,,,
2016,SRB,Other fossil fuels,0.1,,,,
2016,SRB,Total,28,,,,
2017,SRB,Coal,26,,,,
2017,SRB,Gas,0.6,,,,
2017,SRB,Other fossil fuels,0.1,,,,
2017,SRB,Total,27,,,,
2018,SRB,Coal,25,,,,
2018,SRB,Gas,0.6,,,,
2018,SRB,Other fossil fuels,0.2,,,,
2018,SRB,Total,26,,,,
2019,SRB,Coal,26,,,,
2019,SRB,Gas,0.7,,,,
2019,SRB,Other fossil fuels,0.1,,,,
2019,SRB,Total,26,,,,
2020,SRB,Coal,26,,,,
2020,SRB,Gas,0.5,,,,
2020,SRB,Other fossil fuels,0.1,,,,
2020,SRB,Total,27,,,,
2021,SRB,Coal,24,,,,
2021,SRB,Gas,1.1,,,,
2021,SRB,Other fossil fuels,0.1,,,,
2021,SRB,Total,25,,,,
2022,SRB,Coal,23,,,,
2022,SRB,Gas,1.5,,,,
2022,SRB,Other fossil fuels,0.1,,,,
2022,SRB,Total,25,,,,
2023,SRB,Coal,24,,,,
2023,SRB,Gas,2.0,,,,
2023,SRB,Other fossil fuels,0.1,,,,
2023,SRB,Total,26,,,,
2024,SRB,Coal,23,,,,
2024,SRB,Gas,1.7,,,,
2024,SRB,Other fossil fuels,0.1,,,,
2024,SRB,Total,25,,,,
2025,SRB,Coal,24,,,,
2025,SRB,Gas,2.5,,,,
2025,SRB,Other fossil fuels,0.1,,,,
2025,SRB,Total,26,,,,
2000,SYC,Coal,0,,,,
2000,SYC,Gas,0,,,,
2000,SYC,Other fossil fuels,0.2,,,,
2000,SYC,Total,0.2,,,,
2001,SYC,Coal,0,,,,
2001,SYC,Gas,0,,,,
2001,SYC,Other fossil fuels,0.2,,,,
2001,SYC,Total,0.2,,,,
2002,SYC,Coal,0,,,,
2002,SYC,Gas,0,,,,
2002,SYC,Other fossil fuels,0.2,,,,
2002,SYC,Total,0.2,,,,
2003,SYC,Coal,0,,,,
2003,SYC,Gas,0,,,,
2003,SYC,Other fossil fuels,0.2,,,,
2003,SYC,Total,0.2,,,,
2004,SYC,Coal,0,,,,
2004,SYC,Gas,0,,,,
2004,SYC,Other fossil fuels,0.2,,,,
2004,SYC,Total,0.2,,,,
2005,SYC,Coal,0,,,,
2005,SYC,Gas,0,,,,
2005,SYC,Other fossil fuels,0.3,,,,
2005,SYC,Total,0.3,,,,
2006,SYC,Coal,0,,,,
2006,SYC,Gas,0,,,,
2006,SYC,Other fossil fuels,0.3,,,,
2006,SYC,Total,0.3,,,,
2007,SYC,Coal,0,,,,
2007,SYC,Gas,0,,,,
2007,SYC,Other fossil fuels,0.3,,,,
2007,SYC,Total,0.3,,,,
2008,SYC,Coal,0,,,,
2008,SYC,Gas,0,,,,
2008,SYC,Other fossil fuels,0.3,,,,
2008,SYC,Total,0.3,,,,
2009,SYC,Coal,0,,,,
2009,SYC,Gas,0,,,,
2009,SYC,Other fossil fuels,0.4,,,,
2009,SYC,Total,0.4,,,,
2010,SYC,Coal,0,,,,
2010,SYC,Gas,0,,,,
2010,SYC,Other fossil fuels,0.4,,,,
2010,SYC,Total,0.4,,,,
2011,SYC,Coal,0,,,,
2011,SYC,Gas,0,,,,
2011,SYC,Other fossil fuels,0.4,,,,
2011,SYC,Total,0.4,,,,
2012,SYC,Coal,0,,,,
2012,SYC,Gas,0,,,,
2012,SYC,Other fossil fuels,0.4,,,,
2012,SYC,Total,0.4,,,,
2013,SYC,Coal,0,,,,
2013,SYC,Gas,0,,,,
2013,SYC,Other fossil fuels,0.4,,,,
2013,SYC,Total,0.4,,,,
2014,SYC,Coal,0,,,,
2014,SYC,Gas,0,,,,
2014,SYC,Other fossil fuels,0.4,,,,
2014,SYC,Total,0.4,,,,
2015,SYC,Coal,0,,,,
2015,SYC,Gas,0,,,,
2015,SYC,Other fossil fuels,0.5,,,,
2015,SYC,Total,0.5,,,,
2016,SYC,Coal,0,,,,
2016,SYC,Gas,0,,,,
2016,SYC,Other fossil fuels,0.5,,,,
2016,SYC,Total,0.5,,,,
2017,SYC,Coal,0,,,,
2017,SYC,Gas,0,,,,
2017,SYC,Other fossil fuels,0.5,,,,
2017,SYC,Total,0.5,,,,
2018,SYC,Coal,0,,,,
2018,SYC,Gas,0,,,,
2018,SYC,Other fossil fuels,0.5,,,,
2018,SYC,Total,0.5,,,,
2019,SYC,Coal,0,,,,
2019,SYC,Gas,0,,,,
2019,SYC,Other fossil fuels,0.5,,,,
2019,SYC,Total,0.5,,,,
2020,SYC,Coal,0,,,,
2020,SYC,Gas,0,,,,
2020,SYC,Other fossil fuels,0.5,,,,
2020,SYC,Total,0.5,,,,
2021,SYC,Coal,0,,,,
2021,SYC,Gas,0,,,,
2021,SYC,Other fossil fuels,0.5,,,,
2021,SYC,Total,0.5,,,,
2022,SYC,Coal,0,,,,
2022,SYC,Gas,0,,,,
2022,SYC,Other fossil fuels,0.5,,,,
2022,SYC,Total,0.5,,,,
2023,SYC,Coal,0,,,,
2023,SYC,Gas,0,,,,
2023,SYC,Other fossil fuels,0.5,,,,
2023,SYC,Total,0.5,,,,
2024,SYC,Coal,0,,,,
2024,SYC,Gas,0,,,,
2024,SYC,Other fossil fuels,0.5,,,,
2024,SYC,Total,0.5,,,,
2000,SLE,Coal,0,,,,
2000,SLE,Gas,0,,,,
2000,SLE,Other fossil fuels,0.1,,,,
2000,SLE,Total,0.1,,,,
2001,SLE,Coal,0,,,,
2001,SLE,Gas,0,,,,
2001,SLE,Other fossil fuels,0.1,,,,
2001,SLE,Total,0.1,,,,
2002,SLE,Coal,0,,,,
2002,SLE,Gas,0,,,,
2002,SLE,Other fossil fuels,0.1,,,,
2002,SLE,Total,0.1,,,,
2003,SLE,Coal,0,,,,
2003,SLE,Gas,0,,,,
2003,SLE,Other fossil fuels,0.1,,,,
2003,SLE,Total,0.1,,,,
2004,SLE,Coal,0,,,,
2004,SLE,Gas,0,,,,
2004,SLE,Other fossil fuels,0.1,,,,
2004,SLE,Total,0.1,,,,
2005,SLE,Coal,0,,,,
2005,SLE,Gas,0,,,,
2005,SLE,Other fossil fuels,0.1,,,,
2005,SLE,Total,0.1,,,,
2006,SLE,Coal,0,,,,
2006,SLE,Gas,0,,,,
2006,SLE,Other fossil fuels,0.1,,,,
2006,SLE,Total,0.1,,,,
2007,SLE,Coal,0,,,,
2007,SLE,Gas,0,,,,
2007,SLE,Other fossil fuels,0,,,,
2007,SLE,Total,0,,,,
2008,SLE,Coal,0,,,,
2008,SLE,Gas,0,,,,
2008,SLE,Other fossil fuels,0,,,,
2008,SLE,Total,0,,,,
2009,SLE,Coal,0,,,,
2009,SLE,Gas,0,,,,
2009,SLE,Other fossil fuels,0,,,,
2009,SLE,Total,0,,,,
2010,SLE,Coal,0,,,,
2010,SLE,Gas,0,,,,
2010,SLE,Other fossil fuels,0,,,,
2010,SLE,Total,0,,,,
2011,SLE,Coal,0,,,,
2011,SLE,Gas,0,,,,
2011,SLE,Other fossil fuels,0,,,,
2011,SLE,Total,0,,,,
2012,SLE,Coal,0,,,,
2012,SLE,Gas,0,,,,
2012,SLE,Other fossil fuels,0.1,,,,
2012,SLE,Total,0.1,,,,
2013,SLE,Coal,0,,,,
2013,SLE,Gas,0,,,,
2013,SLE,Other fossil fuels,0.1,,,,
2013,SLE,Total,0.1,,,,
2014,SLE,Coal,0,,,,
2014,SLE,Gas,0,,,,
2014,SLE,Other fossil fuels,0,,,,
2014,SLE,Total,0,,,,
2015,SLE,Coal,0,,,,
2015,SLE,Gas,0,,,,
2015,SLE,Other fossil fuels,0,,,,
2015,SLE,Total,0,,,,
2016,SLE,Coal,0,,,,
2016,SLE,Gas,0,,,,
2016,SLE,Other fossil fuels,0.1,,,,
2016,SLE,Total,0.1,,,,
2017,SLE,Coal,0,,,,
2017,SLE,Gas,0,,,,
2017,SLE,Other fossil fuels,0.1,,,,
2017,SLE,Total,0.1,,,,
2018,SLE,Coal,0,,,,
2018,SLE,Gas,0,,,,
2018,SLE,Other fossil fuels,0.1,,,,
2018,SLE,Total,0.1,,,,
2019,SLE,Coal,0,,,,
2019,SLE,Gas,0,,,,
2019,SLE,Other fossil fuels,0,,,,
2019,SLE,Total,0,,,,
2020,SLE,Coal,0,,,,
2020,SLE,Gas,0,,,,
2020,SLE,Other fossil fuels,0,,,,
2020,SLE,Total,0,,,,
2021,SLE,Coal,0,,,,
2021,SLE,Gas,0,,,,
2021,SLE,Other fossil fuels,0,,,,
2021,SLE,Total,0,,,,
2022,SLE,Coal,0,,,,
2022,SLE,Gas,0,,,,
2022,SLE,Other fossil fuels,0,,,,
2022,SLE,Total,0,,,,
2023,SLE,Coal,0,,,,
2023,SLE,Gas,0,,,,
2023,SLE,Other fossil fuels,0,,,,
2023,SLE,Total,0,,,,
2024,SLE,Coal,0,,,,
2024,SLE,Gas,0,,,,
2024,SLE,Other fossil fuels,0,,,,
2024,SLE,Total,0,,,,
2000,SGP,Coal,0,,,,
2000,SGP,Gas,5.9,,,,
2000,SGP,Other fossil fuels,25,,,,
2000,SGP,Total,31,,,,
2001,SGP,Coal,0,,,,
2001,SGP,Gas,16,,,,
2001,SGP,Other fossil fuels,17,,,,
2001,SGP,Total,32,,,,
2002,SGP,Coal,0,,,,
2002,SGP,Gas,19,,,,
2002,SGP,Other fossil fuels,15,,,,
2002,SGP,Total,34,,,,
2003,SGP,Coal,0,,,,
2003,SGP,Gas,21,,,,
2003,SGP,Other fossil fuels,13,,,,
2003,SGP,Total,34,,,,
2004,SGP,Coal,0,,,,
2004,SGP,Gas,25,,,,
2004,SGP,Other fossil fuels,11,,,,
2004,SGP,Total,36,,,,
2005,SGP,Coal,0,,,,
2005,SGP,Gas,28,,,,
2005,SGP,Other fossil fuels,8.8,,,,
2005,SGP,Total,37,,,,
2006,SGP,Coal,0,,,,
2006,SGP,Gas,31,,,,
2006,SGP,Other fossil fuels,7.8,,,,
2006,SGP,Total,39,,,,
2007,SGP,Coal,0,,,,
2007,SGP,Gas,32,,,,
2007,SGP,Other fossil fuels,7.8,,,,
2007,SGP,Total,40,,,,
2008,SGP,Coal,0,,,,
2008,SGP,Gas,33,,,,
2008,SGP,Other fossil fuels,7.2,,,,
2008,SGP,Total,41,,,,
2009,SGP,Coal,0,,,,
2009,SGP,Gas,34,,,,
2009,SGP,Other fossil fuels,7.1,,,,
2009,SGP,Total,41,,,,
2010,SGP,Coal,0,,,,
2010,SGP,Gas,35,,,,
2010,SGP,Other fossil fuels,9.2,,,,
2010,SGP,Total,44,,,,
2011,SGP,Coal,0,,,,
2011,SGP,Gas,36,,,,
2011,SGP,Other fossil fuels,8.9,,,,
2011,SGP,Total,45,,,,
2012,SGP,Coal,0,,,,
2012,SGP,Gas,40,,,,
2012,SGP,Other fossil fuels,6.1,,,,
2012,SGP,Total,46,,,,
2013,SGP,Coal,0,,,,
2013,SGP,Gas,44,,,,
2013,SGP,Other fossil fuels,2.3,,,,
2013,SGP,Total,46,,,,
2014,SGP,Coal,0.5,,,,
2014,SGP,Gas,47,,,,
2014,SGP,Other fossil fuels,0.4,,,,
2014,SGP,Total,48,,,,
2015,SGP,Coal,0.6,,,,
2015,SGP,Gas,48,,,,
2015,SGP,Other fossil fuels,0.3,,,,
2015,SGP,Total,49,,,,
2016,SGP,Coal,0.6,,,,
2016,SGP,Gas,49,,,,
2016,SGP,Other fossil fuels,0.4,,,,
2016,SGP,Total,50,,,,
2017,SGP,Coal,0.7,,,,
2017,SGP,Gas,50,,,,
2017,SGP,Other fossil fuels,0.4,,,,
2017,SGP,Total,51,,,,
2018,SGP,Coal,0.7,,,,
2018,SGP,Gas,50,,,,
2018,SGP,Other fossil fuels,0.3,,,,
2018,SGP,Total,51,,,,
2019,SGP,Coal,0.7,,,,
2019,SGP,Gas,52,,,,
2019,SGP,Other fossil fuels,0.2,,,,
2019,SGP,Total,53,,,,
2020,SGP,Coal,0.5,,,,
2020,SGP,Gas,51,,,,
2020,SGP,Other fossil fuels,0.2,,,,
2020,SGP,Total,52,,,,
2021,SGP,Coal,0.7,,,,
2021,SGP,Gas,53,,,,
2021,SGP,Other fossil fuels,0.6,,,,
2021,SGP,Total,54,,,,
2022,SGP,Coal,0.6,,,,
2022,SGP,Gas,53,,,,
2022,SGP,Other fossil fuels,1.5,,,,
2022,SGP,Total,55,,,,
2023,SGP,Coal,0.6,,,,
2023,SGP,Gas,53,,,,
2023,SGP,Other fossil fuels,1.1,,,,
2023,SGP,Total,55,,,,
2024,SGP,Coal,0.6,,,,
2024,SGP,Gas,55,,,,
2024,SGP,Other fossil fuels,1.2,,,,
2024,SGP,Total,57,,,,
2025,SGP,Coal,0.6,,,,
2025,SGP,Gas,55,,,,
2025,SGP,Other fossil fuels,1.5,,,,
2025,SGP,Total,57,,,,
1990,SVK,Coal,7.5,,,,
1990,SVK,Gas,1.8,,,,
1990,SVK,Other fossil fuels,2.3,,,,
1990,SVK,Total,12,,,,
1991,SVK,Coal,6.0,,,,
1991,SVK,Gas,2.1,,,,
1991,SVK,Other fossil fuels,3.1,,,,
1991,SVK,Total,11,,,,
1992,SVK,Coal,7.2,,,,
1992,SVK,Gas,0.9,,,,
1992,SVK,Other fossil fuels,2.2,,,,
1992,SVK,Total,10,,,,
1993,SVK,Coal,5.8,,,,
1993,SVK,Gas,1.2,,,,
1993,SVK,Other fossil fuels,2.2,,,,
1993,SVK,Total,9.1,,,,
1994,SVK,Coal,4.9,,,,
1994,SVK,Gas,2.2,,,,
1994,SVK,Other fossil fuels,1.5,,,,
1994,SVK,Total,8.5,,,,
1995,SVK,Coal,6.5,,,,
1995,SVK,Gas,2.4,,,,
1995,SVK,Other fossil fuels,1.3,,,,
1995,SVK,Total,10,,,,
1996,SVK,Coal,5.9,,,,
1996,SVK,Gas,2.3,,,,
1996,SVK,Other fossil fuels,1.8,,,,
1996,SVK,Total,10,,,,
1997,SVK,Coal,6.3,,,,
1997,SVK,Gas,2.3,,,,
1997,SVK,Other fossil fuels,1.3,,,,
1997,SVK,Total,10,,,,
1998,SVK,Coal,5.9,,,,
1998,SVK,Gas,2.4,,,,
1998,SVK,Other fossil fuels,1.9,,,,
1998,SVK,Total,10,,,,
1999,SVK,Coal,6.4,,,,
1999,SVK,Gas,3.1,,,,
1999,SVK,Other fossil fuels,1.1,,,,
1999,SVK,Total,11,,,,
2000,SVK,Coal,5.6,,,,
2000,SVK,Gas,3.3,,,,
2000,SVK,Other fossil fuels,0.8,,,,
2000,SVK,Total,9.7,,,,
2001,SVK,Coal,5.8,,,,
2001,SVK,Gas,2.7,,,,
2001,SVK,Other fossil fuels,1.1,,,,
2001,SVK,Total,9.6,,,,
2002,SVK,Coal,5.2,,,,
2002,SVK,Gas,2.5,,,,
2002,SVK,Other fossil fuels,1.2,,,,
2002,SVK,Total,8.8,,,,
2003,SVK,Coal,6.0,,,,
2003,SVK,Gas,2.4,,,,
2003,SVK,Other fossil fuels,1.2,,,,
2003,SVK,Total,9.5,,,,
2004,SVK,Coal,5.7,,,,
2004,SVK,Gas,2.4,,,,
2004,SVK,Other fossil fuels,1.2,,,,
2004,SVK,Total,9.3,,,,
2005,SVK,Coal,5.5,,,,
2005,SVK,Gas,2.2,,,,
2005,SVK,Other fossil fuels,1.2,,,,
2005,SVK,Total,8.9,,,,
2006,SVK,Coal,5.3,,,,
2006,SVK,Gas,1.9,,,,
2006,SVK,Other fossil fuels,1.2,,,,
2006,SVK,Total,8.4,,,,
2007,SVK,Coal,4.8,,,,
2007,SVK,Gas,1.6,,,,
2007,SVK,Other fossil fuels,1.2,,,,
2007,SVK,Total,7.6,,,,
2008,SVK,Coal,4.7,,,,
2008,SVK,Gas,1.6,,,,
2008,SVK,Other fossil fuels,1.2,,,,
2008,SVK,Total,7.4,,,,
2009,SVK,Coal,3.9,,,,
2009,SVK,Gas,2.0,,,,
2009,SVK,Other fossil fuels,1.1,,,,
2009,SVK,Total,6.9,,,,
2010,SVK,Coal,3.6,,,,
2010,SVK,Gas,2.2,,,,
2010,SVK,Other fossil fuels,1.2,,,,
2010,SVK,Total,6.9,,,,
2011,SVK,Coal,3.6,,,,
2011,SVK,Gas,3.2,,,,
2011,SVK,Other fossil fuels,1.2,,,,
2011,SVK,Total,7.9,,,,
2012,SVK,Coal,3.4,,,,
2012,SVK,Gas,2.9,,,,
2012,SVK,Other fossil fuels,1.1,,,,
2012,SVK,Total,7.3,,,,
2013,SVK,Coal,3.1,,,,
2013,SVK,Gas,2.4,,,,
2013,SVK,Other fossil fuels,1.0,,,,
2013,SVK,Total,6.4,,,,
2014,SVK,Coal,2.9,,,,
2014,SVK,Gas,1.6,,,,
2014,SVK,Other fossil fuels,0.9,,,,
2014,SVK,Total,5.4,,,,
2015,SVK,Coal,2.8,,,,
2015,SVK,Gas,1.6,,,,
2015,SVK,Other fossil fuels,1.0,,,,
2015,SVK,Total,5.4,,,,
2016,SVK,Coal,2.8,,,,
2016,SVK,Gas,1.5,,,,
2016,SVK,Other fossil fuels,1.1,,,,
2016,SVK,Total,5.4,,,,
2017,SVK,Coal,3.0,,,,
2017,SVK,Gas,1.7,,,,
2017,SVK,Other fossil fuels,1.1,,,,
2017,SVK,Total,5.8,,,,
2018,SVK,Coal,3.0,,,,
2018,SVK,Gas,1.9,,,,
2018,SVK,Other fossil fuels,1.1,,,,
2018,SVK,Total,6.0,,,,
2019,SVK,Coal,2.3,,,,
2019,SVK,Gas,3.1,,,,
2019,SVK,Other fossil fuels,0.9,,,,
2019,SVK,Total,6.3,,,,
2020,SVK,Coal,1.9,,,,
2020,SVK,Gas,3.6,,,,
2020,SVK,Other fossil fuels,0.8,,,,
2020,SVK,Total,6.2,,,,
2021,SVK,Coal,1.7,,,,
2021,SVK,Gas,4.4,,,,
2021,SVK,Other fossil fuels,1.1,,,,
2021,SVK,Total,7.2,,,,
2022,SVK,Coal,1.6,,,,
2022,SVK,Gas,2.1,,,,
2022,SVK,Other fossil fuels,1.1,,,,
2022,SVK,Total,4.8,,,,
2023,SVK,Coal,1.2,,,,
2023,SVK,Gas,2.3,,,,
2023,SVK,Other fossil fuels,1.0,,,,
2023,SVK,Total,4.5,,,,
2024,SVK,Coal,0.5,,,,
2024,SVK,Gas,2.9,,,,
2024,SVK,Other fossil fuels,0.8,,,,
2024,SVK,Total,4.2,,,,
2025,SVK,Coal,0.3,,,,
2025,SVK,Gas,3.3,,,,
2025,SVK,Other fossil fuels,0.7,,,,
2025,SVK,Total,4.3,,,,
1990,SVN,Coal,3.9,,,,
1990,SVN,Gas,0,,,,
1990,SVN,Other fossil fuels,1.0,,,,
1990,SVN,Total,4.9,,,,
1991,SVN,Coal,3.6,,,,
1991,SVN,Gas,0,,,,
1991,SVN,Other fossil fuels,0.6,,,,
1991,SVN,Total,4.2,,,,
1992,SVN,Coal,4.6,,,,
1992,SVN,Gas,0,,,,
1992,SVN,Other fossil fuels,0.3,,,,
1992,SVN,Total,5.0,,,,
1993,SVN,Coal,4.7,,,,
1993,SVN,Gas,0,,,,
1993,SVN,Other fossil fuels,0.3,,,,
1993,SVN,Total,5.0,,,,
1994,SVN,Coal,4.6,,,,
1994,SVN,Gas,0,,,,
1994,SVN,Other fossil fuels,0.3,,,,
1994,SVN,Total,4.9,,,,
1995,SVN,Coal,4.6,,,,
1995,SVN,Gas,0,,,,
1995,SVN,Other fossil fuels,0.3,,,,
1995,SVN,Total,4.9,,,,
1996,SVN,Coal,4.5,,,,
1996,SVN,Gas,0,,,,
1996,SVN,Other fossil fuels,0.3,,,,
1996,SVN,Total,4.7,,,,
1997,SVN,Coal,4.7,,,,
1997,SVN,Gas,0,,,,
1997,SVN,Other fossil fuels,0.4,,,,
1997,SVN,Total,5.1,,,,
1998,SVN,Coal,5.0,,,,
1998,SVN,Gas,0.1,,,,
1998,SVN,Other fossil fuels,0.1,,,,
1998,SVN,Total,5.2,,,,
1999,SVN,Coal,4.5,,,,
1999,SVN,Gas,0.2,,,,
1999,SVN,Other fossil fuels,0.1,,,,
1999,SVN,Total,4.8,,,,
2000,SVN,Coal,4.6,,,,
2000,SVN,Gas,0.3,,,,
2000,SVN,Other fossil fuels,0.1,,,,
2000,SVN,Total,5.0,,,,
2001,SVN,Coal,4.9,,,,
2001,SVN,Gas,0.3,,,,
2001,SVN,Other fossil fuels,0.1,,,,
2001,SVN,Total,5.4,,,,
2002,SVN,Coal,5.3,,,,
2002,SVN,Gas,0.3,,,,
2002,SVN,Other fossil fuels,0.1,,,,
2002,SVN,Total,5.7,,,,
2003,SVN,Coal,5.1,,,,
2003,SVN,Gas,0.4,,,,
2003,SVN,Other fossil fuels,0.1,,,,
2003,SVN,Total,5.5,,,,
2004,SVN,Coal,5.2,,,,
2004,SVN,Gas,0.4,,,,
2004,SVN,Other fossil fuels,0.1,,,,
2004,SVN,Total,5.6,,,,
2005,SVN,Coal,5.3,,,,
2005,SVN,Gas,0.3,,,,
2005,SVN,Other fossil fuels,0.1,,,,
2005,SVN,Total,5.7,,,,
2006,SVN,Coal,5.4,,,,
2006,SVN,Gas,0.4,,,,
2006,SVN,Other fossil fuels,0.1,,,,
2006,SVN,Total,5.9,,,,
2007,SVN,Coal,5.5,,,,
2007,SVN,Gas,0.5,,,,
2007,SVN,Other fossil fuels,0,,,,
2007,SVN,Total,6.0,,,,
2008,SVN,Coal,5.3,,,,
2008,SVN,Gas,0.5,,,,
2008,SVN,Other fossil fuels,0,,,,
2008,SVN,Total,5.8,,,,
2009,SVN,Coal,5.1,,,,
2009,SVN,Gas,0.6,,,,
2009,SVN,Other fossil fuels,0,,,,
2009,SVN,Total,5.8,,,,
2010,SVN,Coal,5.3,,,,
2010,SVN,Gas,0.6,,,,
2010,SVN,Other fossil fuels,0,,,,
2010,SVN,Total,5.9,,,,
2011,SVN,Coal,5.3,,,,
2011,SVN,Gas,0.5,,,,
2011,SVN,Other fossil fuels,0,,,,
2011,SVN,Total,5.8,,,,
2012,SVN,Coal,5.1,,,,
2012,SVN,Gas,0.5,,,,
2012,SVN,Other fossil fuels,0,,,,
2012,SVN,Total,5.7,,,,
2013,SVN,Coal,4.9,,,,
2013,SVN,Gas,0.5,,,,
2013,SVN,Other fossil fuels,0,,,,
2013,SVN,Total,5.4,,,,
2014,SVN,Coal,3.8,,,,
2014,SVN,Gas,0.4,,,,
2014,SVN,Other fossil fuels,0.1,,,,
2014,SVN,Total,4.2,,,,
2015,SVN,Coal,4.4,,,,
2015,SVN,Gas,0.4,,,,
2015,SVN,Other fossil fuels,0,,,,
2015,SVN,Total,4.8,,,,
2016,SVN,Coal,5.0,,,,
2016,SVN,Gas,0.4,,,,
2016,SVN,Other fossil fuels,0,,,,
2016,SVN,Total,5.5,,,,
2017,SVN,Coal,4.8,,,,
2017,SVN,Gas,0.5,,,,
2017,SVN,Other fossil fuels,0,,,,
2017,SVN,Total,5.3,,,,
2018,SVN,Coal,4.6,,,,
2018,SVN,Gas,0.5,,,,
2018,SVN,Other fossil fuels,0,,,,
2018,SVN,Total,5.1,,,,
2019,SVN,Coal,4.5,,,,
2019,SVN,Gas,0.5,,,,
2019,SVN,Other fossil fuels,0,,,,
2019,SVN,Total,5.0,,,,
2020,SVN,Coal,4.4,,,,
2020,SVN,Gas,0.6,,,,
2020,SVN,Other fossil fuels,0,,,,
2020,SVN,Total,5.0,,,,
2021,SVN,Coal,3.9,,,,
2021,SVN,Gas,0.5,,,,
2021,SVN,Other fossil fuels,0.1,,,,
2021,SVN,Total,4.4,,,,
2022,SVN,Coal,3.1,,,,
2022,SVN,Gas,0.5,,,,
2022,SVN,Other fossil fuels,0.1,,,,
2022,SVN,Total,3.7,,,,
2023,SVN,Coal,3.1,,,,
2023,SVN,Gas,0.5,,,,
2023,SVN,Other fossil fuels,0,,,,
2023,SVN,Total,3.7,,,,
2024,SVN,Coal,3.5,,,,
2024,SVN,Gas,0.5,,,,
2024,SVN,Other fossil fuels,0,,,,
2024,SVN,Total,4.0,,,,
2025,SVN,Coal,2.2,,,,
2025,SVN,Gas,1.0,,,,
2025,SVN,Other fossil fuels,0,,,,
2025,SVN,Total,3.1,,,,
2000,SLB,Coal,0,,,,
2000,SLB,Gas,0,,,,
2000,SLB,Other fossil fuels,0.1,,,,
2000,SLB,Total,0.1,,,,
2001,SLB,Coal,0,,,,
2001,SLB,Gas,0,,,,
2001,SLB,Other fossil fuels,0.1,,,,
2001,SLB,Total,0.1,,,,
2002,SLB,Coal,0,,,,
2002,SLB,Gas,0,,,,
2002,SLB,Other fossil fuels,0.1,,,,
2002,SLB,Total,0.1,,,,
2003,SLB,Coal,0,,,,
2003,SLB,Gas,0,,,,
2003,SLB,Other fossil fuels,0.1,,,,
2003,SLB,Total,0.1,,,,
2004,SLB,Coal,0,,,,
2004,SLB,Gas,0,,,,
2004,SLB,Other fossil fuels,0.1,,,,
2004,SLB,Total,0.1,,,,
2005,SLB,Coal,0,,,,
2005,SLB,Gas,0,,,,
2005,SLB,Other fossil fuels,0.1,,,,
2005,SLB,Total,0.1,,,,
2006,SLB,Coal,0,,,,
2006,SLB,Gas,0,,,,
2006,SLB,Other fossil fuels,0.1,,,,
2006,SLB,Total,0.1,,,,
2007,SLB,Coal,0,,,,
2007,SLB,Gas,0,,,,
2007,SLB,Other fossil fuels,0.1,,,,
2007,SLB,Total,0.1,,,,
2008,SLB,Coal,0,,,,
2008,SLB,Gas,0,,,,
2008,SLB,Other fossil fuels,0.1,,,,
2008,SLB,Total,0.1,,,,
2009,SLB,Coal,0,,,,
2009,SLB,Gas,0,,,,
2009,SLB,Other fossil fuels,0.1,,,,
2009,SLB,Total,0.1,,,,
2010,SLB,Coal,0,,,,
2010,SLB,Gas,0,,,,
2010,SLB,Other fossil fuels,0.1,,,,
2010,SLB,Total,0.1,,,,
2011,SLB,Coal,0,,,,
2011,SLB,Gas,0,,,,
2011,SLB,Other fossil fuels,0.1,,,,
2011,SLB,Total,0.1,,,,
2012,SLB,Coal,0,,,,
2012,SLB,Gas,0,,,,
2012,SLB,Other fossil fuels,0.1,,,,
2012,SLB,Total,0.1,,,,
2013,SLB,Coal,0,,,,
2013,SLB,Gas,0,,,,
2013,SLB,Other fossil fuels,0.1,,,,
2013,SLB,Total,0.1,,,,
2014,SLB,Coal,0,,,,
2014,SLB,Gas,0,,,,
2014,SLB,Other fossil fuels,0.1,,,,
2014,SLB,Total,0.1,,,,
2015,SLB,Coal,0,,,,
2015,SLB,Gas,0,,,,
2015,SLB,Other fossil fuels,0.1,,,,
2015,SLB,Total,0.1,,,,
2016,SLB,Coal,0,,,,
2016,SLB,Gas,0,,,,
2016,SLB,Other fossil fuels,0.1,,,,
2016,SLB,Total,0.1,,,,
2017,SLB,Coal,0,,,,
2017,SLB,Gas,0,,,,
2017,SLB,Other fossil fuels,0.1,,,,
2017,SLB,Total,0.1,,,,
2018,SLB,Coal,0,,,,
2018,SLB,Gas,0,,,,
2018,SLB,Other fossil fuels,0.1,,,,
2018,SLB,Total,0.1,,,,
2019,SLB,Coal,0,,,,
2019,SLB,Gas,0,,,,
2019,SLB,Other fossil fuels,0.1,,,,
2019,SLB,Total,0.1,,,,
2020,SLB,Coal,0,,,,
2020,SLB,Gas,0,,,,
2020,SLB,Other fossil fuels,0.1,,,,
2020,SLB,Total,0.1,,,,
2021,SLB,Coal,0,,,,
2021,SLB,Gas,0,,,,
2021,SLB,Other fossil fuels,0.1,,,,
2021,SLB,Total,0.1,,,,
2022,SLB,Coal,0,,,,
2022,SLB,Gas,0,,,,
2022,SLB,Other fossil fuels,0.1,,,,
2022,SLB,Total,0.1,,,,
2023,SLB,Coal,0,,,,
2023,SLB,Gas,0,,,,
2023,SLB,Other fossil fuels,0.1,,,,
2023,SLB,Total,0.1,,,,
2024,SLB,Coal,0,,,,
2024,SLB,Gas,0,,,,
2024,SLB,Other fossil fuels,0.1,,,,
2024,SLB,Total,0.1,,,,
2000,SOM,Coal,0,,,,
2000,SOM,Gas,0,,,,
2000,SOM,Other fossil fuels,0.3,,,,
2000,SOM,Total,0.3,,,,
2001,SOM,Coal,0,,,,
2001,SOM,Gas,0,,,,
2001,SOM,Other fossil fuels,0.3,,,,
2001,SOM,Total,0.3,,,,
2002,SOM,Coal,0,,,,
2002,SOM,Gas,0,,,,
2002,SOM,Other fossil fuels,0.3,,,,
2002,SOM,Total,0.3,,,,
2003,SOM,Coal,0,,,,
2003,SOM,Gas,0,,,,
2003,SOM,Other fossil fuels,0.3,,,,
2003,SOM,Total,0.3,,,,
2004,SOM,Coal,0,,,,
2004,SOM,Gas,0,,,,
2004,SOM,Other fossil fuels,0.3,,,,
2004,SOM,Total,0.3,,,,
2005,SOM,Coal,0,,,,
2005,SOM,Gas,0,,,,
2005,SOM,Other fossil fuels,0.3,,,,
2005,SOM,Total,0.3,,,,
2006,SOM,Coal,0,,,,
2006,SOM,Gas,0,,,,
2006,SOM,Other fossil fuels,0.3,,,,
2006,SOM,Total,0.3,,,,
2007,SOM,Coal,0,,,,
2007,SOM,Gas,0,,,,
2007,SOM,Other fossil fuels,0.3,,,,
2007,SOM,Total,0.3,,,,
2008,SOM,Coal,0,,,,
2008,SOM,Gas,0,,,,
2008,SOM,Other fossil fuels,0.3,,,,
2008,SOM,Total,0.3,,,,
2009,SOM,Coal,0,,,,
2009,SOM,Gas,0,,,,
2009,SOM,Other fossil fuels,0.3,,,,
2009,SOM,Total,0.3,,,,
2010,SOM,Coal,0,,,,
2010,SOM,Gas,0,,,,
2010,SOM,Other fossil fuels,0.3,,,,
2010,SOM,Total,0.3,,,,
2011,SOM,Coal,0,,,,
2011,SOM,Gas,0,,,,
2011,SOM,Other fossil fuels,0.3,,,,
2011,SOM,Total,0.3,,,,
2012,SOM,Coal,0,,,,
2012,SOM,Gas,0,,,,
2012,SOM,Other fossil fuels,0.3,,,,
2012,SOM,Total,0.3,,,,
2013,SOM,Coal,0,,,,
2013,SOM,Gas,0,,,,
2013,SOM,Other fossil fuels,0.4,,,,
2013,SOM,Total,0.4,,,,
2014,SOM,Coal,0,,,,
2014,SOM,Gas,0,,,,
2014,SOM,Other fossil fuels,0.4,,,,
2014,SOM,Total,0.4,,,,
2015,SOM,Coal,0,,,,
2015,SOM,Gas,0,,,,
2015,SOM,Other fossil fuels,0.4,,,,
2015,SOM,Total,0.4,,,,
2016,SOM,Coal,0,,,,
2016,SOM,Gas,0,,,,
2016,SOM,Other fossil fuels,0.4,,,,
2016,SOM,Total,0.4,,,,
2017,SOM,Coal,0,,,,
2017,SOM,Gas,0,,,,
2017,SOM,Other fossil fuels,0.4,,,,
2017,SOM,Total,0.4,,,,
2018,SOM,Coal,0,,,,
2018,SOM,Gas,0,,,,
2018,SOM,Other fossil fuels,0.4,,,,
2018,SOM,Total,0.4,,,,
2019,SOM,Coal,0,,,,
2019,SOM,Gas,0,,,,
2019,SOM,Other fossil fuels,0.4,,,,
2019,SOM,Total,0.4,,,,
2020,SOM,Coal,0,,,,
2020,SOM,Gas,0,,,,
2020,SOM,Other fossil fuels,0.3,,,,
2020,SOM,Total,0.3,,,,
2021,SOM,Coal,0,,,,
2021,SOM,Gas,0,,,,
2021,SOM,Other fossil fuels,0.3,,,,
2021,SOM,Total,0.3,,,,
2022,SOM,Coal,0,,,,
2022,SOM,Gas,0,,,,
2022,SOM,Other fossil fuels,0.3,,,,
2022,SOM,Total,0.3,,,,
2023,SOM,Coal,0,,,,
2023,SOM,Gas,0,,,,
2023,SOM,Other fossil fuels,0.3,,,,
2023,SOM,Total,0.3,,,,
2024,SOM,Coal,0,,,,
2024,SOM,Gas,0,,,,
2024,SOM,Other fossil fuels,0.3,,,,
2024,SOM,Total,0.3,,,,
2000,ZAF,Coal,196,,,,
2000,ZAF,Gas,0,,,,
2000,ZAF,Other fossil fuels,0,,,,
2000,ZAF,Total,196,,,,
2001,ZAF,Coal,197,,,,
2001,ZAF,Gas,0,,,,
2001,ZAF,Other fossil fuels,0,,,,
2001,ZAF,Total,197,,,,
2002,ZAF,Coal,206,,,,
2002,ZAF,Gas,0,,,,
2002,ZAF,Other fossil fuels,0,,,,
2002,ZAF,Total,206,,,,
2003,ZAF,Coal,220,,,,
2003,ZAF,Gas,0,,,,
2003,ZAF,Other fossil fuels,0,,,,
2003,ZAF,Total,220,,,,
2004,ZAF,Coal,230,,,,
2004,ZAF,Gas,0,,,,
2004,ZAF,Other fossil fuels,0,,,,
2004,ZAF,Total,230,,,,
2005,ZAF,Coal,232,,,,
2005,ZAF,Gas,0.1,,,,
2005,ZAF,Other fossil fuels,0,,,,
2005,ZAF,Total,232,,,,
2006,ZAF,Coal,240,,,,
2006,ZAF,Gas,0,,,,
2006,ZAF,Other fossil fuels,0,,,,
2006,ZAF,Total,240,,,,
2007,ZAF,Coal,248,,,,
2007,ZAF,Gas,0.1,,,,
2007,ZAF,Other fossil fuels,1.2,,,,
2007,ZAF,Total,249,,,,
2008,ZAF,Coal,243,,,,
2008,ZAF,Gas,0.1,,,,
2008,ZAF,Other fossil fuels,0.1,,,,
2008,ZAF,Total,244,,,,
2009,ZAF,Coal,235,,,,
2009,ZAF,Gas,0,,,,
2009,ZAF,Other fossil fuels,0.1,,,,
2009,ZAF,Total,235,,,,
2010,ZAF,Coal,243,,,,
2010,ZAF,Gas,0.8,,,,
2010,ZAF,Other fossil fuels,0.2,,,,
2010,ZAF,Total,244,,,,
2011,ZAF,Coal,244,,,,
2011,ZAF,Gas,0.9,,,,
2011,ZAF,Other fossil fuels,0.7,,,,
2011,ZAF,Total,246,,,,
2012,ZAF,Coal,240,,,,
2012,ZAF,Gas,1.8,,,,
2012,ZAF,Other fossil fuels,1.9,,,,
2012,ZAF,Total,243,,,,
2013,ZAF,Coal,233,,,,
2013,ZAF,Gas,3.0,,,,
2013,ZAF,Other fossil fuels,3.7,,,,
2013,ZAF,Total,240,,,,
2014,ZAF,Coal,230,,,,
2014,ZAF,Gas,3.1,,,,
2014,ZAF,Other fossil fuels,3.8,,,,
2014,ZAF,Total,237,,,,
2015,ZAF,Coal,227,,,,
2015,ZAF,Gas,0,,,,
2015,ZAF,Other fossil fuels,4.0,,,,
2015,ZAF,Total,231,,,,
2016,ZAF,Coal,230,,,,
2016,ZAF,Gas,0,,,,
2016,ZAF,Other fossil fuels,0,,,,
2016,ZAF,Total,230,,,,
2017,ZAF,Coal,229,,,,
2017,ZAF,Gas,0,,,,
2017,ZAF,Other fossil fuels,0.1,,,,
2017,ZAF,Total,229,,,,
2018,ZAF,Coal,231,,,,
2018,ZAF,Gas,0,,,,
2018,ZAF,Other fossil fuels,1.2,,,,
2018,ZAF,Total,232,,,,
2019,ZAF,Coal,225,,,,
2019,ZAF,Gas,0,,,,
2019,ZAF,Other fossil fuels,1.4,,,,
2019,ZAF,Total,227,,,,
2020,ZAF,Coal,214,,,,
2020,ZAF,Gas,0,,,,
2020,ZAF,Other fossil fuels,1.5,,,,
2020,ZAF,Total,216,,,,
2021,ZAF,Coal,211,,,,
2021,ZAF,Gas,0,,,,
2021,ZAF,Other fossil fuels,3.3,,,,
2021,ZAF,Total,214,,,,
2022,ZAF,Coal,202,,,,
2022,ZAF,Gas,0,,,,
2022,ZAF,Other fossil fuels,3.7,,,,
2022,ZAF,Total,205,,,,
2023,ZAF,Coal,192,,,,
2023,ZAF,Gas,0,,,,
2023,ZAF,Other fossil fuels,3.7,,,,
2023,ZAF,Total,196,,,,
2024,ZAF,Coal,207,,,,
2024,ZAF,Gas,0,,,,
2024,ZAF,Other fossil fuels,1.9,,,,
2024,ZAF,Total,209,,,,
2025,ZAF,Coal,198,,,,
2025,ZAF,Gas,0,,,,
2025,ZAF,Other fossil fuels,2.0,,,,
2025,ZAF,Total,199,,,,
1985,KOR,Coal,25,,,,
1985,KOR,Gas,0.1,,,,
1985,KOR,Other fossil fuels,18,,,,
1985,KOR,Total,43,,,,
1986,KOR,Coal,26,,,,
1986,KOR,Gas,0.1,,,,
1986,KOR,Other fossil fuels,13,,,,
1986,KOR,Total,38,,,,
1987,KOR,Coal,25,,,,
1987,KOR,Gas,10,,,,
1987,KOR,Other fossil fuels,2.5,,,,
1987,KOR,Total,37,,,,
1988,KOR,Coal,31,,,,
1988,KOR,Gas,11,,,,
1988,KOR,Other fossil fuels,9.1,,,,
1988,KOR,Total,51,,,,
1989,KOR,Coal,32,,,,
1989,KOR,Gas,10,,,,
1989,KOR,Other fossil fuels,12,,,,
1989,KOR,Total,53,,,,
1990,KOR,Coal,34,,,,
1990,KOR,Gas,13,,,,
1990,KOR,Other fossil fuels,14,,,,
1990,KOR,Total,61,,,,
1991,KOR,Coal,38,,,,
1991,KOR,Gas,14,,,,
1991,KOR,Other fossil fuels,21,,,,
1991,KOR,Total,72,,,,
1992,KOR,Coal,43,,,,
1992,KOR,Gas,20,,,,
1992,KOR,Other fossil fuels,24,,,,
1992,KOR,Total,87,,,,
1993,KOR,Coal,54,,,,
1993,KOR,Gas,19,,,,
1993,KOR,Other fossil fuels,26,,,,
1993,KOR,Total,100,,,,
1994,KOR,Coal,66,,,,
1994,KOR,Gas,18,,,,
1994,KOR,Other fossil fuels,38,,,,
1994,KOR,Total,122,,,,
1995,KOR,Coal,74,,,,
1995,KOR,Gas,30,,,,
1995,KOR,Other fossil fuels,30,,,,
1995,KOR,Total,134,,,,
1996,KOR,Coal,83,,,,
1996,KOR,Gas,35,,,,
1996,KOR,Other fossil fuels,30,,,,
1996,KOR,Total,149,,,,
1997,KOR,Coal,95,,,,
1997,KOR,Gas,43,,,,
1997,KOR,Other fossil fuels,29,,,,
1997,KOR,Total,167,,,,
1998,KOR,Coal,104,,,,
1998,KOR,Gas,28,,,,
1998,KOR,Other fossil fuels,11,,,,
1998,KOR,Total,143,,,,
1999,KOR,Coal,112,,,,
1999,KOR,Gas,30,,,,
1999,KOR,Other fossil fuels,12,,,,
1999,KOR,Total,155,,,,
2000,KOR,Coal,115,,,,
2000,KOR,Gas,30,,,,
2000,KOR,Other fossil fuels,33,,,,
2000,KOR,Total,177,,,,
2001,KOR,Coal,127,,,,
2001,KOR,Gas,34,,,,
2001,KOR,Other fossil fuels,34,,,,
2001,KOR,Total,195,,,,
2002,KOR,Coal,137,,,,
2002,KOR,Gas,43,,,,
2002,KOR,Other fossil fuels,29,,,,
2002,KOR,Total,209,,,,
2003,KOR,Coal,139,,,,
2003,KOR,Gas,46,,,,
2003,KOR,Other fossil fuels,28,,,,
2003,KOR,Total,213,,,,
2004,KOR,Coal,143,,,,
2004,KOR,Gas,63,,,,
2004,KOR,Other fossil fuels,26,,,,
2004,KOR,Total,233,,,,
2005,KOR,Coal,150,,,,
2005,KOR,Gas,64,,,,
2005,KOR,Other fossil fuels,24,,,,
2005,KOR,Total,239,,,,
2006,KOR,Coal,154,,,,
2006,KOR,Gas,75,,,,
2006,KOR,Other fossil fuels,21,,,,
2006,KOR,Total,250,,,,
2007,KOR,Coal,171,,,,
2007,KOR,Gas,84,,,,
2007,KOR,Other fossil fuels,23,,,,
2007,KOR,Total,278,,,,
2008,KOR,Coal,191,,,,
2008,KOR,Gas,82,,,,
2008,KOR,Other fossil fuels,15,,,,
2008,KOR,Total,287,,,,
2009,KOR,Coal,209,,,,
2009,KOR,Gas,71,,,,
2009,KOR,Other fossil fuels,19,,,,
2009,KOR,Total,300,,,,
2010,KOR,Coal,218,,,,
2010,KOR,Gas,104,,,,
2010,KOR,Other fossil fuels,18,,,,
2010,KOR,Total,341,,,,
2011,KOR,Coal,225,,,,
2011,KOR,Gas,115,,,,
2011,KOR,Other fossil fuels,16,,,,
2011,KOR,Total,356,,,,
2012,KOR,Coal,223,,,,
2012,KOR,Gas,129,,,,
2012,KOR,Other fossil fuels,20,,,,
2012,KOR,Total,373,,,,
2013,KOR,Coal,224,,,,
2013,KOR,Gas,144,,,,
2013,KOR,Other fossil fuels,21,,,,
2013,KOR,Total,388,,,,
2014,KOR,Coal,226,,,,
2014,KOR,Gas,131,,,,
2014,KOR,Other fossil fuels,14,,,,
2014,KOR,Total,371,,,,
2015,KOR,Coal,233,,,,
2015,KOR,Gas,122,,,,
2015,KOR,Other fossil fuels,13,,,,
2015,KOR,Total,368,,,,
2016,KOR,Coal,233,,,,
2016,KOR,Gas,131,,,,
2016,KOR,Other fossil fuels,17,,,,
2016,KOR,Total,381,,,,
2017,KOR,Coal,261,,,,
2017,KOR,Gas,135,,,,
2017,KOR,Other fossil fuels,9.7,,,,
2017,KOR,Total,406,,,,
2018,KOR,Coal,258,,,,
2018,KOR,Gas,163,,,,
2018,KOR,Other fossil fuels,11,,,,
2018,KOR,Total,432,,,,
2019,KOR,Coal,245,,,,
2019,KOR,Gas,155,,,,
2019,KOR,Other fossil fuels,7.4,,,,
2019,KOR,Total,408,,,,
2020,KOR,Coal,208,,,,
2020,KOR,Gas,163,,,,
2020,KOR,Other fossil fuels,6.0,,,,
2020,KOR,Total,377,,,,
2021,KOR,Coal,213,,,,
2021,KOR,Gas,181,,,,
2021,KOR,Other fossil fuels,7.1,,,,
2021,KOR,Total,402,,,,
2022,KOR,Coal,209,,,,
2022,KOR,Gas,175,,,,
2022,KOR,Other fossil fuels,7.1,,,,
2022,KOR,Total,391,,,,
2023,KOR,Coal,201,,,,
2023,KOR,Gas,170,,,,
2023,KOR,Other fossil fuels,7.0,,,,
2023,KOR,Total,378,,,,
2024,KOR,Coal,191,,,,
2024,KOR,Gas,178,,,,
2024,KOR,Other fossil fuels,6.8,,,,
2024,KOR,Total,376,,,,
2025,KOR,Coal,195,,,,
2025,KOR,Gas,175,,,,
2025,KOR,Other fossil fuels,6.0,,,,
2025,KOR,Total,375,,,,
2012,SSD,Coal,0,,,,
2012,SSD,Gas,0,,,,
2012,SSD,Other fossil fuels,0.4,,,,
2012,SSD,Total,0.4,,,,
2013,SSD,Coal,0,,,,
2013,SSD,Gas,0,,,,
2013,SSD,Other fossil fuels,0.5,,,,
2013,SSD,Total,0.5,,,,
2014,SSD,Coal,0,,,,
2014,SSD,Gas,0,,,,
2014,SSD,Other fossil fuels,0.5,,,,
2014,SSD,Total,0.5,,,,
2015,SSD,Coal,0,,,,
2015,SSD,Gas,0,,,,
2015,SSD,Other fossil fuels,0.6,,,,
2015,SSD,Total,0.6,,,,
2016,SSD,Coal,0,,,,
2016,SSD,Gas,0,,,,
2016,SSD,Other fossil fuels,0.5,,,,
2016,SSD,Total,0.5,,,,
2017,SSD,Coal,0,,,,
2017,SSD,Gas,0,,,,
2017,SSD,Other fossil fuels,0.5,,,,
2017,SSD,Total,0.5,,,,
2018,SSD,Coal,0,,,,
2018,SSD,Gas,0,,,,
2018,SSD,Other fossil fuels,0.5,,,,
2018,SSD,Total,0.5,,,,
2019,SSD,Coal,0,,,,
2019,SSD,Gas,0,,,,
2019,SSD,Other fossil fuels,0.6,,,,
2019,SSD,Total,0.6,,,,
2020,SSD,Coal,0,,,,
2020,SSD,Gas,0,,,,
2020,SSD,Other fossil fuels,0.6,,,,
2020,SSD,Total,0.6,,,,
2021,SSD,Coal,0,,,,
2021,SSD,Gas,0,,,,
2021,SSD,Other fossil fuels,0.6,,,,
2021,SSD,Total,0.6,,,,
2022,SSD,Coal,0,,,,
2022,SSD,Gas,0,,,,
2022,SSD,Other fossil fuels,0.5,,,,
2022,SSD,Total,0.5,,,,
2023,SSD,Coal,0,,,,
2023,SSD,Gas,0,,,,
2023,SSD,Other fossil fuels,0.6,,,,
2023,SSD,Total,0.6,,,,
2024,SSD,Coal,0,,,,
2024,SSD,Gas,0,,,,
2024,SSD,Other fossil fuels,0.6,,,,
2024,SSD,Total,0.6,,,,
1990,ESP,Coal,60,,,,
1990,ESP,Gas,1.5,,,,
1990,ESP,Other fossil fuels,9.6,,,,
1990,ESP,Total,71,,,,
1991,ESP,Coal,59,,,,
1991,ESP,Gas,1.4,,,,
1991,ESP,Other fossil fuels,11,,,,
1991,ESP,Total,71,,,,
1992,ESP,Coal,64,,,,
1992,ESP,Gas,1.7,,,,
1992,ESP,Other fossil fuels,15,,,,
1992,ESP,Total,81,,,,
1993,ESP,Coal,62,,,,
1993,ESP,Gas,1.2,,,,
1993,ESP,Other fossil fuels,10,,,,
1993,ESP,Total,74,,,,
1994,ESP,Coal,62,,,,
1994,ESP,Gas,3.2,,,,
1994,ESP,Other fossil fuels,11,,,,
1994,ESP,Total,76,,,,
1995,ESP,Coal,66,,,,
1995,ESP,Gas,3.8,,,,
1995,ESP,Other fossil fuels,16,,,,
1995,ESP,Total,85,,,,
1996,ESP,Coal,54,,,,
1996,ESP,Gas,6.8,,,,
1996,ESP,Other fossil fuels,15,,,,
1996,ESP,Total,76,,,,
1997,ESP,Coal,63,,,,
1997,ESP,Gas,18,,,,
1997,ESP,Other fossil fuels,16,,,,
1997,ESP,Total,97,,,,
1998,ESP,Coal,62,,,,
1998,ESP,Gas,16,,,,
1998,ESP,Other fossil fuels,20,,,,
1998,ESP,Total,98,,,,
1999,ESP,Coal,74,,,,
1999,ESP,Gas,19,,,,
1999,ESP,Other fossil fuels,27,,,,
1999,ESP,Total,120,,,,
2000,ESP,Coal,79,,,,
2000,ESP,Gas,20,,,,
2000,ESP,Other fossil fuels,25,,,,
2000,ESP,Total,124,,,,
2001,ESP,Coal,70,,,,
2001,ESP,Gas,23,,,,
2001,ESP,Other fossil fuels,26,,,,
2001,ESP,Total,120,,,,
2002,ESP,Coal,81,,,,
2002,ESP,Gas,32,,,,
2002,ESP,Other fossil fuels,30,,,,
2002,ESP,Total,144,,,,
2003,ESP,Coal,75,,,,
2003,ESP,Gas,39,,,,
2003,ESP,Other fossil fuels,26,,,,
2003,ESP,Total,140,,,,
2004,ESP,Coal,79,,,,
2004,ESP,Gas,55,,,,
2004,ESP,Other fossil fuels,28,,,,
2004,ESP,Total,163,,,,
2005,ESP,Coal,79,,,,
2005,ESP,Gas,79,,,,
2005,ESP,Other fossil fuels,32,,,,
2005,ESP,Total,190,,,,
2006,ESP,Coal,67,,,,
2006,ESP,Gas,91,,,,
2006,ESP,Other fossil fuels,26,,,,
2006,ESP,Total,183,,,,
2007,ESP,Coal,73,,,,
2007,ESP,Gas,95,,,,
2007,ESP,Other fossil fuels,21,,,,
2007,ESP,Total,188,,,,
2008,ESP,Coal,49,,,,
2008,ESP,Gas,121,,,,
2008,ESP,Other fossil fuels,19,,,,
2008,ESP,Total,189,,,,
2009,ESP,Coal,36,,,,
2009,ESP,Gas,108,,,,
2009,ESP,Other fossil fuels,20,,,,
2009,ESP,Total,164,,,,
2010,ESP,Coal,25,,,,
2010,ESP,Gas,95,,,,
2010,ESP,Other fossil fuels,18,,,,
2010,ESP,Total,138,,,,
2011,ESP,Coal,44,,,,
2011,ESP,Gas,86,,,,
2011,ESP,Other fossil fuels,17,,,,
2011,ESP,Total,146,,,,
2012,ESP,Coal,55,,,,
2012,ESP,Gas,73,,,,
2012,ESP,Other fossil fuels,17,,,,
2012,ESP,Total,146,,,,
2013,ESP,Coal,40,,,,
2013,ESP,Gas,58,,,,
2013,ESP,Other fossil fuels,16,,,,
2013,ESP,Total,113,,,,
2014,ESP,Coal,44,,,,
2014,ESP,Gas,47,,,,
2014,ESP,Other fossil fuels,16,,,,
2014,ESP,Total,107,,,,
2015,ESP,Coal,51,,,,
2015,ESP,Gas,53,,,,
2015,ESP,Other fossil fuels,19,,,,
2015,ESP,Total,123,,,,
2016,ESP,Coal,36,,,,
2016,ESP,Gas,53,,,,
2016,ESP,Other fossil fuels,18,,,,
2016,ESP,Total,107,,,,
2017,ESP,Coal,45,,,,
2017,ESP,Gas,64,,,,
2017,ESP,Other fossil fuels,17,,,,
2017,ESP,Total,126,,,,
2018,ESP,Coal,37,,,,
2018,ESP,Gas,58,,,,
2018,ESP,Other fossil fuels,16,,,,
2018,ESP,Total,112,,,,
2019,ESP,Coal,13,,,,
2019,ESP,Gas,84,,,,
2019,ESP,Other fossil fuels,15,,,,
2019,ESP,Total,111,,,,
2020,ESP,Coal,5.5,,,,
2020,ESP,Gas,70,,,,
2020,ESP,Other fossil fuels,12,,,,
2020,ESP,Total,87,,,,
2021,ESP,Coal,4.9,,,,
2021,ESP,Gas,72,,,,
2021,ESP,Other fossil fuels,12,,,,
2021,ESP,Total,88,,,,
2022,ESP,Coal,7.9,,,,
2022,ESP,Gas,86,,,,
2022,ESP,Other fossil fuels,12,,,,
2022,ESP,Total,106,,,,
2023,ESP,Coal,3.6,,,,
2023,ESP,Gas,64,,,,
2023,ESP,Other fossil fuels,10,,,,
2023,ESP,Total,78,,,,
2024,ESP,Coal,2.6,,,,
2024,ESP,Gas,52,,,,
2024,ESP,Other fossil fuels,10,,,,
2024,ESP,Total,65,,,,
2025,ESP,Coal,0.9,,,,
2025,ESP,Gas,62,,,,
2025,ESP,Other fossil fuels,10,,,,
2025,ESP,Total,73,,,,
2000,LKA,Other fossil fuels,3.6,,,,
2000,LKA,Total,3.6,,,,
2001,LKA,Other fossil fuels,3.6,,,,
2001,LKA,Total,3.6,,,,
2002,LKA,Other fossil fuels,4.2,,,,
2002,LKA,Total,4.2,,,,
2003,LKA,Other fossil fuels,4.3,,,,
2003,LKA,Total,4.3,,,,
2004,LKA,Other fossil fuels,5.1,,,,
2004,LKA,Total,5.1,,,,
2005,LKA,Other fossil fuels,5.4,,,,
2005,LKA,Total,5.4,,,,
2006,LKA,Other fossil fuels,4.8,,,,
2006,LKA,Total,4.8,,,,
2007,LKA,Other fossil fuels,5.9,,,,
2007,LKA,Total,5.9,,,,
2008,LKA,Other fossil fuels,5.8,,,,
2008,LKA,Total,5.8,,,,
2009,LKA,Other fossil fuels,6.0,,,,
2009,LKA,Total,6.0,,,,
2010,LKA,Other fossil fuels,5.0,,,,
2010,LKA,Total,5.0,,,,
2011,LKA,Coal,1.0,,,,
2011,LKA,Other fossil fuels,5.8,,,,
2011,LKA,Total,6.8,,,,
2012,LKA,Coal,1.4,,,,
2012,LKA,Other fossil fuels,6.9,,,,
2012,LKA,Total,8.3,,,,
2013,LKA,Coal,1.5,,,,
2013,LKA,Other fossil fuels,3.3,,,,
2013,LKA,Total,4.8,,,,
2014,LKA,Coal,3.2,,,,
2014,LKA,Other fossil fuels,4.4,,,,
2014,LKA,Total,7.6,,,,
2015,LKA,Coal,4.5,,,,
2015,LKA,Other fossil fuels,2.3,,,,
2015,LKA,Total,6.8,,,,
2016,LKA,Coal,5.1,,,,
2016,LKA,Other fossil fuels,4.5,,,,
2016,LKA,Total,9.6,,,,
2017,LKA,Coal,5.1,,,,
2017,LKA,Other fossil fuels,5.2,,,,
2017,LKA,Total,10,,,,
2018,LKA,Coal,5.3,,,,
2018,LKA,Other fossil fuels,3.7,,,,
2018,LKA,Total,9.0,,,,
2019,LKA,Coal,5.9,,,,
2019,LKA,Other fossil fuels,5.1,,,,
2019,LKA,Total,11,,,,
2020,LKA,Coal,6.4,,,,
2020,LKA,Other fossil fuels,4.3,,,,
2020,LKA,Total,11,,,,
2021,LKA,Coal,6.1,,,,
2021,LKA,Other fossil fuels,2.8,,,,
2021,LKA,Total,8.9,,,,
2022,LKA,Coal,5.7,,,,
2022,LKA,Other fossil fuels,2.6,,,,
2022,LKA,Total,8.3,,,,
2023,LKA,Coal,5.2,,,,
2023,LKA,Other fossil fuels,3.3,,,,
2023,LKA,Total,8.4,,,,
2024,LKA,Coal,5.7,,,,
2024,LKA,Other fossil fuels,2.2,,,,
2024,LKA,Total,7.9,,,,
2025,LKA,Coal,5.1,,,,
2025,LKA,Other fossil fuels,2.4,,,,
2025,LKA,Total,7.5,,,,
2000,SDN,Coal,0,,,,
2000,SDN,Gas,0,,,,
2000,SDN,Other fossil fuels,1.3,,,,
2000,SDN,Total,1.3,,,,
2001,SDN,Coal,0,,,,
2001,SDN,Gas,0,,,,
2001,SDN,Other fossil fuels,1.3,,,,
2001,SDN,Total,1.3,,,,
2002,SDN,Coal,0,,,,
2002,SDN,Gas,0,,,,
2002,SDN,Other fossil fuels,1.6,,,,
2002,SDN,Total,1.6,,,,
2003,SDN,Coal,0,,,,
2003,SDN,Gas,0,,,,
2003,SDN,Other fossil fuels,2.2,,,,
2003,SDN,Total,2.2,,,,
2004,SDN,Coal,0,,,,
2004,SDN,Gas,0,,,,
2004,SDN,Other fossil fuels,2.4,,,,
2004,SDN,Total,2.4,,,,
2005,SDN,Coal,0,,,,
2005,SDN,Gas,0,,,,
2005,SDN,Other fossil fuels,2.6,,,,
2005,SDN,Total,2.6,,,,
2006,SDN,Coal,0,,,,
2006,SDN,Gas,0,,,,
2006,SDN,Other fossil fuels,3.2,,,,
2006,SDN,Total,3.2,,,,
2007,SDN,Coal,0,,,,
2007,SDN,Gas,0,,,,
2007,SDN,Other fossil fuels,3.6,,,,
2007,SDN,Total,3.6,,,,
2008,SDN,Coal,0,,,,
2008,SDN,Gas,0,,,,
2008,SDN,Other fossil fuels,4.0,,,,
2008,SDN,Total,4.0,,,,
2009,SDN,Coal,0,,,,
2009,SDN,Gas,0,,,,
2009,SDN,Other fossil fuels,3.3,,,,
2009,SDN,Total,3.3,,,,
2010,SDN,Coal,0,,,,
2010,SDN,Gas,0,,,,
2010,SDN,Other fossil fuels,1.3,,,,
2010,SDN,Total,1.3,,,,
2011,SDN,Coal,0,,,,
2011,SDN,Gas,0,,,,
2011,SDN,Other fossil fuels,2.0,,,,
2011,SDN,Total,2.0,,,,
2012,SDN,Coal,0,,,,
2012,SDN,Gas,0,,,,
2012,SDN,Other fossil fuels,2.8,,,,
2012,SDN,Total,2.8,,,,
2013,SDN,Coal,0,,,,
2013,SDN,Gas,0,,,,
2013,SDN,Other fossil fuels,2.0,,,,
2013,SDN,Total,2.0,,,,
2014,SDN,Coal,0,,,,
2014,SDN,Gas,0,,,,
2014,SDN,Other fossil fuels,2.5,,,,
2014,SDN,Total,2.5,,,,
2015,SDN,Coal,0,,,,
2015,SDN,Gas,0,,,,
2015,SDN,Other fossil fuels,4.6,,,,
2015,SDN,Total,4.6,,,,
2016,SDN,Coal,0,,,,
2016,SDN,Gas,0,,,,
2016,SDN,Other fossil fuels,6.4,,,,
2016,SDN,Total,6.4,,,,
2017,SDN,Coal,0,,,,
2017,SDN,Gas,0,,,,
2017,SDN,Other fossil fuels,6.2,,,,
2017,SDN,Total,6.2,,,,
2018,SDN,Coal,0,,,,
2018,SDN,Gas,0,,,,
2018,SDN,Other fossil fuels,6.6,,,,
2018,SDN,Total,6.6,,,,
2019,SDN,Coal,0,,,,
2019,SDN,Gas,0,,,,
2019,SDN,Other fossil fuels,5.9,,,,
2019,SDN,Total,5.9,,,,
2020,SDN,Coal,0,,,,
2020,SDN,Gas,0,,,,
2020,SDN,Other fossil fuels,6.1,,,,
2020,SDN,Total,6.1,,,,
2021,SDN,Coal,0,,,,
2021,SDN,Gas,0,,,,
2021,SDN,Other fossil fuels,6.6,,,,
2021,SDN,Total,6.6,,,,
2022,SDN,Coal,0,,,,
2022,SDN,Gas,0,,,,
2022,SDN,Other fossil fuels,4.7,,,,
2022,SDN,Total,4.7,,,,
2023,SDN,Coal,0,,,,
2023,SDN,Gas,0,,,,
2023,SDN,Other fossil fuels,2.8,,,,
2023,SDN,Total,2.8,,,,
2024,SDN,Coal,0,,,,
2024,SDN,Gas,0,,,,
2024,SDN,Other fossil fuels,3.0,,,,
2024,SDN,Total,3.0,,,,
2000,SUR,Coal,0,,,,
2000,SUR,Gas,0,,,,
2000,SUR,Other fossil fuels,0.3,,,,
2000,SUR,Total,0.3,,,,
2001,SUR,Coal,0,,,,
2001,SUR,Gas,0,,,,
2001,SUR,Other fossil fuels,0.3,,,,
2001,SUR,Total,0.3,,,,
2002,SUR,Coal,0,,,,
2002,SUR,Gas,0,,,,
2002,SUR,Other fossil fuels,0.5,,,,
2002,SUR,Total,0.5,,,,
2003,SUR,Coal,0,,,,
2003,SUR,Gas,0,,,,
2003,SUR,Other fossil fuels,0.5,,,,
2003,SUR,Total,0.6,,,,
2004,SUR,Coal,0,,,,
2004,SUR,Gas,0,,,,
2004,SUR,Other fossil fuels,0.7,,,,
2004,SUR,Total,0.7,,,,
2005,SUR,Coal,0,,,,
2005,SUR,Gas,0,,,,
2005,SUR,Other fossil fuels,0.9,,,,
2005,SUR,Total,0.9,,,,
2006,SUR,Coal,0,,,,
2006,SUR,Gas,0,,,,
2006,SUR,Other fossil fuels,0.7,,,,
2006,SUR,Total,0.7,,,,
2007,SUR,Coal,0,,,,
2007,SUR,Gas,0,,,,
2007,SUR,Other fossil fuels,0.6,,,,
2007,SUR,Total,0.6,,,,
2008,SUR,Coal,0,,,,
2008,SUR,Gas,0,,,,
2008,SUR,Other fossil fuels,0.6,,,,
2008,SUR,Total,0.7,,,,
2009,SUR,Coal,0,,,,
2009,SUR,Gas,0,,,,
2009,SUR,Other fossil fuels,0.7,,,,
2009,SUR,Total,0.7,,,,
2010,SUR,Coal,0,,,,
2010,SUR,Gas,0,,,,
2010,SUR,Other fossil fuels,0.7,,,,
2010,SUR,Total,0.8,,,,
2011,SUR,Coal,0,,,,
2011,SUR,Gas,0,,,,
2011,SUR,Other fossil fuels,0.5,,,,
2011,SUR,Total,0.5,,,,
2012,SUR,Coal,0,,,,
2012,SUR,Gas,0,,,,
2012,SUR,Other fossil fuels,0.8,,,,
2012,SUR,Total,0.9,,,,
2013,SUR,Coal,0,,,,
2013,SUR,Gas,0,,,,
2013,SUR,Other fossil fuels,0.9,,,,
2013,SUR,Total,0.9,,,,
2014,SUR,Coal,0,,,,
2014,SUR,Gas,0,,,,
2014,SUR,Other fossil fuels,1.3,,,,
2014,SUR,Total,1.3,,,,
2015,SUR,Coal,0,,,,
2015,SUR,Gas,0,,,,
2015,SUR,Other fossil fuels,1.4,,,,
2015,SUR,Total,1.4,,,,
2016,SUR,Coal,0,,,,
2016,SUR,Gas,0,,,,
2016,SUR,Other fossil fuels,1.0,,,,
2016,SUR,Total,1.0,,,,
2017,SUR,Coal,0,,,,
2017,SUR,Gas,0,,,,
2017,SUR,Other fossil fuels,0.9,,,,
2017,SUR,Total,0.9,,,,
2018,SUR,Coal,0,,,,
2018,SUR,Gas,0,,,,
2018,SUR,Other fossil fuels,0.9,,,,
2018,SUR,Total,0.9,,,,
2019,SUR,Coal,0,,,,
2019,SUR,Gas,0,,,,
2019,SUR,Other fossil fuels,1.1,,,,
2019,SUR,Total,1.1,,,,
2020,SUR,Coal,0,,,,
2020,SUR,Gas,0,,,,
2020,SUR,Other fossil fuels,1.0,,,,
2020,SUR,Total,1.1,,,,
2021,SUR,Coal,0,,,,
2021,SUR,Gas,0,,,,
2021,SUR,Other fossil fuels,1.1,,,,
2021,SUR,Total,1.1,,,,
2022,SUR,Coal,0,,,,
2022,SUR,Gas,0,,,,
2022,SUR,Other fossil fuels,1.2,,,,
2022,SUR,Total,1.2,,,,
2023,SUR,Coal,0,,,,
2023,SUR,Gas,0,,,,
2023,SUR,Other fossil fuels,0.8,,,,
2023,SUR,Total,0.8,,,,
2024,SUR,Coal,0,,,,
2024,SUR,Gas,0,,,,
2024,SUR,Other fossil fuels,0.8,,,,
2024,SUR,Total,0.8,,,,
1990,SWE,Coal,1.1,,,,
1990,SWE,Gas,0.4,,,,
1990,SWE,Other fossil fuels,1.9,,,,
1990,SWE,Total,3.4,,,,
1991,SWE,Coal,2.0,,,,
1991,SWE,Gas,0.6,,,,
1991,SWE,Other fossil fuels,2.6,,,,
1991,SWE,Total,5.1,,,,
1992,SWE,Coal,1.8,,,,
1992,SWE,Gas,0.8,,,,
1992,SWE,Other fossil fuels,3.4,,,,
1992,SWE,Total,6.0,,,,
1993,SWE,Coal,2.1,,,,
1993,SWE,Gas,0.9,,,,
1993,SWE,Other fossil fuels,4.0,,,,
1993,SWE,Total,7.0,,,,
1994,SWE,Coal,2.6,,,,
1994,SWE,Gas,0.9,,,,
1994,SWE,Other fossil fuels,4.7,,,,
1994,SWE,Total,8.1,,,,
1995,SWE,Coal,2.3,,,,
1995,SWE,Gas,0.9,,,,
1995,SWE,Other fossil fuels,4.7,,,,
1995,SWE,Total,7.8,,,,
1996,SWE,Coal,3.7,,,,
1996,SWE,Gas,0.7,,,,
1996,SWE,Other fossil fuels,8.0,,,,
1996,SWE,Total,12,,,,
1997,SWE,Coal,2.0,,,,
1997,SWE,Gas,0.7,,,,
1997,SWE,Other fossil fuels,4.6,,,,
1997,SWE,Total,7.3,,,,
1998,SWE,Coal,2.0,,,,
1998,SWE,Gas,0.5,,,,
1998,SWE,Other fossil fuels,4.5,,,,
1998,SWE,Total,7.1,,,,
1999,SWE,Coal,2.2,,,,
1999,SWE,Gas,0.5,,,,
1999,SWE,Other fossil fuels,4.2,,,,
1999,SWE,Total,6.9,,,,
2000,SWE,Coal,1.6,,,,
2000,SWE,Gas,0.5,,,,
2000,SWE,Other fossil fuels,2.7,,,,
2000,SWE,Total,4.8,,,,
2001,SWE,Coal,1.9,,,,
2001,SWE,Gas,0.4,,,,
2001,SWE,Other fossil fuels,3.9,,,,
2001,SWE,Total,6.2,,,,
2002,SWE,Coal,2.4,,,,
2002,SWE,Gas,0.6,,,,
2002,SWE,Other fossil fuels,4.5,,,,
2002,SWE,Total,7.4,,,,
2003,SWE,Coal,2.9,,,,
2003,SWE,Gas,0.7,,,,
2003,SWE,Other fossil fuels,5.7,,,,
2003,SWE,Total,9.2,,,,
2004,SWE,Coal,1.0,,,,
2004,SWE,Gas,0.8,,,,
2004,SWE,Other fossil fuels,4.1,,,,
2004,SWE,Total,5.9,,,,
2005,SWE,Coal,0.7,,,,
2005,SWE,Gas,0.6,,,,
2005,SWE,Other fossil fuels,3.5,,,,
2005,SWE,Total,4.8,,,,
2006,SWE,Coal,0.9,,,,
2006,SWE,Gas,0.6,,,,
2006,SWE,Other fossil fuels,3.8,,,,
2006,SWE,Total,5.2,,,,
2007,SWE,Coal,0.7,,,,
2007,SWE,Gas,0.8,,,,
2007,SWE,Other fossil fuels,2.9,,,,
2007,SWE,Total,4.4,,,,
2008,SWE,Coal,0.5,,,,
2008,SWE,Gas,0.6,,,,
2008,SWE,Other fossil fuels,3.5,,,,
2008,SWE,Total,4.6,,,,
2009,SWE,Coal,0.5,,,,
2009,SWE,Gas,1.6,,,,
2009,SWE,Other fossil fuels,2.6,,,,
2009,SWE,Total,4.6,,,,
2010,SWE,Coal,1.0,,,,
2010,SWE,Gas,2.9,,,,
2010,SWE,Other fossil fuels,4.6,,,,
2010,SWE,Total,8.5,,,,
2011,SWE,Coal,0.7,,,,
2011,SWE,Gas,1.6,,,,
2011,SWE,Other fossil fuels,3.5,,,,
2011,SWE,Total,5.7,,,,
2012,SWE,Coal,0.5,,,,
2012,SWE,Gas,0.9,,,,
2012,SWE,Other fossil fuels,2.7,,,,
2012,SWE,Total,4.1,,,,
2013,SWE,Coal,0.7,,,,
2013,SWE,Gas,0.9,,,,
2013,SWE,Other fossil fuels,2.4,,,,
2013,SWE,Total,3.9,,,,
2014,SWE,Coal,0.4,,,,
2014,SWE,Gas,0.4,,,,
2014,SWE,Other fossil fuels,2.1,,,,
2014,SWE,Total,2.9,,,,
2015,SWE,Coal,0.4,,,,
2015,SWE,Gas,0.5,,,,
2015,SWE,Other fossil fuels,2.3,,,,
2015,SWE,Total,3.2,,,,
2016,SWE,Coal,0.3,,,,
2016,SWE,Gas,0.7,,,,
2016,SWE,Other fossil fuels,2.7,,,,
2016,SWE,Total,3.7,,,,
2017,SWE,Coal,0.3,,,,
2017,SWE,Gas,0.3,,,,
2017,SWE,Other fossil fuels,2.8,,,,
2017,SWE,Total,3.5,,,,
2018,SWE,Coal,0.3,,,,
2018,SWE,Gas,0.4,,,,
2018,SWE,Other fossil fuels,2.9,,,,
2018,SWE,Total,3.7,,,,
2019,SWE,Coal,0.2,,,,
2019,SWE,Gas,0.3,,,,
2019,SWE,Other fossil fuels,2.9,,,,
2019,SWE,Total,3.4,,,,
2020,SWE,Coal,0,,,,
2020,SWE,Gas,0.1,,,,
2020,SWE,Other fossil fuels,2.3,,,,
2020,SWE,Total,2.4,,,,
2021,SWE,Coal,0,,,,
2021,SWE,Gas,0.3,,,,
2021,SWE,Other fossil fuels,2.8,,,,
2021,SWE,Total,3.1,,,,
2022,SWE,Coal,0,,,,
2022,SWE,Gas,0.2,,,,
2022,SWE,Other fossil fuels,2.7,,,,
2022,SWE,Total,2.9,,,,
2023,SWE,Coal,0,,,,
2023,SWE,Gas,0.2,,,,
2023,SWE,Other fossil fuels,2.2,,,,
2023,SWE,Total,2.3,,,,
2024,SWE,Coal,0,,,,
2024,SWE,Gas,0.1,,,,
2024,SWE,Other fossil fuels,2.0,,,,
2024,SWE,Total,2.1,,,,
2025,SWE,Coal,0,,,,
2025,SWE,Gas,0.1,,,,
2025,SWE,Other fossil fuels,2.0,,,,
2025,SWE,Total,2.1,,,,
2000,CHE,Gas,0.9,,,,
2000,CHE,Other fossil fuels,1.1,,,,
2000,CHE,Total,2.0,,,,
2001,CHE,Gas,0.9,,,,
2001,CHE,Other fossil fuels,1.2,,,,
2001,CHE,Total,2.0,,,,
2002,CHE,Gas,0.9,,,,
2002,CHE,Other fossil fuels,1.2,,,,
2002,CHE,Total,2.1,,,,
2003,CHE,Gas,0.9,,,,
2003,CHE,Other fossil fuels,1.2,,,,
2003,CHE,Total,2.1,,,,
2004,CHE,Gas,0.9,,,,
2004,CHE,Other fossil fuels,1.2,,,,
2004,CHE,Total,2.2,,,,
2005,CHE,Gas,0.9,,,,
2005,CHE,Other fossil fuels,1.3,,,,
2005,CHE,Total,2.2,,,,
2006,CHE,Gas,0.8,,,,
2006,CHE,Other fossil fuels,1.4,,,,
2006,CHE,Total,2.2,,,,
2007,CHE,Gas,0.7,,,,
2007,CHE,Other fossil fuels,1.3,,,,
2007,CHE,Total,2.0,,,,
2008,CHE,Gas,0.7,,,,
2008,CHE,Other fossil fuels,1.3,,,,
2008,CHE,Total,2.0,,,,
2009,CHE,Gas,0.7,,,,
2009,CHE,Other fossil fuels,1.2,,,,
2009,CHE,Total,2.0,,,,
2010,CHE,Gas,1.0,,,,
2010,CHE,Other fossil fuels,1.2,,,,
2010,CHE,Total,2.2,,,,
2011,CHE,Gas,1.0,,,,
2011,CHE,Other fossil fuels,1.2,,,,
2011,CHE,Total,2.2,,,,
2012,CHE,Gas,0.9,,,,
2012,CHE,Other fossil fuels,1.3,,,,
2012,CHE,Total,2.2,,,,
2013,CHE,Gas,0.8,,,,
2013,CHE,Other fossil fuels,1.3,,,,
2013,CHE,Total,2.0,,,,
2014,CHE,Gas,0.5,,,,
2014,CHE,Other fossil fuels,1.4,,,,
2014,CHE,Total,1.9,,,,
2015,CHE,Gas,0.6,,,,
2015,CHE,Other fossil fuels,1.2,,,,
2015,CHE,Total,1.9,,,,
2016,CHE,Gas,0.9,,,,
2016,CHE,Other fossil fuels,1.3,,,,
2016,CHE,Total,2.1,,,,
2017,CHE,Gas,0.7,,,,
2017,CHE,Other fossil fuels,1.3,,,,
2017,CHE,Total,2.0,,,,
2018,CHE,Gas,0.6,,,,
2018,CHE,Other fossil fuels,1.3,,,,
2018,CHE,Total,1.9,,,,
2019,CHE,Gas,0.6,,,,
2019,CHE,Other fossil fuels,1.3,,,,
2019,CHE,Total,1.9,,,,
2020,CHE,Gas,0.6,,,,
2020,CHE,Other fossil fuels,1.3,,,,
2020,CHE,Total,1.9,,,,
2021,CHE,Gas,0.5,,,,
2021,CHE,Other fossil fuels,1.2,,,,
2021,CHE,Total,1.7,,,,
2022,CHE,Gas,0.4,,,,
2022,CHE,Other fossil fuels,1.2,,,,
2022,CHE,Total,1.6,,,,
2023,CHE,Gas,0.3,,,,
2023,CHE,Other fossil fuels,1.2,,,,
2023,CHE,Total,1.4,,,,
2024,CHE,Gas,0.3,,,,
2024,CHE,Other fossil fuels,1.2,,,,
2024,CHE,Total,1.5,,,,
2025,CHE,Gas,0.3,,,,
2025,CHE,Other fossil fuels,1.2,,,,
2025,CHE,Total,1.5,,,,
2000,SYR,Coal,0,,,,
2000,SYR,Gas,9.4,,,,
2000,SYR,Other fossil fuels,13,,,,
2000,SYR,Total,22,,,,
2001,SYR,Coal,0,,,,
2001,SYR,Gas,11,,,,
2001,SYR,Other fossil fuels,12,,,,
2001,SYR,Total,23,,,,
2002,SYR,Coal,0,,,,
2002,SYR,Gas,13,,,,
2002,SYR,Other fossil fuels,13,,,,
2002,SYR,Total,26,,,,
2003,SYR,Coal,0,,,,
2003,SYR,Gas,15,,,,
2003,SYR,Other fossil fuels,12,,,,
2003,SYR,Total,28,,,,
2004,SYR,Coal,0,,,,
2004,SYR,Gas,13,,,,
2004,SYR,Other fossil fuels,15,,,,
2004,SYR,Total,28,,,,
2005,SYR,Coal,0,,,,
2005,SYR,Gas,14,,,,
2005,SYR,Other fossil fuels,18,,,,
2005,SYR,Total,32,,,,
2006,SYR,Coal,0,,,,
2006,SYR,Gas,14,,,,
2006,SYR,Other fossil fuels,19,,,,
2006,SYR,Total,34,,,,
2007,SYR,Coal,0,,,,
2007,SYR,Gas,12,,,,
2007,SYR,Other fossil fuels,23,,,,
2007,SYR,Total,35,,,,
2008,SYR,Coal,0,,,,
2008,SYR,Gas,13,,,,
2008,SYR,Other fossil fuels,25,,,,
2008,SYR,Total,38,,,,
2009,SYR,Coal,0,,,,
2009,SYR,Gas,20,,,,
2009,SYR,Other fossil fuels,22,,,,
2009,SYR,Total,41,,,,
2010,SYR,Coal,0,,,,
2010,SYR,Gas,26,,,,
2010,SYR,Other fossil fuels,18,,,,
2010,SYR,Total,44,,,,
2011,SYR,Coal,0,,,,
2011,SYR,Gas,22,,,,
2011,SYR,Other fossil fuels,16,,,,
2011,SYR,Total,39,,,,
2012,SYR,Coal,0,,,,
2012,SYR,Gas,18,,,,
2012,SYR,Other fossil fuels,11,,,,
2012,SYR,Total,29,,,,
2013,SYR,Coal,0,,,,
2013,SYR,Gas,15,,,,
2013,SYR,Other fossil fuels,7.0,,,,
2013,SYR,Total,22,,,,
2014,SYR,Coal,0,,,,
2014,SYR,Gas,14,,,,
2014,SYR,Other fossil fuels,4.9,,,,
2014,SYR,Total,19,,,,
2015,SYR,Coal,0,,,,
2015,SYR,Gas,12,,,,
2015,SYR,Other fossil fuels,5.3,,,,
2015,SYR,Total,18,,,,
2016,SYR,Coal,0,,,,
2016,SYR,Gas,11,,,,
2016,SYR,Other fossil fuels,6.5,,,,
2016,SYR,Total,17,,,,
2017,SYR,Coal,0,,,,
2017,SYR,Gas,11,,,,
2017,SYR,Other fossil fuels,7.1,,,,
2017,SYR,Total,18,,,,
2018,SYR,Coal,0,,,,
2018,SYR,Gas,11,,,,
2018,SYR,Other fossil fuels,11,,,,
2018,SYR,Total,22,,,,
2019,SYR,Coal,0,,,,
2019,SYR,Gas,10,,,,
2019,SYR,Other fossil fuels,11,,,,
2019,SYR,Total,22,,,,
2020,SYR,Coal,0,,,,
2020,SYR,Gas,8.9,,,,
2020,SYR,Other fossil fuels,11,,,,
2020,SYR,Total,20,,,,
2021,SYR,Coal,0,,,,
2021,SYR,Gas,9.4,,,,
2021,SYR,Other fossil fuels,11,,,,
2021,SYR,Total,21,,,,
2022,SYR,Coal,0,,,,
2022,SYR,Gas,7.7,,,,
2022,SYR,Other fossil fuels,12,,,,
2022,SYR,Total,19,,,,
2023,SYR,Coal,0,,,,
2023,SYR,Gas,13,,,,
2023,SYR,Other fossil fuels,11,,,,
2023,SYR,Total,24,,,,
2024,SYR,Coal,0,,,,
2024,SYR,Gas,13,,,,
2024,SYR,Other fossil fuels,11,,,,
2024,SYR,Total,24,,,,
1985,TWN,Coal,15,,,,
1985,TWN,Gas,0,,,,
1985,TWN,Other fossil fuels,5.5,,,,
1985,TWN,Total,21,,,,
1986,TWN,Coal,21,,,,
1986,TWN,Gas,0,,,,
1986,TWN,Other fossil fuels,7.8,,,,
1986,TWN,Total,29,,,,
1987,TWN,Coal,24,,,,
1987,TWN,Gas,0,,,,
1987,TWN,Other fossil fuels,6.6,,,,
1987,TWN,Total,31,,,,
1988,TWN,Coal,25,,,,
1988,TWN,Gas,0,,,,
1988,TWN,Other fossil fuels,16,,,,
1988,TWN,Total,41,,,,
1989,TWN,Coal,28,,,,
1989,TWN,Gas,0.1,,,,
1989,TWN,Other fossil fuels,23,,,,
1989,TWN,Total,51,,,,
1990,TWN,Coal,26,,,,
1990,TWN,Gas,1.3,,,,
1990,TWN,Other fossil fuels,23,,,,
1990,TWN,Total,51,,,,
1991,TWN,Coal,31,,,,
1991,TWN,Gas,3.0,,,,
1991,TWN,Other fossil fuels,26,,,,
1991,TWN,Total,60,,,,
1992,TWN,Coal,39,,,,
1992,TWN,Gas,3.1,,,,
1992,TWN,Other fossil fuels,23,,,,
1992,TWN,Total,65,,,,
1993,TWN,Coal,46,,,,
1993,TWN,Gas,2.7,,,,
1993,TWN,Other fossil fuels,27,,,,
1993,TWN,Total,77,,,,
1994,TWN,Coal,51,,,,
1994,TWN,Gas,5.6,,,,
1994,TWN,Other fossil fuels,28,,,,
1994,TWN,Total,84,,,,
1995,TWN,Coal,53,,,,
1995,TWN,Gas,6.1,,,,
1995,TWN,Other fossil fuels,34,,,,
1995,TWN,Total,93,,,,
1996,TWN,Coal,63,,,,
1996,TWN,Gas,6.5,,,,
1996,TWN,Other fossil fuels,30,,,,
1996,TWN,Total,99,,,,
1997,TWN,Coal,69,,,,
1997,TWN,Gas,9.4,,,,
1997,TWN,Other fossil fuels,31,,,,
1997,TWN,Total,108,,,,
1998,TWN,Coal,73,,,,
1998,TWN,Gas,15,,,,
1998,TWN,Other fossil fuels,31,,,,
1998,TWN,Total,120,,,,
1999,TWN,Coal,76,,,,
1999,TWN,Gas,16,,,,
1999,TWN,Other fossil fuels,33,,,,
1999,TWN,Total,125,,,,
2000,TWN,Coal,90,,,,
2000,TWN,Gas,18,,,,
2000,TWN,Other fossil fuels,32,,,,
2000,TWN,Total,141,,,,
2001,TWN,Coal,98,,,,
2001,TWN,Gas,21,,,,
2001,TWN,Other fossil fuels,27,,,,
2001,TWN,Total,147,,,,
2002,TWN,Coal,106,,,,
2002,TWN,Gas,27,,,,
2002,TWN,Other fossil fuels,22,,,,
2002,TWN,Total,155,,,,
2003,TWN,Coal,116,,,,
2003,TWN,Gas,29,,,,
2003,TWN,Other fossil fuels,20,,,,
2003,TWN,Total,165,,,,
2004,TWN,Coal,119,,,,
2004,TWN,Gas,37,,,,
2004,TWN,Other fossil fuels,18,,,,
2004,TWN,Total,174,,,,
2005,TWN,Coal,124,,,,
2005,TWN,Gas,40,,,,
2005,TWN,Other fossil fuels,18,,,,
2005,TWN,Total,182,,,,
2006,TWN,Coal,128,,,,
2006,TWN,Gas,41,,,,
2006,TWN,Other fossil fuels,20,,,,
2006,TWN,Total,189,,,,
2007,TWN,Coal,132,,,,
2007,TWN,Gas,46,,,,
2007,TWN,Other fossil fuels,17,,,,
2007,TWN,Total,196,,,,
2008,TWN,Coal,126,,,,
2008,TWN,Gas,50,,,,
2008,TWN,Other fossil fuels,15,,,,
2008,TWN,Total,191,,,,
2009,TWN,Coal,124,,,,
2009,TWN,Gas,49,,,,
2009,TWN,Other fossil fuels,9.7,,,,
2009,TWN,Total,182,,,,
2010,TWN,Coal,125,,,,
2010,TWN,Gas,62,,,,
2010,TWN,Other fossil fuels,11,,,,
2010,TWN,Total,198,,,,
2011,TWN,Coal,127,,,,
2011,TWN,Gas,66,,,,
2011,TWN,Other fossil fuels,9.7,,,,
2011,TWN,Total,203,,,,
2012,TWN,Coal,125,,,,
2012,TWN,Gas,68,,,,
2012,TWN,Other fossil fuels,7.8,,,,
2012,TWN,Total,201,,,,
2013,TWN,Coal,124,,,,
2013,TWN,Gas,70,,,,
2013,TWN,Other fossil fuels,7.0,,,,
2013,TWN,Total,201,,,,
2014,TWN,Coal,126,,,,
2014,TWN,Gas,75,,,,
2014,TWN,Other fossil fuels,8.2,,,,
2014,TWN,Total,209,,,,
2015,TWN,Coal,120,,,,
2015,TWN,Gas,81,,,,
2015,TWN,Other fossil fuels,12,,,,
2015,TWN,Total,213,,,,
2016,TWN,Coal,124,,,,
2016,TWN,Gas,85,,,,
2016,TWN,Other fossil fuels,12,,,,
2016,TWN,Total,221,,,,
2017,TWN,Coal,131,,,,
2017,TWN,Gas,93,,,,
2017,TWN,Other fossil fuels,13,,,,
2017,TWN,Total,237,,,,
2018,TWN,Coal,134,,,,
2018,TWN,Gas,94,,,,
2018,TWN,Other fossil fuels,8.4,,,,
2018,TWN,Total,237,,,,
2019,TWN,Coal,129,,,,
2019,TWN,Gas,93,,,,
2019,TWN,Other fossil fuels,6.0,,,,
2019,TWN,Total,228,,,,
2020,TWN,Coal,129,,,,
2020,TWN,Gas,102,,,,
2020,TWN,Other fossil fuels,4.5,,,,
2020,TWN,Total,235,,,,
2021,TWN,Coal,131,,,,
2021,TWN,Gas,111,,,,
2021,TWN,Other fossil fuels,5.4,,,,
2021,TWN,Total,248,,,,
2022,TWN,Coal,124,,,,
2022,TWN,Gas,114,,,,
2022,TWN,Other fossil fuels,4.5,,,,
2022,TWN,Total,242,,,,
2023,TWN,Coal,122,,,,
2023,TWN,Gas,114,,,,
2023,TWN,Other fossil fuels,3.9,,,,
2023,TWN,Total,239,,,,
2024,TWN,Coal,116,,,,
2024,TWN,Gas,125,,,,
2024,TWN,Other fossil fuels,4.3,,,,
2024,TWN,Total,245,,,,
2025,TWN,Coal,105,,,,
2025,TWN,Gas,141,,,,
2025,TWN,Other fossil fuels,4.7,,,,
2025,TWN,Total,250,,,,
2000,TJK,Coal,0,,,,
2000,TJK,Gas,0.2,,,,
2000,TJK,Other fossil fuels,0,,,,
2000,TJK,Total,0.2,,,,
2001,TJK,Coal,0,,,,
2001,TJK,Gas,0.2,,,,
2001,TJK,Other fossil fuels,0,,,,
2001,TJK,Total,0.2,,,,
2002,TJK,Coal,0,,,,
2002,TJK,Gas,0.1,,,,
2002,TJK,Other fossil fuels,0,,,,
2002,TJK,Total,0.1,,,,
2003,TJK,Coal,0,,,,
2003,TJK,Gas,0.2,,,,
2003,TJK,Other fossil fuels,0,,,,
2003,TJK,Total,0.2,,,,
2004,TJK,Coal,0,,,,
2004,TJK,Gas,0.2,,,,
2004,TJK,Other fossil fuels,0,,,,
2004,TJK,Total,0.2,,,,
2005,TJK,Coal,0,,,,
2005,TJK,Gas,0.1,,,,
2005,TJK,Other fossil fuels,0,,,,
2005,TJK,Total,0.1,,,,
2006,TJK,Coal,0,,,,
2006,TJK,Gas,0.2,,,,
2006,TJK,Other fossil fuels,0,,,,
2006,TJK,Total,0.2,,,,
2007,TJK,Coal,0,,,,
2007,TJK,Gas,0.4,,,,
2007,TJK,Other fossil fuels,0,,,,
2007,TJK,Total,0.4,,,,
2008,TJK,Coal,0,,,,
2008,TJK,Gas,0.4,,,,
2008,TJK,Other fossil fuels,0,,,,
2008,TJK,Total,0.4,,,,
2009,TJK,Coal,0,,,,
2009,TJK,Gas,0.2,,,,
2009,TJK,Other fossil fuels,0,,,,
2009,TJK,Total,0.2,,,,
2010,TJK,Coal,0,,,,
2010,TJK,Gas,0,,,,
2010,TJK,Other fossil fuels,0,,,,
2010,TJK,Total,0,,,,
2011,TJK,Coal,0,,,,
2011,TJK,Gas,0,,,,
2011,TJK,Other fossil fuels,0,,,,
2011,TJK,Total,0,,,,
2012,TJK,Coal,0,,,,
2012,TJK,Gas,0.1,,,,
2012,TJK,Other fossil fuels,0,,,,
2012,TJK,Total,0.1,,,,
2013,TJK,Coal,0,,,,
2013,TJK,Gas,0,,,,
2013,TJK,Other fossil fuels,0,,,,
2013,TJK,Total,0,,,,
2014,TJK,Coal,0.2,,,,
2014,TJK,Gas,0,,,,
2014,TJK,Other fossil fuels,0,,,,
2014,TJK,Total,0.2,,,,
2015,TJK,Coal,0.2,,,,
2015,TJK,Gas,0,,,,
2015,TJK,Other fossil fuels,0,,,,
2015,TJK,Total,0.2,,,,
2016,TJK,Coal,0.6,,,,
2016,TJK,Gas,0,,,,
2016,TJK,Other fossil fuels,0,,,,
2016,TJK,Total,0.6,,,,
2017,TJK,Coal,1.0,,,,
2017,TJK,Gas,0,,,,
2017,TJK,Other fossil fuels,0,,,,
2017,TJK,Total,1.0,,,,
2018,TJK,Coal,1.4,,,,
2018,TJK,Gas,0,,,,
2018,TJK,Other fossil fuels,0,,,,
2018,TJK,Total,1.4,,,,
2019,TJK,Coal,1.5,,,,
2019,TJK,Gas,0.3,,,,
2019,TJK,Other fossil fuels,0,,,,
2019,TJK,Total,1.8,,,,
2020,TJK,Coal,1.7,,,,
2020,TJK,Gas,0.3,,,,
2020,TJK,Other fossil fuels,0,,,,
2020,TJK,Total,2.0,,,,
2021,TJK,Coal,1.8,,,,
2021,TJK,Gas,0.3,,,,
2021,TJK,Other fossil fuels,0,,,,
2021,TJK,Total,2.1,,,,
2022,TJK,Coal,1.3,,,,
2022,TJK,Gas,0.3,,,,
2022,TJK,Other fossil fuels,0,,,,
2022,TJK,Total,1.6,,,,
2023,TJK,Coal,1.0,,,,
2023,TJK,Gas,0.2,,,,
2023,TJK,Other fossil fuels,0,,,,
2023,TJK,Total,1.2,,,,
2024,TJK,Coal,1.0,,,,
2024,TJK,Gas,0.2,,,,
2024,TJK,Other fossil fuels,0,,,,
2024,TJK,Total,1.2,,,,
2025,TJK,Coal,1.1,,,,
2025,TJK,Gas,0.3,,,,
2025,TJK,Other fossil fuels,0,,,,
2025,TJK,Total,1.4,,,,
2000,TZA,Coal,0.1,,,,
2000,TZA,Gas,0,,,,
2000,TZA,Other fossil fuels,0.3,,,,
2000,TZA,Total,0.3,,,,
2001,TZA,Coal,0.1,,,,
2001,TZA,Gas,0,,,,
2001,TZA,Other fossil fuels,0.1,,,,
2001,TZA,Total,0.2,,,,
2002,TZA,Coal,0.1,,,,
2002,TZA,Gas,0,,,,
2002,TZA,Other fossil fuels,0,,,,
2002,TZA,Total,0.1,,,,
2003,TZA,Coal,0.1,,,,
2003,TZA,Gas,0,,,,
2003,TZA,Other fossil fuels,0,,,,
2003,TZA,Total,0.1,,,,
2004,TZA,Coal,0.1,,,,
2004,TZA,Gas,0.4,,,,
2004,TZA,Other fossil fuels,0.1,,,,
2004,TZA,Total,0.6,,,,
2005,TZA,Coal,0,,,,
2005,TZA,Gas,1.2,,,,
2005,TZA,Other fossil fuels,0.6,,,,
2005,TZA,Total,1.8,,,,
2006,TZA,Coal,0,,,,
2006,TZA,Gas,1.3,,,,
2006,TZA,Other fossil fuels,0.7,,,,
2006,TZA,Total,2.0,,,,
2007,TZA,Coal,0,,,,
2007,TZA,Gas,1.1,,,,
2007,TZA,Other fossil fuels,0.5,,,,
2007,TZA,Total,1.7,,,,
2008,TZA,Coal,0,,,,
2008,TZA,Gas,1.4,,,,
2008,TZA,Other fossil fuels,0.3,,,,
2008,TZA,Total,1.7,,,,
2009,TZA,Coal,0,,,,
2009,TZA,Gas,2.0,,,,
2009,TZA,Other fossil fuels,0.1,,,,
2009,TZA,Total,2.1,,,,
2010,TZA,Coal,0,,,,
2010,TZA,Gas,2.4,,,,
2010,TZA,Other fossil fuels,0.2,,,,
2010,TZA,Total,2.6,,,,
2011,TZA,Coal,0,,,,
2011,TZA,Gas,2.6,,,,
2011,TZA,Other fossil fuels,0.5,,,,
2011,TZA,Total,3.1,,,,
2012,TZA,Coal,0,,,,
2012,TZA,Gas,3.0,,,,
2012,TZA,Other fossil fuels,0.9,,,,
2012,TZA,Total,3.8,,,,
2013,TZA,Coal,0,,,,
2013,TZA,Gas,2.9,,,,
2013,TZA,Other fossil fuels,1.3,,,,
2013,TZA,Total,4.2,,,,
2014,TZA,Coal,0,,,,
2014,TZA,Gas,2.6,,,,
2014,TZA,Other fossil fuels,1.0,,,,
2014,TZA,Total,3.6,,,,
2015,TZA,Coal,0,,,,
2015,TZA,Gas,2.9,,,,
2015,TZA,Other fossil fuels,1.5,,,,
2015,TZA,Total,4.3,,,,
2016,TZA,Coal,0,,,,
2016,TZA,Gas,4.1,,,,
2016,TZA,Other fossil fuels,0.3,,,,
2016,TZA,Total,4.4,,,,
2017,TZA,Coal,0,,,,
2017,TZA,Gas,4.3,,,,
2017,TZA,Other fossil fuels,0.3,,,,
2017,TZA,Total,4.6,,,,
2018,TZA,Coal,0,,,,
2018,TZA,Gas,4.9,,,,
2018,TZA,Other fossil fuels,0.1,,,,
2018,TZA,Total,5.0,,,,
2019,TZA,Coal,0,,,,
2019,TZA,Gas,5.1,,,,
2019,TZA,Other fossil fuels,0.1,,,,
2019,TZA,Total,5.2,,,,
2020,TZA,Coal,0,,,,
2020,TZA,Gas,4.5,,,,
2020,TZA,Other fossil fuels,0.1,,,,
2020,TZA,Total,4.6,,,,
2021,TZA,Coal,0,,,,
2021,TZA,Gas,5.4,,,,
2021,TZA,Other fossil fuels,0.1,,,,
2021,TZA,Total,5.5,,,,
2022,TZA,Coal,0,,,,
2022,TZA,Gas,6.7,,,,
2022,TZA,Other fossil fuels,0,,,,
2022,TZA,Total,6.7,,,,
2023,TZA,Coal,0,,,,
2023,TZA,Gas,7.4,,,,
2023,TZA,Other fossil fuels,0.4,,,,
2023,TZA,Total,7.8,,,,
2024,TZA,Coal,0,,,,
2024,TZA,Gas,5.6,,,,
2024,TZA,Other fossil fuels,0.4,,,,
2024,TZA,Total,5.9,,,,
1985,THA,Coal,5.3,,,,
1985,THA,Gas,11,,,,
1985,THA,Other fossil fuels,3.4,,,,
1985,THA,Total,19,,,,
1986,THA,Coal,5.5,,,,
1986,THA,Gas,10,,,,
1986,THA,Other fossil fuels,3.4,,,,
1986,THA,Total,19,,,,
1987,THA,Coal,6.7,,,,
1987,THA,Gas,16,,,,
1987,THA,Other fossil fuels,2.2,,,,
1987,THA,Total,25,,,,
1988,THA,Coal,6.8,,,,
1988,THA,Gas,19,,,,
1988,THA,Other fossil fuels,3.2,,,,
1988,THA,Total,29,,,,
1989,THA,Coal,7.9,,,,
1989,THA,Gas,19,,,,
1989,THA,Other fossil fuels,4.8,,,,
1989,THA,Total,32,,,,
1990,THA,Coal,11,,,,
1990,THA,Gas,18,,,,
1990,THA,Other fossil fuels,10,,,,
1990,THA,Total,39,,,,
1991,THA,Coal,14,,,,
1991,THA,Gas,19,,,,
1991,THA,Other fossil fuels,13,,,,
1991,THA,Total,46,,,,
1992,THA,Coal,15,,,,
1992,THA,Gas,23,,,,
1992,THA,Other fossil fuels,15,,,,
1992,THA,Total,53,,,,
1993,THA,Coal,14,,,,
1993,THA,Gas,28,,,,
1993,THA,Other fossil fuels,18,,,,
1993,THA,Total,60,,,,
1994,THA,Coal,14,,,,
1994,THA,Gas,31,,,,
1994,THA,Other fossil fuels,21,,,,
1994,THA,Total,67,,,,
1995,THA,Coal,15,,,,
1995,THA,Gas,34,,,,
1995,THA,Other fossil fuels,24,,,,
1995,THA,Total,73,,,,
1996,THA,Coal,18,,,,
1996,THA,Gas,36,,,,
1996,THA,Other fossil fuels,26,,,,
1996,THA,Total,80,,,,
1997,THA,Coal,19,,,,
1997,THA,Gas,45,,,,
1997,THA,Other fossil fuels,22,,,,
1997,THA,Total,85,,,,
1998,THA,Coal,17,,,,
1998,THA,Gas,49,,,,
1998,THA,Other fossil fuels,19,,,,
1998,THA,Total,84,,,,
1999,THA,Coal,17,,,,
1999,THA,Gas,54,,,,
1999,THA,Other fossil fuels,16,,,,
1999,THA,Total,86,,,,
2000,THA,Coal,18,,,,
2000,THA,Gas,61,,,,
2000,THA,Other fossil fuels,9.8,,,,
2000,THA,Total,89,,,,
2001,THA,Coal,20,,,,
2001,THA,Gas,71,,,,
2001,THA,Other fossil fuels,2.7,,,,
2001,THA,Total,94,,,,
2002,THA,Coal,19,,,,
2002,THA,Gas,79,,,,
2002,THA,Other fossil fuels,2.1,,,,
2002,THA,Total,100,,,,
2003,THA,Coal,19,,,,
2003,THA,Gas,86,,,,
2003,THA,Other fossil fuels,2.5,,,,
2003,THA,Total,108,,,,
2004,THA,Coal,20,,,,
2004,THA,Gas,90,,,,
2004,THA,Other fossil fuels,5.7,,,,
2004,THA,Total,116,,,,
2005,THA,Coal,21,,,,
2005,THA,Gas,94,,,,
2005,THA,Other fossil fuels,7.8,,,,
2005,THA,Total,123,,,,
2006,THA,Coal,24,,,,
2006,THA,Gas,94,,,,
2006,THA,Other fossil fuels,7.9,,,,
2006,THA,Total,127,,,,
2007,THA,Coal,31,,,,
2007,THA,Gas,98,,,,
2007,THA,Other fossil fuels,3.0,,,,
2007,THA,Total,132,,,,
2008,THA,Coal,31,,,,
2008,THA,Gas,104,,,,
2008,THA,Other fossil fuels,1.0,,,,
2008,THA,Total,136,,,,
2009,THA,Coal,30,,,,
2009,THA,Gas,106,,,,
2009,THA,Other fossil fuels,0.5,,,,
2009,THA,Total,137,,,,
2010,THA,Coal,30,,,,
2010,THA,Gas,118,,,,
2010,THA,Other fossil fuels,0.6,,,,
2010,THA,Total,149,,,,
2011,THA,Coal,32,,,,
2011,THA,Gas,108,,,,
2011,THA,Other fossil fuels,1.3,,,,
2011,THA,Total,141,,,,
2012,THA,Coal,35,,,,
2012,THA,Gas,119,,,,
2012,THA,Other fossil fuels,1.4,,,,
2012,THA,Total,155,,,,
2013,THA,Coal,35,,,,
2013,THA,Gas,119,,,,
2013,THA,Other fossil fuels,1.4,,,,
2013,THA,Total,156,,,,
2014,THA,Coal,38,,,,
2014,THA,Gas,120,,,,
2014,THA,Other fossil fuels,1.7,,,,
2014,THA,Total,160,,,,
2015,THA,Coal,35,,,,
2015,THA,Gas,129,,,,
2015,THA,Other fossil fuels,0.9,,,,
2015,THA,Total,164,,,,
2016,THA,Coal,37,,,,
2016,THA,Gas,126,,,,
2016,THA,Other fossil fuels,0.5,,,,
2016,THA,Total,164,,,,
2017,THA,Coal,36,,,,
2017,THA,Gas,121,,,,
2017,THA,Other fossil fuels,0.3,,,,
2017,THA,Total,157,,,,
2018,THA,Coal,36,,,,
2018,THA,Gas,116,,,,
2018,THA,Other fossil fuels,0.2,,,,
2018,THA,Total,152,,,,
2019,THA,Coal,36,,,,
2019,THA,Gas,122,,,,
2019,THA,Other fossil fuels,1.1,,,,
2019,THA,Total,159,,,,
2020,THA,Coal,37,,,,
2020,THA,Gas,114,,,,
2020,THA,Other fossil fuels,0.7,,,,
2020,THA,Total,151,,,,
2021,THA,Coal,36,,,,
2021,THA,Gas,113,,,,
2021,THA,Other fossil fuels,0.7,,,,
2021,THA,Total,150,,,,
2022,THA,Coal,36,,,,
2022,THA,Gas,115,,,,
2022,THA,Other fossil fuels,1.7,,,,
2022,THA,Total,152,,,,
2023,THA,Coal,30,,,,
2023,THA,Gas,129,,,,
2023,THA,Other fossil fuels,0.9,,,,
2023,THA,Total,161,,,,
2024,THA,Coal,33,,,,
2024,THA,Gas,136,,,,
2024,THA,Other fossil fuels,0.3,,,,
2024,THA,Total,170,,,,
2025,THA,Coal,34,,,,
2025,THA,Gas,123,,,,
2025,THA,Other fossil fuels,0.1,,,,
2025,THA,Total,157,,,,
2000,PHL,Coal,17,,,,
2000,PHL,Gas,0,,,,
2000,PHL,Other fossil fuels,9.2,,,,
2000,PHL,Total,26,,,,
2001,PHL,Coal,19,,,,
2001,PHL,Gas,0.9,,,,
2001,PHL,Other fossil fuels,9.9,,,,
2001,PHL,Total,30,,,,
2002,PHL,Coal,16,,,,
2002,PHL,Gas,8.8,,,,
2002,PHL,Other fossil fuels,6.3,,,,
2002,PHL,Total,31,,,,
2003,PHL,Coal,15,,,,
2003,PHL,Gas,13,,,,
2003,PHL,Other fossil fuels,7.2,,,,
2003,PHL,Total,35,,,,
2004,PHL,Coal,16,,,,
2004,PHL,Gas,12,,,,
2004,PHL,Other fossil fuels,8.5,,,,
2004,PHL,Total,37,,,,
2005,PHL,Coal,15,,,,
2005,PHL,Gas,17,,,,
2005,PHL,Other fossil fuels,6.1,,,,
2005,PHL,Total,38,,,,
2006,PHL,Coal,15,,,,
2006,PHL,Gas,16,,,,
2006,PHL,Other fossil fuels,4.7,,,,
2006,PHL,Total,36,,,,
2007,PHL,Coal,17,,,,
2007,PHL,Gas,19,,,,
2007,PHL,Other fossil fuels,5.2,,,,
2007,PHL,Total,41,,,,
2008,PHL,Coal,16,,,,
2008,PHL,Gas,20,,,,
2008,PHL,Other fossil fuels,4.9,,,,
2008,PHL,Total,40,,,,
2009,PHL,Coal,16,,,,
2009,PHL,Gas,20,,,,
2009,PHL,Other fossil fuels,5.4,,,,
2009,PHL,Total,42,,,,
2010,PHL,Coal,23,,,,
2010,PHL,Gas,20,,,,
2010,PHL,Other fossil fuels,7.1,,,,
2010,PHL,Total,50,,,,
2011,PHL,Coal,25,,,,
2011,PHL,Gas,21,,,,
2011,PHL,Other fossil fuels,3.4,,,,
2011,PHL,Total,49,,,,
2012,PHL,Coal,28,,,,
2012,PHL,Gas,20,,,,
2012,PHL,Other fossil fuels,4.3,,,,
2012,PHL,Total,52,,,,
2013,PHL,Coal,32,,,,
2013,PHL,Gas,19,,,,
2013,PHL,Other fossil fuels,4.5,,,,
2013,PHL,Total,55,,,,
2014,PHL,Coal,33,,,,
2014,PHL,Gas,19,,,,
2014,PHL,Other fossil fuels,5.7,,,,
2014,PHL,Total,57,,,,
2015,PHL,Coal,37,,,,
2015,PHL,Gas,19,,,,
2015,PHL,Other fossil fuels,5.9,,,,
2015,PHL,Total,61,,,,
2016,PHL,Coal,43,,,,
2016,PHL,Gas,20,,,,
2016,PHL,Other fossil fuels,5.7,,,,
2016,PHL,Total,69,,,,
2017,PHL,Coal,47,,,,
2017,PHL,Gas,21,,,,
2017,PHL,Other fossil fuels,3.8,,,,
2017,PHL,Total,71,,,,
2018,PHL,Coal,52,,,,
2018,PHL,Gas,21,,,,
2018,PHL,Other fossil fuels,3.2,,,,
2018,PHL,Total,76,,,,
2019,PHL,Coal,58,,,,
2019,PHL,Gas,22,,,,
2019,PHL,Other fossil fuels,3.8,,,,
2019,PHL,Total,84,,,,
2020,PHL,Coal,58,,,,
2020,PHL,Gas,20,,,,
2020,PHL,Other fossil fuels,2.5,,,,
2020,PHL,Total,80,,,,
2021,PHL,Coal,62,,,,
2021,PHL,Gas,19,,,,
2021,PHL,Other fossil fuels,1.6,,,,
2021,PHL,Total,82,,,,
2022,PHL,Coal,66,,,,
2022,PHL,Gas,18,,,,
2022,PHL,Other fossil fuels,2.5,,,,
2022,PHL,Total,87,,,,
2023,PHL,Coal,74,,,,
2023,PHL,Gas,17,,,,
2023,PHL,Other fossil fuels,1.3,,,,
2023,PHL,Total,92,,,,
2024,PHL,Coal,79,,,,
2024,PHL,Gas,18,,,,
2024,PHL,Other fossil fuels,1.3,,,,
2024,PHL,Total,99,,,,
2025,PHL,Coal,72,,,,
2025,PHL,Gas,21,,,,
2025,PHL,Other fossil fuels,0.9,,,,
2025,PHL,Total,94,,,,
2000,TGO,Coal,0,,,,
2000,TGO,Gas,0,,,,
2000,TGO,Other fossil fuels,0.1,,,,
2000,TGO,Total,0.1,,,,
2001,TGO,Coal,0,,,,
2001,TGO,Gas,0,,,,
2001,TGO,Other fossil fuels,0.1,,,,
2001,TGO,Total,0.1,,,,
2002,TGO,Coal,0,,,,
2002,TGO,Gas,0,,,,
2002,TGO,Other fossil fuels,0.1,,,,
2002,TGO,Total,0.1,,,,
2003,TGO,Coal,0,,,,
2003,TGO,Gas,0,,,,
2003,TGO,Other fossil fuels,0.1,,,,
2003,TGO,Total,0.1,,,,
2004,TGO,Coal,0,,,,
2004,TGO,Gas,0,,,,
2004,TGO,Other fossil fuels,0.1,,,,
2004,TGO,Total,0.1,,,,
2005,TGO,Coal,0,,,,
2005,TGO,Gas,0,,,,
2005,TGO,Other fossil fuels,0.1,,,,
2005,TGO,Total,0.1,,,,
2006,TGO,Coal,0,,,,
2006,TGO,Gas,0,,,,
2006,TGO,Other fossil fuels,0.1,,,,
2006,TGO,Total,0.1,,,,
2007,TGO,Coal,0,,,,
2007,TGO,Gas,0,,,,
2007,TGO,Other fossil fuels,0.1,,,,
2007,TGO,Total,0.1,,,,
2008,TGO,Coal,0,,,,
2008,TGO,Gas,0,,,,
2008,TGO,Other fossil fuels,0,,,,
2008,TGO,Total,0,,,,
2009,TGO,Coal,0,,,,
2009,TGO,Gas,0,,,,
2009,TGO,Other fossil fuels,0,,,,
2009,TGO,Total,0,,,,
2010,TGO,Coal,0,,,,
2010,TGO,Gas,0,,,,
2010,TGO,Other fossil fuels,0.1,,,,
2010,TGO,Total,0.1,,,,
2011,TGO,Coal,0,,,,
2011,TGO,Gas,0,,,,
2011,TGO,Other fossil fuels,0.1,,,,
2011,TGO,Total,0.1,,,,
2012,TGO,Coal,0,,,,
2012,TGO,Gas,0.1,,,,
2012,TGO,Other fossil fuels,0.2,,,,
2012,TGO,Total,0.2,,,,
2013,TGO,Coal,0,,,,
2013,TGO,Gas,0.1,,,,
2013,TGO,Other fossil fuels,0.2,,,,
2013,TGO,Total,0.3,,,,
2014,TGO,Coal,0,,,,
2014,TGO,Gas,0.1,,,,
2014,TGO,Other fossil fuels,0.2,,,,
2014,TGO,Total,0.2,,,,
2015,TGO,Coal,0,,,,
2015,TGO,Gas,0.2,,,,
2015,TGO,Other fossil fuels,0.2,,,,
2015,TGO,Total,0.4,,,,
2016,TGO,Coal,0,,,,
2016,TGO,Gas,0,,,,
2016,TGO,Other fossil fuels,0.7,,,,
2016,TGO,Total,0.7,,,,
2017,TGO,Coal,0,,,,
2017,TGO,Gas,0.1,,,,
2017,TGO,Other fossil fuels,0.5,,,,
2017,TGO,Total,0.6,,,,
2018,TGO,Coal,0,,,,
2018,TGO,Gas,0.2,,,,
2018,TGO,Other fossil fuels,0.2,,,,
2018,TGO,Total,0.4,,,,
2019,TGO,Coal,0,,,,
2019,TGO,Gas,0.5,,,,
2019,TGO,Other fossil fuels,0,,,,
2019,TGO,Total,0.5,,,,
2020,TGO,Coal,0,,,,
2020,TGO,Gas,0.5,,,,
2020,TGO,Other fossil fuels,0.1,,,,
2020,TGO,Total,0.5,,,,
2021,TGO,Coal,0,,,,
2021,TGO,Gas,0.5,,,,
2021,TGO,Other fossil fuels,0.1,,,,
2021,TGO,Total,0.6,,,,
2022,TGO,Coal,0,,,,
2022,TGO,Gas,0.7,,,,
2022,TGO,Other fossil fuels,0.1,,,,
2022,TGO,Total,0.7,,,,
2023,TGO,Coal,0,,,,
2023,TGO,Gas,0.5,,,,
2023,TGO,Other fossil fuels,0,,,,
2023,TGO,Total,0.5,,,,
2024,TGO,Coal,0,,,,
2024,TGO,Gas,0.5,,,,
2024,TGO,Other fossil fuels,0,,,,
2024,TGO,Total,0.5,,,,
2000,TON,Coal,0,,,,
2000,TON,Gas,0,,,,
2000,TON,Other fossil fuels,0,,,,
2000,TON,Total,0,,,,
2001,TON,Coal,0,,,,
2001,TON,Gas,0,,,,
2001,TON,Other fossil fuels,0,,,,
2001,TON,Total,0,,,,
2002,TON,Coal,0,,,,
2002,TON,Gas,0,,,,
2002,TON,Other fossil fuels,0,,,,
2002,TON,Total,0,,,,
2003,TON,Coal,0,,,,
2003,TON,Gas,0,,,,
2003,TON,Other fossil fuels,0,,,,
2003,TON,Total,0,,,,
2004,TON,Coal,0,,,,
2004,TON,Gas,0,,,,
2004,TON,Other fossil fuels,0.1,,,,
2004,TON,Total,0.1,,,,
2005,TON,Coal,0,,,,
2005,TON,Gas,0,,,,
2005,TON,Other fossil fuels,0.1,,,,
2005,TON,Total,0.1,,,,
2006,TON,Coal,0,,,,
2006,TON,Gas,0,,,,
2006,TON,Other fossil fuels,0.1,,,,
2006,TON,Total,0.1,,,,
2007,TON,Coal,0,,,,
2007,TON,Gas,0,,,,
2007,TON,Other fossil fuels,0.1,,,,
2007,TON,Total,0.1,,,,
2008,TON,Coal,0,,,,
2008,TON,Gas,0,,,,
2008,TON,Other fossil fuels,0.1,,,,
2008,TON,Total,0.1,,,,
2009,TON,Coal,0,,,,
2009,TON,Gas,0,,,,
2009,TON,Other fossil fuels,0.1,,,,
2009,TON,Total,0.1,,,,
2010,TON,Coal,0,,,,
2010,TON,Gas,0,,,,
2010,TON,Other fossil fuels,0.1,,,,
2010,TON,Total,0.1,,,,
2011,TON,Coal,0,,,,
2011,TON,Gas,0,,,,
2011,TON,Other fossil fuels,0.1,,,,
2011,TON,Total,0.1,,,,
2012,TON,Coal,0,,,,
2012,TON,Gas,0,,,,
2012,TON,Other fossil fuels,0.1,,,,
2012,TON,Total,0.1,,,,
2013,TON,Coal,0,,,,
2013,TON,Gas,0,,,,
2013,TON,Other fossil fuels,0.1,,,,
2013,TON,Total,0.1,,,,
2014,TON,Coal,0,,,,
2014,TON,Gas,0,,,,
2014,TON,Other fossil fuels,0.1,,,,
2014,TON,Total,0.1,,,,
2015,TON,Coal,0,,,,
2015,TON,Gas,0,,,,
2015,TON,Other fossil fuels,0.1,,,,
2015,TON,Total,0.1,,,,
2016,TON,Coal,0,,,,
2016,TON,Gas,0,,,,
2016,TON,Other fossil fuels,0.1,,,,
2016,TON,Total,0.1,,,,
2017,TON,Coal,0,,,,
2017,TON,Gas,0,,,,
2017,TON,Other fossil fuels,0.1,,,,
2017,TON,Total,0.1,,,,
2018,TON,Coal,0,,,,
2018,TON,Gas,0,,,,
2018,TON,Other fossil fuels,0.1,,,,
2018,TON,Total,0.1,,,,
2019,TON,Coal,0,,,,
2019,TON,Gas,0,,,,
2019,TON,Other fossil fuels,0.1,,,,
2019,TON,Total,0.1,,,,
2020,TON,Coal,0,,,,
2020,TON,Gas,0,,,,
2020,TON,Other fossil fuels,0.1,,,,
2020,TON,Total,0.1,,,,
2021,TON,Coal,0,,,,
2021,TON,Gas,0,,,,
2021,TON,Other fossil fuels,0.1,,,,
2021,TON,Total,0.1,,,,
2022,TON,Coal,0,,,,
2022,TON,Gas,0,,,,
2022,TON,Other fossil fuels,0.1,,,,
2022,TON,Total,0.1,,,,
2023,TON,Coal,0,,,,
2023,TON,Gas,0,,,,
2023,TON,Other fossil fuels,0.1,,,,
2023,TON,Total,0.1,,,,
2024,TON,Coal,0,,,,
2024,TON,Gas,0,,,,
2024,TON,Other fossil fuels,0.1,,,,
2024,TON,Total,0.1,,,,
2000,TTO,Coal,0,,,,
2000,TTO,Gas,5.4,,,,
2000,TTO,Other fossil fuels,0,,,,
2000,TTO,Total,5.4,,,,
2001,TTO,Coal,0,,,,
2001,TTO,Gas,5.6,,,,
2001,TTO,Other fossil fuels,0,,,,
2001,TTO,Total,5.6,,,,
2002,TTO,Coal,0,,,,
2002,TTO,Gas,5.6,,,,
2002,TTO,Other fossil fuels,0,,,,
2002,TTO,Total,5.6,,,,
2003,TTO,Coal,0,,,,
2003,TTO,Gas,6.4,,,,
2003,TTO,Other fossil fuels,0,,,,
2003,TTO,Total,6.4,,,,
2004,TTO,Coal,0,,,,
2004,TTO,Gas,6.4,,,,
2004,TTO,Other fossil fuels,0,,,,
2004,TTO,Total,6.4,,,,
2005,TTO,Coal,0,,,,
2005,TTO,Gas,7.0,,,,
2005,TTO,Other fossil fuels,0,,,,
2005,TTO,Total,7.0,,,,
2006,TTO,Coal,0,,,,
2006,TTO,Gas,7.1,,,,
2006,TTO,Other fossil fuels,0,,,,
2006,TTO,Total,7.1,,,,
2007,TTO,Coal,0,,,,
2007,TTO,Gas,7.6,,,,
2007,TTO,Other fossil fuels,0,,,,
2007,TTO,Total,7.7,,,,
2008,TTO,Coal,0,,,,
2008,TTO,Gas,7.7,,,,
2008,TTO,Other fossil fuels,0,,,,
2008,TTO,Total,7.7,,,,
2009,TTO,Coal,0,,,,
2009,TTO,Gas,7.8,,,,
2009,TTO,Other fossil fuels,0,,,,
2009,TTO,Total,7.8,,,,
2010,TTO,Coal,0,,,,
2010,TTO,Gas,8.5,,,,
2010,TTO,Other fossil fuels,0,,,,
2010,TTO,Total,8.5,,,,
2011,TTO,Coal,0,,,,
2011,TTO,Gas,8.7,,,,
2011,TTO,Other fossil fuels,0,,,,
2011,TTO,Total,8.8,,,,
2012,TTO,Coal,0,,,,
2012,TTO,Gas,9.1,,,,
2012,TTO,Other fossil fuels,0,,,,
2012,TTO,Total,9.1,,,,
2013,TTO,Coal,0,,,,
2013,TTO,Gas,9.5,,,,
2013,TTO,Other fossil fuels,0,,,,
2013,TTO,Total,9.5,,,,
2014,TTO,Coal,0,,,,
2014,TTO,Gas,9.4,,,,
2014,TTO,Other fossil fuels,0,,,,
2014,TTO,Total,9.4,,,,
2015,TTO,Coal,0,,,,
2015,TTO,Gas,9.5,,,,
2015,TTO,Other fossil fuels,0,,,,
2015,TTO,Total,9.6,,,,
2016,TTO,Coal,0,,,,
2016,TTO,Gas,9.4,,,,
2016,TTO,Other fossil fuels,0,,,,
2016,TTO,Total,9.4,,,,
2017,TTO,Coal,0,,,,
2017,TTO,Gas,9.3,,,,
2017,TTO,Other fossil fuels,0,,,,
2017,TTO,Total,9.3,,,,
2018,TTO,Coal,0,,,,
2018,TTO,Gas,9.2,,,,
2018,TTO,Other fossil fuels,0,,,,
2018,TTO,Total,9.2,,,,
2019,TTO,Coal,0,,,,
2019,TTO,Gas,9.2,,,,
2019,TTO,Other fossil fuels,0,,,,
2019,TTO,Total,9.2,,,,
2020,TTO,Coal,0,,,,
2020,TTO,Gas,9.2,,,,
2020,TTO,Other fossil fuels,0,,,,
2020,TTO,Total,9.2,,,,
2021,TTO,Coal,0,,,,
2021,TTO,Gas,9.2,,,,
2021,TTO,Other fossil fuels,0,,,,
2021,TTO,Total,9.3,,,,
2022,TTO,Coal,0,,,,
2022,TTO,Gas,9.5,,,,
2022,TTO,Other fossil fuels,0,,,,
2022,TTO,Total,9.5,,,,
2023,TTO,Coal,0,,,,
2023,TTO,Gas,9.5,,,,
2023,TTO,Other fossil fuels,0,,,,
2023,TTO,Total,9.5,,,,
2024,TTO,Coal,0,,,,
2024,TTO,Gas,9.5,,,,
2024,TTO,Other fossil fuels,0,,,,
2024,TTO,Total,9.5,,,,
2000,TUN,Coal,0,,,,
2000,TUN,Gas,9.3,,,,
2000,TUN,Other fossil fuels,1.2,,,,
2000,TUN,Total,11,,,,
2001,TUN,Coal,0,,,,
2001,TUN,Gas,10,,,,
2001,TUN,Other fossil fuels,1.1,,,,
2001,TUN,Total,11,,,,
2002,TUN,Coal,0,,,,
2002,TUN,Gas,11,,,,
2002,TUN,Other fossil fuels,1.2,,,,
2002,TUN,Total,12,,,,
2003,TUN,Coal,0,,,,
2003,TUN,Gas,11,,,,
2003,TUN,Other fossil fuels,0.1,,,,
2003,TUN,Total,11,,,,
2004,TUN,Coal,0,,,,
2004,TUN,Gas,12,,,,
2004,TUN,Other fossil fuels,0.2,,,,
2004,TUN,Total,12,,,,
2005,TUN,Coal,0,,,,
2005,TUN,Gas,12,,,,
2005,TUN,Other fossil fuels,0.2,,,,
2005,TUN,Total,12,,,,
2006,TUN,Coal,0,,,,
2006,TUN,Gas,12,,,,
2006,TUN,Other fossil fuels,1.0,,,,
2006,TUN,Total,13,,,,
2007,TUN,Coal,0,,,,
2007,TUN,Gas,12,,,,
2007,TUN,Other fossil fuels,1.5,,,,
2007,TUN,Total,14,,,,
2008,TUN,Coal,0,,,,
2008,TUN,Gas,14,,,,
2008,TUN,Other fossil fuels,0.7,,,,
2008,TUN,Total,14,,,,
2009,TUN,Coal,0,,,,
2009,TUN,Gas,15,,,,
2009,TUN,Other fossil fuels,0.5,,,,
2009,TUN,Total,15,,,,
2010,TUN,Coal,0,,,,
2010,TUN,Gas,16,,,,
2010,TUN,Other fossil fuels,0,,,,
2010,TUN,Total,16,,,,
2011,TUN,Coal,0,,,,
2011,TUN,Gas,16,,,,
2011,TUN,Other fossil fuels,0,,,,
2011,TUN,Total,16,,,,
2012,TUN,Coal,0,,,,
2012,TUN,Gas,18,,,,
2012,TUN,Other fossil fuels,0,,,,
2012,TUN,Total,18,,,,
2013,TUN,Coal,0,,,,
2013,TUN,Gas,18,,,,
2013,TUN,Other fossil fuels,0.1,,,,
2013,TUN,Total,18,,,,
2014,TUN,Coal,0,,,,
2014,TUN,Gas,18,,,,
2014,TUN,Other fossil fuels,0.4,,,,
2014,TUN,Total,18,,,,
2015,TUN,Coal,0,,,,
2015,TUN,Gas,18,,,,
2015,TUN,Other fossil fuels,0.9,,,,
2015,TUN,Total,19,,,,
2016,TUN,Coal,0,,,,
2016,TUN,Gas,19,,,,
2016,TUN,Other fossil fuels,0,,,,
2016,TUN,Total,19,,,,
2017,TUN,Coal,0,,,,
2017,TUN,Gas,20,,,,
2017,TUN,Other fossil fuels,0.3,,,,
2017,TUN,Total,20,,,,
2018,TUN,Coal,0,,,,
2018,TUN,Gas,20,,,,
2018,TUN,Other fossil fuels,0.3,,,,
2018,TUN,Total,20,,,,
2019,TUN,Coal,0,,,,
2019,TUN,Gas,21,,,,
2019,TUN,Other fossil fuels,0.3,,,,
2019,TUN,Total,21,,,,
2020,TUN,Coal,0,,,,
2020,TUN,Gas,20,,,,
2020,TUN,Other fossil fuels,0.2,,,,
2020,TUN,Total,21,,,,
2021,TUN,Coal,0,,,,
2021,TUN,Gas,21,,,,
2021,TUN,Other fossil fuels,0.3,,,,
2021,TUN,Total,21,,,,
2022,TUN,Coal,0,,,,
2022,TUN,Gas,21,,,,
2022,TUN,Other fossil fuels,0.2,,,,
2022,TUN,Total,21,,,,
2023,TUN,Coal,0,,,,
2023,TUN,Gas,20,,,,
2023,TUN,Other fossil fuels,0.2,,,,
2023,TUN,Total,20,,,,
2024,TUN,Coal,0,,,,
2024,TUN,Gas,20,,,,
2024,TUN,Other fossil fuels,0.2,,,,
2024,TUN,Total,20,,,,
2025,TUN,Coal,0,,,,
2025,TUN,Gas,21,,,,
2025,TUN,Other fossil fuels,0.2,,,,
2025,TUN,Total,21,,,,
2000,TKM,Coal,0,,,,
2000,TKM,Gas,9.9,,,,
2000,TKM,Other fossil fuels,0,,,,
2000,TKM,Total,9.9,,,,
2001,TKM,Coal,0,,,,
2001,TKM,Gas,11,,,,
2001,TKM,Other fossil fuels,0,,,,
2001,TKM,Total,11,,,,
2002,TKM,Coal,0,,,,
2002,TKM,Gas,11,,,,
2002,TKM,Other fossil fuels,0,,,,
2002,TKM,Total,11,,,,
2003,TKM,Coal,0,,,,
2003,TKM,Gas,11,,,,
2003,TKM,Other fossil fuels,0,,,,
2003,TKM,Total,11,,,,
2004,TKM,Coal,0,,,,
2004,TKM,Gas,12,,,,
2004,TKM,Other fossil fuels,0,,,,
2004,TKM,Total,12,,,,
2005,TKM,Coal,0,,,,
2005,TKM,Gas,13,,,,
2005,TKM,Other fossil fuels,0,,,,
2005,TKM,Total,13,,,,
2006,TKM,Coal,0,,,,
2006,TKM,Gas,14,,,,
2006,TKM,Other fossil fuels,0,,,,
2006,TKM,Total,14,,,,
2007,TKM,Coal,0,,,,
2007,TKM,Gas,15,,,,
2007,TKM,Other fossil fuels,0,,,,
2007,TKM,Total,15,,,,
2008,TKM,Coal,0,,,,
2008,TKM,Gas,15,,,,
2008,TKM,Other fossil fuels,0,,,,
2008,TKM,Total,15,,,,
2009,TKM,Coal,0,,,,
2009,TKM,Gas,16,,,,
2009,TKM,Other fossil fuels,0,,,,
2009,TKM,Total,16,,,,
2010,TKM,Coal,0,,,,
2010,TKM,Gas,17,,,,
2010,TKM,Other fossil fuels,0,,,,
2010,TKM,Total,17,,,,
2011,TKM,Coal,0,,,,
2011,TKM,Gas,17,,,,
2011,TKM,Other fossil fuels,0,,,,
2011,TKM,Total,17,,,,
2012,TKM,Coal,0,,,,
2012,TKM,Gas,18,,,,
2012,TKM,Other fossil fuels,0,,,,
2012,TKM,Total,18,,,,
2013,TKM,Coal,0,,,,
2013,TKM,Gas,19,,,,
2013,TKM,Other fossil fuels,0,,,,
2013,TKM,Total,19,,,,
2014,TKM,Coal,0,,,,
2014,TKM,Gas,20,,,,
2014,TKM,Other fossil fuels,0,,,,
2014,TKM,Total,20,,,,
2015,TKM,Coal,0,,,,
2015,TKM,Gas,23,,,,
2015,TKM,Other fossil fuels,0,,,,
2015,TKM,Total,23,,,,
2016,TKM,Coal,0,,,,
2016,TKM,Gas,23,,,,
2016,TKM,Other fossil fuels,0,,,,
2016,TKM,Total,23,,,,
2017,TKM,Coal,0,,,,
2017,TKM,Gas,24,,,,
2017,TKM,Other fossil fuels,0,,,,
2017,TKM,Total,24,,,,
2018,TKM,Coal,0,,,,
2018,TKM,Gas,25,,,,
2018,TKM,Other fossil fuels,0,,,,
2018,TKM,Total,25,,,,
2019,TKM,Coal,0,,,,
2019,TKM,Gas,23,,,,
2019,TKM,Other fossil fuels,0,,,,
2019,TKM,Total,23,,,,
2020,TKM,Coal,0,,,,
2020,TKM,Gas,26,,,,
2020,TKM,Other fossil fuels,0,,,,
2020,TKM,Total,26,,,,
2021,TKM,Coal,0,,,,
2021,TKM,Gas,28,,,,
2021,TKM,Other fossil fuels,0,,,,
2021,TKM,Total,28,,,,
2022,TKM,Coal,0,,,,
2022,TKM,Gas,33,,,,
2022,TKM,Other fossil fuels,0,,,,
2022,TKM,Total,33,,,,
2023,TKM,Coal,0,,,,
2023,TKM,Gas,33,,,,
2023,TKM,Other fossil fuels,0,,,,
2023,TKM,Total,33,,,,
2024,TKM,Coal,0,,,,
2024,TKM,Gas,33,,,,
2024,TKM,Other fossil fuels,0,,,,
2024,TKM,Total,33,,,,
2000,TCA,Coal,0,,,,
2000,TCA,Gas,0,,,,
2000,TCA,Other fossil fuels,0.1,,,,
2000,TCA,Total,0.1,,,,
2001,TCA,Coal,0,,,,
2001,TCA,Gas,0,,,,
2001,TCA,Other fossil fuels,0.1,,,,
2001,TCA,Total,0.1,,,,
2002,TCA,Coal,0,,,,
2002,TCA,Gas,0,,,,
2002,TCA,Other fossil fuels,0.1,,,,
2002,TCA,Total,0.1,,,,
2003,TCA,Coal,0,,,,
2003,TCA,Gas,0,,,,
2003,TCA,Other fossil fuels,0.1,,,,
2003,TCA,Total,0.1,,,,
2004,TCA,Coal,0,,,,
2004,TCA,Gas,0,,,,
2004,TCA,Other fossil fuels,0.1,,,,
2004,TCA,Total,0.1,,,,
2005,TCA,Coal,0,,,,
2005,TCA,Gas,0,,,,
2005,TCA,Other fossil fuels,0.1,,,,
2005,TCA,Total,0.1,,,,
2006,TCA,Coal,0,,,,
2006,TCA,Gas,0,,,,
2006,TCA,Other fossil fuels,0.2,,,,
2006,TCA,Total,0.2,,,,
2007,TCA,Coal,0,,,,
2007,TCA,Gas,0,,,,
2007,TCA,Other fossil fuels,0.2,,,,
2007,TCA,Total,0.2,,,,
2008,TCA,Coal,0,,,,
2008,TCA,Gas,0,,,,
2008,TCA,Other fossil fuels,0.2,,,,
2008,TCA,Total,0.2,,,,
2009,TCA,Coal,0,,,,
2009,TCA,Gas,0,,,,
2009,TCA,Other fossil fuels,0.2,,,,
2009,TCA,Total,0.2,,,,
2010,TCA,Coal,0,,,,
2010,TCA,Gas,0,,,,
2010,TCA,Other fossil fuels,0.2,,,,
2010,TCA,Total,0.2,,,,
2011,TCA,Coal,0,,,,
2011,TCA,Gas,0,,,,
2011,TCA,Other fossil fuels,0.2,,,,
2011,TCA,Total,0.2,,,,
2012,TCA,Coal,0,,,,
2012,TCA,Gas,0,,,,
2012,TCA,Other fossil fuels,0.2,,,,
2012,TCA,Total,0.2,,,,
2013,TCA,Coal,0,,,,
2013,TCA,Gas,0,,,,
2013,TCA,Other fossil fuels,0.2,,,,
2013,TCA,Total,0.2,,,,
2014,TCA,Coal,0,,,,
2014,TCA,Gas,0,,,,
2014,TCA,Other fossil fuels,0.2,,,,
2014,TCA,Total,0.2,,,,
2015,TCA,Coal,0,,,,
2015,TCA,Gas,0,,,,
2015,TCA,Other fossil fuels,0.2,,,,
2015,TCA,Total,0.2,,,,
2016,TCA,Coal,0,,,,
2016,TCA,Gas,0,,,,
2016,TCA,Other fossil fuels,0.3,,,,
2016,TCA,Total,0.3,,,,
2017,TCA,Coal,0,,,,
2017,TCA,Gas,0,,,,
2017,TCA,Other fossil fuels,0.3,,,,
2017,TCA,Total,0.3,,,,
2018,TCA,Coal,0,,,,
2018,TCA,Gas,0,,,,
2018,TCA,Other fossil fuels,0.3,,,,
2018,TCA,Total,0.3,,,,
2019,TCA,Coal,0,,,,
2019,TCA,Gas,0,,,,
2019,TCA,Other fossil fuels,0.3,,,,
2019,TCA,Total,0.3,,,,
2020,TCA,Coal,0,,,,
2020,TCA,Gas,0,,,,
2020,TCA,Other fossil fuels,0.3,,,,
2020,TCA,Total,0.3,,,,
2021,TCA,Coal,0,,,,
2021,TCA,Gas,0,,,,
2021,TCA,Other fossil fuels,0.3,,,,
2021,TCA,Total,0.3,,,,
2022,TCA,Coal,0,,,,
2022,TCA,Gas,0,,,,
2022,TCA,Other fossil fuels,0.3,,,,
2022,TCA,Total,0.3,,,,
2023,TCA,Coal,0,,,,
2023,TCA,Gas,0,,,,
2023,TCA,Other fossil fuels,0.3,,,,
2023,TCA,Total,0.3,,,,
2024,TCA,Coal,0,,,,
2024,TCA,Gas,0,,,,
2024,TCA,Other fossil fuels,0.3,,,,
2024,TCA,Total,0.3,,,,
1990,TUR,Coal,20,,,,
1990,TUR,Gas,10,,,,
1990,TUR,Other fossil fuels,3.9,,,,
1990,TUR,Total,34,,,,
1991,TUR,Coal,22,,,,
1991,TUR,Gas,13,,,,
1991,TUR,Other fossil fuels,3.3,,,,
1991,TUR,Total,37,,,,
1992,TUR,Coal,25,,,,
1992,TUR,Gas,11,,,,
1992,TUR,Other fossil fuels,5.3,,,,
1992,TUR,Total,41,,,,
1993,TUR,Coal,24,,,,
1993,TUR,Gas,11,,,,
1993,TUR,Other fossil fuels,5.2,,,,
1993,TUR,Total,40,,,,
1994,TUR,Coal,28,,,,
1994,TUR,Gas,14,,,,
1994,TUR,Other fossil fuels,5.6,,,,
1994,TUR,Total,48,,,,
1995,TUR,Coal,28,,,,
1995,TUR,Gas,17,,,,
1995,TUR,Other fossil fuels,5.8,,,,
1995,TUR,Total,50,,,,
1996,TUR,Coal,30,,,,
1996,TUR,Gas,17,,,,
1996,TUR,Other fossil fuels,6.5,,,,
1996,TUR,Total,54,,,,
1997,TUR,Coal,34,,,,
1997,TUR,Gas,22,,,,
1997,TUR,Other fossil fuels,7.2,,,,
1997,TUR,Total,63,,,,
1998,TUR,Coal,36,,,,
1998,TUR,Gas,25,,,,
1998,TUR,Other fossil fuels,7.9,,,,
1998,TUR,Total,68,,,,
1999,TUR,Coal,37,,,,
1999,TUR,Gas,36,,,,
1999,TUR,Other fossil fuels,8.1,,,,
1999,TUR,Total,82,,,,
2000,TUR,Coal,38,,,,
2000,TUR,Gas,47,,,,
2000,TUR,Other fossil fuels,8.5,,,,
2000,TUR,Total,93,,,,
2001,TUR,Coal,38,,,,
2001,TUR,Gas,50,,,,
2001,TUR,Other fossil fuels,9.8,,,,
2001,TUR,Total,98,,,,
2002,TUR,Coal,32,,,,
2002,TUR,Gas,53,,,,
2002,TUR,Other fossil fuels,9.8,,,,
2002,TUR,Total,95,,,,
2003,TUR,Coal,32,,,,
2003,TUR,Gas,64,,,,
2003,TUR,Other fossil fuels,8.2,,,,
2003,TUR,Total,104,,,,
2004,TUR,Coal,34,,,,
2004,TUR,Gas,62,,,,
2004,TUR,Other fossil fuels,6.7,,,,
2004,TUR,Total,103,,,,
2005,TUR,Coal,43,,,,
2005,TUR,Gas,73,,,,
2005,TUR,Other fossil fuels,5.2,,,,
2005,TUR,Total,122,,,,
2006,TUR,Coal,47,,,,
2006,TUR,Gas,81,,,,
2006,TUR,Other fossil fuels,4.4,,,,
2006,TUR,Total,132,,,,
2007,TUR,Coal,53,,,,
2007,TUR,Gas,95,,,,
2007,TUR,Other fossil fuels,6.6,,,,
2007,TUR,Total,155,,,,
2008,TUR,Coal,58,,,,
2008,TUR,Gas,99,,,,
2008,TUR,Other fossil fuels,7.6,,,,
2008,TUR,Total,164,,,,
2009,TUR,Coal,56,,,,
2009,TUR,Gas,96,,,,
2009,TUR,Other fossil fuels,4.9,,,,
2009,TUR,Total,157,,,,
2010,TUR,Coal,55,,,,
2010,TUR,Gas,98,,,,
2010,TUR,Other fossil fuels,2.3,,,,
2010,TUR,Total,155,,,,
2011,TUR,Coal,66,,,,
2011,TUR,Gas,104,,,,
2011,TUR,Other fossil fuels,1.0,,,,
2011,TUR,Total,171,,,,
2012,TUR,Coal,68,,,,
2012,TUR,Gas,105,,,,
2012,TUR,Other fossil fuels,1.8,,,,
2012,TUR,Total,174,,,,
2013,TUR,Coal,64,,,,
2013,TUR,Gas,105,,,,
2013,TUR,Other fossil fuels,2.0,,,,
2013,TUR,Total,171,,,,
2014,TUR,Coal,76,,,,
2014,TUR,Gas,121,,,,
2014,TUR,Other fossil fuels,2.5,,,,
2014,TUR,Total,199,,,,
2015,TUR,Coal,76,,,,
2015,TUR,Gas,99,,,,
2015,TUR,Other fossil fuels,2.7,,,,
2015,TUR,Total,178,,,,
2016,TUR,Coal,92,,,,
2016,TUR,Gas,89,,,,
2016,TUR,Other fossil fuels,2.7,,,,
2016,TUR,Total,184,,,,
2017,TUR,Coal,97,,,,
2017,TUR,Gas,110,,,,
2017,TUR,Other fossil fuels,2.1,,,,
2017,TUR,Total,210,,,,
2018,TUR,Coal,112,,,,
2018,TUR,Gas,90,,,,
2018,TUR,Other fossil fuels,1.4,,,,
2018,TUR,Total,203,,,,
2019,TUR,Coal,113,,,,
2019,TUR,Gas,55,,,,
2019,TUR,Other fossil fuels,1.0,,,,
2019,TUR,Total,169,,,,
2020,TUR,Coal,106,,,,
2020,TUR,Gas,68,,,,
2020,TUR,Other fossil fuels,0.3,,,,
2020,TUR,Total,175,,,,
2021,TUR,Coal,104,,,,
2021,TUR,Gas,107,,,,
2021,TUR,Other fossil fuels,0.4,,,,
2021,TUR,Total,212,,,,
2022,TUR,Coal,114,,,,
2022,TUR,Gas,72,,,,
2022,TUR,Other fossil fuels,0.7,,,,
2022,TUR,Total,186,,,,
2023,TUR,Coal,118,,,,
2023,TUR,Gas,66,,,,
2023,TUR,Other fossil fuels,0.9,,,,
2023,TUR,Total,185,,,,
2024,TUR,Coal,121,,,,
2024,TUR,Gas,63,,,,
2024,TUR,Other fossil fuels,1.0,,,,
2024,TUR,Total,186,,,,
2025,TUR,Coal,121,,,,
2025,TUR,Gas,78,,,,
2025,TUR,Other fossil fuels,1.0,,,,
2025,TUR,Total,201,,,,
2000,UGA,Coal,0,,,,
2000,UGA,Gas,0,,,,
2000,UGA,Other fossil fuels,0,,,,
2000,UGA,Total,0,,,,
2001,UGA,Coal,0,,,,
2001,UGA,Gas,0,,,,
2001,UGA,Other fossil fuels,0,,,,
2001,UGA,Total,0,,,,
2002,UGA,Coal,0,,,,
2002,UGA,Gas,0,,,,
2002,UGA,Other fossil fuels,0,,,,
2002,UGA,Total,0,,,,
2003,UGA,Coal,0,,,,
2003,UGA,Gas,0,,,,
2003,UGA,Other fossil fuels,0,,,,
2003,UGA,Total,0,,,,
2004,UGA,Coal,0,,,,
2004,UGA,Gas,0,,,,
2004,UGA,Other fossil fuels,0,,,,
2004,UGA,Total,0,,,,
2005,UGA,Coal,0,,,,
2005,UGA,Gas,0,,,,
2005,UGA,Other fossil fuels,0.1,,,,
2005,UGA,Total,0.1,,,,
2006,UGA,Coal,0,,,,
2006,UGA,Gas,0,,,,
2006,UGA,Other fossil fuels,0.4,,,,
2006,UGA,Total,0.4,,,,
2007,UGA,Coal,0,,,,
2007,UGA,Gas,0,,,,
2007,UGA,Other fossil fuels,0.5,,,,
2007,UGA,Total,0.5,,,,
2008,UGA,Coal,0,,,,
2008,UGA,Gas,0,,,,
2008,UGA,Other fossil fuels,0.6,,,,
2008,UGA,Total,0.6,,,,
2009,UGA,Coal,0,,,,
2009,UGA,Gas,0,,,,
2009,UGA,Other fossil fuels,0.9,,,,
2009,UGA,Total,0.9,,,,
2010,UGA,Coal,0,,,,
2010,UGA,Gas,0,,,,
2010,UGA,Other fossil fuels,1.1,,,,
2010,UGA,Total,1.1,,,,
2011,UGA,Coal,0,,,,
2011,UGA,Gas,0,,,,
2011,UGA,Other fossil fuels,1.0,,,,
2011,UGA,Total,1.0,,,,
2012,UGA,Coal,0,,,,
2012,UGA,Gas,0,,,,
2012,UGA,Other fossil fuels,0.3,,,,
2012,UGA,Total,0.3,,,,
2013,UGA,Coal,0,,,,
2013,UGA,Gas,0,,,,
2013,UGA,Other fossil fuels,0,,,,
2013,UGA,Total,0,,,,
2014,UGA,Coal,0,,,,
2014,UGA,Gas,0,,,,
2014,UGA,Other fossil fuels,0.1,,,,
2014,UGA,Total,0.1,,,,
2015,UGA,Coal,0,,,,
2015,UGA,Gas,0,,,,
2015,UGA,Other fossil fuels,0.1,,,,
2015,UGA,Total,0.1,,,,
2016,UGA,Coal,0,,,,
2016,UGA,Gas,0,,,,
2016,UGA,Other fossil fuels,0.1,,,,
2016,UGA,Total,0.1,,,,
2017,UGA,Coal,0,,,,
2017,UGA,Gas,0,,,,
2017,UGA,Other fossil fuels,0.1,,,,
2017,UGA,Total,0.1,,,,
2018,UGA,Coal,0,,,,
2018,UGA,Gas,0,,,,
2018,UGA,Other fossil fuels,0.3,,,,
2018,UGA,Total,0.3,,,,
2019,UGA,Coal,0,,,,
2019,UGA,Gas,0,,,,
2019,UGA,Other fossil fuels,0.1,,,,
2019,UGA,Total,0.1,,,,
2020,UGA,Coal,0,,,,
2020,UGA,Gas,0,,,,
2020,UGA,Other fossil fuels,0.1,,,,
2020,UGA,Total,0.1,,,,
2021,UGA,Coal,0,,,,
2021,UGA,Gas,0,,,,
2021,UGA,Other fossil fuels,0.1,,,,
2021,UGA,Total,0.1,,,,
2022,UGA,Coal,0,,,,
2022,UGA,Gas,0,,,,
2022,UGA,Other fossil fuels,0.2,,,,
2022,UGA,Total,0.2,,,,
2023,UGA,Coal,0,,,,
2023,UGA,Gas,0,,,,
2023,UGA,Other fossil fuels,0.2,,,,
2023,UGA,Total,0.2,,,,
2024,UGA,Coal,0,,,,
2024,UGA,Gas,0,,,,
2024,UGA,Other fossil fuels,0.2,,,,
2024,UGA,Total,0.2,,,,
1985,UKR,Coal,112,,,,
1985,UKR,Gas,49,,,,
1985,UKR,Other fossil fuels,47,,,,
1985,UKR,Total,208,,,,
1986,UKR,Coal,118,,,,
1986,UKR,Gas,52,,,,
1986,UKR,Other fossil fuels,50,,,,
1986,UKR,Total,219,,,,
1987,UKR,Coal,119,,,,
1987,UKR,Gas,52,,,,
1987,UKR,Other fossil fuels,50,,,,
1987,UKR,Total,221,,,,
1988,UKR,Coal,115,,,,
1988,UKR,Gas,50,,,,
1988,UKR,Other fossil fuels,48,,,,
1988,UKR,Total,213,,,,
1989,UKR,Coal,118,,,,
1989,UKR,Gas,51,,,,
1989,UKR,Other fossil fuels,50,,,,
1989,UKR,Total,219,,,,
1990,UKR,Coal,116,,,,
1990,UKR,Gas,50,,,,
1990,UKR,Other fossil fuels,48,,,,
1990,UKR,Total,214,,,,
1991,UKR,Coal,108,,,,
1991,UKR,Gas,46,,,,
1991,UKR,Other fossil fuels,39,,,,
1991,UKR,Total,193,,,,
1992,UKR,Coal,107,,,,
1992,UKR,Gas,42,,,,
1992,UKR,Other fossil fuels,23,,,,
1992,UKR,Total,172,,,,
1993,UKR,Coal,89,,,,
1993,UKR,Gas,39,,,,
1993,UKR,Other fossil fuels,17,,,,
1993,UKR,Total,145,,,,
1994,UKR,Coal,78,,,,
1994,UKR,Gas,34,,,,
1994,UKR,Other fossil fuels,11,,,,
1994,UKR,Total,123,,,,
1995,UKR,Coal,72,,,,
1995,UKR,Gas,33,,,,
1995,UKR,Other fossil fuels,11,,,,
1995,UKR,Total,115,,,,
1996,UKR,Coal,58,,,,
1996,UKR,Gas,33,,,,
1996,UKR,Other fossil fuels,5.2,,,,
1996,UKR,Total,96,,,,
1997,UKR,Coal,56,,,,
1997,UKR,Gas,31,,,,
1997,UKR,Other fossil fuels,2.5,,,,
1997,UKR,Total,90,,,,
1998,UKR,Coal,51,,,,
1998,UKR,Gas,29,,,,
1998,UKR,Other fossil fuels,2.4,,,,
1998,UKR,Total,82,,,,
1999,UKR,Coal,54,,,,
1999,UKR,Gas,30,,,,
1999,UKR,Other fossil fuels,1.6,,,,
1999,UKR,Total,86,,,,
2000,UKR,Coal,52,,,,
2000,UKR,Gas,30,,,,
2000,UKR,Other fossil fuels,1.4,,,,
2000,UKR,Total,83,,,,
2001,UKR,Coal,53,,,,
2001,UKR,Gas,30,,,,
2001,UKR,Other fossil fuels,1.2,,,,
2001,UKR,Total,85,,,,
2002,UKR,Coal,55,,,,
2002,UKR,Gas,30,,,,
2002,UKR,Other fossil fuels,1.0,,,,
2002,UKR,Total,86,,,,
2003,UKR,Coal,55,,,,
2003,UKR,Gas,34,,,,
2003,UKR,Other fossil fuels,0.8,,,,
2003,UKR,Total,90,,,,
2004,UKR,Coal,45,,,,
2004,UKR,Gas,38,,,,
2004,UKR,Other fossil fuels,0.7,,,,
2004,UKR,Total,84,,,,
2005,UKR,Coal,50,,,,
2005,UKR,Gas,34,,,,
2005,UKR,Other fossil fuels,0.7,,,,
2005,UKR,Total,85,,,,
2006,UKR,Coal,65,,,,
2006,UKR,Gas,24,,,,
2006,UKR,Other fossil fuels,0.8,,,,
2006,UKR,Total,90,,,,
2007,UKR,Coal,70,,,,
2007,UKR,Gas,22,,,,
2007,UKR,Other fossil fuels,0.8,,,,
2007,UKR,Total,93,,,,
2008,UKR,Coal,71,,,,
2008,UKR,Gas,19,,,,
2008,UKR,Other fossil fuels,1.0,,,,
2008,UKR,Total,91,,,,
2009,UKR,Coal,65,,,,
2009,UKR,Gas,12,,,,
2009,UKR,Other fossil fuels,1.7,,,,
2009,UKR,Total,79,,,,
2010,UKR,Coal,70,,,,
2010,UKR,Gas,16,,,,
2010,UKR,Other fossil fuels,0.8,,,,
2010,UKR,Total,86,,,,
2011,UKR,Coal,75,,,,
2011,UKR,Gas,18,,,,
2011,UKR,Other fossil fuels,0.6,,,,
2011,UKR,Total,94,,,,
2012,UKR,Coal,80,,,,
2012,UKR,Gas,16,,,,
2012,UKR,Other fossil fuels,1.1,,,,
2012,UKR,Total,98,,,,
2013,UKR,Coal,81,,,,
2013,UKR,Gas,14,,,,
2013,UKR,Other fossil fuels,1.1,,,,
2013,UKR,Total,96,,,,
2014,UKR,Coal,70,,,,
2014,UKR,Gas,13,,,,
2014,UKR,Other fossil fuels,1.1,,,,
2014,UKR,Total,84,,,,
2015,UKR,Coal,57,,,,
2015,UKR,Gas,10,,,,
2015,UKR,Other fossil fuels,2.3,,,,
2015,UKR,Total,69,,,,
2016,UKR,Coal,61,,,,
2016,UKR,Gas,9.8,,,,
2016,UKR,Other fossil fuels,3.3,,,,
2016,UKR,Total,74,,,,
2017,UKR,Coal,49,,,,
2017,UKR,Gas,7.4,,,,
2017,UKR,Other fossil fuels,2.9,,,,
2017,UKR,Total,60,,,,
2018,UKR,Coal,49,,,,
2018,UKR,Gas,11,,,,
2018,UKR,Other fossil fuels,2.8,,,,
2018,UKR,Total,62,,,,
2019,UKR,Coal,46,,,,
2019,UKR,Gas,12,,,,
2019,UKR,Other fossil fuels,1.8,,,,
2019,UKR,Total,59,,,,
2020,UKR,Coal,40,,,,
2020,UKR,Gas,14,,,,
2020,UKR,Other fossil fuels,0.3,,,,
2020,UKR,Total,55,,,,
2021,UKR,Coal,37,,,,
2021,UKR,Gas,10,,,,
2021,UKR,Other fossil fuels,0.8,,,,
2021,UKR,Total,49,,,,
2022,UKR,Coal,23,,,,
2022,UKR,Gas,7.2,,,,
2022,UKR,Other fossil fuels,0.5,,,,
2022,UKR,Total,31,,,,
1985,ARE,Coal,0,,,,
1985,ARE,Gas,12,,,,
1985,ARE,Other fossil fuels,0,,,,
1985,ARE,Total,12,,,,
1986,ARE,Coal,0,,,,
1986,ARE,Gas,13,,,,
1986,ARE,Other fossil fuels,0,,,,
1986,ARE,Total,13,,,,
1987,ARE,Coal,0,,,,
1987,ARE,Gas,14,,,,
1987,ARE,Other fossil fuels,0,,,,
1987,ARE,Total,14,,,,
1988,ARE,Coal,0,,,,
1988,ARE,Gas,15,,,,
1988,ARE,Other fossil fuels,0,,,,
1988,ARE,Total,15,,,,
1989,ARE,Coal,0,,,,
1989,ARE,Gas,16,,,,
1989,ARE,Other fossil fuels,0,,,,
1989,ARE,Total,16,,,,
1990,ARE,Coal,0,,,,
1990,ARE,Gas,17,,,,
1990,ARE,Other fossil fuels,0,,,,
1990,ARE,Total,17,,,,
1991,ARE,Coal,0,,,,
1991,ARE,Gas,17,,,,
1991,ARE,Other fossil fuels,0,,,,
1991,ARE,Total,17,,,,
1992,ARE,Coal,0,,,,
1992,ARE,Gas,19,,,,
1992,ARE,Other fossil fuels,0,,,,
1992,ARE,Total,19,,,,
1993,ARE,Coal,0,,,,
1993,ARE,Gas,22,,,,
1993,ARE,Other fossil fuels,0,,,,
1993,ARE,Total,22,,,,
1994,ARE,Coal,0,,,,
1994,ARE,Gas,24,,,,
1994,ARE,Other fossil fuels,0,,,,
1994,ARE,Total,24,,,,
1995,ARE,Coal,0,,,,
1995,ARE,Gas,25,,,,
1995,ARE,Other fossil fuels,0,,,,
1995,ARE,Total,25,,,,
1996,ARE,Coal,0,,,,
1996,ARE,Gas,27,,,,
1996,ARE,Other fossil fuels,0,,,,
1996,ARE,Total,27,,,,
1997,ARE,Coal,0,,,,
1997,ARE,Gas,28,,,,
1997,ARE,Other fossil fuels,0,,,,
1997,ARE,Total,28,,,,
1998,ARE,Coal,0,,,,
1998,ARE,Gas,33,,,,
1998,ARE,Other fossil fuels,0,,,,
1998,ARE,Total,33,,,,
1999,ARE,Coal,0,,,,
1999,ARE,Gas,37,,,,
1999,ARE,Other fossil fuels,0,,,,
1999,ARE,Total,37,,,,
2000,ARE,Coal,0,,,,
2000,ARE,Gas,40,,,,
2000,ARE,Other fossil fuels,0,,,,
2000,ARE,Total,40,,,,
2001,ARE,Coal,0,,,,
2001,ARE,Gas,43,,,,
2001,ARE,Other fossil fuels,0,,,,
2001,ARE,Total,43,,,,
2002,ARE,Coal,0,,,,
2002,ARE,Gas,47,,,,
2002,ARE,Other fossil fuels,0,,,,
2002,ARE,Total,47,,,,
2003,ARE,Coal,0,,,,
2003,ARE,Gas,49,,,,
2003,ARE,Other fossil fuels,0,,,,
2003,ARE,Total,49,,,,
2004,ARE,Coal,0,,,,
2004,ARE,Gas,52,,,,
2004,ARE,Other fossil fuels,0,,,,
2004,ARE,Total,52,,,,
2005,ARE,Coal,0,,,,
2005,ARE,Gas,61,,,,
2005,ARE,Other fossil fuels,0,,,,
2005,ARE,Total,61,,,,
2006,ARE,Coal,0,,,,
2006,ARE,Gas,62,,,,
2006,ARE,Other fossil fuels,0,,,,
2006,ARE,Total,62,,,,
2007,ARE,Coal,0,,,,
2007,ARE,Gas,79,,,,
2007,ARE,Other fossil fuels,0,,,,
2007,ARE,Total,79,,,,
2008,ARE,Coal,0,,,,
2008,ARE,Gas,80,,,,
2008,ARE,Other fossil fuels,0,,,,
2008,ARE,Total,80,,,,
2009,ARE,Coal,0,,,,
2009,ARE,Gas,86,,,,
2009,ARE,Other fossil fuels,0,,,,
2009,ARE,Total,86,,,,
2010,ARE,Coal,0,,,,
2010,ARE,Gas,94,,,,
2010,ARE,Other fossil fuels,0,,,,
2010,ARE,Total,94,,,,
2011,ARE,Coal,0,,,,
2011,ARE,Gas,99,,,,
2011,ARE,Other fossil fuels,0,,,,
2011,ARE,Total,99,,,,
2012,ARE,Coal,0,,,,
2012,ARE,Gas,106,,,,
2012,ARE,Other fossil fuels,0,,,,
2012,ARE,Total,106,,,,
2013,ARE,Coal,0,,,,
2013,ARE,Gas,110,,,,
2013,ARE,Other fossil fuels,0,,,,
2013,ARE,Total,110,,,,
2014,ARE,Coal,0,,,,
2014,ARE,Gas,116,,,,
2014,ARE,Other fossil fuels,0,,,,
2014,ARE,Total,116,,,,
2015,ARE,Coal,0,,,,
2015,ARE,Gas,127,,,,
2015,ARE,Other fossil fuels,0,,,,
2015,ARE,Total,127,,,,
2016,ARE,Coal,0,,,,
2016,ARE,Gas,129,,,,
2016,ARE,Other fossil fuels,0,,,,
2016,ARE,Total,129,,,,
2017,ARE,Coal,0,,,,
2017,ARE,Gas,134,,,,
2017,ARE,Other fossil fuels,0,,,,
2017,ARE,Total,134,,,,
2018,ARE,Coal,0,,,,
2018,ARE,Gas,135,,,,
2018,ARE,Other fossil fuels,0,,,,
2018,ARE,Total,135,,,,
2019,ARE,Coal,0,,,,
2019,ARE,Gas,135,,,,
2019,ARE,Other fossil fuels,0,,,,
2019,ARE,Total,135,,,,
2020,ARE,Coal,0.7,,,,
2020,ARE,Gas,130,,,,
2020,ARE,Other fossil fuels,0,,,,
2020,ARE,Total,131,,,,
2021,ARE,Coal,3.0,,,,
2021,ARE,Gas,129,,,,
2021,ARE,Other fossil fuels,0,,,,
2021,ARE,Total,132,,,,
2022,ARE,Coal,0,,,,
2022,ARE,Gas,128,,,,
2022,ARE,Other fossil fuels,0,,,,
2022,ARE,Total,128,,,,
2023,ARE,Coal,0,,,,
2023,ARE,Gas,118,,,,
2023,ARE,Other fossil fuels,0,,,,
2023,ARE,Total,118,,,,
2024,ARE,Coal,0,,,,
2024,ARE,Gas,121,,,,
2024,ARE,Other fossil fuels,0,,,,
2024,ARE,Total,121,,,,
1985,GBR,Coal,177,,,,
1985,GBR,Gas,2.9,,,,
1985,GBR,Other fossil fuels,53,,,,
1985,GBR,Total,233,,,,
1986,GBR,Coal,201,,,,
1986,GBR,Gas,1.7,,,,
1986,GBR,Other fossil fuels,34,,,,
1986,GBR,Total,237,,,,
1987,GBR,Coal,210,,,,
1987,GBR,Gas,4.5,,,,
1987,GBR,Other fossil fuels,28,,,,
1987,GBR,Total,243,,,,
1988,GBR,Coal,203,,,,
1988,GBR,Gas,4.8,,,,
1988,GBR,Other fossil fuels,32,,,,
1988,GBR,Total,240,,,,
1989,GBR,Coal,200,,,,
1989,GBR,Gas,5.0,,,,
1989,GBR,Other fossil fuels,33,,,,
1989,GBR,Total,238,,,,
1990,GBR,Coal,206,,,,
1990,GBR,Gas,5.0,,,,
1990,GBR,Other fossil fuels,37,,,,
1990,GBR,Total,248,,,,
1991,GBR,Coal,211,,,,
1991,GBR,Gas,5.8,,,,
1991,GBR,Other fossil fuels,30,,,,
1991,GBR,Total,247,,,,
1992,GBR,Coal,194,,,,
1992,GBR,Gas,13,,,,
1992,GBR,Other fossil fuels,32,,,,
1992,GBR,Total,238,,,,
1993,GBR,Coal,171,,,,
1993,GBR,Gas,34,,,,
1993,GBR,Other fossil fuels,23,,,,
1993,GBR,Total,228,,,,
1994,GBR,Coal,161,,,,
1994,GBR,Gas,53,,,,
1994,GBR,Other fossil fuels,17,,,,
1994,GBR,Total,231,,,,
1995,GBR,Coal,155,,,,
1995,GBR,Gas,64,,,,
1995,GBR,Other fossil fuels,23,,,,
1995,GBR,Total,242,,,,
1996,GBR,Coal,147,,,,
1996,GBR,Gas,84,,,,
1996,GBR,Other fossil fuels,19,,,,
1996,GBR,Total,251,,,,
1997,GBR,Coal,122,,,,
1997,GBR,Gas,111,,,,
1997,GBR,Other fossil fuels,12,,,,
1997,GBR,Total,245,,,,
1998,GBR,Coal,123,,,,
1998,GBR,Gas,118,,,,
1998,GBR,Other fossil fuels,14,,,,
1998,GBR,Total,255,,,,
1999,GBR,Coal,106,,,,
1999,GBR,Gas,143,,,,
1999,GBR,Other fossil fuels,14,,,,
1999,GBR,Total,263,,,,
2000,GBR,Coal,120,,,,
2000,GBR,Gas,148,,,,
2000,GBR,Other fossil fuels,14,,,,
2000,GBR,Total,282,,,,
2001,GBR,Coal,131,,,,
2001,GBR,Gas,142,,,,
2001,GBR,Other fossil fuels,12,,,,
2001,GBR,Total,285,,,,
2002,GBR,Coal,124,,,,
2002,GBR,Gas,152,,,,
2002,GBR,Other fossil fuels,12,,,,
2002,GBR,Total,288,,,,
2003,GBR,Coal,138,,,,
2003,GBR,Gas,149,,,,
2003,GBR,Other fossil fuels,11,,,,
2003,GBR,Total,299,,,,
2004,GBR,Coal,132,,,,
2004,GBR,Gas,157,,,,
2004,GBR,Other fossil fuels,11,,,,
2004,GBR,Total,300,,,,
2005,GBR,Coal,135,,,,
2005,GBR,Gas,153,,,,
2005,GBR,Other fossil fuels,13,,,,
2005,GBR,Total,300,,,,
2006,GBR,Coal,149,,,,
2006,GBR,Gas,141,,,,
2006,GBR,Other fossil fuels,14,,,,
2006,GBR,Total,304,,,,
2007,GBR,Coal,136,,,,
2007,GBR,Gas,166,,,,
2007,GBR,Other fossil fuels,12,,,,
2007,GBR,Total,314,,,,
2008,GBR,Coal,124,,,,
2008,GBR,Gas,176,,,,
2008,GBR,Other fossil fuels,14,,,,
2008,GBR,Total,315,,,,
2009,GBR,Coal,103,,,,
2009,GBR,Gas,167,,,,
2009,GBR,Other fossil fuels,13,,,,
2009,GBR,Total,282,,,,
2010,GBR,Coal,108,,,,
2010,GBR,Gas,176,,,,
2010,GBR,Other fossil fuels,11,,,,
2010,GBR,Total,294,,,,
2011,GBR,Coal,108,,,,
2011,GBR,Gas,147,,,,
2011,GBR,Other fossil fuels,8.9,,,,
2011,GBR,Total,264,,,,
2012,GBR,Coal,143,,,,
2012,GBR,Gas,100,,,,
2012,GBR,Other fossil fuels,9.3,,,,
2012,GBR,Total,252,,,,
2013,GBR,Coal,130,,,,
2013,GBR,Gas,96,,,,
2013,GBR,Other fossil fuels,8.4,,,,
2013,GBR,Total,234,,,,
2014,GBR,Coal,100,,,,
2014,GBR,Gas,101,,,,
2014,GBR,Other fossil fuels,8.7,,,,
2014,GBR,Total,210,,,,
2015,GBR,Coal,76,,,,
2015,GBR,Gas,100,,,,
2015,GBR,Other fossil fuels,9.4,,,,
2015,GBR,Total,185,,,,
2016,GBR,Coal,31,,,,
2016,GBR,Gas,143,,,,
2016,GBR,Other fossil fuels,11,,,,
2016,GBR,Total,184,,,,
2017,GBR,Coal,23,,,,
2017,GBR,Gas,137,,,,
2017,GBR,Other fossil fuels,9.7,,,,
2017,GBR,Total,169,,,,
2018,GBR,Coal,17,,,,
2018,GBR,Gas,131,,,,
2018,GBR,Other fossil fuels,10,,,,
2018,GBR,Total,159,,,,
2019,GBR,Coal,6.9,,,,
2019,GBR,Gas,133,,,,
2019,GBR,Other fossil fuels,11,,,,
2019,GBR,Total,151,,,,
2020,GBR,Coal,5.7,,,,
2020,GBR,Gas,112,,,,
2020,GBR,Other fossil fuels,8.8,,,,
2020,GBR,Total,126,,,,
2021,GBR,Coal,6.8,,,,
2021,GBR,Gas,123,,,,
2021,GBR,Other fossil fuels,9.7,,,,
2021,GBR,Total,139,,,,
2022,GBR,Coal,5.9,,,,
2022,GBR,Gas,125,,,,
2022,GBR,Other fossil fuels,11,,,,
2022,GBR,Total,142,,,,
2023,GBR,Coal,3.8,,,,
2023,GBR,Gas,102,,,,
2023,GBR,Other fossil fuels,11,,,,
2023,GBR,Total,116,,,,
2024,GBR,Coal,1.9,,,,
2024,GBR,Gas,86,,,,
2024,GBR,Other fossil fuels,11,,,,
2024,GBR,Total,100,,,,
2025,GBR,Coal,0.3,,,,
2025,GBR,Gas,91,,,,
2025,GBR,Other fossil fuels,13,,,,
2025,GBR,Total,104,,,,
2000,USA,Coal,1966,,,,
2000,USA,Gas,615,,,,
2000,USA,Other fossil fuels,116,,,,
2000,USA,Total,2697,,,,
2001,USA,Coal,1904,,,,
2001,USA,Gas,639,,,,
2001,USA,Other fossil fuels,136,,,,
2001,USA,Total,2679,,,,
2002,USA,Coal,1933,,,,
2002,USA,Gas,691,,,,
2002,USA,Other fossil fuels,104,,,,
2002,USA,Total,2728,,,,
2003,USA,Coal,1974,,,,
2003,USA,Gas,650,,,,
2003,USA,Other fossil fuels,132,,,,
2003,USA,Total,2756,,,,
2004,USA,Coal,1978,,,,
2004,USA,Gas,710,,,,
2004,USA,Other fossil fuels,130,,,,
2004,USA,Total,2818,,,,
2005,USA,Coal,2013,,,,
2005,USA,Gas,761,,,,
2005,USA,Other fossil fuels,126,,,,
2005,USA,Total,2900,,,,
2006,USA,Coal,1991,,,,
2006,USA,Gas,816,,,,
2006,USA,Other fossil fuels,72,,,,
2006,USA,Total,2879,,,,
2007,USA,Coal,2016,,,,
2007,USA,Gas,897,,,,
2007,USA,Other fossil fuels,75,,,,
2007,USA,Total,2988,,,,
2008,USA,Coal,1986,,,,
2008,USA,Gas,883,,,,
2008,USA,Other fossil fuels,55,,,,
2008,USA,Total,2924,,,,
2009,USA,Coal,1756,,,,
2009,USA,Gas,921,,,,
2009,USA,Other fossil fuels,49,,,,
2009,USA,Total,2725,,,,
2010,USA,Coal,1847,,,,
2010,USA,Gas,988,,,,
2010,USA,Other fossil fuels,48,,,,
2010,USA,Total,2882,,,,
2011,USA,Coal,1733,,,,
2011,USA,Gas,1014,,,,
2011,USA,Other fossil fuels,42,,,,
2011,USA,Total,2789,,,,
2012,USA,Coal,1514,,,,
2012,USA,Gas,1226,,,,
2012,USA,Other fossil fuels,39,,,,
2012,USA,Total,2779,,,,
2013,USA,Coal,1581,,,,
2013,USA,Gas,1125,,,,
2013,USA,Other fossil fuels,40,,,,
2013,USA,Total,2746,,,,
2014,USA,Coal,1582,,,,
2014,USA,Gas,1127,,,,
2014,USA,Other fossil fuels,44,,,,
2014,USA,Total,2752,,,,
2015,USA,Coal,1352,,,,
2015,USA,Gas,1333,,,,
2015,USA,Other fossil fuels,44,,,,
2015,USA,Total,2730,,,,
2016,USA,Coal,1239,,,,
2016,USA,Gas,1378,,,,
2016,USA,Other fossil fuels,40,,,,
2016,USA,Total,2657,,,,
2017,USA,Coal,1206,,,,
2017,USA,Gas,1296,,,,
2017,USA,Other fossil fuels,38,,,,
2017,USA,Total,2540,,,,
2018,USA,Coal,1149,,,,
2018,USA,Gas,1469,,,,
2018,USA,Other fossil fuels,43,,,,
2018,USA,Total,2661,,,,
2019,USA,Coal,965,,,,
2019,USA,Gas,1586,,,,
2019,USA,Other fossil fuels,37,,,,
2019,USA,Total,2588,,,,
2020,USA,Coal,773,,,,
2020,USA,Gas,1624,,,,
2020,USA,Other fossil fuels,34,,,,
2020,USA,Total,2432,,,,
2021,USA,Coal,898,,,,
2021,USA,Gas,1579,,,,
2021,USA,Other fossil fuels,35,,,,
2021,USA,Total,2512,,,,
2022,USA,Coal,832,,,,
2022,USA,Gas,1687,,,,
2022,USA,Other fossil fuels,39,,,,
2022,USA,Total,2557,,,,
2023,USA,Coal,675,,,,
2023,USA,Gas,1806,,,,
2023,USA,Other fossil fuels,33,,,,
2023,USA,Total,2514,,,,
2024,USA,Coal,652,,,,
2024,USA,Gas,1870,,,,
2024,USA,Other fossil fuels,30,,,,
2024,USA,Total,2553,,,,
2025,USA,Coal,737,,,,
2025,USA,Gas,1807,,,,
2025,USA,Other fossil fuels,32,,,,
2025,USA,Total,2576,,,,
2000,URY,Coal,0,,,,
2000,URY,Gas,0,,,,
2000,URY,Other fossil fuels,0.5,,,,
2000,URY,Total,0.5,,,,
2001,URY,Coal,0,,,,
2001,URY,Gas,0,,,,
2001,URY,Other fossil fuels,0,,,,
2001,URY,Total,0,,,,
2002,URY,Coal,0,,,,
2002,URY,Gas,0,,,,
2002,URY,Other fossil fuels,0,,,,
2002,URY,Total,0,,,,
2003,URY,Coal,0,,,,
2003,URY,Gas,0,,,,
2003,URY,Other fossil fuels,0,,,,
2003,URY,Total,0,,,,
2004,URY,Coal,0,,,,
2004,URY,Gas,0,,,,
2004,URY,Other fossil fuels,1.1,,,,
2004,URY,Total,1.1,,,,
2005,URY,Coal,0,,,,
2005,URY,Gas,0,,,,
2005,URY,Other fossil fuels,1.0,,,,
2005,URY,Total,1.0,,,,
2006,URY,Coal,0,,,,
2006,URY,Gas,0,,,,
2006,URY,Other fossil fuels,2.0,,,,
2006,URY,Total,2.0,,,,
2007,URY,Coal,0,,,,
2007,URY,Gas,0,,,,
2007,URY,Other fossil fuels,1.2,,,,
2007,URY,Total,1.2,,,,
2008,URY,Coal,0,,,,
2008,URY,Gas,0,,,,
2008,URY,Other fossil fuels,3.4,,,,
2008,URY,Total,3.4,,,,
2009,URY,Coal,0,,,,
2009,URY,Gas,0,,,,
2009,URY,Other fossil fuels,2.7,,,,
2009,URY,Total,2.8,,,,
2010,URY,Coal,0,,,,
2010,URY,Gas,0.1,,,,
2010,URY,Other fossil fuels,1.1,,,,
2010,URY,Total,1.2,,,,
2011,URY,Coal,0,,,,
2011,URY,Gas,0.1,,,,
2011,URY,Other fossil fuels,2.5,,,,
2011,URY,Total,2.6,,,,
2012,URY,Coal,0,,,,
2012,URY,Gas,0,,,,
2012,URY,Other fossil fuels,3.7,,,,
2012,URY,Total,3.8,,,,
2013,URY,Coal,0,,,,
2013,URY,Gas,0,,,,
2013,URY,Other fossil fuels,1.9,,,,
2013,URY,Total,1.9,,,,
2014,URY,Coal,0,,,,
2014,URY,Gas,0,,,,
2014,URY,Other fossil fuels,0.7,,,,
2014,URY,Total,0.7,,,,
2015,URY,Coal,0,,,,
2015,URY,Gas,0,,,,
2015,URY,Other fossil fuels,0.9,,,,
2015,URY,Total,0.9,,,,
2016,URY,Coal,0,,,,
2016,URY,Gas,0,,,,
2016,URY,Other fossil fuels,0.4,,,,
2016,URY,Total,0.4,,,,
2017,URY,Coal,0,,,,
2017,URY,Gas,0,,,,
2017,URY,Other fossil fuels,0.2,,,,
2017,URY,Total,0.2,,,,
2018,URY,Coal,0,,,,
2018,URY,Gas,0,,,,
2018,URY,Other fossil fuels,0.4,,,,
2018,URY,Total,0.4,,,,
2019,URY,Coal,0,,,,
2019,URY,Gas,0.1,,,,
2019,URY,Other fossil fuels,0.2,,,,
2019,URY,Total,0.3,,,,
2020,URY,Coal,0,,,,
2020,URY,Gas,0,,,,
2020,URY,Other fossil fuels,0.8,,,,
2020,URY,Total,0.8,,,,
2021,URY,Coal,0,,,,
2021,URY,Gas,0,,,,
2021,URY,Other fossil fuels,2.5,,,,
2021,URY,Total,2.5,,,,
2022,URY,Coal,0,,,,
2022,URY,Gas,0,,,,
2022,URY,Other fossil fuels,1.4,,,,
2022,URY,Total,1.4,,,,
2023,URY,Coal,0,,,,
2023,URY,Gas,0,,,,
2023,URY,Other fossil fuels,1.0,,,,
2023,URY,Total,1.0,,,,
2024,URY,Coal,0,,,,
2024,URY,Gas,0,,,,
2024,URY,Other fossil fuels,0.2,,,,
2024,URY,Total,0.2,,,,
2025,URY,Coal,0,,,,
2025,URY,Gas,0,,,,
2025,URY,Other fossil fuels,0.3,,,,
2025,URY,Total,0.3,,,,
2000,UZB,Coal,1.9,,,,
2000,UZB,Gas,37,,,,
2000,UZB,Other fossil fuels,4.7,,,,
2000,UZB,Total,43,,,,
2001,UZB,Coal,2.0,,,,
2001,UZB,Gas,37,,,,
2001,UZB,Other fossil fuels,4.8,,,,
2001,UZB,Total,44,,,,
2002,UZB,Coal,2.0,,,,
2002,UZB,Gas,37,,,,
2002,UZB,Other fossil fuels,4.7,,,,
2002,UZB,Total,43,,,,
2003,UZB,Coal,2.0,,,,
2003,UZB,Gas,34,,,,
2003,UZB,Other fossil fuels,4.2,,,,
2003,UZB,Total,41,,,,
2004,UZB,Coal,2.0,,,,
2004,UZB,Gas,38,,,,
2004,UZB,Other fossil fuels,3.9,,,,
2004,UZB,Total,44,,,,
2005,UZB,Coal,2.0,,,,
2005,UZB,Gas,34,,,,
2005,UZB,Other fossil fuels,3.2,,,,
2005,UZB,Total,39,,,,
2006,UZB,Coal,2.0,,,,
2006,UZB,Gas,40,,,,
2006,UZB,Other fossil fuels,2.9,,,,
2006,UZB,Total,45,,,,
2007,UZB,Coal,2.0,,,,
2007,UZB,Gas,40,,,,
2007,UZB,Other fossil fuels,2.1,,,,
2007,UZB,Total,44,,,,
2008,UZB,Coal,2.1,,,,
2008,UZB,Gas,42,,,,
2008,UZB,Other fossil fuels,1.5,,,,
2008,UZB,Total,46,,,,
2009,UZB,Coal,2.1,,,,
2009,UZB,Gas,41,,,,
2009,UZB,Other fossil fuels,1.0,,,,
2009,UZB,Total,44,,,,
2010,UZB,Coal,2.1,,,,
2010,UZB,Gas,41,,,,
2010,UZB,Other fossil fuels,0.8,,,,
2010,UZB,Total,44,,,,
2011,UZB,Coal,2.2,,,,
2011,UZB,Gas,44,,,,
2011,UZB,Other fossil fuels,0.6,,,,
2011,UZB,Total,47,,,,
2012,UZB,Coal,2.2,,,,
2012,UZB,Gas,44,,,,
2012,UZB,Other fossil fuels,0.4,,,,
2012,UZB,Total,46,,,,
2013,UZB,Coal,2.2,,,,
2013,UZB,Gas,46,,,,
2013,UZB,Other fossil fuels,0.3,,,,
2013,UZB,Total,49,,,,
2014,UZB,Coal,2.3,,,,
2014,UZB,Gas,47,,,,
2014,UZB,Other fossil fuels,0.2,,,,
2014,UZB,Total,50,,,,
2015,UZB,Coal,1.9,,,,
2015,UZB,Gas,49,,,,
2015,UZB,Other fossil fuels,0.2,,,,
2015,UZB,Total,51,,,,
2016,UZB,Coal,2.0,,,,
2016,UZB,Gas,50,,,,
2016,UZB,Other fossil fuels,0.2,,,,
2016,UZB,Total,52,,,,
2017,UZB,Coal,2.1,,,,
2017,UZB,Gas,51,,,,
2017,UZB,Other fossil fuels,0.2,,,,
2017,UZB,Total,53,,,,
2018,UZB,Coal,2.4,,,,
2018,UZB,Gas,54,,,,
2018,UZB,Other fossil fuels,0.5,,,,
2018,UZB,Total,57,,,,
2019,UZB,Coal,3.8,,,,
2019,UZB,Gas,53,,,,
2019,UZB,Other fossil fuels,0.7,,,,
2019,UZB,Total,57,,,,
2020,UZB,Coal,5.2,,,,
2020,UZB,Gas,56,,,,
2020,UZB,Other fossil fuels,0.5,,,,
2020,UZB,Total,62,,,,
2021,UZB,Coal,5.0,,,,
2021,UZB,Gas,60,,,,
2021,UZB,Other fossil fuels,1.4,,,,
2021,UZB,Total,66,,,,
2022,UZB,Coal,5.6,,,,
2022,UZB,Gas,61,,,,
2022,UZB,Other fossil fuels,1.5,,,,
2022,UZB,Total,68,,,,
2023,UZB,Coal,5.7,,,,
2023,UZB,Gas,62,,,,
2023,UZB,Other fossil fuels,1.5,,,,
2023,UZB,Total,69,,,,
2024,UZB,Coal,5.7,,,,
2024,UZB,Gas,61,,,,
2024,UZB,Other fossil fuels,1.5,,,,
2024,UZB,Total,69,,,,
2025,UZB,Coal,5.7,,,,
2025,UZB,Gas,63,,,,
2025,UZB,Other fossil fuels,1.5,,,,
2025,UZB,Total,70,,,,
2000,VUT,Coal,0,,,,
2000,VUT,Gas,0,,,,
2000,VUT,Other fossil fuels,0.1,,,,
2000,VUT,Total,0.1,,,,
2001,VUT,Coal,0,,,,
2001,VUT,Gas,0,,,,
2001,VUT,Other fossil fuels,0.1,,,,
2001,VUT,Total,0.1,,,,
2002,VUT,Coal,0,,,,
2002,VUT,Gas,0,,,,
2002,VUT,Other fossil fuels,0.1,,,,
2002,VUT,Total,0.1,,,,
2003,VUT,Coal,0,,,,
2003,VUT,Gas,0,,,,
2003,VUT,Other fossil fuels,0.1,,,,
2003,VUT,Total,0.1,,,,
2004,VUT,Coal,0,,,,
2004,VUT,Gas,0,,,,
2004,VUT,Other fossil fuels,0.1,,,,
2004,VUT,Total,0.1,,,,
2005,VUT,Coal,0,,,,
2005,VUT,Gas,0,,,,
2005,VUT,Other fossil fuels,0.1,,,,
2005,VUT,Total,0.1,,,,
2006,VUT,Coal,0,,,,
2006,VUT,Gas,0,,,,
2006,VUT,Other fossil fuels,0.1,,,,
2006,VUT,Total,0.1,,,,
2007,VUT,Coal,0,,,,
2007,VUT,Gas,0,,,,
2007,VUT,Other fossil fuels,0.1,,,,
2007,VUT,Total,0.1,,,,
2008,VUT,Coal,0,,,,
2008,VUT,Gas,0,,,,
2008,VUT,Other fossil fuels,0.1,,,,
2008,VUT,Total,0.1,,,,
2009,VUT,Coal,0,,,,
2009,VUT,Gas,0,,,,
2009,VUT,Other fossil fuels,0.1,,,,
2009,VUT,Total,0.1,,,,
2010,VUT,Coal,0,,,,
2010,VUT,Gas,0,,,,
2010,VUT,Other fossil fuels,0.1,,,,
2010,VUT,Total,0.1,,,,
2011,VUT,Coal,0,,,,
2011,VUT,Gas,0,,,,
2011,VUT,Other fossil fuels,0.1,,,,
2011,VUT,Total,0.1,,,,
2012,VUT,Coal,0,,,,
2012,VUT,Gas,0,,,,
2012,VUT,Other fossil fuels,0.1,,,,
2012,VUT,Total,0.1,,,,
2013,VUT,Coal,0,,,,
2013,VUT,Gas,0,,,,
2013,VUT,Other fossil fuels,0.1,,,,
2013,VUT,Total,0.1,,,,
2014,VUT,Coal,0,,,,
2014,VUT,Gas,0,,,,
2014,VUT,Other fossil fuels,0.1,,,,
2014,VUT,Total,0.1,,,,
2015,VUT,Coal,0,,,,
2015,VUT,Gas,0,,,,
2015,VUT,Other fossil fuels,0.1,,,,
2015,VUT,Total,0.1,,,,
2016,VUT,Coal,0,,,,
2016,VUT,Gas,0,,,,
2016,VUT,Other fossil fuels,0.1,,,,
2016,VUT,Total,0.1,,,,
2017,VUT,Coal,0,,,,
2017,VUT,Gas,0,,,,
2017,VUT,Other fossil fuels,0.1,,,,
2017,VUT,Total,0.1,,,,
2018,VUT,Coal,0,,,,
2018,VUT,Gas,0,,,,
2018,VUT,Other fossil fuels,0.1,,,,
2018,VUT,Total,0.1,,,,
2019,VUT,Coal,0,,,,
2019,VUT,Gas,0,,,,
2019,VUT,Other fossil fuels,0.1,,,,
2019,VUT,Total,0.1,,,,
2020,VUT,Coal,0,,,,
2020,VUT,Gas,0,,,,
2020,VUT,Other fossil fuels,0.1,,,,
2020,VUT,Total,0.1,,,,
2021,VUT,Coal,0,,,,
2021,VUT,Gas,0,,,,
2021,VUT,Other fossil fuels,0.1,,,,
2021,VUT,Total,0.1,,,,
2022,VUT,Coal,0,,,,
2022,VUT,Gas,0,,,,
2022,VUT,Other fossil fuels,0.1,,,,
2022,VUT,Total,0.1,,,,
2023,VUT,Coal,0,,,,
2023,VUT,Gas,0,,,,
2023,VUT,Other fossil fuels,0.1,,,,
2023,VUT,Total,0.1,,,,
2000,VEN,Coal,0,,,,
2000,VEN,Gas,14,,,,
2000,VEN,Other fossil fuels,7.9,,,,
2000,VEN,Total,22,,,,
2001,VEN,Coal,0,,,,
2001,VEN,Gas,20,,,,
2001,VEN,Other fossil fuels,10,,,,
2001,VEN,Total,30,,,,
2002,VEN,Coal,0,,,,
2002,VEN,Gas,19,,,,
2002,VEN,Other fossil fuels,13,,,,
2002,VEN,Total,32,,,,
2003,VEN,Coal,0,,,,
2003,VEN,Gas,16,,,,
2003,VEN,Other fossil fuels,15,,,,
2003,VEN,Total,31,,,,
2004,VEN,Coal,0,,,,
2004,VEN,Gas,16,,,,
2004,VEN,Other fossil fuels,12,,,,
2004,VEN,Total,28,,,,
2005,VEN,Coal,0,,,,
2005,VEN,Gas,14,,,,
2005,VEN,Other fossil fuels,14,,,,
2005,VEN,Total,28,,,,
2006,VEN,Coal,0,,,,
2006,VEN,Gas,15,,,,
2006,VEN,Other fossil fuels,14,,,,
2006,VEN,Total,29,,,,
2007,VEN,Coal,0,,,,
2007,VEN,Gas,18,,,,
2007,VEN,Other fossil fuels,13,,,,
2007,VEN,Total,31,,,,
2008,VEN,Coal,0,,,,
2008,VEN,Gas,18,,,,
2008,VEN,Other fossil fuels,15,,,,
2008,VEN,Total,32,,,,
2009,VEN,Coal,0,,,,
2009,VEN,Gas,18,,,,
2009,VEN,Other fossil fuels,16,,,,
2009,VEN,Total,34,,,,
2010,VEN,Coal,0,,,,
2010,VEN,Gas,19,,,,
2010,VEN,Other fossil fuels,18,,,,
2010,VEN,Total,37,,,,
2011,VEN,Coal,0,,,,
2011,VEN,Gas,17,,,,
2011,VEN,Other fossil fuels,17,,,,
2011,VEN,Total,34,,,,
2012,VEN,Coal,0,,,,
2012,VEN,Gas,27,,,,
2012,VEN,Other fossil fuels,20,,,,
2012,VEN,Total,46,,,,
2013,VEN,Coal,0,,,,
2013,VEN,Gas,33,,,,
2013,VEN,Other fossil fuels,19,,,,
2013,VEN,Total,52,,,,
2014,VEN,Coal,0,,,,
2014,VEN,Gas,33,,,,
2014,VEN,Other fossil fuels,18,,,,
2014,VEN,Total,51,,,,
2015,VEN,Coal,0,,,,
2015,VEN,Gas,33,,,,
2015,VEN,Other fossil fuels,20,,,,
2015,VEN,Total,53,,,,
2016,VEN,Coal,0,,,,
2016,VEN,Gas,36,,,,
2016,VEN,Other fossil fuels,18,,,,
2016,VEN,Total,54,,,,
2017,VEN,Coal,0,,,,
2017,VEN,Gas,26,,,,
2017,VEN,Other fossil fuels,17,,,,
2017,VEN,Total,43,,,,
2018,VEN,Coal,0,,,,
2018,VEN,Gas,25,,,,
2018,VEN,Other fossil fuels,17,,,,
2018,VEN,Total,42,,,,
2019,VEN,Coal,0,,,,
2019,VEN,Gas,21,,,,
2019,VEN,Other fossil fuels,14,,,,
2019,VEN,Total,35,,,,
2020,VEN,Coal,0,,,,
2020,VEN,Gas,12,,,,
2020,VEN,Other fossil fuels,6.3,,,,
2020,VEN,Total,18,,,,
2021,VEN,Coal,0,,,,
2021,VEN,Gas,12,,,,
2021,VEN,Other fossil fuels,5.4,,,,
2021,VEN,Total,17,,,,
2022,VEN,Coal,0,,,,
2022,VEN,Gas,12,,,,
2022,VEN,Other fossil fuels,5.7,,,,
2022,VEN,Total,18,,,,
2023,VEN,Coal,0,,,,
2023,VEN,Gas,3.7,,,,
2023,VEN,Other fossil fuels,3.3,,,,
2023,VEN,Total,7.0,,,,
2024,VEN,Coal,0,,,,
2024,VEN,Gas,3.6,,,,
2024,VEN,Other fossil fuels,3.5,,,,
2024,VEN,Total,7.1,,,,
1985,VNM,Coal,2.3,,,,
1985,VNM,Gas,0.1,,,,
1985,VNM,Other fossil fuels,1.2,,,,
1985,VNM,Total,3.6,,,,
1986,VNM,Coal,2.7,,,,
1986,VNM,Gas,0.1,,,,
1986,VNM,Other fossil fuels,1.4,,,,
1986,VNM,Total,4.1,,,,
1987,VNM,Coal,3.1,,,,
1987,VNM,Gas,0.1,,,,
1987,VNM,Other fossil fuels,1.5,,,,
1987,VNM,Total,4.7,,,,
1988,VNM,Coal,3.4,,,,
1988,VNM,Gas,0.1,,,,
1988,VNM,Other fossil fuels,1.5,,,,
1988,VNM,Total,5.0,,,,
1989,VNM,Coal,2.7,,,,
1989,VNM,Gas,0,,,,
1989,VNM,Other fossil fuels,1.2,,,,
1989,VNM,Total,4.0,,,,
1990,VNM,Coal,2.0,,,,
1990,VNM,Gas,0,,,,
1990,VNM,Other fossil fuels,1.3,,,,
1990,VNM,Total,3.3,,,,
1991,VNM,Coal,1.4,,,,
1991,VNM,Gas,0,,,,
1991,VNM,Other fossil fuels,1.5,,,,
1991,VNM,Total,2.9,,,,
1992,VNM,Coal,0.9,,,,
1992,VNM,Gas,0,,,,
1992,VNM,Other fossil fuels,1.6,,,,
1992,VNM,Total,2.5,,,,
1993,VNM,Coal,0.6,,,,
1993,VNM,Gas,0,,,,
1993,VNM,Other fossil fuels,2.1,,,,
1993,VNM,Total,2.7,,,,
1994,VNM,Coal,1.1,,,,
1994,VNM,Gas,0,,,,
1994,VNM,Other fossil fuels,2.0,,,,
1994,VNM,Total,3.0,,,,
1995,VNM,Coal,2.0,,,,
1995,VNM,Gas,0.8,,,,
1995,VNM,Other fossil fuels,1.3,,,,
1995,VNM,Total,4.1,,,,
1996,VNM,Coal,2.4,,,,
1996,VNM,Gas,1.1,,,,
1996,VNM,Other fossil fuels,1.5,,,,
1996,VNM,Total,4.9,,,,
1997,VNM,Coal,3.3,,,,
1997,VNM,Gas,2.0,,,,
1997,VNM,Other fossil fuels,2.2,,,,
1997,VNM,Total,7.5,,,,
1998,VNM,Coal,3.5,,,,
1998,VNM,Gas,3.4,,,,
1998,VNM,Other fossil fuels,3.7,,,,
1998,VNM,Total,11,,,,
1999,VNM,Coal,2.9,,,,
1999,VNM,Gas,3.6,,,,
1999,VNM,Other fossil fuels,3.3,,,,
1999,VNM,Total,9.8,,,,
2000,VNM,Coal,3.1,,,,
2000,VNM,Gas,4.4,,,,
2000,VNM,Other fossil fuels,4.5,,,,
2000,VNM,Total,12,,,,
2001,VNM,Coal,3.2,,,,
2001,VNM,Gas,4.4,,,,
2001,VNM,Other fossil fuels,4.8,,,,
2001,VNM,Total,12,,,,
2002,VNM,Coal,4.9,,,,
2002,VNM,Gas,8.3,,,,
2002,VNM,Other fossil fuels,4.4,,,,
2002,VNM,Total,18,,,,
2003,VNM,Coal,7.2,,,,
2003,VNM,Gas,12,,,,
2003,VNM,Other fossil fuels,2.7,,,,
2003,VNM,Total,22,,,,
2004,VNM,Coal,7.2,,,,
2004,VNM,Gas,20,,,,
2004,VNM,Other fossil fuels,1.7,,,,
2004,VNM,Total,28,,,,
2005,VNM,Coal,11,,,,
2005,VNM,Gas,22,,,,
2005,VNM,Other fossil fuels,2.2,,,,
2005,VNM,Total,36,,,,
2006,VNM,Coal,12,,,,
2006,VNM,Gas,25,,,,
2006,VNM,Other fossil fuels,1.4,,,,
2006,VNM,Total,38,,,,
2007,VNM,Coal,12,,,,
2007,VNM,Gas,27,,,,
2007,VNM,Other fossil fuels,2.7,,,,
2007,VNM,Total,42,,,,
2008,VNM,Coal,12,,,,
2008,VNM,Gas,31,,,,
2008,VNM,Other fossil fuels,1.6,,,,
2008,VNM,Total,45,,,,
2009,VNM,Coal,12,,,,
2009,VNM,Gas,36,,,,
2009,VNM,Other fossil fuels,1.8,,,,
2009,VNM,Total,51,,,,
2010,VNM,Coal,16,,,,
2010,VNM,Gas,45,,,,
2010,VNM,Other fossil fuels,2.5,,,,
2010,VNM,Total,63,,,,
2011,VNM,Coal,20,,,,
2011,VNM,Gas,40,,,,
2011,VNM,Other fossil fuels,0.7,,,,
2011,VNM,Total,60,,,,
2012,VNM,Coal,21,,,,
2012,VNM,Gas,40,,,,
2012,VNM,Other fossil fuels,0.1,,,,
2012,VNM,Total,62,,,,
2013,VNM,Coal,24,,,,
2013,VNM,Gas,42,,,,
2013,VNM,Other fossil fuels,0.7,,,,
2013,VNM,Total,67,,,,
2014,VNM,Coal,35,,,,
2014,VNM,Gas,43,,,,
2014,VNM,Other fossil fuels,0.7,,,,
2014,VNM,Total,79,,,,
2015,VNM,Coal,56,,,,
2015,VNM,Gas,48,,,,
2015,VNM,Other fossil fuels,1.0,,,,
2015,VNM,Total,106,,,,
2016,VNM,Coal,68,,,,
2016,VNM,Gas,45,,,,
2016,VNM,Other fossil fuels,1.2,,,,
2016,VNM,Total,115,,,,
2017,VNM,Coal,68,,,,
2017,VNM,Gas,40,,,,
2017,VNM,Other fossil fuels,0.2,,,,
2017,VNM,Total,108,,,,
2018,VNM,Coal,92,,,,
2018,VNM,Gas,41,,,,
2018,VNM,Other fossil fuels,0.8,,,,
2018,VNM,Total,133,,,,
2019,VNM,Coal,120,,,,
2019,VNM,Gas,43,,,,
2019,VNM,Other fossil fuels,2.2,,,,
2019,VNM,Total,165,,,,
2020,VNM,Coal,123,,,,
2020,VNM,Gas,35,,,,
2020,VNM,Other fossil fuels,1.9,,,,
2020,VNM,Total,159,,,,
2021,VNM,Coal,118,,,,
2021,VNM,Gas,26,,,,
2021,VNM,Other fossil fuels,0.8,,,,
2021,VNM,Total,145,,,,
2022,VNM,Coal,104,,,,
2022,VNM,Gas,29,,,,
2022,VNM,Other fossil fuels,0.7,,,,
2022,VNM,Total,134,,,,
2023,VNM,Coal,130,,,,
2023,VNM,Gas,26,,,,
2023,VNM,Other fossil fuels,1.7,,,,
2023,VNM,Total,158,,,,
2024,VNM,Coal,153,,,,
2024,VNM,Gas,22,,,,
2024,VNM,Other fossil fuels,0.6,,,,
2024,VNM,Total,175,,,,
2025,VNM,Coal,150,,,,
2025,VNM,Gas,19,,,,
2025,VNM,Other fossil fuels,0.6,,,,
2025,VNM,Total,170,,,,
2000,VGB,Coal,0,,,,
2000,VGB,Gas,0,,,,
2000,VGB,Other fossil fuels,0.1,,,,
2000,VGB,Total,0.1,,,,
2001,VGB,Coal,0,,,,
2001,VGB,Gas,0,,,,
2001,VGB,Other fossil fuels,0.1,,,,
2001,VGB,Total,0.1,,,,
2002,VGB,Coal,0,,,,
2002,VGB,Gas,0,,,,
2002,VGB,Other fossil fuels,0.1,,,,
2002,VGB,Total,0.1,,,,
2003,VGB,Coal,0,,,,
2003,VGB,Gas,0,,,,
2003,VGB,Other fossil fuels,0.1,,,,
2003,VGB,Total,0.1,,,,
2004,VGB,Coal,0,,,,
2004,VGB,Gas,0,,,,
2004,VGB,Other fossil fuels,0.2,,,,
2004,VGB,Total,0.2,,,,
2005,VGB,Coal,0,,,,
2005,VGB,Gas,0,,,,
2005,VGB,Other fossil fuels,0.2,,,,
2005,VGB,Total,0.2,,,,
2006,VGB,Coal,0,,,,
2006,VGB,Gas,0,,,,
2006,VGB,Other fossil fuels,0.2,,,,
2006,VGB,Total,0.2,,,,
2007,VGB,Coal,0,,,,
2007,VGB,Gas,0,,,,
2007,VGB,Other fossil fuels,0.2,,,,
2007,VGB,Total,0.2,,,,
2008,VGB,Coal,0,,,,
2008,VGB,Gas,0,,,,
2008,VGB,Other fossil fuels,0.2,,,,
2008,VGB,Total,0.2,,,,
2009,VGB,Coal,0,,,,
2009,VGB,Gas,0,,,,
2009,VGB,Other fossil fuels,0.2,,,,
2009,VGB,Total,0.2,,,,
2010,VGB,Coal,0,,,,
2010,VGB,Gas,0,,,,
2010,VGB,Other fossil fuels,0.2,,,,
2010,VGB,Total,0.2,,,,
2011,VGB,Coal,0,,,,
2011,VGB,Gas,0,,,,
2011,VGB,Other fossil fuels,0.2,,,,
2011,VGB,Total,0.2,,,,
2012,VGB,Coal,0,,,,
2012,VGB,Gas,0,,,,
2012,VGB,Other fossil fuels,0.2,,,,
2012,VGB,Total,0.2,,,,
2013,VGB,Coal,0,,,,
2013,VGB,Gas,0,,,,
2013,VGB,Other fossil fuels,0.2,,,,
2013,VGB,Total,0.2,,,,
2014,VGB,Coal,0,,,,
2014,VGB,Gas,0,,,,
2014,VGB,Other fossil fuels,0.2,,,,
2014,VGB,Total,0.2,,,,
2015,VGB,Coal,0,,,,
2015,VGB,Gas,0,,,,
2015,VGB,Other fossil fuels,0.2,,,,
2015,VGB,Total,0.2,,,,
2016,VGB,Coal,0,,,,
2016,VGB,Gas,0,,,,
2016,VGB,Other fossil fuels,0.2,,,,
2016,VGB,Total,0.2,,,,
2017,VGB,Coal,0,,,,
2017,VGB,Gas,0,,,,
2017,VGB,Other fossil fuels,0.2,,,,
2017,VGB,Total,0.2,,,,
2018,VGB,Coal,0,,,,
2018,VGB,Gas,0,,,,
2018,VGB,Other fossil fuels,0.2,,,,
2018,VGB,Total,0.2,,,,
2019,VGB,Coal,0,,,,
2019,VGB,Gas,0,,,,
2019,VGB,Other fossil fuels,0.2,,,,
2019,VGB,Total,0.2,,,,
2020,VGB,Coal,0,,,,
2020,VGB,Gas,0,,,,
2020,VGB,Other fossil fuels,0.2,,,,
2020,VGB,Total,0.2,,,,
2021,VGB,Coal,0,,,,
2021,VGB,Gas,0,,,,
2021,VGB,Other fossil fuels,0.2,,,,
2021,VGB,Total,0.2,,,,
2022,VGB,Coal,0,,,,
2022,VGB,Gas,0,,,,
2022,VGB,Other fossil fuels,0.2,,,,
2022,VGB,Total,0.2,,,,
2023,VGB,Coal,0,,,,
2023,VGB,Gas,0,,,,
2023,VGB,Other fossil fuels,0.2,,,,
2023,VGB,Total,0.2,,,,
2000,VIR,Coal,0,,,,
2000,VIR,Gas,0,,,,
2000,VIR,Other fossil fuels,1.0,,,,
2000,VIR,Total,1.0,,,,
2001,VIR,Coal,0,,,,
2001,VIR,Gas,0,,,,
2001,VIR,Other fossil fuels,1.0,,,,
2001,VIR,Total,1.0,,,,
2002,VIR,Coal,0,,,,
2002,VIR,Gas,0,,,,
2002,VIR,Other fossil fuels,1.0,,,,
2002,VIR,Total,1.0,,,,
2003,VIR,Coal,0,,,,
2003,VIR,Gas,0,,,,
2003,VIR,Other fossil fuels,1.0,,,,
2003,VIR,Total,1.0,,,,
2004,VIR,Coal,0,,,,
2004,VIR,Gas,0,,,,
2004,VIR,Other fossil fuels,1.1,,,,
2004,VIR,Total,1.1,,,,
2005,VIR,Coal,0,,,,
2005,VIR,Gas,0,,,,
2005,VIR,Other fossil fuels,1.0,,,,
2005,VIR,Total,1.0,,,,
2006,VIR,Coal,0,,,,
2006,VIR,Gas,0,,,,
2006,VIR,Other fossil fuels,1.0,,,,
2006,VIR,Total,1.0,,,,
2007,VIR,Coal,0,,,,
2007,VIR,Gas,0,,,,
2007,VIR,Other fossil fuels,1.0,,,,
2007,VIR,Total,1.0,,,,
2008,VIR,Coal,0,,,,
2008,VIR,Gas,0,,,,
2008,VIR,Other fossil fuels,1.0,,,,
2008,VIR,Total,1.0,,,,
2009,VIR,Coal,0,,,,
2009,VIR,Gas,0,,,,
2009,VIR,Other fossil fuels,0.9,,,,
2009,VIR,Total,0.9,,,,
2010,VIR,Coal,0,,,,
2010,VIR,Gas,0,,,,
2010,VIR,Other fossil fuels,1.0,,,,
2010,VIR,Total,1.0,,,,
2011,VIR,Coal,0,,,,
2011,VIR,Gas,0,,,,
2011,VIR,Other fossil fuels,1.0,,,,
2011,VIR,Total,1.0,,,,
2012,VIR,Coal,0,,,,
2012,VIR,Gas,0,,,,
2012,VIR,Other fossil fuels,0.9,,,,
2012,VIR,Total,0.9,,,,
2013,VIR,Coal,0,,,,
2013,VIR,Gas,0,,,,
2013,VIR,Other fossil fuels,0.8,,,,
2013,VIR,Total,0.8,,,,
2014,VIR,Coal,0,,,,
2014,VIR,Gas,0,,,,
2014,VIR,Other fossil fuels,0.8,,,,
2014,VIR,Total,0.8,,,,
2015,VIR,Coal,0,,,,
2015,VIR,Gas,0,,,,
2015,VIR,Other fossil fuels,0.8,,,,
2015,VIR,Total,0.8,,,,
2016,VIR,Coal,0,,,,
2016,VIR,Gas,0,,,,
2016,VIR,Other fossil fuels,0.8,,,,
2016,VIR,Total,0.8,,,,
2017,VIR,Coal,0,,,,
2017,VIR,Gas,0,,,,
2017,VIR,Other fossil fuels,0.6,,,,
2017,VIR,Total,0.6,,,,
2018,VIR,Coal,0,,,,
2018,VIR,Gas,0,,,,
2018,VIR,Other fossil fuels,0.6,,,,
2018,VIR,Total,0.6,,,,
2019,VIR,Coal,0,,,,
2019,VIR,Gas,0,,,,
2019,VIR,Other fossil fuels,0.7,,,,
2019,VIR,Total,0.7,,,,
2020,VIR,Coal,0,,,,
2020,VIR,Gas,0,,,,
2020,VIR,Other fossil fuels,0.6,,,,
2020,VIR,Total,0.6,,,,
2021,VIR,Coal,0,,,,
2021,VIR,Gas,0,,,,
2021,VIR,Other fossil fuels,0.6,,,,
2021,VIR,Total,0.6,,,,
2022,VIR,Coal,0,,,,
2022,VIR,Gas,0,,,,
2022,VIR,Other fossil fuels,0.7,,,,
2022,VIR,Total,0.7,,,,
2023,VIR,Coal,0,,,,
2023,VIR,Gas,0,,,,
2023,VIR,Other fossil fuels,0.7,,,,
2023,VIR,Total,0.7,,,,
2000,YEM,Coal,0,,,,
2000,YEM,Gas,0,,,,
2000,YEM,Other fossil fuels,3.4,,,,
2000,YEM,Total,3.4,,,,
2001,YEM,Coal,0,,,,
2001,YEM,Gas,0,,,,
2001,YEM,Other fossil fuels,3.6,,,,
2001,YEM,Total,3.6,,,,
2002,YEM,Coal,0,,,,
2002,YEM,Gas,0,,,,
2002,YEM,Other fossil fuels,3.8,,,,
2002,YEM,Total,3.8,,,,
2003,YEM,Coal,0,,,,
2003,YEM,Gas,0,,,,
2003,YEM,Other fossil fuels,4.1,,,,
2003,YEM,Total,4.1,,,,
2004,YEM,Coal,0,,,,
2004,YEM,Gas,0,,,,
2004,YEM,Other fossil fuels,4.4,,,,
2004,YEM,Total,4.4,,,,
2005,YEM,Coal,0,,,,
2005,YEM,Gas,0,,,,
2005,YEM,Other fossil fuels,4.8,,,,
2005,YEM,Total,4.8,,,,
2006,YEM,Coal,0,,,,
2006,YEM,Gas,0,,,,
2006,YEM,Other fossil fuels,5.4,,,,
2006,YEM,Total,5.4,,,,
2007,YEM,Coal,0,,,,
2007,YEM,Gas,0,,,,
2007,YEM,Other fossil fuels,6.0,,,,
2007,YEM,Total,6.0,,,,
2008,YEM,Coal,0,,,,
2008,YEM,Gas,0,,,,
2008,YEM,Other fossil fuels,6.6,,,,
2008,YEM,Total,6.6,,,,
2009,YEM,Coal,0,,,,
2009,YEM,Gas,0,,,,
2009,YEM,Other fossil fuels,6.8,,,,
2009,YEM,Total,6.8,,,,
2010,YEM,Coal,0,,,,
2010,YEM,Gas,2.1,,,,
2010,YEM,Other fossil fuels,5.7,,,,
2010,YEM,Total,7.8,,,,
2011,YEM,Coal,0,,,,
2011,YEM,Gas,1.3,,,,
2011,YEM,Other fossil fuels,4.9,,,,
2011,YEM,Total,6.2,,,,
2012,YEM,Coal,0,,,,
2012,YEM,Gas,2.2,,,,
2012,YEM,Other fossil fuels,4.9,,,,
2012,YEM,Total,7.1,,,,
2013,YEM,Coal,0,,,,
2013,YEM,Gas,2.7,,,,
2013,YEM,Other fossil fuels,5.8,,,,
2013,YEM,Total,8.5,,,,
2014,YEM,Coal,0,,,,
2014,YEM,Gas,3.0,,,,
2014,YEM,Other fossil fuels,4.7,,,,
2014,YEM,Total,7.7,,,,
2015,YEM,Coal,0,,,,
2015,YEM,Gas,2.3,,,,
2015,YEM,Other fossil fuels,3.4,,,,
2015,YEM,Total,5.6,,,,
2016,YEM,Coal,0,,,,
2016,YEM,Gas,1.6,,,,
2016,YEM,Other fossil fuels,3.1,,,,
2016,YEM,Total,4.7,,,,
2017,YEM,Coal,0,,,,
2017,YEM,Gas,1.0,,,,
2017,YEM,Other fossil fuels,2.9,,,,
2017,YEM,Total,3.9,,,,
2018,YEM,Coal,0,,,,
2018,YEM,Gas,0.3,,,,
2018,YEM,Other fossil fuels,2.7,,,,
2018,YEM,Total,3.0,,,,
2019,YEM,Coal,0,,,,
2019,YEM,Gas,0.3,,,,
2019,YEM,Other fossil fuels,2.5,,,,
2019,YEM,Total,2.8,,,,
2020,YEM,Coal,0,,,,
2020,YEM,Gas,0.4,,,,
2020,YEM,Other fossil fuels,2.0,,,,
2020,YEM,Total,2.5,,,,
2021,YEM,Coal,0,,,,
2021,YEM,Gas,0.6,,,,
2021,YEM,Other fossil fuels,1.8,,,,
2021,YEM,Total,2.4,,,,
2022,YEM,Coal,0,,,,
2022,YEM,Gas,0.5,,,,
2022,YEM,Other fossil fuels,2.0,,,,
2022,YEM,Total,2.5,,,,
2023,YEM,Coal,0,,,,
2023,YEM,Gas,0.1,,,,
2023,YEM,Other fossil fuels,4.5,,,,
2023,YEM,Total,4.6,,,,
2024,YEM,Coal,0,,,,
2024,YEM,Gas,0.1,,,,
2024,YEM,Other fossil fuels,4.6,,,,
2024,YEM,Total,4.7,,,,
2000,ZMB,Coal,0,,,,
2000,ZMB,Gas,0,,,,
2000,ZMB,Other fossil fuels,0,,,,
2000,ZMB,Total,0,,,,
2001,ZMB,Coal,0,,,,
2001,ZMB,Gas,0,,,,
2001,ZMB,Other fossil fuels,0,,,,
2001,ZMB,Total,0.1,,,,
2002,ZMB,Coal,0,,,,
2002,ZMB,Gas,0,,,,
2002,ZMB,Other fossil fuels,0,,,,
2002,ZMB,Total,0.1,,,,
2003,ZMB,Coal,0,,,,
2003,ZMB,Gas,0,,,,
2003,ZMB,Other fossil fuels,0,,,,
2003,ZMB,Total,0.1,,,,
2004,ZMB,Coal,0,,,,
2004,ZMB,Gas,0,,,,
2004,ZMB,Other fossil fuels,0,,,,
2004,ZMB,Total,0.1,,,,
2005,ZMB,Coal,0,,,,
2005,ZMB,Gas,0,,,,
2005,ZMB,Other fossil fuels,0,,,,
2005,ZMB,Total,0.1,,,,
2006,ZMB,Coal,0,,,,
2006,ZMB,Gas,0,,,,
2006,ZMB,Other fossil fuels,0,,,,
2006,ZMB,Total,0,,,,
2007,ZMB,Coal,0,,,,
2007,ZMB,Gas,0,,,,
2007,ZMB,Other fossil fuels,0,,,,
2007,ZMB,Total,0,,,,
2008,ZMB,Coal,0,,,,
2008,ZMB,Gas,0,,,,
2008,ZMB,Other fossil fuels,0,,,,
2008,ZMB,Total,0,,,,
2009,ZMB,Coal,0,,,,
2009,ZMB,Gas,0,,,,
2009,ZMB,Other fossil fuels,0,,,,
2009,ZMB,Total,0,,,,
2010,ZMB,Coal,0,,,,
2010,ZMB,Gas,0,,,,
2010,ZMB,Other fossil fuels,0,,,,
2010,ZMB,Total,0,,,,
2011,ZMB,Coal,0,,,,
2011,ZMB,Gas,0,,,,
2011,ZMB,Other fossil fuels,0,,,,
2011,ZMB,Total,0,,,,
2012,ZMB,Coal,0,,,,
2012,ZMB,Gas,0,,,,
2012,ZMB,Other fossil fuels,0,,,,
2012,ZMB,Total,0,,,,
2013,ZMB,Coal,0,,,,
2013,ZMB,Gas,0,,,,
2013,ZMB,Other fossil fuels,0,,,,
2013,ZMB,Total,0,,,,
2014,ZMB,Coal,0,,,,
2014,ZMB,Gas,0,,,,
2014,ZMB,Other fossil fuels,0.4,,,,
2014,ZMB,Total,0.4,,,,
2015,ZMB,Coal,0,,,,
2015,ZMB,Gas,0,,,,
2015,ZMB,Other fossil fuels,0.4,,,,
2015,ZMB,Total,0.4,,,,
2016,ZMB,Coal,0.3,,,,
2016,ZMB,Gas,0,,,,
2016,ZMB,Other fossil fuels,0.3,,,,
2016,ZMB,Total,0.7,,,,
2017,ZMB,Coal,1.3,,,,
2017,ZMB,Gas,0,,,,
2017,ZMB,Other fossil fuels,0.7,,,,
2017,ZMB,Total,2.0,,,,
2018,ZMB,Coal,2.0,,,,
2018,ZMB,Gas,0,,,,
2018,ZMB,Other fossil fuels,0.5,,,,
2018,ZMB,Total,2.5,,,,
2019,ZMB,Coal,1.7,,,,
2019,ZMB,Gas,0,,,,
2019,ZMB,Other fossil fuels,0.6,,,,
2019,ZMB,Total,2.3,,,,
2020,ZMB,Coal,1.9,,,,
2020,ZMB,Gas,0,,,,
2020,ZMB,Other fossil fuels,0.3,,,,
2020,ZMB,Total,2.2,,,,
2021,ZMB,Coal,1.3,,,,
2021,ZMB,Gas,0,,,,
2021,ZMB,Other fossil fuels,0.1,,,,
2021,ZMB,Total,1.4,,,,
2022,ZMB,Coal,2.2,,,,
2022,ZMB,Gas,0,,,,
2022,ZMB,Other fossil fuels,0,,,,
2022,ZMB,Total,2.2,,,,
2023,ZMB,Coal,2.1,,,,
2023,ZMB,Gas,0,,,,
2023,ZMB,Other fossil fuels,0,,,,
2023,ZMB,Total,2.1,,,,
2024,ZMB,Coal,2.1,,,,
2024,ZMB,Gas,0,,,,
2024,ZMB,Other fossil fuels,0.3,,,,
2024,ZMB,Total,2.5,,,,
2000,ZWE,Coal,3.7,,,,
2000,ZWE,Gas,0,,,,
2000,ZWE,Other fossil fuels,0.1,,,,
2000,ZWE,Total,3.8,,,,
2001,ZWE,Coal,4.9,,,,
2001,ZWE,Gas,0,,,,
2001,ZWE,Other fossil fuels,0,,,,
2001,ZWE,Total,4.9,,,,
2002,ZWE,Coal,4.8,,,,
2002,ZWE,Gas,0,,,,
2002,ZWE,Other fossil fuels,0,,,,
2002,ZWE,Total,4.8,,,,
2003,ZWE,Coal,3.4,,,,
2003,ZWE,Gas,0,,,,
2003,ZWE,Other fossil fuels,0,,,,
2003,ZWE,Total,3.5,,,,
2004,ZWE,Coal,4.2,,,,
2004,ZWE,Gas,0,,,,
2004,ZWE,Other fossil fuels,0,,,,
2004,ZWE,Total,4.2,,,,
2005,ZWE,Coal,4.4,,,,
2005,ZWE,Gas,0,,,,
2005,ZWE,Other fossil fuels,0,,,,
2005,ZWE,Total,4.5,,,,
2006,ZWE,Coal,2.5,,,,
2006,ZWE,Gas,0,,,,
2006,ZWE,Other fossil fuels,0,,,,
2006,ZWE,Total,2.6,,,,
2007,ZWE,Coal,2.1,,,,
2007,ZWE,Gas,0,,,,
2007,ZWE,Other fossil fuels,0,,,,
2007,ZWE,Total,2.2,,,,
2008,ZWE,Coal,1.8,,,,
2008,ZWE,Gas,0,,,,
2008,ZWE,Other fossil fuels,0,,,,
2008,ZWE,Total,1.8,,,,
2009,ZWE,Coal,1.8,,,,
2009,ZWE,Gas,0,,,,
2009,ZWE,Other fossil fuels,0,,,,
2009,ZWE,Total,1.8,,,,
2010,ZWE,Coal,2.8,,,,
2010,ZWE,Gas,0,,,,
2010,ZWE,Other fossil fuels,0,,,,
2010,ZWE,Total,2.8,,,,
2011,ZWE,Coal,3.8,,,,
2011,ZWE,Gas,0,,,,
2011,ZWE,Other fossil fuels,0,,,,
2011,ZWE,Total,3.9,,,,
2012,ZWE,Coal,3.6,,,,
2012,ZWE,Gas,0,,,,
2012,ZWE,Other fossil fuels,0.1,,,,
2012,ZWE,Total,3.6,,,,
2013,ZWE,Coal,4.4,,,,
2013,ZWE,Gas,0,,,,
2013,ZWE,Other fossil fuels,0.1,,,,
2013,ZWE,Total,4.4,,,,
2014,ZWE,Coal,4.4,,,,
2014,ZWE,Gas,0,,,,
2014,ZWE,Other fossil fuels,0,,,,
2014,ZWE,Total,4.4,,,,
2015,ZWE,Coal,4.5,,,,
2015,ZWE,Gas,0,,,,
2015,ZWE,Other fossil fuels,0,,,,
2015,ZWE,Total,4.6,,,,
2016,ZWE,Coal,3.9,,,,
2016,ZWE,Gas,0,,,,
2016,ZWE,Other fossil fuels,0,,,,
2016,ZWE,Total,4.0,,,,
2017,ZWE,Coal,3.4,,,,
2017,ZWE,Gas,0,,,,
2017,ZWE,Other fossil fuels,0,,,,
2017,ZWE,Total,3.4,,,,
2018,ZWE,Coal,4.1,,,,
2018,ZWE,Gas,0,,,,
2018,ZWE,Other fossil fuels,0.1,,,,
2018,ZWE,Total,4.2,,,,
2019,ZWE,Coal,4.1,,,,
2019,ZWE,Gas,0,,,,
2019,ZWE,Other fossil fuels,0.1,,,,
2019,ZWE,Total,4.1,,,,
2020,ZWE,Coal,2.7,,,,
2020,ZWE,Gas,0,,,,
2020,ZWE,Other fossil fuels,0,,,,
2020,ZWE,Total,2.8,,,,
2021,ZWE,Coal,2.5,,,,
2021,ZWE,Gas,0,,,,
2021,ZWE,Other fossil fuels,0,,,,
2021,ZWE,Total,2.5,,,,
2022,ZWE,Coal,2.9,,,,
2022,ZWE,Gas,0,,,,
2022,ZWE,Other fossil fuels,0,,,,
2022,ZWE,Total,2.9,,,,
2023,ZWE,Coal,4.4,,,,
2023,ZWE,Gas,0,,,,
2023,ZWE,Other fossil fuels,0,,,,
2023,ZWE,Total,4.4,,,,
2024,ZWE,Coal,4.4,,,,
2024,ZWE,Gas,0,,,,
2024,ZWE,Other fossil fuels,0,,,,
2024,ZWE,Total,4.4,,,,
