year,geo,disagg,value,projections,benchmark_low,benchmark_mid,benchmark_high
2000,ABW,Hydro,0,,,,
2001,ABW,Hydro,0,,,,
2002,ABW,Hydro,0,,,,
2003,ABW,Hydro,0,,,,
2004,ABW,Hydro,0,,,,
2005,ABW,Hydro,0,,,,
2006,ABW,Hydro,0,,,,
2007,ABW,Hydro,0,,,,
2008,ABW,Hydro,0,,,,
2009,ABW,Hydro,0,,,,
2010,ABW,Hydro,0,,,,
2011,ABW,Hydro,0,,,,
2012,ABW,Hydro,0,,,,
2013,ABW,Hydro,0,,,,
2014,ABW,Hydro,0,,,,
2015,ABW,Hydro,0,,,,
2016,ABW,Hydro,0,,,,
2017,ABW,Hydro,0,,,,
2018,ABW,Hydro,0,,,,
2019,ABW,Hydro,0,,,,
2020,ABW,Hydro,0,,,,
2021,ABW,Hydro,0,,,,
2022,ABW,Hydro,0,,,,
2023,ABW,Hydro,0,,,,
2024,ABW,Hydro,0,,,,
2000,ABW,Nuclear,0,,,,
2001,ABW,Nuclear,0,,,,
2002,ABW,Nuclear,0,,,,
2003,ABW,Nuclear,0,,,,
2004,ABW,Nuclear,0,,,,
2005,ABW,Nuclear,0,,,,
2006,ABW,Nuclear,0,,,,
2007,ABW,Nuclear,0,,,,
2008,ABW,Nuclear,0,,,,
2009,ABW,Nuclear,0,,,,
2010,ABW,Nuclear,0,,,,
2011,ABW,Nuclear,0,,,,
2012,ABW,Nuclear,0,,,,
2013,ABW,Nuclear,0,,,,
2014,ABW,Nuclear,0,,,,
2015,ABW,Nuclear,0,,,,
2016,ABW,Nuclear,0,,,,
2017,ABW,Nuclear,0,,,,
2018,ABW,Nuclear,0,,,,
2019,ABW,Nuclear,0,,,,
2020,ABW,Nuclear,0,,,,
2021,ABW,Nuclear,0,,,,
2022,ABW,Nuclear,0,,,,
2023,ABW,Nuclear,0,,,,
2024,ABW,Nuclear,0,,,,
2000,ABW,Other renewables,0,,,,
2001,ABW,Other renewables,0,,,,
2002,ABW,Other renewables,0,,,,
2003,ABW,Other renewables,0,,,,
2004,ABW,Other renewables,0,,,,
2005,ABW,Other renewables,0,,,,
2006,ABW,Other renewables,0,,,,
2007,ABW,Other renewables,0,,,,
2008,ABW,Other renewables,0,,,,
2009,ABW,Other renewables,0,,,,
2010,ABW,Other renewables,0,,,,
2011,ABW,Other renewables,0,,,,
2012,ABW,Other renewables,0,,,,
2013,ABW,Other renewables,0,,,,
2014,ABW,Other renewables,0,,,,
2015,ABW,Other renewables,0,,,,
2016,ABW,Other renewables,0,,,,
2017,ABW,Other renewables,0,,,,
2018,ABW,Other renewables,0,,,,
2019,ABW,Other renewables,0,,,,
2020,ABW,Other renewables,0,,,,
2021,ABW,Other renewables,0,,,,
2022,ABW,Other renewables,0,,,,
2023,ABW,Other renewables,0,,,,
2024,ABW,Other renewables,0,,,,
2000,ABW,Solar,0,,,,
2001,ABW,Solar,0,,,,
2002,ABW,Solar,0,,,,
2003,ABW,Solar,0,,,,
2004,ABW,Solar,0,,,,
2005,ABW,Solar,0,,,,
2006,ABW,Solar,0,,,,
2007,ABW,Solar,0,,,,
2008,ABW,Solar,0,,,,
2009,ABW,Solar,0,,,,
2010,ABW,Solar,0,,,,
2011,ABW,Solar,0,,,,
2012,ABW,Solar,0,,,,
2013,ABW,Solar,0,,,,
2014,ABW,Solar,0.01,,,,
2015,ABW,Solar,0.01,,,,
2016,ABW,Solar,0.01,,,,
2017,ABW,Solar,0.01,,,,
2018,ABW,Solar,0.02,,,,
2019,ABW,Solar,0.03,,,,
2020,ABW,Solar,0.03,,,,
2021,ABW,Solar,0.03,,,,
2022,ABW,Solar,0.03,,,,
2023,ABW,Solar,0.03,,,,
2024,ABW,Solar,0.03,,,,
2000,ABW,Total,0,,,,
2001,ABW,Total,0,,,,
2002,ABW,Total,0,,,,
2003,ABW,Total,0,,,,
2004,ABW,Total,0,,,,
2005,ABW,Total,0,,,,
2006,ABW,Total,0,,,,
2007,ABW,Total,0,,,,
2008,ABW,Total,0,,,,
2009,ABW,Total,0.03,,,,
2010,ABW,Total,0.11,,,,
2011,ABW,Total,0.11,,,,
2012,ABW,Total,0.14,,,,
2013,ABW,Total,0.15,,,,
2014,ABW,Total,0.16,,,,
2015,ABW,Total,0.18,,,,
2016,ABW,Total,0.14,,,,
2017,ABW,Total,0.14,,,,
2018,ABW,Total,0.16,,,,
2019,ABW,Total,0.17,,,,
2020,ABW,Total,0.17,,,,
2021,ABW,Total,0.17,,,,
2022,ABW,Total,0.17,,,,
2023,ABW,Total,0.17,,,,
2024,ABW,Total,0.17,,,,
2000,ABW,Wind,0,,,,
2001,ABW,Wind,0,,,,
2002,ABW,Wind,0,,,,
2003,ABW,Wind,0,,,,
2004,ABW,Wind,0,,,,
2005,ABW,Wind,0,,,,
2006,ABW,Wind,0,,,,
2007,ABW,Wind,0,,,,
2008,ABW,Wind,0,,,,
2009,ABW,Wind,0.03,,,,
2010,ABW,Wind,0.11,,,,
2011,ABW,Wind,0.11,,,,
2012,ABW,Wind,0.14,,,,
2013,ABW,Wind,0.15,,,,
2014,ABW,Wind,0.15,,,,
2015,ABW,Wind,0.17,,,,
2016,ABW,Wind,0.13,,,,
2017,ABW,Wind,0.13,,,,
2018,ABW,Wind,0.14,,,,
2019,ABW,Wind,0.14,,,,
2020,ABW,Wind,0.14,,,,
2021,ABW,Wind,0.14,,,,
2022,ABW,Wind,0.14,,,,
2023,ABW,Wind,0.14,,,,
2024,ABW,Wind,0.14,,,,
2000,AFG,Hydro,0.31,,,,
2001,AFG,Hydro,0.5,,,,
2002,AFG,Hydro,0.56,,,,
2003,AFG,Hydro,0.63,,,,
2004,AFG,Hydro,0.56,,,,
2005,AFG,Hydro,0.59,,,,
2006,AFG,Hydro,0.64,,,,
2007,AFG,Hydro,0.75,,,,
2008,AFG,Hydro,0.54,,,,
2009,AFG,Hydro,0.78,,,,
2010,AFG,Hydro,0.75,,,,
2011,AFG,Hydro,0.6,,,,
2012,AFG,Hydro,0.71,,,,
2013,AFG,Hydro,0.86,,,,
2014,AFG,Hydro,0.97,,,,
2015,AFG,Hydro,1,,,,
2016,AFG,Hydro,1,,,,
2017,AFG,Hydro,1.1,,,,
2018,AFG,Hydro,0.93,,,,
2019,AFG,Hydro,1.2,,,,
2020,AFG,Hydro,0.99,,,,
2021,AFG,Hydro,0.85,,,,
2022,AFG,Hydro,0.74,,,,
2023,AFG,Hydro,0.75,,,,
2024,AFG,Hydro,0.75,,,,
2000,AFG,Nuclear,0,,,,
2001,AFG,Nuclear,0,,,,
2002,AFG,Nuclear,0,,,,
2003,AFG,Nuclear,0,,,,
2004,AFG,Nuclear,0,,,,
2005,AFG,Nuclear,0,,,,
2006,AFG,Nuclear,0,,,,
2007,AFG,Nuclear,0,,,,
2008,AFG,Nuclear,0,,,,
2009,AFG,Nuclear,0,,,,
2010,AFG,Nuclear,0,,,,
2011,AFG,Nuclear,0,,,,
2012,AFG,Nuclear,0,,,,
2013,AFG,Nuclear,0,,,,
2014,AFG,Nuclear,0,,,,
2015,AFG,Nuclear,0,,,,
2016,AFG,Nuclear,0,,,,
2017,AFG,Nuclear,0,,,,
2018,AFG,Nuclear,0,,,,
2019,AFG,Nuclear,0,,,,
2020,AFG,Nuclear,0,,,,
2021,AFG,Nuclear,0,,,,
2022,AFG,Nuclear,0,,,,
2023,AFG,Nuclear,0,,,,
2024,AFG,Nuclear,0,,,,
2000,AFG,Other renewables,0,,,,
2001,AFG,Other renewables,0,,,,
2002,AFG,Other renewables,0,,,,
2003,AFG,Other renewables,0,,,,
2004,AFG,Other renewables,0,,,,
2005,AFG,Other renewables,0,,,,
2006,AFG,Other renewables,0,,,,
2007,AFG,Other renewables,0,,,,
2008,AFG,Other renewables,0,,,,
2009,AFG,Other renewables,0,,,,
2010,AFG,Other renewables,0,,,,
2011,AFG,Other renewables,0,,,,
2012,AFG,Other renewables,0,,,,
2013,AFG,Other renewables,0,,,,
2014,AFG,Other renewables,0,,,,
2015,AFG,Other renewables,0,,,,
2016,AFG,Other renewables,0,,,,
2017,AFG,Other renewables,0,,,,
2018,AFG,Other renewables,0,,,,
2019,AFG,Other renewables,0,,,,
2020,AFG,Other renewables,0,,,,
2021,AFG,Other renewables,0,,,,
2022,AFG,Other renewables,0,,,,
2023,AFG,Other renewables,0,,,,
2024,AFG,Other renewables,0,,,,
2000,AFG,Solar,0,,,,
2001,AFG,Solar,0,,,,
2002,AFG,Solar,0,,,,
2003,AFG,Solar,0,,,,
2004,AFG,Solar,0,,,,
2005,AFG,Solar,0,,,,
2006,AFG,Solar,0,,,,
2007,AFG,Solar,0,,,,
2008,AFG,Solar,0,,,,
2009,AFG,Solar,0,,,,
2010,AFG,Solar,0,,,,
2011,AFG,Solar,0,,,,
2012,AFG,Solar,0.03,,,,
2013,AFG,Solar,0.03,,,,
2014,AFG,Solar,0.03,,,,
2015,AFG,Solar,0.03,,,,
2016,AFG,Solar,0.04,,,,
2017,AFG,Solar,0.04,,,,
2018,AFG,Solar,0.04,,,,
2019,AFG,Solar,0.06,,,,
2020,AFG,Solar,0.07,,,,
2021,AFG,Solar,0.08,,,,
2022,AFG,Solar,0.09,,,,
2023,AFG,Solar,0.09,,,,
2024,AFG,Solar,0.11,,,,
2000,AFG,Total,0.31,,,,
2001,AFG,Total,0.5,,,,
2002,AFG,Total,0.56,,,,
2003,AFG,Total,0.63,,,,
2004,AFG,Total,0.56,,,,
2005,AFG,Total,0.59,,,,
2006,AFG,Total,0.64,,,,
2007,AFG,Total,0.75,,,,
2008,AFG,Total,0.54,,,,
2009,AFG,Total,0.78,,,,
2010,AFG,Total,0.75,,,,
2011,AFG,Total,0.6,,,,
2012,AFG,Total,0.74,,,,
2013,AFG,Total,0.89,,,,
2014,AFG,Total,1,,,,
2015,AFG,Total,1,,,,
2016,AFG,Total,1.1,,,,
2017,AFG,Total,1.1,,,,
2018,AFG,Total,0.97,,,,
2019,AFG,Total,1.3,,,,
2020,AFG,Total,1.1,,,,
2021,AFG,Total,0.93,,,,
2022,AFG,Total,0.83,,,,
2023,AFG,Total,0.84,,,,
2024,AFG,Total,0.86,,,,
2000,AFG,Wind,0,,,,
2001,AFG,Wind,0,,,,
2002,AFG,Wind,0,,,,
2003,AFG,Wind,0,,,,
2004,AFG,Wind,0,,,,
2005,AFG,Wind,0,,,,
2006,AFG,Wind,0,,,,
2007,AFG,Wind,0,,,,
2008,AFG,Wind,0,,,,
2009,AFG,Wind,0,,,,
2010,AFG,Wind,0,,,,
2011,AFG,Wind,0,,,,
2012,AFG,Wind,0,,,,
2013,AFG,Wind,0,,,,
2014,AFG,Wind,0,,,,
2015,AFG,Wind,0,,,,
2016,AFG,Wind,0,,,,
2017,AFG,Wind,0,,,,
2018,AFG,Wind,0,,,,
2019,AFG,Wind,0,,,,
2020,AFG,Wind,0,,,,
2021,AFG,Wind,0,,,,
2022,AFG,Wind,0,,,,
2023,AFG,Wind,0,,,,
2024,AFG,Wind,0,,,,
2000,AGO,Hydro,0.91,,,,
2001,AGO,Hydro,1,,,,
2002,AGO,Hydro,1.1,,,,
2003,AGO,Hydro,1.2,,,,
2004,AGO,Hydro,1.8,,,,
2005,AGO,Hydro,2.2,,,,
2006,AGO,Hydro,2.5,,,,
2007,AGO,Hydro,2.5,,,,
2008,AGO,Hydro,3.2,,,,
2009,AGO,Hydro,3.3,,,,
2010,AGO,Hydro,3.7,,,,
2011,AGO,Hydro,4,,,,
2012,AGO,Hydro,5.5,,,,
2013,AGO,Hydro,4.7,,,,
2014,AGO,Hydro,5,,,,
2015,AGO,Hydro,5.3,,,,
2016,AGO,Hydro,6.4,,,,
2017,AGO,Hydro,7.7,,,,
2018,AGO,Hydro,10,,,,
2019,AGO,Hydro,12,,,,
2020,AGO,Hydro,13,,,,
2021,AGO,Hydro,13,,,,
2022,AGO,Hydro,13,,,,
2023,AGO,Hydro,11,,,,
2024,AGO,Hydro,11,,,,
2000,AGO,Nuclear,0,,,,
2001,AGO,Nuclear,0,,,,
2002,AGO,Nuclear,0,,,,
2003,AGO,Nuclear,0,,,,
2004,AGO,Nuclear,0,,,,
2005,AGO,Nuclear,0,,,,
2006,AGO,Nuclear,0,,,,
2007,AGO,Nuclear,0,,,,
2008,AGO,Nuclear,0,,,,
2009,AGO,Nuclear,0,,,,
2010,AGO,Nuclear,0,,,,
2011,AGO,Nuclear,0,,,,
2012,AGO,Nuclear,0,,,,
2013,AGO,Nuclear,0,,,,
2014,AGO,Nuclear,0,,,,
2015,AGO,Nuclear,0,,,,
2016,AGO,Nuclear,0,,,,
2017,AGO,Nuclear,0,,,,
2018,AGO,Nuclear,0,,,,
2019,AGO,Nuclear,0,,,,
2020,AGO,Nuclear,0,,,,
2021,AGO,Nuclear,0,,,,
2022,AGO,Nuclear,0,,,,
2023,AGO,Nuclear,0,,,,
2024,AGO,Nuclear,0,,,,
2000,AGO,Other renewables,0,,,,
2001,AGO,Other renewables,0,,,,
2002,AGO,Other renewables,0,,,,
2003,AGO,Other renewables,0,,,,
2004,AGO,Other renewables,0,,,,
2005,AGO,Other renewables,0,,,,
2006,AGO,Other renewables,0,,,,
2007,AGO,Other renewables,0,,,,
2008,AGO,Other renewables,0,,,,
2009,AGO,Other renewables,0,,,,
2010,AGO,Other renewables,0,,,,
2011,AGO,Other renewables,0,,,,
2012,AGO,Other renewables,0,,,,
2013,AGO,Other renewables,0,,,,
2014,AGO,Other renewables,0,,,,
2015,AGO,Other renewables,0,,,,
2016,AGO,Other renewables,0,,,,
2017,AGO,Other renewables,0,,,,
2018,AGO,Other renewables,0,,,,
2019,AGO,Other renewables,0,,,,
2020,AGO,Other renewables,0,,,,
2021,AGO,Other renewables,0,,,,
2022,AGO,Other renewables,0,,,,
2023,AGO,Other renewables,0,,,,
2024,AGO,Other renewables,0,,,,
2000,AGO,Solar,0,,,,
2001,AGO,Solar,0,,,,
2002,AGO,Solar,0,,,,
2003,AGO,Solar,0,,,,
2004,AGO,Solar,0,,,,
2005,AGO,Solar,0,,,,
2006,AGO,Solar,0,,,,
2007,AGO,Solar,0,,,,
2008,AGO,Solar,0,,,,
2009,AGO,Solar,0,,,,
2010,AGO,Solar,0.01,,,,
2011,AGO,Solar,0.01,,,,
2012,AGO,Solar,0.01,,,,
2013,AGO,Solar,0.01,,,,
2014,AGO,Solar,0.02,,,,
2015,AGO,Solar,0.02,,,,
2016,AGO,Solar,0.02,,,,
2017,AGO,Solar,0.02,,,,
2018,AGO,Solar,0.02,,,,
2019,AGO,Solar,0.02,,,,
2020,AGO,Solar,0.02,,,,
2021,AGO,Solar,0.02,,,,
2022,AGO,Solar,0.39,,,,
2023,AGO,Solar,0.39,,,,
2024,AGO,Solar,0.44,,,,
2000,AGO,Total,0.91,,,,
2001,AGO,Total,1,,,,
2002,AGO,Total,1.1,,,,
2003,AGO,Total,1.2,,,,
2004,AGO,Total,1.8,,,,
2005,AGO,Total,2.2,,,,
2006,AGO,Total,2.5,,,,
2007,AGO,Total,2.5,,,,
2008,AGO,Total,3.2,,,,
2009,AGO,Total,3.3,,,,
2010,AGO,Total,3.7,,,,
2011,AGO,Total,4,,,,
2012,AGO,Total,5.5,,,,
2013,AGO,Total,4.7,,,,
2014,AGO,Total,5.1,,,,
2015,AGO,Total,5.3,,,,
2016,AGO,Total,6.4,,,,
2017,AGO,Total,7.7,,,,
2018,AGO,Total,10,,,,
2019,AGO,Total,12,,,,
2020,AGO,Total,13,,,,
2021,AGO,Total,13,,,,
2022,AGO,Total,13,,,,
2023,AGO,Total,12,,,,
2024,AGO,Total,11,,,,
2000,AGO,Wind,0,,,,
2001,AGO,Wind,0,,,,
2002,AGO,Wind,0,,,,
2003,AGO,Wind,0,,,,
2004,AGO,Wind,0,,,,
2005,AGO,Wind,0,,,,
2006,AGO,Wind,0,,,,
2007,AGO,Wind,0,,,,
2008,AGO,Wind,0,,,,
2009,AGO,Wind,0,,,,
2010,AGO,Wind,0,,,,
2011,AGO,Wind,0,,,,
2012,AGO,Wind,0,,,,
2013,AGO,Wind,0,,,,
2014,AGO,Wind,0,,,,
2015,AGO,Wind,0,,,,
2016,AGO,Wind,0,,,,
2017,AGO,Wind,0,,,,
2018,AGO,Wind,0,,,,
2019,AGO,Wind,0,,,,
2020,AGO,Wind,0,,,,
2021,AGO,Wind,0,,,,
2022,AGO,Wind,0,,,,
2023,AGO,Wind,0,,,,
2024,AGO,Wind,0,,,,
2000,ALB,Hydro,4.6,,,,
2001,ALB,Hydro,3.5,,,,
2002,ALB,Hydro,3.5,,,,
2003,ALB,Hydro,5.1,,,,
2004,ALB,Hydro,5.4,,,,
2005,ALB,Hydro,5.3,,,,
2006,ALB,Hydro,5,,,,
2007,ALB,Hydro,2.8,,,,
2008,ALB,Hydro,3.8,,,,
2009,ALB,Hydro,5.2,,,,
2010,ALB,Hydro,7.6,,,,
2011,ALB,Hydro,4.1,,,,
2012,ALB,Hydro,4.7,,,,
2013,ALB,Hydro,7,,,,
2014,ALB,Hydro,4.7,,,,
2015,ALB,Hydro,5.9,,,,
2016,ALB,Hydro,7.8,,,,
2017,ALB,Hydro,4.5,,,,
2018,ALB,Hydro,8.6,,,,
2019,ALB,Hydro,5.2,,,,
2020,ALB,Hydro,5.3,,,,
2021,ALB,Hydro,8.9,,,,
2022,ALB,Hydro,6.8,,,,
2023,ALB,Hydro,8.7,,,,
2024,ALB,Hydro,8,,,,
2025,ALB,Hydro,6.7,,,,
2000,ALB,Nuclear,0,,,,
2001,ALB,Nuclear,0,,,,
2002,ALB,Nuclear,0,,,,
2003,ALB,Nuclear,0,,,,
2004,ALB,Nuclear,0,,,,
2005,ALB,Nuclear,0,,,,
2006,ALB,Nuclear,0,,,,
2007,ALB,Nuclear,0,,,,
2008,ALB,Nuclear,0,,,,
2009,ALB,Nuclear,0,,,,
2010,ALB,Nuclear,0,,,,
2011,ALB,Nuclear,0,,,,
2012,ALB,Nuclear,0,,,,
2013,ALB,Nuclear,0,,,,
2014,ALB,Nuclear,0,,,,
2015,ALB,Nuclear,0,,,,
2016,ALB,Nuclear,0,,,,
2017,ALB,Nuclear,0,,,,
2018,ALB,Nuclear,0,,,,
2019,ALB,Nuclear,0,,,,
2020,ALB,Nuclear,0,,,,
2021,ALB,Nuclear,0,,,,
2022,ALB,Nuclear,0,,,,
2023,ALB,Nuclear,0,,,,
2024,ALB,Nuclear,0,,,,
2025,ALB,Nuclear,0,,,,
2000,ALB,Other renewables,0,,,,
2001,ALB,Other renewables,0,,,,
2002,ALB,Other renewables,0,,,,
2003,ALB,Other renewables,0,,,,
2004,ALB,Other renewables,0,,,,
2005,ALB,Other renewables,0,,,,
2006,ALB,Other renewables,0,,,,
2007,ALB,Other renewables,0,,,,
2008,ALB,Other renewables,0,,,,
2009,ALB,Other renewables,0,,,,
2010,ALB,Other renewables,0,,,,
2011,ALB,Other renewables,0,,,,
2012,ALB,Other renewables,0,,,,
2013,ALB,Other renewables,0,,,,
2014,ALB,Other renewables,0,,,,
2015,ALB,Other renewables,0,,,,
2016,ALB,Other renewables,0,,,,
2017,ALB,Other renewables,0,,,,
2018,ALB,Other renewables,0,,,,
2019,ALB,Other renewables,0,,,,
2020,ALB,Other renewables,0,,,,
2021,ALB,Other renewables,0,,,,
2022,ALB,Other renewables,0,,,,
2023,ALB,Other renewables,0,,,,
2024,ALB,Other renewables,0,,,,
2025,ALB,Other renewables,0,,,,
2000,ALB,Solar,0,,,,
2001,ALB,Solar,0,,,,
2002,ALB,Solar,0,,,,
2003,ALB,Solar,0,,,,
2004,ALB,Solar,0,,,,
2005,ALB,Solar,0,,,,
2006,ALB,Solar,0,,,,
2007,ALB,Solar,0,,,,
2008,ALB,Solar,0,,,,
2009,ALB,Solar,0,,,,
2010,ALB,Solar,0,,,,
2011,ALB,Solar,0,,,,
2012,ALB,Solar,0,,,,
2013,ALB,Solar,0,,,,
2014,ALB,Solar,0,,,,
2015,ALB,Solar,0,,,,
2016,ALB,Solar,0,,,,
2017,ALB,Solar,0,,,,
2018,ALB,Solar,0,,,,
2019,ALB,Solar,0.02,,,,
2020,ALB,Solar,0.03,,,,
2021,ALB,Solar,0.04,,,,
2022,ALB,Solar,0.16,,,,
2023,ALB,Solar,0.3,,,,
2024,ALB,Solar,0.34,,,,
2025,ALB,Solar,0.4,,,,
2000,ALB,Total,4.6,,,,
2001,ALB,Total,3.5,,,,
2002,ALB,Total,3.5,,,,
2003,ALB,Total,5.1,,,,
2004,ALB,Total,5.4,,,,
2005,ALB,Total,5.3,,,,
2006,ALB,Total,5,,,,
2007,ALB,Total,2.8,,,,
2008,ALB,Total,3.8,,,,
2009,ALB,Total,5.2,,,,
2010,ALB,Total,7.6,,,,
2011,ALB,Total,4.1,,,,
2012,ALB,Total,4.7,,,,
2013,ALB,Total,7,,,,
2014,ALB,Total,4.7,,,,
2015,ALB,Total,5.9,,,,
2016,ALB,Total,7.8,,,,
2017,ALB,Total,4.5,,,,
2018,ALB,Total,8.6,,,,
2019,ALB,Total,5.2,,,,
2020,ALB,Total,5.3,,,,
2021,ALB,Total,8.9,,,,
2022,ALB,Total,7,,,,
2023,ALB,Total,9,,,,
2024,ALB,Total,8.3,,,,
2025,ALB,Total,7.1,,,,
2000,ALB,Wind,0,,,,
2001,ALB,Wind,0,,,,
2002,ALB,Wind,0,,,,
2003,ALB,Wind,0,,,,
2004,ALB,Wind,0,,,,
2005,ALB,Wind,0,,,,
2006,ALB,Wind,0,,,,
2007,ALB,Wind,0,,,,
2008,ALB,Wind,0,,,,
2009,ALB,Wind,0,,,,
2010,ALB,Wind,0,,,,
2011,ALB,Wind,0,,,,
2012,ALB,Wind,0,,,,
2013,ALB,Wind,0,,,,
2014,ALB,Wind,0,,,,
2015,ALB,Wind,0,,,,
2016,ALB,Wind,0,,,,
2017,ALB,Wind,0,,,,
2018,ALB,Wind,0,,,,
2019,ALB,Wind,0,,,,
2020,ALB,Wind,0,,,,
2021,ALB,Wind,0,,,,
2022,ALB,Wind,0,,,,
2023,ALB,Wind,0,,,,
2024,ALB,Wind,0,,,,
2025,ALB,Wind,0,,,,
1985,ARE,Nuclear,0,,,,
1986,ARE,Nuclear,0,,,,
1987,ARE,Nuclear,0,,,,
1988,ARE,Nuclear,0,,,,
1989,ARE,Nuclear,0,,,,
1990,ARE,Nuclear,0,,,,
1991,ARE,Nuclear,0,,,,
1992,ARE,Nuclear,0,,,,
1993,ARE,Nuclear,0,,,,
1994,ARE,Nuclear,0,,,,
1995,ARE,Nuclear,0,,,,
1996,ARE,Nuclear,0,,,,
1997,ARE,Nuclear,0,,,,
1998,ARE,Nuclear,0,,,,
1999,ARE,Nuclear,0,,,,
2000,ARE,Nuclear,0,,,,
2014,ARE,Nuclear,0,,,,
2015,ARE,Nuclear,0,,,,
2016,ARE,Nuclear,0,,,,
2017,ARE,Nuclear,0,,,,
2018,ARE,Nuclear,0,,,,
2019,ARE,Nuclear,0,,,,
2020,ARE,Nuclear,1.6,,,,
2021,ARE,Nuclear,11,,,,
2022,ARE,Nuclear,20,,,,
2023,ARE,Nuclear,34,,,,
2024,ARE,Nuclear,41,,,,
1985,ARE,Solar,0,,,,
1986,ARE,Solar,0,,,,
1987,ARE,Solar,0,,,,
1988,ARE,Solar,0,,,,
1989,ARE,Solar,0,,,,
1990,ARE,Solar,0,,,,
1991,ARE,Solar,0,,,,
1992,ARE,Solar,0,,,,
1993,ARE,Solar,0,,,,
1994,ARE,Solar,0,,,,
1995,ARE,Solar,0,,,,
1996,ARE,Solar,0,,,,
1997,ARE,Solar,0,,,,
1998,ARE,Solar,0,,,,
1999,ARE,Solar,0,,,,
2000,ARE,Solar,0,,,,
2001,ARE,Solar,0,,,,
2002,ARE,Solar,0,,,,
2003,ARE,Solar,0,,,,
2004,ARE,Solar,0,,,,
2005,ARE,Solar,0,,,,
2006,ARE,Solar,0,,,,
2007,ARE,Solar,0,,,,
2008,ARE,Solar,0,,,,
2009,ARE,Solar,0.01,,,,
2010,ARE,Solar,0.02,,,,
2011,ARE,Solar,0.02,,,,
2012,ARE,Solar,0.02,,,,
2013,ARE,Solar,0.09,,,,
2014,ARE,Solar,0.31,,,,
2015,ARE,Solar,0.3,,,,
2016,ARE,Solar,0.32,,,,
2017,ARE,Solar,0.75,,,,
2018,ARE,Solar,1.2,,,,
2019,ARE,Solar,3.7,,,,
2020,ARE,Solar,5.2,,,,
2021,ARE,Solar,6.3,,,,
2022,ARE,Solar,7.7,,,,
2023,ARE,Solar,14,,,,
2024,ARE,Solar,15,,,,
1985,ARE,Total,0,,,,
1986,ARE,Total,0,,,,
1987,ARE,Total,0,,,,
1988,ARE,Total,0,,,,
1989,ARE,Total,0,,,,
1990,ARE,Total,0,,,,
1991,ARE,Total,0,,,,
1992,ARE,Total,0,,,,
1993,ARE,Total,0,,,,
1994,ARE,Total,0,,,,
1995,ARE,Total,0,,,,
1996,ARE,Total,0,,,,
1997,ARE,Total,0,,,,
1998,ARE,Total,0,,,,
1999,ARE,Total,0,,,,
2000,ARE,Total,0,,,,
2001,ARE,Total,0,,,,
2002,ARE,Total,0,,,,
2003,ARE,Total,0,,,,
2004,ARE,Total,0,,,,
2005,ARE,Total,0,,,,
2006,ARE,Total,0,,,,
2007,ARE,Total,0,,,,
2008,ARE,Total,0,,,,
2009,ARE,Total,0.01,,,,
2010,ARE,Total,0.02,,,,
2011,ARE,Total,0.02,,,,
2012,ARE,Total,0.02,,,,
2013,ARE,Total,0.09,,,,
2014,ARE,Total,0.31,,,,
2015,ARE,Total,0.3,,,,
2016,ARE,Total,0.32,,,,
2017,ARE,Total,0.75,,,,
2018,ARE,Total,1.2,,,,
2019,ARE,Total,3.7,,,,
2020,ARE,Total,6.8,,,,
2021,ARE,Total,17,,,,
2022,ARE,Total,28,,,,
2023,ARE,Total,49,,,,
2024,ARE,Total,56,,,,
1985,ARE,Wind,0,,,,
1986,ARE,Wind,0,,,,
1987,ARE,Wind,0,,,,
1988,ARE,Wind,0,,,,
1989,ARE,Wind,0,,,,
1990,ARE,Wind,0,,,,
1991,ARE,Wind,0,,,,
1992,ARE,Wind,0,,,,
1993,ARE,Wind,0,,,,
1994,ARE,Wind,0,,,,
1995,ARE,Wind,0,,,,
1996,ARE,Wind,0,,,,
1997,ARE,Wind,0,,,,
1998,ARE,Wind,0,,,,
1999,ARE,Wind,0,,,,
2000,ARE,Wind,0,,,,
2001,ARE,Wind,0,,,,
2002,ARE,Wind,0,,,,
2003,ARE,Wind,0,,,,
2004,ARE,Wind,0,,,,
2005,ARE,Wind,0,,,,
2006,ARE,Wind,0,,,,
2007,ARE,Wind,0,,,,
2008,ARE,Wind,0,,,,
2009,ARE,Wind,0,,,,
2010,ARE,Wind,0,,,,
2011,ARE,Wind,0,,,,
2012,ARE,Wind,0,,,,
2013,ARE,Wind,0,,,,
2014,ARE,Wind,0,,,,
2015,ARE,Wind,0,,,,
2016,ARE,Wind,0,,,,
2017,ARE,Wind,0,,,,
2018,ARE,Wind,0,,,,
2019,ARE,Wind,0,,,,
2020,ARE,Wind,0,,,,
2021,ARE,Wind,0,,,,
2022,ARE,Wind,0,,,,
2023,ARE,Wind,0.06,,,,
2024,ARE,Wind,0.2,,,,
1985,ARG,Hydro,21,,,,
1986,ARG,Hydro,21,,,,
1987,ARG,Hydro,22,,,,
1988,ARG,Hydro,15,,,,
1989,ARG,Hydro,13,,,,
1990,ARG,Hydro,18,,,,
1991,ARG,Hydro,16,,,,
1992,ARG,Hydro,19,,,,
1993,ARG,Hydro,24,,,,
1994,ARG,Hydro,27,,,,
1995,ARG,Hydro,27,,,,
1996,ARG,Hydro,22,,,,
1997,ARG,Hydro,28,,,,
1998,ARG,Hydro,26,,,,
1999,ARG,Hydro,21,,,,
2000,ARG,Hydro,29,,,,
2001,ARG,Hydro,37,,,,
2002,ARG,Hydro,36,,,,
2003,ARG,Hydro,34,,,,
2004,ARG,Hydro,30,,,,
2005,ARG,Hydro,34,,,,
2006,ARG,Hydro,38,,,,
2007,ARG,Hydro,31,,,,
2008,ARG,Hydro,31,,,,
2009,ARG,Hydro,35,,,,
2010,ARG,Hydro,33,,,,
2011,ARG,Hydro,31,,,,
2012,ARG,Hydro,29,,,,
2013,ARG,Hydro,33,,,,
2014,ARG,Hydro,32,,,,
2015,ARG,Hydro,32,,,,
2016,ARG,Hydro,30,,,,
2017,ARG,Hydro,32,,,,
2018,ARG,Hydro,32,,,,
2019,ARG,Hydro,28,,,,
2020,ARG,Hydro,24,,,,
2021,ARG,Hydro,20,,,,
2022,ARG,Hydro,23,,,,
2023,ARG,Hydro,31,,,,
2024,ARG,Hydro,30,,,,
2025,ARG,Hydro,26,,,,
1985,ARG,Nuclear,5.8,,,,
1986,ARG,Nuclear,5.7,,,,
1987,ARG,Nuclear,6.5,,,,
1988,ARG,Nuclear,5.8,,,,
1989,ARG,Nuclear,5,,,,
1990,ARG,Nuclear,7.3,,,,
1991,ARG,Nuclear,7.8,,,,
1992,ARG,Nuclear,7.1,,,,
1993,ARG,Nuclear,7.8,,,,
1994,ARG,Nuclear,8.2,,,,
1995,ARG,Nuclear,7.1,,,,
1996,ARG,Nuclear,7.5,,,,
1997,ARG,Nuclear,8,,,,
1998,ARG,Nuclear,7.5,,,,
1999,ARG,Nuclear,7.1,,,,
2000,ARG,Nuclear,6.2,,,,
2001,ARG,Nuclear,7.1,,,,
2002,ARG,Nuclear,5.8,,,,
2003,ARG,Nuclear,7.6,,,,
2004,ARG,Nuclear,7.9,,,,
2005,ARG,Nuclear,6.9,,,,
2006,ARG,Nuclear,7.7,,,,
2007,ARG,Nuclear,7.3,,,,
2008,ARG,Nuclear,7.4,,,,
2009,ARG,Nuclear,8.2,,,,
2010,ARG,Nuclear,7.2,,,,
2011,ARG,Nuclear,6.4,,,,
2012,ARG,Nuclear,6.4,,,,
2013,ARG,Nuclear,6.2,,,,
2014,ARG,Nuclear,5.5,,,,
2015,ARG,Nuclear,7,,,,
2016,ARG,Nuclear,8.3,,,,
2017,ARG,Nuclear,6.1,,,,
2018,ARG,Nuclear,6.9,,,,
2019,ARG,Nuclear,8.4,,,,
2020,ARG,Nuclear,10,,,,
2021,ARG,Nuclear,10,,,,
2022,ARG,Nuclear,7.5,,,,
2023,ARG,Nuclear,9,,,,
2024,ARG,Nuclear,10,,,,
2025,ARG,Nuclear,11,,,,
1990,ARG,Solar,0,,,,
1991,ARG,Solar,0,,,,
1992,ARG,Solar,0,,,,
1993,ARG,Solar,0,,,,
1994,ARG,Solar,0,,,,
1995,ARG,Solar,0,,,,
1996,ARG,Solar,0,,,,
1997,ARG,Solar,0,,,,
1998,ARG,Solar,0,,,,
1999,ARG,Solar,0,,,,
2000,ARG,Solar,0,,,,
2001,ARG,Solar,0,,,,
2002,ARG,Solar,0,,,,
2003,ARG,Solar,0,,,,
2004,ARG,Solar,0,,,,
2005,ARG,Solar,0,,,,
2006,ARG,Solar,0,,,,
2007,ARG,Solar,0,,,,
2008,ARG,Solar,0,,,,
2009,ARG,Solar,0,,,,
2010,ARG,Solar,0,,,,
2011,ARG,Solar,0,,,,
2012,ARG,Solar,0.01,,,,
2013,ARG,Solar,0.02,,,,
2014,ARG,Solar,0.02,,,,
2015,ARG,Solar,0.01,,,,
2016,ARG,Solar,0.01,,,,
2017,ARG,Solar,0.02,,,,
2018,ARG,Solar,0.11,,,,
2019,ARG,Solar,0.8,,,,
2020,ARG,Solar,1.3,,,,
2021,ARG,Solar,2.2,,,,
2022,ARG,Solar,2.9,,,,
2023,ARG,Solar,3.3,,,,
2024,ARG,Solar,4,,,,
2025,ARG,Solar,5.1,,,,
1985,ARG,Total,27,,,,
1986,ARG,Total,27,,,,
1987,ARG,Total,28,,,,
1988,ARG,Total,21,,,,
1989,ARG,Total,18,,,,
1990,ARG,Total,25,,,,
1991,ARG,Total,24,,,,
1992,ARG,Total,26,,,,
1993,ARG,Total,32,,,,
1994,ARG,Total,36,,,,
1995,ARG,Total,34,,,,
1996,ARG,Total,30,,,,
1997,ARG,Total,36,,,,
1998,ARG,Total,34,,,,
1999,ARG,Total,29,,,,
2000,ARG,Total,35,,,,
2001,ARG,Total,44,,,,
2002,ARG,Total,42,,,,
2003,ARG,Total,42,,,,
2004,ARG,Total,39,,,,
2005,ARG,Total,42,,,,
2006,ARG,Total,47,,,,
2007,ARG,Total,40,,,,
2008,ARG,Total,40,,,,
2009,ARG,Total,44,,,,
2010,ARG,Total,42,,,,
2011,ARG,Total,39,,,,
2012,ARG,Total,37,,,,
2013,ARG,Total,41,,,,
2014,ARG,Total,40,,,,
2015,ARG,Total,41,,,,
2016,ARG,Total,40,,,,
2017,ARG,Total,40,,,,
2018,ARG,Total,42,,,,
2019,ARG,Total,43,,,,
2020,ARG,Total,47,,,,
2021,ARG,Total,47,,,,
2022,ARG,Total,50,,,,
2023,ARG,Total,61,,,,
2024,ARG,Total,63,,,,
2025,ARG,Total,64,,,,
1990,ARG,Wind,0,,,,
1991,ARG,Wind,0,,,,
1992,ARG,Wind,0,,,,
1993,ARG,Wind,0,,,,
1994,ARG,Wind,0,,,,
1995,ARG,Wind,0,,,,
1996,ARG,Wind,0.01,,,,
1997,ARG,Wind,0.01,,,,
1998,ARG,Wind,0.03,,,,
1999,ARG,Wind,0.03,,,,
2000,ARG,Wind,0.03,,,,
2001,ARG,Wind,0.05,,,,
2002,ARG,Wind,0.07,,,,
2003,ARG,Wind,0.08,,,,
2004,ARG,Wind,0.07,,,,
2005,ARG,Wind,0.07,,,,
2006,ARG,Wind,0.07,,,,
2007,ARG,Wind,0.06,,,,
2008,ARG,Wind,0.04,,,,
2009,ARG,Wind,0.04,,,,
2010,ARG,Wind,0.03,,,,
2011,ARG,Wind,0.03,,,,
2012,ARG,Wind,0.37,,,,
2013,ARG,Wind,0.45,,,,
2014,ARG,Wind,0.62,,,,
2015,ARG,Wind,0.59,,,,
2016,ARG,Wind,0.55,,,,
2017,ARG,Wind,0.61,,,,
2018,ARG,Wind,1.4,,,,
2019,ARG,Wind,5,,,,
2020,ARG,Wind,9.4,,,,
2021,ARG,Wind,13,,,,
2022,ARG,Wind,14,,,,
2023,ARG,Wind,14,,,,
2024,ARG,Wind,16,,,,
2025,ARG,Wind,19,,,,
2000,ARM,Hydro,1.3,,,,
2001,ARM,Hydro,0.96,,,,
2002,ARM,Hydro,1.6,,,,
2003,ARM,Hydro,2,,,,
2004,ARM,Hydro,2,,,,
2005,ARM,Hydro,1.8,,,,
2006,ARM,Hydro,1.8,,,,
2007,ARM,Hydro,1.8,,,,
2008,ARM,Hydro,1.8,,,,
2009,ARM,Hydro,2,,,,
2010,ARM,Hydro,2.5,,,,
2011,ARM,Hydro,2.5,,,,
2012,ARM,Hydro,2.3,,,,
2013,ARM,Hydro,2.2,,,,
2014,ARM,Hydro,2,,,,
2015,ARM,Hydro,2.2,,,,
2016,ARM,Hydro,2.3,,,,
2017,ARM,Hydro,2.3,,,,
2018,ARM,Hydro,2.3,,,,
2019,ARM,Hydro,2.4,,,,
2020,ARM,Hydro,1.8,,,,
2021,ARM,Hydro,2.2,,,,
2022,ARM,Hydro,2.9,,,,
2023,ARM,Hydro,1.7,,,,
2024,ARM,Hydro,2,,,,
2025,ARM,Hydro,1.9,,,,
2000,ARM,Nuclear,1.8,,,,
2001,ARM,Nuclear,2,,,,
2002,ARM,Nuclear,2.1,,,,
2003,ARM,Nuclear,1.8,,,,
2004,ARM,Nuclear,2.2,,,,
2005,ARM,Nuclear,2.5,,,,
2006,ARM,Nuclear,2.4,,,,
2007,ARM,Nuclear,2.4,,,,
2008,ARM,Nuclear,2.3,,,,
2009,ARM,Nuclear,2.3,,,,
2010,ARM,Nuclear,2.3,,,,
2011,ARM,Nuclear,2.4,,,,
2012,ARM,Nuclear,2.1,,,,
2013,ARM,Nuclear,2.2,,,,
2014,ARM,Nuclear,2.3,,,,
2015,ARM,Nuclear,2.6,,,,
2016,ARM,Nuclear,2.2,,,,
2017,ARM,Nuclear,2.4,,,,
2018,ARM,Nuclear,1.9,,,,
2019,ARM,Nuclear,2,,,,
2020,ARM,Nuclear,2.6,,,,
2021,ARM,Nuclear,1.9,,,,
2022,ARM,Nuclear,2.6,,,,
2023,ARM,Nuclear,2.5,,,,
2024,ARM,Nuclear,2.6,,,,
2025,ARM,Nuclear,2.7,,,,
2000,ARM,Other renewables,0,,,,
2001,ARM,Other renewables,0,,,,
2002,ARM,Other renewables,0,,,,
2003,ARM,Other renewables,0,,,,
2004,ARM,Other renewables,0,,,,
2005,ARM,Other renewables,0,,,,
2006,ARM,Other renewables,0,,,,
2007,ARM,Other renewables,0,,,,
2008,ARM,Other renewables,0,,,,
2009,ARM,Other renewables,0,,,,
2010,ARM,Other renewables,0,,,,
2011,ARM,Other renewables,0,,,,
2012,ARM,Other renewables,0,,,,
2013,ARM,Other renewables,0,,,,
2014,ARM,Other renewables,0,,,,
2015,ARM,Other renewables,0,,,,
2016,ARM,Other renewables,0,,,,
2017,ARM,Other renewables,0,,,,
2018,ARM,Other renewables,0,,,,
2019,ARM,Other renewables,0,,,,
2020,ARM,Other renewables,0,,,,
2021,ARM,Other renewables,0,,,,
2022,ARM,Other renewables,0,,,,
2023,ARM,Other renewables,0,,,,
2024,ARM,Other renewables,0,,,,
2025,ARM,Other renewables,0,,,,
2000,ARM,Solar,0,,,,
2001,ARM,Solar,0,,,,
2002,ARM,Solar,0,,,,
2003,ARM,Solar,0,,,,
2004,ARM,Solar,0,,,,
2005,ARM,Solar,0,,,,
2006,ARM,Solar,0,,,,
2007,ARM,Solar,0,,,,
2008,ARM,Solar,0,,,,
2009,ARM,Solar,0,,,,
2010,ARM,Solar,0,,,,
2011,ARM,Solar,0,,,,
2012,ARM,Solar,0,,,,
2013,ARM,Solar,0,,,,
2014,ARM,Solar,0,,,,
2015,ARM,Solar,0,,,,
2016,ARM,Solar,0,,,,
2017,ARM,Solar,0,,,,
2018,ARM,Solar,0.02,,,,
2019,ARM,Solar,0.06,,,,
2020,ARM,Solar,0.14,,,,
2021,ARM,Solar,0.29,,,,
2022,ARM,Solar,0.52,,,,
2023,ARM,Solar,0.77,,,,
2024,ARM,Solar,0.88,,,,
2025,ARM,Solar,0.73,,,,
2000,ARM,Total,3.1,,,,
2001,ARM,Total,3,,,,
2002,ARM,Total,3.7,,,,
2003,ARM,Total,3.8,,,,
2004,ARM,Total,4.2,,,,
2005,ARM,Total,4.3,,,,
2006,ARM,Total,4.2,,,,
2007,ARM,Total,4.2,,,,
2008,ARM,Total,4.1,,,,
2009,ARM,Total,4.3,,,,
2010,ARM,Total,4.8,,,,
2011,ARM,Total,4.8,,,,
2012,ARM,Total,4.4,,,,
2013,ARM,Total,4.3,,,,
2014,ARM,Total,4.2,,,,
2015,ARM,Total,4.8,,,,
2016,ARM,Total,4.5,,,,
2017,ARM,Total,4.7,,,,
2018,ARM,Total,4.2,,,,
2019,ARM,Total,4.4,,,,
2020,ARM,Total,4.5,,,,
2021,ARM,Total,4.3,,,,
2022,ARM,Total,6,,,,
2023,ARM,Total,4.9,,,,
2024,ARM,Total,5.5,,,,
2025,ARM,Total,5.3,,,,
2000,ARM,Wind,0,,,,
2001,ARM,Wind,0,,,,
2002,ARM,Wind,0,,,,
2003,ARM,Wind,0,,,,
2004,ARM,Wind,0,,,,
2005,ARM,Wind,0,,,,
2006,ARM,Wind,0,,,,
2007,ARM,Wind,0,,,,
2008,ARM,Wind,0,,,,
2009,ARM,Wind,0,,,,
2010,ARM,Wind,0.01,,,,
2011,ARM,Wind,0,,,,
2012,ARM,Wind,0,,,,
2013,ARM,Wind,0,,,,
2014,ARM,Wind,0,,,,
2015,ARM,Wind,0,,,,
2016,ARM,Wind,0,,,,
2017,ARM,Wind,0,,,,
2018,ARM,Wind,0,,,,
2019,ARM,Wind,0,,,,
2020,ARM,Wind,0,,,,
2021,ARM,Wind,0,,,,
2022,ARM,Wind,0,,,,
2023,ARM,Wind,0,,,,
2024,ARM,Wind,0,,,,
2025,ARM,Wind,0,,,,
2000,ASM,Hydro,0,,,,
2001,ASM,Hydro,0,,,,
2002,ASM,Hydro,0,,,,
2003,ASM,Hydro,0,,,,
2004,ASM,Hydro,0,,,,
2005,ASM,Hydro,0,,,,
2006,ASM,Hydro,0,,,,
2007,ASM,Hydro,0,,,,
2008,ASM,Hydro,0,,,,
2009,ASM,Hydro,0,,,,
2010,ASM,Hydro,0,,,,
2011,ASM,Hydro,0,,,,
2012,ASM,Hydro,0,,,,
2013,ASM,Hydro,0,,,,
2014,ASM,Hydro,0,,,,
2015,ASM,Hydro,0,,,,
2016,ASM,Hydro,0,,,,
2017,ASM,Hydro,0,,,,
2018,ASM,Hydro,0,,,,
2019,ASM,Hydro,0,,,,
2020,ASM,Hydro,0,,,,
2021,ASM,Hydro,0,,,,
2022,ASM,Hydro,0,,,,
2023,ASM,Hydro,0,,,,
2024,ASM,Hydro,0,,,,
2000,ASM,Nuclear,0,,,,
2001,ASM,Nuclear,0,,,,
2002,ASM,Nuclear,0,,,,
2003,ASM,Nuclear,0,,,,
2004,ASM,Nuclear,0,,,,
2005,ASM,Nuclear,0,,,,
2006,ASM,Nuclear,0,,,,
2007,ASM,Nuclear,0,,,,
2008,ASM,Nuclear,0,,,,
2009,ASM,Nuclear,0,,,,
2010,ASM,Nuclear,0,,,,
2011,ASM,Nuclear,0,,,,
2012,ASM,Nuclear,0,,,,
2013,ASM,Nuclear,0,,,,
2014,ASM,Nuclear,0,,,,
2015,ASM,Nuclear,0,,,,
2016,ASM,Nuclear,0,,,,
2017,ASM,Nuclear,0,,,,
2018,ASM,Nuclear,0,,,,
2019,ASM,Nuclear,0,,,,
2020,ASM,Nuclear,0,,,,
2021,ASM,Nuclear,0,,,,
2022,ASM,Nuclear,0,,,,
2023,ASM,Nuclear,0,,,,
2024,ASM,Nuclear,0,,,,
2000,ASM,Other renewables,0,,,,
2001,ASM,Other renewables,0,,,,
2002,ASM,Other renewables,0,,,,
2003,ASM,Other renewables,0,,,,
2004,ASM,Other renewables,0,,,,
2005,ASM,Other renewables,0,,,,
2006,ASM,Other renewables,0,,,,
2007,ASM,Other renewables,0,,,,
2008,ASM,Other renewables,0,,,,
2009,ASM,Other renewables,0,,,,
2010,ASM,Other renewables,0,,,,
2011,ASM,Other renewables,0,,,,
2012,ASM,Other renewables,0,,,,
2013,ASM,Other renewables,0,,,,
2014,ASM,Other renewables,0,,,,
2015,ASM,Other renewables,0,,,,
2016,ASM,Other renewables,0,,,,
2017,ASM,Other renewables,0,,,,
2018,ASM,Other renewables,0,,,,
2019,ASM,Other renewables,0,,,,
2020,ASM,Other renewables,0,,,,
2021,ASM,Other renewables,0,,,,
2022,ASM,Other renewables,0,,,,
2023,ASM,Other renewables,0,,,,
2024,ASM,Other renewables,0,,,,
2000,ASM,Solar,0,,,,
2001,ASM,Solar,0,,,,
2002,ASM,Solar,0,,,,
2003,ASM,Solar,0,,,,
2004,ASM,Solar,0,,,,
2005,ASM,Solar,0,,,,
2006,ASM,Solar,0,,,,
2007,ASM,Solar,0,,,,
2008,ASM,Solar,0,,,,
2009,ASM,Solar,0,,,,
2010,ASM,Solar,0,,,,
2011,ASM,Solar,0,,,,
2012,ASM,Solar,0,,,,
2013,ASM,Solar,0,,,,
2014,ASM,Solar,0,,,,
2015,ASM,Solar,0,,,,
2016,ASM,Solar,0,,,,
2017,ASM,Solar,0,,,,
2018,ASM,Solar,0,,,,
2019,ASM,Solar,0,,,,
2020,ASM,Solar,0,,,,
2021,ASM,Solar,0,,,,
2022,ASM,Solar,0.01,,,,
2023,ASM,Solar,0,,,,
2024,ASM,Solar,0.01,,,,
2000,ASM,Total,0,,,,
2001,ASM,Total,0,,,,
2002,ASM,Total,0,,,,
2003,ASM,Total,0,,,,
2004,ASM,Total,0,,,,
2005,ASM,Total,0,,,,
2006,ASM,Total,0,,,,
2007,ASM,Total,0,,,,
2008,ASM,Total,0,,,,
2009,ASM,Total,0,,,,
2010,ASM,Total,0,,,,
2011,ASM,Total,0,,,,
2012,ASM,Total,0,,,,
2013,ASM,Total,0,,,,
2014,ASM,Total,0,,,,
2015,ASM,Total,0,,,,
2016,ASM,Total,0,,,,
2017,ASM,Total,0,,,,
2018,ASM,Total,0,,,,
2019,ASM,Total,0,,,,
2020,ASM,Total,0,,,,
2021,ASM,Total,0,,,,
2022,ASM,Total,0.01,,,,
2023,ASM,Total,0,,,,
2024,ASM,Total,0.01,,,,
2000,ASM,Wind,0,,,,
2001,ASM,Wind,0,,,,
2002,ASM,Wind,0,,,,
2003,ASM,Wind,0,,,,
2004,ASM,Wind,0,,,,
2005,ASM,Wind,0,,,,
2006,ASM,Wind,0,,,,
2007,ASM,Wind,0,,,,
2008,ASM,Wind,0,,,,
2009,ASM,Wind,0,,,,
2010,ASM,Wind,0,,,,
2011,ASM,Wind,0,,,,
2012,ASM,Wind,0,,,,
2013,ASM,Wind,0,,,,
2014,ASM,Wind,0,,,,
2015,ASM,Wind,0,,,,
2016,ASM,Wind,0,,,,
2017,ASM,Wind,0,,,,
2018,ASM,Wind,0,,,,
2019,ASM,Wind,0,,,,
2020,ASM,Wind,0,,,,
2021,ASM,Wind,0,,,,
2022,ASM,Wind,0,,,,
2023,ASM,Wind,0,,,,
2024,ASM,Wind,0,,,,
2000,ATG,Hydro,0,,,,
2001,ATG,Hydro,0,,,,
2002,ATG,Hydro,0,,,,
2003,ATG,Hydro,0,,,,
2004,ATG,Hydro,0,,,,
2005,ATG,Hydro,0,,,,
2006,ATG,Hydro,0,,,,
2007,ATG,Hydro,0,,,,
2008,ATG,Hydro,0,,,,
2009,ATG,Hydro,0,,,,
2010,ATG,Hydro,0,,,,
2011,ATG,Hydro,0,,,,
2012,ATG,Hydro,0,,,,
2013,ATG,Hydro,0,,,,
2014,ATG,Hydro,0,,,,
2015,ATG,Hydro,0,,,,
2016,ATG,Hydro,0,,,,
2017,ATG,Hydro,0,,,,
2018,ATG,Hydro,0,,,,
2019,ATG,Hydro,0,,,,
2020,ATG,Hydro,0,,,,
2021,ATG,Hydro,0,,,,
2022,ATG,Hydro,0,,,,
2023,ATG,Hydro,0,,,,
2024,ATG,Hydro,0,,,,
2000,ATG,Nuclear,0,,,,
2001,ATG,Nuclear,0,,,,
2002,ATG,Nuclear,0,,,,
2003,ATG,Nuclear,0,,,,
2004,ATG,Nuclear,0,,,,
2005,ATG,Nuclear,0,,,,
2006,ATG,Nuclear,0,,,,
2007,ATG,Nuclear,0,,,,
2008,ATG,Nuclear,0,,,,
2009,ATG,Nuclear,0,,,,
2010,ATG,Nuclear,0,,,,
2011,ATG,Nuclear,0,,,,
2012,ATG,Nuclear,0,,,,
2013,ATG,Nuclear,0,,,,
2014,ATG,Nuclear,0,,,,
2015,ATG,Nuclear,0,,,,
2016,ATG,Nuclear,0,,,,
2017,ATG,Nuclear,0,,,,
2018,ATG,Nuclear,0,,,,
2019,ATG,Nuclear,0,,,,
2020,ATG,Nuclear,0,,,,
2021,ATG,Nuclear,0,,,,
2022,ATG,Nuclear,0,,,,
2023,ATG,Nuclear,0,,,,
2024,ATG,Nuclear,0,,,,
2000,ATG,Other renewables,0,,,,
2001,ATG,Other renewables,0,,,,
2002,ATG,Other renewables,0,,,,
2003,ATG,Other renewables,0,,,,
2004,ATG,Other renewables,0,,,,
2005,ATG,Other renewables,0,,,,
2006,ATG,Other renewables,0,,,,
2007,ATG,Other renewables,0,,,,
2008,ATG,Other renewables,0,,,,
2009,ATG,Other renewables,0,,,,
2010,ATG,Other renewables,0,,,,
2011,ATG,Other renewables,0,,,,
2012,ATG,Other renewables,0,,,,
2013,ATG,Other renewables,0,,,,
2014,ATG,Other renewables,0,,,,
2015,ATG,Other renewables,0,,,,
2016,ATG,Other renewables,0,,,,
2017,ATG,Other renewables,0,,,,
2018,ATG,Other renewables,0,,,,
2019,ATG,Other renewables,0,,,,
2020,ATG,Other renewables,0,,,,
2021,ATG,Other renewables,0,,,,
2022,ATG,Other renewables,0,,,,
2023,ATG,Other renewables,0,,,,
2024,ATG,Other renewables,0,,,,
2000,ATG,Solar,0,,,,
2001,ATG,Solar,0,,,,
2002,ATG,Solar,0,,,,
2003,ATG,Solar,0,,,,
2004,ATG,Solar,0,,,,
2005,ATG,Solar,0,,,,
2006,ATG,Solar,0,,,,
2007,ATG,Solar,0,,,,
2008,ATG,Solar,0,,,,
2009,ATG,Solar,0,,,,
2010,ATG,Solar,0,,,,
2011,ATG,Solar,0,,,,
2012,ATG,Solar,0,,,,
2013,ATG,Solar,0,,,,
2014,ATG,Solar,0,,,,
2015,ATG,Solar,0.01,,,,
2016,ATG,Solar,0,,,,
2017,ATG,Solar,0.01,,,,
2018,ATG,Solar,0.01,,,,
2019,ATG,Solar,0.01,,,,
2020,ATG,Solar,0.02,,,,
2021,ATG,Solar,0.02,,,,
2022,ATG,Solar,0.02,,,,
2023,ATG,Solar,0.02,,,,
2024,ATG,Solar,0.03,,,,
2000,ATG,Total,0,,,,
2001,ATG,Total,0,,,,
2002,ATG,Total,0,,,,
2003,ATG,Total,0,,,,
2004,ATG,Total,0,,,,
2005,ATG,Total,0,,,,
2006,ATG,Total,0,,,,
2007,ATG,Total,0,,,,
2008,ATG,Total,0,,,,
2009,ATG,Total,0,,,,
2010,ATG,Total,0,,,,
2011,ATG,Total,0,,,,
2012,ATG,Total,0,,,,
2013,ATG,Total,0,,,,
2014,ATG,Total,0,,,,
2015,ATG,Total,0.01,,,,
2016,ATG,Total,0,,,,
2017,ATG,Total,0.01,,,,
2018,ATG,Total,0.01,,,,
2019,ATG,Total,0.01,,,,
2020,ATG,Total,0.02,,,,
2021,ATG,Total,0.02,,,,
2022,ATG,Total,0.02,,,,
2023,ATG,Total,0.02,,,,
2024,ATG,Total,0.03,,,,
2000,ATG,Wind,0,,,,
2001,ATG,Wind,0,,,,
2002,ATG,Wind,0,,,,
2003,ATG,Wind,0,,,,
2004,ATG,Wind,0,,,,
2005,ATG,Wind,0,,,,
2006,ATG,Wind,0,,,,
2007,ATG,Wind,0,,,,
2008,ATG,Wind,0,,,,
2009,ATG,Wind,0,,,,
2010,ATG,Wind,0,,,,
2011,ATG,Wind,0,,,,
2012,ATG,Wind,0,,,,
2013,ATG,Wind,0,,,,
2014,ATG,Wind,0,,,,
2015,ATG,Wind,0,,,,
2016,ATG,Wind,0,,,,
2017,ATG,Wind,0,,,,
2018,ATG,Wind,0,,,,
2019,ATG,Wind,0,,,,
2020,ATG,Wind,0,,,,
2021,ATG,Wind,0,,,,
2022,ATG,Wind,0,,,,
2023,ATG,Wind,0,,,,
2024,ATG,Wind,0,,,,
1985,AUS,Hydro,14,,,,
1986,AUS,Hydro,14,,,,
1987,AUS,Hydro,14,,,,
1988,AUS,Hydro,14,,,,
1989,AUS,Hydro,14,,,,
1990,AUS,Hydro,15,,,,
1991,AUS,Hydro,16,,,,
1992,AUS,Hydro,16,,,,
1993,AUS,Hydro,16,,,,
1994,AUS,Hydro,16,,,,
1995,AUS,Hydro,16,,,,
1996,AUS,Hydro,16,,,,
1997,AUS,Hydro,16,,,,
1998,AUS,Hydro,16,,,,
1999,AUS,Hydro,16,,,,
2000,AUS,Hydro,16,,,,
2001,AUS,Hydro,16,,,,
2002,AUS,Hydro,16,,,,
2003,AUS,Hydro,16,,,,
2004,AUS,Hydro,16,,,,
2005,AUS,Hydro,15,,,,
2006,AUS,Hydro,15,,,,
2007,AUS,Hydro,13,,,,
2008,AUS,Hydro,12,,,,
2009,AUS,Hydro,13,,,,
2010,AUS,Hydro,14,,,,
2011,AUS,Hydro,20,,,,
2012,AUS,Hydro,17,,,,
2013,AUS,Hydro,19,,,,
2014,AUS,Hydro,14,,,,
2015,AUS,Hydro,14,,,,
2016,AUS,Hydro,18,,,,
2017,AUS,Hydro,14,,,,
2018,AUS,Hydro,17,,,,
2019,AUS,Hydro,14,,,,
2020,AUS,Hydro,14,,,,
2021,AUS,Hydro,16,,,,
2022,AUS,Hydro,17,,,,
2023,AUS,Hydro,15,,,,
2024,AUS,Hydro,13,,,,
2025,AUS,Hydro,12,,,,
2006,AUS,Nuclear,0,,,,
1990,AUS,Solar,0,,,,
1991,AUS,Solar,0.01,,,,
1992,AUS,Solar,0.01,,,,
1993,AUS,Solar,0.01,,,,
1994,AUS,Solar,0.02,,,,
1995,AUS,Solar,0.02,,,,
1996,AUS,Solar,0.03,,,,
1997,AUS,Solar,0.03,,,,
1998,AUS,Solar,0.04,,,,
1999,AUS,Solar,0.04,,,,
2000,AUS,Solar,0.05,,,,
2001,AUS,Solar,0.05,,,,
2002,AUS,Solar,0.06,,,,
2003,AUS,Solar,0.06,,,,
2004,AUS,Solar,0.07,,,,
2005,AUS,Solar,0.08,,,,
2006,AUS,Solar,0.1,,,,
2007,AUS,Solar,0.11,,,,
2008,AUS,Solar,0.14,,,,
2009,AUS,Solar,0.29,,,,
2010,AUS,Solar,0.98,,,,
2011,AUS,Solar,2,,,,
2012,AUS,Solar,2.4,,,,
2013,AUS,Solar,3.9,,,,
2014,AUS,Solar,5,,,,
2015,AUS,Solar,6.2,,,,
2016,AUS,Solar,7.4,,,,
2017,AUS,Solar,8.9,,,,
2018,AUS,Solar,12,,,,
2019,AUS,Solar,18,,,,
2020,AUS,Solar,24,,,,
2021,AUS,Solar,31,,,,
2022,AUS,Solar,38,,,,
2023,AUS,Solar,45,,,,
2024,AUS,Solar,50,,,,
2025,AUS,Solar,56,,,,
1985,AUS,Total,14,,,,
1986,AUS,Total,14,,,,
1987,AUS,Total,14,,,,
1988,AUS,Total,15,,,,
1989,AUS,Total,15,,,,
1990,AUS,Total,16,,,,
1991,AUS,Total,16,,,,
1992,AUS,Total,17,,,,
1993,AUS,Total,17,,,,
1994,AUS,Total,17,,,,
1995,AUS,Total,16,,,,
1996,AUS,Total,17,,,,
1997,AUS,Total,17,,,,
1998,AUS,Total,17,,,,
1999,AUS,Total,17,,,,
2000,AUS,Total,18,,,,
2001,AUS,Total,17,,,,
2002,AUS,Total,18,,,,
2003,AUS,Total,19,,,,
2004,AUS,Total,19,,,,
2005,AUS,Total,21,,,,
2006,AUS,Total,21,,,,
2007,AUS,Total,20,,,,
2008,AUS,Total,19,,,,
2009,AUS,Total,20,,,,
2010,AUS,Total,22,,,,
2011,AUS,Total,31,,,,
2012,AUS,Total,30,,,,
2013,AUS,Total,36,,,,
2014,AUS,Total,33,,,,
2015,AUS,Total,36,,,,
2016,AUS,Total,42,,,,
2017,AUS,Total,39,,,,
2018,AUS,Total,49,,,,
2019,AUS,Total,55,,,,
2020,AUS,Total,64,,,,
2021,AUS,Total,77,,,,
2022,AUS,Total,87,,,,
2023,AUS,Total,95,,,,
2024,AUS,Total,99,,,,
2025,AUS,Total,110,,,,
1990,AUS,Wind,0,,,,
1991,AUS,Wind,0,,,,
1992,AUS,Wind,0,,,,
1993,AUS,Wind,0,,,,
1994,AUS,Wind,0.01,,,,
1995,AUS,Wind,0.01,,,,
1996,AUS,Wind,0.01,,,,
1997,AUS,Wind,0.01,,,,
1998,AUS,Wind,0.02,,,,
1999,AUS,Wind,0.04,,,,
2000,AUS,Wind,0.13,,,,
2001,AUS,Wind,0.29,,,,
2002,AUS,Wind,0.53,,,,
2003,AUS,Wind,0.7,,,,
2004,AUS,Wind,0.8,,,,
2005,AUS,Wind,1.3,,,,
2006,AUS,Wind,2.2,,,,
2007,AUS,Wind,2.9,,,,
2008,AUS,Wind,3.5,,,,
2009,AUS,Wind,4.4,,,,
2010,AUS,Wind,5,,,,
2011,AUS,Wind,6.4,,,,
2012,AUS,Wind,7.7,,,,
2013,AUS,Wind,9.3,,,,
2014,AUS,Wind,9.8,,,,
2015,AUS,Wind,12,,,,
2016,AUS,Wind,13,,,,
2017,AUS,Wind,13,,,,
2018,AUS,Wind,16,,,,
2019,AUS,Wind,19,,,,
2020,AUS,Wind,23,,,,
2021,AUS,Wind,27,,,,
2022,AUS,Wind,30,,,,
2023,AUS,Wind,32,,,,
2024,AUS,Wind,33,,,,
2025,AUS,Wind,39,,,,
1990,AUT,Hydro,32,,,,
1991,AUT,Hydro,31,,,,
1992,AUT,Hydro,35,,,,
1993,AUT,Hydro,37,,,,
1994,AUT,Hydro,36,,,,
1995,AUT,Hydro,37,,,,
1996,AUT,Hydro,34,,,,
1997,AUT,Hydro,36,,,,
1998,AUT,Hydro,37,,,,
1999,AUT,Hydro,41,,,,
2000,AUT,Hydro,42,,,,
2001,AUT,Hydro,40,,,,
2002,AUT,Hydro,40,,,,
2003,AUT,Hydro,33,,,,
2004,AUT,Hydro,37,,,,
2005,AUT,Hydro,37,,,,
2006,AUT,Hydro,36,,,,
2007,AUT,Hydro,37,,,,
2008,AUT,Hydro,38,,,,
2009,AUT,Hydro,41,,,,
2010,AUT,Hydro,38,,,,
2011,AUT,Hydro,34,,,,
2012,AUT,Hydro,44,,,,
2013,AUT,Hydro,42,,,,
2014,AUT,Hydro,41,,,,
2015,AUT,Hydro,37,,,,
2016,AUT,Hydro,40,,,,
2017,AUT,Hydro,38,,,,
2018,AUT,Hydro,38,,,,
2019,AUT,Hydro,41,,,,
2020,AUT,Hydro,42,,,,
2021,AUT,Hydro,39,,,,
2022,AUT,Hydro,35,,,,
2023,AUT,Hydro,41,,,,
2024,AUT,Hydro,46,,,,
2025,AUT,Hydro,38,,,,
1990,AUT,Nuclear,0,,,,
1991,AUT,Nuclear,0,,,,
1992,AUT,Nuclear,0,,,,
1993,AUT,Nuclear,0,,,,
1994,AUT,Nuclear,0,,,,
1995,AUT,Nuclear,0,,,,
1996,AUT,Nuclear,0,,,,
1997,AUT,Nuclear,0,,,,
1998,AUT,Nuclear,0,,,,
1999,AUT,Nuclear,0,,,,
2000,AUT,Nuclear,0,,,,
2001,AUT,Nuclear,0,,,,
2002,AUT,Nuclear,0,,,,
2003,AUT,Nuclear,0,,,,
2004,AUT,Nuclear,0,,,,
2005,AUT,Nuclear,0,,,,
2006,AUT,Nuclear,0,,,,
2007,AUT,Nuclear,0,,,,
2008,AUT,Nuclear,0,,,,
2009,AUT,Nuclear,0,,,,
2010,AUT,Nuclear,0,,,,
2011,AUT,Nuclear,0,,,,
2012,AUT,Nuclear,0,,,,
2013,AUT,Nuclear,0,,,,
2014,AUT,Nuclear,0,,,,
2015,AUT,Nuclear,0,,,,
2016,AUT,Nuclear,0,,,,
2017,AUT,Nuclear,0,,,,
2018,AUT,Nuclear,0,,,,
2019,AUT,Nuclear,0,,,,
2020,AUT,Nuclear,0,,,,
2021,AUT,Nuclear,0,,,,
2022,AUT,Nuclear,0,,,,
2023,AUT,Nuclear,0,,,,
2024,AUT,Nuclear,0,,,,
2025,AUT,Nuclear,0,,,,
1990,AUT,Other renewables,0,,,,
1991,AUT,Other renewables,0,,,,
1992,AUT,Other renewables,0,,,,
1993,AUT,Other renewables,0,,,,
1994,AUT,Other renewables,0,,,,
1995,AUT,Other renewables,0,,,,
1996,AUT,Other renewables,0,,,,
1997,AUT,Other renewables,0,,,,
1998,AUT,Other renewables,0,,,,
1999,AUT,Other renewables,0,,,,
2000,AUT,Other renewables,0,,,,
2001,AUT,Other renewables,0,,,,
2002,AUT,Other renewables,0,,,,
2003,AUT,Other renewables,0,,,,
2004,AUT,Other renewables,0,,,,
2005,AUT,Other renewables,0,,,,
2006,AUT,Other renewables,0,,,,
2007,AUT,Other renewables,0,,,,
2008,AUT,Other renewables,0,,,,
2009,AUT,Other renewables,0,,,,
2010,AUT,Other renewables,0,,,,
2011,AUT,Other renewables,0,,,,
2012,AUT,Other renewables,0,,,,
2013,AUT,Other renewables,0,,,,
2014,AUT,Other renewables,0,,,,
2015,AUT,Other renewables,0,,,,
2016,AUT,Other renewables,0,,,,
2017,AUT,Other renewables,0,,,,
2018,AUT,Other renewables,0,,,,
2019,AUT,Other renewables,0,,,,
2020,AUT,Other renewables,0,,,,
2021,AUT,Other renewables,0,,,,
2022,AUT,Other renewables,0,,,,
2023,AUT,Other renewables,0,,,,
2024,AUT,Other renewables,0,,,,
2025,AUT,Other renewables,0,,,,
1990,AUT,Solar,0,,,,
1991,AUT,Solar,0,,,,
1992,AUT,Solar,0,,,,
1993,AUT,Solar,0,,,,
1994,AUT,Solar,0,,,,
1995,AUT,Solar,0,,,,
1996,AUT,Solar,0,,,,
1997,AUT,Solar,0,,,,
1998,AUT,Solar,0,,,,
1999,AUT,Solar,0,,,,
2000,AUT,Solar,0,,,,
2001,AUT,Solar,0.01,,,,
2002,AUT,Solar,0.01,,,,
2003,AUT,Solar,0.01,,,,
2004,AUT,Solar,0.02,,,,
2005,AUT,Solar,0.02,,,,
2006,AUT,Solar,0.02,,,,
2007,AUT,Solar,0.02,,,,
2008,AUT,Solar,0.03,,,,
2009,AUT,Solar,0.05,,,,
2010,AUT,Solar,0.09,,,,
2011,AUT,Solar,0.17,,,,
2012,AUT,Solar,0.34,,,,
2013,AUT,Solar,0.63,,,,
2014,AUT,Solar,0.79,,,,
2015,AUT,Solar,0.94,,,,
2016,AUT,Solar,1.1,,,,
2017,AUT,Solar,1.3,,,,
2018,AUT,Solar,1.5,,,,
2019,AUT,Solar,1.7,,,,
2020,AUT,Solar,2,,,,
2021,AUT,Solar,2.8,,,,
2022,AUT,Solar,3.8,,,,
2023,AUT,Solar,6.9,,,,
2024,AUT,Solar,8.1,,,,
2025,AUT,Solar,10,,,,
1990,AUT,Total,33,,,,
1991,AUT,Total,33,,,,
1992,AUT,Total,36,,,,
1993,AUT,Total,38,,,,
1994,AUT,Total,37,,,,
1995,AUT,Total,39,,,,
1996,AUT,Total,36,,,,
1997,AUT,Total,38,,,,
1998,AUT,Total,39,,,,
1999,AUT,Total,42,,,,
2000,AUT,Total,43,,,,
2001,AUT,Total,42,,,,
2002,AUT,Total,42,,,,
2003,AUT,Total,35,,,,
2004,AUT,Total,40,,,,
2005,AUT,Total,41,,,,
2006,AUT,Total,41,,,,
2007,AUT,Total,43,,,,
2008,AUT,Total,45,,,,
2009,AUT,Total,47,,,,
2010,AUT,Total,45,,,,
2011,AUT,Total,41,,,,
2012,AUT,Total,51,,,,
2013,AUT,Total,51,,,,
2014,AUT,Total,50,,,,
2015,AUT,Total,48,,,,
2016,AUT,Total,51,,,,
2017,AUT,Total,51,,,,
2018,AUT,Total,50,,,,
2019,AUT,Total,55,,,,
2020,AUT,Total,55,,,,
2021,AUT,Total,53,,,,
2022,AUT,Total,50,,,,
2023,AUT,Total,60,,,,
2024,AUT,Total,68,,,,
2025,AUT,Total,61,,,,
1990,AUT,Wind,0,,,,
1991,AUT,Wind,0,,,,
1992,AUT,Wind,0,,,,
1993,AUT,Wind,0,,,,
1994,AUT,Wind,0,,,,
1995,AUT,Wind,0,,,,
1996,AUT,Wind,0,,,,
1997,AUT,Wind,0.02,,,,
1998,AUT,Wind,0.05,,,,
1999,AUT,Wind,0.05,,,,
2000,AUT,Wind,0.07,,,,
2001,AUT,Wind,0.1,,,,
2002,AUT,Wind,0.14,,,,
2003,AUT,Wind,0.37,,,,
2004,AUT,Wind,0.93,,,,
2005,AUT,Wind,1.3,,,,
2006,AUT,Wind,1.8,,,,
2007,AUT,Wind,2,,,,
2008,AUT,Wind,2,,,,
2009,AUT,Wind,2,,,,
2010,AUT,Wind,2.1,,,,
2011,AUT,Wind,1.9,,,,
2012,AUT,Wind,2.5,,,,
2013,AUT,Wind,3.2,,,,
2014,AUT,Wind,3.9,,,,
2015,AUT,Wind,4.8,,,,
2016,AUT,Wind,5.2,,,,
2017,AUT,Wind,6.6,,,,
2018,AUT,Wind,6,,,,
2019,AUT,Wind,7.5,,,,
2020,AUT,Wind,6.8,,,,
2021,AUT,Wind,6.7,,,,
2022,AUT,Wind,7.2,,,,
2023,AUT,Wind,8,,,,
2024,AUT,Wind,9.1,,,,
2025,AUT,Wind,8.3,,,,
2000,AZE,Hydro,1.5,,,,
2001,AZE,Hydro,1.3,,,,
2002,AZE,Hydro,2,,,,
2003,AZE,Hydro,2.4,,,,
2004,AZE,Hydro,2.7,,,,
2005,AZE,Hydro,3,,,,
2006,AZE,Hydro,2.5,,,,
2007,AZE,Hydro,2.3,,,,
2008,AZE,Hydro,2.2,,,,
2009,AZE,Hydro,2.3,,,,
2010,AZE,Hydro,3.4,,,,
2011,AZE,Hydro,2.7,,,,
2012,AZE,Hydro,1.8,,,,
2013,AZE,Hydro,1.5,,,,
2014,AZE,Hydro,1.3,,,,
2015,AZE,Hydro,1.6,,,,
2016,AZE,Hydro,1.9,,,,
2017,AZE,Hydro,1.7,,,,
2018,AZE,Hydro,1.8,,,,
2019,AZE,Hydro,1.6,,,,
2020,AZE,Hydro,1.1,,,,
2021,AZE,Hydro,1.3,,,,
2022,AZE,Hydro,1.6,,,,
2023,AZE,Hydro,1.6,,,,
2024,AZE,Hydro,3,,,,
2025,AZE,Hydro,2.5,,,,
2000,AZE,Nuclear,0,,,,
2001,AZE,Nuclear,0,,,,
2002,AZE,Nuclear,0,,,,
2003,AZE,Nuclear,0,,,,
2004,AZE,Nuclear,0,,,,
2005,AZE,Nuclear,0,,,,
2006,AZE,Nuclear,0,,,,
2007,AZE,Nuclear,0,,,,
2008,AZE,Nuclear,0,,,,
2009,AZE,Nuclear,0,,,,
2010,AZE,Nuclear,0,,,,
2011,AZE,Nuclear,0,,,,
2012,AZE,Nuclear,0,,,,
2013,AZE,Nuclear,0,,,,
2014,AZE,Nuclear,0,,,,
2015,AZE,Nuclear,0,,,,
2016,AZE,Nuclear,0,,,,
2017,AZE,Nuclear,0,,,,
2018,AZE,Nuclear,0,,,,
2019,AZE,Nuclear,0,,,,
2020,AZE,Nuclear,0,,,,
2021,AZE,Nuclear,0,,,,
2022,AZE,Nuclear,0,,,,
2023,AZE,Nuclear,0,,,,
2024,AZE,Nuclear,0,,,,
2025,AZE,Nuclear,0,,,,
2000,AZE,Other renewables,0,,,,
2001,AZE,Other renewables,0,,,,
2002,AZE,Other renewables,0,,,,
2003,AZE,Other renewables,0,,,,
2004,AZE,Other renewables,0,,,,
2005,AZE,Other renewables,0,,,,
2006,AZE,Other renewables,0,,,,
2007,AZE,Other renewables,0,,,,
2008,AZE,Other renewables,0,,,,
2009,AZE,Other renewables,0,,,,
2010,AZE,Other renewables,0,,,,
2011,AZE,Other renewables,0,,,,
2012,AZE,Other renewables,0,,,,
2013,AZE,Other renewables,0,,,,
2014,AZE,Other renewables,0,,,,
2015,AZE,Other renewables,0,,,,
2016,AZE,Other renewables,0,,,,
2017,AZE,Other renewables,0,,,,
2018,AZE,Other renewables,0,,,,
2019,AZE,Other renewables,0,,,,
2020,AZE,Other renewables,0,,,,
2021,AZE,Other renewables,0,,,,
2022,AZE,Other renewables,0,,,,
2023,AZE,Other renewables,0,,,,
2024,AZE,Other renewables,0,,,,
2025,AZE,Other renewables,0,,,,
2000,AZE,Solar,0,,,,
2001,AZE,Solar,0,,,,
2002,AZE,Solar,0,,,,
2003,AZE,Solar,0,,,,
2004,AZE,Solar,0,,,,
2005,AZE,Solar,0,,,,
2006,AZE,Solar,0,,,,
2007,AZE,Solar,0,,,,
2008,AZE,Solar,0,,,,
2009,AZE,Solar,0,,,,
2010,AZE,Solar,0,,,,
2011,AZE,Solar,0,,,,
2012,AZE,Solar,0,,,,
2013,AZE,Solar,0,,,,
2014,AZE,Solar,0,,,,
2015,AZE,Solar,0,,,,
2016,AZE,Solar,0.04,,,,
2017,AZE,Solar,0.04,,,,
2018,AZE,Solar,0.04,,,,
2019,AZE,Solar,0.04,,,,
2020,AZE,Solar,0.05,,,,
2021,AZE,Solar,0.05,,,,
2022,AZE,Solar,0.06,,,,
2023,AZE,Solar,0.07,,,,
2024,AZE,Solar,0.08,,,,
2025,AZE,Solar,-0.12,,,,
2000,AZE,Total,1.5,,,,
2001,AZE,Total,1.3,,,,
2002,AZE,Total,2,,,,
2003,AZE,Total,2.4,,,,
2004,AZE,Total,2.7,,,,
2005,AZE,Total,3,,,,
2006,AZE,Total,2.5,,,,
2007,AZE,Total,2.3,,,,
2008,AZE,Total,2.2,,,,
2009,AZE,Total,2.3,,,,
2010,AZE,Total,3.4,,,,
2011,AZE,Total,2.7,,,,
2012,AZE,Total,1.8,,,,
2013,AZE,Total,1.6,,,,
2014,AZE,Total,1.4,,,,
2015,AZE,Total,1.7,,,,
2016,AZE,Total,2.1,,,,
2017,AZE,Total,1.9,,,,
2018,AZE,Total,2,,,,
2019,AZE,Total,1.8,,,,
2020,AZE,Total,1.3,,,,
2021,AZE,Total,1.5,,,,
2022,AZE,Total,1.8,,,,
2023,AZE,Total,1.9,,,,
2024,AZE,Total,3.3,,,,
2025,AZE,Total,2.6,,,,
2000,AZE,Wind,0,,,,
2001,AZE,Wind,0,,,,
2002,AZE,Wind,0,,,,
2003,AZE,Wind,0,,,,
2004,AZE,Wind,0,,,,
2005,AZE,Wind,0,,,,
2006,AZE,Wind,0,,,,
2007,AZE,Wind,0,,,,
2008,AZE,Wind,0,,,,
2009,AZE,Wind,0,,,,
2010,AZE,Wind,0,,,,
2011,AZE,Wind,0,,,,
2012,AZE,Wind,0,,,,
2013,AZE,Wind,0,,,,
2014,AZE,Wind,0,,,,
2015,AZE,Wind,0,,,,
2016,AZE,Wind,0.02,,,,
2017,AZE,Wind,0.02,,,,
2018,AZE,Wind,0.08,,,,
2019,AZE,Wind,0.1,,,,
2020,AZE,Wind,0.1,,,,
2021,AZE,Wind,0.09,,,,
2022,AZE,Wind,0.08,,,,
2023,AZE,Wind,0.08,,,,
2024,AZE,Wind,0.09,,,,
2025,AZE,Wind,0.09,,,,
2000,BDI,Hydro,0.1,,,,
2001,BDI,Hydro,0.11,,,,
2002,BDI,Hydro,0.13,,,,
2003,BDI,Hydro,0.1,,,,
2004,BDI,Hydro,0.09,,,,
2005,BDI,Hydro,0.09,,,,
2006,BDI,Hydro,0.09,,,,
2007,BDI,Hydro,0.12,,,,
2008,BDI,Hydro,0.11,,,,
2009,BDI,Hydro,0.12,,,,
2010,BDI,Hydro,0.14,,,,
2011,BDI,Hydro,0.13,,,,
2012,BDI,Hydro,0.14,,,,
2013,BDI,Hydro,0.14,,,,
2014,BDI,Hydro,0.14,,,,
2015,BDI,Hydro,0.14,,,,
2016,BDI,Hydro,0.14,,,,
2017,BDI,Hydro,0.19,,,,
2018,BDI,Hydro,0.24,,,,
2019,BDI,Hydro,0.26,,,,
2020,BDI,Hydro,0.27,,,,
2021,BDI,Hydro,0.26,,,,
2022,BDI,Hydro,0.26,,,,
2023,BDI,Hydro,0.37,,,,
2024,BDI,Hydro,0.36,,,,
2000,BDI,Nuclear,0,,,,
2001,BDI,Nuclear,0,,,,
2002,BDI,Nuclear,0,,,,
2003,BDI,Nuclear,0,,,,
2004,BDI,Nuclear,0,,,,
2005,BDI,Nuclear,0,,,,
2006,BDI,Nuclear,0,,,,
2007,BDI,Nuclear,0,,,,
2008,BDI,Nuclear,0,,,,
2009,BDI,Nuclear,0,,,,
2010,BDI,Nuclear,0,,,,
2011,BDI,Nuclear,0,,,,
2012,BDI,Nuclear,0,,,,
2013,BDI,Nuclear,0,,,,
2014,BDI,Nuclear,0,,,,
2015,BDI,Nuclear,0,,,,
2016,BDI,Nuclear,0,,,,
2017,BDI,Nuclear,0,,,,
2018,BDI,Nuclear,0,,,,
2019,BDI,Nuclear,0,,,,
2020,BDI,Nuclear,0,,,,
2021,BDI,Nuclear,0,,,,
2022,BDI,Nuclear,0,,,,
2023,BDI,Nuclear,0,,,,
2024,BDI,Nuclear,0,,,,
2000,BDI,Other renewables,0,,,,
2001,BDI,Other renewables,0,,,,
2002,BDI,Other renewables,0,,,,
2003,BDI,Other renewables,0,,,,
2004,BDI,Other renewables,0,,,,
2005,BDI,Other renewables,0,,,,
2006,BDI,Other renewables,0,,,,
2007,BDI,Other renewables,0,,,,
2008,BDI,Other renewables,0,,,,
2009,BDI,Other renewables,0,,,,
2010,BDI,Other renewables,0,,,,
2011,BDI,Other renewables,0,,,,
2012,BDI,Other renewables,0,,,,
2013,BDI,Other renewables,0,,,,
2014,BDI,Other renewables,0,,,,
2015,BDI,Other renewables,0,,,,
2016,BDI,Other renewables,0,,,,
2017,BDI,Other renewables,0,,,,
2018,BDI,Other renewables,0,,,,
2019,BDI,Other renewables,0,,,,
2020,BDI,Other renewables,0,,,,
2021,BDI,Other renewables,0,,,,
2022,BDI,Other renewables,0,,,,
2023,BDI,Other renewables,0,,,,
2024,BDI,Other renewables,0,,,,
2000,BDI,Solar,0,,,,
2001,BDI,Solar,0,,,,
2002,BDI,Solar,0,,,,
2003,BDI,Solar,0,,,,
2004,BDI,Solar,0,,,,
2005,BDI,Solar,0,,,,
2006,BDI,Solar,0,,,,
2007,BDI,Solar,0,,,,
2008,BDI,Solar,0,,,,
2009,BDI,Solar,0,,,,
2010,BDI,Solar,0,,,,
2011,BDI,Solar,0,,,,
2012,BDI,Solar,0,,,,
2013,BDI,Solar,0,,,,
2014,BDI,Solar,0,,,,
2015,BDI,Solar,0,,,,
2016,BDI,Solar,0.01,,,,
2017,BDI,Solar,0.01,,,,
2018,BDI,Solar,0,,,,
2019,BDI,Solar,0,,,,
2020,BDI,Solar,0,,,,
2021,BDI,Solar,0,,,,
2022,BDI,Solar,0,,,,
2023,BDI,Solar,0,,,,
2024,BDI,Solar,0,,,,
2000,BDI,Total,0.1,,,,
2001,BDI,Total,0.11,,,,
2002,BDI,Total,0.13,,,,
2003,BDI,Total,0.1,,,,
2004,BDI,Total,0.09,,,,
2005,BDI,Total,0.09,,,,
2006,BDI,Total,0.09,,,,
2007,BDI,Total,0.12,,,,
2008,BDI,Total,0.11,,,,
2009,BDI,Total,0.12,,,,
2010,BDI,Total,0.14,,,,
2011,BDI,Total,0.14,,,,
2012,BDI,Total,0.15,,,,
2013,BDI,Total,0.15,,,,
2014,BDI,Total,0.15,,,,
2015,BDI,Total,0.15,,,,
2016,BDI,Total,0.16,,,,
2017,BDI,Total,0.21,,,,
2018,BDI,Total,0.25,,,,
2019,BDI,Total,0.27,,,,
2020,BDI,Total,0.28,,,,
2021,BDI,Total,0.27,,,,
2022,BDI,Total,0.27,,,,
2023,BDI,Total,0.38,,,,
2024,BDI,Total,0.37,,,,
2000,BDI,Wind,0,,,,
2001,BDI,Wind,0,,,,
2002,BDI,Wind,0,,,,
2003,BDI,Wind,0,,,,
2004,BDI,Wind,0,,,,
2005,BDI,Wind,0,,,,
2006,BDI,Wind,0,,,,
2007,BDI,Wind,0,,,,
2008,BDI,Wind,0,,,,
2009,BDI,Wind,0,,,,
2010,BDI,Wind,0,,,,
2011,BDI,Wind,0,,,,
2012,BDI,Wind,0,,,,
2013,BDI,Wind,0,,,,
2014,BDI,Wind,0,,,,
2015,BDI,Wind,0,,,,
2016,BDI,Wind,0,,,,
2017,BDI,Wind,0,,,,
2018,BDI,Wind,0,,,,
2019,BDI,Wind,0,,,,
2020,BDI,Wind,0,,,,
2021,BDI,Wind,0,,,,
2022,BDI,Wind,0,,,,
2023,BDI,Wind,0,,,,
2024,BDI,Wind,0,,,,
1990,BEL,Hydro,0.27,,,,
1991,BEL,Hydro,0.23,,,,
1992,BEL,Hydro,0.34,,,,
1993,BEL,Hydro,0.25,,,,
1994,BEL,Hydro,0.35,,,,
1995,BEL,Hydro,0.34,,,,
1996,BEL,Hydro,0.24,,,,
1997,BEL,Hydro,0.31,,,,
1998,BEL,Hydro,0.39,,,,
1999,BEL,Hydro,0.34,,,,
2000,BEL,Hydro,0.46,,,,
2001,BEL,Hydro,0.44,,,,
2002,BEL,Hydro,0.36,,,,
2003,BEL,Hydro,0.25,,,,
2004,BEL,Hydro,0.32,,,,
2005,BEL,Hydro,0.29,,,,
2006,BEL,Hydro,0.36,,,,
2007,BEL,Hydro,0.39,,,,
2008,BEL,Hydro,0.41,,,,
2009,BEL,Hydro,0.33,,,,
2010,BEL,Hydro,0.31,,,,
2011,BEL,Hydro,0.2,,,,
2012,BEL,Hydro,0.36,,,,
2013,BEL,Hydro,0.38,,,,
2014,BEL,Hydro,0.29,,,,
2015,BEL,Hydro,0.32,,,,
2016,BEL,Hydro,0.37,,,,
2017,BEL,Hydro,0.27,,,,
2018,BEL,Hydro,0.29,,,,
2019,BEL,Hydro,0.3,,,,
2020,BEL,Hydro,0.27,,,,
2021,BEL,Hydro,0.42,,,,
2022,BEL,Hydro,0.27,,,,
2023,BEL,Hydro,0.4,,,,
2024,BEL,Hydro,0.55,,,,
2025,BEL,Hydro,0.59,,,,
1990,BEL,Nuclear,43,,,,
1991,BEL,Nuclear,43,,,,
1992,BEL,Nuclear,43,,,,
1993,BEL,Nuclear,42,,,,
1994,BEL,Nuclear,41,,,,
1995,BEL,Nuclear,41,,,,
1996,BEL,Nuclear,43,,,,
1997,BEL,Nuclear,47,,,,
1998,BEL,Nuclear,46,,,,
1999,BEL,Nuclear,49,,,,
2000,BEL,Nuclear,48,,,,
2001,BEL,Nuclear,46,,,,
2002,BEL,Nuclear,47,,,,
2003,BEL,Nuclear,47,,,,
2004,BEL,Nuclear,47,,,,
2005,BEL,Nuclear,48,,,,
2006,BEL,Nuclear,47,,,,
2007,BEL,Nuclear,48,,,,
2008,BEL,Nuclear,46,,,,
2009,BEL,Nuclear,47,,,,
2010,BEL,Nuclear,48,,,,
2011,BEL,Nuclear,48,,,,
2012,BEL,Nuclear,40,,,,
2013,BEL,Nuclear,43,,,,
2014,BEL,Nuclear,34,,,,
2015,BEL,Nuclear,26,,,,
2016,BEL,Nuclear,44,,,,
2017,BEL,Nuclear,42,,,,
2018,BEL,Nuclear,29,,,,
2019,BEL,Nuclear,44,,,,
2020,BEL,Nuclear,34,,,,
2021,BEL,Nuclear,50,,,,
2022,BEL,Nuclear,44,,,,
2023,BEL,Nuclear,33,,,,
2024,BEL,Nuclear,31,,,,
2025,BEL,Nuclear,24,,,,
1990,BEL,Other renewables,0,,,,
1991,BEL,Other renewables,0,,,,
1992,BEL,Other renewables,0,,,,
1993,BEL,Other renewables,0,,,,
1994,BEL,Other renewables,0,,,,
1995,BEL,Other renewables,0,,,,
1996,BEL,Other renewables,0,,,,
1997,BEL,Other renewables,0,,,,
1998,BEL,Other renewables,0,,,,
1999,BEL,Other renewables,0,,,,
2000,BEL,Other renewables,0,,,,
2001,BEL,Other renewables,0,,,,
2002,BEL,Other renewables,0,,,,
2003,BEL,Other renewables,0,,,,
2004,BEL,Other renewables,0,,,,
2005,BEL,Other renewables,0,,,,
2006,BEL,Other renewables,0,,,,
2007,BEL,Other renewables,0,,,,
2008,BEL,Other renewables,0,,,,
2009,BEL,Other renewables,0,,,,
2010,BEL,Other renewables,0,,,,
2011,BEL,Other renewables,0,,,,
2012,BEL,Other renewables,0,,,,
2013,BEL,Other renewables,0,,,,
2014,BEL,Other renewables,0,,,,
2015,BEL,Other renewables,0,,,,
2016,BEL,Other renewables,0,,,,
2017,BEL,Other renewables,0,,,,
2018,BEL,Other renewables,0,,,,
2019,BEL,Other renewables,0,,,,
2020,BEL,Other renewables,0,,,,
2021,BEL,Other renewables,0,,,,
2022,BEL,Other renewables,0,,,,
2023,BEL,Other renewables,0,,,,
2024,BEL,Other renewables,0,,,,
2025,BEL,Other renewables,0,,,,
1990,BEL,Solar,0,,,,
1991,BEL,Solar,0,,,,
1992,BEL,Solar,0,,,,
1993,BEL,Solar,0,,,,
1994,BEL,Solar,0,,,,
1995,BEL,Solar,0,,,,
1996,BEL,Solar,0,,,,
1997,BEL,Solar,0,,,,
1998,BEL,Solar,0,,,,
1999,BEL,Solar,0,,,,
2000,BEL,Solar,0,,,,
2001,BEL,Solar,0,,,,
2002,BEL,Solar,0,,,,
2003,BEL,Solar,0,,,,
2004,BEL,Solar,0,,,,
2005,BEL,Solar,0,,,,
2006,BEL,Solar,0,,,,
2007,BEL,Solar,0.01,,,,
2008,BEL,Solar,0.04,,,,
2009,BEL,Solar,0.17,,,,
2010,BEL,Solar,0.58,,,,
2011,BEL,Solar,1.2,,,,
2012,BEL,Solar,2.2,,,,
2013,BEL,Solar,2.6,,,,
2014,BEL,Solar,2.9,,,,
2015,BEL,Solar,3.1,,,,
2016,BEL,Solar,3.1,,,,
2017,BEL,Solar,3.3,,,,
2018,BEL,Solar,3.9,,,,
2019,BEL,Solar,4.3,,,,
2020,BEL,Solar,5.1,,,,
2021,BEL,Solar,5.6,,,,
2022,BEL,Solar,6.9,,,,
2023,BEL,Solar,7.8,,,,
2024,BEL,Solar,8.6,,,,
2025,BEL,Solar,10,,,,
1990,BEL,Total,43,,,,
1991,BEL,Total,43,,,,
1992,BEL,Total,44,,,,
1993,BEL,Total,42,,,,
1994,BEL,Total,41,,,,
1995,BEL,Total,42,,,,
1996,BEL,Total,44,,,,
1997,BEL,Total,48,,,,
1998,BEL,Total,47,,,,
1999,BEL,Total,50,,,,
2000,BEL,Total,49,,,,
2001,BEL,Total,47,,,,
2002,BEL,Total,49,,,,
2003,BEL,Total,49,,,,
2004,BEL,Total,49,,,,
2005,BEL,Total,50,,,,
2006,BEL,Total,50,,,,
2007,BEL,Total,52,,,,
2008,BEL,Total,50,,,,
2009,BEL,Total,53,,,,
2010,BEL,Total,55,,,,
2011,BEL,Total,57,,,,
2012,BEL,Total,51,,,,
2013,BEL,Total,54,,,,
2014,BEL,Total,46,,,,
2015,BEL,Total,41,,,,
2016,BEL,Total,58,,,,
2017,BEL,Total,58,,,,
2018,BEL,Total,46,,,,
2019,BEL,Total,63,,,,
2020,BEL,Total,58,,,,
2021,BEL,Total,73,,,,
2022,BEL,Total,68,,,,
2023,BEL,Total,60,,,,
2024,BEL,Total,58,,,,
2025,BEL,Total,54,,,,
1990,BEL,Wind,0.01,,,,
1991,BEL,Wind,0.01,,,,
1992,BEL,Wind,0.01,,,,
1993,BEL,Wind,0.01,,,,
1994,BEL,Wind,0.01,,,,
1995,BEL,Wind,0.01,,,,
1996,BEL,Wind,0.01,,,,
1997,BEL,Wind,0.01,,,,
1998,BEL,Wind,0.01,,,,
1999,BEL,Wind,0.01,,,,
2000,BEL,Wind,0.02,,,,
2001,BEL,Wind,0.04,,,,
2002,BEL,Wind,0.06,,,,
2003,BEL,Wind,0.09,,,,
2004,BEL,Wind,0.14,,,,
2005,BEL,Wind,0.23,,,,
2006,BEL,Wind,0.37,,,,
2007,BEL,Wind,0.49,,,,
2008,BEL,Wind,0.64,,,,
2009,BEL,Wind,0.99,,,,
2010,BEL,Wind,1.3,,,,
2011,BEL,Wind,2.3,,,,
2012,BEL,Wind,2.8,,,,
2013,BEL,Wind,3.7,,,,
2014,BEL,Wind,4.6,,,,
2015,BEL,Wind,5.6,,,,
2016,BEL,Wind,5.4,,,,
2017,BEL,Wind,6.5,,,,
2018,BEL,Wind,7.6,,,,
2019,BEL,Wind,9.8,,,,
2020,BEL,Wind,13,,,,
2021,BEL,Wind,12,,,,
2022,BEL,Wind,12,,,,
2023,BEL,Wind,15,,,,
2024,BEL,Wind,14,,,,
2025,BEL,Wind,13,,,,
2000,BEN,Hydro,0,,,,
2001,BEN,Hydro,0,,,,
2002,BEN,Hydro,0,,,,
2003,BEN,Hydro,0,,,,
2004,BEN,Hydro,0,,,,
2005,BEN,Hydro,0,,,,
2006,BEN,Hydro,0,,,,
2007,BEN,Hydro,0,,,,
2008,BEN,Hydro,0,,,,
2009,BEN,Hydro,0,,,,
2010,BEN,Hydro,0,,,,
2011,BEN,Hydro,0,,,,
2012,BEN,Hydro,0,,,,
2013,BEN,Hydro,0,,,,
2014,BEN,Hydro,0,,,,
2015,BEN,Hydro,0,,,,
2016,BEN,Hydro,0,,,,
2017,BEN,Hydro,0,,,,
2018,BEN,Hydro,0,,,,
2019,BEN,Hydro,0,,,,
2020,BEN,Hydro,0,,,,
2021,BEN,Hydro,0,,,,
2022,BEN,Hydro,0,,,,
2023,BEN,Hydro,0,,,,
2024,BEN,Hydro,0,,,,
2000,BEN,Nuclear,0,,,,
2001,BEN,Nuclear,0,,,,
2002,BEN,Nuclear,0,,,,
2003,BEN,Nuclear,0,,,,
2004,BEN,Nuclear,0,,,,
2005,BEN,Nuclear,0,,,,
2006,BEN,Nuclear,0,,,,
2007,BEN,Nuclear,0,,,,
2008,BEN,Nuclear,0,,,,
2009,BEN,Nuclear,0,,,,
2010,BEN,Nuclear,0,,,,
2011,BEN,Nuclear,0,,,,
2012,BEN,Nuclear,0,,,,
2013,BEN,Nuclear,0,,,,
2014,BEN,Nuclear,0,,,,
2015,BEN,Nuclear,0,,,,
2016,BEN,Nuclear,0,,,,
2017,BEN,Nuclear,0,,,,
2018,BEN,Nuclear,0,,,,
2019,BEN,Nuclear,0,,,,
2020,BEN,Nuclear,0,,,,
2021,BEN,Nuclear,0,,,,
2022,BEN,Nuclear,0,,,,
2023,BEN,Nuclear,0,,,,
2024,BEN,Nuclear,0,,,,
2000,BEN,Other renewables,0,,,,
2001,BEN,Other renewables,0,,,,
2002,BEN,Other renewables,0,,,,
2003,BEN,Other renewables,0,,,,
2004,BEN,Other renewables,0,,,,
2005,BEN,Other renewables,0,,,,
2006,BEN,Other renewables,0,,,,
2007,BEN,Other renewables,0,,,,
2008,BEN,Other renewables,0,,,,
2009,BEN,Other renewables,0,,,,
2010,BEN,Other renewables,0,,,,
2011,BEN,Other renewables,0,,,,
2012,BEN,Other renewables,0,,,,
2013,BEN,Other renewables,0,,,,
2014,BEN,Other renewables,0,,,,
2015,BEN,Other renewables,0,,,,
2016,BEN,Other renewables,0,,,,
2017,BEN,Other renewables,0,,,,
2018,BEN,Other renewables,0,,,,
2019,BEN,Other renewables,0,,,,
2020,BEN,Other renewables,0,,,,
2021,BEN,Other renewables,0,,,,
2022,BEN,Other renewables,0,,,,
2023,BEN,Other renewables,0,,,,
2024,BEN,Other renewables,0,,,,
2000,BEN,Solar,0,,,,
2001,BEN,Solar,0,,,,
2002,BEN,Solar,0,,,,
2003,BEN,Solar,0,,,,
2004,BEN,Solar,0,,,,
2005,BEN,Solar,0,,,,
2006,BEN,Solar,0,,,,
2007,BEN,Solar,0,,,,
2008,BEN,Solar,0,,,,
2009,BEN,Solar,0,,,,
2010,BEN,Solar,0,,,,
2011,BEN,Solar,0,,,,
2012,BEN,Solar,0,,,,
2013,BEN,Solar,0,,,,
2014,BEN,Solar,0,,,,
2015,BEN,Solar,0,,,,
2016,BEN,Solar,0,,,,
2017,BEN,Solar,0,,,,
2018,BEN,Solar,0,,,,
2019,BEN,Solar,0.01,,,,
2020,BEN,Solar,0.01,,,,
2021,BEN,Solar,0.02,,,,
2022,BEN,Solar,0.02,,,,
2023,BEN,Solar,0.03,,,,
2024,BEN,Solar,0.04,,,,
2000,BEN,Total,0,,,,
2001,BEN,Total,0,,,,
2002,BEN,Total,0,,,,
2003,BEN,Total,0,,,,
2004,BEN,Total,0,,,,
2005,BEN,Total,0,,,,
2006,BEN,Total,0,,,,
2007,BEN,Total,0,,,,
2008,BEN,Total,0,,,,
2009,BEN,Total,0,,,,
2010,BEN,Total,0,,,,
2011,BEN,Total,0,,,,
2012,BEN,Total,0,,,,
2013,BEN,Total,0,,,,
2014,BEN,Total,0,,,,
2015,BEN,Total,0,,,,
2016,BEN,Total,0,,,,
2017,BEN,Total,0,,,,
2018,BEN,Total,0,,,,
2019,BEN,Total,0.01,,,,
2020,BEN,Total,0.01,,,,
2021,BEN,Total,0.02,,,,
2022,BEN,Total,0.02,,,,
2023,BEN,Total,0.03,,,,
2024,BEN,Total,0.04,,,,
2000,BEN,Wind,0,,,,
2001,BEN,Wind,0,,,,
2002,BEN,Wind,0,,,,
2003,BEN,Wind,0,,,,
2004,BEN,Wind,0,,,,
2005,BEN,Wind,0,,,,
2006,BEN,Wind,0,,,,
2007,BEN,Wind,0,,,,
2008,BEN,Wind,0,,,,
2009,BEN,Wind,0,,,,
2010,BEN,Wind,0,,,,
2011,BEN,Wind,0,,,,
2012,BEN,Wind,0,,,,
2013,BEN,Wind,0,,,,
2014,BEN,Wind,0,,,,
2015,BEN,Wind,0,,,,
2016,BEN,Wind,0,,,,
2017,BEN,Wind,0,,,,
2018,BEN,Wind,0,,,,
2019,BEN,Wind,0,,,,
2020,BEN,Wind,0,,,,
2021,BEN,Wind,0,,,,
2022,BEN,Wind,0,,,,
2023,BEN,Wind,0,,,,
2024,BEN,Wind,0,,,,
2000,BFA,Hydro,0.1,,,,
2001,BFA,Hydro,0.05,,,,
2002,BFA,Hydro,0.06,,,,
2003,BFA,Hydro,0.1,,,,
2004,BFA,Hydro,0.1,,,,
2005,BFA,Hydro,0.1,,,,
2006,BFA,Hydro,0.08,,,,
2007,BFA,Hydro,0.11,,,,
2008,BFA,Hydro,0.13,,,,
2009,BFA,Hydro,0.13,,,,
2010,BFA,Hydro,0.12,,,,
2011,BFA,Hydro,0.08,,,,
2012,BFA,Hydro,0.1,,,,
2013,BFA,Hydro,0.11,,,,
2014,BFA,Hydro,0.09,,,,
2015,BFA,Hydro,0.09,,,,
2016,BFA,Hydro,0.14,,,,
2017,BFA,Hydro,0.13,,,,
2018,BFA,Hydro,0.13,,,,
2019,BFA,Hydro,0.11,,,,
2020,BFA,Hydro,0.11,,,,
2021,BFA,Hydro,0.13,,,,
2022,BFA,Hydro,0.08,,,,
2023,BFA,Hydro,0.09,,,,
2024,BFA,Hydro,0.09,,,,
2000,BFA,Nuclear,0,,,,
2001,BFA,Nuclear,0,,,,
2002,BFA,Nuclear,0,,,,
2003,BFA,Nuclear,0,,,,
2004,BFA,Nuclear,0,,,,
2005,BFA,Nuclear,0,,,,
2006,BFA,Nuclear,0,,,,
2007,BFA,Nuclear,0,,,,
2008,BFA,Nuclear,0,,,,
2009,BFA,Nuclear,0,,,,
2010,BFA,Nuclear,0,,,,
2011,BFA,Nuclear,0,,,,
2012,BFA,Nuclear,0,,,,
2013,BFA,Nuclear,0,,,,
2014,BFA,Nuclear,0,,,,
2015,BFA,Nuclear,0,,,,
2016,BFA,Nuclear,0,,,,
2017,BFA,Nuclear,0,,,,
2018,BFA,Nuclear,0,,,,
2019,BFA,Nuclear,0,,,,
2020,BFA,Nuclear,0,,,,
2021,BFA,Nuclear,0,,,,
2022,BFA,Nuclear,0,,,,
2023,BFA,Nuclear,0,,,,
2024,BFA,Nuclear,0,,,,
2000,BFA,Other renewables,0,,,,
2001,BFA,Other renewables,0,,,,
2002,BFA,Other renewables,0,,,,
2003,BFA,Other renewables,0,,,,
2004,BFA,Other renewables,0,,,,
2005,BFA,Other renewables,0,,,,
2006,BFA,Other renewables,0,,,,
2007,BFA,Other renewables,0,,,,
2008,BFA,Other renewables,0,,,,
2009,BFA,Other renewables,0,,,,
2010,BFA,Other renewables,0,,,,
2011,BFA,Other renewables,0,,,,
2012,BFA,Other renewables,0,,,,
2013,BFA,Other renewables,0,,,,
2014,BFA,Other renewables,0,,,,
2015,BFA,Other renewables,0,,,,
2016,BFA,Other renewables,0,,,,
2017,BFA,Other renewables,0,,,,
2018,BFA,Other renewables,0,,,,
2019,BFA,Other renewables,0,,,,
2020,BFA,Other renewables,0,,,,
2021,BFA,Other renewables,0,,,,
2022,BFA,Other renewables,0,,,,
2023,BFA,Other renewables,0,,,,
2024,BFA,Other renewables,0,,,,
2000,BFA,Solar,0,,,,
2001,BFA,Solar,0,,,,
2002,BFA,Solar,0,,,,
2003,BFA,Solar,0,,,,
2004,BFA,Solar,0,,,,
2005,BFA,Solar,0,,,,
2006,BFA,Solar,0,,,,
2007,BFA,Solar,0,,,,
2008,BFA,Solar,0,,,,
2009,BFA,Solar,0,,,,
2010,BFA,Solar,0.01,,,,
2011,BFA,Solar,0.01,,,,
2012,BFA,Solar,0.01,,,,
2013,BFA,Solar,0.01,,,,
2014,BFA,Solar,0.01,,,,
2015,BFA,Solar,0.01,,,,
2016,BFA,Solar,0.02,,,,
2017,BFA,Solar,0.03,,,,
2018,BFA,Solar,0.09,,,,
2019,BFA,Solar,0.09,,,,
2020,BFA,Solar,0.09,,,,
2021,BFA,Solar,0.09,,,,
2022,BFA,Solar,0.09,,,,
2023,BFA,Solar,0.09,,,,
2024,BFA,Solar,0.11,,,,
2000,BFA,Total,0.1,,,,
2001,BFA,Total,0.05,,,,
2002,BFA,Total,0.06,,,,
2003,BFA,Total,0.1,,,,
2004,BFA,Total,0.1,,,,
2005,BFA,Total,0.1,,,,
2006,BFA,Total,0.08,,,,
2007,BFA,Total,0.11,,,,
2008,BFA,Total,0.13,,,,
2009,BFA,Total,0.13,,,,
2010,BFA,Total,0.13,,,,
2011,BFA,Total,0.09,,,,
2012,BFA,Total,0.11,,,,
2013,BFA,Total,0.12,,,,
2014,BFA,Total,0.1,,,,
2015,BFA,Total,0.1,,,,
2016,BFA,Total,0.16,,,,
2017,BFA,Total,0.16,,,,
2018,BFA,Total,0.27,,,,
2019,BFA,Total,0.26,,,,
2020,BFA,Total,0.3,,,,
2021,BFA,Total,0.31,,,,
2022,BFA,Total,0.26,,,,
2023,BFA,Total,0.27,,,,
2024,BFA,Total,0.29,,,,
2000,BFA,Wind,0,,,,
2001,BFA,Wind,0,,,,
2002,BFA,Wind,0,,,,
2003,BFA,Wind,0,,,,
2004,BFA,Wind,0,,,,
2005,BFA,Wind,0,,,,
2006,BFA,Wind,0,,,,
2007,BFA,Wind,0,,,,
2008,BFA,Wind,0,,,,
2009,BFA,Wind,0,,,,
2010,BFA,Wind,0,,,,
2011,BFA,Wind,0,,,,
2012,BFA,Wind,0,,,,
2013,BFA,Wind,0,,,,
2014,BFA,Wind,0,,,,
2015,BFA,Wind,0,,,,
2016,BFA,Wind,0,,,,
2017,BFA,Wind,0,,,,
2018,BFA,Wind,0,,,,
2019,BFA,Wind,0,,,,
2020,BFA,Wind,0,,,,
2021,BFA,Wind,0,,,,
2022,BFA,Wind,0,,,,
2023,BFA,Wind,0,,,,
2024,BFA,Wind,0,,,,
2000,BGD,Hydro,0.94,,,,
2001,BGD,Hydro,0.98,,,,
2002,BGD,Hydro,1.1,,,,
2003,BGD,Hydro,1.1,,,,
2004,BGD,Hydro,1.2,,,,
2005,BGD,Hydro,1.3,,,,
2006,BGD,Hydro,1.4,,,,
2007,BGD,Hydro,0.74,,,,
2008,BGD,Hydro,0.94,,,,
2009,BGD,Hydro,0.44,,,,
2010,BGD,Hydro,0.76,,,,
2011,BGD,Hydro,0.92,,,,
2012,BGD,Hydro,0.82,,,,
2013,BGD,Hydro,0.94,,,,
2014,BGD,Hydro,0.62,,,,
2015,BGD,Hydro,0.59,,,,
2016,BGD,Hydro,1,,,,
2017,BGD,Hydro,1,,,,
2018,BGD,Hydro,1.1,,,,
2019,BGD,Hydro,0.81,,,,
2020,BGD,Hydro,0.78,,,,
2021,BGD,Hydro,0.73,,,,
2022,BGD,Hydro,0.71,,,,
2023,BGD,Hydro,0.65,,,,
2024,BGD,Hydro,0.7,,,,
2025,BGD,Hydro,0.65,,,,
2000,BGD,Nuclear,0,,,,
2001,BGD,Nuclear,0,,,,
2002,BGD,Nuclear,0,,,,
2003,BGD,Nuclear,0,,,,
2004,BGD,Nuclear,0,,,,
2005,BGD,Nuclear,0,,,,
2006,BGD,Nuclear,0,,,,
2007,BGD,Nuclear,0,,,,
2008,BGD,Nuclear,0,,,,
2009,BGD,Nuclear,0,,,,
2010,BGD,Nuclear,0,,,,
2011,BGD,Nuclear,0,,,,
2012,BGD,Nuclear,0,,,,
2013,BGD,Nuclear,0,,,,
2014,BGD,Nuclear,0,,,,
2015,BGD,Nuclear,0,,,,
2016,BGD,Nuclear,0,,,,
2017,BGD,Nuclear,0,,,,
2018,BGD,Nuclear,0,,,,
2019,BGD,Nuclear,0,,,,
2020,BGD,Nuclear,0,,,,
2021,BGD,Nuclear,0,,,,
2022,BGD,Nuclear,0,,,,
2023,BGD,Nuclear,0,,,,
2024,BGD,Nuclear,0,,,,
2025,BGD,Nuclear,0,,,,
2000,BGD,Other renewables,0,,,,
2001,BGD,Other renewables,0,,,,
2002,BGD,Other renewables,0,,,,
2003,BGD,Other renewables,0,,,,
2004,BGD,Other renewables,0,,,,
2005,BGD,Other renewables,0,,,,
2006,BGD,Other renewables,0,,,,
2007,BGD,Other renewables,0,,,,
2008,BGD,Other renewables,0,,,,
2009,BGD,Other renewables,0,,,,
2010,BGD,Other renewables,0,,,,
2011,BGD,Other renewables,0,,,,
2012,BGD,Other renewables,0,,,,
2013,BGD,Other renewables,0,,,,
2014,BGD,Other renewables,0,,,,
2015,BGD,Other renewables,0,,,,
2016,BGD,Other renewables,0,,,,
2017,BGD,Other renewables,0,,,,
2018,BGD,Other renewables,0,,,,
2019,BGD,Other renewables,0,,,,
2020,BGD,Other renewables,0,,,,
2021,BGD,Other renewables,0,,,,
2022,BGD,Other renewables,0,,,,
2023,BGD,Other renewables,0,,,,
2024,BGD,Other renewables,0,,,,
2025,BGD,Other renewables,0,,,,
2000,BGD,Solar,0,,,,
2001,BGD,Solar,0,,,,
2002,BGD,Solar,0,,,,
2003,BGD,Solar,0,,,,
2004,BGD,Solar,0,,,,
2005,BGD,Solar,0,,,,
2006,BGD,Solar,0.01,,,,
2007,BGD,Solar,0.02,,,,
2008,BGD,Solar,0.02,,,,
2009,BGD,Solar,0.03,,,,
2010,BGD,Solar,0.07,,,,
2011,BGD,Solar,0.06,,,,
2012,BGD,Solar,0.09,,,,
2013,BGD,Solar,0.13,,,,
2014,BGD,Solar,0.16,,,,
2015,BGD,Solar,0.2,,,,
2016,BGD,Solar,0.22,,,,
2017,BGD,Solar,0.25,,,,
2018,BGD,Solar,0.31,,,,
2019,BGD,Solar,0.37,,,,
2020,BGD,Solar,0.46,,,,
2021,BGD,Solar,0.61,,,,
2022,BGD,Solar,0.87,,,,
2023,BGD,Solar,1.1,,,,
2024,BGD,Solar,1.2,,,,
2025,BGD,Solar,1.6,,,,
2000,BGD,Total,0.94,,,,
2001,BGD,Total,0.98,,,,
2002,BGD,Total,1.1,,,,
2003,BGD,Total,1.1,,,,
2004,BGD,Total,1.2,,,,
2005,BGD,Total,1.3,,,,
2006,BGD,Total,1.4,,,,
2007,BGD,Total,0.76,,,,
2008,BGD,Total,0.96,,,,
2009,BGD,Total,0.47,,,,
2010,BGD,Total,0.83,,,,
2011,BGD,Total,0.98,,,,
2012,BGD,Total,0.91,,,,
2013,BGD,Total,1.1,,,,
2014,BGD,Total,0.78,,,,
2015,BGD,Total,0.8,,,,
2016,BGD,Total,1.2,,,,
2017,BGD,Total,1.3,,,,
2018,BGD,Total,1.4,,,,
2019,BGD,Total,1.2,,,,
2020,BGD,Total,1.3,,,,
2021,BGD,Total,1.4,,,,
2022,BGD,Total,1.6,,,,
2023,BGD,Total,1.7,,,,
2024,BGD,Total,1.9,,,,
2025,BGD,Total,2.1,,,,
2000,BGD,Wind,0,,,,
2001,BGD,Wind,0,,,,
2002,BGD,Wind,0,,,,
2003,BGD,Wind,0,,,,
2004,BGD,Wind,0,,,,
2005,BGD,Wind,0,,,,
2006,BGD,Wind,0,,,,
2007,BGD,Wind,0,,,,
2008,BGD,Wind,0,,,,
2009,BGD,Wind,0,,,,
2010,BGD,Wind,0,,,,
2011,BGD,Wind,0,,,,
2012,BGD,Wind,0,,,,
2013,BGD,Wind,0,,,,
2014,BGD,Wind,0,,,,
2015,BGD,Wind,0.01,,,,
2016,BGD,Wind,0.01,,,,
2017,BGD,Wind,0.01,,,,
2018,BGD,Wind,0.01,,,,
2019,BGD,Wind,0.01,,,,
2020,BGD,Wind,0.01,,,,
2021,BGD,Wind,0.01,,,,
2022,BGD,Wind,0.01,,,,
2023,BGD,Wind,0,,,,
2024,BGD,Wind,0,,,,
2025,BGD,Wind,-0.07,,,,
1990,BGR,Hydro,1.6,,,,
1991,BGR,Hydro,2.3,,,,
1992,BGR,Hydro,1.9,,,,
1993,BGR,Hydro,1.8,,,,
1994,BGR,Hydro,1.3,,,,
1995,BGR,Hydro,2.2,,,,
1996,BGR,Hydro,2.9,,,,
1997,BGR,Hydro,2.7,,,,
1998,BGR,Hydro,3.1,,,,
1999,BGR,Hydro,2.7,,,,
2000,BGR,Hydro,2.6,,,,
2001,BGR,Hydro,1.7,,,,
2002,BGR,Hydro,2.1,,,,
2003,BGR,Hydro,3,,,,
2004,BGR,Hydro,3.1,,,,
2005,BGR,Hydro,4.3,,,,
2006,BGR,Hydro,4.2,,,,
2007,BGR,Hydro,2.8,,,,
2008,BGR,Hydro,2.8,,,,
2009,BGR,Hydro,3.4,,,,
2010,BGR,Hydro,5,,,,
2011,BGR,Hydro,2.9,,,,
2012,BGR,Hydro,3.2,,,,
2013,BGR,Hydro,4,,,,
2014,BGR,Hydro,4.6,,,,
2015,BGR,Hydro,5.7,,,,
2016,BGR,Hydro,3.9,,,,
2017,BGR,Hydro,2.8,,,,
2018,BGR,Hydro,5.2,,,,
2019,BGR,Hydro,2.9,,,,
2020,BGR,Hydro,2.8,,,,
2021,BGR,Hydro,4.8,,,,
2022,BGR,Hydro,3.8,,,,
2023,BGR,Hydro,3.1,,,,
2024,BGR,Hydro,2.8,,,,
2025,BGR,Hydro,2.5,,,,
1990,BGR,Nuclear,15,,,,
1991,BGR,Nuclear,13,,,,
1992,BGR,Nuclear,12,,,,
1993,BGR,Nuclear,14,,,,
1994,BGR,Nuclear,15,,,,
1995,BGR,Nuclear,17,,,,
1996,BGR,Nuclear,18,,,,
1997,BGR,Nuclear,18,,,,
1998,BGR,Nuclear,17,,,,
1999,BGR,Nuclear,16,,,,
2000,BGR,Nuclear,18,,,,
2001,BGR,Nuclear,20,,,,
2002,BGR,Nuclear,20,,,,
2003,BGR,Nuclear,17,,,,
2004,BGR,Nuclear,17,,,,
2005,BGR,Nuclear,19,,,,
2006,BGR,Nuclear,19,,,,
2007,BGR,Nuclear,15,,,,
2008,BGR,Nuclear,16,,,,
2009,BGR,Nuclear,15,,,,
2010,BGR,Nuclear,15,,,,
2011,BGR,Nuclear,16,,,,
2012,BGR,Nuclear,16,,,,
2013,BGR,Nuclear,14,,,,
2014,BGR,Nuclear,16,,,,
2015,BGR,Nuclear,15,,,,
2016,BGR,Nuclear,16,,,,
2017,BGR,Nuclear,16,,,,
2018,BGR,Nuclear,16,,,,
2019,BGR,Nuclear,17,,,,
2020,BGR,Nuclear,17,,,,
2021,BGR,Nuclear,16,,,,
2022,BGR,Nuclear,16,,,,
2023,BGR,Nuclear,16,,,,
2024,BGR,Nuclear,16,,,,
2025,BGR,Nuclear,15,,,,
1990,BGR,Other renewables,0,,,,
1991,BGR,Other renewables,0,,,,
1992,BGR,Other renewables,0,,,,
1993,BGR,Other renewables,0,,,,
1994,BGR,Other renewables,0,,,,
1995,BGR,Other renewables,0,,,,
1996,BGR,Other renewables,0,,,,
1997,BGR,Other renewables,0,,,,
1998,BGR,Other renewables,0,,,,
1999,BGR,Other renewables,0,,,,
2000,BGR,Other renewables,0,,,,
2001,BGR,Other renewables,0,,,,
2002,BGR,Other renewables,0,,,,
2003,BGR,Other renewables,0,,,,
2004,BGR,Other renewables,0,,,,
2005,BGR,Other renewables,0,,,,
2006,BGR,Other renewables,0,,,,
2007,BGR,Other renewables,0,,,,
2008,BGR,Other renewables,0,,,,
2009,BGR,Other renewables,0,,,,
2010,BGR,Other renewables,0,,,,
2011,BGR,Other renewables,0,,,,
2012,BGR,Other renewables,0,,,,
2013,BGR,Other renewables,0,,,,
2014,BGR,Other renewables,0,,,,
2015,BGR,Other renewables,0,,,,
2016,BGR,Other renewables,0,,,,
2017,BGR,Other renewables,0,,,,
2018,BGR,Other renewables,0,,,,
2019,BGR,Other renewables,0,,,,
2020,BGR,Other renewables,0,,,,
2021,BGR,Other renewables,0,,,,
2022,BGR,Other renewables,0,,,,
2023,BGR,Other renewables,0,,,,
2024,BGR,Other renewables,0,,,,
2025,BGR,Other renewables,0,,,,
1990,BGR,Solar,0,,,,
1991,BGR,Solar,0,,,,
1992,BGR,Solar,0,,,,
1993,BGR,Solar,0,,,,
1994,BGR,Solar,0,,,,
1995,BGR,Solar,0,,,,
1996,BGR,Solar,0,,,,
1997,BGR,Solar,0,,,,
1998,BGR,Solar,0,,,,
1999,BGR,Solar,0,,,,
2000,BGR,Solar,0,,,,
2001,BGR,Solar,0,,,,
2002,BGR,Solar,0,,,,
2003,BGR,Solar,0,,,,
2004,BGR,Solar,0,,,,
2005,BGR,Solar,0,,,,
2006,BGR,Solar,0,,,,
2007,BGR,Solar,0,,,,
2008,BGR,Solar,0,,,,
2009,BGR,Solar,0,,,,
2010,BGR,Solar,0.01,,,,
2011,BGR,Solar,0.1,,,,
2012,BGR,Solar,0.78,,,,
2013,BGR,Solar,1.4,,,,
2014,BGR,Solar,1.3,,,,
2015,BGR,Solar,1.4,,,,
2016,BGR,Solar,1.4,,,,
2017,BGR,Solar,1.4,,,,
2018,BGR,Solar,1.3,,,,
2019,BGR,Solar,1.4,,,,
2020,BGR,Solar,1.5,,,,
2021,BGR,Solar,1.5,,,,
2022,BGR,Solar,2.1,,,,
2023,BGR,Solar,3.5,,,,
2024,BGR,Solar,5.5,,,,
2025,BGR,Solar,6.9,,,,
1990,BGR,Total,16,,,,
1991,BGR,Total,15,,,,
1992,BGR,Total,13,,,,
1993,BGR,Total,16,,,,
1994,BGR,Total,17,,,,
1995,BGR,Total,19,,,,
1996,BGR,Total,21,,,,
1997,BGR,Total,20,,,,
1998,BGR,Total,20,,,,
1999,BGR,Total,19,,,,
2000,BGR,Total,21,,,,
2001,BGR,Total,21,,,,
2002,BGR,Total,22,,,,
2003,BGR,Total,20,,,,
2004,BGR,Total,20,,,,
2005,BGR,Total,23,,,,
2006,BGR,Total,24,,,,
2007,BGR,Total,18,,,,
2008,BGR,Total,19,,,,
2009,BGR,Total,19,,,,
2010,BGR,Total,21,,,,
2011,BGR,Total,20,,,,
2012,BGR,Total,21,,,,
2013,BGR,Total,21,,,,
2014,BGR,Total,23,,,,
2015,BGR,Total,24,,,,
2016,BGR,Total,23,,,,
2017,BGR,Total,22,,,,
2018,BGR,Total,26,,,,
2019,BGR,Total,24,,,,
2020,BGR,Total,24,,,,
2021,BGR,Total,27,,,,
2022,BGR,Total,26,,,,
2023,BGR,Total,26,,,,
2024,BGR,Total,27,,,,
2025,BGR,Total,27,,,,
1990,BGR,Wind,0,,,,
1991,BGR,Wind,0,,,,
1992,BGR,Wind,0,,,,
1993,BGR,Wind,0,,,,
1994,BGR,Wind,0,,,,
1995,BGR,Wind,0,,,,
1996,BGR,Wind,0,,,,
1997,BGR,Wind,0,,,,
1998,BGR,Wind,0,,,,
1999,BGR,Wind,0,,,,
2004,BGR,Wind,0,,,,
2005,BGR,Wind,0,,,,
2006,BGR,Wind,0.02,,,,
2007,BGR,Wind,0.05,,,,
2008,BGR,Wind,0.12,,,,
2009,BGR,Wind,0.24,,,,
2010,BGR,Wind,0.68,,,,
2011,BGR,Wind,0.86,,,,
2012,BGR,Wind,1.2,,,,
2013,BGR,Wind,1.4,,,,
2014,BGR,Wind,1.3,,,,
2015,BGR,Wind,1.5,,,,
2016,BGR,Wind,1.4,,,,
2017,BGR,Wind,1.5,,,,
2018,BGR,Wind,1.3,,,,
2019,BGR,Wind,1.3,,,,
2020,BGR,Wind,1.5,,,,
2021,BGR,Wind,1.4,,,,
2022,BGR,Wind,1.5,,,,
2023,BGR,Wind,1.6,,,,
2024,BGR,Wind,1.5,,,,
2025,BGR,Wind,1.3,,,,
2000,BHR,Hydro,0,,,,
2001,BHR,Hydro,0,,,,
2002,BHR,Hydro,0,,,,
2003,BHR,Hydro,0,,,,
2004,BHR,Hydro,0,,,,
2005,BHR,Hydro,0,,,,
2006,BHR,Hydro,0,,,,
2007,BHR,Hydro,0,,,,
2008,BHR,Hydro,0,,,,
2009,BHR,Hydro,0,,,,
2010,BHR,Hydro,0,,,,
2011,BHR,Hydro,0,,,,
2012,BHR,Hydro,0,,,,
2013,BHR,Hydro,0,,,,
2014,BHR,Hydro,0,,,,
2015,BHR,Hydro,0,,,,
2016,BHR,Hydro,0,,,,
2017,BHR,Hydro,0,,,,
2018,BHR,Hydro,0,,,,
2019,BHR,Hydro,0,,,,
2020,BHR,Hydro,0,,,,
2021,BHR,Hydro,0,,,,
2022,BHR,Hydro,0,,,,
2023,BHR,Hydro,0,,,,
2024,BHR,Hydro,0,,,,
2000,BHR,Nuclear,0,,,,
2001,BHR,Nuclear,0,,,,
2002,BHR,Nuclear,0,,,,
2003,BHR,Nuclear,0,,,,
2004,BHR,Nuclear,0,,,,
2005,BHR,Nuclear,0,,,,
2006,BHR,Nuclear,0,,,,
2007,BHR,Nuclear,0,,,,
2008,BHR,Nuclear,0,,,,
2009,BHR,Nuclear,0,,,,
2010,BHR,Nuclear,0,,,,
2011,BHR,Nuclear,0,,,,
2012,BHR,Nuclear,0,,,,
2013,BHR,Nuclear,0,,,,
2014,BHR,Nuclear,0,,,,
2015,BHR,Nuclear,0,,,,
2016,BHR,Nuclear,0,,,,
2017,BHR,Nuclear,0,,,,
2018,BHR,Nuclear,0,,,,
2019,BHR,Nuclear,0,,,,
2020,BHR,Nuclear,0,,,,
2021,BHR,Nuclear,0,,,,
2022,BHR,Nuclear,0,,,,
2023,BHR,Nuclear,0,,,,
2024,BHR,Nuclear,0,,,,
2000,BHR,Other renewables,0,,,,
2001,BHR,Other renewables,0,,,,
2002,BHR,Other renewables,0,,,,
2003,BHR,Other renewables,0,,,,
2004,BHR,Other renewables,0,,,,
2005,BHR,Other renewables,0,,,,
2006,BHR,Other renewables,0,,,,
2007,BHR,Other renewables,0,,,,
2008,BHR,Other renewables,0,,,,
2009,BHR,Other renewables,0,,,,
2010,BHR,Other renewables,0,,,,
2011,BHR,Other renewables,0,,,,
2012,BHR,Other renewables,0,,,,
2013,BHR,Other renewables,0,,,,
2014,BHR,Other renewables,0,,,,
2015,BHR,Other renewables,0,,,,
2016,BHR,Other renewables,0,,,,
2017,BHR,Other renewables,0,,,,
2018,BHR,Other renewables,0,,,,
2019,BHR,Other renewables,0,,,,
2020,BHR,Other renewables,0,,,,
2021,BHR,Other renewables,0,,,,
2022,BHR,Other renewables,0,,,,
2023,BHR,Other renewables,0,,,,
2024,BHR,Other renewables,0,,,,
2000,BHR,Solar,0,,,,
2001,BHR,Solar,0,,,,
2002,BHR,Solar,0,,,,
2003,BHR,Solar,0,,,,
2004,BHR,Solar,0,,,,
2005,BHR,Solar,0,,,,
2006,BHR,Solar,0,,,,
2007,BHR,Solar,0,,,,
2008,BHR,Solar,0,,,,
2009,BHR,Solar,0,,,,
2010,BHR,Solar,0,,,,
2011,BHR,Solar,0,,,,
2012,BHR,Solar,0,,,,
2013,BHR,Solar,0,,,,
2014,BHR,Solar,0.01,,,,
2015,BHR,Solar,0.01,,,,
2016,BHR,Solar,0.01,,,,
2017,BHR,Solar,0.01,,,,
2018,BHR,Solar,0.01,,,,
2019,BHR,Solar,0.02,,,,
2020,BHR,Solar,0.02,,,,
2021,BHR,Solar,0.04,,,,
2022,BHR,Solar,0.08,,,,
2023,BHR,Solar,0.09,,,,
2024,BHR,Solar,0.1,,,,
2000,BHR,Total,0,,,,
2001,BHR,Total,0,,,,
2002,BHR,Total,0,,,,
2003,BHR,Total,0,,,,
2004,BHR,Total,0,,,,
2005,BHR,Total,0,,,,
2006,BHR,Total,0,,,,
2007,BHR,Total,0,,,,
2008,BHR,Total,0,,,,
2009,BHR,Total,0,,,,
2010,BHR,Total,0,,,,
2011,BHR,Total,0,,,,
2012,BHR,Total,0,,,,
2013,BHR,Total,0,,,,
2014,BHR,Total,0.01,,,,
2015,BHR,Total,0.01,,,,
2016,BHR,Total,0.01,,,,
2017,BHR,Total,0.01,,,,
2018,BHR,Total,0.01,,,,
2019,BHR,Total,0.02,,,,
2020,BHR,Total,0.02,,,,
2021,BHR,Total,0.04,,,,
2022,BHR,Total,0.08,,,,
2023,BHR,Total,0.09,,,,
2024,BHR,Total,0.1,,,,
2000,BHR,Wind,0,,,,
2001,BHR,Wind,0,,,,
2002,BHR,Wind,0,,,,
2003,BHR,Wind,0,,,,
2004,BHR,Wind,0,,,,
2005,BHR,Wind,0,,,,
2006,BHR,Wind,0,,,,
2007,BHR,Wind,0,,,,
2008,BHR,Wind,0,,,,
2009,BHR,Wind,0,,,,
2010,BHR,Wind,0,,,,
2011,BHR,Wind,0,,,,
2012,BHR,Wind,0,,,,
2013,BHR,Wind,0,,,,
2014,BHR,Wind,0,,,,
2015,BHR,Wind,0,,,,
2016,BHR,Wind,0,,,,
2017,BHR,Wind,0,,,,
2018,BHR,Wind,0,,,,
2019,BHR,Wind,0,,,,
2020,BHR,Wind,0,,,,
2021,BHR,Wind,0,,,,
2022,BHR,Wind,0,,,,
2023,BHR,Wind,0,,,,
2024,BHR,Wind,0,,,,
2000,BHS,Hydro,0,,,,
2001,BHS,Hydro,0,,,,
2002,BHS,Hydro,0,,,,
2003,BHS,Hydro,0,,,,
2004,BHS,Hydro,0,,,,
2005,BHS,Hydro,0,,,,
2006,BHS,Hydro,0,,,,
2007,BHS,Hydro,0,,,,
2008,BHS,Hydro,0,,,,
2009,BHS,Hydro,0,,,,
2010,BHS,Hydro,0,,,,
2011,BHS,Hydro,0,,,,
2012,BHS,Hydro,0,,,,
2013,BHS,Hydro,0,,,,
2014,BHS,Hydro,0,,,,
2015,BHS,Hydro,0,,,,
2016,BHS,Hydro,0,,,,
2017,BHS,Hydro,0,,,,
2018,BHS,Hydro,0,,,,
2019,BHS,Hydro,0,,,,
2020,BHS,Hydro,0,,,,
2021,BHS,Hydro,0,,,,
2022,BHS,Hydro,0,,,,
2023,BHS,Hydro,0,,,,
2024,BHS,Hydro,0,,,,
2000,BHS,Nuclear,0,,,,
2001,BHS,Nuclear,0,,,,
2002,BHS,Nuclear,0,,,,
2003,BHS,Nuclear,0,,,,
2004,BHS,Nuclear,0,,,,
2005,BHS,Nuclear,0,,,,
2006,BHS,Nuclear,0,,,,
2007,BHS,Nuclear,0,,,,
2008,BHS,Nuclear,0,,,,
2009,BHS,Nuclear,0,,,,
2010,BHS,Nuclear,0,,,,
2011,BHS,Nuclear,0,,,,
2012,BHS,Nuclear,0,,,,
2013,BHS,Nuclear,0,,,,
2014,BHS,Nuclear,0,,,,
2015,BHS,Nuclear,0,,,,
2016,BHS,Nuclear,0,,,,
2017,BHS,Nuclear,0,,,,
2018,BHS,Nuclear,0,,,,
2019,BHS,Nuclear,0,,,,
2020,BHS,Nuclear,0,,,,
2021,BHS,Nuclear,0,,,,
2022,BHS,Nuclear,0,,,,
2023,BHS,Nuclear,0,,,,
2024,BHS,Nuclear,0,,,,
2000,BHS,Other renewables,0,,,,
2001,BHS,Other renewables,0,,,,
2002,BHS,Other renewables,0,,,,
2003,BHS,Other renewables,0,,,,
2004,BHS,Other renewables,0,,,,
2005,BHS,Other renewables,0,,,,
2006,BHS,Other renewables,0,,,,
2007,BHS,Other renewables,0,,,,
2008,BHS,Other renewables,0,,,,
2009,BHS,Other renewables,0,,,,
2010,BHS,Other renewables,0,,,,
2011,BHS,Other renewables,0,,,,
2012,BHS,Other renewables,0,,,,
2013,BHS,Other renewables,0,,,,
2014,BHS,Other renewables,0,,,,
2015,BHS,Other renewables,0,,,,
2016,BHS,Other renewables,0,,,,
2017,BHS,Other renewables,0,,,,
2018,BHS,Other renewables,0,,,,
2019,BHS,Other renewables,0,,,,
2020,BHS,Other renewables,0,,,,
2021,BHS,Other renewables,0,,,,
2022,BHS,Other renewables,0,,,,
2023,BHS,Other renewables,0,,,,
2024,BHS,Other renewables,0,,,,
2000,BHS,Solar,0,,,,
2001,BHS,Solar,0,,,,
2002,BHS,Solar,0,,,,
2003,BHS,Solar,0,,,,
2004,BHS,Solar,0,,,,
2005,BHS,Solar,0,,,,
2006,BHS,Solar,0,,,,
2007,BHS,Solar,0,,,,
2008,BHS,Solar,0,,,,
2009,BHS,Solar,0,,,,
2010,BHS,Solar,0,,,,
2011,BHS,Solar,0,,,,
2012,BHS,Solar,0,,,,
2013,BHS,Solar,0,,,,
2014,BHS,Solar,0,,,,
2015,BHS,Solar,0,,,,
2016,BHS,Solar,0,,,,
2017,BHS,Solar,0,,,,
2018,BHS,Solar,0,,,,
2019,BHS,Solar,0,,,,
2020,BHS,Solar,0.01,,,,
2021,BHS,Solar,0.01,,,,
2022,BHS,Solar,0.02,,,,
2023,BHS,Solar,0.02,,,,
2024,BHS,Solar,0.02,,,,
2000,BHS,Total,0,,,,
2001,BHS,Total,0,,,,
2002,BHS,Total,0,,,,
2003,BHS,Total,0,,,,
2004,BHS,Total,0,,,,
2005,BHS,Total,0,,,,
2006,BHS,Total,0,,,,
2007,BHS,Total,0,,,,
2008,BHS,Total,0,,,,
2009,BHS,Total,0,,,,
2010,BHS,Total,0,,,,
2011,BHS,Total,0,,,,
2012,BHS,Total,0,,,,
2013,BHS,Total,0,,,,
2014,BHS,Total,0,,,,
2015,BHS,Total,0,,,,
2016,BHS,Total,0,,,,
2017,BHS,Total,0,,,,
2018,BHS,Total,0,,,,
2019,BHS,Total,0,,,,
2020,BHS,Total,0.01,,,,
2021,BHS,Total,0.01,,,,
2022,BHS,Total,0.02,,,,
2023,BHS,Total,0.02,,,,
2024,BHS,Total,0.02,,,,
2000,BHS,Wind,0,,,,
2001,BHS,Wind,0,,,,
2002,BHS,Wind,0,,,,
2003,BHS,Wind,0,,,,
2004,BHS,Wind,0,,,,
2005,BHS,Wind,0,,,,
2006,BHS,Wind,0,,,,
2007,BHS,Wind,0,,,,
2008,BHS,Wind,0,,,,
2009,BHS,Wind,0,,,,
2010,BHS,Wind,0,,,,
2011,BHS,Wind,0,,,,
2012,BHS,Wind,0,,,,
2013,BHS,Wind,0,,,,
2014,BHS,Wind,0,,,,
2015,BHS,Wind,0,,,,
2016,BHS,Wind,0,,,,
2017,BHS,Wind,0,,,,
2018,BHS,Wind,0,,,,
2019,BHS,Wind,0,,,,
2020,BHS,Wind,0,,,,
2021,BHS,Wind,0,,,,
2022,BHS,Wind,0,,,,
2023,BHS,Wind,0,,,,
2024,BHS,Wind,0,,,,
2000,BIH,Hydro,5.1,,,,
2001,BIH,Hydro,5.2,,,,
2002,BIH,Hydro,5.3,,,,
2003,BIH,Hydro,4.5,,,,
2004,BIH,Hydro,6,,,,
2005,BIH,Hydro,6,,,,
2006,BIH,Hydro,5.8,,,,
2007,BIH,Hydro,4,,,,
2008,BIH,Hydro,4.9,,,,
2009,BIH,Hydro,6.2,,,,
2010,BIH,Hydro,8,,,,
2011,BIH,Hydro,4.4,,,,
2012,BIH,Hydro,4.2,,,,
2013,BIH,Hydro,7.2,,,,
2014,BIH,Hydro,5.9,,,,
2015,BIH,Hydro,5.5,,,,
2016,BIH,Hydro,5.6,,,,
2017,BIH,Hydro,3.8,,,,
2018,BIH,Hydro,6.4,,,,
2019,BIH,Hydro,6.1,,,,
2020,BIH,Hydro,4.6,,,,
2021,BIH,Hydro,6.7,,,,
2022,BIH,Hydro,4.7,,,,
2023,BIH,Hydro,6.8,,,,
2024,BIH,Hydro,5.4,,,,
2025,BIH,Hydro,5.3,,,,
2014,BIH,Nuclear,0,,,,
2015,BIH,Nuclear,0,,,,
2016,BIH,Nuclear,0,,,,
2017,BIH,Nuclear,0,,,,
2018,BIH,Nuclear,0,,,,
2019,BIH,Nuclear,0,,,,
2020,BIH,Nuclear,0,,,,
2021,BIH,Nuclear,0,,,,
2022,BIH,Nuclear,0,,,,
2023,BIH,Nuclear,0,,,,
2024,BIH,Nuclear,0,,,,
2025,BIH,Nuclear,0,,,,
2014,BIH,Other renewables,0,,,,
2015,BIH,Other renewables,0,,,,
2016,BIH,Other renewables,0,,,,
2017,BIH,Other renewables,0,,,,
2018,BIH,Other renewables,0,,,,
2019,BIH,Other renewables,0,,,,
2020,BIH,Other renewables,0,,,,
2021,BIH,Other renewables,0,,,,
2022,BIH,Other renewables,0,,,,
2023,BIH,Other renewables,0,,,,
2024,BIH,Other renewables,0,,,,
2025,BIH,Other renewables,0,,,,
2003,BIH,Solar,0,,,,
2004,BIH,Solar,0,,,,
2005,BIH,Solar,0,,,,
2006,BIH,Solar,0,,,,
2007,BIH,Solar,0,,,,
2008,BIH,Solar,0,,,,
2009,BIH,Solar,0,,,,
2010,BIH,Solar,0,,,,
2011,BIH,Solar,0,,,,
2012,BIH,Solar,0,,,,
2013,BIH,Solar,0,,,,
2014,BIH,Solar,0.01,,,,
2015,BIH,Solar,0.01,,,,
2016,BIH,Solar,0.02,,,,
2017,BIH,Solar,0.02,,,,
2018,BIH,Solar,0.02,,,,
2019,BIH,Solar,0.03,,,,
2020,BIH,Solar,0.05,,,,
2021,BIH,Solar,0.07,,,,
2022,BIH,Solar,0.11,,,,
2023,BIH,Solar,0.25,,,,
2024,BIH,Solar,0.39,,,,
2025,BIH,Solar,0.59,,,,
2000,BIH,Total,5.1,,,,
2001,BIH,Total,5.2,,,,
2002,BIH,Total,5.3,,,,
2003,BIH,Total,4.5,,,,
2004,BIH,Total,6,,,,
2005,BIH,Total,6,,,,
2006,BIH,Total,5.8,,,,
2007,BIH,Total,4,,,,
2008,BIH,Total,4.9,,,,
2009,BIH,Total,6.2,,,,
2010,BIH,Total,8,,,,
2011,BIH,Total,4.4,,,,
2012,BIH,Total,4.2,,,,
2013,BIH,Total,7.2,,,,
2014,BIH,Total,5.9,,,,
2015,BIH,Total,5.6,,,,
2016,BIH,Total,5.6,,,,
2017,BIH,Total,3.8,,,,
2018,BIH,Total,6.6,,,,
2019,BIH,Total,6.4,,,,
2020,BIH,Total,4.9,,,,
2021,BIH,Total,7.2,,,,
2022,BIH,Total,5.2,,,,
2023,BIH,Total,7.4,,,,
2024,BIH,Total,6.2,,,,
2025,BIH,Total,6.3,,,,
2011,BIH,Wind,0,,,,
2012,BIH,Wind,0,,,,
2013,BIH,Wind,0,,,,
2014,BIH,Wind,0,,,,
2015,BIH,Wind,0,,,,
2016,BIH,Wind,0,,,,
2017,BIH,Wind,0,,,,
2018,BIH,Wind,0.1,,,,
2019,BIH,Wind,0.25,,,,
2020,BIH,Wind,0.26,,,,
2021,BIH,Wind,0.38,,,,
2022,BIH,Wind,0.39,,,,
2023,BIH,Wind,0.36,,,,
2024,BIH,Wind,0.37,,,,
2025,BIH,Wind,0.37,,,,
2000,BLR,Hydro,0.03,,,,
2001,BLR,Hydro,0.03,,,,
2002,BLR,Hydro,0.03,,,,
2003,BLR,Hydro,0.03,,,,
2004,BLR,Hydro,0.03,,,,
2005,BLR,Hydro,0.04,,,,
2006,BLR,Hydro,0.04,,,,
2007,BLR,Hydro,0.04,,,,
2008,BLR,Hydro,0.04,,,,
2009,BLR,Hydro,0.04,,,,
2010,BLR,Hydro,0.05,,,,
2011,BLR,Hydro,0.04,,,,
2012,BLR,Hydro,0.07,,,,
2013,BLR,Hydro,0.14,,,,
2014,BLR,Hydro,0.12,,,,
2015,BLR,Hydro,0.11,,,,
2016,BLR,Hydro,0.14,,,,
2017,BLR,Hydro,0.4,,,,
2018,BLR,Hydro,0.32,,,,
2019,BLR,Hydro,0.34,,,,
2020,BLR,Hydro,0.39,,,,
2021,BLR,Hydro,0.37,,,,
2022,BLR,Hydro,0.37,,,,
2023,BLR,Hydro,0.39,,,,
2024,BLR,Hydro,0.4,,,,
2025,BLR,Hydro,0.81,,,,
2000,BLR,Nuclear,0,,,,
2001,BLR,Nuclear,0,,,,
2002,BLR,Nuclear,0,,,,
2003,BLR,Nuclear,0,,,,
2004,BLR,Nuclear,0,,,,
2005,BLR,Nuclear,0,,,,
2006,BLR,Nuclear,0,,,,
2007,BLR,Nuclear,0,,,,
2008,BLR,Nuclear,0,,,,
2009,BLR,Nuclear,0,,,,
2010,BLR,Nuclear,0,,,,
2011,BLR,Nuclear,0,,,,
2012,BLR,Nuclear,0,,,,
2013,BLR,Nuclear,0,,,,
2014,BLR,Nuclear,0,,,,
2015,BLR,Nuclear,0,,,,
2016,BLR,Nuclear,0,,,,
2017,BLR,Nuclear,0,,,,
2018,BLR,Nuclear,0,,,,
2019,BLR,Nuclear,0,,,,
2020,BLR,Nuclear,0.34,,,,
2021,BLR,Nuclear,5.8,,,,
2022,BLR,Nuclear,4.7,,,,
2023,BLR,Nuclear,12,,,,
2024,BLR,Nuclear,16,,,,
2025,BLR,Nuclear,17,,,,
2000,BLR,Other renewables,0,,,,
2001,BLR,Other renewables,0,,,,
2002,BLR,Other renewables,0,,,,
2003,BLR,Other renewables,0,,,,
2004,BLR,Other renewables,0,,,,
2005,BLR,Other renewables,0,,,,
2006,BLR,Other renewables,0,,,,
2007,BLR,Other renewables,0,,,,
2008,BLR,Other renewables,0,,,,
2009,BLR,Other renewables,0,,,,
2010,BLR,Other renewables,0,,,,
2011,BLR,Other renewables,0,,,,
2012,BLR,Other renewables,0,,,,
2013,BLR,Other renewables,0,,,,
2014,BLR,Other renewables,0,,,,
2015,BLR,Other renewables,0,,,,
2016,BLR,Other renewables,0,,,,
2017,BLR,Other renewables,0,,,,
2018,BLR,Other renewables,0,,,,
2019,BLR,Other renewables,0,,,,
2020,BLR,Other renewables,0,,,,
2021,BLR,Other renewables,0,,,,
2022,BLR,Other renewables,0,,,,
2023,BLR,Other renewables,0,,,,
2024,BLR,Other renewables,0,,,,
2025,BLR,Other renewables,0,,,,
2000,BLR,Solar,0,,,,
2001,BLR,Solar,0,,,,
2002,BLR,Solar,0,,,,
2003,BLR,Solar,0,,,,
2004,BLR,Solar,0,,,,
2005,BLR,Solar,0,,,,
2006,BLR,Solar,0,,,,
2007,BLR,Solar,0,,,,
2008,BLR,Solar,0,,,,
2009,BLR,Solar,0,,,,
2010,BLR,Solar,0,,,,
2011,BLR,Solar,0,,,,
2012,BLR,Solar,0,,,,
2013,BLR,Solar,0,,,,
2014,BLR,Solar,0,,,,
2015,BLR,Solar,0.01,,,,
2016,BLR,Solar,0.03,,,,
2017,BLR,Solar,0.09,,,,
2018,BLR,Solar,0.18,,,,
2019,BLR,Solar,0.18,,,,
2020,BLR,Solar,0.18,,,,
2021,BLR,Solar,0.18,,,,
2022,BLR,Solar,0.21,,,,
2023,BLR,Solar,0.23,,,,
2024,BLR,Solar,0.26,,,,
2025,BLR,Solar,-0.03,,,,
2000,BLR,Total,0.03,,,,
2001,BLR,Total,0.03,,,,
2002,BLR,Total,0.03,,,,
2003,BLR,Total,0.03,,,,
2004,BLR,Total,0.03,,,,
2005,BLR,Total,0.04,,,,
2006,BLR,Total,0.04,,,,
2007,BLR,Total,0.05,,,,
2008,BLR,Total,0.07,,,,
2009,BLR,Total,0.11,,,,
2010,BLR,Total,0.14,,,,
2011,BLR,Total,0.14,,,,
2012,BLR,Total,0.21,,,,
2013,BLR,Total,0.3,,,,
2014,BLR,Total,0.29,,,,
2015,BLR,Total,0.34,,,,
2016,BLR,Total,0.43,,,,
2017,BLR,Total,0.78,,,,
2018,BLR,Total,0.81,,,,
2019,BLR,Total,1,,,,
2020,BLR,Total,1.7,,,,
2021,BLR,Total,7.1,,,,
2022,BLR,Total,5.9,,,,
2023,BLR,Total,13,,,,
2024,BLR,Total,17,,,,
2025,BLR,Total,19,,,,
2000,BLR,Wind,0,,,,
2001,BLR,Wind,0,,,,
2002,BLR,Wind,0,,,,
2003,BLR,Wind,0,,,,
2004,BLR,Wind,0,,,,
2005,BLR,Wind,0,,,,
2006,BLR,Wind,0,,,,
2007,BLR,Wind,0,,,,
2008,BLR,Wind,0,,,,
2009,BLR,Wind,0,,,,
2010,BLR,Wind,0,,,,
2011,BLR,Wind,0,,,,
2012,BLR,Wind,0.01,,,,
2013,BLR,Wind,0.01,,,,
2014,BLR,Wind,0.01,,,,
2015,BLR,Wind,0.03,,,,
2016,BLR,Wind,0.08,,,,
2017,BLR,Wind,0.1,,,,
2018,BLR,Wind,0.1,,,,
2019,BLR,Wind,0.18,,,,
2020,BLR,Wind,0.19,,,,
2021,BLR,Wind,0.17,,,,
2022,BLR,Wind,0.18,,,,
2023,BLR,Wind,0.19,,,,
2024,BLR,Wind,0.2,,,,
2025,BLR,Wind,0.41,,,,
2000,BLZ,Hydro,0.09,,,,
2001,BLZ,Hydro,0.09,,,,
2002,BLZ,Hydro,0.09,,,,
2003,BLZ,Hydro,0.06,,,,
2004,BLZ,Hydro,0.06,,,,
2005,BLZ,Hydro,0.07,,,,
2006,BLZ,Hydro,0.18,,,,
2007,BLZ,Hydro,0.18,,,,
2008,BLZ,Hydro,0.2,,,,
2009,BLZ,Hydro,0.19,,,,
2010,BLZ,Hydro,0.26,,,,
2011,BLZ,Hydro,0.25,,,,
2012,BLZ,Hydro,0.21,,,,
2013,BLZ,Hydro,0.26,,,,
2014,BLZ,Hydro,0.26,,,,
2015,BLZ,Hydro,0.24,,,,
2016,BLZ,Hydro,0.26,,,,
2017,BLZ,Hydro,0.27,,,,
2018,BLZ,Hydro,0.25,,,,
2019,BLZ,Hydro,0.29,,,,
2020,BLZ,Hydro,0.24,,,,
2021,BLZ,Hydro,0.16,,,,
2022,BLZ,Hydro,0.24,,,,
2023,BLZ,Hydro,0.24,,,,
2024,BLZ,Hydro,0.24,,,,
2000,BLZ,Nuclear,0,,,,
2001,BLZ,Nuclear,0,,,,
2002,BLZ,Nuclear,0,,,,
2003,BLZ,Nuclear,0,,,,
2004,BLZ,Nuclear,0,,,,
2005,BLZ,Nuclear,0,,,,
2006,BLZ,Nuclear,0,,,,
2007,BLZ,Nuclear,0,,,,
2008,BLZ,Nuclear,0,,,,
2009,BLZ,Nuclear,0,,,,
2010,BLZ,Nuclear,0,,,,
2011,BLZ,Nuclear,0,,,,
2012,BLZ,Nuclear,0,,,,
2013,BLZ,Nuclear,0,,,,
2014,BLZ,Nuclear,0,,,,
2015,BLZ,Nuclear,0,,,,
2016,BLZ,Nuclear,0,,,,
2017,BLZ,Nuclear,0,,,,
2018,BLZ,Nuclear,0,,,,
2019,BLZ,Nuclear,0,,,,
2020,BLZ,Nuclear,0,,,,
2021,BLZ,Nuclear,0,,,,
2022,BLZ,Nuclear,0,,,,
2023,BLZ,Nuclear,0,,,,
2024,BLZ,Nuclear,0,,,,
2000,BLZ,Other renewables,0,,,,
2001,BLZ,Other renewables,0,,,,
2002,BLZ,Other renewables,0,,,,
2003,BLZ,Other renewables,0,,,,
2004,BLZ,Other renewables,0,,,,
2005,BLZ,Other renewables,0,,,,
2006,BLZ,Other renewables,0,,,,
2007,BLZ,Other renewables,0,,,,
2008,BLZ,Other renewables,0,,,,
2009,BLZ,Other renewables,0,,,,
2010,BLZ,Other renewables,0,,,,
2011,BLZ,Other renewables,0,,,,
2012,BLZ,Other renewables,0,,,,
2013,BLZ,Other renewables,0,,,,
2014,BLZ,Other renewables,0,,,,
2015,BLZ,Other renewables,0,,,,
2016,BLZ,Other renewables,0,,,,
2017,BLZ,Other renewables,0,,,,
2018,BLZ,Other renewables,0,,,,
2019,BLZ,Other renewables,0,,,,
2020,BLZ,Other renewables,0,,,,
2021,BLZ,Other renewables,0,,,,
2022,BLZ,Other renewables,0,,,,
2023,BLZ,Other renewables,0,,,,
2024,BLZ,Other renewables,0,,,,
2000,BLZ,Solar,0,,,,
2001,BLZ,Solar,0,,,,
2002,BLZ,Solar,0,,,,
2003,BLZ,Solar,0,,,,
2004,BLZ,Solar,0,,,,
2005,BLZ,Solar,0,,,,
2006,BLZ,Solar,0,,,,
2007,BLZ,Solar,0,,,,
2008,BLZ,Solar,0,,,,
2009,BLZ,Solar,0,,,,
2010,BLZ,Solar,0,,,,
2011,BLZ,Solar,0,,,,
2012,BLZ,Solar,0,,,,
2013,BLZ,Solar,0,,,,
2014,BLZ,Solar,0,,,,
2015,BLZ,Solar,0,,,,
2016,BLZ,Solar,0,,,,
2017,BLZ,Solar,0,,,,
2018,BLZ,Solar,0,,,,
2019,BLZ,Solar,0.01,,,,
2020,BLZ,Solar,0.01,,,,
2021,BLZ,Solar,0.01,,,,
2022,BLZ,Solar,0.01,,,,
2023,BLZ,Solar,0.01,,,,
2024,BLZ,Solar,0.01,,,,
2000,BLZ,Total,0.09,,,,
2001,BLZ,Total,0.09,,,,
2002,BLZ,Total,0.09,,,,
2003,BLZ,Total,0.06,,,,
2004,BLZ,Total,0.06,,,,
2005,BLZ,Total,0.07,,,,
2006,BLZ,Total,0.18,,,,
2007,BLZ,Total,0.18,,,,
2008,BLZ,Total,0.2,,,,
2009,BLZ,Total,0.19,,,,
2010,BLZ,Total,0.37,,,,
2011,BLZ,Total,0.31,,,,
2012,BLZ,Total,0.35,,,,
2013,BLZ,Total,0.35,,,,
2014,BLZ,Total,0.33,,,,
2015,BLZ,Total,0.33,,,,
2016,BLZ,Total,0.36,,,,
2017,BLZ,Total,0.38,,,,
2018,BLZ,Total,0.38,,,,
2019,BLZ,Total,0.45,,,,
2020,BLZ,Total,0.39,,,,
2021,BLZ,Total,0.31,,,,
2022,BLZ,Total,0.41,,,,
2023,BLZ,Total,0.4,,,,
2024,BLZ,Total,0.41,,,,
2000,BLZ,Wind,0,,,,
2001,BLZ,Wind,0,,,,
2002,BLZ,Wind,0,,,,
2003,BLZ,Wind,0,,,,
2004,BLZ,Wind,0,,,,
2005,BLZ,Wind,0,,,,
2006,BLZ,Wind,0,,,,
2007,BLZ,Wind,0,,,,
2008,BLZ,Wind,0,,,,
2009,BLZ,Wind,0,,,,
2010,BLZ,Wind,0,,,,
2011,BLZ,Wind,0,,,,
2012,BLZ,Wind,0,,,,
2013,BLZ,Wind,0,,,,
2014,BLZ,Wind,0,,,,
2015,BLZ,Wind,0,,,,
2016,BLZ,Wind,0,,,,
2017,BLZ,Wind,0,,,,
2018,BLZ,Wind,0,,,,
2019,BLZ,Wind,0,,,,
2020,BLZ,Wind,0,,,,
2021,BLZ,Wind,0,,,,
2022,BLZ,Wind,0,,,,
2023,BLZ,Wind,0,,,,
2024,BLZ,Wind,0,,,,
2000,BOL,Hydro,2,,,,
2001,BOL,Hydro,2.1,,,,
2002,BOL,Hydro,2.2,,,,
2003,BOL,Hydro,2,,,,
2004,BOL,Hydro,2.1,,,,
2005,BOL,Hydro,1.9,,,,
2006,BOL,Hydro,2.1,,,,
2007,BOL,Hydro,2.3,,,,
2008,BOL,Hydro,2.3,,,,
2009,BOL,Hydro,2.3,,,,
2010,BOL,Hydro,2.2,,,,
2011,BOL,Hydro,2.3,,,,
2012,BOL,Hydro,2.3,,,,
2013,BOL,Hydro,2.5,,,,
2014,BOL,Hydro,2.2,,,,
2015,BOL,Hydro,2.4,,,,
2016,BOL,Hydro,1.7,,,,
2017,BOL,Hydro,2.2,,,,
2018,BOL,Hydro,2.6,,,,
2019,BOL,Hydro,3.3,,,,
2020,BOL,Hydro,2.9,,,,
2021,BOL,Hydro,3.2,,,,
2022,BOL,Hydro,2.9,,,,
2023,BOL,Hydro,3,,,,
2024,BOL,Hydro,3.3,,,,
2025,BOL,Hydro,3.8,,,,
2000,BOL,Nuclear,0,,,,
2001,BOL,Nuclear,0,,,,
2002,BOL,Nuclear,0,,,,
2003,BOL,Nuclear,0,,,,
2004,BOL,Nuclear,0,,,,
2005,BOL,Nuclear,0,,,,
2006,BOL,Nuclear,0,,,,
2007,BOL,Nuclear,0,,,,
2008,BOL,Nuclear,0,,,,
2009,BOL,Nuclear,0,,,,
2010,BOL,Nuclear,0,,,,
2011,BOL,Nuclear,0,,,,
2012,BOL,Nuclear,0,,,,
2013,BOL,Nuclear,0,,,,
2014,BOL,Nuclear,0,,,,
2015,BOL,Nuclear,0,,,,
2016,BOL,Nuclear,0,,,,
2017,BOL,Nuclear,0,,,,
2018,BOL,Nuclear,0,,,,
2019,BOL,Nuclear,0,,,,
2020,BOL,Nuclear,0,,,,
2021,BOL,Nuclear,0,,,,
2022,BOL,Nuclear,0,,,,
2023,BOL,Nuclear,0,,,,
2024,BOL,Nuclear,0,,,,
2025,BOL,Nuclear,0,,,,
2000,BOL,Other renewables,0,,,,
2001,BOL,Other renewables,0,,,,
2002,BOL,Other renewables,0,,,,
2003,BOL,Other renewables,0,,,,
2004,BOL,Other renewables,0,,,,
2005,BOL,Other renewables,0,,,,
2006,BOL,Other renewables,0,,,,
2007,BOL,Other renewables,0,,,,
2008,BOL,Other renewables,0,,,,
2009,BOL,Other renewables,0,,,,
2010,BOL,Other renewables,0,,,,
2011,BOL,Other renewables,0,,,,
2012,BOL,Other renewables,0,,,,
2013,BOL,Other renewables,0,,,,
2014,BOL,Other renewables,0,,,,
2015,BOL,Other renewables,0,,,,
2016,BOL,Other renewables,0,,,,
2017,BOL,Other renewables,0,,,,
2018,BOL,Other renewables,0,,,,
2019,BOL,Other renewables,0,,,,
2020,BOL,Other renewables,0,,,,
2021,BOL,Other renewables,0,,,,
2022,BOL,Other renewables,0,,,,
2023,BOL,Other renewables,0,,,,
2024,BOL,Other renewables,0,,,,
2025,BOL,Other renewables,0,,,,
2000,BOL,Solar,0,,,,
2001,BOL,Solar,0,,,,
2002,BOL,Solar,0,,,,
2003,BOL,Solar,0,,,,
2004,BOL,Solar,0,,,,
2005,BOL,Solar,0,,,,
2006,BOL,Solar,0,,,,
2007,BOL,Solar,0,,,,
2008,BOL,Solar,0,,,,
2009,BOL,Solar,0,,,,
2010,BOL,Solar,0,,,,
2011,BOL,Solar,0,,,,
2012,BOL,Solar,0,,,,
2013,BOL,Solar,0,,,,
2014,BOL,Solar,0.01,,,,
2015,BOL,Solar,0,,,,
2016,BOL,Solar,0.01,,,,
2017,BOL,Solar,0.01,,,,
2018,BOL,Solar,0.13,,,,
2019,BOL,Solar,0.19,,,,
2020,BOL,Solar,0.33,,,,
2021,BOL,Solar,0.35,,,,
2022,BOL,Solar,0.35,,,,
2023,BOL,Solar,0.35,,,,
2024,BOL,Solar,0.4,,,,
2025,BOL,Solar,0.4,,,,
2000,BOL,Total,2,,,,
2001,BOL,Total,2.2,,,,
2002,BOL,Total,2.2,,,,
2003,BOL,Total,2,,,,
2004,BOL,Total,2.2,,,,
2005,BOL,Total,2,,,,
2006,BOL,Total,2.2,,,,
2007,BOL,Total,2.4,,,,
2008,BOL,Total,2.4,,,,
2009,BOL,Total,2.4,,,,
2010,BOL,Total,2.2,,,,
2011,BOL,Total,2.4,,,,
2012,BOL,Total,2.4,,,,
2013,BOL,Total,2.6,,,,
2014,BOL,Total,2.4,,,,
2015,BOL,Total,2.7,,,,
2016,BOL,Total,1.9,,,,
2017,BOL,Total,2.4,,,,
2018,BOL,Total,3,,,,
2019,BOL,Total,3.8,,,,
2020,BOL,Total,3.7,,,,
2021,BOL,Total,4.2,,,,
2022,BOL,Total,4.2,,,,
2023,BOL,Total,4.2,,,,
2024,BOL,Total,4.6,,,,
2025,BOL,Total,4.9,,,,
2000,BOL,Wind,0,,,,
2001,BOL,Wind,0,,,,
2002,BOL,Wind,0,,,,
2003,BOL,Wind,0,,,,
2004,BOL,Wind,0,,,,
2005,BOL,Wind,0,,,,
2006,BOL,Wind,0,,,,
2007,BOL,Wind,0,,,,
2008,BOL,Wind,0,,,,
2009,BOL,Wind,0,,,,
2010,BOL,Wind,0,,,,
2011,BOL,Wind,0,,,,
2012,BOL,Wind,0,,,,
2013,BOL,Wind,0,,,,
2014,BOL,Wind,0.01,,,,
2015,BOL,Wind,0.01,,,,
2016,BOL,Wind,0.04,,,,
2017,BOL,Wind,0.06,,,,
2018,BOL,Wind,0.06,,,,
2019,BOL,Wind,0.07,,,,
2020,BOL,Wind,0.06,,,,
2021,BOL,Wind,0.13,,,,
2022,BOL,Wind,0.44,,,,
2023,BOL,Wind,0.44,,,,
2024,BOL,Wind,0.48,,,,
2025,BOL,Wind,0.28,,,,
1985,BRA,Hydro,180,,,,
1986,BRA,Hydro,180,,,,
1987,BRA,Hydro,190,,,,
1988,BRA,Hydro,200,,,,
1989,BRA,Hydro,200,,,,
1990,BRA,Hydro,210,,,,
1991,BRA,Hydro,220,,,,
1992,BRA,Hydro,220,,,,
1993,BRA,Hydro,240,,,,
1994,BRA,Hydro,240,,,,
1995,BRA,Hydro,250,,,,
1996,BRA,Hydro,270,,,,
1997,BRA,Hydro,280,,,,
1998,BRA,Hydro,290,,,,
1999,BRA,Hydro,290,,,,
2000,BRA,Hydro,300,,,,
2001,BRA,Hydro,270,,,,
2002,BRA,Hydro,290,,,,
2003,BRA,Hydro,310,,,,
2004,BRA,Hydro,320,,,,
2005,BRA,Hydro,340,,,,
2006,BRA,Hydro,350,,,,
2007,BRA,Hydro,370,,,,
2008,BRA,Hydro,370,,,,
2009,BRA,Hydro,390,,,,
2010,BRA,Hydro,400,,,,
2011,BRA,Hydro,430,,,,
2012,BRA,Hydro,420,,,,
2013,BRA,Hydro,390,,,,
2014,BRA,Hydro,370,,,,
2015,BRA,Hydro,360,,,,
2016,BRA,Hydro,380,,,,
2017,BRA,Hydro,370,,,,
2018,BRA,Hydro,390,,,,
2019,BRA,Hydro,400,,,,
2020,BRA,Hydro,400,,,,
2021,BRA,Hydro,360,,,,
2022,BRA,Hydro,430,,,,
2023,BRA,Hydro,430,,,,
2024,BRA,Hydro,410,,,,
2025,BRA,Hydro,390,,,,
1985,BRA,Nuclear,3.4,,,,
1986,BRA,Nuclear,0.14,,,,
1987,BRA,Nuclear,0.97,,,,
1988,BRA,Nuclear,0.61,,,,
1989,BRA,Nuclear,1.8,,,,
1990,BRA,Nuclear,2.2,,,,
1991,BRA,Nuclear,1.4,,,,
1992,BRA,Nuclear,1.8,,,,
1993,BRA,Nuclear,0.44,,,,
1994,BRA,Nuclear,0.05,,,,
1995,BRA,Nuclear,2.5,,,,
1996,BRA,Nuclear,2.4,,,,
1997,BRA,Nuclear,3.2,,,,
1998,BRA,Nuclear,3.3,,,,
1999,BRA,Nuclear,4,,,,
2000,BRA,Nuclear,6.1,,,,
2001,BRA,Nuclear,14,,,,
2002,BRA,Nuclear,14,,,,
2003,BRA,Nuclear,13,,,,
2004,BRA,Nuclear,12,,,,
2005,BRA,Nuclear,9.9,,,,
2006,BRA,Nuclear,14,,,,
2007,BRA,Nuclear,12,,,,
2008,BRA,Nuclear,14,,,,
2009,BRA,Nuclear,13,,,,
2010,BRA,Nuclear,15,,,,
2011,BRA,Nuclear,16,,,,
2012,BRA,Nuclear,16,,,,
2013,BRA,Nuclear,15,,,,
2014,BRA,Nuclear,15,,,,
2015,BRA,Nuclear,15,,,,
2016,BRA,Nuclear,16,,,,
2017,BRA,Nuclear,16,,,,
2018,BRA,Nuclear,16,,,,
2019,BRA,Nuclear,16,,,,
2020,BRA,Nuclear,14,,,,
2021,BRA,Nuclear,15,,,,
2022,BRA,Nuclear,15,,,,
2023,BRA,Nuclear,15,,,,
2024,BRA,Nuclear,16,,,,
2025,BRA,Nuclear,16,,,,
1990,BRA,Solar,0,,,,
1991,BRA,Solar,0,,,,
1992,BRA,Solar,0,,,,
1993,BRA,Solar,0,,,,
1994,BRA,Solar,0,,,,
1995,BRA,Solar,0,,,,
1996,BRA,Solar,0,,,,
1997,BRA,Solar,0,,,,
1998,BRA,Solar,0,,,,
1999,BRA,Solar,0,,,,
2000,BRA,Solar,0,,,,
2001,BRA,Solar,0,,,,
2002,BRA,Solar,0,,,,
2003,BRA,Solar,0,,,,
2004,BRA,Solar,0,,,,
2005,BRA,Solar,0,,,,
2006,BRA,Solar,0,,,,
2007,BRA,Solar,0,,,,
2008,BRA,Solar,0,,,,
2009,BRA,Solar,0,,,,
2010,BRA,Solar,0,,,,
2011,BRA,Solar,0,,,,
2012,BRA,Solar,0,,,,
2013,BRA,Solar,0,,,,
2014,BRA,Solar,0.02,,,,
2015,BRA,Solar,0.06,,,,
2016,BRA,Solar,0.09,,,,
2017,BRA,Solar,0.83,,,,
2018,BRA,Solar,3.5,,,,
2019,BRA,Solar,6.7,,,,
2020,BRA,Solar,11,,,,
2021,BRA,Solar,17,,,,
2022,BRA,Solar,30,,,,
2023,BRA,Solar,51,,,,
2024,BRA,Solar,71,,,,
2025,BRA,Solar,90,,,,
1985,BRA,Total,180,,,,
1986,BRA,Total,190,,,,
1987,BRA,Total,190,,,,
1988,BRA,Total,200,,,,
1989,BRA,Total,210,,,,
1990,BRA,Total,210,,,,
1991,BRA,Total,220,,,,
1992,BRA,Total,230,,,,
1993,BRA,Total,240,,,,
1994,BRA,Total,250,,,,
1995,BRA,Total,260,,,,
1996,BRA,Total,270,,,,
1997,BRA,Total,290,,,,
1998,BRA,Total,300,,,,
1999,BRA,Total,310,,,,
2000,BRA,Total,320,,,,
2001,BRA,Total,290,,,,
2002,BRA,Total,310,,,,
2003,BRA,Total,330,,,,
2004,BRA,Total,340,,,,
2005,BRA,Total,360,,,,
2006,BRA,Total,380,,,,
2007,BRA,Total,410,,,,
2008,BRA,Total,400,,,,
2009,BRA,Total,430,,,,
2010,BRA,Total,450,,,,
2011,BRA,Total,480,,,,
2012,BRA,Total,470,,,,
2013,BRA,Total,450,,,,
2014,BRA,Total,450,,,,
2015,BRA,Total,450,,,,
2016,BRA,Total,480,,,,
2017,BRA,Total,480,,,,
2018,BRA,Total,510,,,,
2019,BRA,Total,530,,,,
2020,BRA,Total,540,,,,
2021,BRA,Total,520,,,,
2022,BRA,Total,610,,,,
2023,BRA,Total,640,,,,
2024,BRA,Total,670,,,,
2025,BRA,Total,670,,,,
1985,BRA,Wind,0,,,,
1986,BRA,Wind,0,,,,
1987,BRA,Wind,0,,,,
1988,BRA,Wind,0,,,,
1989,BRA,Wind,0,,,,
1990,BRA,Wind,0,,,,
1991,BRA,Wind,0,,,,
1992,BRA,Wind,0,,,,
1993,BRA,Wind,0,,,,
1994,BRA,Wind,0,,,,
1995,BRA,Wind,0,,,,
1996,BRA,Wind,0,,,,
1997,BRA,Wind,0,,,,
1998,BRA,Wind,0,,,,
1999,BRA,Wind,0,,,,
2000,BRA,Wind,0,,,,
2001,BRA,Wind,0.03,,,,
2002,BRA,Wind,0.06,,,,
2003,BRA,Wind,0.06,,,,
2004,BRA,Wind,0.06,,,,
2005,BRA,Wind,0.09,,,,
2006,BRA,Wind,0.24,,,,
2007,BRA,Wind,0.66,,,,
2008,BRA,Wind,1.2,,,,
2009,BRA,Wind,1.2,,,,
2010,BRA,Wind,2.2,,,,
2011,BRA,Wind,2.7,,,,
2012,BRA,Wind,5.1,,,,
2013,BRA,Wind,6.6,,,,
2014,BRA,Wind,12,,,,
2015,BRA,Wind,22,,,,
2016,BRA,Wind,33,,,,
2017,BRA,Wind,42,,,,
2018,BRA,Wind,48,,,,
2019,BRA,Wind,56,,,,
2020,BRA,Wind,57,,,,
2021,BRA,Wind,72,,,,
2022,BRA,Wind,82,,,,
2023,BRA,Wind,96,,,,
2024,BRA,Wind,110,,,,
2025,BRA,Wind,120,,,,
2000,BRB,Hydro,0,,,,
2001,BRB,Hydro,0,,,,
2002,BRB,Hydro,0,,,,
2003,BRB,Hydro,0,,,,
2004,BRB,Hydro,0,,,,
2005,BRB,Hydro,0,,,,
2006,BRB,Hydro,0,,,,
2007,BRB,Hydro,0,,,,
2008,BRB,Hydro,0,,,,
2009,BRB,Hydro,0,,,,
2010,BRB,Hydro,0,,,,
2011,BRB,Hydro,0,,,,
2012,BRB,Hydro,0,,,,
2013,BRB,Hydro,0,,,,
2014,BRB,Hydro,0,,,,
2015,BRB,Hydro,0,,,,
2016,BRB,Hydro,0,,,,
2017,BRB,Hydro,0,,,,
2018,BRB,Hydro,0,,,,
2019,BRB,Hydro,0,,,,
2020,BRB,Hydro,0,,,,
2021,BRB,Hydro,0,,,,
2022,BRB,Hydro,0,,,,
2023,BRB,Hydro,0,,,,
2024,BRB,Hydro,0,,,,
2000,BRB,Nuclear,0,,,,
2001,BRB,Nuclear,0,,,,
2002,BRB,Nuclear,0,,,,
2003,BRB,Nuclear,0,,,,
2004,BRB,Nuclear,0,,,,
2005,BRB,Nuclear,0,,,,
2006,BRB,Nuclear,0,,,,
2007,BRB,Nuclear,0,,,,
2008,BRB,Nuclear,0,,,,
2009,BRB,Nuclear,0,,,,
2010,BRB,Nuclear,0,,,,
2011,BRB,Nuclear,0,,,,
2012,BRB,Nuclear,0,,,,
2013,BRB,Nuclear,0,,,,
2014,BRB,Nuclear,0,,,,
2015,BRB,Nuclear,0,,,,
2016,BRB,Nuclear,0,,,,
2017,BRB,Nuclear,0,,,,
2018,BRB,Nuclear,0,,,,
2019,BRB,Nuclear,0,,,,
2020,BRB,Nuclear,0,,,,
2021,BRB,Nuclear,0,,,,
2022,BRB,Nuclear,0,,,,
2023,BRB,Nuclear,0,,,,
2024,BRB,Nuclear,0,,,,
2000,BRB,Other renewables,0,,,,
2001,BRB,Other renewables,0,,,,
2002,BRB,Other renewables,0,,,,
2003,BRB,Other renewables,0,,,,
2004,BRB,Other renewables,0,,,,
2005,BRB,Other renewables,0,,,,
2006,BRB,Other renewables,0,,,,
2007,BRB,Other renewables,0,,,,
2008,BRB,Other renewables,0,,,,
2009,BRB,Other renewables,0,,,,
2010,BRB,Other renewables,0,,,,
2011,BRB,Other renewables,0,,,,
2012,BRB,Other renewables,0,,,,
2013,BRB,Other renewables,0,,,,
2014,BRB,Other renewables,0,,,,
2015,BRB,Other renewables,0,,,,
2016,BRB,Other renewables,0,,,,
2017,BRB,Other renewables,0,,,,
2018,BRB,Other renewables,0,,,,
2019,BRB,Other renewables,0,,,,
2020,BRB,Other renewables,0,,,,
2021,BRB,Other renewables,0,,,,
2022,BRB,Other renewables,0,,,,
2023,BRB,Other renewables,0,,,,
2024,BRB,Other renewables,0,,,,
2000,BRB,Solar,0,,,,
2001,BRB,Solar,0,,,,
2002,BRB,Solar,0,,,,
2003,BRB,Solar,0,,,,
2004,BRB,Solar,0,,,,
2005,BRB,Solar,0,,,,
2006,BRB,Solar,0,,,,
2007,BRB,Solar,0,,,,
2008,BRB,Solar,0,,,,
2009,BRB,Solar,0,,,,
2010,BRB,Solar,0,,,,
2011,BRB,Solar,0,,,,
2012,BRB,Solar,0,,,,
2013,BRB,Solar,0,,,,
2014,BRB,Solar,0.01,,,,
2015,BRB,Solar,0.01,,,,
2016,BRB,Solar,0.02,,,,
2017,BRB,Solar,0.03,,,,
2018,BRB,Solar,0.03,,,,
2019,BRB,Solar,0.04,,,,
2020,BRB,Solar,0.07,,,,
2021,BRB,Solar,0.08,,,,
2022,BRB,Solar,0.08,,,,
2023,BRB,Solar,0.09,,,,
2024,BRB,Solar,0.1,,,,
2000,BRB,Total,0,,,,
2001,BRB,Total,0,,,,
2002,BRB,Total,0,,,,
2003,BRB,Total,0,,,,
2004,BRB,Total,0,,,,
2005,BRB,Total,0,,,,
2006,BRB,Total,0,,,,
2007,BRB,Total,0,,,,
2008,BRB,Total,0,,,,
2009,BRB,Total,0,,,,
2010,BRB,Total,0,,,,
2011,BRB,Total,0,,,,
2012,BRB,Total,0,,,,
2013,BRB,Total,0,,,,
2014,BRB,Total,0.01,,,,
2015,BRB,Total,0.01,,,,
2016,BRB,Total,0.02,,,,
2017,BRB,Total,0.03,,,,
2018,BRB,Total,0.03,,,,
2019,BRB,Total,0.04,,,,
2020,BRB,Total,0.07,,,,
2021,BRB,Total,0.08,,,,
2022,BRB,Total,0.08,,,,
2023,BRB,Total,0.09,,,,
2024,BRB,Total,0.1,,,,
2000,BRB,Wind,0,,,,
2001,BRB,Wind,0,,,,
2002,BRB,Wind,0,,,,
2003,BRB,Wind,0,,,,
2004,BRB,Wind,0,,,,
2005,BRB,Wind,0,,,,
2006,BRB,Wind,0,,,,
2007,BRB,Wind,0,,,,
2008,BRB,Wind,0,,,,
2009,BRB,Wind,0,,,,
2010,BRB,Wind,0,,,,
2011,BRB,Wind,0,,,,
2012,BRB,Wind,0,,,,
2013,BRB,Wind,0,,,,
2014,BRB,Wind,0,,,,
2015,BRB,Wind,0,,,,
2016,BRB,Wind,0,,,,
2017,BRB,Wind,0,,,,
2018,BRB,Wind,0,,,,
2019,BRB,Wind,0,,,,
2020,BRB,Wind,0,,,,
2021,BRB,Wind,0,,,,
2022,BRB,Wind,0,,,,
2023,BRB,Wind,0,,,,
2024,BRB,Wind,0,,,,
2000,BRN,Hydro,0,,,,
2001,BRN,Hydro,0,,,,
2002,BRN,Hydro,0,,,,
2003,BRN,Hydro,0,,,,
2004,BRN,Hydro,0,,,,
2005,BRN,Hydro,0,,,,
2006,BRN,Hydro,0,,,,
2007,BRN,Hydro,0,,,,
2008,BRN,Hydro,0,,,,
2009,BRN,Hydro,0,,,,
2010,BRN,Hydro,0,,,,
2011,BRN,Hydro,0,,,,
2012,BRN,Hydro,0,,,,
2013,BRN,Hydro,0,,,,
2014,BRN,Hydro,0,,,,
2015,BRN,Hydro,0,,,,
2016,BRN,Hydro,0,,,,
2017,BRN,Hydro,0,,,,
2018,BRN,Hydro,0,,,,
2019,BRN,Hydro,0,,,,
2020,BRN,Hydro,0,,,,
2021,BRN,Hydro,0,,,,
2022,BRN,Hydro,0,,,,
2023,BRN,Hydro,0,,,,
2024,BRN,Hydro,0,,,,
2000,BRN,Nuclear,0,,,,
2001,BRN,Nuclear,0,,,,
2002,BRN,Nuclear,0,,,,
2003,BRN,Nuclear,0,,,,
2004,BRN,Nuclear,0,,,,
2005,BRN,Nuclear,0,,,,
2006,BRN,Nuclear,0,,,,
2007,BRN,Nuclear,0,,,,
2008,BRN,Nuclear,0,,,,
2009,BRN,Nuclear,0,,,,
2010,BRN,Nuclear,0,,,,
2011,BRN,Nuclear,0,,,,
2012,BRN,Nuclear,0,,,,
2013,BRN,Nuclear,0,,,,
2014,BRN,Nuclear,0,,,,
2015,BRN,Nuclear,0,,,,
2016,BRN,Nuclear,0,,,,
2017,BRN,Nuclear,0,,,,
2018,BRN,Nuclear,0,,,,
2019,BRN,Nuclear,0,,,,
2020,BRN,Nuclear,0,,,,
2021,BRN,Nuclear,0,,,,
2022,BRN,Nuclear,0,,,,
2023,BRN,Nuclear,0,,,,
2024,BRN,Nuclear,0,,,,
2000,BRN,Other renewables,0,,,,
2001,BRN,Other renewables,0,,,,
2002,BRN,Other renewables,0,,,,
2003,BRN,Other renewables,0,,,,
2004,BRN,Other renewables,0,,,,
2005,BRN,Other renewables,0,,,,
2006,BRN,Other renewables,0,,,,
2007,BRN,Other renewables,0,,,,
2008,BRN,Other renewables,0,,,,
2009,BRN,Other renewables,0,,,,
2010,BRN,Other renewables,0,,,,
2011,BRN,Other renewables,0,,,,
2012,BRN,Other renewables,0,,,,
2013,BRN,Other renewables,0,,,,
2014,BRN,Other renewables,0,,,,
2015,BRN,Other renewables,0,,,,
2016,BRN,Other renewables,0,,,,
2017,BRN,Other renewables,0,,,,
2018,BRN,Other renewables,0,,,,
2019,BRN,Other renewables,0,,,,
2020,BRN,Other renewables,0,,,,
2021,BRN,Other renewables,0,,,,
2022,BRN,Other renewables,0,,,,
2023,BRN,Other renewables,0,,,,
2024,BRN,Other renewables,0,,,,
2000,BRN,Solar,0,,,,
2001,BRN,Solar,0,,,,
2002,BRN,Solar,0,,,,
2003,BRN,Solar,0,,,,
2004,BRN,Solar,0,,,,
2005,BRN,Solar,0,,,,
2006,BRN,Solar,0,,,,
2007,BRN,Solar,0,,,,
2008,BRN,Solar,0,,,,
2009,BRN,Solar,0,,,,
2010,BRN,Solar,0,,,,
2011,BRN,Solar,0,,,,
2012,BRN,Solar,0,,,,
2013,BRN,Solar,0,,,,
2014,BRN,Solar,0,,,,
2015,BRN,Solar,0,,,,
2016,BRN,Solar,0,,,,
2017,BRN,Solar,0,,,,
2018,BRN,Solar,0,,,,
2019,BRN,Solar,0,,,,
2020,BRN,Solar,0,,,,
2021,BRN,Solar,0,,,,
2022,BRN,Solar,0,,,,
2023,BRN,Solar,0,,,,
2024,BRN,Solar,0.01,,,,
2000,BRN,Total,0,,,,
2001,BRN,Total,0,,,,
2002,BRN,Total,0,,,,
2003,BRN,Total,0,,,,
2004,BRN,Total,0,,,,
2005,BRN,Total,0,,,,
2006,BRN,Total,0,,,,
2007,BRN,Total,0,,,,
2008,BRN,Total,0,,,,
2009,BRN,Total,0,,,,
2010,BRN,Total,0,,,,
2011,BRN,Total,0,,,,
2012,BRN,Total,0,,,,
2013,BRN,Total,0,,,,
2014,BRN,Total,0,,,,
2015,BRN,Total,0,,,,
2016,BRN,Total,0,,,,
2017,BRN,Total,0,,,,
2018,BRN,Total,0,,,,
2019,BRN,Total,0,,,,
2020,BRN,Total,0,,,,
2021,BRN,Total,0,,,,
2022,BRN,Total,0,,,,
2023,BRN,Total,0,,,,
2024,BRN,Total,0.01,,,,
2000,BRN,Wind,0,,,,
2001,BRN,Wind,0,,,,
2002,BRN,Wind,0,,,,
2003,BRN,Wind,0,,,,
2004,BRN,Wind,0,,,,
2005,BRN,Wind,0,,,,
2006,BRN,Wind,0,,,,
2007,BRN,Wind,0,,,,
2008,BRN,Wind,0,,,,
2009,BRN,Wind,0,,,,
2010,BRN,Wind,0,,,,
2011,BRN,Wind,0,,,,
2012,BRN,Wind,0,,,,
2013,BRN,Wind,0,,,,
2014,BRN,Wind,0,,,,
2015,BRN,Wind,0,,,,
2016,BRN,Wind,0,,,,
2017,BRN,Wind,0,,,,
2018,BRN,Wind,0,,,,
2019,BRN,Wind,0,,,,
2020,BRN,Wind,0,,,,
2021,BRN,Wind,0,,,,
2022,BRN,Wind,0,,,,
2023,BRN,Wind,0,,,,
2024,BRN,Wind,0,,,,
2000,BTN,Hydro,1.8,,,,
2001,BTN,Hydro,1.9,,,,
2002,BTN,Hydro,2.2,,,,
2003,BTN,Hydro,2.5,,,,
2004,BTN,Hydro,2.3,,,,
2005,BTN,Hydro,2.6,,,,
2006,BTN,Hydro,4.5,,,,
2007,BTN,Hydro,6.5,,,,
2008,BTN,Hydro,6.9,,,,
2009,BTN,Hydro,6.9,,,,
2010,BTN,Hydro,7.3,,,,
2011,BTN,Hydro,7,,,,
2012,BTN,Hydro,6.7,,,,
2013,BTN,Hydro,7.5,,,,
2014,BTN,Hydro,7.2,,,,
2015,BTN,Hydro,7.7,,,,
2016,BTN,Hydro,7.9,,,,
2017,BTN,Hydro,7.7,,,,
2018,BTN,Hydro,6.9,,,,
2019,BTN,Hydro,8.7,,,,
2020,BTN,Hydro,11,,,,
2021,BTN,Hydro,11,,,,
2022,BTN,Hydro,11,,,,
2023,BTN,Hydro,11,,,,
2024,BTN,Hydro,11,,,,
2000,BTN,Nuclear,0,,,,
2001,BTN,Nuclear,0,,,,
2002,BTN,Nuclear,0,,,,
2003,BTN,Nuclear,0,,,,
2004,BTN,Nuclear,0,,,,
2005,BTN,Nuclear,0,,,,
2006,BTN,Nuclear,0,,,,
2007,BTN,Nuclear,0,,,,
2008,BTN,Nuclear,0,,,,
2009,BTN,Nuclear,0,,,,
2010,BTN,Nuclear,0,,,,
2011,BTN,Nuclear,0,,,,
2012,BTN,Nuclear,0,,,,
2013,BTN,Nuclear,0,,,,
2014,BTN,Nuclear,0,,,,
2015,BTN,Nuclear,0,,,,
2016,BTN,Nuclear,0,,,,
2017,BTN,Nuclear,0,,,,
2018,BTN,Nuclear,0,,,,
2019,BTN,Nuclear,0,,,,
2020,BTN,Nuclear,0,,,,
2021,BTN,Nuclear,0,,,,
2022,BTN,Nuclear,0,,,,
2023,BTN,Nuclear,0,,,,
2024,BTN,Nuclear,0,,,,
2000,BTN,Other renewables,0,,,,
2001,BTN,Other renewables,0,,,,
2002,BTN,Other renewables,0,,,,
2003,BTN,Other renewables,0,,,,
2004,BTN,Other renewables,0,,,,
2005,BTN,Other renewables,0,,,,
2006,BTN,Other renewables,0,,,,
2007,BTN,Other renewables,0,,,,
2008,BTN,Other renewables,0,,,,
2009,BTN,Other renewables,0,,,,
2010,BTN,Other renewables,0,,,,
2011,BTN,Other renewables,0,,,,
2012,BTN,Other renewables,0,,,,
2013,BTN,Other renewables,0,,,,
2014,BTN,Other renewables,0,,,,
2015,BTN,Other renewables,0,,,,
2016,BTN,Other renewables,0,,,,
2017,BTN,Other renewables,0,,,,
2018,BTN,Other renewables,0,,,,
2019,BTN,Other renewables,0,,,,
2020,BTN,Other renewables,0,,,,
2021,BTN,Other renewables,0,,,,
2022,BTN,Other renewables,0,,,,
2023,BTN,Other renewables,0,,,,
2024,BTN,Other renewables,0,,,,
2000,BTN,Solar,0,,,,
2001,BTN,Solar,0,,,,
2002,BTN,Solar,0,,,,
2003,BTN,Solar,0,,,,
2004,BTN,Solar,0,,,,
2005,BTN,Solar,0,,,,
2006,BTN,Solar,0,,,,
2007,BTN,Solar,0,,,,
2008,BTN,Solar,0,,,,
2009,BTN,Solar,0,,,,
2010,BTN,Solar,0,,,,
2011,BTN,Solar,0,,,,
2012,BTN,Solar,0,,,,
2013,BTN,Solar,0,,,,
2014,BTN,Solar,0,,,,
2015,BTN,Solar,0,,,,
2016,BTN,Solar,0,,,,
2017,BTN,Solar,0,,,,
2018,BTN,Solar,0,,,,
2019,BTN,Solar,0,,,,
2020,BTN,Solar,0,,,,
2021,BTN,Solar,0,,,,
2022,BTN,Solar,0,,,,
2023,BTN,Solar,0,,,,
2024,BTN,Solar,0,,,,
2000,BTN,Total,1.8,,,,
2001,BTN,Total,1.9,,,,
2002,BTN,Total,2.2,,,,
2003,BTN,Total,2.5,,,,
2004,BTN,Total,2.3,,,,
2005,BTN,Total,2.6,,,,
2006,BTN,Total,4.5,,,,
2007,BTN,Total,6.5,,,,
2008,BTN,Total,6.9,,,,
2009,BTN,Total,6.9,,,,
2010,BTN,Total,7.3,,,,
2011,BTN,Total,7,,,,
2012,BTN,Total,6.7,,,,
2013,BTN,Total,7.5,,,,
2014,BTN,Total,7.2,,,,
2015,BTN,Total,7.7,,,,
2016,BTN,Total,7.9,,,,
2017,BTN,Total,7.7,,,,
2018,BTN,Total,6.9,,,,
2019,BTN,Total,8.7,,,,
2020,BTN,Total,11,,,,
2021,BTN,Total,11,,,,
2022,BTN,Total,11,,,,
2023,BTN,Total,11,,,,
2024,BTN,Total,11,,,,
2000,BTN,Wind,0,,,,
2001,BTN,Wind,0,,,,
2002,BTN,Wind,0,,,,
2003,BTN,Wind,0,,,,
2004,BTN,Wind,0,,,,
2005,BTN,Wind,0,,,,
2006,BTN,Wind,0,,,,
2007,BTN,Wind,0,,,,
2008,BTN,Wind,0,,,,
2009,BTN,Wind,0,,,,
2010,BTN,Wind,0,,,,
2011,BTN,Wind,0,,,,
2012,BTN,Wind,0,,,,
2013,BTN,Wind,0,,,,
2014,BTN,Wind,0,,,,
2015,BTN,Wind,0,,,,
2016,BTN,Wind,0,,,,
2017,BTN,Wind,0,,,,
2018,BTN,Wind,0,,,,
2019,BTN,Wind,0,,,,
2020,BTN,Wind,0,,,,
2021,BTN,Wind,0,,,,
2022,BTN,Wind,0,,,,
2023,BTN,Wind,0,,,,
2024,BTN,Wind,0,,,,
2000,BWA,Hydro,0,,,,
2001,BWA,Hydro,0,,,,
2002,BWA,Hydro,0,,,,
2003,BWA,Hydro,0,,,,
2004,BWA,Hydro,0,,,,
2005,BWA,Hydro,0,,,,
2006,BWA,Hydro,0,,,,
2007,BWA,Hydro,0,,,,
2008,BWA,Hydro,0,,,,
2009,BWA,Hydro,0,,,,
2010,BWA,Hydro,0,,,,
2011,BWA,Hydro,0,,,,
2012,BWA,Hydro,0,,,,
2013,BWA,Hydro,0,,,,
2014,BWA,Hydro,0,,,,
2015,BWA,Hydro,0,,,,
2016,BWA,Hydro,0,,,,
2017,BWA,Hydro,0,,,,
2018,BWA,Hydro,0,,,,
2019,BWA,Hydro,0,,,,
2020,BWA,Hydro,0,,,,
2021,BWA,Hydro,0,,,,
2022,BWA,Hydro,0,,,,
2023,BWA,Hydro,0,,,,
2024,BWA,Hydro,0,,,,
2000,BWA,Nuclear,0,,,,
2001,BWA,Nuclear,0,,,,
2002,BWA,Nuclear,0,,,,
2003,BWA,Nuclear,0,,,,
2004,BWA,Nuclear,0,,,,
2005,BWA,Nuclear,0,,,,
2006,BWA,Nuclear,0,,,,
2007,BWA,Nuclear,0,,,,
2008,BWA,Nuclear,0,,,,
2009,BWA,Nuclear,0,,,,
2010,BWA,Nuclear,0,,,,
2011,BWA,Nuclear,0,,,,
2012,BWA,Nuclear,0,,,,
2013,BWA,Nuclear,0,,,,
2014,BWA,Nuclear,0,,,,
2015,BWA,Nuclear,0,,,,
2016,BWA,Nuclear,0,,,,
2017,BWA,Nuclear,0,,,,
2018,BWA,Nuclear,0,,,,
2019,BWA,Nuclear,0,,,,
2020,BWA,Nuclear,0,,,,
2021,BWA,Nuclear,0,,,,
2022,BWA,Nuclear,0,,,,
2023,BWA,Nuclear,0,,,,
2024,BWA,Nuclear,0,,,,
2000,BWA,Other renewables,0,,,,
2001,BWA,Other renewables,0,,,,
2002,BWA,Other renewables,0,,,,
2003,BWA,Other renewables,0,,,,
2004,BWA,Other renewables,0,,,,
2005,BWA,Other renewables,0,,,,
2006,BWA,Other renewables,0,,,,
2007,BWA,Other renewables,0,,,,
2008,BWA,Other renewables,0,,,,
2009,BWA,Other renewables,0,,,,
2010,BWA,Other renewables,0,,,,
2011,BWA,Other renewables,0,,,,
2012,BWA,Other renewables,0,,,,
2013,BWA,Other renewables,0,,,,
2014,BWA,Other renewables,0,,,,
2015,BWA,Other renewables,0,,,,
2016,BWA,Other renewables,0,,,,
2017,BWA,Other renewables,0,,,,
2018,BWA,Other renewables,0,,,,
2019,BWA,Other renewables,0,,,,
2020,BWA,Other renewables,0,,,,
2021,BWA,Other renewables,0,,,,
2022,BWA,Other renewables,0,,,,
2023,BWA,Other renewables,0,,,,
2024,BWA,Other renewables,0,,,,
2000,BWA,Solar,0,,,,
2001,BWA,Solar,0,,,,
2002,BWA,Solar,0,,,,
2003,BWA,Solar,0,,,,
2004,BWA,Solar,0,,,,
2005,BWA,Solar,0,,,,
2006,BWA,Solar,0,,,,
2007,BWA,Solar,0,,,,
2008,BWA,Solar,0,,,,
2009,BWA,Solar,0,,,,
2010,BWA,Solar,0,,,,
2011,BWA,Solar,0,,,,
2012,BWA,Solar,0,,,,
2013,BWA,Solar,0,,,,
2014,BWA,Solar,0,,,,
2015,BWA,Solar,0,,,,
2016,BWA,Solar,0,,,,
2017,BWA,Solar,0,,,,
2018,BWA,Solar,0.01,,,,
2019,BWA,Solar,0.01,,,,
2020,BWA,Solar,0.01,,,,
2021,BWA,Solar,0.01,,,,
2022,BWA,Solar,0.01,,,,
2023,BWA,Solar,0.01,,,,
2024,BWA,Solar,0.01,,,,
2000,BWA,Total,0,,,,
2001,BWA,Total,0,,,,
2002,BWA,Total,0,,,,
2003,BWA,Total,0,,,,
2004,BWA,Total,0,,,,
2005,BWA,Total,0,,,,
2006,BWA,Total,0,,,,
2007,BWA,Total,0,,,,
2008,BWA,Total,0,,,,
2009,BWA,Total,0,,,,
2010,BWA,Total,0,,,,
2011,BWA,Total,0,,,,
2012,BWA,Total,0,,,,
2013,BWA,Total,0,,,,
2014,BWA,Total,0,,,,
2015,BWA,Total,0,,,,
2016,BWA,Total,0,,,,
2017,BWA,Total,0,,,,
2018,BWA,Total,0.01,,,,
2019,BWA,Total,0.01,,,,
2020,BWA,Total,0.01,,,,
2021,BWA,Total,0.01,,,,
2022,BWA,Total,0.01,,,,
2023,BWA,Total,0.01,,,,
2024,BWA,Total,0.01,,,,
2000,BWA,Wind,0,,,,
2001,BWA,Wind,0,,,,
2002,BWA,Wind,0,,,,
2003,BWA,Wind,0,,,,
2004,BWA,Wind,0,,,,
2005,BWA,Wind,0,,,,
2006,BWA,Wind,0,,,,
2007,BWA,Wind,0,,,,
2008,BWA,Wind,0,,,,
2009,BWA,Wind,0,,,,
2010,BWA,Wind,0,,,,
2011,BWA,Wind,0,,,,
2012,BWA,Wind,0,,,,
2013,BWA,Wind,0,,,,
2014,BWA,Wind,0,,,,
2015,BWA,Wind,0,,,,
2016,BWA,Wind,0,,,,
2017,BWA,Wind,0,,,,
2018,BWA,Wind,0,,,,
2019,BWA,Wind,0,,,,
2020,BWA,Wind,0,,,,
2021,BWA,Wind,0,,,,
2022,BWA,Wind,0,,,,
2023,BWA,Wind,0,,,,
2024,BWA,Wind,0,,,,
2000,CAF,Hydro,0.08,,,,
2001,CAF,Hydro,0.08,,,,
2002,CAF,Hydro,0.08,,,,
2003,CAF,Hydro,0.08,,,,
2004,CAF,Hydro,0.12,,,,
2005,CAF,Hydro,0.13,,,,
2006,CAF,Hydro,0.14,,,,
2007,CAF,Hydro,0.14,,,,
2008,CAF,Hydro,0.14,,,,
2009,CAF,Hydro,0.14,,,,
2010,CAF,Hydro,0.13,,,,
2011,CAF,Hydro,0.15,,,,
2012,CAF,Hydro,0.15,,,,
2013,CAF,Hydro,0.14,,,,
2014,CAF,Hydro,0.17,,,,
2015,CAF,Hydro,0.17,,,,
2016,CAF,Hydro,0.17,,,,
2017,CAF,Hydro,0.15,,,,
2018,CAF,Hydro,0.15,,,,
2019,CAF,Hydro,0.15,,,,
2020,CAF,Hydro,0.15,,,,
2021,CAF,Hydro,0.15,,,,
2022,CAF,Hydro,0.14,,,,
2023,CAF,Hydro,0.14,,,,
2000,CAF,Nuclear,0,,,,
2001,CAF,Nuclear,0,,,,
2002,CAF,Nuclear,0,,,,
2003,CAF,Nuclear,0,,,,
2004,CAF,Nuclear,0,,,,
2005,CAF,Nuclear,0,,,,
2006,CAF,Nuclear,0,,,,
2007,CAF,Nuclear,0,,,,
2008,CAF,Nuclear,0,,,,
2009,CAF,Nuclear,0,,,,
2010,CAF,Nuclear,0,,,,
2011,CAF,Nuclear,0,,,,
2012,CAF,Nuclear,0,,,,
2013,CAF,Nuclear,0,,,,
2014,CAF,Nuclear,0,,,,
2015,CAF,Nuclear,0,,,,
2016,CAF,Nuclear,0,,,,
2017,CAF,Nuclear,0,,,,
2018,CAF,Nuclear,0,,,,
2019,CAF,Nuclear,0,,,,
2020,CAF,Nuclear,0,,,,
2021,CAF,Nuclear,0,,,,
2022,CAF,Nuclear,0,,,,
2023,CAF,Nuclear,0,,,,
2000,CAF,Other renewables,0,,,,
2001,CAF,Other renewables,0,,,,
2002,CAF,Other renewables,0,,,,
2003,CAF,Other renewables,0,,,,
2004,CAF,Other renewables,0,,,,
2005,CAF,Other renewables,0,,,,
2006,CAF,Other renewables,0,,,,
2007,CAF,Other renewables,0,,,,
2008,CAF,Other renewables,0,,,,
2009,CAF,Other renewables,0,,,,
2010,CAF,Other renewables,0,,,,
2011,CAF,Other renewables,0,,,,
2012,CAF,Other renewables,0,,,,
2013,CAF,Other renewables,0,,,,
2014,CAF,Other renewables,0,,,,
2015,CAF,Other renewables,0,,,,
2016,CAF,Other renewables,0,,,,
2017,CAF,Other renewables,0,,,,
2018,CAF,Other renewables,0,,,,
2019,CAF,Other renewables,0,,,,
2020,CAF,Other renewables,0,,,,
2021,CAF,Other renewables,0,,,,
2022,CAF,Other renewables,0,,,,
2023,CAF,Other renewables,0,,,,
2000,CAF,Solar,0,,,,
2001,CAF,Solar,0,,,,
2002,CAF,Solar,0,,,,
2003,CAF,Solar,0,,,,
2004,CAF,Solar,0,,,,
2005,CAF,Solar,0,,,,
2006,CAF,Solar,0,,,,
2007,CAF,Solar,0,,,,
2008,CAF,Solar,0,,,,
2009,CAF,Solar,0,,,,
2010,CAF,Solar,0,,,,
2011,CAF,Solar,0,,,,
2012,CAF,Solar,0,,,,
2013,CAF,Solar,0,,,,
2014,CAF,Solar,0,,,,
2015,CAF,Solar,0,,,,
2016,CAF,Solar,0,,,,
2017,CAF,Solar,0,,,,
2018,CAF,Solar,0,,,,
2019,CAF,Solar,0,,,,
2020,CAF,Solar,0,,,,
2021,CAF,Solar,0,,,,
2022,CAF,Solar,0,,,,
2023,CAF,Solar,0,,,,
2000,CAF,Total,0.08,,,,
2001,CAF,Total,0.08,,,,
2002,CAF,Total,0.08,,,,
2003,CAF,Total,0.08,,,,
2004,CAF,Total,0.12,,,,
2005,CAF,Total,0.13,,,,
2006,CAF,Total,0.14,,,,
2007,CAF,Total,0.14,,,,
2008,CAF,Total,0.14,,,,
2009,CAF,Total,0.14,,,,
2010,CAF,Total,0.13,,,,
2011,CAF,Total,0.15,,,,
2012,CAF,Total,0.15,,,,
2013,CAF,Total,0.14,,,,
2014,CAF,Total,0.17,,,,
2015,CAF,Total,0.17,,,,
2016,CAF,Total,0.17,,,,
2017,CAF,Total,0.15,,,,
2018,CAF,Total,0.15,,,,
2019,CAF,Total,0.15,,,,
2020,CAF,Total,0.15,,,,
2021,CAF,Total,0.15,,,,
2022,CAF,Total,0.14,,,,
2023,CAF,Total,0.14,,,,
2000,CAF,Wind,0,,,,
2001,CAF,Wind,0,,,,
2002,CAF,Wind,0,,,,
2003,CAF,Wind,0,,,,
2004,CAF,Wind,0,,,,
2005,CAF,Wind,0,,,,
2006,CAF,Wind,0,,,,
2007,CAF,Wind,0,,,,
2008,CAF,Wind,0,,,,
2009,CAF,Wind,0,,,,
2010,CAF,Wind,0,,,,
2011,CAF,Wind,0,,,,
2012,CAF,Wind,0,,,,
2013,CAF,Wind,0,,,,
2014,CAF,Wind,0,,,,
2015,CAF,Wind,0,,,,
2016,CAF,Wind,0,,,,
2017,CAF,Wind,0,,,,
2018,CAF,Wind,0,,,,
2019,CAF,Wind,0,,,,
2020,CAF,Wind,0,,,,
2021,CAF,Wind,0,,,,
2022,CAF,Wind,0,,,,
2023,CAF,Wind,0,,,,
1985,CAN,Hydro,300,,,,
1986,CAN,Hydro,310,,,,
1987,CAN,Hydro,320,,,,
1988,CAN,Hydro,310,,,,
1989,CAN,Hydro,290,,,,
1990,CAN,Hydro,300,,,,
1991,CAN,Hydro,310,,,,
1992,CAN,Hydro,320,,,,
1993,CAN,Hydro,320,,,,
1994,CAN,Hydro,330,,,,
1995,CAN,Hydro,330,,,,
1996,CAN,Hydro,350,,,,
1997,CAN,Hydro,350,,,,
1998,CAN,Hydro,330,,,,
1999,CAN,Hydro,350,,,,
2000,CAN,Hydro,360,,,,
2001,CAN,Hydro,330,,,,
2002,CAN,Hydro,350,,,,
2003,CAN,Hydro,340,,,,
2004,CAN,Hydro,340,,,,
2005,CAN,Hydro,360,,,,
2006,CAN,Hydro,350,,,,
2007,CAN,Hydro,370,,,,
2008,CAN,Hydro,380,,,,
2009,CAN,Hydro,370,,,,
2010,CAN,Hydro,350,,,,
2011,CAN,Hydro,380,,,,
2012,CAN,Hydro,380,,,,
2013,CAN,Hydro,390,,,,
2014,CAN,Hydro,380,,,,
2015,CAN,Hydro,380,,,,
2016,CAN,Hydro,390,,,,
2017,CAN,Hydro,390,,,,
2018,CAN,Hydro,390,,,,
2019,CAN,Hydro,380,,,,
2020,CAN,Hydro,390,,,,
2021,CAN,Hydro,380,,,,
2022,CAN,Hydro,400,,,,
2023,CAN,Hydro,360,,,,
2024,CAN,Hydro,340,,,,
2025,CAN,Hydro,340,,,,
1985,CAN,Nuclear,61,,,,
1986,CAN,Nuclear,71,,,,
1987,CAN,Nuclear,77,,,,
1988,CAN,Nuclear,83,,,,
1989,CAN,Nuclear,79,,,,
1990,CAN,Nuclear,72,,,,
1991,CAN,Nuclear,84,,,,
1992,CAN,Nuclear,80,,,,
1993,CAN,Nuclear,93,,,,
1994,CAN,Nuclear,110,,,,
1995,CAN,Nuclear,97,,,,
1996,CAN,Nuclear,92,,,,
1997,CAN,Nuclear,82,,,,
1998,CAN,Nuclear,71,,,,
1999,CAN,Nuclear,73,,,,
2000,CAN,Nuclear,72,,,,
2001,CAN,Nuclear,76,,,,
2002,CAN,Nuclear,75,,,,
2003,CAN,Nuclear,74,,,,
2004,CAN,Nuclear,90,,,,
2005,CAN,Nuclear,91,,,,
2006,CAN,Nuclear,97,,,,
2007,CAN,Nuclear,93,,,,
2008,CAN,Nuclear,95,,,,
2009,CAN,Nuclear,89,,,,
2010,CAN,Nuclear,90,,,,
2011,CAN,Nuclear,93,,,,
2012,CAN,Nuclear,94,,,,
2013,CAN,Nuclear,100,,,,
2014,CAN,Nuclear,110,,,,
2015,CAN,Nuclear,100,,,,
2016,CAN,Nuclear,100,,,,
2017,CAN,Nuclear,100,,,,
2018,CAN,Nuclear,100,,,,
2019,CAN,Nuclear,100,,,,
2020,CAN,Nuclear,98,,,,
2021,CAN,Nuclear,92,,,,
2022,CAN,Nuclear,87,,,,
2023,CAN,Nuclear,88,,,,
2024,CAN,Nuclear,85,,,,
2025,CAN,Nuclear,85,,,,
1990,CAN,Solar,0,,,,
1991,CAN,Solar,0,,,,
1992,CAN,Solar,0,,,,
1993,CAN,Solar,0,,,,
1994,CAN,Solar,0,,,,
1995,CAN,Solar,0,,,,
1996,CAN,Solar,0.01,,,,
1997,CAN,Solar,0.01,,,,
1998,CAN,Solar,0.01,,,,
1999,CAN,Solar,0.01,,,,
2000,CAN,Solar,0.02,,,,
2001,CAN,Solar,0.02,,,,
2002,CAN,Solar,0.02,,,,
2003,CAN,Solar,0.02,,,,
2004,CAN,Solar,0.01,,,,
2005,CAN,Solar,0.02,,,,
2006,CAN,Solar,0.02,,,,
2007,CAN,Solar,0.03,,,,
2008,CAN,Solar,0.04,,,,
2009,CAN,Solar,0.11,,,,
2010,CAN,Solar,0.26,,,,
2011,CAN,Solar,0.57,,,,
2012,CAN,Solar,0.88,,,,
2013,CAN,Solar,1.5,,,,
2014,CAN,Solar,2.1,,,,
2015,CAN,Solar,2.9,,,,
2016,CAN,Solar,3,,,,
2017,CAN,Solar,3.3,,,,
2018,CAN,Solar,3.5,,,,
2019,CAN,Solar,3.8,,,,
2020,CAN,Solar,4.1,,,,
2021,CAN,Solar,5.1,,,,
2022,CAN,Solar,5.7,,,,
2023,CAN,Solar,8.4,,,,
2024,CAN,Solar,9.4,,,,
2025,CAN,Solar,10,,,,
1985,CAN,Total,370,,,,
1986,CAN,Total,380,,,,
1987,CAN,Total,400,,,,
1988,CAN,Total,390,,,,
1989,CAN,Total,370,,,,
1990,CAN,Total,370,,,,
1991,CAN,Total,400,,,,
1992,CAN,Total,400,,,,
1993,CAN,Total,420,,,,
1994,CAN,Total,440,,,,
1995,CAN,Total,440,,,,
1996,CAN,Total,450,,,,
1997,CAN,Total,440,,,,
1998,CAN,Total,410,,,,
1999,CAN,Total,430,,,,
2000,CAN,Total,440,,,,
2001,CAN,Total,420,,,,
2002,CAN,Total,430,,,,
2003,CAN,Total,420,,,,
2004,CAN,Total,440,,,,
2005,CAN,Total,460,,,,
2006,CAN,Total,460,,,,
2007,CAN,Total,470,,,,
2008,CAN,Total,480,,,,
2009,CAN,Total,470,,,,
2010,CAN,Total,460,,,,
2011,CAN,Total,490,,,,
2012,CAN,Total,500,,,,
2013,CAN,Total,520,,,,
2014,CAN,Total,510,,,,
2015,CAN,Total,520,,,,
2016,CAN,Total,530,,,,
2017,CAN,Total,540,,,,
2018,CAN,Total,530,,,,
2019,CAN,Total,530,,,,
2020,CAN,Total,530,,,,
2021,CAN,Total,530,,,,
2022,CAN,Total,540,,,,
2023,CAN,Total,510,,,,
2024,CAN,Total,490,,,,
2025,CAN,Total,500,,,,
1985,CAN,Wind,0,,,,
1986,CAN,Wind,0,,,,
1987,CAN,Wind,0,,,,
1988,CAN,Wind,0,,,,
1989,CAN,Wind,0,,,,
1990,CAN,Wind,0,,,,
1991,CAN,Wind,0,,,,
1992,CAN,Wind,0.06,,,,
1993,CAN,Wind,0.06,,,,
1994,CAN,Wind,0.06,,,,
1995,CAN,Wind,0.06,,,,
1996,CAN,Wind,0.06,,,,
1997,CAN,Wind,0.06,,,,
1998,CAN,Wind,0.06,,,,
1999,CAN,Wind,0.16,,,,
2000,CAN,Wind,0.26,,,,
2001,CAN,Wind,0.33,,,,
2002,CAN,Wind,0.41,,,,
2003,CAN,Wind,0.69,,,,
2004,CAN,Wind,0.94,,,,
2005,CAN,Wind,1.6,,,,
2006,CAN,Wind,2.5,,,,
2007,CAN,Wind,3,,,,
2008,CAN,Wind,3.8,,,,
2009,CAN,Wind,6.6,,,,
2010,CAN,Wind,8.7,,,,
2011,CAN,Wind,10,,,,
2012,CAN,Wind,11,,,,
2013,CAN,Wind,11,,,,
2014,CAN,Wind,13,,,,
2015,CAN,Wind,27,,,,
2016,CAN,Wind,31,,,,
2017,CAN,Wind,32,,,,
2018,CAN,Wind,33,,,,
2019,CAN,Wind,33,,,,
2020,CAN,Wind,36,,,,
2021,CAN,Wind,37,,,,
2022,CAN,Wind,39,,,,
2023,CAN,Wind,41,,,,
2024,CAN,Wind,47,,,,
2025,CAN,Wind,51,,,,
2000,CHE,Hydro,37,,,,
2001,CHE,Hydro,41,,,,
2002,CHE,Hydro,35,,,,
2003,CHE,Hydro,35,,,,
2004,CHE,Hydro,34,,,,
2005,CHE,Hydro,31,,,,
2006,CHE,Hydro,31,,,,
2007,CHE,Hydro,35,,,,
2008,CHE,Hydro,36,,,,
2009,CHE,Hydro,36,,,,
2010,CHE,Hydro,36,,,,
2011,CHE,Hydro,32,,,,
2012,CHE,Hydro,39,,,,
2013,CHE,Hydro,38,,,,
2014,CHE,Hydro,38,,,,
2015,CHE,Hydro,38,,,,
2016,CHE,Hydro,35,,,,
2017,CHE,Hydro,34,,,,
2018,CHE,Hydro,35,,,,
2019,CHE,Hydro,38,,,,
2020,CHE,Hydro,38,,,,
2021,CHE,Hydro,37,,,,
2022,CHE,Hydro,30,,,,
2023,CHE,Hydro,37,,,,
2024,CHE,Hydro,45,,,,
2025,CHE,Hydro,34,,,,
2000,CHE,Nuclear,26,,,,
2001,CHE,Nuclear,27,,,,
2002,CHE,Nuclear,27,,,,
2003,CHE,Nuclear,27,,,,
2004,CHE,Nuclear,27,,,,
2005,CHE,Nuclear,23,,,,
2006,CHE,Nuclear,28,,,,
2007,CHE,Nuclear,28,,,,
2008,CHE,Nuclear,28,,,,
2009,CHE,Nuclear,28,,,,
2010,CHE,Nuclear,26,,,,
2011,CHE,Nuclear,27,,,,
2012,CHE,Nuclear,25,,,,
2013,CHE,Nuclear,26,,,,
2014,CHE,Nuclear,28,,,,
2015,CHE,Nuclear,23,,,,
2016,CHE,Nuclear,21,,,,
2017,CHE,Nuclear,20,,,,
2018,CHE,Nuclear,26,,,,
2019,CHE,Nuclear,26,,,,
2020,CHE,Nuclear,24,,,,
2021,CHE,Nuclear,19,,,,
2022,CHE,Nuclear,24,,,,
2023,CHE,Nuclear,24,,,,
2024,CHE,Nuclear,24,,,,
2025,CHE,Nuclear,19,,,,
2000,CHE,Other renewables,0.63,,,,
2001,CHE,Other renewables,0.68,,,,
2002,CHE,Other renewables,0.71,,,,
2003,CHE,Other renewables,0.72,,,,
2004,CHE,Other renewables,0.76,,,,
2005,CHE,Other renewables,0.81,,,,
2006,CHE,Other renewables,0.91,,,,
2007,CHE,Other renewables,0.89,,,,
2008,CHE,Other renewables,0.91,,,,
2009,CHE,Other renewables,0.88,,,,
2010,CHE,Other renewables,0.92,,,,
2011,CHE,Other renewables,0.95,,,,
2012,CHE,Other renewables,1,,,,
2013,CHE,Other renewables,1,,,,
2014,CHE,Other renewables,1.1,,,,
2015,CHE,Other renewables,1.1,,,,
2016,CHE,Other renewables,1.2,,,,
2017,CHE,Other renewables,1.2,,,,
2018,CHE,Other renewables,1.2,,,,
2019,CHE,Other renewables,1.2,,,,
2020,CHE,Other renewables,1.2,,,,
2021,CHE,Other renewables,1.1,,,,
2022,CHE,Other renewables,1.1,,,,
2023,CHE,Other renewables,1,,,,
2024,CHE,Other renewables,1,,,,
2025,CHE,Other renewables,1,,,,
2000,CHE,Solar,0.01,,,,
2001,CHE,Solar,0.01,,,,
2002,CHE,Solar,0.01,,,,
2003,CHE,Solar,0.02,,,,
2004,CHE,Solar,0.02,,,,
2005,CHE,Solar,0.02,,,,
2006,CHE,Solar,0.02,,,,
2007,CHE,Solar,0.03,,,,
2008,CHE,Solar,0.04,,,,
2009,CHE,Solar,0.05,,,,
2010,CHE,Solar,0.09,,,,
2011,CHE,Solar,0.17,,,,
2012,CHE,Solar,0.3,,,,
2013,CHE,Solar,0.5,,,,
2014,CHE,Solar,0.84,,,,
2015,CHE,Solar,1.1,,,,
2016,CHE,Solar,1.3,,,,
2017,CHE,Solar,1.7,,,,
2018,CHE,Solar,2,,,,
2019,CHE,Solar,2.2,,,,
2020,CHE,Solar,2.6,,,,
2021,CHE,Solar,2.8,,,,
2022,CHE,Solar,3.9,,,,
2023,CHE,Solar,4.6,,,,
2024,CHE,Solar,5.7,,,,
2025,CHE,Solar,7.9,,,,
2000,CHE,Total,64,,,,
2001,CHE,Total,69,,,,
2002,CHE,Total,63,,,,
2003,CHE,Total,63,,,,
2004,CHE,Total,62,,,,
2005,CHE,Total,56,,,,
2006,CHE,Total,60,,,,
2007,CHE,Total,64,,,,
2008,CHE,Total,65,,,,
2009,CHE,Total,65,,,,
2010,CHE,Total,64,,,,
2011,CHE,Total,61,,,,
2012,CHE,Total,66,,,,
2013,CHE,Total,67,,,,
2014,CHE,Total,68,,,,
2015,CHE,Total,64,,,,
2016,CHE,Total,59,,,,
2017,CHE,Total,58,,,,
2018,CHE,Total,64,,,,
2019,CHE,Total,69,,,,
2020,CHE,Total,67,,,,
2021,CHE,Total,61,,,,
2022,CHE,Total,60,,,,
2023,CHE,Total,69,,,,
2024,CHE,Total,77,,,,
2025,CHE,Total,64,,,,
2000,CHE,Wind,0,,,,
2001,CHE,Wind,0,,,,
2002,CHE,Wind,0,,,,
2003,CHE,Wind,0,,,,
2004,CHE,Wind,0.01,,,,
2005,CHE,Wind,0.01,,,,
2006,CHE,Wind,0.01,,,,
2007,CHE,Wind,0.02,,,,
2008,CHE,Wind,0.02,,,,
2009,CHE,Wind,0.02,,,,
2010,CHE,Wind,0.04,,,,
2011,CHE,Wind,0.07,,,,
2012,CHE,Wind,0.09,,,,
2013,CHE,Wind,0.09,,,,
2014,CHE,Wind,0.1,,,,
2015,CHE,Wind,0.11,,,,
2016,CHE,Wind,0.11,,,,
2017,CHE,Wind,0.13,,,,
2018,CHE,Wind,0.12,,,,
2019,CHE,Wind,0.15,,,,
2020,CHE,Wind,0.15,,,,
2021,CHE,Wind,0.14,,,,
2022,CHE,Wind,0.15,,,,
2023,CHE,Wind,0.17,,,,
2024,CHE,Wind,0.18,,,,
2025,CHE,Wind,0.14,,,,
2000,CHL,Hydro,20,,,,
2001,CHL,Hydro,21,,,,
2002,CHL,Hydro,22,,,,
2003,CHL,Hydro,21,,,,
2004,CHL,Hydro,22,,,,
2005,CHL,Hydro,26,,,,
2006,CHL,Hydro,29,,,,
2007,CHL,Hydro,23,,,,
2008,CHL,Hydro,24,,,,
2009,CHL,Hydro,25,,,,
2010,CHL,Hydro,22,,,,
2011,CHL,Hydro,21,,,,
2012,CHL,Hydro,20,,,,
2013,CHL,Hydro,20,,,,
2014,CHL,Hydro,23,,,,
2015,CHL,Hydro,23,,,,
2016,CHL,Hydro,23,,,,
2017,CHL,Hydro,21,,,,
2018,CHL,Hydro,23,,,,
2019,CHL,Hydro,22,,,,
2020,CHL,Hydro,22,,,,
2021,CHL,Hydro,19,,,,
2022,CHL,Hydro,21,,,,
2023,CHL,Hydro,23,,,,
2024,CHL,Hydro,26,,,,
2025,CHL,Hydro,20,,,,
2000,CHL,Nuclear,0,,,,
2001,CHL,Nuclear,0,,,,
2002,CHL,Nuclear,0,,,,
2003,CHL,Nuclear,0,,,,
2004,CHL,Nuclear,0,,,,
2005,CHL,Nuclear,0,,,,
2006,CHL,Nuclear,0,,,,
2007,CHL,Nuclear,0,,,,
2008,CHL,Nuclear,0,,,,
2009,CHL,Nuclear,0,,,,
2010,CHL,Nuclear,0,,,,
2011,CHL,Nuclear,0,,,,
2012,CHL,Nuclear,0,,,,
2013,CHL,Nuclear,0,,,,
2014,CHL,Nuclear,0,,,,
2015,CHL,Nuclear,0,,,,
2016,CHL,Nuclear,0,,,,
2017,CHL,Nuclear,0,,,,
2018,CHL,Nuclear,0,,,,
2019,CHL,Nuclear,0,,,,
2020,CHL,Nuclear,0,,,,
2021,CHL,Nuclear,0,,,,
2022,CHL,Nuclear,0,,,,
2023,CHL,Nuclear,0,,,,
2024,CHL,Nuclear,0,,,,
2025,CHL,Nuclear,0,,,,
2000,CHL,Other renewables,0,,,,
2001,CHL,Other renewables,0,,,,
2002,CHL,Other renewables,0,,,,
2003,CHL,Other renewables,0,,,,
2004,CHL,Other renewables,0,,,,
2005,CHL,Other renewables,0,,,,
2006,CHL,Other renewables,0,,,,
2007,CHL,Other renewables,0,,,,
2008,CHL,Other renewables,0,,,,
2009,CHL,Other renewables,0,,,,
2010,CHL,Other renewables,0,,,,
2011,CHL,Other renewables,0,,,,
2012,CHL,Other renewables,0,,,,
2013,CHL,Other renewables,0,,,,
2014,CHL,Other renewables,0,,,,
2015,CHL,Other renewables,0,,,,
2016,CHL,Other renewables,0,,,,
2017,CHL,Other renewables,0.06,,,,
2018,CHL,Other renewables,0.21,,,,
2019,CHL,Other renewables,0.2,,,,
2020,CHL,Other renewables,0.24,,,,
2021,CHL,Other renewables,0.32,,,,
2022,CHL,Other renewables,0.46,,,,
2023,CHL,Other renewables,0.44,,,,
2024,CHL,Other renewables,0.45,,,,
2025,CHL,Other renewables,0.27,,,,
2000,CHL,Solar,0,,,,
2001,CHL,Solar,0,,,,
2002,CHL,Solar,0,,,,
2003,CHL,Solar,0,,,,
2004,CHL,Solar,0,,,,
2005,CHL,Solar,0,,,,
2006,CHL,Solar,0,,,,
2007,CHL,Solar,0,,,,
2008,CHL,Solar,0,,,,
2009,CHL,Solar,0,,,,
2010,CHL,Solar,0,,,,
2011,CHL,Solar,0,,,,
2012,CHL,Solar,0,,,,
2013,CHL,Solar,0.01,,,,
2014,CHL,Solar,0.48,,,,
2015,CHL,Solar,1.2,,,,
2016,CHL,Solar,2.6,,,,
2017,CHL,Solar,3.8,,,,
2018,CHL,Solar,5.1,,,,
2019,CHL,Solar,6.3,,,,
2020,CHL,Solar,7.5,,,,
2021,CHL,Solar,11,,,,
2022,CHL,Solar,16,,,,
2023,CHL,Solar,18,,,,
2024,CHL,Solar,20,,,,
2025,CHL,Solar,22,,,,
2000,CHL,Total,20,,,,
2001,CHL,Total,23,,,,
2002,CHL,Total,24,,,,
2003,CHL,Total,23,,,,
2004,CHL,Total,24,,,,
2005,CHL,Total,28,,,,
2006,CHL,Total,30,,,,
2007,CHL,Total,26,,,,
2008,CHL,Total,27,,,,
2009,CHL,Total,29,,,,
2010,CHL,Total,24,,,,
2011,CHL,Total,26,,,,
2012,CHL,Total,25,,,,
2013,CHL,Total,26,,,,
2014,CHL,Total,30,,,,
2015,CHL,Total,32,,,,
2016,CHL,Total,34,,,,
2017,CHL,Total,34,,,,
2018,CHL,Total,38,,,,
2019,CHL,Total,39,,,,
2020,CHL,Total,40,,,,
2021,CHL,Total,43,,,,
2022,CHL,Total,50,,,,
2023,CHL,Total,56,,,,
2024,CHL,Total,62,,,,
2025,CHL,Total,59,,,,
2000,CHL,Wind,0,,,,
2001,CHL,Wind,0.01,,,,
2002,CHL,Wind,0.01,,,,
2003,CHL,Wind,0.01,,,,
2004,CHL,Wind,0.01,,,,
2005,CHL,Wind,0.01,,,,
2006,CHL,Wind,0.01,,,,
2007,CHL,Wind,0.01,,,,
2008,CHL,Wind,0.04,,,,
2009,CHL,Wind,0.08,,,,
2010,CHL,Wind,0.33,,,,
2011,CHL,Wind,0.34,,,,
2012,CHL,Wind,0.41,,,,
2013,CHL,Wind,0.55,,,,
2014,CHL,Wind,1.4,,,,
2015,CHL,Wind,2.1,,,,
2016,CHL,Wind,2.5,,,,
2017,CHL,Wind,3.5,,,,
2018,CHL,Wind,3.6,,,,
2019,CHL,Wind,4.9,,,,
2020,CHL,Wind,5.6,,,,
2021,CHL,Wind,7.6,,,,
2022,CHL,Wind,8.9,,,,
2023,CHL,Wind,9.5,,,,
2024,CHL,Wind,10,,,,
2025,CHL,Wind,12,,,,
1985,CHN,Hydro,92,,,,
1986,CHN,Hydro,95,,,,
1987,CHN,Hydro,100,,,,
1988,CHN,Hydro,110,,,,
1989,CHN,Hydro,120,,,,
1990,CHN,Hydro,130,,,,
1991,CHN,Hydro,120,,,,
1992,CHN,Hydro,130,,,,
1993,CHN,Hydro,150,,,,
1994,CHN,Hydro,170,,,,
1995,CHN,Hydro,190,,,,
1996,CHN,Hydro,190,,,,
1997,CHN,Hydro,200,,,,
1998,CHN,Hydro,200,,,,
1999,CHN,Hydro,200,,,,
2000,CHN,Hydro,220,,,,
2001,CHN,Hydro,280,,,,
2002,CHN,Hydro,290,,,,
2003,CHN,Hydro,280,,,,
2004,CHN,Hydro,350,,,,
2005,CHN,Hydro,400,,,,
2006,CHN,Hydro,440,,,,
2007,CHN,Hydro,490,,,,
2008,CHN,Hydro,640,,,,
2009,CHN,Hydro,620,,,,
2010,CHN,Hydro,710,,,,
2011,CHN,Hydro,690,,,,
2012,CHN,Hydro,860,,,,
2013,CHN,Hydro,910,,,,
2014,CHN,Hydro,1100,,,,
2015,CHN,Hydro,1100,,,,
2016,CHN,Hydro,1200,,,,
2017,CHN,Hydro,1200,,,,
2018,CHN,Hydro,1200,,,,
2019,CHN,Hydro,1300,,,,
2020,CHN,Hydro,1300,,,,
2021,CHN,Hydro,1300,,,,
2022,CHN,Hydro,1300,,,,
2023,CHN,Hydro,1200,,,,
2024,CHN,Hydro,1400,,,,
2025,CHN,Hydro,1400,,,,
1985,CHN,Nuclear,0,,,,
1986,CHN,Nuclear,0,,,,
1987,CHN,Nuclear,0,,,,
1988,CHN,Nuclear,0,,,,
1989,CHN,Nuclear,0,,,,
1990,CHN,Nuclear,0,,,,
1991,CHN,Nuclear,0,,,,
1992,CHN,Nuclear,0,,,,
1993,CHN,Nuclear,1.6,,,,
1994,CHN,Nuclear,15,,,,
1995,CHN,Nuclear,13,,,,
1996,CHN,Nuclear,14,,,,
1997,CHN,Nuclear,14,,,,
1998,CHN,Nuclear,14,,,,
1999,CHN,Nuclear,15,,,,
2000,CHN,Nuclear,17,,,,
2001,CHN,Nuclear,17,,,,
2002,CHN,Nuclear,25,,,,
2003,CHN,Nuclear,43,,,,
2004,CHN,Nuclear,50,,,,
2005,CHN,Nuclear,53,,,,
2006,CHN,Nuclear,55,,,,
2007,CHN,Nuclear,62,,,,
2008,CHN,Nuclear,68,,,,
2009,CHN,Nuclear,70,,,,
2010,CHN,Nuclear,75,,,,
2011,CHN,Nuclear,87,,,,
2012,CHN,Nuclear,98,,,,
2013,CHN,Nuclear,110,,,,
2014,CHN,Nuclear,130,,,,
2015,CHN,Nuclear,170,,,,
2016,CHN,Nuclear,210,,,,
2017,CHN,Nuclear,250,,,,
2018,CHN,Nuclear,300,,,,
2019,CHN,Nuclear,350,,,,
2020,CHN,Nuclear,370,,,,
2021,CHN,Nuclear,410,,,,
2022,CHN,Nuclear,420,,,,
2023,CHN,Nuclear,430,,,,
2024,CHN,Nuclear,450,,,,
2025,CHN,Nuclear,490,,,,
1985,CHN,Solar,0,,,,
1986,CHN,Solar,0,,,,
1987,CHN,Solar,0,,,,
1988,CHN,Solar,0,,,,
1989,CHN,Solar,0,,,,
1990,CHN,Solar,0,,,,
1991,CHN,Solar,0,,,,
1992,CHN,Solar,0,,,,
1993,CHN,Solar,0,,,,
1994,CHN,Solar,0,,,,
1995,CHN,Solar,0.01,,,,
1996,CHN,Solar,0.01,,,,
1997,CHN,Solar,0.01,,,,
1998,CHN,Solar,0.01,,,,
1999,CHN,Solar,0.02,,,,
2000,CHN,Solar,0.02,,,,
2001,CHN,Solar,0.03,,,,
2002,CHN,Solar,0.05,,,,
2003,CHN,Solar,0.06,,,,
2004,CHN,Solar,0.08,,,,
2005,CHN,Solar,0.08,,,,
2006,CHN,Solar,0.09,,,,
2007,CHN,Solar,0.11,,,,
2008,CHN,Solar,0.15,,,,
2009,CHN,Solar,0.28,,,,
2010,CHN,Solar,0.7,,,,
2011,CHN,Solar,2.6,,,,
2012,CHN,Solar,3.6,,,,
2013,CHN,Solar,8.4,,,,
2014,CHN,Solar,24,,,,
2015,CHN,Solar,39,,,,
2016,CHN,Solar,67,,,,
2017,CHN,Solar,120,,,,
2018,CHN,Solar,180,,,,
2019,CHN,Solar,220,,,,
2020,CHN,Solar,260,,,,
2021,CHN,Solar,330,,,,
2022,CHN,Solar,430,,,,
2023,CHN,Solar,580,,,,
2024,CHN,Solar,840,,,,
2025,CHN,Solar,1200,,,,
1985,CHN,Total,92,,,,
1986,CHN,Total,95,,,,
1987,CHN,Total,100,,,,
1988,CHN,Total,110,,,,
1989,CHN,Total,120,,,,
1990,CHN,Total,130,,,,
1991,CHN,Total,120,,,,
1992,CHN,Total,130,,,,
1993,CHN,Total,150,,,,
1994,CHN,Total,180,,,,
1995,CHN,Total,210,,,,
1996,CHN,Total,200,,,,
1997,CHN,Total,210,,,,
1998,CHN,Total,220,,,,
1999,CHN,Total,210,,,,
2000,CHN,Total,240,,,,
2001,CHN,Total,300,,,,
2002,CHN,Total,320,,,,
2003,CHN,Total,330,,,,
2004,CHN,Total,410,,,,
2005,CHN,Total,460,,,,
2006,CHN,Total,500,,,,
2007,CHN,Total,560,,,,
2008,CHN,Total,730,,,,
2009,CHN,Total,730,,,,
2010,CHN,Total,860,,,,
2011,CHN,Total,880,,,,
2012,CHN,Total,1100,,,,
2013,CHN,Total,1200,,,,
2014,CHN,Total,1400,,,,
2015,CHN,Total,1600,,,,
2016,CHN,Total,1700,,,,
2017,CHN,Total,1900,,,,
2018,CHN,Total,2100,,,,
2019,CHN,Total,2400,,,,
2020,CHN,Total,2600,,,,
2021,CHN,Total,2900,,,,
2022,CHN,Total,3100,,,,
2023,CHN,Total,3300,,,,
2024,CHN,Total,3800,,,,
2025,CHN,Total,4400,,,,
1985,CHN,Wind,0,,,,
1986,CHN,Wind,0,,,,
1987,CHN,Wind,0,,,,
1988,CHN,Wind,0,,,,
1989,CHN,Wind,0,,,,
1990,CHN,Wind,0,,,,
1991,CHN,Wind,0.01,,,,
1992,CHN,Wind,0.13,,,,
1993,CHN,Wind,0.21,,,,
1994,CHN,Wind,0.38,,,,
1995,CHN,Wind,0.62,,,,
1996,CHN,Wind,0.09,,,,
1997,CHN,Wind,0.2,,,,
1998,CHN,Wind,0.36,,,,
1999,CHN,Wind,0.47,,,,
2000,CHN,Wind,0.59,,,,
2001,CHN,Wind,0.72,,,,
2002,CHN,Wind,0.84,,,,
2003,CHN,Wind,1,,,,
2004,CHN,Wind,1.3,,,,
2005,CHN,Wind,2,,,,
2006,CHN,Wind,3.7,,,,
2007,CHN,Wind,5.5,,,,
2008,CHN,Wind,13,,,,
2009,CHN,Wind,28,,,,
2010,CHN,Wind,49,,,,
2011,CHN,Wind,74,,,,
2012,CHN,Wind,100,,,,
2013,CHN,Wind,140,,,,
2014,CHN,Wind,160,,,,
2015,CHN,Wind,190,,,,
2016,CHN,Wind,240,,,,
2017,CHN,Wind,300,,,,
2018,CHN,Wind,370,,,,
2019,CHN,Wind,410,,,,
2020,CHN,Wind,470,,,,
2021,CHN,Wind,660,,,,
2022,CHN,Wind,760,,,,
2023,CHN,Wind,890,,,,
2024,CHN,Wind,1000,,,,
2025,CHN,Wind,1100,,,,
2000,CIV,Hydro,1.8,,,,
2001,CIV,Hydro,1.8,,,,
2002,CIV,Hydro,1.7,,,,
2003,CIV,Hydro,1.8,,,,
2004,CIV,Hydro,1.7,,,,
2005,CIV,Hydro,1.4,,,,
2006,CIV,Hydro,1.5,,,,
2007,CIV,Hydro,1.8,,,,
2008,CIV,Hydro,1.9,,,,
2009,CIV,Hydro,2.1,,,,
2010,CIV,Hydro,1.6,,,,
2011,CIV,Hydro,1.8,,,,
2012,CIV,Hydro,1.8,,,,
2013,CIV,Hydro,1.6,,,,
2014,CIV,Hydro,1.9,,,,
2015,CIV,Hydro,1.3,,,,
2016,CIV,Hydro,1.5,,,,
2017,CIV,Hydro,2,,,,
2018,CIV,Hydro,2.9,,,,
2019,CIV,Hydro,3.5,,,,
2020,CIV,Hydro,3.4,,,,
2021,CIV,Hydro,2.6,,,,
2022,CIV,Hydro,3.4,,,,
2023,CIV,Hydro,3.2,,,,
2024,CIV,Hydro,3,,,,
2000,CIV,Nuclear,0,,,,
2001,CIV,Nuclear,0,,,,
2002,CIV,Nuclear,0,,,,
2003,CIV,Nuclear,0,,,,
2004,CIV,Nuclear,0,,,,
2005,CIV,Nuclear,0,,,,
2006,CIV,Nuclear,0,,,,
2007,CIV,Nuclear,0,,,,
2008,CIV,Nuclear,0,,,,
2009,CIV,Nuclear,0,,,,
2010,CIV,Nuclear,0,,,,
2011,CIV,Nuclear,0,,,,
2012,CIV,Nuclear,0,,,,
2013,CIV,Nuclear,0,,,,
2014,CIV,Nuclear,0,,,,
2015,CIV,Nuclear,0,,,,
2016,CIV,Nuclear,0,,,,
2017,CIV,Nuclear,0,,,,
2018,CIV,Nuclear,0,,,,
2019,CIV,Nuclear,0,,,,
2020,CIV,Nuclear,0,,,,
2021,CIV,Nuclear,0,,,,
2022,CIV,Nuclear,0,,,,
2023,CIV,Nuclear,0,,,,
2024,CIV,Nuclear,0,,,,
2000,CIV,Other renewables,0,,,,
2001,CIV,Other renewables,0,,,,
2002,CIV,Other renewables,0,,,,
2003,CIV,Other renewables,0,,,,
2004,CIV,Other renewables,0,,,,
2005,CIV,Other renewables,0,,,,
2006,CIV,Other renewables,0,,,,
2007,CIV,Other renewables,0,,,,
2008,CIV,Other renewables,0,,,,
2009,CIV,Other renewables,0,,,,
2010,CIV,Other renewables,0,,,,
2011,CIV,Other renewables,0,,,,
2012,CIV,Other renewables,0,,,,
2013,CIV,Other renewables,0,,,,
2014,CIV,Other renewables,0,,,,
2015,CIV,Other renewables,0,,,,
2016,CIV,Other renewables,0,,,,
2017,CIV,Other renewables,0,,,,
2018,CIV,Other renewables,0,,,,
2019,CIV,Other renewables,0,,,,
2020,CIV,Other renewables,0,,,,
2021,CIV,Other renewables,0,,,,
2022,CIV,Other renewables,0,,,,
2023,CIV,Other renewables,0,,,,
2024,CIV,Other renewables,0,,,,
2000,CIV,Solar,0,,,,
2001,CIV,Solar,0,,,,
2002,CIV,Solar,0,,,,
2003,CIV,Solar,0,,,,
2004,CIV,Solar,0,,,,
2005,CIV,Solar,0,,,,
2006,CIV,Solar,0,,,,
2007,CIV,Solar,0,,,,
2008,CIV,Solar,0,,,,
2009,CIV,Solar,0,,,,
2010,CIV,Solar,0,,,,
2011,CIV,Solar,0,,,,
2012,CIV,Solar,0,,,,
2013,CIV,Solar,0,,,,
2014,CIV,Solar,0,,,,
2015,CIV,Solar,0,,,,
2016,CIV,Solar,0,,,,
2017,CIV,Solar,0.01,,,,
2018,CIV,Solar,0.01,,,,
2019,CIV,Solar,0.01,,,,
2020,CIV,Solar,0.02,,,,
2021,CIV,Solar,0.02,,,,
2022,CIV,Solar,0.02,,,,
2023,CIV,Solar,0.02,,,,
2024,CIV,Solar,0.02,,,,
2000,CIV,Total,1.8,,,,
2001,CIV,Total,1.8,,,,
2002,CIV,Total,1.7,,,,
2003,CIV,Total,1.8,,,,
2004,CIV,Total,1.8,,,,
2005,CIV,Total,1.5,,,,
2006,CIV,Total,1.6,,,,
2007,CIV,Total,1.9,,,,
2008,CIV,Total,2,,,,
2009,CIV,Total,2.2,,,,
2010,CIV,Total,1.7,,,,
2011,CIV,Total,1.8,,,,
2012,CIV,Total,1.8,,,,
2013,CIV,Total,1.7,,,,
2014,CIV,Total,2,,,,
2015,CIV,Total,1.4,,,,
2016,CIV,Total,1.7,,,,
2017,CIV,Total,2.2,,,,
2018,CIV,Total,3,,,,
2019,CIV,Total,3.5,,,,
2020,CIV,Total,3.4,,,,
2021,CIV,Total,2.7,,,,
2022,CIV,Total,3.5,,,,
2023,CIV,Total,3.3,,,,
2024,CIV,Total,3.1,,,,
2000,CIV,Wind,0,,,,
2001,CIV,Wind,0,,,,
2002,CIV,Wind,0,,,,
2003,CIV,Wind,0,,,,
2004,CIV,Wind,0,,,,
2005,CIV,Wind,0,,,,
2006,CIV,Wind,0,,,,
2007,CIV,Wind,0,,,,
2008,CIV,Wind,0,,,,
2009,CIV,Wind,0,,,,
2010,CIV,Wind,0,,,,
2011,CIV,Wind,0,,,,
2012,CIV,Wind,0,,,,
2013,CIV,Wind,0,,,,
2014,CIV,Wind,0,,,,
2015,CIV,Wind,0,,,,
2016,CIV,Wind,0,,,,
2017,CIV,Wind,0,,,,
2018,CIV,Wind,0,,,,
2019,CIV,Wind,0,,,,
2020,CIV,Wind,0,,,,
2021,CIV,Wind,0,,,,
2022,CIV,Wind,0,,,,
2023,CIV,Wind,0,,,,
2024,CIV,Wind,0,,,,
2000,CMR,Hydro,3.4,,,,
2001,CMR,Hydro,3.4,,,,
2002,CMR,Hydro,3.2,,,,
2003,CMR,Hydro,3.5,,,,
2004,CMR,Hydro,3.9,,,,
2005,CMR,Hydro,3.7,,,,
2006,CMR,Hydro,3.9,,,,
2007,CMR,Hydro,3.8,,,,
2008,CMR,Hydro,4.2,,,,
2009,CMR,Hydro,4,,,,
2010,CMR,Hydro,4.2,,,,
2011,CMR,Hydro,4.4,,,,
2012,CMR,Hydro,4.2,,,,
2013,CMR,Hydro,4.3,,,,
2014,CMR,Hydro,4.3,,,,
2015,CMR,Hydro,4.3,,,,
2016,CMR,Hydro,4.3,,,,
2017,CMR,Hydro,5,,,,
2018,CMR,Hydro,5,,,,
2019,CMR,Hydro,5,,,,
2020,CMR,Hydro,5.2,,,,
2021,CMR,Hydro,5.2,,,,
2022,CMR,Hydro,5.2,,,,
2023,CMR,Hydro,5.2,,,,
2024,CMR,Hydro,5.2,,,,
2000,CMR,Nuclear,0,,,,
2001,CMR,Nuclear,0,,,,
2002,CMR,Nuclear,0,,,,
2003,CMR,Nuclear,0,,,,
2004,CMR,Nuclear,0,,,,
2005,CMR,Nuclear,0,,,,
2006,CMR,Nuclear,0,,,,
2007,CMR,Nuclear,0,,,,
2008,CMR,Nuclear,0,,,,
2009,CMR,Nuclear,0,,,,
2010,CMR,Nuclear,0,,,,
2011,CMR,Nuclear,0,,,,
2012,CMR,Nuclear,0,,,,
2013,CMR,Nuclear,0,,,,
2014,CMR,Nuclear,0,,,,
2015,CMR,Nuclear,0,,,,
2016,CMR,Nuclear,0,,,,
2017,CMR,Nuclear,0,,,,
2018,CMR,Nuclear,0,,,,
2019,CMR,Nuclear,0,,,,
2020,CMR,Nuclear,0,,,,
2021,CMR,Nuclear,0,,,,
2022,CMR,Nuclear,0,,,,
2023,CMR,Nuclear,0,,,,
2024,CMR,Nuclear,0,,,,
2000,CMR,Other renewables,0,,,,
2001,CMR,Other renewables,0,,,,
2002,CMR,Other renewables,0,,,,
2003,CMR,Other renewables,0,,,,
2004,CMR,Other renewables,0,,,,
2005,CMR,Other renewables,0,,,,
2006,CMR,Other renewables,0,,,,
2007,CMR,Other renewables,0,,,,
2008,CMR,Other renewables,0,,,,
2009,CMR,Other renewables,0,,,,
2010,CMR,Other renewables,0,,,,
2011,CMR,Other renewables,0,,,,
2012,CMR,Other renewables,0,,,,
2013,CMR,Other renewables,0,,,,
2014,CMR,Other renewables,0,,,,
2015,CMR,Other renewables,0,,,,
2016,CMR,Other renewables,0,,,,
2017,CMR,Other renewables,0,,,,
2018,CMR,Other renewables,0,,,,
2019,CMR,Other renewables,0,,,,
2020,CMR,Other renewables,0,,,,
2021,CMR,Other renewables,0,,,,
2022,CMR,Other renewables,0,,,,
2023,CMR,Other renewables,0,,,,
2024,CMR,Other renewables,0,,,,
2000,CMR,Solar,0,,,,
2001,CMR,Solar,0,,,,
2002,CMR,Solar,0,,,,
2003,CMR,Solar,0,,,,
2004,CMR,Solar,0,,,,
2005,CMR,Solar,0,,,,
2006,CMR,Solar,0,,,,
2007,CMR,Solar,0,,,,
2008,CMR,Solar,0,,,,
2009,CMR,Solar,0,,,,
2010,CMR,Solar,0,,,,
2011,CMR,Solar,0,,,,
2012,CMR,Solar,0,,,,
2013,CMR,Solar,0,,,,
2014,CMR,Solar,0.01,,,,
2015,CMR,Solar,0.01,,,,
2016,CMR,Solar,0.01,,,,
2017,CMR,Solar,0.02,,,,
2018,CMR,Solar,0.02,,,,
2019,CMR,Solar,0.02,,,,
2020,CMR,Solar,0.02,,,,
2021,CMR,Solar,0.02,,,,
2022,CMR,Solar,0.02,,,,
2023,CMR,Solar,0.02,,,,
2024,CMR,Solar,0.04,,,,
2000,CMR,Total,3.4,,,,
2001,CMR,Total,3.4,,,,
2002,CMR,Total,3.2,,,,
2003,CMR,Total,3.5,,,,
2004,CMR,Total,3.9,,,,
2005,CMR,Total,3.7,,,,
2006,CMR,Total,4.5,,,,
2007,CMR,Total,3.9,,,,
2008,CMR,Total,4.3,,,,
2009,CMR,Total,4.1,,,,
2010,CMR,Total,4.3,,,,
2011,CMR,Total,4.4,,,,
2012,CMR,Total,4.3,,,,
2013,CMR,Total,4.4,,,,
2014,CMR,Total,4.4,,,,
2015,CMR,Total,4.4,,,,
2016,CMR,Total,4.4,,,,
2017,CMR,Total,5.1,,,,
2018,CMR,Total,5,,,,
2019,CMR,Total,5.1,,,,
2020,CMR,Total,5.3,,,,
2021,CMR,Total,5.3,,,,
2022,CMR,Total,5.3,,,,
2023,CMR,Total,5.3,,,,
2024,CMR,Total,5.3,,,,
2000,CMR,Wind,0,,,,
2001,CMR,Wind,0,,,,
2002,CMR,Wind,0,,,,
2003,CMR,Wind,0,,,,
2004,CMR,Wind,0,,,,
2005,CMR,Wind,0,,,,
2006,CMR,Wind,0,,,,
2007,CMR,Wind,0,,,,
2008,CMR,Wind,0,,,,
2009,CMR,Wind,0,,,,
2010,CMR,Wind,0,,,,
2011,CMR,Wind,0,,,,
2012,CMR,Wind,0,,,,
2013,CMR,Wind,0,,,,
2014,CMR,Wind,0,,,,
2015,CMR,Wind,0,,,,
2016,CMR,Wind,0,,,,
2017,CMR,Wind,0,,,,
2018,CMR,Wind,0,,,,
2019,CMR,Wind,0,,,,
2020,CMR,Wind,0,,,,
2021,CMR,Wind,0,,,,
2022,CMR,Wind,0,,,,
2023,CMR,Wind,0,,,,
2024,CMR,Wind,0,,,,
2000,COD,Hydro,5.9,,,,
2001,COD,Hydro,5.9,,,,
2002,COD,Hydro,6.1,,,,
2003,COD,Hydro,6.1,,,,
2004,COD,Hydro,7,,,,
2005,COD,Hydro,7.3,,,,
2006,COD,Hydro,7.5,,,,
2007,COD,Hydro,7.7,,,,
2008,COD,Hydro,7.4,,,,
2009,COD,Hydro,7.7,,,,
2010,COD,Hydro,7.7,,,,
2011,COD,Hydro,7.7,,,,
2012,COD,Hydro,7.5,,,,
2013,COD,Hydro,8.2,,,,
2014,COD,Hydro,8.7,,,,
2015,COD,Hydro,8.8,,,,
2016,COD,Hydro,9,,,,
2017,COD,Hydro,9.4,,,,
2018,COD,Hydro,10,,,,
2019,COD,Hydro,12,,,,
2020,COD,Hydro,12,,,,
2021,COD,Hydro,13,,,,
2022,COD,Hydro,13,,,,
2023,COD,Hydro,13,,,,
2024,COD,Hydro,13,,,,
2000,COD,Nuclear,0,,,,
2001,COD,Nuclear,0,,,,
2002,COD,Nuclear,0,,,,
2003,COD,Nuclear,0,,,,
2004,COD,Nuclear,0,,,,
2005,COD,Nuclear,0,,,,
2006,COD,Nuclear,0,,,,
2007,COD,Nuclear,0,,,,
2008,COD,Nuclear,0,,,,
2009,COD,Nuclear,0,,,,
2010,COD,Nuclear,0,,,,
2011,COD,Nuclear,0,,,,
2012,COD,Nuclear,0,,,,
2013,COD,Nuclear,0,,,,
2014,COD,Nuclear,0,,,,
2015,COD,Nuclear,0,,,,
2016,COD,Nuclear,0,,,,
2017,COD,Nuclear,0,,,,
2018,COD,Nuclear,0,,,,
2019,COD,Nuclear,0,,,,
2020,COD,Nuclear,0,,,,
2021,COD,Nuclear,0,,,,
2022,COD,Nuclear,0,,,,
2023,COD,Nuclear,0,,,,
2024,COD,Nuclear,0,,,,
2000,COD,Other renewables,0,,,,
2001,COD,Other renewables,0,,,,
2002,COD,Other renewables,0,,,,
2003,COD,Other renewables,0,,,,
2004,COD,Other renewables,0,,,,
2005,COD,Other renewables,0,,,,
2006,COD,Other renewables,0,,,,
2007,COD,Other renewables,0,,,,
2008,COD,Other renewables,0,,,,
2009,COD,Other renewables,0,,,,
2010,COD,Other renewables,0,,,,
2011,COD,Other renewables,0,,,,
2012,COD,Other renewables,0,,,,
2013,COD,Other renewables,0,,,,
2014,COD,Other renewables,0,,,,
2015,COD,Other renewables,0,,,,
2016,COD,Other renewables,0,,,,
2017,COD,Other renewables,0,,,,
2018,COD,Other renewables,0,,,,
2019,COD,Other renewables,0,,,,
2020,COD,Other renewables,0,,,,
2021,COD,Other renewables,0,,,,
2022,COD,Other renewables,0,,,,
2023,COD,Other renewables,0,,,,
2024,COD,Other renewables,0,,,,
2000,COD,Solar,0,,,,
2001,COD,Solar,0,,,,
2002,COD,Solar,0,,,,
2003,COD,Solar,0,,,,
2004,COD,Solar,0,,,,
2005,COD,Solar,0,,,,
2006,COD,Solar,0,,,,
2007,COD,Solar,0,,,,
2008,COD,Solar,0,,,,
2009,COD,Solar,0,,,,
2010,COD,Solar,0,,,,
2011,COD,Solar,0,,,,
2012,COD,Solar,0,,,,
2013,COD,Solar,0,,,,
2014,COD,Solar,0,,,,
2015,COD,Solar,0,,,,
2016,COD,Solar,0,,,,
2017,COD,Solar,0.01,,,,
2018,COD,Solar,0.01,,,,
2019,COD,Solar,0.01,,,,
2020,COD,Solar,0.02,,,,
2021,COD,Solar,1.1,,,,
2022,COD,Solar,2.1,,,,
2023,COD,Solar,2.2,,,,
2024,COD,Solar,2.5,,,,
2000,COD,Total,5.9,,,,
2001,COD,Total,5.9,,,,
2002,COD,Total,6.1,,,,
2003,COD,Total,6.1,,,,
2004,COD,Total,7,,,,
2005,COD,Total,7.3,,,,
2006,COD,Total,7.5,,,,
2007,COD,Total,7.7,,,,
2008,COD,Total,7.4,,,,
2009,COD,Total,7.7,,,,
2010,COD,Total,7.7,,,,
2011,COD,Total,7.7,,,,
2012,COD,Total,7.5,,,,
2013,COD,Total,8.2,,,,
2014,COD,Total,8.7,,,,
2015,COD,Total,8.8,,,,
2016,COD,Total,9,,,,
2017,COD,Total,9.4,,,,
2018,COD,Total,10,,,,
2019,COD,Total,12,,,,
2020,COD,Total,12,,,,
2021,COD,Total,14,,,,
2022,COD,Total,15,,,,
2023,COD,Total,16,,,,
2024,COD,Total,16,,,,
2000,COD,Wind,0,,,,
2001,COD,Wind,0,,,,
2002,COD,Wind,0,,,,
2003,COD,Wind,0,,,,
2004,COD,Wind,0,,,,
2005,COD,Wind,0,,,,
2006,COD,Wind,0,,,,
2007,COD,Wind,0,,,,
2008,COD,Wind,0,,,,
2009,COD,Wind,0,,,,
2010,COD,Wind,0,,,,
2011,COD,Wind,0,,,,
2012,COD,Wind,0,,,,
2013,COD,Wind,0,,,,
2014,COD,Wind,0,,,,
2015,COD,Wind,0,,,,
2016,COD,Wind,0,,,,
2017,COD,Wind,0,,,,
2018,COD,Wind,0,,,,
2019,COD,Wind,0,,,,
2020,COD,Wind,0,,,,
2021,COD,Wind,0,,,,
2022,COD,Wind,0,,,,
2023,COD,Wind,0,,,,
2024,COD,Wind,0,,,,
2000,COG,Hydro,0.29,,,,
2001,COG,Hydro,0.33,,,,
2002,COG,Hydro,0.39,,,,
2003,COG,Hydro,0.34,,,,
2004,COG,Hydro,0.33,,,,
2005,COG,Hydro,0.35,,,,
2006,COG,Hydro,0.37,,,,
2007,COG,Hydro,0.33,,,,
2008,COG,Hydro,0.37,,,,
2009,COG,Hydro,0.33,,,,
2010,COG,Hydro,0.43,,,,
2011,COG,Hydro,0.78,,,,
2012,COG,Hydro,0.98,,,,
2013,COG,Hydro,0.96,,,,
2014,COG,Hydro,0.94,,,,
2015,COG,Hydro,1.1,,,,
2016,COG,Hydro,1.1,,,,
2017,COG,Hydro,1.2,,,,
2018,COG,Hydro,1.1,,,,
2019,COG,Hydro,1.1,,,,
2020,COG,Hydro,1.1,,,,
2021,COG,Hydro,1.1,,,,
2022,COG,Hydro,1.1,,,,
2023,COG,Hydro,1.2,,,,
2024,COG,Hydro,1.1,,,,
2000,COG,Nuclear,0,,,,
2001,COG,Nuclear,0,,,,
2002,COG,Nuclear,0,,,,
2003,COG,Nuclear,0,,,,
2004,COG,Nuclear,0,,,,
2005,COG,Nuclear,0,,,,
2006,COG,Nuclear,0,,,,
2007,COG,Nuclear,0,,,,
2008,COG,Nuclear,0,,,,
2009,COG,Nuclear,0,,,,
2010,COG,Nuclear,0,,,,
2011,COG,Nuclear,0,,,,
2012,COG,Nuclear,0,,,,
2013,COG,Nuclear,0,,,,
2014,COG,Nuclear,0,,,,
2015,COG,Nuclear,0,,,,
2016,COG,Nuclear,0,,,,
2017,COG,Nuclear,0,,,,
2018,COG,Nuclear,0,,,,
2019,COG,Nuclear,0,,,,
2020,COG,Nuclear,0,,,,
2021,COG,Nuclear,0,,,,
2022,COG,Nuclear,0,,,,
2023,COG,Nuclear,0,,,,
2024,COG,Nuclear,0,,,,
2000,COG,Other renewables,0,,,,
2001,COG,Other renewables,0,,,,
2002,COG,Other renewables,0,,,,
2003,COG,Other renewables,0,,,,
2004,COG,Other renewables,0,,,,
2005,COG,Other renewables,0,,,,
2006,COG,Other renewables,0,,,,
2007,COG,Other renewables,0,,,,
2008,COG,Other renewables,0,,,,
2009,COG,Other renewables,0,,,,
2010,COG,Other renewables,0,,,,
2011,COG,Other renewables,0,,,,
2012,COG,Other renewables,0,,,,
2013,COG,Other renewables,0,,,,
2014,COG,Other renewables,0,,,,
2015,COG,Other renewables,0,,,,
2016,COG,Other renewables,0,,,,
2017,COG,Other renewables,0,,,,
2018,COG,Other renewables,0,,,,
2019,COG,Other renewables,0,,,,
2020,COG,Other renewables,0,,,,
2021,COG,Other renewables,0,,,,
2022,COG,Other renewables,0,,,,
2023,COG,Other renewables,0,,,,
2024,COG,Other renewables,0,,,,
2000,COG,Solar,0,,,,
2001,COG,Solar,0,,,,
2002,COG,Solar,0,,,,
2003,COG,Solar,0,,,,
2004,COG,Solar,0,,,,
2005,COG,Solar,0,,,,
2006,COG,Solar,0,,,,
2007,COG,Solar,0,,,,
2008,COG,Solar,0,,,,
2009,COG,Solar,0,,,,
2010,COG,Solar,0,,,,
2011,COG,Solar,0,,,,
2012,COG,Solar,0,,,,
2013,COG,Solar,0,,,,
2014,COG,Solar,0,,,,
2015,COG,Solar,0,,,,
2016,COG,Solar,0,,,,
2017,COG,Solar,0,,,,
2018,COG,Solar,0,,,,
2019,COG,Solar,0,,,,
2020,COG,Solar,0,,,,
2021,COG,Solar,0,,,,
2022,COG,Solar,0,,,,
2023,COG,Solar,0.01,,,,
2024,COG,Solar,0.01,,,,
2000,COG,Total,0.29,,,,
2001,COG,Total,0.33,,,,
2002,COG,Total,0.39,,,,
2003,COG,Total,0.34,,,,
2004,COG,Total,0.33,,,,
2005,COG,Total,0.35,,,,
2006,COG,Total,0.37,,,,
2007,COG,Total,0.33,,,,
2008,COG,Total,0.37,,,,
2009,COG,Total,0.33,,,,
2010,COG,Total,0.46,,,,
2011,COG,Total,0.81,,,,
2012,COG,Total,1,,,,
2013,COG,Total,0.99,,,,
2014,COG,Total,0.97,,,,
2015,COG,Total,1.1,,,,
2016,COG,Total,1.2,,,,
2017,COG,Total,1.2,,,,
2018,COG,Total,1.1,,,,
2019,COG,Total,1.1,,,,
2020,COG,Total,1.1,,,,
2021,COG,Total,1.1,,,,
2022,COG,Total,1.1,,,,
2023,COG,Total,1.3,,,,
2024,COG,Total,1.1,,,,
2000,COG,Wind,0,,,,
2001,COG,Wind,0,,,,
2002,COG,Wind,0,,,,
2003,COG,Wind,0,,,,
2004,COG,Wind,0,,,,
2005,COG,Wind,0,,,,
2006,COG,Wind,0,,,,
2007,COG,Wind,0,,,,
2008,COG,Wind,0,,,,
2009,COG,Wind,0,,,,
2010,COG,Wind,0,,,,
2011,COG,Wind,0,,,,
2012,COG,Wind,0,,,,
2013,COG,Wind,0,,,,
2014,COG,Wind,0,,,,
2015,COG,Wind,0,,,,
2016,COG,Wind,0,,,,
2017,COG,Wind,0,,,,
2018,COG,Wind,0,,,,
2019,COG,Wind,0,,,,
2020,COG,Wind,0,,,,
2021,COG,Wind,0,,,,
2022,COG,Wind,0,,,,
2023,COG,Wind,0,,,,
2024,COG,Wind,0,,,,
2000,COK,Hydro,0,,,,
2001,COK,Hydro,0,,,,
2002,COK,Hydro,0,,,,
2003,COK,Hydro,0,,,,
2004,COK,Hydro,0,,,,
2005,COK,Hydro,0,,,,
2006,COK,Hydro,0,,,,
2007,COK,Hydro,0,,,,
2008,COK,Hydro,0,,,,
2009,COK,Hydro,0,,,,
2010,COK,Hydro,0,,,,
2011,COK,Hydro,0,,,,
2012,COK,Hydro,0,,,,
2013,COK,Hydro,0,,,,
2014,COK,Hydro,0,,,,
2015,COK,Hydro,0,,,,
2016,COK,Hydro,0,,,,
2017,COK,Hydro,0,,,,
2018,COK,Hydro,0,,,,
2019,COK,Hydro,0,,,,
2020,COK,Hydro,0,,,,
2021,COK,Hydro,0,,,,
2022,COK,Hydro,0,,,,
2023,COK,Hydro,0,,,,
2024,COK,Hydro,0,,,,
2000,COK,Nuclear,0,,,,
2001,COK,Nuclear,0,,,,
2002,COK,Nuclear,0,,,,
2003,COK,Nuclear,0,,,,
2004,COK,Nuclear,0,,,,
2005,COK,Nuclear,0,,,,
2006,COK,Nuclear,0,,,,
2007,COK,Nuclear,0,,,,
2008,COK,Nuclear,0,,,,
2009,COK,Nuclear,0,,,,
2010,COK,Nuclear,0,,,,
2011,COK,Nuclear,0,,,,
2012,COK,Nuclear,0,,,,
2013,COK,Nuclear,0,,,,
2014,COK,Nuclear,0,,,,
2015,COK,Nuclear,0,,,,
2016,COK,Nuclear,0,,,,
2017,COK,Nuclear,0,,,,
2018,COK,Nuclear,0,,,,
2019,COK,Nuclear,0,,,,
2020,COK,Nuclear,0,,,,
2021,COK,Nuclear,0,,,,
2022,COK,Nuclear,0,,,,
2023,COK,Nuclear,0,,,,
2024,COK,Nuclear,0,,,,
2000,COK,Other renewables,0,,,,
2001,COK,Other renewables,0,,,,
2002,COK,Other renewables,0,,,,
2003,COK,Other renewables,0,,,,
2004,COK,Other renewables,0,,,,
2005,COK,Other renewables,0,,,,
2006,COK,Other renewables,0,,,,
2007,COK,Other renewables,0,,,,
2008,COK,Other renewables,0,,,,
2009,COK,Other renewables,0,,,,
2010,COK,Other renewables,0,,,,
2011,COK,Other renewables,0,,,,
2012,COK,Other renewables,0,,,,
2013,COK,Other renewables,0,,,,
2014,COK,Other renewables,0,,,,
2015,COK,Other renewables,0,,,,
2016,COK,Other renewables,0,,,,
2017,COK,Other renewables,0,,,,
2018,COK,Other renewables,0,,,,
2019,COK,Other renewables,0,,,,
2020,COK,Other renewables,0,,,,
2021,COK,Other renewables,0,,,,
2022,COK,Other renewables,0,,,,
2023,COK,Other renewables,0,,,,
2024,COK,Other renewables,0,,,,
2000,COK,Solar,0,,,,
2001,COK,Solar,0,,,,
2002,COK,Solar,0,,,,
2003,COK,Solar,0,,,,
2004,COK,Solar,0,,,,
2005,COK,Solar,0,,,,
2006,COK,Solar,0,,,,
2007,COK,Solar,0,,,,
2008,COK,Solar,0,,,,
2009,COK,Solar,0,,,,
2010,COK,Solar,0,,,,
2011,COK,Solar,0,,,,
2012,COK,Solar,0,,,,
2013,COK,Solar,0,,,,
2014,COK,Solar,0,,,,
2015,COK,Solar,0,,,,
2016,COK,Solar,0,,,,
2017,COK,Solar,0.01,,,,
2018,COK,Solar,0.02,,,,
2019,COK,Solar,0.01,,,,
2020,COK,Solar,0.01,,,,
2021,COK,Solar,0.02,,,,
2022,COK,Solar,0.02,,,,
2023,COK,Solar,0.02,,,,
2024,COK,Solar,0.02,,,,
2000,COK,Total,0,,,,
2001,COK,Total,0,,,,
2002,COK,Total,0,,,,
2003,COK,Total,0,,,,
2004,COK,Total,0,,,,
2005,COK,Total,0,,,,
2006,COK,Total,0,,,,
2007,COK,Total,0,,,,
2008,COK,Total,0,,,,
2009,COK,Total,0,,,,
2010,COK,Total,0,,,,
2011,COK,Total,0,,,,
2012,COK,Total,0,,,,
2013,COK,Total,0,,,,
2014,COK,Total,0,,,,
2015,COK,Total,0,,,,
2016,COK,Total,0,,,,
2017,COK,Total,0.01,,,,
2018,COK,Total,0.02,,,,
2019,COK,Total,0.01,,,,
2020,COK,Total,0.01,,,,
2021,COK,Total,0.02,,,,
2022,COK,Total,0.02,,,,
2023,COK,Total,0.02,,,,
2024,COK,Total,0.02,,,,
2000,COK,Wind,0,,,,
2001,COK,Wind,0,,,,
2002,COK,Wind,0,,,,
2003,COK,Wind,0,,,,
2004,COK,Wind,0,,,,
2005,COK,Wind,0,,,,
2006,COK,Wind,0,,,,
2007,COK,Wind,0,,,,
2008,COK,Wind,0,,,,
2009,COK,Wind,0,,,,
2010,COK,Wind,0,,,,
2011,COK,Wind,0,,,,
2012,COK,Wind,0,,,,
2013,COK,Wind,0,,,,
2014,COK,Wind,0,,,,
2015,COK,Wind,0,,,,
2016,COK,Wind,0,,,,
2017,COK,Wind,0,,,,
2018,COK,Wind,0,,,,
2019,COK,Wind,0,,,,
2020,COK,Wind,0,,,,
2021,COK,Wind,0,,,,
2022,COK,Wind,0,,,,
2023,COK,Wind,0,,,,
2024,COK,Wind,0,,,,
2000,COL,Hydro,32,,,,
2001,COL,Hydro,31,,,,
2002,COL,Hydro,34,,,,
2003,COL,Hydro,36,,,,
2004,COL,Hydro,40,,,,
2005,COL,Hydro,39,,,,
2006,COL,Hydro,42,,,,
2007,COL,Hydro,44,,,,
2008,COL,Hydro,46,,,,
2009,COL,Hydro,41,,,,
2010,COL,Hydro,40,,,,
2011,COL,Hydro,48,,,,
2012,COL,Hydro,47,,,,
2013,COL,Hydro,50,,,,
2014,COL,Hydro,47,,,,
2015,COL,Hydro,48,,,,
2016,COL,Hydro,48,,,,
2017,COL,Hydro,61,,,,
2018,COL,Hydro,58,,,,
2019,COL,Hydro,53,,,,
2020,COL,Hydro,48,,,,
2021,COL,Hydro,61,,,,
2022,COL,Hydro,59,,,,
2023,COL,Hydro,54,,,,
2024,COL,Hydro,49,,,,
2025,COL,Hydro,63,,,,
2000,COL,Nuclear,0,,,,
2001,COL,Nuclear,0,,,,
2002,COL,Nuclear,0,,,,
2003,COL,Nuclear,0,,,,
2004,COL,Nuclear,0,,,,
2005,COL,Nuclear,0,,,,
2006,COL,Nuclear,0,,,,
2007,COL,Nuclear,0,,,,
2008,COL,Nuclear,0,,,,
2009,COL,Nuclear,0,,,,
2010,COL,Nuclear,0,,,,
2011,COL,Nuclear,0,,,,
2012,COL,Nuclear,0,,,,
2013,COL,Nuclear,0,,,,
2014,COL,Nuclear,0,,,,
2015,COL,Nuclear,0,,,,
2016,COL,Nuclear,0,,,,
2017,COL,Nuclear,0,,,,
2018,COL,Nuclear,0,,,,
2019,COL,Nuclear,0,,,,
2020,COL,Nuclear,0,,,,
2021,COL,Nuclear,0,,,,
2022,COL,Nuclear,0,,,,
2023,COL,Nuclear,0,,,,
2024,COL,Nuclear,0,,,,
2025,COL,Nuclear,0,,,,
2000,COL,Other renewables,0,,,,
2001,COL,Other renewables,0,,,,
2002,COL,Other renewables,0,,,,
2003,COL,Other renewables,0,,,,
2004,COL,Other renewables,0,,,,
2005,COL,Other renewables,0,,,,
2006,COL,Other renewables,0,,,,
2007,COL,Other renewables,0,,,,
2008,COL,Other renewables,0,,,,
2009,COL,Other renewables,0,,,,
2010,COL,Other renewables,0,,,,
2011,COL,Other renewables,0,,,,
2012,COL,Other renewables,0,,,,
2013,COL,Other renewables,0,,,,
2014,COL,Other renewables,0,,,,
2015,COL,Other renewables,0,,,,
2016,COL,Other renewables,0,,,,
2017,COL,Other renewables,0,,,,
2018,COL,Other renewables,0,,,,
2019,COL,Other renewables,0,,,,
2020,COL,Other renewables,0,,,,
2021,COL,Other renewables,0,,,,
2022,COL,Other renewables,0,,,,
2023,COL,Other renewables,0,,,,
2024,COL,Other renewables,0,,,,
2025,COL,Other renewables,0,,,,
2000,COL,Solar,0.01,,,,
2001,COL,Solar,0.01,,,,
2002,COL,Solar,0.01,,,,
2003,COL,Solar,0.01,,,,
2004,COL,Solar,0.01,,,,
2005,COL,Solar,0.01,,,,
2006,COL,Solar,0.01,,,,
2007,COL,Solar,0.01,,,,
2008,COL,Solar,0.01,,,,
2009,COL,Solar,0.01,,,,
2010,COL,Solar,0.01,,,,
2011,COL,Solar,0.01,,,,
2012,COL,Solar,0.01,,,,
2013,COL,Solar,0.01,,,,
2014,COL,Solar,0.01,,,,
2015,COL,Solar,0.01,,,,
2016,COL,Solar,0.01,,,,
2017,COL,Solar,0.01,,,,
2018,COL,Solar,0.02,,,,
2019,COL,Solar,0.13,,,,
2020,COL,Solar,0.19,,,,
2021,COL,Solar,0.33,,,,
2022,COL,Solar,0.63,,,,
2023,COL,Solar,1.3,,,,
2024,COL,Solar,3.4,,,,
2025,COL,Solar,4.6,,,,
2000,COL,Total,32,,,,
2001,COL,Total,32,,,,
2002,COL,Total,34,,,,
2003,COL,Total,36,,,,
2004,COL,Total,40,,,,
2005,COL,Total,40,,,,
2006,COL,Total,43,,,,
2007,COL,Total,45,,,,
2008,COL,Total,47,,,,
2009,COL,Total,41,,,,
2010,COL,Total,42,,,,
2011,COL,Total,50,,,,
2012,COL,Total,49,,,,
2013,COL,Total,51,,,,
2014,COL,Total,49,,,,
2015,COL,Total,49,,,,
2016,COL,Total,50,,,,
2017,COL,Total,62,,,,
2018,COL,Total,60,,,,
2019,COL,Total,55,,,,
2020,COL,Total,51,,,,
2021,COL,Total,63,,,,
2022,COL,Total,62,,,,
2023,COL,Total,56,,,,
2024,COL,Total,55,,,,
2025,COL,Total,70,,,,
2000,COL,Wind,0,,,,
2001,COL,Wind,0,,,,
2002,COL,Wind,0,,,,
2003,COL,Wind,0,,,,
2004,COL,Wind,0.05,,,,
2005,COL,Wind,0.05,,,,
2006,COL,Wind,0.06,,,,
2007,COL,Wind,0.05,,,,
2008,COL,Wind,0.05,,,,
2009,COL,Wind,0.06,,,,
2010,COL,Wind,0.04,,,,
2011,COL,Wind,0.04,,,,
2012,COL,Wind,0.05,,,,
2013,COL,Wind,0.06,,,,
2014,COL,Wind,0.07,,,,
2015,COL,Wind,0.07,,,,
2016,COL,Wind,0.05,,,,
2017,COL,Wind,0,,,,
2018,COL,Wind,0.04,,,,
2019,COL,Wind,0.06,,,,
2020,COL,Wind,0.01,,,,
2021,COL,Wind,0.06,,,,
2022,COL,Wind,0.07,,,,
2023,COL,Wind,0.22,,,,
2024,COL,Wind,0.15,,,,
2025,COL,Wind,0.15,,,,
2000,COM,Hydro,0,,,,
2001,COM,Hydro,0,,,,
2002,COM,Hydro,0,,,,
2003,COM,Hydro,0,,,,
2004,COM,Hydro,0,,,,
2005,COM,Hydro,0,,,,
2006,COM,Hydro,0,,,,
2007,COM,Hydro,0,,,,
2008,COM,Hydro,0,,,,
2009,COM,Hydro,0,,,,
2010,COM,Hydro,0,,,,
2011,COM,Hydro,0,,,,
2012,COM,Hydro,0,,,,
2013,COM,Hydro,0,,,,
2014,COM,Hydro,0,,,,
2015,COM,Hydro,0,,,,
2016,COM,Hydro,0,,,,
2017,COM,Hydro,0,,,,
2018,COM,Hydro,0,,,,
2019,COM,Hydro,0,,,,
2020,COM,Hydro,0,,,,
2021,COM,Hydro,0,,,,
2022,COM,Hydro,0,,,,
2023,COM,Hydro,0,,,,
2000,COM,Nuclear,0,,,,
2001,COM,Nuclear,0,,,,
2002,COM,Nuclear,0,,,,
2003,COM,Nuclear,0,,,,
2004,COM,Nuclear,0,,,,
2005,COM,Nuclear,0,,,,
2006,COM,Nuclear,0,,,,
2007,COM,Nuclear,0,,,,
2008,COM,Nuclear,0,,,,
2009,COM,Nuclear,0,,,,
2010,COM,Nuclear,0,,,,
2011,COM,Nuclear,0,,,,
2012,COM,Nuclear,0,,,,
2013,COM,Nuclear,0,,,,
2014,COM,Nuclear,0,,,,
2015,COM,Nuclear,0,,,,
2016,COM,Nuclear,0,,,,
2017,COM,Nuclear,0,,,,
2018,COM,Nuclear,0,,,,
2019,COM,Nuclear,0,,,,
2020,COM,Nuclear,0,,,,
2021,COM,Nuclear,0,,,,
2022,COM,Nuclear,0,,,,
2023,COM,Nuclear,0,,,,
2000,COM,Other renewables,0,,,,
2001,COM,Other renewables,0,,,,
2002,COM,Other renewables,0,,,,
2003,COM,Other renewables,0,,,,
2004,COM,Other renewables,0,,,,
2005,COM,Other renewables,0,,,,
2006,COM,Other renewables,0,,,,
2007,COM,Other renewables,0,,,,
2008,COM,Other renewables,0,,,,
2009,COM,Other renewables,0,,,,
2010,COM,Other renewables,0,,,,
2011,COM,Other renewables,0,,,,
2012,COM,Other renewables,0,,,,
2013,COM,Other renewables,0,,,,
2014,COM,Other renewables,0,,,,
2015,COM,Other renewables,0,,,,
2016,COM,Other renewables,0,,,,
2017,COM,Other renewables,0,,,,
2018,COM,Other renewables,0,,,,
2019,COM,Other renewables,0,,,,
2020,COM,Other renewables,0,,,,
2021,COM,Other renewables,0,,,,
2022,COM,Other renewables,0,,,,
2023,COM,Other renewables,0,,,,
2000,COM,Solar,0,,,,
2001,COM,Solar,0,,,,
2002,COM,Solar,0,,,,
2003,COM,Solar,0,,,,
2004,COM,Solar,0,,,,
2005,COM,Solar,0,,,,
2006,COM,Solar,0,,,,
2007,COM,Solar,0,,,,
2008,COM,Solar,0,,,,
2009,COM,Solar,0,,,,
2010,COM,Solar,0,,,,
2011,COM,Solar,0,,,,
2012,COM,Solar,0,,,,
2013,COM,Solar,0,,,,
2014,COM,Solar,0,,,,
2015,COM,Solar,0,,,,
2016,COM,Solar,0,,,,
2017,COM,Solar,0,,,,
2018,COM,Solar,0,,,,
2019,COM,Solar,0,,,,
2020,COM,Solar,0,,,,
2021,COM,Solar,0,,,,
2022,COM,Solar,0,,,,
2023,COM,Solar,0,,,,
2000,COM,Total,0,,,,
2001,COM,Total,0,,,,
2002,COM,Total,0,,,,
2003,COM,Total,0,,,,
2004,COM,Total,0,,,,
2005,COM,Total,0,,,,
2006,COM,Total,0,,,,
2007,COM,Total,0,,,,
2008,COM,Total,0,,,,
2009,COM,Total,0,,,,
2010,COM,Total,0,,,,
2011,COM,Total,0,,,,
2012,COM,Total,0,,,,
2013,COM,Total,0,,,,
2014,COM,Total,0,,,,
2015,COM,Total,0,,,,
2016,COM,Total,0,,,,
2017,COM,Total,0,,,,
2018,COM,Total,0,,,,
2019,COM,Total,0,,,,
2020,COM,Total,0,,,,
2021,COM,Total,0,,,,
2022,COM,Total,0,,,,
2023,COM,Total,0,,,,
2000,COM,Wind,0,,,,
2001,COM,Wind,0,,,,
2002,COM,Wind,0,,,,
2003,COM,Wind,0,,,,
2004,COM,Wind,0,,,,
2005,COM,Wind,0,,,,
2006,COM,Wind,0,,,,
2007,COM,Wind,0,,,,
2008,COM,Wind,0,,,,
2009,COM,Wind,0,,,,
2010,COM,Wind,0,,,,
2011,COM,Wind,0,,,,
2012,COM,Wind,0,,,,
2013,COM,Wind,0,,,,
2014,COM,Wind,0,,,,
2015,COM,Wind,0,,,,
2016,COM,Wind,0,,,,
2017,COM,Wind,0,,,,
2018,COM,Wind,0,,,,
2019,COM,Wind,0,,,,
2020,COM,Wind,0,,,,
2021,COM,Wind,0,,,,
2022,COM,Wind,0,,,,
2023,COM,Wind,0,,,,
2000,CPV,Hydro,0,,,,
2001,CPV,Hydro,0,,,,
2002,CPV,Hydro,0,,,,
2003,CPV,Hydro,0,,,,
2004,CPV,Hydro,0,,,,
2005,CPV,Hydro,0,,,,
2006,CPV,Hydro,0,,,,
2007,CPV,Hydro,0,,,,
2008,CPV,Hydro,0,,,,
2009,CPV,Hydro,0,,,,
2010,CPV,Hydro,0,,,,
2011,CPV,Hydro,0,,,,
2012,CPV,Hydro,0,,,,
2013,CPV,Hydro,0,,,,
2014,CPV,Hydro,0,,,,
2015,CPV,Hydro,0,,,,
2016,CPV,Hydro,0,,,,
2017,CPV,Hydro,0,,,,
2018,CPV,Hydro,0,,,,
2019,CPV,Hydro,0,,,,
2020,CPV,Hydro,0,,,,
2021,CPV,Hydro,0,,,,
2022,CPV,Hydro,0,,,,
2023,CPV,Hydro,0,,,,
2024,CPV,Hydro,0,,,,
2000,CPV,Nuclear,0,,,,
2001,CPV,Nuclear,0,,,,
2002,CPV,Nuclear,0,,,,
2003,CPV,Nuclear,0,,,,
2004,CPV,Nuclear,0,,,,
2005,CPV,Nuclear,0,,,,
2006,CPV,Nuclear,0,,,,
2007,CPV,Nuclear,0,,,,
2008,CPV,Nuclear,0,,,,
2009,CPV,Nuclear,0,,,,
2010,CPV,Nuclear,0,,,,
2011,CPV,Nuclear,0,,,,
2012,CPV,Nuclear,0,,,,
2013,CPV,Nuclear,0,,,,
2014,CPV,Nuclear,0,,,,
2015,CPV,Nuclear,0,,,,
2016,CPV,Nuclear,0,,,,
2017,CPV,Nuclear,0,,,,
2018,CPV,Nuclear,0,,,,
2019,CPV,Nuclear,0,,,,
2020,CPV,Nuclear,0,,,,
2021,CPV,Nuclear,0,,,,
2022,CPV,Nuclear,0,,,,
2023,CPV,Nuclear,0,,,,
2024,CPV,Nuclear,0,,,,
2000,CPV,Other renewables,0,,,,
2001,CPV,Other renewables,0,,,,
2002,CPV,Other renewables,0,,,,
2003,CPV,Other renewables,0,,,,
2004,CPV,Other renewables,0,,,,
2005,CPV,Other renewables,0,,,,
2006,CPV,Other renewables,0,,,,
2007,CPV,Other renewables,0,,,,
2008,CPV,Other renewables,0,,,,
2009,CPV,Other renewables,0,,,,
2010,CPV,Other renewables,0,,,,
2011,CPV,Other renewables,0,,,,
2012,CPV,Other renewables,0,,,,
2013,CPV,Other renewables,0,,,,
2014,CPV,Other renewables,0,,,,
2015,CPV,Other renewables,0,,,,
2016,CPV,Other renewables,0,,,,
2017,CPV,Other renewables,0,,,,
2018,CPV,Other renewables,0,,,,
2019,CPV,Other renewables,0,,,,
2020,CPV,Other renewables,0,,,,
2021,CPV,Other renewables,0,,,,
2022,CPV,Other renewables,0,,,,
2023,CPV,Other renewables,0,,,,
2024,CPV,Other renewables,0,,,,
2000,CPV,Solar,0,,,,
2001,CPV,Solar,0,,,,
2002,CPV,Solar,0,,,,
2003,CPV,Solar,0,,,,
2004,CPV,Solar,0,,,,
2005,CPV,Solar,0,,,,
2006,CPV,Solar,0,,,,
2007,CPV,Solar,0,,,,
2008,CPV,Solar,0,,,,
2009,CPV,Solar,0,,,,
2010,CPV,Solar,0,,,,
2011,CPV,Solar,0.01,,,,
2012,CPV,Solar,0.01,,,,
2013,CPV,Solar,0.01,,,,
2014,CPV,Solar,0.01,,,,
2015,CPV,Solar,0.01,,,,
2016,CPV,Solar,0.01,,,,
2017,CPV,Solar,0.01,,,,
2018,CPV,Solar,0.01,,,,
2019,CPV,Solar,0.01,,,,
2020,CPV,Solar,0.01,,,,
2021,CPV,Solar,0.01,,,,
2022,CPV,Solar,0.07,,,,
2023,CPV,Solar,0.07,,,,
2024,CPV,Solar,0.08,,,,
2000,CPV,Total,0.01,,,,
2001,CPV,Total,0.01,,,,
2002,CPV,Total,0.01,,,,
2003,CPV,Total,0,,,,
2004,CPV,Total,0.01,,,,
2005,CPV,Total,0.01,,,,
2006,CPV,Total,0.01,,,,
2007,CPV,Total,0.01,,,,
2008,CPV,Total,0.01,,,,
2009,CPV,Total,0.01,,,,
2010,CPV,Total,0,,,,
2011,CPV,Total,0.03,,,,
2012,CPV,Total,0.07,,,,
2013,CPV,Total,0.09,,,,
2014,CPV,Total,0.09,,,,
2015,CPV,Total,0.09,,,,
2016,CPV,Total,0.09,,,,
2017,CPV,Total,0.08,,,,
2018,CPV,Total,0.09,,,,
2019,CPV,Total,0.08,,,,
2020,CPV,Total,0.07,,,,
2021,CPV,Total,0.08,,,,
2022,CPV,Total,0.14,,,,
2023,CPV,Total,0.14,,,,
2024,CPV,Total,0.16,,,,
2000,CPV,Wind,0.01,,,,
2001,CPV,Wind,0.01,,,,
2002,CPV,Wind,0.01,,,,
2003,CPV,Wind,0,,,,
2004,CPV,Wind,0.01,,,,
2005,CPV,Wind,0.01,,,,
2006,CPV,Wind,0.01,,,,
2007,CPV,Wind,0.01,,,,
2008,CPV,Wind,0.01,,,,
2009,CPV,Wind,0.01,,,,
2010,CPV,Wind,0,,,,
2011,CPV,Wind,0.02,,,,
2012,CPV,Wind,0.06,,,,
2013,CPV,Wind,0.08,,,,
2014,CPV,Wind,0.08,,,,
2015,CPV,Wind,0.08,,,,
2016,CPV,Wind,0.08,,,,
2017,CPV,Wind,0.07,,,,
2018,CPV,Wind,0.08,,,,
2019,CPV,Wind,0.07,,,,
2020,CPV,Wind,0.06,,,,
2021,CPV,Wind,0.07,,,,
2022,CPV,Wind,0.07,,,,
2023,CPV,Wind,0.07,,,,
2024,CPV,Wind,0.08,,,,
2000,CRI,Hydro,5.6,,,,
2001,CRI,Hydro,5.6,,,,
2002,CRI,Hydro,5.9,,,,
2003,CRI,Hydro,5.9,,,,
2004,CRI,Hydro,6.4,,,,
2005,CRI,Hydro,6.5,,,,
2006,CRI,Hydro,6.5,,,,
2007,CRI,Hydro,6.7,,,,
2008,CRI,Hydro,7.3,,,,
2009,CRI,Hydro,7.2,,,,
2010,CRI,Hydro,7.2,,,,
2011,CRI,Hydro,7.1,,,,
2012,CRI,Hydro,7.2,,,,
2013,CRI,Hydro,6.8,,,,
2014,CRI,Hydro,6.7,,,,
2015,CRI,Hydro,8,,,,
2016,CRI,Hydro,8,,,,
2017,CRI,Hydro,8.6,,,,
2018,CRI,Hydro,8.3,,,,
2019,CRI,Hydro,7.8,,,,
2020,CRI,Hydro,8.3,,,,
2021,CRI,Hydro,9.3,,,,
2022,CRI,Hydro,9.5,,,,
2023,CRI,Hydro,8.5,,,,
2024,CRI,Hydro,8,,,,
2025,CRI,Hydro,9.6,,,,
2000,CRI,Nuclear,0,,,,
2001,CRI,Nuclear,0,,,,
2002,CRI,Nuclear,0,,,,
2003,CRI,Nuclear,0,,,,
2004,CRI,Nuclear,0,,,,
2005,CRI,Nuclear,0,,,,
2006,CRI,Nuclear,0,,,,
2007,CRI,Nuclear,0,,,,
2008,CRI,Nuclear,0,,,,
2009,CRI,Nuclear,0,,,,
2010,CRI,Nuclear,0,,,,
2011,CRI,Nuclear,0,,,,
2012,CRI,Nuclear,0,,,,
2013,CRI,Nuclear,0,,,,
2014,CRI,Nuclear,0,,,,
2015,CRI,Nuclear,0,,,,
2016,CRI,Nuclear,0,,,,
2017,CRI,Nuclear,0,,,,
2018,CRI,Nuclear,0,,,,
2019,CRI,Nuclear,0,,,,
2020,CRI,Nuclear,0,,,,
2021,CRI,Nuclear,0,,,,
2022,CRI,Nuclear,0,,,,
2023,CRI,Nuclear,0,,,,
2024,CRI,Nuclear,0,,,,
2025,CRI,Nuclear,0,,,,
2000,CRI,Other renewables,0.98,,,,
2001,CRI,Other renewables,0.99,,,,
2002,CRI,Other renewables,1.1,,,,
2003,CRI,Other renewables,0.92,,,,
2004,CRI,Other renewables,1.2,,,,
2005,CRI,Other renewables,1.2,,,,
2006,CRI,Other renewables,1.2,,,,
2007,CRI,Other renewables,1.2,,,,
2008,CRI,Other renewables,1.1,,,,
2009,CRI,Other renewables,1.2,,,,
2010,CRI,Other renewables,1.2,,,,
2011,CRI,Other renewables,1.3,,,,
2012,CRI,Other renewables,1.4,,,,
2013,CRI,Other renewables,1.5,,,,
2014,CRI,Other renewables,1.5,,,,
2015,CRI,Other renewables,1.4,,,,
2016,CRI,Other renewables,1.3,,,,
2017,CRI,Other renewables,1.1,,,,
2018,CRI,Other renewables,0.97,,,,
2019,CRI,Other renewables,1.5,,,,
2020,CRI,Other renewables,1.7,,,,
2021,CRI,Other renewables,1.6,,,,
2022,CRI,Other renewables,1.5,,,,
2023,CRI,Other renewables,1.5,,,,
2024,CRI,Other renewables,1.6,,,,
2025,CRI,Other renewables,1.5,,,,
2000,CRI,Solar,0,,,,
2001,CRI,Solar,0,,,,
2002,CRI,Solar,0,,,,
2003,CRI,Solar,0,,,,
2004,CRI,Solar,0,,,,
2005,CRI,Solar,0,,,,
2006,CRI,Solar,0,,,,
2007,CRI,Solar,0,,,,
2008,CRI,Solar,0,,,,
2009,CRI,Solar,0,,,,
2010,CRI,Solar,0,,,,
2011,CRI,Solar,0,,,,
2012,CRI,Solar,0.01,,,,
2013,CRI,Solar,0.02,,,,
2014,CRI,Solar,0.02,,,,
2015,CRI,Solar,0.03,,,,
2016,CRI,Solar,0.03,,,,
2017,CRI,Solar,0.04,,,,
2018,CRI,Solar,0.06,,,,
2019,CRI,Solar,0.07,,,,
2020,CRI,Solar,0.07,,,,
2021,CRI,Solar,0.08,,,,
2022,CRI,Solar,0.08,,,,
2023,CRI,Solar,0.09,,,,
2024,CRI,Solar,0.09,,,,
2025,CRI,Solar,0.09,,,,
2000,CRI,Total,6.8,,,,
2001,CRI,Total,6.8,,,,
2002,CRI,Total,7.3,,,,
2003,CRI,Total,7.1,,,,
2004,CRI,Total,7.9,,,,
2005,CRI,Total,7.9,,,,
2006,CRI,Total,8.1,,,,
2007,CRI,Total,8.3,,,,
2008,CRI,Total,8.7,,,,
2009,CRI,Total,8.8,,,,
2010,CRI,Total,8.9,,,,
2011,CRI,Total,8.9,,,,
2012,CRI,Total,9.3,,,,
2013,CRI,Total,9,,,,
2014,CRI,Total,9.1,,,,
2015,CRI,Total,11,,,,
2016,CRI,Total,11,,,,
2017,CRI,Total,11,,,,
2018,CRI,Total,11,,,,
2019,CRI,Total,11,,,,
2020,CRI,Total,12,,,,
2021,CRI,Total,13,,,,
2022,CRI,Total,12,,,,
2023,CRI,Total,12,,,,
2024,CRI,Total,11,,,,
2025,CRI,Total,13,,,,
2000,CRI,Wind,0.18,,,,
2001,CRI,Wind,0.19,,,,
2002,CRI,Wind,0.26,,,,
2003,CRI,Wind,0.31,,,,
2004,CRI,Wind,0.26,,,,
2005,CRI,Wind,0.2,,,,
2006,CRI,Wind,0.27,,,,
2007,CRI,Wind,0.24,,,,
2008,CRI,Wind,0.2,,,,
2009,CRI,Wind,0.33,,,,
2010,CRI,Wind,0.36,,,,
2011,CRI,Wind,0.41,,,,
2012,CRI,Wind,0.53,,,,
2013,CRI,Wind,0.49,,,,
2014,CRI,Wind,0.74,,,,
2015,CRI,Wind,1.1,,,,
2016,CRI,Wind,1.2,,,,
2017,CRI,Wind,1.3,,,,
2018,CRI,Wind,1.8,,,,
2019,CRI,Wind,1.8,,,,
2020,CRI,Wind,1.5,,,,
2021,CRI,Wind,1.6,,,,
2022,CRI,Wind,1.4,,,,
2023,CRI,Wind,1.5,,,,
2024,CRI,Wind,1.2,,,,
2025,CRI,Wind,1.6,,,,
2000,CUB,Hydro,0.09,,,,
2001,CUB,Hydro,0.07,,,,
2002,CUB,Hydro,0.1,,,,
2003,CUB,Hydro,0.13,,,,
2004,CUB,Hydro,0.09,,,,
2005,CUB,Hydro,0.07,,,,
2006,CUB,Hydro,0.09,,,,
2007,CUB,Hydro,0.12,,,,
2008,CUB,Hydro,0.14,,,,
2009,CUB,Hydro,0.15,,,,
2010,CUB,Hydro,0.1,,,,
2011,CUB,Hydro,0.1,,,,
2012,CUB,Hydro,0.11,,,,
2013,CUB,Hydro,0.13,,,,
2014,CUB,Hydro,0.1,,,,
2015,CUB,Hydro,0.05,,,,
2016,CUB,Hydro,0.06,,,,
2017,CUB,Hydro,0.08,,,,
2018,CUB,Hydro,0.14,,,,
2019,CUB,Hydro,0.14,,,,
2020,CUB,Hydro,0.11,,,,
2021,CUB,Hydro,0.12,,,,
2022,CUB,Hydro,0.12,,,,
2023,CUB,Hydro,0.12,,,,
2024,CUB,Hydro,0.12,,,,
2000,CUB,Nuclear,0,,,,
2001,CUB,Nuclear,0,,,,
2002,CUB,Nuclear,0,,,,
2003,CUB,Nuclear,0,,,,
2004,CUB,Nuclear,0,,,,
2005,CUB,Nuclear,0,,,,
2006,CUB,Nuclear,0,,,,
2007,CUB,Nuclear,0,,,,
2008,CUB,Nuclear,0,,,,
2009,CUB,Nuclear,0,,,,
2010,CUB,Nuclear,0,,,,
2011,CUB,Nuclear,0,,,,
2012,CUB,Nuclear,0,,,,
2013,CUB,Nuclear,0,,,,
2014,CUB,Nuclear,0,,,,
2015,CUB,Nuclear,0,,,,
2016,CUB,Nuclear,0,,,,
2017,CUB,Nuclear,0,,,,
2018,CUB,Nuclear,0,,,,
2019,CUB,Nuclear,0,,,,
2020,CUB,Nuclear,0,,,,
2021,CUB,Nuclear,0,,,,
2022,CUB,Nuclear,0,,,,
2023,CUB,Nuclear,0,,,,
2024,CUB,Nuclear,0,,,,
2000,CUB,Other renewables,0,,,,
2001,CUB,Other renewables,0,,,,
2002,CUB,Other renewables,0,,,,
2003,CUB,Other renewables,0,,,,
2004,CUB,Other renewables,0,,,,
2005,CUB,Other renewables,0,,,,
2006,CUB,Other renewables,0,,,,
2007,CUB,Other renewables,0,,,,
2008,CUB,Other renewables,0,,,,
2009,CUB,Other renewables,0,,,,
2010,CUB,Other renewables,0,,,,
2011,CUB,Other renewables,0,,,,
2012,CUB,Other renewables,0,,,,
2013,CUB,Other renewables,0,,,,
2014,CUB,Other renewables,0,,,,
2015,CUB,Other renewables,0,,,,
2016,CUB,Other renewables,0,,,,
2017,CUB,Other renewables,0,,,,
2018,CUB,Other renewables,0,,,,
2019,CUB,Other renewables,0,,,,
2020,CUB,Other renewables,0,,,,
2021,CUB,Other renewables,0,,,,
2022,CUB,Other renewables,0,,,,
2023,CUB,Other renewables,0,,,,
2024,CUB,Other renewables,0,,,,
2000,CUB,Solar,0,,,,
2001,CUB,Solar,0,,,,
2002,CUB,Solar,0,,,,
2003,CUB,Solar,0,,,,
2004,CUB,Solar,0,,,,
2005,CUB,Solar,0,,,,
2006,CUB,Solar,0,,,,
2007,CUB,Solar,0,,,,
2008,CUB,Solar,0,,,,
2009,CUB,Solar,0,,,,
2010,CUB,Solar,0,,,,
2011,CUB,Solar,0,,,,
2012,CUB,Solar,0.01,,,,
2013,CUB,Solar,0.11,,,,
2014,CUB,Solar,0.09,,,,
2015,CUB,Solar,0.13,,,,
2016,CUB,Solar,0.14,,,,
2017,CUB,Solar,0.08,,,,
2018,CUB,Solar,0.12,,,,
2019,CUB,Solar,0.21,,,,
2020,CUB,Solar,0.22,,,,
2021,CUB,Solar,0.22,,,,
2022,CUB,Solar,0.21,,,,
2023,CUB,Solar,0.21,,,,
2024,CUB,Solar,0.24,,,,
2000,CUB,Total,1,,,,
2001,CUB,Total,1,,,,
2002,CUB,Total,1,,,,
2003,CUB,Total,0.85,,,,
2004,CUB,Total,0.88,,,,
2005,CUB,Total,0.49,,,,
2006,CUB,Total,0.5,,,,
2007,CUB,Total,0.53,,,,
2008,CUB,Total,0.7,,,,
2009,CUB,Total,0.69,,,,
2010,CUB,Total,0.57,,,,
2011,CUB,Total,0.57,,,,
2012,CUB,Total,0.69,,,,
2013,CUB,Total,0.94,,,,
2014,CUB,Total,0.85,,,,
2015,CUB,Total,0.9,,,,
2016,CUB,Total,0.91,,,,
2017,CUB,Total,0.8,,,,
2018,CUB,Total,0.72,,,,
2019,CUB,Total,0.89,,,,
2020,CUB,Total,0.9,,,,
2021,CUB,Total,0.79,,,,
2022,CUB,Total,0.67,,,,
2023,CUB,Total,0.72,,,,
2024,CUB,Total,0.78,,,,
2000,CUB,Wind,0,,,,
2001,CUB,Wind,0,,,,
2002,CUB,Wind,0,,,,
2003,CUB,Wind,0,,,,
2004,CUB,Wind,0,,,,
2005,CUB,Wind,0,,,,
2006,CUB,Wind,0,,,,
2007,CUB,Wind,0,,,,
2008,CUB,Wind,0.01,,,,
2009,CUB,Wind,0,,,,
2010,CUB,Wind,0.01,,,,
2011,CUB,Wind,0.02,,,,
2012,CUB,Wind,0.02,,,,
2013,CUB,Wind,0.02,,,,
2014,CUB,Wind,0.02,,,,
2015,CUB,Wind,0.02,,,,
2016,CUB,Wind,0.02,,,,
2017,CUB,Wind,0.02,,,,
2018,CUB,Wind,0.02,,,,
2019,CUB,Wind,0.02,,,,
2020,CUB,Wind,0.02,,,,
2021,CUB,Wind,0.02,,,,
2022,CUB,Wind,0.06,,,,
2023,CUB,Wind,0.06,,,,
2024,CUB,Wind,0.07,,,,
2000,CYM,Hydro,0,,,,
2001,CYM,Hydro,0,,,,
2002,CYM,Hydro,0,,,,
2003,CYM,Hydro,0,,,,
2004,CYM,Hydro,0,,,,
2005,CYM,Hydro,0,,,,
2006,CYM,Hydro,0,,,,
2007,CYM,Hydro,0,,,,
2008,CYM,Hydro,0,,,,
2009,CYM,Hydro,0,,,,
2010,CYM,Hydro,0,,,,
2011,CYM,Hydro,0,,,,
2012,CYM,Hydro,0,,,,
2013,CYM,Hydro,0,,,,
2014,CYM,Hydro,0,,,,
2015,CYM,Hydro,0,,,,
2016,CYM,Hydro,0,,,,
2017,CYM,Hydro,0,,,,
2018,CYM,Hydro,0,,,,
2019,CYM,Hydro,0,,,,
2020,CYM,Hydro,0,,,,
2021,CYM,Hydro,0,,,,
2022,CYM,Hydro,0,,,,
2023,CYM,Hydro,0,,,,
2024,CYM,Hydro,0,,,,
2000,CYM,Nuclear,0,,,,
2001,CYM,Nuclear,0,,,,
2002,CYM,Nuclear,0,,,,
2003,CYM,Nuclear,0,,,,
2004,CYM,Nuclear,0,,,,
2005,CYM,Nuclear,0,,,,
2006,CYM,Nuclear,0,,,,
2007,CYM,Nuclear,0,,,,
2008,CYM,Nuclear,0,,,,
2009,CYM,Nuclear,0,,,,
2010,CYM,Nuclear,0,,,,
2011,CYM,Nuclear,0,,,,
2012,CYM,Nuclear,0,,,,
2013,CYM,Nuclear,0,,,,
2014,CYM,Nuclear,0,,,,
2015,CYM,Nuclear,0,,,,
2016,CYM,Nuclear,0,,,,
2017,CYM,Nuclear,0,,,,
2018,CYM,Nuclear,0,,,,
2019,CYM,Nuclear,0,,,,
2020,CYM,Nuclear,0,,,,
2021,CYM,Nuclear,0,,,,
2022,CYM,Nuclear,0,,,,
2023,CYM,Nuclear,0,,,,
2024,CYM,Nuclear,0,,,,
2000,CYM,Other renewables,0,,,,
2001,CYM,Other renewables,0,,,,
2002,CYM,Other renewables,0,,,,
2003,CYM,Other renewables,0,,,,
2004,CYM,Other renewables,0,,,,
2005,CYM,Other renewables,0,,,,
2006,CYM,Other renewables,0,,,,
2007,CYM,Other renewables,0,,,,
2008,CYM,Other renewables,0,,,,
2009,CYM,Other renewables,0,,,,
2010,CYM,Other renewables,0,,,,
2011,CYM,Other renewables,0,,,,
2012,CYM,Other renewables,0,,,,
2013,CYM,Other renewables,0,,,,
2014,CYM,Other renewables,0,,,,
2015,CYM,Other renewables,0,,,,
2016,CYM,Other renewables,0,,,,
2017,CYM,Other renewables,0,,,,
2018,CYM,Other renewables,0,,,,
2019,CYM,Other renewables,0,,,,
2020,CYM,Other renewables,0,,,,
2021,CYM,Other renewables,0,,,,
2022,CYM,Other renewables,0,,,,
2023,CYM,Other renewables,0,,,,
2024,CYM,Other renewables,0,,,,
2000,CYM,Solar,0,,,,
2001,CYM,Solar,0,,,,
2002,CYM,Solar,0,,,,
2003,CYM,Solar,0,,,,
2004,CYM,Solar,0,,,,
2005,CYM,Solar,0,,,,
2006,CYM,Solar,0,,,,
2007,CYM,Solar,0,,,,
2008,CYM,Solar,0,,,,
2009,CYM,Solar,0,,,,
2010,CYM,Solar,0,,,,
2011,CYM,Solar,0,,,,
2012,CYM,Solar,0,,,,
2013,CYM,Solar,0,,,,
2014,CYM,Solar,0,,,,
2015,CYM,Solar,0,,,,
2016,CYM,Solar,0,,,,
2017,CYM,Solar,0.01,,,,
2018,CYM,Solar,0.01,,,,
2019,CYM,Solar,0.02,,,,
2020,CYM,Solar,0.02,,,,
2021,CYM,Solar,0.02,,,,
2022,CYM,Solar,0.02,,,,
2023,CYM,Solar,0.02,,,,
2024,CYM,Solar,0.03,,,,
2000,CYM,Total,0,,,,
2001,CYM,Total,0,,,,
2002,CYM,Total,0,,,,
2003,CYM,Total,0,,,,
2004,CYM,Total,0,,,,
2005,CYM,Total,0,,,,
2006,CYM,Total,0,,,,
2007,CYM,Total,0,,,,
2008,CYM,Total,0,,,,
2009,CYM,Total,0,,,,
2010,CYM,Total,0,,,,
2011,CYM,Total,0,,,,
2012,CYM,Total,0,,,,
2013,CYM,Total,0,,,,
2014,CYM,Total,0,,,,
2015,CYM,Total,0,,,,
2016,CYM,Total,0,,,,
2017,CYM,Total,0.01,,,,
2018,CYM,Total,0.01,,,,
2019,CYM,Total,0.02,,,,
2020,CYM,Total,0.02,,,,
2021,CYM,Total,0.02,,,,
2022,CYM,Total,0.02,,,,
2023,CYM,Total,0.02,,,,
2024,CYM,Total,0.03,,,,
2000,CYM,Wind,0,,,,
2001,CYM,Wind,0,,,,
2002,CYM,Wind,0,,,,
2003,CYM,Wind,0,,,,
2004,CYM,Wind,0,,,,
2005,CYM,Wind,0,,,,
2006,CYM,Wind,0,,,,
2007,CYM,Wind,0,,,,
2008,CYM,Wind,0,,,,
2009,CYM,Wind,0,,,,
2010,CYM,Wind,0,,,,
2011,CYM,Wind,0,,,,
2012,CYM,Wind,0,,,,
2013,CYM,Wind,0,,,,
2014,CYM,Wind,0,,,,
2015,CYM,Wind,0,,,,
2016,CYM,Wind,0,,,,
2017,CYM,Wind,0,,,,
2018,CYM,Wind,0,,,,
2019,CYM,Wind,0,,,,
2020,CYM,Wind,0,,,,
2021,CYM,Wind,0,,,,
2022,CYM,Wind,0,,,,
2023,CYM,Wind,0,,,,
2024,CYM,Wind,0,,,,
1990,CYP,Hydro,0,,,,
1991,CYP,Hydro,0,,,,
1992,CYP,Hydro,0,,,,
1993,CYP,Hydro,0,,,,
1994,CYP,Hydro,0,,,,
1995,CYP,Hydro,0,,,,
1996,CYP,Hydro,0,,,,
1997,CYP,Hydro,0,,,,
1998,CYP,Hydro,0,,,,
1999,CYP,Hydro,0,,,,
2000,CYP,Hydro,0,,,,
2001,CYP,Hydro,0,,,,
2002,CYP,Hydro,0,,,,
2003,CYP,Hydro,0,,,,
2004,CYP,Hydro,0,,,,
2005,CYP,Hydro,0,,,,
2006,CYP,Hydro,0,,,,
2007,CYP,Hydro,0,,,,
2008,CYP,Hydro,0,,,,
2009,CYP,Hydro,0,,,,
2010,CYP,Hydro,0,,,,
2011,CYP,Hydro,0,,,,
2012,CYP,Hydro,0,,,,
2013,CYP,Hydro,0,,,,
2014,CYP,Hydro,0,,,,
2015,CYP,Hydro,0,,,,
2016,CYP,Hydro,0,,,,
2017,CYP,Hydro,0,,,,
2018,CYP,Hydro,0,,,,
2019,CYP,Hydro,0,,,,
2020,CYP,Hydro,0,,,,
2021,CYP,Hydro,0,,,,
2022,CYP,Hydro,0,,,,
2023,CYP,Hydro,0,,,,
2024,CYP,Hydro,0,,,,
2025,CYP,Hydro,0,,,,
1990,CYP,Nuclear,0,,,,
1991,CYP,Nuclear,0,,,,
1992,CYP,Nuclear,0,,,,
1993,CYP,Nuclear,0,,,,
1994,CYP,Nuclear,0,,,,
1995,CYP,Nuclear,0,,,,
1996,CYP,Nuclear,0,,,,
1997,CYP,Nuclear,0,,,,
1998,CYP,Nuclear,0,,,,
1999,CYP,Nuclear,0,,,,
2000,CYP,Nuclear,0,,,,
2001,CYP,Nuclear,0,,,,
2002,CYP,Nuclear,0,,,,
2003,CYP,Nuclear,0,,,,
2004,CYP,Nuclear,0,,,,
2005,CYP,Nuclear,0,,,,
2006,CYP,Nuclear,0,,,,
2007,CYP,Nuclear,0,,,,
2008,CYP,Nuclear,0,,,,
2009,CYP,Nuclear,0,,,,
2010,CYP,Nuclear,0,,,,
2011,CYP,Nuclear,0,,,,
2012,CYP,Nuclear,0,,,,
2013,CYP,Nuclear,0,,,,
2014,CYP,Nuclear,0,,,,
2015,CYP,Nuclear,0,,,,
2016,CYP,Nuclear,0,,,,
2017,CYP,Nuclear,0,,,,
2018,CYP,Nuclear,0,,,,
2019,CYP,Nuclear,0,,,,
2020,CYP,Nuclear,0,,,,
2021,CYP,Nuclear,0,,,,
2022,CYP,Nuclear,0,,,,
2023,CYP,Nuclear,0,,,,
2024,CYP,Nuclear,0,,,,
2025,CYP,Nuclear,0,,,,
1990,CYP,Other renewables,0,,,,
1991,CYP,Other renewables,0,,,,
1992,CYP,Other renewables,0,,,,
1993,CYP,Other renewables,0,,,,
1994,CYP,Other renewables,0,,,,
1995,CYP,Other renewables,0,,,,
1996,CYP,Other renewables,0,,,,
1997,CYP,Other renewables,0,,,,
1998,CYP,Other renewables,0,,,,
1999,CYP,Other renewables,0,,,,
2000,CYP,Other renewables,0,,,,
2001,CYP,Other renewables,0,,,,
2002,CYP,Other renewables,0,,,,
2003,CYP,Other renewables,0,,,,
2004,CYP,Other renewables,0,,,,
2005,CYP,Other renewables,0,,,,
2006,CYP,Other renewables,0,,,,
2007,CYP,Other renewables,0,,,,
2008,CYP,Other renewables,0,,,,
2009,CYP,Other renewables,0,,,,
2010,CYP,Other renewables,0,,,,
2011,CYP,Other renewables,0,,,,
2012,CYP,Other renewables,0,,,,
2013,CYP,Other renewables,0,,,,
2014,CYP,Other renewables,0,,,,
2015,CYP,Other renewables,0,,,,
2016,CYP,Other renewables,0,,,,
2017,CYP,Other renewables,0,,,,
2018,CYP,Other renewables,0,,,,
2019,CYP,Other renewables,0,,,,
2020,CYP,Other renewables,0,,,,
2021,CYP,Other renewables,0,,,,
2022,CYP,Other renewables,0,,,,
2023,CYP,Other renewables,0,,,,
2024,CYP,Other renewables,0,,,,
2025,CYP,Other renewables,0,,,,
1990,CYP,Solar,0,,,,
1991,CYP,Solar,0,,,,
1992,CYP,Solar,0,,,,
1993,CYP,Solar,0,,,,
1994,CYP,Solar,0,,,,
1995,CYP,Solar,0,,,,
1996,CYP,Solar,0,,,,
1997,CYP,Solar,0,,,,
1998,CYP,Solar,0,,,,
1999,CYP,Solar,0,,,,
2000,CYP,Solar,0,,,,
2001,CYP,Solar,0,,,,
2002,CYP,Solar,0,,,,
2003,CYP,Solar,0,,,,
2004,CYP,Solar,0,,,,
2005,CYP,Solar,0,,,,
2006,CYP,Solar,0,,,,
2007,CYP,Solar,0,,,,
2008,CYP,Solar,0,,,,
2009,CYP,Solar,0,,,,
2010,CYP,Solar,0.01,,,,
2011,CYP,Solar,0.01,,,,
2012,CYP,Solar,0.02,,,,
2013,CYP,Solar,0.05,,,,
2014,CYP,Solar,0.08,,,,
2015,CYP,Solar,0.13,,,,
2016,CYP,Solar,0.15,,,,
2017,CYP,Solar,0.17,,,,
2018,CYP,Solar,0.2,,,,
2019,CYP,Solar,0.22,,,,
2020,CYP,Solar,0.3,,,,
2021,CYP,Solar,0.47,,,,
2022,CYP,Solar,0.6,,,,
2023,CYP,Solar,0.83,,,,
2024,CYP,Solar,1.1,,,,
2025,CYP,Solar,1.4,,,,
1990,CYP,Total,0,,,,
1991,CYP,Total,0,,,,
1992,CYP,Total,0,,,,
1993,CYP,Total,0,,,,
1994,CYP,Total,0,,,,
1995,CYP,Total,0,,,,
1996,CYP,Total,0,,,,
1997,CYP,Total,0,,,,
1998,CYP,Total,0,,,,
1999,CYP,Total,0,,,,
2000,CYP,Total,0,,,,
2001,CYP,Total,0,,,,
2002,CYP,Total,0,,,,
2003,CYP,Total,0,,,,
2004,CYP,Total,0,,,,
2005,CYP,Total,0,,,,
2006,CYP,Total,0,,,,
2007,CYP,Total,0,,,,
2008,CYP,Total,0.01,,,,
2009,CYP,Total,0.03,,,,
2010,CYP,Total,0.08,,,,
2011,CYP,Total,0.17,,,,
2012,CYP,Total,0.26,,,,
2013,CYP,Total,0.33,,,,
2014,CYP,Total,0.31,,,,
2015,CYP,Total,0.4,,,,
2016,CYP,Total,0.43,,,,
2017,CYP,Total,0.43,,,,
2018,CYP,Total,0.48,,,,
2019,CYP,Total,0.52,,,,
2020,CYP,Total,0.6,,,,
2021,CYP,Total,0.78,,,,
2022,CYP,Total,0.88,,,,
2023,CYP,Total,1.1,,,,
2024,CYP,Total,1.4,,,,
2025,CYP,Total,1.6,,,,
1990,CYP,Wind,0,,,,
1991,CYP,Wind,0,,,,
1992,CYP,Wind,0,,,,
1993,CYP,Wind,0,,,,
1994,CYP,Wind,0,,,,
1995,CYP,Wind,0,,,,
1996,CYP,Wind,0,,,,
1997,CYP,Wind,0,,,,
1998,CYP,Wind,0,,,,
1999,CYP,Wind,0,,,,
2004,CYP,Wind,0,,,,
2005,CYP,Wind,0,,,,
2006,CYP,Wind,0,,,,
2007,CYP,Wind,0,,,,
2008,CYP,Wind,0,,,,
2009,CYP,Wind,0,,,,
2010,CYP,Wind,0.03,,,,
2011,CYP,Wind,0.11,,,,
2012,CYP,Wind,0.19,,,,
2013,CYP,Wind,0.23,,,,
2014,CYP,Wind,0.18,,,,
2015,CYP,Wind,0.22,,,,
2016,CYP,Wind,0.23,,,,
2017,CYP,Wind,0.21,,,,
2018,CYP,Wind,0.22,,,,
2019,CYP,Wind,0.24,,,,
2020,CYP,Wind,0.24,,,,
2021,CYP,Wind,0.25,,,,
2022,CYP,Wind,0.22,,,,
2023,CYP,Wind,0.21,,,,
2024,CYP,Wind,0.22,,,,
2025,CYP,Wind,0.21,,,,
1990,CZE,Hydro,1.2,,,,
1991,CZE,Hydro,1.1,,,,
1992,CZE,Hydro,1.4,,,,
1993,CZE,Hydro,1.4,,,,
1994,CZE,Hydro,1.5,,,,
1995,CZE,Hydro,2,,,,
1996,CZE,Hydro,2,,,,
1997,CZE,Hydro,1.7,,,,
1998,CZE,Hydro,1.4,,,,
1999,CZE,Hydro,1.7,,,,
2000,CZE,Hydro,1.8,,,,
2001,CZE,Hydro,2.1,,,,
2002,CZE,Hydro,2.5,,,,
2003,CZE,Hydro,1.4,,,,
2004,CZE,Hydro,2,,,,
2005,CZE,Hydro,2.4,,,,
2006,CZE,Hydro,2.6,,,,
2007,CZE,Hydro,2.1,,,,
2008,CZE,Hydro,2,,,,
2009,CZE,Hydro,2.4,,,,
2010,CZE,Hydro,2.8,,,,
2011,CZE,Hydro,2,,,,
2012,CZE,Hydro,2.1,,,,
2013,CZE,Hydro,2.7,,,,
2014,CZE,Hydro,1.9,,,,
2015,CZE,Hydro,1.8,,,,
2016,CZE,Hydro,2,,,,
2017,CZE,Hydro,1.9,,,,
2018,CZE,Hydro,1.6,,,,
2019,CZE,Hydro,2,,,,
2020,CZE,Hydro,2.1,,,,
2021,CZE,Hydro,2.4,,,,
2022,CZE,Hydro,2.1,,,,
2023,CZE,Hydro,2.4,,,,
2024,CZE,Hydro,2.7,,,,
2025,CZE,Hydro,1.7,,,,
1990,CZE,Nuclear,13,,,,
1991,CZE,Nuclear,12,,,,
1992,CZE,Nuclear,12,,,,
1993,CZE,Nuclear,13,,,,
1994,CZE,Nuclear,13,,,,
1995,CZE,Nuclear,12,,,,
1996,CZE,Nuclear,13,,,,
1997,CZE,Nuclear,12,,,,
1998,CZE,Nuclear,13,,,,
1999,CZE,Nuclear,13,,,,
2000,CZE,Nuclear,14,,,,
2001,CZE,Nuclear,15,,,,
2002,CZE,Nuclear,19,,,,
2003,CZE,Nuclear,26,,,,
2004,CZE,Nuclear,26,,,,
2005,CZE,Nuclear,25,,,,
2006,CZE,Nuclear,26,,,,
2007,CZE,Nuclear,26,,,,
2008,CZE,Nuclear,27,,,,
2009,CZE,Nuclear,27,,,,
2010,CZE,Nuclear,28,,,,
2011,CZE,Nuclear,28,,,,
2012,CZE,Nuclear,30,,,,
2013,CZE,Nuclear,31,,,,
2014,CZE,Nuclear,30,,,,
2015,CZE,Nuclear,27,,,,
2016,CZE,Nuclear,24,,,,
2017,CZE,Nuclear,28,,,,
2018,CZE,Nuclear,30,,,,
2019,CZE,Nuclear,30,,,,
2020,CZE,Nuclear,30,,,,
2021,CZE,Nuclear,31,,,,
2022,CZE,Nuclear,31,,,,
2023,CZE,Nuclear,30,,,,
2024,CZE,Nuclear,30,,,,
2025,CZE,Nuclear,32,,,,
1990,CZE,Other renewables,0,,,,
1991,CZE,Other renewables,0,,,,
1992,CZE,Other renewables,0,,,,
1993,CZE,Other renewables,0,,,,
1994,CZE,Other renewables,0,,,,
1995,CZE,Other renewables,0,,,,
1996,CZE,Other renewables,0,,,,
1997,CZE,Other renewables,0,,,,
1998,CZE,Other renewables,0,,,,
1999,CZE,Other renewables,0,,,,
2000,CZE,Other renewables,0,,,,
2001,CZE,Other renewables,0,,,,
2002,CZE,Other renewables,0,,,,
2003,CZE,Other renewables,0,,,,
2004,CZE,Other renewables,0,,,,
2005,CZE,Other renewables,0,,,,
2006,CZE,Other renewables,0,,,,
2007,CZE,Other renewables,0,,,,
2008,CZE,Other renewables,0,,,,
2009,CZE,Other renewables,0,,,,
2010,CZE,Other renewables,0,,,,
2011,CZE,Other renewables,0,,,,
2012,CZE,Other renewables,0,,,,
2013,CZE,Other renewables,0,,,,
2014,CZE,Other renewables,0,,,,
2015,CZE,Other renewables,0,,,,
2016,CZE,Other renewables,0,,,,
2017,CZE,Other renewables,0,,,,
2018,CZE,Other renewables,0,,,,
2019,CZE,Other renewables,0,,,,
2020,CZE,Other renewables,0,,,,
2021,CZE,Other renewables,0,,,,
2022,CZE,Other renewables,0,,,,
2023,CZE,Other renewables,0,,,,
2024,CZE,Other renewables,0,,,,
2025,CZE,Other renewables,-0.1,,,,
1990,CZE,Solar,0,,,,
1991,CZE,Solar,0,,,,
1992,CZE,Solar,0,,,,
1993,CZE,Solar,0,,,,
1994,CZE,Solar,0,,,,
1995,CZE,Solar,0,,,,
1996,CZE,Solar,0,,,,
1997,CZE,Solar,0,,,,
1998,CZE,Solar,0,,,,
1999,CZE,Solar,0,,,,
2000,CZE,Solar,0,,,,
2001,CZE,Solar,0,,,,
2002,CZE,Solar,0,,,,
2003,CZE,Solar,0,,,,
2004,CZE,Solar,0,,,,
2005,CZE,Solar,0,,,,
2006,CZE,Solar,0,,,,
2007,CZE,Solar,0,,,,
2008,CZE,Solar,0.01,,,,
2009,CZE,Solar,0.09,,,,
2010,CZE,Solar,0.62,,,,
2011,CZE,Solar,2.2,,,,
2012,CZE,Solar,2.2,,,,
2013,CZE,Solar,2,,,,
2014,CZE,Solar,2.1,,,,
2015,CZE,Solar,2.3,,,,
2016,CZE,Solar,2.1,,,,
2017,CZE,Solar,2.2,,,,
2018,CZE,Solar,2.4,,,,
2019,CZE,Solar,2.3,,,,
2020,CZE,Solar,2.3,,,,
2021,CZE,Solar,2.3,,,,
2022,CZE,Solar,2.6,,,,
2023,CZE,Solar,2.9,,,,
2024,CZE,Solar,3.6,,,,
2025,CZE,Solar,4.4,,,,
1990,CZE,Total,14,,,,
1991,CZE,Total,13,,,,
1992,CZE,Total,14,,,,
1993,CZE,Total,14,,,,
1994,CZE,Total,15,,,,
1995,CZE,Total,15,,,,
1996,CZE,Total,15,,,,
1997,CZE,Total,15,,,,
1998,CZE,Total,15,,,,
1999,CZE,Total,16,,,,
2000,CZE,Total,16,,,,
2001,CZE,Total,17,,,,
2002,CZE,Total,22,,,,
2003,CZE,Total,28,,,,
2004,CZE,Total,29,,,,
2005,CZE,Total,28,,,,
2006,CZE,Total,30,,,,
2007,CZE,Total,30,,,,
2008,CZE,Total,30,,,,
2009,CZE,Total,32,,,,
2010,CZE,Total,34,,,,
2011,CZE,Total,36,,,,
2012,CZE,Total,38,,,,
2013,CZE,Total,40,,,,
2014,CZE,Total,40,,,,
2015,CZE,Total,36,,,,
2016,CZE,Total,33,,,,
2017,CZE,Total,38,,,,
2018,CZE,Total,39,,,,
2019,CZE,Total,40,,,,
2020,CZE,Total,40,,,,
2021,CZE,Total,41,,,,
2022,CZE,Total,42,,,,
2023,CZE,Total,42,,,,
2024,CZE,Total,42,,,,
2025,CZE,Total,45,,,,
1990,CZE,Wind,0,,,,
1991,CZE,Wind,0,,,,
1992,CZE,Wind,0,,,,
1993,CZE,Wind,0,,,,
1994,CZE,Wind,0,,,,
1995,CZE,Wind,0,,,,
1996,CZE,Wind,0,,,,
1997,CZE,Wind,0,,,,
1998,CZE,Wind,0,,,,
1999,CZE,Wind,0,,,,
2000,CZE,Wind,0,,,,
2002,CZE,Wind,0,,,,
2003,CZE,Wind,0,,,,
2004,CZE,Wind,0.01,,,,
2005,CZE,Wind,0.02,,,,
2006,CZE,Wind,0.05,,,,
2007,CZE,Wind,0.13,,,,
2008,CZE,Wind,0.24,,,,
2009,CZE,Wind,0.29,,,,
2010,CZE,Wind,0.34,,,,
2011,CZE,Wind,0.4,,,,
2012,CZE,Wind,0.42,,,,
2013,CZE,Wind,0.48,,,,
2014,CZE,Wind,0.48,,,,
2015,CZE,Wind,0.57,,,,
2016,CZE,Wind,0.5,,,,
2017,CZE,Wind,0.59,,,,
2018,CZE,Wind,0.61,,,,
2019,CZE,Wind,0.7,,,,
2020,CZE,Wind,0.7,,,,
2021,CZE,Wind,0.6,,,,
2022,CZE,Wind,0.64,,,,
2023,CZE,Wind,0.7,,,,
2024,CZE,Wind,0.67,,,,
2025,CZE,Wind,0.57,,,,
1990,DEU,Hydro,17,,,,
1991,DEU,Hydro,15,,,,
1992,DEU,Hydro,17,,,,
1993,DEU,Hydro,18,,,,
1994,DEU,Hydro,20,,,,
1995,DEU,Hydro,22,,,,
1996,DEU,Hydro,22,,,,
1997,DEU,Hydro,17,,,,
1998,DEU,Hydro,17,,,,
1999,DEU,Hydro,20,,,,
2000,DEU,Hydro,22,,,,
2001,DEU,Hydro,23,,,,
2002,DEU,Hydro,23,,,,
2003,DEU,Hydro,18,,,,
2004,DEU,Hydro,21,,,,
2005,DEU,Hydro,20,,,,
2006,DEU,Hydro,20,,,,
2007,DEU,Hydro,21,,,,
2008,DEU,Hydro,20,,,,
2009,DEU,Hydro,19,,,,
2010,DEU,Hydro,21,,,,
2011,DEU,Hydro,18,,,,
2012,DEU,Hydro,22,,,,
2013,DEU,Hydro,23,,,,
2014,DEU,Hydro,20,,,,
2015,DEU,Hydro,19,,,,
2016,DEU,Hydro,21,,,,
2017,DEU,Hydro,20,,,,
2018,DEU,Hydro,18,,,,
2019,DEU,Hydro,20,,,,
2020,DEU,Hydro,19,,,,
2021,DEU,Hydro,20,,,,
2022,DEU,Hydro,18,,,,
2023,DEU,Hydro,21,,,,
2024,DEU,Hydro,24,,,,
2025,DEU,Hydro,20,,,,
1990,DEU,Nuclear,150,,,,
1991,DEU,Nuclear,150,,,,
1992,DEU,Nuclear,160,,,,
1993,DEU,Nuclear,150,,,,
1994,DEU,Nuclear,150,,,,
1995,DEU,Nuclear,150,,,,
1996,DEU,Nuclear,160,,,,
1997,DEU,Nuclear,170,,,,
1998,DEU,Nuclear,160,,,,
1999,DEU,Nuclear,170,,,,
2000,DEU,Nuclear,170,,,,
2001,DEU,Nuclear,170,,,,
2002,DEU,Nuclear,160,,,,
2003,DEU,Nuclear,170,,,,
2004,DEU,Nuclear,170,,,,
2005,DEU,Nuclear,160,,,,
2006,DEU,Nuclear,170,,,,
2007,DEU,Nuclear,140,,,,
2008,DEU,Nuclear,150,,,,
2009,DEU,Nuclear,130,,,,
2010,DEU,Nuclear,140,,,,
2011,DEU,Nuclear,110,,,,
2012,DEU,Nuclear,99,,,,
2013,DEU,Nuclear,97,,,,
2014,DEU,Nuclear,97,,,,
2015,DEU,Nuclear,92,,,,
2016,DEU,Nuclear,85,,,,
2017,DEU,Nuclear,76,,,,
2018,DEU,Nuclear,76,,,,
2019,DEU,Nuclear,75,,,,
2020,DEU,Nuclear,64,,,,
2021,DEU,Nuclear,69,,,,
2022,DEU,Nuclear,35,,,,
2023,DEU,Nuclear,7.2,,,,
2024,DEU,Nuclear,0,,,,
2025,DEU,Nuclear,0,,,,
1990,DEU,Other renewables,0,,,,
1991,DEU,Other renewables,0,,,,
1992,DEU,Other renewables,0,,,,
1993,DEU,Other renewables,0,,,,
1994,DEU,Other renewables,0,,,,
1995,DEU,Other renewables,0,,,,
1996,DEU,Other renewables,0,,,,
1997,DEU,Other renewables,0,,,,
1998,DEU,Other renewables,0,,,,
1999,DEU,Other renewables,0,,,,
2000,DEU,Other renewables,0,,,,
2001,DEU,Other renewables,0,,,,
2002,DEU,Other renewables,0,,,,
2003,DEU,Other renewables,0,,,,
2004,DEU,Other renewables,0,,,,
2005,DEU,Other renewables,0,,,,
2006,DEU,Other renewables,0,,,,
2007,DEU,Other renewables,0,,,,
2008,DEU,Other renewables,0.02,,,,
2009,DEU,Other renewables,0.02,,,,
2010,DEU,Other renewables,0.03,,,,
2011,DEU,Other renewables,0.02,,,,
2012,DEU,Other renewables,0.03,,,,
2013,DEU,Other renewables,0.08,,,,
2014,DEU,Other renewables,0.1,,,,
2015,DEU,Other renewables,0.13,,,,
2016,DEU,Other renewables,0.17,,,,
2017,DEU,Other renewables,0.16,,,,
2018,DEU,Other renewables,0.18,,,,
2019,DEU,Other renewables,0.2,,,,
2020,DEU,Other renewables,0.23,,,,
2021,DEU,Other renewables,0.24,,,,
2022,DEU,Other renewables,0.21,,,,
2023,DEU,Other renewables,0.19,,,,
2024,DEU,Other renewables,0.22,,,,
2025,DEU,Other renewables,-0.58,,,,
1990,DEU,Solar,0,,,,
1991,DEU,Solar,0,,,,
1992,DEU,Solar,0,,,,
1993,DEU,Solar,0,,,,
1994,DEU,Solar,0,,,,
1995,DEU,Solar,0,,,,
1996,DEU,Solar,0.01,,,,
1997,DEU,Solar,0.01,,,,
1998,DEU,Solar,0.01,,,,
1999,DEU,Solar,0.02,,,,
2000,DEU,Solar,0,,,,
2001,DEU,Solar,0.1,,,,
2002,DEU,Solar,0.2,,,,
2003,DEU,Solar,0.31,,,,
2004,DEU,Solar,0.56,,,,
2005,DEU,Solar,1.3,,,,
2006,DEU,Solar,2.3,,,,
2007,DEU,Solar,3.1,,,,
2008,DEU,Solar,4.5,,,,
2009,DEU,Solar,6.7,,,,
2010,DEU,Solar,12,,,,
2011,DEU,Solar,20,,,,
2012,DEU,Solar,27,,,,
2013,DEU,Solar,31,,,,
2014,DEU,Solar,35,,,,
2015,DEU,Solar,38,,,,
2016,DEU,Solar,38,,,,
2017,DEU,Solar,39,,,,
2018,DEU,Solar,44,,,,
2019,DEU,Solar,45,,,,
2020,DEU,Solar,50,,,,
2021,DEU,Solar,49,,,,
2022,DEU,Solar,60,,,,
2023,DEU,Solar,64,,,,
2024,DEU,Solar,74,,,,
2025,DEU,Solar,90,,,,
1990,DEU,Total,170,,,,
1991,DEU,Total,160,,,,
1992,DEU,Total,180,,,,
1993,DEU,Total,170,,,,
1994,DEU,Total,170,,,,
1995,DEU,Total,180,,,,
1996,DEU,Total,190,,,,
1997,DEU,Total,190,,,,
1998,DEU,Total,190,,,,
1999,DEU,Total,200,,,,
2000,DEU,Total,210,,,,
2001,DEU,Total,210,,,,
2002,DEU,Total,210,,,,
2003,DEU,Total,210,,,,
2004,DEU,Total,230,,,,
2005,DEU,Total,230,,,,
2006,DEU,Total,240,,,,
2007,DEU,Total,230,,,,
2008,DEU,Total,240,,,,
2009,DEU,Total,230,,,,
2010,DEU,Total,250,,,,
2011,DEU,Total,230,,,,
2012,DEU,Total,240,,,,
2013,DEU,Total,250,,,,
2014,DEU,Total,260,,,,
2015,DEU,Total,280,,,,
2016,DEU,Total,270,,,,
2017,DEU,Total,290,,,,
2018,DEU,Total,300,,,,
2019,DEU,Total,320,,,,
2020,DEU,Total,320,,,,
2021,DEU,Total,300,,,,
2022,DEU,Total,290,,,,
2023,DEU,Total,280,,,,
2024,DEU,Total,290,,,,
2025,DEU,Total,300,,,,
1990,DEU,Wind,0.07,,,,
1991,DEU,Wind,0.22,,,,
1992,DEU,Wind,0.29,,,,
1993,DEU,Wind,0.67,,,,
1994,DEU,Wind,1.4,,,,
1995,DEU,Wind,1.7,,,,
1996,DEU,Wind,2.1,,,,
1997,DEU,Wind,3,,,,
1998,DEU,Wind,4.6,,,,
1999,DEU,Wind,5.5,,,,
2000,DEU,Wind,9.4,,,,
2001,DEU,Wind,10,,,,
2002,DEU,Wind,16,,,,
2003,DEU,Wind,19,,,,
2004,DEU,Wind,26,,,,
2005,DEU,Wind,28,,,,
2006,DEU,Wind,31,,,,
2007,DEU,Wind,41,,,,
2008,DEU,Wind,41,,,,
2009,DEU,Wind,39,,,,
2010,DEU,Wind,39,,,,
2011,DEU,Wind,50,,,,
2012,DEU,Wind,52,,,,
2013,DEU,Wind,53,,,,
2014,DEU,Wind,59,,,,
2015,DEU,Wind,81,,,,
2016,DEU,Wind,80,,,,
2017,DEU,Wind,110,,,,
2018,DEU,Wind,110,,,,
2019,DEU,Wind,130,,,,
2020,DEU,Wind,130,,,,
2021,DEU,Wind,110,,,,
2022,DEU,Wind,120,,,,
2023,DEU,Wind,140,,,,
2024,DEU,Wind,140,,,,
2025,DEU,Wind,140,,,,
2000,DJI,Hydro,0,,,,
2001,DJI,Hydro,0,,,,
2002,DJI,Hydro,0,,,,
2003,DJI,Hydro,0,,,,
2004,DJI,Hydro,0,,,,
2005,DJI,Hydro,0,,,,
2006,DJI,Hydro,0,,,,
2007,DJI,Hydro,0,,,,
2008,DJI,Hydro,0,,,,
2009,DJI,Hydro,0,,,,
2010,DJI,Hydro,0,,,,
2011,DJI,Hydro,0,,,,
2012,DJI,Hydro,0,,,,
2013,DJI,Hydro,0,,,,
2014,DJI,Hydro,0,,,,
2015,DJI,Hydro,0,,,,
2016,DJI,Hydro,0,,,,
2017,DJI,Hydro,0,,,,
2018,DJI,Hydro,0,,,,
2019,DJI,Hydro,0,,,,
2020,DJI,Hydro,0,,,,
2021,DJI,Hydro,0,,,,
2022,DJI,Hydro,0,,,,
2023,DJI,Hydro,0,,,,
2024,DJI,Hydro,0,,,,
2000,DJI,Nuclear,0,,,,
2001,DJI,Nuclear,0,,,,
2002,DJI,Nuclear,0,,,,
2003,DJI,Nuclear,0,,,,
2004,DJI,Nuclear,0,,,,
2005,DJI,Nuclear,0,,,,
2006,DJI,Nuclear,0,,,,
2007,DJI,Nuclear,0,,,,
2008,DJI,Nuclear,0,,,,
2009,DJI,Nuclear,0,,,,
2010,DJI,Nuclear,0,,,,
2011,DJI,Nuclear,0,,,,
2012,DJI,Nuclear,0,,,,
2013,DJI,Nuclear,0,,,,
2014,DJI,Nuclear,0,,,,
2015,DJI,Nuclear,0,,,,
2016,DJI,Nuclear,0,,,,
2017,DJI,Nuclear,0,,,,
2018,DJI,Nuclear,0,,,,
2019,DJI,Nuclear,0,,,,
2020,DJI,Nuclear,0,,,,
2021,DJI,Nuclear,0,,,,
2022,DJI,Nuclear,0,,,,
2023,DJI,Nuclear,0,,,,
2024,DJI,Nuclear,0,,,,
2000,DJI,Other renewables,0,,,,
2001,DJI,Other renewables,0,,,,
2002,DJI,Other renewables,0,,,,
2003,DJI,Other renewables,0,,,,
2004,DJI,Other renewables,0,,,,
2005,DJI,Other renewables,0,,,,
2006,DJI,Other renewables,0,,,,
2007,DJI,Other renewables,0,,,,
2008,DJI,Other renewables,0,,,,
2009,DJI,Other renewables,0,,,,
2010,DJI,Other renewables,0,,,,
2011,DJI,Other renewables,0,,,,
2012,DJI,Other renewables,0,,,,
2013,DJI,Other renewables,0,,,,
2014,DJI,Other renewables,0,,,,
2015,DJI,Other renewables,0,,,,
2016,DJI,Other renewables,0,,,,
2017,DJI,Other renewables,0,,,,
2018,DJI,Other renewables,0,,,,
2019,DJI,Other renewables,0,,,,
2020,DJI,Other renewables,0,,,,
2021,DJI,Other renewables,0,,,,
2022,DJI,Other renewables,0,,,,
2023,DJI,Other renewables,0,,,,
2024,DJI,Other renewables,0,,,,
2000,DJI,Solar,0,,,,
2001,DJI,Solar,0,,,,
2002,DJI,Solar,0,,,,
2003,DJI,Solar,0,,,,
2004,DJI,Solar,0,,,,
2005,DJI,Solar,0,,,,
2006,DJI,Solar,0,,,,
2007,DJI,Solar,0,,,,
2008,DJI,Solar,0,,,,
2009,DJI,Solar,0,,,,
2010,DJI,Solar,0,,,,
2011,DJI,Solar,0,,,,
2012,DJI,Solar,0,,,,
2013,DJI,Solar,0,,,,
2014,DJI,Solar,0,,,,
2015,DJI,Solar,0,,,,
2016,DJI,Solar,0,,,,
2017,DJI,Solar,0,,,,
2018,DJI,Solar,0,,,,
2019,DJI,Solar,0,,,,
2020,DJI,Solar,0,,,,
2021,DJI,Solar,0,,,,
2022,DJI,Solar,0,,,,
2023,DJI,Solar,0,,,,
2024,DJI,Solar,0,,,,
2000,DJI,Total,0,,,,
2001,DJI,Total,0,,,,
2002,DJI,Total,0,,,,
2003,DJI,Total,0,,,,
2004,DJI,Total,0,,,,
2005,DJI,Total,0,,,,
2006,DJI,Total,0,,,,
2007,DJI,Total,0,,,,
2008,DJI,Total,0,,,,
2009,DJI,Total,0,,,,
2010,DJI,Total,0,,,,
2011,DJI,Total,0,,,,
2012,DJI,Total,0,,,,
2013,DJI,Total,0,,,,
2014,DJI,Total,0,,,,
2015,DJI,Total,0,,,,
2016,DJI,Total,0,,,,
2017,DJI,Total,0,,,,
2018,DJI,Total,0,,,,
2019,DJI,Total,0,,,,
2020,DJI,Total,0,,,,
2021,DJI,Total,0.07,,,,
2022,DJI,Total,0.07,,,,
2023,DJI,Total,0.07,,,,
2024,DJI,Total,0.07,,,,
2000,DJI,Wind,0,,,,
2001,DJI,Wind,0,,,,
2002,DJI,Wind,0,,,,
2003,DJI,Wind,0,,,,
2004,DJI,Wind,0,,,,
2005,DJI,Wind,0,,,,
2006,DJI,Wind,0,,,,
2007,DJI,Wind,0,,,,
2008,DJI,Wind,0,,,,
2009,DJI,Wind,0,,,,
2010,DJI,Wind,0,,,,
2011,DJI,Wind,0,,,,
2012,DJI,Wind,0,,,,
2013,DJI,Wind,0,,,,
2014,DJI,Wind,0,,,,
2015,DJI,Wind,0,,,,
2016,DJI,Wind,0,,,,
2017,DJI,Wind,0,,,,
2018,DJI,Wind,0,,,,
2019,DJI,Wind,0,,,,
2020,DJI,Wind,0,,,,
2021,DJI,Wind,0.07,,,,
2022,DJI,Wind,0.07,,,,
2023,DJI,Wind,0.07,,,,
2024,DJI,Wind,0.07,,,,
2000,DMA,Hydro,0.03,,,,
2001,DMA,Hydro,0.03,,,,
2002,DMA,Hydro,0.03,,,,
2003,DMA,Hydro,0.03,,,,
2004,DMA,Hydro,0.03,,,,
2005,DMA,Hydro,0.03,,,,
2006,DMA,Hydro,0.03,,,,
2007,DMA,Hydro,0.02,,,,
2008,DMA,Hydro,0.02,,,,
2009,DMA,Hydro,0.02,,,,
2010,DMA,Hydro,0.02,,,,
2011,DMA,Hydro,0.04,,,,
2012,DMA,Hydro,0.03,,,,
2013,DMA,Hydro,0.04,,,,
2014,DMA,Hydro,0.03,,,,
2015,DMA,Hydro,0.02,,,,
2016,DMA,Hydro,0.04,,,,
2017,DMA,Hydro,0.03,,,,
2018,DMA,Hydro,0.02,,,,
2019,DMA,Hydro,0.02,,,,
2020,DMA,Hydro,0.02,,,,
2021,DMA,Hydro,0.02,,,,
2022,DMA,Hydro,0.02,,,,
2023,DMA,Hydro,0.02,,,,
2000,DMA,Nuclear,0,,,,
2001,DMA,Nuclear,0,,,,
2002,DMA,Nuclear,0,,,,
2003,DMA,Nuclear,0,,,,
2004,DMA,Nuclear,0,,,,
2005,DMA,Nuclear,0,,,,
2006,DMA,Nuclear,0,,,,
2007,DMA,Nuclear,0,,,,
2008,DMA,Nuclear,0,,,,
2009,DMA,Nuclear,0,,,,
2010,DMA,Nuclear,0,,,,
2011,DMA,Nuclear,0,,,,
2012,DMA,Nuclear,0,,,,
2013,DMA,Nuclear,0,,,,
2014,DMA,Nuclear,0,,,,
2015,DMA,Nuclear,0,,,,
2016,DMA,Nuclear,0,,,,
2017,DMA,Nuclear,0,,,,
2018,DMA,Nuclear,0,,,,
2019,DMA,Nuclear,0,,,,
2020,DMA,Nuclear,0,,,,
2021,DMA,Nuclear,0,,,,
2022,DMA,Nuclear,0,,,,
2023,DMA,Nuclear,0,,,,
2000,DMA,Other renewables,0,,,,
2001,DMA,Other renewables,0,,,,
2002,DMA,Other renewables,0,,,,
2003,DMA,Other renewables,0,,,,
2004,DMA,Other renewables,0,,,,
2005,DMA,Other renewables,0,,,,
2006,DMA,Other renewables,0,,,,
2007,DMA,Other renewables,0,,,,
2008,DMA,Other renewables,0,,,,
2009,DMA,Other renewables,0,,,,
2010,DMA,Other renewables,0,,,,
2011,DMA,Other renewables,0,,,,
2012,DMA,Other renewables,0,,,,
2013,DMA,Other renewables,0,,,,
2014,DMA,Other renewables,0,,,,
2015,DMA,Other renewables,0,,,,
2016,DMA,Other renewables,0,,,,
2017,DMA,Other renewables,0,,,,
2018,DMA,Other renewables,0,,,,
2019,DMA,Other renewables,0,,,,
2020,DMA,Other renewables,0,,,,
2021,DMA,Other renewables,0,,,,
2022,DMA,Other renewables,0,,,,
2023,DMA,Other renewables,0,,,,
2000,DMA,Solar,0,,,,
2001,DMA,Solar,0,,,,
2002,DMA,Solar,0,,,,
2003,DMA,Solar,0,,,,
2004,DMA,Solar,0,,,,
2005,DMA,Solar,0,,,,
2006,DMA,Solar,0,,,,
2007,DMA,Solar,0,,,,
2008,DMA,Solar,0,,,,
2009,DMA,Solar,0,,,,
2010,DMA,Solar,0,,,,
2011,DMA,Solar,0,,,,
2012,DMA,Solar,0,,,,
2013,DMA,Solar,0,,,,
2014,DMA,Solar,0,,,,
2015,DMA,Solar,0,,,,
2016,DMA,Solar,0,,,,
2017,DMA,Solar,0,,,,
2018,DMA,Solar,0,,,,
2019,DMA,Solar,0,,,,
2020,DMA,Solar,0,,,,
2021,DMA,Solar,0,,,,
2022,DMA,Solar,0,,,,
2023,DMA,Solar,0,,,,
2000,DMA,Total,0.03,,,,
2001,DMA,Total,0.03,,,,
2002,DMA,Total,0.03,,,,
2003,DMA,Total,0.03,,,,
2004,DMA,Total,0.03,,,,
2005,DMA,Total,0.03,,,,
2006,DMA,Total,0.03,,,,
2007,DMA,Total,0.02,,,,
2008,DMA,Total,0.02,,,,
2009,DMA,Total,0.02,,,,
2010,DMA,Total,0.02,,,,
2011,DMA,Total,0.04,,,,
2012,DMA,Total,0.03,,,,
2013,DMA,Total,0.04,,,,
2014,DMA,Total,0.03,,,,
2015,DMA,Total,0.02,,,,
2016,DMA,Total,0.04,,,,
2017,DMA,Total,0.03,,,,
2018,DMA,Total,0.02,,,,
2019,DMA,Total,0.02,,,,
2020,DMA,Total,0.02,,,,
2021,DMA,Total,0.02,,,,
2022,DMA,Total,0.02,,,,
2023,DMA,Total,0.02,,,,
2000,DMA,Wind,0,,,,
2001,DMA,Wind,0,,,,
2002,DMA,Wind,0,,,,
2003,DMA,Wind,0,,,,
2004,DMA,Wind,0,,,,
2005,DMA,Wind,0,,,,
2006,DMA,Wind,0,,,,
2007,DMA,Wind,0,,,,
2008,DMA,Wind,0,,,,
2009,DMA,Wind,0,,,,
2010,DMA,Wind,0,,,,
2011,DMA,Wind,0,,,,
2012,DMA,Wind,0,,,,
2013,DMA,Wind,0,,,,
2014,DMA,Wind,0,,,,
2015,DMA,Wind,0,,,,
2016,DMA,Wind,0,,,,
2017,DMA,Wind,0,,,,
2018,DMA,Wind,0,,,,
2019,DMA,Wind,0,,,,
2020,DMA,Wind,0,,,,
2021,DMA,Wind,0,,,,
2022,DMA,Wind,0,,,,
2023,DMA,Wind,0,,,,
1990,DNK,Hydro,0.03,,,,
1991,DNK,Hydro,0.03,,,,
1992,DNK,Hydro,0.03,,,,
1993,DNK,Hydro,0.03,,,,
1994,DNK,Hydro,0.03,,,,
1995,DNK,Hydro,0.03,,,,
1996,DNK,Hydro,0.02,,,,
1997,DNK,Hydro,0.02,,,,
1998,DNK,Hydro,0.03,,,,
1999,DNK,Hydro,0.03,,,,
2000,DNK,Hydro,0.03,,,,
2001,DNK,Hydro,0.03,,,,
2002,DNK,Hydro,0.03,,,,
2003,DNK,Hydro,0.02,,,,
2004,DNK,Hydro,0.03,,,,
2005,DNK,Hydro,0.02,,,,
2006,DNK,Hydro,0.02,,,,
2007,DNK,Hydro,0.03,,,,
2008,DNK,Hydro,0.03,,,,
2009,DNK,Hydro,0.02,,,,
2010,DNK,Hydro,0.02,,,,
2011,DNK,Hydro,0.02,,,,
2012,DNK,Hydro,0.02,,,,
2013,DNK,Hydro,0.01,,,,
2014,DNK,Hydro,0.02,,,,
2015,DNK,Hydro,0.02,,,,
2016,DNK,Hydro,0.02,,,,
2017,DNK,Hydro,0.02,,,,
2018,DNK,Hydro,0.01,,,,
2019,DNK,Hydro,0.02,,,,
2020,DNK,Hydro,0.02,,,,
2021,DNK,Hydro,0.02,,,,
2022,DNK,Hydro,0.01,,,,
2023,DNK,Hydro,0.02,,,,
2024,DNK,Hydro,0.02,,,,
2025,DNK,Hydro,0.02,,,,
1990,DNK,Nuclear,0,,,,
1991,DNK,Nuclear,0,,,,
1992,DNK,Nuclear,0,,,,
1993,DNK,Nuclear,0,,,,
1994,DNK,Nuclear,0,,,,
1995,DNK,Nuclear,0,,,,
1996,DNK,Nuclear,0,,,,
1997,DNK,Nuclear,0,,,,
1998,DNK,Nuclear,0,,,,
1999,DNK,Nuclear,0,,,,
2000,DNK,Nuclear,0,,,,
2001,DNK,Nuclear,0,,,,
2002,DNK,Nuclear,0,,,,
2003,DNK,Nuclear,0,,,,
2004,DNK,Nuclear,0,,,,
2005,DNK,Nuclear,0,,,,
2006,DNK,Nuclear,0,,,,
2007,DNK,Nuclear,0,,,,
2008,DNK,Nuclear,0,,,,
2009,DNK,Nuclear,0,,,,
2010,DNK,Nuclear,0,,,,
2011,DNK,Nuclear,0,,,,
2012,DNK,Nuclear,0,,,,
2013,DNK,Nuclear,0,,,,
2014,DNK,Nuclear,0,,,,
2015,DNK,Nuclear,0,,,,
2016,DNK,Nuclear,0,,,,
2017,DNK,Nuclear,0,,,,
2018,DNK,Nuclear,0,,,,
2019,DNK,Nuclear,0,,,,
2020,DNK,Nuclear,0,,,,
2021,DNK,Nuclear,0,,,,
2022,DNK,Nuclear,0,,,,
2023,DNK,Nuclear,0,,,,
2024,DNK,Nuclear,0,,,,
2025,DNK,Nuclear,0,,,,
1990,DNK,Other renewables,0,,,,
1991,DNK,Other renewables,0,,,,
1992,DNK,Other renewables,0,,,,
1993,DNK,Other renewables,0,,,,
1994,DNK,Other renewables,0,,,,
1995,DNK,Other renewables,0,,,,
1996,DNK,Other renewables,0,,,,
1997,DNK,Other renewables,0,,,,
1998,DNK,Other renewables,0,,,,
1999,DNK,Other renewables,0,,,,
2000,DNK,Other renewables,0,,,,
2001,DNK,Other renewables,0,,,,
2002,DNK,Other renewables,0,,,,
2003,DNK,Other renewables,0,,,,
2004,DNK,Other renewables,0,,,,
2005,DNK,Other renewables,0,,,,
2006,DNK,Other renewables,0,,,,
2007,DNK,Other renewables,0,,,,
2008,DNK,Other renewables,0,,,,
2009,DNK,Other renewables,0,,,,
2010,DNK,Other renewables,0,,,,
2011,DNK,Other renewables,0,,,,
2012,DNK,Other renewables,0,,,,
2013,DNK,Other renewables,0,,,,
2014,DNK,Other renewables,0,,,,
2015,DNK,Other renewables,0,,,,
2016,DNK,Other renewables,0,,,,
2017,DNK,Other renewables,0,,,,
2018,DNK,Other renewables,0,,,,
2019,DNK,Other renewables,0,,,,
2020,DNK,Other renewables,0,,,,
2021,DNK,Other renewables,0,,,,
2022,DNK,Other renewables,0,,,,
2023,DNK,Other renewables,0,,,,
2024,DNK,Other renewables,0,,,,
2025,DNK,Other renewables,0,,,,
1990,DNK,Solar,0,,,,
1991,DNK,Solar,0,,,,
1992,DNK,Solar,0,,,,
1993,DNK,Solar,0,,,,
1994,DNK,Solar,0,,,,
1995,DNK,Solar,0,,,,
1996,DNK,Solar,0,,,,
1997,DNK,Solar,0,,,,
1998,DNK,Solar,0,,,,
1999,DNK,Solar,0,,,,
2000,DNK,Solar,0,,,,
2001,DNK,Solar,0,,,,
2002,DNK,Solar,0,,,,
2003,DNK,Solar,0,,,,
2004,DNK,Solar,0,,,,
2005,DNK,Solar,0,,,,
2006,DNK,Solar,0,,,,
2007,DNK,Solar,0,,,,
2008,DNK,Solar,0,,,,
2009,DNK,Solar,0,,,,
2010,DNK,Solar,0.01,,,,
2011,DNK,Solar,0.01,,,,
2012,DNK,Solar,0.1,,,,
2013,DNK,Solar,0.52,,,,
2014,DNK,Solar,0.6,,,,
2015,DNK,Solar,0.6,,,,
2016,DNK,Solar,0.74,,,,
2017,DNK,Solar,0.75,,,,
2018,DNK,Solar,0.95,,,,
2019,DNK,Solar,0.96,,,,
2020,DNK,Solar,1.2,,,,
2021,DNK,Solar,1.3,,,,
2022,DNK,Solar,2.4,,,,
2023,DNK,Solar,3.7,,,,
2024,DNK,Solar,3.8,,,,
2025,DNK,Solar,4.6,,,,
1990,DNK,Total,0.83,,,,
1991,DNK,Total,1.1,,,,
1992,DNK,Total,1.4,,,,
1993,DNK,Total,1.6,,,,
1994,DNK,Total,1.7,,,,
1995,DNK,Total,1.9,,,,
1996,DNK,Total,2.1,,,,
1997,DNK,Total,2.9,,,,
1998,DNK,Total,3.9,,,,
1999,DNK,Total,4.4,,,,
2000,DNK,Total,5.6,,,,
2001,DNK,Total,5.9,,,,
2002,DNK,Total,6.8,,,,
2003,DNK,Total,8.1,,,,
2004,DNK,Total,9.5,,,,
2005,DNK,Total,9.8,,,,
2006,DNK,Total,9.2,,,,
2007,DNK,Total,10,,,,
2008,DNK,Total,10,,,,
2009,DNK,Total,10,,,,
2010,DNK,Total,12,,,,
2011,DNK,Total,14,,,,
2012,DNK,Total,15,,,,
2013,DNK,Total,16,,,,
2014,DNK,Total,18,,,,
2015,DNK,Total,19,,,,
2016,DNK,Total,18,,,,
2017,DNK,Total,22,,,,
2018,DNK,Total,21,,,,
2019,DNK,Total,23,,,,
2020,DNK,Total,23,,,,
2021,DNK,Total,26,,,,
2022,DNK,Total,28,,,,
2023,DNK,Total,29,,,,
2024,DNK,Total,31,,,,
2025,DNK,Total,33,,,,
1990,DNK,Wind,0.61,,,,
1991,DNK,Wind,0.74,,,,
1992,DNK,Wind,0.92,,,,
1993,DNK,Wind,1,,,,
1994,DNK,Wind,1.1,,,,
1995,DNK,Wind,1.2,,,,
1996,DNK,Wind,1.2,,,,
1997,DNK,Wind,1.9,,,,
1998,DNK,Wind,2.8,,,,
1999,DNK,Wind,3,,,,
2000,DNK,Wind,4.2,,,,
2001,DNK,Wind,4.3,,,,
2002,DNK,Wind,4.9,,,,
2003,DNK,Wind,5.6,,,,
2004,DNK,Wind,6.6,,,,
2005,DNK,Wind,6.6,,,,
2006,DNK,Wind,6.1,,,,
2007,DNK,Wind,7.2,,,,
2008,DNK,Wind,6.9,,,,
2009,DNK,Wind,6.7,,,,
2010,DNK,Wind,7.8,,,,
2011,DNK,Wind,9.8,,,,
2012,DNK,Wind,10,,,,
2013,DNK,Wind,11,,,,
2014,DNK,Wind,13,,,,
2015,DNK,Wind,14,,,,
2016,DNK,Wind,13,,,,
2017,DNK,Wind,15,,,,
2018,DNK,Wind,14,,,,
2019,DNK,Wind,16,,,,
2020,DNK,Wind,16,,,,
2021,DNK,Wind,16,,,,
2022,DNK,Wind,19,,,,
2023,DNK,Wind,19,,,,
2024,DNK,Wind,21,,,,
2025,DNK,Wind,20,,,,
2000,DOM,Hydro,0.75,,,,
2001,DOM,Hydro,0.7,,,,
2002,DOM,Hydro,0.87,,,,
2003,DOM,Hydro,1.2,,,,
2004,DOM,Hydro,1.6,,,,
2005,DOM,Hydro,1.9,,,,
2006,DOM,Hydro,1.8,,,,
2007,DOM,Hydro,1.7,,,,
2008,DOM,Hydro,1.4,,,,
2009,DOM,Hydro,1.5,,,,
2010,DOM,Hydro,1.4,,,,
2011,DOM,Hydro,1.5,,,,
2012,DOM,Hydro,1.8,,,,
2013,DOM,Hydro,1.9,,,,
2014,DOM,Hydro,1.3,,,,
2015,DOM,Hydro,0.93,,,,
2016,DOM,Hydro,1.5,,,,
2017,DOM,Hydro,2.2,,,,
2018,DOM,Hydro,1.8,,,,
2019,DOM,Hydro,1.3,,,,
2020,DOM,Hydro,1.3,,,,
2021,DOM,Hydro,1.5,,,,
2022,DOM,Hydro,1.5,,,,
2023,DOM,Hydro,1.5,,,,
2024,DOM,Hydro,1.5,,,,
2025,DOM,Hydro,1.5,,,,
2000,DOM,Nuclear,0,,,,
2001,DOM,Nuclear,0,,,,
2002,DOM,Nuclear,0,,,,
2003,DOM,Nuclear,0,,,,
2004,DOM,Nuclear,0,,,,
2005,DOM,Nuclear,0,,,,
2006,DOM,Nuclear,0,,,,
2007,DOM,Nuclear,0,,,,
2008,DOM,Nuclear,0,,,,
2009,DOM,Nuclear,0,,,,
2010,DOM,Nuclear,0,,,,
2011,DOM,Nuclear,0,,,,
2012,DOM,Nuclear,0,,,,
2013,DOM,Nuclear,0,,,,
2014,DOM,Nuclear,0,,,,
2015,DOM,Nuclear,0,,,,
2016,DOM,Nuclear,0,,,,
2017,DOM,Nuclear,0,,,,
2018,DOM,Nuclear,0,,,,
2019,DOM,Nuclear,0,,,,
2020,DOM,Nuclear,0,,,,
2021,DOM,Nuclear,0,,,,
2022,DOM,Nuclear,0,,,,
2023,DOM,Nuclear,0,,,,
2024,DOM,Nuclear,0,,,,
2025,DOM,Nuclear,0,,,,
2000,DOM,Other renewables,0,,,,
2001,DOM,Other renewables,0,,,,
2002,DOM,Other renewables,0,,,,
2003,DOM,Other renewables,0,,,,
2004,DOM,Other renewables,0,,,,
2005,DOM,Other renewables,0,,,,
2006,DOM,Other renewables,0,,,,
2007,DOM,Other renewables,0,,,,
2008,DOM,Other renewables,0,,,,
2009,DOM,Other renewables,0,,,,
2010,DOM,Other renewables,0,,,,
2011,DOM,Other renewables,0,,,,
2012,DOM,Other renewables,0,,,,
2013,DOM,Other renewables,0,,,,
2014,DOM,Other renewables,0,,,,
2015,DOM,Other renewables,0,,,,
2016,DOM,Other renewables,0,,,,
2017,DOM,Other renewables,0,,,,
2018,DOM,Other renewables,0,,,,
2019,DOM,Other renewables,0,,,,
2020,DOM,Other renewables,0,,,,
2021,DOM,Other renewables,0,,,,
2022,DOM,Other renewables,0,,,,
2023,DOM,Other renewables,0,,,,
2024,DOM,Other renewables,0,,,,
2025,DOM,Other renewables,0,,,,
2000,DOM,Solar,0,,,,
2001,DOM,Solar,0,,,,
2002,DOM,Solar,0,,,,
2003,DOM,Solar,0,,,,
2004,DOM,Solar,0,,,,
2005,DOM,Solar,0,,,,
2006,DOM,Solar,0,,,,
2007,DOM,Solar,0,,,,
2008,DOM,Solar,0,,,,
2009,DOM,Solar,0,,,,
2010,DOM,Solar,0,,,,
2011,DOM,Solar,0,,,,
2012,DOM,Solar,0,,,,
2013,DOM,Solar,0.01,,,,
2014,DOM,Solar,0.02,,,,
2015,DOM,Solar,0.03,,,,
2016,DOM,Solar,0.08,,,,
2017,DOM,Solar,0.14,,,,
2018,DOM,Solar,0.23,,,,
2019,DOM,Solar,0.37,,,,
2020,DOM,Solar,0.6,,,,
2021,DOM,Solar,0.85,,,,
2022,DOM,Solar,1.2,,,,
2023,DOM,Solar,1.4,,,,
2024,DOM,Solar,1.6,,,,
2025,DOM,Solar,2.3,,,,
2000,DOM,Total,0.91,,,,
2001,DOM,Total,0.86,,,,
2002,DOM,Total,1,,,,
2003,DOM,Total,1.4,,,,
2004,DOM,Total,1.7,,,,
2005,DOM,Total,2.1,,,,
2006,DOM,Total,1.9,,,,
2007,DOM,Total,1.9,,,,
2008,DOM,Total,1.5,,,,
2009,DOM,Total,1.6,,,,
2010,DOM,Total,1.6,,,,
2011,DOM,Total,1.7,,,,
2012,DOM,Total,2.1,,,,
2013,DOM,Total,2.3,,,,
2014,DOM,Total,1.8,,,,
2015,DOM,Total,1.4,,,,
2016,DOM,Total,2.1,,,,
2017,DOM,Total,3,,,,
2018,DOM,Total,2.7,,,,
2019,DOM,Total,2.7,,,,
2020,DOM,Total,3.2,,,,
2021,DOM,Total,3.8,,,,
2022,DOM,Total,4.1,,,,
2023,DOM,Total,4.2,,,,
2024,DOM,Total,4.5,,,,
2025,DOM,Total,5.4,,,,
2000,DOM,Wind,0,,,,
2001,DOM,Wind,0,,,,
2002,DOM,Wind,0,,,,
2003,DOM,Wind,0,,,,
2004,DOM,Wind,0,,,,
2005,DOM,Wind,0,,,,
2006,DOM,Wind,0,,,,
2007,DOM,Wind,0,,,,
2008,DOM,Wind,0,,,,
2009,DOM,Wind,0,,,,
2010,DOM,Wind,0,,,,
2011,DOM,Wind,0.01,,,,
2012,DOM,Wind,0.1,,,,
2013,DOM,Wind,0.24,,,,
2014,DOM,Wind,0.24,,,,
2015,DOM,Wind,0.29,,,,
2016,DOM,Wind,0.32,,,,
2017,DOM,Wind,0.39,,,,
2018,DOM,Wind,0.5,,,,
2019,DOM,Wind,0.79,,,,
2020,DOM,Wind,1.1,,,,
2021,DOM,Wind,1.2,,,,
2022,DOM,Wind,1.2,,,,
2023,DOM,Wind,1.2,,,,
2024,DOM,Wind,1.3,,,,
2025,DOM,Wind,1.4,,,,
2000,DZA,Hydro,0.05,,,,
2001,DZA,Hydro,0.07,,,,
2002,DZA,Hydro,0.06,,,,
2003,DZA,Hydro,0.26,,,,
2004,DZA,Hydro,0.25,,,,
2005,DZA,Hydro,0.55,,,,
2006,DZA,Hydro,0.22,,,,
2007,DZA,Hydro,0.22,,,,
2008,DZA,Hydro,0.28,,,,
2009,DZA,Hydro,0.3,,,,
2010,DZA,Hydro,0.17,,,,
2011,DZA,Hydro,0.5,,,,
2012,DZA,Hydro,0.62,,,,
2013,DZA,Hydro,0.33,,,,
2014,DZA,Hydro,0.25,,,,
2015,DZA,Hydro,0.14,,,,
2016,DZA,Hydro,0.22,,,,
2017,DZA,Hydro,0.06,,,,
2018,DZA,Hydro,0.12,,,,
2019,DZA,Hydro,0.15,,,,
2020,DZA,Hydro,0.05,,,,
2021,DZA,Hydro,0.01,,,,
2022,DZA,Hydro,0.02,,,,
2023,DZA,Hydro,0.02,,,,
2024,DZA,Hydro,0.02,,,,
2000,DZA,Nuclear,0,,,,
2001,DZA,Nuclear,0,,,,
2002,DZA,Nuclear,0,,,,
2003,DZA,Nuclear,0,,,,
2004,DZA,Nuclear,0,,,,
2005,DZA,Nuclear,0,,,,
2006,DZA,Nuclear,0,,,,
2007,DZA,Nuclear,0,,,,
2008,DZA,Nuclear,0,,,,
2009,DZA,Nuclear,0,,,,
2010,DZA,Nuclear,0,,,,
2011,DZA,Nuclear,0,,,,
2012,DZA,Nuclear,0,,,,
2013,DZA,Nuclear,0,,,,
2014,DZA,Nuclear,0,,,,
2015,DZA,Nuclear,0,,,,
2016,DZA,Nuclear,0,,,,
2017,DZA,Nuclear,0,,,,
2018,DZA,Nuclear,0,,,,
2019,DZA,Nuclear,0,,,,
2020,DZA,Nuclear,0,,,,
2021,DZA,Nuclear,0,,,,
2022,DZA,Nuclear,0,,,,
2023,DZA,Nuclear,0,,,,
2024,DZA,Nuclear,0,,,,
2000,DZA,Other renewables,0,,,,
2001,DZA,Other renewables,0,,,,
2002,DZA,Other renewables,0,,,,
2003,DZA,Other renewables,0,,,,
2004,DZA,Other renewables,0,,,,
2005,DZA,Other renewables,0,,,,
2006,DZA,Other renewables,0,,,,
2007,DZA,Other renewables,0,,,,
2008,DZA,Other renewables,0,,,,
2009,DZA,Other renewables,0,,,,
2010,DZA,Other renewables,0,,,,
2011,DZA,Other renewables,0,,,,
2012,DZA,Other renewables,0,,,,
2013,DZA,Other renewables,0,,,,
2014,DZA,Other renewables,0,,,,
2015,DZA,Other renewables,0,,,,
2016,DZA,Other renewables,0,,,,
2017,DZA,Other renewables,0,,,,
2018,DZA,Other renewables,0,,,,
2019,DZA,Other renewables,0,,,,
2020,DZA,Other renewables,0,,,,
2021,DZA,Other renewables,0,,,,
2022,DZA,Other renewables,0,,,,
2023,DZA,Other renewables,0,,,,
2024,DZA,Other renewables,0,,,,
2000,DZA,Solar,0,,,,
2001,DZA,Solar,0,,,,
2002,DZA,Solar,0,,,,
2003,DZA,Solar,0,,,,
2004,DZA,Solar,0,,,,
2005,DZA,Solar,0,,,,
2006,DZA,Solar,0,,,,
2007,DZA,Solar,0,,,,
2008,DZA,Solar,0,,,,
2009,DZA,Solar,0,,,,
2010,DZA,Solar,0,,,,
2011,DZA,Solar,0,,,,
2012,DZA,Solar,0,,,,
2013,DZA,Solar,0,,,,
2014,DZA,Solar,0,,,,
2015,DZA,Solar,0.06,,,,
2016,DZA,Solar,0.09,,,,
2017,DZA,Solar,0.57,,,,
2018,DZA,Solar,0.69,,,,
2019,DZA,Solar,0.71,,,,
2020,DZA,Solar,0.82,,,,
2021,DZA,Solar,0.79,,,,
2022,DZA,Solar,0.83,,,,
2023,DZA,Solar,0.87,,,,
2024,DZA,Solar,0.99,,,,
2000,DZA,Total,0.05,,,,
2001,DZA,Total,0.07,,,,
2002,DZA,Total,0.06,,,,
2003,DZA,Total,0.26,,,,
2004,DZA,Total,0.25,,,,
2005,DZA,Total,0.55,,,,
2006,DZA,Total,0.22,,,,
2007,DZA,Total,0.22,,,,
2008,DZA,Total,0.28,,,,
2009,DZA,Total,0.3,,,,
2010,DZA,Total,0.17,,,,
2011,DZA,Total,0.5,,,,
2012,DZA,Total,0.62,,,,
2013,DZA,Total,0.33,,,,
2014,DZA,Total,0.25,,,,
2015,DZA,Total,0.22,,,,
2016,DZA,Total,0.34,,,,
2017,DZA,Total,0.64,,,,
2018,DZA,Total,0.82,,,,
2019,DZA,Total,0.87,,,,
2020,DZA,Total,0.88,,,,
2021,DZA,Total,0.81,,,,
2022,DZA,Total,0.86,,,,
2023,DZA,Total,0.91,,,,
2024,DZA,Total,1,,,,
2000,DZA,Wind,0,,,,
2001,DZA,Wind,0,,,,
2002,DZA,Wind,0,,,,
2003,DZA,Wind,0,,,,
2004,DZA,Wind,0,,,,
2005,DZA,Wind,0,,,,
2006,DZA,Wind,0,,,,
2007,DZA,Wind,0,,,,
2008,DZA,Wind,0,,,,
2009,DZA,Wind,0,,,,
2010,DZA,Wind,0,,,,
2011,DZA,Wind,0,,,,
2012,DZA,Wind,0,,,,
2013,DZA,Wind,0,,,,
2014,DZA,Wind,0,,,,
2015,DZA,Wind,0.02,,,,
2016,DZA,Wind,0.03,,,,
2017,DZA,Wind,0.01,,,,
2018,DZA,Wind,0.01,,,,
2019,DZA,Wind,0.01,,,,
2020,DZA,Wind,0.01,,,,
2021,DZA,Wind,0.01,,,,
2022,DZA,Wind,0.01,,,,
2023,DZA,Wind,0.02,,,,
2024,DZA,Wind,0.02,,,,
2000,ECU,Hydro,7.5,,,,
2001,ECU,Hydro,7,,,,
2002,ECU,Hydro,7.5,,,,
2003,ECU,Hydro,7.1,,,,
2004,ECU,Hydro,7.3,,,,
2005,ECU,Hydro,6.8,,,,
2006,ECU,Hydro,7.1,,,,
2007,ECU,Hydro,9,,,,
2008,ECU,Hydro,11,,,,
2009,ECU,Hydro,9.1,,,,
2010,ECU,Hydro,8.6,,,,
2011,ECU,Hydro,11,,,,
2012,ECU,Hydro,12,,,,
2013,ECU,Hydro,11,,,,
2014,ECU,Hydro,11,,,,
2015,ECU,Hydro,13,,,,
2016,ECU,Hydro,16,,,,
2017,ECU,Hydro,20,,,,
2018,ECU,Hydro,20,,,,
2019,ECU,Hydro,25,,,,
2020,ECU,Hydro,24,,,,
2021,ECU,Hydro,26,,,,
2022,ECU,Hydro,25,,,,
2023,ECU,Hydro,26,,,,
2024,ECU,Hydro,23,,,,
2025,ECU,Hydro,29,,,,
2000,ECU,Nuclear,0,,,,
2001,ECU,Nuclear,0,,,,
2002,ECU,Nuclear,0,,,,
2003,ECU,Nuclear,0,,,,
2004,ECU,Nuclear,0,,,,
2005,ECU,Nuclear,0,,,,
2006,ECU,Nuclear,0,,,,
2007,ECU,Nuclear,0,,,,
2008,ECU,Nuclear,0,,,,
2009,ECU,Nuclear,0,,,,
2010,ECU,Nuclear,0,,,,
2011,ECU,Nuclear,0,,,,
2012,ECU,Nuclear,0,,,,
2013,ECU,Nuclear,0,,,,
2014,ECU,Nuclear,0,,,,
2015,ECU,Nuclear,0,,,,
2016,ECU,Nuclear,0,,,,
2017,ECU,Nuclear,0,,,,
2018,ECU,Nuclear,0,,,,
2019,ECU,Nuclear,0,,,,
2020,ECU,Nuclear,0,,,,
2021,ECU,Nuclear,0,,,,
2022,ECU,Nuclear,0,,,,
2023,ECU,Nuclear,0,,,,
2024,ECU,Nuclear,0,,,,
2025,ECU,Nuclear,0,,,,
2000,ECU,Other renewables,0,,,,
2001,ECU,Other renewables,0,,,,
2002,ECU,Other renewables,0,,,,
2003,ECU,Other renewables,0,,,,
2004,ECU,Other renewables,0,,,,
2005,ECU,Other renewables,0,,,,
2006,ECU,Other renewables,0,,,,
2007,ECU,Other renewables,0,,,,
2008,ECU,Other renewables,0,,,,
2009,ECU,Other renewables,0,,,,
2010,ECU,Other renewables,0,,,,
2011,ECU,Other renewables,0,,,,
2012,ECU,Other renewables,0,,,,
2013,ECU,Other renewables,0,,,,
2014,ECU,Other renewables,0,,,,
2015,ECU,Other renewables,0,,,,
2016,ECU,Other renewables,0,,,,
2017,ECU,Other renewables,0,,,,
2018,ECU,Other renewables,0,,,,
2019,ECU,Other renewables,0,,,,
2020,ECU,Other renewables,0,,,,
2021,ECU,Other renewables,0,,,,
2022,ECU,Other renewables,0,,,,
2023,ECU,Other renewables,0,,,,
2024,ECU,Other renewables,0,,,,
2025,ECU,Other renewables,0,,,,
2000,ECU,Solar,0,,,,
2001,ECU,Solar,0,,,,
2002,ECU,Solar,0,,,,
2003,ECU,Solar,0,,,,
2004,ECU,Solar,0,,,,
2005,ECU,Solar,0,,,,
2006,ECU,Solar,0,,,,
2007,ECU,Solar,0,,,,
2008,ECU,Solar,0,,,,
2009,ECU,Solar,0,,,,
2010,ECU,Solar,0,,,,
2011,ECU,Solar,0,,,,
2012,ECU,Solar,0,,,,
2013,ECU,Solar,0,,,,
2014,ECU,Solar,0.02,,,,
2015,ECU,Solar,0.04,,,,
2016,ECU,Solar,0.04,,,,
2017,ECU,Solar,0.04,,,,
2018,ECU,Solar,0.04,,,,
2019,ECU,Solar,0.04,,,,
2020,ECU,Solar,0.04,,,,
2021,ECU,Solar,0.04,,,,
2022,ECU,Solar,0.04,,,,
2023,ECU,Solar,0.04,,,,
2024,ECU,Solar,0.04,,,,
2025,ECU,Solar,0.04,,,,
2000,ECU,Total,7.5,,,,
2001,ECU,Total,7,,,,
2002,ECU,Total,7.5,,,,
2003,ECU,Total,7.1,,,,
2004,ECU,Total,7.3,,,,
2005,ECU,Total,6.8,,,,
2006,ECU,Total,7.1,,,,
2007,ECU,Total,9,,,,
2008,ECU,Total,11,,,,
2009,ECU,Total,9.2,,,,
2010,ECU,Total,8.6,,,,
2011,ECU,Total,11,,,,
2012,ECU,Total,12,,,,
2013,ECU,Total,11,,,,
2014,ECU,Total,12,,,,
2015,ECU,Total,13,,,,
2016,ECU,Total,16,,,,
2017,ECU,Total,20,,,,
2018,ECU,Total,21,,,,
2019,ECU,Total,25,,,,
2020,ECU,Total,25,,,,
2021,ECU,Total,26,,,,
2022,ECU,Total,25,,,,
2023,ECU,Total,26,,,,
2024,ECU,Total,24,,,,
2025,ECU,Total,29,,,,
2000,ECU,Wind,0,,,,
2001,ECU,Wind,0,,,,
2002,ECU,Wind,0,,,,
2003,ECU,Wind,0,,,,
2004,ECU,Wind,0,,,,
2005,ECU,Wind,0,,,,
2006,ECU,Wind,0,,,,
2007,ECU,Wind,0,,,,
2008,ECU,Wind,0,,,,
2009,ECU,Wind,0,,,,
2010,ECU,Wind,0,,,,
2011,ECU,Wind,0,,,,
2012,ECU,Wind,0,,,,
2013,ECU,Wind,0.06,,,,
2014,ECU,Wind,0.08,,,,
2015,ECU,Wind,0.1,,,,
2016,ECU,Wind,0.08,,,,
2017,ECU,Wind,0.07,,,,
2018,ECU,Wind,0.08,,,,
2019,ECU,Wind,0.09,,,,
2020,ECU,Wind,0.08,,,,
2021,ECU,Wind,0.06,,,,
2022,ECU,Wind,0.06,,,,
2023,ECU,Wind,0.21,,,,
2024,ECU,Wind,0.23,,,,
2025,ECU,Wind,0.19,,,,
1985,EGY,Hydro,9.2,,,,
1986,EGY,Hydro,9,,,,
1987,EGY,Hydro,9,,,,
1988,EGY,Hydro,8.8,,,,
1989,EGY,Hydro,9.5,,,,
1990,EGY,Hydro,10,,,,
1991,EGY,Hydro,9.9,,,,
1992,EGY,Hydro,9.8,,,,
1993,EGY,Hydro,10,,,,
1994,EGY,Hydro,11,,,,
1995,EGY,Hydro,11,,,,
1996,EGY,Hydro,11,,,,
1997,EGY,Hydro,12,,,,
1998,EGY,Hydro,12,,,,
1999,EGY,Hydro,13,,,,
2000,EGY,Hydro,14,,,,
2001,EGY,Hydro,14,,,,
2002,EGY,Hydro,14,,,,
2003,EGY,Hydro,13,,,,
2004,EGY,Hydro,13,,,,
2005,EGY,Hydro,13,,,,
2006,EGY,Hydro,13,,,,
2007,EGY,Hydro,14,,,,
2008,EGY,Hydro,15,,,,
2009,EGY,Hydro,14,,,,
2010,EGY,Hydro,13,,,,
2011,EGY,Hydro,13,,,,
2012,EGY,Hydro,13,,,,
2013,EGY,Hydro,13,,,,
2014,EGY,Hydro,14,,,,
2015,EGY,Hydro,14,,,,
2016,EGY,Hydro,13,,,,
2017,EGY,Hydro,13,,,,
2018,EGY,Hydro,13,,,,
2019,EGY,Hydro,13,,,,
2020,EGY,Hydro,14,,,,
2021,EGY,Hydro,15,,,,
2022,EGY,Hydro,15,,,,
2023,EGY,Hydro,15,,,,
2024,EGY,Hydro,14,,,,
2025,EGY,Hydro,15,,,,
1985,EGY,Nuclear,0,,,,
1986,EGY,Nuclear,0,,,,
1987,EGY,Nuclear,0,,,,
1988,EGY,Nuclear,0,,,,
1989,EGY,Nuclear,0,,,,
1990,EGY,Nuclear,0,,,,
1991,EGY,Nuclear,0,,,,
1992,EGY,Nuclear,0,,,,
1993,EGY,Nuclear,0,,,,
1994,EGY,Nuclear,0,,,,
1995,EGY,Nuclear,0,,,,
1996,EGY,Nuclear,0,,,,
1997,EGY,Nuclear,0,,,,
1998,EGY,Nuclear,0,,,,
1999,EGY,Nuclear,0,,,,
1990,EGY,Solar,0,,,,
1991,EGY,Solar,0,,,,
1992,EGY,Solar,0,,,,
1993,EGY,Solar,0,,,,
1994,EGY,Solar,0,,,,
1995,EGY,Solar,0,,,,
1996,EGY,Solar,0,,,,
1997,EGY,Solar,0,,,,
1998,EGY,Solar,0,,,,
1999,EGY,Solar,0,,,,
2000,EGY,Solar,0,,,,
2001,EGY,Solar,0,,,,
2002,EGY,Solar,0,,,,
2003,EGY,Solar,0,,,,
2004,EGY,Solar,0,,,,
2005,EGY,Solar,0,,,,
2006,EGY,Solar,0,,,,
2007,EGY,Solar,0,,,,
2008,EGY,Solar,0,,,,
2009,EGY,Solar,0,,,,
2010,EGY,Solar,0.03,,,,
2011,EGY,Solar,0.24,,,,
2012,EGY,Solar,0.5,,,,
2013,EGY,Solar,0.03,,,,
2014,EGY,Solar,0.14,,,,
2015,EGY,Solar,0.04,,,,
2016,EGY,Solar,0.23,,,,
2017,EGY,Solar,0.6,,,,
2018,EGY,Solar,0.55,,,,
2019,EGY,Solar,1.5,,,,
2020,EGY,Solar,4.5,,,,
2021,EGY,Solar,5,,,,
2022,EGY,Solar,5,,,,
2023,EGY,Solar,4.9,,,,
2024,EGY,Solar,6.1,,,,
2025,EGY,Solar,7.6,,,,
1985,EGY,Total,9.2,,,,
1986,EGY,Total,9,,,,
1987,EGY,Total,9,,,,
1988,EGY,Total,8.8,,,,
1989,EGY,Total,9.5,,,,
1990,EGY,Total,10,,,,
1991,EGY,Total,9.9,,,,
1992,EGY,Total,9.8,,,,
1993,EGY,Total,10,,,,
1994,EGY,Total,11,,,,
1995,EGY,Total,11,,,,
1996,EGY,Total,11,,,,
1997,EGY,Total,12,,,,
1998,EGY,Total,12,,,,
1999,EGY,Total,13,,,,
2000,EGY,Total,14,,,,
2001,EGY,Total,15,,,,
2002,EGY,Total,14,,,,
2003,EGY,Total,13,,,,
2004,EGY,Total,13,,,,
2005,EGY,Total,13,,,,
2006,EGY,Total,13,,,,
2007,EGY,Total,15,,,,
2008,EGY,Total,16,,,,
2009,EGY,Total,15,,,,
2010,EGY,Total,14,,,,
2011,EGY,Total,15,,,,
2012,EGY,Total,15,,,,
2013,EGY,Total,15,,,,
2014,EGY,Total,15,,,,
2015,EGY,Total,16,,,,
2016,EGY,Total,16,,,,
2017,EGY,Total,16,,,,
2018,EGY,Total,16,,,,
2019,EGY,Total,20,,,,
2020,EGY,Total,24,,,,
2021,EGY,Total,25,,,,
2022,EGY,Total,26,,,,
2023,EGY,Total,26,,,,
2024,EGY,Total,27,,,,
2025,EGY,Total,32,,,,
1985,EGY,Wind,0,,,,
1986,EGY,Wind,0,,,,
1987,EGY,Wind,0,,,,
1988,EGY,Wind,0,,,,
1989,EGY,Wind,0,,,,
1990,EGY,Wind,0,,,,
1991,EGY,Wind,0,,,,
1992,EGY,Wind,0,,,,
1993,EGY,Wind,0,,,,
1994,EGY,Wind,0,,,,
1995,EGY,Wind,0,,,,
1996,EGY,Wind,0,,,,
1997,EGY,Wind,0,,,,
1998,EGY,Wind,0,,,,
1999,EGY,Wind,0.01,,,,
2000,EGY,Wind,0.08,,,,
2001,EGY,Wind,0.18,,,,
2002,EGY,Wind,0.21,,,,
2003,EGY,Wind,0.29,,,,
2004,EGY,Wind,0.5,,,,
2005,EGY,Wind,0.51,,,,
2006,EGY,Wind,0.61,,,,
2007,EGY,Wind,0.66,,,,
2008,EGY,Wind,0.93,,,,
2009,EGY,Wind,1,,,,
2010,EGY,Wind,1.4,,,,
2011,EGY,Wind,1.5,,,,
2012,EGY,Wind,1.3,,,,
2013,EGY,Wind,1.6,,,,
2014,EGY,Wind,1,,,,
2015,EGY,Wind,1.9,,,,
2016,EGY,Wind,2.4,,,,
2017,EGY,Wind,2.1,,,,
2018,EGY,Wind,3,,,,
2019,EGY,Wind,5,,,,
2020,EGY,Wind,5.2,,,,
2021,EGY,Wind,5.5,,,,
2022,EGY,Wind,5.9,,,,
2023,EGY,Wind,6,,,,
2024,EGY,Wind,6.1,,,,
2025,EGY,Wind,9.3,,,,
2000,ERI,Hydro,0,,,,
2001,ERI,Hydro,0,,,,
2002,ERI,Hydro,0,,,,
2003,ERI,Hydro,0,,,,
2004,ERI,Hydro,0,,,,
2005,ERI,Hydro,0,,,,
2006,ERI,Hydro,0,,,,
2007,ERI,Hydro,0,,,,
2008,ERI,Hydro,0,,,,
2009,ERI,Hydro,0,,,,
2010,ERI,Hydro,0,,,,
2011,ERI,Hydro,0,,,,
2012,ERI,Hydro,0,,,,
2013,ERI,Hydro,0,,,,
2014,ERI,Hydro,0,,,,
2015,ERI,Hydro,0,,,,
2016,ERI,Hydro,0,,,,
2017,ERI,Hydro,0,,,,
2018,ERI,Hydro,0,,,,
2019,ERI,Hydro,0,,,,
2020,ERI,Hydro,0,,,,
2021,ERI,Hydro,0,,,,
2022,ERI,Hydro,0,,,,
2023,ERI,Hydro,0,,,,
2024,ERI,Hydro,0,,,,
2000,ERI,Nuclear,0,,,,
2001,ERI,Nuclear,0,,,,
2002,ERI,Nuclear,0,,,,
2003,ERI,Nuclear,0,,,,
2004,ERI,Nuclear,0,,,,
2005,ERI,Nuclear,0,,,,
2006,ERI,Nuclear,0,,,,
2007,ERI,Nuclear,0,,,,
2008,ERI,Nuclear,0,,,,
2009,ERI,Nuclear,0,,,,
2010,ERI,Nuclear,0,,,,
2011,ERI,Nuclear,0,,,,
2012,ERI,Nuclear,0,,,,
2013,ERI,Nuclear,0,,,,
2014,ERI,Nuclear,0,,,,
2015,ERI,Nuclear,0,,,,
2016,ERI,Nuclear,0,,,,
2017,ERI,Nuclear,0,,,,
2018,ERI,Nuclear,0,,,,
2019,ERI,Nuclear,0,,,,
2020,ERI,Nuclear,0,,,,
2021,ERI,Nuclear,0,,,,
2022,ERI,Nuclear,0,,,,
2023,ERI,Nuclear,0,,,,
2024,ERI,Nuclear,0,,,,
2000,ERI,Other renewables,0,,,,
2001,ERI,Other renewables,0,,,,
2002,ERI,Other renewables,0,,,,
2003,ERI,Other renewables,0,,,,
2004,ERI,Other renewables,0,,,,
2005,ERI,Other renewables,0,,,,
2006,ERI,Other renewables,0,,,,
2007,ERI,Other renewables,0,,,,
2008,ERI,Other renewables,0,,,,
2009,ERI,Other renewables,0,,,,
2010,ERI,Other renewables,0,,,,
2011,ERI,Other renewables,0,,,,
2012,ERI,Other renewables,0,,,,
2013,ERI,Other renewables,0,,,,
2014,ERI,Other renewables,0,,,,
2015,ERI,Other renewables,0,,,,
2016,ERI,Other renewables,0,,,,
2017,ERI,Other renewables,0,,,,
2018,ERI,Other renewables,0,,,,
2019,ERI,Other renewables,0,,,,
2020,ERI,Other renewables,0,,,,
2021,ERI,Other renewables,0,,,,
2022,ERI,Other renewables,0,,,,
2023,ERI,Other renewables,0,,,,
2024,ERI,Other renewables,0,,,,
2000,ERI,Solar,0,,,,
2001,ERI,Solar,0,,,,
2002,ERI,Solar,0,,,,
2003,ERI,Solar,0,,,,
2004,ERI,Solar,0,,,,
2005,ERI,Solar,0,,,,
2006,ERI,Solar,0,,,,
2007,ERI,Solar,0,,,,
2008,ERI,Solar,0,,,,
2009,ERI,Solar,0,,,,
2010,ERI,Solar,0,,,,
2011,ERI,Solar,0,,,,
2012,ERI,Solar,0,,,,
2013,ERI,Solar,0,,,,
2014,ERI,Solar,0,,,,
2015,ERI,Solar,0,,,,
2016,ERI,Solar,0,,,,
2017,ERI,Solar,0.01,,,,
2018,ERI,Solar,0.05,,,,
2019,ERI,Solar,0.05,,,,
2020,ERI,Solar,0.05,,,,
2021,ERI,Solar,0.05,,,,
2022,ERI,Solar,0.05,,,,
2023,ERI,Solar,0.05,,,,
2024,ERI,Solar,0.05,,,,
2000,ERI,Total,0,,,,
2001,ERI,Total,0,,,,
2002,ERI,Total,0,,,,
2003,ERI,Total,0,,,,
2004,ERI,Total,0,,,,
2005,ERI,Total,0,,,,
2006,ERI,Total,0,,,,
2007,ERI,Total,0,,,,
2008,ERI,Total,0,,,,
2009,ERI,Total,0,,,,
2010,ERI,Total,0,,,,
2011,ERI,Total,0,,,,
2012,ERI,Total,0,,,,
2013,ERI,Total,0,,,,
2014,ERI,Total,0,,,,
2015,ERI,Total,0,,,,
2016,ERI,Total,0,,,,
2017,ERI,Total,0.01,,,,
2018,ERI,Total,0.05,,,,
2019,ERI,Total,0.05,,,,
2020,ERI,Total,0.05,,,,
2021,ERI,Total,0.05,,,,
2022,ERI,Total,0.05,,,,
2023,ERI,Total,0.05,,,,
2024,ERI,Total,0.05,,,,
2000,ERI,Wind,0,,,,
2001,ERI,Wind,0,,,,
2002,ERI,Wind,0,,,,
2003,ERI,Wind,0,,,,
2004,ERI,Wind,0,,,,
2005,ERI,Wind,0,,,,
2006,ERI,Wind,0,,,,
2007,ERI,Wind,0,,,,
2008,ERI,Wind,0,,,,
2009,ERI,Wind,0,,,,
2010,ERI,Wind,0,,,,
2011,ERI,Wind,0,,,,
2012,ERI,Wind,0,,,,
2013,ERI,Wind,0,,,,
2014,ERI,Wind,0,,,,
2015,ERI,Wind,0,,,,
2016,ERI,Wind,0,,,,
2017,ERI,Wind,0,,,,
2018,ERI,Wind,0,,,,
2019,ERI,Wind,0,,,,
2020,ERI,Wind,0,,,,
2021,ERI,Wind,0,,,,
2022,ERI,Wind,0,,,,
2023,ERI,Wind,0,,,,
2024,ERI,Wind,0,,,,
1990,ESP,Hydro,25,,,,
1991,ESP,Hydro,27,,,,
1992,ESP,Hydro,19,,,,
1993,ESP,Hydro,24,,,,
1994,ESP,Hydro,28,,,,
1995,ESP,Hydro,23,,,,
1996,ESP,Hydro,40,,,,
1997,ESP,Hydro,35,,,,
1998,ESP,Hydro,34,,,,
1999,ESP,Hydro,23,,,,
2000,ESP,Hydro,28,,,,
2001,ESP,Hydro,41,,,,
2002,ESP,Hydro,21,,,,
2003,ESP,Hydro,40,,,,
2004,ESP,Hydro,31,,,,
2005,ESP,Hydro,18,,,,
2006,ESP,Hydro,26,,,,
2007,ESP,Hydro,27,,,,
2008,ESP,Hydro,23,,,,
2009,ESP,Hydro,26,,,,
2010,ESP,Hydro,42,,,,
2011,ESP,Hydro,31,,,,
2012,ESP,Hydro,21,,,,
2013,ESP,Hydro,37,,,,
2014,ESP,Hydro,39,,,,
2015,ESP,Hydro,28,,,,
2016,ESP,Hydro,36,,,,
2017,ESP,Hydro,18,,,,
2018,ESP,Hydro,34,,,,
2019,ESP,Hydro,25,,,,
2020,ESP,Hydro,31,,,,
2021,ESP,Hydro,30,,,,
2022,ESP,Hydro,18,,,,
2023,ESP,Hydro,25,,,,
2024,ESP,Hydro,34,,,,
2025,ESP,Hydro,33,,,,
1990,ESP,Nuclear,54,,,,
1991,ESP,Nuclear,56,,,,
1992,ESP,Nuclear,56,,,,
1993,ESP,Nuclear,56,,,,
1994,ESP,Nuclear,55,,,,
1995,ESP,Nuclear,55,,,,
1996,ESP,Nuclear,56,,,,
1997,ESP,Nuclear,55,,,,
1998,ESP,Nuclear,59,,,,
1999,ESP,Nuclear,59,,,,
2000,ESP,Nuclear,62,,,,
2001,ESP,Nuclear,64,,,,
2002,ESP,Nuclear,63,,,,
2003,ESP,Nuclear,62,,,,
2004,ESP,Nuclear,64,,,,
2005,ESP,Nuclear,58,,,,
2006,ESP,Nuclear,60,,,,
2007,ESP,Nuclear,55,,,,
2008,ESP,Nuclear,59,,,,
2009,ESP,Nuclear,53,,,,
2010,ESP,Nuclear,62,,,,
2011,ESP,Nuclear,58,,,,
2012,ESP,Nuclear,61,,,,
2013,ESP,Nuclear,57,,,,
2014,ESP,Nuclear,57,,,,
2015,ESP,Nuclear,57,,,,
2016,ESP,Nuclear,59,,,,
2017,ESP,Nuclear,58,,,,
2018,ESP,Nuclear,56,,,,
2019,ESP,Nuclear,58,,,,
2020,ESP,Nuclear,58,,,,
2021,ESP,Nuclear,57,,,,
2022,ESP,Nuclear,59,,,,
2023,ESP,Nuclear,57,,,,
2024,ESP,Nuclear,55,,,,
2025,ESP,Nuclear,54,,,,
1990,ESP,Other renewables,0,,,,
1991,ESP,Other renewables,0,,,,
1992,ESP,Other renewables,0,,,,
1993,ESP,Other renewables,0,,,,
1994,ESP,Other renewables,0,,,,
1995,ESP,Other renewables,0,,,,
1996,ESP,Other renewables,0,,,,
1997,ESP,Other renewables,0,,,,
1998,ESP,Other renewables,0,,,,
1999,ESP,Other renewables,0,,,,
2000,ESP,Other renewables,0,,,,
2001,ESP,Other renewables,0,,,,
2002,ESP,Other renewables,0,,,,
2003,ESP,Other renewables,0,,,,
2004,ESP,Other renewables,0,,,,
2005,ESP,Other renewables,0,,,,
2006,ESP,Other renewables,0,,,,
2007,ESP,Other renewables,0,,,,
2008,ESP,Other renewables,0,,,,
2009,ESP,Other renewables,0,,,,
2010,ESP,Other renewables,0,,,,
2011,ESP,Other renewables,0,,,,
2012,ESP,Other renewables,0,,,,
2013,ESP,Other renewables,0,,,,
2014,ESP,Other renewables,0,,,,
2015,ESP,Other renewables,0,,,,
2016,ESP,Other renewables,0,,,,
2017,ESP,Other renewables,0,,,,
2018,ESP,Other renewables,0,,,,
2019,ESP,Other renewables,0.02,,,,
2020,ESP,Other renewables,0.03,,,,
2021,ESP,Other renewables,0.02,,,,
2022,ESP,Other renewables,0.02,,,,
2023,ESP,Other renewables,0.01,,,,
2024,ESP,Other renewables,0.01,,,,
2025,ESP,Other renewables,-0.05,,,,
1990,ESP,Solar,0.01,,,,
1991,ESP,Solar,0.01,,,,
1992,ESP,Solar,0.01,,,,
1993,ESP,Solar,0.01,,,,
1994,ESP,Solar,0.01,,,,
1995,ESP,Solar,0.02,,,,
1996,ESP,Solar,0.02,,,,
1997,ESP,Solar,0.02,,,,
1998,ESP,Solar,0.02,,,,
1999,ESP,Solar,0.03,,,,
2000,ESP,Solar,0.01,,,,
2001,ESP,Solar,0.02,,,,
2002,ESP,Solar,0.02,,,,
2003,ESP,Solar,0.02,,,,
2004,ESP,Solar,0.02,,,,
2005,ESP,Solar,0.05,,,,
2006,ESP,Solar,0.12,,,,
2007,ESP,Solar,0.52,,,,
2008,ESP,Solar,2.6,,,,
2009,ESP,Solar,6.1,,,,
2010,ESP,Solar,7.2,,,,
2011,ESP,Solar,9.4,,,,
2012,ESP,Solar,12,,,,
2013,ESP,Solar,13,,,,
2014,ESP,Solar,14,,,,
2015,ESP,Solar,14,,,,
2016,ESP,Solar,14,,,,
2017,ESP,Solar,14,,,,
2018,ESP,Solar,13,,,,
2019,ESP,Solar,15,,,,
2020,ESP,Solar,21,,,,
2021,ESP,Solar,27,,,,
2022,ESP,Solar,36,,,,
2023,ESP,Solar,49,,,,
2024,ESP,Solar,58,,,,
2025,ESP,Solar,63,,,,
1990,ESP,Total,80,,,,
1991,ESP,Total,83,,,,
1992,ESP,Total,75,,,,
1993,ESP,Total,81,,,,
1994,ESP,Total,84,,,,
1995,ESP,Total,80,,,,
1996,ESP,Total,98,,,,
1997,ESP,Total,92,,,,
1998,ESP,Total,96,,,,
1999,ESP,Total,86,,,,
2000,ESP,Total,97,,,,
2001,ESP,Total,110,,,,
2002,ESP,Total,96,,,,
2003,ESP,Total,120,,,,
2004,ESP,Total,110,,,,
2005,ESP,Total,100,,,,
2006,ESP,Total,110,,,,
2007,ESP,Total,110,,,,
2008,ESP,Total,120,,,,
2009,ESP,Total,130,,,,
2010,ESP,Total,160,,,,
2011,ESP,Total,150,,,,
2012,ESP,Total,150,,,,
2013,ESP,Total,170,,,,
2014,ESP,Total,170,,,,
2015,ESP,Total,150,,,,
2016,ESP,Total,160,,,,
2017,ESP,Total,150,,,,
2018,ESP,Total,160,,,,
2019,ESP,Total,160,,,,
2020,ESP,Total,170,,,,
2021,ESP,Total,180,,,,
2022,ESP,Total,180,,,,
2023,ESP,Total,200,,,,
2024,ESP,Total,220,,,,
2025,ESP,Total,210,,,,
1990,ESP,Wind,0.01,,,,
1991,ESP,Wind,0.01,,,,
1992,ESP,Wind,0.1,,,,
1993,ESP,Wind,0.12,,,,
1994,ESP,Wind,0.17,,,,
1995,ESP,Wind,0.27,,,,
1996,ESP,Wind,0.36,,,,
1997,ESP,Wind,0.74,,,,
1998,ESP,Wind,1.4,,,,
1999,ESP,Wind,2.7,,,,
2000,ESP,Wind,4.7,,,,
2001,ESP,Wind,6.8,,,,
2002,ESP,Wind,9.3,,,,
2003,ESP,Wind,12,,,,
2004,ESP,Wind,16,,,,
2005,ESP,Wind,21,,,,
2006,ESP,Wind,23,,,,
2007,ESP,Wind,28,,,,
2008,ESP,Wind,33,,,,
2009,ESP,Wind,38,,,,
2010,ESP,Wind,44,,,,
2011,ESP,Wind,43,,,,
2012,ESP,Wind,49,,,,
2013,ESP,Wind,56,,,,
2014,ESP,Wind,52,,,,
2015,ESP,Wind,49,,,,
2016,ESP,Wind,49,,,,
2017,ESP,Wind,49,,,,
2018,ESP,Wind,51,,,,
2019,ESP,Wind,56,,,,
2020,ESP,Wind,56,,,,
2021,ESP,Wind,62,,,,
2022,ESP,Wind,63,,,,
2023,ESP,Wind,64,,,,
2024,ESP,Wind,62,,,,
2025,ESP,Wind,59,,,,
1990,EST,Hydro,0,,,,
1991,EST,Hydro,0,,,,
1992,EST,Hydro,0,,,,
1993,EST,Hydro,0,,,,
1994,EST,Hydro,0,,,,
1995,EST,Hydro,0,,,,
1996,EST,Hydro,0,,,,
1997,EST,Hydro,0,,,,
1998,EST,Hydro,0,,,,
1999,EST,Hydro,0,,,,
2000,EST,Hydro,0,,,,
2001,EST,Hydro,0.01,,,,
2002,EST,Hydro,0.01,,,,
2003,EST,Hydro,0.01,,,,
2004,EST,Hydro,0.02,,,,
2005,EST,Hydro,0.02,,,,
2006,EST,Hydro,0.01,,,,
2007,EST,Hydro,0.02,,,,
2008,EST,Hydro,0.03,,,,
2009,EST,Hydro,0.03,,,,
2010,EST,Hydro,0.03,,,,
2011,EST,Hydro,0.03,,,,
2012,EST,Hydro,0.04,,,,
2013,EST,Hydro,0.03,,,,
2014,EST,Hydro,0.03,,,,
2015,EST,Hydro,0.03,,,,
2016,EST,Hydro,0.04,,,,
2017,EST,Hydro,0.03,,,,
2018,EST,Hydro,0.01,,,,
2019,EST,Hydro,0.02,,,,
2020,EST,Hydro,0.03,,,,
2021,EST,Hydro,0.02,,,,
2022,EST,Hydro,0.02,,,,
2023,EST,Hydro,0.02,,,,
2024,EST,Hydro,0.03,,,,
2025,EST,Hydro,0.03,,,,
1990,EST,Nuclear,0,,,,
1991,EST,Nuclear,0,,,,
1992,EST,Nuclear,0,,,,
1993,EST,Nuclear,0,,,,
1994,EST,Nuclear,0,,,,
1995,EST,Nuclear,0,,,,
1996,EST,Nuclear,0,,,,
1997,EST,Nuclear,0,,,,
1998,EST,Nuclear,0,,,,
1999,EST,Nuclear,0,,,,
2000,EST,Nuclear,0,,,,
2001,EST,Nuclear,0,,,,
2002,EST,Nuclear,0,,,,
2003,EST,Nuclear,0,,,,
2004,EST,Nuclear,0,,,,
2005,EST,Nuclear,0,,,,
2006,EST,Nuclear,0,,,,
2007,EST,Nuclear,0,,,,
2008,EST,Nuclear,0,,,,
2009,EST,Nuclear,0,,,,
2010,EST,Nuclear,0,,,,
2011,EST,Nuclear,0,,,,
2012,EST,Nuclear,0,,,,
2013,EST,Nuclear,0,,,,
2014,EST,Nuclear,0,,,,
2015,EST,Nuclear,0,,,,
2016,EST,Nuclear,0,,,,
2017,EST,Nuclear,0,,,,
2018,EST,Nuclear,0,,,,
2019,EST,Nuclear,0,,,,
2020,EST,Nuclear,0,,,,
2021,EST,Nuclear,0,,,,
2022,EST,Nuclear,0,,,,
2023,EST,Nuclear,0,,,,
2024,EST,Nuclear,0,,,,
2025,EST,Nuclear,0,,,,
1990,EST,Other renewables,0,,,,
1991,EST,Other renewables,0,,,,
1992,EST,Other renewables,0,,,,
1993,EST,Other renewables,0,,,,
1994,EST,Other renewables,0,,,,
1995,EST,Other renewables,0,,,,
1996,EST,Other renewables,0,,,,
1997,EST,Other renewables,0,,,,
1998,EST,Other renewables,0,,,,
1999,EST,Other renewables,0,,,,
2000,EST,Other renewables,0,,,,
2001,EST,Other renewables,0,,,,
2002,EST,Other renewables,0,,,,
2003,EST,Other renewables,0,,,,
2004,EST,Other renewables,0,,,,
2005,EST,Other renewables,0,,,,
2006,EST,Other renewables,0,,,,
2007,EST,Other renewables,0,,,,
2008,EST,Other renewables,0,,,,
2009,EST,Other renewables,0,,,,
2010,EST,Other renewables,0,,,,
2011,EST,Other renewables,0,,,,
2012,EST,Other renewables,0,,,,
2013,EST,Other renewables,0,,,,
2014,EST,Other renewables,0,,,,
2015,EST,Other renewables,0,,,,
2016,EST,Other renewables,0,,,,
2017,EST,Other renewables,0,,,,
2018,EST,Other renewables,0,,,,
2019,EST,Other renewables,0,,,,
2020,EST,Other renewables,0,,,,
2021,EST,Other renewables,0,,,,
2022,EST,Other renewables,0,,,,
2023,EST,Other renewables,0,,,,
2024,EST,Other renewables,0,,,,
2025,EST,Other renewables,0,,,,
1990,EST,Solar,0,,,,
1991,EST,Solar,0,,,,
1992,EST,Solar,0,,,,
1993,EST,Solar,0,,,,
1994,EST,Solar,0,,,,
1995,EST,Solar,0,,,,
1996,EST,Solar,0,,,,
1997,EST,Solar,0,,,,
1998,EST,Solar,0,,,,
1999,EST,Solar,0,,,,
2000,EST,Solar,0,,,,
2001,EST,Solar,0,,,,
2002,EST,Solar,0,,,,
2003,EST,Solar,0,,,,
2004,EST,Solar,0,,,,
2005,EST,Solar,0,,,,
2006,EST,Solar,0,,,,
2007,EST,Solar,0,,,,
2008,EST,Solar,0,,,,
2009,EST,Solar,0,,,,
2010,EST,Solar,0,,,,
2011,EST,Solar,0,,,,
2012,EST,Solar,0,,,,
2013,EST,Solar,0,,,,
2014,EST,Solar,0,,,,
2015,EST,Solar,0,,,,
2016,EST,Solar,0.01,,,,
2017,EST,Solar,0.01,,,,
2018,EST,Solar,0.03,,,,
2019,EST,Solar,0.07,,,,
2020,EST,Solar,0.25,,,,
2021,EST,Solar,0.35,,,,
2022,EST,Solar,0.6,,,,
2023,EST,Solar,0.72,,,,
2024,EST,Solar,1.1,,,,
2025,EST,Solar,1.2,,,,
1990,EST,Total,0,,,,
1991,EST,Total,0,,,,
1992,EST,Total,0,,,,
1993,EST,Total,0,,,,
1994,EST,Total,0,,,,
1995,EST,Total,0.01,,,,
1996,EST,Total,0,,,,
1997,EST,Total,0.01,,,,
1998,EST,Total,0.01,,,,
1999,EST,Total,0.01,,,,
2000,EST,Total,0.01,,,,
2001,EST,Total,0.02,,,,
2002,EST,Total,0.03,,,,
2003,EST,Total,0.05,,,,
2004,EST,Total,0.06,,,,
2005,EST,Total,0.11,,,,
2006,EST,Total,0.13,,,,
2007,EST,Total,0.14,,,,
2008,EST,Total,0.2,,,,
2009,EST,Total,0.54,,,,
2010,EST,Total,1.1,,,,
2011,EST,Total,1.2,,,,
2012,EST,Total,1.5,,,,
2013,EST,Total,1.2,,,,
2014,EST,Total,1.4,,,,
2015,EST,Total,1.6,,,,
2016,EST,Total,1.6,,,,
2017,EST,Total,1.9,,,,
2018,EST,Total,2,,,,
2019,EST,Total,2.1,,,,
2020,EST,Total,3,,,,
2021,EST,Total,2.9,,,,
2022,EST,Total,2.9,,,,
2023,EST,Total,2.8,,,,
2024,EST,Total,3.5,,,,
2025,EST,Total,3.7,,,,
1990,EST,Wind,0,,,,
1991,EST,Wind,0,,,,
1992,EST,Wind,0,,,,
1993,EST,Wind,0,,,,
1994,EST,Wind,0,,,,
1995,EST,Wind,0,,,,
1996,EST,Wind,0,,,,
1997,EST,Wind,0,,,,
1998,EST,Wind,0,,,,
1999,EST,Wind,0,,,,
2002,EST,Wind,0,,,,
2003,EST,Wind,0.01,,,,
2004,EST,Wind,0.01,,,,
2005,EST,Wind,0.05,,,,
2006,EST,Wind,0.08,,,,
2007,EST,Wind,0.09,,,,
2008,EST,Wind,0.13,,,,
2009,EST,Wind,0.2,,,,
2010,EST,Wind,0.28,,,,
2011,EST,Wind,0.37,,,,
2012,EST,Wind,0.43,,,,
2013,EST,Wind,0.53,,,,
2014,EST,Wind,0.6,,,,
2015,EST,Wind,0.71,,,,
2016,EST,Wind,0.59,,,,
2017,EST,Wind,0.72,,,,
2018,EST,Wind,0.64,,,,
2019,EST,Wind,0.69,,,,
2020,EST,Wind,0.84,,,,
2021,EST,Wind,0.73,,,,
2022,EST,Wind,0.67,,,,
2023,EST,Wind,0.68,,,,
2024,EST,Wind,1.1,,,,
2025,EST,Wind,1.2,,,,
2000,ETH,Hydro,1.6,,,,
2001,ETH,Hydro,2,,,,
2002,ETH,Hydro,2,,,,
2003,ETH,Hydro,2.3,,,,
2004,ETH,Hydro,2.5,,,,
2005,ETH,Hydro,2.8,,,,
2006,ETH,Hydro,3.2,,,,
2007,ETH,Hydro,3.4,,,,
2008,ETH,Hydro,3.3,,,,
2009,ETH,Hydro,3.5,,,,
2010,ETH,Hydro,4.9,,,,
2011,ETH,Hydro,6.2,,,,
2012,ETH,Hydro,7.3,,,,
2013,ETH,Hydro,8.3,,,,
2014,ETH,Hydro,8.9,,,,
2015,ETH,Hydro,9.6,,,,
2016,ETH,Hydro,12,,,,
2017,ETH,Hydro,13,,,,
2018,ETH,Hydro,14,,,,
2019,ETH,Hydro,14,,,,
2020,ETH,Hydro,15,,,,
2021,ETH,Hydro,15,,,,
2022,ETH,Hydro,17,,,,
2023,ETH,Hydro,17,,,,
2024,ETH,Hydro,24,,,,
2025,ETH,Hydro,32,,,,
2000,ETH,Nuclear,0,,,,
2001,ETH,Nuclear,0,,,,
2002,ETH,Nuclear,0,,,,
2003,ETH,Nuclear,0,,,,
2004,ETH,Nuclear,0,,,,
2005,ETH,Nuclear,0,,,,
2006,ETH,Nuclear,0,,,,
2007,ETH,Nuclear,0,,,,
2008,ETH,Nuclear,0,,,,
2009,ETH,Nuclear,0,,,,
2010,ETH,Nuclear,0,,,,
2011,ETH,Nuclear,0,,,,
2012,ETH,Nuclear,0,,,,
2013,ETH,Nuclear,0,,,,
2014,ETH,Nuclear,0,,,,
2015,ETH,Nuclear,0,,,,
2016,ETH,Nuclear,0,,,,
2017,ETH,Nuclear,0,,,,
2018,ETH,Nuclear,0,,,,
2019,ETH,Nuclear,0,,,,
2020,ETH,Nuclear,0,,,,
2021,ETH,Nuclear,0,,,,
2022,ETH,Nuclear,0,,,,
2023,ETH,Nuclear,0,,,,
2024,ETH,Nuclear,0,,,,
2025,ETH,Nuclear,0,,,,
2000,ETH,Other renewables,0,,,,
2001,ETH,Other renewables,0,,,,
2002,ETH,Other renewables,0,,,,
2003,ETH,Other renewables,0,,,,
2004,ETH,Other renewables,0,,,,
2005,ETH,Other renewables,0,,,,
2006,ETH,Other renewables,0,,,,
2007,ETH,Other renewables,0,,,,
2008,ETH,Other renewables,0.01,,,,
2009,ETH,Other renewables,0.02,,,,
2010,ETH,Other renewables,0.02,,,,
2011,ETH,Other renewables,0.01,,,,
2012,ETH,Other renewables,0.01,,,,
2013,ETH,Other renewables,0,,,,
2014,ETH,Other renewables,0,,,,
2015,ETH,Other renewables,0,,,,
2016,ETH,Other renewables,0,,,,
2017,ETH,Other renewables,0,,,,
2018,ETH,Other renewables,0,,,,
2019,ETH,Other renewables,0,,,,
2020,ETH,Other renewables,0,,,,
2021,ETH,Other renewables,0,,,,
2022,ETH,Other renewables,0.03,,,,
2023,ETH,Other renewables,0.03,,,,
2024,ETH,Other renewables,0.03,,,,
2025,ETH,Other renewables,0.03,,,,
2000,ETH,Solar,0,,,,
2001,ETH,Solar,0,,,,
2002,ETH,Solar,0,,,,
2003,ETH,Solar,0,,,,
2004,ETH,Solar,0,,,,
2005,ETH,Solar,0,,,,
2006,ETH,Solar,0,,,,
2007,ETH,Solar,0,,,,
2008,ETH,Solar,0,,,,
2009,ETH,Solar,0,,,,
2010,ETH,Solar,0,,,,
2011,ETH,Solar,0,,,,
2012,ETH,Solar,0,,,,
2013,ETH,Solar,0.01,,,,
2014,ETH,Solar,0.02,,,,
2015,ETH,Solar,0.02,,,,
2016,ETH,Solar,0.02,,,,
2017,ETH,Solar,0.02,,,,
2018,ETH,Solar,0.02,,,,
2019,ETH,Solar,0.02,,,,
2020,ETH,Solar,0.03,,,,
2021,ETH,Solar,0.03,,,,
2022,ETH,Solar,0.04,,,,
2023,ETH,Solar,0.04,,,,
2024,ETH,Solar,0.04,,,,
2025,ETH,Solar,0.04,,,,
2000,ETH,Total,1.7,,,,
2001,ETH,Total,2,,,,
2002,ETH,Total,2,,,,
2003,ETH,Total,2.3,,,,
2004,ETH,Total,2.6,,,,
2005,ETH,Total,2.9,,,,
2006,ETH,Total,3.3,,,,
2007,ETH,Total,3.4,,,,
2008,ETH,Total,3.3,,,,
2009,ETH,Total,3.6,,,,
2010,ETH,Total,5,,,,
2011,ETH,Total,6.3,,,,
2012,ETH,Total,7.6,,,,
2013,ETH,Total,8.7,,,,
2014,ETH,Total,9.5,,,,
2015,ETH,Total,10,,,,
2016,ETH,Total,12,,,,
2017,ETH,Total,13,,,,
2018,ETH,Total,14,,,,
2019,ETH,Total,15,,,,
2020,ETH,Total,16,,,,
2021,ETH,Total,16,,,,
2022,ETH,Total,17,,,,
2023,ETH,Total,18,,,,
2024,ETH,Total,25,,,,
2025,ETH,Total,33,,,,
2000,ETH,Wind,0,,,,
2001,ETH,Wind,0,,,,
2002,ETH,Wind,0,,,,
2003,ETH,Wind,0,,,,
2004,ETH,Wind,0,,,,
2005,ETH,Wind,0,,,,
2006,ETH,Wind,0,,,,
2007,ETH,Wind,0,,,,
2008,ETH,Wind,0,,,,
2009,ETH,Wind,0,,,,
2010,ETH,Wind,0,,,,
2011,ETH,Wind,0.03,,,,
2012,ETH,Wind,0.19,,,,
2013,ETH,Wind,0.36,,,,
2014,ETH,Wind,0.5,,,,
2015,ETH,Wind,0.76,,,,
2016,ETH,Wind,0.78,,,,
2017,ETH,Wind,0.53,,,,
2018,ETH,Wind,0.53,,,,
2019,ETH,Wind,0.85,,,,
2020,ETH,Wind,0.61,,,,
2021,ETH,Wind,0.82,,,,
2022,ETH,Wind,0.56,,,,
2023,ETH,Wind,0.56,,,,
2024,ETH,Wind,0.7,,,,
2025,ETH,Wind,1.1,,,,
1990,FIN,Hydro,11,,,,
1991,FIN,Hydro,13,,,,
1992,FIN,Hydro,15,,,,
1993,FIN,Hydro,13,,,,
1994,FIN,Hydro,12,,,,
1995,FIN,Hydro,13,,,,
1996,FIN,Hydro,12,,,,
1997,FIN,Hydro,12,,,,
1998,FIN,Hydro,15,,,,
1999,FIN,Hydro,13,,,,
2000,FIN,Hydro,15,,,,
2001,FIN,Hydro,13,,,,
2002,FIN,Hydro,11,,,,
2003,FIN,Hydro,9.6,,,,
2004,FIN,Hydro,15,,,,
2005,FIN,Hydro,14,,,,
2006,FIN,Hydro,11,,,,
2007,FIN,Hydro,14,,,,
2008,FIN,Hydro,17,,,,
2009,FIN,Hydro,13,,,,
2010,FIN,Hydro,13,,,,
2011,FIN,Hydro,12,,,,
2012,FIN,Hydro,17,,,,
2013,FIN,Hydro,13,,,,
2014,FIN,Hydro,13,,,,
2015,FIN,Hydro,17,,,,
2016,FIN,Hydro,16,,,,
2017,FIN,Hydro,15,,,,
2018,FIN,Hydro,13,,,,
2019,FIN,Hydro,12,,,,
2020,FIN,Hydro,16,,,,
2021,FIN,Hydro,16,,,,
2022,FIN,Hydro,13,,,,
2023,FIN,Hydro,15,,,,
2024,FIN,Hydro,14,,,,
2025,FIN,Hydro,12,,,,
1990,FIN,Nuclear,19,,,,
1991,FIN,Nuclear,20,,,,
1992,FIN,Nuclear,19,,,,
1993,FIN,Nuclear,20,,,,
1994,FIN,Nuclear,19,,,,
1995,FIN,Nuclear,19,,,,
1996,FIN,Nuclear,19,,,,
1997,FIN,Nuclear,21,,,,
1998,FIN,Nuclear,22,,,,
1999,FIN,Nuclear,23,,,,
2000,FIN,Nuclear,22,,,,
2001,FIN,Nuclear,23,,,,
2002,FIN,Nuclear,22,,,,
2003,FIN,Nuclear,23,,,,
2004,FIN,Nuclear,23,,,,
2005,FIN,Nuclear,23,,,,
2006,FIN,Nuclear,23,,,,
2007,FIN,Nuclear,23,,,,
2008,FIN,Nuclear,23,,,,
2009,FIN,Nuclear,24,,,,
2010,FIN,Nuclear,23,,,,
2011,FIN,Nuclear,23,,,,
2012,FIN,Nuclear,23,,,,
2013,FIN,Nuclear,24,,,,
2014,FIN,Nuclear,24,,,,
2015,FIN,Nuclear,23,,,,
2016,FIN,Nuclear,23,,,,
2017,FIN,Nuclear,22,,,,
2018,FIN,Nuclear,23,,,,
2019,FIN,Nuclear,24,,,,
2020,FIN,Nuclear,23,,,,
2021,FIN,Nuclear,24,,,,
2022,FIN,Nuclear,25,,,,
2023,FIN,Nuclear,34,,,,
2024,FIN,Nuclear,33,,,,
2025,FIN,Nuclear,33,,,,
1990,FIN,Other renewables,0,,,,
1991,FIN,Other renewables,0,,,,
1992,FIN,Other renewables,0,,,,
1993,FIN,Other renewables,0,,,,
1994,FIN,Other renewables,0,,,,
1995,FIN,Other renewables,0,,,,
1996,FIN,Other renewables,0,,,,
1997,FIN,Other renewables,0,,,,
1998,FIN,Other renewables,0,,,,
1999,FIN,Other renewables,0,,,,
2000,FIN,Other renewables,0,,,,
2001,FIN,Other renewables,0,,,,
2002,FIN,Other renewables,0,,,,
2003,FIN,Other renewables,0,,,,
2004,FIN,Other renewables,0,,,,
2005,FIN,Other renewables,0,,,,
2006,FIN,Other renewables,0,,,,
2007,FIN,Other renewables,0,,,,
2008,FIN,Other renewables,0,,,,
2009,FIN,Other renewables,0,,,,
2010,FIN,Other renewables,0,,,,
2011,FIN,Other renewables,0,,,,
2012,FIN,Other renewables,0,,,,
2013,FIN,Other renewables,0,,,,
2014,FIN,Other renewables,0,,,,
2015,FIN,Other renewables,0,,,,
2016,FIN,Other renewables,0,,,,
2017,FIN,Other renewables,0,,,,
2018,FIN,Other renewables,0,,,,
2019,FIN,Other renewables,0,,,,
2020,FIN,Other renewables,0,,,,
2021,FIN,Other renewables,0,,,,
2022,FIN,Other renewables,0,,,,
2023,FIN,Other renewables,0,,,,
2024,FIN,Other renewables,0,,,,
2025,FIN,Other renewables,0.13,,,,
1990,FIN,Solar,0,,,,
1991,FIN,Solar,0,,,,
1992,FIN,Solar,0,,,,
1993,FIN,Solar,0,,,,
1994,FIN,Solar,0,,,,
1995,FIN,Solar,0,,,,
1996,FIN,Solar,0,,,,
1997,FIN,Solar,0,,,,
1998,FIN,Solar,0,,,,
1999,FIN,Solar,0,,,,
2000,FIN,Solar,0,,,,
2001,FIN,Solar,0,,,,
2002,FIN,Solar,0,,,,
2003,FIN,Solar,0,,,,
2004,FIN,Solar,0,,,,
2005,FIN,Solar,0,,,,
2006,FIN,Solar,0,,,,
2007,FIN,Solar,0,,,,
2008,FIN,Solar,0,,,,
2009,FIN,Solar,0,,,,
2010,FIN,Solar,0,,,,
2011,FIN,Solar,0.01,,,,
2012,FIN,Solar,0.01,,,,
2013,FIN,Solar,0.01,,,,
2014,FIN,Solar,0.01,,,,
2015,FIN,Solar,0.01,,,,
2016,FIN,Solar,0.02,,,,
2017,FIN,Solar,0.05,,,,
2018,FIN,Solar,0.09,,,,
2019,FIN,Solar,0.15,,,,
2020,FIN,Solar,0.22,,,,
2021,FIN,Solar,0.3,,,,
2022,FIN,Solar,0.39,,,,
2023,FIN,Solar,0.72,,,,
2024,FIN,Solar,0.94,,,,
2025,FIN,Solar,0.98,,,,
1990,FIN,Total,35,,,,
1991,FIN,Total,38,,,,
1992,FIN,Total,39,,,,
1993,FIN,Total,39,,,,
1994,FIN,Total,38,,,,
1995,FIN,Total,39,,,,
1996,FIN,Total,37,,,,
1997,FIN,Total,41,,,,
1998,FIN,Total,46,,,,
1999,FIN,Total,44,,,,
2000,FIN,Total,46,,,,
2001,FIN,Total,44,,,,
2002,FIN,Total,42,,,,
2003,FIN,Total,42,,,,
2004,FIN,Total,48,,,,
2005,FIN,Total,47,,,,
2006,FIN,Total,45,,,,
2007,FIN,Total,48,,,,
2008,FIN,Total,51,,,,
2009,FIN,Total,45,,,,
2010,FIN,Total,47,,,,
2011,FIN,Total,47,,,,
2012,FIN,Total,52,,,,
2013,FIN,Total,49,,,,
2014,FIN,Total,50,,,,
2015,FIN,Total,54,,,,
2016,FIN,Total,54,,,,
2017,FIN,Total,54,,,,
2018,FIN,Total,55,,,,
2019,FIN,Total,56,,,,
2020,FIN,Total,59,,,,
2021,FIN,Total,62,,,,
2022,FIN,Total,64,,,,
2023,FIN,Total,77,,,,
2024,FIN,Total,79,,,,
2025,FIN,Total,79,,,,
1990,FIN,Wind,0,,,,
1991,FIN,Wind,0,,,,
1992,FIN,Wind,0,,,,
1993,FIN,Wind,0,,,,
1994,FIN,Wind,0.01,,,,
1995,FIN,Wind,0.01,,,,
1996,FIN,Wind,0.01,,,,
1997,FIN,Wind,0.02,,,,
1998,FIN,Wind,0.02,,,,
1999,FIN,Wind,0.05,,,,
2000,FIN,Wind,0.08,,,,
2001,FIN,Wind,0.07,,,,
2002,FIN,Wind,0.06,,,,
2003,FIN,Wind,0.09,,,,
2004,FIN,Wind,0.12,,,,
2005,FIN,Wind,0.17,,,,
2006,FIN,Wind,0.16,,,,
2007,FIN,Wind,0.19,,,,
2008,FIN,Wind,0.26,,,,
2009,FIN,Wind,0.28,,,,
2010,FIN,Wind,0.29,,,,
2011,FIN,Wind,0.48,,,,
2012,FIN,Wind,0.49,,,,
2013,FIN,Wind,0.77,,,,
2014,FIN,Wind,1.1,,,,
2015,FIN,Wind,2.3,,,,
2016,FIN,Wind,3.1,,,,
2017,FIN,Wind,4.8,,,,
2018,FIN,Wind,5.8,,,,
2019,FIN,Wind,6,,,,
2020,FIN,Wind,8.3,,,,
2021,FIN,Wind,8.5,,,,
2022,FIN,Wind,12,,,,
2023,FIN,Wind,15,,,,
2024,FIN,Wind,20,,,,
2025,FIN,Wind,23,,,,
2000,FJI,Hydro,0.41,,,,
2001,FJI,Hydro,0.46,,,,
2002,FJI,Hydro,0.45,,,,
2003,FJI,Hydro,0.34,,,,
2004,FJI,Hydro,0.37,,,,
2005,FJI,Hydro,0.34,,,,
2006,FJI,Hydro,0.34,,,,
2007,FJI,Hydro,0.51,,,,
2008,FJI,Hydro,0.5,,,,
2009,FJI,Hydro,0.46,,,,
2010,FJI,Hydro,0.41,,,,
2011,FJI,Hydro,0.45,,,,
2012,FJI,Hydro,0.52,,,,
2013,FJI,Hydro,0.52,,,,
2014,FJI,Hydro,0.4,,,,
2015,FJI,Hydro,0.4,,,,
2016,FJI,Hydro,0.49,,,,
2017,FJI,Hydro,0.49,,,,
2018,FJI,Hydro,0.56,,,,
2019,FJI,Hydro,0.56,,,,
2020,FJI,Hydro,0.56,,,,
2021,FJI,Hydro,0.55,,,,
2022,FJI,Hydro,0.6,,,,
2023,FJI,Hydro,0.6,,,,
2024,FJI,Hydro,0.6,,,,
2000,FJI,Nuclear,0,,,,
2001,FJI,Nuclear,0,,,,
2002,FJI,Nuclear,0,,,,
2003,FJI,Nuclear,0,,,,
2004,FJI,Nuclear,0,,,,
2005,FJI,Nuclear,0,,,,
2006,FJI,Nuclear,0,,,,
2007,FJI,Nuclear,0,,,,
2008,FJI,Nuclear,0,,,,
2009,FJI,Nuclear,0,,,,
2010,FJI,Nuclear,0,,,,
2011,FJI,Nuclear,0,,,,
2012,FJI,Nuclear,0,,,,
2013,FJI,Nuclear,0,,,,
2014,FJI,Nuclear,0,,,,
2015,FJI,Nuclear,0,,,,
2016,FJI,Nuclear,0,,,,
2017,FJI,Nuclear,0,,,,
2018,FJI,Nuclear,0,,,,
2019,FJI,Nuclear,0,,,,
2020,FJI,Nuclear,0,,,,
2021,FJI,Nuclear,0,,,,
2022,FJI,Nuclear,0,,,,
2023,FJI,Nuclear,0,,,,
2024,FJI,Nuclear,0,,,,
2000,FJI,Other renewables,0,,,,
2001,FJI,Other renewables,0,,,,
2002,FJI,Other renewables,0,,,,
2003,FJI,Other renewables,0,,,,
2004,FJI,Other renewables,0,,,,
2005,FJI,Other renewables,0,,,,
2006,FJI,Other renewables,0,,,,
2007,FJI,Other renewables,0,,,,
2008,FJI,Other renewables,0,,,,
2009,FJI,Other renewables,0,,,,
2010,FJI,Other renewables,0,,,,
2011,FJI,Other renewables,0,,,,
2012,FJI,Other renewables,0,,,,
2013,FJI,Other renewables,0,,,,
2014,FJI,Other renewables,0,,,,
2015,FJI,Other renewables,0,,,,
2016,FJI,Other renewables,0,,,,
2017,FJI,Other renewables,0,,,,
2018,FJI,Other renewables,0,,,,
2019,FJI,Other renewables,0,,,,
2020,FJI,Other renewables,0,,,,
2021,FJI,Other renewables,0,,,,
2022,FJI,Other renewables,0,,,,
2023,FJI,Other renewables,0,,,,
2024,FJI,Other renewables,0,,,,
2000,FJI,Solar,0,,,,
2001,FJI,Solar,0,,,,
2002,FJI,Solar,0,,,,
2003,FJI,Solar,0,,,,
2004,FJI,Solar,0,,,,
2005,FJI,Solar,0,,,,
2006,FJI,Solar,0,,,,
2007,FJI,Solar,0,,,,
2008,FJI,Solar,0,,,,
2009,FJI,Solar,0,,,,
2010,FJI,Solar,0,,,,
2011,FJI,Solar,0,,,,
2012,FJI,Solar,0,,,,
2013,FJI,Solar,0,,,,
2014,FJI,Solar,0,,,,
2015,FJI,Solar,0,,,,
2016,FJI,Solar,0.01,,,,
2017,FJI,Solar,0.01,,,,
2018,FJI,Solar,0.01,,,,
2019,FJI,Solar,0.01,,,,
2020,FJI,Solar,0.01,,,,
2021,FJI,Solar,0.01,,,,
2022,FJI,Solar,0.01,,,,
2023,FJI,Solar,0.01,,,,
2024,FJI,Solar,0.01,,,,
2000,FJI,Total,0.54,,,,
2001,FJI,Total,0.59,,,,
2002,FJI,Total,0.58,,,,
2003,FJI,Total,0.47,,,,
2004,FJI,Total,0.5,,,,
2005,FJI,Total,0.47,,,,
2006,FJI,Total,0.47,,,,
2007,FJI,Total,0.61,,,,
2008,FJI,Total,0.57,,,,
2009,FJI,Total,0.52,,,,
2010,FJI,Total,0.46,,,,
2011,FJI,Total,0.49,,,,
2012,FJI,Total,0.57,,,,
2013,FJI,Total,0.56,,,,
2014,FJI,Total,0.44,,,,
2015,FJI,Total,0.45,,,,
2016,FJI,Total,0.52,,,,
2017,FJI,Total,0.51,,,,
2018,FJI,Total,0.65,,,,
2019,FJI,Total,0.66,,,,
2020,FJI,Total,0.68,,,,
2021,FJI,Total,0.66,,,,
2022,FJI,Total,0.65,,,,
2023,FJI,Total,0.73,,,,
2024,FJI,Total,0.73,,,,
2000,FJI,Wind,0,,,,
2001,FJI,Wind,0,,,,
2002,FJI,Wind,0,,,,
2003,FJI,Wind,0,,,,
2004,FJI,Wind,0,,,,
2005,FJI,Wind,0,,,,
2006,FJI,Wind,0,,,,
2007,FJI,Wind,0.01,,,,
2008,FJI,Wind,0.02,,,,
2009,FJI,Wind,0.02,,,,
2010,FJI,Wind,0.01,,,,
2011,FJI,Wind,0,,,,
2012,FJI,Wind,0.01,,,,
2013,FJI,Wind,0,,,,
2014,FJI,Wind,0,,,,
2015,FJI,Wind,0.01,,,,
2016,FJI,Wind,0,,,,
2017,FJI,Wind,0,,,,
2018,FJI,Wind,0,,,,
2019,FJI,Wind,0,,,,
2020,FJI,Wind,0,,,,
2021,FJI,Wind,0,,,,
2022,FJI,Wind,0,,,,
2023,FJI,Wind,0,,,,
2024,FJI,Wind,0,,,,
2000,FLK,Hydro,0,,,,
2001,FLK,Hydro,0,,,,
2002,FLK,Hydro,0,,,,
2003,FLK,Hydro,0,,,,
2004,FLK,Hydro,0,,,,
2005,FLK,Hydro,0,,,,
2006,FLK,Hydro,0,,,,
2007,FLK,Hydro,0,,,,
2008,FLK,Hydro,0,,,,
2009,FLK,Hydro,0,,,,
2010,FLK,Hydro,0,,,,
2011,FLK,Hydro,0,,,,
2012,FLK,Hydro,0,,,,
2013,FLK,Hydro,0,,,,
2014,FLK,Hydro,0,,,,
2015,FLK,Hydro,0,,,,
2016,FLK,Hydro,0,,,,
2017,FLK,Hydro,0,,,,
2018,FLK,Hydro,0,,,,
2019,FLK,Hydro,0,,,,
2020,FLK,Hydro,0,,,,
2021,FLK,Hydro,0,,,,
2022,FLK,Hydro,0,,,,
2023,FLK,Hydro,0,,,,
2000,FLK,Nuclear,0,,,,
2001,FLK,Nuclear,0,,,,
2002,FLK,Nuclear,0,,,,
2003,FLK,Nuclear,0,,,,
2004,FLK,Nuclear,0,,,,
2005,FLK,Nuclear,0,,,,
2006,FLK,Nuclear,0,,,,
2007,FLK,Nuclear,0,,,,
2008,FLK,Nuclear,0,,,,
2009,FLK,Nuclear,0,,,,
2010,FLK,Nuclear,0,,,,
2011,FLK,Nuclear,0,,,,
2012,FLK,Nuclear,0,,,,
2013,FLK,Nuclear,0,,,,
2014,FLK,Nuclear,0,,,,
2015,FLK,Nuclear,0,,,,
2016,FLK,Nuclear,0,,,,
2017,FLK,Nuclear,0,,,,
2018,FLK,Nuclear,0,,,,
2019,FLK,Nuclear,0,,,,
2020,FLK,Nuclear,0,,,,
2021,FLK,Nuclear,0,,,,
2022,FLK,Nuclear,0,,,,
2023,FLK,Nuclear,0,,,,
2000,FLK,Other renewables,0,,,,
2001,FLK,Other renewables,0,,,,
2002,FLK,Other renewables,0,,,,
2003,FLK,Other renewables,0,,,,
2004,FLK,Other renewables,0,,,,
2005,FLK,Other renewables,0,,,,
2006,FLK,Other renewables,0,,,,
2007,FLK,Other renewables,0,,,,
2008,FLK,Other renewables,0,,,,
2009,FLK,Other renewables,0,,,,
2010,FLK,Other renewables,0,,,,
2011,FLK,Other renewables,0,,,,
2012,FLK,Other renewables,0,,,,
2013,FLK,Other renewables,0,,,,
2014,FLK,Other renewables,0,,,,
2015,FLK,Other renewables,0,,,,
2016,FLK,Other renewables,0,,,,
2017,FLK,Other renewables,0,,,,
2018,FLK,Other renewables,0,,,,
2019,FLK,Other renewables,0,,,,
2020,FLK,Other renewables,0,,,,
2021,FLK,Other renewables,0,,,,
2022,FLK,Other renewables,0,,,,
2023,FLK,Other renewables,0,,,,
2000,FLK,Solar,0,,,,
2001,FLK,Solar,0,,,,
2002,FLK,Solar,0,,,,
2003,FLK,Solar,0,,,,
2004,FLK,Solar,0,,,,
2005,FLK,Solar,0,,,,
2006,FLK,Solar,0,,,,
2007,FLK,Solar,0,,,,
2008,FLK,Solar,0,,,,
2009,FLK,Solar,0,,,,
2010,FLK,Solar,0,,,,
2011,FLK,Solar,0,,,,
2012,FLK,Solar,0,,,,
2013,FLK,Solar,0,,,,
2014,FLK,Solar,0,,,,
2015,FLK,Solar,0,,,,
2016,FLK,Solar,0,,,,
2017,FLK,Solar,0,,,,
2018,FLK,Solar,0,,,,
2019,FLK,Solar,0,,,,
2020,FLK,Solar,0,,,,
2021,FLK,Solar,0,,,,
2022,FLK,Solar,0,,,,
2023,FLK,Solar,0,,,,
2000,FLK,Total,0,,,,
2001,FLK,Total,0,,,,
2002,FLK,Total,0,,,,
2003,FLK,Total,0,,,,
2004,FLK,Total,0,,,,
2005,FLK,Total,0,,,,
2006,FLK,Total,0,,,,
2007,FLK,Total,0,,,,
2008,FLK,Total,0,,,,
2009,FLK,Total,0,,,,
2010,FLK,Total,0,,,,
2011,FLK,Total,0.01,,,,
2012,FLK,Total,0.01,,,,
2013,FLK,Total,0.01,,,,
2014,FLK,Total,0.01,,,,
2015,FLK,Total,0.01,,,,
2016,FLK,Total,0.01,,,,
2017,FLK,Total,0,,,,
2018,FLK,Total,0,,,,
2019,FLK,Total,0,,,,
2020,FLK,Total,0,,,,
2021,FLK,Total,0,,,,
2022,FLK,Total,0,,,,
2023,FLK,Total,0,,,,
2000,FLK,Wind,0,,,,
2001,FLK,Wind,0,,,,
2002,FLK,Wind,0,,,,
2003,FLK,Wind,0,,,,
2004,FLK,Wind,0,,,,
2005,FLK,Wind,0,,,,
2006,FLK,Wind,0,,,,
2007,FLK,Wind,0,,,,
2008,FLK,Wind,0,,,,
2009,FLK,Wind,0,,,,
2010,FLK,Wind,0,,,,
2011,FLK,Wind,0.01,,,,
2012,FLK,Wind,0.01,,,,
2013,FLK,Wind,0.01,,,,
2014,FLK,Wind,0.01,,,,
2015,FLK,Wind,0.01,,,,
2016,FLK,Wind,0.01,,,,
2017,FLK,Wind,0,,,,
2018,FLK,Wind,0,,,,
2019,FLK,Wind,0,,,,
2020,FLK,Wind,0,,,,
2021,FLK,Wind,0,,,,
2022,FLK,Wind,0,,,,
2023,FLK,Wind,0,,,,
1990,FRA,Hydro,53,,,,
1991,FRA,Hydro,56,,,,
1992,FRA,Hydro,67,,,,
1993,FRA,Hydro,63,,,,
1994,FRA,Hydro,77,,,,
1995,FRA,Hydro,71,,,,
1996,FRA,Hydro,65,,,,
1997,FRA,Hydro,62,,,,
1998,FRA,Hydro,61,,,,
1999,FRA,Hydro,71,,,,
2000,FRA,Hydro,65,,,,
2001,FRA,Hydro,73,,,,
2002,FRA,Hydro,59,,,,
2003,FRA,Hydro,57,,,,
2004,FRA,Hydro,58,,,,
2005,FRA,Hydro,50,,,,
2006,FRA,Hydro,55,,,,
2007,FRA,Hydro,56,,,,
2008,FRA,Hydro,62,,,,
2009,FRA,Hydro,55,,,,
2010,FRA,Hydro,61,,,,
2011,FRA,Hydro,46,,,,
2012,FRA,Hydro,60,,,,
2013,FRA,Hydro,72,,,,
2014,FRA,Hydro,64,,,,
2015,FRA,Hydro,56,,,,
2016,FRA,Hydro,61,,,,
2017,FRA,Hydro,50,,,,
2018,FRA,Hydro,65,,,,
2019,FRA,Hydro,57,,,,
2020,FRA,Hydro,63,,,,
2021,FRA,Hydro,60,,,,
2022,FRA,Hydro,45,,,,
2023,FRA,Hydro,56,,,,
2024,FRA,Hydro,71,,,,
2025,FRA,Hydro,59,,,,
1990,FRA,Nuclear,310,,,,
1991,FRA,Nuclear,330,,,,
1992,FRA,Nuclear,340,,,,
1993,FRA,Nuclear,370,,,,
1994,FRA,Nuclear,360,,,,
1995,FRA,Nuclear,380,,,,
1996,FRA,Nuclear,400,,,,
1997,FRA,Nuclear,400,,,,
1998,FRA,Nuclear,390,,,,
1999,FRA,Nuclear,390,,,,
2000,FRA,Nuclear,420,,,,
2001,FRA,Nuclear,420,,,,
2002,FRA,Nuclear,440,,,,
2003,FRA,Nuclear,440,,,,
2004,FRA,Nuclear,450,,,,
2005,FRA,Nuclear,450,,,,
2006,FRA,Nuclear,450,,,,
2007,FRA,Nuclear,440,,,,
2008,FRA,Nuclear,440,,,,
2009,FRA,Nuclear,410,,,,
2010,FRA,Nuclear,430,,,,
2011,FRA,Nuclear,440,,,,
2012,FRA,Nuclear,430,,,,
2013,FRA,Nuclear,420,,,,
2014,FRA,Nuclear,440,,,,
2015,FRA,Nuclear,440,,,,
2016,FRA,Nuclear,400,,,,
2017,FRA,Nuclear,400,,,,
2018,FRA,Nuclear,410,,,,
2019,FRA,Nuclear,400,,,,
2020,FRA,Nuclear,350,,,,
2021,FRA,Nuclear,380,,,,
2022,FRA,Nuclear,290,,,,
2023,FRA,Nuclear,340,,,,
2024,FRA,Nuclear,380,,,,
2025,FRA,Nuclear,390,,,,
1990,FRA,Other renewables,0.5,,,,
1991,FRA,Other renewables,0.52,,,,
1992,FRA,Other renewables,0.52,,,,
1993,FRA,Other renewables,0.49,,,,
1994,FRA,Other renewables,0.5,,,,
1995,FRA,Other renewables,0.51,,,,
1996,FRA,Other renewables,0.49,,,,
1997,FRA,Other renewables,0.51,,,,
1998,FRA,Other renewables,0.52,,,,
1999,FRA,Other renewables,0.51,,,,
2000,FRA,Other renewables,0.51,,,,
2001,FRA,Other renewables,0.48,,,,
2002,FRA,Other renewables,0.49,,,,
2003,FRA,Other renewables,0.49,,,,
2004,FRA,Other renewables,0.47,,,,
2005,FRA,Other renewables,0.48,,,,
2006,FRA,Other renewables,0.46,,,,
2007,FRA,Other renewables,0.47,,,,
2008,FRA,Other renewables,0.47,,,,
2009,FRA,Other renewables,0.45,,,,
2010,FRA,Other renewables,0.48,,,,
2011,FRA,Other renewables,0.54,,,,
2012,FRA,Other renewables,0.51,,,,
2013,FRA,Other renewables,0.5,,,,
2014,FRA,Other renewables,0.56,,,,
2015,FRA,Other renewables,0.58,,,,
2016,FRA,Other renewables,0.6,,,,
2017,FRA,Other renewables,0.65,,,,
2018,FRA,Other renewables,0.61,,,,
2019,FRA,Other renewables,0.61,,,,
2020,FRA,Other renewables,0.61,,,,
2021,FRA,Other renewables,0.58,,,,
2022,FRA,Other renewables,0.6,,,,
2023,FRA,Other renewables,0.58,,,,
2024,FRA,Other renewables,0.57,,,,
2025,FRA,Other renewables,0.57,,,,
1990,FRA,Solar,0,,,,
1991,FRA,Solar,0,,,,
1992,FRA,Solar,0,,,,
1993,FRA,Solar,0,,,,
1994,FRA,Solar,0,,,,
1995,FRA,Solar,0,,,,
1996,FRA,Solar,0,,,,
1997,FRA,Solar,0,,,,
1998,FRA,Solar,0,,,,
1999,FRA,Solar,0,,,,
2000,FRA,Solar,0.01,,,,
2001,FRA,Solar,0.01,,,,
2002,FRA,Solar,0.01,,,,
2003,FRA,Solar,0.01,,,,
2004,FRA,Solar,0.01,,,,
2005,FRA,Solar,0.01,,,,
2006,FRA,Solar,0.01,,,,
2007,FRA,Solar,0.02,,,,
2008,FRA,Solar,0.04,,,,
2009,FRA,Solar,0.17,,,,
2010,FRA,Solar,0.62,,,,
2011,FRA,Solar,2.3,,,,
2012,FRA,Solar,4.4,,,,
2013,FRA,Solar,5.2,,,,
2014,FRA,Solar,6.4,,,,
2015,FRA,Solar,7.8,,,,
2016,FRA,Solar,8.7,,,,
2017,FRA,Solar,8.9,,,,
2018,FRA,Solar,11,,,,
2019,FRA,Solar,12,,,,
2020,FRA,Solar,13,,,,
2021,FRA,Solar,15,,,,
2022,FRA,Solar,19,,,,
2023,FRA,Solar,23,,,,
2024,FRA,Solar,25,,,,
2025,FRA,Solar,32,,,,
1990,FRA,Total,370,,,,
1991,FRA,Total,390,,,,
1992,FRA,Total,410,,,,
1993,FRA,Total,430,,,,
1994,FRA,Total,440,,,,
1995,FRA,Total,450,,,,
1996,FRA,Total,460,,,,
1997,FRA,Total,460,,,,
1998,FRA,Total,450,,,,
1999,FRA,Total,470,,,,
2000,FRA,Total,480,,,,
2001,FRA,Total,500,,,,
2002,FRA,Total,500,,,,
2003,FRA,Total,500,,,,
2004,FRA,Total,510,,,,
2005,FRA,Total,510,,,,
2006,FRA,Total,510,,,,
2007,FRA,Total,500,,,,
2008,FRA,Total,510,,,,
2009,FRA,Total,480,,,,
2010,FRA,Total,510,,,,
2011,FRA,Total,510,,,,
2012,FRA,Total,510,,,,
2013,FRA,Total,520,,,,
2014,FRA,Total,530,,,,
2015,FRA,Total,530,,,,
2016,FRA,Total,500,,,,
2017,FRA,Total,490,,,,
2018,FRA,Total,530,,,,
2019,FRA,Total,510,,,,
2020,FRA,Total,480,,,,
2021,FRA,Total,500,,,,
2022,FRA,Total,410,,,,
2023,FRA,Total,480,,,,
2024,FRA,Total,530,,,,
2025,FRA,Total,540,,,,
1990,FRA,Wind,0,,,,
1991,FRA,Wind,0,,,,
1992,FRA,Wind,0,,,,
1993,FRA,Wind,0,,,,
1994,FRA,Wind,0,,,,
1995,FRA,Wind,0,,,,
1996,FRA,Wind,0.01,,,,
1997,FRA,Wind,0.01,,,,
1998,FRA,Wind,0.02,,,,
1999,FRA,Wind,0.04,,,,
2000,FRA,Wind,0.05,,,,
2001,FRA,Wind,0.13,,,,
2002,FRA,Wind,0.27,,,,
2003,FRA,Wind,0.39,,,,
2004,FRA,Wind,0.59,,,,
2005,FRA,Wind,0.96,,,,
2006,FRA,Wind,2.2,,,,
2007,FRA,Wind,4.1,,,,
2008,FRA,Wind,5.7,,,,
2009,FRA,Wind,7.9,,,,
2010,FRA,Wind,9.9,,,,
2011,FRA,Wind,12,,,,
2012,FRA,Wind,15,,,,
2013,FRA,Wind,16,,,,
2014,FRA,Wind,17,,,,
2015,FRA,Wind,21,,,,
2016,FRA,Wind,21,,,,
2017,FRA,Wind,25,,,,
2018,FRA,Wind,29,,,,
2019,FRA,Wind,35,,,,
2020,FRA,Wind,40,,,,
2021,FRA,Wind,37,,,,
2022,FRA,Wind,38,,,,
2023,FRA,Wind,50,,,,
2024,FRA,Wind,45,,,,
2025,FRA,Wind,46,,,,
2000,FRO,Hydro,0.08,,,,
2001,FRO,Hydro,0.08,,,,
2002,FRO,Hydro,0.1,,,,
2003,FRO,Hydro,0.08,,,,
2004,FRO,Hydro,0.09,,,,
2005,FRO,Hydro,0.1,,,,
2006,FRO,Hydro,0.1,,,,
2007,FRO,Hydro,0.1,,,,
2008,FRO,Hydro,0.09,,,,
2009,FRO,Hydro,0.09,,,,
2010,FRO,Hydro,0.07,,,,
2011,FRO,Hydro,0.09,,,,
2012,FRO,Hydro,0.1,,,,
2013,FRO,Hydro,0.09,,,,
2014,FRO,Hydro,0.12,,,,
2015,FRO,Hydro,0.13,,,,
2016,FRO,Hydro,0.1,,,,
2017,FRO,Hydro,0.11,,,,
2018,FRO,Hydro,0.11,,,,
2019,FRO,Hydro,0.1,,,,
2020,FRO,Hydro,0.11,,,,
2021,FRO,Hydro,0.11,,,,
2022,FRO,Hydro,0.13,,,,
2023,FRO,Hydro,0.13,,,,
2000,FRO,Nuclear,0,,,,
2001,FRO,Nuclear,0,,,,
2002,FRO,Nuclear,0,,,,
2003,FRO,Nuclear,0,,,,
2004,FRO,Nuclear,0,,,,
2005,FRO,Nuclear,0,,,,
2006,FRO,Nuclear,0,,,,
2007,FRO,Nuclear,0,,,,
2008,FRO,Nuclear,0,,,,
2009,FRO,Nuclear,0,,,,
2010,FRO,Nuclear,0,,,,
2011,FRO,Nuclear,0,,,,
2012,FRO,Nuclear,0,,,,
2013,FRO,Nuclear,0,,,,
2014,FRO,Nuclear,0,,,,
2015,FRO,Nuclear,0,,,,
2016,FRO,Nuclear,0,,,,
2017,FRO,Nuclear,0,,,,
2018,FRO,Nuclear,0,,,,
2019,FRO,Nuclear,0,,,,
2020,FRO,Nuclear,0,,,,
2021,FRO,Nuclear,0,,,,
2022,FRO,Nuclear,0,,,,
2023,FRO,Nuclear,0,,,,
2000,FRO,Other renewables,0,,,,
2001,FRO,Other renewables,0,,,,
2002,FRO,Other renewables,0,,,,
2003,FRO,Other renewables,0,,,,
2004,FRO,Other renewables,0,,,,
2005,FRO,Other renewables,0,,,,
2006,FRO,Other renewables,0,,,,
2007,FRO,Other renewables,0,,,,
2008,FRO,Other renewables,0,,,,
2009,FRO,Other renewables,0,,,,
2010,FRO,Other renewables,0,,,,
2011,FRO,Other renewables,0,,,,
2012,FRO,Other renewables,0,,,,
2013,FRO,Other renewables,0,,,,
2014,FRO,Other renewables,0,,,,
2015,FRO,Other renewables,0,,,,
2016,FRO,Other renewables,0,,,,
2017,FRO,Other renewables,0,,,,
2018,FRO,Other renewables,0,,,,
2019,FRO,Other renewables,0,,,,
2020,FRO,Other renewables,0,,,,
2021,FRO,Other renewables,0,,,,
2022,FRO,Other renewables,0,,,,
2023,FRO,Other renewables,0,,,,
2000,FRO,Solar,0,,,,
2001,FRO,Solar,0,,,,
2002,FRO,Solar,0,,,,
2003,FRO,Solar,0,,,,
2004,FRO,Solar,0,,,,
2005,FRO,Solar,0,,,,
2006,FRO,Solar,0,,,,
2007,FRO,Solar,0,,,,
2008,FRO,Solar,0,,,,
2009,FRO,Solar,0,,,,
2010,FRO,Solar,0,,,,
2011,FRO,Solar,0,,,,
2012,FRO,Solar,0,,,,
2013,FRO,Solar,0,,,,
2014,FRO,Solar,0,,,,
2015,FRO,Solar,0,,,,
2016,FRO,Solar,0,,,,
2017,FRO,Solar,0,,,,
2018,FRO,Solar,0,,,,
2019,FRO,Solar,0,,,,
2020,FRO,Solar,0,,,,
2021,FRO,Solar,0,,,,
2022,FRO,Solar,0,,,,
2023,FRO,Solar,0,,,,
2000,FRO,Total,0.08,,,,
2001,FRO,Total,0.08,,,,
2002,FRO,Total,0.1,,,,
2003,FRO,Total,0.08,,,,
2004,FRO,Total,0.1,,,,
2005,FRO,Total,0.11,,,,
2006,FRO,Total,0.11,,,,
2007,FRO,Total,0.12,,,,
2008,FRO,Total,0.1,,,,
2009,FRO,Total,0.1,,,,
2010,FRO,Total,0.08,,,,
2011,FRO,Total,0.1,,,,
2012,FRO,Total,0.11,,,,
2013,FRO,Total,0.11,,,,
2014,FRO,Total,0.16,,,,
2015,FRO,Total,0.19,,,,
2016,FRO,Total,0.15,,,,
2017,FRO,Total,0.17,,,,
2018,FRO,Total,0.17,,,,
2019,FRO,Total,0.15,,,,
2020,FRO,Total,0.16,,,,
2021,FRO,Total,0.17,,,,
2022,FRO,Total,0.22,,,,
2023,FRO,Total,0.23,,,,
2000,FRO,Wind,0,,,,
2001,FRO,Wind,0,,,,
2002,FRO,Wind,0,,,,
2003,FRO,Wind,0,,,,
2004,FRO,Wind,0.01,,,,
2005,FRO,Wind,0.01,,,,
2006,FRO,Wind,0.01,,,,
2007,FRO,Wind,0.02,,,,
2008,FRO,Wind,0.01,,,,
2009,FRO,Wind,0.01,,,,
2010,FRO,Wind,0.01,,,,
2011,FRO,Wind,0.01,,,,
2012,FRO,Wind,0.01,,,,
2013,FRO,Wind,0.02,,,,
2014,FRO,Wind,0.04,,,,
2015,FRO,Wind,0.06,,,,
2016,FRO,Wind,0.05,,,,
2017,FRO,Wind,0.06,,,,
2018,FRO,Wind,0.06,,,,
2019,FRO,Wind,0.05,,,,
2020,FRO,Wind,0.05,,,,
2021,FRO,Wind,0.05,,,,
2022,FRO,Wind,0.09,,,,
2023,FRO,Wind,0.09,,,,
2000,GAB,Hydro,0.8,,,,
2001,GAB,Hydro,0.87,,,,
2002,GAB,Hydro,0.91,,,,
2003,GAB,Hydro,0.89,,,,
2004,GAB,Hydro,0.88,,,,
2005,GAB,Hydro,0.8,,,,
2006,GAB,Hydro,0.94,,,,
2007,GAB,Hydro,0.79,,,,
2008,GAB,Hydro,0.88,,,,
2009,GAB,Hydro,0.94,,,,
2010,GAB,Hydro,0.9,,,,
2011,GAB,Hydro,0.83,,,,
2012,GAB,Hydro,0.9,,,,
2013,GAB,Hydro,0.93,,,,
2014,GAB,Hydro,0.79,,,,
2015,GAB,Hydro,0.91,,,,
2016,GAB,Hydro,0.82,,,,
2017,GAB,Hydro,0.93,,,,
2018,GAB,Hydro,1.3,,,,
2019,GAB,Hydro,1.3,,,,
2020,GAB,Hydro,1.4,,,,
2021,GAB,Hydro,1.4,,,,
2022,GAB,Hydro,1.5,,,,
2023,GAB,Hydro,0.91,,,,
2024,GAB,Hydro,0.91,,,,
2000,GAB,Nuclear,0,,,,
2001,GAB,Nuclear,0,,,,
2002,GAB,Nuclear,0,,,,
2003,GAB,Nuclear,0,,,,
2004,GAB,Nuclear,0,,,,
2005,GAB,Nuclear,0,,,,
2006,GAB,Nuclear,0,,,,
2007,GAB,Nuclear,0,,,,
2008,GAB,Nuclear,0,,,,
2009,GAB,Nuclear,0,,,,
2010,GAB,Nuclear,0,,,,
2011,GAB,Nuclear,0,,,,
2012,GAB,Nuclear,0,,,,
2013,GAB,Nuclear,0,,,,
2014,GAB,Nuclear,0,,,,
2015,GAB,Nuclear,0,,,,
2016,GAB,Nuclear,0,,,,
2017,GAB,Nuclear,0,,,,
2018,GAB,Nuclear,0,,,,
2019,GAB,Nuclear,0,,,,
2020,GAB,Nuclear,0,,,,
2021,GAB,Nuclear,0,,,,
2022,GAB,Nuclear,0,,,,
2023,GAB,Nuclear,0,,,,
2024,GAB,Nuclear,0,,,,
2000,GAB,Other renewables,0,,,,
2001,GAB,Other renewables,0,,,,
2002,GAB,Other renewables,0,,,,
2003,GAB,Other renewables,0,,,,
2004,GAB,Other renewables,0,,,,
2005,GAB,Other renewables,0,,,,
2006,GAB,Other renewables,0,,,,
2007,GAB,Other renewables,0,,,,
2008,GAB,Other renewables,0,,,,
2009,GAB,Other renewables,0,,,,
2010,GAB,Other renewables,0,,,,
2011,GAB,Other renewables,0,,,,
2012,GAB,Other renewables,0,,,,
2013,GAB,Other renewables,0,,,,
2014,GAB,Other renewables,0,,,,
2015,GAB,Other renewables,0,,,,
2016,GAB,Other renewables,0,,,,
2017,GAB,Other renewables,0,,,,
2018,GAB,Other renewables,0,,,,
2019,GAB,Other renewables,0,,,,
2020,GAB,Other renewables,0,,,,
2021,GAB,Other renewables,0,,,,
2022,GAB,Other renewables,0,,,,
2023,GAB,Other renewables,0,,,,
2024,GAB,Other renewables,0,,,,
2000,GAB,Solar,0,,,,
2001,GAB,Solar,0,,,,
2002,GAB,Solar,0,,,,
2003,GAB,Solar,0,,,,
2004,GAB,Solar,0,,,,
2005,GAB,Solar,0,,,,
2006,GAB,Solar,0,,,,
2007,GAB,Solar,0,,,,
2008,GAB,Solar,0,,,,
2009,GAB,Solar,0,,,,
2010,GAB,Solar,0,,,,
2011,GAB,Solar,0,,,,
2012,GAB,Solar,0,,,,
2013,GAB,Solar,0,,,,
2014,GAB,Solar,0,,,,
2015,GAB,Solar,0,,,,
2016,GAB,Solar,0,,,,
2017,GAB,Solar,0,,,,
2018,GAB,Solar,0,,,,
2019,GAB,Solar,0,,,,
2020,GAB,Solar,0,,,,
2021,GAB,Solar,0,,,,
2022,GAB,Solar,0,,,,
2023,GAB,Solar,0,,,,
2024,GAB,Solar,0,,,,
2000,GAB,Total,0.81,,,,
2001,GAB,Total,0.88,,,,
2002,GAB,Total,0.92,,,,
2003,GAB,Total,0.9,,,,
2004,GAB,Total,0.89,,,,
2005,GAB,Total,0.81,,,,
2006,GAB,Total,0.95,,,,
2007,GAB,Total,0.8,,,,
2008,GAB,Total,0.89,,,,
2009,GAB,Total,0.95,,,,
2010,GAB,Total,0.91,,,,
2011,GAB,Total,0.84,,,,
2012,GAB,Total,0.91,,,,
2013,GAB,Total,0.94,,,,
2014,GAB,Total,0.8,,,,
2015,GAB,Total,0.92,,,,
2016,GAB,Total,0.83,,,,
2017,GAB,Total,0.94,,,,
2018,GAB,Total,1.3,,,,
2019,GAB,Total,1.3,,,,
2020,GAB,Total,1.4,,,,
2021,GAB,Total,1.4,,,,
2022,GAB,Total,1.5,,,,
2023,GAB,Total,0.92,,,,
2024,GAB,Total,0.92,,,,
2000,GAB,Wind,0,,,,
2001,GAB,Wind,0,,,,
2002,GAB,Wind,0,,,,
2003,GAB,Wind,0,,,,
2004,GAB,Wind,0,,,,
2005,GAB,Wind,0,,,,
2006,GAB,Wind,0,,,,
2007,GAB,Wind,0,,,,
2008,GAB,Wind,0,,,,
2009,GAB,Wind,0,,,,
2010,GAB,Wind,0,,,,
2011,GAB,Wind,0,,,,
2012,GAB,Wind,0,,,,
2013,GAB,Wind,0,,,,
2014,GAB,Wind,0,,,,
2015,GAB,Wind,0,,,,
2016,GAB,Wind,0,,,,
2017,GAB,Wind,0,,,,
2018,GAB,Wind,0,,,,
2019,GAB,Wind,0,,,,
2020,GAB,Wind,0,,,,
2021,GAB,Wind,0,,,,
2022,GAB,Wind,0,,,,
2023,GAB,Wind,0,,,,
2024,GAB,Wind,0,,,,
1985,GBR,Hydro,4,,,,
1986,GBR,Hydro,4.8,,,,
1987,GBR,Hydro,4.2,,,,
1988,GBR,Hydro,4.9,,,,
1989,GBR,Hydro,4.8,,,,
1990,GBR,Hydro,5.1,,,,
1991,GBR,Hydro,4.5,,,,
1992,GBR,Hydro,5.4,,,,
1993,GBR,Hydro,4.3,,,,
1994,GBR,Hydro,5.1,,,,
1995,GBR,Hydro,4.7,,,,
1996,GBR,Hydro,3.4,,,,
1997,GBR,Hydro,4.4,,,,
1998,GBR,Hydro,5.1,,,,
1999,GBR,Hydro,5.3,,,,
2000,GBR,Hydro,5.1,,,,
2001,GBR,Hydro,4.1,,,,
2002,GBR,Hydro,4.8,,,,
2003,GBR,Hydro,3.2,,,,
2004,GBR,Hydro,4.8,,,,
2005,GBR,Hydro,4.9,,,,
2006,GBR,Hydro,4.6,,,,
2007,GBR,Hydro,5.1,,,,
2008,GBR,Hydro,5.1,,,,
2009,GBR,Hydro,5.2,,,,
2010,GBR,Hydro,3.6,,,,
2011,GBR,Hydro,5.7,,,,
2012,GBR,Hydro,5.3,,,,
2013,GBR,Hydro,4.7,,,,
2014,GBR,Hydro,5.9,,,,
2015,GBR,Hydro,6.3,,,,
2016,GBR,Hydro,5.4,,,,
2017,GBR,Hydro,5.9,,,,
2018,GBR,Hydro,5.4,,,,
2019,GBR,Hydro,5.9,,,,
2020,GBR,Hydro,6.9,,,,
2021,GBR,Hydro,5.4,,,,
2022,GBR,Hydro,5.7,,,,
2023,GBR,Hydro,5.5,,,,
2024,GBR,Hydro,5.8,,,,
2025,GBR,Hydro,5.6,,,,
1985,GBR,Nuclear,61,,,,
1986,GBR,Nuclear,59,,,,
1987,GBR,Nuclear,55,,,,
1988,GBR,Nuclear,63,,,,
1989,GBR,Nuclear,72,,,,
1990,GBR,Nuclear,66,,,,
1991,GBR,Nuclear,71,,,,
1992,GBR,Nuclear,77,,,,
1993,GBR,Nuclear,89,,,,
1994,GBR,Nuclear,88,,,,
1995,GBR,Nuclear,89,,,,
1996,GBR,Nuclear,95,,,,
1997,GBR,Nuclear,98,,,,
1998,GBR,Nuclear,99,,,,
1999,GBR,Nuclear,95,,,,
2000,GBR,Nuclear,85,,,,
2001,GBR,Nuclear,90,,,,
2002,GBR,Nuclear,88,,,,
2003,GBR,Nuclear,89,,,,
2004,GBR,Nuclear,80,,,,
2005,GBR,Nuclear,82,,,,
2006,GBR,Nuclear,75,,,,
2007,GBR,Nuclear,63,,,,
2008,GBR,Nuclear,52,,,,
2009,GBR,Nuclear,69,,,,
2010,GBR,Nuclear,62,,,,
2011,GBR,Nuclear,69,,,,
2012,GBR,Nuclear,70,,,,
2013,GBR,Nuclear,71,,,,
2014,GBR,Nuclear,64,,,,
2015,GBR,Nuclear,70,,,,
2016,GBR,Nuclear,72,,,,
2017,GBR,Nuclear,70,,,,
2018,GBR,Nuclear,65,,,,
2019,GBR,Nuclear,56,,,,
2020,GBR,Nuclear,50,,,,
2021,GBR,Nuclear,46,,,,
2022,GBR,Nuclear,47,,,,
2023,GBR,Nuclear,41,,,,
2024,GBR,Nuclear,41,,,,
2025,GBR,Nuclear,36,,,,
1990,GBR,Other renewables,0,,,,
1991,GBR,Other renewables,0,,,,
1992,GBR,Other renewables,0,,,,
1993,GBR,Other renewables,0,,,,
1994,GBR,Other renewables,0,,,,
1995,GBR,Other renewables,0,,,,
1996,GBR,Other renewables,0,,,,
1997,GBR,Other renewables,0,,,,
1998,GBR,Other renewables,0,,,,
1999,GBR,Other renewables,0,,,,
2000,GBR,Other renewables,0,,,,
2001,GBR,Other renewables,0,,,,
2002,GBR,Other renewables,0,,,,
2003,GBR,Other renewables,0,,,,
2004,GBR,Other renewables,0,,,,
2005,GBR,Other renewables,0,,,,
2006,GBR,Other renewables,0,,,,
2007,GBR,Other renewables,0,,,,
2008,GBR,Other renewables,0,,,,
2009,GBR,Other renewables,0,,,,
2010,GBR,Other renewables,0,,,,
2011,GBR,Other renewables,0,,,,
2012,GBR,Other renewables,0,,,,
2013,GBR,Other renewables,0,,,,
2014,GBR,Other renewables,0,,,,
2015,GBR,Other renewables,0,,,,
2016,GBR,Other renewables,0,,,,
2017,GBR,Other renewables,0,,,,
2018,GBR,Other renewables,0.01,,,,
2019,GBR,Other renewables,0.01,,,,
2020,GBR,Other renewables,0.001,,,,
2021,GBR,Other renewables,0,,,,
2022,GBR,Other renewables,0,,,,
2023,GBR,Other renewables,0,,,,
2024,GBR,Other renewables,0,,,,
2025,GBR,Other renewables,0,,,,
1985,GBR,Solar,0,,,,
1986,GBR,Solar,0,,,,
1987,GBR,Solar,0,,,,
1988,GBR,Solar,0,,,,
1989,GBR,Solar,0,,,,
1990,GBR,Solar,0,,,,
1991,GBR,Solar,0,,,,
1992,GBR,Solar,0,,,,
1993,GBR,Solar,0,,,,
1994,GBR,Solar,0,,,,
1995,GBR,Solar,0,,,,
1996,GBR,Solar,0,,,,
1997,GBR,Solar,0,,,,
1998,GBR,Solar,0,,,,
1999,GBR,Solar,0,,,,
2000,GBR,Solar,0,,,,
2001,GBR,Solar,0,,,,
2002,GBR,Solar,0,,,,
2003,GBR,Solar,0,,,,
2004,GBR,Solar,0,,,,
2005,GBR,Solar,0.01,,,,
2006,GBR,Solar,0.01,,,,
2007,GBR,Solar,0.01,,,,
2008,GBR,Solar,0.02,,,,
2009,GBR,Solar,0.02,,,,
2010,GBR,Solar,0.04,,,,
2011,GBR,Solar,0.24,,,,
2012,GBR,Solar,1.4,,,,
2013,GBR,Solar,2,,,,
2014,GBR,Solar,4.1,,,,
2015,GBR,Solar,7.5,,,,
2016,GBR,Solar,10,,,,
2017,GBR,Solar,11,,,,
2018,GBR,Solar,13,,,,
2019,GBR,Solar,12,,,,
2020,GBR,Solar,13,,,,
2021,GBR,Solar,12,,,,
2022,GBR,Solar,13,,,,
2023,GBR,Solar,14,,,,
2024,GBR,Solar,15,,,,
2025,GBR,Solar,19,,,,
1985,GBR,Total,65,,,,
1986,GBR,Total,64,,,,
1987,GBR,Total,59,,,,
1988,GBR,Total,68,,,,
1989,GBR,Total,77,,,,
1990,GBR,Total,71,,,,
1991,GBR,Total,76,,,,
1992,GBR,Total,83,,,,
1993,GBR,Total,95,,,,
1994,GBR,Total,95,,,,
1995,GBR,Total,96,,,,
1996,GBR,Total,100,,,,
1997,GBR,Total,110,,,,
1998,GBR,Total,110,,,,
1999,GBR,Total,100,,,,
2000,GBR,Total,95,,,,
2001,GBR,Total,100,,,,
2002,GBR,Total,99,,,,
2003,GBR,Total,99,,,,
2004,GBR,Total,94,,,,
2005,GBR,Total,99,,,,
2006,GBR,Total,94,,,,
2007,GBR,Total,83,,,,
2008,GBR,Total,74,,,,
2009,GBR,Total,94,,,,
2010,GBR,Total,88,,,,
2011,GBR,Total,100,,,,
2012,GBR,Total,110,,,,
2013,GBR,Total,120,,,,
2014,GBR,Total,130,,,,
2015,GBR,Total,150,,,,
2016,GBR,Total,150,,,,
2017,GBR,Total,170,,,,
2018,GBR,Total,180,,,,
2019,GBR,Total,180,,,,
2020,GBR,Total,180,,,,
2021,GBR,Total,170,,,,
2022,GBR,Total,180,,,,
2023,GBR,Total,180,,,,
2024,GBR,Total,180,,,,
2025,GBR,Total,190,,,,
1990,GBR,Wind,0.01,,,,
1991,GBR,Wind,0.01,,,,
1992,GBR,Wind,0.03,,,,
1993,GBR,Wind,0.22,,,,
1994,GBR,Wind,0.34,,,,
1995,GBR,Wind,0.39,,,,
1996,GBR,Wind,0.49,,,,
1997,GBR,Wind,0.67,,,,
1998,GBR,Wind,0.88,,,,
1999,GBR,Wind,0.85,,,,
2000,GBR,Wind,0.94,,,,
2001,GBR,Wind,0.96,,,,
2002,GBR,Wind,1.3,,,,
2003,GBR,Wind,1.3,,,,
2004,GBR,Wind,1.9,,,,
2005,GBR,Wind,2.9,,,,
2006,GBR,Wind,4.2,,,,
2007,GBR,Wind,5.3,,,,
2008,GBR,Wind,7.1,,,,
2009,GBR,Wind,9.3,,,,
2010,GBR,Wind,10,,,,
2011,GBR,Wind,16,,,,
2012,GBR,Wind,20,,,,
2013,GBR,Wind,28,,,,
2014,GBR,Wind,32,,,,
2015,GBR,Wind,40,,,,
2016,GBR,Wind,37,,,,
2017,GBR,Wind,50,,,,
2018,GBR,Wind,57,,,,
2019,GBR,Wind,64,,,,
2020,GBR,Wind,76,,,,
2021,GBR,Wind,65,,,,
2022,GBR,Wind,80,,,,
2023,GBR,Wind,82,,,,
2024,GBR,Wind,83,,,,
2025,GBR,Wind,86,,,,
2000,GEO,Hydro,5.8,,,,
2001,GEO,Hydro,5.5,,,,
2002,GEO,Hydro,6.7,,,,
2003,GEO,Hydro,6.5,,,,
2004,GEO,Hydro,6,,,,
2005,GEO,Hydro,6.2,,,,
2006,GEO,Hydro,5.3,,,,
2007,GEO,Hydro,6.8,,,,
2008,GEO,Hydro,7.1,,,,
2009,GEO,Hydro,7.3,,,,
2010,GEO,Hydro,9.3,,,,
2011,GEO,Hydro,7.8,,,,
2012,GEO,Hydro,7.2,,,,
2013,GEO,Hydro,8.2,,,,
2014,GEO,Hydro,8.3,,,,
2015,GEO,Hydro,8.4,,,,
2016,GEO,Hydro,9.2,,,,
2017,GEO,Hydro,9.1,,,,
2018,GEO,Hydro,9.9,,,,
2019,GEO,Hydro,8.9,,,,
2020,GEO,Hydro,8.3,,,,
2021,GEO,Hydro,10,,,,
2022,GEO,Hydro,11,,,,
2023,GEO,Hydro,11,,,,
2024,GEO,Hydro,11,,,,
2025,GEO,Hydro,11,,,,
2000,GEO,Nuclear,0,,,,
2001,GEO,Nuclear,0,,,,
2002,GEO,Nuclear,0,,,,
2003,GEO,Nuclear,0,,,,
2004,GEO,Nuclear,0,,,,
2005,GEO,Nuclear,0,,,,
2006,GEO,Nuclear,0,,,,
2007,GEO,Nuclear,0,,,,
2008,GEO,Nuclear,0,,,,
2009,GEO,Nuclear,0,,,,
2010,GEO,Nuclear,0,,,,
2011,GEO,Nuclear,0,,,,
2012,GEO,Nuclear,0,,,,
2013,GEO,Nuclear,0,,,,
2014,GEO,Nuclear,0,,,,
2015,GEO,Nuclear,0,,,,
2016,GEO,Nuclear,0,,,,
2017,GEO,Nuclear,0,,,,
2018,GEO,Nuclear,0,,,,
2019,GEO,Nuclear,0,,,,
2020,GEO,Nuclear,0,,,,
2021,GEO,Nuclear,0,,,,
2022,GEO,Nuclear,0,,,,
2023,GEO,Nuclear,0,,,,
2024,GEO,Nuclear,0,,,,
2025,GEO,Nuclear,0,,,,
2000,GEO,Other renewables,0,,,,
2001,GEO,Other renewables,0,,,,
2002,GEO,Other renewables,0,,,,
2003,GEO,Other renewables,0,,,,
2004,GEO,Other renewables,0,,,,
2005,GEO,Other renewables,0,,,,
2006,GEO,Other renewables,0,,,,
2007,GEO,Other renewables,0,,,,
2008,GEO,Other renewables,0,,,,
2009,GEO,Other renewables,0,,,,
2010,GEO,Other renewables,0,,,,
2011,GEO,Other renewables,0,,,,
2012,GEO,Other renewables,0,,,,
2013,GEO,Other renewables,0,,,,
2014,GEO,Other renewables,0,,,,
2015,GEO,Other renewables,0,,,,
2016,GEO,Other renewables,0,,,,
2017,GEO,Other renewables,0,,,,
2018,GEO,Other renewables,0,,,,
2019,GEO,Other renewables,0,,,,
2020,GEO,Other renewables,0,,,,
2021,GEO,Other renewables,0,,,,
2022,GEO,Other renewables,0,,,,
2023,GEO,Other renewables,0,,,,
2024,GEO,Other renewables,0,,,,
2025,GEO,Other renewables,0,,,,
2000,GEO,Solar,0,,,,
2001,GEO,Solar,0,,,,
2002,GEO,Solar,0,,,,
2003,GEO,Solar,0,,,,
2004,GEO,Solar,0,,,,
2005,GEO,Solar,0,,,,
2006,GEO,Solar,0,,,,
2007,GEO,Solar,0,,,,
2008,GEO,Solar,0,,,,
2009,GEO,Solar,0,,,,
2010,GEO,Solar,0,,,,
2011,GEO,Solar,0,,,,
2012,GEO,Solar,0,,,,
2013,GEO,Solar,0,,,,
2014,GEO,Solar,0,,,,
2015,GEO,Solar,0,,,,
2016,GEO,Solar,0,,,,
2017,GEO,Solar,0,,,,
2018,GEO,Solar,0,,,,
2019,GEO,Solar,0,,,,
2020,GEO,Solar,0,,,,
2021,GEO,Solar,0,,,,
2022,GEO,Solar,0,,,,
2023,GEO,Solar,0.03,,,,
2024,GEO,Solar,0.03,,,,
2025,GEO,Solar,0.03,,,,
2000,GEO,Total,5.8,,,,
2001,GEO,Total,5.5,,,,
2002,GEO,Total,6.7,,,,
2003,GEO,Total,6.5,,,,
2004,GEO,Total,6,,,,
2005,GEO,Total,6.2,,,,
2006,GEO,Total,5.3,,,,
2007,GEO,Total,6.8,,,,
2008,GEO,Total,7.1,,,,
2009,GEO,Total,7.3,,,,
2010,GEO,Total,9.3,,,,
2011,GEO,Total,7.8,,,,
2012,GEO,Total,7.2,,,,
2013,GEO,Total,8.2,,,,
2014,GEO,Total,8.3,,,,
2015,GEO,Total,8.4,,,,
2016,GEO,Total,9.3,,,,
2017,GEO,Total,9.2,,,,
2018,GEO,Total,9.9,,,,
2019,GEO,Total,9,,,,
2020,GEO,Total,8.3,,,,
2021,GEO,Total,10,,,,
2022,GEO,Total,11,,,,
2023,GEO,Total,11,,,,
2024,GEO,Total,11,,,,
2025,GEO,Total,11,,,,
2000,GEO,Wind,0,,,,
2001,GEO,Wind,0,,,,
2002,GEO,Wind,0,,,,
2003,GEO,Wind,0,,,,
2004,GEO,Wind,0,,,,
2005,GEO,Wind,0,,,,
2006,GEO,Wind,0,,,,
2007,GEO,Wind,0,,,,
2008,GEO,Wind,0,,,,
2009,GEO,Wind,0,,,,
2010,GEO,Wind,0,,,,
2011,GEO,Wind,0,,,,
2012,GEO,Wind,0,,,,
2013,GEO,Wind,0,,,,
2014,GEO,Wind,0,,,,
2015,GEO,Wind,0,,,,
2016,GEO,Wind,0.01,,,,
2017,GEO,Wind,0.09,,,,
2018,GEO,Wind,0.08,,,,
2019,GEO,Wind,0.09,,,,
2020,GEO,Wind,0.09,,,,
2021,GEO,Wind,0.08,,,,
2022,GEO,Wind,0.09,,,,
2023,GEO,Wind,0.09,,,,
2024,GEO,Wind,0.09,,,,
2025,GEO,Wind,0.08,,,,
2000,GHA,Hydro,6.5,,,,
2001,GHA,Hydro,6.5,,,,
2002,GHA,Hydro,5,,,,
2003,GHA,Hydro,3.9,,,,
2004,GHA,Hydro,5.2,,,,
2005,GHA,Hydro,5.6,,,,
2006,GHA,Hydro,5.6,,,,
2007,GHA,Hydro,3.7,,,,
2008,GHA,Hydro,6.1,,,,
2009,GHA,Hydro,6.8,,,,
2010,GHA,Hydro,6.9,,,,
2011,GHA,Hydro,7.5,,,,
2012,GHA,Hydro,8,,,,
2013,GHA,Hydro,8.2,,,,
2014,GHA,Hydro,8.3,,,,
2015,GHA,Hydro,5.8,,,,
2016,GHA,Hydro,5.5,,,,
2017,GHA,Hydro,5.6,,,,
2018,GHA,Hydro,6,,,,
2019,GHA,Hydro,7.3,,,,
2020,GHA,Hydro,7.3,,,,
2021,GHA,Hydro,7.5,,,,
2022,GHA,Hydro,8.2,,,,
2023,GHA,Hydro,9.2,,,,
2024,GHA,Hydro,8.6,,,,
2000,GHA,Nuclear,0,,,,
2001,GHA,Nuclear,0,,,,
2002,GHA,Nuclear,0,,,,
2003,GHA,Nuclear,0,,,,
2004,GHA,Nuclear,0,,,,
2005,GHA,Nuclear,0,,,,
2006,GHA,Nuclear,0,,,,
2007,GHA,Nuclear,0,,,,
2008,GHA,Nuclear,0,,,,
2009,GHA,Nuclear,0,,,,
2010,GHA,Nuclear,0,,,,
2011,GHA,Nuclear,0,,,,
2012,GHA,Nuclear,0,,,,
2013,GHA,Nuclear,0,,,,
2014,GHA,Nuclear,0,,,,
2015,GHA,Nuclear,0,,,,
2016,GHA,Nuclear,0,,,,
2017,GHA,Nuclear,0,,,,
2018,GHA,Nuclear,0,,,,
2019,GHA,Nuclear,0,,,,
2020,GHA,Nuclear,0,,,,
2021,GHA,Nuclear,0,,,,
2022,GHA,Nuclear,0,,,,
2023,GHA,Nuclear,0,,,,
2024,GHA,Nuclear,0,,,,
2000,GHA,Other renewables,0,,,,
2001,GHA,Other renewables,0,,,,
2002,GHA,Other renewables,0,,,,
2003,GHA,Other renewables,0,,,,
2004,GHA,Other renewables,0,,,,
2005,GHA,Other renewables,0,,,,
2006,GHA,Other renewables,0,,,,
2007,GHA,Other renewables,0,,,,
2008,GHA,Other renewables,0,,,,
2009,GHA,Other renewables,0,,,,
2010,GHA,Other renewables,0,,,,
2011,GHA,Other renewables,0,,,,
2012,GHA,Other renewables,0,,,,
2013,GHA,Other renewables,0,,,,
2014,GHA,Other renewables,0,,,,
2015,GHA,Other renewables,0,,,,
2016,GHA,Other renewables,0,,,,
2017,GHA,Other renewables,0,,,,
2018,GHA,Other renewables,0,,,,
2019,GHA,Other renewables,0,,,,
2020,GHA,Other renewables,0,,,,
2021,GHA,Other renewables,0,,,,
2022,GHA,Other renewables,0,,,,
2023,GHA,Other renewables,0,,,,
2024,GHA,Other renewables,0,,,,
2000,GHA,Solar,0,,,,
2001,GHA,Solar,0,,,,
2002,GHA,Solar,0,,,,
2003,GHA,Solar,0,,,,
2004,GHA,Solar,0,,,,
2005,GHA,Solar,0,,,,
2006,GHA,Solar,0,,,,
2007,GHA,Solar,0,,,,
2008,GHA,Solar,0,,,,
2009,GHA,Solar,0,,,,
2010,GHA,Solar,0,,,,
2011,GHA,Solar,0,,,,
2012,GHA,Solar,0,,,,
2013,GHA,Solar,0,,,,
2014,GHA,Solar,0,,,,
2015,GHA,Solar,0,,,,
2016,GHA,Solar,0.03,,,,
2017,GHA,Solar,0.03,,,,
2018,GHA,Solar,0.03,,,,
2019,GHA,Solar,0.05,,,,
2020,GHA,Solar,0.06,,,,
2021,GHA,Solar,0.13,,,,
2022,GHA,Solar,0.16,,,,
2023,GHA,Solar,0.15,,,,
2024,GHA,Solar,0.17,,,,
2000,GHA,Total,6.6,,,,
2001,GHA,Total,6.6,,,,
2002,GHA,Total,5,,,,
2003,GHA,Total,3.9,,,,
2004,GHA,Total,5.2,,,,
2005,GHA,Total,5.6,,,,
2006,GHA,Total,5.6,,,,
2007,GHA,Total,3.7,,,,
2008,GHA,Total,6.2,,,,
2009,GHA,Total,6.8,,,,
2010,GHA,Total,7,,,,
2011,GHA,Total,7.5,,,,
2012,GHA,Total,8,,,,
2013,GHA,Total,8.2,,,,
2014,GHA,Total,8.3,,,,
2015,GHA,Total,5.8,,,,
2016,GHA,Total,5.6,,,,
2017,GHA,Total,5.7,,,,
2018,GHA,Total,6.1,,,,
2019,GHA,Total,7.3,,,,
2020,GHA,Total,7.4,,,,
2021,GHA,Total,7.7,,,,
2022,GHA,Total,8.4,,,,
2023,GHA,Total,9.4,,,,
2024,GHA,Total,8.8,,,,
2000,GHA,Wind,0,,,,
2001,GHA,Wind,0,,,,
2002,GHA,Wind,0,,,,
2003,GHA,Wind,0,,,,
2004,GHA,Wind,0,,,,
2005,GHA,Wind,0,,,,
2006,GHA,Wind,0,,,,
2007,GHA,Wind,0,,,,
2008,GHA,Wind,0,,,,
2009,GHA,Wind,0,,,,
2010,GHA,Wind,0,,,,
2011,GHA,Wind,0,,,,
2012,GHA,Wind,0,,,,
2013,GHA,Wind,0,,,,
2014,GHA,Wind,0,,,,
2015,GHA,Wind,0,,,,
2016,GHA,Wind,0,,,,
2017,GHA,Wind,0,,,,
2018,GHA,Wind,0,,,,
2019,GHA,Wind,0,,,,
2020,GHA,Wind,0,,,,
2021,GHA,Wind,0,,,,
2022,GHA,Wind,0,,,,
2023,GHA,Wind,0,,,,
2024,GHA,Wind,0,,,,
2000,GIN,Hydro,0.41,,,,
2001,GIN,Hydro,0.55,,,,
2002,GIN,Hydro,0.59,,,,
2003,GIN,Hydro,0.4,,,,
2004,GIN,Hydro,0.55,,,,
2005,GIN,Hydro,0.49,,,,
2006,GIN,Hydro,0.46,,,,
2007,GIN,Hydro,0.53,,,,
2008,GIN,Hydro,0.52,,,,
2009,GIN,Hydro,0.52,,,,
2010,GIN,Hydro,0.48,,,,
2011,GIN,Hydro,0.41,,,,
2012,GIN,Hydro,0.49,,,,
2013,GIN,Hydro,0.48,,,,
2014,GIN,Hydro,0.42,,,,
2015,GIN,Hydro,0.88,,,,
2016,GIN,Hydro,1.1,,,,
2017,GIN,Hydro,1.2,,,,
2018,GIN,Hydro,1.2,,,,
2019,GIN,Hydro,1.3,,,,
2020,GIN,Hydro,1.5,,,,
2021,GIN,Hydro,2.6,,,,
2022,GIN,Hydro,3,,,,
2023,GIN,Hydro,3,,,,
2024,GIN,Hydro,3,,,,
2000,GIN,Nuclear,0,,,,
2001,GIN,Nuclear,0,,,,
2002,GIN,Nuclear,0,,,,
2003,GIN,Nuclear,0,,,,
2004,GIN,Nuclear,0,,,,
2005,GIN,Nuclear,0,,,,
2006,GIN,Nuclear,0,,,,
2007,GIN,Nuclear,0,,,,
2008,GIN,Nuclear,0,,,,
2009,GIN,Nuclear,0,,,,
2010,GIN,Nuclear,0,,,,
2011,GIN,Nuclear,0,,,,
2012,GIN,Nuclear,0,,,,
2013,GIN,Nuclear,0,,,,
2014,GIN,Nuclear,0,,,,
2015,GIN,Nuclear,0,,,,
2016,GIN,Nuclear,0,,,,
2017,GIN,Nuclear,0,,,,
2018,GIN,Nuclear,0,,,,
2019,GIN,Nuclear,0,,,,
2020,GIN,Nuclear,0,,,,
2021,GIN,Nuclear,0,,,,
2022,GIN,Nuclear,0,,,,
2023,GIN,Nuclear,0,,,,
2024,GIN,Nuclear,0,,,,
2000,GIN,Other renewables,0,,,,
2001,GIN,Other renewables,0,,,,
2002,GIN,Other renewables,0,,,,
2003,GIN,Other renewables,0,,,,
2004,GIN,Other renewables,0,,,,
2005,GIN,Other renewables,0,,,,
2006,GIN,Other renewables,0,,,,
2007,GIN,Other renewables,0,,,,
2008,GIN,Other renewables,0,,,,
2009,GIN,Other renewables,0,,,,
2010,GIN,Other renewables,0,,,,
2011,GIN,Other renewables,0,,,,
2012,GIN,Other renewables,0,,,,
2013,GIN,Other renewables,0,,,,
2014,GIN,Other renewables,0,,,,
2015,GIN,Other renewables,0,,,,
2016,GIN,Other renewables,0,,,,
2017,GIN,Other renewables,0,,,,
2018,GIN,Other renewables,0,,,,
2019,GIN,Other renewables,0,,,,
2020,GIN,Other renewables,0,,,,
2021,GIN,Other renewables,0,,,,
2022,GIN,Other renewables,0,,,,
2023,GIN,Other renewables,0,,,,
2024,GIN,Other renewables,0,,,,
2000,GIN,Solar,0,,,,
2001,GIN,Solar,0,,,,
2002,GIN,Solar,0,,,,
2003,GIN,Solar,0,,,,
2004,GIN,Solar,0,,,,
2005,GIN,Solar,0,,,,
2006,GIN,Solar,0,,,,
2007,GIN,Solar,0,,,,
2008,GIN,Solar,0,,,,
2009,GIN,Solar,0,,,,
2010,GIN,Solar,0,,,,
2011,GIN,Solar,0,,,,
2012,GIN,Solar,0,,,,
2013,GIN,Solar,0,,,,
2014,GIN,Solar,0,,,,
2015,GIN,Solar,0.02,,,,
2016,GIN,Solar,0.02,,,,
2017,GIN,Solar,0.02,,,,
2018,GIN,Solar,0.02,,,,
2019,GIN,Solar,0.02,,,,
2020,GIN,Solar,0.02,,,,
2021,GIN,Solar,0.02,,,,
2022,GIN,Solar,0.03,,,,
2023,GIN,Solar,0.03,,,,
2024,GIN,Solar,0.03,,,,
2000,GIN,Total,0.41,,,,
2001,GIN,Total,0.55,,,,
2002,GIN,Total,0.59,,,,
2003,GIN,Total,0.4,,,,
2004,GIN,Total,0.55,,,,
2005,GIN,Total,0.49,,,,
2006,GIN,Total,0.46,,,,
2007,GIN,Total,0.53,,,,
2008,GIN,Total,0.52,,,,
2009,GIN,Total,0.52,,,,
2010,GIN,Total,0.48,,,,
2011,GIN,Total,0.41,,,,
2012,GIN,Total,0.49,,,,
2013,GIN,Total,0.48,,,,
2014,GIN,Total,0.42,,,,
2015,GIN,Total,0.9,,,,
2016,GIN,Total,1.1,,,,
2017,GIN,Total,1.2,,,,
2018,GIN,Total,1.2,,,,
2019,GIN,Total,1.3,,,,
2020,GIN,Total,1.5,,,,
2021,GIN,Total,2.7,,,,
2022,GIN,Total,3,,,,
2023,GIN,Total,3,,,,
2024,GIN,Total,3,,,,
2000,GIN,Wind,0,,,,
2001,GIN,Wind,0,,,,
2002,GIN,Wind,0,,,,
2003,GIN,Wind,0,,,,
2004,GIN,Wind,0,,,,
2005,GIN,Wind,0,,,,
2006,GIN,Wind,0,,,,
2007,GIN,Wind,0,,,,
2008,GIN,Wind,0,,,,
2009,GIN,Wind,0,,,,
2010,GIN,Wind,0,,,,
2011,GIN,Wind,0,,,,
2012,GIN,Wind,0,,,,
2013,GIN,Wind,0,,,,
2014,GIN,Wind,0,,,,
2015,GIN,Wind,0,,,,
2016,GIN,Wind,0,,,,
2017,GIN,Wind,0,,,,
2018,GIN,Wind,0,,,,
2019,GIN,Wind,0,,,,
2020,GIN,Wind,0,,,,
2021,GIN,Wind,0,,,,
2022,GIN,Wind,0,,,,
2023,GIN,Wind,0,,,,
2024,GIN,Wind,0,,,,
2000,GLP,Hydro,0.01,,,,
2001,GLP,Hydro,0.01,,,,
2002,GLP,Hydro,0.02,,,,
2003,GLP,Hydro,0.02,,,,
2004,GLP,Hydro,0.03,,,,
2005,GLP,Hydro,0.02,,,,
2006,GLP,Hydro,0.02,,,,
2007,GLP,Hydro,0.02,,,,
2008,GLP,Hydro,0.02,,,,
2009,GLP,Hydro,0.02,,,,
2010,GLP,Hydro,0.02,,,,
2011,GLP,Hydro,0.01,,,,
2012,GLP,Hydro,0.01,,,,
2013,GLP,Hydro,0.02,,,,
2014,GLP,Hydro,0.03,,,,
2015,GLP,Hydro,0.02,,,,
2016,GLP,Hydro,0.03,,,,
2017,GLP,Hydro,0.04,,,,
2018,GLP,Hydro,0.04,,,,
2019,GLP,Hydro,0.04,,,,
2020,GLP,Hydro,0.03,,,,
2021,GLP,Hydro,0.01,,,,
2022,GLP,Hydro,0.01,,,,
2023,GLP,Hydro,0.01,,,,
2000,GLP,Other renewables,0.02,,,,
2001,GLP,Other renewables,0.02,,,,
2002,GLP,Other renewables,0.02,,,,
2003,GLP,Other renewables,0.02,,,,
2004,GLP,Other renewables,0.03,,,,
2005,GLP,Other renewables,0.1,,,,
2006,GLP,Other renewables,0.08,,,,
2007,GLP,Other renewables,0.09,,,,
2008,GLP,Other renewables,0.09,,,,
2009,GLP,Other renewables,0.05,,,,
2010,GLP,Other renewables,0.01,,,,
2011,GLP,Other renewables,0.06,,,,
2012,GLP,Other renewables,0.05,,,,
2013,GLP,Other renewables,0.08,,,,
2014,GLP,Other renewables,0.08,,,,
2015,GLP,Other renewables,0.08,,,,
2016,GLP,Other renewables,0.08,,,,
2017,GLP,Other renewables,0.11,,,,
2018,GLP,Other renewables,0.11,,,,
2019,GLP,Other renewables,0.11,,,,
2020,GLP,Other renewables,0.12,,,,
2021,GLP,Other renewables,0.08,,,,
2022,GLP,Other renewables,0.1,,,,
2023,GLP,Other renewables,0.11,,,,
2005,GLP,Solar,0,,,,
2006,GLP,Solar,0,,,,
2007,GLP,Solar,0,,,,
2008,GLP,Solar,0,,,,
2009,GLP,Solar,0.01,,,,
2010,GLP,Solar,0.02,,,,
2011,GLP,Solar,0.03,,,,
2012,GLP,Solar,0.09,,,,
2013,GLP,Solar,0.1,,,,
2014,GLP,Solar,0.1,,,,
2015,GLP,Solar,0.1,,,,
2016,GLP,Solar,0.09,,,,
2017,GLP,Solar,0.09,,,,
2018,GLP,Solar,0.1,,,,
2019,GLP,Solar,0.1,,,,
2020,GLP,Solar,0.11,,,,
2021,GLP,Solar,0.11,,,,
2022,GLP,Solar,0.11,,,,
2023,GLP,Solar,0.11,,,,
2000,GLP,Total,0.12,,,,
2001,GLP,Total,0.11,,,,
2002,GLP,Total,0.14,,,,
2003,GLP,Total,0.13,,,,
2004,GLP,Total,0.17,,,,
2005,GLP,Total,0.21,,,,
2006,GLP,Total,0.2,,,,
2007,GLP,Total,0.22,,,,
2008,GLP,Total,0.22,,,,
2009,GLP,Total,0.19,,,,
2010,GLP,Total,0.15,,,,
2011,GLP,Total,0.2,,,,
2012,GLP,Total,0.26,,,,
2013,GLP,Total,0.31,,,,
2014,GLP,Total,0.32,,,,
2015,GLP,Total,0.31,,,,
2016,GLP,Total,0.3,,,,
2017,GLP,Total,0.36,,,,
2018,GLP,Total,0.37,,,,
2019,GLP,Total,0.37,,,,
2020,GLP,Total,0.41,,,,
2021,GLP,Total,0.56,,,,
2022,GLP,Total,0.57,,,,
2023,GLP,Total,0.59,,,,
2000,GLP,Wind,0.01,,,,
2001,GLP,Wind,0.02,,,,
2002,GLP,Wind,0.03,,,,
2003,GLP,Wind,0.03,,,,
2004,GLP,Wind,0.03,,,,
2005,GLP,Wind,0.02,,,,
2006,GLP,Wind,0.03,,,,
2007,GLP,Wind,0.04,,,,
2008,GLP,Wind,0.05,,,,
2009,GLP,Wind,0.05,,,,
2010,GLP,Wind,0.04,,,,
2011,GLP,Wind,0.05,,,,
2012,GLP,Wind,0.05,,,,
2013,GLP,Wind,0.06,,,,
2014,GLP,Wind,0.05,,,,
2015,GLP,Wind,0.05,,,,
2016,GLP,Wind,0.05,,,,
2017,GLP,Wind,0.05,,,,
2018,GLP,Wind,0.05,,,,
2019,GLP,Wind,0.06,,,,
2020,GLP,Wind,0.07,,,,
2021,GLP,Wind,0.11,,,,
2022,GLP,Wind,0.11,,,,
2023,GLP,Wind,0.1,,,,
2000,GMB,Hydro,0,,,,
2001,GMB,Hydro,0,,,,
2002,GMB,Hydro,0,,,,
2003,GMB,Hydro,0,,,,
2004,GMB,Hydro,0,,,,
2005,GMB,Hydro,0,,,,
2006,GMB,Hydro,0,,,,
2007,GMB,Hydro,0,,,,
2008,GMB,Hydro,0,,,,
2009,GMB,Hydro,0,,,,
2010,GMB,Hydro,0,,,,
2011,GMB,Hydro,0,,,,
2012,GMB,Hydro,0,,,,
2013,GMB,Hydro,0,,,,
2014,GMB,Hydro,0,,,,
2015,GMB,Hydro,0,,,,
2016,GMB,Hydro,0,,,,
2017,GMB,Hydro,0,,,,
2018,GMB,Hydro,0,,,,
2019,GMB,Hydro,0,,,,
2020,GMB,Hydro,0,,,,
2021,GMB,Hydro,0,,,,
2022,GMB,Hydro,0,,,,
2023,GMB,Hydro,0,,,,
2024,GMB,Hydro,0,,,,
2000,GMB,Nuclear,0,,,,
2001,GMB,Nuclear,0,,,,
2002,GMB,Nuclear,0,,,,
2003,GMB,Nuclear,0,,,,
2004,GMB,Nuclear,0,,,,
2005,GMB,Nuclear,0,,,,
2006,GMB,Nuclear,0,,,,
2007,GMB,Nuclear,0,,,,
2008,GMB,Nuclear,0,,,,
2009,GMB,Nuclear,0,,,,
2010,GMB,Nuclear,0,,,,
2011,GMB,Nuclear,0,,,,
2012,GMB,Nuclear,0,,,,
2013,GMB,Nuclear,0,,,,
2014,GMB,Nuclear,0,,,,
2015,GMB,Nuclear,0,,,,
2016,GMB,Nuclear,0,,,,
2017,GMB,Nuclear,0,,,,
2018,GMB,Nuclear,0,,,,
2019,GMB,Nuclear,0,,,,
2020,GMB,Nuclear,0,,,,
2021,GMB,Nuclear,0,,,,
2022,GMB,Nuclear,0,,,,
2023,GMB,Nuclear,0,,,,
2024,GMB,Nuclear,0,,,,
2000,GMB,Other renewables,0,,,,
2001,GMB,Other renewables,0,,,,
2002,GMB,Other renewables,0,,,,
2003,GMB,Other renewables,0,,,,
2004,GMB,Other renewables,0,,,,
2005,GMB,Other renewables,0,,,,
2006,GMB,Other renewables,0,,,,
2007,GMB,Other renewables,0,,,,
2008,GMB,Other renewables,0,,,,
2009,GMB,Other renewables,0,,,,
2010,GMB,Other renewables,0,,,,
2011,GMB,Other renewables,0,,,,
2012,GMB,Other renewables,0,,,,
2013,GMB,Other renewables,0,,,,
2014,GMB,Other renewables,0,,,,
2015,GMB,Other renewables,0,,,,
2016,GMB,Other renewables,0,,,,
2017,GMB,Other renewables,0,,,,
2018,GMB,Other renewables,0,,,,
2019,GMB,Other renewables,0,,,,
2020,GMB,Other renewables,0,,,,
2021,GMB,Other renewables,0,,,,
2022,GMB,Other renewables,0,,,,
2023,GMB,Other renewables,0,,,,
2024,GMB,Other renewables,0,,,,
2000,GMB,Solar,0,,,,
2001,GMB,Solar,0,,,,
2002,GMB,Solar,0,,,,
2003,GMB,Solar,0,,,,
2004,GMB,Solar,0,,,,
2005,GMB,Solar,0,,,,
2006,GMB,Solar,0,,,,
2007,GMB,Solar,0,,,,
2008,GMB,Solar,0,,,,
2009,GMB,Solar,0,,,,
2010,GMB,Solar,0,,,,
2011,GMB,Solar,0,,,,
2012,GMB,Solar,0,,,,
2013,GMB,Solar,0,,,,
2014,GMB,Solar,0,,,,
2015,GMB,Solar,0,,,,
2016,GMB,Solar,0,,,,
2017,GMB,Solar,0,,,,
2018,GMB,Solar,0,,,,
2019,GMB,Solar,0,,,,
2020,GMB,Solar,0,,,,
2021,GMB,Solar,0,,,,
2022,GMB,Solar,0,,,,
2023,GMB,Solar,0,,,,
2024,GMB,Solar,0,,,,
2000,GMB,Total,0,,,,
2001,GMB,Total,0,,,,
2002,GMB,Total,0,,,,
2003,GMB,Total,0,,,,
2004,GMB,Total,0,,,,
2005,GMB,Total,0,,,,
2006,GMB,Total,0,,,,
2007,GMB,Total,0,,,,
2008,GMB,Total,0,,,,
2009,GMB,Total,0,,,,
2010,GMB,Total,0,,,,
2011,GMB,Total,0,,,,
2012,GMB,Total,0,,,,
2013,GMB,Total,0,,,,
2014,GMB,Total,0,,,,
2015,GMB,Total,0,,,,
2016,GMB,Total,0,,,,
2017,GMB,Total,0,,,,
2018,GMB,Total,0,,,,
2019,GMB,Total,0,,,,
2020,GMB,Total,0,,,,
2021,GMB,Total,0,,,,
2022,GMB,Total,0,,,,
2023,GMB,Total,0,,,,
2024,GMB,Total,0,,,,
2000,GMB,Wind,0,,,,
2001,GMB,Wind,0,,,,
2002,GMB,Wind,0,,,,
2003,GMB,Wind,0,,,,
2004,GMB,Wind,0,,,,
2005,GMB,Wind,0,,,,
2006,GMB,Wind,0,,,,
2007,GMB,Wind,0,,,,
2008,GMB,Wind,0,,,,
2009,GMB,Wind,0,,,,
2010,GMB,Wind,0,,,,
2011,GMB,Wind,0,,,,
2012,GMB,Wind,0,,,,
2013,GMB,Wind,0,,,,
2014,GMB,Wind,0,,,,
2015,GMB,Wind,0,,,,
2016,GMB,Wind,0,,,,
2017,GMB,Wind,0,,,,
2018,GMB,Wind,0,,,,
2019,GMB,Wind,0,,,,
2020,GMB,Wind,0,,,,
2021,GMB,Wind,0,,,,
2022,GMB,Wind,0,,,,
2023,GMB,Wind,0,,,,
2024,GMB,Wind,0,,,,
2000,GNB,Hydro,0,,,,
2001,GNB,Hydro,0,,,,
2002,GNB,Hydro,0,,,,
2003,GNB,Hydro,0,,,,
2004,GNB,Hydro,0,,,,
2005,GNB,Hydro,0,,,,
2006,GNB,Hydro,0,,,,
2007,GNB,Hydro,0,,,,
2008,GNB,Hydro,0,,,,
2009,GNB,Hydro,0,,,,
2010,GNB,Hydro,0,,,,
2011,GNB,Hydro,0,,,,
2012,GNB,Hydro,0,,,,
2013,GNB,Hydro,0,,,,
2014,GNB,Hydro,0,,,,
2015,GNB,Hydro,0,,,,
2016,GNB,Hydro,0,,,,
2017,GNB,Hydro,0,,,,
2018,GNB,Hydro,0,,,,
2019,GNB,Hydro,0,,,,
2020,GNB,Hydro,0,,,,
2021,GNB,Hydro,0,,,,
2022,GNB,Hydro,0,,,,
2023,GNB,Hydro,0,,,,
2024,GNB,Hydro,0,,,,
2000,GNB,Nuclear,0,,,,
2001,GNB,Nuclear,0,,,,
2002,GNB,Nuclear,0,,,,
2003,GNB,Nuclear,0,,,,
2004,GNB,Nuclear,0,,,,
2005,GNB,Nuclear,0,,,,
2006,GNB,Nuclear,0,,,,
2007,GNB,Nuclear,0,,,,
2008,GNB,Nuclear,0,,,,
2009,GNB,Nuclear,0,,,,
2010,GNB,Nuclear,0,,,,
2011,GNB,Nuclear,0,,,,
2012,GNB,Nuclear,0,,,,
2013,GNB,Nuclear,0,,,,
2014,GNB,Nuclear,0,,,,
2015,GNB,Nuclear,0,,,,
2016,GNB,Nuclear,0,,,,
2017,GNB,Nuclear,0,,,,
2018,GNB,Nuclear,0,,,,
2019,GNB,Nuclear,0,,,,
2020,GNB,Nuclear,0,,,,
2021,GNB,Nuclear,0,,,,
2022,GNB,Nuclear,0,,,,
2023,GNB,Nuclear,0,,,,
2024,GNB,Nuclear,0,,,,
2000,GNB,Other renewables,0,,,,
2001,GNB,Other renewables,0,,,,
2002,GNB,Other renewables,0,,,,
2003,GNB,Other renewables,0,,,,
2004,GNB,Other renewables,0,,,,
2005,GNB,Other renewables,0,,,,
2006,GNB,Other renewables,0,,,,
2007,GNB,Other renewables,0,,,,
2008,GNB,Other renewables,0,,,,
2009,GNB,Other renewables,0,,,,
2010,GNB,Other renewables,0,,,,
2011,GNB,Other renewables,0,,,,
2012,GNB,Other renewables,0,,,,
2013,GNB,Other renewables,0,,,,
2014,GNB,Other renewables,0,,,,
2015,GNB,Other renewables,0,,,,
2016,GNB,Other renewables,0,,,,
2017,GNB,Other renewables,0,,,,
2018,GNB,Other renewables,0,,,,
2019,GNB,Other renewables,0,,,,
2020,GNB,Other renewables,0,,,,
2021,GNB,Other renewables,0,,,,
2022,GNB,Other renewables,0,,,,
2023,GNB,Other renewables,0,,,,
2024,GNB,Other renewables,0,,,,
2000,GNB,Solar,0,,,,
2001,GNB,Solar,0,,,,
2002,GNB,Solar,0,,,,
2003,GNB,Solar,0,,,,
2004,GNB,Solar,0,,,,
2005,GNB,Solar,0,,,,
2006,GNB,Solar,0,,,,
2007,GNB,Solar,0,,,,
2008,GNB,Solar,0,,,,
2009,GNB,Solar,0,,,,
2010,GNB,Solar,0,,,,
2011,GNB,Solar,0,,,,
2012,GNB,Solar,0,,,,
2013,GNB,Solar,0,,,,
2014,GNB,Solar,0,,,,
2015,GNB,Solar,0,,,,
2016,GNB,Solar,0,,,,
2017,GNB,Solar,0,,,,
2018,GNB,Solar,0,,,,
2019,GNB,Solar,0,,,,
2020,GNB,Solar,0,,,,
2021,GNB,Solar,0,,,,
2022,GNB,Solar,0,,,,
2023,GNB,Solar,0,,,,
2024,GNB,Solar,0,,,,
2000,GNB,Total,0,,,,
2001,GNB,Total,0,,,,
2002,GNB,Total,0,,,,
2003,GNB,Total,0,,,,
2004,GNB,Total,0,,,,
2005,GNB,Total,0,,,,
2006,GNB,Total,0,,,,
2007,GNB,Total,0,,,,
2008,GNB,Total,0,,,,
2009,GNB,Total,0,,,,
2010,GNB,Total,0,,,,
2011,GNB,Total,0,,,,
2012,GNB,Total,0,,,,
2013,GNB,Total,0,,,,
2014,GNB,Total,0,,,,
2015,GNB,Total,0,,,,
2016,GNB,Total,0,,,,
2017,GNB,Total,0,,,,
2018,GNB,Total,0,,,,
2019,GNB,Total,0,,,,
2020,GNB,Total,0,,,,
2021,GNB,Total,0,,,,
2022,GNB,Total,0,,,,
2023,GNB,Total,0,,,,
2024,GNB,Total,0,,,,
2000,GNB,Wind,0,,,,
2001,GNB,Wind,0,,,,
2002,GNB,Wind,0,,,,
2003,GNB,Wind,0,,,,
2004,GNB,Wind,0,,,,
2005,GNB,Wind,0,,,,
2006,GNB,Wind,0,,,,
2007,GNB,Wind,0,,,,
2008,GNB,Wind,0,,,,
2009,GNB,Wind,0,,,,
2010,GNB,Wind,0,,,,
2011,GNB,Wind,0,,,,
2012,GNB,Wind,0,,,,
2013,GNB,Wind,0,,,,
2014,GNB,Wind,0,,,,
2015,GNB,Wind,0,,,,
2016,GNB,Wind,0,,,,
2017,GNB,Wind,0,,,,
2018,GNB,Wind,0,,,,
2019,GNB,Wind,0,,,,
2020,GNB,Wind,0,,,,
2021,GNB,Wind,0,,,,
2022,GNB,Wind,0,,,,
2023,GNB,Wind,0,,,,
2024,GNB,Wind,0,,,,
2000,GNQ,Hydro,0.01,,,,
2001,GNQ,Hydro,0.01,,,,
2002,GNQ,Hydro,0.01,,,,
2003,GNQ,Hydro,0.01,,,,
2004,GNQ,Hydro,0.01,,,,
2005,GNQ,Hydro,0.01,,,,
2006,GNQ,Hydro,0.01,,,,
2007,GNQ,Hydro,0.01,,,,
2008,GNQ,Hydro,0.05,,,,
2009,GNQ,Hydro,0.05,,,,
2010,GNQ,Hydro,0.03,,,,
2011,GNQ,Hydro,0.03,,,,
2012,GNQ,Hydro,0.08,,,,
2013,GNQ,Hydro,0.25,,,,
2014,GNQ,Hydro,0.38,,,,
2015,GNQ,Hydro,0.47,,,,
2016,GNQ,Hydro,0.47,,,,
2017,GNQ,Hydro,0.44,,,,
2018,GNQ,Hydro,0.44,,,,
2019,GNQ,Hydro,0.45,,,,
2020,GNQ,Hydro,0.49,,,,
2021,GNQ,Hydro,0.47,,,,
2022,GNQ,Hydro,0.48,,,,
2023,GNQ,Hydro,0.35,,,,
2024,GNQ,Hydro,0.4,,,,
2000,GNQ,Nuclear,0,,,,
2001,GNQ,Nuclear,0,,,,
2002,GNQ,Nuclear,0,,,,
2003,GNQ,Nuclear,0,,,,
2004,GNQ,Nuclear,0,,,,
2005,GNQ,Nuclear,0,,,,
2006,GNQ,Nuclear,0,,,,
2007,GNQ,Nuclear,0,,,,
2008,GNQ,Nuclear,0,,,,
2009,GNQ,Nuclear,0,,,,
2010,GNQ,Nuclear,0,,,,
2011,GNQ,Nuclear,0,,,,
2012,GNQ,Nuclear,0,,,,
2013,GNQ,Nuclear,0,,,,
2014,GNQ,Nuclear,0,,,,
2015,GNQ,Nuclear,0,,,,
2016,GNQ,Nuclear,0,,,,
2017,GNQ,Nuclear,0,,,,
2018,GNQ,Nuclear,0,,,,
2019,GNQ,Nuclear,0,,,,
2020,GNQ,Nuclear,0,,,,
2021,GNQ,Nuclear,0,,,,
2022,GNQ,Nuclear,0,,,,
2023,GNQ,Nuclear,0,,,,
2024,GNQ,Nuclear,0,,,,
2000,GNQ,Other renewables,0,,,,
2001,GNQ,Other renewables,0,,,,
2002,GNQ,Other renewables,0,,,,
2003,GNQ,Other renewables,0,,,,
2004,GNQ,Other renewables,0,,,,
2005,GNQ,Other renewables,0,,,,
2006,GNQ,Other renewables,0,,,,
2007,GNQ,Other renewables,0,,,,
2008,GNQ,Other renewables,0,,,,
2009,GNQ,Other renewables,0,,,,
2010,GNQ,Other renewables,0,,,,
2011,GNQ,Other renewables,0,,,,
2012,GNQ,Other renewables,0,,,,
2013,GNQ,Other renewables,0,,,,
2014,GNQ,Other renewables,0,,,,
2015,GNQ,Other renewables,0,,,,
2016,GNQ,Other renewables,0,,,,
2017,GNQ,Other renewables,0,,,,
2018,GNQ,Other renewables,0,,,,
2019,GNQ,Other renewables,0,,,,
2020,GNQ,Other renewables,0,,,,
2021,GNQ,Other renewables,0,,,,
2022,GNQ,Other renewables,0,,,,
2023,GNQ,Other renewables,0,,,,
2024,GNQ,Other renewables,0,,,,
2000,GNQ,Solar,0,,,,
2001,GNQ,Solar,0,,,,
2002,GNQ,Solar,0,,,,
2003,GNQ,Solar,0,,,,
2004,GNQ,Solar,0,,,,
2005,GNQ,Solar,0,,,,
2006,GNQ,Solar,0,,,,
2007,GNQ,Solar,0,,,,
2008,GNQ,Solar,0,,,,
2009,GNQ,Solar,0,,,,
2010,GNQ,Solar,0,,,,
2011,GNQ,Solar,0,,,,
2012,GNQ,Solar,0,,,,
2013,GNQ,Solar,0,,,,
2014,GNQ,Solar,0,,,,
2015,GNQ,Solar,0,,,,
2016,GNQ,Solar,0,,,,
2017,GNQ,Solar,0,,,,
2018,GNQ,Solar,0,,,,
2019,GNQ,Solar,0,,,,
2020,GNQ,Solar,0,,,,
2021,GNQ,Solar,0,,,,
2022,GNQ,Solar,0,,,,
2023,GNQ,Solar,0,,,,
2024,GNQ,Solar,0,,,,
2000,GNQ,Total,0.01,,,,
2001,GNQ,Total,0.01,,,,
2002,GNQ,Total,0.01,,,,
2003,GNQ,Total,0.01,,,,
2004,GNQ,Total,0.01,,,,
2005,GNQ,Total,0.01,,,,
2006,GNQ,Total,0.01,,,,
2007,GNQ,Total,0.01,,,,
2008,GNQ,Total,0.05,,,,
2009,GNQ,Total,0.05,,,,
2010,GNQ,Total,0.03,,,,
2011,GNQ,Total,0.03,,,,
2012,GNQ,Total,0.08,,,,
2013,GNQ,Total,0.25,,,,
2014,GNQ,Total,0.38,,,,
2015,GNQ,Total,0.47,,,,
2016,GNQ,Total,0.47,,,,
2017,GNQ,Total,0.44,,,,
2018,GNQ,Total,0.44,,,,
2019,GNQ,Total,0.45,,,,
2020,GNQ,Total,0.49,,,,
2021,GNQ,Total,0.47,,,,
2022,GNQ,Total,0.48,,,,
2023,GNQ,Total,0.35,,,,
2024,GNQ,Total,0.4,,,,
2000,GNQ,Wind,0,,,,
2001,GNQ,Wind,0,,,,
2002,GNQ,Wind,0,,,,
2003,GNQ,Wind,0,,,,
2004,GNQ,Wind,0,,,,
2005,GNQ,Wind,0,,,,
2006,GNQ,Wind,0,,,,
2007,GNQ,Wind,0,,,,
2008,GNQ,Wind,0,,,,
2009,GNQ,Wind,0,,,,
2010,GNQ,Wind,0,,,,
2011,GNQ,Wind,0,,,,
2012,GNQ,Wind,0,,,,
2013,GNQ,Wind,0,,,,
2014,GNQ,Wind,0,,,,
2015,GNQ,Wind,0,,,,
2016,GNQ,Wind,0,,,,
2017,GNQ,Wind,0,,,,
2018,GNQ,Wind,0,,,,
2019,GNQ,Wind,0,,,,
2020,GNQ,Wind,0,,,,
2021,GNQ,Wind,0,,,,
2022,GNQ,Wind,0,,,,
2023,GNQ,Wind,0,,,,
2024,GNQ,Wind,0,,,,
1990,GRC,Hydro,1.8,,,,
1991,GRC,Hydro,3.1,,,,
1992,GRC,Hydro,2.2,,,,
1993,GRC,Hydro,2.3,,,,
1994,GRC,Hydro,2.6,,,,
1995,GRC,Hydro,3.5,,,,
1996,GRC,Hydro,4.4,,,,
1997,GRC,Hydro,3.9,,,,
1998,GRC,Hydro,3.7,,,,
1999,GRC,Hydro,4.6,,,,
2000,GRC,Hydro,3.7,,,,
2001,GRC,Hydro,2.1,,,,
2002,GRC,Hydro,2.8,,,,
2003,GRC,Hydro,4.8,,,,
2004,GRC,Hydro,4.7,,,,
2005,GRC,Hydro,5,,,,
2006,GRC,Hydro,5.9,,,,
2007,GRC,Hydro,2.6,,,,
2008,GRC,Hydro,3.3,,,,
2009,GRC,Hydro,5.4,,,,
2010,GRC,Hydro,7.5,,,,
2011,GRC,Hydro,4,,,,
2012,GRC,Hydro,4.4,,,,
2013,GRC,Hydro,6.4,,,,
2014,GRC,Hydro,4.5,,,,
2015,GRC,Hydro,6.1,,,,
2016,GRC,Hydro,5.5,,,,
2017,GRC,Hydro,4,,,,
2018,GRC,Hydro,5.7,,,,
2019,GRC,Hydro,4,,,,
2020,GRC,Hydro,3.3,,,,
2021,GRC,Hydro,5.9,,,,
2022,GRC,Hydro,3.9,,,,
2023,GRC,Hydro,3.8,,,,
2024,GRC,Hydro,3.6,,,,
2025,GRC,Hydro,3.4,,,,
1990,GRC,Nuclear,0,,,,
1991,GRC,Nuclear,0,,,,
1992,GRC,Nuclear,0,,,,
1993,GRC,Nuclear,0,,,,
1994,GRC,Nuclear,0,,,,
1995,GRC,Nuclear,0,,,,
1996,GRC,Nuclear,0,,,,
1997,GRC,Nuclear,0,,,,
1998,GRC,Nuclear,0,,,,
1999,GRC,Nuclear,0,,,,
2000,GRC,Nuclear,0,,,,
2001,GRC,Nuclear,0,,,,
2002,GRC,Nuclear,0,,,,
2003,GRC,Nuclear,0,,,,
2004,GRC,Nuclear,0,,,,
2005,GRC,Nuclear,0,,,,
2006,GRC,Nuclear,0,,,,
2007,GRC,Nuclear,0,,,,
2008,GRC,Nuclear,0,,,,
2009,GRC,Nuclear,0,,,,
2010,GRC,Nuclear,0,,,,
2011,GRC,Nuclear,0,,,,
2012,GRC,Nuclear,0,,,,
2013,GRC,Nuclear,0,,,,
2014,GRC,Nuclear,0,,,,
2015,GRC,Nuclear,0,,,,
2016,GRC,Nuclear,0,,,,
2017,GRC,Nuclear,0,,,,
2018,GRC,Nuclear,0,,,,
2019,GRC,Nuclear,0,,,,
2020,GRC,Nuclear,0,,,,
2021,GRC,Nuclear,0,,,,
2022,GRC,Nuclear,0,,,,
2023,GRC,Nuclear,0,,,,
2024,GRC,Nuclear,0,,,,
2025,GRC,Nuclear,0,,,,
1990,GRC,Other renewables,0,,,,
1991,GRC,Other renewables,0,,,,
1992,GRC,Other renewables,0,,,,
1993,GRC,Other renewables,0,,,,
1994,GRC,Other renewables,0,,,,
1995,GRC,Other renewables,0,,,,
1996,GRC,Other renewables,0,,,,
1997,GRC,Other renewables,0,,,,
1998,GRC,Other renewables,0,,,,
1999,GRC,Other renewables,0,,,,
2000,GRC,Other renewables,0,,,,
2001,GRC,Other renewables,0,,,,
2002,GRC,Other renewables,0,,,,
2003,GRC,Other renewables,0,,,,
2004,GRC,Other renewables,0,,,,
2005,GRC,Other renewables,0,,,,
2006,GRC,Other renewables,0,,,,
2007,GRC,Other renewables,0,,,,
2008,GRC,Other renewables,0,,,,
2009,GRC,Other renewables,0,,,,
2010,GRC,Other renewables,0,,,,
2011,GRC,Other renewables,0,,,,
2012,GRC,Other renewables,0,,,,
2013,GRC,Other renewables,0,,,,
2014,GRC,Other renewables,0,,,,
2015,GRC,Other renewables,0,,,,
2016,GRC,Other renewables,0,,,,
2017,GRC,Other renewables,0,,,,
2018,GRC,Other renewables,0,,,,
2019,GRC,Other renewables,0,,,,
2020,GRC,Other renewables,0,,,,
2021,GRC,Other renewables,0,,,,
2022,GRC,Other renewables,0,,,,
2023,GRC,Other renewables,0,,,,
2024,GRC,Other renewables,0,,,,
2025,GRC,Other renewables,0,,,,
1990,GRC,Solar,0,,,,
1991,GRC,Solar,0,,,,
1992,GRC,Solar,0,,,,
1993,GRC,Solar,0,,,,
1994,GRC,Solar,0,,,,
1995,GRC,Solar,0,,,,
1996,GRC,Solar,0,,,,
1997,GRC,Solar,0,,,,
1998,GRC,Solar,0,,,,
1999,GRC,Solar,0,,,,
2000,GRC,Solar,0,,,,
2001,GRC,Solar,0,,,,
2002,GRC,Solar,0,,,,
2003,GRC,Solar,0,,,,
2004,GRC,Solar,0,,,,
2005,GRC,Solar,0,,,,
2006,GRC,Solar,0,,,,
2007,GRC,Solar,0,,,,
2008,GRC,Solar,0.01,,,,
2009,GRC,Solar,0.05,,,,
2010,GRC,Solar,0.16,,,,
2011,GRC,Solar,0.61,,,,
2012,GRC,Solar,1.7,,,,
2013,GRC,Solar,3.7,,,,
2014,GRC,Solar,3.8,,,,
2015,GRC,Solar,3.9,,,,
2016,GRC,Solar,3.9,,,,
2017,GRC,Solar,4,,,,
2018,GRC,Solar,3.8,,,,
2019,GRC,Solar,4.4,,,,
2020,GRC,Solar,4.5,,,,
2021,GRC,Solar,5.3,,,,
2022,GRC,Solar,7.1,,,,
2023,GRC,Solar,8.9,,,,
2024,GRC,Solar,11,,,,
2025,GRC,Solar,11,,,,
1990,GRC,Total,1.8,,,,
1991,GRC,Total,3.1,,,,
1992,GRC,Total,2.2,,,,
1993,GRC,Total,2.3,,,,
1994,GRC,Total,2.6,,,,
1995,GRC,Total,3.6,,,,
1996,GRC,Total,4.4,,,,
1997,GRC,Total,3.9,,,,
1998,GRC,Total,3.8,,,,
1999,GRC,Total,4.8,,,,
2000,GRC,Total,4.1,,,,
2001,GRC,Total,2.9,,,,
2002,GRC,Total,3.6,,,,
2003,GRC,Total,5.9,,,,
2004,GRC,Total,5.9,,,,
2005,GRC,Total,6.4,,,,
2006,GRC,Total,7.7,,,,
2007,GRC,Total,4.6,,,,
2008,GRC,Total,5.8,,,,
2009,GRC,Total,8.2,,,,
2010,GRC,Total,11,,,,
2011,GRC,Total,8.2,,,,
2012,GRC,Total,10,,,,
2013,GRC,Total,14,,,,
2014,GRC,Total,12,,,,
2015,GRC,Total,15,,,,
2016,GRC,Total,15,,,,
2017,GRC,Total,14,,,,
2018,GRC,Total,16,,,,
2019,GRC,Total,16,,,,
2020,GRC,Total,18,,,,
2021,GRC,Total,22,,,,
2022,GRC,Total,22,,,,
2023,GRC,Total,24,,,,
2024,GRC,Total,28,,,,
2025,GRC,Total,28,,,,
1990,GRC,Wind,0,,,,
1991,GRC,Wind,0,,,,
1992,GRC,Wind,0.01,,,,
1993,GRC,Wind,0.05,,,,
1994,GRC,Wind,0.04,,,,
1995,GRC,Wind,0.03,,,,
1996,GRC,Wind,0.04,,,,
1997,GRC,Wind,0.04,,,,
1998,GRC,Wind,0.07,,,,
1999,GRC,Wind,0.16,,,,
2000,GRC,Wind,0.45,,,,
2001,GRC,Wind,0.76,,,,
2002,GRC,Wind,0.65,,,,
2003,GRC,Wind,1,,,,
2004,GRC,Wind,1.1,,,,
2005,GRC,Wind,1.3,,,,
2006,GRC,Wind,1.7,,,,
2007,GRC,Wind,1.8,,,,
2008,GRC,Wind,2.2,,,,
2009,GRC,Wind,2.5,,,,
2010,GRC,Wind,2.7,,,,
2011,GRC,Wind,3.3,,,,
2012,GRC,Wind,3.9,,,,
2013,GRC,Wind,4.1,,,,
2014,GRC,Wind,3.7,,,,
2015,GRC,Wind,4.6,,,,
2016,GRC,Wind,5.2,,,,
2017,GRC,Wind,5.5,,,,
2018,GRC,Wind,6.3,,,,
2019,GRC,Wind,7.3,,,,
2020,GRC,Wind,9.3,,,,
2021,GRC,Wind,10,,,,
2022,GRC,Wind,11,,,,
2023,GRC,Wind,11,,,,
2024,GRC,Wind,13,,,,
2025,GRC,Wind,12,,,,
2000,GRD,Hydro,0,,,,
2001,GRD,Hydro,0,,,,
2002,GRD,Hydro,0,,,,
2003,GRD,Hydro,0,,,,
2004,GRD,Hydro,0,,,,
2005,GRD,Hydro,0,,,,
2006,GRD,Hydro,0,,,,
2007,GRD,Hydro,0,,,,
2008,GRD,Hydro,0,,,,
2009,GRD,Hydro,0,,,,
2010,GRD,Hydro,0,,,,
2011,GRD,Hydro,0,,,,
2012,GRD,Hydro,0,,,,
2013,GRD,Hydro,0,,,,
2014,GRD,Hydro,0,,,,
2015,GRD,Hydro,0,,,,
2016,GRD,Hydro,0,,,,
2017,GRD,Hydro,0,,,,
2018,GRD,Hydro,0,,,,
2019,GRD,Hydro,0,,,,
2020,GRD,Hydro,0,,,,
2021,GRD,Hydro,0,,,,
2022,GRD,Hydro,0,,,,
2023,GRD,Hydro,0,,,,
2024,GRD,Hydro,0,,,,
2000,GRD,Nuclear,0,,,,
2001,GRD,Nuclear,0,,,,
2002,GRD,Nuclear,0,,,,
2003,GRD,Nuclear,0,,,,
2004,GRD,Nuclear,0,,,,
2005,GRD,Nuclear,0,,,,
2006,GRD,Nuclear,0,,,,
2007,GRD,Nuclear,0,,,,
2008,GRD,Nuclear,0,,,,
2009,GRD,Nuclear,0,,,,
2010,GRD,Nuclear,0,,,,
2011,GRD,Nuclear,0,,,,
2012,GRD,Nuclear,0,,,,
2013,GRD,Nuclear,0,,,,
2014,GRD,Nuclear,0,,,,
2015,GRD,Nuclear,0,,,,
2016,GRD,Nuclear,0,,,,
2017,GRD,Nuclear,0,,,,
2018,GRD,Nuclear,0,,,,
2019,GRD,Nuclear,0,,,,
2020,GRD,Nuclear,0,,,,
2021,GRD,Nuclear,0,,,,
2022,GRD,Nuclear,0,,,,
2023,GRD,Nuclear,0,,,,
2024,GRD,Nuclear,0,,,,
2000,GRD,Other renewables,0,,,,
2001,GRD,Other renewables,0,,,,
2002,GRD,Other renewables,0,,,,
2003,GRD,Other renewables,0,,,,
2004,GRD,Other renewables,0,,,,
2005,GRD,Other renewables,0,,,,
2006,GRD,Other renewables,0,,,,
2007,GRD,Other renewables,0,,,,
2008,GRD,Other renewables,0,,,,
2009,GRD,Other renewables,0,,,,
2010,GRD,Other renewables,0,,,,
2011,GRD,Other renewables,0,,,,
2012,GRD,Other renewables,0,,,,
2013,GRD,Other renewables,0,,,,
2014,GRD,Other renewables,0,,,,
2015,GRD,Other renewables,0,,,,
2016,GRD,Other renewables,0,,,,
2017,GRD,Other renewables,0,,,,
2018,GRD,Other renewables,0,,,,
2019,GRD,Other renewables,0,,,,
2020,GRD,Other renewables,0,,,,
2021,GRD,Other renewables,0,,,,
2022,GRD,Other renewables,0,,,,
2023,GRD,Other renewables,0,,,,
2024,GRD,Other renewables,0,,,,
2000,GRD,Solar,0,,,,
2001,GRD,Solar,0,,,,
2002,GRD,Solar,0,,,,
2003,GRD,Solar,0,,,,
2004,GRD,Solar,0,,,,
2005,GRD,Solar,0,,,,
2006,GRD,Solar,0,,,,
2007,GRD,Solar,0,,,,
2008,GRD,Solar,0,,,,
2009,GRD,Solar,0,,,,
2010,GRD,Solar,0,,,,
2011,GRD,Solar,0,,,,
2012,GRD,Solar,0,,,,
2013,GRD,Solar,0,,,,
2014,GRD,Solar,0,,,,
2015,GRD,Solar,0,,,,
2016,GRD,Solar,0,,,,
2017,GRD,Solar,0,,,,
2018,GRD,Solar,0,,,,
2019,GRD,Solar,0,,,,
2020,GRD,Solar,0,,,,
2021,GRD,Solar,0,,,,
2022,GRD,Solar,0,,,,
2023,GRD,Solar,0,,,,
2024,GRD,Solar,0,,,,
2000,GRD,Total,0,,,,
2001,GRD,Total,0,,,,
2002,GRD,Total,0,,,,
2003,GRD,Total,0,,,,
2004,GRD,Total,0,,,,
2005,GRD,Total,0,,,,
2006,GRD,Total,0,,,,
2007,GRD,Total,0,,,,
2008,GRD,Total,0,,,,
2009,GRD,Total,0,,,,
2010,GRD,Total,0,,,,
2011,GRD,Total,0,,,,
2012,GRD,Total,0,,,,
2013,GRD,Total,0,,,,
2014,GRD,Total,0,,,,
2015,GRD,Total,0,,,,
2016,GRD,Total,0,,,,
2017,GRD,Total,0,,,,
2018,GRD,Total,0,,,,
2019,GRD,Total,0,,,,
2020,GRD,Total,0,,,,
2021,GRD,Total,0,,,,
2022,GRD,Total,0,,,,
2023,GRD,Total,0,,,,
2024,GRD,Total,0,,,,
2000,GRD,Wind,0,,,,
2001,GRD,Wind,0,,,,
2002,GRD,Wind,0,,,,
2003,GRD,Wind,0,,,,
2004,GRD,Wind,0,,,,
2005,GRD,Wind,0,,,,
2006,GRD,Wind,0,,,,
2007,GRD,Wind,0,,,,
2008,GRD,Wind,0,,,,
2009,GRD,Wind,0,,,,
2010,GRD,Wind,0,,,,
2011,GRD,Wind,0,,,,
2012,GRD,Wind,0,,,,
2013,GRD,Wind,0,,,,
2014,GRD,Wind,0,,,,
2015,GRD,Wind,0,,,,
2016,GRD,Wind,0,,,,
2017,GRD,Wind,0,,,,
2018,GRD,Wind,0,,,,
2019,GRD,Wind,0,,,,
2020,GRD,Wind,0,,,,
2021,GRD,Wind,0,,,,
2022,GRD,Wind,0,,,,
2023,GRD,Wind,0,,,,
2024,GRD,Wind,0,,,,
2000,GRL,Hydro,0.17,,,,
2001,GRL,Hydro,0.16,,,,
2002,GRL,Hydro,0.18,,,,
2003,GRL,Hydro,0.18,,,,
2004,GRL,Hydro,0.19,,,,
2005,GRL,Hydro,0.2,,,,
2006,GRL,Hydro,0.2,,,,
2007,GRL,Hydro,0.2,,,,
2008,GRL,Hydro,0.2,,,,
2009,GRL,Hydro,0.26,,,,
2010,GRL,Hydro,0.29,,,,
2011,GRL,Hydro,0.34,,,,
2012,GRL,Hydro,0.34,,,,
2013,GRL,Hydro,0.37,,,,
2014,GRL,Hydro,0.39,,,,
2015,GRL,Hydro,0.42,,,,
2016,GRL,Hydro,0.4,,,,
2017,GRL,Hydro,0.38,,,,
2018,GRL,Hydro,0.42,,,,
2019,GRL,Hydro,0.41,,,,
2020,GRL,Hydro,0.43,,,,
2021,GRL,Hydro,0.43,,,,
2022,GRL,Hydro,0.47,,,,
2023,GRL,Hydro,0.48,,,,
2024,GRL,Hydro,0.47,,,,
2000,GRL,Nuclear,0,,,,
2001,GRL,Nuclear,0,,,,
2002,GRL,Nuclear,0,,,,
2003,GRL,Nuclear,0,,,,
2004,GRL,Nuclear,0,,,,
2005,GRL,Nuclear,0,,,,
2006,GRL,Nuclear,0,,,,
2007,GRL,Nuclear,0,,,,
2008,GRL,Nuclear,0,,,,
2009,GRL,Nuclear,0,,,,
2010,GRL,Nuclear,0,,,,
2011,GRL,Nuclear,0,,,,
2012,GRL,Nuclear,0,,,,
2013,GRL,Nuclear,0,,,,
2014,GRL,Nuclear,0,,,,
2015,GRL,Nuclear,0,,,,
2016,GRL,Nuclear,0,,,,
2017,GRL,Nuclear,0,,,,
2018,GRL,Nuclear,0,,,,
2019,GRL,Nuclear,0,,,,
2020,GRL,Nuclear,0,,,,
2021,GRL,Nuclear,0,,,,
2022,GRL,Nuclear,0,,,,
2023,GRL,Nuclear,0,,,,
2024,GRL,Nuclear,0,,,,
2000,GRL,Other renewables,0,,,,
2001,GRL,Other renewables,0,,,,
2002,GRL,Other renewables,0,,,,
2003,GRL,Other renewables,0,,,,
2004,GRL,Other renewables,0,,,,
2005,GRL,Other renewables,0,,,,
2006,GRL,Other renewables,0,,,,
2007,GRL,Other renewables,0,,,,
2008,GRL,Other renewables,0,,,,
2009,GRL,Other renewables,0,,,,
2010,GRL,Other renewables,0,,,,
2011,GRL,Other renewables,0,,,,
2012,GRL,Other renewables,0,,,,
2013,GRL,Other renewables,0,,,,
2014,GRL,Other renewables,0,,,,
2015,GRL,Other renewables,0,,,,
2016,GRL,Other renewables,0,,,,
2017,GRL,Other renewables,0,,,,
2018,GRL,Other renewables,0,,,,
2019,GRL,Other renewables,0,,,,
2020,GRL,Other renewables,0,,,,
2021,GRL,Other renewables,0,,,,
2022,GRL,Other renewables,0,,,,
2023,GRL,Other renewables,0,,,,
2024,GRL,Other renewables,0,,,,
2000,GRL,Solar,0,,,,
2001,GRL,Solar,0,,,,
2002,GRL,Solar,0,,,,
2003,GRL,Solar,0,,,,
2004,GRL,Solar,0,,,,
2005,GRL,Solar,0,,,,
2006,GRL,Solar,0,,,,
2007,GRL,Solar,0,,,,
2008,GRL,Solar,0,,,,
2009,GRL,Solar,0,,,,
2010,GRL,Solar,0,,,,
2011,GRL,Solar,0,,,,
2012,GRL,Solar,0,,,,
2013,GRL,Solar,0,,,,
2014,GRL,Solar,0,,,,
2015,GRL,Solar,0,,,,
2016,GRL,Solar,0,,,,
2017,GRL,Solar,0,,,,
2018,GRL,Solar,0,,,,
2019,GRL,Solar,0,,,,
2020,GRL,Solar,0,,,,
2021,GRL,Solar,0,,,,
2022,GRL,Solar,0,,,,
2023,GRL,Solar,0,,,,
2024,GRL,Solar,0,,,,
2000,GRL,Total,0.17,,,,
2001,GRL,Total,0.16,,,,
2002,GRL,Total,0.18,,,,
2003,GRL,Total,0.18,,,,
2004,GRL,Total,0.19,,,,
2005,GRL,Total,0.2,,,,
2006,GRL,Total,0.2,,,,
2007,GRL,Total,0.2,,,,
2008,GRL,Total,0.2,,,,
2009,GRL,Total,0.26,,,,
2010,GRL,Total,0.29,,,,
2011,GRL,Total,0.34,,,,
2012,GRL,Total,0.34,,,,
2013,GRL,Total,0.37,,,,
2014,GRL,Total,0.39,,,,
2015,GRL,Total,0.42,,,,
2016,GRL,Total,0.4,,,,
2017,GRL,Total,0.38,,,,
2018,GRL,Total,0.42,,,,
2019,GRL,Total,0.41,,,,
2020,GRL,Total,0.43,,,,
2021,GRL,Total,0.43,,,,
2022,GRL,Total,0.47,,,,
2023,GRL,Total,0.5,,,,
2024,GRL,Total,0.5,,,,
2000,GRL,Wind,0,,,,
2001,GRL,Wind,0,,,,
2002,GRL,Wind,0,,,,
2003,GRL,Wind,0,,,,
2004,GRL,Wind,0,,,,
2005,GRL,Wind,0,,,,
2006,GRL,Wind,0,,,,
2007,GRL,Wind,0,,,,
2008,GRL,Wind,0,,,,
2009,GRL,Wind,0,,,,
2010,GRL,Wind,0,,,,
2011,GRL,Wind,0,,,,
2012,GRL,Wind,0,,,,
2013,GRL,Wind,0,,,,
2014,GRL,Wind,0,,,,
2015,GRL,Wind,0,,,,
2016,GRL,Wind,0,,,,
2017,GRL,Wind,0,,,,
2018,GRL,Wind,0,,,,
2019,GRL,Wind,0,,,,
2020,GRL,Wind,0,,,,
2021,GRL,Wind,0,,,,
2022,GRL,Wind,0,,,,
2023,GRL,Wind,0,,,,
2024,GRL,Wind,0,,,,
2000,GTM,Hydro,2.5,,,,
2001,GTM,Hydro,2.2,,,,
2002,GTM,Hydro,1.9,,,,
2003,GTM,Hydro,2.7,,,,
2004,GTM,Hydro,2.5,,,,
2005,GTM,Hydro,2.9,,,,
2006,GTM,Hydro,3.3,,,,
2007,GTM,Hydro,3,,,,
2008,GTM,Hydro,3.6,,,,
2009,GTM,Hydro,2.9,,,,
2010,GTM,Hydro,3.8,,,,
2011,GTM,Hydro,4.1,,,,
2012,GTM,Hydro,4.5,,,,
2013,GTM,Hydro,4.7,,,,
2014,GTM,Hydro,4.8,,,,
2015,GTM,Hydro,3.9,,,,
2016,GTM,Hydro,4,,,,
2017,GTM,Hydro,5.8,,,,
2018,GTM,Hydro,5.3,,,,
2019,GTM,Hydro,4.5,,,,
2020,GTM,Hydro,5.8,,,,
2021,GTM,Hydro,6.7,,,,
2022,GTM,Hydro,7,,,,
2023,GTM,Hydro,5.7,,,,
2024,GTM,Hydro,6.3,,,,
2000,GTM,Nuclear,0,,,,
2001,GTM,Nuclear,0,,,,
2002,GTM,Nuclear,0,,,,
2003,GTM,Nuclear,0,,,,
2004,GTM,Nuclear,0,,,,
2005,GTM,Nuclear,0,,,,
2006,GTM,Nuclear,0,,,,
2007,GTM,Nuclear,0,,,,
2008,GTM,Nuclear,0,,,,
2009,GTM,Nuclear,0,,,,
2010,GTM,Nuclear,0,,,,
2011,GTM,Nuclear,0,,,,
2012,GTM,Nuclear,0,,,,
2013,GTM,Nuclear,0,,,,
2014,GTM,Nuclear,0,,,,
2015,GTM,Nuclear,0,,,,
2016,GTM,Nuclear,0,,,,
2017,GTM,Nuclear,0,,,,
2018,GTM,Nuclear,0,,,,
2019,GTM,Nuclear,0,,,,
2020,GTM,Nuclear,0,,,,
2021,GTM,Nuclear,0,,,,
2022,GTM,Nuclear,0,,,,
2023,GTM,Nuclear,0,,,,
2024,GTM,Nuclear,0,,,,
2000,GTM,Other renewables,0.2,,,,
2001,GTM,Other renewables,0.2,,,,
2002,GTM,Other renewables,0.2,,,,
2003,GTM,Other renewables,0.2,,,,
2004,GTM,Other renewables,0.2,,,,
2005,GTM,Other renewables,0.16,,,,
2006,GTM,Other renewables,0.16,,,,
2007,GTM,Other renewables,0.26,,,,
2008,GTM,Other renewables,0.29,,,,
2009,GTM,Other renewables,0.28,,,,
2010,GTM,Other renewables,0.26,,,,
2011,GTM,Other renewables,0.25,,,,
2012,GTM,Other renewables,0.26,,,,
2013,GTM,Other renewables,0.22,,,,
2014,GTM,Other renewables,0.26,,,,
2015,GTM,Other renewables,0.26,,,,
2016,GTM,Other renewables,0.34,,,,
2017,GTM,Other renewables,0.3,,,,
2018,GTM,Other renewables,0.3,,,,
2019,GTM,Other renewables,0.31,,,,
2020,GTM,Other renewables,0.33,,,,
2021,GTM,Other renewables,0.31,,,,
2022,GTM,Other renewables,0.34,,,,
2023,GTM,Other renewables,0.34,,,,
2024,GTM,Other renewables,0.34,,,,
2000,GTM,Solar,0,,,,
2001,GTM,Solar,0,,,,
2002,GTM,Solar,0,,,,
2003,GTM,Solar,0,,,,
2004,GTM,Solar,0,,,,
2005,GTM,Solar,0,,,,
2006,GTM,Solar,0,,,,
2007,GTM,Solar,0,,,,
2008,GTM,Solar,0,,,,
2009,GTM,Solar,0,,,,
2010,GTM,Solar,0,,,,
2011,GTM,Solar,0,,,,
2012,GTM,Solar,0,,,,
2013,GTM,Solar,0,,,,
2014,GTM,Solar,0.01,,,,
2015,GTM,Solar,0.16,,,,
2016,GTM,Solar,0.19,,,,
2017,GTM,Solar,0.2,,,,
2018,GTM,Solar,0.2,,,,
2019,GTM,Solar,0.23,,,,
2020,GTM,Solar,0.22,,,,
2021,GTM,Solar,0.23,,,,
2022,GTM,Solar,0.23,,,,
2023,GTM,Solar,0.24,,,,
2024,GTM,Solar,0.28,,,,
2000,GTM,Total,3.2,,,,
2001,GTM,Total,2.9,,,,
2002,GTM,Total,2.6,,,,
2003,GTM,Total,3.4,,,,
2004,GTM,Total,3.3,,,,
2005,GTM,Total,3.9,,,,
2006,GTM,Total,4.2,,,,
2007,GTM,Total,4.4,,,,
2008,GTM,Total,4.8,,,,
2009,GTM,Total,4.1,,,,
2010,GTM,Total,5.6,,,,
2011,GTM,Total,5.5,,,,
2012,GTM,Total,6.2,,,,
2013,GTM,Total,6.8,,,,
2014,GTM,Total,7.3,,,,
2015,GTM,Total,6.8,,,,
2016,GTM,Total,7.3,,,,
2017,GTM,Total,8.5,,,,
2018,GTM,Total,8.8,,,,
2019,GTM,Total,8.1,,,,
2020,GTM,Total,9.4,,,,
2021,GTM,Total,11,,,,
2022,GTM,Total,11,,,,
2023,GTM,Total,10,,,,
2024,GTM,Total,11,,,,
2000,GTM,Wind,0,,,,
2001,GTM,Wind,0,,,,
2002,GTM,Wind,0,,,,
2003,GTM,Wind,0,,,,
2004,GTM,Wind,0,,,,
2005,GTM,Wind,0,,,,
2006,GTM,Wind,0,,,,
2007,GTM,Wind,0,,,,
2008,GTM,Wind,0,,,,
2009,GTM,Wind,0,,,,
2010,GTM,Wind,0,,,,
2011,GTM,Wind,0,,,,
2012,GTM,Wind,0,,,,
2013,GTM,Wind,0,,,,
2014,GTM,Wind,0,,,,
2015,GTM,Wind,0.11,,,,
2016,GTM,Wind,0.22,,,,
2017,GTM,Wind,0.22,,,,
2018,GTM,Wind,0.32,,,,
2019,GTM,Wind,0.33,,,,
2020,GTM,Wind,0.31,,,,
2021,GTM,Wind,0.32,,,,
2022,GTM,Wind,0.31,,,,
2023,GTM,Wind,0.34,,,,
2024,GTM,Wind,0.37,,,,
2000,GUF,Hydro,0.41,,,,
2001,GUF,Hydro,0.42,,,,
2002,GUF,Hydro,0.42,,,,
2003,GUF,Hydro,0.34,,,,
2004,GUF,Hydro,0.41,,,,
2005,GUF,Hydro,0.43,,,,
2006,GUF,Hydro,0.54,,,,
2007,GUF,Hydro,0.5,,,,
2008,GUF,Hydro,0.5,,,,
2009,GUF,Hydro,0.35,,,,
2010,GUF,Hydro,0.46,,,,
2011,GUF,Hydro,0.46,,,,
2012,GUF,Hydro,0.56,,,,
2013,GUF,Hydro,0.49,,,,
2014,GUF,Hydro,0.5,,,,
2015,GUF,Hydro,0.49,,,,
2016,GUF,Hydro,0.44,,,,
2017,GUF,Hydro,0.56,,,,
2018,GUF,Hydro,0.54,,,,
2019,GUF,Hydro,0.41,,,,
2020,GUF,Hydro,0.43,,,,
2021,GUF,Hydro,0.58,,,,
2022,GUF,Hydro,0.59,,,,
2023,GUF,Hydro,0.52,,,,
2000,GUF,Solar,0,,,,
2001,GUF,Solar,0,,,,
2002,GUF,Solar,0,,,,
2003,GUF,Solar,0,,,,
2004,GUF,Solar,0,,,,
2005,GUF,Solar,0,,,,
2006,GUF,Solar,0,,,,
2007,GUF,Solar,0,,,,
2008,GUF,Solar,0,,,,
2009,GUF,Solar,0,,,,
2010,GUF,Solar,0,,,,
2011,GUF,Solar,0.04,,,,
2012,GUF,Solar,0.05,,,,
2013,GUF,Solar,0.04,,,,
2014,GUF,Solar,0.05,,,,
2015,GUF,Solar,0.05,,,,
2016,GUF,Solar,0.05,,,,
2017,GUF,Solar,0.05,,,,
2018,GUF,Solar,0.05,,,,
2019,GUF,Solar,0.05,,,,
2020,GUF,Solar,0.06,,,,
2021,GUF,Solar,0.06,,,,
2022,GUF,Solar,0.05,,,,
2023,GUF,Solar,0.06,,,,
2000,GUF,Total,0.41,,,,
2001,GUF,Total,0.42,,,,
2002,GUF,Total,0.42,,,,
2003,GUF,Total,0.34,,,,
2004,GUF,Total,0.41,,,,
2005,GUF,Total,0.43,,,,
2006,GUF,Total,0.54,,,,
2007,GUF,Total,0.5,,,,
2008,GUF,Total,0.5,,,,
2009,GUF,Total,0.35,,,,
2010,GUF,Total,0.47,,,,
2011,GUF,Total,0.51,,,,
2012,GUF,Total,0.62,,,,
2013,GUF,Total,0.54,,,,
2014,GUF,Total,0.56,,,,
2015,GUF,Total,0.55,,,,
2016,GUF,Total,0.5,,,,
2017,GUF,Total,0.62,,,,
2018,GUF,Total,0.6,,,,
2019,GUF,Total,0.47,,,,
2020,GUF,Total,0.5,,,,
2021,GUF,Total,0.68,,,,
2022,GUF,Total,0.68,,,,
2023,GUF,Total,0.64,,,,
2000,GUM,Hydro,0,,,,
2001,GUM,Hydro,0,,,,
2002,GUM,Hydro,0,,,,
2003,GUM,Hydro,0,,,,
2004,GUM,Hydro,0,,,,
2005,GUM,Hydro,0,,,,
2006,GUM,Hydro,0,,,,
2007,GUM,Hydro,0,,,,
2008,GUM,Hydro,0,,,,
2009,GUM,Hydro,0,,,,
2010,GUM,Hydro,0,,,,
2011,GUM,Hydro,0,,,,
2012,GUM,Hydro,0,,,,
2013,GUM,Hydro,0,,,,
2014,GUM,Hydro,0,,,,
2015,GUM,Hydro,0,,,,
2016,GUM,Hydro,0,,,,
2017,GUM,Hydro,0,,,,
2018,GUM,Hydro,0,,,,
2019,GUM,Hydro,0,,,,
2020,GUM,Hydro,0,,,,
2021,GUM,Hydro,0,,,,
2022,GUM,Hydro,0,,,,
2023,GUM,Hydro,0,,,,
2024,GUM,Hydro,0,,,,
2000,GUM,Nuclear,0,,,,
2001,GUM,Nuclear,0,,,,
2002,GUM,Nuclear,0,,,,
2003,GUM,Nuclear,0,,,,
2004,GUM,Nuclear,0,,,,
2005,GUM,Nuclear,0,,,,
2006,GUM,Nuclear,0,,,,
2007,GUM,Nuclear,0,,,,
2008,GUM,Nuclear,0,,,,
2009,GUM,Nuclear,0,,,,
2010,GUM,Nuclear,0,,,,
2011,GUM,Nuclear,0,,,,
2012,GUM,Nuclear,0,,,,
2013,GUM,Nuclear,0,,,,
2014,GUM,Nuclear,0,,,,
2015,GUM,Nuclear,0,,,,
2016,GUM,Nuclear,0,,,,
2017,GUM,Nuclear,0,,,,
2018,GUM,Nuclear,0,,,,
2019,GUM,Nuclear,0,,,,
2020,GUM,Nuclear,0,,,,
2021,GUM,Nuclear,0,,,,
2022,GUM,Nuclear,0,,,,
2023,GUM,Nuclear,0,,,,
2024,GUM,Nuclear,0,,,,
2000,GUM,Other renewables,0,,,,
2001,GUM,Other renewables,0,,,,
2002,GUM,Other renewables,0,,,,
2003,GUM,Other renewables,0,,,,
2004,GUM,Other renewables,0,,,,
2005,GUM,Other renewables,0,,,,
2006,GUM,Other renewables,0,,,,
2007,GUM,Other renewables,0,,,,
2008,GUM,Other renewables,0,,,,
2009,GUM,Other renewables,0,,,,
2010,GUM,Other renewables,0,,,,
2011,GUM,Other renewables,0,,,,
2012,GUM,Other renewables,0,,,,
2013,GUM,Other renewables,0,,,,
2014,GUM,Other renewables,0,,,,
2015,GUM,Other renewables,0,,,,
2016,GUM,Other renewables,0,,,,
2017,GUM,Other renewables,0,,,,
2018,GUM,Other renewables,0,,,,
2019,GUM,Other renewables,0,,,,
2020,GUM,Other renewables,0,,,,
2021,GUM,Other renewables,0,,,,
2022,GUM,Other renewables,0,,,,
2023,GUM,Other renewables,0,,,,
2024,GUM,Other renewables,0,,,,
2000,GUM,Solar,0,,,,
2001,GUM,Solar,0,,,,
2002,GUM,Solar,0,,,,
2003,GUM,Solar,0,,,,
2004,GUM,Solar,0,,,,
2005,GUM,Solar,0,,,,
2006,GUM,Solar,0,,,,
2007,GUM,Solar,0,,,,
2008,GUM,Solar,0,,,,
2009,GUM,Solar,0,,,,
2010,GUM,Solar,0,,,,
2011,GUM,Solar,0,,,,
2012,GUM,Solar,0,,,,
2013,GUM,Solar,0,,,,
2014,GUM,Solar,0,,,,
2015,GUM,Solar,0.03,,,,
2016,GUM,Solar,0.07,,,,
2017,GUM,Solar,0.06,,,,
2018,GUM,Solar,0.07,,,,
2019,GUM,Solar,0.08,,,,
2020,GUM,Solar,0.08,,,,
2021,GUM,Solar,0.08,,,,
2022,GUM,Solar,0.14,,,,
2023,GUM,Solar,0.14,,,,
2024,GUM,Solar,0.16,,,,
2000,GUM,Total,0,,,,
2001,GUM,Total,0,,,,
2002,GUM,Total,0,,,,
2003,GUM,Total,0,,,,
2004,GUM,Total,0,,,,
2005,GUM,Total,0,,,,
2006,GUM,Total,0,,,,
2007,GUM,Total,0,,,,
2008,GUM,Total,0,,,,
2009,GUM,Total,0,,,,
2010,GUM,Total,0,,,,
2011,GUM,Total,0,,,,
2012,GUM,Total,0,,,,
2013,GUM,Total,0,,,,
2014,GUM,Total,0,,,,
2015,GUM,Total,0.03,,,,
2016,GUM,Total,0.07,,,,
2017,GUM,Total,0.06,,,,
2018,GUM,Total,0.07,,,,
2019,GUM,Total,0.08,,,,
2020,GUM,Total,0.08,,,,
2021,GUM,Total,0.08,,,,
2022,GUM,Total,0.14,,,,
2023,GUM,Total,0.14,,,,
2024,GUM,Total,0.16,,,,
2000,GUM,Wind,0,,,,
2001,GUM,Wind,0,,,,
2002,GUM,Wind,0,,,,
2003,GUM,Wind,0,,,,
2004,GUM,Wind,0,,,,
2005,GUM,Wind,0,,,,
2006,GUM,Wind,0,,,,
2007,GUM,Wind,0,,,,
2008,GUM,Wind,0,,,,
2009,GUM,Wind,0,,,,
2010,GUM,Wind,0,,,,
2011,GUM,Wind,0,,,,
2012,GUM,Wind,0,,,,
2013,GUM,Wind,0,,,,
2014,GUM,Wind,0,,,,
2015,GUM,Wind,0,,,,
2016,GUM,Wind,0,,,,
2017,GUM,Wind,0,,,,
2018,GUM,Wind,0,,,,
2019,GUM,Wind,0,,,,
2020,GUM,Wind,0,,,,
2021,GUM,Wind,0,,,,
2022,GUM,Wind,0,,,,
2023,GUM,Wind,0,,,,
2024,GUM,Wind,0,,,,
2000,GUY,Hydro,0,,,,
2001,GUY,Hydro,0,,,,
2002,GUY,Hydro,0,,,,
2003,GUY,Hydro,0,,,,
2004,GUY,Hydro,0,,,,
2005,GUY,Hydro,0,,,,
2006,GUY,Hydro,0,,,,
2007,GUY,Hydro,0,,,,
2008,GUY,Hydro,0,,,,
2009,GUY,Hydro,0,,,,
2010,GUY,Hydro,0,,,,
2011,GUY,Hydro,0,,,,
2012,GUY,Hydro,0,,,,
2013,GUY,Hydro,0,,,,
2014,GUY,Hydro,0,,,,
2015,GUY,Hydro,0,,,,
2016,GUY,Hydro,0,,,,
2017,GUY,Hydro,0,,,,
2018,GUY,Hydro,0,,,,
2019,GUY,Hydro,0,,,,
2020,GUY,Hydro,0,,,,
2021,GUY,Hydro,0,,,,
2022,GUY,Hydro,0,,,,
2023,GUY,Hydro,0,,,,
2024,GUY,Hydro,0,,,,
2000,GUY,Nuclear,0,,,,
2001,GUY,Nuclear,0,,,,
2002,GUY,Nuclear,0,,,,
2003,GUY,Nuclear,0,,,,
2004,GUY,Nuclear,0,,,,
2005,GUY,Nuclear,0,,,,
2006,GUY,Nuclear,0,,,,
2007,GUY,Nuclear,0,,,,
2008,GUY,Nuclear,0,,,,
2009,GUY,Nuclear,0,,,,
2010,GUY,Nuclear,0,,,,
2011,GUY,Nuclear,0,,,,
2012,GUY,Nuclear,0,,,,
2013,GUY,Nuclear,0,,,,
2014,GUY,Nuclear,0,,,,
2015,GUY,Nuclear,0,,,,
2016,GUY,Nuclear,0,,,,
2017,GUY,Nuclear,0,,,,
2018,GUY,Nuclear,0,,,,
2019,GUY,Nuclear,0,,,,
2020,GUY,Nuclear,0,,,,
2021,GUY,Nuclear,0,,,,
2022,GUY,Nuclear,0,,,,
2023,GUY,Nuclear,0,,,,
2024,GUY,Nuclear,0,,,,
2000,GUY,Other renewables,0,,,,
2001,GUY,Other renewables,0,,,,
2002,GUY,Other renewables,0,,,,
2003,GUY,Other renewables,0,,,,
2004,GUY,Other renewables,0,,,,
2005,GUY,Other renewables,0,,,,
2006,GUY,Other renewables,0,,,,
2007,GUY,Other renewables,0,,,,
2008,GUY,Other renewables,0,,,,
2009,GUY,Other renewables,0,,,,
2010,GUY,Other renewables,0,,,,
2011,GUY,Other renewables,0,,,,
2012,GUY,Other renewables,0,,,,
2013,GUY,Other renewables,0,,,,
2014,GUY,Other renewables,0,,,,
2015,GUY,Other renewables,0,,,,
2016,GUY,Other renewables,0,,,,
2017,GUY,Other renewables,0,,,,
2018,GUY,Other renewables,0,,,,
2019,GUY,Other renewables,0,,,,
2020,GUY,Other renewables,0,,,,
2021,GUY,Other renewables,0,,,,
2022,GUY,Other renewables,0,,,,
2023,GUY,Other renewables,0,,,,
2024,GUY,Other renewables,0,,,,
2000,GUY,Solar,0,,,,
2001,GUY,Solar,0,,,,
2002,GUY,Solar,0,,,,
2003,GUY,Solar,0,,,,
2004,GUY,Solar,0,,,,
2005,GUY,Solar,0,,,,
2006,GUY,Solar,0,,,,
2007,GUY,Solar,0,,,,
2008,GUY,Solar,0,,,,
2009,GUY,Solar,0,,,,
2010,GUY,Solar,0,,,,
2011,GUY,Solar,0,,,,
2012,GUY,Solar,0,,,,
2013,GUY,Solar,0,,,,
2014,GUY,Solar,0,,,,
2015,GUY,Solar,0,,,,
2016,GUY,Solar,0,,,,
2017,GUY,Solar,0.01,,,,
2018,GUY,Solar,0.01,,,,
2019,GUY,Solar,0.02,,,,
2020,GUY,Solar,0.01,,,,
2021,GUY,Solar,0.01,,,,
2022,GUY,Solar,0.01,,,,
2023,GUY,Solar,0.02,,,,
2024,GUY,Solar,0.02,,,,
2000,GUY,Total,0.01,,,,
2001,GUY,Total,0.01,,,,
2002,GUY,Total,0.01,,,,
2003,GUY,Total,0.01,,,,
2004,GUY,Total,0.01,,,,
2005,GUY,Total,0.01,,,,
2006,GUY,Total,0.01,,,,
2007,GUY,Total,0.01,,,,
2008,GUY,Total,0.01,,,,
2009,GUY,Total,0.01,,,,
2010,GUY,Total,0.04,,,,
2011,GUY,Total,0.05,,,,
2012,GUY,Total,0.04,,,,
2013,GUY,Total,0.04,,,,
2014,GUY,Total,0.04,,,,
2015,GUY,Total,0.04,,,,
2016,GUY,Total,0.04,,,,
2017,GUY,Total,0.04,,,,
2018,GUY,Total,0.03,,,,
2019,GUY,Total,0.04,,,,
2020,GUY,Total,0.03,,,,
2021,GUY,Total,0.04,,,,
2022,GUY,Total,0.03,,,,
2023,GUY,Total,0.04,,,,
2024,GUY,Total,0.04,,,,
2000,GUY,Wind,0,,,,
2001,GUY,Wind,0,,,,
2002,GUY,Wind,0,,,,
2003,GUY,Wind,0,,,,
2004,GUY,Wind,0,,,,
2005,GUY,Wind,0,,,,
2006,GUY,Wind,0,,,,
2007,GUY,Wind,0,,,,
2008,GUY,Wind,0,,,,
2009,GUY,Wind,0,,,,
2010,GUY,Wind,0,,,,
2011,GUY,Wind,0,,,,
2012,GUY,Wind,0,,,,
2013,GUY,Wind,0,,,,
2014,GUY,Wind,0,,,,
2015,GUY,Wind,0,,,,
2016,GUY,Wind,0,,,,
2017,GUY,Wind,0,,,,
2018,GUY,Wind,0,,,,
2019,GUY,Wind,0,,,,
2020,GUY,Wind,0,,,,
2021,GUY,Wind,0,,,,
2022,GUY,Wind,0,,,,
2023,GUY,Wind,0,,,,
2024,GUY,Wind,0,,,,
2000,HKG,Hydro,0,,,,
2001,HKG,Hydro,0,,,,
2002,HKG,Hydro,0,,,,
2003,HKG,Hydro,0,,,,
2004,HKG,Hydro,0,,,,
2005,HKG,Hydro,0,,,,
2006,HKG,Hydro,0,,,,
2007,HKG,Hydro,0,,,,
2008,HKG,Hydro,0,,,,
2009,HKG,Hydro,0,,,,
2010,HKG,Hydro,0,,,,
2011,HKG,Hydro,0,,,,
2012,HKG,Hydro,0,,,,
2013,HKG,Hydro,0,,,,
2014,HKG,Hydro,0,,,,
2015,HKG,Hydro,0,,,,
2016,HKG,Hydro,0,,,,
2017,HKG,Hydro,0,,,,
2018,HKG,Hydro,0,,,,
2019,HKG,Hydro,0,,,,
2020,HKG,Hydro,0,,,,
2021,HKG,Hydro,0,,,,
2022,HKG,Hydro,0,,,,
2023,HKG,Hydro,0,,,,
2024,HKG,Hydro,0,,,,
2000,HKG,Nuclear,0,,,,
2001,HKG,Nuclear,0,,,,
2002,HKG,Nuclear,0,,,,
2003,HKG,Nuclear,0,,,,
2004,HKG,Nuclear,0,,,,
2005,HKG,Nuclear,0,,,,
2006,HKG,Nuclear,0,,,,
2007,HKG,Nuclear,0,,,,
2008,HKG,Nuclear,0,,,,
2009,HKG,Nuclear,0,,,,
2010,HKG,Nuclear,0,,,,
2011,HKG,Nuclear,0,,,,
2012,HKG,Nuclear,0,,,,
2013,HKG,Nuclear,0,,,,
2014,HKG,Nuclear,0,,,,
2015,HKG,Nuclear,0,,,,
2016,HKG,Nuclear,0,,,,
2017,HKG,Nuclear,0,,,,
2018,HKG,Nuclear,0,,,,
2019,HKG,Nuclear,0,,,,
2020,HKG,Nuclear,0,,,,
2021,HKG,Nuclear,0,,,,
2022,HKG,Nuclear,0,,,,
2023,HKG,Nuclear,0,,,,
2024,HKG,Nuclear,0,,,,
2000,HKG,Other renewables,0,,,,
2001,HKG,Other renewables,0,,,,
2002,HKG,Other renewables,0,,,,
2003,HKG,Other renewables,0,,,,
2004,HKG,Other renewables,0,,,,
2005,HKG,Other renewables,0,,,,
2006,HKG,Other renewables,0,,,,
2007,HKG,Other renewables,0,,,,
2008,HKG,Other renewables,0,,,,
2009,HKG,Other renewables,0,,,,
2010,HKG,Other renewables,0,,,,
2011,HKG,Other renewables,0,,,,
2012,HKG,Other renewables,0,,,,
2013,HKG,Other renewables,0,,,,
2014,HKG,Other renewables,0,,,,
2015,HKG,Other renewables,0,,,,
2016,HKG,Other renewables,0,,,,
2017,HKG,Other renewables,0,,,,
2018,HKG,Other renewables,0,,,,
2019,HKG,Other renewables,0,,,,
2020,HKG,Other renewables,0,,,,
2021,HKG,Other renewables,0,,,,
2022,HKG,Other renewables,0,,,,
2023,HKG,Other renewables,0,,,,
2024,HKG,Other renewables,0,,,,
2000,HKG,Solar,0,,,,
2001,HKG,Solar,0,,,,
2002,HKG,Solar,0,,,,
2003,HKG,Solar,0,,,,
2004,HKG,Solar,0,,,,
2005,HKG,Solar,0,,,,
2006,HKG,Solar,0,,,,
2007,HKG,Solar,0,,,,
2008,HKG,Solar,0,,,,
2009,HKG,Solar,0,,,,
2010,HKG,Solar,0,,,,
2011,HKG,Solar,0,,,,
2012,HKG,Solar,0,,,,
2013,HKG,Solar,0,,,,
2014,HKG,Solar,0,,,,
2015,HKG,Solar,0,,,,
2016,HKG,Solar,0,,,,
2017,HKG,Solar,0.01,,,,
2018,HKG,Solar,0.01,,,,
2019,HKG,Solar,0.02,,,,
2020,HKG,Solar,0.05,,,,
2021,HKG,Solar,0.12,,,,
2022,HKG,Solar,0.18,,,,
2023,HKG,Solar,0.2,,,,
2024,HKG,Solar,0.23,,,,
2000,HKG,Total,0,,,,
2001,HKG,Total,0,,,,
2002,HKG,Total,0,,,,
2003,HKG,Total,0,,,,
2004,HKG,Total,0,,,,
2005,HKG,Total,0,,,,
2006,HKG,Total,0,,,,
2007,HKG,Total,0,,,,
2008,HKG,Total,0,,,,
2009,HKG,Total,0,,,,
2010,HKG,Total,0.04,,,,
2011,HKG,Total,0.04,,,,
2012,HKG,Total,0.04,,,,
2013,HKG,Total,0.04,,,,
2014,HKG,Total,0.04,,,,
2015,HKG,Total,0.07,,,,
2016,HKG,Total,0.14,,,,
2017,HKG,Total,0.15,,,,
2018,HKG,Total,0.15,,,,
2019,HKG,Total,0.16,,,,
2020,HKG,Total,0.19,,,,
2021,HKG,Total,0.26,,,,
2022,HKG,Total,0.33,,,,
2023,HKG,Total,0.36,,,,
2024,HKG,Total,0.39,,,,
2000,HKG,Wind,0,,,,
2001,HKG,Wind,0,,,,
2002,HKG,Wind,0,,,,
2003,HKG,Wind,0,,,,
2004,HKG,Wind,0,,,,
2005,HKG,Wind,0,,,,
2006,HKG,Wind,0,,,,
2007,HKG,Wind,0,,,,
2008,HKG,Wind,0,,,,
2009,HKG,Wind,0,,,,
2010,HKG,Wind,0,,,,
2011,HKG,Wind,0,,,,
2012,HKG,Wind,0,,,,
2013,HKG,Wind,0,,,,
2014,HKG,Wind,0,,,,
2015,HKG,Wind,0,,,,
2016,HKG,Wind,0,,,,
2017,HKG,Wind,0,,,,
2018,HKG,Wind,0,,,,
2019,HKG,Wind,0,,,,
2020,HKG,Wind,0,,,,
2021,HKG,Wind,0,,,,
2022,HKG,Wind,0,,,,
2023,HKG,Wind,0,,,,
2024,HKG,Wind,0,,,,
2000,HND,Hydro,2.2,,,,
2001,HND,Hydro,1.9,,,,
2002,HND,Hydro,1.6,,,,
2003,HND,Hydro,1.7,,,,
2004,HND,Hydro,1.4,,,,
2005,HND,Hydro,1.7,,,,
2006,HND,Hydro,2.1,,,,
2007,HND,Hydro,2.2,,,,
2008,HND,Hydro,2.3,,,,
2009,HND,Hydro,2.8,,,,
2010,HND,Hydro,3.1,,,,
2011,HND,Hydro,2.8,,,,
2012,HND,Hydro,2.8,,,,
2013,HND,Hydro,2.7,,,,
2014,HND,Hydro,2.6,,,,
2015,HND,Hydro,2.3,,,,
2016,HND,Hydro,2.3,,,,
2017,HND,Hydro,3,,,,
2018,HND,Hydro,3.2,,,,
2019,HND,Hydro,2.4,,,,
2020,HND,Hydro,2.7,,,,
2021,HND,Hydro,3.8,,,,
2022,HND,Hydro,3.9,,,,
2023,HND,Hydro,3.9,,,,
2024,HND,Hydro,3.8,,,,
2000,HND,Nuclear,0,,,,
2001,HND,Nuclear,0,,,,
2002,HND,Nuclear,0,,,,
2003,HND,Nuclear,0,,,,
2004,HND,Nuclear,0,,,,
2005,HND,Nuclear,0,,,,
2006,HND,Nuclear,0,,,,
2007,HND,Nuclear,0,,,,
2008,HND,Nuclear,0,,,,
2009,HND,Nuclear,0,,,,
2010,HND,Nuclear,0,,,,
2011,HND,Nuclear,0,,,,
2012,HND,Nuclear,0,,,,
2013,HND,Nuclear,0,,,,
2014,HND,Nuclear,0,,,,
2015,HND,Nuclear,0,,,,
2016,HND,Nuclear,0,,,,
2017,HND,Nuclear,0,,,,
2018,HND,Nuclear,0,,,,
2019,HND,Nuclear,0,,,,
2020,HND,Nuclear,0,,,,
2021,HND,Nuclear,0,,,,
2022,HND,Nuclear,0,,,,
2023,HND,Nuclear,0,,,,
2024,HND,Nuclear,0,,,,
2000,HND,Other renewables,0,,,,
2001,HND,Other renewables,0,,,,
2002,HND,Other renewables,0,,,,
2003,HND,Other renewables,0,,,,
2004,HND,Other renewables,0,,,,
2005,HND,Other renewables,0,,,,
2006,HND,Other renewables,0,,,,
2007,HND,Other renewables,0,,,,
2008,HND,Other renewables,0,,,,
2009,HND,Other renewables,0,,,,
2010,HND,Other renewables,0,,,,
2011,HND,Other renewables,0,,,,
2012,HND,Other renewables,0,,,,
2013,HND,Other renewables,0,,,,
2014,HND,Other renewables,0,,,,
2015,HND,Other renewables,0,,,,
2016,HND,Other renewables,0,,,,
2017,HND,Other renewables,0.09,,,,
2018,HND,Other renewables,0.3,,,,
2019,HND,Other renewables,0.3,,,,
2020,HND,Other renewables,0.31,,,,
2021,HND,Other renewables,0.35,,,,
2022,HND,Other renewables,0.34,,,,
2023,HND,Other renewables,0.35,,,,
2024,HND,Other renewables,0.35,,,,
2000,HND,Solar,0,,,,
2001,HND,Solar,0,,,,
2002,HND,Solar,0,,,,
2003,HND,Solar,0,,,,
2004,HND,Solar,0,,,,
2005,HND,Solar,0,,,,
2006,HND,Solar,0,,,,
2007,HND,Solar,0,,,,
2008,HND,Solar,0,,,,
2009,HND,Solar,0,,,,
2010,HND,Solar,0,,,,
2011,HND,Solar,0,,,,
2012,HND,Solar,0,,,,
2013,HND,Solar,0,,,,
2014,HND,Solar,0.01,,,,
2015,HND,Solar,0.44,,,,
2016,HND,Solar,0.89,,,,
2017,HND,Solar,0.93,,,,
2018,HND,Solar,1,,,,
2019,HND,Solar,1.1,,,,
2020,HND,Solar,1.1,,,,
2021,HND,Solar,1.1,,,,
2022,HND,Solar,1,,,,
2023,HND,Solar,1,,,,
2024,HND,Solar,1.2,,,,
2000,HND,Total,2.3,,,,
2001,HND,Total,1.9,,,,
2002,HND,Total,1.7,,,,
2003,HND,Total,1.9,,,,
2004,HND,Total,1.8,,,,
2005,HND,Total,1.8,,,,
2006,HND,Total,2.2,,,,
2007,HND,Total,2.4,,,,
2008,HND,Total,2.5,,,,
2009,HND,Total,3.3,,,,
2010,HND,Total,3.5,,,,
2011,HND,Total,3.4,,,,
2012,HND,Total,3.6,,,,
2013,HND,Total,3.6,,,,
2014,HND,Total,3.4,,,,
2015,HND,Total,4,,,,
2016,HND,Total,4.5,,,,
2017,HND,Total,5.4,,,,
2018,HND,Total,6.1,,,,
2019,HND,Total,5.6,,,,
2020,HND,Total,5.5,,,,
2021,HND,Total,6.8,,,,
2022,HND,Total,6.8,,,,
2023,HND,Total,6.8,,,,
2024,HND,Total,6.9,,,,
2000,HND,Wind,0,,,,
2001,HND,Wind,0,,,,
2002,HND,Wind,0,,,,
2003,HND,Wind,0,,,,
2004,HND,Wind,0,,,,
2005,HND,Wind,0,,,,
2006,HND,Wind,0,,,,
2007,HND,Wind,0,,,,
2008,HND,Wind,0,,,,
2009,HND,Wind,0,,,,
2010,HND,Wind,0,,,,
2011,HND,Wind,0.12,,,,
2012,HND,Wind,0.34,,,,
2013,HND,Wind,0.31,,,,
2014,HND,Wind,0.4,,,,
2015,HND,Wind,0.67,,,,
2016,HND,Wind,0.58,,,,
2017,HND,Wind,0.58,,,,
2018,HND,Wind,0.93,,,,
2019,HND,Wind,0.82,,,,
2020,HND,Wind,0.71,,,,
2021,HND,Wind,0.77,,,,
2022,HND,Wind,0.69,,,,
2023,HND,Wind,0.69,,,,
2024,HND,Wind,0.75,,,,
1990,HRV,Hydro,3.9,,,,
1991,HRV,Hydro,5.5,,,,
1992,HRV,Hydro,4.4,,,,
1993,HRV,Hydro,4.6,,,,
1994,HRV,Hydro,5.4,,,,
1995,HRV,Hydro,5.7,,,,
1996,HRV,Hydro,7.9,,,,
1997,HRV,Hydro,5.9,,,,
1998,HRV,Hydro,6,,,,
1999,HRV,Hydro,7.3,,,,
2000,HRV,Hydro,6.5,,,,
2001,HRV,Hydro,7.2,,,,
2002,HRV,Hydro,5.9,,,,
2003,HRV,Hydro,5.5,,,,
2004,HRV,Hydro,7.6,,,,
2005,HRV,Hydro,7,,,,
2006,HRV,Hydro,6.6,,,,
2007,HRV,Hydro,4.7,,,,
2008,HRV,Hydro,5.8,,,,
2009,HRV,Hydro,7.4,,,,
2010,HRV,Hydro,9.1,,,,
2011,HRV,Hydro,5,,,,
2012,HRV,Hydro,4.8,,,,
2013,HRV,Hydro,8.6,,,,
2014,HRV,Hydro,9,,,,
2015,HRV,Hydro,6.4,,,,
2016,HRV,Hydro,6.9,,,,
2017,HRV,Hydro,5.3,,,,
2018,HRV,Hydro,7.7,,,,
2019,HRV,Hydro,5.8,,,,
2020,HRV,Hydro,5.7,,,,
2021,HRV,Hydro,7.1,,,,
2022,HRV,Hydro,5.5,,,,
2023,HRV,Hydro,8.2,,,,
2024,HRV,Hydro,6.7,,,,
2025,HRV,Hydro,5.8,,,,
1990,HRV,Nuclear,0,,,,
1991,HRV,Nuclear,0,,,,
1992,HRV,Nuclear,0,,,,
1993,HRV,Nuclear,0,,,,
1994,HRV,Nuclear,0,,,,
1995,HRV,Nuclear,0,,,,
1996,HRV,Nuclear,0,,,,
1997,HRV,Nuclear,0,,,,
1998,HRV,Nuclear,0,,,,
1999,HRV,Nuclear,0,,,,
2000,HRV,Nuclear,0,,,,
2001,HRV,Nuclear,0,,,,
2002,HRV,Nuclear,0,,,,
2003,HRV,Nuclear,0,,,,
2004,HRV,Nuclear,0,,,,
2005,HRV,Nuclear,0,,,,
2006,HRV,Nuclear,0,,,,
2007,HRV,Nuclear,0,,,,
2008,HRV,Nuclear,0,,,,
2009,HRV,Nuclear,0,,,,
2010,HRV,Nuclear,0,,,,
2011,HRV,Nuclear,0,,,,
2012,HRV,Nuclear,0,,,,
2013,HRV,Nuclear,0,,,,
2014,HRV,Nuclear,0,,,,
2015,HRV,Nuclear,0,,,,
2016,HRV,Nuclear,0,,,,
2017,HRV,Nuclear,0,,,,
2018,HRV,Nuclear,0,,,,
2019,HRV,Nuclear,0,,,,
2020,HRV,Nuclear,0,,,,
2021,HRV,Nuclear,0,,,,
2022,HRV,Nuclear,0,,,,
2023,HRV,Nuclear,0,,,,
2024,HRV,Nuclear,0,,,,
2025,HRV,Nuclear,0,,,,
1990,HRV,Other renewables,0,,,,
1991,HRV,Other renewables,0,,,,
1992,HRV,Other renewables,0,,,,
1993,HRV,Other renewables,0,,,,
1994,HRV,Other renewables,0,,,,
1995,HRV,Other renewables,0,,,,
1996,HRV,Other renewables,0,,,,
1997,HRV,Other renewables,0,,,,
1998,HRV,Other renewables,0,,,,
1999,HRV,Other renewables,0,,,,
2000,HRV,Other renewables,0,,,,
2001,HRV,Other renewables,0,,,,
2002,HRV,Other renewables,0,,,,
2003,HRV,Other renewables,0,,,,
2004,HRV,Other renewables,0,,,,
2005,HRV,Other renewables,0,,,,
2006,HRV,Other renewables,0,,,,
2007,HRV,Other renewables,0,,,,
2008,HRV,Other renewables,0,,,,
2009,HRV,Other renewables,0,,,,
2010,HRV,Other renewables,0,,,,
2011,HRV,Other renewables,0,,,,
2012,HRV,Other renewables,0,,,,
2013,HRV,Other renewables,0,,,,
2014,HRV,Other renewables,0,,,,
2015,HRV,Other renewables,0,,,,
2016,HRV,Other renewables,0,,,,
2017,HRV,Other renewables,0,,,,
2018,HRV,Other renewables,0,,,,
2019,HRV,Other renewables,0.09,,,,
2020,HRV,Other renewables,0.09,,,,
2021,HRV,Other renewables,0.09,,,,
2022,HRV,Other renewables,0.07,,,,
2023,HRV,Other renewables,0.02,,,,
2024,HRV,Other renewables,0,,,,
2025,HRV,Other renewables,0,,,,
1990,HRV,Solar,0,,,,
1991,HRV,Solar,0,,,,
1992,HRV,Solar,0,,,,
1993,HRV,Solar,0,,,,
1994,HRV,Solar,0,,,,
1995,HRV,Solar,0,,,,
1996,HRV,Solar,0,,,,
1997,HRV,Solar,0,,,,
1998,HRV,Solar,0,,,,
1999,HRV,Solar,0,,,,
2000,HRV,Solar,0,,,,
2001,HRV,Solar,0,,,,
2002,HRV,Solar,0,,,,
2003,HRV,Solar,0,,,,
2004,HRV,Solar,0,,,,
2005,HRV,Solar,0,,,,
2006,HRV,Solar,0,,,,
2007,HRV,Solar,0,,,,
2008,HRV,Solar,0,,,,
2009,HRV,Solar,0,,,,
2010,HRV,Solar,0,,,,
2011,HRV,Solar,0,,,,
2012,HRV,Solar,0,,,,
2013,HRV,Solar,0.01,,,,
2014,HRV,Solar,0.04,,,,
2015,HRV,Solar,0.06,,,,
2016,HRV,Solar,0.07,,,,
2017,HRV,Solar,0.08,,,,
2018,HRV,Solar,0.07,,,,
2019,HRV,Solar,0.08,,,,
2020,HRV,Solar,0.1,,,,
2021,HRV,Solar,0.15,,,,
2022,HRV,Solar,0.15,,,,
2023,HRV,Solar,0.41,,,,
2024,HRV,Solar,0.82,,,,
2025,HRV,Solar,1.3,,,,
1990,HRV,Total,3.9,,,,
1991,HRV,Total,5.5,,,,
1992,HRV,Total,4.4,,,,
1993,HRV,Total,4.6,,,,
1994,HRV,Total,5.4,,,,
1995,HRV,Total,5.7,,,,
1996,HRV,Total,7.9,,,,
1997,HRV,Total,5.9,,,,
1998,HRV,Total,6,,,,
1999,HRV,Total,7.3,,,,
2000,HRV,Total,6.5,,,,
2001,HRV,Total,7.2,,,,
2002,HRV,Total,5.9,,,,
2003,HRV,Total,5.5,,,,
2004,HRV,Total,7.6,,,,
2005,HRV,Total,7.1,,,,
2006,HRV,Total,6.7,,,,
2007,HRV,Total,4.7,,,,
2008,HRV,Total,5.8,,,,
2009,HRV,Total,7.5,,,,
2010,HRV,Total,9.3,,,,
2011,HRV,Total,5.3,,,,
2012,HRV,Total,5.3,,,,
2013,HRV,Total,9.3,,,,
2014,HRV,Total,9.9,,,,
2015,HRV,Total,7.5,,,,
2016,HRV,Total,8.4,,,,
2017,HRV,Total,7.1,,,,
2018,HRV,Total,9.8,,,,
2019,HRV,Total,8.4,,,,
2020,HRV,Total,8.6,,,,
2021,HRV,Total,11,,,,
2022,HRV,Total,9,,,,
2023,HRV,Total,12,,,,
2024,HRV,Total,11,,,,
2025,HRV,Total,11,,,,
1990,HRV,Wind,0,,,,
1991,HRV,Wind,0,,,,
1992,HRV,Wind,0,,,,
1993,HRV,Wind,0,,,,
1994,HRV,Wind,0,,,,
1995,HRV,Wind,0,,,,
1996,HRV,Wind,0,,,,
1997,HRV,Wind,0,,,,
1998,HRV,Wind,0,,,,
1999,HRV,Wind,0,,,,
2004,HRV,Wind,0,,,,
2005,HRV,Wind,0.01,,,,
2006,HRV,Wind,0.02,,,,
2007,HRV,Wind,0.03,,,,
2008,HRV,Wind,0.04,,,,
2009,HRV,Wind,0.05,,,,
2010,HRV,Wind,0.14,,,,
2011,HRV,Wind,0.2,,,,
2012,HRV,Wind,0.33,,,,
2013,HRV,Wind,0.52,,,,
2014,HRV,Wind,0.73,,,,
2015,HRV,Wind,0.8,,,,
2016,HRV,Wind,1,,,,
2017,HRV,Wind,1.2,,,,
2018,HRV,Wind,1.3,,,,
2019,HRV,Wind,1.5,,,,
2020,HRV,Wind,1.7,,,,
2021,HRV,Wind,2.1,,,,
2022,HRV,Wind,2.1,,,,
2023,HRV,Wind,2.6,,,,
2024,HRV,Wind,2.7,,,,
2025,HRV,Wind,3.1,,,,
2000,HTI,Hydro,0.28,,,,
2001,HTI,Hydro,0.28,,,,
2002,HTI,Hydro,0.26,,,,
2003,HTI,Hydro,0.25,,,,
2004,HTI,Hydro,0.26,,,,
2005,HTI,Hydro,0.26,,,,
2006,HTI,Hydro,0.27,,,,
2007,HTI,Hydro,0.15,,,,
2008,HTI,Hydro,0.18,,,,
2009,HTI,Hydro,0.2,,,,
2010,HTI,Hydro,0.17,,,,
2011,HTI,Hydro,0.12,,,,
2012,HTI,Hydro,0.22,,,,
2013,HTI,Hydro,0.14,,,,
2014,HTI,Hydro,0.09,,,,
2015,HTI,Hydro,0.08,,,,
2016,HTI,Hydro,0.07,,,,
2017,HTI,Hydro,0.13,,,,
2018,HTI,Hydro,0.19,,,,
2019,HTI,Hydro,0.17,,,,
2020,HTI,Hydro,0.14,,,,
2021,HTI,Hydro,0.13,,,,
2022,HTI,Hydro,0.19,,,,
2023,HTI,Hydro,0.19,,,,
2024,HTI,Hydro,0.16,,,,
2000,HTI,Nuclear,0,,,,
2001,HTI,Nuclear,0,,,,
2002,HTI,Nuclear,0,,,,
2003,HTI,Nuclear,0,,,,
2004,HTI,Nuclear,0,,,,
2005,HTI,Nuclear,0,,,,
2006,HTI,Nuclear,0,,,,
2007,HTI,Nuclear,0,,,,
2008,HTI,Nuclear,0,,,,
2009,HTI,Nuclear,0,,,,
2010,HTI,Nuclear,0,,,,
2011,HTI,Nuclear,0,,,,
2012,HTI,Nuclear,0,,,,
2013,HTI,Nuclear,0,,,,
2014,HTI,Nuclear,0,,,,
2015,HTI,Nuclear,0,,,,
2016,HTI,Nuclear,0,,,,
2017,HTI,Nuclear,0,,,,
2018,HTI,Nuclear,0,,,,
2019,HTI,Nuclear,0,,,,
2020,HTI,Nuclear,0,,,,
2021,HTI,Nuclear,0,,,,
2022,HTI,Nuclear,0,,,,
2023,HTI,Nuclear,0,,,,
2024,HTI,Nuclear,0,,,,
2000,HTI,Other renewables,0,,,,
2001,HTI,Other renewables,0,,,,
2002,HTI,Other renewables,0,,,,
2003,HTI,Other renewables,0,,,,
2004,HTI,Other renewables,0,,,,
2005,HTI,Other renewables,0,,,,
2006,HTI,Other renewables,0,,,,
2007,HTI,Other renewables,0,,,,
2008,HTI,Other renewables,0,,,,
2009,HTI,Other renewables,0,,,,
2010,HTI,Other renewables,0,,,,
2011,HTI,Other renewables,0,,,,
2012,HTI,Other renewables,0,,,,
2013,HTI,Other renewables,0,,,,
2014,HTI,Other renewables,0,,,,
2015,HTI,Other renewables,0,,,,
2016,HTI,Other renewables,0,,,,
2017,HTI,Other renewables,0,,,,
2018,HTI,Other renewables,0,,,,
2019,HTI,Other renewables,0,,,,
2020,HTI,Other renewables,0,,,,
2021,HTI,Other renewables,0,,,,
2022,HTI,Other renewables,0,,,,
2023,HTI,Other renewables,0,,,,
2024,HTI,Other renewables,0,,,,
2000,HTI,Solar,0,,,,
2001,HTI,Solar,0,,,,
2002,HTI,Solar,0,,,,
2003,HTI,Solar,0,,,,
2004,HTI,Solar,0,,,,
2005,HTI,Solar,0,,,,
2006,HTI,Solar,0,,,,
2007,HTI,Solar,0,,,,
2008,HTI,Solar,0,,,,
2009,HTI,Solar,0,,,,
2010,HTI,Solar,0,,,,
2011,HTI,Solar,0,,,,
2012,HTI,Solar,0,,,,
2013,HTI,Solar,0,,,,
2014,HTI,Solar,0,,,,
2015,HTI,Solar,0,,,,
2016,HTI,Solar,0,,,,
2017,HTI,Solar,0,,,,
2018,HTI,Solar,0,,,,
2019,HTI,Solar,0,,,,
2020,HTI,Solar,0,,,,
2021,HTI,Solar,0,,,,
2022,HTI,Solar,0,,,,
2023,HTI,Solar,0,,,,
2024,HTI,Solar,0,,,,
2000,HTI,Total,0.28,,,,
2001,HTI,Total,0.28,,,,
2002,HTI,Total,0.26,,,,
2003,HTI,Total,0.25,,,,
2004,HTI,Total,0.26,,,,
2005,HTI,Total,0.26,,,,
2006,HTI,Total,0.27,,,,
2007,HTI,Total,0.15,,,,
2008,HTI,Total,0.18,,,,
2009,HTI,Total,0.2,,,,
2010,HTI,Total,0.17,,,,
2011,HTI,Total,0.12,,,,
2012,HTI,Total,0.22,,,,
2013,HTI,Total,0.14,,,,
2014,HTI,Total,0.09,,,,
2015,HTI,Total,0.08,,,,
2016,HTI,Total,0.07,,,,
2017,HTI,Total,0.13,,,,
2018,HTI,Total,0.19,,,,
2019,HTI,Total,0.17,,,,
2020,HTI,Total,0.14,,,,
2021,HTI,Total,0.13,,,,
2022,HTI,Total,0.19,,,,
2023,HTI,Total,0.19,,,,
2024,HTI,Total,0.16,,,,
2000,HTI,Wind,0,,,,
2001,HTI,Wind,0,,,,
2002,HTI,Wind,0,,,,
2003,HTI,Wind,0,,,,
2004,HTI,Wind,0,,,,
2005,HTI,Wind,0,,,,
2006,HTI,Wind,0,,,,
2007,HTI,Wind,0,,,,
2008,HTI,Wind,0,,,,
2009,HTI,Wind,0,,,,
2010,HTI,Wind,0,,,,
2011,HTI,Wind,0,,,,
2012,HTI,Wind,0,,,,
2013,HTI,Wind,0,,,,
2014,HTI,Wind,0,,,,
2015,HTI,Wind,0,,,,
2016,HTI,Wind,0,,,,
2017,HTI,Wind,0,,,,
2018,HTI,Wind,0,,,,
2019,HTI,Wind,0,,,,
2020,HTI,Wind,0,,,,
2021,HTI,Wind,0,,,,
2022,HTI,Wind,0,,,,
2023,HTI,Wind,0,,,,
2024,HTI,Wind,0,,,,
1990,HUN,Hydro,0.18,,,,
1991,HUN,Hydro,0.19,,,,
1992,HUN,Hydro,0.16,,,,
1993,HUN,Hydro,0.17,,,,
1994,HUN,Hydro,0.16,,,,
1995,HUN,Hydro,0.16,,,,
1996,HUN,Hydro,0.21,,,,
1997,HUN,Hydro,0.22,,,,
1998,HUN,Hydro,0.16,,,,
1999,HUN,Hydro,0.18,,,,
2000,HUN,Hydro,0.18,,,,
2001,HUN,Hydro,0.19,,,,
2002,HUN,Hydro,0.19,,,,
2003,HUN,Hydro,0.17,,,,
2004,HUN,Hydro,0.2,,,,
2005,HUN,Hydro,0.2,,,,
2006,HUN,Hydro,0.19,,,,
2007,HUN,Hydro,0.21,,,,
2008,HUN,Hydro,0.21,,,,
2009,HUN,Hydro,0.23,,,,
2010,HUN,Hydro,0.19,,,,
2011,HUN,Hydro,0.22,,,,
2012,HUN,Hydro,0.21,,,,
2013,HUN,Hydro,0.21,,,,
2014,HUN,Hydro,0.3,,,,
2015,HUN,Hydro,0.23,,,,
2016,HUN,Hydro,0.26,,,,
2017,HUN,Hydro,0.22,,,,
2018,HUN,Hydro,0.22,,,,
2019,HUN,Hydro,0.22,,,,
2020,HUN,Hydro,0.24,,,,
2021,HUN,Hydro,0.21,,,,
2022,HUN,Hydro,0.18,,,,
2023,HUN,Hydro,0.22,,,,
2024,HUN,Hydro,0.23,,,,
2025,HUN,Hydro,0.23,,,,
1990,HUN,Nuclear,14,,,,
1991,HUN,Nuclear,14,,,,
1992,HUN,Nuclear,14,,,,
1993,HUN,Nuclear,14,,,,
1994,HUN,Nuclear,14,,,,
1995,HUN,Nuclear,14,,,,
1996,HUN,Nuclear,14,,,,
1997,HUN,Nuclear,14,,,,
1998,HUN,Nuclear,14,,,,
1999,HUN,Nuclear,14,,,,
2000,HUN,Nuclear,14,,,,
2001,HUN,Nuclear,14,,,,
2002,HUN,Nuclear,14,,,,
2003,HUN,Nuclear,11,,,,
2004,HUN,Nuclear,12,,,,
2005,HUN,Nuclear,14,,,,
2006,HUN,Nuclear,13,,,,
2007,HUN,Nuclear,15,,,,
2008,HUN,Nuclear,15,,,,
2009,HUN,Nuclear,15,,,,
2010,HUN,Nuclear,16,,,,
2011,HUN,Nuclear,16,,,,
2012,HUN,Nuclear,16,,,,
2013,HUN,Nuclear,15,,,,
2014,HUN,Nuclear,16,,,,
2015,HUN,Nuclear,16,,,,
2016,HUN,Nuclear,16,,,,
2017,HUN,Nuclear,16,,,,
2018,HUN,Nuclear,16,,,,
2019,HUN,Nuclear,16,,,,
2020,HUN,Nuclear,16,,,,
2021,HUN,Nuclear,16,,,,
2022,HUN,Nuclear,16,,,,
2023,HUN,Nuclear,16,,,,
2024,HUN,Nuclear,16,,,,
2025,HUN,Nuclear,16,,,,
1990,HUN,Other renewables,0,,,,
1991,HUN,Other renewables,0,,,,
1992,HUN,Other renewables,0,,,,
1993,HUN,Other renewables,0,,,,
1994,HUN,Other renewables,0,,,,
1995,HUN,Other renewables,0,,,,
1996,HUN,Other renewables,0,,,,
1997,HUN,Other renewables,0,,,,
1998,HUN,Other renewables,0,,,,
1999,HUN,Other renewables,0,,,,
2000,HUN,Other renewables,0,,,,
2001,HUN,Other renewables,0,,,,
2002,HUN,Other renewables,0,,,,
2003,HUN,Other renewables,0,,,,
2004,HUN,Other renewables,0,,,,
2005,HUN,Other renewables,0,,,,
2006,HUN,Other renewables,0,,,,
2007,HUN,Other renewables,0,,,,
2008,HUN,Other renewables,0,,,,
2009,HUN,Other renewables,0,,,,
2010,HUN,Other renewables,0,,,,
2011,HUN,Other renewables,0,,,,
2012,HUN,Other renewables,0,,,,
2013,HUN,Other renewables,0,,,,
2014,HUN,Other renewables,0,,,,
2015,HUN,Other renewables,0,,,,
2016,HUN,Other renewables,0,,,,
2017,HUN,Other renewables,0,,,,
2018,HUN,Other renewables,0.01,,,,
2019,HUN,Other renewables,0.02,,,,
2020,HUN,Other renewables,0.02,,,,
2021,HUN,Other renewables,0.01,,,,
2022,HUN,Other renewables,0,,,,
2023,HUN,Other renewables,0.02,,,,
2024,HUN,Other renewables,0.01,,,,
2025,HUN,Other renewables,0.01,,,,
1990,HUN,Solar,0,,,,
1991,HUN,Solar,0,,,,
1992,HUN,Solar,0,,,,
1993,HUN,Solar,0,,,,
1994,HUN,Solar,0,,,,
1995,HUN,Solar,0,,,,
1996,HUN,Solar,0,,,,
1997,HUN,Solar,0,,,,
1998,HUN,Solar,0,,,,
1999,HUN,Solar,0,,,,
2000,HUN,Solar,0,,,,
2001,HUN,Solar,0,,,,
2002,HUN,Solar,0,,,,
2003,HUN,Solar,0,,,,
2004,HUN,Solar,0,,,,
2005,HUN,Solar,0,,,,
2006,HUN,Solar,0,,,,
2007,HUN,Solar,0,,,,
2008,HUN,Solar,0,,,,
2009,HUN,Solar,0,,,,
2010,HUN,Solar,0,,,,
2011,HUN,Solar,0,,,,
2012,HUN,Solar,0.01,,,,
2013,HUN,Solar,0.02,,,,
2014,HUN,Solar,0.07,,,,
2015,HUN,Solar,0.14,,,,
2016,HUN,Solar,0.24,,,,
2017,HUN,Solar,0.35,,,,
2018,HUN,Solar,0.63,,,,
2019,HUN,Solar,1.5,,,,
2020,HUN,Solar,2.5,,,,
2021,HUN,Solar,3.8,,,,
2022,HUN,Solar,4.7,,,,
2023,HUN,Solar,6.9,,,,
2024,HUN,Solar,9.2,,,,
2025,HUN,Solar,11,,,,
1990,HUN,Total,14,,,,
1991,HUN,Total,14,,,,
1992,HUN,Total,14,,,,
1993,HUN,Total,14,,,,
1994,HUN,Total,14,,,,
1995,HUN,Total,14,,,,
1996,HUN,Total,14,,,,
1997,HUN,Total,14,,,,
1998,HUN,Total,14,,,,
1999,HUN,Total,14,,,,
2000,HUN,Total,14,,,,
2001,HUN,Total,14,,,,
2002,HUN,Total,14,,,,
2003,HUN,Total,11,,,,
2004,HUN,Total,13,,,,
2005,HUN,Total,16,,,,
2006,HUN,Total,15,,,,
2007,HUN,Total,17,,,,
2008,HUN,Total,17,,,,
2009,HUN,Total,18,,,,
2010,HUN,Total,19,,,,
2011,HUN,Total,18,,,,
2012,HUN,Total,18,,,,
2013,HUN,Total,18,,,,
2014,HUN,Total,19,,,,
2015,HUN,Total,19,,,,
2016,HUN,Total,19,,,,
2017,HUN,Total,20,,,,
2018,HUN,Total,20,,,,
2019,HUN,Total,21,,,,
2020,HUN,Total,22,,,,
2021,HUN,Total,23,,,,
2022,HUN,Total,23,,,,
2023,HUN,Total,25,,,,
2024,HUN,Total,28,,,,
2025,HUN,Total,30,,,,
1990,HUN,Wind,0,,,,
1991,HUN,Wind,0,,,,
1992,HUN,Wind,0,,,,
1993,HUN,Wind,0,,,,
1994,HUN,Wind,0,,,,
1995,HUN,Wind,0,,,,
1996,HUN,Wind,0,,,,
1997,HUN,Wind,0,,,,
1998,HUN,Wind,0,,,,
1999,HUN,Wind,0,,,,
2001,HUN,Wind,0,,,,
2002,HUN,Wind,0,,,,
2003,HUN,Wind,0,,,,
2004,HUN,Wind,0.01,,,,
2005,HUN,Wind,0.01,,,,
2006,HUN,Wind,0.04,,,,
2007,HUN,Wind,0.11,,,,
2008,HUN,Wind,0.2,,,,
2009,HUN,Wind,0.33,,,,
2010,HUN,Wind,0.53,,,,
2011,HUN,Wind,0.63,,,,
2012,HUN,Wind,0.77,,,,
2013,HUN,Wind,0.72,,,,
2014,HUN,Wind,0.66,,,,
2015,HUN,Wind,0.69,,,,
2016,HUN,Wind,0.68,,,,
2017,HUN,Wind,0.76,,,,
2018,HUN,Wind,0.61,,,,
2019,HUN,Wind,0.73,,,,
2020,HUN,Wind,0.65,,,,
2021,HUN,Wind,0.66,,,,
2022,HUN,Wind,0.61,,,,
2023,HUN,Wind,0.65,,,,
2024,HUN,Wind,0.69,,,,
2025,HUN,Wind,0.6,,,,
2000,IDN,Hydro,10,,,,
2001,IDN,Hydro,12,,,,
2002,IDN,Hydro,9.9,,,,
2003,IDN,Hydro,9.1,,,,
2004,IDN,Hydro,9.7,,,,
2005,IDN,Hydro,11,,,,
2006,IDN,Hydro,9.6,,,,
2007,IDN,Hydro,11,,,,
2008,IDN,Hydro,12,,,,
2009,IDN,Hydro,11,,,,
2010,IDN,Hydro,17,,,,
2011,IDN,Hydro,12,,,,
2012,IDN,Hydro,13,,,,
2013,IDN,Hydro,17,,,,
2014,IDN,Hydro,15,,,,
2015,IDN,Hydro,14,,,,
2016,IDN,Hydro,19,,,,
2017,IDN,Hydro,19,,,,
2018,IDN,Hydro,22,,,,
2019,IDN,Hydro,21,,,,
2020,IDN,Hydro,24,,,,
2021,IDN,Hydro,25,,,,
2022,IDN,Hydro,27,,,,
2023,IDN,Hydro,25,,,,
2024,IDN,Hydro,27,,,,
2000,IDN,Other renewables,5.3,,,,
2001,IDN,Other renewables,6,,,,
2002,IDN,Other renewables,6.4,,,,
2003,IDN,Other renewables,5.9,,,,
2004,IDN,Other renewables,6.3,,,,
2005,IDN,Other renewables,6.6,,,,
2006,IDN,Other renewables,6.7,,,,
2007,IDN,Other renewables,7,,,,
2008,IDN,Other renewables,8.3,,,,
2009,IDN,Other renewables,9.3,,,,
2010,IDN,Other renewables,9.4,,,,
2011,IDN,Other renewables,9.4,,,,
2012,IDN,Other renewables,9.4,,,,
2013,IDN,Other renewables,9.4,,,,
2014,IDN,Other renewables,10,,,,
2015,IDN,Other renewables,10,,,,
2016,IDN,Other renewables,11,,,,
2017,IDN,Other renewables,13,,,,
2018,IDN,Other renewables,14,,,,
2019,IDN,Other renewables,14,,,,
2020,IDN,Other renewables,16,,,,
2021,IDN,Other renewables,16,,,,
2022,IDN,Other renewables,17,,,,
2023,IDN,Other renewables,17,,,,
2024,IDN,Other renewables,17,,,,
2000,IDN,Solar,0,,,,
2001,IDN,Solar,0,,,,
2002,IDN,Solar,0,,,,
2003,IDN,Solar,0,,,,
2004,IDN,Solar,0,,,,
2005,IDN,Solar,0,,,,
2006,IDN,Solar,0,,,,
2007,IDN,Solar,0,,,,
2008,IDN,Solar,0,,,,
2009,IDN,Solar,0,,,,
2010,IDN,Solar,0,,,,
2011,IDN,Solar,0,,,,
2012,IDN,Solar,0,,,,
2013,IDN,Solar,0.01,,,,
2014,IDN,Solar,0.01,,,,
2015,IDN,Solar,0.01,,,,
2016,IDN,Solar,0.02,,,,
2017,IDN,Solar,0.03,,,,
2018,IDN,Solar,0.09,,,,
2019,IDN,Solar,0.12,,,,
2020,IDN,Solar,0.17,,,,
2021,IDN,Solar,0.19,,,,
2022,IDN,Solar,0.44,,,,
2023,IDN,Solar,0.71,,,,
2024,IDN,Solar,1.4,,,,
2000,IDN,Total,20,,,,
2001,IDN,Total,22,,,,
2002,IDN,Total,21,,,,
2003,IDN,Total,20,,,,
2004,IDN,Total,21,,,,
2005,IDN,Total,23,,,,
2006,IDN,Total,21,,,,
2007,IDN,Total,24,,,,
2008,IDN,Total,26,,,,
2009,IDN,Total,27,,,,
2010,IDN,Total,35,,,,
2011,IDN,Total,30,,,,
2012,IDN,Total,31,,,,
2013,IDN,Total,36,,,,
2014,IDN,Total,34,,,,
2015,IDN,Total,34,,,,
2016,IDN,Total,40,,,,
2017,IDN,Total,43,,,,
2018,IDN,Total,48,,,,
2019,IDN,Total,48,,,,
2020,IDN,Total,53,,,,
2021,IDN,Total,56,,,,
2022,IDN,Total,65,,,,
2023,IDN,Total,65,,,,
2024,IDN,Total,67,,,,
2000,IDN,Wind,0,,,,
2001,IDN,Wind,0,,,,
2002,IDN,Wind,0,,,,
2003,IDN,Wind,0,,,,
2004,IDN,Wind,0,,,,
2005,IDN,Wind,0,,,,
2006,IDN,Wind,0,,,,
2007,IDN,Wind,0,,,,
2008,IDN,Wind,0,,,,
2009,IDN,Wind,0,,,,
2010,IDN,Wind,0,,,,
2011,IDN,Wind,0,,,,
2012,IDN,Wind,0,,,,
2013,IDN,Wind,0,,,,
2014,IDN,Wind,0,,,,
2015,IDN,Wind,0,,,,
2016,IDN,Wind,0.01,,,,
2017,IDN,Wind,0,,,,
2018,IDN,Wind,0.19,,,,
2019,IDN,Wind,0.48,,,,
2020,IDN,Wind,0.47,,,,
2021,IDN,Wind,0.44,,,,
2022,IDN,Wind,0.36,,,,
2023,IDN,Wind,0.48,,,,
2024,IDN,Wind,0.47,,,,
1985,IND,Hydro,52,,,,
1986,IND,Hydro,53,,,,
1987,IND,Hydro,49,,,,
1988,IND,Hydro,55,,,,
1989,IND,Hydro,63,,,,
1990,IND,Hydro,66,,,,
1991,IND,Hydro,74,,,,
1992,IND,Hydro,70,,,,
1993,IND,Hydro,71,,,,
1994,IND,Hydro,80,,,,
1995,IND,Hydro,76,,,,
1996,IND,Hydro,69,,,,
1997,IND,Hydro,70,,,,
1998,IND,Hydro,84,,,,
1999,IND,Hydro,82,,,,
2000,IND,Hydro,77,,,,
2001,IND,Hydro,72,,,,
2002,IND,Hydro,69,,,,
2003,IND,Hydro,69,,,,
2004,IND,Hydro,100,,,,
2005,IND,Hydro,97,,,,
2006,IND,Hydro,110,,,,
2007,IND,Hydro,120,,,,
2008,IND,Hydro,120,,,,
2009,IND,Hydro,110,,,,
2010,IND,Hydro,110,,,,
2011,IND,Hydro,130,,,,
2012,IND,Hydro,120,,,,
2013,IND,Hydro,130,,,,
2014,IND,Hydro,140,,,,
2015,IND,Hydro,130,,,,
2016,IND,Hydro,130,,,,
2017,IND,Hydro,140,,,,
2018,IND,Hydro,140,,,,
2019,IND,Hydro,160,,,,
2020,IND,Hydro,160,,,,
2021,IND,Hydro,160,,,,
2022,IND,Hydro,180,,,,
2023,IND,Hydro,150,,,,
2024,IND,Hydro,160,,,,
2025,IND,Hydro,180,,,,
1985,IND,Nuclear,4.5,,,,
1986,IND,Nuclear,5,,,,
1987,IND,Nuclear,5.3,,,,
1988,IND,Nuclear,6.1,,,,
1989,IND,Nuclear,4,,,,
1990,IND,Nuclear,6.4,,,,
1991,IND,Nuclear,5.4,,,,
1992,IND,Nuclear,6.4,,,,
1993,IND,Nuclear,6.2,,,,
1994,IND,Nuclear,5,,,,
1995,IND,Nuclear,7.6,,,,
1996,IND,Nuclear,8.4,,,,
1997,IND,Nuclear,10,,,,
1998,IND,Nuclear,11,,,,
1999,IND,Nuclear,13,,,,
2000,IND,Nuclear,16,,,,
2001,IND,Nuclear,19,,,,
2002,IND,Nuclear,19,,,,
2003,IND,Nuclear,18,,,,
2004,IND,Nuclear,21,,,,
2005,IND,Nuclear,18,,,,
2006,IND,Nuclear,18,,,,
2007,IND,Nuclear,18,,,,
2008,IND,Nuclear,15,,,,
2009,IND,Nuclear,17,,,,
2010,IND,Nuclear,23,,,,
2011,IND,Nuclear,32,,,,
2012,IND,Nuclear,33,,,,
2013,IND,Nuclear,33,,,,
2014,IND,Nuclear,35,,,,
2015,IND,Nuclear,38,,,,
2016,IND,Nuclear,38,,,,
2017,IND,Nuclear,37,,,,
2018,IND,Nuclear,39,,,,
2019,IND,Nuclear,45,,,,
2020,IND,Nuclear,45,,,,
2021,IND,Nuclear,44,,,,
2022,IND,Nuclear,46,,,,
2023,IND,Nuclear,48,,,,
2024,IND,Nuclear,55,,,,
2025,IND,Nuclear,54,,,,
1985,IND,Solar,0,,,,
1986,IND,Solar,0,,,,
1987,IND,Solar,0,,,,
1988,IND,Solar,0,,,,
1989,IND,Solar,0,,,,
1990,IND,Solar,0,,,,
1991,IND,Solar,0,,,,
1992,IND,Solar,0,,,,
1993,IND,Solar,0,,,,
1994,IND,Solar,0,,,,
1995,IND,Solar,0,,,,
1996,IND,Solar,0.01,,,,
1997,IND,Solar,0.01,,,,
1998,IND,Solar,0.01,,,,
1999,IND,Solar,0.01,,,,
2000,IND,Solar,0.01,,,,
2001,IND,Solar,0.01,,,,
2002,IND,Solar,0.01,,,,
2003,IND,Solar,0.02,,,,
2004,IND,Solar,0.02,,,,
2005,IND,Solar,0.02,,,,
2006,IND,Solar,0.01,,,,
2007,IND,Solar,0.06,,,,
2008,IND,Solar,0.06,,,,
2009,IND,Solar,0.08,,,,
2010,IND,Solar,0.11,,,,
2011,IND,Solar,0.83,,,,
2012,IND,Solar,2.1,,,,
2013,IND,Solar,3.4,,,,
2014,IND,Solar,4.9,,,,
2015,IND,Solar,7.1,,,,
2016,IND,Solar,12,,,,
2017,IND,Solar,22,,,,
2018,IND,Solar,37,,,,
2019,IND,Solar,37,,,,
2020,IND,Solar,53,,,,
2021,IND,Solar,66,,,,
2022,IND,Solar,96,,,,
2023,IND,Solar,120,,,,
2024,IND,Solar,140,,,,
2025,IND,Solar,200,,,,
1985,IND,Total,56,,,,
1986,IND,Total,58,,,,
1987,IND,Total,54,,,,
1988,IND,Total,61,,,,
1989,IND,Total,67,,,,
1990,IND,Total,73,,,,
1991,IND,Total,80,,,,
1992,IND,Total,77,,,,
1993,IND,Total,77,,,,
1994,IND,Total,86,,,,
1995,IND,Total,85,,,,
1996,IND,Total,79,,,,
1997,IND,Total,82,,,,
1998,IND,Total,97,,,,
1999,IND,Total,98,,,,
2000,IND,Total,96,,,,
2001,IND,Total,95,,,,
2002,IND,Total,92,,,,
2003,IND,Total,93,,,,
2004,IND,Total,130,,,,
2005,IND,Total,130,,,,
2006,IND,Total,150,,,,
2007,IND,Total,160,,,,
2008,IND,Total,150,,,,
2009,IND,Total,150,,,,
2010,IND,Total,160,,,,
2011,IND,Total,200,,,,
2012,IND,Total,190,,,,
2013,IND,Total,220,,,,
2014,IND,Total,230,,,,
2015,IND,Total,230,,,,
2016,IND,Total,240,,,,
2017,IND,Total,260,,,,
2018,IND,Total,300,,,,
2019,IND,Total,330,,,,
2020,IND,Total,340,,,,
2021,IND,Total,360,,,,
2022,IND,Total,410,,,,
2023,IND,Total,420,,,,
2024,IND,Total,460,,,,
2025,IND,Total,550,,,,
1985,IND,Wind,0,,,,
1986,IND,Wind,0,,,,
1987,IND,Wind,0,,,,
1988,IND,Wind,0,,,,
1989,IND,Wind,0,,,,
1990,IND,Wind,0.03,,,,
1991,IND,Wind,0.11,,,,
1992,IND,Wind,0.09,,,,
1993,IND,Wind,0.09,,,,
1994,IND,Wind,0.19,,,,
1995,IND,Wind,0.5,,,,
1996,IND,Wind,0.88,,,,
1997,IND,Wind,0.99,,,,
1998,IND,Wind,1.1,,,,
1999,IND,Wind,1.5,,,,
2000,IND,Wind,1.6,,,,
2001,IND,Wind,2.1,,,,
2002,IND,Wind,2.1,,,,
2003,IND,Wind,2.6,,,,
2004,IND,Wind,5.2,,,,
2005,IND,Wind,6,,,,
2006,IND,Wind,9.3,,,,
2007,IND,Wind,12,,,,
2008,IND,Wind,14,,,,
2009,IND,Wind,16,,,,
2010,IND,Wind,19,,,,
2011,IND,Wind,24,,,,
2012,IND,Wind,27,,,,
2013,IND,Wind,30,,,,
2014,IND,Wind,33,,,,
2015,IND,Wind,33,,,,
2016,IND,Wind,43,,,,
2017,IND,Wind,53,,,,
2018,IND,Wind,60,,,,
2019,IND,Wind,63,,,,
2020,IND,Wind,60,,,,
2021,IND,Wind,68,,,,
2022,IND,Wind,70,,,,
2023,IND,Wind,82,,,,
2024,IND,Wind,82,,,,
2025,IND,Wind,100,,,,
1990,IRL,Hydro,0.7,,,,
1991,IRL,Hydro,0.75,,,,
1992,IRL,Hydro,0.82,,,,
1993,IRL,Hydro,0.76,,,,
1994,IRL,Hydro,0.92,,,,
1995,IRL,Hydro,0.71,,,,
1996,IRL,Hydro,0.72,,,,
1997,IRL,Hydro,0.68,,,,
1998,IRL,Hydro,0.92,,,,
1999,IRL,Hydro,0.85,,,,
2000,IRL,Hydro,0.85,,,,
2001,IRL,Hydro,0.6,,,,
2002,IRL,Hydro,0.91,,,,
2003,IRL,Hydro,0.6,,,,
2004,IRL,Hydro,0.63,,,,
2005,IRL,Hydro,0.63,,,,
2006,IRL,Hydro,0.72,,,,
2007,IRL,Hydro,0.67,,,,
2008,IRL,Hydro,0.97,,,,
2009,IRL,Hydro,0.9,,,,
2010,IRL,Hydro,0.6,,,,
2011,IRL,Hydro,0.71,,,,
2012,IRL,Hydro,0.8,,,,
2013,IRL,Hydro,0.6,,,,
2014,IRL,Hydro,0.71,,,,
2015,IRL,Hydro,0.81,,,,
2016,IRL,Hydro,0.68,,,,
2017,IRL,Hydro,0.69,,,,
2018,IRL,Hydro,0.69,,,,
2019,IRL,Hydro,0.89,,,,
2020,IRL,Hydro,0.93,,,,
2021,IRL,Hydro,0.75,,,,
2022,IRL,Hydro,0.7,,,,
2023,IRL,Hydro,0.94,,,,
2024,IRL,Hydro,0.77,,,,
2025,IRL,Hydro,0.65,,,,
1990,IRL,Nuclear,0,,,,
1991,IRL,Nuclear,0,,,,
1992,IRL,Nuclear,0,,,,
1993,IRL,Nuclear,0,,,,
1994,IRL,Nuclear,0,,,,
1995,IRL,Nuclear,0,,,,
1996,IRL,Nuclear,0,,,,
1997,IRL,Nuclear,0,,,,
1998,IRL,Nuclear,0,,,,
1999,IRL,Nuclear,0,,,,
2000,IRL,Nuclear,0,,,,
2001,IRL,Nuclear,0,,,,
2002,IRL,Nuclear,0,,,,
2003,IRL,Nuclear,0,,,,
2004,IRL,Nuclear,0,,,,
2005,IRL,Nuclear,0,,,,
2006,IRL,Nuclear,0,,,,
2007,IRL,Nuclear,0,,,,
2008,IRL,Nuclear,0,,,,
2009,IRL,Nuclear,0,,,,
2010,IRL,Nuclear,0,,,,
2011,IRL,Nuclear,0,,,,
2012,IRL,Nuclear,0,,,,
2013,IRL,Nuclear,0,,,,
2014,IRL,Nuclear,0,,,,
2015,IRL,Nuclear,0,,,,
2016,IRL,Nuclear,0,,,,
2017,IRL,Nuclear,0,,,,
2018,IRL,Nuclear,0,,,,
2019,IRL,Nuclear,0,,,,
2020,IRL,Nuclear,0,,,,
2021,IRL,Nuclear,0,,,,
2022,IRL,Nuclear,0,,,,
2023,IRL,Nuclear,0,,,,
2024,IRL,Nuclear,0,,,,
2025,IRL,Nuclear,0,,,,
1990,IRL,Other renewables,0,,,,
1991,IRL,Other renewables,0,,,,
1992,IRL,Other renewables,0,,,,
1993,IRL,Other renewables,0,,,,
1994,IRL,Other renewables,0,,,,
1995,IRL,Other renewables,0,,,,
1996,IRL,Other renewables,0,,,,
1997,IRL,Other renewables,0,,,,
1998,IRL,Other renewables,0,,,,
1999,IRL,Other renewables,0,,,,
2000,IRL,Other renewables,0,,,,
2001,IRL,Other renewables,0,,,,
2002,IRL,Other renewables,0,,,,
2003,IRL,Other renewables,0,,,,
2004,IRL,Other renewables,0,,,,
2005,IRL,Other renewables,0,,,,
2006,IRL,Other renewables,0,,,,
2007,IRL,Other renewables,0,,,,
2008,IRL,Other renewables,0,,,,
2009,IRL,Other renewables,0,,,,
2010,IRL,Other renewables,0,,,,
2011,IRL,Other renewables,0,,,,
2012,IRL,Other renewables,0,,,,
2013,IRL,Other renewables,0,,,,
2014,IRL,Other renewables,0,,,,
2015,IRL,Other renewables,0,,,,
2016,IRL,Other renewables,0,,,,
2017,IRL,Other renewables,0,,,,
2018,IRL,Other renewables,0,,,,
2019,IRL,Other renewables,0,,,,
2020,IRL,Other renewables,0,,,,
2021,IRL,Other renewables,0,,,,
2022,IRL,Other renewables,0,,,,
2023,IRL,Other renewables,0,,,,
2024,IRL,Other renewables,0,,,,
2025,IRL,Other renewables,0,,,,
1990,IRL,Solar,0,,,,
1991,IRL,Solar,0,,,,
1992,IRL,Solar,0,,,,
1993,IRL,Solar,0,,,,
1994,IRL,Solar,0,,,,
1995,IRL,Solar,0,,,,
1996,IRL,Solar,0,,,,
1997,IRL,Solar,0,,,,
1998,IRL,Solar,0,,,,
1999,IRL,Solar,0,,,,
2000,IRL,Solar,0,,,,
2001,IRL,Solar,0,,,,
2002,IRL,Solar,0,,,,
2003,IRL,Solar,0,,,,
2004,IRL,Solar,0,,,,
2005,IRL,Solar,0,,,,
2006,IRL,Solar,0,,,,
2007,IRL,Solar,0,,,,
2008,IRL,Solar,0,,,,
2009,IRL,Solar,0,,,,
2010,IRL,Solar,0,,,,
2011,IRL,Solar,0,,,,
2012,IRL,Solar,0,,,,
2013,IRL,Solar,0,,,,
2014,IRL,Solar,0,,,,
2015,IRL,Solar,0,,,,
2016,IRL,Solar,0,,,,
2017,IRL,Solar,0.01,,,,
2018,IRL,Solar,0.02,,,,
2019,IRL,Solar,0.03,,,,
2020,IRL,Solar,0.06,,,,
2021,IRL,Solar,0.08,,,,
2022,IRL,Solar,0.15,,,,
2023,IRL,Solar,0.65,,,,
2024,IRL,Solar,1.1,,,,
2025,IRL,Solar,1.5,,,,
1990,IRL,Total,0.7,,,,
1991,IRL,Total,0.75,,,,
1992,IRL,Total,0.83,,,,
1993,IRL,Total,0.78,,,,
1994,IRL,Total,0.94,,,,
1995,IRL,Total,0.73,,,,
1996,IRL,Total,0.76,,,,
1997,IRL,Total,0.81,,,,
1998,IRL,Total,1.2,,,,
1999,IRL,Total,1.1,,,,
2000,IRL,Total,1.2,,,,
2001,IRL,Total,1,,,,
2002,IRL,Total,1.4,,,,
2003,IRL,Total,1.2,,,,
2004,IRL,Total,1.4,,,,
2005,IRL,Total,1.9,,,,
2006,IRL,Total,2.5,,,,
2007,IRL,Total,2.8,,,,
2008,IRL,Total,3.6,,,,
2009,IRL,Total,4.2,,,,
2010,IRL,Total,3.8,,,,
2011,IRL,Total,5.5,,,,
2012,IRL,Total,5.3,,,,
2013,IRL,Total,5.7,,,,
2014,IRL,Total,6.5,,,,
2015,IRL,Total,8,,,,
2016,IRL,Total,7.6,,,,
2017,IRL,Total,9,,,,
2018,IRL,Total,10,,,,
2019,IRL,Total,12,,,,
2020,IRL,Total,14,,,,
2021,IRL,Total,12,,,,
2022,IRL,Total,13,,,,
2023,IRL,Total,14,,,,
2024,IRL,Total,14,,,,
2025,IRL,Total,15,,,,
1990,IRL,Wind,0,,,,
1991,IRL,Wind,0,,,,
1992,IRL,Wind,0.01,,,,
1993,IRL,Wind,0.02,,,,
1994,IRL,Wind,0.02,,,,
1995,IRL,Wind,0.02,,,,
1996,IRL,Wind,0.01,,,,
1997,IRL,Wind,0.05,,,,
1998,IRL,Wind,0.17,,,,
1999,IRL,Wind,0.19,,,,
2000,IRL,Wind,0.25,,,,
2001,IRL,Wind,0.34,,,,
2002,IRL,Wind,0.39,,,,
2003,IRL,Wind,0.46,,,,
2004,IRL,Wind,0.67,,,,
2005,IRL,Wind,1.1,,,,
2006,IRL,Wind,1.7,,,,
2007,IRL,Wind,2,,,,
2008,IRL,Wind,2.5,,,,
2009,IRL,Wind,3,,,,
2010,IRL,Wind,2.9,,,,
2011,IRL,Wind,4.5,,,,
2012,IRL,Wind,4.1,,,,
2013,IRL,Wind,4.6,,,,
2014,IRL,Wind,5.2,,,,
2015,IRL,Wind,6.7,,,,
2016,IRL,Wind,6.3,,,,
2017,IRL,Wind,7.6,,,,
2018,IRL,Wind,8.8,,,,
2019,IRL,Wind,10,,,,
2020,IRL,Wind,12,,,,
2021,IRL,Wind,9.9,,,,
2022,IRL,Wind,11,,,,
2023,IRL,Wind,12,,,,
2024,IRL,Wind,12,,,,
2025,IRL,Wind,12,,,,
1985,IRN,Hydro,5.9,,,,
1986,IRN,Hydro,7.1,,,,
1987,IRN,Hydro,7.8,,,,
1988,IRN,Hydro,8.3,,,,
1989,IRN,Hydro,6.7,,,,
1990,IRN,Hydro,7.4,,,,
1991,IRN,Hydro,5.6,,,,
1992,IRN,Hydro,9.2,,,,
1993,IRN,Hydro,11,,,,
1994,IRN,Hydro,6.9,,,,
1995,IRN,Hydro,8.3,,,,
1996,IRN,Hydro,8.8,,,,
1997,IRN,Hydro,5.9,,,,
1998,IRN,Hydro,7.5,,,,
1999,IRN,Hydro,5.1,,,,
2000,IRN,Hydro,3.8,,,,
2001,IRN,Hydro,4.1,,,,
2002,IRN,Hydro,8,,,,
2003,IRN,Hydro,9.6,,,,
2004,IRN,Hydro,12,,,,
2005,IRN,Hydro,14,,,,
2006,IRN,Hydro,19,,,,
2007,IRN,Hydro,18,,,,
2008,IRN,Hydro,7.4,,,,
2009,IRN,Hydro,6.7,,,,
2010,IRN,Hydro,10,,,,
2011,IRN,Hydro,11,,,,
2012,IRN,Hydro,13,,,,
2013,IRN,Hydro,15,,,,
2014,IRN,Hydro,15,,,,
2015,IRN,Hydro,13,,,,
2016,IRN,Hydro,15,,,,
2017,IRN,Hydro,17,,,,
2018,IRN,Hydro,9.8,,,,
2019,IRN,Hydro,34,,,,
2020,IRN,Hydro,23,,,,
2021,IRN,Hydro,14,,,,
2022,IRN,Hydro,14,,,,
2023,IRN,Hydro,23,,,,
2024,IRN,Hydro,19,,,,
2025,IRN,Hydro,14,,,,
1985,IRN,Nuclear,0,,,,
1986,IRN,Nuclear,0,,,,
1987,IRN,Nuclear,0,,,,
1988,IRN,Nuclear,0,,,,
1989,IRN,Nuclear,0,,,,
1990,IRN,Nuclear,0,,,,
1991,IRN,Nuclear,0,,,,
1992,IRN,Nuclear,0,,,,
1993,IRN,Nuclear,0,,,,
1994,IRN,Nuclear,0,,,,
1995,IRN,Nuclear,0,,,,
1996,IRN,Nuclear,0,,,,
1997,IRN,Nuclear,0,,,,
1998,IRN,Nuclear,0,,,,
1999,IRN,Nuclear,0,,,,
2011,IRN,Nuclear,0.11,,,,
2012,IRN,Nuclear,1.5,,,,
2013,IRN,Nuclear,4.3,,,,
2014,IRN,Nuclear,4.1,,,,
2015,IRN,Nuclear,3.5,,,,
2016,IRN,Nuclear,6.5,,,,
2017,IRN,Nuclear,7,,,,
2018,IRN,Nuclear,6.9,,,,
2019,IRN,Nuclear,6.4,,,,
2020,IRN,Nuclear,6.3,,,,
2021,IRN,Nuclear,3.5,,,,
2022,IRN,Nuclear,6.6,,,,
2023,IRN,Nuclear,6.6,,,,
2024,IRN,Nuclear,7.4,,,,
2025,IRN,Nuclear,7.4,,,,
1990,IRN,Solar,0,,,,
1991,IRN,Solar,0,,,,
1992,IRN,Solar,0,,,,
1993,IRN,Solar,0,,,,
1994,IRN,Solar,0,,,,
1995,IRN,Solar,0,,,,
1996,IRN,Solar,0,,,,
1997,IRN,Solar,0,,,,
1998,IRN,Solar,0,,,,
1999,IRN,Solar,0,,,,
2000,IRN,Solar,0,,,,
2001,IRN,Solar,0,,,,
2002,IRN,Solar,0,,,,
2003,IRN,Solar,0,,,,
2004,IRN,Solar,0,,,,
2005,IRN,Solar,0,,,,
2006,IRN,Solar,0,,,,
2007,IRN,Solar,0,,,,
2008,IRN,Solar,0,,,,
2009,IRN,Solar,0,,,,
2010,IRN,Solar,0,,,,
2011,IRN,Solar,0,,,,
2012,IRN,Solar,0,,,,
2013,IRN,Solar,0,,,,
2014,IRN,Solar,0,,,,
2015,IRN,Solar,0,,,,
2016,IRN,Solar,0,,,,
2017,IRN,Solar,0.09,,,,
2018,IRN,Solar,0.22,,,,
2019,IRN,Solar,0.51,,,,
2020,IRN,Solar,0.58,,,,
2021,IRN,Solar,0.62,,,,
2022,IRN,Solar,0.62,,,,
2023,IRN,Solar,0.68,,,,
2024,IRN,Solar,0.9,,,,
2025,IRN,Solar,0.9,,,,
1985,IRN,Total,5.9,,,,
1986,IRN,Total,7.1,,,,
1987,IRN,Total,7.8,,,,
1988,IRN,Total,8.3,,,,
1989,IRN,Total,6.7,,,,
1990,IRN,Total,7.4,,,,
1991,IRN,Total,5.6,,,,
1992,IRN,Total,9.2,,,,
1993,IRN,Total,11,,,,
1994,IRN,Total,6.9,,,,
1995,IRN,Total,8.3,,,,
1996,IRN,Total,8.8,,,,
1997,IRN,Total,5.9,,,,
1998,IRN,Total,7.5,,,,
1999,IRN,Total,5.2,,,,
2000,IRN,Total,3.8,,,,
2001,IRN,Total,4.2,,,,
2002,IRN,Total,8,,,,
2003,IRN,Total,9.6,,,,
2004,IRN,Total,12,,,,
2005,IRN,Total,15,,,,
2006,IRN,Total,19,,,,
2007,IRN,Total,18,,,,
2008,IRN,Total,7.6,,,,
2009,IRN,Total,7,,,,
2010,IRN,Total,10,,,,
2011,IRN,Total,11,,,,
2012,IRN,Total,14,,,,
2013,IRN,Total,19,,,,
2014,IRN,Total,19,,,,
2015,IRN,Total,17,,,,
2016,IRN,Total,22,,,,
2017,IRN,Total,25,,,,
2018,IRN,Total,18,,,,
2019,IRN,Total,42,,,,
2020,IRN,Total,31,,,,
2021,IRN,Total,19,,,,
2022,IRN,Total,22,,,,
2023,IRN,Total,31,,,,
2024,IRN,Total,28,,,,
2025,IRN,Total,23,,,,
1990,IRN,Wind,0,,,,
1991,IRN,Wind,0,,,,
1992,IRN,Wind,0,,,,
1993,IRN,Wind,0,,,,
1994,IRN,Wind,0,,,,
1995,IRN,Wind,0,,,,
1996,IRN,Wind,0,,,,
1997,IRN,Wind,0,,,,
1998,IRN,Wind,0,,,,
1999,IRN,Wind,0.04,,,,
2000,IRN,Wind,0.04,,,,
2001,IRN,Wind,0.03,,,,
2002,IRN,Wind,0.03,,,,
2003,IRN,Wind,0.03,,,,
2004,IRN,Wind,0.05,,,,
2005,IRN,Wind,0.07,,,,
2006,IRN,Wind,0.13,,,,
2007,IRN,Wind,0.14,,,,
2008,IRN,Wind,0.2,,,,
2009,IRN,Wind,0.23,,,,
2010,IRN,Wind,0.17,,,,
2011,IRN,Wind,0.21,,,,
2012,IRN,Wind,0.28,,,,
2013,IRN,Wind,0.22,,,,
2014,IRN,Wind,0.2,,,,
2015,IRN,Wind,0.14,,,,
2016,IRN,Wind,0.16,,,,
2017,IRN,Wind,0.32,,,,
2018,IRN,Wind,0.75,,,,
2019,IRN,Wind,0.72,,,,
2020,IRN,Wind,1.1,,,,
2021,IRN,Wind,1.1,,,,
2022,IRN,Wind,1.1,,,,
2023,IRN,Wind,1.2,,,,
2024,IRN,Wind,1.3,,,,
2025,IRN,Wind,1.3,,,,
2000,IRQ,Hydro,0.61,,,,
2001,IRQ,Hydro,0.62,,,,
2002,IRQ,Hydro,0.52,,,,
2003,IRQ,Hydro,0.43,,,,
2004,IRQ,Hydro,0.49,,,,
2005,IRQ,Hydro,6,,,,
2006,IRQ,Hydro,6.1,,,,
2007,IRQ,Hydro,5.7,,,,
2008,IRQ,Hydro,3.5,,,,
2009,IRQ,Hydro,3.2,,,,
2010,IRQ,Hydro,4.8,,,,
2011,IRQ,Hydro,3.4,,,,
2012,IRQ,Hydro,4.4,,,,
2013,IRQ,Hydro,4.8,,,,
2014,IRQ,Hydro,2.9,,,,
2015,IRQ,Hydro,2.6,,,,
2016,IRQ,Hydro,3.4,,,,
2017,IRQ,Hydro,2.2,,,,
2018,IRQ,Hydro,1.8,,,,
2019,IRQ,Hydro,5,,,,
2020,IRQ,Hydro,4.2,,,,
2021,IRQ,Hydro,3.4,,,,
2022,IRQ,Hydro,2.7,,,,
2023,IRQ,Hydro,1.4,,,,
2024,IRQ,Hydro,2,,,,
2000,IRQ,Nuclear,0,,,,
2001,IRQ,Nuclear,0,,,,
2002,IRQ,Nuclear,0,,,,
2003,IRQ,Nuclear,0,,,,
2004,IRQ,Nuclear,0,,,,
2005,IRQ,Nuclear,0,,,,
2006,IRQ,Nuclear,0,,,,
2007,IRQ,Nuclear,0,,,,
2008,IRQ,Nuclear,0,,,,
2009,IRQ,Nuclear,0,,,,
2010,IRQ,Nuclear,0,,,,
2011,IRQ,Nuclear,0,,,,
2012,IRQ,Nuclear,0,,,,
2013,IRQ,Nuclear,0,,,,
2014,IRQ,Nuclear,0,,,,
2015,IRQ,Nuclear,0,,,,
2016,IRQ,Nuclear,0,,,,
2017,IRQ,Nuclear,0,,,,
2018,IRQ,Nuclear,0,,,,
2019,IRQ,Nuclear,0,,,,
2020,IRQ,Nuclear,0,,,,
2021,IRQ,Nuclear,0,,,,
2022,IRQ,Nuclear,0,,,,
2023,IRQ,Nuclear,0,,,,
2024,IRQ,Nuclear,0,,,,
2000,IRQ,Other renewables,0,,,,
2001,IRQ,Other renewables,0,,,,
2002,IRQ,Other renewables,0,,,,
2003,IRQ,Other renewables,0,,,,
2004,IRQ,Other renewables,0,,,,
2005,IRQ,Other renewables,0,,,,
2006,IRQ,Other renewables,0,,,,
2007,IRQ,Other renewables,0,,,,
2008,IRQ,Other renewables,0,,,,
2009,IRQ,Other renewables,0,,,,
2010,IRQ,Other renewables,0,,,,
2011,IRQ,Other renewables,0,,,,
2012,IRQ,Other renewables,0,,,,
2013,IRQ,Other renewables,0,,,,
2014,IRQ,Other renewables,0,,,,
2015,IRQ,Other renewables,0,,,,
2016,IRQ,Other renewables,0,,,,
2017,IRQ,Other renewables,0,,,,
2018,IRQ,Other renewables,0,,,,
2019,IRQ,Other renewables,0,,,,
2020,IRQ,Other renewables,0,,,,
2021,IRQ,Other renewables,0,,,,
2022,IRQ,Other renewables,0,,,,
2023,IRQ,Other renewables,0,,,,
2024,IRQ,Other renewables,0,,,,
2000,IRQ,Solar,0,,,,
2001,IRQ,Solar,0,,,,
2002,IRQ,Solar,0,,,,
2003,IRQ,Solar,0,,,,
2004,IRQ,Solar,0,,,,
2005,IRQ,Solar,0,,,,
2006,IRQ,Solar,0,,,,
2007,IRQ,Solar,0,,,,
2008,IRQ,Solar,0,,,,
2009,IRQ,Solar,0,,,,
2010,IRQ,Solar,0,,,,
2011,IRQ,Solar,0,,,,
2012,IRQ,Solar,0,,,,
2013,IRQ,Solar,0.05,,,,
2014,IRQ,Solar,0.06,,,,
2015,IRQ,Solar,0.06,,,,
2016,IRQ,Solar,0.06,,,,
2017,IRQ,Solar,0.06,,,,
2018,IRQ,Solar,0.06,,,,
2019,IRQ,Solar,0.06,,,,
2020,IRQ,Solar,0.38,,,,
2021,IRQ,Solar,0.38,,,,
2022,IRQ,Solar,0.38,,,,
2023,IRQ,Solar,0.38,,,,
2024,IRQ,Solar,0.43,,,,
2000,IRQ,Total,0.61,,,,
2001,IRQ,Total,0.62,,,,
2002,IRQ,Total,0.52,,,,
2003,IRQ,Total,0.43,,,,
2004,IRQ,Total,0.49,,,,
2005,IRQ,Total,6,,,,
2006,IRQ,Total,6.1,,,,
2007,IRQ,Total,5.7,,,,
2008,IRQ,Total,3.5,,,,
2009,IRQ,Total,3.2,,,,
2010,IRQ,Total,4.8,,,,
2011,IRQ,Total,3.4,,,,
2012,IRQ,Total,4.4,,,,
2013,IRQ,Total,4.8,,,,
2014,IRQ,Total,3,,,,
2015,IRQ,Total,2.6,,,,
2016,IRQ,Total,3.4,,,,
2017,IRQ,Total,2.2,,,,
2018,IRQ,Total,1.9,,,,
2019,IRQ,Total,5,,,,
2020,IRQ,Total,4.5,,,,
2021,IRQ,Total,3.7,,,,
2022,IRQ,Total,3,,,,
2023,IRQ,Total,1.8,,,,
2024,IRQ,Total,2.4,,,,
2000,IRQ,Wind,0,,,,
2001,IRQ,Wind,0,,,,
2002,IRQ,Wind,0,,,,
2003,IRQ,Wind,0,,,,
2004,IRQ,Wind,0,,,,
2005,IRQ,Wind,0,,,,
2006,IRQ,Wind,0,,,,
2007,IRQ,Wind,0,,,,
2008,IRQ,Wind,0,,,,
2009,IRQ,Wind,0,,,,
2010,IRQ,Wind,0,,,,
2011,IRQ,Wind,0,,,,
2012,IRQ,Wind,0,,,,
2013,IRQ,Wind,0,,,,
2014,IRQ,Wind,0,,,,
2015,IRQ,Wind,0,,,,
2016,IRQ,Wind,0,,,,
2017,IRQ,Wind,0,,,,
2018,IRQ,Wind,0,,,,
2019,IRQ,Wind,0,,,,
2020,IRQ,Wind,0,,,,
2021,IRQ,Wind,0,,,,
2022,IRQ,Wind,0,,,,
2023,IRQ,Wind,0,,,,
2024,IRQ,Wind,0,,,,
2000,ISL,Hydro,6.3,,,,
2001,ISL,Hydro,6.5,,,,
2002,ISL,Hydro,6.9,,,,
2003,ISL,Hydro,7,,,,
2004,ISL,Hydro,7.1,,,,
2005,ISL,Hydro,7,,,,
2006,ISL,Hydro,7.2,,,,
2007,ISL,Hydro,8.3,,,,
2008,ISL,Hydro,12,,,,
2009,ISL,Hydro,12,,,,
2010,ISL,Hydro,13,,,,
2011,ISL,Hydro,12,,,,
2012,ISL,Hydro,12,,,,
2013,ISL,Hydro,13,,,,
2014,ISL,Hydro,13,,,,
2015,ISL,Hydro,14,,,,
2016,ISL,Hydro,13,,,,
2017,ISL,Hydro,14,,,,
2018,ISL,Hydro,14,,,,
2019,ISL,Hydro,13,,,,
2020,ISL,Hydro,13,,,,
2021,ISL,Hydro,14,,,,
2022,ISL,Hydro,14,,,,
2023,ISL,Hydro,14,,,,
2024,ISL,Hydro,13,,,,
2000,ISL,Nuclear,0,,,,
2001,ISL,Nuclear,0,,,,
2002,ISL,Nuclear,0,,,,
2003,ISL,Nuclear,0,,,,
2004,ISL,Nuclear,0,,,,
2005,ISL,Nuclear,0,,,,
2006,ISL,Nuclear,0,,,,
2007,ISL,Nuclear,0,,,,
2008,ISL,Nuclear,0,,,,
2009,ISL,Nuclear,0,,,,
2010,ISL,Nuclear,0,,,,
2011,ISL,Nuclear,0,,,,
2012,ISL,Nuclear,0,,,,
2013,ISL,Nuclear,0,,,,
2014,ISL,Nuclear,0,,,,
2015,ISL,Nuclear,0,,,,
2016,ISL,Nuclear,0,,,,
2017,ISL,Nuclear,0,,,,
2018,ISL,Nuclear,0,,,,
2019,ISL,Nuclear,0,,,,
2020,ISL,Nuclear,0,,,,
2021,ISL,Nuclear,0,,,,
2022,ISL,Nuclear,0,,,,
2023,ISL,Nuclear,0,,,,
2024,ISL,Nuclear,0,,,,
2000,ISL,Other renewables,1.3,,,,
2001,ISL,Other renewables,1.5,,,,
2002,ISL,Other renewables,1.4,,,,
2003,ISL,Other renewables,1.4,,,,
2004,ISL,Other renewables,1.5,,,,
2005,ISL,Other renewables,1.7,,,,
2006,ISL,Other renewables,2.6,,,,
2007,ISL,Other renewables,3.6,,,,
2008,ISL,Other renewables,4,,,,
2009,ISL,Other renewables,4.6,,,,
2010,ISL,Other renewables,4.2,,,,
2011,ISL,Other renewables,4.5,,,,
2012,ISL,Other renewables,5.1,,,,
2013,ISL,Other renewables,5.2,,,,
2014,ISL,Other renewables,5.2,,,,
2015,ISL,Other renewables,5,,,,
2016,ISL,Other renewables,5.1,,,,
2017,ISL,Other renewables,5.2,,,,
2018,ISL,Other renewables,6,,,,
2019,ISL,Other renewables,6,,,,
2020,ISL,Other renewables,6,,,,
2021,ISL,Other renewables,5.8,,,,
2022,ISL,Other renewables,5.9,,,,
2023,ISL,Other renewables,5.7,,,,
2024,ISL,Other renewables,5.6,,,,
2000,ISL,Solar,0,,,,
2001,ISL,Solar,0,,,,
2002,ISL,Solar,0,,,,
2003,ISL,Solar,0,,,,
2004,ISL,Solar,0,,,,
2005,ISL,Solar,0,,,,
2006,ISL,Solar,0,,,,
2007,ISL,Solar,0,,,,
2008,ISL,Solar,0,,,,
2009,ISL,Solar,0,,,,
2010,ISL,Solar,0,,,,
2011,ISL,Solar,0,,,,
2012,ISL,Solar,0,,,,
2013,ISL,Solar,0,,,,
2014,ISL,Solar,0,,,,
2015,ISL,Solar,0,,,,
2016,ISL,Solar,0,,,,
2017,ISL,Solar,0,,,,
2018,ISL,Solar,0,,,,
2019,ISL,Solar,0,,,,
2020,ISL,Solar,0,,,,
2021,ISL,Solar,0,,,,
2022,ISL,Solar,0,,,,
2023,ISL,Solar,0,,,,
2024,ISL,Solar,0.01,,,,
2000,ISL,Total,7.6,,,,
2001,ISL,Total,8,,,,
2002,ISL,Total,8.3,,,,
2003,ISL,Total,8.4,,,,
2004,ISL,Total,8.5,,,,
2005,ISL,Total,8.6,,,,
2006,ISL,Total,9.9,,,,
2007,ISL,Total,12,,,,
2008,ISL,Total,16,,,,
2009,ISL,Total,17,,,,
2010,ISL,Total,17,,,,
2011,ISL,Total,17,,,,
2012,ISL,Total,17,,,,
2013,ISL,Total,18,,,,
2014,ISL,Total,18,,,,
2015,ISL,Total,19,,,,
2016,ISL,Total,18,,,,
2017,ISL,Total,19,,,,
2018,ISL,Total,20,,,,
2019,ISL,Total,19,,,,
2020,ISL,Total,19,,,,
2021,ISL,Total,19,,,,
2022,ISL,Total,20,,,,
2023,ISL,Total,20,,,,
2024,ISL,Total,19,,,,
2000,ISL,Wind,0,,,,
2001,ISL,Wind,0,,,,
2002,ISL,Wind,0,,,,
2003,ISL,Wind,0,,,,
2004,ISL,Wind,0,,,,
2005,ISL,Wind,0,,,,
2006,ISL,Wind,0,,,,
2007,ISL,Wind,0,,,,
2008,ISL,Wind,0,,,,
2009,ISL,Wind,0,,,,
2010,ISL,Wind,0,,,,
2011,ISL,Wind,0,,,,
2012,ISL,Wind,0,,,,
2013,ISL,Wind,0,,,,
2014,ISL,Wind,0.01,,,,
2015,ISL,Wind,0.01,,,,
2016,ISL,Wind,0.01,,,,
2017,ISL,Wind,0.01,,,,
2018,ISL,Wind,0,,,,
2019,ISL,Wind,0.01,,,,
2020,ISL,Wind,0.01,,,,
2021,ISL,Wind,0.01,,,,
2022,ISL,Wind,0.01,,,,
2023,ISL,Wind,0.01,,,,
2024,ISL,Wind,0.01,,,,
2000,ISR,Hydro,0.03,,,,
2001,ISR,Hydro,0.01,,,,
2002,ISR,Hydro,0.02,,,,
2003,ISR,Hydro,0.03,,,,
2004,ISR,Hydro,0.03,,,,
2005,ISR,Hydro,0.03,,,,
2006,ISR,Hydro,0.01,,,,
2007,ISR,Hydro,0.01,,,,
2008,ISR,Hydro,0.02,,,,
2009,ISR,Hydro,0.02,,,,
2010,ISR,Hydro,0.03,,,,
2011,ISR,Hydro,0.03,,,,
2012,ISR,Hydro,0.03,,,,
2013,ISR,Hydro,0.03,,,,
2014,ISR,Hydro,0.01,,,,
2015,ISR,Hydro,0.02,,,,
2016,ISR,Hydro,0,,,,
2017,ISR,Hydro,0,,,,
2018,ISR,Hydro,0,,,,
2019,ISR,Hydro,0,,,,
2020,ISR,Hydro,0.02,,,,
2021,ISR,Hydro,0.02,,,,
2022,ISR,Hydro,0.02,,,,
2023,ISR,Hydro,0,,,,
2024,ISR,Hydro,0.01,,,,
2025,ISR,Hydro,0,,,,
2000,ISR,Nuclear,0,,,,
2001,ISR,Nuclear,0,,,,
2002,ISR,Nuclear,0,,,,
2003,ISR,Nuclear,0,,,,
2004,ISR,Nuclear,0,,,,
2005,ISR,Nuclear,0,,,,
2006,ISR,Nuclear,0,,,,
2007,ISR,Nuclear,0,,,,
2008,ISR,Nuclear,0,,,,
2009,ISR,Nuclear,0,,,,
2010,ISR,Nuclear,0,,,,
2011,ISR,Nuclear,0,,,,
2012,ISR,Nuclear,0,,,,
2013,ISR,Nuclear,0,,,,
2014,ISR,Nuclear,0,,,,
2015,ISR,Nuclear,0,,,,
2016,ISR,Nuclear,0,,,,
2017,ISR,Nuclear,0,,,,
2018,ISR,Nuclear,0,,,,
2019,ISR,Nuclear,0,,,,
2020,ISR,Nuclear,0,,,,
2021,ISR,Nuclear,0,,,,
2022,ISR,Nuclear,0,,,,
2023,ISR,Nuclear,0,,,,
2024,ISR,Nuclear,0,,,,
2025,ISR,Nuclear,0,,,,
2000,ISR,Other renewables,0,,,,
2001,ISR,Other renewables,0,,,,
2002,ISR,Other renewables,0,,,,
2003,ISR,Other renewables,0,,,,
2004,ISR,Other renewables,0,,,,
2005,ISR,Other renewables,0,,,,
2006,ISR,Other renewables,0,,,,
2007,ISR,Other renewables,0,,,,
2008,ISR,Other renewables,0,,,,
2009,ISR,Other renewables,0,,,,
2010,ISR,Other renewables,0,,,,
2011,ISR,Other renewables,0,,,,
2012,ISR,Other renewables,0,,,,
2013,ISR,Other renewables,0,,,,
2014,ISR,Other renewables,0,,,,
2015,ISR,Other renewables,0,,,,
2016,ISR,Other renewables,0,,,,
2017,ISR,Other renewables,0,,,,
2018,ISR,Other renewables,0,,,,
2019,ISR,Other renewables,0,,,,
2020,ISR,Other renewables,0,,,,
2021,ISR,Other renewables,0,,,,
2022,ISR,Other renewables,0,,,,
2023,ISR,Other renewables,0,,,,
2024,ISR,Other renewables,0,,,,
2025,ISR,Other renewables,0,,,,
2000,ISR,Solar,0,,,,
2001,ISR,Solar,0,,,,
2002,ISR,Solar,0,,,,
2003,ISR,Solar,0,,,,
2004,ISR,Solar,0,,,,
2005,ISR,Solar,0,,,,
2006,ISR,Solar,0,,,,
2007,ISR,Solar,0,,,,
2008,ISR,Solar,0,,,,
2009,ISR,Solar,0.02,,,,
2010,ISR,Solar,0.07,,,,
2011,ISR,Solar,0.19,,,,
2012,ISR,Solar,0.37,,,,
2013,ISR,Solar,0.49,,,,
2014,ISR,Solar,0.88,,,,
2015,ISR,Solar,1.1,,,,
2016,ISR,Solar,1.5,,,,
2017,ISR,Solar,1.5,,,,
2018,ISR,Solar,1.6,,,,
2019,ISR,Solar,3.2,,,,
2020,ISR,Solar,4.1,,,,
2021,ISR,Solar,5.5,,,,
2022,ISR,Solar,7.1,,,,
2023,ISR,Solar,8.6,,,,
2024,ISR,Solar,11,,,,
2025,ISR,Solar,13,,,,
2000,ISR,Total,0.03,,,,
2001,ISR,Total,0.02,,,,
2002,ISR,Total,0.03,,,,
2003,ISR,Total,0.04,,,,
2004,ISR,Total,0.04,,,,
2005,ISR,Total,0.04,,,,
2006,ISR,Total,0.02,,,,
2007,ISR,Total,0.02,,,,
2008,ISR,Total,0.04,,,,
2009,ISR,Total,0.09,,,,
2010,ISR,Total,0.17,,,,
2011,ISR,Total,0.3,,,,
2012,ISR,Total,0.49,,,,
2013,ISR,Total,0.57,,,,
2014,ISR,Total,0.96,,,,
2015,ISR,Total,1.2,,,,
2016,ISR,Total,1.7,,,,
2017,ISR,Total,1.7,,,,
2018,ISR,Total,1.9,,,,
2019,ISR,Total,3.5,,,,
2020,ISR,Total,4.4,,,,
2021,ISR,Total,5.8,,,,
2022,ISR,Total,7.5,,,,
2023,ISR,Total,9.1,,,,
2024,ISR,Total,11,,,,
2025,ISR,Total,14,,,,
2000,ISR,Wind,0,,,,
2001,ISR,Wind,0.01,,,,
2002,ISR,Wind,0.01,,,,
2003,ISR,Wind,0.01,,,,
2004,ISR,Wind,0.01,,,,
2005,ISR,Wind,0.01,,,,
2006,ISR,Wind,0.01,,,,
2007,ISR,Wind,0.01,,,,
2008,ISR,Wind,0.01,,,,
2009,ISR,Wind,0.01,,,,
2010,ISR,Wind,0.01,,,,
2011,ISR,Wind,0.01,,,,
2012,ISR,Wind,0.01,,,,
2013,ISR,Wind,0.01,,,,
2014,ISR,Wind,0.01,,,,
2015,ISR,Wind,0.01,,,,
2016,ISR,Wind,0.05,,,,
2017,ISR,Wind,0.18,,,,
2018,ISR,Wind,0.18,,,,
2019,ISR,Wind,0.19,,,,
2020,ISR,Wind,0.2,,,,
2021,ISR,Wind,0.18,,,,
2022,ISR,Wind,0.29,,,,
2023,ISR,Wind,0.46,,,,
2024,ISR,Wind,0.46,,,,
2025,ISR,Wind,0.46,,,,
1990,ITA,Hydro,32,,,,
1991,ITA,Hydro,42,,,,
1992,ITA,Hydro,42,,,,
1993,ITA,Hydro,41,,,,
1994,ITA,Hydro,45,,,,
1995,ITA,Hydro,38,,,,
1996,ITA,Hydro,42,,,,
1997,ITA,Hydro,42,,,,
1998,ITA,Hydro,41,,,,
1999,ITA,Hydro,45,,,,
2000,ITA,Hydro,44,,,,
2001,ITA,Hydro,47,,,,
2002,ITA,Hydro,40,,,,
2003,ITA,Hydro,37,,,,
2004,ITA,Hydro,42,,,,
2005,ITA,Hydro,36,,,,
2006,ITA,Hydro,37,,,,
2007,ITA,Hydro,33,,,,
2008,ITA,Hydro,42,,,,
2009,ITA,Hydro,49,,,,
2010,ITA,Hydro,51,,,,
2011,ITA,Hydro,46,,,,
2012,ITA,Hydro,42,,,,
2013,ITA,Hydro,53,,,,
2014,ITA,Hydro,59,,,,
2015,ITA,Hydro,46,,,,
2016,ITA,Hydro,42,,,,
2017,ITA,Hydro,36,,,,
2018,ITA,Hydro,49,,,,
2019,ITA,Hydro,46,,,,
2020,ITA,Hydro,48,,,,
2021,ITA,Hydro,45,,,,
2022,ITA,Hydro,28,,,,
2023,ITA,Hydro,41,,,,
2024,ITA,Hydro,53,,,,
2025,ITA,Hydro,42,,,,
1990,ITA,Nuclear,0,,,,
1991,ITA,Nuclear,0,,,,
1992,ITA,Nuclear,0,,,,
1993,ITA,Nuclear,0,,,,
1994,ITA,Nuclear,0,,,,
1995,ITA,Nuclear,0,,,,
1996,ITA,Nuclear,0,,,,
1997,ITA,Nuclear,0,,,,
1998,ITA,Nuclear,0,,,,
1999,ITA,Nuclear,0,,,,
2000,ITA,Nuclear,0,,,,
2001,ITA,Nuclear,0,,,,
2002,ITA,Nuclear,0,,,,
2003,ITA,Nuclear,0,,,,
2004,ITA,Nuclear,0,,,,
2005,ITA,Nuclear,0,,,,
2006,ITA,Nuclear,0,,,,
2007,ITA,Nuclear,0,,,,
2008,ITA,Nuclear,0,,,,
2009,ITA,Nuclear,0,,,,
2010,ITA,Nuclear,0,,,,
2011,ITA,Nuclear,0,,,,
2012,ITA,Nuclear,0,,,,
2013,ITA,Nuclear,0,,,,
2014,ITA,Nuclear,0,,,,
2015,ITA,Nuclear,0,,,,
2016,ITA,Nuclear,0,,,,
2017,ITA,Nuclear,0,,,,
2018,ITA,Nuclear,0,,,,
2019,ITA,Nuclear,0,,,,
2020,ITA,Nuclear,0,,,,
2021,ITA,Nuclear,0,,,,
2022,ITA,Nuclear,0,,,,
2023,ITA,Nuclear,0,,,,
2024,ITA,Nuclear,0,,,,
2025,ITA,Nuclear,0,,,,
1990,ITA,Other renewables,3.2,,,,
1991,ITA,Other renewables,3.2,,,,
1992,ITA,Other renewables,3.5,,,,
1993,ITA,Other renewables,3.7,,,,
1994,ITA,Other renewables,3.4,,,,
1995,ITA,Other renewables,3.4,,,,
1996,ITA,Other renewables,3.8,,,,
1997,ITA,Other renewables,3.9,,,,
1998,ITA,Other renewables,4.2,,,,
1999,ITA,Other renewables,4.4,,,,
2000,ITA,Other renewables,4.7,,,,
2001,ITA,Other renewables,4.5,,,,
2002,ITA,Other renewables,4.7,,,,
2003,ITA,Other renewables,5.3,,,,
2004,ITA,Other renewables,5.4,,,,
2005,ITA,Other renewables,5.3,,,,
2006,ITA,Other renewables,5.5,,,,
2007,ITA,Other renewables,5.6,,,,
2008,ITA,Other renewables,5.5,,,,
2009,ITA,Other renewables,5.3,,,,
2010,ITA,Other renewables,5.4,,,,
2011,ITA,Other renewables,5.7,,,,
2012,ITA,Other renewables,5.6,,,,
2013,ITA,Other renewables,5.7,,,,
2014,ITA,Other renewables,5.9,,,,
2015,ITA,Other renewables,6.2,,,,
2016,ITA,Other renewables,6.3,,,,
2017,ITA,Other renewables,6.2,,,,
2018,ITA,Other renewables,6.1,,,,
2019,ITA,Other renewables,6.1,,,,
2020,ITA,Other renewables,6,,,,
2021,ITA,Other renewables,5.9,,,,
2022,ITA,Other renewables,5.8,,,,
2023,ITA,Other renewables,5.7,,,,
2024,ITA,Other renewables,5.7,,,,
2025,ITA,Other renewables,5.7,,,,
1990,ITA,Solar,0,,,,
1991,ITA,Solar,0,,,,
1992,ITA,Solar,0.01,,,,
1993,ITA,Solar,0.01,,,,
1994,ITA,Solar,0.01,,,,
1995,ITA,Solar,0.01,,,,
1996,ITA,Solar,0.01,,,,
1997,ITA,Solar,0.01,,,,
1998,ITA,Solar,0.02,,,,
1999,ITA,Solar,0.02,,,,
2000,ITA,Solar,0.02,,,,
2001,ITA,Solar,0.02,,,,
2002,ITA,Solar,0.02,,,,
2003,ITA,Solar,0.02,,,,
2004,ITA,Solar,0.03,,,,
2005,ITA,Solar,0.03,,,,
2006,ITA,Solar,0.04,,,,
2007,ITA,Solar,0.04,,,,
2008,ITA,Solar,0.19,,,,
2009,ITA,Solar,0.68,,,,
2010,ITA,Solar,1.9,,,,
2011,ITA,Solar,11,,,,
2012,ITA,Solar,19,,,,
2013,ITA,Solar,22,,,,
2014,ITA,Solar,22,,,,
2015,ITA,Solar,23,,,,
2016,ITA,Solar,22,,,,
2017,ITA,Solar,24,,,,
2018,ITA,Solar,23,,,,
2019,ITA,Solar,24,,,,
2020,ITA,Solar,25,,,,
2021,ITA,Solar,25,,,,
2022,ITA,Solar,28,,,,
2023,ITA,Solar,31,,,,
2024,ITA,Solar,36,,,,
2025,ITA,Solar,45,,,,
1990,ITA,Total,35,,,,
1991,ITA,Total,46,,,,
1992,ITA,Total,46,,,,
1993,ITA,Total,45,,,,
1994,ITA,Total,48,,,,
1995,ITA,Total,41,,,,
1996,ITA,Total,46,,,,
1997,ITA,Total,46,,,,
1998,ITA,Total,46,,,,
1999,ITA,Total,51,,,,
2000,ITA,Total,51,,,,
2001,ITA,Total,54,,,,
2002,ITA,Total,48,,,,
2003,ITA,Total,47,,,,
2004,ITA,Total,54,,,,
2005,ITA,Total,48,,,,
2006,ITA,Total,51,,,,
2007,ITA,Total,48,,,,
2008,ITA,Total,58,,,,
2009,ITA,Total,69,,,,
2010,ITA,Total,77,,,,
2011,ITA,Total,83,,,,
2012,ITA,Total,92,,,,
2013,ITA,Total,110,,,,
2014,ITA,Total,120,,,,
2015,ITA,Total,110,,,,
2016,ITA,Total,110,,,,
2017,ITA,Total,100,,,,
2018,ITA,Total,110,,,,
2019,ITA,Total,120,,,,
2020,ITA,Total,120,,,,
2021,ITA,Total,120,,,,
2022,ITA,Total,100,,,,
2023,ITA,Total,120,,,,
2024,ITA,Total,130,,,,
2025,ITA,Total,130,,,,
1990,ITA,Wind,0,,,,
1991,ITA,Wind,0,,,,
1992,ITA,Wind,0,,,,
1993,ITA,Wind,0,,,,
1994,ITA,Wind,0.01,,,,
1995,ITA,Wind,0.01,,,,
1996,ITA,Wind,0.03,,,,
1997,ITA,Wind,0.12,,,,
1998,ITA,Wind,0.23,,,,
1999,ITA,Wind,0.4,,,,
2000,ITA,Wind,0.56,,,,
2001,ITA,Wind,1.2,,,,
2002,ITA,Wind,1.4,,,,
2003,ITA,Wind,1.5,,,,
2004,ITA,Wind,1.8,,,,
2005,ITA,Wind,2.3,,,,
2006,ITA,Wind,3,,,,
2007,ITA,Wind,4,,,,
2008,ITA,Wind,4.9,,,,
2009,ITA,Wind,6.5,,,,
2010,ITA,Wind,9.1,,,,
2011,ITA,Wind,9.9,,,,
2012,ITA,Wind,13,,,,
2013,ITA,Wind,15,,,,
2014,ITA,Wind,15,,,,
2015,ITA,Wind,15,,,,
2016,ITA,Wind,18,,,,
2017,ITA,Wind,18,,,,
2018,ITA,Wind,18,,,,
2019,ITA,Wind,20,,,,
2020,ITA,Wind,19,,,,
2021,ITA,Wind,21,,,,
2022,ITA,Wind,20,,,,
2023,ITA,Wind,24,,,,
2024,ITA,Wind,22,,,,
2025,ITA,Wind,21,,,,
2000,JAM,Hydro,0.11,,,,
2001,JAM,Hydro,0.06,,,,
2002,JAM,Hydro,0.09,,,,
2003,JAM,Hydro,0.12,,,,
2004,JAM,Hydro,0.13,,,,
2005,JAM,Hydro,0.15,,,,
2006,JAM,Hydro,0.16,,,,
2007,JAM,Hydro,0.16,,,,
2008,JAM,Hydro,0.16,,,,
2009,JAM,Hydro,0.14,,,,
2010,JAM,Hydro,0.15,,,,
2011,JAM,Hydro,0.15,,,,
2012,JAM,Hydro,0.15,,,,
2013,JAM,Hydro,0.12,,,,
2014,JAM,Hydro,0.14,,,,
2015,JAM,Hydro,0.13,,,,
2016,JAM,Hydro,0.12,,,,
2017,JAM,Hydro,0.15,,,,
2018,JAM,Hydro,0.18,,,,
2019,JAM,Hydro,0.16,,,,
2020,JAM,Hydro,0.14,,,,
2021,JAM,Hydro,0.14,,,,
2022,JAM,Hydro,0.12,,,,
2023,JAM,Hydro,0.12,,,,
2024,JAM,Hydro,0.12,,,,
2000,JAM,Nuclear,0,,,,
2001,JAM,Nuclear,0,,,,
2002,JAM,Nuclear,0,,,,
2003,JAM,Nuclear,0,,,,
2004,JAM,Nuclear,0,,,,
2005,JAM,Nuclear,0,,,,
2006,JAM,Nuclear,0,,,,
2007,JAM,Nuclear,0,,,,
2008,JAM,Nuclear,0,,,,
2009,JAM,Nuclear,0,,,,
2010,JAM,Nuclear,0,,,,
2011,JAM,Nuclear,0,,,,
2012,JAM,Nuclear,0,,,,
2013,JAM,Nuclear,0,,,,
2014,JAM,Nuclear,0,,,,
2015,JAM,Nuclear,0,,,,
2016,JAM,Nuclear,0,,,,
2017,JAM,Nuclear,0,,,,
2018,JAM,Nuclear,0,,,,
2019,JAM,Nuclear,0,,,,
2020,JAM,Nuclear,0,,,,
2021,JAM,Nuclear,0,,,,
2022,JAM,Nuclear,0,,,,
2023,JAM,Nuclear,0,,,,
2024,JAM,Nuclear,0,,,,
2000,JAM,Other renewables,0,,,,
2001,JAM,Other renewables,0,,,,
2002,JAM,Other renewables,0,,,,
2003,JAM,Other renewables,0,,,,
2004,JAM,Other renewables,0,,,,
2005,JAM,Other renewables,0,,,,
2006,JAM,Other renewables,0,,,,
2007,JAM,Other renewables,0,,,,
2008,JAM,Other renewables,0,,,,
2009,JAM,Other renewables,0,,,,
2010,JAM,Other renewables,0,,,,
2011,JAM,Other renewables,0,,,,
2012,JAM,Other renewables,0,,,,
2013,JAM,Other renewables,0,,,,
2014,JAM,Other renewables,0,,,,
2015,JAM,Other renewables,0,,,,
2016,JAM,Other renewables,0,,,,
2017,JAM,Other renewables,0,,,,
2018,JAM,Other renewables,0,,,,
2019,JAM,Other renewables,0,,,,
2020,JAM,Other renewables,0,,,,
2021,JAM,Other renewables,0,,,,
2022,JAM,Other renewables,0,,,,
2023,JAM,Other renewables,0,,,,
2024,JAM,Other renewables,0,,,,
2000,JAM,Solar,0,,,,
2001,JAM,Solar,0,,,,
2002,JAM,Solar,0,,,,
2003,JAM,Solar,0,,,,
2004,JAM,Solar,0,,,,
2005,JAM,Solar,0,,,,
2006,JAM,Solar,0,,,,
2007,JAM,Solar,0,,,,
2008,JAM,Solar,0,,,,
2009,JAM,Solar,0,,,,
2010,JAM,Solar,0,,,,
2011,JAM,Solar,0,,,,
2012,JAM,Solar,0,,,,
2013,JAM,Solar,0,,,,
2014,JAM,Solar,0.01,,,,
2015,JAM,Solar,0.01,,,,
2016,JAM,Solar,0.01,,,,
2017,JAM,Solar,0.04,,,,
2018,JAM,Solar,0.05,,,,
2019,JAM,Solar,0.09,,,,
2020,JAM,Solar,0.12,,,,
2021,JAM,Solar,0.13,,,,
2022,JAM,Solar,0.13,,,,
2023,JAM,Solar,0.13,,,,
2024,JAM,Solar,0.15,,,,
2000,JAM,Total,0.31,,,,
2001,JAM,Total,0.23,,,,
2002,JAM,Total,0.15,,,,
2003,JAM,Total,0.18,,,,
2004,JAM,Total,0.23,,,,
2005,JAM,Total,0.27,,,,
2006,JAM,Total,0.28,,,,
2007,JAM,Total,0.3,,,,
2008,JAM,Total,0.26,,,,
2009,JAM,Total,0.33,,,,
2010,JAM,Total,0.33,,,,
2011,JAM,Total,0.38,,,,
2012,JAM,Total,0.44,,,,
2013,JAM,Total,0.4,,,,
2014,JAM,Total,0.42,,,,
2015,JAM,Total,0.44,,,,
2016,JAM,Total,0.55,,,,
2017,JAM,Total,0.51,,,,
2018,JAM,Total,0.58,,,,
2019,JAM,Total,0.59,,,,
2020,JAM,Total,0.59,,,,
2021,JAM,Total,0.58,,,,
2022,JAM,Total,0.58,,,,
2023,JAM,Total,0.58,,,,
2024,JAM,Total,0.62,,,,
2000,JAM,Wind,0,,,,
2001,JAM,Wind,0,,,,
2002,JAM,Wind,0,,,,
2003,JAM,Wind,0,,,,
2004,JAM,Wind,0.03,,,,
2005,JAM,Wind,0.05,,,,
2006,JAM,Wind,0.05,,,,
2007,JAM,Wind,0.05,,,,
2008,JAM,Wind,0.05,,,,
2009,JAM,Wind,0.06,,,,
2010,JAM,Wind,0.05,,,,
2011,JAM,Wind,0.09,,,,
2012,JAM,Wind,0.11,,,,
2013,JAM,Wind,0.12,,,,
2014,JAM,Wind,0.12,,,,
2015,JAM,Wind,0.13,,,,
2016,JAM,Wind,0.21,,,,
2017,JAM,Wind,0.25,,,,
2018,JAM,Wind,0.3,,,,
2019,JAM,Wind,0.27,,,,
2020,JAM,Wind,0.28,,,,
2021,JAM,Wind,0.26,,,,
2022,JAM,Wind,0.27,,,,
2023,JAM,Wind,0.27,,,,
2024,JAM,Wind,0.29,,,,
2000,JOR,Hydro,0.04,,,,
2001,JOR,Hydro,0.04,,,,
2002,JOR,Hydro,0.05,,,,
2003,JOR,Hydro,0.04,,,,
2004,JOR,Hydro,0.05,,,,
2005,JOR,Hydro,0.06,,,,
2006,JOR,Hydro,0.05,,,,
2007,JOR,Hydro,0.06,,,,
2008,JOR,Hydro,0.06,,,,
2009,JOR,Hydro,0.06,,,,
2010,JOR,Hydro,0.06,,,,
2011,JOR,Hydro,0.05,,,,
2012,JOR,Hydro,0.06,,,,
2013,JOR,Hydro,0.05,,,,
2014,JOR,Hydro,0.06,,,,
2015,JOR,Hydro,0.05,,,,
2016,JOR,Hydro,0.04,,,,
2017,JOR,Hydro,0.04,,,,
2018,JOR,Hydro,0.02,,,,
2019,JOR,Hydro,0.02,,,,
2020,JOR,Hydro,0.02,,,,
2021,JOR,Hydro,0.02,,,,
2022,JOR,Hydro,0.02,,,,
2023,JOR,Hydro,0.02,,,,
2024,JOR,Hydro,0.02,,,,
2000,JOR,Nuclear,0,,,,
2001,JOR,Nuclear,0,,,,
2002,JOR,Nuclear,0,,,,
2003,JOR,Nuclear,0,,,,
2004,JOR,Nuclear,0,,,,
2005,JOR,Nuclear,0,,,,
2006,JOR,Nuclear,0,,,,
2007,JOR,Nuclear,0,,,,
2008,JOR,Nuclear,0,,,,
2009,JOR,Nuclear,0,,,,
2010,JOR,Nuclear,0,,,,
2011,JOR,Nuclear,0,,,,
2012,JOR,Nuclear,0,,,,
2013,JOR,Nuclear,0,,,,
2014,JOR,Nuclear,0,,,,
2015,JOR,Nuclear,0,,,,
2016,JOR,Nuclear,0,,,,
2017,JOR,Nuclear,0,,,,
2018,JOR,Nuclear,0,,,,
2019,JOR,Nuclear,0,,,,
2020,JOR,Nuclear,0,,,,
2021,JOR,Nuclear,0,,,,
2022,JOR,Nuclear,0,,,,
2023,JOR,Nuclear,0,,,,
2024,JOR,Nuclear,0,,,,
2000,JOR,Other renewables,0,,,,
2001,JOR,Other renewables,0,,,,
2002,JOR,Other renewables,0,,,,
2003,JOR,Other renewables,0,,,,
2004,JOR,Other renewables,0,,,,
2005,JOR,Other renewables,0,,,,
2006,JOR,Other renewables,0,,,,
2007,JOR,Other renewables,0,,,,
2008,JOR,Other renewables,0,,,,
2009,JOR,Other renewables,0,,,,
2010,JOR,Other renewables,0,,,,
2011,JOR,Other renewables,0,,,,
2012,JOR,Other renewables,0,,,,
2013,JOR,Other renewables,0,,,,
2014,JOR,Other renewables,0,,,,
2015,JOR,Other renewables,0,,,,
2016,JOR,Other renewables,0,,,,
2017,JOR,Other renewables,0,,,,
2018,JOR,Other renewables,0,,,,
2019,JOR,Other renewables,0,,,,
2020,JOR,Other renewables,0,,,,
2021,JOR,Other renewables,0,,,,
2022,JOR,Other renewables,0,,,,
2023,JOR,Other renewables,0,,,,
2024,JOR,Other renewables,0,,,,
2000,JOR,Solar,0,,,,
2001,JOR,Solar,0,,,,
2002,JOR,Solar,0,,,,
2003,JOR,Solar,0,,,,
2004,JOR,Solar,0,,,,
2005,JOR,Solar,0,,,,
2006,JOR,Solar,0,,,,
2007,JOR,Solar,0,,,,
2008,JOR,Solar,0,,,,
2009,JOR,Solar,0,,,,
2010,JOR,Solar,0,,,,
2011,JOR,Solar,0,,,,
2012,JOR,Solar,0,,,,
2013,JOR,Solar,0,,,,
2014,JOR,Solar,0,,,,
2015,JOR,Solar,0.05,,,,
2016,JOR,Solar,0.43,,,,
2017,JOR,Solar,0.91,,,,
2018,JOR,Solar,1.4,,,,
2019,JOR,Solar,2.1,,,,
2020,JOR,Solar,2.5,,,,
2021,JOR,Solar,3.3,,,,
2022,JOR,Solar,3.5,,,,
2023,JOR,Solar,3.5,,,,
2024,JOR,Solar,3.9,,,,
2000,JOR,Total,0.04,,,,
2001,JOR,Total,0.04,,,,
2002,JOR,Total,0.05,,,,
2003,JOR,Total,0.05,,,,
2004,JOR,Total,0.06,,,,
2005,JOR,Total,0.06,,,,
2006,JOR,Total,0.06,,,,
2007,JOR,Total,0.07,,,,
2008,JOR,Total,0.07,,,,
2009,JOR,Total,0.07,,,,
2010,JOR,Total,0.07,,,,
2011,JOR,Total,0.06,,,,
2012,JOR,Total,0.07,,,,
2013,JOR,Total,0.06,,,,
2014,JOR,Total,0.07,,,,
2015,JOR,Total,0.23,,,,
2016,JOR,Total,0.86,,,,
2017,JOR,Total,1.4,,,,
2018,JOR,Total,2.2,,,,
2019,JOR,Total,3,,,,
2020,JOR,Total,3.9,,,,
2021,JOR,Total,4.9,,,,
2022,JOR,Total,5.2,,,,
2023,JOR,Total,5.2,,,,
2024,JOR,Total,5.7,,,,
2000,JOR,Wind,0,,,,
2001,JOR,Wind,0,,,,
2002,JOR,Wind,0,,,,
2003,JOR,Wind,0,,,,
2004,JOR,Wind,0,,,,
2005,JOR,Wind,0,,,,
2006,JOR,Wind,0,,,,
2007,JOR,Wind,0,,,,
2008,JOR,Wind,0,,,,
2009,JOR,Wind,0,,,,
2010,JOR,Wind,0,,,,
2011,JOR,Wind,0,,,,
2012,JOR,Wind,0,,,,
2013,JOR,Wind,0,,,,
2014,JOR,Wind,0,,,,
2015,JOR,Wind,0.12,,,,
2016,JOR,Wind,0.39,,,,
2017,JOR,Wind,0.45,,,,
2018,JOR,Wind,0.71,,,,
2019,JOR,Wind,0.88,,,,
2020,JOR,Wind,1.4,,,,
2021,JOR,Wind,1.6,,,,
2022,JOR,Wind,1.8,,,,
2023,JOR,Wind,1.8,,,,
2024,JOR,Wind,1.8,,,,
1985,JPN,Hydro,83,,,,
1986,JPN,Hydro,81,,,,
1987,JPN,Hydro,75,,,,
1988,JPN,Hydro,90,,,,
1989,JPN,Hydro,92,,,,
1990,JPN,Hydro,87,,,,
1991,JPN,Hydro,94,,,,
1992,JPN,Hydro,80,,,,
1993,JPN,Hydro,93,,,,
1994,JPN,Hydro,64,,,,
1995,JPN,Hydro,79,,,,
1996,JPN,Hydro,77,,,,
1997,JPN,Hydro,86,,,,
1998,JPN,Hydro,89,,,,
1999,JPN,Hydro,84,,,,
2000,JPN,Hydro,84,,,,
2001,JPN,Hydro,82,,,,
2002,JPN,Hydro,81,,,,
2003,JPN,Hydro,92,,,,
2004,JPN,Hydro,92,,,,
2005,JPN,Hydro,78,,,,
2006,JPN,Hydro,89,,,,
2007,JPN,Hydro,75,,,,
2008,JPN,Hydro,75,,,,
2009,JPN,Hydro,70,,,,
2010,JPN,Hydro,89,,,,
2011,JPN,Hydro,82,,,,
2012,JPN,Hydro,77,,,,
2013,JPN,Hydro,79,,,,
2014,JPN,Hydro,82,,,,
2015,JPN,Hydro,86,,,,
2016,JPN,Hydro,79,,,,
2017,JPN,Hydro,79,,,,
2018,JPN,Hydro,81,,,,
2019,JPN,Hydro,74,,,,
2020,JPN,Hydro,78,,,,
2021,JPN,Hydro,80,,,,
2022,JPN,Hydro,75,,,,
2023,JPN,Hydro,75,,,,
2024,JPN,Hydro,79,,,,
2025,JPN,Hydro,74,,,,
1985,JPN,Nuclear,160,,,,
1986,JPN,Nuclear,170,,,,
1987,JPN,Nuclear,190,,,,
1988,JPN,Nuclear,170,,,,
1989,JPN,Nuclear,190,,,,
1990,JPN,Nuclear,190,,,,
1991,JPN,Nuclear,210,,,,
1992,JPN,Nuclear,220,,,,
1993,JPN,Nuclear,250,,,,
1994,JPN,Nuclear,260,,,,
1995,JPN,Nuclear,290,,,,
1996,JPN,Nuclear,300,,,,
1997,JPN,Nuclear,320,,,,
1998,JPN,Nuclear,330,,,,
1999,JPN,Nuclear,320,,,,
2000,JPN,Nuclear,320,,,,
2001,JPN,Nuclear,320,,,,
2002,JPN,Nuclear,310,,,,
2003,JPN,Nuclear,230,,,,
2004,JPN,Nuclear,290,,,,
2005,JPN,Nuclear,290,,,,
2006,JPN,Nuclear,300,,,,
2007,JPN,Nuclear,280,,,,
2008,JPN,Nuclear,250,,,,
2009,JPN,Nuclear,270,,,,
2010,JPN,Nuclear,290,,,,
2011,JPN,Nuclear,160,,,,
2012,JPN,Nuclear,18,,,,
2013,JPN,Nuclear,15,,,,
2014,JPN,Nuclear,0,,,,
2015,JPN,Nuclear,4.5,,,,
2016,JPN,Nuclear,18,,,,
2017,JPN,Nuclear,29,,,,
2018,JPN,Nuclear,49,,,,
2019,JPN,Nuclear,66,,,,
2020,JPN,Nuclear,43,,,,
2021,JPN,Nuclear,61,,,,
2022,JPN,Nuclear,52,,,,
2023,JPN,Nuclear,77,,,,
2024,JPN,Nuclear,85,,,,
2025,JPN,Nuclear,94,,,,
1985,JPN,Solar,0,,,,
1986,JPN,Solar,0,,,,
1987,JPN,Solar,0,,,,
1988,JPN,Solar,0,,,,
1989,JPN,Solar,0,,,,
1990,JPN,Solar,0,,,,
1991,JPN,Solar,0,,,,
1992,JPN,Solar,0.01,,,,
1993,JPN,Solar,0.02,,,,
1994,JPN,Solar,0.03,,,,
1995,JPN,Solar,0.04,,,,
1996,JPN,Solar,0.05,,,,
1997,JPN,Solar,0.1,,,,
1998,JPN,Solar,0.14,,,,
1999,JPN,Solar,0.22,,,,
2000,JPN,Solar,0.34,,,,
2001,JPN,Solar,0.5,,,,
2002,JPN,Solar,0.69,,,,
2003,JPN,Solar,0.95,,,,
2004,JPN,Solar,1.3,,,,
2005,JPN,Solar,1.6,,,,
2006,JPN,Solar,2,,,,
2007,JPN,Solar,2.3,,,,
2008,JPN,Solar,2.6,,,,
2009,JPN,Solar,3.1,,,,
2010,JPN,Solar,4,,,,
2011,JPN,Solar,5.4,,,,
2012,JPN,Solar,7.4,,,,
2013,JPN,Solar,13,,,,
2014,JPN,Solar,24,,,,
2015,JPN,Solar,35,,,,
2016,JPN,Solar,43,,,,
2017,JPN,Solar,54,,,,
2018,JPN,Solar,61,,,,
2019,JPN,Solar,67,,,,
2020,JPN,Solar,76,,,,
2021,JPN,Solar,84,,,,
2022,JPN,Solar,91,,,,
2023,JPN,Solar,96,,,,
2024,JPN,Solar,97,,,,
2025,JPN,Solar,100,,,,
1985,JPN,Total,260,,,,
1986,JPN,Total,260,,,,
1987,JPN,Total,280,,,,
1988,JPN,Total,280,,,,
1989,JPN,Total,290,,,,
1990,JPN,Total,290,,,,
1991,JPN,Total,310,,,,
1992,JPN,Total,310,,,,
1993,JPN,Total,350,,,,
1994,JPN,Total,340,,,,
1995,JPN,Total,380,,,,
1996,JPN,Total,390,,,,
1997,JPN,Total,420,,,,
1998,JPN,Total,430,,,,
1999,JPN,Total,420,,,,
2000,JPN,Total,420,,,,
2001,JPN,Total,420,,,,
2002,JPN,Total,410,,,,
2003,JPN,Total,340,,,,
2004,JPN,Total,400,,,,
2005,JPN,Total,400,,,,
2006,JPN,Total,420,,,,
2007,JPN,Total,380,,,,
2008,JPN,Total,350,,,,
2009,JPN,Total,370,,,,
2010,JPN,Total,410,,,,
2011,JPN,Total,280,,,,
2012,JPN,Total,130,,,,
2013,JPN,Total,140,,,,
2014,JPN,Total,130,,,,
2015,JPN,Total,160,,,,
2016,JPN,Total,170,,,,
2017,JPN,Total,190,,,,
2018,JPN,Total,220,,,,
2019,JPN,Total,240,,,,
2020,JPN,Total,240,,,,
2021,JPN,Total,270,,,,
2022,JPN,Total,260,,,,
2023,JPN,Total,300,,,,
2024,JPN,Total,320,,,,
2025,JPN,Total,340,,,,
1985,JPN,Wind,0,,,,
1986,JPN,Wind,0,,,,
1987,JPN,Wind,0,,,,
1988,JPN,Wind,0,,,,
1989,JPN,Wind,0,,,,
1990,JPN,Wind,0,,,,
1991,JPN,Wind,0,,,,
1992,JPN,Wind,0,,,,
1993,JPN,Wind,0,,,,
1994,JPN,Wind,0,,,,
1995,JPN,Wind,0,,,,
1996,JPN,Wind,0,,,,
1997,JPN,Wind,0,,,,
1998,JPN,Wind,0.01,,,,
1999,JPN,Wind,0.04,,,,
2000,JPN,Wind,0.11,,,,
2001,JPN,Wind,0.25,,,,
2002,JPN,Wind,0.41,,,,
2003,JPN,Wind,0.83,,,,
2004,JPN,Wind,1.4,,,,
2005,JPN,Wind,1.9,,,,
2006,JPN,Wind,2.1,,,,
2007,JPN,Wind,2.7,,,,
2008,JPN,Wind,2.9,,,,
2009,JPN,Wind,3.4,,,,
2010,JPN,Wind,3.9,,,,
2011,JPN,Wind,4.5,,,,
2012,JPN,Wind,4.7,,,,
2013,JPN,Wind,5.1,,,,
2014,JPN,Wind,5,,,,
2015,JPN,Wind,5.2,,,,
2016,JPN,Wind,5.3,,,,
2017,JPN,Wind,6.2,,,,
2018,JPN,Wind,7.4,,,,
2019,JPN,Wind,7.5,,,,
2020,JPN,Wind,8.4,,,,
2021,JPN,Wind,9.5,,,,
2022,JPN,Wind,9.4,,,,
2023,JPN,Wind,10,,,,
2024,JPN,Wind,12,,,,
2025,JPN,Wind,13,,,,
1985,KAZ,Hydro,5.2,,,,
1986,KAZ,Hydro,4.8,,,,
1987,KAZ,Hydro,5.7,,,,
1988,KAZ,Hydro,7,,,,
1989,KAZ,Hydro,7.3,,,,
1990,KAZ,Hydro,7.4,,,,
1991,KAZ,Hydro,7.2,,,,
1992,KAZ,Hydro,6.9,,,,
1993,KAZ,Hydro,7.6,,,,
1994,KAZ,Hydro,9.2,,,,
1995,KAZ,Hydro,8.3,,,,
1996,KAZ,Hydro,7.3,,,,
1997,KAZ,Hydro,6.5,,,,
1998,KAZ,Hydro,6.1,,,,
1999,KAZ,Hydro,6.1,,,,
2000,KAZ,Hydro,7.5,,,,
2001,KAZ,Hydro,8.1,,,,
2002,KAZ,Hydro,8.9,,,,
2003,KAZ,Hydro,8.6,,,,
2004,KAZ,Hydro,8.1,,,,
2005,KAZ,Hydro,7.9,,,,
2006,KAZ,Hydro,7.8,,,,
2007,KAZ,Hydro,8.2,,,,
2008,KAZ,Hydro,7.5,,,,
2009,KAZ,Hydro,6.9,,,,
2010,KAZ,Hydro,8,,,,
2011,KAZ,Hydro,7.9,,,,
2012,KAZ,Hydro,7.6,,,,
2013,KAZ,Hydro,7.7,,,,
2014,KAZ,Hydro,8.3,,,,
2015,KAZ,Hydro,9.3,,,,
2016,KAZ,Hydro,12,,,,
2017,KAZ,Hydro,11,,,,
2018,KAZ,Hydro,10,,,,
2019,KAZ,Hydro,10,,,,
2020,KAZ,Hydro,9.7,,,,
2021,KAZ,Hydro,9.2,,,,
2022,KAZ,Hydro,9.2,,,,
2023,KAZ,Hydro,8.8,,,,
2024,KAZ,Hydro,11,,,,
2025,KAZ,Hydro,11,,,,
1985,KAZ,Nuclear,0,,,,
1986,KAZ,Nuclear,0,,,,
1987,KAZ,Nuclear,0,,,,
1988,KAZ,Nuclear,0,,,,
1989,KAZ,Nuclear,0.1,,,,
1990,KAZ,Nuclear,0,,,,
1991,KAZ,Nuclear,0.54,,,,
1992,KAZ,Nuclear,0.46,,,,
1993,KAZ,Nuclear,0.45,,,,
1994,KAZ,Nuclear,0.38,,,,
1995,KAZ,Nuclear,0.08,,,,
1996,KAZ,Nuclear,0.09,,,,
1997,KAZ,Nuclear,0.3,,,,
1998,KAZ,Nuclear,0.09,,,,
1999,KAZ,Nuclear,0,,,,
1990,KAZ,Solar,0,,,,
1991,KAZ,Solar,0,,,,
1992,KAZ,Solar,0,,,,
1993,KAZ,Solar,0,,,,
1994,KAZ,Solar,0,,,,
1995,KAZ,Solar,0,,,,
1996,KAZ,Solar,0,,,,
1997,KAZ,Solar,0,,,,
1998,KAZ,Solar,0,,,,
1999,KAZ,Solar,0,,,,
2000,KAZ,Solar,0,,,,
2001,KAZ,Solar,0,,,,
2002,KAZ,Solar,0,,,,
2003,KAZ,Solar,0,,,,
2004,KAZ,Solar,0,,,,
2005,KAZ,Solar,0,,,,
2006,KAZ,Solar,0,,,,
2007,KAZ,Solar,0,,,,
2008,KAZ,Solar,0,,,,
2009,KAZ,Solar,0,,,,
2010,KAZ,Solar,0,,,,
2011,KAZ,Solar,0,,,,
2012,KAZ,Solar,0,,,,
2013,KAZ,Solar,0,,,,
2014,KAZ,Solar,0,,,,
2015,KAZ,Solar,0.05,,,,
2016,KAZ,Solar,0.09,,,,
2017,KAZ,Solar,0.09,,,,
2018,KAZ,Solar,0.14,,,,
2019,KAZ,Solar,0.39,,,,
2020,KAZ,Solar,1.2,,,,
2021,KAZ,Solar,1.6,,,,
2022,KAZ,Solar,1.8,,,,
2023,KAZ,Solar,1.9,,,,
2024,KAZ,Solar,1.9,,,,
2025,KAZ,Solar,2,,,,
1985,KAZ,Total,5.2,,,,
1986,KAZ,Total,4.8,,,,
1987,KAZ,Total,5.7,,,,
1988,KAZ,Total,7,,,,
1989,KAZ,Total,7.4,,,,
1990,KAZ,Total,7.4,,,,
1991,KAZ,Total,7.7,,,,
1992,KAZ,Total,7.3,,,,
1993,KAZ,Total,8.1,,,,
1994,KAZ,Total,9.6,,,,
1995,KAZ,Total,8.4,,,,
1996,KAZ,Total,7.4,,,,
1997,KAZ,Total,6.8,,,,
1998,KAZ,Total,6.2,,,,
1999,KAZ,Total,6.1,,,,
2000,KAZ,Total,7.5,,,,
2001,KAZ,Total,8.1,,,,
2002,KAZ,Total,8.9,,,,
2003,KAZ,Total,8.6,,,,
2004,KAZ,Total,8.1,,,,
2005,KAZ,Total,7.9,,,,
2006,KAZ,Total,7.8,,,,
2007,KAZ,Total,8.2,,,,
2008,KAZ,Total,7.5,,,,
2009,KAZ,Total,6.9,,,,
2010,KAZ,Total,8,,,,
2011,KAZ,Total,7.9,,,,
2012,KAZ,Total,7.6,,,,
2013,KAZ,Total,7.7,,,,
2014,KAZ,Total,8.3,,,,
2015,KAZ,Total,9.5,,,,
2016,KAZ,Total,12,,,,
2017,KAZ,Total,12,,,,
2018,KAZ,Total,11,,,,
2019,KAZ,Total,11,,,,
2020,KAZ,Total,12,,,,
2021,KAZ,Total,13,,,,
2022,KAZ,Total,13,,,,
2023,KAZ,Total,14,,,,
2024,KAZ,Total,18,,,,
2025,KAZ,Total,18,,,,
1990,KAZ,Wind,0,,,,
1991,KAZ,Wind,0,,,,
1992,KAZ,Wind,0,,,,
1993,KAZ,Wind,0,,,,
1994,KAZ,Wind,0,,,,
1995,KAZ,Wind,0,,,,
1996,KAZ,Wind,0,,,,
1997,KAZ,Wind,0,,,,
1998,KAZ,Wind,0,,,,
1999,KAZ,Wind,0,,,,
2000,KAZ,Wind,0,,,,
2001,KAZ,Wind,0,,,,
2002,KAZ,Wind,0,,,,
2003,KAZ,Wind,0,,,,
2004,KAZ,Wind,0,,,,
2005,KAZ,Wind,0,,,,
2006,KAZ,Wind,0,,,,
2007,KAZ,Wind,0,,,,
2008,KAZ,Wind,0,,,,
2009,KAZ,Wind,0,,,,
2010,KAZ,Wind,0,,,,
2011,KAZ,Wind,0,,,,
2012,KAZ,Wind,0,,,,
2013,KAZ,Wind,0,,,,
2014,KAZ,Wind,0.01,,,,
2015,KAZ,Wind,0.13,,,,
2016,KAZ,Wind,0.27,,,,
2017,KAZ,Wind,0.34,,,,
2018,KAZ,Wind,0.39,,,,
2019,KAZ,Wind,0.71,,,,
2020,KAZ,Wind,1,,,,
2021,KAZ,Wind,1.8,,,,
2022,KAZ,Wind,2.3,,,,
2023,KAZ,Wind,3.8,,,,
2024,KAZ,Wind,4.9,,,,
2025,KAZ,Wind,5.8,,,,
2000,KEN,Hydro,1.3,,,,
2001,KEN,Hydro,2.4,,,,
2002,KEN,Hydro,3.1,,,,
2003,KEN,Hydro,3.2,,,,
2004,KEN,Hydro,2.8,,,,
2005,KEN,Hydro,3,,,,
2006,KEN,Hydro,3.2,,,,
2007,KEN,Hydro,3.5,,,,
2008,KEN,Hydro,2.8,,,,
2009,KEN,Hydro,2.2,,,,
2010,KEN,Hydro,3.4,,,,
2011,KEN,Hydro,3.4,,,,
2012,KEN,Hydro,4.3,,,,
2013,KEN,Hydro,3.9,,,,
2014,KEN,Hydro,3.3,,,,
2015,KEN,Hydro,3.8,,,,
2016,KEN,Hydro,3.3,,,,
2017,KEN,Hydro,3.2,,,,
2018,KEN,Hydro,4,,,,
2019,KEN,Hydro,3.2,,,,
2020,KEN,Hydro,4.2,,,,
2021,KEN,Hydro,3.7,,,,
2022,KEN,Hydro,3,,,,
2023,KEN,Hydro,2.7,,,,
2024,KEN,Hydro,3.1,,,,
2025,KEN,Hydro,2.9,,,,
2000,KEN,Nuclear,0,,,,
2001,KEN,Nuclear,0,,,,
2002,KEN,Nuclear,0,,,,
2003,KEN,Nuclear,0,,,,
2004,KEN,Nuclear,0,,,,
2005,KEN,Nuclear,0,,,,
2006,KEN,Nuclear,0,,,,
2007,KEN,Nuclear,0,,,,
2008,KEN,Nuclear,0,,,,
2009,KEN,Nuclear,0,,,,
2010,KEN,Nuclear,0,,,,
2011,KEN,Nuclear,0,,,,
2012,KEN,Nuclear,0,,,,
2013,KEN,Nuclear,0,,,,
2014,KEN,Nuclear,0,,,,
2015,KEN,Nuclear,0,,,,
2016,KEN,Nuclear,0,,,,
2017,KEN,Nuclear,0,,,,
2018,KEN,Nuclear,0,,,,
2019,KEN,Nuclear,0,,,,
2020,KEN,Nuclear,0,,,,
2021,KEN,Nuclear,0,,,,
2022,KEN,Nuclear,0,,,,
2023,KEN,Nuclear,0,,,,
2024,KEN,Nuclear,0,,,,
2025,KEN,Nuclear,0,,,,
2000,KEN,Other renewables,0.43,,,,
2001,KEN,Other renewables,0.48,,,,
2002,KEN,Other renewables,0.39,,,,
2003,KEN,Other renewables,0.79,,,,
2004,KEN,Other renewables,1,,,,
2005,KEN,Other renewables,1,,,,
2006,KEN,Other renewables,1,,,,
2007,KEN,Other renewables,1,,,,
2008,KEN,Other renewables,1.2,,,,
2009,KEN,Other renewables,1.3,,,,
2010,KEN,Other renewables,1.5,,,,
2011,KEN,Other renewables,1.5,,,,
2012,KEN,Other renewables,1.6,,,,
2013,KEN,Other renewables,1.9,,,,
2014,KEN,Other renewables,3.2,,,,
2015,KEN,Other renewables,4.5,,,,
2016,KEN,Other renewables,4.7,,,,
2017,KEN,Other renewables,4.8,,,,
2018,KEN,Other renewables,5.1,,,,
2019,KEN,Other renewables,5.2,,,,
2020,KEN,Other renewables,5.1,,,,
2021,KEN,Other renewables,5,,,,
2022,KEN,Other renewables,5.5,,,,
2023,KEN,Other renewables,6,,,,
2024,KEN,Other renewables,6,,,,
2025,KEN,Other renewables,6.5,,,,
2000,KEN,Solar,0,,,,
2001,KEN,Solar,0,,,,
2002,KEN,Solar,0,,,,
2003,KEN,Solar,0,,,,
2004,KEN,Solar,0,,,,
2005,KEN,Solar,0,,,,
2006,KEN,Solar,0,,,,
2007,KEN,Solar,0,,,,
2008,KEN,Solar,0,,,,
2009,KEN,Solar,0,,,,
2010,KEN,Solar,0,,,,
2011,KEN,Solar,0.01,,,,
2012,KEN,Solar,0.01,,,,
2013,KEN,Solar,0.03,,,,
2014,KEN,Solar,0.05,,,,
2015,KEN,Solar,0.05,,,,
2016,KEN,Solar,0.06,,,,
2017,KEN,Solar,0.07,,,,
2018,KEN,Solar,0.09,,,,
2019,KEN,Solar,0.09,,,,
2020,KEN,Solar,0.09,,,,
2021,KEN,Solar,0.17,,,,
2022,KEN,Solar,0.42,,,,
2023,KEN,Solar,0.58,,,,
2024,KEN,Solar,0.66,,,,
2025,KEN,Solar,0.65,,,,
2000,KEN,Total,1.7,,,,
2001,KEN,Total,2.9,,,,
2002,KEN,Total,4,,,,
2003,KEN,Total,4.5,,,,
2004,KEN,Total,4.3,,,,
2005,KEN,Total,4.5,,,,
2006,KEN,Total,4.7,,,,
2007,KEN,Total,4.9,,,,
2008,KEN,Total,4.5,,,,
2009,KEN,Total,4,,,,
2010,KEN,Total,5.3,,,,
2011,KEN,Total,5.4,,,,
2012,KEN,Total,6.3,,,,
2013,KEN,Total,6.3,,,,
2014,KEN,Total,7,,,,
2015,KEN,Total,8.8,,,,
2016,KEN,Total,8.6,,,,
2017,KEN,Total,8.8,,,,
2018,KEN,Total,9.8,,,,
2019,KEN,Total,10,,,,
2020,KEN,Total,11,,,,
2021,KEN,Total,11,,,,
2022,KEN,Total,11,,,,
2023,KEN,Total,11,,,,
2024,KEN,Total,12,,,,
2025,KEN,Total,13,,,,
2000,KEN,Wind,0,,,,
2001,KEN,Wind,0,,,,
2002,KEN,Wind,0,,,,
2003,KEN,Wind,0,,,,
2004,KEN,Wind,0,,,,
2005,KEN,Wind,0,,,,
2006,KEN,Wind,0,,,,
2007,KEN,Wind,0,,,,
2008,KEN,Wind,0,,,,
2009,KEN,Wind,0.01,,,,
2010,KEN,Wind,0.02,,,,
2011,KEN,Wind,0.02,,,,
2012,KEN,Wind,0.01,,,,
2013,KEN,Wind,0.01,,,,
2014,KEN,Wind,0.02,,,,
2015,KEN,Wind,0.06,,,,
2016,KEN,Wind,0.06,,,,
2017,KEN,Wind,0.06,,,,
2018,KEN,Wind,0.38,,,,
2019,KEN,Wind,1.6,,,,
2020,KEN,Wind,1.3,,,,
2021,KEN,Wind,2,,,,
2022,KEN,Wind,2.1,,,,
2023,KEN,Wind,2,,,,
2024,KEN,Wind,2.2,,,,
2025,KEN,Wind,2.3,,,,
2000,KGZ,Hydro,14,,,,
2001,KGZ,Hydro,12,,,,
2002,KGZ,Hydro,11,,,,
2003,KGZ,Hydro,13,,,,
2004,KGZ,Hydro,14,,,,
2005,KGZ,Hydro,13,,,,
2006,KGZ,Hydro,12,,,,
2007,KGZ,Hydro,13,,,,
2008,KGZ,Hydro,10,,,,
2009,KGZ,Hydro,10,,,,
2010,KGZ,Hydro,11,,,,
2011,KGZ,Hydro,14,,,,
2012,KGZ,Hydro,14,,,,
2013,KGZ,Hydro,13,,,,
2014,KGZ,Hydro,13,,,,
2015,KGZ,Hydro,11,,,,
2016,KGZ,Hydro,11,,,,
2017,KGZ,Hydro,14,,,,
2018,KGZ,Hydro,14,,,,
2019,KGZ,Hydro,14,,,,
2020,KGZ,Hydro,14,,,,
2021,KGZ,Hydro,13,,,,
2022,KGZ,Hydro,12,,,,
2023,KGZ,Hydro,12,,,,
2024,KGZ,Hydro,14,,,,
2000,KGZ,Nuclear,0,,,,
2001,KGZ,Nuclear,0,,,,
2002,KGZ,Nuclear,0,,,,
2003,KGZ,Nuclear,0,,,,
2004,KGZ,Nuclear,0,,,,
2005,KGZ,Nuclear,0,,,,
2006,KGZ,Nuclear,0,,,,
2007,KGZ,Nuclear,0,,,,
2008,KGZ,Nuclear,0,,,,
2009,KGZ,Nuclear,0,,,,
2010,KGZ,Nuclear,0,,,,
2011,KGZ,Nuclear,0,,,,
2012,KGZ,Nuclear,0,,,,
2013,KGZ,Nuclear,0,,,,
2014,KGZ,Nuclear,0,,,,
2015,KGZ,Nuclear,0,,,,
2016,KGZ,Nuclear,0,,,,
2017,KGZ,Nuclear,0,,,,
2018,KGZ,Nuclear,0,,,,
2019,KGZ,Nuclear,0,,,,
2020,KGZ,Nuclear,0,,,,
2021,KGZ,Nuclear,0,,,,
2022,KGZ,Nuclear,0,,,,
2023,KGZ,Nuclear,0,,,,
2024,KGZ,Nuclear,0,,,,
2000,KGZ,Other renewables,0,,,,
2001,KGZ,Other renewables,0,,,,
2002,KGZ,Other renewables,0,,,,
2003,KGZ,Other renewables,0,,,,
2004,KGZ,Other renewables,0,,,,
2005,KGZ,Other renewables,0,,,,
2006,KGZ,Other renewables,0,,,,
2007,KGZ,Other renewables,0,,,,
2008,KGZ,Other renewables,0,,,,
2009,KGZ,Other renewables,0,,,,
2010,KGZ,Other renewables,0,,,,
2011,KGZ,Other renewables,0,,,,
2012,KGZ,Other renewables,0,,,,
2013,KGZ,Other renewables,0,,,,
2014,KGZ,Other renewables,0,,,,
2015,KGZ,Other renewables,0,,,,
2016,KGZ,Other renewables,0,,,,
2017,KGZ,Other renewables,0,,,,
2018,KGZ,Other renewables,0,,,,
2019,KGZ,Other renewables,0,,,,
2020,KGZ,Other renewables,0,,,,
2021,KGZ,Other renewables,0,,,,
2022,KGZ,Other renewables,0,,,,
2023,KGZ,Other renewables,0,,,,
2024,KGZ,Other renewables,0,,,,
2000,KGZ,Solar,0,,,,
2001,KGZ,Solar,0,,,,
2002,KGZ,Solar,0,,,,
2003,KGZ,Solar,0,,,,
2004,KGZ,Solar,0,,,,
2005,KGZ,Solar,0,,,,
2006,KGZ,Solar,0,,,,
2007,KGZ,Solar,0,,,,
2008,KGZ,Solar,0,,,,
2009,KGZ,Solar,0,,,,
2010,KGZ,Solar,0,,,,
2011,KGZ,Solar,0,,,,
2012,KGZ,Solar,0,,,,
2013,KGZ,Solar,0,,,,
2014,KGZ,Solar,0,,,,
2015,KGZ,Solar,0,,,,
2016,KGZ,Solar,0,,,,
2017,KGZ,Solar,0,,,,
2018,KGZ,Solar,0,,,,
2019,KGZ,Solar,0,,,,
2020,KGZ,Solar,0,,,,
2021,KGZ,Solar,0,,,,
2022,KGZ,Solar,0,,,,
2023,KGZ,Solar,0,,,,
2024,KGZ,Solar,0,,,,
2000,KGZ,Total,14,,,,
2001,KGZ,Total,12,,,,
2002,KGZ,Total,11,,,,
2003,KGZ,Total,13,,,,
2004,KGZ,Total,14,,,,
2005,KGZ,Total,13,,,,
2006,KGZ,Total,12,,,,
2007,KGZ,Total,13,,,,
2008,KGZ,Total,10,,,,
2009,KGZ,Total,10,,,,
2010,KGZ,Total,11,,,,
2011,KGZ,Total,14,,,,
2012,KGZ,Total,14,,,,
2013,KGZ,Total,13,,,,
2014,KGZ,Total,13,,,,
2015,KGZ,Total,11,,,,
2016,KGZ,Total,11,,,,
2017,KGZ,Total,14,,,,
2018,KGZ,Total,14,,,,
2019,KGZ,Total,14,,,,
2020,KGZ,Total,14,,,,
2021,KGZ,Total,13,,,,
2022,KGZ,Total,12,,,,
2023,KGZ,Total,12,,,,
2024,KGZ,Total,14,,,,
2000,KGZ,Wind,0,,,,
2001,KGZ,Wind,0,,,,
2002,KGZ,Wind,0,,,,
2003,KGZ,Wind,0,,,,
2004,KGZ,Wind,0,,,,
2005,KGZ,Wind,0,,,,
2006,KGZ,Wind,0,,,,
2007,KGZ,Wind,0,,,,
2008,KGZ,Wind,0,,,,
2009,KGZ,Wind,0,,,,
2010,KGZ,Wind,0,,,,
2011,KGZ,Wind,0,,,,
2012,KGZ,Wind,0,,,,
2013,KGZ,Wind,0,,,,
2014,KGZ,Wind,0,,,,
2015,KGZ,Wind,0,,,,
2016,KGZ,Wind,0,,,,
2017,KGZ,Wind,0,,,,
2018,KGZ,Wind,0,,,,
2019,KGZ,Wind,0,,,,
2020,KGZ,Wind,0,,,,
2021,KGZ,Wind,0,,,,
2022,KGZ,Wind,0,,,,
2023,KGZ,Wind,0,,,,
2024,KGZ,Wind,0,,,,
2000,KHM,Hydro,0.03,,,,
2001,KHM,Hydro,0.03,,,,
2002,KHM,Hydro,0.04,,,,
2003,KHM,Hydro,0.04,,,,
2004,KHM,Hydro,0.03,,,,
2005,KHM,Hydro,0.04,,,,
2006,KHM,Hydro,0.05,,,,
2007,KHM,Hydro,0.05,,,,
2008,KHM,Hydro,0.05,,,,
2009,KHM,Hydro,0.05,,,,
2010,KHM,Hydro,0.03,,,,
2011,KHM,Hydro,0.05,,,,
2012,KHM,Hydro,0.52,,,,
2013,KHM,Hydro,1,,,,
2014,KHM,Hydro,1.9,,,,
2015,KHM,Hydro,2.2,,,,
2016,KHM,Hydro,2.6,,,,
2017,KHM,Hydro,2.7,,,,
2018,KHM,Hydro,4.7,,,,
2019,KHM,Hydro,4,,,,
2020,KHM,Hydro,3.9,,,,
2021,KHM,Hydro,5,,,,
2022,KHM,Hydro,5.9,,,,
2023,KHM,Hydro,4.8,,,,
2024,KHM,Hydro,4.4,,,,
2025,KHM,Hydro,5.3,,,,
2000,KHM,Solar,0,,,,
2001,KHM,Solar,0,,,,
2002,KHM,Solar,0,,,,
2003,KHM,Solar,0,,,,
2004,KHM,Solar,0,,,,
2005,KHM,Solar,0,,,,
2006,KHM,Solar,0,,,,
2007,KHM,Solar,0,,,,
2008,KHM,Solar,0,,,,
2009,KHM,Solar,0,,,,
2010,KHM,Solar,0,,,,
2011,KHM,Solar,0,,,,
2012,KHM,Solar,0,,,,
2013,KHM,Solar,0,,,,
2014,KHM,Solar,0,,,,
2015,KHM,Solar,0,,,,
2016,KHM,Solar,0,,,,
2017,KHM,Solar,0,,,,
2018,KHM,Solar,0.02,,,,
2019,KHM,Solar,0.09,,,,
2020,KHM,Solar,0.29,,,,
2021,KHM,Solar,0.61,,,,
2022,KHM,Solar,0.7,,,,
2023,KHM,Solar,0.82,,,,
2024,KHM,Solar,1.1,,,,
2025,KHM,Solar,1.9,,,,
2000,KHM,Total,0.03,,,,
2001,KHM,Total,0.03,,,,
2002,KHM,Total,0.04,,,,
2003,KHM,Total,0.04,,,,
2004,KHM,Total,0.03,,,,
2005,KHM,Total,0.04,,,,
2006,KHM,Total,0.05,,,,
2007,KHM,Total,0.05,,,,
2008,KHM,Total,0.05,,,,
2009,KHM,Total,0.06,,,,
2010,KHM,Total,0.04,,,,
2011,KHM,Total,0.06,,,,
2012,KHM,Total,0.53,,,,
2013,KHM,Total,1,,,,
2014,KHM,Total,1.9,,,,
2015,KHM,Total,2.2,,,,
2016,KHM,Total,2.6,,,,
2017,KHM,Total,2.8,,,,
2018,KHM,Total,4.8,,,,
2019,KHM,Total,4.2,,,,
2020,KHM,Total,4.2,,,,
2021,KHM,Total,5.7,,,,
2022,KHM,Total,6.6,,,,
2023,KHM,Total,5.7,,,,
2024,KHM,Total,5.5,,,,
2025,KHM,Total,7.3,,,,
2000,KIR,Hydro,0,,,,
2001,KIR,Hydro,0,,,,
2002,KIR,Hydro,0,,,,
2003,KIR,Hydro,0,,,,
2004,KIR,Hydro,0,,,,
2005,KIR,Hydro,0,,,,
2006,KIR,Hydro,0,,,,
2007,KIR,Hydro,0,,,,
2008,KIR,Hydro,0,,,,
2009,KIR,Hydro,0,,,,
2010,KIR,Hydro,0,,,,
2011,KIR,Hydro,0,,,,
2012,KIR,Hydro,0,,,,
2013,KIR,Hydro,0,,,,
2014,KIR,Hydro,0,,,,
2015,KIR,Hydro,0,,,,
2016,KIR,Hydro,0,,,,
2017,KIR,Hydro,0,,,,
2018,KIR,Hydro,0,,,,
2019,KIR,Hydro,0,,,,
2020,KIR,Hydro,0,,,,
2021,KIR,Hydro,0,,,,
2022,KIR,Hydro,0,,,,
2023,KIR,Hydro,0,,,,
2024,KIR,Hydro,0,,,,
2000,KIR,Nuclear,0,,,,
2001,KIR,Nuclear,0,,,,
2002,KIR,Nuclear,0,,,,
2003,KIR,Nuclear,0,,,,
2004,KIR,Nuclear,0,,,,
2005,KIR,Nuclear,0,,,,
2006,KIR,Nuclear,0,,,,
2007,KIR,Nuclear,0,,,,
2008,KIR,Nuclear,0,,,,
2009,KIR,Nuclear,0,,,,
2010,KIR,Nuclear,0,,,,
2011,KIR,Nuclear,0,,,,
2012,KIR,Nuclear,0,,,,
2013,KIR,Nuclear,0,,,,
2014,KIR,Nuclear,0,,,,
2015,KIR,Nuclear,0,,,,
2016,KIR,Nuclear,0,,,,
2017,KIR,Nuclear,0,,,,
2018,KIR,Nuclear,0,,,,
2019,KIR,Nuclear,0,,,,
2020,KIR,Nuclear,0,,,,
2021,KIR,Nuclear,0,,,,
2022,KIR,Nuclear,0,,,,
2023,KIR,Nuclear,0,,,,
2024,KIR,Nuclear,0,,,,
2000,KIR,Other renewables,0,,,,
2001,KIR,Other renewables,0,,,,
2002,KIR,Other renewables,0,,,,
2003,KIR,Other renewables,0,,,,
2004,KIR,Other renewables,0,,,,
2005,KIR,Other renewables,0,,,,
2006,KIR,Other renewables,0,,,,
2007,KIR,Other renewables,0,,,,
2008,KIR,Other renewables,0,,,,
2009,KIR,Other renewables,0,,,,
2010,KIR,Other renewables,0,,,,
2011,KIR,Other renewables,0,,,,
2012,KIR,Other renewables,0,,,,
2013,KIR,Other renewables,0,,,,
2014,KIR,Other renewables,0,,,,
2015,KIR,Other renewables,0,,,,
2016,KIR,Other renewables,0,,,,
2017,KIR,Other renewables,0,,,,
2018,KIR,Other renewables,0,,,,
2019,KIR,Other renewables,0,,,,
2020,KIR,Other renewables,0,,,,
2021,KIR,Other renewables,0,,,,
2022,KIR,Other renewables,0,,,,
2023,KIR,Other renewables,0,,,,
2024,KIR,Other renewables,0,,,,
2000,KIR,Solar,0,,,,
2001,KIR,Solar,0,,,,
2002,KIR,Solar,0,,,,
2003,KIR,Solar,0,,,,
2004,KIR,Solar,0,,,,
2005,KIR,Solar,0,,,,
2006,KIR,Solar,0,,,,
2007,KIR,Solar,0,,,,
2008,KIR,Solar,0,,,,
2009,KIR,Solar,0,,,,
2010,KIR,Solar,0,,,,
2011,KIR,Solar,0,,,,
2012,KIR,Solar,0,,,,
2013,KIR,Solar,0,,,,
2014,KIR,Solar,0,,,,
2015,KIR,Solar,0,,,,
2016,KIR,Solar,0,,,,
2017,KIR,Solar,0,,,,
2018,KIR,Solar,0,,,,
2019,KIR,Solar,0.01,,,,
2020,KIR,Solar,0.01,,,,
2021,KIR,Solar,0.01,,,,
2022,KIR,Solar,0.01,,,,
2023,KIR,Solar,0.01,,,,
2024,KIR,Solar,0.01,,,,
2000,KIR,Total,0,,,,
2001,KIR,Total,0,,,,
2002,KIR,Total,0,,,,
2003,KIR,Total,0,,,,
2004,KIR,Total,0,,,,
2005,KIR,Total,0,,,,
2006,KIR,Total,0,,,,
2007,KIR,Total,0,,,,
2008,KIR,Total,0,,,,
2009,KIR,Total,0,,,,
2010,KIR,Total,0,,,,
2011,KIR,Total,0,,,,
2012,KIR,Total,0,,,,
2013,KIR,Total,0,,,,
2014,KIR,Total,0,,,,
2015,KIR,Total,0,,,,
2016,KIR,Total,0,,,,
2017,KIR,Total,0,,,,
2018,KIR,Total,0,,,,
2019,KIR,Total,0.01,,,,
2020,KIR,Total,0.01,,,,
2021,KIR,Total,0.01,,,,
2022,KIR,Total,0.01,,,,
2023,KIR,Total,0.01,,,,
2024,KIR,Total,0.01,,,,
2000,KIR,Wind,0,,,,
2001,KIR,Wind,0,,,,
2002,KIR,Wind,0,,,,
2003,KIR,Wind,0,,,,
2004,KIR,Wind,0,,,,
2005,KIR,Wind,0,,,,
2006,KIR,Wind,0,,,,
2007,KIR,Wind,0,,,,
2008,KIR,Wind,0,,,,
2009,KIR,Wind,0,,,,
2010,KIR,Wind,0,,,,
2011,KIR,Wind,0,,,,
2012,KIR,Wind,0,,,,
2013,KIR,Wind,0,,,,
2014,KIR,Wind,0,,,,
2015,KIR,Wind,0,,,,
2016,KIR,Wind,0,,,,
2017,KIR,Wind,0,,,,
2018,KIR,Wind,0,,,,
2019,KIR,Wind,0,,,,
2020,KIR,Wind,0,,,,
2021,KIR,Wind,0,,,,
2022,KIR,Wind,0,,,,
2023,KIR,Wind,0,,,,
2024,KIR,Wind,0,,,,
2000,KNA,Hydro,0,,,,
2001,KNA,Hydro,0,,,,
2002,KNA,Hydro,0,,,,
2003,KNA,Hydro,0,,,,
2004,KNA,Hydro,0,,,,
2005,KNA,Hydro,0,,,,
2006,KNA,Hydro,0,,,,
2007,KNA,Hydro,0,,,,
2008,KNA,Hydro,0,,,,
2009,KNA,Hydro,0,,,,
2010,KNA,Hydro,0,,,,
2011,KNA,Hydro,0,,,,
2012,KNA,Hydro,0,,,,
2013,KNA,Hydro,0,,,,
2014,KNA,Hydro,0,,,,
2015,KNA,Hydro,0,,,,
2016,KNA,Hydro,0,,,,
2017,KNA,Hydro,0,,,,
2018,KNA,Hydro,0,,,,
2019,KNA,Hydro,0,,,,
2020,KNA,Hydro,0,,,,
2021,KNA,Hydro,0,,,,
2022,KNA,Hydro,0,,,,
2023,KNA,Hydro,0,,,,
2024,KNA,Hydro,0,,,,
2000,KNA,Nuclear,0,,,,
2001,KNA,Nuclear,0,,,,
2002,KNA,Nuclear,0,,,,
2003,KNA,Nuclear,0,,,,
2004,KNA,Nuclear,0,,,,
2005,KNA,Nuclear,0,,,,
2006,KNA,Nuclear,0,,,,
2007,KNA,Nuclear,0,,,,
2008,KNA,Nuclear,0,,,,
2009,KNA,Nuclear,0,,,,
2010,KNA,Nuclear,0,,,,
2011,KNA,Nuclear,0,,,,
2012,KNA,Nuclear,0,,,,
2013,KNA,Nuclear,0,,,,
2014,KNA,Nuclear,0,,,,
2015,KNA,Nuclear,0,,,,
2016,KNA,Nuclear,0,,,,
2017,KNA,Nuclear,0,,,,
2018,KNA,Nuclear,0,,,,
2019,KNA,Nuclear,0,,,,
2020,KNA,Nuclear,0,,,,
2021,KNA,Nuclear,0,,,,
2022,KNA,Nuclear,0,,,,
2023,KNA,Nuclear,0,,,,
2024,KNA,Nuclear,0,,,,
2000,KNA,Other renewables,0,,,,
2001,KNA,Other renewables,0,,,,
2002,KNA,Other renewables,0,,,,
2003,KNA,Other renewables,0,,,,
2004,KNA,Other renewables,0,,,,
2005,KNA,Other renewables,0,,,,
2006,KNA,Other renewables,0,,,,
2007,KNA,Other renewables,0,,,,
2008,KNA,Other renewables,0,,,,
2009,KNA,Other renewables,0,,,,
2010,KNA,Other renewables,0,,,,
2011,KNA,Other renewables,0,,,,
2012,KNA,Other renewables,0,,,,
2013,KNA,Other renewables,0,,,,
2014,KNA,Other renewables,0,,,,
2015,KNA,Other renewables,0,,,,
2016,KNA,Other renewables,0,,,,
2017,KNA,Other renewables,0,,,,
2018,KNA,Other renewables,0,,,,
2019,KNA,Other renewables,0,,,,
2020,KNA,Other renewables,0,,,,
2021,KNA,Other renewables,0,,,,
2022,KNA,Other renewables,0,,,,
2023,KNA,Other renewables,0,,,,
2024,KNA,Other renewables,0,,,,
2000,KNA,Solar,0,,,,
2001,KNA,Solar,0,,,,
2002,KNA,Solar,0,,,,
2003,KNA,Solar,0,,,,
2004,KNA,Solar,0,,,,
2005,KNA,Solar,0,,,,
2006,KNA,Solar,0,,,,
2007,KNA,Solar,0,,,,
2008,KNA,Solar,0,,,,
2009,KNA,Solar,0,,,,
2010,KNA,Solar,0,,,,
2011,KNA,Solar,0,,,,
2012,KNA,Solar,0,,,,
2013,KNA,Solar,0,,,,
2014,KNA,Solar,0,,,,
2015,KNA,Solar,0,,,,
2016,KNA,Solar,0,,,,
2017,KNA,Solar,0,,,,
2018,KNA,Solar,0,,,,
2019,KNA,Solar,0,,,,
2020,KNA,Solar,0,,,,
2021,KNA,Solar,0,,,,
2022,KNA,Solar,0,,,,
2023,KNA,Solar,0,,,,
2024,KNA,Solar,0.01,,,,
2000,KNA,Total,0,,,,
2001,KNA,Total,0,,,,
2002,KNA,Total,0,,,,
2003,KNA,Total,0,,,,
2004,KNA,Total,0,,,,
2005,KNA,Total,0,,,,
2006,KNA,Total,0,,,,
2007,KNA,Total,0,,,,
2008,KNA,Total,0,,,,
2009,KNA,Total,0,,,,
2010,KNA,Total,0,,,,
2011,KNA,Total,0,,,,
2012,KNA,Total,0.01,,,,
2013,KNA,Total,0.01,,,,
2014,KNA,Total,0.01,,,,
2015,KNA,Total,0.01,,,,
2016,KNA,Total,0.01,,,,
2017,KNA,Total,0,,,,
2018,KNA,Total,0.01,,,,
2019,KNA,Total,0.01,,,,
2020,KNA,Total,0.01,,,,
2021,KNA,Total,0.01,,,,
2022,KNA,Total,0.01,,,,
2023,KNA,Total,0.01,,,,
2024,KNA,Total,0.02,,,,
2000,KNA,Wind,0,,,,
2001,KNA,Wind,0,,,,
2002,KNA,Wind,0,,,,
2003,KNA,Wind,0,,,,
2004,KNA,Wind,0,,,,
2005,KNA,Wind,0,,,,
2006,KNA,Wind,0,,,,
2007,KNA,Wind,0,,,,
2008,KNA,Wind,0,,,,
2009,KNA,Wind,0,,,,
2010,KNA,Wind,0,,,,
2011,KNA,Wind,0,,,,
2012,KNA,Wind,0.01,,,,
2013,KNA,Wind,0.01,,,,
2014,KNA,Wind,0.01,,,,
2015,KNA,Wind,0.01,,,,
2016,KNA,Wind,0.01,,,,
2017,KNA,Wind,0,,,,
2018,KNA,Wind,0.01,,,,
2019,KNA,Wind,0.01,,,,
2020,KNA,Wind,0.01,,,,
2021,KNA,Wind,0.01,,,,
2022,KNA,Wind,0.01,,,,
2023,KNA,Wind,0.01,,,,
2024,KNA,Wind,0.01,,,,
1985,KOR,Hydro,3.2,,,,
1986,KOR,Hydro,3.1,,,,
1987,KOR,Hydro,4,,,,
1988,KOR,Hydro,2,,,,
1989,KOR,Hydro,3,,,,
1990,KOR,Hydro,4.7,,,,
1991,KOR,Hydro,3.5,,,,
1992,KOR,Hydro,3.1,,,,
1993,KOR,Hydro,4.2,,,,
1994,KOR,Hydro,2.4,,,,
1995,KOR,Hydro,2.8,,,,
1996,KOR,Hydro,2.4,,,,
1997,KOR,Hydro,2.8,,,,
1998,KOR,Hydro,4.3,,,,
1999,KOR,Hydro,4.2,,,,
2000,KOR,Hydro,4,,,,
2001,KOR,Hydro,2.3,,,,
2002,KOR,Hydro,3.2,,,,
2003,KOR,Hydro,4.9,,,,
2004,KOR,Hydro,4.3,,,,
2005,KOR,Hydro,3.7,,,,
2006,KOR,Hydro,3.5,,,,
2007,KOR,Hydro,3.6,,,,
2008,KOR,Hydro,3.1,,,,
2009,KOR,Hydro,2.8,,,,
2010,KOR,Hydro,3.7,,,,
2011,KOR,Hydro,4.6,,,,
2012,KOR,Hydro,4,,,,
2013,KOR,Hydro,4.3,,,,
2014,KOR,Hydro,2.8,,,,
2015,KOR,Hydro,2.2,,,,
2016,KOR,Hydro,2.9,,,,
2017,KOR,Hydro,2.8,,,,
2018,KOR,Hydro,3.4,,,,
2019,KOR,Hydro,2.8,,,,
2020,KOR,Hydro,3.9,,,,
2021,KOR,Hydro,3.1,,,,
2022,KOR,Hydro,3.5,,,,
2023,KOR,Hydro,3.7,,,,
2024,KOR,Hydro,4.3,,,,
2025,KOR,Hydro,3.8,,,,
1985,KOR,Nuclear,17,,,,
1986,KOR,Nuclear,28,,,,
1987,KOR,Nuclear,39,,,,
1988,KOR,Nuclear,40,,,,
1989,KOR,Nuclear,47,,,,
1990,KOR,Nuclear,53,,,,
1991,KOR,Nuclear,56,,,,
1992,KOR,Nuclear,57,,,,
1993,KOR,Nuclear,58,,,,
1994,KOR,Nuclear,59,,,,
1995,KOR,Nuclear,67,,,,
1996,KOR,Nuclear,74,,,,
1997,KOR,Nuclear,77,,,,
1998,KOR,Nuclear,90,,,,
1999,KOR,Nuclear,100,,,,
2000,KOR,Nuclear,110,,,,
2001,KOR,Nuclear,110,,,,
2002,KOR,Nuclear,120,,,,
2003,KOR,Nuclear,130,,,,
2004,KOR,Nuclear,130,,,,
2005,KOR,Nuclear,150,,,,
2006,KOR,Nuclear,150,,,,
2007,KOR,Nuclear,140,,,,
2008,KOR,Nuclear,150,,,,
2009,KOR,Nuclear,150,,,,
2010,KOR,Nuclear,150,,,,
2011,KOR,Nuclear,150,,,,
2012,KOR,Nuclear,150,,,,
2013,KOR,Nuclear,140,,,,
2014,KOR,Nuclear,160,,,,
2015,KOR,Nuclear,160,,,,
2016,KOR,Nuclear,160,,,,
2017,KOR,Nuclear,150,,,,
2018,KOR,Nuclear,130,,,,
2019,KOR,Nuclear,150,,,,
2020,KOR,Nuclear,160,,,,
2021,KOR,Nuclear,160,,,,
2022,KOR,Nuclear,180,,,,
2023,KOR,Nuclear,180,,,,
2024,KOR,Nuclear,190,,,,
2025,KOR,Nuclear,180,,,,
1985,KOR,Solar,0,,,,
1986,KOR,Solar,0,,,,
1987,KOR,Solar,0,,,,
1988,KOR,Solar,0,,,,
1989,KOR,Solar,0,,,,
1990,KOR,Solar,0,,,,
1991,KOR,Solar,0,,,,
1992,KOR,Solar,0,,,,
1993,KOR,Solar,0,,,,
1994,KOR,Solar,0,,,,
1995,KOR,Solar,0,,,,
1996,KOR,Solar,0,,,,
1997,KOR,Solar,0,,,,
1998,KOR,Solar,0,,,,
1999,KOR,Solar,0,,,,
2000,KOR,Solar,0.01,,,,
2001,KOR,Solar,0.01,,,,
2002,KOR,Solar,0.01,,,,
2003,KOR,Solar,0.01,,,,
2004,KOR,Solar,0.01,,,,
2005,KOR,Solar,0.01,,,,
2006,KOR,Solar,0.03,,,,
2007,KOR,Solar,0.07,,,,
2008,KOR,Solar,0.28,,,,
2009,KOR,Solar,0.57,,,,
2010,KOR,Solar,0.77,,,,
2011,KOR,Solar,0.92,,,,
2012,KOR,Solar,1.1,,,,
2013,KOR,Solar,1.7,,,,
2014,KOR,Solar,2.7,,,,
2015,KOR,Solar,4.2,,,,
2016,KOR,Solar,5.5,,,,
2017,KOR,Solar,7.7,,,,
2018,KOR,Solar,10,,,,
2019,KOR,Solar,14,,,,
2020,KOR,Solar,19,,,,
2021,KOR,Solar,25,,,,
2022,KOR,Solar,31,,,,
2023,KOR,Solar,33,,,,
2024,KOR,Solar,33,,,,
2025,KOR,Solar,38,,,,
1985,KOR,Total,20,,,,
1986,KOR,Total,31,,,,
1987,KOR,Total,43,,,,
1988,KOR,Total,42,,,,
1989,KOR,Total,50,,,,
1990,KOR,Total,58,,,,
1991,KOR,Total,60,,,,
1992,KOR,Total,60,,,,
1993,KOR,Total,62,,,,
1994,KOR,Total,61,,,,
1995,KOR,Total,70,,,,
1996,KOR,Total,77,,,,
1997,KOR,Total,80,,,,
1998,KOR,Total,94,,,,
1999,KOR,Total,110,,,,
2000,KOR,Total,110,,,,
2001,KOR,Total,110,,,,
2002,KOR,Total,120,,,,
2003,KOR,Total,130,,,,
2004,KOR,Total,140,,,,
2005,KOR,Total,150,,,,
2006,KOR,Total,150,,,,
2007,KOR,Total,150,,,,
2008,KOR,Total,160,,,,
2009,KOR,Total,150,,,,
2010,KOR,Total,150,,,,
2011,KOR,Total,160,,,,
2012,KOR,Total,160,,,,
2013,KOR,Total,150,,,,
2014,KOR,Total,170,,,,
2015,KOR,Total,180,,,,
2016,KOR,Total,180,,,,
2017,KOR,Total,170,,,,
2018,KOR,Total,160,,,,
2019,KOR,Total,180,,,,
2020,KOR,Total,200,,,,
2021,KOR,Total,210,,,,
2022,KOR,Total,230,,,,
2023,KOR,Total,240,,,,
2024,KOR,Total,250,,,,
2025,KOR,Total,250,,,,
1985,KOR,Wind,0,,,,
1986,KOR,Wind,0,,,,
1987,KOR,Wind,0,,,,
1988,KOR,Wind,0,,,,
1989,KOR,Wind,0,,,,
1990,KOR,Wind,0,,,,
1991,KOR,Wind,0,,,,
1992,KOR,Wind,0,,,,
1993,KOR,Wind,0,,,,
1994,KOR,Wind,0,,,,
1995,KOR,Wind,0,,,,
1996,KOR,Wind,0,,,,
1997,KOR,Wind,0,,,,
1998,KOR,Wind,0,,,,
1999,KOR,Wind,0.01,,,,
2000,KOR,Wind,0.02,,,,
2001,KOR,Wind,0.01,,,,
2002,KOR,Wind,0.01,,,,
2003,KOR,Wind,0.02,,,,
2004,KOR,Wind,0.05,,,,
2005,KOR,Wind,0.13,,,,
2006,KOR,Wind,0.24,,,,
2007,KOR,Wind,0.38,,,,
2008,KOR,Wind,0.44,,,,
2009,KOR,Wind,0.69,,,,
2010,KOR,Wind,0.82,,,,
2011,KOR,Wind,0.86,,,,
2012,KOR,Wind,0.91,,,,
2013,KOR,Wind,1.2,,,,
2014,KOR,Wind,1.2,,,,
2015,KOR,Wind,1.3,,,,
2016,KOR,Wind,1.7,,,,
2017,KOR,Wind,2.2,,,,
2018,KOR,Wind,2.5,,,,
2019,KOR,Wind,2.7,,,,
2020,KOR,Wind,3.2,,,,
2021,KOR,Wind,3.2,,,,
2022,KOR,Wind,3.4,,,,
2023,KOR,Wind,3.4,,,,
2024,KOR,Wind,3.4,,,,
2025,KOR,Wind,3.6,,,,
2000,KWT,Hydro,0,,,,
2001,KWT,Hydro,0,,,,
2002,KWT,Hydro,0,,,,
2003,KWT,Hydro,0,,,,
2004,KWT,Hydro,0,,,,
2005,KWT,Hydro,0,,,,
2006,KWT,Hydro,0,,,,
2007,KWT,Hydro,0,,,,
2008,KWT,Hydro,0,,,,
2009,KWT,Hydro,0,,,,
2010,KWT,Hydro,0,,,,
2011,KWT,Hydro,0,,,,
2012,KWT,Hydro,0,,,,
2013,KWT,Hydro,0,,,,
2014,KWT,Hydro,0,,,,
2015,KWT,Hydro,0,,,,
2016,KWT,Hydro,0,,,,
2017,KWT,Hydro,0,,,,
2018,KWT,Hydro,0,,,,
2019,KWT,Hydro,0,,,,
2020,KWT,Hydro,0,,,,
2021,KWT,Hydro,0,,,,
2022,KWT,Hydro,0,,,,
2023,KWT,Hydro,0,,,,
2024,KWT,Hydro,0,,,,
2025,KWT,Hydro,0,,,,
2000,KWT,Nuclear,0,,,,
2001,KWT,Nuclear,0,,,,
2002,KWT,Nuclear,0,,,,
2003,KWT,Nuclear,0,,,,
2004,KWT,Nuclear,0,,,,
2005,KWT,Nuclear,0,,,,
2006,KWT,Nuclear,0,,,,
2007,KWT,Nuclear,0,,,,
2008,KWT,Nuclear,0,,,,
2009,KWT,Nuclear,0,,,,
2010,KWT,Nuclear,0,,,,
2011,KWT,Nuclear,0,,,,
2012,KWT,Nuclear,0,,,,
2013,KWT,Nuclear,0,,,,
2014,KWT,Nuclear,0,,,,
2015,KWT,Nuclear,0,,,,
2016,KWT,Nuclear,0,,,,
2017,KWT,Nuclear,0,,,,
2018,KWT,Nuclear,0,,,,
2019,KWT,Nuclear,0,,,,
2020,KWT,Nuclear,0,,,,
2021,KWT,Nuclear,0,,,,
2022,KWT,Nuclear,0,,,,
2023,KWT,Nuclear,0,,,,
2024,KWT,Nuclear,0,,,,
2025,KWT,Nuclear,0,,,,
2000,KWT,Other renewables,0,,,,
2001,KWT,Other renewables,0,,,,
2002,KWT,Other renewables,0,,,,
2003,KWT,Other renewables,0,,,,
2004,KWT,Other renewables,0,,,,
2005,KWT,Other renewables,0,,,,
2006,KWT,Other renewables,0,,,,
2007,KWT,Other renewables,0,,,,
2008,KWT,Other renewables,0,,,,
2009,KWT,Other renewables,0,,,,
2010,KWT,Other renewables,0,,,,
2011,KWT,Other renewables,0,,,,
2012,KWT,Other renewables,0,,,,
2013,KWT,Other renewables,0,,,,
2014,KWT,Other renewables,0,,,,
2015,KWT,Other renewables,0,,,,
2016,KWT,Other renewables,0,,,,
2017,KWT,Other renewables,0,,,,
2018,KWT,Other renewables,0,,,,
2019,KWT,Other renewables,0,,,,
2020,KWT,Other renewables,0,,,,
2021,KWT,Other renewables,0,,,,
2022,KWT,Other renewables,0,,,,
2023,KWT,Other renewables,0,,,,
2024,KWT,Other renewables,0,,,,
2025,KWT,Other renewables,0,,,,
2000,KWT,Solar,0,,,,
2001,KWT,Solar,0,,,,
2002,KWT,Solar,0,,,,
2003,KWT,Solar,0,,,,
2004,KWT,Solar,0,,,,
2005,KWT,Solar,0,,,,
2006,KWT,Solar,0,,,,
2007,KWT,Solar,0,,,,
2008,KWT,Solar,0,,,,
2009,KWT,Solar,0,,,,
2010,KWT,Solar,0,,,,
2011,KWT,Solar,0,,,,
2012,KWT,Solar,0,,,,
2013,KWT,Solar,0,,,,
2014,KWT,Solar,0,,,,
2015,KWT,Solar,0,,,,
2016,KWT,Solar,0.01,,,,
2017,KWT,Solar,0.01,,,,
2018,KWT,Solar,0.05,,,,
2019,KWT,Solar,0.06,,,,
2020,KWT,Solar,0.06,,,,
2021,KWT,Solar,0.14,,,,
2022,KWT,Solar,0.18,,,,
2023,KWT,Solar,0.19,,,,
2024,KWT,Solar,0.21,,,,
2025,KWT,Solar,0.21,,,,
2000,KWT,Total,0,,,,
2001,KWT,Total,0,,,,
2002,KWT,Total,0,,,,
2003,KWT,Total,0,,,,
2004,KWT,Total,0,,,,
2005,KWT,Total,0,,,,
2006,KWT,Total,0,,,,
2007,KWT,Total,0,,,,
2008,KWT,Total,0,,,,
2009,KWT,Total,0,,,,
2010,KWT,Total,0,,,,
2011,KWT,Total,0,,,,
2012,KWT,Total,0,,,,
2013,KWT,Total,0.01,,,,
2014,KWT,Total,0.01,,,,
2015,KWT,Total,0.01,,,,
2016,KWT,Total,0.02,,,,
2017,KWT,Total,0.04,,,,
2018,KWT,Total,0.09,,,,
2019,KWT,Total,0.1,,,,
2020,KWT,Total,0.09,,,,
2021,KWT,Total,0.21,,,,
2022,KWT,Total,1.9,,,,
2023,KWT,Total,1.9,,,,
2024,KWT,Total,2.1,,,,
2025,KWT,Total,2.1,,,,
2000,KWT,Wind,0,,,,
2001,KWT,Wind,0,,,,
2002,KWT,Wind,0,,,,
2003,KWT,Wind,0,,,,
2004,KWT,Wind,0,,,,
2005,KWT,Wind,0,,,,
2006,KWT,Wind,0,,,,
2007,KWT,Wind,0,,,,
2008,KWT,Wind,0,,,,
2009,KWT,Wind,0,,,,
2010,KWT,Wind,0,,,,
2011,KWT,Wind,0,,,,
2012,KWT,Wind,0,,,,
2013,KWT,Wind,0.01,,,,
2014,KWT,Wind,0.01,,,,
2015,KWT,Wind,0.01,,,,
2016,KWT,Wind,0.01,,,,
2017,KWT,Wind,0.03,,,,
2018,KWT,Wind,0.04,,,,
2019,KWT,Wind,0.04,,,,
2020,KWT,Wind,0.03,,,,
2021,KWT,Wind,0.07,,,,
2022,KWT,Wind,1.7,,,,
2023,KWT,Wind,1.7,,,,
2024,KWT,Wind,1.9,,,,
2025,KWT,Wind,1.9,,,,
2000,LAO,Hydro,3.3,,,,
2001,LAO,Hydro,3.3,,,,
2002,LAO,Hydro,3.2,,,,
2003,LAO,Hydro,2.8,,,,
2004,LAO,Hydro,3,,,,
2005,LAO,Hydro,3.5,,,,
2006,LAO,Hydro,3.6,,,,
2007,LAO,Hydro,3.4,,,,
2008,LAO,Hydro,3.7,,,,
2009,LAO,Hydro,3.4,,,,
2010,LAO,Hydro,8.4,,,,
2011,LAO,Hydro,13,,,,
2012,LAO,Hydro,13,,,,
2013,LAO,Hydro,15,,,,
2014,LAO,Hydro,15,,,,
2015,LAO,Hydro,14,,,,
2016,LAO,Hydro,18,,,,
2017,LAO,Hydro,20,,,,
2018,LAO,Hydro,22,,,,
2019,LAO,Hydro,20,,,,
2020,LAO,Hydro,29,,,,
2021,LAO,Hydro,33,,,,
2022,LAO,Hydro,39,,,,
2023,LAO,Hydro,40,,,,
2024,LAO,Hydro,40,,,,
2000,LAO,Nuclear,0,,,,
2001,LAO,Nuclear,0,,,,
2002,LAO,Nuclear,0,,,,
2003,LAO,Nuclear,0,,,,
2004,LAO,Nuclear,0,,,,
2005,LAO,Nuclear,0,,,,
2006,LAO,Nuclear,0,,,,
2007,LAO,Nuclear,0,,,,
2008,LAO,Nuclear,0,,,,
2009,LAO,Nuclear,0,,,,
2010,LAO,Nuclear,0,,,,
2011,LAO,Nuclear,0,,,,
2012,LAO,Nuclear,0,,,,
2013,LAO,Nuclear,0,,,,
2014,LAO,Nuclear,0,,,,
2015,LAO,Nuclear,0,,,,
2016,LAO,Nuclear,0,,,,
2017,LAO,Nuclear,0,,,,
2018,LAO,Nuclear,0,,,,
2019,LAO,Nuclear,0,,,,
2020,LAO,Nuclear,0,,,,
2021,LAO,Nuclear,0,,,,
2022,LAO,Nuclear,0,,,,
2023,LAO,Nuclear,0,,,,
2024,LAO,Nuclear,0,,,,
2000,LAO,Other renewables,0,,,,
2001,LAO,Other renewables,0,,,,
2002,LAO,Other renewables,0,,,,
2003,LAO,Other renewables,0,,,,
2004,LAO,Other renewables,0,,,,
2005,LAO,Other renewables,0,,,,
2006,LAO,Other renewables,0,,,,
2007,LAO,Other renewables,0,,,,
2008,LAO,Other renewables,0,,,,
2009,LAO,Other renewables,0,,,,
2010,LAO,Other renewables,0,,,,
2011,LAO,Other renewables,0,,,,
2012,LAO,Other renewables,0,,,,
2013,LAO,Other renewables,0,,,,
2014,LAO,Other renewables,0,,,,
2015,LAO,Other renewables,0,,,,
2016,LAO,Other renewables,0,,,,
2017,LAO,Other renewables,0,,,,
2018,LAO,Other renewables,0,,,,
2019,LAO,Other renewables,0,,,,
2020,LAO,Other renewables,0,,,,
2021,LAO,Other renewables,0,,,,
2022,LAO,Other renewables,0,,,,
2023,LAO,Other renewables,0,,,,
2024,LAO,Other renewables,0,,,,
2000,LAO,Solar,0,,,,
2001,LAO,Solar,0,,,,
2002,LAO,Solar,0,,,,
2003,LAO,Solar,0,,,,
2004,LAO,Solar,0,,,,
2005,LAO,Solar,0,,,,
2006,LAO,Solar,0,,,,
2007,LAO,Solar,0,,,,
2008,LAO,Solar,0,,,,
2009,LAO,Solar,0,,,,
2010,LAO,Solar,0,,,,
2011,LAO,Solar,0,,,,
2012,LAO,Solar,0,,,,
2013,LAO,Solar,0,,,,
2014,LAO,Solar,0,,,,
2015,LAO,Solar,0,,,,
2016,LAO,Solar,0,,,,
2017,LAO,Solar,0.01,,,,
2018,LAO,Solar,0.02,,,,
2019,LAO,Solar,0.04,,,,
2020,LAO,Solar,0.04,,,,
2021,LAO,Solar,0.07,,,,
2022,LAO,Solar,0.08,,,,
2023,LAO,Solar,0.08,,,,
2024,LAO,Solar,0.09,,,,
2000,LAO,Total,3.3,,,,
2001,LAO,Total,3.3,,,,
2002,LAO,Total,3.2,,,,
2003,LAO,Total,2.8,,,,
2004,LAO,Total,3,,,,
2005,LAO,Total,3.5,,,,
2006,LAO,Total,3.6,,,,
2007,LAO,Total,3.4,,,,
2008,LAO,Total,3.7,,,,
2009,LAO,Total,3.4,,,,
2010,LAO,Total,8.4,,,,
2011,LAO,Total,13,,,,
2012,LAO,Total,13,,,,
2013,LAO,Total,15,,,,
2014,LAO,Total,15,,,,
2015,LAO,Total,14,,,,
2016,LAO,Total,18,,,,
2017,LAO,Total,20,,,,
2018,LAO,Total,22,,,,
2019,LAO,Total,20,,,,
2020,LAO,Total,29,,,,
2021,LAO,Total,33,,,,
2022,LAO,Total,39,,,,
2023,LAO,Total,40,,,,
2024,LAO,Total,40,,,,
2000,LAO,Wind,0,,,,
2001,LAO,Wind,0,,,,
2002,LAO,Wind,0,,,,
2003,LAO,Wind,0,,,,
2004,LAO,Wind,0,,,,
2005,LAO,Wind,0,,,,
2006,LAO,Wind,0,,,,
2007,LAO,Wind,0,,,,
2008,LAO,Wind,0,,,,
2009,LAO,Wind,0,,,,
2010,LAO,Wind,0,,,,
2011,LAO,Wind,0,,,,
2012,LAO,Wind,0,,,,
2013,LAO,Wind,0,,,,
2014,LAO,Wind,0,,,,
2015,LAO,Wind,0,,,,
2016,LAO,Wind,0,,,,
2017,LAO,Wind,0,,,,
2018,LAO,Wind,0,,,,
2019,LAO,Wind,0,,,,
2020,LAO,Wind,0,,,,
2021,LAO,Wind,0,,,,
2022,LAO,Wind,0,,,,
2023,LAO,Wind,0,,,,
2024,LAO,Wind,0,,,,
2000,LBN,Hydro,0.44,,,,
2001,LBN,Hydro,0.33,,,,
2002,LBN,Hydro,0.67,,,,
2003,LBN,Hydro,1.4,,,,
2004,LBN,Hydro,1.1,,,,
2005,LBN,Hydro,1,,,,
2006,LBN,Hydro,0.69,,,,
2007,LBN,Hydro,0.58,,,,
2008,LBN,Hydro,0.37,,,,
2009,LBN,Hydro,0.62,,,,
2010,LBN,Hydro,0.83,,,,
2011,LBN,Hydro,0.8,,,,
2012,LBN,Hydro,1,,,,
2013,LBN,Hydro,1.3,,,,
2014,LBN,Hydro,0.19,,,,
2015,LBN,Hydro,0.47,,,,
2016,LBN,Hydro,0.38,,,,
2017,LBN,Hydro,0.41,,,,
2018,LBN,Hydro,0.34,,,,
2019,LBN,Hydro,0.96,,,,
2020,LBN,Hydro,1.1,,,,
2021,LBN,Hydro,0.61,,,,
2022,LBN,Hydro,0.69,,,,
2023,LBN,Hydro,0.7,,,,
2024,LBN,Hydro,0.7,,,,
2000,LBN,Nuclear,0,,,,
2001,LBN,Nuclear,0,,,,
2002,LBN,Nuclear,0,,,,
2003,LBN,Nuclear,0,,,,
2004,LBN,Nuclear,0,,,,
2005,LBN,Nuclear,0,,,,
2006,LBN,Nuclear,0,,,,
2007,LBN,Nuclear,0,,,,
2008,LBN,Nuclear,0,,,,
2009,LBN,Nuclear,0,,,,
2010,LBN,Nuclear,0,,,,
2011,LBN,Nuclear,0,,,,
2012,LBN,Nuclear,0,,,,
2013,LBN,Nuclear,0,,,,
2014,LBN,Nuclear,0,,,,
2015,LBN,Nuclear,0,,,,
2016,LBN,Nuclear,0,,,,
2017,LBN,Nuclear,0,,,,
2018,LBN,Nuclear,0,,,,
2019,LBN,Nuclear,0,,,,
2020,LBN,Nuclear,0,,,,
2021,LBN,Nuclear,0,,,,
2022,LBN,Nuclear,0,,,,
2023,LBN,Nuclear,0,,,,
2024,LBN,Nuclear,0,,,,
2000,LBN,Other renewables,0,,,,
2001,LBN,Other renewables,0,,,,
2002,LBN,Other renewables,0,,,,
2003,LBN,Other renewables,0,,,,
2004,LBN,Other renewables,0,,,,
2005,LBN,Other renewables,0,,,,
2006,LBN,Other renewables,0,,,,
2007,LBN,Other renewables,0,,,,
2008,LBN,Other renewables,0,,,,
2009,LBN,Other renewables,0,,,,
2010,LBN,Other renewables,0,,,,
2011,LBN,Other renewables,0,,,,
2012,LBN,Other renewables,0,,,,
2013,LBN,Other renewables,0,,,,
2014,LBN,Other renewables,0,,,,
2015,LBN,Other renewables,0,,,,
2016,LBN,Other renewables,0,,,,
2017,LBN,Other renewables,0,,,,
2018,LBN,Other renewables,0,,,,
2019,LBN,Other renewables,0,,,,
2020,LBN,Other renewables,0,,,,
2021,LBN,Other renewables,0,,,,
2022,LBN,Other renewables,0,,,,
2023,LBN,Other renewables,0,,,,
2024,LBN,Other renewables,0,,,,
2000,LBN,Solar,0,,,,
2001,LBN,Solar,0,,,,
2002,LBN,Solar,0,,,,
2003,LBN,Solar,0,,,,
2004,LBN,Solar,0,,,,
2005,LBN,Solar,0,,,,
2006,LBN,Solar,0,,,,
2007,LBN,Solar,0,,,,
2008,LBN,Solar,0,,,,
2009,LBN,Solar,0,,,,
2010,LBN,Solar,0,,,,
2011,LBN,Solar,0,,,,
2012,LBN,Solar,0,,,,
2013,LBN,Solar,0,,,,
2014,LBN,Solar,0.01,,,,
2015,LBN,Solar,0.02,,,,
2016,LBN,Solar,0.04,,,,
2017,LBN,Solar,0.06,,,,
2018,LBN,Solar,0.09,,,,
2019,LBN,Solar,0.12,,,,
2020,LBN,Solar,0.14,,,,
2021,LBN,Solar,0.31,,,,
2022,LBN,Solar,1.3,,,,
2023,LBN,Solar,1.4,,,,
2024,LBN,Solar,1.6,,,,
2000,LBN,Total,0.44,,,,
2001,LBN,Total,0.33,,,,
2002,LBN,Total,0.67,,,,
2003,LBN,Total,1.4,,,,
2004,LBN,Total,1.1,,,,
2005,LBN,Total,1,,,,
2006,LBN,Total,0.69,,,,
2007,LBN,Total,0.58,,,,
2008,LBN,Total,0.37,,,,
2009,LBN,Total,0.62,,,,
2010,LBN,Total,0.83,,,,
2011,LBN,Total,0.8,,,,
2012,LBN,Total,1,,,,
2013,LBN,Total,1.3,,,,
2014,LBN,Total,0.21,,,,
2015,LBN,Total,0.5,,,,
2016,LBN,Total,0.43,,,,
2017,LBN,Total,0.48,,,,
2018,LBN,Total,0.47,,,,
2019,LBN,Total,1.1,,,,
2020,LBN,Total,1.2,,,,
2021,LBN,Total,0.96,,,,
2022,LBN,Total,2,,,,
2023,LBN,Total,2.1,,,,
2024,LBN,Total,2.3,,,,
2000,LBN,Wind,0,,,,
2001,LBN,Wind,0,,,,
2002,LBN,Wind,0,,,,
2003,LBN,Wind,0,,,,
2004,LBN,Wind,0,,,,
2005,LBN,Wind,0,,,,
2006,LBN,Wind,0,,,,
2007,LBN,Wind,0,,,,
2008,LBN,Wind,0,,,,
2009,LBN,Wind,0,,,,
2010,LBN,Wind,0,,,,
2011,LBN,Wind,0,,,,
2012,LBN,Wind,0,,,,
2013,LBN,Wind,0,,,,
2014,LBN,Wind,0.01,,,,
2015,LBN,Wind,0.01,,,,
2016,LBN,Wind,0.01,,,,
2017,LBN,Wind,0.01,,,,
2018,LBN,Wind,0.01,,,,
2019,LBN,Wind,0.01,,,,
2020,LBN,Wind,0.01,,,,
2021,LBN,Wind,0.01,,,,
2022,LBN,Wind,0.01,,,,
2023,LBN,Wind,0.01,,,,
2024,LBN,Wind,0.01,,,,
2000,LBR,Hydro,0,,,,
2001,LBR,Hydro,0,,,,
2002,LBR,Hydro,0,,,,
2003,LBR,Hydro,0,,,,
2004,LBR,Hydro,0,,,,
2005,LBR,Hydro,0,,,,
2006,LBR,Hydro,0,,,,
2007,LBR,Hydro,0,,,,
2008,LBR,Hydro,0,,,,
2009,LBR,Hydro,0,,,,
2010,LBR,Hydro,0,,,,
2011,LBR,Hydro,0,,,,
2012,LBR,Hydro,0,,,,
2013,LBR,Hydro,0,,,,
2014,LBR,Hydro,0,,,,
2015,LBR,Hydro,0,,,,
2016,LBR,Hydro,0,,,,
2017,LBR,Hydro,0,,,,
2018,LBR,Hydro,0.13,,,,
2019,LBR,Hydro,0.13,,,,
2020,LBR,Hydro,0.13,,,,
2021,LBR,Hydro,0.13,,,,
2022,LBR,Hydro,0.13,,,,
2023,LBR,Hydro,0.35,,,,
2024,LBR,Hydro,0.3,,,,
2000,LBR,Nuclear,0,,,,
2001,LBR,Nuclear,0,,,,
2002,LBR,Nuclear,0,,,,
2003,LBR,Nuclear,0,,,,
2004,LBR,Nuclear,0,,,,
2005,LBR,Nuclear,0,,,,
2006,LBR,Nuclear,0,,,,
2007,LBR,Nuclear,0,,,,
2008,LBR,Nuclear,0,,,,
2009,LBR,Nuclear,0,,,,
2010,LBR,Nuclear,0,,,,
2011,LBR,Nuclear,0,,,,
2012,LBR,Nuclear,0,,,,
2013,LBR,Nuclear,0,,,,
2014,LBR,Nuclear,0,,,,
2015,LBR,Nuclear,0,,,,
2016,LBR,Nuclear,0,,,,
2017,LBR,Nuclear,0,,,,
2018,LBR,Nuclear,0,,,,
2019,LBR,Nuclear,0,,,,
2020,LBR,Nuclear,0,,,,
2021,LBR,Nuclear,0,,,,
2022,LBR,Nuclear,0,,,,
2023,LBR,Nuclear,0,,,,
2024,LBR,Nuclear,0,,,,
2000,LBR,Other renewables,0,,,,
2001,LBR,Other renewables,0,,,,
2002,LBR,Other renewables,0,,,,
2003,LBR,Other renewables,0,,,,
2004,LBR,Other renewables,0,,,,
2005,LBR,Other renewables,0,,,,
2006,LBR,Other renewables,0,,,,
2007,LBR,Other renewables,0,,,,
2008,LBR,Other renewables,0,,,,
2009,LBR,Other renewables,0,,,,
2010,LBR,Other renewables,0,,,,
2011,LBR,Other renewables,0,,,,
2012,LBR,Other renewables,0,,,,
2013,LBR,Other renewables,0,,,,
2014,LBR,Other renewables,0,,,,
2015,LBR,Other renewables,0,,,,
2016,LBR,Other renewables,0,,,,
2017,LBR,Other renewables,0,,,,
2018,LBR,Other renewables,0,,,,
2019,LBR,Other renewables,0,,,,
2020,LBR,Other renewables,0,,,,
2021,LBR,Other renewables,0,,,,
2022,LBR,Other renewables,0,,,,
2023,LBR,Other renewables,0,,,,
2024,LBR,Other renewables,0,,,,
2000,LBR,Solar,0,,,,
2001,LBR,Solar,0,,,,
2002,LBR,Solar,0,,,,
2003,LBR,Solar,0,,,,
2004,LBR,Solar,0,,,,
2005,LBR,Solar,0,,,,
2006,LBR,Solar,0,,,,
2007,LBR,Solar,0,,,,
2008,LBR,Solar,0,,,,
2009,LBR,Solar,0,,,,
2010,LBR,Solar,0,,,,
2011,LBR,Solar,0,,,,
2012,LBR,Solar,0,,,,
2013,LBR,Solar,0,,,,
2014,LBR,Solar,0,,,,
2015,LBR,Solar,0,,,,
2016,LBR,Solar,0,,,,
2017,LBR,Solar,0,,,,
2018,LBR,Solar,0,,,,
2019,LBR,Solar,0,,,,
2020,LBR,Solar,0,,,,
2021,LBR,Solar,0,,,,
2022,LBR,Solar,0,,,,
2023,LBR,Solar,0,,,,
2024,LBR,Solar,0.01,,,,
2000,LBR,Total,0,,,,
2001,LBR,Total,0,,,,
2002,LBR,Total,0,,,,
2003,LBR,Total,0,,,,
2004,LBR,Total,0,,,,
2005,LBR,Total,0,,,,
2006,LBR,Total,0,,,,
2007,LBR,Total,0,,,,
2008,LBR,Total,0,,,,
2009,LBR,Total,0,,,,
2010,LBR,Total,0,,,,
2011,LBR,Total,0,,,,
2012,LBR,Total,0,,,,
2013,LBR,Total,0,,,,
2014,LBR,Total,0,,,,
2015,LBR,Total,0,,,,
2016,LBR,Total,0,,,,
2017,LBR,Total,0,,,,
2018,LBR,Total,0.13,,,,
2019,LBR,Total,0.13,,,,
2020,LBR,Total,0.13,,,,
2021,LBR,Total,0.13,,,,
2022,LBR,Total,0.13,,,,
2023,LBR,Total,0.35,,,,
2024,LBR,Total,0.31,,,,
2000,LBR,Wind,0,,,,
2001,LBR,Wind,0,,,,
2002,LBR,Wind,0,,,,
2003,LBR,Wind,0,,,,
2004,LBR,Wind,0,,,,
2005,LBR,Wind,0,,,,
2006,LBR,Wind,0,,,,
2007,LBR,Wind,0,,,,
2008,LBR,Wind,0,,,,
2009,LBR,Wind,0,,,,
2010,LBR,Wind,0,,,,
2011,LBR,Wind,0,,,,
2012,LBR,Wind,0,,,,
2013,LBR,Wind,0,,,,
2014,LBR,Wind,0,,,,
2015,LBR,Wind,0,,,,
2016,LBR,Wind,0,,,,
2017,LBR,Wind,0,,,,
2018,LBR,Wind,0,,,,
2019,LBR,Wind,0,,,,
2020,LBR,Wind,0,,,,
2021,LBR,Wind,0,,,,
2022,LBR,Wind,0,,,,
2023,LBR,Wind,0,,,,
2024,LBR,Wind,0,,,,
2000,LBY,Hydro,0,,,,
2001,LBY,Hydro,0,,,,
2002,LBY,Hydro,0,,,,
2003,LBY,Hydro,0,,,,
2004,LBY,Hydro,0,,,,
2005,LBY,Hydro,0,,,,
2006,LBY,Hydro,0,,,,
2007,LBY,Hydro,0,,,,
2008,LBY,Hydro,0,,,,
2009,LBY,Hydro,0,,,,
2010,LBY,Hydro,0,,,,
2011,LBY,Hydro,0,,,,
2012,LBY,Hydro,0,,,,
2013,LBY,Hydro,0,,,,
2014,LBY,Hydro,0,,,,
2015,LBY,Hydro,0,,,,
2016,LBY,Hydro,0,,,,
2017,LBY,Hydro,0,,,,
2018,LBY,Hydro,0,,,,
2019,LBY,Hydro,0,,,,
2020,LBY,Hydro,0,,,,
2021,LBY,Hydro,0,,,,
2022,LBY,Hydro,0,,,,
2023,LBY,Hydro,0,,,,
2024,LBY,Hydro,0,,,,
2000,LBY,Nuclear,0,,,,
2001,LBY,Nuclear,0,,,,
2002,LBY,Nuclear,0,,,,
2003,LBY,Nuclear,0,,,,
2004,LBY,Nuclear,0,,,,
2005,LBY,Nuclear,0,,,,
2006,LBY,Nuclear,0,,,,
2007,LBY,Nuclear,0,,,,
2008,LBY,Nuclear,0,,,,
2009,LBY,Nuclear,0,,,,
2010,LBY,Nuclear,0,,,,
2011,LBY,Nuclear,0,,,,
2012,LBY,Nuclear,0,,,,
2013,LBY,Nuclear,0,,,,
2014,LBY,Nuclear,0,,,,
2015,LBY,Nuclear,0,,,,
2016,LBY,Nuclear,0,,,,
2017,LBY,Nuclear,0,,,,
2018,LBY,Nuclear,0,,,,
2019,LBY,Nuclear,0,,,,
2020,LBY,Nuclear,0,,,,
2021,LBY,Nuclear,0,,,,
2022,LBY,Nuclear,0,,,,
2023,LBY,Nuclear,0,,,,
2024,LBY,Nuclear,0,,,,
2000,LBY,Other renewables,0,,,,
2001,LBY,Other renewables,0,,,,
2002,LBY,Other renewables,0,,,,
2003,LBY,Other renewables,0,,,,
2004,LBY,Other renewables,0,,,,
2005,LBY,Other renewables,0,,,,
2006,LBY,Other renewables,0,,,,
2007,LBY,Other renewables,0,,,,
2008,LBY,Other renewables,0,,,,
2009,LBY,Other renewables,0,,,,
2010,LBY,Other renewables,0,,,,
2011,LBY,Other renewables,0,,,,
2012,LBY,Other renewables,0,,,,
2013,LBY,Other renewables,0,,,,
2014,LBY,Other renewables,0,,,,
2015,LBY,Other renewables,0,,,,
2016,LBY,Other renewables,0,,,,
2017,LBY,Other renewables,0,,,,
2018,LBY,Other renewables,0,,,,
2019,LBY,Other renewables,0,,,,
2020,LBY,Other renewables,0,,,,
2021,LBY,Other renewables,0,,,,
2022,LBY,Other renewables,0,,,,
2023,LBY,Other renewables,0,,,,
2024,LBY,Other renewables,0,,,,
2000,LBY,Solar,0,,,,
2001,LBY,Solar,0,,,,
2002,LBY,Solar,0,,,,
2003,LBY,Solar,0,,,,
2004,LBY,Solar,0,,,,
2005,LBY,Solar,0,,,,
2006,LBY,Solar,0,,,,
2007,LBY,Solar,0,,,,
2008,LBY,Solar,0,,,,
2009,LBY,Solar,0,,,,
2010,LBY,Solar,0.01,,,,
2011,LBY,Solar,0.01,,,,
2012,LBY,Solar,0.01,,,,
2013,LBY,Solar,0.01,,,,
2014,LBY,Solar,0.01,,,,
2015,LBY,Solar,0.01,,,,
2016,LBY,Solar,0.01,,,,
2017,LBY,Solar,0.01,,,,
2018,LBY,Solar,0.01,,,,
2019,LBY,Solar,0.01,,,,
2020,LBY,Solar,0.01,,,,
2021,LBY,Solar,0.01,,,,
2022,LBY,Solar,0.01,,,,
2023,LBY,Solar,0.01,,,,
2024,LBY,Solar,0.01,,,,
2000,LBY,Total,0,,,,
2001,LBY,Total,0,,,,
2002,LBY,Total,0,,,,
2003,LBY,Total,0,,,,
2004,LBY,Total,0,,,,
2005,LBY,Total,0,,,,
2006,LBY,Total,0,,,,
2007,LBY,Total,0,,,,
2008,LBY,Total,0,,,,
2009,LBY,Total,0,,,,
2010,LBY,Total,0.01,,,,
2011,LBY,Total,0.01,,,,
2012,LBY,Total,0.01,,,,
2013,LBY,Total,0.01,,,,
2014,LBY,Total,0.01,,,,
2015,LBY,Total,0.01,,,,
2016,LBY,Total,0.01,,,,
2017,LBY,Total,0.01,,,,
2018,LBY,Total,0.01,,,,
2019,LBY,Total,0.01,,,,
2020,LBY,Total,0.01,,,,
2021,LBY,Total,0.01,,,,
2022,LBY,Total,0.01,,,,
2023,LBY,Total,0.01,,,,
2024,LBY,Total,0.01,,,,
2000,LBY,Wind,0,,,,
2001,LBY,Wind,0,,,,
2002,LBY,Wind,0,,,,
2003,LBY,Wind,0,,,,
2004,LBY,Wind,0,,,,
2005,LBY,Wind,0,,,,
2006,LBY,Wind,0,,,,
2007,LBY,Wind,0,,,,
2008,LBY,Wind,0,,,,
2009,LBY,Wind,0,,,,
2010,LBY,Wind,0,,,,
2011,LBY,Wind,0,,,,
2012,LBY,Wind,0,,,,
2013,LBY,Wind,0,,,,
2014,LBY,Wind,0,,,,
2015,LBY,Wind,0,,,,
2016,LBY,Wind,0,,,,
2017,LBY,Wind,0,,,,
2018,LBY,Wind,0,,,,
2019,LBY,Wind,0,,,,
2020,LBY,Wind,0,,,,
2021,LBY,Wind,0,,,,
2022,LBY,Wind,0,,,,
2023,LBY,Wind,0,,,,
2024,LBY,Wind,0,,,,
2000,LCA,Hydro,0,,,,
2001,LCA,Hydro,0,,,,
2002,LCA,Hydro,0,,,,
2003,LCA,Hydro,0,,,,
2004,LCA,Hydro,0,,,,
2005,LCA,Hydro,0,,,,
2006,LCA,Hydro,0,,,,
2007,LCA,Hydro,0,,,,
2008,LCA,Hydro,0,,,,
2009,LCA,Hydro,0,,,,
2010,LCA,Hydro,0,,,,
2011,LCA,Hydro,0,,,,
2012,LCA,Hydro,0,,,,
2013,LCA,Hydro,0,,,,
2014,LCA,Hydro,0,,,,
2015,LCA,Hydro,0,,,,
2016,LCA,Hydro,0,,,,
2017,LCA,Hydro,0,,,,
2018,LCA,Hydro,0,,,,
2019,LCA,Hydro,0,,,,
2020,LCA,Hydro,0,,,,
2021,LCA,Hydro,0,,,,
2022,LCA,Hydro,0,,,,
2023,LCA,Hydro,0,,,,
2024,LCA,Hydro,0,,,,
2000,LCA,Nuclear,0,,,,
2001,LCA,Nuclear,0,,,,
2002,LCA,Nuclear,0,,,,
2003,LCA,Nuclear,0,,,,
2004,LCA,Nuclear,0,,,,
2005,LCA,Nuclear,0,,,,
2006,LCA,Nuclear,0,,,,
2007,LCA,Nuclear,0,,,,
2008,LCA,Nuclear,0,,,,
2009,LCA,Nuclear,0,,,,
2010,LCA,Nuclear,0,,,,
2011,LCA,Nuclear,0,,,,
2012,LCA,Nuclear,0,,,,
2013,LCA,Nuclear,0,,,,
2014,LCA,Nuclear,0,,,,
2015,LCA,Nuclear,0,,,,
2016,LCA,Nuclear,0,,,,
2017,LCA,Nuclear,0,,,,
2018,LCA,Nuclear,0,,,,
2019,LCA,Nuclear,0,,,,
2020,LCA,Nuclear,0,,,,
2021,LCA,Nuclear,0,,,,
2022,LCA,Nuclear,0,,,,
2023,LCA,Nuclear,0,,,,
2024,LCA,Nuclear,0,,,,
2000,LCA,Other renewables,0,,,,
2001,LCA,Other renewables,0,,,,
2002,LCA,Other renewables,0,,,,
2003,LCA,Other renewables,0,,,,
2004,LCA,Other renewables,0,,,,
2005,LCA,Other renewables,0,,,,
2006,LCA,Other renewables,0,,,,
2007,LCA,Other renewables,0,,,,
2008,LCA,Other renewables,0,,,,
2009,LCA,Other renewables,0,,,,
2010,LCA,Other renewables,0,,,,
2011,LCA,Other renewables,0,,,,
2012,LCA,Other renewables,0,,,,
2013,LCA,Other renewables,0,,,,
2014,LCA,Other renewables,0,,,,
2015,LCA,Other renewables,0,,,,
2016,LCA,Other renewables,0,,,,
2017,LCA,Other renewables,0,,,,
2018,LCA,Other renewables,0,,,,
2019,LCA,Other renewables,0,,,,
2020,LCA,Other renewables,0,,,,
2021,LCA,Other renewables,0,,,,
2022,LCA,Other renewables,0,,,,
2023,LCA,Other renewables,0,,,,
2024,LCA,Other renewables,0,,,,
2000,LCA,Solar,0,,,,
2001,LCA,Solar,0,,,,
2002,LCA,Solar,0,,,,
2003,LCA,Solar,0,,,,
2004,LCA,Solar,0,,,,
2005,LCA,Solar,0,,,,
2006,LCA,Solar,0,,,,
2007,LCA,Solar,0,,,,
2008,LCA,Solar,0,,,,
2009,LCA,Solar,0,,,,
2010,LCA,Solar,0,,,,
2011,LCA,Solar,0,,,,
2012,LCA,Solar,0,,,,
2013,LCA,Solar,0,,,,
2014,LCA,Solar,0,,,,
2015,LCA,Solar,0,,,,
2016,LCA,Solar,0,,,,
2017,LCA,Solar,0,,,,
2018,LCA,Solar,0.01,,,,
2019,LCA,Solar,0.01,,,,
2020,LCA,Solar,0.01,,,,
2021,LCA,Solar,0.01,,,,
2022,LCA,Solar,0.01,,,,
2023,LCA,Solar,0.01,,,,
2024,LCA,Solar,0.01,,,,
2000,LCA,Total,0,,,,
2001,LCA,Total,0,,,,
2002,LCA,Total,0,,,,
2003,LCA,Total,0,,,,
2004,LCA,Total,0,,,,
2005,LCA,Total,0,,,,
2006,LCA,Total,0,,,,
2007,LCA,Total,0,,,,
2008,LCA,Total,0,,,,
2009,LCA,Total,0,,,,
2010,LCA,Total,0,,,,
2011,LCA,Total,0,,,,
2012,LCA,Total,0,,,,
2013,LCA,Total,0,,,,
2014,LCA,Total,0,,,,
2015,LCA,Total,0,,,,
2016,LCA,Total,0,,,,
2017,LCA,Total,0,,,,
2018,LCA,Total,0.01,,,,
2019,LCA,Total,0.01,,,,
2020,LCA,Total,0.01,,,,
2021,LCA,Total,0.01,,,,
2022,LCA,Total,0.01,,,,
2023,LCA,Total,0.01,,,,
2024,LCA,Total,0.01,,,,
2000,LCA,Wind,0,,,,
2001,LCA,Wind,0,,,,
2002,LCA,Wind,0,,,,
2003,LCA,Wind,0,,,,
2004,LCA,Wind,0,,,,
2005,LCA,Wind,0,,,,
2006,LCA,Wind,0,,,,
2007,LCA,Wind,0,,,,
2008,LCA,Wind,0,,,,
2009,LCA,Wind,0,,,,
2010,LCA,Wind,0,,,,
2011,LCA,Wind,0,,,,
2012,LCA,Wind,0,,,,
2013,LCA,Wind,0,,,,
2014,LCA,Wind,0,,,,
2015,LCA,Wind,0,,,,
2016,LCA,Wind,0,,,,
2017,LCA,Wind,0,,,,
2018,LCA,Wind,0,,,,
2019,LCA,Wind,0,,,,
2020,LCA,Wind,0,,,,
2021,LCA,Wind,0,,,,
2022,LCA,Wind,0,,,,
2023,LCA,Wind,0,,,,
2024,LCA,Wind,0,,,,
2000,LKA,Hydro,3.2,,,,
2001,LKA,Hydro,3.1,,,,
2002,LKA,Hydro,2.7,,,,
2003,LKA,Hydro,3.3,,,,
2004,LKA,Hydro,3,,,,
2005,LKA,Hydro,3.5,,,,
2006,LKA,Hydro,4.6,,,,
2007,LKA,Hydro,4,,,,
2008,LKA,Hydro,4.1,,,,
2009,LKA,Hydro,3.9,,,,
2010,LKA,Hydro,5.6,,,,
2011,LKA,Hydro,4.6,,,,
2012,LKA,Hydro,3.3,,,,
2013,LKA,Hydro,6.9,,,,
2014,LKA,Hydro,4.6,,,,
2015,LKA,Hydro,6,,,,
2016,LKA,Hydro,4.3,,,,
2017,LKA,Hydro,4,,,,
2018,LKA,Hydro,6.4,,,,
2019,LKA,Hydro,4.8,,,,
2020,LKA,Hydro,5,,,,
2021,LKA,Hydro,7.2,,,,
2022,LKA,Hydro,6.8,,,,
2023,LKA,Hydro,6,,,,
2024,LKA,Hydro,7,,,,
2025,LKA,Hydro,6.5,,,,
2020,LKA,Other renewables,0,,,,
2021,LKA,Other renewables,0.04,,,,
2022,LKA,Other renewables,0.03,,,,
2023,LKA,Other renewables,0.04,,,,
2024,LKA,Other renewables,0.04,,,,
2025,LKA,Other renewables,0.04,,,,
2000,LKA,Solar,0,,,,
2001,LKA,Solar,0,,,,
2002,LKA,Solar,0,,,,
2003,LKA,Solar,0,,,,
2004,LKA,Solar,0,,,,
2005,LKA,Solar,0.01,,,,
2006,LKA,Solar,0.01,,,,
2007,LKA,Solar,0.01,,,,
2008,LKA,Solar,0.01,,,,
2009,LKA,Solar,0.01,,,,
2010,LKA,Solar,0.01,,,,
2011,LKA,Solar,0.01,,,,
2012,LKA,Solar,0.01,,,,
2013,LKA,Solar,0.02,,,,
2014,LKA,Solar,0.03,,,,
2015,LKA,Solar,0.04,,,,
2016,LKA,Solar,0.05,,,,
2017,LKA,Solar,0.15,,,,
2018,LKA,Solar,0.22,,,,
2019,LKA,Solar,0.34,,,,
2020,LKA,Solar,0.46,,,,
2021,LKA,Solar,0.64,,,,
2022,LKA,Solar,0.84,,,,
2023,LKA,Solar,1,,,,
2024,LKA,Solar,1.2,,,,
2025,LKA,Solar,2,,,,
2000,LKA,Total,3.2,,,,
2001,LKA,Total,3.1,,,,
2002,LKA,Total,2.7,,,,
2003,LKA,Total,3.3,,,,
2004,LKA,Total,3,,,,
2005,LKA,Total,3.5,,,,
2006,LKA,Total,4.7,,,,
2007,LKA,Total,4,,,,
2008,LKA,Total,4.2,,,,
2009,LKA,Total,3.9,,,,
2010,LKA,Total,5.7,,,,
2011,LKA,Total,4.8,,,,
2012,LKA,Total,3.5,,,,
2013,LKA,Total,7.2,,,,
2014,LKA,Total,4.9,,,,
2015,LKA,Total,6.4,,,,
2016,LKA,Total,4.7,,,,
2017,LKA,Total,4.6,,,,
2018,LKA,Total,7.1,,,,
2019,LKA,Total,5.6,,,,
2020,LKA,Total,5.9,,,,
2021,LKA,Total,8.7,,,,
2022,LKA,Total,8.4,,,,
2023,LKA,Total,8,,,,
2024,LKA,Total,9.3,,,,
2025,LKA,Total,9.7,,,,
2000,LKA,Wind,0,,,,
2001,LKA,Wind,0,,,,
2002,LKA,Wind,0,,,,
2003,LKA,Wind,0,,,,
2004,LKA,Wind,0,,,,
2005,LKA,Wind,0,,,,
2006,LKA,Wind,0,,,,
2007,LKA,Wind,0,,,,
2008,LKA,Wind,0,,,,
2009,LKA,Wind,0,,,,
2010,LKA,Wind,0.05,,,,
2011,LKA,Wind,0.09,,,,
2012,LKA,Wind,0.14,,,,
2013,LKA,Wind,0.23,,,,
2014,LKA,Wind,0.27,,,,
2015,LKA,Wind,0.34,,,,
2016,LKA,Wind,0.35,,,,
2017,LKA,Wind,0.37,,,,
2018,LKA,Wind,0.33,,,,
2019,LKA,Wind,0.35,,,,
2020,LKA,Wind,0.33,,,,
2021,LKA,Wind,0.65,,,,
2022,LKA,Wind,0.74,,,,
2023,LKA,Wind,0.82,,,,
2024,LKA,Wind,0.87,,,,
2025,LKA,Wind,0.93,,,,
2000,LSO,Hydro,0.29,,,,
2001,LSO,Hydro,0.28,,,,
2002,LSO,Hydro,0.31,,,,
2003,LSO,Hydro,0.32,,,,
2004,LSO,Hydro,0.3,,,,
2005,LSO,Hydro,0.46,,,,
2006,LSO,Hydro,0.52,,,,
2007,LSO,Hydro,0.55,,,,
2008,LSO,Hydro,0.58,,,,
2009,LSO,Hydro,0.65,,,,
2010,LSO,Hydro,0.69,,,,
2011,LSO,Hydro,0.49,,,,
2012,LSO,Hydro,0.49,,,,
2013,LSO,Hydro,0.51,,,,
2014,LSO,Hydro,0.52,,,,
2015,LSO,Hydro,0.53,,,,
2016,LSO,Hydro,0.52,,,,
2017,LSO,Hydro,0.54,,,,
2018,LSO,Hydro,0.52,,,,
2019,LSO,Hydro,0.39,,,,
2020,LSO,Hydro,0.43,,,,
2021,LSO,Hydro,0.53,,,,
2022,LSO,Hydro,0.48,,,,
2023,LSO,Hydro,0,,,,
2024,LSO,Hydro,0,,,,
2000,LSO,Nuclear,0,,,,
2001,LSO,Nuclear,0,,,,
2002,LSO,Nuclear,0,,,,
2003,LSO,Nuclear,0,,,,
2004,LSO,Nuclear,0,,,,
2005,LSO,Nuclear,0,,,,
2006,LSO,Nuclear,0,,,,
2007,LSO,Nuclear,0,,,,
2008,LSO,Nuclear,0,,,,
2009,LSO,Nuclear,0,,,,
2010,LSO,Nuclear,0,,,,
2011,LSO,Nuclear,0,,,,
2012,LSO,Nuclear,0,,,,
2013,LSO,Nuclear,0,,,,
2014,LSO,Nuclear,0,,,,
2015,LSO,Nuclear,0,,,,
2016,LSO,Nuclear,0,,,,
2017,LSO,Nuclear,0,,,,
2018,LSO,Nuclear,0,,,,
2019,LSO,Nuclear,0,,,,
2020,LSO,Nuclear,0,,,,
2021,LSO,Nuclear,0,,,,
2022,LSO,Nuclear,0,,,,
2023,LSO,Nuclear,0,,,,
2024,LSO,Nuclear,0,,,,
2000,LSO,Other renewables,0,,,,
2001,LSO,Other renewables,0,,,,
2002,LSO,Other renewables,0,,,,
2003,LSO,Other renewables,0,,,,
2004,LSO,Other renewables,0,,,,
2005,LSO,Other renewables,0,,,,
2006,LSO,Other renewables,0,,,,
2007,LSO,Other renewables,0,,,,
2008,LSO,Other renewables,0,,,,
2009,LSO,Other renewables,0,,,,
2010,LSO,Other renewables,0,,,,
2011,LSO,Other renewables,0,,,,
2012,LSO,Other renewables,0,,,,
2013,LSO,Other renewables,0,,,,
2014,LSO,Other renewables,0,,,,
2015,LSO,Other renewables,0,,,,
2016,LSO,Other renewables,0,,,,
2017,LSO,Other renewables,0,,,,
2018,LSO,Other renewables,0,,,,
2019,LSO,Other renewables,0,,,,
2020,LSO,Other renewables,0,,,,
2021,LSO,Other renewables,0,,,,
2022,LSO,Other renewables,0,,,,
2023,LSO,Other renewables,0,,,,
2024,LSO,Other renewables,0,,,,
2000,LSO,Solar,0,,,,
2001,LSO,Solar,0,,,,
2002,LSO,Solar,0,,,,
2003,LSO,Solar,0,,,,
2004,LSO,Solar,0,,,,
2005,LSO,Solar,0,,,,
2006,LSO,Solar,0,,,,
2007,LSO,Solar,0,,,,
2008,LSO,Solar,0,,,,
2009,LSO,Solar,0,,,,
2010,LSO,Solar,0,,,,
2011,LSO,Solar,0,,,,
2012,LSO,Solar,0,,,,
2013,LSO,Solar,0,,,,
2014,LSO,Solar,0,,,,
2015,LSO,Solar,0,,,,
2016,LSO,Solar,0,,,,
2017,LSO,Solar,0,,,,
2018,LSO,Solar,0,,,,
2019,LSO,Solar,0,,,,
2020,LSO,Solar,0,,,,
2021,LSO,Solar,0,,,,
2022,LSO,Solar,0,,,,
2023,LSO,Solar,0,,,,
2024,LSO,Solar,0,,,,
2000,LSO,Total,0.29,,,,
2001,LSO,Total,0.28,,,,
2002,LSO,Total,0.31,,,,
2003,LSO,Total,0.32,,,,
2004,LSO,Total,0.3,,,,
2005,LSO,Total,0.46,,,,
2006,LSO,Total,0.52,,,,
2007,LSO,Total,0.55,,,,
2008,LSO,Total,0.58,,,,
2009,LSO,Total,0.65,,,,
2010,LSO,Total,0.69,,,,
2011,LSO,Total,0.49,,,,
2012,LSO,Total,0.49,,,,
2013,LSO,Total,0.51,,,,
2014,LSO,Total,0.52,,,,
2015,LSO,Total,0.53,,,,
2016,LSO,Total,0.52,,,,
2017,LSO,Total,0.54,,,,
2018,LSO,Total,0.52,,,,
2019,LSO,Total,0.39,,,,
2020,LSO,Total,0.43,,,,
2021,LSO,Total,0.53,,,,
2022,LSO,Total,0.48,,,,
2023,LSO,Total,0,,,,
2024,LSO,Total,0,,,,
2000,LSO,Wind,0,,,,
2001,LSO,Wind,0,,,,
2002,LSO,Wind,0,,,,
2003,LSO,Wind,0,,,,
2004,LSO,Wind,0,,,,
2005,LSO,Wind,0,,,,
2006,LSO,Wind,0,,,,
2007,LSO,Wind,0,,,,
2008,LSO,Wind,0,,,,
2009,LSO,Wind,0,,,,
2010,LSO,Wind,0,,,,
2011,LSO,Wind,0,,,,
2012,LSO,Wind,0,,,,
2013,LSO,Wind,0,,,,
2014,LSO,Wind,0,,,,
2015,LSO,Wind,0,,,,
2016,LSO,Wind,0,,,,
2017,LSO,Wind,0,,,,
2018,LSO,Wind,0,,,,
2019,LSO,Wind,0,,,,
2020,LSO,Wind,0,,,,
2021,LSO,Wind,0,,,,
2022,LSO,Wind,0,,,,
2023,LSO,Wind,0,,,,
2024,LSO,Wind,0,,,,
1990,LTU,Hydro,0.41,,,,
1991,LTU,Hydro,0.34,,,,
1992,LTU,Hydro,0.31,,,,
1993,LTU,Hydro,0.39,,,,
1994,LTU,Hydro,0.45,,,,
1995,LTU,Hydro,0.37,,,,
1996,LTU,Hydro,0.33,,,,
1997,LTU,Hydro,0.3,,,,
1998,LTU,Hydro,0.42,,,,
1999,LTU,Hydro,0.41,,,,
2000,LTU,Hydro,0.34,,,,
2001,LTU,Hydro,0.33,,,,
2002,LTU,Hydro,0.35,,,,
2003,LTU,Hydro,0.32,,,,
2004,LTU,Hydro,0.42,,,,
2005,LTU,Hydro,0.45,,,,
2006,LTU,Hydro,0.4,,,,
2007,LTU,Hydro,0.42,,,,
2008,LTU,Hydro,0.4,,,,
2009,LTU,Hydro,0.42,,,,
2010,LTU,Hydro,0.54,,,,
2011,LTU,Hydro,0.48,,,,
2012,LTU,Hydro,0.42,,,,
2013,LTU,Hydro,0.52,,,,
2014,LTU,Hydro,0.4,,,,
2015,LTU,Hydro,0.35,,,,
2016,LTU,Hydro,0.45,,,,
2017,LTU,Hydro,0.6,,,,
2018,LTU,Hydro,0.43,,,,
2019,LTU,Hydro,0.35,,,,
2020,LTU,Hydro,0.3,,,,
2021,LTU,Hydro,0.38,,,,
2022,LTU,Hydro,0.46,,,,
2023,LTU,Hydro,0.45,,,,
2024,LTU,Hydro,0.44,,,,
2025,LTU,Hydro,0.35,,,,
1990,LTU,Nuclear,17,,,,
1991,LTU,Nuclear,17,,,,
1992,LTU,Nuclear,15,,,,
1993,LTU,Nuclear,12,,,,
1994,LTU,Nuclear,7.7,,,,
1995,LTU,Nuclear,12,,,,
1996,LTU,Nuclear,14,,,,
1997,LTU,Nuclear,12,,,,
1998,LTU,Nuclear,14,,,,
1999,LTU,Nuclear,9.9,,,,
2000,LTU,Nuclear,8.4,,,,
2001,LTU,Nuclear,11,,,,
2002,LTU,Nuclear,14,,,,
2003,LTU,Nuclear,15,,,,
2004,LTU,Nuclear,15,,,,
2005,LTU,Nuclear,10,,,,
2006,LTU,Nuclear,8.7,,,,
2007,LTU,Nuclear,9.8,,,,
2008,LTU,Nuclear,9.9,,,,
2009,LTU,Nuclear,11,,,,
2010,LTU,Nuclear,0,,,,
2011,LTU,Nuclear,0,,,,
2012,LTU,Nuclear,0,,,,
2013,LTU,Nuclear,0,,,,
2014,LTU,Nuclear,0,,,,
2015,LTU,Nuclear,0,,,,
2016,LTU,Nuclear,0,,,,
2017,LTU,Nuclear,0,,,,
2018,LTU,Nuclear,0,,,,
2019,LTU,Nuclear,0,,,,
2020,LTU,Nuclear,0,,,,
2021,LTU,Nuclear,0,,,,
2022,LTU,Nuclear,0,,,,
2023,LTU,Nuclear,0,,,,
2024,LTU,Nuclear,0,,,,
2025,LTU,Nuclear,0,,,,
1990,LTU,Other renewables,0,,,,
1991,LTU,Other renewables,0,,,,
1992,LTU,Other renewables,0,,,,
1993,LTU,Other renewables,0,,,,
1994,LTU,Other renewables,0,,,,
1995,LTU,Other renewables,0,,,,
1996,LTU,Other renewables,0,,,,
1997,LTU,Other renewables,0,,,,
1998,LTU,Other renewables,0,,,,
1999,LTU,Other renewables,0,,,,
2000,LTU,Other renewables,0,,,,
2001,LTU,Other renewables,0,,,,
2002,LTU,Other renewables,0,,,,
2003,LTU,Other renewables,0,,,,
2004,LTU,Other renewables,0,,,,
2005,LTU,Other renewables,0,,,,
2006,LTU,Other renewables,0,,,,
2007,LTU,Other renewables,0,,,,
2008,LTU,Other renewables,0,,,,
2009,LTU,Other renewables,0,,,,
2010,LTU,Other renewables,0,,,,
2011,LTU,Other renewables,0,,,,
2012,LTU,Other renewables,0,,,,
2013,LTU,Other renewables,0,,,,
2014,LTU,Other renewables,0,,,,
2015,LTU,Other renewables,0,,,,
2016,LTU,Other renewables,0,,,,
2017,LTU,Other renewables,0,,,,
2018,LTU,Other renewables,0,,,,
2019,LTU,Other renewables,0,,,,
2020,LTU,Other renewables,0,,,,
2021,LTU,Other renewables,0,,,,
2022,LTU,Other renewables,0,,,,
2023,LTU,Other renewables,0,,,,
2024,LTU,Other renewables,0,,,,
2025,LTU,Other renewables,0,,,,
1990,LTU,Solar,0,,,,
1991,LTU,Solar,0,,,,
1992,LTU,Solar,0,,,,
1993,LTU,Solar,0,,,,
1994,LTU,Solar,0,,,,
1995,LTU,Solar,0,,,,
1996,LTU,Solar,0,,,,
1997,LTU,Solar,0,,,,
1998,LTU,Solar,0,,,,
1999,LTU,Solar,0,,,,
2000,LTU,Solar,0,,,,
2001,LTU,Solar,0,,,,
2002,LTU,Solar,0,,,,
2003,LTU,Solar,0,,,,
2004,LTU,Solar,0,,,,
2005,LTU,Solar,0,,,,
2006,LTU,Solar,0,,,,
2007,LTU,Solar,0,,,,
2008,LTU,Solar,0,,,,
2009,LTU,Solar,0,,,,
2010,LTU,Solar,0,,,,
2011,LTU,Solar,0,,,,
2012,LTU,Solar,0,,,,
2013,LTU,Solar,0.05,,,,
2014,LTU,Solar,0.07,,,,
2015,LTU,Solar,0.07,,,,
2016,LTU,Solar,0.07,,,,
2017,LTU,Solar,0.07,,,,
2018,LTU,Solar,0.09,,,,
2019,LTU,Solar,0.09,,,,
2020,LTU,Solar,0.13,,,,
2021,LTU,Solar,0.19,,,,
2022,LTU,Solar,0.34,,,,
2023,LTU,Solar,0.69,,,,
2024,LTU,Solar,1.4,,,,
2025,LTU,Solar,1.7,,,,
1990,LTU,Total,17,,,,
1991,LTU,Total,17,,,,
1992,LTU,Total,15,,,,
1993,LTU,Total,13,,,,
1994,LTU,Total,8.2,,,,
1995,LTU,Total,12,,,,
1996,LTU,Total,14,,,,
1997,LTU,Total,12,,,,
1998,LTU,Total,14,,,,
1999,LTU,Total,10,,,,
2000,LTU,Total,8.8,,,,
2001,LTU,Total,12,,,,
2002,LTU,Total,14,,,,
2003,LTU,Total,16,,,,
2004,LTU,Total,16,,,,
2005,LTU,Total,11,,,,
2006,LTU,Total,9.1,,,,
2007,LTU,Total,10,,,,
2008,LTU,Total,10,,,,
2009,LTU,Total,12,,,,
2010,LTU,Total,0.91,,,,
2011,LTU,Total,1.1,,,,
2012,LTU,Total,1.2,,,,
2013,LTU,Total,1.5,,,,
2014,LTU,Total,1.5,,,,
2015,LTU,Total,1.7,,,,
2016,LTU,Total,2.1,,,,
2017,LTU,Total,2.5,,,,
2018,LTU,Total,2.2,,,,
2019,LTU,Total,2.5,,,,
2020,LTU,Total,2.6,,,,
2021,LTU,Total,2.6,,,,
2022,LTU,Total,3,,,,
2023,LTU,Total,4.4,,,,
2024,LTU,Total,6.2,,,,
2025,LTU,Total,6.9,,,,
1990,LTU,Wind,0,,,,
1991,LTU,Wind,0,,,,
1992,LTU,Wind,0,,,,
1993,LTU,Wind,0,,,,
1994,LTU,Wind,0,,,,
1995,LTU,Wind,0,,,,
1996,LTU,Wind,0,,,,
1997,LTU,Wind,0,,,,
1998,LTU,Wind,0,,,,
1999,LTU,Wind,0,,,,
2004,LTU,Wind,0,,,,
2005,LTU,Wind,0,,,,
2006,LTU,Wind,0.01,,,,
2007,LTU,Wind,0.11,,,,
2008,LTU,Wind,0.13,,,,
2009,LTU,Wind,0.16,,,,
2010,LTU,Wind,0.22,,,,
2011,LTU,Wind,0.47,,,,
2012,LTU,Wind,0.54,,,,
2013,LTU,Wind,0.6,,,,
2014,LTU,Wind,0.64,,,,
2015,LTU,Wind,0.81,,,,
2016,LTU,Wind,1.1,,,,
2017,LTU,Wind,1.4,,,,
2018,LTU,Wind,1.1,,,,
2019,LTU,Wind,1.5,,,,
2020,LTU,Wind,1.6,,,,
2021,LTU,Wind,1.4,,,,
2022,LTU,Wind,1.5,,,,
2023,LTU,Wind,2.5,,,,
2024,LTU,Wind,3.4,,,,
2025,LTU,Wind,4,,,,
1990,LUX,Hydro,0.07,,,,
1991,LUX,Hydro,0.08,,,,
1992,LUX,Hydro,0.07,,,,
1993,LUX,Hydro,0.07,,,,
1994,LUX,Hydro,0.09,,,,
1995,LUX,Hydro,0.09,,,,
1996,LUX,Hydro,0.06,,,,
1997,LUX,Hydro,0.08,,,,
1998,LUX,Hydro,0.12,,,,
1999,LUX,Hydro,0.09,,,,
2000,LUX,Hydro,0.12,,,,
2001,LUX,Hydro,0.12,,,,
2002,LUX,Hydro,0.1,,,,
2003,LUX,Hydro,0.08,,,,
2004,LUX,Hydro,0.1,,,,
2005,LUX,Hydro,0.09,,,,
2006,LUX,Hydro,0.11,,,,
2007,LUX,Hydro,0.12,,,,
2008,LUX,Hydro,0.13,,,,
2009,LUX,Hydro,0.11,,,,
2010,LUX,Hydro,0.11,,,,
2011,LUX,Hydro,0.06,,,,
2012,LUX,Hydro,0.1,,,,
2013,LUX,Hydro,0.12,,,,
2014,LUX,Hydro,0.11,,,,
2015,LUX,Hydro,0.1,,,,
2016,LUX,Hydro,0.12,,,,
2017,LUX,Hydro,0.09,,,,
2018,LUX,Hydro,0.09,,,,
2019,LUX,Hydro,0.11,,,,
2020,LUX,Hydro,0.09,,,,
2021,LUX,Hydro,0.11,,,,
2022,LUX,Hydro,0.06,,,,
2023,LUX,Hydro,0.09,,,,
2024,LUX,Hydro,0.11,,,,
2025,LUX,Hydro,0.05,,,,
1990,LUX,Nuclear,0,,,,
1991,LUX,Nuclear,0,,,,
1992,LUX,Nuclear,0,,,,
1993,LUX,Nuclear,0,,,,
1994,LUX,Nuclear,0,,,,
1995,LUX,Nuclear,0,,,,
1996,LUX,Nuclear,0,,,,
1997,LUX,Nuclear,0,,,,
1998,LUX,Nuclear,0,,,,
1999,LUX,Nuclear,0,,,,
2000,LUX,Nuclear,0,,,,
2001,LUX,Nuclear,0,,,,
2002,LUX,Nuclear,0,,,,
2003,LUX,Nuclear,0,,,,
2004,LUX,Nuclear,0,,,,
2005,LUX,Nuclear,0,,,,
2006,LUX,Nuclear,0,,,,
2007,LUX,Nuclear,0,,,,
2008,LUX,Nuclear,0,,,,
2009,LUX,Nuclear,0,,,,
2010,LUX,Nuclear,0,,,,
2011,LUX,Nuclear,0,,,,
2012,LUX,Nuclear,0,,,,
2013,LUX,Nuclear,0,,,,
2014,LUX,Nuclear,0,,,,
2015,LUX,Nuclear,0,,,,
2016,LUX,Nuclear,0,,,,
2017,LUX,Nuclear,0,,,,
2018,LUX,Nuclear,0,,,,
2019,LUX,Nuclear,0,,,,
2020,LUX,Nuclear,0,,,,
2021,LUX,Nuclear,0,,,,
2022,LUX,Nuclear,0,,,,
2023,LUX,Nuclear,0,,,,
2024,LUX,Nuclear,0,,,,
2025,LUX,Nuclear,0,,,,
1990,LUX,Other renewables,0,,,,
1991,LUX,Other renewables,0,,,,
1992,LUX,Other renewables,0,,,,
1993,LUX,Other renewables,0,,,,
1994,LUX,Other renewables,0,,,,
1995,LUX,Other renewables,0,,,,
1996,LUX,Other renewables,0,,,,
1997,LUX,Other renewables,0,,,,
1998,LUX,Other renewables,0,,,,
1999,LUX,Other renewables,0,,,,
2000,LUX,Other renewables,0,,,,
2001,LUX,Other renewables,0,,,,
2002,LUX,Other renewables,0,,,,
2003,LUX,Other renewables,0,,,,
2004,LUX,Other renewables,0,,,,
2005,LUX,Other renewables,0,,,,
2006,LUX,Other renewables,0,,,,
2007,LUX,Other renewables,0,,,,
2008,LUX,Other renewables,0,,,,
2009,LUX,Other renewables,0,,,,
2010,LUX,Other renewables,0,,,,
2011,LUX,Other renewables,0,,,,
2012,LUX,Other renewables,0,,,,
2013,LUX,Other renewables,0,,,,
2014,LUX,Other renewables,0,,,,
2015,LUX,Other renewables,0,,,,
2016,LUX,Other renewables,0,,,,
2017,LUX,Other renewables,0,,,,
2018,LUX,Other renewables,0,,,,
2019,LUX,Other renewables,0,,,,
2020,LUX,Other renewables,0,,,,
2021,LUX,Other renewables,0,,,,
2022,LUX,Other renewables,0,,,,
2023,LUX,Other renewables,0,,,,
2024,LUX,Other renewables,0,,,,
2025,LUX,Other renewables,0,,,,
1990,LUX,Solar,0,,,,
1991,LUX,Solar,0,,,,
1992,LUX,Solar,0,,,,
1993,LUX,Solar,0,,,,
1994,LUX,Solar,0,,,,
1995,LUX,Solar,0,,,,
1996,LUX,Solar,0,,,,
1997,LUX,Solar,0,,,,
1998,LUX,Solar,0,,,,
1999,LUX,Solar,0,,,,
2000,LUX,Solar,0,,,,
2001,LUX,Solar,0,,,,
2002,LUX,Solar,0,,,,
2003,LUX,Solar,0,,,,
2004,LUX,Solar,0.01,,,,
2005,LUX,Solar,0.02,,,,
2006,LUX,Solar,0.02,,,,
2007,LUX,Solar,0.02,,,,
2008,LUX,Solar,0.02,,,,
2009,LUX,Solar,0.02,,,,
2010,LUX,Solar,0.02,,,,
2011,LUX,Solar,0.03,,,,
2012,LUX,Solar,0.04,,,,
2013,LUX,Solar,0.07,,,,
2014,LUX,Solar,0.09,,,,
2015,LUX,Solar,0.1,,,,
2016,LUX,Solar,0.1,,,,
2017,LUX,Solar,0.11,,,,
2018,LUX,Solar,0.12,,,,
2019,LUX,Solar,0.13,,,,
2020,LUX,Solar,0.16,,,,
2021,LUX,Solar,0.18,,,,
2022,LUX,Solar,0.28,,,,
2023,LUX,Solar,0.29,,,,
2024,LUX,Solar,0.36,,,,
2025,LUX,Solar,0.47,,,,
1990,LUX,Total,0.08,,,,
1991,LUX,Total,0.09,,,,
1992,LUX,Total,0.08,,,,
1993,LUX,Total,0.08,,,,
1994,LUX,Total,0.11,,,,
1995,LUX,Total,0.11,,,,
1996,LUX,Total,0.08,,,,
1997,LUX,Total,0.1,,,,
1998,LUX,Total,0.15,,,,
1999,LUX,Total,0.13,,,,
2000,LUX,Total,0.16,,,,
2001,LUX,Total,0.17,,,,
2002,LUX,Total,0.15,,,,
2003,LUX,Total,0.14,,,,
2004,LUX,Total,0.19,,,,
2005,LUX,Total,0.21,,,,
2006,LUX,Total,0.25,,,,
2007,LUX,Total,0.26,,,,
2008,LUX,Total,0.28,,,,
2009,LUX,Total,0.27,,,,
2010,LUX,Total,0.27,,,,
2011,LUX,Total,0.24,,,,
2012,LUX,Total,0.31,,,,
2013,LUX,Total,0.36,,,,
2014,LUX,Total,0.4,,,,
2015,LUX,Total,0.43,,,,
2016,LUX,Total,0.46,,,,
2017,LUX,Total,0.6,,,,
2018,LUX,Total,0.68,,,,
2019,LUX,Total,0.8,,,,
2020,LUX,Total,0.97,,,,
2021,LUX,Total,0.99,,,,
2022,LUX,Total,1,,,,
2023,LUX,Total,1.3,,,,
2024,LUX,Total,1.4,,,,
2025,LUX,Total,1.4,,,,
1990,LUX,Wind,0,,,,
1991,LUX,Wind,0,,,,
1992,LUX,Wind,0,,,,
1993,LUX,Wind,0,,,,
1994,LUX,Wind,0,,,,
1995,LUX,Wind,0,,,,
1996,LUX,Wind,0,,,,
1997,LUX,Wind,0,,,,
1998,LUX,Wind,0.01,,,,
1999,LUX,Wind,0.02,,,,
2000,LUX,Wind,0.02,,,,
2001,LUX,Wind,0.02,,,,
2002,LUX,Wind,0.02,,,,
2003,LUX,Wind,0.03,,,,
2004,LUX,Wind,0.04,,,,
2005,LUX,Wind,0.05,,,,
2006,LUX,Wind,0.06,,,,
2007,LUX,Wind,0.06,,,,
2008,LUX,Wind,0.06,,,,
2009,LUX,Wind,0.06,,,,
2010,LUX,Wind,0.06,,,,
2011,LUX,Wind,0.06,,,,
2012,LUX,Wind,0.08,,,,
2013,LUX,Wind,0.08,,,,
2014,LUX,Wind,0.08,,,,
2015,LUX,Wind,0.1,,,,
2016,LUX,Wind,0.1,,,,
2017,LUX,Wind,0.23,,,,
2018,LUX,Wind,0.25,,,,
2019,LUX,Wind,0.28,,,,
2020,LUX,Wind,0.35,,,,
2021,LUX,Wind,0.31,,,,
2022,LUX,Wind,0.31,,,,
2023,LUX,Wind,0.5,,,,
2024,LUX,Wind,0.46,,,,
2025,LUX,Wind,0.47,,,,
1990,LVA,Hydro,4.5,,,,
1991,LVA,Hydro,3.3,,,,
1992,LVA,Hydro,2.5,,,,
1993,LVA,Hydro,2.9,,,,
1994,LVA,Hydro,3.3,,,,
1995,LVA,Hydro,2.9,,,,
1996,LVA,Hydro,1.9,,,,
1997,LVA,Hydro,3,,,,
1998,LVA,Hydro,4.3,,,,
1999,LVA,Hydro,2.8,,,,
2000,LVA,Hydro,2.8,,,,
2001,LVA,Hydro,2.8,,,,
2002,LVA,Hydro,2.5,,,,
2003,LVA,Hydro,2.3,,,,
2004,LVA,Hydro,3.1,,,,
2005,LVA,Hydro,3.3,,,,
2006,LVA,Hydro,2.7,,,,
2007,LVA,Hydro,2.7,,,,
2008,LVA,Hydro,3.1,,,,
2009,LVA,Hydro,3.5,,,,
2010,LVA,Hydro,3.5,,,,
2011,LVA,Hydro,2.9,,,,
2012,LVA,Hydro,3.7,,,,
2013,LVA,Hydro,2.9,,,,
2014,LVA,Hydro,2,,,,
2015,LVA,Hydro,1.9,,,,
2016,LVA,Hydro,2.5,,,,
2017,LVA,Hydro,4.4,,,,
2018,LVA,Hydro,2.4,,,,
2019,LVA,Hydro,2.1,,,,
2020,LVA,Hydro,2.6,,,,
2021,LVA,Hydro,2.7,,,,
2022,LVA,Hydro,2.8,,,,
2023,LVA,Hydro,3.8,,,,
2024,LVA,Hydro,3.2,,,,
2025,LVA,Hydro,3,,,,
1990,LVA,Nuclear,0,,,,
1991,LVA,Nuclear,0,,,,
1992,LVA,Nuclear,0,,,,
1993,LVA,Nuclear,0,,,,
1994,LVA,Nuclear,0,,,,
1995,LVA,Nuclear,0,,,,
1996,LVA,Nuclear,0,,,,
1997,LVA,Nuclear,0,,,,
1998,LVA,Nuclear,0,,,,
1999,LVA,Nuclear,0,,,,
2000,LVA,Nuclear,0,,,,
2001,LVA,Nuclear,0,,,,
2002,LVA,Nuclear,0,,,,
2003,LVA,Nuclear,0,,,,
2004,LVA,Nuclear,0,,,,
2005,LVA,Nuclear,0,,,,
2006,LVA,Nuclear,0,,,,
2007,LVA,Nuclear,0,,,,
2008,LVA,Nuclear,0,,,,
2009,LVA,Nuclear,0,,,,
2010,LVA,Nuclear,0,,,,
2011,LVA,Nuclear,0,,,,
2012,LVA,Nuclear,0,,,,
2013,LVA,Nuclear,0,,,,
2014,LVA,Nuclear,0,,,,
2015,LVA,Nuclear,0,,,,
2016,LVA,Nuclear,0,,,,
2017,LVA,Nuclear,0,,,,
2018,LVA,Nuclear,0,,,,
2019,LVA,Nuclear,0,,,,
2020,LVA,Nuclear,0,,,,
2021,LVA,Nuclear,0,,,,
2022,LVA,Nuclear,0,,,,
2023,LVA,Nuclear,0,,,,
2024,LVA,Nuclear,0,,,,
2025,LVA,Nuclear,0,,,,
1990,LVA,Other renewables,0,,,,
1991,LVA,Other renewables,0,,,,
1992,LVA,Other renewables,0,,,,
1993,LVA,Other renewables,0,,,,
1994,LVA,Other renewables,0,,,,
1995,LVA,Other renewables,0,,,,
1996,LVA,Other renewables,0,,,,
1997,LVA,Other renewables,0,,,,
1998,LVA,Other renewables,0,,,,
1999,LVA,Other renewables,0,,,,
2000,LVA,Other renewables,0,,,,
2001,LVA,Other renewables,0,,,,
2002,LVA,Other renewables,0,,,,
2003,LVA,Other renewables,0,,,,
2004,LVA,Other renewables,0,,,,
2005,LVA,Other renewables,0,,,,
2006,LVA,Other renewables,0,,,,
2007,LVA,Other renewables,0,,,,
2008,LVA,Other renewables,0,,,,
2009,LVA,Other renewables,0,,,,
2010,LVA,Other renewables,0,,,,
2011,LVA,Other renewables,0,,,,
2012,LVA,Other renewables,0,,,,
2013,LVA,Other renewables,0,,,,
2014,LVA,Other renewables,0,,,,
2015,LVA,Other renewables,0,,,,
2016,LVA,Other renewables,0,,,,
2017,LVA,Other renewables,0,,,,
2018,LVA,Other renewables,0,,,,
2019,LVA,Other renewables,0,,,,
2020,LVA,Other renewables,0,,,,
2021,LVA,Other renewables,0,,,,
2022,LVA,Other renewables,0,,,,
2023,LVA,Other renewables,0,,,,
2024,LVA,Other renewables,0,,,,
2025,LVA,Other renewables,0,,,,
1990,LVA,Solar,0,,,,
1991,LVA,Solar,0,,,,
1992,LVA,Solar,0,,,,
1993,LVA,Solar,0,,,,
1994,LVA,Solar,0,,,,
1995,LVA,Solar,0,,,,
1996,LVA,Solar,0,,,,
1997,LVA,Solar,0,,,,
1998,LVA,Solar,0,,,,
1999,LVA,Solar,0,,,,
2000,LVA,Solar,0,,,,
2001,LVA,Solar,0,,,,
2002,LVA,Solar,0,,,,
2003,LVA,Solar,0,,,,
2004,LVA,Solar,0,,,,
2005,LVA,Solar,0,,,,
2006,LVA,Solar,0,,,,
2007,LVA,Solar,0,,,,
2008,LVA,Solar,0,,,,
2009,LVA,Solar,0,,,,
2010,LVA,Solar,0,,,,
2011,LVA,Solar,0,,,,
2012,LVA,Solar,0,,,,
2013,LVA,Solar,0,,,,
2014,LVA,Solar,0,,,,
2015,LVA,Solar,0,,,,
2016,LVA,Solar,0,,,,
2017,LVA,Solar,0,,,,
2018,LVA,Solar,0,,,,
2019,LVA,Solar,0,,,,
2020,LVA,Solar,0,,,,
2021,LVA,Solar,0.01,,,,
2022,LVA,Solar,0.08,,,,
2023,LVA,Solar,0.24,,,,
2024,LVA,Solar,0.54,,,,
2025,LVA,Solar,0.82,,,,
1990,LVA,Total,4.5,,,,
1991,LVA,Total,3.3,,,,
1992,LVA,Total,2.5,,,,
1993,LVA,Total,2.9,,,,
1994,LVA,Total,3.3,,,,
1995,LVA,Total,2.9,,,,
1996,LVA,Total,1.9,,,,
1997,LVA,Total,3,,,,
1998,LVA,Total,4.3,,,,
1999,LVA,Total,2.8,,,,
2000,LVA,Total,2.8,,,,
2001,LVA,Total,2.8,,,,
2002,LVA,Total,2.5,,,,
2003,LVA,Total,2.3,,,,
2004,LVA,Total,3.2,,,,
2005,LVA,Total,3.4,,,,
2006,LVA,Total,2.8,,,,
2007,LVA,Total,2.8,,,,
2008,LVA,Total,3.2,,,,
2009,LVA,Total,3.6,,,,
2010,LVA,Total,3.6,,,,
2011,LVA,Total,3.1,,,,
2012,LVA,Total,4.1,,,,
2013,LVA,Total,3.5,,,,
2014,LVA,Total,2.8,,,,
2015,LVA,Total,2.8,,,,
2016,LVA,Total,3.5,,,,
2017,LVA,Total,5.5,,,,
2018,LVA,Total,3.5,,,,
2019,LVA,Total,3.2,,,,
2020,LVA,Total,3.6,,,,
2021,LVA,Total,3.7,,,,
2022,LVA,Total,3.8,,,,
2023,LVA,Total,5,,,,
2024,LVA,Total,4.7,,,,
2025,LVA,Total,4.7,,,,
1990,LVA,Wind,0,,,,
1991,LVA,Wind,0,,,,
1992,LVA,Wind,0,,,,
1993,LVA,Wind,0,,,,
1994,LVA,Wind,0,,,,
1995,LVA,Wind,0,,,,
1996,LVA,Wind,0,,,,
1997,LVA,Wind,0,,,,
1998,LVA,Wind,0,,,,
1999,LVA,Wind,0,,,,
2000,LVA,Wind,0,,,,
2001,LVA,Wind,0,,,,
2002,LVA,Wind,0.01,,,,
2003,LVA,Wind,0.05,,,,
2004,LVA,Wind,0.05,,,,
2005,LVA,Wind,0.05,,,,
2006,LVA,Wind,0.05,,,,
2007,LVA,Wind,0.05,,,,
2008,LVA,Wind,0.06,,,,
2009,LVA,Wind,0.05,,,,
2010,LVA,Wind,0.05,,,,
2011,LVA,Wind,0.07,,,,
2012,LVA,Wind,0.11,,,,
2013,LVA,Wind,0.12,,,,
2014,LVA,Wind,0.14,,,,
2015,LVA,Wind,0.15,,,,
2016,LVA,Wind,0.13,,,,
2017,LVA,Wind,0.15,,,,
2018,LVA,Wind,0.12,,,,
2019,LVA,Wind,0.15,,,,
2020,LVA,Wind,0.18,,,,
2021,LVA,Wind,0.14,,,,
2022,LVA,Wind,0.19,,,,
2023,LVA,Wind,0.27,,,,
2024,LVA,Wind,0.28,,,,
2025,LVA,Wind,0.23,,,,
2000,MAC,Hydro,0,,,,
2001,MAC,Hydro,0,,,,
2002,MAC,Hydro,0,,,,
2003,MAC,Hydro,0,,,,
2004,MAC,Hydro,0,,,,
2005,MAC,Hydro,0,,,,
2006,MAC,Hydro,0,,,,
2007,MAC,Hydro,0,,,,
2008,MAC,Hydro,0,,,,
2009,MAC,Hydro,0,,,,
2010,MAC,Hydro,0,,,,
2011,MAC,Hydro,0,,,,
2012,MAC,Hydro,0,,,,
2013,MAC,Hydro,0,,,,
2014,MAC,Hydro,0,,,,
2015,MAC,Hydro,0,,,,
2016,MAC,Hydro,0,,,,
2017,MAC,Hydro,0,,,,
2018,MAC,Hydro,0,,,,
2019,MAC,Hydro,0,,,,
2020,MAC,Hydro,0,,,,
2021,MAC,Hydro,0,,,,
2022,MAC,Hydro,0,,,,
2023,MAC,Hydro,0,,,,
2024,MAC,Hydro,0,,,,
2000,MAC,Nuclear,0,,,,
2001,MAC,Nuclear,0,,,,
2002,MAC,Nuclear,0,,,,
2003,MAC,Nuclear,0,,,,
2004,MAC,Nuclear,0,,,,
2005,MAC,Nuclear,0,,,,
2006,MAC,Nuclear,0,,,,
2007,MAC,Nuclear,0,,,,
2008,MAC,Nuclear,0,,,,
2009,MAC,Nuclear,0,,,,
2010,MAC,Nuclear,0,,,,
2011,MAC,Nuclear,0,,,,
2012,MAC,Nuclear,0,,,,
2013,MAC,Nuclear,0,,,,
2014,MAC,Nuclear,0,,,,
2015,MAC,Nuclear,0,,,,
2016,MAC,Nuclear,0,,,,
2017,MAC,Nuclear,0,,,,
2018,MAC,Nuclear,0,,,,
2019,MAC,Nuclear,0,,,,
2020,MAC,Nuclear,0,,,,
2021,MAC,Nuclear,0,,,,
2022,MAC,Nuclear,0,,,,
2023,MAC,Nuclear,0,,,,
2024,MAC,Nuclear,0,,,,
2000,MAC,Other renewables,0,,,,
2001,MAC,Other renewables,0,,,,
2002,MAC,Other renewables,0,,,,
2003,MAC,Other renewables,0,,,,
2004,MAC,Other renewables,0,,,,
2005,MAC,Other renewables,0,,,,
2006,MAC,Other renewables,0,,,,
2007,MAC,Other renewables,0,,,,
2008,MAC,Other renewables,0,,,,
2009,MAC,Other renewables,0,,,,
2010,MAC,Other renewables,0,,,,
2011,MAC,Other renewables,0,,,,
2012,MAC,Other renewables,0,,,,
2013,MAC,Other renewables,0,,,,
2014,MAC,Other renewables,0,,,,
2015,MAC,Other renewables,0,,,,
2016,MAC,Other renewables,0,,,,
2017,MAC,Other renewables,0,,,,
2018,MAC,Other renewables,0,,,,
2019,MAC,Other renewables,0,,,,
2020,MAC,Other renewables,0,,,,
2021,MAC,Other renewables,0,,,,
2022,MAC,Other renewables,0,,,,
2023,MAC,Other renewables,0,,,,
2024,MAC,Other renewables,0,,,,
2000,MAC,Solar,0,,,,
2001,MAC,Solar,0,,,,
2002,MAC,Solar,0,,,,
2003,MAC,Solar,0,,,,
2004,MAC,Solar,0,,,,
2005,MAC,Solar,0,,,,
2006,MAC,Solar,0,,,,
2007,MAC,Solar,0,,,,
2008,MAC,Solar,0,,,,
2009,MAC,Solar,0,,,,
2010,MAC,Solar,0,,,,
2011,MAC,Solar,0,,,,
2012,MAC,Solar,0,,,,
2013,MAC,Solar,0,,,,
2014,MAC,Solar,0,,,,
2015,MAC,Solar,0,,,,
2016,MAC,Solar,0,,,,
2017,MAC,Solar,0,,,,
2018,MAC,Solar,0,,,,
2019,MAC,Solar,0,,,,
2020,MAC,Solar,0,,,,
2021,MAC,Solar,0,,,,
2022,MAC,Solar,0,,,,
2023,MAC,Solar,0,,,,
2024,MAC,Solar,0,,,,
2000,MAC,Total,0,,,,
2001,MAC,Total,0.06,,,,
2002,MAC,Total,0.07,,,,
2003,MAC,Total,0.15,,,,
2004,MAC,Total,0.15,,,,
2005,MAC,Total,0.16,,,,
2006,MAC,Total,0.17,,,,
2007,MAC,Total,0.17,,,,
2008,MAC,Total,0.18,,,,
2009,MAC,Total,0.18,,,,
2010,MAC,Total,0.2,,,,
2011,MAC,Total,0.21,,,,
2012,MAC,Total,0.23,,,,
2013,MAC,Total,0.24,,,,
2014,MAC,Total,0.26,,,,
2015,MAC,Total,0.2,,,,
2016,MAC,Total,0.2,,,,
2017,MAC,Total,0.21,,,,
2018,MAC,Total,0.18,,,,
2019,MAC,Total,0.22,,,,
2020,MAC,Total,0.19,,,,
2021,MAC,Total,0.21,,,,
2022,MAC,Total,0.2,,,,
2023,MAC,Total,0.22,,,,
2024,MAC,Total,0.24,,,,
2000,MAC,Wind,0,,,,
2001,MAC,Wind,0,,,,
2002,MAC,Wind,0,,,,
2003,MAC,Wind,0,,,,
2004,MAC,Wind,0,,,,
2005,MAC,Wind,0,,,,
2006,MAC,Wind,0,,,,
2007,MAC,Wind,0,,,,
2008,MAC,Wind,0,,,,
2009,MAC,Wind,0,,,,
2010,MAC,Wind,0,,,,
2011,MAC,Wind,0,,,,
2012,MAC,Wind,0,,,,
2013,MAC,Wind,0,,,,
2014,MAC,Wind,0,,,,
2015,MAC,Wind,0,,,,
2016,MAC,Wind,0,,,,
2017,MAC,Wind,0,,,,
2018,MAC,Wind,0,,,,
2019,MAC,Wind,0,,,,
2020,MAC,Wind,0,,,,
2021,MAC,Wind,0,,,,
2022,MAC,Wind,0,,,,
2023,MAC,Wind,0,,,,
2024,MAC,Wind,0,,,,
2000,MAR,Hydro,0.71,,,,
2001,MAR,Hydro,0.86,,,,
2002,MAR,Hydro,0.84,,,,
2003,MAR,Hydro,1.4,,,,
2004,MAR,Hydro,1.6,,,,
2005,MAR,Hydro,1.4,,,,
2006,MAR,Hydro,1.6,,,,
2007,MAR,Hydro,1.3,,,,
2008,MAR,Hydro,1.4,,,,
2009,MAR,Hydro,3,,,,
2010,MAR,Hydro,3.6,,,,
2011,MAR,Hydro,2.1,,,,
2012,MAR,Hydro,1.8,,,,
2013,MAR,Hydro,3,,,,
2014,MAR,Hydro,2,,,,
2015,MAR,Hydro,2.3,,,,
2016,MAR,Hydro,1.7,,,,
2017,MAR,Hydro,1.6,,,,
2018,MAR,Hydro,2,,,,
2019,MAR,Hydro,1.7,,,,
2020,MAR,Hydro,1.3,,,,
2021,MAR,Hydro,1.2,,,,
2022,MAR,Hydro,0.68,,,,
2023,MAR,Hydro,0.52,,,,
2024,MAR,Hydro,0.81,,,,
2025,MAR,Hydro,0.92,,,,
2000,MAR,Nuclear,0,,,,
2001,MAR,Nuclear,0,,,,
2002,MAR,Nuclear,0,,,,
2003,MAR,Nuclear,0,,,,
2004,MAR,Nuclear,0,,,,
2005,MAR,Nuclear,0,,,,
2006,MAR,Nuclear,0,,,,
2007,MAR,Nuclear,0,,,,
2008,MAR,Nuclear,0,,,,
2009,MAR,Nuclear,0,,,,
2010,MAR,Nuclear,0,,,,
2011,MAR,Nuclear,0,,,,
2012,MAR,Nuclear,0,,,,
2013,MAR,Nuclear,0,,,,
2014,MAR,Nuclear,0,,,,
2015,MAR,Nuclear,0,,,,
2016,MAR,Nuclear,0,,,,
2017,MAR,Nuclear,0,,,,
2018,MAR,Nuclear,0,,,,
2019,MAR,Nuclear,0,,,,
2020,MAR,Nuclear,0,,,,
2021,MAR,Nuclear,0,,,,
2022,MAR,Nuclear,0,,,,
2023,MAR,Nuclear,0,,,,
2024,MAR,Nuclear,0,,,,
2025,MAR,Nuclear,0,,,,
2000,MAR,Other renewables,0,,,,
2001,MAR,Other renewables,0,,,,
2002,MAR,Other renewables,0,,,,
2003,MAR,Other renewables,0,,,,
2004,MAR,Other renewables,0,,,,
2005,MAR,Other renewables,0,,,,
2006,MAR,Other renewables,0,,,,
2007,MAR,Other renewables,0,,,,
2008,MAR,Other renewables,0,,,,
2009,MAR,Other renewables,0,,,,
2010,MAR,Other renewables,0,,,,
2011,MAR,Other renewables,0,,,,
2012,MAR,Other renewables,0,,,,
2013,MAR,Other renewables,0,,,,
2014,MAR,Other renewables,0,,,,
2015,MAR,Other renewables,0,,,,
2016,MAR,Other renewables,0,,,,
2017,MAR,Other renewables,0,,,,
2018,MAR,Other renewables,0,,,,
2019,MAR,Other renewables,0,,,,
2020,MAR,Other renewables,0,,,,
2021,MAR,Other renewables,0,,,,
2022,MAR,Other renewables,0,,,,
2023,MAR,Other renewables,0,,,,
2024,MAR,Other renewables,0,,,,
2025,MAR,Other renewables,0,,,,
2000,MAR,Solar,0,,,,
2001,MAR,Solar,0,,,,
2002,MAR,Solar,0,,,,
2003,MAR,Solar,0,,,,
2004,MAR,Solar,0,,,,
2005,MAR,Solar,0,,,,
2006,MAR,Solar,0,,,,
2007,MAR,Solar,0,,,,
2008,MAR,Solar,0,,,,
2009,MAR,Solar,0,,,,
2010,MAR,Solar,0,,,,
2011,MAR,Solar,0,,,,
2012,MAR,Solar,0,,,,
2013,MAR,Solar,0,,,,
2014,MAR,Solar,0,,,,
2015,MAR,Solar,0,,,,
2016,MAR,Solar,0.4,,,,
2017,MAR,Solar,0.41,,,,
2018,MAR,Solar,0.95,,,,
2019,MAR,Solar,1.6,,,,
2020,MAR,Solar,1.5,,,,
2021,MAR,Solar,1.8,,,,
2022,MAR,Solar,1.5,,,,
2023,MAR,Solar,2.1,,,,
2024,MAR,Solar,2.4,,,,
2025,MAR,Solar,2.6,,,,
2000,MAR,Total,0.77,,,,
2001,MAR,Total,1.1,,,,
2002,MAR,Total,1,,,,
2003,MAR,Total,1.6,,,,
2004,MAR,Total,1.8,,,,
2005,MAR,Total,1.6,,,,
2006,MAR,Total,1.8,,,,
2007,MAR,Total,1.6,,,,
2008,MAR,Total,1.7,,,,
2009,MAR,Total,3.3,,,,
2010,MAR,Total,4.3,,,,
2011,MAR,Total,2.8,,,,
2012,MAR,Total,2.6,,,,
2013,MAR,Total,4.4,,,,
2014,MAR,Total,4,,,,
2015,MAR,Total,4.8,,,,
2016,MAR,Total,5.1,,,,
2017,MAR,Total,5.1,,,,
2018,MAR,Total,6.9,,,,
2019,MAR,Total,8,,,,
2020,MAR,Total,7.4,,,,
2021,MAR,Total,8.2,,,,
2022,MAR,Total,7.5,,,,
2023,MAR,Total,9.2,,,,
2024,MAR,Total,10,,,,
2025,MAR,Total,10,,,,
2000,MAR,Wind,0.06,,,,
2001,MAR,Wind,0.21,,,,
2002,MAR,Wind,0.19,,,,
2003,MAR,Wind,0.2,,,,
2004,MAR,Wind,0.2,,,,
2005,MAR,Wind,0.21,,,,
2006,MAR,Wind,0.18,,,,
2007,MAR,Wind,0.28,,,,
2008,MAR,Wind,0.3,,,,
2009,MAR,Wind,0.39,,,,
2010,MAR,Wind,0.66,,,,
2011,MAR,Wind,0.69,,,,
2012,MAR,Wind,0.73,,,,
2013,MAR,Wind,1.4,,,,
2014,MAR,Wind,1.9,,,,
2015,MAR,Wind,2.5,,,,
2016,MAR,Wind,3,,,,
2017,MAR,Wind,3,,,,
2018,MAR,Wind,3.9,,,,
2019,MAR,Wind,4.7,,,,
2020,MAR,Wind,4.6,,,,
2021,MAR,Wind,5.1,,,,
2022,MAR,Wind,5.4,,,,
2023,MAR,Wind,6.6,,,,
2024,MAR,Wind,7.1,,,,
2025,MAR,Wind,6.7,,,,
2000,MDA,Hydro,0.39,,,,
2001,MDA,Hydro,0.36,,,,
2002,MDA,Hydro,0.35,,,,
2003,MDA,Hydro,0.36,,,,
2004,MDA,Hydro,0.35,,,,
2005,MDA,Hydro,0.36,,,,
2006,MDA,Hydro,0.37,,,,
2007,MDA,Hydro,0.35,,,,
2008,MDA,Hydro,0.38,,,,
2009,MDA,Hydro,0.35,,,,
2010,MDA,Hydro,0.4,,,,
2011,MDA,Hydro,0.35,,,,
2012,MDA,Hydro,0.27,,,,
2013,MDA,Hydro,0.31,,,,
2014,MDA,Hydro,0.32,,,,
2015,MDA,Hydro,0.26,,,,
2016,MDA,Hydro,0.23,,,,
2017,MDA,Hydro,0.28,,,,
2018,MDA,Hydro,0.27,,,,
2019,MDA,Hydro,0.3,,,,
2020,MDA,Hydro,0.28,,,,
2021,MDA,Hydro,0.32,,,,
2022,MDA,Hydro,0.29,,,,
2023,MDA,Hydro,0.32,,,,
2024,MDA,Hydro,0.32,,,,
2025,MDA,Hydro,0.35,,,,
2000,MDA,Nuclear,0,,,,
2001,MDA,Nuclear,0,,,,
2002,MDA,Nuclear,0,,,,
2003,MDA,Nuclear,0,,,,
2004,MDA,Nuclear,0,,,,
2005,MDA,Nuclear,0,,,,
2006,MDA,Nuclear,0,,,,
2007,MDA,Nuclear,0,,,,
2008,MDA,Nuclear,0,,,,
2009,MDA,Nuclear,0,,,,
2010,MDA,Nuclear,0,,,,
2011,MDA,Nuclear,0,,,,
2012,MDA,Nuclear,0,,,,
2013,MDA,Nuclear,0,,,,
2014,MDA,Nuclear,0,,,,
2015,MDA,Nuclear,0,,,,
2016,MDA,Nuclear,0,,,,
2017,MDA,Nuclear,0,,,,
2018,MDA,Nuclear,0,,,,
2019,MDA,Nuclear,0,,,,
2020,MDA,Nuclear,0,,,,
2021,MDA,Nuclear,0,,,,
2022,MDA,Nuclear,0,,,,
2023,MDA,Nuclear,0,,,,
2024,MDA,Nuclear,0,,,,
2025,MDA,Nuclear,0,,,,
2000,MDA,Other renewables,0,,,,
2001,MDA,Other renewables,0,,,,
2002,MDA,Other renewables,0,,,,
2003,MDA,Other renewables,0,,,,
2004,MDA,Other renewables,0,,,,
2005,MDA,Other renewables,0,,,,
2006,MDA,Other renewables,0,,,,
2007,MDA,Other renewables,0,,,,
2008,MDA,Other renewables,0,,,,
2009,MDA,Other renewables,0,,,,
2010,MDA,Other renewables,0,,,,
2011,MDA,Other renewables,0,,,,
2012,MDA,Other renewables,0,,,,
2013,MDA,Other renewables,0,,,,
2014,MDA,Other renewables,0,,,,
2015,MDA,Other renewables,0,,,,
2016,MDA,Other renewables,0,,,,
2017,MDA,Other renewables,0,,,,
2018,MDA,Other renewables,0,,,,
2019,MDA,Other renewables,0,,,,
2020,MDA,Other renewables,0,,,,
2021,MDA,Other renewables,0,,,,
2022,MDA,Other renewables,0,,,,
2023,MDA,Other renewables,0,,,,
2024,MDA,Other renewables,0,,,,
2025,MDA,Other renewables,0,,,,
2000,MDA,Solar,0,,,,
2001,MDA,Solar,0,,,,
2002,MDA,Solar,0,,,,
2003,MDA,Solar,0,,,,
2004,MDA,Solar,0,,,,
2005,MDA,Solar,0,,,,
2006,MDA,Solar,0,,,,
2007,MDA,Solar,0,,,,
2008,MDA,Solar,0,,,,
2009,MDA,Solar,0,,,,
2010,MDA,Solar,0,,,,
2011,MDA,Solar,0,,,,
2012,MDA,Solar,0,,,,
2013,MDA,Solar,0,,,,
2014,MDA,Solar,0,,,,
2015,MDA,Solar,0,,,,
2016,MDA,Solar,0,,,,
2017,MDA,Solar,0,,,,
2018,MDA,Solar,0,,,,
2019,MDA,Solar,0,,,,
2020,MDA,Solar,0,,,,
2021,MDA,Solar,0.01,,,,
2022,MDA,Solar,0.05,,,,
2023,MDA,Solar,0.09,,,,
2024,MDA,Solar,0.1,,,,
2025,MDA,Solar,0.23,,,,
2000,MDA,Total,0.39,,,,
2001,MDA,Total,0.36,,,,
2002,MDA,Total,0.35,,,,
2003,MDA,Total,0.36,,,,
2004,MDA,Total,0.35,,,,
2005,MDA,Total,0.36,,,,
2006,MDA,Total,0.37,,,,
2007,MDA,Total,0.35,,,,
2008,MDA,Total,0.38,,,,
2009,MDA,Total,0.35,,,,
2010,MDA,Total,0.4,,,,
2011,MDA,Total,0.35,,,,
2012,MDA,Total,0.27,,,,
2013,MDA,Total,0.31,,,,
2014,MDA,Total,0.33,,,,
2015,MDA,Total,0.27,,,,
2016,MDA,Total,0.24,,,,
2017,MDA,Total,0.31,,,,
2018,MDA,Total,0.32,,,,
2019,MDA,Total,0.37,,,,
2020,MDA,Total,0.36,,,,
2021,MDA,Total,0.44,,,,
2022,MDA,Total,0.51,,,,
2023,MDA,Total,0.61,,,,
2024,MDA,Total,0.65,,,,
2025,MDA,Total,0.82,,,,
2000,MDA,Wind,0,,,,
2001,MDA,Wind,0,,,,
2002,MDA,Wind,0,,,,
2003,MDA,Wind,0,,,,
2004,MDA,Wind,0,,,,
2005,MDA,Wind,0,,,,
2006,MDA,Wind,0,,,,
2007,MDA,Wind,0,,,,
2008,MDA,Wind,0,,,,
2009,MDA,Wind,0,,,,
2010,MDA,Wind,0,,,,
2011,MDA,Wind,0,,,,
2012,MDA,Wind,0,,,,
2013,MDA,Wind,0,,,,
2014,MDA,Wind,0,,,,
2015,MDA,Wind,0,,,,
2016,MDA,Wind,0,,,,
2017,MDA,Wind,0.01,,,,
2018,MDA,Wind,0.02,,,,
2019,MDA,Wind,0.04,,,,
2020,MDA,Wind,0.05,,,,
2021,MDA,Wind,0.08,,,,
2022,MDA,Wind,0.14,,,,
2023,MDA,Wind,0.19,,,,
2024,MDA,Wind,0.21,,,,
2025,MDA,Wind,0.22,,,,
2000,MDG,Hydro,0.54,,,,
2001,MDG,Hydro,0.53,,,,
2002,MDG,Hydro,0.54,,,,
2003,MDG,Hydro,0.6,,,,
2004,MDG,Hydro,0.63,,,,
2005,MDG,Hydro,0.64,,,,
2006,MDG,Hydro,0.63,,,,
2007,MDG,Hydro,0.71,,,,
2008,MDG,Hydro,0.69,,,,
2009,MDG,Hydro,0.73,,,,
2010,MDG,Hydro,0.7,,,,
2011,MDG,Hydro,0.68,,,,
2012,MDG,Hydro,0.75,,,,
2013,MDG,Hydro,0.8,,,,
2014,MDG,Hydro,0.88,,,,
2015,MDG,Hydro,0.93,,,,
2016,MDG,Hydro,0.88,,,,
2017,MDG,Hydro,0.78,,,,
2018,MDG,Hydro,0.96,,,,
2019,MDG,Hydro,0.89,,,,
2020,MDG,Hydro,0.82,,,,
2021,MDG,Hydro,0.77,,,,
2022,MDG,Hydro,0.82,,,,
2023,MDG,Hydro,0.98,,,,
2024,MDG,Hydro,0.9,,,,
2000,MDG,Nuclear,0,,,,
2001,MDG,Nuclear,0,,,,
2002,MDG,Nuclear,0,,,,
2003,MDG,Nuclear,0,,,,
2004,MDG,Nuclear,0,,,,
2005,MDG,Nuclear,0,,,,
2006,MDG,Nuclear,0,,,,
2007,MDG,Nuclear,0,,,,
2008,MDG,Nuclear,0,,,,
2009,MDG,Nuclear,0,,,,
2010,MDG,Nuclear,0,,,,
2011,MDG,Nuclear,0,,,,
2012,MDG,Nuclear,0,,,,
2013,MDG,Nuclear,0,,,,
2014,MDG,Nuclear,0,,,,
2015,MDG,Nuclear,0,,,,
2016,MDG,Nuclear,0,,,,
2017,MDG,Nuclear,0,,,,
2018,MDG,Nuclear,0,,,,
2019,MDG,Nuclear,0,,,,
2020,MDG,Nuclear,0,,,,
2021,MDG,Nuclear,0,,,,
2022,MDG,Nuclear,0,,,,
2023,MDG,Nuclear,0,,,,
2024,MDG,Nuclear,0,,,,
2000,MDG,Other renewables,0,,,,
2001,MDG,Other renewables,0,,,,
2002,MDG,Other renewables,0,,,,
2003,MDG,Other renewables,0,,,,
2004,MDG,Other renewables,0,,,,
2005,MDG,Other renewables,0,,,,
2006,MDG,Other renewables,0,,,,
2007,MDG,Other renewables,0,,,,
2008,MDG,Other renewables,0,,,,
2009,MDG,Other renewables,0,,,,
2010,MDG,Other renewables,0,,,,
2011,MDG,Other renewables,0,,,,
2012,MDG,Other renewables,0,,,,
2013,MDG,Other renewables,0,,,,
2014,MDG,Other renewables,0,,,,
2015,MDG,Other renewables,0,,,,
2016,MDG,Other renewables,0,,,,
2017,MDG,Other renewables,0,,,,
2018,MDG,Other renewables,0,,,,
2019,MDG,Other renewables,0,,,,
2020,MDG,Other renewables,0,,,,
2021,MDG,Other renewables,0,,,,
2022,MDG,Other renewables,0,,,,
2023,MDG,Other renewables,0,,,,
2024,MDG,Other renewables,0,,,,
2000,MDG,Solar,0,,,,
2001,MDG,Solar,0,,,,
2002,MDG,Solar,0,,,,
2003,MDG,Solar,0,,,,
2004,MDG,Solar,0,,,,
2005,MDG,Solar,0,,,,
2006,MDG,Solar,0,,,,
2007,MDG,Solar,0,,,,
2008,MDG,Solar,0,,,,
2009,MDG,Solar,0,,,,
2010,MDG,Solar,0,,,,
2011,MDG,Solar,0,,,,
2012,MDG,Solar,0,,,,
2013,MDG,Solar,0.01,,,,
2014,MDG,Solar,0.01,,,,
2015,MDG,Solar,0.02,,,,
2016,MDG,Solar,0.02,,,,
2017,MDG,Solar,0.02,,,,
2018,MDG,Solar,0.04,,,,
2019,MDG,Solar,0.04,,,,
2020,MDG,Solar,0.04,,,,
2021,MDG,Solar,0.04,,,,
2022,MDG,Solar,0.08,,,,
2023,MDG,Solar,0.08,,,,
2024,MDG,Solar,0.1,,,,
2000,MDG,Total,0.55,,,,
2001,MDG,Total,0.54,,,,
2002,MDG,Total,0.55,,,,
2003,MDG,Total,0.61,,,,
2004,MDG,Total,0.64,,,,
2005,MDG,Total,0.65,,,,
2006,MDG,Total,0.64,,,,
2007,MDG,Total,0.72,,,,
2008,MDG,Total,0.7,,,,
2009,MDG,Total,0.74,,,,
2010,MDG,Total,0.71,,,,
2011,MDG,Total,0.7,,,,
2012,MDG,Total,0.77,,,,
2013,MDG,Total,0.83,,,,
2014,MDG,Total,0.91,,,,
2015,MDG,Total,0.97,,,,
2016,MDG,Total,0.92,,,,
2017,MDG,Total,0.83,,,,
2018,MDG,Total,1,,,,
2019,MDG,Total,0.95,,,,
2020,MDG,Total,0.88,,,,
2021,MDG,Total,0.84,,,,
2022,MDG,Total,0.93,,,,
2023,MDG,Total,1.1,,,,
2024,MDG,Total,1,,,,
2000,MDG,Wind,0,,,,
2001,MDG,Wind,0,,,,
2002,MDG,Wind,0,,,,
2003,MDG,Wind,0,,,,
2004,MDG,Wind,0,,,,
2005,MDG,Wind,0,,,,
2006,MDG,Wind,0,,,,
2007,MDG,Wind,0,,,,
2008,MDG,Wind,0,,,,
2009,MDG,Wind,0,,,,
2010,MDG,Wind,0,,,,
2011,MDG,Wind,0,,,,
2012,MDG,Wind,0,,,,
2013,MDG,Wind,0,,,,
2014,MDG,Wind,0,,,,
2015,MDG,Wind,0,,,,
2016,MDG,Wind,0,,,,
2017,MDG,Wind,0,,,,
2018,MDG,Wind,0,,,,
2019,MDG,Wind,0,,,,
2020,MDG,Wind,0,,,,
2021,MDG,Wind,0,,,,
2022,MDG,Wind,0,,,,
2023,MDG,Wind,0,,,,
2024,MDG,Wind,0,,,,
2000,MDV,Hydro,0,,,,
2001,MDV,Hydro,0,,,,
2002,MDV,Hydro,0,,,,
2003,MDV,Hydro,0,,,,
2004,MDV,Hydro,0,,,,
2005,MDV,Hydro,0,,,,
2006,MDV,Hydro,0,,,,
2007,MDV,Hydro,0,,,,
2008,MDV,Hydro,0,,,,
2009,MDV,Hydro,0,,,,
2010,MDV,Hydro,0,,,,
2011,MDV,Hydro,0,,,,
2012,MDV,Hydro,0,,,,
2013,MDV,Hydro,0,,,,
2014,MDV,Hydro,0,,,,
2015,MDV,Hydro,0,,,,
2016,MDV,Hydro,0,,,,
2017,MDV,Hydro,0,,,,
2018,MDV,Hydro,0,,,,
2019,MDV,Hydro,0,,,,
2020,MDV,Hydro,0,,,,
2021,MDV,Hydro,0,,,,
2022,MDV,Hydro,0,,,,
2023,MDV,Hydro,0,,,,
2024,MDV,Hydro,0,,,,
2000,MDV,Nuclear,0,,,,
2001,MDV,Nuclear,0,,,,
2002,MDV,Nuclear,0,,,,
2003,MDV,Nuclear,0,,,,
2004,MDV,Nuclear,0,,,,
2005,MDV,Nuclear,0,,,,
2006,MDV,Nuclear,0,,,,
2007,MDV,Nuclear,0,,,,
2008,MDV,Nuclear,0,,,,
2009,MDV,Nuclear,0,,,,
2010,MDV,Nuclear,0,,,,
2011,MDV,Nuclear,0,,,,
2012,MDV,Nuclear,0,,,,
2013,MDV,Nuclear,0,,,,
2014,MDV,Nuclear,0,,,,
2015,MDV,Nuclear,0,,,,
2016,MDV,Nuclear,0,,,,
2017,MDV,Nuclear,0,,,,
2018,MDV,Nuclear,0,,,,
2019,MDV,Nuclear,0,,,,
2020,MDV,Nuclear,0,,,,
2021,MDV,Nuclear,0,,,,
2022,MDV,Nuclear,0,,,,
2023,MDV,Nuclear,0,,,,
2024,MDV,Nuclear,0,,,,
2000,MDV,Other renewables,0,,,,
2001,MDV,Other renewables,0,,,,
2002,MDV,Other renewables,0,,,,
2003,MDV,Other renewables,0,,,,
2004,MDV,Other renewables,0,,,,
2005,MDV,Other renewables,0,,,,
2006,MDV,Other renewables,0,,,,
2007,MDV,Other renewables,0,,,,
2008,MDV,Other renewables,0,,,,
2009,MDV,Other renewables,0,,,,
2010,MDV,Other renewables,0,,,,
2011,MDV,Other renewables,0,,,,
2012,MDV,Other renewables,0,,,,
2013,MDV,Other renewables,0,,,,
2014,MDV,Other renewables,0,,,,
2015,MDV,Other renewables,0,,,,
2016,MDV,Other renewables,0,,,,
2017,MDV,Other renewables,0,,,,
2018,MDV,Other renewables,0,,,,
2019,MDV,Other renewables,0,,,,
2020,MDV,Other renewables,0,,,,
2021,MDV,Other renewables,0,,,,
2022,MDV,Other renewables,0,,,,
2023,MDV,Other renewables,0,,,,
2024,MDV,Other renewables,0,,,,
2000,MDV,Solar,0,,,,
2001,MDV,Solar,0,,,,
2002,MDV,Solar,0,,,,
2003,MDV,Solar,0,,,,
2004,MDV,Solar,0,,,,
2005,MDV,Solar,0,,,,
2006,MDV,Solar,0,,,,
2007,MDV,Solar,0,,,,
2008,MDV,Solar,0,,,,
2009,MDV,Solar,0,,,,
2010,MDV,Solar,0,,,,
2011,MDV,Solar,0,,,,
2012,MDV,Solar,0,,,,
2013,MDV,Solar,0,,,,
2014,MDV,Solar,0.01,,,,
2015,MDV,Solar,0.01,,,,
2016,MDV,Solar,0.01,,,,
2017,MDV,Solar,0.02,,,,
2018,MDV,Solar,0.03,,,,
2019,MDV,Solar,0.03,,,,
2020,MDV,Solar,0.04,,,,
2021,MDV,Solar,0.05,,,,
2022,MDV,Solar,0.06,,,,
2023,MDV,Solar,0.06,,,,
2024,MDV,Solar,0.06,,,,
2000,MDV,Total,0,,,,
2001,MDV,Total,0,,,,
2002,MDV,Total,0,,,,
2003,MDV,Total,0,,,,
2004,MDV,Total,0,,,,
2005,MDV,Total,0,,,,
2006,MDV,Total,0,,,,
2007,MDV,Total,0,,,,
2008,MDV,Total,0,,,,
2009,MDV,Total,0,,,,
2010,MDV,Total,0,,,,
2011,MDV,Total,0,,,,
2012,MDV,Total,0,,,,
2013,MDV,Total,0,,,,
2014,MDV,Total,0.01,,,,
2015,MDV,Total,0.01,,,,
2016,MDV,Total,0.01,,,,
2017,MDV,Total,0.02,,,,
2018,MDV,Total,0.03,,,,
2019,MDV,Total,0.03,,,,
2020,MDV,Total,0.04,,,,
2021,MDV,Total,0.05,,,,
2022,MDV,Total,0.06,,,,
2023,MDV,Total,0.06,,,,
2024,MDV,Total,0.06,,,,
2000,MDV,Wind,0,,,,
2001,MDV,Wind,0,,,,
2002,MDV,Wind,0,,,,
2003,MDV,Wind,0,,,,
2004,MDV,Wind,0,,,,
2005,MDV,Wind,0,,,,
2006,MDV,Wind,0,,,,
2007,MDV,Wind,0,,,,
2008,MDV,Wind,0,,,,
2009,MDV,Wind,0,,,,
2010,MDV,Wind,0,,,,
2011,MDV,Wind,0,,,,
2012,MDV,Wind,0,,,,
2013,MDV,Wind,0,,,,
2014,MDV,Wind,0,,,,
2015,MDV,Wind,0,,,,
2016,MDV,Wind,0,,,,
2017,MDV,Wind,0,,,,
2018,MDV,Wind,0,,,,
2019,MDV,Wind,0,,,,
2020,MDV,Wind,0,,,,
2021,MDV,Wind,0,,,,
2022,MDV,Wind,0,,,,
2023,MDV,Wind,0,,,,
2024,MDV,Wind,0,,,,
1985,MEX,Hydro,28,,,,
1986,MEX,Hydro,21,,,,
1987,MEX,Hydro,19,,,,
1988,MEX,Hydro,22,,,,
1989,MEX,Hydro,25,,,,
1990,MEX,Hydro,24,,,,
1991,MEX,Hydro,23,,,,
1992,MEX,Hydro,27,,,,
1993,MEX,Hydro,27,,,,
1994,MEX,Hydro,20,,,,
1995,MEX,Hydro,28,,,,
1996,MEX,Hydro,31,,,,
1997,MEX,Hydro,26,,,,
1998,MEX,Hydro,25,,,,
1999,MEX,Hydro,33,,,,
2000,MEX,Hydro,33,,,,
2001,MEX,Hydro,28,,,,
2002,MEX,Hydro,25,,,,
2003,MEX,Hydro,20,,,,
2004,MEX,Hydro,25,,,,
2005,MEX,Hydro,28,,,,
2006,MEX,Hydro,30,,,,
2007,MEX,Hydro,27,,,,
2008,MEX,Hydro,39,,,,
2009,MEX,Hydro,27,,,,
2010,MEX,Hydro,37,,,,
2011,MEX,Hydro,36,,,,
2012,MEX,Hydro,32,,,,
2013,MEX,Hydro,28,,,,
2014,MEX,Hydro,39,,,,
2015,MEX,Hydro,31,,,,
2016,MEX,Hydro,30,,,,
2017,MEX,Hydro,31,,,,
2018,MEX,Hydro,32,,,,
2019,MEX,Hydro,24,,,,
2020,MEX,Hydro,27,,,,
2021,MEX,Hydro,35,,,,
2022,MEX,Hydro,36,,,,
2023,MEX,Hydro,21,,,,
2024,MEX,Hydro,24,,,,
2025,MEX,Hydro,29,,,,
1985,MEX,Nuclear,0,,,,
1986,MEX,Nuclear,0,,,,
1987,MEX,Nuclear,0,,,,
1988,MEX,Nuclear,0,,,,
1989,MEX,Nuclear,0.37,,,,
1990,MEX,Nuclear,2.9,,,,
1991,MEX,Nuclear,4.2,,,,
1992,MEX,Nuclear,3.9,,,,
1993,MEX,Nuclear,4.9,,,,
1994,MEX,Nuclear,4.2,,,,
1995,MEX,Nuclear,8.4,,,,
1996,MEX,Nuclear,7.9,,,,
1997,MEX,Nuclear,10,,,,
1998,MEX,Nuclear,9.3,,,,
1999,MEX,Nuclear,10,,,,
2000,MEX,Nuclear,8.2,,,,
2001,MEX,Nuclear,8.7,,,,
2002,MEX,Nuclear,9.8,,,,
2003,MEX,Nuclear,11,,,,
2004,MEX,Nuclear,9.2,,,,
2005,MEX,Nuclear,11,,,,
2006,MEX,Nuclear,11,,,,
2007,MEX,Nuclear,10,,,,
2008,MEX,Nuclear,9.8,,,,
2009,MEX,Nuclear,11,,,,
2010,MEX,Nuclear,5.9,,,,
2011,MEX,Nuclear,10,,,,
2012,MEX,Nuclear,8.8,,,,
2013,MEX,Nuclear,12,,,,
2014,MEX,Nuclear,9.7,,,,
2015,MEX,Nuclear,12,,,,
2016,MEX,Nuclear,11,,,,
2017,MEX,Nuclear,11,,,,
2018,MEX,Nuclear,14,,,,
2019,MEX,Nuclear,11,,,,
2020,MEX,Nuclear,11,,,,
2021,MEX,Nuclear,12,,,,
2022,MEX,Nuclear,11,,,,
2023,MEX,Nuclear,12,,,,
2024,MEX,Nuclear,12,,,,
2025,MEX,Nuclear,10,,,,
1985,MEX,Solar,0,,,,
1986,MEX,Solar,0,,,,
1987,MEX,Solar,0,,,,
1988,MEX,Solar,0,,,,
1989,MEX,Solar,0,,,,
1990,MEX,Solar,0,,,,
1991,MEX,Solar,0,,,,
1992,MEX,Solar,0,,,,
1993,MEX,Solar,0,,,,
1994,MEX,Solar,0,,,,
1995,MEX,Solar,0,,,,
1996,MEX,Solar,0.01,,,,
1997,MEX,Solar,0.01,,,,
1998,MEX,Solar,0.01,,,,
1999,MEX,Solar,0.01,,,,
2000,MEX,Solar,0.01,,,,
2001,MEX,Solar,0.01,,,,
2002,MEX,Solar,0.01,,,,
2003,MEX,Solar,0.01,,,,
2004,MEX,Solar,0.01,,,,
2005,MEX,Solar,0.01,,,,
2006,MEX,Solar,0.01,,,,
2007,MEX,Solar,0.01,,,,
2008,MEX,Solar,0.02,,,,
2009,MEX,Solar,0.03,,,,
2010,MEX,Solar,0.03,,,,
2011,MEX,Solar,0.04,,,,
2012,MEX,Solar,0.07,,,,
2013,MEX,Solar,0.11,,,,
2014,MEX,Solar,0.22,,,,
2015,MEX,Solar,0.2,,,,
2016,MEX,Solar,0.25,,,,
2017,MEX,Solar,1.2,,,,
2018,MEX,Solar,3.2,,,,
2019,MEX,Solar,10,,,,
2020,MEX,Solar,16,,,,
2021,MEX,Solar,20,,,,
2022,MEX,Solar,20,,,,
2023,MEX,Solar,23,,,,
2024,MEX,Solar,26,,,,
2025,MEX,Solar,26,,,,
1985,MEX,Total,30,,,,
1986,MEX,Total,25,,,,
1987,MEX,Total,24,,,,
1988,MEX,Total,26,,,,
1989,MEX,Total,30,,,,
1990,MEX,Total,33,,,,
1991,MEX,Total,33,,,,
1992,MEX,Total,37,,,,
1993,MEX,Total,38,,,,
1994,MEX,Total,31,,,,
1995,MEX,Total,42,,,,
1996,MEX,Total,45,,,,
1997,MEX,Total,43,,,,
1998,MEX,Total,40,,,,
1999,MEX,Total,49,,,,
2000,MEX,Total,48,,,,
2001,MEX,Total,43,,,,
2002,MEX,Total,41,,,,
2003,MEX,Total,37,,,,
2004,MEX,Total,42,,,,
2005,MEX,Total,47,,,,
2006,MEX,Total,49,,,,
2007,MEX,Total,46,,,,
2008,MEX,Total,57,,,,
2009,MEX,Total,45,,,,
2010,MEX,Total,52,,,,
2011,MEX,Total,56,,,,
2012,MEX,Total,52,,,,
2013,MEX,Total,52,,,,
2014,MEX,Total,63,,,,
2015,MEX,Total,60,,,,
2016,MEX,Total,60,,,,
2017,MEX,Total,62,,,,
2018,MEX,Total,69,,,,
2019,MEX,Total,69,,,,
2020,MEX,Total,81,,,,
2021,MEX,Total,94,,,,
2022,MEX,Total,94,,,,
2023,MEX,Total,84,,,,
2024,MEX,Total,87,,,,
2025,MEX,Total,93,,,,
1985,MEX,Wind,0,,,,
1986,MEX,Wind,0,,,,
1987,MEX,Wind,0,,,,
1988,MEX,Wind,0,,,,
1989,MEX,Wind,0,,,,
1990,MEX,Wind,0,,,,
1991,MEX,Wind,0,,,,
1992,MEX,Wind,0,,,,
1993,MEX,Wind,0,,,,
1994,MEX,Wind,0,,,,
1995,MEX,Wind,0.01,,,,
1996,MEX,Wind,0.01,,,,
1997,MEX,Wind,0.01,,,,
1998,MEX,Wind,0.01,,,,
1999,MEX,Wind,0.02,,,,
2000,MEX,Wind,0.02,,,,
2001,MEX,Wind,0.02,,,,
2002,MEX,Wind,0.02,,,,
2003,MEX,Wind,0.02,,,,
2004,MEX,Wind,0.02,,,,
2005,MEX,Wind,0.02,,,,
2006,MEX,Wind,0.05,,,,
2007,MEX,Wind,0.25,,,,
2008,MEX,Wind,0.25,,,,
2009,MEX,Wind,0.6,,,,
2010,MEX,Wind,1.2,,,,
2011,MEX,Wind,1.7,,,,
2012,MEX,Wind,3.7,,,,
2013,MEX,Wind,4.2,,,,
2014,MEX,Wind,6.4,,,,
2015,MEX,Wind,8.8,,,,
2016,MEX,Wind,10,,,,
2017,MEX,Wind,11,,,,
2018,MEX,Wind,12,,,,
2019,MEX,Wind,17,,,,
2020,MEX,Wind,20,,,,
2021,MEX,Wind,21,,,,
2022,MEX,Wind,21,,,,
2023,MEX,Wind,21,,,,
2024,MEX,Wind,20,,,,
2025,MEX,Wind,21,,,,
1990,MKD,Hydro,0.49,,,,
1991,MKD,Hydro,0.85,,,,
1992,MKD,Hydro,0.85,,,,
1993,MKD,Hydro,0.52,,,,
1994,MKD,Hydro,0.69,,,,
1995,MKD,Hydro,0.8,,,,
1996,MKD,Hydro,0.85,,,,
1997,MKD,Hydro,0.9,,,,
1998,MKD,Hydro,1.1,,,,
1999,MKD,Hydro,1.4,,,,
2000,MKD,Hydro,1.2,,,,
2001,MKD,Hydro,0.63,,,,
2002,MKD,Hydro,0.76,,,,
2003,MKD,Hydro,1.4,,,,
2004,MKD,Hydro,1.5,,,,
2005,MKD,Hydro,1.5,,,,
2006,MKD,Hydro,1.7,,,,
2007,MKD,Hydro,1,,,,
2008,MKD,Hydro,0.84,,,,
2009,MKD,Hydro,1.3,,,,
2010,MKD,Hydro,2.4,,,,
2011,MKD,Hydro,1.4,,,,
2012,MKD,Hydro,1,,,,
2013,MKD,Hydro,1.6,,,,
2014,MKD,Hydro,1.2,,,,
2015,MKD,Hydro,1.9,,,,
2016,MKD,Hydro,1.9,,,,
2017,MKD,Hydro,1.1,,,,
2018,MKD,Hydro,1.8,,,,
2019,MKD,Hydro,1.2,,,,
2020,MKD,Hydro,1.3,,,,
2021,MKD,Hydro,1.5,,,,
2022,MKD,Hydro,1.4,,,,
2023,MKD,Hydro,1.6,,,,
2024,MKD,Hydro,1.4,,,,
2025,MKD,Hydro,1.2,,,,
1990,MKD,Nuclear,0,,,,
1991,MKD,Nuclear,0,,,,
1992,MKD,Nuclear,0,,,,
1993,MKD,Nuclear,0,,,,
1994,MKD,Nuclear,0,,,,
1995,MKD,Nuclear,0,,,,
1996,MKD,Nuclear,0,,,,
1997,MKD,Nuclear,0,,,,
1998,MKD,Nuclear,0,,,,
1999,MKD,Nuclear,0,,,,
2000,MKD,Nuclear,0,,,,
2001,MKD,Nuclear,0,,,,
2002,MKD,Nuclear,0,,,,
2003,MKD,Nuclear,0,,,,
2004,MKD,Nuclear,0,,,,
2005,MKD,Nuclear,0,,,,
2006,MKD,Nuclear,0,,,,
2007,MKD,Nuclear,0,,,,
2008,MKD,Nuclear,0,,,,
2009,MKD,Nuclear,0,,,,
2010,MKD,Nuclear,0,,,,
2011,MKD,Nuclear,0,,,,
2012,MKD,Nuclear,0,,,,
2013,MKD,Nuclear,0,,,,
2014,MKD,Nuclear,0,,,,
2015,MKD,Nuclear,0,,,,
2016,MKD,Nuclear,0,,,,
2017,MKD,Nuclear,0,,,,
2018,MKD,Nuclear,0,,,,
2019,MKD,Nuclear,0,,,,
2020,MKD,Nuclear,0,,,,
2021,MKD,Nuclear,0,,,,
2022,MKD,Nuclear,0,,,,
2023,MKD,Nuclear,0,,,,
2024,MKD,Nuclear,0,,,,
2025,MKD,Nuclear,0,,,,
1990,MKD,Other renewables,0,,,,
1991,MKD,Other renewables,0,,,,
1992,MKD,Other renewables,0,,,,
1993,MKD,Other renewables,0,,,,
1994,MKD,Other renewables,0,,,,
1995,MKD,Other renewables,0,,,,
1996,MKD,Other renewables,0,,,,
1997,MKD,Other renewables,0,,,,
1998,MKD,Other renewables,0,,,,
1999,MKD,Other renewables,0,,,,
2000,MKD,Other renewables,0,,,,
2001,MKD,Other renewables,0,,,,
2002,MKD,Other renewables,0,,,,
2003,MKD,Other renewables,0,,,,
2004,MKD,Other renewables,0,,,,
2005,MKD,Other renewables,0,,,,
2006,MKD,Other renewables,0,,,,
2007,MKD,Other renewables,0,,,,
2008,MKD,Other renewables,0,,,,
2009,MKD,Other renewables,0,,,,
2010,MKD,Other renewables,0,,,,
2011,MKD,Other renewables,0,,,,
2012,MKD,Other renewables,0,,,,
2013,MKD,Other renewables,0,,,,
2014,MKD,Other renewables,0,,,,
2015,MKD,Other renewables,0,,,,
2016,MKD,Other renewables,0,,,,
2017,MKD,Other renewables,0,,,,
2018,MKD,Other renewables,0,,,,
2019,MKD,Other renewables,0,,,,
2020,MKD,Other renewables,0,,,,
2021,MKD,Other renewables,0,,,,
2022,MKD,Other renewables,0,,,,
2023,MKD,Other renewables,0,,,,
2024,MKD,Other renewables,0,,,,
2025,MKD,Other renewables,0,,,,
1990,MKD,Solar,0,,,,
1991,MKD,Solar,0,,,,
1992,MKD,Solar,0,,,,
1993,MKD,Solar,0,,,,
1994,MKD,Solar,0,,,,
1995,MKD,Solar,0,,,,
1996,MKD,Solar,0,,,,
1997,MKD,Solar,0,,,,
1998,MKD,Solar,0,,,,
1999,MKD,Solar,0,,,,
2000,MKD,Solar,0,,,,
2001,MKD,Solar,0,,,,
2002,MKD,Solar,0,,,,
2003,MKD,Solar,0,,,,
2004,MKD,Solar,0,,,,
2005,MKD,Solar,0,,,,
2006,MKD,Solar,0,,,,
2007,MKD,Solar,0,,,,
2008,MKD,Solar,0,,,,
2009,MKD,Solar,0,,,,
2010,MKD,Solar,0,,,,
2011,MKD,Solar,0,,,,
2012,MKD,Solar,0,,,,
2013,MKD,Solar,0.01,,,,
2014,MKD,Solar,0.01,,,,
2015,MKD,Solar,0.02,,,,
2016,MKD,Solar,0.02,,,,
2017,MKD,Solar,0.02,,,,
2018,MKD,Solar,0.02,,,,
2019,MKD,Solar,0.02,,,,
2020,MKD,Solar,0.02,,,,
2021,MKD,Solar,0.05,,,,
2022,MKD,Solar,0.1,,,,
2023,MKD,Solar,0.37,,,,
2024,MKD,Solar,0.89,,,,
2025,MKD,Solar,2.2,,,,
1990,MKD,Total,0.49,,,,
1991,MKD,Total,0.85,,,,
1992,MKD,Total,0.85,,,,
1993,MKD,Total,0.52,,,,
1994,MKD,Total,0.69,,,,
1995,MKD,Total,0.8,,,,
1996,MKD,Total,0.85,,,,
1997,MKD,Total,0.9,,,,
1998,MKD,Total,1.1,,,,
1999,MKD,Total,1.4,,,,
2000,MKD,Total,1.2,,,,
2001,MKD,Total,0.63,,,,
2002,MKD,Total,0.76,,,,
2003,MKD,Total,1.4,,,,
2004,MKD,Total,1.5,,,,
2005,MKD,Total,1.5,,,,
2006,MKD,Total,1.7,,,,
2007,MKD,Total,1,,,,
2008,MKD,Total,0.84,,,,
2009,MKD,Total,1.3,,,,
2010,MKD,Total,2.4,,,,
2011,MKD,Total,1.4,,,,
2012,MKD,Total,1,,,,
2013,MKD,Total,1.6,,,,
2014,MKD,Total,1.3,,,,
2015,MKD,Total,2,,,,
2016,MKD,Total,2.1,,,,
2017,MKD,Total,1.3,,,,
2018,MKD,Total,2,,,,
2019,MKD,Total,1.3,,,,
2020,MKD,Total,1.5,,,,
2021,MKD,Total,1.7,,,,
2022,MKD,Total,1.6,,,,
2023,MKD,Total,2.2,,,,
2024,MKD,Total,2.5,,,,
2025,MKD,Total,3.8,,,,
1990,MKD,Wind,0,,,,
1991,MKD,Wind,0,,,,
1992,MKD,Wind,0,,,,
1993,MKD,Wind,0,,,,
1994,MKD,Wind,0,,,,
1995,MKD,Wind,0,,,,
1996,MKD,Wind,0,,,,
1997,MKD,Wind,0,,,,
1998,MKD,Wind,0,,,,
1999,MKD,Wind,0,,,,
2014,MKD,Wind,0.07,,,,
2015,MKD,Wind,0.12,,,,
2016,MKD,Wind,0.11,,,,
2017,MKD,Wind,0.11,,,,
2018,MKD,Wind,0.1,,,,
2019,MKD,Wind,0.1,,,,
2020,MKD,Wind,0.12,,,,
2021,MKD,Wind,0.1,,,,
2022,MKD,Wind,0.11,,,,
2023,MKD,Wind,0.16,,,,
2024,MKD,Wind,0.17,,,,
2025,MKD,Wind,0.3,,,,
2000,MLI,Hydro,0.23,,,,
2001,MLI,Hydro,0.23,,,,
2002,MLI,Hydro,0.24,,,,
2003,MLI,Hydro,0.23,,,,
2004,MLI,Hydro,0.25,,,,
2005,MLI,Hydro,0.45,,,,
2006,MLI,Hydro,0.48,,,,
2007,MLI,Hydro,0.47,,,,
2008,MLI,Hydro,0.57,,,,
2009,MLI,Hydro,0.67,,,,
2010,MLI,Hydro,1.1,,,,
2011,MLI,Hydro,1.2,,,,
2012,MLI,Hydro,1.2,,,,
2013,MLI,Hydro,1.1,,,,
2014,MLI,Hydro,1.4,,,,
2015,MLI,Hydro,1.1,,,,
2016,MLI,Hydro,1.5,,,,
2017,MLI,Hydro,1.5,,,,
2018,MLI,Hydro,1.4,,,,
2019,MLI,Hydro,1.4,,,,
2020,MLI,Hydro,1.4,,,,
2021,MLI,Hydro,1.3,,,,
2022,MLI,Hydro,1.6,,,,
2023,MLI,Hydro,0.97,,,,
2024,MLI,Hydro,0.92,,,,
2000,MLI,Nuclear,0,,,,
2001,MLI,Nuclear,0,,,,
2002,MLI,Nuclear,0,,,,
2003,MLI,Nuclear,0,,,,
2004,MLI,Nuclear,0,,,,
2005,MLI,Nuclear,0,,,,
2006,MLI,Nuclear,0,,,,
2007,MLI,Nuclear,0,,,,
2008,MLI,Nuclear,0,,,,
2009,MLI,Nuclear,0,,,,
2010,MLI,Nuclear,0,,,,
2011,MLI,Nuclear,0,,,,
2012,MLI,Nuclear,0,,,,
2013,MLI,Nuclear,0,,,,
2014,MLI,Nuclear,0,,,,
2015,MLI,Nuclear,0,,,,
2016,MLI,Nuclear,0,,,,
2017,MLI,Nuclear,0,,,,
2018,MLI,Nuclear,0,,,,
2019,MLI,Nuclear,0,,,,
2020,MLI,Nuclear,0,,,,
2021,MLI,Nuclear,0,,,,
2022,MLI,Nuclear,0,,,,
2023,MLI,Nuclear,0,,,,
2024,MLI,Nuclear,0,,,,
2000,MLI,Other renewables,0,,,,
2001,MLI,Other renewables,0,,,,
2002,MLI,Other renewables,0,,,,
2003,MLI,Other renewables,0,,,,
2004,MLI,Other renewables,0,,,,
2005,MLI,Other renewables,0,,,,
2006,MLI,Other renewables,0,,,,
2007,MLI,Other renewables,0,,,,
2008,MLI,Other renewables,0,,,,
2009,MLI,Other renewables,0,,,,
2010,MLI,Other renewables,0,,,,
2011,MLI,Other renewables,0,,,,
2012,MLI,Other renewables,0,,,,
2013,MLI,Other renewables,0,,,,
2014,MLI,Other renewables,0,,,,
2015,MLI,Other renewables,0,,,,
2016,MLI,Other renewables,0,,,,
2017,MLI,Other renewables,0,,,,
2018,MLI,Other renewables,0,,,,
2019,MLI,Other renewables,0,,,,
2020,MLI,Other renewables,0,,,,
2021,MLI,Other renewables,0,,,,
2022,MLI,Other renewables,0,,,,
2023,MLI,Other renewables,0,,,,
2024,MLI,Other renewables,0,,,,
2000,MLI,Solar,0,,,,
2001,MLI,Solar,0,,,,
2002,MLI,Solar,0,,,,
2003,MLI,Solar,0,,,,
2004,MLI,Solar,0,,,,
2005,MLI,Solar,0,,,,
2006,MLI,Solar,0,,,,
2007,MLI,Solar,0,,,,
2008,MLI,Solar,0,,,,
2009,MLI,Solar,0,,,,
2010,MLI,Solar,0.01,,,,
2011,MLI,Solar,0.02,,,,
2012,MLI,Solar,0.03,,,,
2013,MLI,Solar,0.03,,,,
2014,MLI,Solar,0.03,,,,
2015,MLI,Solar,0.03,,,,
2016,MLI,Solar,0.03,,,,
2017,MLI,Solar,0.03,,,,
2018,MLI,Solar,0.03,,,,
2019,MLI,Solar,0.03,,,,
2020,MLI,Solar,0.1,,,,
2021,MLI,Solar,0.14,,,,
2022,MLI,Solar,0.15,,,,
2023,MLI,Solar,0.15,,,,
2024,MLI,Solar,0.17,,,,
2000,MLI,Total,0.28,,,,
2001,MLI,Total,0.28,,,,
2002,MLI,Total,0.29,,,,
2003,MLI,Total,0.28,,,,
2004,MLI,Total,0.3,,,,
2005,MLI,Total,0.5,,,,
2006,MLI,Total,0.53,,,,
2007,MLI,Total,0.52,,,,
2008,MLI,Total,0.62,,,,
2009,MLI,Total,0.72,,,,
2010,MLI,Total,1.2,,,,
2011,MLI,Total,1.2,,,,
2012,MLI,Total,1.3,,,,
2013,MLI,Total,1.2,,,,
2014,MLI,Total,1.5,,,,
2015,MLI,Total,1.2,,,,
2016,MLI,Total,1.6,,,,
2017,MLI,Total,1.6,,,,
2018,MLI,Total,1.5,,,,
2019,MLI,Total,1.5,,,,
2020,MLI,Total,1.6,,,,
2021,MLI,Total,1.5,,,,
2022,MLI,Total,1.9,,,,
2023,MLI,Total,1.2,,,,
2024,MLI,Total,1.2,,,,
2000,MLI,Wind,0,,,,
2001,MLI,Wind,0,,,,
2002,MLI,Wind,0,,,,
2003,MLI,Wind,0,,,,
2004,MLI,Wind,0,,,,
2005,MLI,Wind,0,,,,
2006,MLI,Wind,0,,,,
2007,MLI,Wind,0,,,,
2008,MLI,Wind,0,,,,
2009,MLI,Wind,0,,,,
2010,MLI,Wind,0,,,,
2011,MLI,Wind,0,,,,
2012,MLI,Wind,0,,,,
2013,MLI,Wind,0,,,,
2014,MLI,Wind,0,,,,
2015,MLI,Wind,0,,,,
2016,MLI,Wind,0,,,,
2017,MLI,Wind,0,,,,
2018,MLI,Wind,0,,,,
2019,MLI,Wind,0,,,,
2020,MLI,Wind,0,,,,
2021,MLI,Wind,0,,,,
2022,MLI,Wind,0,,,,
2023,MLI,Wind,0,,,,
2024,MLI,Wind,0,,,,
1990,MLT,Hydro,0,,,,
1991,MLT,Hydro,0,,,,
1992,MLT,Hydro,0,,,,
1993,MLT,Hydro,0,,,,
1994,MLT,Hydro,0,,,,
1995,MLT,Hydro,0,,,,
1996,MLT,Hydro,0,,,,
1997,MLT,Hydro,0,,,,
1998,MLT,Hydro,0,,,,
1999,MLT,Hydro,0,,,,
2000,MLT,Hydro,0,,,,
2001,MLT,Hydro,0,,,,
2002,MLT,Hydro,0,,,,
2003,MLT,Hydro,0,,,,
2004,MLT,Hydro,0,,,,
2005,MLT,Hydro,0,,,,
2006,MLT,Hydro,0,,,,
2007,MLT,Hydro,0,,,,
2008,MLT,Hydro,0,,,,
2009,MLT,Hydro,0,,,,
2010,MLT,Hydro,0,,,,
2011,MLT,Hydro,0,,,,
2012,MLT,Hydro,0,,,,
2013,MLT,Hydro,0,,,,
2014,MLT,Hydro,0,,,,
2015,MLT,Hydro,0,,,,
2016,MLT,Hydro,0,,,,
2017,MLT,Hydro,0,,,,
2018,MLT,Hydro,0,,,,
2019,MLT,Hydro,0,,,,
2020,MLT,Hydro,0,,,,
2021,MLT,Hydro,0,,,,
2022,MLT,Hydro,0,,,,
2023,MLT,Hydro,0,,,,
2024,MLT,Hydro,0,,,,
2025,MLT,Hydro,0,,,,
1990,MLT,Nuclear,0,,,,
1991,MLT,Nuclear,0,,,,
1992,MLT,Nuclear,0,,,,
1993,MLT,Nuclear,0,,,,
1994,MLT,Nuclear,0,,,,
1995,MLT,Nuclear,0,,,,
1996,MLT,Nuclear,0,,,,
1997,MLT,Nuclear,0,,,,
1998,MLT,Nuclear,0,,,,
1999,MLT,Nuclear,0,,,,
2000,MLT,Nuclear,0,,,,
2001,MLT,Nuclear,0,,,,
2002,MLT,Nuclear,0,,,,
2003,MLT,Nuclear,0,,,,
2004,MLT,Nuclear,0,,,,
2005,MLT,Nuclear,0,,,,
2006,MLT,Nuclear,0,,,,
2007,MLT,Nuclear,0,,,,
2008,MLT,Nuclear,0,,,,
2009,MLT,Nuclear,0,,,,
2010,MLT,Nuclear,0,,,,
2011,MLT,Nuclear,0,,,,
2012,MLT,Nuclear,0,,,,
2013,MLT,Nuclear,0,,,,
2014,MLT,Nuclear,0,,,,
2015,MLT,Nuclear,0,,,,
2016,MLT,Nuclear,0,,,,
2017,MLT,Nuclear,0,,,,
2018,MLT,Nuclear,0,,,,
2019,MLT,Nuclear,0,,,,
2020,MLT,Nuclear,0,,,,
2021,MLT,Nuclear,0,,,,
2022,MLT,Nuclear,0,,,,
2023,MLT,Nuclear,0,,,,
2024,MLT,Nuclear,0,,,,
2025,MLT,Nuclear,0,,,,
1990,MLT,Other renewables,0,,,,
1991,MLT,Other renewables,0,,,,
1992,MLT,Other renewables,0,,,,
1993,MLT,Other renewables,0,,,,
1994,MLT,Other renewables,0,,,,
1995,MLT,Other renewables,0,,,,
1996,MLT,Other renewables,0,,,,
1997,MLT,Other renewables,0,,,,
1998,MLT,Other renewables,0,,,,
1999,MLT,Other renewables,0,,,,
2000,MLT,Other renewables,0,,,,
2001,MLT,Other renewables,0,,,,
2002,MLT,Other renewables,0,,,,
2003,MLT,Other renewables,0,,,,
2004,MLT,Other renewables,0,,,,
2005,MLT,Other renewables,0,,,,
2006,MLT,Other renewables,0,,,,
2007,MLT,Other renewables,0,,,,
2008,MLT,Other renewables,0,,,,
2009,MLT,Other renewables,0,,,,
2010,MLT,Other renewables,0,,,,
2011,MLT,Other renewables,0,,,,
2012,MLT,Other renewables,0,,,,
2013,MLT,Other renewables,0,,,,
2014,MLT,Other renewables,0,,,,
2015,MLT,Other renewables,0,,,,
2016,MLT,Other renewables,0,,,,
2017,MLT,Other renewables,0,,,,
2018,MLT,Other renewables,0,,,,
2019,MLT,Other renewables,0,,,,
2020,MLT,Other renewables,0,,,,
2021,MLT,Other renewables,0,,,,
2022,MLT,Other renewables,0,,,,
2023,MLT,Other renewables,0,,,,
2024,MLT,Other renewables,0,,,,
2025,MLT,Other renewables,0,,,,
1990,MLT,Solar,0,,,,
1991,MLT,Solar,0,,,,
1992,MLT,Solar,0,,,,
1993,MLT,Solar,0,,,,
1994,MLT,Solar,0,,,,
1995,MLT,Solar,0,,,,
1996,MLT,Solar,0,,,,
1997,MLT,Solar,0,,,,
1998,MLT,Solar,0,,,,
1999,MLT,Solar,0,,,,
2000,MLT,Solar,0,,,,
2001,MLT,Solar,0,,,,
2002,MLT,Solar,0,,,,
2003,MLT,Solar,0,,,,
2004,MLT,Solar,0,,,,
2005,MLT,Solar,0,,,,
2006,MLT,Solar,0,,,,
2007,MLT,Solar,0,,,,
2008,MLT,Solar,0,,,,
2009,MLT,Solar,0,,,,
2010,MLT,Solar,0,,,,
2011,MLT,Solar,0,,,,
2012,MLT,Solar,0.02,,,,
2013,MLT,Solar,0.03,,,,
2014,MLT,Solar,0.07,,,,
2015,MLT,Solar,0.09,,,,
2016,MLT,Solar,0.13,,,,
2017,MLT,Solar,0.16,,,,
2018,MLT,Solar,0.19,,,,
2019,MLT,Solar,0.2,,,,
2020,MLT,Solar,0.24,,,,
2021,MLT,Solar,0.26,,,,
2022,MLT,Solar,0.29,,,,
2023,MLT,Solar,0.31,,,,
2024,MLT,Solar,0.33,,,,
2025,MLT,Solar,0.34,,,,
1990,MLT,Total,0,,,,
1991,MLT,Total,0,,,,
1992,MLT,Total,0,,,,
1993,MLT,Total,0,,,,
1994,MLT,Total,0,,,,
1995,MLT,Total,0,,,,
1996,MLT,Total,0,,,,
1997,MLT,Total,0,,,,
1998,MLT,Total,0,,,,
1999,MLT,Total,0,,,,
2000,MLT,Total,0,,,,
2001,MLT,Total,0,,,,
2002,MLT,Total,0,,,,
2003,MLT,Total,0,,,,
2004,MLT,Total,0,,,,
2005,MLT,Total,0,,,,
2006,MLT,Total,0,,,,
2007,MLT,Total,0,,,,
2008,MLT,Total,0,,,,
2009,MLT,Total,0,,,,
2010,MLT,Total,0,,,,
2011,MLT,Total,0,,,,
2012,MLT,Total,0.03,,,,
2013,MLT,Total,0.04,,,,
2014,MLT,Total,0.08,,,,
2015,MLT,Total,0.1,,,,
2016,MLT,Total,0.14,,,,
2017,MLT,Total,0.17,,,,
2018,MLT,Total,0.2,,,,
2019,MLT,Total,0.21,,,,
2020,MLT,Total,0.25,,,,
2021,MLT,Total,0.27,,,,
2022,MLT,Total,0.3,,,,
2023,MLT,Total,0.32,,,,
2024,MLT,Total,0.34,,,,
2025,MLT,Total,0.35,,,,
1990,MLT,Wind,0,,,,
1991,MLT,Wind,0,,,,
1992,MLT,Wind,0,,,,
1993,MLT,Wind,0,,,,
1994,MLT,Wind,0,,,,
1995,MLT,Wind,0,,,,
1996,MLT,Wind,0,,,,
1997,MLT,Wind,0,,,,
1998,MLT,Wind,0,,,,
1999,MLT,Wind,0,,,,
2012,MLT,Wind,0,,,,
2013,MLT,Wind,0,,,,
2014,MLT,Wind,0,,,,
2015,MLT,Wind,0,,,,
2016,MLT,Wind,0,,,,
2017,MLT,Wind,0,,,,
2018,MLT,Wind,0,,,,
2019,MLT,Wind,0,,,,
2020,MLT,Wind,0,,,,
2021,MLT,Wind,0,,,,
2022,MLT,Wind,0,,,,
2023,MLT,Wind,0,,,,
2024,MLT,Wind,0,,,,
2025,MLT,Wind,0,,,,
2000,MMR,Hydro,1.9,,,,
2001,MMR,Hydro,1.8,,,,
2002,MMR,Hydro,2.1,,,,
2003,MMR,Hydro,2.1,,,,
2004,MMR,Hydro,2.4,,,,
2005,MMR,Hydro,3,,,,
2006,MMR,Hydro,3.3,,,,
2007,MMR,Hydro,3.6,,,,
2008,MMR,Hydro,4.1,,,,
2009,MMR,Hydro,5.3,,,,
2010,MMR,Hydro,6.2,,,,
2011,MMR,Hydro,7.5,,,,
2012,MMR,Hydro,7.8,,,,
2013,MMR,Hydro,8.8,,,,
2014,MMR,Hydro,8.8,,,,
2015,MMR,Hydro,9.4,,,,
2016,MMR,Hydro,9.7,,,,
2017,MMR,Hydro,11,,,,
2018,MMR,Hydro,12,,,,
2019,MMR,Hydro,11,,,,
2020,MMR,Hydro,8.8,,,,
2021,MMR,Hydro,9.5,,,,
2022,MMR,Hydro,9.1,,,,
2023,MMR,Hydro,9.4,,,,
2024,MMR,Hydro,10,,,,
2000,MMR,Nuclear,0,,,,
2001,MMR,Nuclear,0,,,,
2002,MMR,Nuclear,0,,,,
2003,MMR,Nuclear,0,,,,
2004,MMR,Nuclear,0,,,,
2005,MMR,Nuclear,0,,,,
2006,MMR,Nuclear,0,,,,
2007,MMR,Nuclear,0,,,,
2008,MMR,Nuclear,0,,,,
2009,MMR,Nuclear,0,,,,
2010,MMR,Nuclear,0,,,,
2011,MMR,Nuclear,0,,,,
2012,MMR,Nuclear,0,,,,
2013,MMR,Nuclear,0,,,,
2014,MMR,Nuclear,0,,,,
2015,MMR,Nuclear,0,,,,
2016,MMR,Nuclear,0,,,,
2017,MMR,Nuclear,0,,,,
2018,MMR,Nuclear,0,,,,
2019,MMR,Nuclear,0,,,,
2020,MMR,Nuclear,0,,,,
2021,MMR,Nuclear,0,,,,
2022,MMR,Nuclear,0,,,,
2023,MMR,Nuclear,0,,,,
2024,MMR,Nuclear,0,,,,
2000,MMR,Other renewables,0,,,,
2001,MMR,Other renewables,0,,,,
2002,MMR,Other renewables,0,,,,
2003,MMR,Other renewables,0,,,,
2004,MMR,Other renewables,0,,,,
2005,MMR,Other renewables,0,,,,
2006,MMR,Other renewables,0,,,,
2007,MMR,Other renewables,0,,,,
2008,MMR,Other renewables,0,,,,
2009,MMR,Other renewables,0,,,,
2010,MMR,Other renewables,0,,,,
2011,MMR,Other renewables,0,,,,
2012,MMR,Other renewables,0,,,,
2013,MMR,Other renewables,0,,,,
2014,MMR,Other renewables,0,,,,
2015,MMR,Other renewables,0,,,,
2016,MMR,Other renewables,0,,,,
2017,MMR,Other renewables,0,,,,
2018,MMR,Other renewables,0,,,,
2019,MMR,Other renewables,0,,,,
2020,MMR,Other renewables,0,,,,
2021,MMR,Other renewables,0,,,,
2022,MMR,Other renewables,0,,,,
2023,MMR,Other renewables,0,,,,
2024,MMR,Other renewables,0,,,,
2000,MMR,Solar,0,,,,
2001,MMR,Solar,0,,,,
2002,MMR,Solar,0,,,,
2003,MMR,Solar,0,,,,
2004,MMR,Solar,0,,,,
2005,MMR,Solar,0,,,,
2006,MMR,Solar,0,,,,
2007,MMR,Solar,0,,,,
2008,MMR,Solar,0,,,,
2009,MMR,Solar,0,,,,
2010,MMR,Solar,0,,,,
2011,MMR,Solar,0,,,,
2012,MMR,Solar,0,,,,
2013,MMR,Solar,0.01,,,,
2014,MMR,Solar,0.01,,,,
2015,MMR,Solar,0.03,,,,
2016,MMR,Solar,0.05,,,,
2017,MMR,Solar,0.06,,,,
2018,MMR,Solar,0.07,,,,
2019,MMR,Solar,0.09,,,,
2020,MMR,Solar,0.08,,,,
2021,MMR,Solar,0.09,,,,
2022,MMR,Solar,0.16,,,,
2023,MMR,Solar,0.11,,,,
2024,MMR,Solar,0.12,,,,
2000,MMR,Total,1.9,,,,
2001,MMR,Total,1.8,,,,
2002,MMR,Total,2.1,,,,
2003,MMR,Total,2.1,,,,
2004,MMR,Total,2.4,,,,
2005,MMR,Total,3,,,,
2006,MMR,Total,3.3,,,,
2007,MMR,Total,3.6,,,,
2008,MMR,Total,4.1,,,,
2009,MMR,Total,5.3,,,,
2010,MMR,Total,6.2,,,,
2011,MMR,Total,7.5,,,,
2012,MMR,Total,8,,,,
2013,MMR,Total,9,,,,
2014,MMR,Total,9.1,,,,
2015,MMR,Total,9.6,,,,
2016,MMR,Total,10,,,,
2017,MMR,Total,11,,,,
2018,MMR,Total,13,,,,
2019,MMR,Total,11,,,,
2020,MMR,Total,9.1,,,,
2021,MMR,Total,9.9,,,,
2022,MMR,Total,9.5,,,,
2023,MMR,Total,9.8,,,,
2024,MMR,Total,10,,,,
2000,MMR,Wind,0,,,,
2001,MMR,Wind,0,,,,
2002,MMR,Wind,0,,,,
2003,MMR,Wind,0,,,,
2004,MMR,Wind,0,,,,
2005,MMR,Wind,0,,,,
2006,MMR,Wind,0,,,,
2007,MMR,Wind,0,,,,
2008,MMR,Wind,0,,,,
2009,MMR,Wind,0,,,,
2010,MMR,Wind,0,,,,
2011,MMR,Wind,0,,,,
2012,MMR,Wind,0,,,,
2013,MMR,Wind,0,,,,
2014,MMR,Wind,0,,,,
2015,MMR,Wind,0,,,,
2016,MMR,Wind,0,,,,
2017,MMR,Wind,0,,,,
2018,MMR,Wind,0,,,,
2019,MMR,Wind,0,,,,
2020,MMR,Wind,0,,,,
2021,MMR,Wind,0,,,,
2022,MMR,Wind,0,,,,
2023,MMR,Wind,0,,,,
2024,MMR,Wind,0,,,,
2005,MNE,Hydro,1.9,,,,
2006,MNE,Hydro,1.8,,,,
2007,MNE,Hydro,1.3,,,,
2008,MNE,Hydro,1.5,,,,
2009,MNE,Hydro,2.1,,,,
2010,MNE,Hydro,2.8,,,,
2011,MNE,Hydro,1.2,,,,
2012,MNE,Hydro,1.5,,,,
2013,MNE,Hydro,2.5,,,,
2014,MNE,Hydro,1.8,,,,
2015,MNE,Hydro,1.5,,,,
2016,MNE,Hydro,1.8,,,,
2017,MNE,Hydro,1,,,,
2018,MNE,Hydro,2.1,,,,
2019,MNE,Hydro,1.6,,,,
2020,MNE,Hydro,1.5,,,,
2021,MNE,Hydro,2,,,,
2022,MNE,Hydro,1.4,,,,
2023,MNE,Hydro,2.2,,,,
2024,MNE,Hydro,1.8,,,,
2025,MNE,Hydro,1.4,,,,
2005,MNE,Nuclear,0,,,,
2006,MNE,Nuclear,0,,,,
2007,MNE,Nuclear,0,,,,
2008,MNE,Nuclear,0,,,,
2009,MNE,Nuclear,0,,,,
2010,MNE,Nuclear,0,,,,
2011,MNE,Nuclear,0,,,,
2012,MNE,Nuclear,0,,,,
2013,MNE,Nuclear,0,,,,
2014,MNE,Nuclear,0,,,,
2015,MNE,Nuclear,0,,,,
2016,MNE,Nuclear,0,,,,
2017,MNE,Nuclear,0,,,,
2018,MNE,Nuclear,0,,,,
2019,MNE,Nuclear,0,,,,
2020,MNE,Nuclear,0,,,,
2021,MNE,Nuclear,0,,,,
2022,MNE,Nuclear,0,,,,
2023,MNE,Nuclear,0,,,,
2024,MNE,Nuclear,0,,,,
2025,MNE,Nuclear,0,,,,
2005,MNE,Other renewables,0,,,,
2006,MNE,Other renewables,0,,,,
2007,MNE,Other renewables,0,,,,
2008,MNE,Other renewables,0,,,,
2009,MNE,Other renewables,0,,,,
2010,MNE,Other renewables,0,,,,
2011,MNE,Other renewables,0,,,,
2012,MNE,Other renewables,0,,,,
2013,MNE,Other renewables,0,,,,
2014,MNE,Other renewables,0,,,,
2015,MNE,Other renewables,0,,,,
2016,MNE,Other renewables,0,,,,
2017,MNE,Other renewables,0,,,,
2018,MNE,Other renewables,0,,,,
2019,MNE,Other renewables,0,,,,
2020,MNE,Other renewables,0,,,,
2021,MNE,Other renewables,0,,,,
2022,MNE,Other renewables,0,,,,
2023,MNE,Other renewables,0,,,,
2024,MNE,Other renewables,0,,,,
2025,MNE,Other renewables,0,,,,
2005,MNE,Solar,0,,,,
2006,MNE,Solar,0,,,,
2007,MNE,Solar,0,,,,
2008,MNE,Solar,0,,,,
2009,MNE,Solar,0,,,,
2010,MNE,Solar,0,,,,
2011,MNE,Solar,0,,,,
2012,MNE,Solar,0,,,,
2013,MNE,Solar,0,,,,
2014,MNE,Solar,0,,,,
2015,MNE,Solar,0,,,,
2016,MNE,Solar,0,,,,
2017,MNE,Solar,0,,,,
2018,MNE,Solar,0,,,,
2019,MNE,Solar,0,,,,
2020,MNE,Solar,0,,,,
2021,MNE,Solar,0,,,,
2022,MNE,Solar,0,,,,
2023,MNE,Solar,0.02,,,,
2024,MNE,Solar,0.06,,,,
2025,MNE,Solar,0.14,,,,
2005,MNE,Total,1.9,,,,
2006,MNE,Total,1.8,,,,
2007,MNE,Total,1.3,,,,
2008,MNE,Total,1.5,,,,
2009,MNE,Total,2.1,,,,
2010,MNE,Total,2.8,,,,
2011,MNE,Total,1.2,,,,
2012,MNE,Total,1.5,,,,
2013,MNE,Total,2.5,,,,
2014,MNE,Total,1.8,,,,
2015,MNE,Total,1.5,,,,
2016,MNE,Total,1.8,,,,
2017,MNE,Total,1.1,,,,
2018,MNE,Total,2.3,,,,
2019,MNE,Total,1.9,,,,
2020,MNE,Total,1.8,,,,
2021,MNE,Total,2.3,,,,
2022,MNE,Total,1.8,,,,
2023,MNE,Total,2.6,,,,
2024,MNE,Total,2.1,,,,
2025,MNE,Total,1.9,,,,
2017,MNE,Wind,0.1,,,,
2018,MNE,Wind,0.14,,,,
2019,MNE,Wind,0.3,,,,
2020,MNE,Wind,0.32,,,,
2021,MNE,Wind,0.32,,,,
2022,MNE,Wind,0.32,,,,
2023,MNE,Wind,0.31,,,,
2024,MNE,Wind,0.27,,,,
2025,MNE,Wind,0.28,,,,
2000,MNG,Hydro,0,,,,
2001,MNG,Hydro,0,,,,
2002,MNG,Hydro,0,,,,
2003,MNG,Hydro,0,,,,
2004,MNG,Hydro,0,,,,
2005,MNG,Hydro,0,,,,
2006,MNG,Hydro,0,,,,
2007,MNG,Hydro,0,,,,
2008,MNG,Hydro,0,,,,
2009,MNG,Hydro,0.02,,,,
2010,MNG,Hydro,0.04,,,,
2011,MNG,Hydro,0.05,,,,
2012,MNG,Hydro,0.05,,,,
2013,MNG,Hydro,0.06,,,,
2014,MNG,Hydro,0.07,,,,
2015,MNG,Hydro,0.06,,,,
2016,MNG,Hydro,0.09,,,,
2017,MNG,Hydro,0.08,,,,
2018,MNG,Hydro,0.08,,,,
2019,MNG,Hydro,0.09,,,,
2020,MNG,Hydro,0.08,,,,
2021,MNG,Hydro,0.08,,,,
2022,MNG,Hydro,0.06,,,,
2023,MNG,Hydro,0.06,,,,
2024,MNG,Hydro,0.06,,,,
2025,MNG,Hydro,0.06,,,,
2000,MNG,Nuclear,0,,,,
2001,MNG,Nuclear,0,,,,
2002,MNG,Nuclear,0,,,,
2003,MNG,Nuclear,0,,,,
2004,MNG,Nuclear,0,,,,
2005,MNG,Nuclear,0,,,,
2006,MNG,Nuclear,0,,,,
2007,MNG,Nuclear,0,,,,
2008,MNG,Nuclear,0,,,,
2009,MNG,Nuclear,0,,,,
2010,MNG,Nuclear,0,,,,
2011,MNG,Nuclear,0,,,,
2012,MNG,Nuclear,0,,,,
2013,MNG,Nuclear,0,,,,
2014,MNG,Nuclear,0,,,,
2015,MNG,Nuclear,0,,,,
2016,MNG,Nuclear,0,,,,
2017,MNG,Nuclear,0,,,,
2018,MNG,Nuclear,0,,,,
2019,MNG,Nuclear,0,,,,
2020,MNG,Nuclear,0,,,,
2021,MNG,Nuclear,0,,,,
2022,MNG,Nuclear,0,,,,
2023,MNG,Nuclear,0,,,,
2024,MNG,Nuclear,0,,,,
2025,MNG,Nuclear,0,,,,
2000,MNG,Other renewables,0,,,,
2001,MNG,Other renewables,0,,,,
2002,MNG,Other renewables,0,,,,
2003,MNG,Other renewables,0,,,,
2004,MNG,Other renewables,0,,,,
2005,MNG,Other renewables,0,,,,
2006,MNG,Other renewables,0,,,,
2007,MNG,Other renewables,0,,,,
2008,MNG,Other renewables,0,,,,
2009,MNG,Other renewables,0,,,,
2010,MNG,Other renewables,0,,,,
2011,MNG,Other renewables,0,,,,
2012,MNG,Other renewables,0,,,,
2013,MNG,Other renewables,0,,,,
2014,MNG,Other renewables,0,,,,
2015,MNG,Other renewables,0,,,,
2016,MNG,Other renewables,0,,,,
2017,MNG,Other renewables,0,,,,
2018,MNG,Other renewables,0,,,,
2019,MNG,Other renewables,0,,,,
2020,MNG,Other renewables,0,,,,
2021,MNG,Other renewables,0,,,,
2022,MNG,Other renewables,0,,,,
2023,MNG,Other renewables,0,,,,
2024,MNG,Other renewables,0,,,,
2025,MNG,Other renewables,0,,,,
2000,MNG,Solar,0,,,,
2001,MNG,Solar,0,,,,
2002,MNG,Solar,0,,,,
2003,MNG,Solar,0,,,,
2004,MNG,Solar,0,,,,
2005,MNG,Solar,0,,,,
2006,MNG,Solar,0,,,,
2007,MNG,Solar,0,,,,
2008,MNG,Solar,0.01,,,,
2009,MNG,Solar,0.01,,,,
2010,MNG,Solar,0.01,,,,
2011,MNG,Solar,0.01,,,,
2012,MNG,Solar,0.01,,,,
2013,MNG,Solar,0.01,,,,
2014,MNG,Solar,0.01,,,,
2015,MNG,Solar,0.01,,,,
2016,MNG,Solar,0.01,,,,
2017,MNG,Solar,0.03,,,,
2018,MNG,Solar,0.06,,,,
2019,MNG,Solar,0.12,,,,
2020,MNG,Solar,0.12,,,,
2021,MNG,Solar,0.17,,,,
2022,MNG,Solar,0.19,,,,
2023,MNG,Solar,0.19,,,,
2024,MNG,Solar,0.21,,,,
2025,MNG,Solar,0.21,,,,
2000,MNG,Total,0,,,,
2001,MNG,Total,0,,,,
2002,MNG,Total,0,,,,
2003,MNG,Total,0,,,,
2004,MNG,Total,0,,,,
2005,MNG,Total,0,,,,
2006,MNG,Total,0,,,,
2007,MNG,Total,0,,,,
2008,MNG,Total,0.01,,,,
2009,MNG,Total,0.03,,,,
2010,MNG,Total,0.05,,,,
2011,MNG,Total,0.06,,,,
2012,MNG,Total,0.06,,,,
2013,MNG,Total,0.12,,,,
2014,MNG,Total,0.21,,,,
2015,MNG,Total,0.22,,,,
2016,MNG,Total,0.25,,,,
2017,MNG,Total,0.25,,,,
2018,MNG,Total,0.44,,,,
2019,MNG,Total,0.69,,,,
2020,MNG,Total,0.68,,,,
2021,MNG,Total,0.83,,,,
2022,MNG,Total,0.76,,,,
2023,MNG,Total,0.76,,,,
2024,MNG,Total,0.78,,,,
2025,MNG,Total,0.81,,,,
2000,MNG,Wind,0,,,,
2001,MNG,Wind,0,,,,
2002,MNG,Wind,0,,,,
2003,MNG,Wind,0,,,,
2004,MNG,Wind,0,,,,
2005,MNG,Wind,0,,,,
2006,MNG,Wind,0,,,,
2007,MNG,Wind,0,,,,
2008,MNG,Wind,0,,,,
2009,MNG,Wind,0,,,,
2010,MNG,Wind,0,,,,
2011,MNG,Wind,0,,,,
2012,MNG,Wind,0,,,,
2013,MNG,Wind,0.05,,,,
2014,MNG,Wind,0.13,,,,
2015,MNG,Wind,0.15,,,,
2016,MNG,Wind,0.15,,,,
2017,MNG,Wind,0.14,,,,
2018,MNG,Wind,0.3,,,,
2019,MNG,Wind,0.48,,,,
2020,MNG,Wind,0.48,,,,
2021,MNG,Wind,0.58,,,,
2022,MNG,Wind,0.51,,,,
2023,MNG,Wind,0.51,,,,
2024,MNG,Wind,0.51,,,,
2025,MNG,Wind,0.54,,,,
2000,MOZ,Hydro,9.6,,,,
2001,MOZ,Hydro,12,,,,
2002,MOZ,Hydro,13,,,,
2003,MOZ,Hydro,11,,,,
2004,MOZ,Hydro,12,,,,
2005,MOZ,Hydro,13,,,,
2006,MOZ,Hydro,15,,,,
2007,MOZ,Hydro,16,,,,
2008,MOZ,Hydro,15,,,,
2009,MOZ,Hydro,17,,,,
2010,MOZ,Hydro,17,,,,
2011,MOZ,Hydro,16,,,,
2012,MOZ,Hydro,15,,,,
2013,MOZ,Hydro,15,,,,
2014,MOZ,Hydro,16,,,,
2015,MOZ,Hydro,17,,,,
2016,MOZ,Hydro,16,,,,
2017,MOZ,Hydro,14,,,,
2018,MOZ,Hydro,14,,,,
2019,MOZ,Hydro,15,,,,
2020,MOZ,Hydro,16,,,,
2021,MOZ,Hydro,15,,,,
2022,MOZ,Hydro,16,,,,
2023,MOZ,Hydro,16,,,,
2024,MOZ,Hydro,16,,,,
2000,MOZ,Nuclear,0,,,,
2001,MOZ,Nuclear,0,,,,
2002,MOZ,Nuclear,0,,,,
2003,MOZ,Nuclear,0,,,,
2004,MOZ,Nuclear,0,,,,
2005,MOZ,Nuclear,0,,,,
2006,MOZ,Nuclear,0,,,,
2007,MOZ,Nuclear,0,,,,
2008,MOZ,Nuclear,0,,,,
2009,MOZ,Nuclear,0,,,,
2010,MOZ,Nuclear,0,,,,
2011,MOZ,Nuclear,0,,,,
2012,MOZ,Nuclear,0,,,,
2013,MOZ,Nuclear,0,,,,
2014,MOZ,Nuclear,0,,,,
2015,MOZ,Nuclear,0,,,,
2016,MOZ,Nuclear,0,,,,
2017,MOZ,Nuclear,0,,,,
2018,MOZ,Nuclear,0,,,,
2019,MOZ,Nuclear,0,,,,
2020,MOZ,Nuclear,0,,,,
2021,MOZ,Nuclear,0,,,,
2022,MOZ,Nuclear,0,,,,
2023,MOZ,Nuclear,0,,,,
2024,MOZ,Nuclear,0,,,,
2000,MOZ,Other renewables,0,,,,
2001,MOZ,Other renewables,0,,,,
2002,MOZ,Other renewables,0,,,,
2003,MOZ,Other renewables,0,,,,
2004,MOZ,Other renewables,0,,,,
2005,MOZ,Other renewables,0,,,,
2006,MOZ,Other renewables,0,,,,
2007,MOZ,Other renewables,0,,,,
2008,MOZ,Other renewables,0,,,,
2009,MOZ,Other renewables,0,,,,
2010,MOZ,Other renewables,0,,,,
2011,MOZ,Other renewables,0,,,,
2012,MOZ,Other renewables,0,,,,
2013,MOZ,Other renewables,0,,,,
2014,MOZ,Other renewables,0,,,,
2015,MOZ,Other renewables,0,,,,
2016,MOZ,Other renewables,0,,,,
2017,MOZ,Other renewables,0,,,,
2018,MOZ,Other renewables,0,,,,
2019,MOZ,Other renewables,0,,,,
2020,MOZ,Other renewables,0,,,,
2021,MOZ,Other renewables,0,,,,
2022,MOZ,Other renewables,0,,,,
2023,MOZ,Other renewables,0,,,,
2024,MOZ,Other renewables,0,,,,
2000,MOZ,Solar,0,,,,
2001,MOZ,Solar,0,,,,
2002,MOZ,Solar,0,,,,
2003,MOZ,Solar,0,,,,
2004,MOZ,Solar,0,,,,
2005,MOZ,Solar,0,,,,
2006,MOZ,Solar,0,,,,
2007,MOZ,Solar,0,,,,
2008,MOZ,Solar,0,,,,
2009,MOZ,Solar,0,,,,
2010,MOZ,Solar,0,,,,
2011,MOZ,Solar,0,,,,
2012,MOZ,Solar,0,,,,
2013,MOZ,Solar,0,,,,
2014,MOZ,Solar,0,,,,
2015,MOZ,Solar,0,,,,
2016,MOZ,Solar,0,,,,
2017,MOZ,Solar,0,,,,
2018,MOZ,Solar,0,,,,
2019,MOZ,Solar,0.03,,,,
2020,MOZ,Solar,0.07,,,,
2021,MOZ,Solar,0.07,,,,
2022,MOZ,Solar,0.07,,,,
2023,MOZ,Solar,0.07,,,,
2024,MOZ,Solar,0.08,,,,
2000,MOZ,Total,9.6,,,,
2001,MOZ,Total,12,,,,
2002,MOZ,Total,13,,,,
2003,MOZ,Total,11,,,,
2004,MOZ,Total,12,,,,
2005,MOZ,Total,13,,,,
2006,MOZ,Total,15,,,,
2007,MOZ,Total,16,,,,
2008,MOZ,Total,15,,,,
2009,MOZ,Total,17,,,,
2010,MOZ,Total,17,,,,
2011,MOZ,Total,16,,,,
2012,MOZ,Total,15,,,,
2013,MOZ,Total,15,,,,
2014,MOZ,Total,16,,,,
2015,MOZ,Total,17,,,,
2016,MOZ,Total,16,,,,
2017,MOZ,Total,14,,,,
2018,MOZ,Total,14,,,,
2019,MOZ,Total,15,,,,
2020,MOZ,Total,16,,,,
2021,MOZ,Total,16,,,,
2022,MOZ,Total,16,,,,
2023,MOZ,Total,17,,,,
2024,MOZ,Total,17,,,,
2000,MOZ,Wind,0,,,,
2001,MOZ,Wind,0,,,,
2002,MOZ,Wind,0,,,,
2003,MOZ,Wind,0,,,,
2004,MOZ,Wind,0,,,,
2005,MOZ,Wind,0,,,,
2006,MOZ,Wind,0,,,,
2007,MOZ,Wind,0,,,,
2008,MOZ,Wind,0,,,,
2009,MOZ,Wind,0,,,,
2010,MOZ,Wind,0,,,,
2011,MOZ,Wind,0,,,,
2012,MOZ,Wind,0,,,,
2013,MOZ,Wind,0,,,,
2014,MOZ,Wind,0,,,,
2015,MOZ,Wind,0,,,,
2016,MOZ,Wind,0,,,,
2017,MOZ,Wind,0,,,,
2018,MOZ,Wind,0,,,,
2019,MOZ,Wind,0,,,,
2020,MOZ,Wind,0,,,,
2021,MOZ,Wind,0,,,,
2022,MOZ,Wind,0,,,,
2023,MOZ,Wind,0,,,,
2024,MOZ,Wind,0,,,,
2000,MRT,Hydro,0.03,,,,
2001,MRT,Hydro,0.03,,,,
2002,MRT,Hydro,0.03,,,,
2003,MRT,Hydro,0.04,,,,
2004,MRT,Hydro,0.04,,,,
2005,MRT,Hydro,0.05,,,,
2006,MRT,Hydro,0.05,,,,
2007,MRT,Hydro,0.05,,,,
2008,MRT,Hydro,0.06,,,,
2009,MRT,Hydro,0.11,,,,
2010,MRT,Hydro,0.12,,,,
2011,MRT,Hydro,0.13,,,,
2012,MRT,Hydro,0.14,,,,
2013,MRT,Hydro,0.17,,,,
2014,MRT,Hydro,0.18,,,,
2015,MRT,Hydro,0.19,,,,
2016,MRT,Hydro,0.13,,,,
2017,MRT,Hydro,0.17,,,,
2018,MRT,Hydro,0.19,,,,
2019,MRT,Hydro,0.2,,,,
2020,MRT,Hydro,0.21,,,,
2021,MRT,Hydro,0.21,,,,
2022,MRT,Hydro,0.21,,,,
2023,MRT,Hydro,0.21,,,,
2024,MRT,Hydro,0.21,,,,
2000,MRT,Nuclear,0,,,,
2001,MRT,Nuclear,0,,,,
2002,MRT,Nuclear,0,,,,
2003,MRT,Nuclear,0,,,,
2004,MRT,Nuclear,0,,,,
2005,MRT,Nuclear,0,,,,
2006,MRT,Nuclear,0,,,,
2007,MRT,Nuclear,0,,,,
2008,MRT,Nuclear,0,,,,
2009,MRT,Nuclear,0,,,,
2010,MRT,Nuclear,0,,,,
2011,MRT,Nuclear,0,,,,
2012,MRT,Nuclear,0,,,,
2013,MRT,Nuclear,0,,,,
2014,MRT,Nuclear,0,,,,
2015,MRT,Nuclear,0,,,,
2016,MRT,Nuclear,0,,,,
2017,MRT,Nuclear,0,,,,
2018,MRT,Nuclear,0,,,,
2019,MRT,Nuclear,0,,,,
2020,MRT,Nuclear,0,,,,
2021,MRT,Nuclear,0,,,,
2022,MRT,Nuclear,0,,,,
2023,MRT,Nuclear,0,,,,
2024,MRT,Nuclear,0,,,,
2000,MRT,Other renewables,0,,,,
2001,MRT,Other renewables,0,,,,
2002,MRT,Other renewables,0,,,,
2003,MRT,Other renewables,0,,,,
2004,MRT,Other renewables,0,,,,
2005,MRT,Other renewables,0,,,,
2006,MRT,Other renewables,0,,,,
2007,MRT,Other renewables,0,,,,
2008,MRT,Other renewables,0,,,,
2009,MRT,Other renewables,0,,,,
2010,MRT,Other renewables,0,,,,
2011,MRT,Other renewables,0,,,,
2012,MRT,Other renewables,0,,,,
2013,MRT,Other renewables,0,,,,
2014,MRT,Other renewables,0,,,,
2015,MRT,Other renewables,0,,,,
2016,MRT,Other renewables,0,,,,
2017,MRT,Other renewables,0,,,,
2018,MRT,Other renewables,0,,,,
2019,MRT,Other renewables,0,,,,
2020,MRT,Other renewables,0,,,,
2021,MRT,Other renewables,0,,,,
2022,MRT,Other renewables,0,,,,
2023,MRT,Other renewables,0,,,,
2024,MRT,Other renewables,0,,,,
2000,MRT,Solar,0,,,,
2001,MRT,Solar,0,,,,
2002,MRT,Solar,0,,,,
2003,MRT,Solar,0,,,,
2004,MRT,Solar,0,,,,
2005,MRT,Solar,0,,,,
2006,MRT,Solar,0,,,,
2007,MRT,Solar,0,,,,
2008,MRT,Solar,0,,,,
2009,MRT,Solar,0,,,,
2010,MRT,Solar,0,,,,
2011,MRT,Solar,0,,,,
2012,MRT,Solar,0,,,,
2013,MRT,Solar,0.03,,,,
2014,MRT,Solar,0.03,,,,
2015,MRT,Solar,0.03,,,,
2016,MRT,Solar,0.06,,,,
2017,MRT,Solar,0.06,,,,
2018,MRT,Solar,0.15,,,,
2019,MRT,Solar,0.15,,,,
2020,MRT,Solar,0.14,,,,
2021,MRT,Solar,0.14,,,,
2022,MRT,Solar,0.14,,,,
2023,MRT,Solar,0.14,,,,
2024,MRT,Solar,0.16,,,,
2000,MRT,Total,0.03,,,,
2001,MRT,Total,0.03,,,,
2002,MRT,Total,0.03,,,,
2003,MRT,Total,0.04,,,,
2004,MRT,Total,0.04,,,,
2005,MRT,Total,0.05,,,,
2006,MRT,Total,0.05,,,,
2007,MRT,Total,0.05,,,,
2008,MRT,Total,0.06,,,,
2009,MRT,Total,0.11,,,,
2010,MRT,Total,0.12,,,,
2011,MRT,Total,0.13,,,,
2012,MRT,Total,0.14,,,,
2013,MRT,Total,0.21,,,,
2014,MRT,Total,0.22,,,,
2015,MRT,Total,0.32,,,,
2016,MRT,Total,0.29,,,,
2017,MRT,Total,0.33,,,,
2018,MRT,Total,0.44,,,,
2019,MRT,Total,0.47,,,,
2020,MRT,Total,0.47,,,,
2021,MRT,Total,0.45,,,,
2022,MRT,Total,0.45,,,,
2023,MRT,Total,0.45,,,,
2024,MRT,Total,0.47,,,,
2000,MRT,Wind,0,,,,
2001,MRT,Wind,0,,,,
2002,MRT,Wind,0,,,,
2003,MRT,Wind,0,,,,
2004,MRT,Wind,0,,,,
2005,MRT,Wind,0,,,,
2006,MRT,Wind,0,,,,
2007,MRT,Wind,0,,,,
2008,MRT,Wind,0,,,,
2009,MRT,Wind,0,,,,
2010,MRT,Wind,0,,,,
2011,MRT,Wind,0,,,,
2012,MRT,Wind,0,,,,
2013,MRT,Wind,0.01,,,,
2014,MRT,Wind,0.01,,,,
2015,MRT,Wind,0.1,,,,
2016,MRT,Wind,0.1,,,,
2017,MRT,Wind,0.1,,,,
2018,MRT,Wind,0.1,,,,
2019,MRT,Wind,0.12,,,,
2020,MRT,Wind,0.12,,,,
2021,MRT,Wind,0.1,,,,
2022,MRT,Wind,0.1,,,,
2023,MRT,Wind,0.1,,,,
2024,MRT,Wind,0.1,,,,
2000,MSR,Hydro,0,,,,
2001,MSR,Hydro,0,,,,
2002,MSR,Hydro,0,,,,
2003,MSR,Hydro,0,,,,
2004,MSR,Hydro,0,,,,
2005,MSR,Hydro,0,,,,
2006,MSR,Hydro,0,,,,
2007,MSR,Hydro,0,,,,
2008,MSR,Hydro,0,,,,
2009,MSR,Hydro,0,,,,
2010,MSR,Hydro,0,,,,
2011,MSR,Hydro,0,,,,
2012,MSR,Hydro,0,,,,
2013,MSR,Hydro,0,,,,
2014,MSR,Hydro,0,,,,
2015,MSR,Hydro,0,,,,
2016,MSR,Hydro,0,,,,
2017,MSR,Hydro,0,,,,
2018,MSR,Hydro,0,,,,
2019,MSR,Hydro,0,,,,
2020,MSR,Hydro,0,,,,
2021,MSR,Hydro,0,,,,
2022,MSR,Hydro,0,,,,
2023,MSR,Hydro,0,,,,
2024,MSR,Hydro,0,,,,
2000,MSR,Nuclear,0,,,,
2001,MSR,Nuclear,0,,,,
2002,MSR,Nuclear,0,,,,
2003,MSR,Nuclear,0,,,,
2004,MSR,Nuclear,0,,,,
2005,MSR,Nuclear,0,,,,
2006,MSR,Nuclear,0,,,,
2007,MSR,Nuclear,0,,,,
2008,MSR,Nuclear,0,,,,
2009,MSR,Nuclear,0,,,,
2010,MSR,Nuclear,0,,,,
2011,MSR,Nuclear,0,,,,
2012,MSR,Nuclear,0,,,,
2013,MSR,Nuclear,0,,,,
2014,MSR,Nuclear,0,,,,
2015,MSR,Nuclear,0,,,,
2016,MSR,Nuclear,0,,,,
2017,MSR,Nuclear,0,,,,
2018,MSR,Nuclear,0,,,,
2019,MSR,Nuclear,0,,,,
2020,MSR,Nuclear,0,,,,
2021,MSR,Nuclear,0,,,,
2022,MSR,Nuclear,0,,,,
2023,MSR,Nuclear,0,,,,
2024,MSR,Nuclear,0,,,,
2000,MSR,Other renewables,0,,,,
2001,MSR,Other renewables,0,,,,
2002,MSR,Other renewables,0,,,,
2003,MSR,Other renewables,0,,,,
2004,MSR,Other renewables,0,,,,
2005,MSR,Other renewables,0,,,,
2006,MSR,Other renewables,0,,,,
2007,MSR,Other renewables,0,,,,
2008,MSR,Other renewables,0,,,,
2009,MSR,Other renewables,0,,,,
2010,MSR,Other renewables,0,,,,
2011,MSR,Other renewables,0,,,,
2012,MSR,Other renewables,0,,,,
2013,MSR,Other renewables,0,,,,
2014,MSR,Other renewables,0,,,,
2015,MSR,Other renewables,0,,,,
2016,MSR,Other renewables,0,,,,
2017,MSR,Other renewables,0,,,,
2018,MSR,Other renewables,0,,,,
2019,MSR,Other renewables,0,,,,
2020,MSR,Other renewables,0,,,,
2021,MSR,Other renewables,0,,,,
2022,MSR,Other renewables,0,,,,
2023,MSR,Other renewables,0,,,,
2024,MSR,Other renewables,0,,,,
2000,MSR,Solar,0,,,,
2001,MSR,Solar,0,,,,
2002,MSR,Solar,0,,,,
2003,MSR,Solar,0,,,,
2004,MSR,Solar,0,,,,
2005,MSR,Solar,0,,,,
2006,MSR,Solar,0,,,,
2007,MSR,Solar,0,,,,
2008,MSR,Solar,0,,,,
2009,MSR,Solar,0,,,,
2010,MSR,Solar,0,,,,
2011,MSR,Solar,0,,,,
2012,MSR,Solar,0,,,,
2013,MSR,Solar,0,,,,
2014,MSR,Solar,0,,,,
2015,MSR,Solar,0,,,,
2016,MSR,Solar,0,,,,
2017,MSR,Solar,0,,,,
2018,MSR,Solar,0,,,,
2019,MSR,Solar,0,,,,
2020,MSR,Solar,0,,,,
2021,MSR,Solar,0,,,,
2022,MSR,Solar,0,,,,
2023,MSR,Solar,0,,,,
2024,MSR,Solar,0,,,,
2000,MSR,Total,0,,,,
2001,MSR,Total,0,,,,
2002,MSR,Total,0,,,,
2003,MSR,Total,0,,,,
2004,MSR,Total,0,,,,
2005,MSR,Total,0,,,,
2006,MSR,Total,0,,,,
2007,MSR,Total,0,,,,
2008,MSR,Total,0,,,,
2009,MSR,Total,0,,,,
2010,MSR,Total,0,,,,
2011,MSR,Total,0,,,,
2012,MSR,Total,0,,,,
2013,MSR,Total,0,,,,
2014,MSR,Total,0,,,,
2015,MSR,Total,0,,,,
2016,MSR,Total,0,,,,
2017,MSR,Total,0,,,,
2018,MSR,Total,0,,,,
2019,MSR,Total,0,,,,
2020,MSR,Total,0,,,,
2021,MSR,Total,0,,,,
2022,MSR,Total,0,,,,
2023,MSR,Total,0,,,,
2024,MSR,Total,0,,,,
2000,MSR,Wind,0,,,,
2001,MSR,Wind,0,,,,
2002,MSR,Wind,0,,,,
2003,MSR,Wind,0,,,,
2004,MSR,Wind,0,,,,
2005,MSR,Wind,0,,,,
2006,MSR,Wind,0,,,,
2007,MSR,Wind,0,,,,
2008,MSR,Wind,0,,,,
2009,MSR,Wind,0,,,,
2010,MSR,Wind,0,,,,
2011,MSR,Wind,0,,,,
2012,MSR,Wind,0,,,,
2013,MSR,Wind,0,,,,
2014,MSR,Wind,0,,,,
2015,MSR,Wind,0,,,,
2016,MSR,Wind,0,,,,
2017,MSR,Wind,0,,,,
2018,MSR,Wind,0,,,,
2019,MSR,Wind,0,,,,
2020,MSR,Wind,0,,,,
2021,MSR,Wind,0,,,,
2022,MSR,Wind,0,,,,
2023,MSR,Wind,0,,,,
2024,MSR,Wind,0,,,,
2019,MTQ,Hydro,0,,,,
2020,MTQ,Hydro,0,,,,
2021,MTQ,Hydro,0,,,,
2022,MTQ,Hydro,0,,,,
2023,MTQ,Hydro,0,,,,
2002,MTQ,Other renewables,0.01,,,,
2003,MTQ,Other renewables,0.01,,,,
2004,MTQ,Other renewables,0.01,,,,
2005,MTQ,Other renewables,0.01,,,,
2006,MTQ,Other renewables,0.01,,,,
2007,MTQ,Other renewables,0.02,,,,
2008,MTQ,Other renewables,0.02,,,,
2009,MTQ,Other renewables,0.02,,,,
2010,MTQ,Other renewables,0.01,,,,
2011,MTQ,Other renewables,0.01,,,,
2012,MTQ,Other renewables,0.01,,,,
2013,MTQ,Other renewables,0.01,,,,
2014,MTQ,Other renewables,0.01,,,,
2015,MTQ,Other renewables,0.01,,,,
2016,MTQ,Other renewables,0.01,,,,
2017,MTQ,Other renewables,0.01,,,,
2018,MTQ,Other renewables,0.01,,,,
2019,MTQ,Other renewables,0.01,,,,
2020,MTQ,Other renewables,0,,,,
2021,MTQ,Other renewables,0.01,,,,
2022,MTQ,Other renewables,0.01,,,,
2023,MTQ,Other renewables,0.01,,,,
2006,MTQ,Solar,0,,,,
2007,MTQ,Solar,0,,,,
2008,MTQ,Solar,0.01,,,,
2009,MTQ,Solar,0.01,,,,
2010,MTQ,Solar,0.02,,,,
2011,MTQ,Solar,0.04,,,,
2012,MTQ,Solar,0.08,,,,
2013,MTQ,Solar,0.08,,,,
2014,MTQ,Solar,0.08,,,,
2015,MTQ,Solar,0.08,,,,
2016,MTQ,Solar,0.08,,,,
2017,MTQ,Solar,0.08,,,,
2018,MTQ,Solar,0.08,,,,
2019,MTQ,Solar,0.09,,,,
2020,MTQ,Solar,0.08,,,,
2021,MTQ,Solar,0.09,,,,
2022,MTQ,Solar,0.09,,,,
2023,MTQ,Solar,0.11,,,,
2002,MTQ,Total,0.01,,,,
2003,MTQ,Total,0.01,,,,
2004,MTQ,Total,0.01,,,,
2005,MTQ,Total,0.01,,,,
2006,MTQ,Total,0.01,,,,
2007,MTQ,Total,0.02,,,,
2008,MTQ,Total,0.03,,,,
2009,MTQ,Total,0.03,,,,
2010,MTQ,Total,0.03,,,,
2011,MTQ,Total,0.05,,,,
2012,MTQ,Total,0.09,,,,
2013,MTQ,Total,0.09,,,,
2014,MTQ,Total,0.09,,,,
2015,MTQ,Total,0.09,,,,
2016,MTQ,Total,0.09,,,,
2017,MTQ,Total,0.09,,,,
2018,MTQ,Total,0.18,,,,
2019,MTQ,Total,0.39,,,,
2020,MTQ,Total,0.34,,,,
2021,MTQ,Total,0.38,,,,
2022,MTQ,Total,0.39,,,,
2023,MTQ,Total,0.39,,,,
2004,MTQ,Wind,0,,,,
2005,MTQ,Wind,0,,,,
2006,MTQ,Wind,0,,,,
2007,MTQ,Wind,0,,,,
2008,MTQ,Wind,0,,,,
2009,MTQ,Wind,0,,,,
2010,MTQ,Wind,0,,,,
2011,MTQ,Wind,0,,,,
2012,MTQ,Wind,0,,,,
2013,MTQ,Wind,0,,,,
2014,MTQ,Wind,0,,,,
2015,MTQ,Wind,0,,,,
2016,MTQ,Wind,0,,,,
2017,MTQ,Wind,0,,,,
2018,MTQ,Wind,0.01,,,,
2019,MTQ,Wind,0.05,,,,
2020,MTQ,Wind,0.04,,,,
2021,MTQ,Wind,0.05,,,,
2022,MTQ,Wind,0.04,,,,
2023,MTQ,Wind,0.03,,,,
2000,MUS,Hydro,0.09,,,,
2001,MUS,Hydro,0.07,,,,
2002,MUS,Hydro,0.09,,,,
2003,MUS,Hydro,0.12,,,,
2004,MUS,Hydro,0.12,,,,
2005,MUS,Hydro,0.11,,,,
2006,MUS,Hydro,0.08,,,,
2007,MUS,Hydro,0.08,,,,
2008,MUS,Hydro,0.11,,,,
2009,MUS,Hydro,0.12,,,,
2010,MUS,Hydro,0.1,,,,
2011,MUS,Hydro,0.05,,,,
2012,MUS,Hydro,0.07,,,,
2013,MUS,Hydro,0.09,,,,
2014,MUS,Hydro,0.09,,,,
2015,MUS,Hydro,0.12,,,,
2016,MUS,Hydro,0.1,,,,
2017,MUS,Hydro,0.09,,,,
2018,MUS,Hydro,0.12,,,,
2019,MUS,Hydro,0.1,,,,
2020,MUS,Hydro,0.12,,,,
2021,MUS,Hydro,0.11,,,,
2022,MUS,Hydro,0.13,,,,
2023,MUS,Hydro,0.09,,,,
2024,MUS,Hydro,0.11,,,,
2000,MUS,Nuclear,0,,,,
2001,MUS,Nuclear,0,,,,
2002,MUS,Nuclear,0,,,,
2003,MUS,Nuclear,0,,,,
2004,MUS,Nuclear,0,,,,
2005,MUS,Nuclear,0,,,,
2006,MUS,Nuclear,0,,,,
2007,MUS,Nuclear,0,,,,
2008,MUS,Nuclear,0,,,,
2009,MUS,Nuclear,0,,,,
2010,MUS,Nuclear,0,,,,
2011,MUS,Nuclear,0,,,,
2012,MUS,Nuclear,0,,,,
2013,MUS,Nuclear,0,,,,
2014,MUS,Nuclear,0,,,,
2015,MUS,Nuclear,0,,,,
2016,MUS,Nuclear,0,,,,
2017,MUS,Nuclear,0,,,,
2018,MUS,Nuclear,0,,,,
2019,MUS,Nuclear,0,,,,
2020,MUS,Nuclear,0,,,,
2021,MUS,Nuclear,0,,,,
2022,MUS,Nuclear,0,,,,
2023,MUS,Nuclear,0,,,,
2024,MUS,Nuclear,0,,,,
2000,MUS,Other renewables,0,,,,
2001,MUS,Other renewables,0,,,,
2002,MUS,Other renewables,0,,,,
2003,MUS,Other renewables,0,,,,
2004,MUS,Other renewables,0,,,,
2005,MUS,Other renewables,0,,,,
2006,MUS,Other renewables,0,,,,
2007,MUS,Other renewables,0,,,,
2008,MUS,Other renewables,0,,,,
2009,MUS,Other renewables,0,,,,
2010,MUS,Other renewables,0,,,,
2011,MUS,Other renewables,0,,,,
2012,MUS,Other renewables,0,,,,
2013,MUS,Other renewables,0,,,,
2014,MUS,Other renewables,0,,,,
2015,MUS,Other renewables,0,,,,
2016,MUS,Other renewables,0,,,,
2017,MUS,Other renewables,0,,,,
2018,MUS,Other renewables,0,,,,
2019,MUS,Other renewables,0,,,,
2020,MUS,Other renewables,0,,,,
2021,MUS,Other renewables,0,,,,
2022,MUS,Other renewables,0,,,,
2023,MUS,Other renewables,0,,,,
2024,MUS,Other renewables,0,,,,
2000,MUS,Solar,0,,,,
2001,MUS,Solar,0,,,,
2002,MUS,Solar,0,,,,
2003,MUS,Solar,0,,,,
2004,MUS,Solar,0,,,,
2005,MUS,Solar,0,,,,
2006,MUS,Solar,0,,,,
2007,MUS,Solar,0,,,,
2008,MUS,Solar,0,,,,
2009,MUS,Solar,0,,,,
2010,MUS,Solar,0,,,,
2011,MUS,Solar,0,,,,
2012,MUS,Solar,0,,,,
2013,MUS,Solar,0,,,,
2014,MUS,Solar,0.03,,,,
2015,MUS,Solar,0.03,,,,
2016,MUS,Solar,0.03,,,,
2017,MUS,Solar,0.04,,,,
2018,MUS,Solar,0.05,,,,
2019,MUS,Solar,0.13,,,,
2020,MUS,Solar,0.15,,,,
2021,MUS,Solar,0.15,,,,
2022,MUS,Solar,0.16,,,,
2023,MUS,Solar,0.15,,,,
2024,MUS,Solar,0.17,,,,
2000,MUS,Total,0.52,,,,
2001,MUS,Total,0.55,,,,
2002,MUS,Total,0.54,,,,
2003,MUS,Total,0.57,,,,
2004,MUS,Total,0.59,,,,
2005,MUS,Total,0.56,,,,
2006,MUS,Total,0.53,,,,
2007,MUS,Total,0.55,,,,
2008,MUS,Total,0.6,,,,
2009,MUS,Total,0.61,,,,
2010,MUS,Total,0.65,,,,
2011,MUS,Total,0.54,,,,
2012,MUS,Total,0.57,,,,
2013,MUS,Total,0.58,,,,
2014,MUS,Total,0.6,,,,
2015,MUS,Total,0.68,,,,
2016,MUS,Total,0.67,,,,
2017,MUS,Total,0.62,,,,
2018,MUS,Total,0.64,,,,
2019,MUS,Total,0.7,,,,
2020,MUS,Total,0.7,,,,
2021,MUS,Total,0.64,,,,
2022,MUS,Total,0.61,,,,
2023,MUS,Total,0.57,,,,
2024,MUS,Total,0.61,,,,
2000,MUS,Wind,0,,,,
2001,MUS,Wind,0,,,,
2002,MUS,Wind,0,,,,
2003,MUS,Wind,0,,,,
2004,MUS,Wind,0,,,,
2005,MUS,Wind,0,,,,
2006,MUS,Wind,0,,,,
2007,MUS,Wind,0,,,,
2008,MUS,Wind,0,,,,
2009,MUS,Wind,0,,,,
2010,MUS,Wind,0,,,,
2011,MUS,Wind,0,,,,
2012,MUS,Wind,0,,,,
2013,MUS,Wind,0,,,,
2014,MUS,Wind,0,,,,
2015,MUS,Wind,0,,,,
2016,MUS,Wind,0.02,,,,
2017,MUS,Wind,0.01,,,,
2018,MUS,Wind,0.01,,,,
2019,MUS,Wind,0.01,,,,
2020,MUS,Wind,0.02,,,,
2021,MUS,Wind,0.01,,,,
2022,MUS,Wind,0.02,,,,
2023,MUS,Wind,0.01,,,,
2024,MUS,Wind,0.01,,,,
2000,MWI,Hydro,1,,,,
2001,MWI,Hydro,1,,,,
2002,MWI,Hydro,1.1,,,,
2003,MWI,Hydro,1.1,,,,
2004,MWI,Hydro,1.3,,,,
2005,MWI,Hydro,1.3,,,,
2006,MWI,Hydro,1.3,,,,
2007,MWI,Hydro,1.4,,,,
2008,MWI,Hydro,1.5,,,,
2009,MWI,Hydro,1.5,,,,
2010,MWI,Hydro,1.7,,,,
2011,MWI,Hydro,1.8,,,,
2012,MWI,Hydro,1.9,,,,
2013,MWI,Hydro,1.9,,,,
2014,MWI,Hydro,2,,,,
2015,MWI,Hydro,2,,,,
2016,MWI,Hydro,1.9,,,,
2017,MWI,Hydro,1.8,,,,
2018,MWI,Hydro,1.4,,,,
2019,MWI,Hydro,1.7,,,,
2020,MWI,Hydro,1.7,,,,
2021,MWI,Hydro,1.7,,,,
2022,MWI,Hydro,1.7,,,,
2023,MWI,Hydro,1.7,,,,
2024,MWI,Hydro,1.7,,,,
2000,MWI,Nuclear,0,,,,
2001,MWI,Nuclear,0,,,,
2002,MWI,Nuclear,0,,,,
2003,MWI,Nuclear,0,,,,
2004,MWI,Nuclear,0,,,,
2005,MWI,Nuclear,0,,,,
2006,MWI,Nuclear,0,,,,
2007,MWI,Nuclear,0,,,,
2008,MWI,Nuclear,0,,,,
2009,MWI,Nuclear,0,,,,
2010,MWI,Nuclear,0,,,,
2011,MWI,Nuclear,0,,,,
2012,MWI,Nuclear,0,,,,
2013,MWI,Nuclear,0,,,,
2014,MWI,Nuclear,0,,,,
2015,MWI,Nuclear,0,,,,
2016,MWI,Nuclear,0,,,,
2017,MWI,Nuclear,0,,,,
2018,MWI,Nuclear,0,,,,
2019,MWI,Nuclear,0,,,,
2020,MWI,Nuclear,0,,,,
2021,MWI,Nuclear,0,,,,
2022,MWI,Nuclear,0,,,,
2023,MWI,Nuclear,0,,,,
2024,MWI,Nuclear,0,,,,
2000,MWI,Other renewables,0,,,,
2001,MWI,Other renewables,0,,,,
2002,MWI,Other renewables,0,,,,
2003,MWI,Other renewables,0,,,,
2004,MWI,Other renewables,0,,,,
2005,MWI,Other renewables,0,,,,
2006,MWI,Other renewables,0,,,,
2007,MWI,Other renewables,0,,,,
2008,MWI,Other renewables,0,,,,
2009,MWI,Other renewables,0,,,,
2010,MWI,Other renewables,0,,,,
2011,MWI,Other renewables,0,,,,
2012,MWI,Other renewables,0,,,,
2013,MWI,Other renewables,0,,,,
2014,MWI,Other renewables,0,,,,
2015,MWI,Other renewables,0,,,,
2016,MWI,Other renewables,0,,,,
2017,MWI,Other renewables,0,,,,
2018,MWI,Other renewables,0,,,,
2019,MWI,Other renewables,0,,,,
2020,MWI,Other renewables,0,,,,
2021,MWI,Other renewables,0,,,,
2022,MWI,Other renewables,0,,,,
2023,MWI,Other renewables,0,,,,
2024,MWI,Other renewables,0,,,,
2000,MWI,Solar,0,,,,
2001,MWI,Solar,0,,,,
2002,MWI,Solar,0,,,,
2003,MWI,Solar,0,,,,
2004,MWI,Solar,0,,,,
2005,MWI,Solar,0,,,,
2006,MWI,Solar,0,,,,
2007,MWI,Solar,0,,,,
2008,MWI,Solar,0,,,,
2009,MWI,Solar,0,,,,
2010,MWI,Solar,0,,,,
2011,MWI,Solar,0,,,,
2012,MWI,Solar,0.01,,,,
2013,MWI,Solar,0.01,,,,
2014,MWI,Solar,0.02,,,,
2015,MWI,Solar,0.03,,,,
2016,MWI,Solar,0.03,,,,
2017,MWI,Solar,0.04,,,,
2018,MWI,Solar,0.01,,,,
2019,MWI,Solar,0.01,,,,
2020,MWI,Solar,0.01,,,,
2021,MWI,Solar,0.01,,,,
2022,MWI,Solar,0.01,,,,
2023,MWI,Solar,0.01,,,,
2024,MWI,Solar,0.01,,,,
2000,MWI,Total,1.1,,,,
2001,MWI,Total,1.1,,,,
2002,MWI,Total,1.2,,,,
2003,MWI,Total,1.2,,,,
2004,MWI,Total,1.3,,,,
2005,MWI,Total,1.4,,,,
2006,MWI,Total,1.4,,,,
2007,MWI,Total,1.4,,,,
2008,MWI,Total,1.6,,,,
2009,MWI,Total,1.6,,,,
2010,MWI,Total,1.8,,,,
2011,MWI,Total,1.9,,,,
2012,MWI,Total,1.9,,,,
2013,MWI,Total,1.9,,,,
2014,MWI,Total,2.1,,,,
2015,MWI,Total,2,,,,
2016,MWI,Total,2,,,,
2017,MWI,Total,1.9,,,,
2018,MWI,Total,1.5,,,,
2019,MWI,Total,1.7,,,,
2020,MWI,Total,1.7,,,,
2021,MWI,Total,1.8,,,,
2022,MWI,Total,1.8,,,,
2023,MWI,Total,1.8,,,,
2024,MWI,Total,1.8,,,,
2000,MWI,Wind,0,,,,
2001,MWI,Wind,0,,,,
2002,MWI,Wind,0,,,,
2003,MWI,Wind,0,,,,
2004,MWI,Wind,0,,,,
2005,MWI,Wind,0,,,,
2006,MWI,Wind,0,,,,
2007,MWI,Wind,0,,,,
2008,MWI,Wind,0,,,,
2009,MWI,Wind,0,,,,
2010,MWI,Wind,0,,,,
2011,MWI,Wind,0,,,,
2012,MWI,Wind,0,,,,
2013,MWI,Wind,0,,,,
2014,MWI,Wind,0,,,,
2015,MWI,Wind,0,,,,
2016,MWI,Wind,0,,,,
2017,MWI,Wind,0,,,,
2018,MWI,Wind,0,,,,
2019,MWI,Wind,0,,,,
2020,MWI,Wind,0,,,,
2021,MWI,Wind,0,,,,
2022,MWI,Wind,0,,,,
2023,MWI,Wind,0,,,,
2024,MWI,Wind,0,,,,
1985,MYS,Hydro,3.8,,,,
1986,MYS,Hydro,4.1,,,,
1987,MYS,Hydro,5,,,,
1988,MYS,Hydro,5.7,,,,
1989,MYS,Hydro,5.3,,,,
1990,MYS,Hydro,4,,,,
1991,MYS,Hydro,4.5,,,,
1992,MYS,Hydro,4.3,,,,
1993,MYS,Hydro,4.9,,,,
1994,MYS,Hydro,6.5,,,,
1995,MYS,Hydro,6.2,,,,
1996,MYS,Hydro,5.2,,,,
1997,MYS,Hydro,4.2,,,,
1998,MYS,Hydro,4.5,,,,
1999,MYS,Hydro,7.6,,,,
2000,MYS,Hydro,7,,,,
2001,MYS,Hydro,6.1,,,,
2002,MYS,Hydro,5.4,,,,
2003,MYS,Hydro,5.1,,,,
2004,MYS,Hydro,5.6,,,,
2005,MYS,Hydro,6,,,,
2006,MYS,Hydro,6.3,,,,
2007,MYS,Hydro,6,,,,
2008,MYS,Hydro,7.8,,,,
2009,MYS,Hydro,6.9,,,,
2010,MYS,Hydro,6.4,,,,
2011,MYS,Hydro,8.1,,,,
2012,MYS,Hydro,9.3,,,,
2013,MYS,Hydro,12,,,,
2014,MYS,Hydro,13,,,,
2015,MYS,Hydro,14,,,,
2016,MYS,Hydro,20,,,,
2017,MYS,Hydro,27,,,,
2018,MYS,Hydro,26,,,,
2019,MYS,Hydro,26,,,,
2020,MYS,Hydro,27,,,,
2021,MYS,Hydro,30,,,,
2022,MYS,Hydro,32,,,,
2023,MYS,Hydro,32,,,,
2024,MYS,Hydro,35,,,,
2025,MYS,Hydro,35,,,,
1985,MYS,Nuclear,0,,,,
1986,MYS,Nuclear,0,,,,
1987,MYS,Nuclear,0,,,,
1988,MYS,Nuclear,0,,,,
1989,MYS,Nuclear,0,,,,
1990,MYS,Nuclear,0,,,,
1991,MYS,Nuclear,0,,,,
1992,MYS,Nuclear,0,,,,
1993,MYS,Nuclear,0,,,,
1994,MYS,Nuclear,0,,,,
1995,MYS,Nuclear,0,,,,
1996,MYS,Nuclear,0,,,,
1997,MYS,Nuclear,0,,,,
1998,MYS,Nuclear,0,,,,
1999,MYS,Nuclear,0,,,,
1985,MYS,Solar,0,,,,
1986,MYS,Solar,0,,,,
1987,MYS,Solar,0,,,,
1988,MYS,Solar,0,,,,
1989,MYS,Solar,0,,,,
1990,MYS,Solar,0,,,,
1991,MYS,Solar,0,,,,
1992,MYS,Solar,0,,,,
1993,MYS,Solar,0,,,,
1994,MYS,Solar,0,,,,
1995,MYS,Solar,0,,,,
1996,MYS,Solar,0,,,,
1997,MYS,Solar,0,,,,
1998,MYS,Solar,0,,,,
1999,MYS,Solar,0,,,,
2000,MYS,Solar,0,,,,
2001,MYS,Solar,0,,,,
2002,MYS,Solar,0,,,,
2003,MYS,Solar,0,,,,
2004,MYS,Solar,0,,,,
2005,MYS,Solar,0,,,,
2006,MYS,Solar,0,,,,
2007,MYS,Solar,0,,,,
2008,MYS,Solar,0,,,,
2009,MYS,Solar,0,,,,
2010,MYS,Solar,0,,,,
2011,MYS,Solar,0,,,,
2012,MYS,Solar,0.01,,,,
2013,MYS,Solar,0.14,,,,
2014,MYS,Solar,0.23,,,,
2015,MYS,Solar,0.27,,,,
2016,MYS,Solar,0.31,,,,
2017,MYS,Solar,0.33,,,,
2018,MYS,Solar,0.63,,,,
2019,MYS,Solar,1.5,,,,
2020,MYS,Solar,2.1,,,,
2021,MYS,Solar,2.3,,,,
2022,MYS,Solar,2.8,,,,
2023,MYS,Solar,3.2,,,,
2024,MYS,Solar,4.1,,,,
2025,MYS,Solar,4.5,,,,
1985,MYS,Total,3.8,,,,
1986,MYS,Total,4.1,,,,
1987,MYS,Total,5,,,,
1988,MYS,Total,5.7,,,,
1989,MYS,Total,5.3,,,,
1990,MYS,Total,4,,,,
1991,MYS,Total,4.5,,,,
1992,MYS,Total,4.3,,,,
1993,MYS,Total,4.9,,,,
1994,MYS,Total,6.5,,,,
1995,MYS,Total,6.2,,,,
1996,MYS,Total,5.2,,,,
1997,MYS,Total,4.2,,,,
1998,MYS,Total,4.5,,,,
1999,MYS,Total,7.6,,,,
2000,MYS,Total,7.6,,,,
2001,MYS,Total,6.6,,,,
2002,MYS,Total,5.8,,,,
2003,MYS,Total,5.5,,,,
2004,MYS,Total,6.2,,,,
2005,MYS,Total,6.6,,,,
2006,MYS,Total,6.9,,,,
2007,MYS,Total,6.7,,,,
2008,MYS,Total,8.6,,,,
2009,MYS,Total,8.3,,,,
2010,MYS,Total,7.6,,,,
2011,MYS,Total,9.6,,,,
2012,MYS,Total,11,,,,
2013,MYS,Total,13,,,,
2014,MYS,Total,14,,,,
2015,MYS,Total,15,,,,
2016,MYS,Total,21,,,,
2017,MYS,Total,28,,,,
2018,MYS,Total,28,,,,
2019,MYS,Total,29,,,,
2020,MYS,Total,31,,,,
2021,MYS,Total,34,,,,
2022,MYS,Total,36,,,,
2023,MYS,Total,36,,,,
2024,MYS,Total,40,,,,
2025,MYS,Total,42,,,,
1985,MYS,Wind,0,,,,
1986,MYS,Wind,0,,,,
1987,MYS,Wind,0,,,,
1988,MYS,Wind,0,,,,
1989,MYS,Wind,0,,,,
1990,MYS,Wind,0,,,,
1991,MYS,Wind,0,,,,
1992,MYS,Wind,0,,,,
1993,MYS,Wind,0,,,,
1994,MYS,Wind,0,,,,
1995,MYS,Wind,0,,,,
1996,MYS,Wind,0,,,,
1997,MYS,Wind,0,,,,
1998,MYS,Wind,0,,,,
1999,MYS,Wind,0,,,,
2000,MYS,Wind,0,,,,
2001,MYS,Wind,0,,,,
2002,MYS,Wind,0,,,,
2003,MYS,Wind,0,,,,
2004,MYS,Wind,0,,,,
2005,MYS,Wind,0,,,,
2006,MYS,Wind,0,,,,
2007,MYS,Wind,0,,,,
2008,MYS,Wind,0,,,,
2009,MYS,Wind,0,,,,
2010,MYS,Wind,0,,,,
2011,MYS,Wind,0,,,,
2012,MYS,Wind,0,,,,
2013,MYS,Wind,0,,,,
2014,MYS,Wind,0,,,,
2015,MYS,Wind,0,,,,
2016,MYS,Wind,0,,,,
2017,MYS,Wind,0,,,,
2018,MYS,Wind,0,,,,
2019,MYS,Wind,0,,,,
2020,MYS,Wind,0,,,,
2021,MYS,Wind,0,,,,
2022,MYS,Wind,0,,,,
2023,MYS,Wind,0,,,,
2024,MYS,Wind,0,,,,
2025,MYS,Wind,0,,,,
2000,NAM,Hydro,1.4,,,,
2001,NAM,Hydro,1.2,,,,
2002,NAM,Hydro,1.4,,,,
2003,NAM,Hydro,1.4,,,,
2004,NAM,Hydro,1.4,,,,
2005,NAM,Hydro,1.7,,,,
2006,NAM,Hydro,1.5,,,,
2007,NAM,Hydro,1.5,,,,
2008,NAM,Hydro,1.4,,,,
2009,NAM,Hydro,1.4,,,,
2010,NAM,Hydro,1.3,,,,
2011,NAM,Hydro,1.4,,,,
2012,NAM,Hydro,1.6,,,,
2013,NAM,Hydro,1.3,,,,
2014,NAM,Hydro,1.5,,,,
2015,NAM,Hydro,1.5,,,,
2016,NAM,Hydro,1.4,,,,
2017,NAM,Hydro,1.6,,,,
2018,NAM,Hydro,1.1,,,,
2019,NAM,Hydro,0.95,,,,
2020,NAM,Hydro,1.5,,,,
2021,NAM,Hydro,0.97,,,,
2022,NAM,Hydro,0.78,,,,
2023,NAM,Hydro,1.3,,,,
2024,NAM,Hydro,1,,,,
2000,NAM,Nuclear,0,,,,
2001,NAM,Nuclear,0,,,,
2002,NAM,Nuclear,0,,,,
2003,NAM,Nuclear,0,,,,
2004,NAM,Nuclear,0,,,,
2005,NAM,Nuclear,0,,,,
2006,NAM,Nuclear,0,,,,
2007,NAM,Nuclear,0,,,,
2008,NAM,Nuclear,0,,,,
2009,NAM,Nuclear,0,,,,
2010,NAM,Nuclear,0,,,,
2011,NAM,Nuclear,0,,,,
2012,NAM,Nuclear,0,,,,
2013,NAM,Nuclear,0,,,,
2014,NAM,Nuclear,0,,,,
2015,NAM,Nuclear,0,,,,
2016,NAM,Nuclear,0,,,,
2017,NAM,Nuclear,0,,,,
2018,NAM,Nuclear,0,,,,
2019,NAM,Nuclear,0,,,,
2020,NAM,Nuclear,0,,,,
2021,NAM,Nuclear,0,,,,
2022,NAM,Nuclear,0,,,,
2023,NAM,Nuclear,0,,,,
2024,NAM,Nuclear,0,,,,
2000,NAM,Other renewables,0,,,,
2001,NAM,Other renewables,0,,,,
2002,NAM,Other renewables,0,,,,
2003,NAM,Other renewables,0,,,,
2004,NAM,Other renewables,0,,,,
2005,NAM,Other renewables,0,,,,
2006,NAM,Other renewables,0,,,,
2007,NAM,Other renewables,0,,,,
2008,NAM,Other renewables,0,,,,
2009,NAM,Other renewables,0,,,,
2010,NAM,Other renewables,0,,,,
2011,NAM,Other renewables,0,,,,
2012,NAM,Other renewables,0,,,,
2013,NAM,Other renewables,0,,,,
2014,NAM,Other renewables,0,,,,
2015,NAM,Other renewables,0,,,,
2016,NAM,Other renewables,0,,,,
2017,NAM,Other renewables,0,,,,
2018,NAM,Other renewables,0,,,,
2019,NAM,Other renewables,0,,,,
2020,NAM,Other renewables,0,,,,
2021,NAM,Other renewables,0,,,,
2022,NAM,Other renewables,0,,,,
2023,NAM,Other renewables,0,,,,
2024,NAM,Other renewables,0,,,,
2000,NAM,Solar,0,,,,
2001,NAM,Solar,0,,,,
2002,NAM,Solar,0,,,,
2003,NAM,Solar,0,,,,
2004,NAM,Solar,0,,,,
2005,NAM,Solar,0,,,,
2006,NAM,Solar,0,,,,
2007,NAM,Solar,0,,,,
2008,NAM,Solar,0,,,,
2009,NAM,Solar,0.01,,,,
2010,NAM,Solar,0.01,,,,
2011,NAM,Solar,0.01,,,,
2012,NAM,Solar,0.01,,,,
2013,NAM,Solar,0.02,,,,
2014,NAM,Solar,0.03,,,,
2015,NAM,Solar,0.04,,,,
2016,NAM,Solar,0.06,,,,
2017,NAM,Solar,0.11,,,,
2018,NAM,Solar,0.23,,,,
2019,NAM,Solar,0.36,,,,
2020,NAM,Solar,0.41,,,,
2021,NAM,Solar,0.48,,,,
2022,NAM,Solar,0.5,,,,
2023,NAM,Solar,0.51,,,,
2024,NAM,Solar,0.58,,,,
2000,NAM,Total,1.4,,,,
2001,NAM,Total,1.2,,,,
2002,NAM,Total,1.4,,,,
2003,NAM,Total,1.4,,,,
2004,NAM,Total,1.4,,,,
2005,NAM,Total,1.7,,,,
2006,NAM,Total,1.5,,,,
2007,NAM,Total,1.5,,,,
2008,NAM,Total,1.4,,,,
2009,NAM,Total,1.4,,,,
2010,NAM,Total,1.3,,,,
2011,NAM,Total,1.4,,,,
2012,NAM,Total,1.6,,,,
2013,NAM,Total,1.3,,,,
2014,NAM,Total,1.5,,,,
2015,NAM,Total,1.5,,,,
2016,NAM,Total,1.4,,,,
2017,NAM,Total,1.7,,,,
2018,NAM,Total,1.4,,,,
2019,NAM,Total,1.3,,,,
2020,NAM,Total,1.9,,,,
2021,NAM,Total,1.5,,,,
2022,NAM,Total,1.3,,,,
2023,NAM,Total,1.9,,,,
2024,NAM,Total,1.6,,,,
2000,NAM,Wind,0,,,,
2001,NAM,Wind,0,,,,
2002,NAM,Wind,0,,,,
2003,NAM,Wind,0,,,,
2004,NAM,Wind,0,,,,
2005,NAM,Wind,0,,,,
2006,NAM,Wind,0,,,,
2007,NAM,Wind,0,,,,
2008,NAM,Wind,0,,,,
2009,NAM,Wind,0,,,,
2010,NAM,Wind,0,,,,
2011,NAM,Wind,0,,,,
2012,NAM,Wind,0,,,,
2013,NAM,Wind,0,,,,
2014,NAM,Wind,0,,,,
2015,NAM,Wind,0,,,,
2016,NAM,Wind,0,,,,
2017,NAM,Wind,0,,,,
2018,NAM,Wind,0.02,,,,
2019,NAM,Wind,0.02,,,,
2020,NAM,Wind,0.02,,,,
2021,NAM,Wind,0.02,,,,
2022,NAM,Wind,0.02,,,,
2023,NAM,Wind,0.02,,,,
2024,NAM,Wind,0.02,,,,
2000,NCL,Hydro,0.44,,,,
2001,NCL,Hydro,0.36,,,,
2002,NCL,Hydro,0.32,,,,
2003,NCL,Hydro,0.32,,,,
2004,NCL,Hydro,0.32,,,,
2005,NCL,Hydro,0.34,,,,
2006,NCL,Hydro,0.28,,,,
2007,NCL,Hydro,0.39,,,,
2008,NCL,Hydro,0.45,,,,
2009,NCL,Hydro,0.4,,,,
2010,NCL,Hydro,0.26,,,,
2011,NCL,Hydro,0.37,,,,
2012,NCL,Hydro,0.4,,,,
2013,NCL,Hydro,0.46,,,,
2014,NCL,Hydro,0.29,,,,
2015,NCL,Hydro,0.34,,,,
2016,NCL,Hydro,0.23,,,,
2017,NCL,Hydro,0.36,,,,
2018,NCL,Hydro,0.32,,,,
2019,NCL,Hydro,0.28,,,,
2020,NCL,Hydro,0.31,,,,
2021,NCL,Hydro,0.43,,,,
2022,NCL,Hydro,0.54,,,,
2023,NCL,Hydro,0.54,,,,
2024,NCL,Hydro,0.54,,,,
2000,NCL,Nuclear,0,,,,
2001,NCL,Nuclear,0,,,,
2002,NCL,Nuclear,0,,,,
2003,NCL,Nuclear,0,,,,
2004,NCL,Nuclear,0,,,,
2005,NCL,Nuclear,0,,,,
2006,NCL,Nuclear,0,,,,
2007,NCL,Nuclear,0,,,,
2008,NCL,Nuclear,0,,,,
2009,NCL,Nuclear,0,,,,
2010,NCL,Nuclear,0,,,,
2011,NCL,Nuclear,0,,,,
2012,NCL,Nuclear,0,,,,
2013,NCL,Nuclear,0,,,,
2014,NCL,Nuclear,0,,,,
2015,NCL,Nuclear,0,,,,
2016,NCL,Nuclear,0,,,,
2017,NCL,Nuclear,0,,,,
2018,NCL,Nuclear,0,,,,
2019,NCL,Nuclear,0,,,,
2020,NCL,Nuclear,0,,,,
2021,NCL,Nuclear,0,,,,
2022,NCL,Nuclear,0,,,,
2023,NCL,Nuclear,0,,,,
2024,NCL,Nuclear,0,,,,
2000,NCL,Other renewables,0,,,,
2001,NCL,Other renewables,0,,,,
2002,NCL,Other renewables,0,,,,
2003,NCL,Other renewables,0,,,,
2004,NCL,Other renewables,0,,,,
2005,NCL,Other renewables,0,,,,
2006,NCL,Other renewables,0,,,,
2007,NCL,Other renewables,0,,,,
2008,NCL,Other renewables,0,,,,
2009,NCL,Other renewables,0,,,,
2010,NCL,Other renewables,0,,,,
2011,NCL,Other renewables,0,,,,
2012,NCL,Other renewables,0,,,,
2013,NCL,Other renewables,0,,,,
2014,NCL,Other renewables,0,,,,
2015,NCL,Other renewables,0,,,,
2016,NCL,Other renewables,0,,,,
2017,NCL,Other renewables,0,,,,
2018,NCL,Other renewables,0,,,,
2019,NCL,Other renewables,0,,,,
2020,NCL,Other renewables,0,,,,
2021,NCL,Other renewables,0,,,,
2022,NCL,Other renewables,0,,,,
2023,NCL,Other renewables,0,,,,
2024,NCL,Other renewables,0,,,,
2000,NCL,Solar,0,,,,
2001,NCL,Solar,0,,,,
2002,NCL,Solar,0,,,,
2003,NCL,Solar,0,,,,
2004,NCL,Solar,0,,,,
2005,NCL,Solar,0,,,,
2006,NCL,Solar,0,,,,
2007,NCL,Solar,0,,,,
2008,NCL,Solar,0,,,,
2009,NCL,Solar,0,,,,
2010,NCL,Solar,0,,,,
2011,NCL,Solar,0,,,,
2012,NCL,Solar,0,,,,
2013,NCL,Solar,0,,,,
2014,NCL,Solar,0,,,,
2015,NCL,Solar,0.01,,,,
2016,NCL,Solar,0.01,,,,
2017,NCL,Solar,0.03,,,,
2018,NCL,Solar,0.05,,,,
2019,NCL,Solar,0.12,,,,
2020,NCL,Solar,0.15,,,,
2021,NCL,Solar,0.18,,,,
2022,NCL,Solar,0.23,,,,
2023,NCL,Solar,0.23,,,,
2024,NCL,Solar,0.26,,,,
2000,NCL,Total,0.45,,,,
2001,NCL,Total,0.37,,,,
2002,NCL,Total,0.33,,,,
2003,NCL,Total,0.32,,,,
2004,NCL,Total,0.33,,,,
2005,NCL,Total,0.36,,,,
2006,NCL,Total,0.31,,,,
2007,NCL,Total,0.43,,,,
2008,NCL,Total,0.48,,,,
2009,NCL,Total,0.43,,,,
2010,NCL,Total,0.31,,,,
2011,NCL,Total,0.42,,,,
2012,NCL,Total,0.46,,,,
2013,NCL,Total,0.51,,,,
2014,NCL,Total,0.35,,,,
2015,NCL,Total,0.41,,,,
2016,NCL,Total,0.29,,,,
2017,NCL,Total,0.44,,,,
2018,NCL,Total,0.42,,,,
2019,NCL,Total,0.46,,,,
2020,NCL,Total,0.51,,,,
2021,NCL,Total,0.65,,,,
2022,NCL,Total,0.81,,,,
2023,NCL,Total,0.81,,,,
2024,NCL,Total,0.84,,,,
2000,NCL,Wind,0.01,,,,
2001,NCL,Wind,0.01,,,,
2002,NCL,Wind,0.01,,,,
2003,NCL,Wind,0,,,,
2004,NCL,Wind,0.01,,,,
2005,NCL,Wind,0.02,,,,
2006,NCL,Wind,0.03,,,,
2007,NCL,Wind,0.04,,,,
2008,NCL,Wind,0.03,,,,
2009,NCL,Wind,0.03,,,,
2010,NCL,Wind,0.05,,,,
2011,NCL,Wind,0.05,,,,
2012,NCL,Wind,0.06,,,,
2013,NCL,Wind,0.05,,,,
2014,NCL,Wind,0.06,,,,
2015,NCL,Wind,0.06,,,,
2016,NCL,Wind,0.05,,,,
2017,NCL,Wind,0.05,,,,
2018,NCL,Wind,0.05,,,,
2019,NCL,Wind,0.06,,,,
2020,NCL,Wind,0.05,,,,
2021,NCL,Wind,0.04,,,,
2022,NCL,Wind,0.04,,,,
2023,NCL,Wind,0.04,,,,
2024,NCL,Wind,0.04,,,,
2000,NER,Hydro,0,,,,
2001,NER,Hydro,0,,,,
2002,NER,Hydro,0,,,,
2003,NER,Hydro,0,,,,
2004,NER,Hydro,0,,,,
2005,NER,Hydro,0,,,,
2006,NER,Hydro,0,,,,
2007,NER,Hydro,0,,,,
2008,NER,Hydro,0,,,,
2009,NER,Hydro,0,,,,
2010,NER,Hydro,0,,,,
2011,NER,Hydro,0,,,,
2012,NER,Hydro,0,,,,
2013,NER,Hydro,0,,,,
2014,NER,Hydro,0,,,,
2015,NER,Hydro,0,,,,
2016,NER,Hydro,0,,,,
2017,NER,Hydro,0,,,,
2018,NER,Hydro,0,,,,
2019,NER,Hydro,0,,,,
2020,NER,Hydro,0,,,,
2021,NER,Hydro,0,,,,
2022,NER,Hydro,0,,,,
2023,NER,Hydro,0,,,,
2024,NER,Hydro,0,,,,
2000,NER,Nuclear,0,,,,
2001,NER,Nuclear,0,,,,
2002,NER,Nuclear,0,,,,
2003,NER,Nuclear,0,,,,
2004,NER,Nuclear,0,,,,
2005,NER,Nuclear,0,,,,
2006,NER,Nuclear,0,,,,
2007,NER,Nuclear,0,,,,
2008,NER,Nuclear,0,,,,
2009,NER,Nuclear,0,,,,
2010,NER,Nuclear,0,,,,
2011,NER,Nuclear,0,,,,
2012,NER,Nuclear,0,,,,
2013,NER,Nuclear,0,,,,
2014,NER,Nuclear,0,,,,
2015,NER,Nuclear,0,,,,
2016,NER,Nuclear,0,,,,
2017,NER,Nuclear,0,,,,
2018,NER,Nuclear,0,,,,
2019,NER,Nuclear,0,,,,
2020,NER,Nuclear,0,,,,
2021,NER,Nuclear,0,,,,
2022,NER,Nuclear,0,,,,
2023,NER,Nuclear,0,,,,
2024,NER,Nuclear,0,,,,
2000,NER,Other renewables,0,,,,
2001,NER,Other renewables,0,,,,
2002,NER,Other renewables,0,,,,
2003,NER,Other renewables,0,,,,
2004,NER,Other renewables,0,,,,
2005,NER,Other renewables,0,,,,
2006,NER,Other renewables,0,,,,
2007,NER,Other renewables,0,,,,
2008,NER,Other renewables,0,,,,
2009,NER,Other renewables,0,,,,
2010,NER,Other renewables,0,,,,
2011,NER,Other renewables,0,,,,
2012,NER,Other renewables,0,,,,
2013,NER,Other renewables,0,,,,
2014,NER,Other renewables,0,,,,
2015,NER,Other renewables,0,,,,
2016,NER,Other renewables,0,,,,
2017,NER,Other renewables,0,,,,
2018,NER,Other renewables,0,,,,
2019,NER,Other renewables,0,,,,
2020,NER,Other renewables,0,,,,
2021,NER,Other renewables,0,,,,
2022,NER,Other renewables,0,,,,
2023,NER,Other renewables,0,,,,
2024,NER,Other renewables,0,,,,
2000,NER,Solar,0,,,,
2001,NER,Solar,0,,,,
2002,NER,Solar,0,,,,
2003,NER,Solar,0,,,,
2004,NER,Solar,0,,,,
2005,NER,Solar,0,,,,
2006,NER,Solar,0,,,,
2007,NER,Solar,0,,,,
2008,NER,Solar,0,,,,
2009,NER,Solar,0,,,,
2010,NER,Solar,0,,,,
2011,NER,Solar,0,,,,
2012,NER,Solar,0,,,,
2013,NER,Solar,0,,,,
2014,NER,Solar,0.01,,,,
2015,NER,Solar,0.01,,,,
2016,NER,Solar,0.01,,,,
2017,NER,Solar,0.01,,,,
2018,NER,Solar,0.01,,,,
2019,NER,Solar,0.02,,,,
2020,NER,Solar,0.02,,,,
2021,NER,Solar,0.02,,,,
2022,NER,Solar,0.02,,,,
2023,NER,Solar,0.02,,,,
2024,NER,Solar,0.03,,,,
2000,NER,Total,0,,,,
2001,NER,Total,0,,,,
2002,NER,Total,0,,,,
2003,NER,Total,0,,,,
2004,NER,Total,0,,,,
2005,NER,Total,0,,,,
2006,NER,Total,0,,,,
2007,NER,Total,0,,,,
2008,NER,Total,0,,,,
2009,NER,Total,0,,,,
2010,NER,Total,0,,,,
2011,NER,Total,0,,,,
2012,NER,Total,0,,,,
2013,NER,Total,0,,,,
2014,NER,Total,0.01,,,,
2015,NER,Total,0.01,,,,
2016,NER,Total,0.01,,,,
2017,NER,Total,0.01,,,,
2018,NER,Total,0.01,,,,
2019,NER,Total,0.02,,,,
2020,NER,Total,0.02,,,,
2021,NER,Total,0.02,,,,
2022,NER,Total,0.02,,,,
2023,NER,Total,0.02,,,,
2024,NER,Total,0.03,,,,
2000,NER,Wind,0,,,,
2001,NER,Wind,0,,,,
2002,NER,Wind,0,,,,
2003,NER,Wind,0,,,,
2004,NER,Wind,0,,,,
2005,NER,Wind,0,,,,
2006,NER,Wind,0,,,,
2007,NER,Wind,0,,,,
2008,NER,Wind,0,,,,
2009,NER,Wind,0,,,,
2010,NER,Wind,0,,,,
2011,NER,Wind,0,,,,
2012,NER,Wind,0,,,,
2013,NER,Wind,0,,,,
2014,NER,Wind,0,,,,
2015,NER,Wind,0,,,,
2016,NER,Wind,0,,,,
2017,NER,Wind,0,,,,
2018,NER,Wind,0,,,,
2019,NER,Wind,0,,,,
2020,NER,Wind,0,,,,
2021,NER,Wind,0,,,,
2022,NER,Wind,0,,,,
2023,NER,Wind,0,,,,
2024,NER,Wind,0,,,,
2000,NGA,Hydro,5.6,,,,
2001,NGA,Hydro,5.9,,,,
2002,NGA,Hydro,8.2,,,,
2003,NGA,Hydro,7.5,,,,
2004,NGA,Hydro,8.1,,,,
2005,NGA,Hydro,7.8,,,,
2006,NGA,Hydro,6.3,,,,
2007,NGA,Hydro,6.2,,,,
2008,NGA,Hydro,5.7,,,,
2009,NGA,Hydro,4.5,,,,
2010,NGA,Hydro,6.4,,,,
2011,NGA,Hydro,5.9,,,,
2012,NGA,Hydro,5.7,,,,
2013,NGA,Hydro,5.3,,,,
2014,NGA,Hydro,5.4,,,,
2015,NGA,Hydro,6.4,,,,
2016,NGA,Hydro,8.2,,,,
2017,NGA,Hydro,7.8,,,,
2018,NGA,Hydro,7.7,,,,
2019,NGA,Hydro,8.4,,,,
2020,NGA,Hydro,7.7,,,,
2021,NGA,Hydro,7.9,,,,
2022,NGA,Hydro,9.2,,,,
2023,NGA,Hydro,9.1,,,,
2024,NGA,Hydro,9.2,,,,
2025,NGA,Hydro,13,,,,
2000,NGA,Nuclear,0,,,,
2001,NGA,Nuclear,0,,,,
2002,NGA,Nuclear,0,,,,
2003,NGA,Nuclear,0,,,,
2004,NGA,Nuclear,0,,,,
2005,NGA,Nuclear,0,,,,
2006,NGA,Nuclear,0,,,,
2007,NGA,Nuclear,0,,,,
2008,NGA,Nuclear,0,,,,
2009,NGA,Nuclear,0,,,,
2010,NGA,Nuclear,0,,,,
2011,NGA,Nuclear,0,,,,
2012,NGA,Nuclear,0,,,,
2013,NGA,Nuclear,0,,,,
2014,NGA,Nuclear,0,,,,
2015,NGA,Nuclear,0,,,,
2016,NGA,Nuclear,0,,,,
2017,NGA,Nuclear,0,,,,
2018,NGA,Nuclear,0,,,,
2019,NGA,Nuclear,0,,,,
2020,NGA,Nuclear,0,,,,
2021,NGA,Nuclear,0,,,,
2022,NGA,Nuclear,0,,,,
2023,NGA,Nuclear,0,,,,
2024,NGA,Nuclear,0,,,,
2025,NGA,Nuclear,0,,,,
2000,NGA,Other renewables,0,,,,
2001,NGA,Other renewables,0,,,,
2002,NGA,Other renewables,0,,,,
2003,NGA,Other renewables,0,,,,
2004,NGA,Other renewables,0,,,,
2005,NGA,Other renewables,0,,,,
2006,NGA,Other renewables,0,,,,
2007,NGA,Other renewables,0,,,,
2008,NGA,Other renewables,0,,,,
2009,NGA,Other renewables,0,,,,
2010,NGA,Other renewables,0,,,,
2011,NGA,Other renewables,0,,,,
2012,NGA,Other renewables,0,,,,
2013,NGA,Other renewables,0,,,,
2014,NGA,Other renewables,0,,,,
2015,NGA,Other renewables,0,,,,
2016,NGA,Other renewables,0,,,,
2017,NGA,Other renewables,0,,,,
2018,NGA,Other renewables,0,,,,
2019,NGA,Other renewables,0,,,,
2020,NGA,Other renewables,0,,,,
2021,NGA,Other renewables,0,,,,
2022,NGA,Other renewables,0,,,,
2023,NGA,Other renewables,0,,,,
2024,NGA,Other renewables,0,,,,
2025,NGA,Other renewables,0,,,,
2000,NGA,Solar,0,,,,
2001,NGA,Solar,0,,,,
2002,NGA,Solar,0,,,,
2003,NGA,Solar,0,,,,
2004,NGA,Solar,0,,,,
2005,NGA,Solar,0,,,,
2006,NGA,Solar,0,,,,
2007,NGA,Solar,0,,,,
2008,NGA,Solar,0,,,,
2009,NGA,Solar,0,,,,
2010,NGA,Solar,0,,,,
2011,NGA,Solar,0,,,,
2012,NGA,Solar,0.02,,,,
2013,NGA,Solar,0.02,,,,
2014,NGA,Solar,0.02,,,,
2015,NGA,Solar,0.03,,,,
2016,NGA,Solar,0.03,,,,
2017,NGA,Solar,0.03,,,,
2018,NGA,Solar,0.04,,,,
2019,NGA,Solar,0.05,,,,
2020,NGA,Solar,0.08,,,,
2021,NGA,Solar,0.1,,,,
2022,NGA,Solar,0.1,,,,
2023,NGA,Solar,0.11,,,,
2024,NGA,Solar,0.13,,,,
2025,NGA,Solar,0.13,,,,
2000,NGA,Total,5.6,,,,
2001,NGA,Total,5.9,,,,
2002,NGA,Total,8.2,,,,
2003,NGA,Total,7.5,,,,
2004,NGA,Total,8.1,,,,
2005,NGA,Total,7.8,,,,
2006,NGA,Total,6.3,,,,
2007,NGA,Total,6.2,,,,
2008,NGA,Total,5.7,,,,
2009,NGA,Total,4.5,,,,
2010,NGA,Total,6.4,,,,
2011,NGA,Total,5.9,,,,
2012,NGA,Total,5.7,,,,
2013,NGA,Total,5.4,,,,
2014,NGA,Total,5.4,,,,
2015,NGA,Total,6.5,,,,
2016,NGA,Total,8.2,,,,
2017,NGA,Total,7.8,,,,
2018,NGA,Total,7.8,,,,
2019,NGA,Total,8.5,,,,
2020,NGA,Total,7.8,,,,
2021,NGA,Total,8.1,,,,
2022,NGA,Total,9.4,,,,
2023,NGA,Total,9.3,,,,
2024,NGA,Total,9.4,,,,
2025,NGA,Total,13,,,,
2000,NGA,Wind,0,,,,
2001,NGA,Wind,0,,,,
2002,NGA,Wind,0,,,,
2003,NGA,Wind,0,,,,
2004,NGA,Wind,0,,,,
2005,NGA,Wind,0,,,,
2006,NGA,Wind,0,,,,
2007,NGA,Wind,0,,,,
2008,NGA,Wind,0,,,,
2009,NGA,Wind,0,,,,
2010,NGA,Wind,0,,,,
2011,NGA,Wind,0,,,,
2012,NGA,Wind,0,,,,
2013,NGA,Wind,0,,,,
2014,NGA,Wind,0,,,,
2015,NGA,Wind,0,,,,
2016,NGA,Wind,0,,,,
2017,NGA,Wind,0,,,,
2018,NGA,Wind,0,,,,
2019,NGA,Wind,0,,,,
2020,NGA,Wind,0,,,,
2021,NGA,Wind,0,,,,
2022,NGA,Wind,0,,,,
2023,NGA,Wind,0,,,,
2024,NGA,Wind,0,,,,
2025,NGA,Wind,0,,,,
2000,NIC,Hydro,0.21,,,,
2001,NIC,Hydro,0.19,,,,
2002,NIC,Hydro,0.3,,,,
2003,NIC,Hydro,0.29,,,,
2004,NIC,Hydro,0.32,,,,
2005,NIC,Hydro,0.43,,,,
2006,NIC,Hydro,0.31,,,,
2007,NIC,Hydro,0.3,,,,
2008,NIC,Hydro,0.53,,,,
2009,NIC,Hydro,0.29,,,,
2010,NIC,Hydro,0.5,,,,
2011,NIC,Hydro,0.44,,,,
2012,NIC,Hydro,0.42,,,,
2013,NIC,Hydro,0.46,,,,
2014,NIC,Hydro,0.4,,,,
2015,NIC,Hydro,0.29,,,,
2016,NIC,Hydro,0.43,,,,
2017,NIC,Hydro,0.47,,,,
2018,NIC,Hydro,0.41,,,,
2019,NIC,Hydro,0.23,,,,
2020,NIC,Hydro,0.57,,,,
2021,NIC,Hydro,0.6,,,,
2022,NIC,Hydro,0.6,,,,
2023,NIC,Hydro,0.65,,,,
2024,NIC,Hydro,0.65,,,,
2000,NIC,Nuclear,0,,,,
2001,NIC,Nuclear,0,,,,
2002,NIC,Nuclear,0,,,,
2003,NIC,Nuclear,0,,,,
2004,NIC,Nuclear,0,,,,
2005,NIC,Nuclear,0,,,,
2006,NIC,Nuclear,0,,,,
2007,NIC,Nuclear,0,,,,
2008,NIC,Nuclear,0,,,,
2009,NIC,Nuclear,0,,,,
2010,NIC,Nuclear,0,,,,
2011,NIC,Nuclear,0,,,,
2012,NIC,Nuclear,0,,,,
2013,NIC,Nuclear,0,,,,
2014,NIC,Nuclear,0,,,,
2015,NIC,Nuclear,0,,,,
2016,NIC,Nuclear,0,,,,
2017,NIC,Nuclear,0,,,,
2018,NIC,Nuclear,0,,,,
2019,NIC,Nuclear,0,,,,
2020,NIC,Nuclear,0,,,,
2021,NIC,Nuclear,0,,,,
2022,NIC,Nuclear,0,,,,
2023,NIC,Nuclear,0,,,,
2024,NIC,Nuclear,0,,,,
2000,NIC,Other renewables,0.13,,,,
2001,NIC,Other renewables,0.21,,,,
2002,NIC,Other renewables,0.21,,,,
2003,NIC,Other renewables,0.27,,,,
2004,NIC,Other renewables,0.25,,,,
2005,NIC,Other renewables,0.27,,,,
2006,NIC,Other renewables,0.31,,,,
2007,NIC,Other renewables,0.24,,,,
2008,NIC,Other renewables,0.32,,,,
2009,NIC,Other renewables,0.3,,,,
2010,NIC,Other renewables,0.3,,,,
2011,NIC,Other renewables,0.27,,,,
2012,NIC,Other renewables,0.52,,,,
2013,NIC,Other renewables,0.68,,,,
2014,NIC,Other renewables,0.66,,,,
2015,NIC,Other renewables,0.68,,,,
2016,NIC,Other renewables,0.71,,,,
2017,NIC,Other renewables,0.75,,,,
2018,NIC,Other renewables,0.8,,,,
2019,NIC,Other renewables,0.78,,,,
2020,NIC,Other renewables,0.77,,,,
2021,NIC,Other renewables,0.73,,,,
2022,NIC,Other renewables,0.69,,,,
2023,NIC,Other renewables,0.69,,,,
2024,NIC,Other renewables,0.69,,,,
2000,NIC,Solar,0,,,,
2001,NIC,Solar,0,,,,
2002,NIC,Solar,0,,,,
2003,NIC,Solar,0,,,,
2004,NIC,Solar,0,,,,
2005,NIC,Solar,0,,,,
2006,NIC,Solar,0,,,,
2007,NIC,Solar,0,,,,
2008,NIC,Solar,0,,,,
2009,NIC,Solar,0,,,,
2010,NIC,Solar,0,,,,
2011,NIC,Solar,0,,,,
2012,NIC,Solar,0,,,,
2013,NIC,Solar,0,,,,
2014,NIC,Solar,0,,,,
2015,NIC,Solar,0,,,,
2016,NIC,Solar,0,,,,
2017,NIC,Solar,0.01,,,,
2018,NIC,Solar,0.02,,,,
2019,NIC,Solar,0.03,,,,
2020,NIC,Solar,0.03,,,,
2021,NIC,Solar,0.03,,,,
2022,NIC,Solar,0.03,,,,
2023,NIC,Solar,0.03,,,,
2024,NIC,Solar,0.03,,,,
2000,NIC,Total,0.49,,,,
2001,NIC,Total,0.49,,,,
2002,NIC,Total,0.64,,,,
2003,NIC,Total,0.74,,,,
2004,NIC,Total,0.79,,,,
2005,NIC,Total,1,,,,
2006,NIC,Total,0.94,,,,
2007,NIC,Total,0.92,,,,
2008,NIC,Total,1.2,,,,
2009,NIC,Total,1.1,,,,
2010,NIC,Total,1.3,,,,
2011,NIC,Total,1.3,,,,
2012,NIC,Total,1.7,,,,
2013,NIC,Total,2.2,,,,
2014,NIC,Total,2.4,,,,
2015,NIC,Total,2.3,,,,
2016,NIC,Total,2.4,,,,
2017,NIC,Total,2.5,,,,
2018,NIC,Total,2.7,,,,
2019,NIC,Total,2.6,,,,
2020,NIC,Total,2.7,,,,
2021,NIC,Total,2.9,,,,
2022,NIC,Total,2.8,,,,
2023,NIC,Total,2.8,,,,
2024,NIC,Total,2.8,,,,
2000,NIC,Wind,0,,,,
2001,NIC,Wind,0,,,,
2002,NIC,Wind,0,,,,
2003,NIC,Wind,0,,,,
2004,NIC,Wind,0,,,,
2005,NIC,Wind,0,,,,
2006,NIC,Wind,0,,,,
2007,NIC,Wind,0,,,,
2008,NIC,Wind,0,,,,
2009,NIC,Wind,0.11,,,,
2010,NIC,Wind,0.16,,,,
2011,NIC,Wind,0.21,,,,
2012,NIC,Wind,0.33,,,,
2013,NIC,Wind,0.56,,,,
2014,NIC,Wind,0.85,,,,
2015,NIC,Wind,0.87,,,,
2016,NIC,Wind,0.73,,,,
2017,NIC,Wind,0.63,,,,
2018,NIC,Wind,0.8,,,,
2019,NIC,Wind,0.73,,,,
2020,NIC,Wind,0.55,,,,
2021,NIC,Wind,0.66,,,,
2022,NIC,Wind,0.56,,,,
2023,NIC,Wind,0.56,,,,
2024,NIC,Wind,0.56,,,,
1990,NLD,Hydro,0.09,,,,
1991,NLD,Hydro,0.1,,,,
1992,NLD,Hydro,0.12,,,,
1993,NLD,Hydro,0.09,,,,
1994,NLD,Hydro,0.1,,,,
1995,NLD,Hydro,0.09,,,,
1996,NLD,Hydro,0.08,,,,
1997,NLD,Hydro,0.09,,,,
1998,NLD,Hydro,0.11,,,,
1999,NLD,Hydro,0.09,,,,
2000,NLD,Hydro,0.14,,,,
2001,NLD,Hydro,0.12,,,,
2002,NLD,Hydro,0.11,,,,
2003,NLD,Hydro,0.07,,,,
2004,NLD,Hydro,0.09,,,,
2005,NLD,Hydro,0.09,,,,
2006,NLD,Hydro,0.11,,,,
2007,NLD,Hydro,0.11,,,,
2008,NLD,Hydro,0.1,,,,
2009,NLD,Hydro,0.1,,,,
2010,NLD,Hydro,0.1,,,,
2011,NLD,Hydro,0.06,,,,
2012,NLD,Hydro,0.1,,,,
2013,NLD,Hydro,0.11,,,,
2014,NLD,Hydro,0.11,,,,
2015,NLD,Hydro,0.09,,,,
2016,NLD,Hydro,0.1,,,,
2017,NLD,Hydro,0.06,,,,
2018,NLD,Hydro,0.07,,,,
2019,NLD,Hydro,0.07,,,,
2020,NLD,Hydro,0.05,,,,
2021,NLD,Hydro,0.09,,,,
2022,NLD,Hydro,0.05,,,,
2023,NLD,Hydro,0.07,,,,
2024,NLD,Hydro,0.09,,,,
2025,NLD,Hydro,0.051,,,,
1990,NLD,Nuclear,3.5,,,,
1991,NLD,Nuclear,3.3,,,,
1992,NLD,Nuclear,3.8,,,,
1993,NLD,Nuclear,4,,,,
1994,NLD,Nuclear,4,,,,
1995,NLD,Nuclear,4,,,,
1996,NLD,Nuclear,4.2,,,,
1997,NLD,Nuclear,2.4,,,,
1998,NLD,Nuclear,3.8,,,,
1999,NLD,Nuclear,3.8,,,,
2000,NLD,Nuclear,3.9,,,,
2001,NLD,Nuclear,4,,,,
2002,NLD,Nuclear,3.9,,,,
2003,NLD,Nuclear,4,,,,
2004,NLD,Nuclear,3.8,,,,
2005,NLD,Nuclear,4,,,,
2006,NLD,Nuclear,3.5,,,,
2007,NLD,Nuclear,4.2,,,,
2008,NLD,Nuclear,4.2,,,,
2009,NLD,Nuclear,4.3,,,,
2010,NLD,Nuclear,4,,,,
2011,NLD,Nuclear,4.1,,,,
2012,NLD,Nuclear,3.9,,,,
2013,NLD,Nuclear,2.9,,,,
2014,NLD,Nuclear,4.1,,,,
2015,NLD,Nuclear,4.1,,,,
2016,NLD,Nuclear,4,,,,
2017,NLD,Nuclear,3.4,,,,
2018,NLD,Nuclear,3.5,,,,
2019,NLD,Nuclear,3.9,,,,
2020,NLD,Nuclear,4.1,,,,
2021,NLD,Nuclear,3.8,,,,
2022,NLD,Nuclear,4.2,,,,
2023,NLD,Nuclear,4,,,,
2024,NLD,Nuclear,3.6,,,,
2025,NLD,Nuclear,4,,,,
1990,NLD,Other renewables,0,,,,
1991,NLD,Other renewables,0,,,,
1992,NLD,Other renewables,0,,,,
1993,NLD,Other renewables,0,,,,
1994,NLD,Other renewables,0,,,,
1995,NLD,Other renewables,0,,,,
1996,NLD,Other renewables,0,,,,
1997,NLD,Other renewables,0,,,,
1998,NLD,Other renewables,0,,,,
1999,NLD,Other renewables,0,,,,
2000,NLD,Other renewables,0,,,,
2001,NLD,Other renewables,0,,,,
2002,NLD,Other renewables,0,,,,
2003,NLD,Other renewables,0,,,,
2004,NLD,Other renewables,0,,,,
2005,NLD,Other renewables,0,,,,
2006,NLD,Other renewables,0,,,,
2007,NLD,Other renewables,0,,,,
2008,NLD,Other renewables,0,,,,
2009,NLD,Other renewables,0,,,,
2010,NLD,Other renewables,0,,,,
2011,NLD,Other renewables,0,,,,
2012,NLD,Other renewables,0,,,,
2013,NLD,Other renewables,0,,,,
2014,NLD,Other renewables,0,,,,
2015,NLD,Other renewables,0,,,,
2016,NLD,Other renewables,0,,,,
2017,NLD,Other renewables,0,,,,
2018,NLD,Other renewables,0,,,,
2019,NLD,Other renewables,0,,,,
2020,NLD,Other renewables,0,,,,
2021,NLD,Other renewables,0,,,,
2022,NLD,Other renewables,0,,,,
2023,NLD,Other renewables,0,,,,
2024,NLD,Other renewables,0,,,,
2025,NLD,Other renewables,0,,,,
1990,NLD,Solar,0,,,,
1991,NLD,Solar,0,,,,
1992,NLD,Solar,0,,,,
1993,NLD,Solar,0,,,,
1994,NLD,Solar,0,,,,
1995,NLD,Solar,0,,,,
1996,NLD,Solar,0,,,,
1997,NLD,Solar,0,,,,
1998,NLD,Solar,0,,,,
1999,NLD,Solar,0.01,,,,
2000,NLD,Solar,0.01,,,,
2001,NLD,Solar,0.01,,,,
2002,NLD,Solar,0.02,,,,
2003,NLD,Solar,0.03,,,,
2004,NLD,Solar,0.03,,,,
2005,NLD,Solar,0.04,,,,
2006,NLD,Solar,0.04,,,,
2007,NLD,Solar,0.04,,,,
2008,NLD,Solar,0.04,,,,
2009,NLD,Solar,0.04,,,,
2010,NLD,Solar,0.06,,,,
2011,NLD,Solar,0.1,,,,
2012,NLD,Solar,0.19,,,,
2013,NLD,Solar,0.41,,,,
2014,NLD,Solar,0.73,,,,
2015,NLD,Solar,1.1,,,,
2016,NLD,Solar,1.6,,,,
2017,NLD,Solar,2.2,,,,
2018,NLD,Solar,3.7,,,,
2019,NLD,Solar,5.4,,,,
2020,NLD,Solar,8.6,,,,
2021,NLD,Solar,11,,,,
2022,NLD,Solar,17,,,,
2023,NLD,Solar,20,,,,
2024,NLD,Solar,22,,,,
2025,NLD,Solar,29,,,,
1990,NLD,Total,4.3,,,,
1991,NLD,Total,4.3,,,,
1992,NLD,Total,4.8,,,,
1993,NLD,Total,5.1,,,,
1994,NLD,Total,5.2,,,,
1995,NLD,Total,5.4,,,,
1996,NLD,Total,6,,,,
1997,NLD,Total,4.4,,,,
1998,NLD,Total,6.1,,,,
1999,NLD,Total,6.3,,,,
2000,NLD,Total,6.9,,,,
2001,NLD,Total,7.3,,,,
2002,NLD,Total,7.9,,,,
2003,NLD,Total,8,,,,
2004,NLD,Total,9.1,,,,
2005,NLD,Total,11,,,,
2006,NLD,Total,12,,,,
2007,NLD,Total,12,,,,
2008,NLD,Total,14,,,,
2009,NLD,Total,15,,,,
2010,NLD,Total,15,,,,
2011,NLD,Total,16,,,,
2012,NLD,Total,16,,,,
2013,NLD,Total,15,,,,
2014,NLD,Total,16,,,,
2015,NLD,Total,18,,,,
2016,NLD,Total,19,,,,
2017,NLD,Total,21,,,,
2018,NLD,Total,22,,,,
2019,NLD,Total,27,,,,
2020,NLD,Total,37,,,,
2021,NLD,Total,44,,,,
2022,NLD,Total,52,,,,
2023,NLD,Total,61,,,,
2024,NLD,Total,66,,,,
2025,NLD,Total,73,,,,
1990,NLD,Wind,0.06,,,,
1991,NLD,Wind,0.09,,,,
1992,NLD,Wind,0.15,,,,
1993,NLD,Wind,0.17,,,,
1994,NLD,Wind,0.24,,,,
1995,NLD,Wind,0.32,,,,
1996,NLD,Wind,0.44,,,,
1997,NLD,Wind,0.47,,,,
1998,NLD,Wind,0.64,,,,
1999,NLD,Wind,0.64,,,,
2000,NLD,Wind,0.83,,,,
2001,NLD,Wind,0.83,,,,
2002,NLD,Wind,0.95,,,,
2003,NLD,Wind,1.3,,,,
2004,NLD,Wind,1.9,,,,
2005,NLD,Wind,2.1,,,,
2006,NLD,Wind,2.7,,,,
2007,NLD,Wind,3.4,,,,
2008,NLD,Wind,4.3,,,,
2009,NLD,Wind,4.6,,,,
2010,NLD,Wind,4,,,,
2011,NLD,Wind,5.1,,,,
2012,NLD,Wind,5,,,,
2013,NLD,Wind,5.6,,,,
2014,NLD,Wind,5.8,,,,
2015,NLD,Wind,7.6,,,,
2016,NLD,Wind,8.2,,,,
2017,NLD,Wind,11,,,,
2018,NLD,Wind,11,,,,
2019,NLD,Wind,12,,,,
2020,NLD,Wind,15,,,,
2021,NLD,Wind,18,,,,
2022,NLD,Wind,22,,,,
2023,NLD,Wind,30,,,,
2024,NLD,Wind,33,,,,
2025,NLD,Wind,34,,,,
1990,NOR,Hydro,120,,,,
1991,NOR,Hydro,110,,,,
1992,NOR,Hydro,120,,,,
1993,NOR,Hydro,120,,,,
1994,NOR,Hydro,110,,,,
1995,NOR,Hydro,120,,,,
1996,NOR,Hydro,100,,,,
1997,NOR,Hydro,110,,,,
1998,NOR,Hydro,120,,,,
1999,NOR,Hydro,120,,,,
2000,NOR,Hydro,140,,,,
2001,NOR,Hydro,120,,,,
2002,NOR,Hydro,130,,,,
2003,NOR,Hydro,110,,,,
2004,NOR,Hydro,110,,,,
2005,NOR,Hydro,140,,,,
2006,NOR,Hydro,120,,,,
2007,NOR,Hydro,130,,,,
2008,NOR,Hydro,140,,,,
2009,NOR,Hydro,130,,,,
2010,NOR,Hydro,120,,,,
2011,NOR,Hydro,120,,,,
2012,NOR,Hydro,140,,,,
2013,NOR,Hydro,130,,,,
2014,NOR,Hydro,140,,,,
2015,NOR,Hydro,140,,,,
2016,NOR,Hydro,140,,,,
2017,NOR,Hydro,140,,,,
2018,NOR,Hydro,140,,,,
2019,NOR,Hydro,130,,,,
2020,NOR,Hydro,140,,,,
2021,NOR,Hydro,140,,,,
2022,NOR,Hydro,130,,,,
2023,NOR,Hydro,140,,,,
2024,NOR,Hydro,140,,,,
2025,NOR,Hydro,140,,,,
1990,NOR,Nuclear,0,,,,
1991,NOR,Nuclear,0,,,,
1992,NOR,Nuclear,0,,,,
1993,NOR,Nuclear,0,,,,
1994,NOR,Nuclear,0,,,,
1995,NOR,Nuclear,0,,,,
1996,NOR,Nuclear,0,,,,
1997,NOR,Nuclear,0,,,,
1998,NOR,Nuclear,0,,,,
1999,NOR,Nuclear,0,,,,
2000,NOR,Nuclear,0,,,,
2001,NOR,Nuclear,0,,,,
2002,NOR,Nuclear,0,,,,
2003,NOR,Nuclear,0,,,,
2004,NOR,Nuclear,0,,,,
2005,NOR,Nuclear,0,,,,
2006,NOR,Nuclear,0,,,,
2007,NOR,Nuclear,0,,,,
2008,NOR,Nuclear,0,,,,
2009,NOR,Nuclear,0,,,,
2010,NOR,Nuclear,0,,,,
2011,NOR,Nuclear,0,,,,
2012,NOR,Nuclear,0,,,,
2013,NOR,Nuclear,0,,,,
2014,NOR,Nuclear,0,,,,
2015,NOR,Nuclear,0,,,,
2016,NOR,Nuclear,0,,,,
2017,NOR,Nuclear,0,,,,
2018,NOR,Nuclear,0,,,,
2019,NOR,Nuclear,0,,,,
2020,NOR,Nuclear,0,,,,
2021,NOR,Nuclear,0,,,,
2022,NOR,Nuclear,0,,,,
2023,NOR,Nuclear,0,,,,
2024,NOR,Nuclear,0,,,,
2025,NOR,Nuclear,0,,,,
1990,NOR,Other renewables,0,,,,
1991,NOR,Other renewables,0,,,,
1992,NOR,Other renewables,0,,,,
1993,NOR,Other renewables,0,,,,
1994,NOR,Other renewables,0,,,,
1995,NOR,Other renewables,0,,,,
1996,NOR,Other renewables,0,,,,
1997,NOR,Other renewables,0,,,,
1998,NOR,Other renewables,0,,,,
1999,NOR,Other renewables,0,,,,
2000,NOR,Other renewables,0,,,,
2001,NOR,Other renewables,0,,,,
2002,NOR,Other renewables,0,,,,
2003,NOR,Other renewables,0,,,,
2004,NOR,Other renewables,0,,,,
2005,NOR,Other renewables,0,,,,
2006,NOR,Other renewables,0,,,,
2007,NOR,Other renewables,0,,,,
2008,NOR,Other renewables,0,,,,
2009,NOR,Other renewables,0,,,,
2010,NOR,Other renewables,0,,,,
2011,NOR,Other renewables,0,,,,
2012,NOR,Other renewables,0,,,,
2013,NOR,Other renewables,0,,,,
2014,NOR,Other renewables,0,,,,
2015,NOR,Other renewables,0,,,,
2016,NOR,Other renewables,0,,,,
2017,NOR,Other renewables,0,,,,
2018,NOR,Other renewables,0,,,,
2019,NOR,Other renewables,0,,,,
2020,NOR,Other renewables,0,,,,
2021,NOR,Other renewables,0,,,,
2022,NOR,Other renewables,0,,,,
2023,NOR,Other renewables,0,,,,
2024,NOR,Other renewables,0,,,,
2025,NOR,Other renewables,0.1,,,,
1990,NOR,Solar,0,,,,
1991,NOR,Solar,0,,,,
1992,NOR,Solar,0,,,,
1993,NOR,Solar,0,,,,
1994,NOR,Solar,0,,,,
1995,NOR,Solar,0,,,,
1996,NOR,Solar,0,,,,
1997,NOR,Solar,0,,,,
1998,NOR,Solar,0,,,,
1999,NOR,Solar,0,,,,
2000,NOR,Solar,0,,,,
2001,NOR,Solar,0,,,,
2002,NOR,Solar,0,,,,
2003,NOR,Solar,0,,,,
2004,NOR,Solar,0,,,,
2005,NOR,Solar,0,,,,
2006,NOR,Solar,0,,,,
2007,NOR,Solar,0,,,,
2008,NOR,Solar,0,,,,
2009,NOR,Solar,0,,,,
2010,NOR,Solar,0,,,,
2011,NOR,Solar,0,,,,
2012,NOR,Solar,0,,,,
2013,NOR,Solar,0,,,,
2014,NOR,Solar,0,,,,
2015,NOR,Solar,0,,,,
2016,NOR,Solar,0,,,,
2017,NOR,Solar,0,,,,
2018,NOR,Solar,0,,,,
2019,NOR,Solar,0.01,,,,
2020,NOR,Solar,0.08,,,,
2021,NOR,Solar,0.11,,,,
2022,NOR,Solar,0.17,,,,
2023,NOR,Solar,0.36,,,,
2024,NOR,Solar,0.53,,,,
2025,NOR,Solar,0.53,,,,
1990,NOR,Total,120,,,,
1991,NOR,Total,110,,,,
1992,NOR,Total,120,,,,
1993,NOR,Total,120,,,,
1994,NOR,Total,110,,,,
1995,NOR,Total,120,,,,
1996,NOR,Total,100,,,,
1997,NOR,Total,110,,,,
1998,NOR,Total,120,,,,
1999,NOR,Total,120,,,,
2000,NOR,Total,140,,,,
2001,NOR,Total,120,,,,
2002,NOR,Total,130,,,,
2003,NOR,Total,110,,,,
2004,NOR,Total,110,,,,
2005,NOR,Total,140,,,,
2006,NOR,Total,120,,,,
2007,NOR,Total,130,,,,
2008,NOR,Total,140,,,,
2009,NOR,Total,130,,,,
2010,NOR,Total,120,,,,
2011,NOR,Total,120,,,,
2012,NOR,Total,140,,,,
2013,NOR,Total,130,,,,
2014,NOR,Total,140,,,,
2015,NOR,Total,140,,,,
2016,NOR,Total,150,,,,
2017,NOR,Total,150,,,,
2018,NOR,Total,140,,,,
2019,NOR,Total,130,,,,
2020,NOR,Total,150,,,,
2021,NOR,Total,160,,,,
2022,NOR,Total,140,,,,
2023,NOR,Total,150,,,,
2024,NOR,Total,150,,,,
2025,NOR,Total,160,,,,
1990,NOR,Wind,0,,,,
1991,NOR,Wind,0,,,,
1992,NOR,Wind,0,,,,
1993,NOR,Wind,0.01,,,,
1994,NOR,Wind,0.01,,,,
1995,NOR,Wind,0.01,,,,
1996,NOR,Wind,0.01,,,,
1997,NOR,Wind,0.01,,,,
1998,NOR,Wind,0.01,,,,
1999,NOR,Wind,0.03,,,,
2000,NOR,Wind,0.03,,,,
2001,NOR,Wind,0.03,,,,
2002,NOR,Wind,0.08,,,,
2003,NOR,Wind,0.22,,,,
2004,NOR,Wind,0.25,,,,
2005,NOR,Wind,0.5,,,,
2006,NOR,Wind,0.64,,,,
2007,NOR,Wind,0.89,,,,
2008,NOR,Wind,0.91,,,,
2009,NOR,Wind,0.97,,,,
2010,NOR,Wind,0.87,,,,
2011,NOR,Wind,1.3,,,,
2012,NOR,Wind,1.5,,,,
2013,NOR,Wind,1.9,,,,
2014,NOR,Wind,2.2,,,,
2015,NOR,Wind,2.5,,,,
2016,NOR,Wind,2.1,,,,
2017,NOR,Wind,2.9,,,,
2018,NOR,Wind,3.9,,,,
2019,NOR,Wind,5.5,,,,
2020,NOR,Wind,9.9,,,,
2021,NOR,Wind,12,,,,
2022,NOR,Wind,15,,,,
2023,NOR,Wind,14,,,,
2024,NOR,Wind,15,,,,
2025,NOR,Wind,14,,,,
2000,NPL,Hydro,1.6,,,,
2001,NPL,Hydro,1.8,,,,
2002,NPL,Hydro,2.1,,,,
2003,NPL,Hydro,2.3,,,,
2004,NPL,Hydro,2.4,,,,
2005,NPL,Hydro,2.5,,,,
2006,NPL,Hydro,2.7,,,,
2007,NPL,Hydro,2.8,,,,
2008,NPL,Hydro,2.8,,,,
2009,NPL,Hydro,3.1,,,,
2010,NPL,Hydro,3.2,,,,
2011,NPL,Hydro,3.5,,,,
2012,NPL,Hydro,3.5,,,,
2013,NPL,Hydro,3.5,,,,
2014,NPL,Hydro,3.8,,,,
2015,NPL,Hydro,3.4,,,,
2016,NPL,Hydro,4.2,,,,
2017,NPL,Hydro,4.5,,,,
2018,NPL,Hydro,4.8,,,,
2019,NPL,Hydro,6.1,,,,
2020,NPL,Hydro,6.1,,,,
2021,NPL,Hydro,9.5,,,,
2022,NPL,Hydro,11,,,,
2023,NPL,Hydro,11,,,,
2024,NPL,Hydro,11,,,,
2000,NPL,Nuclear,0,,,,
2001,NPL,Nuclear,0,,,,
2002,NPL,Nuclear,0,,,,
2003,NPL,Nuclear,0,,,,
2004,NPL,Nuclear,0,,,,
2005,NPL,Nuclear,0,,,,
2006,NPL,Nuclear,0,,,,
2007,NPL,Nuclear,0,,,,
2008,NPL,Nuclear,0,,,,
2009,NPL,Nuclear,0,,,,
2010,NPL,Nuclear,0,,,,
2011,NPL,Nuclear,0,,,,
2012,NPL,Nuclear,0,,,,
2013,NPL,Nuclear,0,,,,
2014,NPL,Nuclear,0,,,,
2015,NPL,Nuclear,0,,,,
2016,NPL,Nuclear,0,,,,
2017,NPL,Nuclear,0,,,,
2018,NPL,Nuclear,0,,,,
2019,NPL,Nuclear,0,,,,
2020,NPL,Nuclear,0,,,,
2021,NPL,Nuclear,0,,,,
2022,NPL,Nuclear,0,,,,
2023,NPL,Nuclear,0,,,,
2024,NPL,Nuclear,0,,,,
2000,NPL,Other renewables,0,,,,
2001,NPL,Other renewables,0,,,,
2002,NPL,Other renewables,0,,,,
2003,NPL,Other renewables,0,,,,
2004,NPL,Other renewables,0,,,,
2005,NPL,Other renewables,0,,,,
2006,NPL,Other renewables,0,,,,
2007,NPL,Other renewables,0,,,,
2008,NPL,Other renewables,0,,,,
2009,NPL,Other renewables,0,,,,
2010,NPL,Other renewables,0,,,,
2011,NPL,Other renewables,0,,,,
2012,NPL,Other renewables,0,,,,
2013,NPL,Other renewables,0,,,,
2014,NPL,Other renewables,0,,,,
2015,NPL,Other renewables,0,,,,
2016,NPL,Other renewables,0,,,,
2017,NPL,Other renewables,0,,,,
2018,NPL,Other renewables,0,,,,
2019,NPL,Other renewables,0,,,,
2020,NPL,Other renewables,0,,,,
2021,NPL,Other renewables,0,,,,
2022,NPL,Other renewables,0,,,,
2023,NPL,Other renewables,0,,,,
2024,NPL,Other renewables,0,,,,
2000,NPL,Solar,0,,,,
2001,NPL,Solar,0,,,,
2002,NPL,Solar,0,,,,
2003,NPL,Solar,0,,,,
2004,NPL,Solar,0,,,,
2005,NPL,Solar,0,,,,
2006,NPL,Solar,0,,,,
2007,NPL,Solar,0,,,,
2008,NPL,Solar,0,,,,
2009,NPL,Solar,0,,,,
2010,NPL,Solar,0.01,,,,
2011,NPL,Solar,0.01,,,,
2012,NPL,Solar,0.01,,,,
2013,NPL,Solar,0.02,,,,
2014,NPL,Solar,0.02,,,,
2015,NPL,Solar,0.02,,,,
2016,NPL,Solar,0.02,,,,
2017,NPL,Solar,0.08,,,,
2018,NPL,Solar,0.08,,,,
2019,NPL,Solar,0.08,,,,
2020,NPL,Solar,0.08,,,,
2021,NPL,Solar,0.09,,,,
2022,NPL,Solar,0.1,,,,
2023,NPL,Solar,0.1,,,,
2024,NPL,Solar,0.12,,,,
2000,NPL,Total,1.6,,,,
2001,NPL,Total,1.8,,,,
2002,NPL,Total,2.1,,,,
2003,NPL,Total,2.3,,,,
2004,NPL,Total,2.4,,,,
2005,NPL,Total,2.5,,,,
2006,NPL,Total,2.7,,,,
2007,NPL,Total,2.8,,,,
2008,NPL,Total,2.8,,,,
2009,NPL,Total,3.1,,,,
2010,NPL,Total,3.2,,,,
2011,NPL,Total,3.5,,,,
2012,NPL,Total,3.5,,,,
2013,NPL,Total,3.5,,,,
2014,NPL,Total,3.8,,,,
2015,NPL,Total,3.5,,,,
2016,NPL,Total,4.2,,,,
2017,NPL,Total,4.6,,,,
2018,NPL,Total,4.8,,,,
2019,NPL,Total,6.2,,,,
2020,NPL,Total,6.2,,,,
2021,NPL,Total,9.6,,,,
2022,NPL,Total,11,,,,
2023,NPL,Total,11,,,,
2024,NPL,Total,11,,,,
2000,NPL,Wind,0,,,,
2001,NPL,Wind,0,,,,
2002,NPL,Wind,0,,,,
2003,NPL,Wind,0,,,,
2004,NPL,Wind,0,,,,
2005,NPL,Wind,0,,,,
2006,NPL,Wind,0,,,,
2007,NPL,Wind,0,,,,
2008,NPL,Wind,0,,,,
2009,NPL,Wind,0,,,,
2010,NPL,Wind,0,,,,
2011,NPL,Wind,0,,,,
2012,NPL,Wind,0,,,,
2013,NPL,Wind,0,,,,
2014,NPL,Wind,0.01,,,,
2015,NPL,Wind,0.01,,,,
2016,NPL,Wind,0.01,,,,
2017,NPL,Wind,0.01,,,,
2018,NPL,Wind,0.01,,,,
2019,NPL,Wind,0.01,,,,
2020,NPL,Wind,0.01,,,,
2021,NPL,Wind,0.01,,,,
2022,NPL,Wind,0.01,,,,
2023,NPL,Wind,0.01,,,,
2024,NPL,Wind,0.01,,,,
2000,NRU,Hydro,0,,,,
2001,NRU,Hydro,0,,,,
2002,NRU,Hydro,0,,,,
2003,NRU,Hydro,0,,,,
2004,NRU,Hydro,0,,,,
2005,NRU,Hydro,0,,,,
2006,NRU,Hydro,0,,,,
2007,NRU,Hydro,0,,,,
2008,NRU,Hydro,0,,,,
2009,NRU,Hydro,0,,,,
2010,NRU,Hydro,0,,,,
2011,NRU,Hydro,0,,,,
2012,NRU,Hydro,0,,,,
2013,NRU,Hydro,0,,,,
2014,NRU,Hydro,0,,,,
2015,NRU,Hydro,0,,,,
2016,NRU,Hydro,0,,,,
2017,NRU,Hydro,0,,,,
2018,NRU,Hydro,0,,,,
2019,NRU,Hydro,0,,,,
2020,NRU,Hydro,0,,,,
2021,NRU,Hydro,0,,,,
2022,NRU,Hydro,0,,,,
2023,NRU,Hydro,0,,,,
2024,NRU,Hydro,0,,,,
2000,NRU,Nuclear,0,,,,
2001,NRU,Nuclear,0,,,,
2002,NRU,Nuclear,0,,,,
2003,NRU,Nuclear,0,,,,
2004,NRU,Nuclear,0,,,,
2005,NRU,Nuclear,0,,,,
2006,NRU,Nuclear,0,,,,
2007,NRU,Nuclear,0,,,,
2008,NRU,Nuclear,0,,,,
2009,NRU,Nuclear,0,,,,
2010,NRU,Nuclear,0,,,,
2011,NRU,Nuclear,0,,,,
2012,NRU,Nuclear,0,,,,
2013,NRU,Nuclear,0,,,,
2014,NRU,Nuclear,0,,,,
2015,NRU,Nuclear,0,,,,
2016,NRU,Nuclear,0,,,,
2017,NRU,Nuclear,0,,,,
2018,NRU,Nuclear,0,,,,
2019,NRU,Nuclear,0,,,,
2020,NRU,Nuclear,0,,,,
2021,NRU,Nuclear,0,,,,
2022,NRU,Nuclear,0,,,,
2023,NRU,Nuclear,0,,,,
2024,NRU,Nuclear,0,,,,
2000,NRU,Other renewables,0,,,,
2001,NRU,Other renewables,0,,,,
2002,NRU,Other renewables,0,,,,
2003,NRU,Other renewables,0,,,,
2004,NRU,Other renewables,0,,,,
2005,NRU,Other renewables,0,,,,
2006,NRU,Other renewables,0,,,,
2007,NRU,Other renewables,0,,,,
2008,NRU,Other renewables,0,,,,
2009,NRU,Other renewables,0,,,,
2010,NRU,Other renewables,0,,,,
2011,NRU,Other renewables,0,,,,
2012,NRU,Other renewables,0,,,,
2013,NRU,Other renewables,0,,,,
2014,NRU,Other renewables,0,,,,
2015,NRU,Other renewables,0,,,,
2016,NRU,Other renewables,0,,,,
2017,NRU,Other renewables,0,,,,
2018,NRU,Other renewables,0,,,,
2019,NRU,Other renewables,0,,,,
2020,NRU,Other renewables,0,,,,
2021,NRU,Other renewables,0,,,,
2022,NRU,Other renewables,0,,,,
2023,NRU,Other renewables,0,,,,
2024,NRU,Other renewables,0,,,,
2000,NRU,Solar,0,,,,
2001,NRU,Solar,0,,,,
2002,NRU,Solar,0,,,,
2003,NRU,Solar,0,,,,
2004,NRU,Solar,0,,,,
2005,NRU,Solar,0,,,,
2006,NRU,Solar,0,,,,
2007,NRU,Solar,0,,,,
2008,NRU,Solar,0,,,,
2009,NRU,Solar,0,,,,
2010,NRU,Solar,0,,,,
2011,NRU,Solar,0,,,,
2012,NRU,Solar,0,,,,
2013,NRU,Solar,0,,,,
2014,NRU,Solar,0,,,,
2015,NRU,Solar,0,,,,
2016,NRU,Solar,0,,,,
2017,NRU,Solar,0,,,,
2018,NRU,Solar,0,,,,
2019,NRU,Solar,0,,,,
2020,NRU,Solar,0,,,,
2021,NRU,Solar,0,,,,
2022,NRU,Solar,0,,,,
2023,NRU,Solar,0,,,,
2024,NRU,Solar,0.01,,,,
2000,NRU,Total,0,,,,
2001,NRU,Total,0,,,,
2002,NRU,Total,0,,,,
2003,NRU,Total,0,,,,
2004,NRU,Total,0,,,,
2005,NRU,Total,0,,,,
2006,NRU,Total,0,,,,
2007,NRU,Total,0,,,,
2008,NRU,Total,0,,,,
2009,NRU,Total,0,,,,
2010,NRU,Total,0,,,,
2011,NRU,Total,0,,,,
2012,NRU,Total,0,,,,
2013,NRU,Total,0,,,,
2014,NRU,Total,0,,,,
2015,NRU,Total,0,,,,
2016,NRU,Total,0,,,,
2017,NRU,Total,0,,,,
2018,NRU,Total,0,,,,
2019,NRU,Total,0,,,,
2020,NRU,Total,0,,,,
2021,NRU,Total,0,,,,
2022,NRU,Total,0,,,,
2023,NRU,Total,0,,,,
2024,NRU,Total,0.01,,,,
2000,NRU,Wind,0,,,,
2001,NRU,Wind,0,,,,
2002,NRU,Wind,0,,,,
2003,NRU,Wind,0,,,,
2004,NRU,Wind,0,,,,
2005,NRU,Wind,0,,,,
2006,NRU,Wind,0,,,,
2007,NRU,Wind,0,,,,
2008,NRU,Wind,0,,,,
2009,NRU,Wind,0,,,,
2010,NRU,Wind,0,,,,
2011,NRU,Wind,0,,,,
2012,NRU,Wind,0,,,,
2013,NRU,Wind,0,,,,
2014,NRU,Wind,0,,,,
2015,NRU,Wind,0,,,,
2016,NRU,Wind,0,,,,
2017,NRU,Wind,0,,,,
2018,NRU,Wind,0,,,,
2019,NRU,Wind,0,,,,
2020,NRU,Wind,0,,,,
2021,NRU,Wind,0,,,,
2022,NRU,Wind,0,,,,
2023,NRU,Wind,0,,,,
2024,NRU,Wind,0,,,,
2000,NZL,Hydro,24,,,,
2001,NZL,Hydro,21,,,,
2002,NZL,Hydro,25,,,,
2003,NZL,Hydro,23,,,,
2004,NZL,Hydro,27,,,,
2005,NZL,Hydro,23,,,,
2006,NZL,Hydro,23,,,,
2007,NZL,Hydro,23,,,,
2008,NZL,Hydro,22,,,,
2009,NZL,Hydro,24,,,,
2010,NZL,Hydro,24,,,,
2011,NZL,Hydro,25,,,,
2012,NZL,Hydro,23,,,,
2013,NZL,Hydro,23,,,,
2014,NZL,Hydro,24,,,,
2015,NZL,Hydro,24,,,,
2016,NZL,Hydro,26,,,,
2017,NZL,Hydro,25,,,,
2018,NZL,Hydro,26,,,,
2019,NZL,Hydro,25,,,,
2020,NZL,Hydro,24,,,,
2021,NZL,Hydro,24,,,,
2022,NZL,Hydro,26,,,,
2023,NZL,Hydro,26,,,,
2024,NZL,Hydro,23,,,,
2025,NZL,Hydro,24,,,,
2000,NZL,Nuclear,0,,,,
2001,NZL,Nuclear,0,,,,
2002,NZL,Nuclear,0,,,,
2003,NZL,Nuclear,0,,,,
2004,NZL,Nuclear,0,,,,
2005,NZL,Nuclear,0,,,,
2006,NZL,Nuclear,0,,,,
2007,NZL,Nuclear,0,,,,
2008,NZL,Nuclear,0,,,,
2009,NZL,Nuclear,0,,,,
2010,NZL,Nuclear,0,,,,
2011,NZL,Nuclear,0,,,,
2012,NZL,Nuclear,0,,,,
2013,NZL,Nuclear,0,,,,
2014,NZL,Nuclear,0,,,,
2015,NZL,Nuclear,0,,,,
2016,NZL,Nuclear,0,,,,
2017,NZL,Nuclear,0,,,,
2018,NZL,Nuclear,0,,,,
2019,NZL,Nuclear,0,,,,
2020,NZL,Nuclear,0,,,,
2021,NZL,Nuclear,0,,,,
2022,NZL,Nuclear,0,,,,
2023,NZL,Nuclear,0,,,,
2024,NZL,Nuclear,0,,,,
2025,NZL,Nuclear,0,,,,
2000,NZL,Other renewables,2.8,,,,
2001,NZL,Other renewables,2.7,,,,
2002,NZL,Other renewables,2.7,,,,
2003,NZL,Other renewables,2.6,,,,
2004,NZL,Other renewables,2.6,,,,
2005,NZL,Other renewables,3,,,,
2006,NZL,Other renewables,3.2,,,,
2007,NZL,Other renewables,3.4,,,,
2008,NZL,Other renewables,4,,,,
2009,NZL,Other renewables,4.6,,,,
2010,NZL,Other renewables,5.5,,,,
2011,NZL,Other renewables,5.8,,,,
2012,NZL,Other renewables,5.9,,,,
2013,NZL,Other renewables,6.1,,,,
2014,NZL,Other renewables,6.9,,,,
2015,NZL,Other renewables,7.4,,,,
2016,NZL,Other renewables,7.5,,,,
2017,NZL,Other renewables,7.6,,,,
2018,NZL,Other renewables,7.5,,,,
2019,NZL,Other renewables,7.6,,,,
2020,NZL,Other renewables,7.8,,,,
2021,NZL,Other renewables,8,,,,
2022,NZL,Other renewables,7.8,,,,
2023,NZL,Other renewables,7.7,,,,
2024,NZL,Other renewables,8.9,,,,
2025,NZL,Other renewables,9.4,,,,
2000,NZL,Solar,0,,,,
2001,NZL,Solar,0,,,,
2002,NZL,Solar,0,,,,
2003,NZL,Solar,0,,,,
2004,NZL,Solar,0,,,,
2005,NZL,Solar,0,,,,
2006,NZL,Solar,0,,,,
2007,NZL,Solar,0,,,,
2008,NZL,Solar,0,,,,
2009,NZL,Solar,0,,,,
2010,NZL,Solar,0,,,,
2011,NZL,Solar,0,,,,
2012,NZL,Solar,0,,,,
2013,NZL,Solar,0.01,,,,
2014,NZL,Solar,0.02,,,,
2015,NZL,Solar,0.04,,,,
2016,NZL,Solar,0.06,,,,
2017,NZL,Solar,0.08,,,,
2018,NZL,Solar,0.1,,,,
2019,NZL,Solar,0.13,,,,
2020,NZL,Solar,0.16,,,,
2021,NZL,Solar,0.21,,,,
2022,NZL,Solar,0.28,,,,
2023,NZL,Solar,0.37,,,,
2024,NZL,Solar,0.37,,,,
2025,NZL,Solar,0.37,,,,
2000,NZL,Total,28,,,,
2001,NZL,Total,25,,,,
2002,NZL,Total,28,,,,
2003,NZL,Total,27,,,,
2004,NZL,Total,31,,,,
2005,NZL,Total,27,,,,
2006,NZL,Total,28,,,,
2007,NZL,Total,28,,,,
2008,NZL,Total,28,,,,
2009,NZL,Total,31,,,,
2010,NZL,Total,32,,,,
2011,NZL,Total,33,,,,
2012,NZL,Total,31,,,,
2013,NZL,Total,32,,,,
2014,NZL,Total,34,,,,
2015,NZL,Total,35,,,,
2016,NZL,Total,36,,,,
2017,NZL,Total,35,,,,
2018,NZL,Total,36,,,,
2019,NZL,Total,36,,,,
2020,NZL,Total,35,,,,
2021,NZL,Total,36,,,,
2022,NZL,Total,38,,,,
2023,NZL,Total,38,,,,
2024,NZL,Total,38,,,,
2025,NZL,Total,38,,,,
2000,NZL,Wind,0.12,,,,
2001,NZL,Wind,0.14,,,,
2002,NZL,Wind,0.15,,,,
2003,NZL,Wind,0.15,,,,
2004,NZL,Wind,0.36,,,,
2005,NZL,Wind,0.61,,,,
2006,NZL,Wind,0.62,,,,
2007,NZL,Wind,0.92,,,,
2008,NZL,Wind,1.1,,,,
2009,NZL,Wind,1.5,,,,
2010,NZL,Wind,1.6,,,,
2011,NZL,Wind,1.9,,,,
2012,NZL,Wind,2.1,,,,
2013,NZL,Wind,2,,,,
2014,NZL,Wind,2.2,,,,
2015,NZL,Wind,2.3,,,,
2016,NZL,Wind,2.3,,,,
2017,NZL,Wind,2.1,,,,
2018,NZL,Wind,2.1,,,,
2019,NZL,Wind,2.2,,,,
2020,NZL,Wind,2.3,,,,
2021,NZL,Wind,2.6,,,,
2022,NZL,Wind,2.9,,,,
2023,NZL,Wind,3.5,,,,
2024,NZL,Wind,4.3,,,,
2025,NZL,Wind,4.2,,,,
2000,OMN,Hydro,0,,,,
2001,OMN,Hydro,0,,,,
2002,OMN,Hydro,0,,,,
2003,OMN,Hydro,0,,,,
2004,OMN,Hydro,0,,,,
2005,OMN,Hydro,0,,,,
2006,OMN,Hydro,0,,,,
2007,OMN,Hydro,0,,,,
2008,OMN,Hydro,0,,,,
2009,OMN,Hydro,0,,,,
2010,OMN,Hydro,0,,,,
2011,OMN,Hydro,0,,,,
2012,OMN,Hydro,0,,,,
2013,OMN,Hydro,0,,,,
2014,OMN,Hydro,0,,,,
2015,OMN,Hydro,0,,,,
2016,OMN,Hydro,0,,,,
2017,OMN,Hydro,0,,,,
2018,OMN,Hydro,0,,,,
2019,OMN,Hydro,0,,,,
2020,OMN,Hydro,0,,,,
2021,OMN,Hydro,0,,,,
2022,OMN,Hydro,0,,,,
2023,OMN,Hydro,0,,,,
2024,OMN,Hydro,0,,,,
2025,OMN,Hydro,0,,,,
2000,OMN,Nuclear,0,,,,
2001,OMN,Nuclear,0,,,,
2002,OMN,Nuclear,0,,,,
2003,OMN,Nuclear,0,,,,
2004,OMN,Nuclear,0,,,,
2005,OMN,Nuclear,0,,,,
2006,OMN,Nuclear,0,,,,
2007,OMN,Nuclear,0,,,,
2008,OMN,Nuclear,0,,,,
2009,OMN,Nuclear,0,,,,
2010,OMN,Nuclear,0,,,,
2011,OMN,Nuclear,0,,,,
2012,OMN,Nuclear,0,,,,
2013,OMN,Nuclear,0,,,,
2014,OMN,Nuclear,0,,,,
2015,OMN,Nuclear,0,,,,
2016,OMN,Nuclear,0,,,,
2017,OMN,Nuclear,0,,,,
2018,OMN,Nuclear,0,,,,
2019,OMN,Nuclear,0,,,,
2020,OMN,Nuclear,0,,,,
2021,OMN,Nuclear,0,,,,
2022,OMN,Nuclear,0,,,,
2023,OMN,Nuclear,0,,,,
2024,OMN,Nuclear,0,,,,
2025,OMN,Nuclear,0,,,,
2000,OMN,Other renewables,0,,,,
2001,OMN,Other renewables,0,,,,
2002,OMN,Other renewables,0,,,,
2003,OMN,Other renewables,0,,,,
2004,OMN,Other renewables,0,,,,
2005,OMN,Other renewables,0,,,,
2006,OMN,Other renewables,0,,,,
2007,OMN,Other renewables,0,,,,
2008,OMN,Other renewables,0,,,,
2009,OMN,Other renewables,0,,,,
2010,OMN,Other renewables,0,,,,
2011,OMN,Other renewables,0,,,,
2012,OMN,Other renewables,0,,,,
2013,OMN,Other renewables,0,,,,
2014,OMN,Other renewables,0,,,,
2015,OMN,Other renewables,0,,,,
2016,OMN,Other renewables,0,,,,
2017,OMN,Other renewables,0,,,,
2018,OMN,Other renewables,0,,,,
2019,OMN,Other renewables,0,,,,
2020,OMN,Other renewables,0,,,,
2021,OMN,Other renewables,0,,,,
2022,OMN,Other renewables,0,,,,
2023,OMN,Other renewables,0,,,,
2024,OMN,Other renewables,0,,,,
2025,OMN,Other renewables,0,,,,
2000,OMN,Solar,0,,,,
2001,OMN,Solar,0,,,,
2002,OMN,Solar,0,,,,
2003,OMN,Solar,0,,,,
2004,OMN,Solar,0,,,,
2005,OMN,Solar,0,,,,
2006,OMN,Solar,0,,,,
2007,OMN,Solar,0,,,,
2008,OMN,Solar,0,,,,
2009,OMN,Solar,0,,,,
2010,OMN,Solar,0,,,,
2011,OMN,Solar,0,,,,
2012,OMN,Solar,0,,,,
2013,OMN,Solar,0,,,,
2014,OMN,Solar,0,,,,
2015,OMN,Solar,0,,,,
2016,OMN,Solar,0,,,,
2017,OMN,Solar,0.02,,,,
2018,OMN,Solar,0.05,,,,
2019,OMN,Solar,0.05,,,,
2020,OMN,Solar,0.1,,,,
2021,OMN,Solar,0.6,,,,
2022,OMN,Solar,1.8,,,,
2023,OMN,Solar,2.1,,,,
2024,OMN,Solar,2.3,,,,
2025,OMN,Solar,2.3,,,,
2000,OMN,Total,0,,,,
2001,OMN,Total,0,,,,
2002,OMN,Total,0,,,,
2003,OMN,Total,0,,,,
2004,OMN,Total,0,,,,
2005,OMN,Total,0,,,,
2006,OMN,Total,0,,,,
2007,OMN,Total,0,,,,
2008,OMN,Total,0,,,,
2009,OMN,Total,0,,,,
2010,OMN,Total,0,,,,
2011,OMN,Total,0,,,,
2012,OMN,Total,0,,,,
2013,OMN,Total,0,,,,
2014,OMN,Total,0,,,,
2015,OMN,Total,0,,,,
2016,OMN,Total,0,,,,
2017,OMN,Total,0.02,,,,
2018,OMN,Total,0.05,,,,
2019,OMN,Total,0.06,,,,
2020,OMN,Total,0.1,,,,
2021,OMN,Total,0.7,,,,
2022,OMN,Total,1.9,,,,
2023,OMN,Total,2.2,,,,
2024,OMN,Total,2.4,,,,
2025,OMN,Total,2.4,,,,
2000,OMN,Wind,0,,,,
2001,OMN,Wind,0,,,,
2002,OMN,Wind,0,,,,
2003,OMN,Wind,0,,,,
2004,OMN,Wind,0,,,,
2005,OMN,Wind,0,,,,
2006,OMN,Wind,0,,,,
2007,OMN,Wind,0,,,,
2008,OMN,Wind,0,,,,
2009,OMN,Wind,0,,,,
2010,OMN,Wind,0,,,,
2011,OMN,Wind,0,,,,
2012,OMN,Wind,0,,,,
2013,OMN,Wind,0,,,,
2014,OMN,Wind,0,,,,
2015,OMN,Wind,0,,,,
2016,OMN,Wind,0,,,,
2017,OMN,Wind,0,,,,
2018,OMN,Wind,0,,,,
2019,OMN,Wind,0.01,,,,
2020,OMN,Wind,0,,,,
2021,OMN,Wind,0.1,,,,
2022,OMN,Wind,0.1,,,,
2023,OMN,Wind,0.1,,,,
2024,OMN,Wind,0.1,,,,
2025,OMN,Wind,0.1,,,,
2000,PAK,Hydro,17,,,,
2001,PAK,Hydro,19,,,,
2002,PAK,Hydro,22,,,,
2003,PAK,Hydro,27,,,,
2004,PAK,Hydro,26,,,,
2005,PAK,Hydro,31,,,,
2006,PAK,Hydro,32,,,,
2007,PAK,Hydro,29,,,,
2008,PAK,Hydro,28,,,,
2009,PAK,Hydro,28,,,,
2010,PAK,Hydro,32,,,,
2011,PAK,Hydro,29,,,,
2012,PAK,Hydro,30,,,,
2013,PAK,Hydro,32,,,,
2014,PAK,Hydro,32,,,,
2015,PAK,Hydro,35,,,,
2016,PAK,Hydro,32,,,,
2017,PAK,Hydro,28,,,,
2018,PAK,Hydro,27,,,,
2019,PAK,Hydro,34,,,,
2020,PAK,Hydro,34,,,,
2021,PAK,Hydro,33,,,,
2022,PAK,Hydro,35,,,,
2023,PAK,Hydro,38,,,,
2024,PAK,Hydro,38,,,,
2025,PAK,Hydro,39,,,,
2000,PAK,Nuclear,0.38,,,,
2001,PAK,Nuclear,2,,,,
2002,PAK,Nuclear,1.8,,,,
2003,PAK,Nuclear,1.8,,,,
2004,PAK,Nuclear,1.9,,,,
2005,PAK,Nuclear,2.4,,,,
2006,PAK,Nuclear,2.6,,,,
2007,PAK,Nuclear,2.3,,,,
2008,PAK,Nuclear,1.7,,,,
2009,PAK,Nuclear,2.6,,,,
2010,PAK,Nuclear,2.6,,,,
2011,PAK,Nuclear,3.8,,,,
2012,PAK,Nuclear,5.3,,,,
2013,PAK,Nuclear,4.4,,,,
2014,PAK,Nuclear,4.6,,,,
2015,PAK,Nuclear,4.3,,,,
2016,PAK,Nuclear,5.4,,,,
2017,PAK,Nuclear,8.1,,,,
2018,PAK,Nuclear,9.3,,,,
2019,PAK,Nuclear,9.1,,,,
2020,PAK,Nuclear,10,,,,
2021,PAK,Nuclear,14,,,,
2022,PAK,Nuclear,23,,,,
2023,PAK,Nuclear,23,,,,
2024,PAK,Nuclear,23,,,,
2025,PAK,Nuclear,24,,,,
2000,PAK,Solar,0,,,,
2001,PAK,Solar,0,,,,
2002,PAK,Solar,0,,,,
2003,PAK,Solar,0,,,,
2004,PAK,Solar,0,,,,
2005,PAK,Solar,0,,,,
2006,PAK,Solar,0,,,,
2007,PAK,Solar,0,,,,
2008,PAK,Solar,0,,,,
2009,PAK,Solar,0,,,,
2010,PAK,Solar,0.01,,,,
2011,PAK,Solar,0.03,,,,
2012,PAK,Solar,0.07,,,,
2013,PAK,Solar,0.14,,,,
2014,PAK,Solar,0.24,,,,
2015,PAK,Solar,0.38,,,,
2016,PAK,Solar,0.68,,,,
2017,PAK,Solar,0.92,,,,
2018,PAK,Solar,0.92,,,,
2019,PAK,Solar,2.6,,,,
2020,PAK,Solar,4.1,,,,
2021,PAK,Solar,5.8,,,,
2022,PAK,Solar,7.7,,,,
2023,PAK,Solar,11,,,,
2024,PAK,Solar,20,,,,
2025,PAK,Solar,37,,,,
2000,PAK,Total,18,,,,
2001,PAK,Total,21,,,,
2002,PAK,Total,24,,,,
2003,PAK,Total,30,,,,
2004,PAK,Total,29,,,,
2005,PAK,Total,34,,,,
2006,PAK,Total,36,,,,
2007,PAK,Total,32,,,,
2008,PAK,Total,31,,,,
2009,PAK,Total,32,,,,
2010,PAK,Total,35,,,,
2011,PAK,Total,34,,,,
2012,PAK,Total,36,,,,
2013,PAK,Total,38,,,,
2014,PAK,Total,40,,,,
2015,PAK,Total,42,,,,
2016,PAK,Total,41,,,,
2017,PAK,Total,41,,,,
2018,PAK,Total,42,,,,
2019,PAK,Total,50,,,,
2020,PAK,Total,51,,,,
2021,PAK,Total,58,,,,
2022,PAK,Total,70,,,,
2023,PAK,Total,77,,,,
2024,PAK,Total,85,,,,
2025,PAK,Total,100,,,,
2000,PAK,Wind,0,,,,
2001,PAK,Wind,0,,,,
2002,PAK,Wind,0,,,,
2003,PAK,Wind,0,,,,
2004,PAK,Wind,0,,,,
2005,PAK,Wind,0,,,,
2006,PAK,Wind,0,,,,
2007,PAK,Wind,0,,,,
2008,PAK,Wind,0,,,,
2009,PAK,Wind,0.01,,,,
2010,PAK,Wind,0.01,,,,
2011,PAK,Wind,0.02,,,,
2012,PAK,Wind,0.01,,,,
2013,PAK,Wind,0.4,,,,
2014,PAK,Wind,0.8,,,,
2015,PAK,Wind,0.79,,,,
2016,PAK,Wind,1.3,,,,
2017,PAK,Wind,2.1,,,,
2018,PAK,Wind,3.2,,,,
2019,PAK,Wind,2.9,,,,
2020,PAK,Wind,2.9,,,,
2021,PAK,Wind,3.7,,,,
2022,PAK,Wind,4.3,,,,
2023,PAK,Wind,4.1,,,,
2024,PAK,Wind,3.2,,,,
2025,PAK,Wind,3.7,,,,
2000,PAN,Hydro,3.4,,,,
2001,PAN,Hydro,2.5,,,,
2002,PAN,Hydro,3.4,,,,
2003,PAN,Hydro,2.8,,,,
2004,PAN,Hydro,3.8,,,,
2005,PAN,Hydro,3.7,,,,
2006,PAN,Hydro,3.6,,,,
2007,PAN,Hydro,3.7,,,,
2008,PAN,Hydro,4,,,,
2009,PAN,Hydro,3.9,,,,
2010,PAN,Hydro,4.2,,,,
2011,PAN,Hydro,4.1,,,,
2012,PAN,Hydro,5.4,,,,
2013,PAN,Hydro,5.2,,,,
2014,PAN,Hydro,5,,,,
2015,PAN,Hydro,6.3,,,,
2016,PAN,Hydro,6.5,,,,
2017,PAN,Hydro,7.3,,,,
2018,PAN,Hydro,7.9,,,,
2019,PAN,Hydro,5.1,,,,
2020,PAN,Hydro,7.4,,,,
2021,PAN,Hydro,8.3,,,,
2022,PAN,Hydro,8.1,,,,
2023,PAN,Hydro,6.2,,,,
2024,PAN,Hydro,7.1,,,,
2000,PAN,Nuclear,0,,,,
2001,PAN,Nuclear,0,,,,
2002,PAN,Nuclear,0,,,,
2003,PAN,Nuclear,0,,,,
2004,PAN,Nuclear,0,,,,
2005,PAN,Nuclear,0,,,,
2006,PAN,Nuclear,0,,,,
2007,PAN,Nuclear,0,,,,
2008,PAN,Nuclear,0,,,,
2009,PAN,Nuclear,0,,,,
2010,PAN,Nuclear,0,,,,
2011,PAN,Nuclear,0,,,,
2012,PAN,Nuclear,0,,,,
2013,PAN,Nuclear,0,,,,
2014,PAN,Nuclear,0,,,,
2015,PAN,Nuclear,0,,,,
2016,PAN,Nuclear,0,,,,
2017,PAN,Nuclear,0,,,,
2018,PAN,Nuclear,0,,,,
2019,PAN,Nuclear,0,,,,
2020,PAN,Nuclear,0,,,,
2021,PAN,Nuclear,0,,,,
2022,PAN,Nuclear,0,,,,
2023,PAN,Nuclear,0,,,,
2024,PAN,Nuclear,0,,,,
2000,PAN,Other renewables,0,,,,
2001,PAN,Other renewables,0,,,,
2002,PAN,Other renewables,0,,,,
2003,PAN,Other renewables,0,,,,
2004,PAN,Other renewables,0,,,,
2005,PAN,Other renewables,0,,,,
2006,PAN,Other renewables,0,,,,
2007,PAN,Other renewables,0,,,,
2008,PAN,Other renewables,0,,,,
2009,PAN,Other renewables,0,,,,
2010,PAN,Other renewables,0,,,,
2011,PAN,Other renewables,0,,,,
2012,PAN,Other renewables,0,,,,
2013,PAN,Other renewables,0,,,,
2014,PAN,Other renewables,0,,,,
2015,PAN,Other renewables,0,,,,
2016,PAN,Other renewables,0,,,,
2017,PAN,Other renewables,0,,,,
2018,PAN,Other renewables,0,,,,
2019,PAN,Other renewables,0,,,,
2020,PAN,Other renewables,0,,,,
2021,PAN,Other renewables,0,,,,
2022,PAN,Other renewables,0,,,,
2023,PAN,Other renewables,0,,,,
2024,PAN,Other renewables,0,,,,
2000,PAN,Solar,0,,,,
2001,PAN,Solar,0,,,,
2002,PAN,Solar,0,,,,
2003,PAN,Solar,0,,,,
2004,PAN,Solar,0,,,,
2005,PAN,Solar,0,,,,
2006,PAN,Solar,0,,,,
2007,PAN,Solar,0,,,,
2008,PAN,Solar,0,,,,
2009,PAN,Solar,0,,,,
2010,PAN,Solar,0,,,,
2011,PAN,Solar,0,,,,
2012,PAN,Solar,0,,,,
2013,PAN,Solar,0,,,,
2014,PAN,Solar,0.01,,,,
2015,PAN,Solar,0.02,,,,
2016,PAN,Solar,0.07,,,,
2017,PAN,Solar,0.16,,,,
2018,PAN,Solar,0.23,,,,
2019,PAN,Solar,0.29,,,,
2020,PAN,Solar,0.32,,,,
2021,PAN,Solar,0.59,,,,
2022,PAN,Solar,0.7,,,,
2023,PAN,Solar,0.87,,,,
2024,PAN,Solar,0.99,,,,
2000,PAN,Total,3.4,,,,
2001,PAN,Total,2.5,,,,
2002,PAN,Total,3.4,,,,
2003,PAN,Total,2.8,,,,
2004,PAN,Total,3.8,,,,
2005,PAN,Total,3.7,,,,
2006,PAN,Total,3.6,,,,
2007,PAN,Total,3.7,,,,
2008,PAN,Total,4,,,,
2009,PAN,Total,3.9,,,,
2010,PAN,Total,4.2,,,,
2011,PAN,Total,4.1,,,,
2012,PAN,Total,5.4,,,,
2013,PAN,Total,5.2,,,,
2014,PAN,Total,5.2,,,,
2015,PAN,Total,6.7,,,,
2016,PAN,Total,7.3,,,,
2017,PAN,Total,7.9,,,,
2018,PAN,Total,8.7,,,,
2019,PAN,Total,6.1,,,,
2020,PAN,Total,8.3,,,,
2021,PAN,Total,9.5,,,,
2022,PAN,Total,9.5,,,,
2023,PAN,Total,8,,,,
2024,PAN,Total,9.1,,,,
2000,PAN,Wind,0,,,,
2001,PAN,Wind,0,,,,
2002,PAN,Wind,0,,,,
2003,PAN,Wind,0,,,,
2004,PAN,Wind,0,,,,
2005,PAN,Wind,0,,,,
2006,PAN,Wind,0,,,,
2007,PAN,Wind,0,,,,
2008,PAN,Wind,0,,,,
2009,PAN,Wind,0,,,,
2010,PAN,Wind,0,,,,
2011,PAN,Wind,0,,,,
2012,PAN,Wind,0,,,,
2013,PAN,Wind,0,,,,
2014,PAN,Wind,0.12,,,,
2015,PAN,Wind,0.42,,,,
2016,PAN,Wind,0.63,,,,
2017,PAN,Wind,0.49,,,,
2018,PAN,Wind,0.59,,,,
2019,PAN,Wind,0.72,,,,
2020,PAN,Wind,0.58,,,,
2021,PAN,Wind,0.53,,,,
2022,PAN,Wind,0.58,,,,
2023,PAN,Wind,0.89,,,,
2024,PAN,Wind,0.96,,,,
2000,PER,Hydro,16,,,,
2001,PER,Hydro,18,,,,
2002,PER,Hydro,18,,,,
2003,PER,Hydro,19,,,,
2004,PER,Hydro,18,,,,
2005,PER,Hydro,18,,,,
2006,PER,Hydro,20,,,,
2007,PER,Hydro,20,,,,
2008,PER,Hydro,19,,,,
2009,PER,Hydro,19,,,,
2010,PER,Hydro,20,,,,
2011,PER,Hydro,22,,,,
2012,PER,Hydro,21,,,,
2013,PER,Hydro,22,,,,
2014,PER,Hydro,22,,,,
2015,PER,Hydro,24,,,,
2016,PER,Hydro,24,,,,
2017,PER,Hydro,29,,,,
2018,PER,Hydro,31,,,,
2019,PER,Hydro,31,,,,
2020,PER,Hydro,31,,,,
2021,PER,Hydro,32,,,,
2022,PER,Hydro,30,,,,
2023,PER,Hydro,30,,,,
2024,PER,Hydro,32,,,,
2025,PER,Hydro,34,,,,
2000,PER,Nuclear,0,,,,
2001,PER,Nuclear,0,,,,
2002,PER,Nuclear,0,,,,
2003,PER,Nuclear,0,,,,
2004,PER,Nuclear,0,,,,
2005,PER,Nuclear,0,,,,
2006,PER,Nuclear,0,,,,
2007,PER,Nuclear,0,,,,
2008,PER,Nuclear,0,,,,
2009,PER,Nuclear,0,,,,
2010,PER,Nuclear,0,,,,
2011,PER,Nuclear,0,,,,
2012,PER,Nuclear,0,,,,
2013,PER,Nuclear,0,,,,
2014,PER,Nuclear,0,,,,
2015,PER,Nuclear,0,,,,
2016,PER,Nuclear,0,,,,
2017,PER,Nuclear,0,,,,
2018,PER,Nuclear,0,,,,
2019,PER,Nuclear,0,,,,
2020,PER,Nuclear,0,,,,
2021,PER,Nuclear,0,,,,
2022,PER,Nuclear,0,,,,
2023,PER,Nuclear,0,,,,
2024,PER,Nuclear,0,,,,
2025,PER,Nuclear,0,,,,
2000,PER,Other renewables,0,,,,
2001,PER,Other renewables,0,,,,
2002,PER,Other renewables,0,,,,
2003,PER,Other renewables,0,,,,
2004,PER,Other renewables,0,,,,
2005,PER,Other renewables,0,,,,
2006,PER,Other renewables,0,,,,
2007,PER,Other renewables,0,,,,
2008,PER,Other renewables,0,,,,
2009,PER,Other renewables,0,,,,
2010,PER,Other renewables,0,,,,
2011,PER,Other renewables,0,,,,
2012,PER,Other renewables,0,,,,
2013,PER,Other renewables,0,,,,
2014,PER,Other renewables,0,,,,
2015,PER,Other renewables,0,,,,
2016,PER,Other renewables,0,,,,
2017,PER,Other renewables,0,,,,
2018,PER,Other renewables,0,,,,
2019,PER,Other renewables,0,,,,
2020,PER,Other renewables,0,,,,
2021,PER,Other renewables,0,,,,
2022,PER,Other renewables,0,,,,
2023,PER,Other renewables,0,,,,
2024,PER,Other renewables,0,,,,
2025,PER,Other renewables,0,,,,
2000,PER,Solar,0,,,,
2001,PER,Solar,0,,,,
2002,PER,Solar,0,,,,
2003,PER,Solar,0,,,,
2004,PER,Solar,0,,,,
2005,PER,Solar,0,,,,
2006,PER,Solar,0,,,,
2007,PER,Solar,0,,,,
2008,PER,Solar,0,,,,
2009,PER,Solar,0,,,,
2010,PER,Solar,0,,,,
2011,PER,Solar,0,,,,
2012,PER,Solar,0.06,,,,
2013,PER,Solar,0.2,,,,
2014,PER,Solar,0.2,,,,
2015,PER,Solar,0.23,,,,
2016,PER,Solar,0.24,,,,
2017,PER,Solar,0.29,,,,
2018,PER,Solar,0.75,,,,
2019,PER,Solar,0.78,,,,
2020,PER,Solar,0.79,,,,
2021,PER,Solar,0.8,,,,
2022,PER,Solar,0.84,,,,
2023,PER,Solar,0.84,,,,
2024,PER,Solar,0.95,,,,
2025,PER,Solar,1.8,,,,
2000,PER,Total,16,,,,
2001,PER,Total,18,,,,
2002,PER,Total,18,,,,
2003,PER,Total,19,,,,
2004,PER,Total,18,,,,
2005,PER,Total,18,,,,
2006,PER,Total,20,,,,
2007,PER,Total,20,,,,
2008,PER,Total,20,,,,
2009,PER,Total,20,,,,
2010,PER,Total,21,,,,
2011,PER,Total,22,,,,
2012,PER,Total,22,,,,
2013,PER,Total,23,,,,
2014,PER,Total,24,,,,
2015,PER,Total,25,,,,
2016,PER,Total,26,,,,
2017,PER,Total,31,,,,
2018,PER,Total,33,,,,
2019,PER,Total,34,,,,
2020,PER,Total,34,,,,
2021,PER,Total,35,,,,
2022,PER,Total,33,,,,
2023,PER,Total,33,,,,
2024,PER,Total,36,,,,
2025,PER,Total,38,,,,
2000,PER,Wind,0,,,,
2001,PER,Wind,0,,,,
2002,PER,Wind,0,,,,
2003,PER,Wind,0,,,,
2004,PER,Wind,0,,,,
2005,PER,Wind,0,,,,
2006,PER,Wind,0,,,,
2007,PER,Wind,0,,,,
2008,PER,Wind,0,,,,
2009,PER,Wind,0,,,,
2010,PER,Wind,0,,,,
2011,PER,Wind,0,,,,
2012,PER,Wind,0,,,,
2013,PER,Wind,0,,,,
2014,PER,Wind,0.26,,,,
2015,PER,Wind,0.6,,,,
2016,PER,Wind,1.1,,,,
2017,PER,Wind,1.1,,,,
2018,PER,Wind,1.5,,,,
2019,PER,Wind,1.7,,,,
2020,PER,Wind,1.8,,,,
2021,PER,Wind,1.8,,,,
2022,PER,Wind,1.9,,,,
2023,PER,Wind,1.9,,,,
2024,PER,Wind,2.1,,,,
2025,PER,Wind,2.1,,,,
2000,PHL,Hydro,7.8,,,,
2001,PHL,Hydro,7.1,,,,
2002,PHL,Hydro,7,,,,
2003,PHL,Hydro,7.9,,,,
2004,PHL,Hydro,8.6,,,,
2005,PHL,Hydro,8.4,,,,
2006,PHL,Hydro,9.9,,,,
2007,PHL,Hydro,8.6,,,,
2008,PHL,Hydro,9.8,,,,
2009,PHL,Hydro,9.8,,,,
2010,PHL,Hydro,7.8,,,,
2011,PHL,Hydro,9.7,,,,
2012,PHL,Hydro,10,,,,
2013,PHL,Hydro,10,,,,
2014,PHL,Hydro,9.1,,,,
2015,PHL,Hydro,8.7,,,,
2016,PHL,Hydro,8.1,,,,
2017,PHL,Hydro,9.6,,,,
2018,PHL,Hydro,9.4,,,,
2019,PHL,Hydro,8,,,,
2020,PHL,Hydro,7.2,,,,
2021,PHL,Hydro,9.2,,,,
2022,PHL,Hydro,10,,,,
2023,PHL,Hydro,10,,,,
2024,PHL,Hydro,10,,,,
2025,PHL,Hydro,13,,,,
2000,PHL,Nuclear,0,,,,
2001,PHL,Nuclear,0,,,,
2002,PHL,Nuclear,0,,,,
2003,PHL,Nuclear,0,,,,
2004,PHL,Nuclear,0,,,,
2005,PHL,Nuclear,0,,,,
2006,PHL,Nuclear,0,,,,
2007,PHL,Nuclear,0,,,,
2008,PHL,Nuclear,0,,,,
2009,PHL,Nuclear,0,,,,
2010,PHL,Nuclear,0,,,,
2011,PHL,Nuclear,0,,,,
2012,PHL,Nuclear,0,,,,
2013,PHL,Nuclear,0,,,,
2014,PHL,Nuclear,0,,,,
2015,PHL,Nuclear,0,,,,
2016,PHL,Nuclear,0,,,,
2017,PHL,Nuclear,0,,,,
2018,PHL,Nuclear,0,,,,
2019,PHL,Nuclear,0,,,,
2020,PHL,Nuclear,0,,,,
2021,PHL,Nuclear,0,,,,
2022,PHL,Nuclear,0,,,,
2023,PHL,Nuclear,0,,,,
2024,PHL,Nuclear,0,,,,
2025,PHL,Nuclear,0,,,,
2000,PHL,Other renewables,12,,,,
2001,PHL,Other renewables,10,,,,
2002,PHL,Other renewables,10,,,,
2003,PHL,Other renewables,9.8,,,,
2004,PHL,Other renewables,10,,,,
2005,PHL,Other renewables,9.9,,,,
2006,PHL,Other renewables,10,,,,
2007,PHL,Other renewables,10,,,,
2008,PHL,Other renewables,11,,,,
2009,PHL,Other renewables,10,,,,
2010,PHL,Other renewables,9.9,,,,
2011,PHL,Other renewables,9.9,,,,
2012,PHL,Other renewables,10,,,,
2013,PHL,Other renewables,9.6,,,,
2014,PHL,Other renewables,10,,,,
2015,PHL,Other renewables,11,,,,
2016,PHL,Other renewables,11,,,,
2017,PHL,Other renewables,10,,,,
2018,PHL,Other renewables,10,,,,
2019,PHL,Other renewables,11,,,,
2020,PHL,Other renewables,11,,,,
2021,PHL,Other renewables,10,,,,
2022,PHL,Other renewables,10,,,,
2023,PHL,Other renewables,10,,,,
2024,PHL,Other renewables,10,,,,
2025,PHL,Other renewables,10,,,,
2000,PHL,Solar,0,,,,
2001,PHL,Solar,0,,,,
2002,PHL,Solar,0,,,,
2003,PHL,Solar,0,,,,
2004,PHL,Solar,0,,,,
2005,PHL,Solar,0,,,,
2006,PHL,Solar,0,,,,
2007,PHL,Solar,0,,,,
2008,PHL,Solar,0,,,,
2009,PHL,Solar,0,,,,
2010,PHL,Solar,0,,,,
2011,PHL,Solar,0,,,,
2012,PHL,Solar,0,,,,
2013,PHL,Solar,0,,,,
2014,PHL,Solar,0.02,,,,
2015,PHL,Solar,0.14,,,,
2016,PHL,Solar,1.1,,,,
2017,PHL,Solar,1.2,,,,
2018,PHL,Solar,1.3,,,,
2019,PHL,Solar,1.3,,,,
2020,PHL,Solar,1.4,,,,
2021,PHL,Solar,1.5,,,,
2022,PHL,Solar,1.8,,,,
2023,PHL,Solar,1.8,,,,
2024,PHL,Solar,2.1,,,,
2025,PHL,Solar,3,,,,
2000,PHL,Total,19,,,,
2001,PHL,Total,18,,,,
2002,PHL,Total,17,,,,
2003,PHL,Total,18,,,,
2004,PHL,Total,19,,,,
2005,PHL,Total,18,,,,
2006,PHL,Total,20,,,,
2007,PHL,Total,19,,,,
2008,PHL,Total,21,,,,
2009,PHL,Total,20,,,,
2010,PHL,Total,18,,,,
2011,PHL,Total,20,,,,
2012,PHL,Total,21,,,,
2013,PHL,Total,20,,,,
2014,PHL,Total,20,,,,
2015,PHL,Total,21,,,,
2016,PHL,Total,22,,,,
2017,PHL,Total,23,,,,
2018,PHL,Total,23,,,,
2019,PHL,Total,22,,,,
2020,PHL,Total,22,,,,
2021,PHL,Total,23,,,,
2022,PHL,Total,25,,,,
2023,PHL,Total,25,,,,
2024,PHL,Total,25,,,,
2025,PHL,Total,29,,,,
2000,PHL,Wind,0,,,,
2001,PHL,Wind,0,,,,
2002,PHL,Wind,0,,,,
2003,PHL,Wind,0,,,,
2004,PHL,Wind,0,,,,
2005,PHL,Wind,0.02,,,,
2006,PHL,Wind,0.05,,,,
2007,PHL,Wind,0.06,,,,
2008,PHL,Wind,0.06,,,,
2009,PHL,Wind,0.06,,,,
2010,PHL,Wind,0.06,,,,
2011,PHL,Wind,0.09,,,,
2012,PHL,Wind,0.08,,,,
2013,PHL,Wind,0.07,,,,
2014,PHL,Wind,0.15,,,,
2015,PHL,Wind,0.75,,,,
2016,PHL,Wind,0.98,,,,
2017,PHL,Wind,1.1,,,,
2018,PHL,Wind,1.2,,,,
2019,PHL,Wind,1,,,,
2020,PHL,Wind,1,,,,
2021,PHL,Wind,1.3,,,,
2022,PHL,Wind,1.1,,,,
2023,PHL,Wind,1.4,,,,
2024,PHL,Wind,1.5,,,,
2025,PHL,Wind,1.5,,,,
2000,PNG,Hydro,0.92,,,,
2001,PNG,Hydro,0.92,,,,
2002,PNG,Hydro,0.92,,,,
2003,PNG,Hydro,0.92,,,,
2004,PNG,Hydro,0.89,,,,
2005,PNG,Hydro,0.88,,,,
2006,PNG,Hydro,0.85,,,,
2007,PNG,Hydro,0.85,,,,
2008,PNG,Hydro,0.85,,,,
2009,PNG,Hydro,0.85,,,,
2010,PNG,Hydro,0.85,,,,
2011,PNG,Hydro,0.96,,,,
2012,PNG,Hydro,0.97,,,,
2013,PNG,Hydro,0.99,,,,
2014,PNG,Hydro,1,,,,
2015,PNG,Hydro,1,,,,
2016,PNG,Hydro,1,,,,
2017,PNG,Hydro,0.79,,,,
2018,PNG,Hydro,0.85,,,,
2019,PNG,Hydro,1,,,,
2020,PNG,Hydro,1,,,,
2021,PNG,Hydro,1,,,,
2022,PNG,Hydro,0.85,,,,
2023,PNG,Hydro,1,,,,
2024,PNG,Hydro,1,,,,
2000,PNG,Nuclear,0,,,,
2001,PNG,Nuclear,0,,,,
2002,PNG,Nuclear,0,,,,
2003,PNG,Nuclear,0,,,,
2004,PNG,Nuclear,0,,,,
2005,PNG,Nuclear,0,,,,
2006,PNG,Nuclear,0,,,,
2007,PNG,Nuclear,0,,,,
2008,PNG,Nuclear,0,,,,
2009,PNG,Nuclear,0,,,,
2010,PNG,Nuclear,0,,,,
2011,PNG,Nuclear,0,,,,
2012,PNG,Nuclear,0,,,,
2013,PNG,Nuclear,0,,,,
2014,PNG,Nuclear,0,,,,
2015,PNG,Nuclear,0,,,,
2016,PNG,Nuclear,0,,,,
2017,PNG,Nuclear,0,,,,
2018,PNG,Nuclear,0,,,,
2019,PNG,Nuclear,0,,,,
2020,PNG,Nuclear,0,,,,
2021,PNG,Nuclear,0,,,,
2022,PNG,Nuclear,0,,,,
2023,PNG,Nuclear,0,,,,
2024,PNG,Nuclear,0,,,,
2000,PNG,Other renewables,0,,,,
2001,PNG,Other renewables,0,,,,
2002,PNG,Other renewables,0,,,,
2003,PNG,Other renewables,0.05,,,,
2004,PNG,Other renewables,0.05,,,,
2005,PNG,Other renewables,0.3,,,,
2006,PNG,Other renewables,0.3,,,,
2007,PNG,Other renewables,0.4,,,,
2008,PNG,Other renewables,0.4,,,,
2009,PNG,Other renewables,0.4,,,,
2010,PNG,Other renewables,0.4,,,,
2011,PNG,Other renewables,0.4,,,,
2012,PNG,Other renewables,0.4,,,,
2013,PNG,Other renewables,0.4,,,,
2014,PNG,Other renewables,0.4,,,,
2015,PNG,Other renewables,0.4,,,,
2016,PNG,Other renewables,0.4,,,,
2017,PNG,Other renewables,0.4,,,,
2018,PNG,Other renewables,0.13,,,,
2019,PNG,Other renewables,0.1,,,,
2020,PNG,Other renewables,0.1,,,,
2021,PNG,Other renewables,0.1,,,,
2022,PNG,Other renewables,0.1,,,,
2023,PNG,Other renewables,0.1,,,,
2024,PNG,Other renewables,0.1,,,,
2000,PNG,Solar,0,,,,
2001,PNG,Solar,0,,,,
2002,PNG,Solar,0,,,,
2003,PNG,Solar,0,,,,
2004,PNG,Solar,0,,,,
2005,PNG,Solar,0,,,,
2006,PNG,Solar,0,,,,
2007,PNG,Solar,0,,,,
2008,PNG,Solar,0,,,,
2009,PNG,Solar,0,,,,
2010,PNG,Solar,0,,,,
2011,PNG,Solar,0,,,,
2012,PNG,Solar,0,,,,
2013,PNG,Solar,0,,,,
2014,PNG,Solar,0,,,,
2015,PNG,Solar,0,,,,
2016,PNG,Solar,0,,,,
2017,PNG,Solar,0,,,,
2018,PNG,Solar,0,,,,
2019,PNG,Solar,0,,,,
2020,PNG,Solar,0,,,,
2021,PNG,Solar,0,,,,
2022,PNG,Solar,0.01,,,,
2023,PNG,Solar,0.01,,,,
2024,PNG,Solar,0.01,,,,
2000,PNG,Total,0.92,,,,
2001,PNG,Total,0.92,,,,
2002,PNG,Total,0.92,,,,
2003,PNG,Total,0.97,,,,
2004,PNG,Total,0.94,,,,
2005,PNG,Total,1.2,,,,
2006,PNG,Total,1.2,,,,
2007,PNG,Total,1.3,,,,
2008,PNG,Total,1.3,,,,
2009,PNG,Total,1.3,,,,
2010,PNG,Total,1.3,,,,
2011,PNG,Total,1.4,,,,
2012,PNG,Total,1.4,,,,
2013,PNG,Total,1.4,,,,
2014,PNG,Total,1.4,,,,
2015,PNG,Total,1.4,,,,
2016,PNG,Total,1.4,,,,
2017,PNG,Total,1.2,,,,
2018,PNG,Total,1,,,,
2019,PNG,Total,1.1,,,,
2020,PNG,Total,1.1,,,,
2021,PNG,Total,1.1,,,,
2022,PNG,Total,0.97,,,,
2023,PNG,Total,1.1,,,,
2024,PNG,Total,1.1,,,,
2000,PNG,Wind,0,,,,
2001,PNG,Wind,0,,,,
2002,PNG,Wind,0,,,,
2003,PNG,Wind,0,,,,
2004,PNG,Wind,0,,,,
2005,PNG,Wind,0,,,,
2006,PNG,Wind,0,,,,
2007,PNG,Wind,0,,,,
2008,PNG,Wind,0,,,,
2009,PNG,Wind,0,,,,
2010,PNG,Wind,0,,,,
2011,PNG,Wind,0,,,,
2012,PNG,Wind,0,,,,
2013,PNG,Wind,0,,,,
2014,PNG,Wind,0,,,,
2015,PNG,Wind,0,,,,
2016,PNG,Wind,0,,,,
2017,PNG,Wind,0,,,,
2018,PNG,Wind,0,,,,
2019,PNG,Wind,0,,,,
2020,PNG,Wind,0,,,,
2021,PNG,Wind,0,,,,
2022,PNG,Wind,0,,,,
2023,PNG,Wind,0,,,,
2024,PNG,Wind,0,,,,
1990,POL,Hydro,1.4,,,,
1991,POL,Hydro,1.4,,,,
1992,POL,Hydro,1.5,,,,
1993,POL,Hydro,1.5,,,,
1994,POL,Hydro,1.7,,,,
1995,POL,Hydro,1.9,,,,
1996,POL,Hydro,1.9,,,,
1997,POL,Hydro,2,,,,
1998,POL,Hydro,2.3,,,,
1999,POL,Hydro,2.2,,,,
2000,POL,Hydro,2.1,,,,
2001,POL,Hydro,2.3,,,,
2002,POL,Hydro,2.3,,,,
2003,POL,Hydro,1.7,,,,
2004,POL,Hydro,2.1,,,,
2005,POL,Hydro,2.2,,,,
2006,POL,Hydro,2,,,,
2007,POL,Hydro,2.4,,,,
2008,POL,Hydro,2.2,,,,
2009,POL,Hydro,2.4,,,,
2010,POL,Hydro,2.9,,,,
2011,POL,Hydro,2.3,,,,
2012,POL,Hydro,2,,,,
2013,POL,Hydro,2.4,,,,
2014,POL,Hydro,2.2,,,,
2015,POL,Hydro,1.8,,,,
2016,POL,Hydro,2.1,,,,
2017,POL,Hydro,2.6,,,,
2018,POL,Hydro,2,,,,
2019,POL,Hydro,2,,,,
2020,POL,Hydro,2.1,,,,
2021,POL,Hydro,2.3,,,,
2022,POL,Hydro,2,,,,
2023,POL,Hydro,2.4,,,,
2024,POL,Hydro,2.1,,,,
2025,POL,Hydro,1.7,,,,
1990,POL,Nuclear,0,,,,
1991,POL,Nuclear,0,,,,
1992,POL,Nuclear,0,,,,
1993,POL,Nuclear,0,,,,
1994,POL,Nuclear,0,,,,
1995,POL,Nuclear,0,,,,
1996,POL,Nuclear,0,,,,
1997,POL,Nuclear,0,,,,
1998,POL,Nuclear,0,,,,
1999,POL,Nuclear,0,,,,
2000,POL,Nuclear,0,,,,
2001,POL,Nuclear,0,,,,
2002,POL,Nuclear,0,,,,
2003,POL,Nuclear,0,,,,
2004,POL,Nuclear,0,,,,
2005,POL,Nuclear,0,,,,
2006,POL,Nuclear,0,,,,
2007,POL,Nuclear,0,,,,
2008,POL,Nuclear,0,,,,
2009,POL,Nuclear,0,,,,
2010,POL,Nuclear,0,,,,
2011,POL,Nuclear,0,,,,
2012,POL,Nuclear,0,,,,
2013,POL,Nuclear,0,,,,
2014,POL,Nuclear,0,,,,
2015,POL,Nuclear,0,,,,
2016,POL,Nuclear,0,,,,
2017,POL,Nuclear,0,,,,
2018,POL,Nuclear,0,,,,
2019,POL,Nuclear,0,,,,
2020,POL,Nuclear,0,,,,
2021,POL,Nuclear,0,,,,
2022,POL,Nuclear,0,,,,
2023,POL,Nuclear,0,,,,
2024,POL,Nuclear,0,,,,
2025,POL,Nuclear,0,,,,
1990,POL,Other renewables,0,,,,
1991,POL,Other renewables,0,,,,
1992,POL,Other renewables,0,,,,
1993,POL,Other renewables,0,,,,
1994,POL,Other renewables,0,,,,
1995,POL,Other renewables,0,,,,
1996,POL,Other renewables,0,,,,
1997,POL,Other renewables,0,,,,
1998,POL,Other renewables,0,,,,
1999,POL,Other renewables,0,,,,
2000,POL,Other renewables,0,,,,
2001,POL,Other renewables,0,,,,
2002,POL,Other renewables,0,,,,
2003,POL,Other renewables,0,,,,
2004,POL,Other renewables,0,,,,
2005,POL,Other renewables,0,,,,
2006,POL,Other renewables,0,,,,
2007,POL,Other renewables,0,,,,
2008,POL,Other renewables,0,,,,
2009,POL,Other renewables,0,,,,
2010,POL,Other renewables,0,,,,
2011,POL,Other renewables,0,,,,
2012,POL,Other renewables,0,,,,
2013,POL,Other renewables,0,,,,
2014,POL,Other renewables,0,,,,
2015,POL,Other renewables,0,,,,
2016,POL,Other renewables,0,,,,
2017,POL,Other renewables,0,,,,
2018,POL,Other renewables,0,,,,
2019,POL,Other renewables,0,,,,
2020,POL,Other renewables,0,,,,
2021,POL,Other renewables,0,,,,
2022,POL,Other renewables,0,,,,
2023,POL,Other renewables,0,,,,
2024,POL,Other renewables,0,,,,
2025,POL,Other renewables,0.23,,,,
1990,POL,Solar,0,,,,
1991,POL,Solar,0,,,,
1992,POL,Solar,0,,,,
1993,POL,Solar,0,,,,
1994,POL,Solar,0,,,,
1995,POL,Solar,0,,,,
1996,POL,Solar,0,,,,
1997,POL,Solar,0,,,,
1998,POL,Solar,0,,,,
1999,POL,Solar,0,,,,
2000,POL,Solar,0,,,,
2001,POL,Solar,0,,,,
2002,POL,Solar,0,,,,
2003,POL,Solar,0,,,,
2004,POL,Solar,0,,,,
2005,POL,Solar,0,,,,
2006,POL,Solar,0,,,,
2007,POL,Solar,0,,,,
2008,POL,Solar,0,,,,
2009,POL,Solar,0,,,,
2010,POL,Solar,0,,,,
2011,POL,Solar,0,,,,
2012,POL,Solar,0,,,,
2013,POL,Solar,0,,,,
2014,POL,Solar,0.01,,,,
2015,POL,Solar,0.06,,,,
2016,POL,Solar,0.12,,,,
2017,POL,Solar,0.17,,,,
2018,POL,Solar,0.3,,,,
2019,POL,Solar,0.71,,,,
2020,POL,Solar,2,,,,
2021,POL,Solar,3.9,,,,
2022,POL,Solar,8.3,,,,
2023,POL,Solar,11,,,,
2024,POL,Solar,18,,,,
2025,POL,Solar,20,,,,
1990,POL,Total,1.5,,,,
1991,POL,Total,1.5,,,,
1992,POL,Total,1.6,,,,
1993,POL,Total,1.6,,,,
1994,POL,Total,1.8,,,,
1995,POL,Total,2,,,,
1996,POL,Total,2.1,,,,
1997,POL,Total,2.1,,,,
1998,POL,Total,2.5,,,,
1999,POL,Total,2.3,,,,
2000,POL,Total,2.3,,,,
2001,POL,Total,2.8,,,,
2002,POL,Total,2.8,,,,
2003,POL,Total,2.3,,,,
2004,POL,Total,3.2,,,,
2005,POL,Total,3.9,,,,
2006,POL,Total,4.3,,,,
2007,POL,Total,5.4,,,,
2008,POL,Total,6.6,,,,
2009,POL,Total,8.7,,,,
2010,POL,Total,11,,,,
2011,POL,Total,13,,,,
2012,POL,Total,17,,,,
2013,POL,Total,17,,,,
2014,POL,Total,20,,,,
2015,POL,Total,23,,,,
2016,POL,Total,23,,,,
2017,POL,Total,24,,,,
2018,POL,Total,22,,,,
2019,POL,Total,25,,,,
2020,POL,Total,28,,,,
2021,POL,Total,31,,,,
2022,POL,Total,38,,,,
2023,POL,Total,46,,,,
2024,POL,Total,54,,,,
2025,POL,Total,54,,,,
1990,POL,Wind,0,,,,
1991,POL,Wind,0,,,,
1992,POL,Wind,0,,,,
1993,POL,Wind,0,,,,
1994,POL,Wind,0,,,,
1995,POL,Wind,0,,,,
1996,POL,Wind,0,,,,
1997,POL,Wind,0,,,,
1998,POL,Wind,0,,,,
1999,POL,Wind,0,,,,
2000,POL,Wind,0,,,,
2001,POL,Wind,0.01,,,,
2002,POL,Wind,0.06,,,,
2003,POL,Wind,0.12,,,,
2004,POL,Wind,0.14,,,,
2005,POL,Wind,0.14,,,,
2006,POL,Wind,0.26,,,,
2007,POL,Wind,0.52,,,,
2008,POL,Wind,0.84,,,,
2009,POL,Wind,1.1,,,,
2010,POL,Wind,1.7,,,,
2011,POL,Wind,3.2,,,,
2012,POL,Wind,4.8,,,,
2013,POL,Wind,6,,,,
2014,POL,Wind,7.7,,,,
2015,POL,Wind,11,,,,
2016,POL,Wind,13,,,,
2017,POL,Wind,15,,,,
2018,POL,Wind,13,,,,
2019,POL,Wind,15,,,,
2020,POL,Wind,16,,,,
2021,POL,Wind,16,,,,
2022,POL,Wind,20,,,,
2023,POL,Wind,24,,,,
2024,POL,Wind,26,,,,
2025,POL,Wind,24,,,,
2000,PRI,Hydro,0.15,,,,
2001,PRI,Hydro,0.13,,,,
2002,PRI,Hydro,0.11,,,,
2003,PRI,Hydro,0.1,,,,
2004,PRI,Hydro,0.14,,,,
2005,PRI,Hydro,0.14,,,,
2006,PRI,Hydro,0.14,,,,
2007,PRI,Hydro,0.16,,,,
2008,PRI,Hydro,0.16,,,,
2009,PRI,Hydro,0.17,,,,
2010,PRI,Hydro,0.16,,,,
2011,PRI,Hydro,0.15,,,,
2012,PRI,Hydro,0.09,,,,
2013,PRI,Hydro,0.08,,,,
2014,PRI,Hydro,0.08,,,,
2015,PRI,Hydro,0.05,,,,
2016,PRI,Hydro,0.07,,,,
2017,PRI,Hydro,0.05,,,,
2018,PRI,Hydro,0.04,,,,
2019,PRI,Hydro,0.05,,,,
2020,PRI,Hydro,0.05,,,,
2021,PRI,Hydro,0.05,,,,
2022,PRI,Hydro,0.05,,,,
2023,PRI,Hydro,0.05,,,,
2024,PRI,Hydro,0.05,,,,
2025,PRI,Hydro,0.01,,,,
2000,PRI,Nuclear,0,,,,
2001,PRI,Nuclear,0,,,,
2002,PRI,Nuclear,0,,,,
2003,PRI,Nuclear,0,,,,
2004,PRI,Nuclear,0,,,,
2005,PRI,Nuclear,0,,,,
2006,PRI,Nuclear,0,,,,
2007,PRI,Nuclear,0,,,,
2008,PRI,Nuclear,0,,,,
2009,PRI,Nuclear,0,,,,
2010,PRI,Nuclear,0,,,,
2011,PRI,Nuclear,0,,,,
2012,PRI,Nuclear,0,,,,
2013,PRI,Nuclear,0,,,,
2014,PRI,Nuclear,0,,,,
2015,PRI,Nuclear,0,,,,
2016,PRI,Nuclear,0,,,,
2017,PRI,Nuclear,0,,,,
2018,PRI,Nuclear,0,,,,
2019,PRI,Nuclear,0,,,,
2020,PRI,Nuclear,0,,,,
2021,PRI,Nuclear,0,,,,
2022,PRI,Nuclear,0,,,,
2023,PRI,Nuclear,0,,,,
2024,PRI,Nuclear,0,,,,
2025,PRI,Nuclear,0,,,,
2000,PRI,Other renewables,0,,,,
2001,PRI,Other renewables,0,,,,
2002,PRI,Other renewables,0,,,,
2003,PRI,Other renewables,0,,,,
2004,PRI,Other renewables,0,,,,
2005,PRI,Other renewables,0,,,,
2006,PRI,Other renewables,0,,,,
2007,PRI,Other renewables,0,,,,
2008,PRI,Other renewables,0,,,,
2009,PRI,Other renewables,0,,,,
2010,PRI,Other renewables,0,,,,
2011,PRI,Other renewables,0,,,,
2012,PRI,Other renewables,0,,,,
2013,PRI,Other renewables,0,,,,
2014,PRI,Other renewables,0,,,,
2015,PRI,Other renewables,0,,,,
2016,PRI,Other renewables,0,,,,
2017,PRI,Other renewables,0,,,,
2018,PRI,Other renewables,0,,,,
2019,PRI,Other renewables,0,,,,
2020,PRI,Other renewables,0,,,,
2021,PRI,Other renewables,0,,,,
2022,PRI,Other renewables,0,,,,
2023,PRI,Other renewables,0,,,,
2024,PRI,Other renewables,0,,,,
2025,PRI,Other renewables,0,,,,
2000,PRI,Solar,0,,,,
2001,PRI,Solar,0,,,,
2002,PRI,Solar,0,,,,
2003,PRI,Solar,0,,,,
2004,PRI,Solar,0,,,,
2005,PRI,Solar,0,,,,
2006,PRI,Solar,0,,,,
2007,PRI,Solar,0,,,,
2008,PRI,Solar,0,,,,
2009,PRI,Solar,0,,,,
2010,PRI,Solar,0,,,,
2011,PRI,Solar,0,,,,
2012,PRI,Solar,0.02,,,,
2013,PRI,Solar,0.04,,,,
2014,PRI,Solar,0.05,,,,
2015,PRI,Solar,0.09,,,,
2016,PRI,Solar,0.12,,,,
2017,PRI,Solar,0.16,,,,
2018,PRI,Solar,0.31,,,,
2019,PRI,Solar,0.5,,,,
2020,PRI,Solar,0.56,,,,
2021,PRI,Solar,0.68,,,,
2022,PRI,Solar,0.85,,,,
2023,PRI,Solar,0.85,,,,
2024,PRI,Solar,0.96,,,,
2025,PRI,Solar,0.95,,,,
2000,PRI,Total,0.15,,,,
2001,PRI,Total,0.13,,,,
2002,PRI,Total,0.11,,,,
2003,PRI,Total,0.1,,,,
2004,PRI,Total,0.14,,,,
2005,PRI,Total,0.14,,,,
2006,PRI,Total,0.14,,,,
2007,PRI,Total,0.16,,,,
2008,PRI,Total,0.16,,,,
2009,PRI,Total,0.17,,,,
2010,PRI,Total,0.16,,,,
2011,PRI,Total,0.15,,,,
2012,PRI,Total,0.12,,,,
2013,PRI,Total,0.29,,,,
2014,PRI,Total,0.35,,,,
2015,PRI,Total,0.38,,,,
2016,PRI,Total,0.39,,,,
2017,PRI,Total,0.37,,,,
2018,PRI,Total,0.47,,,,
2019,PRI,Total,0.73,,,,
2020,PRI,Total,0.76,,,,
2021,PRI,Total,0.9,,,,
2022,PRI,Total,1.1,,,,
2023,PRI,Total,1.1,,,,
2024,PRI,Total,1.2,,,,
2025,PRI,Total,1.2,,,,
2000,PRI,Wind,0,,,,
2001,PRI,Wind,0,,,,
2002,PRI,Wind,0,,,,
2003,PRI,Wind,0,,,,
2004,PRI,Wind,0,,,,
2005,PRI,Wind,0,,,,
2006,PRI,Wind,0,,,,
2007,PRI,Wind,0,,,,
2008,PRI,Wind,0,,,,
2009,PRI,Wind,0,,,,
2010,PRI,Wind,0,,,,
2011,PRI,Wind,0,,,,
2012,PRI,Wind,0.01,,,,
2013,PRI,Wind,0.17,,,,
2014,PRI,Wind,0.22,,,,
2015,PRI,Wind,0.24,,,,
2016,PRI,Wind,0.19,,,,
2017,PRI,Wind,0.15,,,,
2018,PRI,Wind,0.11,,,,
2019,PRI,Wind,0.16,,,,
2020,PRI,Wind,0.14,,,,
2021,PRI,Wind,0.16,,,,
2022,PRI,Wind,0.16,,,,
2023,PRI,Wind,0.16,,,,
2024,PRI,Wind,0.18,,,,
2025,PRI,Wind,0.23,,,,
2000,PRK,Hydro,10,,,,
2001,PRK,Hydro,10,,,,
2002,PRK,Hydro,11,,,,
2003,PRK,Hydro,12,,,,
2004,PRK,Hydro,12,,,,
2005,PRK,Hydro,13,,,,
2006,PRK,Hydro,12,,,,
2007,PRK,Hydro,13,,,,
2008,PRK,Hydro,14,,,,
2009,PRK,Hydro,12,,,,
2010,PRK,Hydro,13,,,,
2011,PRK,Hydro,13,,,,
2012,PRK,Hydro,13,,,,
2013,PRK,Hydro,14,,,,
2014,PRK,Hydro,13,,,,
2015,PRK,Hydro,9.9,,,,
2016,PRK,Hydro,13,,,,
2017,PRK,Hydro,12,,,,
2018,PRK,Hydro,13,,,,
2019,PRK,Hydro,11,,,,
2020,PRK,Hydro,13,,,,
2021,PRK,Hydro,16,,,,
2022,PRK,Hydro,17,,,,
2023,PRK,Hydro,17,,,,
2024,PRK,Hydro,17,,,,
2000,PRK,Nuclear,0,,,,
2001,PRK,Nuclear,0,,,,
2002,PRK,Nuclear,0,,,,
2003,PRK,Nuclear,0,,,,
2004,PRK,Nuclear,0,,,,
2005,PRK,Nuclear,0,,,,
2006,PRK,Nuclear,0,,,,
2007,PRK,Nuclear,0,,,,
2008,PRK,Nuclear,0,,,,
2009,PRK,Nuclear,0,,,,
2010,PRK,Nuclear,0,,,,
2011,PRK,Nuclear,0,,,,
2012,PRK,Nuclear,0,,,,
2013,PRK,Nuclear,0,,,,
2014,PRK,Nuclear,0,,,,
2015,PRK,Nuclear,0,,,,
2016,PRK,Nuclear,0,,,,
2017,PRK,Nuclear,0,,,,
2018,PRK,Nuclear,0,,,,
2019,PRK,Nuclear,0,,,,
2020,PRK,Nuclear,0,,,,
2021,PRK,Nuclear,0,,,,
2022,PRK,Nuclear,0,,,,
2023,PRK,Nuclear,0,,,,
2024,PRK,Nuclear,0,,,,
2000,PRK,Other renewables,0,,,,
2001,PRK,Other renewables,0,,,,
2002,PRK,Other renewables,0,,,,
2003,PRK,Other renewables,0,,,,
2004,PRK,Other renewables,0,,,,
2005,PRK,Other renewables,0,,,,
2006,PRK,Other renewables,0,,,,
2007,PRK,Other renewables,0,,,,
2008,PRK,Other renewables,0,,,,
2009,PRK,Other renewables,0,,,,
2010,PRK,Other renewables,0,,,,
2011,PRK,Other renewables,0,,,,
2012,PRK,Other renewables,0,,,,
2013,PRK,Other renewables,0,,,,
2014,PRK,Other renewables,0,,,,
2015,PRK,Other renewables,0,,,,
2016,PRK,Other renewables,0,,,,
2017,PRK,Other renewables,0,,,,
2018,PRK,Other renewables,0,,,,
2019,PRK,Other renewables,0,,,,
2020,PRK,Other renewables,0,,,,
2021,PRK,Other renewables,0,,,,
2022,PRK,Other renewables,0,,,,
2023,PRK,Other renewables,0,,,,
2024,PRK,Other renewables,0,,,,
2000,PRK,Solar,0,,,,
2001,PRK,Solar,0,,,,
2002,PRK,Solar,0,,,,
2003,PRK,Solar,0,,,,
2004,PRK,Solar,0,,,,
2005,PRK,Solar,0,,,,
2006,PRK,Solar,0,,,,
2007,PRK,Solar,0,,,,
2008,PRK,Solar,0,,,,
2009,PRK,Solar,0,,,,
2010,PRK,Solar,0,,,,
2011,PRK,Solar,0,,,,
2012,PRK,Solar,0,,,,
2013,PRK,Solar,0.01,,,,
2014,PRK,Solar,0.01,,,,
2015,PRK,Solar,0.03,,,,
2016,PRK,Solar,0.04,,,,
2017,PRK,Solar,0.05,,,,
2018,PRK,Solar,0.06,,,,
2019,PRK,Solar,0.08,,,,
2020,PRK,Solar,0.1,,,,
2021,PRK,Solar,0.13,,,,
2022,PRK,Solar,0.15,,,,
2023,PRK,Solar,0.15,,,,
2024,PRK,Solar,0.17,,,,
2000,PRK,Total,10,,,,
2001,PRK,Total,10,,,,
2002,PRK,Total,11,,,,
2003,PRK,Total,12,,,,
2004,PRK,Total,12,,,,
2005,PRK,Total,13,,,,
2006,PRK,Total,12,,,,
2007,PRK,Total,13,,,,
2008,PRK,Total,14,,,,
2009,PRK,Total,12,,,,
2010,PRK,Total,13,,,,
2011,PRK,Total,13,,,,
2012,PRK,Total,13,,,,
2013,PRK,Total,14,,,,
2014,PRK,Total,13,,,,
2015,PRK,Total,9.9,,,,
2016,PRK,Total,13,,,,
2017,PRK,Total,12,,,,
2018,PRK,Total,13,,,,
2019,PRK,Total,11,,,,
2020,PRK,Total,13,,,,
2021,PRK,Total,16,,,,
2022,PRK,Total,17,,,,
2023,PRK,Total,17,,,,
2024,PRK,Total,17,,,,
2000,PRK,Wind,0,,,,
2001,PRK,Wind,0,,,,
2002,PRK,Wind,0,,,,
2003,PRK,Wind,0,,,,
2004,PRK,Wind,0,,,,
2005,PRK,Wind,0,,,,
2006,PRK,Wind,0,,,,
2007,PRK,Wind,0,,,,
2008,PRK,Wind,0,,,,
2009,PRK,Wind,0,,,,
2010,PRK,Wind,0,,,,
2011,PRK,Wind,0,,,,
2012,PRK,Wind,0,,,,
2013,PRK,Wind,0,,,,
2014,PRK,Wind,0,,,,
2015,PRK,Wind,0,,,,
2016,PRK,Wind,0,,,,
2017,PRK,Wind,0,,,,
2018,PRK,Wind,0,,,,
2019,PRK,Wind,0,,,,
2020,PRK,Wind,0,,,,
2021,PRK,Wind,0,,,,
2022,PRK,Wind,0,,,,
2023,PRK,Wind,0,,,,
2024,PRK,Wind,0,,,,
1990,PRT,Hydro,9.1,,,,
1991,PRT,Hydro,9,,,,
1992,PRT,Hydro,4.6,,,,
1993,PRT,Hydro,8.5,,,,
1994,PRT,Hydro,11,,,,
1995,PRT,Hydro,8.3,,,,
1996,PRT,Hydro,15,,,,
1997,PRT,Hydro,13,,,,
1998,PRT,Hydro,13,,,,
1999,PRT,Hydro,7.3,,,,
2000,PRT,Hydro,11,,,,
2001,PRT,Hydro,14,,,,
2002,PRT,Hydro,7.8,,,,
2003,PRT,Hydro,16,,,,
2004,PRT,Hydro,9.9,,,,
2005,PRT,Hydro,4.7,,,,
2006,PRT,Hydro,11,,,,
2007,PRT,Hydro,10,,,,
2008,PRT,Hydro,6.8,,,,
2009,PRT,Hydro,8.3,,,,
2010,PRT,Hydro,16,,,,
2011,PRT,Hydro,12,,,,
2012,PRT,Hydro,5.6,,,,
2013,PRT,Hydro,14,,,,
2014,PRT,Hydro,16,,,,
2015,PRT,Hydro,8.7,,,,
2016,PRT,Hydro,16,,,,
2017,PRT,Hydro,5.9,,,,
2018,PRT,Hydro,12,,,,
2019,PRT,Hydro,8.8,,,,
2020,PRT,Hydro,12,,,,
2021,PRT,Hydro,12,,,,
2022,PRT,Hydro,6.5,,,,
2023,PRT,Hydro,12,,,,
2024,PRT,Hydro,15,,,,
2025,PRT,Hydro,15,,,,
1990,PRT,Nuclear,0,,,,
1991,PRT,Nuclear,0,,,,
1992,PRT,Nuclear,0,,,,
1993,PRT,Nuclear,0,,,,
1994,PRT,Nuclear,0,,,,
1995,PRT,Nuclear,0,,,,
1996,PRT,Nuclear,0,,,,
1997,PRT,Nuclear,0,,,,
1998,PRT,Nuclear,0,,,,
1999,PRT,Nuclear,0,,,,
2000,PRT,Nuclear,0,,,,
2001,PRT,Nuclear,0,,,,
2002,PRT,Nuclear,0,,,,
2003,PRT,Nuclear,0,,,,
2004,PRT,Nuclear,0,,,,
2005,PRT,Nuclear,0,,,,
2006,PRT,Nuclear,0,,,,
2007,PRT,Nuclear,0,,,,
2008,PRT,Nuclear,0,,,,
2009,PRT,Nuclear,0,,,,
2010,PRT,Nuclear,0,,,,
2011,PRT,Nuclear,0,,,,
2012,PRT,Nuclear,0,,,,
2013,PRT,Nuclear,0,,,,
2014,PRT,Nuclear,0,,,,
2015,PRT,Nuclear,0,,,,
2016,PRT,Nuclear,0,,,,
2017,PRT,Nuclear,0,,,,
2018,PRT,Nuclear,0,,,,
2019,PRT,Nuclear,0,,,,
2020,PRT,Nuclear,0,,,,
2021,PRT,Nuclear,0,,,,
2022,PRT,Nuclear,0,,,,
2023,PRT,Nuclear,0,,,,
2024,PRT,Nuclear,0,,,,
2025,PRT,Nuclear,0,,,,
1990,PRT,Other renewables,0,,,,
1991,PRT,Other renewables,0,,,,
1992,PRT,Other renewables,0,,,,
1993,PRT,Other renewables,0,,,,
1994,PRT,Other renewables,0.03,,,,
1995,PRT,Other renewables,0.04,,,,
1996,PRT,Other renewables,0.05,,,,
1997,PRT,Other renewables,0.05,,,,
1998,PRT,Other renewables,0.06,,,,
1999,PRT,Other renewables,0.08,,,,
2000,PRT,Other renewables,0.08,,,,
2001,PRT,Other renewables,0.1,,,,
2002,PRT,Other renewables,0.1,,,,
2003,PRT,Other renewables,0.09,,,,
2004,PRT,Other renewables,0.08,,,,
2005,PRT,Other renewables,0.07,,,,
2006,PRT,Other renewables,0.09,,,,
2007,PRT,Other renewables,0.2,,,,
2008,PRT,Other renewables,0.19,,,,
2009,PRT,Other renewables,0.18,,,,
2010,PRT,Other renewables,0.2,,,,
2011,PRT,Other renewables,0.21,,,,
2012,PRT,Other renewables,0.15,,,,
2013,PRT,Other renewables,0.2,,,,
2014,PRT,Other renewables,0.21,,,,
2015,PRT,Other renewables,0.2,,,,
2016,PRT,Other renewables,0.17,,,,
2017,PRT,Other renewables,0.22,,,,
2018,PRT,Other renewables,0.23,,,,
2019,PRT,Other renewables,0.22,,,,
2020,PRT,Other renewables,0.22,,,,
2021,PRT,Other renewables,0.18,,,,
2022,PRT,Other renewables,0.19,,,,
2023,PRT,Other renewables,0.21,,,,
2024,PRT,Other renewables,0.2,,,,
2025,PRT,Other renewables,0.2,,,,
1990,PRT,Solar,0,,,,
1991,PRT,Solar,0,,,,
1992,PRT,Solar,0,,,,
1993,PRT,Solar,0,,,,
1994,PRT,Solar,0,,,,
1995,PRT,Solar,0,,,,
1996,PRT,Solar,0,,,,
1997,PRT,Solar,0,,,,
1998,PRT,Solar,0,,,,
1999,PRT,Solar,0,,,,
2000,PRT,Solar,0,,,,
2001,PRT,Solar,0,,,,
2002,PRT,Solar,0,,,,
2003,PRT,Solar,0,,,,
2004,PRT,Solar,0,,,,
2005,PRT,Solar,0,,,,
2006,PRT,Solar,0,,,,
2007,PRT,Solar,0.02,,,,
2008,PRT,Solar,0.04,,,,
2009,PRT,Solar,0.16,,,,
2010,PRT,Solar,0.21,,,,
2011,PRT,Solar,0.28,,,,
2012,PRT,Solar,0.39,,,,
2013,PRT,Solar,0.48,,,,
2014,PRT,Solar,0.63,,,,
2015,PRT,Solar,0.8,,,,
2016,PRT,Solar,0.87,,,,
2017,PRT,Solar,0.99,,,,
2018,PRT,Solar,1,,,,
2019,PRT,Solar,1.3,,,,
2020,PRT,Solar,1.7,,,,
2021,PRT,Solar,2.2,,,,
2022,PRT,Solar,3.5,,,,
2023,PRT,Solar,5.2,,,,
2024,PRT,Solar,7.1,,,,
2025,PRT,Solar,8.9,,,,
1990,PRT,Total,9.8,,,,
1991,PRT,Total,9.8,,,,
1992,PRT,Total,5.5,,,,
1993,PRT,Total,9.4,,,,
1994,PRT,Total,12,,,,
1995,PRT,Total,9.4,,,,
1996,PRT,Total,16,,,,
1997,PRT,Total,14,,,,
1998,PRT,Total,14,,,,
1999,PRT,Total,8.6,,,,
2000,PRT,Total,13,,,,
2001,PRT,Total,16,,,,
2002,PRT,Total,9.7,,,,
2003,PRT,Total,18,,,,
2004,PRT,Total,12,,,,
2005,PRT,Total,8.3,,,,
2006,PRT,Total,16,,,,
2007,PRT,Total,16,,,,
2008,PRT,Total,15,,,,
2009,PRT,Total,18,,,,
2010,PRT,Total,28,,,,
2011,PRT,Total,24,,,,
2012,PRT,Total,19,,,,
2013,PRT,Total,29,,,,
2014,PRT,Total,32,,,,
2015,PRT,Total,24,,,,
2016,PRT,Total,32,,,,
2017,PRT,Total,23,,,,
2018,PRT,Total,29,,,,
2019,PRT,Total,27,,,,
2020,PRT,Total,30,,,,
2021,PRT,Total,32,,,,
2022,PRT,Total,28,,,,
2023,PRT,Total,34,,,,
2024,PRT,Total,40,,,,
2025,PRT,Total,41,,,,
1990,PRT,Wind,0,,,,
1991,PRT,Wind,0,,,,
1992,PRT,Wind,0,,,,
1993,PRT,Wind,0.01,,,,
1994,PRT,Wind,0.02,,,,
1995,PRT,Wind,0.02,,,,
1996,PRT,Wind,0.02,,,,
1997,PRT,Wind,0.04,,,,
1998,PRT,Wind,0.09,,,,
1999,PRT,Wind,0.12,,,,
2000,PRT,Wind,0.17,,,,
2001,PRT,Wind,0.26,,,,
2002,PRT,Wind,0.36,,,,
2003,PRT,Wind,0.5,,,,
2004,PRT,Wind,0.82,,,,
2005,PRT,Wind,1.8,,,,
2006,PRT,Wind,2.9,,,,
2007,PRT,Wind,4,,,,
2008,PRT,Wind,5.8,,,,
2009,PRT,Wind,7.6,,,,
2010,PRT,Wind,9.2,,,,
2011,PRT,Wind,9.2,,,,
2012,PRT,Wind,10,,,,
2013,PRT,Wind,12,,,,
2014,PRT,Wind,12,,,,
2015,PRT,Wind,12,,,,
2016,PRT,Wind,12,,,,
2017,PRT,Wind,12,,,,
2018,PRT,Wind,13,,,,
2019,PRT,Wind,14,,,,
2020,PRT,Wind,12,,,,
2021,PRT,Wind,13,,,,
2022,PRT,Wind,13,,,,
2023,PRT,Wind,13,,,,
2024,PRT,Wind,14,,,,
2025,PRT,Wind,14,,,,
2000,PRY,Hydro,53,,,,
2001,PRY,Hydro,45,,,,
2002,PRY,Hydro,48,,,,
2003,PRY,Hydro,52,,,,
2004,PRY,Hydro,52,,,,
2005,PRY,Hydro,51,,,,
2006,PRY,Hydro,54,,,,
2007,PRY,Hydro,54,,,,
2008,PRY,Hydro,55,,,,
2009,PRY,Hydro,55,,,,
2010,PRY,Hydro,54,,,,
2011,PRY,Hydro,58,,,,
2012,PRY,Hydro,60,,,,
2013,PRY,Hydro,60,,,,
2014,PRY,Hydro,55,,,,
2015,PRY,Hydro,56,,,,
2016,PRY,Hydro,64,,,,
2017,PRY,Hydro,60,,,,
2018,PRY,Hydro,59,,,,
2019,PRY,Hydro,49,,,,
2020,PRY,Hydro,46,,,,
2021,PRY,Hydro,41,,,,
2022,PRY,Hydro,44,,,,
2023,PRY,Hydro,53,,,,
2024,PRY,Hydro,42,,,,
2025,PRY,Hydro,45,,,,
2000,PRY,Nuclear,0,,,,
2001,PRY,Nuclear,0,,,,
2002,PRY,Nuclear,0,,,,
2003,PRY,Nuclear,0,,,,
2004,PRY,Nuclear,0,,,,
2005,PRY,Nuclear,0,,,,
2006,PRY,Nuclear,0,,,,
2007,PRY,Nuclear,0,,,,
2008,PRY,Nuclear,0,,,,
2009,PRY,Nuclear,0,,,,
2010,PRY,Nuclear,0,,,,
2011,PRY,Nuclear,0,,,,
2012,PRY,Nuclear,0,,,,
2013,PRY,Nuclear,0,,,,
2014,PRY,Nuclear,0,,,,
2015,PRY,Nuclear,0,,,,
2016,PRY,Nuclear,0,,,,
2017,PRY,Nuclear,0,,,,
2018,PRY,Nuclear,0,,,,
2019,PRY,Nuclear,0,,,,
2020,PRY,Nuclear,0,,,,
2021,PRY,Nuclear,0,,,,
2022,PRY,Nuclear,0,,,,
2023,PRY,Nuclear,0,,,,
2024,PRY,Nuclear,0,,,,
2025,PRY,Nuclear,0,,,,
2000,PRY,Other renewables,0,,,,
2001,PRY,Other renewables,0,,,,
2002,PRY,Other renewables,0,,,,
2003,PRY,Other renewables,0,,,,
2004,PRY,Other renewables,0,,,,
2005,PRY,Other renewables,0,,,,
2006,PRY,Other renewables,0,,,,
2007,PRY,Other renewables,0,,,,
2008,PRY,Other renewables,0,,,,
2009,PRY,Other renewables,0,,,,
2010,PRY,Other renewables,0,,,,
2011,PRY,Other renewables,0,,,,
2012,PRY,Other renewables,0,,,,
2013,PRY,Other renewables,0,,,,
2014,PRY,Other renewables,0,,,,
2015,PRY,Other renewables,0,,,,
2016,PRY,Other renewables,0,,,,
2017,PRY,Other renewables,0,,,,
2018,PRY,Other renewables,0,,,,
2019,PRY,Other renewables,0,,,,
2020,PRY,Other renewables,0,,,,
2021,PRY,Other renewables,0,,,,
2022,PRY,Other renewables,0,,,,
2023,PRY,Other renewables,0,,,,
2024,PRY,Other renewables,0,,,,
2025,PRY,Other renewables,0,,,,
2000,PRY,Solar,0,,,,
2001,PRY,Solar,0,,,,
2002,PRY,Solar,0,,,,
2003,PRY,Solar,0,,,,
2004,PRY,Solar,0,,,,
2005,PRY,Solar,0,,,,
2006,PRY,Solar,0,,,,
2007,PRY,Solar,0,,,,
2008,PRY,Solar,0,,,,
2009,PRY,Solar,0,,,,
2010,PRY,Solar,0,,,,
2011,PRY,Solar,0,,,,
2012,PRY,Solar,0,,,,
2013,PRY,Solar,0,,,,
2014,PRY,Solar,0,,,,
2015,PRY,Solar,0,,,,
2016,PRY,Solar,0,,,,
2017,PRY,Solar,0,,,,
2018,PRY,Solar,0,,,,
2019,PRY,Solar,0,,,,
2020,PRY,Solar,0,,,,
2021,PRY,Solar,0,,,,
2022,PRY,Solar,0,,,,
2023,PRY,Solar,0,,,,
2024,PRY,Solar,0,,,,
2025,PRY,Solar,0,,,,
2000,PRY,Total,53,,,,
2001,PRY,Total,45,,,,
2002,PRY,Total,48,,,,
2003,PRY,Total,52,,,,
2004,PRY,Total,52,,,,
2005,PRY,Total,51,,,,
2006,PRY,Total,54,,,,
2007,PRY,Total,54,,,,
2008,PRY,Total,55,,,,
2009,PRY,Total,55,,,,
2010,PRY,Total,54,,,,
2011,PRY,Total,58,,,,
2012,PRY,Total,60,,,,
2013,PRY,Total,61,,,,
2014,PRY,Total,55,,,,
2015,PRY,Total,56,,,,
2016,PRY,Total,64,,,,
2017,PRY,Total,60,,,,
2018,PRY,Total,59,,,,
2019,PRY,Total,50,,,,
2020,PRY,Total,47,,,,
2021,PRY,Total,41,,,,
2022,PRY,Total,44,,,,
2023,PRY,Total,53,,,,
2024,PRY,Total,42,,,,
2025,PRY,Total,45,,,,
2000,PRY,Wind,0,,,,
2001,PRY,Wind,0,,,,
2002,PRY,Wind,0,,,,
2003,PRY,Wind,0,,,,
2004,PRY,Wind,0,,,,
2005,PRY,Wind,0,,,,
2006,PRY,Wind,0,,,,
2007,PRY,Wind,0,,,,
2008,PRY,Wind,0,,,,
2009,PRY,Wind,0,,,,
2010,PRY,Wind,0,,,,
2011,PRY,Wind,0,,,,
2012,PRY,Wind,0,,,,
2013,PRY,Wind,0,,,,
2014,PRY,Wind,0,,,,
2015,PRY,Wind,0,,,,
2016,PRY,Wind,0,,,,
2017,PRY,Wind,0,,,,
2018,PRY,Wind,0,,,,
2019,PRY,Wind,0,,,,
2020,PRY,Wind,0,,,,
2021,PRY,Wind,0,,,,
2022,PRY,Wind,0,,,,
2023,PRY,Wind,0,,,,
2024,PRY,Wind,0,,,,
2025,PRY,Wind,0,,,,
2000,PSE,Hydro,0,,,,
2001,PSE,Hydro,0,,,,
2002,PSE,Hydro,0,,,,
2003,PSE,Hydro,0,,,,
2004,PSE,Hydro,0,,,,
2005,PSE,Hydro,0,,,,
2006,PSE,Hydro,0,,,,
2007,PSE,Hydro,0,,,,
2008,PSE,Hydro,0,,,,
2009,PSE,Hydro,0,,,,
2010,PSE,Hydro,0,,,,
2011,PSE,Hydro,0,,,,
2012,PSE,Hydro,0,,,,
2013,PSE,Hydro,0,,,,
2014,PSE,Hydro,0,,,,
2015,PSE,Hydro,0,,,,
2016,PSE,Hydro,0,,,,
2017,PSE,Hydro,0,,,,
2018,PSE,Hydro,0,,,,
2019,PSE,Hydro,0,,,,
2020,PSE,Hydro,0,,,,
2021,PSE,Hydro,0,,,,
2022,PSE,Hydro,0,,,,
2023,PSE,Hydro,0,,,,
2024,PSE,Hydro,0,,,,
2000,PSE,Nuclear,0,,,,
2001,PSE,Nuclear,0,,,,
2002,PSE,Nuclear,0,,,,
2003,PSE,Nuclear,0,,,,
2004,PSE,Nuclear,0,,,,
2005,PSE,Nuclear,0,,,,
2006,PSE,Nuclear,0,,,,
2007,PSE,Nuclear,0,,,,
2008,PSE,Nuclear,0,,,,
2009,PSE,Nuclear,0,,,,
2010,PSE,Nuclear,0,,,,
2011,PSE,Nuclear,0,,,,
2012,PSE,Nuclear,0,,,,
2013,PSE,Nuclear,0,,,,
2014,PSE,Nuclear,0,,,,
2015,PSE,Nuclear,0,,,,
2016,PSE,Nuclear,0,,,,
2017,PSE,Nuclear,0,,,,
2018,PSE,Nuclear,0,,,,
2019,PSE,Nuclear,0,,,,
2020,PSE,Nuclear,0,,,,
2021,PSE,Nuclear,0,,,,
2022,PSE,Nuclear,0,,,,
2023,PSE,Nuclear,0,,,,
2024,PSE,Nuclear,0,,,,
2000,PSE,Other renewables,0,,,,
2001,PSE,Other renewables,0,,,,
2002,PSE,Other renewables,0,,,,
2003,PSE,Other renewables,0,,,,
2004,PSE,Other renewables,0,,,,
2005,PSE,Other renewables,0,,,,
2006,PSE,Other renewables,0,,,,
2007,PSE,Other renewables,0,,,,
2008,PSE,Other renewables,0,,,,
2009,PSE,Other renewables,0,,,,
2010,PSE,Other renewables,0,,,,
2011,PSE,Other renewables,0,,,,
2012,PSE,Other renewables,0,,,,
2013,PSE,Other renewables,0,,,,
2014,PSE,Other renewables,0,,,,
2015,PSE,Other renewables,0,,,,
2016,PSE,Other renewables,0,,,,
2017,PSE,Other renewables,0,,,,
2018,PSE,Other renewables,0,,,,
2019,PSE,Other renewables,0,,,,
2020,PSE,Other renewables,0,,,,
2021,PSE,Other renewables,0,,,,
2022,PSE,Other renewables,0,,,,
2023,PSE,Other renewables,0,,,,
2024,PSE,Other renewables,0,,,,
2000,PSE,Solar,0,,,,
2001,PSE,Solar,0,,,,
2002,PSE,Solar,0,,,,
2003,PSE,Solar,0,,,,
2004,PSE,Solar,0,,,,
2005,PSE,Solar,0,,,,
2006,PSE,Solar,0,,,,
2007,PSE,Solar,0,,,,
2008,PSE,Solar,0,,,,
2009,PSE,Solar,0,,,,
2010,PSE,Solar,0,,,,
2011,PSE,Solar,0,,,,
2012,PSE,Solar,0,,,,
2013,PSE,Solar,0,,,,
2014,PSE,Solar,0,,,,
2015,PSE,Solar,0.01,,,,
2016,PSE,Solar,0.04,,,,
2017,PSE,Solar,0.05,,,,
2018,PSE,Solar,0.06,,,,
2019,PSE,Solar,0.12,,,,
2020,PSE,Solar,0.18,,,,
2021,PSE,Solar,0.22,,,,
2022,PSE,Solar,0.34,,,,
2023,PSE,Solar,0.34,,,,
2024,PSE,Solar,0.39,,,,
2000,PSE,Total,0,,,,
2001,PSE,Total,0,,,,
2002,PSE,Total,0,,,,
2003,PSE,Total,0,,,,
2004,PSE,Total,0,,,,
2005,PSE,Total,0,,,,
2006,PSE,Total,0,,,,
2007,PSE,Total,0,,,,
2008,PSE,Total,0,,,,
2009,PSE,Total,0,,,,
2010,PSE,Total,0,,,,
2011,PSE,Total,0,,,,
2012,PSE,Total,0,,,,
2013,PSE,Total,0,,,,
2014,PSE,Total,0,,,,
2015,PSE,Total,0.01,,,,
2016,PSE,Total,0.04,,,,
2017,PSE,Total,0.05,,,,
2018,PSE,Total,0.06,,,,
2019,PSE,Total,0.12,,,,
2020,PSE,Total,0.18,,,,
2021,PSE,Total,0.22,,,,
2022,PSE,Total,0.34,,,,
2023,PSE,Total,0.34,,,,
2024,PSE,Total,0.39,,,,
2000,PSE,Wind,0,,,,
2001,PSE,Wind,0,,,,
2002,PSE,Wind,0,,,,
2003,PSE,Wind,0,,,,
2004,PSE,Wind,0,,,,
2005,PSE,Wind,0,,,,
2006,PSE,Wind,0,,,,
2007,PSE,Wind,0,,,,
2008,PSE,Wind,0,,,,
2009,PSE,Wind,0,,,,
2010,PSE,Wind,0,,,,
2011,PSE,Wind,0,,,,
2012,PSE,Wind,0,,,,
2013,PSE,Wind,0,,,,
2014,PSE,Wind,0,,,,
2015,PSE,Wind,0,,,,
2016,PSE,Wind,0,,,,
2017,PSE,Wind,0,,,,
2018,PSE,Wind,0,,,,
2019,PSE,Wind,0,,,,
2020,PSE,Wind,0,,,,
2021,PSE,Wind,0,,,,
2022,PSE,Wind,0,,,,
2023,PSE,Wind,0,,,,
2024,PSE,Wind,0,,,,
2000,PYF,Hydro,0.12,,,,
2001,PYF,Hydro,0.1,,,,
2002,PYF,Hydro,0.13,,,,
2003,PYF,Hydro,0.15,,,,
2004,PYF,Hydro,0.18,,,,
2005,PYF,Hydro,0.18,,,,
2006,PYF,Hydro,0.2,,,,
2007,PYF,Hydro,0.22,,,,
2008,PYF,Hydro,0.21,,,,
2009,PYF,Hydro,0.21,,,,
2010,PYF,Hydro,0.27,,,,
2011,PYF,Hydro,0.22,,,,
2012,PYF,Hydro,0.2,,,,
2013,PYF,Hydro,0.15,,,,
2014,PYF,Hydro,0.17,,,,
2015,PYF,Hydro,0.17,,,,
2016,PYF,Hydro,0.18,,,,
2017,PYF,Hydro,0.18,,,,
2018,PYF,Hydro,0.16,,,,
2019,PYF,Hydro,0.16,,,,
2020,PYF,Hydro,0.16,,,,
2021,PYF,Hydro,0.14,,,,
2022,PYF,Hydro,0.19,,,,
2023,PYF,Hydro,0.19,,,,
2024,PYF,Hydro,0.19,,,,
2000,PYF,Nuclear,0,,,,
2001,PYF,Nuclear,0,,,,
2002,PYF,Nuclear,0,,,,
2003,PYF,Nuclear,0,,,,
2004,PYF,Nuclear,0,,,,
2005,PYF,Nuclear,0,,,,
2006,PYF,Nuclear,0,,,,
2007,PYF,Nuclear,0,,,,
2008,PYF,Nuclear,0,,,,
2009,PYF,Nuclear,0,,,,
2010,PYF,Nuclear,0,,,,
2011,PYF,Nuclear,0,,,,
2012,PYF,Nuclear,0,,,,
2013,PYF,Nuclear,0,,,,
2014,PYF,Nuclear,0,,,,
2015,PYF,Nuclear,0,,,,
2016,PYF,Nuclear,0,,,,
2017,PYF,Nuclear,0,,,,
2018,PYF,Nuclear,0,,,,
2019,PYF,Nuclear,0,,,,
2020,PYF,Nuclear,0,,,,
2021,PYF,Nuclear,0,,,,
2022,PYF,Nuclear,0,,,,
2023,PYF,Nuclear,0,,,,
2024,PYF,Nuclear,0,,,,
2000,PYF,Other renewables,0,,,,
2001,PYF,Other renewables,0,,,,
2002,PYF,Other renewables,0,,,,
2003,PYF,Other renewables,0,,,,
2004,PYF,Other renewables,0,,,,
2005,PYF,Other renewables,0,,,,
2006,PYF,Other renewables,0,,,,
2007,PYF,Other renewables,0,,,,
2008,PYF,Other renewables,0,,,,
2009,PYF,Other renewables,0,,,,
2010,PYF,Other renewables,0,,,,
2011,PYF,Other renewables,0,,,,
2012,PYF,Other renewables,0,,,,
2013,PYF,Other renewables,0,,,,
2014,PYF,Other renewables,0,,,,
2015,PYF,Other renewables,0,,,,
2016,PYF,Other renewables,0,,,,
2017,PYF,Other renewables,0,,,,
2018,PYF,Other renewables,0,,,,
2019,PYF,Other renewables,0,,,,
2020,PYF,Other renewables,0,,,,
2021,PYF,Other renewables,0,,,,
2022,PYF,Other renewables,0,,,,
2023,PYF,Other renewables,0,,,,
2024,PYF,Other renewables,0,,,,
2000,PYF,Solar,0,,,,
2001,PYF,Solar,0,,,,
2002,PYF,Solar,0,,,,
2003,PYF,Solar,0,,,,
2004,PYF,Solar,0,,,,
2005,PYF,Solar,0,,,,
2006,PYF,Solar,0,,,,
2007,PYF,Solar,0,,,,
2008,PYF,Solar,0,,,,
2009,PYF,Solar,0,,,,
2010,PYF,Solar,0,,,,
2011,PYF,Solar,0.01,,,,
2012,PYF,Solar,0.01,,,,
2013,PYF,Solar,0.02,,,,
2014,PYF,Solar,0.03,,,,
2015,PYF,Solar,0.03,,,,
2016,PYF,Solar,0.03,,,,
2017,PYF,Solar,0.04,,,,
2018,PYF,Solar,0.04,,,,
2019,PYF,Solar,0.04,,,,
2020,PYF,Solar,0.04,,,,
2021,PYF,Solar,0.05,,,,
2022,PYF,Solar,0.05,,,,
2023,PYF,Solar,0.05,,,,
2024,PYF,Solar,0.06,,,,
2000,PYF,Total,0.12,,,,
2001,PYF,Total,0.1,,,,
2002,PYF,Total,0.13,,,,
2003,PYF,Total,0.15,,,,
2004,PYF,Total,0.18,,,,
2005,PYF,Total,0.18,,,,
2006,PYF,Total,0.2,,,,
2007,PYF,Total,0.22,,,,
2008,PYF,Total,0.21,,,,
2009,PYF,Total,0.21,,,,
2010,PYF,Total,0.27,,,,
2011,PYF,Total,0.23,,,,
2012,PYF,Total,0.21,,,,
2013,PYF,Total,0.17,,,,
2014,PYF,Total,0.2,,,,
2015,PYF,Total,0.2,,,,
2016,PYF,Total,0.21,,,,
2017,PYF,Total,0.22,,,,
2018,PYF,Total,0.2,,,,
2019,PYF,Total,0.2,,,,
2020,PYF,Total,0.2,,,,
2021,PYF,Total,0.19,,,,
2022,PYF,Total,0.24,,,,
2023,PYF,Total,0.24,,,,
2024,PYF,Total,0.25,,,,
2000,PYF,Wind,0,,,,
2001,PYF,Wind,0,,,,
2002,PYF,Wind,0,,,,
2003,PYF,Wind,0,,,,
2004,PYF,Wind,0,,,,
2005,PYF,Wind,0,,,,
2006,PYF,Wind,0,,,,
2007,PYF,Wind,0,,,,
2008,PYF,Wind,0,,,,
2009,PYF,Wind,0,,,,
2010,PYF,Wind,0,,,,
2011,PYF,Wind,0,,,,
2012,PYF,Wind,0,,,,
2013,PYF,Wind,0,,,,
2014,PYF,Wind,0,,,,
2015,PYF,Wind,0,,,,
2016,PYF,Wind,0,,,,
2017,PYF,Wind,0,,,,
2018,PYF,Wind,0,,,,
2019,PYF,Wind,0,,,,
2020,PYF,Wind,0,,,,
2021,PYF,Wind,0,,,,
2022,PYF,Wind,0,,,,
2023,PYF,Wind,0,,,,
2024,PYF,Wind,0,,,,
2000,QAT,Hydro,0,,,,
2001,QAT,Hydro,0,,,,
2002,QAT,Hydro,0,,,,
2003,QAT,Hydro,0,,,,
2004,QAT,Hydro,0,,,,
2005,QAT,Hydro,0,,,,
2006,QAT,Hydro,0,,,,
2007,QAT,Hydro,0,,,,
2008,QAT,Hydro,0,,,,
2009,QAT,Hydro,0,,,,
2010,QAT,Hydro,0,,,,
2011,QAT,Hydro,0,,,,
2012,QAT,Hydro,0,,,,
2013,QAT,Hydro,0,,,,
2014,QAT,Hydro,0,,,,
2015,QAT,Hydro,0,,,,
2016,QAT,Hydro,0,,,,
2017,QAT,Hydro,0,,,,
2018,QAT,Hydro,0,,,,
2019,QAT,Hydro,0,,,,
2020,QAT,Hydro,0,,,,
2021,QAT,Hydro,0,,,,
2022,QAT,Hydro,0,,,,
2023,QAT,Hydro,0,,,,
2024,QAT,Hydro,0,,,,
2025,QAT,Hydro,0,,,,
2000,QAT,Nuclear,0,,,,
2001,QAT,Nuclear,0,,,,
2002,QAT,Nuclear,0,,,,
2003,QAT,Nuclear,0,,,,
2004,QAT,Nuclear,0,,,,
2005,QAT,Nuclear,0,,,,
2006,QAT,Nuclear,0,,,,
2007,QAT,Nuclear,0,,,,
2008,QAT,Nuclear,0,,,,
2009,QAT,Nuclear,0,,,,
2010,QAT,Nuclear,0,,,,
2011,QAT,Nuclear,0,,,,
2012,QAT,Nuclear,0,,,,
2013,QAT,Nuclear,0,,,,
2014,QAT,Nuclear,0,,,,
2015,QAT,Nuclear,0,,,,
2016,QAT,Nuclear,0,,,,
2017,QAT,Nuclear,0,,,,
2018,QAT,Nuclear,0,,,,
2019,QAT,Nuclear,0,,,,
2020,QAT,Nuclear,0,,,,
2021,QAT,Nuclear,0,,,,
2022,QAT,Nuclear,0,,,,
2023,QAT,Nuclear,0,,,,
2024,QAT,Nuclear,0,,,,
2025,QAT,Nuclear,0,,,,
2000,QAT,Other renewables,0,,,,
2001,QAT,Other renewables,0,,,,
2002,QAT,Other renewables,0,,,,
2003,QAT,Other renewables,0,,,,
2004,QAT,Other renewables,0,,,,
2005,QAT,Other renewables,0,,,,
2006,QAT,Other renewables,0,,,,
2007,QAT,Other renewables,0,,,,
2008,QAT,Other renewables,0,,,,
2009,QAT,Other renewables,0,,,,
2010,QAT,Other renewables,0,,,,
2011,QAT,Other renewables,0,,,,
2012,QAT,Other renewables,0,,,,
2013,QAT,Other renewables,0,,,,
2014,QAT,Other renewables,0,,,,
2015,QAT,Other renewables,0,,,,
2016,QAT,Other renewables,0,,,,
2017,QAT,Other renewables,0,,,,
2018,QAT,Other renewables,0,,,,
2019,QAT,Other renewables,0,,,,
2020,QAT,Other renewables,0,,,,
2021,QAT,Other renewables,0,,,,
2022,QAT,Other renewables,0,,,,
2023,QAT,Other renewables,0,,,,
2024,QAT,Other renewables,0,,,,
2025,QAT,Other renewables,0,,,,
2000,QAT,Solar,0,,,,
2001,QAT,Solar,0,,,,
2002,QAT,Solar,0,,,,
2003,QAT,Solar,0,,,,
2004,QAT,Solar,0,,,,
2005,QAT,Solar,0,,,,
2006,QAT,Solar,0,,,,
2007,QAT,Solar,0,,,,
2008,QAT,Solar,0,,,,
2009,QAT,Solar,0,,,,
2010,QAT,Solar,0,,,,
2011,QAT,Solar,0,,,,
2012,QAT,Solar,0,,,,
2013,QAT,Solar,0,,,,
2014,QAT,Solar,0.01,,,,
2015,QAT,Solar,0.01,,,,
2016,QAT,Solar,0.01,,,,
2017,QAT,Solar,0.01,,,,
2018,QAT,Solar,0.01,,,,
2019,QAT,Solar,0.01,,,,
2020,QAT,Solar,0.01,,,,
2021,QAT,Solar,0.01,,,,
2022,QAT,Solar,0.59,,,,
2023,QAT,Solar,1.9,,,,
2024,QAT,Solar,2.2,,,,
2025,QAT,Solar,2.2,,,,
2000,QAT,Total,0,,,,
2001,QAT,Total,0,,,,
2002,QAT,Total,0,,,,
2003,QAT,Total,0,,,,
2004,QAT,Total,0,,,,
2005,QAT,Total,0,,,,
2006,QAT,Total,0,,,,
2007,QAT,Total,0,,,,
2008,QAT,Total,0,,,,
2009,QAT,Total,0,,,,
2010,QAT,Total,0,,,,
2011,QAT,Total,0,,,,
2012,QAT,Total,0.01,,,,
2013,QAT,Total,0.08,,,,
2014,QAT,Total,0.11,,,,
2015,QAT,Total,0.13,,,,
2016,QAT,Total,0.13,,,,
2017,QAT,Total,0.14,,,,
2018,QAT,Total,0.15,,,,
2019,QAT,Total,0.13,,,,
2020,QAT,Total,0.14,,,,
2021,QAT,Total,0.15,,,,
2022,QAT,Total,0.72,,,,
2023,QAT,Total,2,,,,
2024,QAT,Total,2.3,,,,
2025,QAT,Total,2.3,,,,
2000,QAT,Wind,0,,,,
2001,QAT,Wind,0,,,,
2002,QAT,Wind,0,,,,
2003,QAT,Wind,0,,,,
2004,QAT,Wind,0,,,,
2005,QAT,Wind,0,,,,
2006,QAT,Wind,0,,,,
2007,QAT,Wind,0,,,,
2008,QAT,Wind,0,,,,
2009,QAT,Wind,0,,,,
2010,QAT,Wind,0,,,,
2011,QAT,Wind,0,,,,
2012,QAT,Wind,0,,,,
2013,QAT,Wind,0,,,,
2014,QAT,Wind,0,,,,
2015,QAT,Wind,0,,,,
2016,QAT,Wind,0,,,,
2017,QAT,Wind,0,,,,
2018,QAT,Wind,0,,,,
2019,QAT,Wind,0,,,,
2020,QAT,Wind,0,,,,
2021,QAT,Wind,0,,,,
2022,QAT,Wind,0,,,,
2023,QAT,Wind,0,,,,
2024,QAT,Wind,0,,,,
2025,QAT,Wind,0,,,,
2000,REU,Hydro,0.56,,,,
2001,REU,Hydro,0.5,,,,
2002,REU,Hydro,0.59,,,,
2003,REU,Hydro,0.63,,,,
2004,REU,Hydro,0.58,,,,
2005,REU,Hydro,0.51,,,,
2006,REU,Hydro,0.58,,,,
2007,REU,Hydro,0.66,,,,
2008,REU,Hydro,0.63,,,,
2009,REU,Hydro,0.53,,,,
2010,REU,Hydro,0.54,,,,
2011,REU,Hydro,0.4,,,,
2012,REU,Hydro,0.49,,,,
2013,REU,Hydro,0.56,,,,
2014,REU,Hydro,0.43,,,,
2015,REU,Hydro,0.5,,,,
2016,REU,Hydro,0.46,,,,
2017,REU,Hydro,0.42,,,,
2018,REU,Hydro,0.6,,,,
2019,REU,Hydro,0.42,,,,
2020,REU,Hydro,0.42,,,,
2021,REU,Hydro,0.36,,,,
2022,REU,Hydro,0.63,,,,
2023,REU,Hydro,0.39,,,,
2004,REU,Solar,0,,,,
2005,REU,Solar,0,,,,
2006,REU,Solar,0,,,,
2007,REU,Solar,0,,,,
2008,REU,Solar,0,,,,
2009,REU,Solar,0.02,,,,
2010,REU,Solar,0.08,,,,
2011,REU,Solar,0.14,,,,
2012,REU,Solar,0.19,,,,
2013,REU,Solar,0.22,,,,
2014,REU,Solar,0.24,,,,
2015,REU,Solar,0.24,,,,
2016,REU,Solar,0.26,,,,
2017,REU,Solar,0.26,,,,
2018,REU,Solar,0.25,,,,
2019,REU,Solar,0.26,,,,
2020,REU,Solar,0.26,,,,
2021,REU,Solar,0.27,,,,
2022,REU,Solar,0.27,,,,
2023,REU,Solar,0.29,,,,
2000,REU,Total,0.82,,,,
2001,REU,Total,0.75,,,,
2002,REU,Total,0.83,,,,
2003,REU,Total,0.86,,,,
2004,REU,Total,0.87,,,,
2005,REU,Total,0.77,,,,
2006,REU,Total,0.85,,,,
2007,REU,Total,0.91,,,,
2008,REU,Total,0.91,,,,
2009,REU,Total,0.85,,,,
2010,REU,Total,0.92,,,,
2011,REU,Total,0.83,,,,
2012,REU,Total,0.98,,,,
2013,REU,Total,1.1,,,,
2014,REU,Total,0.95,,,,
2015,REU,Total,1.1,,,,
2016,REU,Total,1,,,,
2017,REU,Total,0.96,,,,
2018,REU,Total,1.1,,,,
2019,REU,Total,0.95,,,,
2020,REU,Total,0.93,,,,
2021,REU,Total,0.87,,,,
2022,REU,Total,1.2,,,,
2023,REU,Total,1.7,,,,
2004,REU,Wind,0,,,,
2005,REU,Wind,0,,,,
2006,REU,Wind,0,,,,
2007,REU,Wind,0.01,,,,
2008,REU,Wind,0.01,,,,
2009,REU,Wind,0.02,,,,
2010,REU,Wind,0.02,,,,
2011,REU,Wind,0.01,,,,
2012,REU,Wind,0.02,,,,
2013,REU,Wind,0.02,,,,
2014,REU,Wind,0.02,,,,
2015,REU,Wind,0.02,,,,
2016,REU,Wind,0.02,,,,
2017,REU,Wind,0.01,,,,
2018,REU,Wind,0.01,,,,
2019,REU,Wind,0.01,,,,
2020,REU,Wind,0.01,,,,
2021,REU,Wind,0,,,,
2022,REU,Wind,0,,,,
2023,REU,Wind,0.02,,,,
1990,ROU,Hydro,11,,,,
1991,ROU,Hydro,15,,,,
1992,ROU,Hydro,12,,,,
1993,ROU,Hydro,13,,,,
1994,ROU,Hydro,13,,,,
1995,ROU,Hydro,17,,,,
1996,ROU,Hydro,16,,,,
1997,ROU,Hydro,18,,,,
1998,ROU,Hydro,19,,,,
1999,ROU,Hydro,18,,,,
2000,ROU,Hydro,15,,,,
2001,ROU,Hydro,15,,,,
2002,ROU,Hydro,16,,,,
2003,ROU,Hydro,13,,,,
2004,ROU,Hydro,17,,,,
2005,ROU,Hydro,20,,,,
2006,ROU,Hydro,18,,,,
2007,ROU,Hydro,16,,,,
2008,ROU,Hydro,17,,,,
2009,ROU,Hydro,16,,,,
2010,ROU,Hydro,20,,,,
2011,ROU,Hydro,15,,,,
2012,ROU,Hydro,12,,,,
2013,ROU,Hydro,15,,,,
2014,ROU,Hydro,19,,,,
2015,ROU,Hydro,17,,,,
2016,ROU,Hydro,18,,,,
2017,ROU,Hydro,14,,,,
2018,ROU,Hydro,18,,,,
2019,ROU,Hydro,16,,,,
2020,ROU,Hydro,15,,,,
2021,ROU,Hydro,17,,,,
2022,ROU,Hydro,14,,,,
2023,ROU,Hydro,18,,,,
2024,ROU,Hydro,14,,,,
2025,ROU,Hydro,12,,,,
1990,ROU,Nuclear,0,,,,
1991,ROU,Nuclear,0,,,,
1992,ROU,Nuclear,0,,,,
1993,ROU,Nuclear,0,,,,
1994,ROU,Nuclear,0,,,,
1995,ROU,Nuclear,0,,,,
1996,ROU,Nuclear,1.4,,,,
1997,ROU,Nuclear,5.4,,,,
1998,ROU,Nuclear,5.3,,,,
1999,ROU,Nuclear,5.2,,,,
2000,ROU,Nuclear,5.5,,,,
2001,ROU,Nuclear,5.5,,,,
2002,ROU,Nuclear,5.5,,,,
2003,ROU,Nuclear,4.9,,,,
2004,ROU,Nuclear,5.6,,,,
2005,ROU,Nuclear,5.6,,,,
2006,ROU,Nuclear,5.6,,,,
2007,ROU,Nuclear,7.7,,,,
2008,ROU,Nuclear,11,,,,
2009,ROU,Nuclear,12,,,,
2010,ROU,Nuclear,12,,,,
2011,ROU,Nuclear,12,,,,
2012,ROU,Nuclear,11,,,,
2013,ROU,Nuclear,12,,,,
2014,ROU,Nuclear,12,,,,
2015,ROU,Nuclear,12,,,,
2016,ROU,Nuclear,11,,,,
2017,ROU,Nuclear,12,,,,
2018,ROU,Nuclear,11,,,,
2019,ROU,Nuclear,11,,,,
2020,ROU,Nuclear,11,,,,
2021,ROU,Nuclear,11,,,,
2022,ROU,Nuclear,11,,,,
2023,ROU,Nuclear,11,,,,
2024,ROU,Nuclear,11,,,,
2025,ROU,Nuclear,10,,,,
1990,ROU,Other renewables,0,,,,
1991,ROU,Other renewables,0,,,,
1992,ROU,Other renewables,0,,,,
1993,ROU,Other renewables,0,,,,
1994,ROU,Other renewables,0,,,,
1995,ROU,Other renewables,0,,,,
1996,ROU,Other renewables,0,,,,
1997,ROU,Other renewables,0,,,,
1998,ROU,Other renewables,0,,,,
1999,ROU,Other renewables,0,,,,
2000,ROU,Other renewables,0,,,,
2001,ROU,Other renewables,0,,,,
2002,ROU,Other renewables,0,,,,
2003,ROU,Other renewables,0,,,,
2004,ROU,Other renewables,0,,,,
2005,ROU,Other renewables,0,,,,
2006,ROU,Other renewables,0,,,,
2007,ROU,Other renewables,0,,,,
2008,ROU,Other renewables,0,,,,
2009,ROU,Other renewables,0,,,,
2010,ROU,Other renewables,0,,,,
2011,ROU,Other renewables,0,,,,
2012,ROU,Other renewables,0,,,,
2013,ROU,Other renewables,0,,,,
2014,ROU,Other renewables,0,,,,
2015,ROU,Other renewables,0,,,,
2016,ROU,Other renewables,0,,,,
2017,ROU,Other renewables,0,,,,
2018,ROU,Other renewables,0,,,,
2019,ROU,Other renewables,0,,,,
2020,ROU,Other renewables,0,,,,
2021,ROU,Other renewables,0,,,,
2022,ROU,Other renewables,0,,,,
2023,ROU,Other renewables,0,,,,
2024,ROU,Other renewables,0,,,,
2025,ROU,Other renewables,0,,,,
1990,ROU,Solar,0,,,,
1991,ROU,Solar,0,,,,
1992,ROU,Solar,0,,,,
1993,ROU,Solar,0,,,,
1994,ROU,Solar,0,,,,
1995,ROU,Solar,0,,,,
1996,ROU,Solar,0,,,,
1997,ROU,Solar,0,,,,
1998,ROU,Solar,0,,,,
1999,ROU,Solar,0,,,,
2000,ROU,Solar,0,,,,
2001,ROU,Solar,0,,,,
2002,ROU,Solar,0,,,,
2003,ROU,Solar,0,,,,
2004,ROU,Solar,0,,,,
2005,ROU,Solar,0,,,,
2006,ROU,Solar,0,,,,
2007,ROU,Solar,0,,,,
2008,ROU,Solar,0,,,,
2009,ROU,Solar,0,,,,
2010,ROU,Solar,0,,,,
2011,ROU,Solar,0,,,,
2012,ROU,Solar,0.01,,,,
2013,ROU,Solar,0.42,,,,
2014,ROU,Solar,1.6,,,,
2015,ROU,Solar,2,,,,
2016,ROU,Solar,1.8,,,,
2017,ROU,Solar,1.9,,,,
2018,ROU,Solar,1.8,,,,
2019,ROU,Solar,1.8,,,,
2020,ROU,Solar,1.7,,,,
2021,ROU,Solar,1.7,,,,
2022,ROU,Solar,2,,,,
2023,ROU,Solar,2.2,,,,
2024,ROU,Solar,3.4,,,,
2025,ROU,Solar,4.9,,,,
1990,ROU,Total,11,,,,
1991,ROU,Total,15,,,,
1992,ROU,Total,12,,,,
1993,ROU,Total,13,,,,
1994,ROU,Total,13,,,,
1995,ROU,Total,17,,,,
1996,ROU,Total,17,,,,
1997,ROU,Total,23,,,,
1998,ROU,Total,24,,,,
1999,ROU,Total,23,,,,
2000,ROU,Total,20,,,,
2001,ROU,Total,20,,,,
2002,ROU,Total,22,,,,
2003,ROU,Total,18,,,,
2004,ROU,Total,22,,,,
2005,ROU,Total,26,,,,
2006,ROU,Total,24,,,,
2007,ROU,Total,24,,,,
2008,ROU,Total,28,,,,
2009,ROU,Total,27,,,,
2010,ROU,Total,32,,,,
2011,ROU,Total,28,,,,
2012,ROU,Total,26,,,,
2013,ROU,Total,32,,,,
2014,ROU,Total,39,,,,
2015,ROU,Total,38,,,,
2016,ROU,Total,38,,,,
2017,ROU,Total,36,,,,
2018,ROU,Total,38,,,,
2019,ROU,Total,36,,,,
2020,ROU,Total,36,,,,
2021,ROU,Total,38,,,,
2022,ROU,Total,35,,,,
2023,ROU,Total,40,,,,
2024,ROU,Total,35,,,,
2025,ROU,Total,34,,,,
1990,ROU,Wind,0,,,,
1991,ROU,Wind,0,,,,
1992,ROU,Wind,0,,,,
1993,ROU,Wind,0,,,,
1994,ROU,Wind,0,,,,
1995,ROU,Wind,0,,,,
1996,ROU,Wind,0,,,,
1997,ROU,Wind,0,,,,
1998,ROU,Wind,0,,,,
1999,ROU,Wind,0,,,,
2005,ROU,Wind,0,,,,
2006,ROU,Wind,0,,,,
2007,ROU,Wind,0,,,,
2008,ROU,Wind,0,,,,
2009,ROU,Wind,0.01,,,,
2010,ROU,Wind,0.31,,,,
2011,ROU,Wind,1.4,,,,
2012,ROU,Wind,2.6,,,,
2013,ROU,Wind,4.5,,,,
2014,ROU,Wind,6.2,,,,
2015,ROU,Wind,7.1,,,,
2016,ROU,Wind,6.6,,,,
2017,ROU,Wind,7.4,,,,
2018,ROU,Wind,6.3,,,,
2019,ROU,Wind,6.8,,,,
2020,ROU,Wind,7,,,,
2021,ROU,Wind,6.6,,,,
2022,ROU,Wind,7,,,,
2023,ROU,Wind,7.6,,,,
2024,ROU,Wind,6.4,,,,
2025,ROU,Wind,6,,,,
1985,RUS,Hydro,160,,,,
1986,RUS,Hydro,160,,,,
1987,RUS,Hydro,160,,,,
1988,RUS,Hydro,160,,,,
1989,RUS,Hydro,160,,,,
1990,RUS,Hydro,170,,,,
1991,RUS,Hydro,170,,,,
1992,RUS,Hydro,170,,,,
1993,RUS,Hydro,170,,,,
1994,RUS,Hydro,180,,,,
1995,RUS,Hydro,180,,,,
1996,RUS,Hydro,150,,,,
1997,RUS,Hydro,160,,,,
1998,RUS,Hydro,160,,,,
1999,RUS,Hydro,160,,,,
2000,RUS,Hydro,160,,,,
2001,RUS,Hydro,170,,,,
2002,RUS,Hydro,160,,,,
2003,RUS,Hydro,160,,,,
2004,RUS,Hydro,180,,,,
2005,RUS,Hydro,170,,,,
2006,RUS,Hydro,170,,,,
2007,RUS,Hydro,180,,,,
2008,RUS,Hydro,160,,,,
2009,RUS,Hydro,170,,,,
2010,RUS,Hydro,170,,,,
2011,RUS,Hydro,160,,,,
2012,RUS,Hydro,160,,,,
2013,RUS,Hydro,180,,,,
2014,RUS,Hydro,170,,,,
2015,RUS,Hydro,170,,,,
2016,RUS,Hydro,180,,,,
2017,RUS,Hydro,190,,,,
2018,RUS,Hydro,190,,,,
2019,RUS,Hydro,190,,,,
2020,RUS,Hydro,210,,,,
2021,RUS,Hydro,210,,,,
2022,RUS,Hydro,200,,,,
2023,RUS,Hydro,200,,,,
2024,RUS,Hydro,210,,,,
2025,RUS,Hydro,200,,,,
1985,RUS,Nuclear,99,,,,
1986,RUS,Nuclear,110,,,,
1987,RUS,Nuclear,120,,,,
1988,RUS,Nuclear,130,,,,
1989,RUS,Nuclear,140,,,,
1990,RUS,Nuclear,120,,,,
1991,RUS,Nuclear,120,,,,
1992,RUS,Nuclear,120,,,,
1993,RUS,Nuclear,120,,,,
1994,RUS,Nuclear,98,,,,
1995,RUS,Nuclear,100,,,,
1996,RUS,Nuclear,110,,,,
1997,RUS,Nuclear,110,,,,
1998,RUS,Nuclear,100,,,,
1999,RUS,Nuclear,120,,,,
2000,RUS,Nuclear,130,,,,
2001,RUS,Nuclear,140,,,,
2002,RUS,Nuclear,140,,,,
2003,RUS,Nuclear,150,,,,
2004,RUS,Nuclear,140,,,,
2005,RUS,Nuclear,150,,,,
2006,RUS,Nuclear,160,,,,
2007,RUS,Nuclear,160,,,,
2008,RUS,Nuclear,160,,,,
2009,RUS,Nuclear,160,,,,
2010,RUS,Nuclear,170,,,,
2011,RUS,Nuclear,170,,,,
2012,RUS,Nuclear,180,,,,
2013,RUS,Nuclear,170,,,,
2014,RUS,Nuclear,180,,,,
2015,RUS,Nuclear,200,,,,
2016,RUS,Nuclear,200,,,,
2017,RUS,Nuclear,200,,,,
2018,RUS,Nuclear,200,,,,
2019,RUS,Nuclear,210,,,,
2020,RUS,Nuclear,220,,,,
2021,RUS,Nuclear,220,,,,
2022,RUS,Nuclear,220,,,,
2023,RUS,Nuclear,220,,,,
2024,RUS,Nuclear,220,,,,
2025,RUS,Nuclear,220,,,,
1990,RUS,Solar,0,,,,
1991,RUS,Solar,0,,,,
1992,RUS,Solar,0,,,,
1993,RUS,Solar,0,,,,
1994,RUS,Solar,0,,,,
1995,RUS,Solar,0,,,,
1996,RUS,Solar,0,,,,
1997,RUS,Solar,0,,,,
1998,RUS,Solar,0,,,,
1999,RUS,Solar,0,,,,
2000,RUS,Solar,0,,,,
2001,RUS,Solar,0,,,,
2002,RUS,Solar,0,,,,
2003,RUS,Solar,0,,,,
2004,RUS,Solar,0,,,,
2005,RUS,Solar,0,,,,
2006,RUS,Solar,0,,,,
2007,RUS,Solar,0,,,,
2008,RUS,Solar,0,,,,
2009,RUS,Solar,0,,,,
2010,RUS,Solar,0,,,,
2011,RUS,Solar,0,,,,
2012,RUS,Solar,0,,,,
2013,RUS,Solar,0.01,,,,
2014,RUS,Solar,0.16,,,,
2015,RUS,Solar,0.34,,,,
2016,RUS,Solar,0.47,,,,
2017,RUS,Solar,0.54,,,,
2018,RUS,Solar,0.62,,,,
2019,RUS,Solar,0.99,,,,
2020,RUS,Solar,1.9,,,,
2021,RUS,Solar,2.3,,,,
2022,RUS,Solar,2.4,,,,
2023,RUS,Solar,2.6,,,,
2024,RUS,Solar,2.9,,,,
2025,RUS,Solar,2.8,,,,
1985,RUS,Total,260,,,,
1986,RUS,Total,270,,,,
1987,RUS,Total,290,,,,
1988,RUS,Total,300,,,,
1989,RUS,Total,300,,,,
1990,RUS,Total,290,,,,
1991,RUS,Total,290,,,,
1992,RUS,Total,290,,,,
1993,RUS,Total,290,,,,
1994,RUS,Total,270,,,,
1995,RUS,Total,280,,,,
1996,RUS,Total,260,,,,
1997,RUS,Total,270,,,,
1998,RUS,Total,260,,,,
1999,RUS,Total,280,,,,
2000,RUS,Total,290,,,,
2001,RUS,Total,310,,,,
2002,RUS,Total,300,,,,
2003,RUS,Total,310,,,,
2004,RUS,Total,320,,,,
2005,RUS,Total,320,,,,
2006,RUS,Total,330,,,,
2007,RUS,Total,340,,,,
2008,RUS,Total,330,,,,
2009,RUS,Total,340,,,,
2010,RUS,Total,340,,,,
2011,RUS,Total,340,,,,
2012,RUS,Total,340,,,,
2013,RUS,Total,350,,,,
2014,RUS,Total,350,,,,
2015,RUS,Total,360,,,,
2016,RUS,Total,380,,,,
2017,RUS,Total,390,,,,
2018,RUS,Total,400,,,,
2019,RUS,Total,410,,,,
2020,RUS,Total,430,,,,
2021,RUS,Total,440,,,,
2022,RUS,Total,430,,,,
2023,RUS,Total,430,,,,
2024,RUS,Total,430,,,,
2025,RUS,Total,430,,,,
1990,RUS,Wind,0,,,,
1991,RUS,Wind,0,,,,
1992,RUS,Wind,0,,,,
1993,RUS,Wind,0,,,,
1994,RUS,Wind,0,,,,
1995,RUS,Wind,0,,,,
1996,RUS,Wind,0,,,,
1997,RUS,Wind,0,,,,
1998,RUS,Wind,0,,,,
1999,RUS,Wind,0,,,,
2000,RUS,Wind,0,,,,
2001,RUS,Wind,0,,,,
2002,RUS,Wind,0.01,,,,
2003,RUS,Wind,0.01,,,,
2004,RUS,Wind,0.01,,,,
2005,RUS,Wind,0.01,,,,
2006,RUS,Wind,0.01,,,,
2007,RUS,Wind,0.01,,,,
2008,RUS,Wind,0.01,,,,
2009,RUS,Wind,0,,,,
2010,RUS,Wind,0,,,,
2011,RUS,Wind,0.01,,,,
2012,RUS,Wind,0.01,,,,
2013,RUS,Wind,0,,,,
2014,RUS,Wind,0.1,,,,
2015,RUS,Wind,0.15,,,,
2016,RUS,Wind,0.15,,,,
2017,RUS,Wind,0.14,,,,
2018,RUS,Wind,0.24,,,,
2019,RUS,Wind,0.31,,,,
2020,RUS,Wind,1.1,,,,
2021,RUS,Wind,2.6,,,,
2022,RUS,Wind,4.2,,,,
2023,RUS,Wind,4.8,,,,
2024,RUS,Wind,4.6,,,,
2025,RUS,Wind,3.6,,,,
2000,RWA,Hydro,0.1,,,,
2001,RWA,Hydro,0.09,,,,
2002,RWA,Hydro,0.1,,,,
2003,RWA,Hydro,0.12,,,,
2004,RWA,Hydro,0.08,,,,
2005,RWA,Hydro,0.1,,,,
2006,RWA,Hydro,0.13,,,,
2007,RWA,Hydro,0.12,,,,
2008,RWA,Hydro,0.16,,,,
2009,RWA,Hydro,0.16,,,,
2010,RWA,Hydro,0.11,,,,
2011,RWA,Hydro,0.15,,,,
2012,RWA,Hydro,0.18,,,,
2013,RWA,Hydro,0.15,,,,
2014,RWA,Hydro,0.2,,,,
2015,RWA,Hydro,0.28,,,,
2016,RWA,Hydro,0.3,,,,
2017,RWA,Hydro,0.28,,,,
2018,RWA,Hydro,0.31,,,,
2019,RWA,Hydro,0.4,,,,
2020,RWA,Hydro,0.53,,,,
2021,RWA,Hydro,0.55,,,,
2022,RWA,Hydro,0.56,,,,
2023,RWA,Hydro,0.5,,,,
2024,RWA,Hydro,0.52,,,,
2000,RWA,Nuclear,0,,,,
2001,RWA,Nuclear,0,,,,
2002,RWA,Nuclear,0,,,,
2003,RWA,Nuclear,0,,,,
2004,RWA,Nuclear,0,,,,
2005,RWA,Nuclear,0,,,,
2006,RWA,Nuclear,0,,,,
2007,RWA,Nuclear,0,,,,
2008,RWA,Nuclear,0,,,,
2009,RWA,Nuclear,0,,,,
2010,RWA,Nuclear,0,,,,
2011,RWA,Nuclear,0,,,,
2012,RWA,Nuclear,0,,,,
2013,RWA,Nuclear,0,,,,
2014,RWA,Nuclear,0,,,,
2015,RWA,Nuclear,0,,,,
2016,RWA,Nuclear,0,,,,
2017,RWA,Nuclear,0,,,,
2018,RWA,Nuclear,0,,,,
2019,RWA,Nuclear,0,,,,
2020,RWA,Nuclear,0,,,,
2021,RWA,Nuclear,0,,,,
2022,RWA,Nuclear,0,,,,
2023,RWA,Nuclear,0,,,,
2024,RWA,Nuclear,0,,,,
2000,RWA,Other renewables,0,,,,
2001,RWA,Other renewables,0,,,,
2002,RWA,Other renewables,0,,,,
2003,RWA,Other renewables,0,,,,
2004,RWA,Other renewables,0,,,,
2005,RWA,Other renewables,0,,,,
2006,RWA,Other renewables,0,,,,
2007,RWA,Other renewables,0,,,,
2008,RWA,Other renewables,0,,,,
2009,RWA,Other renewables,0,,,,
2010,RWA,Other renewables,0,,,,
2011,RWA,Other renewables,0,,,,
2012,RWA,Other renewables,0,,,,
2013,RWA,Other renewables,0,,,,
2014,RWA,Other renewables,0,,,,
2015,RWA,Other renewables,0,,,,
2016,RWA,Other renewables,0,,,,
2017,RWA,Other renewables,0,,,,
2018,RWA,Other renewables,0,,,,
2019,RWA,Other renewables,0,,,,
2020,RWA,Other renewables,0,,,,
2021,RWA,Other renewables,0,,,,
2022,RWA,Other renewables,0,,,,
2023,RWA,Other renewables,0,,,,
2024,RWA,Other renewables,0,,,,
2000,RWA,Solar,0,,,,
2001,RWA,Solar,0,,,,
2002,RWA,Solar,0,,,,
2003,RWA,Solar,0,,,,
2004,RWA,Solar,0,,,,
2005,RWA,Solar,0,,,,
2006,RWA,Solar,0,,,,
2007,RWA,Solar,0,,,,
2008,RWA,Solar,0,,,,
2009,RWA,Solar,0,,,,
2010,RWA,Solar,0,,,,
2011,RWA,Solar,0,,,,
2012,RWA,Solar,0,,,,
2013,RWA,Solar,0,,,,
2014,RWA,Solar,0,,,,
2015,RWA,Solar,0.01,,,,
2016,RWA,Solar,0.02,,,,
2017,RWA,Solar,0.02,,,,
2018,RWA,Solar,0.03,,,,
2019,RWA,Solar,0.03,,,,
2020,RWA,Solar,0.03,,,,
2021,RWA,Solar,0.04,,,,
2022,RWA,Solar,0.04,,,,
2023,RWA,Solar,0.04,,,,
2024,RWA,Solar,0.04,,,,
2000,RWA,Total,0.1,,,,
2001,RWA,Total,0.09,,,,
2002,RWA,Total,0.1,,,,
2003,RWA,Total,0.12,,,,
2004,RWA,Total,0.08,,,,
2005,RWA,Total,0.1,,,,
2006,RWA,Total,0.13,,,,
2007,RWA,Total,0.12,,,,
2008,RWA,Total,0.16,,,,
2009,RWA,Total,0.16,,,,
2010,RWA,Total,0.11,,,,
2011,RWA,Total,0.15,,,,
2012,RWA,Total,0.18,,,,
2013,RWA,Total,0.15,,,,
2014,RWA,Total,0.2,,,,
2015,RWA,Total,0.29,,,,
2016,RWA,Total,0.32,,,,
2017,RWA,Total,0.3,,,,
2018,RWA,Total,0.34,,,,
2019,RWA,Total,0.43,,,,
2020,RWA,Total,0.56,,,,
2021,RWA,Total,0.59,,,,
2022,RWA,Total,0.6,,,,
2023,RWA,Total,0.54,,,,
2024,RWA,Total,0.56,,,,
2000,RWA,Wind,0,,,,
2001,RWA,Wind,0,,,,
2002,RWA,Wind,0,,,,
2003,RWA,Wind,0,,,,
2004,RWA,Wind,0,,,,
2005,RWA,Wind,0,,,,
2006,RWA,Wind,0,,,,
2007,RWA,Wind,0,,,,
2008,RWA,Wind,0,,,,
2009,RWA,Wind,0,,,,
2010,RWA,Wind,0,,,,
2011,RWA,Wind,0,,,,
2012,RWA,Wind,0,,,,
2013,RWA,Wind,0,,,,
2014,RWA,Wind,0,,,,
2015,RWA,Wind,0,,,,
2016,RWA,Wind,0,,,,
2017,RWA,Wind,0,,,,
2018,RWA,Wind,0,,,,
2019,RWA,Wind,0,,,,
2020,RWA,Wind,0,,,,
2021,RWA,Wind,0,,,,
2022,RWA,Wind,0,,,,
2023,RWA,Wind,0,,,,
2024,RWA,Wind,0,,,,
1985,SAU,Hydro,0,,,,
1986,SAU,Hydro,0,,,,
1987,SAU,Hydro,0,,,,
1988,SAU,Hydro,0,,,,
1989,SAU,Hydro,0,,,,
1990,SAU,Hydro,0,,,,
1991,SAU,Hydro,0,,,,
1992,SAU,Hydro,0,,,,
1993,SAU,Hydro,0,,,,
1994,SAU,Hydro,0,,,,
1995,SAU,Hydro,0,,,,
1996,SAU,Hydro,0,,,,
1997,SAU,Hydro,0,,,,
1998,SAU,Hydro,0,,,,
1999,SAU,Hydro,0,,,,
1985,SAU,Nuclear,0,,,,
1986,SAU,Nuclear,0,,,,
1987,SAU,Nuclear,0,,,,
1988,SAU,Nuclear,0,,,,
1989,SAU,Nuclear,0,,,,
1990,SAU,Nuclear,0,,,,
1991,SAU,Nuclear,0,,,,
1992,SAU,Nuclear,0,,,,
1993,SAU,Nuclear,0,,,,
1994,SAU,Nuclear,0,,,,
1995,SAU,Nuclear,0,,,,
1996,SAU,Nuclear,0,,,,
1997,SAU,Nuclear,0,,,,
1998,SAU,Nuclear,0,,,,
1999,SAU,Nuclear,0,,,,
1985,SAU,Solar,0,,,,
1986,SAU,Solar,0,,,,
1987,SAU,Solar,0,,,,
1988,SAU,Solar,0,,,,
1989,SAU,Solar,0,,,,
1990,SAU,Solar,0,,,,
1991,SAU,Solar,0,,,,
1992,SAU,Solar,0,,,,
1993,SAU,Solar,0,,,,
1994,SAU,Solar,0,,,,
1995,SAU,Solar,0,,,,
1996,SAU,Solar,0,,,,
1997,SAU,Solar,0,,,,
1998,SAU,Solar,0,,,,
1999,SAU,Solar,0,,,,
2000,SAU,Solar,0,,,,
2001,SAU,Solar,0,,,,
2002,SAU,Solar,0,,,,
2003,SAU,Solar,0,,,,
2004,SAU,Solar,0,,,,
2005,SAU,Solar,0,,,,
2006,SAU,Solar,0,,,,
2007,SAU,Solar,0,,,,
2008,SAU,Solar,0,,,,
2009,SAU,Solar,0,,,,
2010,SAU,Solar,0,,,,
2011,SAU,Solar,0.01,,,,
2012,SAU,Solar,0.03,,,,
2013,SAU,Solar,0.04,,,,
2014,SAU,Solar,0.05,,,,
2015,SAU,Solar,0.05,,,,
2016,SAU,Solar,0.05,,,,
2017,SAU,Solar,0.07,,,,
2018,SAU,Solar,0.16,,,,
2019,SAU,Solar,0.21,,,,
2020,SAU,Solar,0.91,,,,
2021,SAU,Solar,0.99,,,,
2022,SAU,Solar,1.2,,,,
2023,SAU,Solar,3.1,,,,
2024,SAU,Solar,8.2,,,,
1985,SAU,Total,0,,,,
1986,SAU,Total,0,,,,
1987,SAU,Total,0,,,,
1988,SAU,Total,0,,,,
1989,SAU,Total,0,,,,
1990,SAU,Total,0,,,,
1991,SAU,Total,0,,,,
1992,SAU,Total,0,,,,
1993,SAU,Total,0,,,,
1994,SAU,Total,0,,,,
1995,SAU,Total,0,,,,
1996,SAU,Total,0,,,,
1997,SAU,Total,0,,,,
1998,SAU,Total,0,,,,
1999,SAU,Total,0,,,,
2000,SAU,Total,0,,,,
2001,SAU,Total,0,,,,
2002,SAU,Total,0,,,,
2003,SAU,Total,0,,,,
2004,SAU,Total,0,,,,
2005,SAU,Total,0,,,,
2006,SAU,Total,0,,,,
2007,SAU,Total,0,,,,
2008,SAU,Total,0,,,,
2009,SAU,Total,0,,,,
2010,SAU,Total,0,,,,
2011,SAU,Total,0.01,,,,
2012,SAU,Total,0.03,,,,
2013,SAU,Total,0.04,,,,
2014,SAU,Total,0.05,,,,
2015,SAU,Total,0.05,,,,
2016,SAU,Total,0.05,,,,
2017,SAU,Total,0.07,,,,
2018,SAU,Total,0.16,,,,
2019,SAU,Total,0.22,,,,
2020,SAU,Total,0.92,,,,
2021,SAU,Total,1,,,,
2022,SAU,Total,2,,,,
2023,SAU,Total,4.7,,,,
2024,SAU,Total,9.8,,,,
1985,SAU,Wind,0,,,,
1986,SAU,Wind,0,,,,
1987,SAU,Wind,0,,,,
1988,SAU,Wind,0,,,,
1989,SAU,Wind,0,,,,
1990,SAU,Wind,0,,,,
1991,SAU,Wind,0,,,,
1992,SAU,Wind,0,,,,
1993,SAU,Wind,0,,,,
1994,SAU,Wind,0,,,,
1995,SAU,Wind,0,,,,
1996,SAU,Wind,0,,,,
1997,SAU,Wind,0,,,,
1998,SAU,Wind,0,,,,
1999,SAU,Wind,0,,,,
2000,SAU,Wind,0,,,,
2001,SAU,Wind,0,,,,
2002,SAU,Wind,0,,,,
2003,SAU,Wind,0,,,,
2004,SAU,Wind,0,,,,
2005,SAU,Wind,0,,,,
2006,SAU,Wind,0,,,,
2007,SAU,Wind,0,,,,
2008,SAU,Wind,0,,,,
2009,SAU,Wind,0,,,,
2010,SAU,Wind,0,,,,
2011,SAU,Wind,0,,,,
2012,SAU,Wind,0,,,,
2013,SAU,Wind,0,,,,
2014,SAU,Wind,0,,,,
2015,SAU,Wind,0,,,,
2016,SAU,Wind,0,,,,
2017,SAU,Wind,0,,,,
2018,SAU,Wind,0,,,,
2019,SAU,Wind,0.01,,,,
2020,SAU,Wind,0.01,,,,
2021,SAU,Wind,0.01,,,,
2022,SAU,Wind,0.79,,,,
2023,SAU,Wind,1.6,,,,
2024,SAU,Wind,1.6,,,,
2000,SDN,Hydro,1.2,,,,
2001,SDN,Hydro,1.3,,,,
2002,SDN,Hydro,1.3,,,,
2003,SDN,Hydro,1.2,,,,
2004,SDN,Hydro,1.1,,,,
2005,SDN,Hydro,1.3,,,,
2006,SDN,Hydro,1.4,,,,
2007,SDN,Hydro,1.4,,,,
2008,SDN,Hydro,1.5,,,,
2009,SDN,Hydro,3.2,,,,
2010,SDN,Hydro,6.1,,,,
2011,SDN,Hydro,6.4,,,,
2012,SDN,Hydro,6.6,,,,
2013,SDN,Hydro,8.2,,,,
2014,SDN,Hydro,8.8,,,,
2015,SDN,Hydro,8.3,,,,
2016,SDN,Hydro,8.1,,,,
2017,SDN,Hydro,9.4,,,,
2018,SDN,Hydro,9.7,,,,
2019,SDN,Hydro,10,,,,
2020,SDN,Hydro,11,,,,
2021,SDN,Hydro,11,,,,
2022,SDN,Hydro,12,,,,
2023,SDN,Hydro,12,,,,
2024,SDN,Hydro,12,,,,
2000,SDN,Nuclear,0,,,,
2001,SDN,Nuclear,0,,,,
2002,SDN,Nuclear,0,,,,
2003,SDN,Nuclear,0,,,,
2004,SDN,Nuclear,0,,,,
2005,SDN,Nuclear,0,,,,
2006,SDN,Nuclear,0,,,,
2007,SDN,Nuclear,0,,,,
2008,SDN,Nuclear,0,,,,
2009,SDN,Nuclear,0,,,,
2010,SDN,Nuclear,0,,,,
2011,SDN,Nuclear,0,,,,
2012,SDN,Nuclear,0,,,,
2013,SDN,Nuclear,0,,,,
2014,SDN,Nuclear,0,,,,
2015,SDN,Nuclear,0,,,,
2016,SDN,Nuclear,0,,,,
2017,SDN,Nuclear,0,,,,
2018,SDN,Nuclear,0,,,,
2019,SDN,Nuclear,0,,,,
2020,SDN,Nuclear,0,,,,
2021,SDN,Nuclear,0,,,,
2022,SDN,Nuclear,0,,,,
2023,SDN,Nuclear,0,,,,
2024,SDN,Nuclear,0,,,,
2000,SDN,Other renewables,0,,,,
2001,SDN,Other renewables,0,,,,
2002,SDN,Other renewables,0,,,,
2003,SDN,Other renewables,0,,,,
2004,SDN,Other renewables,0,,,,
2005,SDN,Other renewables,0,,,,
2006,SDN,Other renewables,0,,,,
2007,SDN,Other renewables,0,,,,
2008,SDN,Other renewables,0,,,,
2009,SDN,Other renewables,0,,,,
2010,SDN,Other renewables,0,,,,
2011,SDN,Other renewables,0,,,,
2012,SDN,Other renewables,0,,,,
2013,SDN,Other renewables,0,,,,
2014,SDN,Other renewables,0,,,,
2015,SDN,Other renewables,0,,,,
2016,SDN,Other renewables,0,,,,
2017,SDN,Other renewables,0,,,,
2018,SDN,Other renewables,0,,,,
2019,SDN,Other renewables,0,,,,
2020,SDN,Other renewables,0,,,,
2021,SDN,Other renewables,0,,,,
2022,SDN,Other renewables,0,,,,
2023,SDN,Other renewables,0,,,,
2024,SDN,Other renewables,0,,,,
2000,SDN,Solar,0,,,,
2001,SDN,Solar,0,,,,
2002,SDN,Solar,0,,,,
2003,SDN,Solar,0,,,,
2004,SDN,Solar,0,,,,
2005,SDN,Solar,0,,,,
2006,SDN,Solar,0,,,,
2007,SDN,Solar,0,,,,
2008,SDN,Solar,0,,,,
2009,SDN,Solar,0,,,,
2010,SDN,Solar,0,,,,
2011,SDN,Solar,0,,,,
2012,SDN,Solar,0.01,,,,
2013,SDN,Solar,0.01,,,,
2014,SDN,Solar,0.01,,,,
2015,SDN,Solar,0.01,,,,
2016,SDN,Solar,0.02,,,,
2017,SDN,Solar,0.02,,,,
2018,SDN,Solar,0.02,,,,
2019,SDN,Solar,0.02,,,,
2020,SDN,Solar,0.03,,,,
2021,SDN,Solar,0.03,,,,
2022,SDN,Solar,0.13,,,,
2023,SDN,Solar,0.14,,,,
2024,SDN,Solar,0.16,,,,
2000,SDN,Total,1.3,,,,
2001,SDN,Total,1.4,,,,
2002,SDN,Total,1.4,,,,
2003,SDN,Total,1.3,,,,
2004,SDN,Total,1.2,,,,
2005,SDN,Total,1.4,,,,
2006,SDN,Total,1.5,,,,
2007,SDN,Total,1.6,,,,
2008,SDN,Total,1.6,,,,
2009,SDN,Total,3.4,,,,
2010,SDN,Total,6.3,,,,
2011,SDN,Total,6.5,,,,
2012,SDN,Total,6.7,,,,
2013,SDN,Total,8.4,,,,
2014,SDN,Total,9,,,,
2015,SDN,Total,8.5,,,,
2016,SDN,Total,8.2,,,,
2017,SDN,Total,9.5,,,,
2018,SDN,Total,9.8,,,,
2019,SDN,Total,10,,,,
2020,SDN,Total,11,,,,
2021,SDN,Total,11,,,,
2022,SDN,Total,12,,,,
2023,SDN,Total,12,,,,
2024,SDN,Total,12,,,,
2000,SDN,Wind,0,,,,
2001,SDN,Wind,0,,,,
2002,SDN,Wind,0,,,,
2003,SDN,Wind,0,,,,
2004,SDN,Wind,0,,,,
2005,SDN,Wind,0,,,,
2006,SDN,Wind,0,,,,
2007,SDN,Wind,0,,,,
2008,SDN,Wind,0,,,,
2009,SDN,Wind,0,,,,
2010,SDN,Wind,0,,,,
2011,SDN,Wind,0,,,,
2012,SDN,Wind,0,,,,
2013,SDN,Wind,0,,,,
2014,SDN,Wind,0,,,,
2015,SDN,Wind,0,,,,
2016,SDN,Wind,0,,,,
2017,SDN,Wind,0,,,,
2018,SDN,Wind,0,,,,
2019,SDN,Wind,0,,,,
2020,SDN,Wind,0,,,,
2021,SDN,Wind,0,,,,
2022,SDN,Wind,0,,,,
2023,SDN,Wind,0,,,,
2024,SDN,Wind,0,,,,
2000,SEN,Hydro,0,,,,
2001,SEN,Hydro,0,,,,
2002,SEN,Hydro,0.19,,,,
2003,SEN,Hydro,0.33,,,,
2004,SEN,Hydro,0.29,,,,
2005,SEN,Hydro,0.26,,,,
2006,SEN,Hydro,0.23,,,,
2007,SEN,Hydro,0.18,,,,
2008,SEN,Hydro,0.23,,,,
2009,SEN,Hydro,0.24,,,,
2010,SEN,Hydro,0.25,,,,
2011,SEN,Hydro,0.25,,,,
2012,SEN,Hydro,0.29,,,,
2013,SEN,Hydro,0.31,,,,
2014,SEN,Hydro,0.31,,,,
2015,SEN,Hydro,0.33,,,,
2016,SEN,Hydro,0.36,,,,
2017,SEN,Hydro,0.36,,,,
2018,SEN,Hydro,0.36,,,,
2019,SEN,Hydro,0.31,,,,
2020,SEN,Hydro,0.31,,,,
2021,SEN,Hydro,0.31,,,,
2022,SEN,Hydro,0.31,,,,
2023,SEN,Hydro,0.31,,,,
2024,SEN,Hydro,0.31,,,,
2000,SEN,Nuclear,0,,,,
2001,SEN,Nuclear,0,,,,
2002,SEN,Nuclear,0,,,,
2003,SEN,Nuclear,0,,,,
2004,SEN,Nuclear,0,,,,
2005,SEN,Nuclear,0,,,,
2006,SEN,Nuclear,0,,,,
2007,SEN,Nuclear,0,,,,
2008,SEN,Nuclear,0,,,,
2009,SEN,Nuclear,0,,,,
2010,SEN,Nuclear,0,,,,
2011,SEN,Nuclear,0,,,,
2012,SEN,Nuclear,0,,,,
2013,SEN,Nuclear,0,,,,
2014,SEN,Nuclear,0,,,,
2015,SEN,Nuclear,0,,,,
2016,SEN,Nuclear,0,,,,
2017,SEN,Nuclear,0,,,,
2018,SEN,Nuclear,0,,,,
2019,SEN,Nuclear,0,,,,
2020,SEN,Nuclear,0,,,,
2021,SEN,Nuclear,0,,,,
2022,SEN,Nuclear,0,,,,
2023,SEN,Nuclear,0,,,,
2024,SEN,Nuclear,0,,,,
2000,SEN,Other renewables,0,,,,
2001,SEN,Other renewables,0,,,,
2002,SEN,Other renewables,0,,,,
2003,SEN,Other renewables,0,,,,
2004,SEN,Other renewables,0,,,,
2005,SEN,Other renewables,0,,,,
2006,SEN,Other renewables,0,,,,
2007,SEN,Other renewables,0,,,,
2008,SEN,Other renewables,0,,,,
2009,SEN,Other renewables,0,,,,
2010,SEN,Other renewables,0,,,,
2011,SEN,Other renewables,0,,,,
2012,SEN,Other renewables,0,,,,
2013,SEN,Other renewables,0,,,,
2014,SEN,Other renewables,0,,,,
2015,SEN,Other renewables,0,,,,
2016,SEN,Other renewables,0,,,,
2017,SEN,Other renewables,0,,,,
2018,SEN,Other renewables,0,,,,
2019,SEN,Other renewables,0,,,,
2020,SEN,Other renewables,0,,,,
2021,SEN,Other renewables,0,,,,
2022,SEN,Other renewables,0,,,,
2023,SEN,Other renewables,0,,,,
2024,SEN,Other renewables,0,,,,
2000,SEN,Solar,0,,,,
2001,SEN,Solar,0,,,,
2002,SEN,Solar,0,,,,
2003,SEN,Solar,0,,,,
2004,SEN,Solar,0,,,,
2005,SEN,Solar,0,,,,
2006,SEN,Solar,0,,,,
2007,SEN,Solar,0,,,,
2008,SEN,Solar,0,,,,
2009,SEN,Solar,0,,,,
2010,SEN,Solar,0,,,,
2011,SEN,Solar,0,,,,
2012,SEN,Solar,0,,,,
2013,SEN,Solar,0,,,,
2014,SEN,Solar,0,,,,
2015,SEN,Solar,0,,,,
2016,SEN,Solar,0.01,,,,
2017,SEN,Solar,0.09,,,,
2018,SEN,Solar,0.25,,,,
2019,SEN,Solar,0.33,,,,
2020,SEN,Solar,0.38,,,,
2021,SEN,Solar,0.54,,,,
2022,SEN,Solar,0.59,,,,
2023,SEN,Solar,0.59,,,,
2024,SEN,Solar,0.68,,,,
2000,SEN,Total,0.05,,,,
2001,SEN,Total,0.06,,,,
2002,SEN,Total,0.26,,,,
2003,SEN,Total,0.38,,,,
2004,SEN,Total,0.33,,,,
2005,SEN,Total,0.31,,,,
2006,SEN,Total,0.28,,,,
2007,SEN,Total,0.22,,,,
2008,SEN,Total,0.27,,,,
2009,SEN,Total,0.29,,,,
2010,SEN,Total,0.32,,,,
2011,SEN,Total,0.33,,,,
2012,SEN,Total,0.34,,,,
2013,SEN,Total,0.37,,,,
2014,SEN,Total,0.38,,,,
2015,SEN,Total,0.4,,,,
2016,SEN,Total,0.43,,,,
2017,SEN,Total,0.53,,,,
2018,SEN,Total,0.7,,,,
2019,SEN,Total,0.78,,,,
2020,SEN,Total,1,,,,
2021,SEN,Total,1.4,,,,
2022,SEN,Total,1.4,,,,
2023,SEN,Total,1.4,,,,
2024,SEN,Total,1.5,,,,
2000,SEN,Wind,0,,,,
2001,SEN,Wind,0,,,,
2002,SEN,Wind,0,,,,
2003,SEN,Wind,0,,,,
2004,SEN,Wind,0,,,,
2005,SEN,Wind,0,,,,
2006,SEN,Wind,0,,,,
2007,SEN,Wind,0,,,,
2008,SEN,Wind,0,,,,
2009,SEN,Wind,0,,,,
2010,SEN,Wind,0,,,,
2011,SEN,Wind,0,,,,
2012,SEN,Wind,0,,,,
2013,SEN,Wind,0,,,,
2014,SEN,Wind,0,,,,
2015,SEN,Wind,0,,,,
2016,SEN,Wind,0,,,,
2017,SEN,Wind,0,,,,
2018,SEN,Wind,0,,,,
2019,SEN,Wind,0.02,,,,
2020,SEN,Wind,0.22,,,,
2021,SEN,Wind,0.4,,,,
2022,SEN,Wind,0.4,,,,
2023,SEN,Wind,0.38,,,,
2024,SEN,Wind,0.41,,,,
2000,SGP,Solar,0,,,,
2001,SGP,Solar,0,,,,
2002,SGP,Solar,0,,,,
2003,SGP,Solar,0,,,,
2004,SGP,Solar,0,,,,
2005,SGP,Solar,0,,,,
2006,SGP,Solar,0,,,,
2007,SGP,Solar,0,,,,
2008,SGP,Solar,0,,,,
2009,SGP,Solar,0,,,,
2010,SGP,Solar,0,,,,
2011,SGP,Solar,0,,,,
2012,SGP,Solar,0,,,,
2013,SGP,Solar,0,,,,
2014,SGP,Solar,0,,,,
2015,SGP,Solar,0,,,,
2016,SGP,Solar,0.09,,,,
2017,SGP,Solar,0.12,,,,
2018,SGP,Solar,0.14,,,,
2019,SGP,Solar,0.19,,,,
2020,SGP,Solar,0.3,,,,
2021,SGP,Solar,0.4,,,,
2022,SGP,Solar,0.67,,,,
2023,SGP,Solar,0.94,,,,
2024,SGP,Solar,1.3,,,,
2025,SGP,Solar,1.6,,,,
2000,SGP,Total,0.49,,,,
2001,SGP,Total,0.69,,,,
2002,SGP,Total,0.77,,,,
2003,SGP,Total,0.99,,,,
2004,SGP,Total,0.96,,,,
2005,SGP,Total,0.96,,,,
2006,SGP,Total,0.95,,,,
2007,SGP,Total,0.99,,,,
2008,SGP,Total,1,,,,
2009,SGP,Total,1.1,,,,
2010,SGP,Total,1.2,,,,
2011,SGP,Total,1.2,,,,
2012,SGP,Total,1.3,,,,
2013,SGP,Total,1.7,,,,
2014,SGP,Total,1.4,,,,
2015,SGP,Total,1.5,,,,
2016,SGP,Total,1.5,,,,
2017,SGP,Total,1.5,,,,
2018,SGP,Total,1.5,,,,
2019,SGP,Total,1.5,,,,
2020,SGP,Total,1.5,,,,
2021,SGP,Total,1.6,,,,
2022,SGP,Total,2.3,,,,
2023,SGP,Total,2.6,,,,
2024,SGP,Total,2.9,,,,
2025,SGP,Total,3.3,,,,
2000,SLB,Hydro,0,,,,
2001,SLB,Hydro,0,,,,
2002,SLB,Hydro,0,,,,
2003,SLB,Hydro,0,,,,
2004,SLB,Hydro,0,,,,
2005,SLB,Hydro,0,,,,
2006,SLB,Hydro,0,,,,
2007,SLB,Hydro,0,,,,
2008,SLB,Hydro,0,,,,
2009,SLB,Hydro,0,,,,
2010,SLB,Hydro,0,,,,
2011,SLB,Hydro,0,,,,
2012,SLB,Hydro,0,,,,
2013,SLB,Hydro,0,,,,
2014,SLB,Hydro,0,,,,
2015,SLB,Hydro,0,,,,
2016,SLB,Hydro,0,,,,
2017,SLB,Hydro,0,,,,
2018,SLB,Hydro,0,,,,
2019,SLB,Hydro,0,,,,
2020,SLB,Hydro,0,,,,
2021,SLB,Hydro,0,,,,
2022,SLB,Hydro,0,,,,
2023,SLB,Hydro,0,,,,
2024,SLB,Hydro,0,,,,
2000,SLB,Nuclear,0,,,,
2001,SLB,Nuclear,0,,,,
2002,SLB,Nuclear,0,,,,
2003,SLB,Nuclear,0,,,,
2004,SLB,Nuclear,0,,,,
2005,SLB,Nuclear,0,,,,
2006,SLB,Nuclear,0,,,,
2007,SLB,Nuclear,0,,,,
2008,SLB,Nuclear,0,,,,
2009,SLB,Nuclear,0,,,,
2010,SLB,Nuclear,0,,,,
2011,SLB,Nuclear,0,,,,
2012,SLB,Nuclear,0,,,,
2013,SLB,Nuclear,0,,,,
2014,SLB,Nuclear,0,,,,
2015,SLB,Nuclear,0,,,,
2016,SLB,Nuclear,0,,,,
2017,SLB,Nuclear,0,,,,
2018,SLB,Nuclear,0,,,,
2019,SLB,Nuclear,0,,,,
2020,SLB,Nuclear,0,,,,
2021,SLB,Nuclear,0,,,,
2022,SLB,Nuclear,0,,,,
2023,SLB,Nuclear,0,,,,
2024,SLB,Nuclear,0,,,,
2000,SLB,Other renewables,0,,,,
2001,SLB,Other renewables,0,,,,
2002,SLB,Other renewables,0,,,,
2003,SLB,Other renewables,0,,,,
2004,SLB,Other renewables,0,,,,
2005,SLB,Other renewables,0,,,,
2006,SLB,Other renewables,0,,,,
2007,SLB,Other renewables,0,,,,
2008,SLB,Other renewables,0,,,,
2009,SLB,Other renewables,0,,,,
2010,SLB,Other renewables,0,,,,
2011,SLB,Other renewables,0,,,,
2012,SLB,Other renewables,0,,,,
2013,SLB,Other renewables,0,,,,
2014,SLB,Other renewables,0,,,,
2015,SLB,Other renewables,0,,,,
2016,SLB,Other renewables,0,,,,
2017,SLB,Other renewables,0,,,,
2018,SLB,Other renewables,0,,,,
2019,SLB,Other renewables,0,,,,
2020,SLB,Other renewables,0,,,,
2021,SLB,Other renewables,0,,,,
2022,SLB,Other renewables,0,,,,
2023,SLB,Other renewables,0,,,,
2024,SLB,Other renewables,0,,,,
2000,SLB,Solar,0,,,,
2001,SLB,Solar,0,,,,
2002,SLB,Solar,0,,,,
2003,SLB,Solar,0,,,,
2004,SLB,Solar,0,,,,
2005,SLB,Solar,0,,,,
2006,SLB,Solar,0,,,,
2007,SLB,Solar,0,,,,
2008,SLB,Solar,0,,,,
2009,SLB,Solar,0,,,,
2010,SLB,Solar,0,,,,
2011,SLB,Solar,0,,,,
2012,SLB,Solar,0,,,,
2013,SLB,Solar,0,,,,
2014,SLB,Solar,0,,,,
2015,SLB,Solar,0,,,,
2016,SLB,Solar,0,,,,
2017,SLB,Solar,0,,,,
2018,SLB,Solar,0,,,,
2019,SLB,Solar,0,,,,
2020,SLB,Solar,0,,,,
2021,SLB,Solar,0,,,,
2022,SLB,Solar,0.01,,,,
2023,SLB,Solar,0.01,,,,
2024,SLB,Solar,0.01,,,,
2000,SLB,Total,0,,,,
2001,SLB,Total,0,,,,
2002,SLB,Total,0,,,,
2003,SLB,Total,0,,,,
2004,SLB,Total,0,,,,
2005,SLB,Total,0,,,,
2006,SLB,Total,0,,,,
2007,SLB,Total,0,,,,
2008,SLB,Total,0,,,,
2009,SLB,Total,0,,,,
2010,SLB,Total,0,,,,
2011,SLB,Total,0,,,,
2012,SLB,Total,0,,,,
2013,SLB,Total,0,,,,
2014,SLB,Total,0,,,,
2015,SLB,Total,0,,,,
2016,SLB,Total,0,,,,
2017,SLB,Total,0,,,,
2018,SLB,Total,0,,,,
2019,SLB,Total,0,,,,
2020,SLB,Total,0,,,,
2021,SLB,Total,0,,,,
2022,SLB,Total,0.01,,,,
2023,SLB,Total,0.01,,,,
2024,SLB,Total,0.01,,,,
2000,SLB,Wind,0,,,,
2001,SLB,Wind,0,,,,
2002,SLB,Wind,0,,,,
2003,SLB,Wind,0,,,,
2004,SLB,Wind,0,,,,
2005,SLB,Wind,0,,,,
2006,SLB,Wind,0,,,,
2007,SLB,Wind,0,,,,
2008,SLB,Wind,0,,,,
2009,SLB,Wind,0,,,,
2010,SLB,Wind,0,,,,
2011,SLB,Wind,0,,,,
2012,SLB,Wind,0,,,,
2013,SLB,Wind,0,,,,
2014,SLB,Wind,0,,,,
2015,SLB,Wind,0,,,,
2016,SLB,Wind,0,,,,
2017,SLB,Wind,0,,,,
2018,SLB,Wind,0,,,,
2019,SLB,Wind,0,,,,
2020,SLB,Wind,0,,,,
2021,SLB,Wind,0,,,,
2022,SLB,Wind,0,,,,
2023,SLB,Wind,0,,,,
2024,SLB,Wind,0,,,,
2000,SLE,Hydro,0.01,,,,
2001,SLE,Hydro,0.01,,,,
2002,SLE,Hydro,0.02,,,,
2003,SLE,Hydro,0.02,,,,
2004,SLE,Hydro,0.02,,,,
2005,SLE,Hydro,0.02,,,,
2006,SLE,Hydro,0,,,,
2007,SLE,Hydro,0.02,,,,
2008,SLE,Hydro,0.02,,,,
2009,SLE,Hydro,0.02,,,,
2010,SLE,Hydro,0.12,,,,
2011,SLE,Hydro,0.15,,,,
2012,SLE,Hydro,0.12,,,,
2013,SLE,Hydro,0.1,,,,
2014,SLE,Hydro,0.12,,,,
2015,SLE,Hydro,0.12,,,,
2016,SLE,Hydro,0.13,,,,
2017,SLE,Hydro,0.13,,,,
2018,SLE,Hydro,0.17,,,,
2019,SLE,Hydro,0.18,,,,
2020,SLE,Hydro,0.18,,,,
2021,SLE,Hydro,0.18,,,,
2022,SLE,Hydro,0.18,,,,
2023,SLE,Hydro,0.18,,,,
2024,SLE,Hydro,0.18,,,,
2000,SLE,Nuclear,0,,,,
2001,SLE,Nuclear,0,,,,
2002,SLE,Nuclear,0,,,,
2003,SLE,Nuclear,0,,,,
2004,SLE,Nuclear,0,,,,
2005,SLE,Nuclear,0,,,,
2006,SLE,Nuclear,0,,,,
2007,SLE,Nuclear,0,,,,
2008,SLE,Nuclear,0,,,,
2009,SLE,Nuclear,0,,,,
2010,SLE,Nuclear,0,,,,
2011,SLE,Nuclear,0,,,,
2012,SLE,Nuclear,0,,,,
2013,SLE,Nuclear,0,,,,
2014,SLE,Nuclear,0,,,,
2015,SLE,Nuclear,0,,,,
2016,SLE,Nuclear,0,,,,
2017,SLE,Nuclear,0,,,,
2018,SLE,Nuclear,0,,,,
2019,SLE,Nuclear,0,,,,
2020,SLE,Nuclear,0,,,,
2021,SLE,Nuclear,0,,,,
2022,SLE,Nuclear,0,,,,
2023,SLE,Nuclear,0,,,,
2024,SLE,Nuclear,0,,,,
2000,SLE,Other renewables,0,,,,
2001,SLE,Other renewables,0,,,,
2002,SLE,Other renewables,0,,,,
2003,SLE,Other renewables,0,,,,
2004,SLE,Other renewables,0,,,,
2005,SLE,Other renewables,0,,,,
2006,SLE,Other renewables,0,,,,
2007,SLE,Other renewables,0,,,,
2008,SLE,Other renewables,0,,,,
2009,SLE,Other renewables,0,,,,
2010,SLE,Other renewables,0,,,,
2011,SLE,Other renewables,0,,,,
2012,SLE,Other renewables,0,,,,
2013,SLE,Other renewables,0,,,,
2014,SLE,Other renewables,0,,,,
2015,SLE,Other renewables,0,,,,
2016,SLE,Other renewables,0,,,,
2017,SLE,Other renewables,0,,,,
2018,SLE,Other renewables,0,,,,
2019,SLE,Other renewables,0,,,,
2020,SLE,Other renewables,0,,,,
2021,SLE,Other renewables,0,,,,
2022,SLE,Other renewables,0,,,,
2023,SLE,Other renewables,0,,,,
2024,SLE,Other renewables,0,,,,
2000,SLE,Solar,0,,,,
2001,SLE,Solar,0,,,,
2002,SLE,Solar,0,,,,
2003,SLE,Solar,0,,,,
2004,SLE,Solar,0,,,,
2005,SLE,Solar,0,,,,
2006,SLE,Solar,0,,,,
2007,SLE,Solar,0,,,,
2008,SLE,Solar,0,,,,
2009,SLE,Solar,0,,,,
2010,SLE,Solar,0,,,,
2011,SLE,Solar,0,,,,
2012,SLE,Solar,0,,,,
2013,SLE,Solar,0,,,,
2014,SLE,Solar,0,,,,
2015,SLE,Solar,0,,,,
2016,SLE,Solar,0,,,,
2017,SLE,Solar,0.01,,,,
2018,SLE,Solar,0.01,,,,
2019,SLE,Solar,0.01,,,,
2020,SLE,Solar,0.01,,,,
2021,SLE,Solar,0.01,,,,
2022,SLE,Solar,0.01,,,,
2023,SLE,Solar,0.02,,,,
2024,SLE,Solar,0.02,,,,
2000,SLE,Total,0.01,,,,
2001,SLE,Total,0.01,,,,
2002,SLE,Total,0.02,,,,
2003,SLE,Total,0.02,,,,
2004,SLE,Total,0.02,,,,
2005,SLE,Total,0.02,,,,
2006,SLE,Total,0,,,,
2007,SLE,Total,0.02,,,,
2008,SLE,Total,0.02,,,,
2009,SLE,Total,0.02,,,,
2010,SLE,Total,0.12,,,,
2011,SLE,Total,0.15,,,,
2012,SLE,Total,0.12,,,,
2013,SLE,Total,0.1,,,,
2014,SLE,Total,0.12,,,,
2015,SLE,Total,0.12,,,,
2016,SLE,Total,0.13,,,,
2017,SLE,Total,0.14,,,,
2018,SLE,Total,0.18,,,,
2019,SLE,Total,0.19,,,,
2020,SLE,Total,0.19,,,,
2021,SLE,Total,0.19,,,,
2022,SLE,Total,0.19,,,,
2023,SLE,Total,0.2,,,,
2024,SLE,Total,0.2,,,,
2000,SLE,Wind,0,,,,
2001,SLE,Wind,0,,,,
2002,SLE,Wind,0,,,,
2003,SLE,Wind,0,,,,
2004,SLE,Wind,0,,,,
2005,SLE,Wind,0,,,,
2006,SLE,Wind,0,,,,
2007,SLE,Wind,0,,,,
2008,SLE,Wind,0,,,,
2009,SLE,Wind,0,,,,
2010,SLE,Wind,0,,,,
2011,SLE,Wind,0,,,,
2012,SLE,Wind,0,,,,
2013,SLE,Wind,0,,,,
2014,SLE,Wind,0,,,,
2015,SLE,Wind,0,,,,
2016,SLE,Wind,0,,,,
2017,SLE,Wind,0,,,,
2018,SLE,Wind,0,,,,
2019,SLE,Wind,0,,,,
2020,SLE,Wind,0,,,,
2021,SLE,Wind,0,,,,
2022,SLE,Wind,0,,,,
2023,SLE,Wind,0,,,,
2024,SLE,Wind,0,,,,
2000,SLV,Hydro,1.2,,,,
2001,SLV,Hydro,1.2,,,,
2002,SLV,Hydro,1.2,,,,
2003,SLV,Hydro,1.5,,,,
2004,SLV,Hydro,1.4,,,,
2005,SLV,Hydro,1.7,,,,
2006,SLV,Hydro,2,,,,
2007,SLV,Hydro,1.8,,,,
2008,SLV,Hydro,2.1,,,,
2009,SLV,Hydro,1.6,,,,
2010,SLV,Hydro,2.2,,,,
2011,SLV,Hydro,2.1,,,,
2012,SLV,Hydro,1.9,,,,
2013,SLV,Hydro,1.9,,,,
2014,SLV,Hydro,1.8,,,,
2015,SLV,Hydro,1.4,,,,
2016,SLV,Hydro,1.3,,,,
2017,SLV,Hydro,1.7,,,,
2018,SLV,Hydro,1.6,,,,
2019,SLV,Hydro,1.5,,,,
2020,SLV,Hydro,2.1,,,,
2021,SLV,Hydro,1.8,,,,
2022,SLV,Hydro,2.2,,,,
2023,SLV,Hydro,1.5,,,,
2024,SLV,Hydro,2.1,,,,
2025,SLV,Hydro,2.1,,,,
2000,SLV,Other renewables,0.79,,,,
2001,SLV,Other renewables,0.97,,,,
2002,SLV,Other renewables,0.99,,,,
2003,SLV,Other renewables,1,,,,
2004,SLV,Other renewables,1,,,,
2005,SLV,Other renewables,1.1,,,,
2006,SLV,Other renewables,1.1,,,,
2007,SLV,Other renewables,1.4,,,,
2008,SLV,Other renewables,1.5,,,,
2009,SLV,Other renewables,1.5,,,,
2010,SLV,Other renewables,1.5,,,,
2011,SLV,Other renewables,1.5,,,,
2012,SLV,Other renewables,1.5,,,,
2013,SLV,Other renewables,1.6,,,,
2014,SLV,Other renewables,1.6,,,,
2015,SLV,Other renewables,1.5,,,,
2016,SLV,Other renewables,1.6,,,,
2017,SLV,Other renewables,1.6,,,,
2018,SLV,Other renewables,1.6,,,,
2019,SLV,Other renewables,1.5,,,,
2020,SLV,Other renewables,1.6,,,,
2021,SLV,Other renewables,1.6,,,,
2022,SLV,Other renewables,1.6,,,,
2023,SLV,Other renewables,1.6,,,,
2024,SLV,Other renewables,1.6,,,,
2025,SLV,Other renewables,1.6,,,,
2000,SLV,Solar,0,,,,
2001,SLV,Solar,0,,,,
2002,SLV,Solar,0,,,,
2003,SLV,Solar,0,,,,
2004,SLV,Solar,0,,,,
2005,SLV,Solar,0,,,,
2006,SLV,Solar,0,,,,
2007,SLV,Solar,0,,,,
2008,SLV,Solar,0,,,,
2009,SLV,Solar,0,,,,
2010,SLV,Solar,0,,,,
2011,SLV,Solar,0,,,,
2012,SLV,Solar,0,,,,
2013,SLV,Solar,0,,,,
2014,SLV,Solar,0,,,,
2015,SLV,Solar,0.01,,,,
2016,SLV,Solar,0.02,,,,
2017,SLV,Solar,0.16,,,,
2018,SLV,Solar,0.31,,,,
2019,SLV,Solar,0.58,,,,
2020,SLV,Solar,0.99,,,,
2021,SLV,Solar,1.7,,,,
2022,SLV,Solar,1.2,,,,
2023,SLV,Solar,1.2,,,,
2024,SLV,Solar,1.3,,,,
2025,SLV,Solar,1.5,,,,
2000,SLV,Total,2,,,,
2001,SLV,Total,2.2,,,,
2002,SLV,Total,2.2,,,,
2003,SLV,Total,2.6,,,,
2004,SLV,Total,2.6,,,,
2005,SLV,Total,2.9,,,,
2006,SLV,Total,3.3,,,,
2007,SLV,Total,3.4,,,,
2008,SLV,Total,3.9,,,,
2009,SLV,Total,3.3,,,,
2010,SLV,Total,4,,,,
2011,SLV,Total,3.9,,,,
2012,SLV,Total,3.8,,,,
2013,SLV,Total,3.8,,,,
2014,SLV,Total,3.8,,,,
2015,SLV,Total,3.5,,,,
2016,SLV,Total,3.7,,,,
2017,SLV,Total,4.2,,,,
2018,SLV,Total,4.2,,,,
2019,SLV,Total,4.4,,,,
2020,SLV,Total,5.5,,,,
2021,SLV,Total,6.1,,,,
2022,SLV,Total,6,,,,
2023,SLV,Total,5.3,,,,
2024,SLV,Total,5.9,,,,
2025,SLV,Total,6.1,,,,
2020,SLV,Wind,0.01,,,,
2021,SLV,Wind,0.13,,,,
2022,SLV,Wind,0.14,,,,
2023,SLV,Wind,0.17,,,,
2024,SLV,Wind,0.14,,,,
2025,SLV,Wind,0.19,,,,
2000,SOM,Hydro,0,,,,
2001,SOM,Hydro,0,,,,
2002,SOM,Hydro,0,,,,
2003,SOM,Hydro,0,,,,
2004,SOM,Hydro,0,,,,
2005,SOM,Hydro,0,,,,
2006,SOM,Hydro,0,,,,
2007,SOM,Hydro,0,,,,
2008,SOM,Hydro,0,,,,
2009,SOM,Hydro,0,,,,
2010,SOM,Hydro,0,,,,
2011,SOM,Hydro,0,,,,
2012,SOM,Hydro,0,,,,
2013,SOM,Hydro,0,,,,
2014,SOM,Hydro,0,,,,
2015,SOM,Hydro,0,,,,
2016,SOM,Hydro,0,,,,
2017,SOM,Hydro,0,,,,
2018,SOM,Hydro,0,,,,
2019,SOM,Hydro,0,,,,
2020,SOM,Hydro,0,,,,
2021,SOM,Hydro,0,,,,
2022,SOM,Hydro,0,,,,
2023,SOM,Hydro,0,,,,
2024,SOM,Hydro,0,,,,
2000,SOM,Nuclear,0,,,,
2001,SOM,Nuclear,0,,,,
2002,SOM,Nuclear,0,,,,
2003,SOM,Nuclear,0,,,,
2004,SOM,Nuclear,0,,,,
2005,SOM,Nuclear,0,,,,
2006,SOM,Nuclear,0,,,,
2007,SOM,Nuclear,0,,,,
2008,SOM,Nuclear,0,,,,
2009,SOM,Nuclear,0,,,,
2010,SOM,Nuclear,0,,,,
2011,SOM,Nuclear,0,,,,
2012,SOM,Nuclear,0,,,,
2013,SOM,Nuclear,0,,,,
2014,SOM,Nuclear,0,,,,
2015,SOM,Nuclear,0,,,,
2016,SOM,Nuclear,0,,,,
2017,SOM,Nuclear,0,,,,
2018,SOM,Nuclear,0,,,,
2019,SOM,Nuclear,0,,,,
2020,SOM,Nuclear,0,,,,
2021,SOM,Nuclear,0,,,,
2022,SOM,Nuclear,0,,,,
2023,SOM,Nuclear,0,,,,
2024,SOM,Nuclear,0,,,,
2000,SOM,Other renewables,0,,,,
2001,SOM,Other renewables,0,,,,
2002,SOM,Other renewables,0,,,,
2003,SOM,Other renewables,0,,,,
2004,SOM,Other renewables,0,,,,
2005,SOM,Other renewables,0,,,,
2006,SOM,Other renewables,0,,,,
2007,SOM,Other renewables,0,,,,
2008,SOM,Other renewables,0,,,,
2009,SOM,Other renewables,0,,,,
2010,SOM,Other renewables,0,,,,
2011,SOM,Other renewables,0,,,,
2012,SOM,Other renewables,0,,,,
2013,SOM,Other renewables,0,,,,
2014,SOM,Other renewables,0,,,,
2015,SOM,Other renewables,0,,,,
2016,SOM,Other renewables,0,,,,
2017,SOM,Other renewables,0,,,,
2018,SOM,Other renewables,0,,,,
2019,SOM,Other renewables,0,,,,
2020,SOM,Other renewables,0,,,,
2021,SOM,Other renewables,0,,,,
2022,SOM,Other renewables,0,,,,
2023,SOM,Other renewables,0,,,,
2024,SOM,Other renewables,0,,,,
2000,SOM,Solar,0,,,,
2001,SOM,Solar,0,,,,
2002,SOM,Solar,0,,,,
2003,SOM,Solar,0,,,,
2004,SOM,Solar,0,,,,
2005,SOM,Solar,0,,,,
2006,SOM,Solar,0,,,,
2007,SOM,Solar,0,,,,
2008,SOM,Solar,0,,,,
2009,SOM,Solar,0,,,,
2010,SOM,Solar,0,,,,
2011,SOM,Solar,0,,,,
2012,SOM,Solar,0,,,,
2013,SOM,Solar,0,,,,
2014,SOM,Solar,0,,,,
2015,SOM,Solar,0,,,,
2016,SOM,Solar,0.01,,,,
2017,SOM,Solar,0.01,,,,
2018,SOM,Solar,0.01,,,,
2019,SOM,Solar,0.01,,,,
2020,SOM,Solar,0.02,,,,
2021,SOM,Solar,0.03,,,,
2022,SOM,Solar,0.07,,,,
2023,SOM,Solar,0.07,,,,
2024,SOM,Solar,0.08,,,,
2000,SOM,Total,0,,,,
2001,SOM,Total,0,,,,
2002,SOM,Total,0,,,,
2003,SOM,Total,0,,,,
2004,SOM,Total,0,,,,
2005,SOM,Total,0,,,,
2006,SOM,Total,0,,,,
2007,SOM,Total,0,,,,
2008,SOM,Total,0,,,,
2009,SOM,Total,0,,,,
2010,SOM,Total,0,,,,
2011,SOM,Total,0,,,,
2012,SOM,Total,0,,,,
2013,SOM,Total,0,,,,
2014,SOM,Total,0,,,,
2015,SOM,Total,0,,,,
2016,SOM,Total,0.01,,,,
2017,SOM,Total,0.02,,,,
2018,SOM,Total,0.02,,,,
2019,SOM,Total,0.02,,,,
2020,SOM,Total,0.03,,,,
2021,SOM,Total,0.04,,,,
2022,SOM,Total,0.08,,,,
2023,SOM,Total,0.08,,,,
2024,SOM,Total,0.09,,,,
2000,SOM,Wind,0,,,,
2001,SOM,Wind,0,,,,
2002,SOM,Wind,0,,,,
2003,SOM,Wind,0,,,,
2004,SOM,Wind,0,,,,
2005,SOM,Wind,0,,,,
2006,SOM,Wind,0,,,,
2007,SOM,Wind,0,,,,
2008,SOM,Wind,0,,,,
2009,SOM,Wind,0,,,,
2010,SOM,Wind,0,,,,
2011,SOM,Wind,0,,,,
2012,SOM,Wind,0,,,,
2013,SOM,Wind,0,,,,
2014,SOM,Wind,0,,,,
2015,SOM,Wind,0,,,,
2016,SOM,Wind,0,,,,
2017,SOM,Wind,0.01,,,,
2018,SOM,Wind,0.01,,,,
2019,SOM,Wind,0.01,,,,
2020,SOM,Wind,0.01,,,,
2021,SOM,Wind,0.01,,,,
2022,SOM,Wind,0.01,,,,
2023,SOM,Wind,0.01,,,,
2024,SOM,Wind,0.01,,,,
2000,SPM,Hydro,0,,,,
2001,SPM,Hydro,0,,,,
2002,SPM,Hydro,0,,,,
2003,SPM,Hydro,0,,,,
2004,SPM,Hydro,0,,,,
2005,SPM,Hydro,0,,,,
2006,SPM,Hydro,0,,,,
2007,SPM,Hydro,0,,,,
2008,SPM,Hydro,0,,,,
2009,SPM,Hydro,0,,,,
2010,SPM,Hydro,0,,,,
2011,SPM,Hydro,0,,,,
2012,SPM,Hydro,0,,,,
2013,SPM,Hydro,0,,,,
2014,SPM,Hydro,0,,,,
2015,SPM,Hydro,0,,,,
2016,SPM,Hydro,0,,,,
2017,SPM,Hydro,0,,,,
2018,SPM,Hydro,0,,,,
2019,SPM,Hydro,0,,,,
2020,SPM,Hydro,0,,,,
2021,SPM,Hydro,0,,,,
2022,SPM,Hydro,0,,,,
2023,SPM,Hydro,0,,,,
2000,SPM,Nuclear,0,,,,
2001,SPM,Nuclear,0,,,,
2002,SPM,Nuclear,0,,,,
2003,SPM,Nuclear,0,,,,
2004,SPM,Nuclear,0,,,,
2005,SPM,Nuclear,0,,,,
2006,SPM,Nuclear,0,,,,
2007,SPM,Nuclear,0,,,,
2008,SPM,Nuclear,0,,,,
2009,SPM,Nuclear,0,,,,
2010,SPM,Nuclear,0,,,,
2011,SPM,Nuclear,0,,,,
2012,SPM,Nuclear,0,,,,
2013,SPM,Nuclear,0,,,,
2014,SPM,Nuclear,0,,,,
2015,SPM,Nuclear,0,,,,
2016,SPM,Nuclear,0,,,,
2017,SPM,Nuclear,0,,,,
2018,SPM,Nuclear,0,,,,
2019,SPM,Nuclear,0,,,,
2020,SPM,Nuclear,0,,,,
2021,SPM,Nuclear,0,,,,
2022,SPM,Nuclear,0,,,,
2023,SPM,Nuclear,0,,,,
2000,SPM,Other renewables,0,,,,
2001,SPM,Other renewables,0,,,,
2002,SPM,Other renewables,0,,,,
2003,SPM,Other renewables,0,,,,
2004,SPM,Other renewables,0,,,,
2005,SPM,Other renewables,0,,,,
2006,SPM,Other renewables,0,,,,
2007,SPM,Other renewables,0,,,,
2008,SPM,Other renewables,0,,,,
2009,SPM,Other renewables,0,,,,
2010,SPM,Other renewables,0,,,,
2011,SPM,Other renewables,0,,,,
2012,SPM,Other renewables,0,,,,
2013,SPM,Other renewables,0,,,,
2014,SPM,Other renewables,0,,,,
2015,SPM,Other renewables,0,,,,
2016,SPM,Other renewables,0,,,,
2017,SPM,Other renewables,0,,,,
2018,SPM,Other renewables,0,,,,
2019,SPM,Other renewables,0,,,,
2020,SPM,Other renewables,0,,,,
2021,SPM,Other renewables,0,,,,
2022,SPM,Other renewables,0,,,,
2023,SPM,Other renewables,0,,,,
2000,SPM,Solar,0,,,,
2001,SPM,Solar,0,,,,
2002,SPM,Solar,0,,,,
2003,SPM,Solar,0,,,,
2004,SPM,Solar,0,,,,
2005,SPM,Solar,0,,,,
2006,SPM,Solar,0,,,,
2007,SPM,Solar,0,,,,
2008,SPM,Solar,0,,,,
2009,SPM,Solar,0,,,,
2010,SPM,Solar,0,,,,
2011,SPM,Solar,0,,,,
2012,SPM,Solar,0,,,,
2013,SPM,Solar,0,,,,
2014,SPM,Solar,0,,,,
2015,SPM,Solar,0,,,,
2016,SPM,Solar,0,,,,
2017,SPM,Solar,0,,,,
2018,SPM,Solar,0,,,,
2019,SPM,Solar,0,,,,
2020,SPM,Solar,0,,,,
2021,SPM,Solar,0,,,,
2022,SPM,Solar,0,,,,
2023,SPM,Solar,0,,,,
2000,SPM,Total,0,,,,
2001,SPM,Total,0,,,,
2002,SPM,Total,0,,,,
2003,SPM,Total,0,,,,
2004,SPM,Total,0,,,,
2005,SPM,Total,0,,,,
2006,SPM,Total,0,,,,
2007,SPM,Total,0,,,,
2008,SPM,Total,0,,,,
2009,SPM,Total,0,,,,
2010,SPM,Total,0,,,,
2011,SPM,Total,0,,,,
2012,SPM,Total,0,,,,
2013,SPM,Total,0,,,,
2014,SPM,Total,0,,,,
2015,SPM,Total,0,,,,
2016,SPM,Total,0,,,,
2017,SPM,Total,0,,,,
2018,SPM,Total,0,,,,
2019,SPM,Total,0,,,,
2020,SPM,Total,0,,,,
2021,SPM,Total,0,,,,
2022,SPM,Total,0,,,,
2023,SPM,Total,0,,,,
2000,SPM,Wind,0,,,,
2001,SPM,Wind,0,,,,
2002,SPM,Wind,0,,,,
2003,SPM,Wind,0,,,,
2004,SPM,Wind,0,,,,
2005,SPM,Wind,0,,,,
2006,SPM,Wind,0,,,,
2007,SPM,Wind,0,,,,
2008,SPM,Wind,0,,,,
2009,SPM,Wind,0,,,,
2010,SPM,Wind,0,,,,
2011,SPM,Wind,0,,,,
2012,SPM,Wind,0,,,,
2013,SPM,Wind,0,,,,
2014,SPM,Wind,0,,,,
2015,SPM,Wind,0,,,,
2016,SPM,Wind,0,,,,
2017,SPM,Wind,0,,,,
2018,SPM,Wind,0,,,,
2019,SPM,Wind,0,,,,
2020,SPM,Wind,0,,,,
2021,SPM,Wind,0,,,,
2022,SPM,Wind,0,,,,
2023,SPM,Wind,0,,,,
1990,SRB,Hydro,7.5,,,,
1991,SRB,Hydro,9.6,,,,
1992,SRB,Hydro,9.2,,,,
1993,SRB,Hydro,8.1,,,,
1994,SRB,Hydro,8.9,,,,
1995,SRB,Hydro,9.9,,,,
1996,SRB,Hydro,11,,,,
1997,SRB,Hydro,11,,,,
1998,SRB,Hydro,10,,,,
1999,SRB,Hydro,11,,,,
2000,SRB,Hydro,9.8,,,,
2001,SRB,Hydro,9.9,,,,
2002,SRB,Hydro,9.9,,,,
2003,SRB,Hydro,8.7,,,,
2004,SRB,Hydro,11,,,,
2005,SRB,Hydro,11,,,,
2006,SRB,Hydro,10,,,,
2007,SRB,Hydro,9.5,,,,
2008,SRB,Hydro,9.6,,,,
2009,SRB,Hydro,11,,,,
2010,SRB,Hydro,12,,,,
2011,SRB,Hydro,8.7,,,,
2012,SRB,Hydro,9.3,,,,
2013,SRB,Hydro,10,,,,
2014,SRB,Hydro,11,,,,
2015,SRB,Hydro,10,,,,
2016,SRB,Hydro,11,,,,
2017,SRB,Hydro,9.2,,,,
2018,SRB,Hydro,11,,,,
2019,SRB,Hydro,9.5,,,,
2020,SRB,Hydro,9,,,,
2021,SRB,Hydro,11,,,,
2022,SRB,Hydro,8.6,,,,
2023,SRB,Hydro,12,,,,
2024,SRB,Hydro,10,,,,
2025,SRB,Hydro,8.2,,,,
1990,SRB,Nuclear,0,,,,
1991,SRB,Nuclear,0,,,,
1992,SRB,Nuclear,0,,,,
1993,SRB,Nuclear,0,,,,
1994,SRB,Nuclear,0,,,,
1995,SRB,Nuclear,0,,,,
1996,SRB,Nuclear,0,,,,
1997,SRB,Nuclear,0,,,,
1998,SRB,Nuclear,0,,,,
1999,SRB,Nuclear,0,,,,
2000,SRB,Nuclear,0,,,,
2001,SRB,Nuclear,0,,,,
2002,SRB,Nuclear,0,,,,
2003,SRB,Nuclear,0,,,,
2004,SRB,Nuclear,0,,,,
2005,SRB,Nuclear,0,,,,
2006,SRB,Nuclear,0,,,,
2007,SRB,Nuclear,0,,,,
2008,SRB,Nuclear,0,,,,
2009,SRB,Nuclear,0,,,,
2010,SRB,Nuclear,0,,,,
2011,SRB,Nuclear,0,,,,
2012,SRB,Nuclear,0,,,,
2013,SRB,Nuclear,0,,,,
2014,SRB,Nuclear,0,,,,
2015,SRB,Nuclear,0,,,,
2016,SRB,Nuclear,0,,,,
2017,SRB,Nuclear,0,,,,
2018,SRB,Nuclear,0,,,,
2019,SRB,Nuclear,0,,,,
2020,SRB,Nuclear,0,,,,
2021,SRB,Nuclear,0,,,,
2022,SRB,Nuclear,0,,,,
2023,SRB,Nuclear,0,,,,
2024,SRB,Nuclear,0,,,,
2025,SRB,Nuclear,0,,,,
1990,SRB,Other renewables,0,,,,
1991,SRB,Other renewables,0,,,,
1992,SRB,Other renewables,0,,,,
1993,SRB,Other renewables,0,,,,
1994,SRB,Other renewables,0,,,,
1995,SRB,Other renewables,0,,,,
1996,SRB,Other renewables,0,,,,
1997,SRB,Other renewables,0,,,,
1998,SRB,Other renewables,0,,,,
1999,SRB,Other renewables,0,,,,
2000,SRB,Other renewables,0,,,,
2001,SRB,Other renewables,0,,,,
2002,SRB,Other renewables,0,,,,
2003,SRB,Other renewables,0,,,,
2004,SRB,Other renewables,0,,,,
2005,SRB,Other renewables,0,,,,
2006,SRB,Other renewables,0,,,,
2007,SRB,Other renewables,0,,,,
2008,SRB,Other renewables,0,,,,
2009,SRB,Other renewables,0,,,,
2010,SRB,Other renewables,0,,,,
2011,SRB,Other renewables,0,,,,
2012,SRB,Other renewables,0,,,,
2013,SRB,Other renewables,0,,,,
2014,SRB,Other renewables,0,,,,
2015,SRB,Other renewables,0,,,,
2016,SRB,Other renewables,0,,,,
2017,SRB,Other renewables,0,,,,
2018,SRB,Other renewables,0,,,,
2019,SRB,Other renewables,0,,,,
2020,SRB,Other renewables,0,,,,
2021,SRB,Other renewables,0,,,,
2022,SRB,Other renewables,0,,,,
2023,SRB,Other renewables,0,,,,
2024,SRB,Other renewables,0,,,,
2025,SRB,Other renewables,0,,,,
1990,SRB,Solar,0,,,,
1991,SRB,Solar,0,,,,
1992,SRB,Solar,0,,,,
1993,SRB,Solar,0,,,,
1994,SRB,Solar,0,,,,
1995,SRB,Solar,0,,,,
1996,SRB,Solar,0,,,,
1997,SRB,Solar,0,,,,
1998,SRB,Solar,0,,,,
1999,SRB,Solar,0,,,,
2000,SRB,Solar,0,,,,
2001,SRB,Solar,0,,,,
2002,SRB,Solar,0,,,,
2003,SRB,Solar,0,,,,
2004,SRB,Solar,0,,,,
2005,SRB,Solar,0,,,,
2006,SRB,Solar,0,,,,
2007,SRB,Solar,0,,,,
2008,SRB,Solar,0,,,,
2009,SRB,Solar,0,,,,
2010,SRB,Solar,0,,,,
2011,SRB,Solar,0,,,,
2012,SRB,Solar,0,,,,
2013,SRB,Solar,0,,,,
2014,SRB,Solar,0.01,,,,
2015,SRB,Solar,0.01,,,,
2016,SRB,Solar,0.01,,,,
2017,SRB,Solar,0.01,,,,
2018,SRB,Solar,0.01,,,,
2019,SRB,Solar,0.01,,,,
2020,SRB,Solar,0.01,,,,
2021,SRB,Solar,0.01,,,,
2022,SRB,Solar,0.02,,,,
2023,SRB,Solar,0.05,,,,
2024,SRB,Solar,0.16,,,,
2025,SRB,Solar,0.16,,,,
1990,SRB,Total,7.5,,,,
1991,SRB,Total,9.6,,,,
1992,SRB,Total,9.2,,,,
1993,SRB,Total,8.1,,,,
1994,SRB,Total,8.9,,,,
1995,SRB,Total,9.9,,,,
1996,SRB,Total,11,,,,
1997,SRB,Total,11,,,,
1998,SRB,Total,10,,,,
1999,SRB,Total,11,,,,
2000,SRB,Total,9.8,,,,
2001,SRB,Total,9.9,,,,
2002,SRB,Total,9.9,,,,
2003,SRB,Total,8.7,,,,
2004,SRB,Total,11,,,,
2005,SRB,Total,11,,,,
2006,SRB,Total,10,,,,
2007,SRB,Total,9.5,,,,
2008,SRB,Total,9.6,,,,
2009,SRB,Total,11,,,,
2010,SRB,Total,12,,,,
2011,SRB,Total,8.7,,,,
2012,SRB,Total,9.3,,,,
2013,SRB,Total,10,,,,
2014,SRB,Total,11,,,,
2015,SRB,Total,10,,,,
2016,SRB,Total,11,,,,
2017,SRB,Total,9.3,,,,
2018,SRB,Total,11,,,,
2019,SRB,Total,11,,,,
2020,SRB,Total,10,,,,
2021,SRB,Total,13,,,,
2022,SRB,Total,9.8,,,,
2023,SRB,Total,14,,,,
2024,SRB,Total,12,,,,
2025,SRB,Total,10,,,,
1990,SRB,Wind,0,,,,
1991,SRB,Wind,0,,,,
1992,SRB,Wind,0,,,,
1993,SRB,Wind,0,,,,
1994,SRB,Wind,0,,,,
1995,SRB,Wind,0,,,,
1996,SRB,Wind,0,,,,
1997,SRB,Wind,0,,,,
1998,SRB,Wind,0,,,,
1999,SRB,Wind,0,,,,
2012,SRB,Wind,0,,,,
2013,SRB,Wind,0,,,,
2014,SRB,Wind,0,,,,
2015,SRB,Wind,0,,,,
2016,SRB,Wind,0.03,,,,
2017,SRB,Wind,0.05,,,,
2018,SRB,Wind,0.15,,,,
2019,SRB,Wind,0.9,,,,
2020,SRB,Wind,0.98,,,,
2021,SRB,Wind,1.1,,,,
2022,SRB,Wind,0.95,,,,
2023,SRB,Wind,1.1,,,,
2024,SRB,Wind,1.3,,,,
2025,SRB,Wind,1.5,,,,
2012,SSD,Hydro,0,,,,
2013,SSD,Hydro,0,,,,
2014,SSD,Hydro,0,,,,
2015,SSD,Hydro,0,,,,
2016,SSD,Hydro,0,,,,
2017,SSD,Hydro,0,,,,
2018,SSD,Hydro,0,,,,
2019,SSD,Hydro,0,,,,
2020,SSD,Hydro,0,,,,
2021,SSD,Hydro,0,,,,
2022,SSD,Hydro,0,,,,
2023,SSD,Hydro,0,,,,
2024,SSD,Hydro,0,,,,
2012,SSD,Nuclear,0,,,,
2013,SSD,Nuclear,0,,,,
2014,SSD,Nuclear,0,,,,
2015,SSD,Nuclear,0,,,,
2016,SSD,Nuclear,0,,,,
2017,SSD,Nuclear,0,,,,
2018,SSD,Nuclear,0,,,,
2019,SSD,Nuclear,0,,,,
2020,SSD,Nuclear,0,,,,
2021,SSD,Nuclear,0,,,,
2022,SSD,Nuclear,0,,,,
2023,SSD,Nuclear,0,,,,
2024,SSD,Nuclear,0,,,,
2012,SSD,Other renewables,0,,,,
2013,SSD,Other renewables,0,,,,
2014,SSD,Other renewables,0,,,,
2015,SSD,Other renewables,0,,,,
2016,SSD,Other renewables,0,,,,
2017,SSD,Other renewables,0,,,,
2018,SSD,Other renewables,0,,,,
2019,SSD,Other renewables,0,,,,
2020,SSD,Other renewables,0,,,,
2021,SSD,Other renewables,0,,,,
2022,SSD,Other renewables,0,,,,
2023,SSD,Other renewables,0,,,,
2024,SSD,Other renewables,0,,,,
2012,SSD,Solar,0,,,,
2013,SSD,Solar,0,,,,
2014,SSD,Solar,0,,,,
2015,SSD,Solar,0,,,,
2016,SSD,Solar,0,,,,
2017,SSD,Solar,0,,,,
2018,SSD,Solar,0,,,,
2019,SSD,Solar,0,,,,
2020,SSD,Solar,0.01,,,,
2021,SSD,Solar,0.01,,,,
2022,SSD,Solar,0.01,,,,
2023,SSD,Solar,0.01,,,,
2024,SSD,Solar,0.01,,,,
2012,SSD,Total,0,,,,
2013,SSD,Total,0,,,,
2014,SSD,Total,0,,,,
2015,SSD,Total,0,,,,
2016,SSD,Total,0,,,,
2017,SSD,Total,0,,,,
2018,SSD,Total,0,,,,
2019,SSD,Total,0,,,,
2020,SSD,Total,0.01,,,,
2021,SSD,Total,0.01,,,,
2022,SSD,Total,0.01,,,,
2023,SSD,Total,0.01,,,,
2024,SSD,Total,0.01,,,,
2012,SSD,Wind,0,,,,
2013,SSD,Wind,0,,,,
2014,SSD,Wind,0,,,,
2015,SSD,Wind,0,,,,
2016,SSD,Wind,0,,,,
2017,SSD,Wind,0,,,,
2018,SSD,Wind,0,,,,
2019,SSD,Wind,0,,,,
2020,SSD,Wind,0,,,,
2021,SSD,Wind,0,,,,
2022,SSD,Wind,0,,,,
2023,SSD,Wind,0,,,,
2024,SSD,Wind,0,,,,
2000,STP,Hydro,0.01,,,,
2001,STP,Hydro,0,,,,
2002,STP,Hydro,0.01,,,,
2003,STP,Hydro,0.01,,,,
2004,STP,Hydro,0.01,,,,
2005,STP,Hydro,0,,,,
2006,STP,Hydro,0.01,,,,
2007,STP,Hydro,0.01,,,,
2008,STP,Hydro,0.01,,,,
2009,STP,Hydro,0.01,,,,
2010,STP,Hydro,0,,,,
2011,STP,Hydro,0.01,,,,
2012,STP,Hydro,0.01,,,,
2013,STP,Hydro,0.01,,,,
2014,STP,Hydro,0.01,,,,
2015,STP,Hydro,0.01,,,,
2016,STP,Hydro,0.01,,,,
2017,STP,Hydro,0,,,,
2018,STP,Hydro,0,,,,
2019,STP,Hydro,0.01,,,,
2020,STP,Hydro,0.01,,,,
2021,STP,Hydro,0.01,,,,
2022,STP,Hydro,0.01,,,,
2023,STP,Hydro,0.01,,,,
2000,STP,Nuclear,0,,,,
2001,STP,Nuclear,0,,,,
2002,STP,Nuclear,0,,,,
2003,STP,Nuclear,0,,,,
2004,STP,Nuclear,0,,,,
2005,STP,Nuclear,0,,,,
2006,STP,Nuclear,0,,,,
2007,STP,Nuclear,0,,,,
2008,STP,Nuclear,0,,,,
2009,STP,Nuclear,0,,,,
2010,STP,Nuclear,0,,,,
2011,STP,Nuclear,0,,,,
2012,STP,Nuclear,0,,,,
2013,STP,Nuclear,0,,,,
2014,STP,Nuclear,0,,,,
2015,STP,Nuclear,0,,,,
2016,STP,Nuclear,0,,,,
2017,STP,Nuclear,0,,,,
2018,STP,Nuclear,0,,,,
2019,STP,Nuclear,0,,,,
2020,STP,Nuclear,0,,,,
2021,STP,Nuclear,0,,,,
2022,STP,Nuclear,0,,,,
2023,STP,Nuclear,0,,,,
2000,STP,Other renewables,0,,,,
2001,STP,Other renewables,0,,,,
2002,STP,Other renewables,0,,,,
2003,STP,Other renewables,0,,,,
2004,STP,Other renewables,0,,,,
2005,STP,Other renewables,0,,,,
2006,STP,Other renewables,0,,,,
2007,STP,Other renewables,0,,,,
2008,STP,Other renewables,0,,,,
2009,STP,Other renewables,0,,,,
2010,STP,Other renewables,0,,,,
2011,STP,Other renewables,0,,,,
2012,STP,Other renewables,0,,,,
2013,STP,Other renewables,0,,,,
2014,STP,Other renewables,0,,,,
2015,STP,Other renewables,0,,,,
2016,STP,Other renewables,0,,,,
2017,STP,Other renewables,0,,,,
2018,STP,Other renewables,0,,,,
2019,STP,Other renewables,0,,,,
2020,STP,Other renewables,0,,,,
2021,STP,Other renewables,0,,,,
2022,STP,Other renewables,0,,,,
2023,STP,Other renewables,0,,,,
2000,STP,Solar,0,,,,
2001,STP,Solar,0,,,,
2002,STP,Solar,0,,,,
2003,STP,Solar,0,,,,
2004,STP,Solar,0,,,,
2005,STP,Solar,0,,,,
2006,STP,Solar,0,,,,
2007,STP,Solar,0,,,,
2008,STP,Solar,0,,,,
2009,STP,Solar,0,,,,
2010,STP,Solar,0,,,,
2011,STP,Solar,0,,,,
2012,STP,Solar,0,,,,
2013,STP,Solar,0,,,,
2014,STP,Solar,0,,,,
2015,STP,Solar,0,,,,
2016,STP,Solar,0,,,,
2017,STP,Solar,0,,,,
2018,STP,Solar,0,,,,
2019,STP,Solar,0,,,,
2020,STP,Solar,0,,,,
2021,STP,Solar,0,,,,
2022,STP,Solar,0,,,,
2023,STP,Solar,0,,,,
2000,STP,Total,0.01,,,,
2001,STP,Total,0,,,,
2002,STP,Total,0.01,,,,
2003,STP,Total,0.01,,,,
2004,STP,Total,0.01,,,,
2005,STP,Total,0,,,,
2006,STP,Total,0.01,,,,
2007,STP,Total,0.01,,,,
2008,STP,Total,0.01,,,,
2009,STP,Total,0.01,,,,
2010,STP,Total,0,,,,
2011,STP,Total,0.01,,,,
2012,STP,Total,0.01,,,,
2013,STP,Total,0.01,,,,
2014,STP,Total,0.01,,,,
2015,STP,Total,0.01,,,,
2016,STP,Total,0.01,,,,
2017,STP,Total,0,,,,
2018,STP,Total,0,,,,
2019,STP,Total,0.01,,,,
2020,STP,Total,0.01,,,,
2021,STP,Total,0.01,,,,
2022,STP,Total,0.01,,,,
2023,STP,Total,0.01,,,,
2000,STP,Wind,0,,,,
2001,STP,Wind,0,,,,
2002,STP,Wind,0,,,,
2003,STP,Wind,0,,,,
2004,STP,Wind,0,,,,
2005,STP,Wind,0,,,,
2006,STP,Wind,0,,,,
2007,STP,Wind,0,,,,
2008,STP,Wind,0,,,,
2009,STP,Wind,0,,,,
2010,STP,Wind,0,,,,
2011,STP,Wind,0,,,,
2012,STP,Wind,0,,,,
2013,STP,Wind,0,,,,
2014,STP,Wind,0,,,,
2015,STP,Wind,0,,,,
2016,STP,Wind,0,,,,
2017,STP,Wind,0,,,,
2018,STP,Wind,0,,,,
2019,STP,Wind,0,,,,
2020,STP,Wind,0,,,,
2021,STP,Wind,0,,,,
2022,STP,Wind,0,,,,
2023,STP,Wind,0,,,,
2000,SUR,Hydro,0.71,,,,
2001,SUR,Hydro,0.73,,,,
2002,SUR,Hydro,0.74,,,,
2003,SUR,Hydro,0.75,,,,
2004,SUR,Hydro,0.76,,,,
2005,SUR,Hydro,0.82,,,,
2006,SUR,Hydro,0.86,,,,
2007,SUR,Hydro,0.86,,,,
2008,SUR,Hydro,0.86,,,,
2009,SUR,Hydro,0.86,,,,
2010,SUR,Hydro,1.2,,,,
2011,SUR,Hydro,1,,,,
2012,SUR,Hydro,0.82,,,,
2013,SUR,Hydro,0.83,,,,
2014,SUR,Hydro,0.55,,,,
2015,SUR,Hydro,0.47,,,,
2016,SUR,Hydro,0.78,,,,
2017,SUR,Hydro,0.92,,,,
2018,SUR,Hydro,0.99,,,,
2019,SUR,Hydro,0.95,,,,
2020,SUR,Hydro,0.97,,,,
2021,SUR,Hydro,0.99,,,,
2022,SUR,Hydro,0.92,,,,
2023,SUR,Hydro,0.9,,,,
2024,SUR,Hydro,0.9,,,,
2000,SUR,Nuclear,0,,,,
2001,SUR,Nuclear,0,,,,
2002,SUR,Nuclear,0,,,,
2003,SUR,Nuclear,0,,,,
2004,SUR,Nuclear,0,,,,
2005,SUR,Nuclear,0,,,,
2006,SUR,Nuclear,0,,,,
2007,SUR,Nuclear,0,,,,
2008,SUR,Nuclear,0,,,,
2009,SUR,Nuclear,0,,,,
2010,SUR,Nuclear,0,,,,
2011,SUR,Nuclear,0,,,,
2012,SUR,Nuclear,0,,,,
2013,SUR,Nuclear,0,,,,
2014,SUR,Nuclear,0,,,,
2015,SUR,Nuclear,0,,,,
2016,SUR,Nuclear,0,,,,
2017,SUR,Nuclear,0,,,,
2018,SUR,Nuclear,0,,,,
2019,SUR,Nuclear,0,,,,
2020,SUR,Nuclear,0,,,,
2021,SUR,Nuclear,0,,,,
2022,SUR,Nuclear,0,,,,
2023,SUR,Nuclear,0,,,,
2024,SUR,Nuclear,0,,,,
2000,SUR,Other renewables,0,,,,
2001,SUR,Other renewables,0,,,,
2002,SUR,Other renewables,0,,,,
2003,SUR,Other renewables,0,,,,
2004,SUR,Other renewables,0,,,,
2005,SUR,Other renewables,0,,,,
2006,SUR,Other renewables,0,,,,
2007,SUR,Other renewables,0,,,,
2008,SUR,Other renewables,0,,,,
2009,SUR,Other renewables,0,,,,
2010,SUR,Other renewables,0,,,,
2011,SUR,Other renewables,0,,,,
2012,SUR,Other renewables,0,,,,
2013,SUR,Other renewables,0,,,,
2014,SUR,Other renewables,0,,,,
2015,SUR,Other renewables,0,,,,
2016,SUR,Other renewables,0,,,,
2017,SUR,Other renewables,0,,,,
2018,SUR,Other renewables,0,,,,
2019,SUR,Other renewables,0,,,,
2020,SUR,Other renewables,0,,,,
2021,SUR,Other renewables,0,,,,
2022,SUR,Other renewables,0,,,,
2023,SUR,Other renewables,0,,,,
2024,SUR,Other renewables,0,,,,
2000,SUR,Solar,0,,,,
2001,SUR,Solar,0,,,,
2002,SUR,Solar,0,,,,
2003,SUR,Solar,0,,,,
2004,SUR,Solar,0,,,,
2005,SUR,Solar,0,,,,
2006,SUR,Solar,0,,,,
2007,SUR,Solar,0,,,,
2008,SUR,Solar,0,,,,
2009,SUR,Solar,0,,,,
2010,SUR,Solar,0,,,,
2011,SUR,Solar,0,,,,
2012,SUR,Solar,0,,,,
2013,SUR,Solar,0,,,,
2014,SUR,Solar,0,,,,
2015,SUR,Solar,0.01,,,,
2016,SUR,Solar,0.01,,,,
2017,SUR,Solar,0.01,,,,
2018,SUR,Solar,0.01,,,,
2019,SUR,Solar,0.01,,,,
2020,SUR,Solar,0.01,,,,
2021,SUR,Solar,0.01,,,,
2022,SUR,Solar,0.01,,,,
2023,SUR,Solar,0.01,,,,
2024,SUR,Solar,0.01,,,,
2000,SUR,Total,0.71,,,,
2001,SUR,Total,0.73,,,,
2002,SUR,Total,0.74,,,,
2003,SUR,Total,0.75,,,,
2004,SUR,Total,0.76,,,,
2005,SUR,Total,0.82,,,,
2006,SUR,Total,0.86,,,,
2007,SUR,Total,0.86,,,,
2008,SUR,Total,0.86,,,,
2009,SUR,Total,0.86,,,,
2010,SUR,Total,1.2,,,,
2011,SUR,Total,1,,,,
2012,SUR,Total,0.82,,,,
2013,SUR,Total,0.83,,,,
2014,SUR,Total,0.55,,,,
2015,SUR,Total,0.49,,,,
2016,SUR,Total,0.8,,,,
2017,SUR,Total,0.94,,,,
2018,SUR,Total,1,,,,
2019,SUR,Total,0.97,,,,
2020,SUR,Total,0.99,,,,
2021,SUR,Total,1,,,,
2022,SUR,Total,0.94,,,,
2023,SUR,Total,0.92,,,,
2024,SUR,Total,0.92,,,,
2000,SUR,Wind,0,,,,
2001,SUR,Wind,0,,,,
2002,SUR,Wind,0,,,,
2003,SUR,Wind,0,,,,
2004,SUR,Wind,0,,,,
2005,SUR,Wind,0,,,,
2006,SUR,Wind,0,,,,
2007,SUR,Wind,0,,,,
2008,SUR,Wind,0,,,,
2009,SUR,Wind,0,,,,
2010,SUR,Wind,0,,,,
2011,SUR,Wind,0,,,,
2012,SUR,Wind,0,,,,
2013,SUR,Wind,0,,,,
2014,SUR,Wind,0,,,,
2015,SUR,Wind,0,,,,
2016,SUR,Wind,0,,,,
2017,SUR,Wind,0,,,,
2018,SUR,Wind,0,,,,
2019,SUR,Wind,0,,,,
2020,SUR,Wind,0,,,,
2021,SUR,Wind,0,,,,
2022,SUR,Wind,0,,,,
2023,SUR,Wind,0,,,,
2024,SUR,Wind,0,,,,
1990,SVK,Hydro,1.9,,,,
1991,SVK,Hydro,1.4,,,,
1992,SVK,Hydro,1.9,,,,
1993,SVK,Hydro,3.5,,,,
1994,SVK,Hydro,4.4,,,,
1995,SVK,Hydro,4.9,,,,
1996,SVK,Hydro,4.2,,,,
1997,SVK,Hydro,4.1,,,,
1998,SVK,Hydro,4.3,,,,
1999,SVK,Hydro,4.5,,,,
2000,SVK,Hydro,4.6,,,,
2001,SVK,Hydro,4.9,,,,
2002,SVK,Hydro,5.3,,,,
2003,SVK,Hydro,3.5,,,,
2004,SVK,Hydro,4.1,,,,
2005,SVK,Hydro,4.6,,,,
2006,SVK,Hydro,4.4,,,,
2007,SVK,Hydro,4.5,,,,
2008,SVK,Hydro,4,,,,
2009,SVK,Hydro,4.4,,,,
2010,SVK,Hydro,5.3,,,,
2011,SVK,Hydro,3.8,,,,
2012,SVK,Hydro,4.1,,,,
2013,SVK,Hydro,4.9,,,,
2014,SVK,Hydro,4.2,,,,
2015,SVK,Hydro,3.9,,,,
2016,SVK,Hydro,4.4,,,,
2017,SVK,Hydro,4.3,,,,
2018,SVK,Hydro,3.6,,,,
2019,SVK,Hydro,4.4,,,,
2020,SVK,Hydro,4.5,,,,
2021,SVK,Hydro,4.3,,,,
2022,SVK,Hydro,3.7,,,,
2023,SVK,Hydro,4.7,,,,
2024,SVK,Hydro,4.8,,,,
2025,SVK,Hydro,3.2,,,,
1990,SVK,Nuclear,12,,,,
1991,SVK,Nuclear,12,,,,
1992,SVK,Nuclear,11,,,,
1993,SVK,Nuclear,11,,,,
1994,SVK,Nuclear,13,,,,
1995,SVK,Nuclear,11,,,,
1996,SVK,Nuclear,11,,,,
1997,SVK,Nuclear,11,,,,
1998,SVK,Nuclear,11,,,,
1999,SVK,Nuclear,13,,,,
2000,SVK,Nuclear,16,,,,
2001,SVK,Nuclear,17,,,,
2002,SVK,Nuclear,18,,,,
2003,SVK,Nuclear,18,,,,
2004,SVK,Nuclear,17,,,,
2005,SVK,Nuclear,18,,,,
2006,SVK,Nuclear,18,,,,
2007,SVK,Nuclear,15,,,,
2008,SVK,Nuclear,17,,,,
2009,SVK,Nuclear,14,,,,
2010,SVK,Nuclear,15,,,,
2011,SVK,Nuclear,15,,,,
2012,SVK,Nuclear,15,,,,
2013,SVK,Nuclear,16,,,,
2014,SVK,Nuclear,16,,,,
2015,SVK,Nuclear,15,,,,
2016,SVK,Nuclear,15,,,,
2017,SVK,Nuclear,15,,,,
2018,SVK,Nuclear,15,,,,
2019,SVK,Nuclear,15,,,,
2020,SVK,Nuclear,15,,,,
2021,SVK,Nuclear,16,,,,
2022,SVK,Nuclear,16,,,,
2023,SVK,Nuclear,18,,,,
2024,SVK,Nuclear,18,,,,
2025,SVK,Nuclear,19,,,,
1990,SVK,Other renewables,0,,,,
1991,SVK,Other renewables,0,,,,
1992,SVK,Other renewables,0,,,,
1993,SVK,Other renewables,0,,,,
1994,SVK,Other renewables,0,,,,
1995,SVK,Other renewables,0,,,,
1996,SVK,Other renewables,0,,,,
1997,SVK,Other renewables,0,,,,
1998,SVK,Other renewables,0,,,,
1999,SVK,Other renewables,0,,,,
2000,SVK,Other renewables,0,,,,
2001,SVK,Other renewables,0,,,,
2002,SVK,Other renewables,0,,,,
2003,SVK,Other renewables,0,,,,
2004,SVK,Other renewables,0,,,,
2005,SVK,Other renewables,0,,,,
2006,SVK,Other renewables,0,,,,
2007,SVK,Other renewables,0,,,,
2008,SVK,Other renewables,0,,,,
2009,SVK,Other renewables,0,,,,
2010,SVK,Other renewables,0,,,,
2011,SVK,Other renewables,0,,,,
2012,SVK,Other renewables,0,,,,
2013,SVK,Other renewables,0,,,,
2014,SVK,Other renewables,0,,,,
2015,SVK,Other renewables,0,,,,
2016,SVK,Other renewables,0,,,,
2017,SVK,Other renewables,0,,,,
2018,SVK,Other renewables,0,,,,
2019,SVK,Other renewables,0,,,,
2020,SVK,Other renewables,0,,,,
2021,SVK,Other renewables,0,,,,
2022,SVK,Other renewables,0,,,,
2023,SVK,Other renewables,0,,,,
2024,SVK,Other renewables,0,,,,
2025,SVK,Other renewables,0.01,,,,
1990,SVK,Solar,0,,,,
1991,SVK,Solar,0,,,,
1992,SVK,Solar,0,,,,
1993,SVK,Solar,0,,,,
1994,SVK,Solar,0,,,,
1995,SVK,Solar,0,,,,
1996,SVK,Solar,0,,,,
1997,SVK,Solar,0,,,,
1998,SVK,Solar,0,,,,
1999,SVK,Solar,0,,,,
2000,SVK,Solar,0,,,,
2001,SVK,Solar,0,,,,
2002,SVK,Solar,0,,,,
2003,SVK,Solar,0,,,,
2004,SVK,Solar,0,,,,
2005,SVK,Solar,0,,,,
2006,SVK,Solar,0,,,,
2007,SVK,Solar,0,,,,
2008,SVK,Solar,0,,,,
2009,SVK,Solar,0,,,,
2010,SVK,Solar,0.02,,,,
2011,SVK,Solar,0.4,,,,
2012,SVK,Solar,0.42,,,,
2013,SVK,Solar,0.59,,,,
2014,SVK,Solar,0.6,,,,
2015,SVK,Solar,0.51,,,,
2016,SVK,Solar,0.53,,,,
2017,SVK,Solar,0.51,,,,
2018,SVK,Solar,0.58,,,,
2019,SVK,Solar,0.59,,,,
2020,SVK,Solar,0.66,,,,
2021,SVK,Solar,0.67,,,,
2022,SVK,Solar,0.65,,,,
2023,SVK,Solar,0.61,,,,
2024,SVK,Solar,0.69,,,,
2025,SVK,Solar,0.7,,,,
1990,SVK,Total,14,,,,
1991,SVK,Total,13,,,,
1992,SVK,Total,13,,,,
1993,SVK,Total,15,,,,
1994,SVK,Total,17,,,,
1995,SVK,Total,16,,,,
1996,SVK,Total,15,,,,
1997,SVK,Total,15,,,,
1998,SVK,Total,16,,,,
1999,SVK,Total,18,,,,
2000,SVK,Total,21,,,,
2001,SVK,Total,22,,,,
2002,SVK,Total,23,,,,
2003,SVK,Total,21,,,,
2004,SVK,Total,21,,,,
2005,SVK,Total,22,,,,
2006,SVK,Total,23,,,,
2007,SVK,Total,20,,,,
2008,SVK,Total,21,,,,
2009,SVK,Total,19,,,,
2010,SVK,Total,21,,,,
2011,SVK,Total,20,,,,
2012,SVK,Total,21,,,,
2013,SVK,Total,22,,,,
2014,SVK,Total,22,,,,
2015,SVK,Total,21,,,,
2016,SVK,Total,21,,,,
2017,SVK,Total,22,,,,
2018,SVK,Total,21,,,,
2019,SVK,Total,22,,,,
2020,SVK,Total,22,,,,
2021,SVK,Total,23,,,,
2022,SVK,Total,22,,,,
2023,SVK,Total,25,,,,
2024,SVK,Total,25,,,,
2025,SVK,Total,25,,,,
1990,SVK,Wind,0,,,,
1991,SVK,Wind,0,,,,
1992,SVK,Wind,0,,,,
1993,SVK,Wind,0,,,,
1994,SVK,Wind,0,,,,
1995,SVK,Wind,0,,,,
1996,SVK,Wind,0,,,,
1997,SVK,Wind,0,,,,
1998,SVK,Wind,0,,,,
1999,SVK,Wind,0,,,,
2003,SVK,Wind,0,,,,
2004,SVK,Wind,0.01,,,,
2005,SVK,Wind,0.01,,,,
2006,SVK,Wind,0.01,,,,
2007,SVK,Wind,0.01,,,,
2008,SVK,Wind,0.01,,,,
2009,SVK,Wind,0.01,,,,
2010,SVK,Wind,0.01,,,,
2011,SVK,Wind,0,,,,
2012,SVK,Wind,0.01,,,,
2013,SVK,Wind,0.01,,,,
2014,SVK,Wind,0.01,,,,
2015,SVK,Wind,0.01,,,,
2016,SVK,Wind,0.01,,,,
2017,SVK,Wind,0.01,,,,
2018,SVK,Wind,0.01,,,,
2019,SVK,Wind,0.01,,,,
2020,SVK,Wind,0,,,,
2021,SVK,Wind,0,,,,
2022,SVK,Wind,0,,,,
2023,SVK,Wind,0,,,,
2024,SVK,Wind,0,,,,
2025,SVK,Wind,0,,,,
1990,SVN,Hydro,3,,,,
1991,SVN,Hydro,3.6,,,,
1992,SVN,Hydro,3.4,,,,
1993,SVN,Hydro,3,,,,
1994,SVN,Hydro,3.4,,,,
1995,SVN,Hydro,3.3,,,,
1996,SVN,Hydro,3.7,,,,
1997,SVN,Hydro,3.1,,,,
1998,SVN,Hydro,3.5,,,,
1999,SVN,Hydro,3.7,,,,
2000,SVN,Hydro,3.8,,,,
2001,SVN,Hydro,3.8,,,,
2002,SVN,Hydro,3.3,,,,
2003,SVN,Hydro,3,,,,
2004,SVN,Hydro,4.1,,,,
2005,SVN,Hydro,3.5,,,,
2006,SVN,Hydro,3.6,,,,
2007,SVN,Hydro,3.3,,,,
2008,SVN,Hydro,4,,,,
2009,SVN,Hydro,4.7,,,,
2010,SVN,Hydro,4.5,,,,
2011,SVN,Hydro,3.6,,,,
2012,SVN,Hydro,3.9,,,,
2013,SVN,Hydro,4.6,,,,
2014,SVN,Hydro,6.1,,,,
2015,SVN,Hydro,3.8,,,,
2016,SVN,Hydro,4.5,,,,
2017,SVN,Hydro,3.9,,,,
2018,SVN,Hydro,4.7,,,,
2019,SVN,Hydro,4.5,,,,
2020,SVN,Hydro,4.9,,,,
2021,SVN,Hydro,4.7,,,,
2022,SVN,Hydro,3.2,,,,
2023,SVN,Hydro,5,,,,
2024,SVN,Hydro,5.3,,,,
2025,SVN,Hydro,4.1,,,,
1990,SVN,Nuclear,4.6,,,,
1991,SVN,Nuclear,5,,,,
1992,SVN,Nuclear,4,,,,
1993,SVN,Nuclear,4,,,,
1994,SVN,Nuclear,4.6,,,,
1995,SVN,Nuclear,4.8,,,,
1996,SVN,Nuclear,4.7,,,,
1997,SVN,Nuclear,5,,,,
1998,SVN,Nuclear,5,,,,
1999,SVN,Nuclear,4.7,,,,
2000,SVN,Nuclear,4.8,,,,
2001,SVN,Nuclear,5.3,,,,
2002,SVN,Nuclear,5.5,,,,
2003,SVN,Nuclear,5.2,,,,
2004,SVN,Nuclear,5.5,,,,
2005,SVN,Nuclear,5.9,,,,
2006,SVN,Nuclear,5.6,,,,
2007,SVN,Nuclear,5.7,,,,
2008,SVN,Nuclear,6.3,,,,
2009,SVN,Nuclear,5.7,,,,
2010,SVN,Nuclear,5.7,,,,
2011,SVN,Nuclear,6.2,,,,
2012,SVN,Nuclear,5.5,,,,
2013,SVN,Nuclear,5.3,,,,
2014,SVN,Nuclear,6.4,,,,
2015,SVN,Nuclear,5.7,,,,
2016,SVN,Nuclear,5.7,,,,
2017,SVN,Nuclear,6.3,,,,
2018,SVN,Nuclear,5.8,,,,
2019,SVN,Nuclear,5.8,,,,
2020,SVN,Nuclear,6.4,,,,
2021,SVN,Nuclear,5.7,,,,
2022,SVN,Nuclear,5.6,,,,
2023,SVN,Nuclear,5.6,,,,
2024,SVN,Nuclear,5.8,,,,
2025,SVN,Nuclear,5.8,,,,
1990,SVN,Other renewables,0,,,,
1991,SVN,Other renewables,0,,,,
1992,SVN,Other renewables,0,,,,
1993,SVN,Other renewables,0,,,,
1994,SVN,Other renewables,0,,,,
1995,SVN,Other renewables,0,,,,
1996,SVN,Other renewables,0,,,,
1997,SVN,Other renewables,0,,,,
1998,SVN,Other renewables,0,,,,
1999,SVN,Other renewables,0,,,,
2000,SVN,Other renewables,0,,,,
2001,SVN,Other renewables,0,,,,
2002,SVN,Other renewables,0,,,,
2003,SVN,Other renewables,0,,,,
2004,SVN,Other renewables,0,,,,
2005,SVN,Other renewables,0,,,,
2006,SVN,Other renewables,0,,,,
2007,SVN,Other renewables,0,,,,
2008,SVN,Other renewables,0,,,,
2009,SVN,Other renewables,0,,,,
2010,SVN,Other renewables,0,,,,
2011,SVN,Other renewables,0,,,,
2012,SVN,Other renewables,0,,,,
2013,SVN,Other renewables,0,,,,
2014,SVN,Other renewables,0,,,,
2015,SVN,Other renewables,0,,,,
2016,SVN,Other renewables,0,,,,
2017,SVN,Other renewables,0,,,,
2018,SVN,Other renewables,0,,,,
2019,SVN,Other renewables,0,,,,
2020,SVN,Other renewables,0,,,,
2021,SVN,Other renewables,0,,,,
2022,SVN,Other renewables,0,,,,
2023,SVN,Other renewables,0,,,,
2024,SVN,Other renewables,0,,,,
2025,SVN,Other renewables,0,,,,
1990,SVN,Solar,0,,,,
1991,SVN,Solar,0,,,,
1992,SVN,Solar,0,,,,
1993,SVN,Solar,0,,,,
1994,SVN,Solar,0,,,,
1995,SVN,Solar,0,,,,
1996,SVN,Solar,0,,,,
1997,SVN,Solar,0,,,,
1998,SVN,Solar,0,,,,
1999,SVN,Solar,0,,,,
2000,SVN,Solar,0,,,,
2001,SVN,Solar,0,,,,
2002,SVN,Solar,0,,,,
2003,SVN,Solar,0,,,,
2004,SVN,Solar,0,,,,
2005,SVN,Solar,0,,,,
2006,SVN,Solar,0,,,,
2007,SVN,Solar,0,,,,
2008,SVN,Solar,0,,,,
2009,SVN,Solar,0,,,,
2010,SVN,Solar,0.01,,,,
2011,SVN,Solar,0.07,,,,
2012,SVN,Solar,0.16,,,,
2013,SVN,Solar,0.22,,,,
2014,SVN,Solar,0.26,,,,
2015,SVN,Solar,0.27,,,,
2016,SVN,Solar,0.27,,,,
2017,SVN,Solar,0.28,,,,
2018,SVN,Solar,0.25,,,,
2019,SVN,Solar,0.3,,,,
2020,SVN,Solar,0.37,,,,
2021,SVN,Solar,0.45,,,,
2022,SVN,Solar,0.65,,,,
2023,SVN,Solar,0.98,,,,
2024,SVN,Solar,1.3,,,,
2025,SVN,Solar,1.5,,,,
1990,SVN,Total,7.6,,,,
1991,SVN,Total,8.6,,,,
1992,SVN,Total,7.4,,,,
1993,SVN,Total,7,,,,
1994,SVN,Total,8,,,,
1995,SVN,Total,8,,,,
1996,SVN,Total,8.3,,,,
1997,SVN,Total,8.1,,,,
1998,SVN,Total,8.5,,,,
1999,SVN,Total,8.5,,,,
2000,SVN,Total,8.7,,,,
2001,SVN,Total,9.1,,,,
2002,SVN,Total,8.9,,,,
2003,SVN,Total,8.3,,,,
2004,SVN,Total,9.7,,,,
2005,SVN,Total,9.5,,,,
2006,SVN,Total,9.3,,,,
2007,SVN,Total,9.1,,,,
2008,SVN,Total,11,,,,
2009,SVN,Total,11,,,,
2010,SVN,Total,10,,,,
2011,SVN,Total,10,,,,
2012,SVN,Total,9.9,,,,
2013,SVN,Total,10,,,,
2014,SVN,Total,13,,,,
2015,SVN,Total,10,,,,
2016,SVN,Total,11,,,,
2017,SVN,Total,11,,,,
2018,SVN,Total,11,,,,
2019,SVN,Total,11,,,,
2020,SVN,Total,12,,,,
2021,SVN,Total,11,,,,
2022,SVN,Total,9.7,,,,
2023,SVN,Total,12,,,,
2024,SVN,Total,13,,,,
2025,SVN,Total,12,,,,
1990,SVN,Wind,0,,,,
1991,SVN,Wind,0,,,,
1992,SVN,Wind,0,,,,
1993,SVN,Wind,0,,,,
1994,SVN,Wind,0,,,,
1995,SVN,Wind,0,,,,
1996,SVN,Wind,0,,,,
1997,SVN,Wind,0,,,,
1998,SVN,Wind,0,,,,
1999,SVN,Wind,0,,,,
2013,SVN,Wind,0,,,,
2014,SVN,Wind,0,,,,
2015,SVN,Wind,0.01,,,,
2016,SVN,Wind,0.01,,,,
2017,SVN,Wind,0.01,,,,
2018,SVN,Wind,0.01,,,,
2019,SVN,Wind,0.01,,,,
2020,SVN,Wind,0.01,,,,
2021,SVN,Wind,0.01,,,,
2022,SVN,Wind,0.01,,,,
2023,SVN,Wind,0.01,,,,
2024,SVN,Wind,0.01,,,,
2025,SVN,Wind,0.01,,,,
1990,SWE,Hydro,73,,,,
1991,SWE,Hydro,63,,,,
1992,SWE,Hydro,74,,,,
1993,SWE,Hydro,75,,,,
1994,SWE,Hydro,59,,,,
1995,SWE,Hydro,68,,,,
1996,SWE,Hydro,52,,,,
1997,SWE,Hydro,69,,,,
1998,SWE,Hydro,75,,,,
1999,SWE,Hydro,72,,,,
2000,SWE,Hydro,79,,,,
2001,SWE,Hydro,79,,,,
2002,SWE,Hydro,66,,,,
2003,SWE,Hydro,54,,,,
2004,SWE,Hydro,60,,,,
2005,SWE,Hydro,73,,,,
2006,SWE,Hydro,62,,,,
2007,SWE,Hydro,66,,,,
2008,SWE,Hydro,69,,,,
2009,SWE,Hydro,66,,,,
2010,SWE,Hydro,66,,,,
2011,SWE,Hydro,66,,,,
2012,SWE,Hydro,79,,,,
2013,SWE,Hydro,61,,,,
2014,SWE,Hydro,64,,,,
2015,SWE,Hydro,75,,,,
2016,SWE,Hydro,62,,,,
2017,SWE,Hydro,65,,,,
2018,SWE,Hydro,62,,,,
2019,SWE,Hydro,65,,,,
2020,SWE,Hydro,72,,,,
2021,SWE,Hydro,74,,,,
2022,SWE,Hydro,70,,,,
2023,SWE,Hydro,66,,,,
2024,SWE,Hydro,65,,,,
2025,SWE,Hydro,68,,,,
1990,SWE,Nuclear,68,,,,
1991,SWE,Nuclear,77,,,,
1992,SWE,Nuclear,64,,,,
1993,SWE,Nuclear,61,,,,
1994,SWE,Nuclear,73,,,,
1995,SWE,Nuclear,70,,,,
1996,SWE,Nuclear,74,,,,
1997,SWE,Nuclear,70,,,,
1998,SWE,Nuclear,74,,,,
1999,SWE,Nuclear,73,,,,
2000,SWE,Nuclear,57,,,,
2001,SWE,Nuclear,72,,,,
2002,SWE,Nuclear,68,,,,
2003,SWE,Nuclear,67,,,,
2004,SWE,Nuclear,77,,,,
2005,SWE,Nuclear,72,,,,
2006,SWE,Nuclear,67,,,,
2007,SWE,Nuclear,67,,,,
2008,SWE,Nuclear,64,,,,
2009,SWE,Nuclear,52,,,,
2010,SWE,Nuclear,58,,,,
2011,SWE,Nuclear,60,,,,
2012,SWE,Nuclear,64,,,,
2013,SWE,Nuclear,66,,,,
2014,SWE,Nuclear,65,,,,
2015,SWE,Nuclear,56,,,,
2016,SWE,Nuclear,63,,,,
2017,SWE,Nuclear,66,,,,
2018,SWE,Nuclear,69,,,,
2019,SWE,Nuclear,66,,,,
2020,SWE,Nuclear,49,,,,
2021,SWE,Nuclear,53,,,,
2022,SWE,Nuclear,52,,,,
2023,SWE,Nuclear,48,,,,
2024,SWE,Nuclear,51,,,,
2025,SWE,Nuclear,47,,,,
1990,SWE,Other renewables,0,,,,
1991,SWE,Other renewables,0,,,,
1992,SWE,Other renewables,0,,,,
1993,SWE,Other renewables,0,,,,
1994,SWE,Other renewables,0,,,,
1995,SWE,Other renewables,0,,,,
1996,SWE,Other renewables,0,,,,
1997,SWE,Other renewables,0,,,,
1998,SWE,Other renewables,0,,,,
1999,SWE,Other renewables,0,,,,
2000,SWE,Other renewables,0,,,,
2001,SWE,Other renewables,0,,,,
2002,SWE,Other renewables,0,,,,
2003,SWE,Other renewables,0,,,,
2004,SWE,Other renewables,0,,,,
2005,SWE,Other renewables,0,,,,
2006,SWE,Other renewables,0,,,,
2007,SWE,Other renewables,0,,,,
2008,SWE,Other renewables,0,,,,
2009,SWE,Other renewables,0,,,,
2010,SWE,Other renewables,0,,,,
2011,SWE,Other renewables,0,,,,
2012,SWE,Other renewables,0,,,,
2013,SWE,Other renewables,0,,,,
2014,SWE,Other renewables,0,,,,
2015,SWE,Other renewables,0,,,,
2016,SWE,Other renewables,0,,,,
2017,SWE,Other renewables,0,,,,
2018,SWE,Other renewables,0,,,,
2019,SWE,Other renewables,0,,,,
2020,SWE,Other renewables,0,,,,
2021,SWE,Other renewables,0,,,,
2022,SWE,Other renewables,0,,,,
2023,SWE,Other renewables,0,,,,
2024,SWE,Other renewables,0,,,,
2025,SWE,Other renewables,0,,,,
1990,SWE,Solar,0,,,,
1991,SWE,Solar,0,,,,
1992,SWE,Solar,0,,,,
1993,SWE,Solar,0,,,,
1994,SWE,Solar,0,,,,
1995,SWE,Solar,0,,,,
1996,SWE,Solar,0,,,,
1997,SWE,Solar,0,,,,
1998,SWE,Solar,0,,,,
1999,SWE,Solar,0,,,,
2000,SWE,Solar,0,,,,
2001,SWE,Solar,0,,,,
2002,SWE,Solar,0,,,,
2003,SWE,Solar,0,,,,
2004,SWE,Solar,0,,,,
2005,SWE,Solar,0,,,,
2006,SWE,Solar,0,,,,
2007,SWE,Solar,0,,,,
2008,SWE,Solar,0,,,,
2009,SWE,Solar,0.01,,,,
2010,SWE,Solar,0.01,,,,
2011,SWE,Solar,0.01,,,,
2012,SWE,Solar,0.02,,,,
2013,SWE,Solar,0.04,,,,
2014,SWE,Solar,0.05,,,,
2015,SWE,Solar,0.1,,,,
2016,SWE,Solar,0.14,,,,
2017,SWE,Solar,0.23,,,,
2018,SWE,Solar,0.41,,,,
2019,SWE,Solar,0.68,,,,
2020,SWE,Solar,1.1,,,,
2021,SWE,Solar,1.5,,,,
2022,SWE,Solar,2,,,,
2023,SWE,Solar,3.1,,,,
2024,SWE,Solar,4.2,,,,
2025,SWE,Solar,4.4,,,,
1990,SWE,Total,140,,,,
1991,SWE,Total,140,,,,
1992,SWE,Total,140,,,,
1993,SWE,Total,140,,,,
1994,SWE,Total,130,,,,
1995,SWE,Total,140,,,,
1996,SWE,Total,130,,,,
1997,SWE,Total,140,,,,
1998,SWE,Total,150,,,,
1999,SWE,Total,150,,,,
2000,SWE,Total,140,,,,
2001,SWE,Total,160,,,,
2002,SWE,Total,140,,,,
2003,SWE,Total,130,,,,
2004,SWE,Total,150,,,,
2005,SWE,Total,150,,,,
2006,SWE,Total,140,,,,
2007,SWE,Total,140,,,,
2008,SWE,Total,150,,,,
2009,SWE,Total,130,,,,
2010,SWE,Total,140,,,,
2011,SWE,Total,140,,,,
2012,SWE,Total,160,,,,
2013,SWE,Total,150,,,,
2014,SWE,Total,150,,,,
2015,SWE,Total,160,,,,
2016,SWE,Total,150,,,,
2017,SWE,Total,160,,,,
2018,SWE,Total,160,,,,
2019,SWE,Total,170,,,,
2020,SWE,Total,160,,,,
2021,SWE,Total,170,,,,
2022,SWE,Total,170,,,,
2023,SWE,Total,160,,,,
2024,SWE,Total,170,,,,
2025,SWE,Total,170,,,,
1990,SWE,Wind,0.01,,,,
1991,SWE,Wind,0.01,,,,
1992,SWE,Wind,0.03,,,,
1993,SWE,Wind,0.05,,,,
1994,SWE,Wind,0.07,,,,
1995,SWE,Wind,0.1,,,,
1996,SWE,Wind,0.14,,,,
1997,SWE,Wind,0.2,,,,
1998,SWE,Wind,0.32,,,,
1999,SWE,Wind,0.36,,,,
2000,SWE,Wind,0.46,,,,
2001,SWE,Wind,0.48,,,,
2002,SWE,Wind,0.61,,,,
2003,SWE,Wind,0.68,,,,
2004,SWE,Wind,0.86,,,,
2005,SWE,Wind,0.93,,,,
2006,SWE,Wind,0.98,,,,
2007,SWE,Wind,1.4,,,,
2008,SWE,Wind,2,,,,
2009,SWE,Wind,2.5,,,,
2010,SWE,Wind,3.5,,,,
2011,SWE,Wind,6.1,,,,
2012,SWE,Wind,7.2,,,,
2013,SWE,Wind,9.8,,,,
2014,SWE,Wind,11,,,,
2015,SWE,Wind,16,,,,
2016,SWE,Wind,15,,,,
2017,SWE,Wind,18,,,,
2018,SWE,Wind,17,,,,
2019,SWE,Wind,20,,,,
2020,SWE,Wind,28,,,,
2021,SWE,Wind,27,,,,
2022,SWE,Wind,33,,,,
2023,SWE,Wind,34,,,,
2024,SWE,Wind,40,,,,
2025,SWE,Wind,39,,,,
2000,SWZ,Hydro,0.19,,,,
2001,SWZ,Hydro,0.19,,,,
2002,SWZ,Hydro,0.2,,,,
2003,SWZ,Hydro,0.12,,,,
2004,SWZ,Hydro,0.1,,,,
2005,SWZ,Hydro,0.16,,,,
2006,SWZ,Hydro,0.15,,,,
2007,SWZ,Hydro,0.17,,,,
2008,SWZ,Hydro,0.16,,,,
2009,SWZ,Hydro,0.2,,,,
2010,SWZ,Hydro,0.24,,,,
2011,SWZ,Hydro,0.28,,,,
2012,SWZ,Hydro,0.24,,,,
2013,SWZ,Hydro,0.31,,,,
2014,SWZ,Hydro,0.23,,,,
2015,SWZ,Hydro,0.12,,,,
2016,SWZ,Hydro,0.12,,,,
2017,SWZ,Hydro,0.21,,,,
2018,SWZ,Hydro,0.27,,,,
2019,SWZ,Hydro,0.23,,,,
2020,SWZ,Hydro,0.23,,,,
2021,SWZ,Hydro,0.26,,,,
2022,SWZ,Hydro,0.3,,,,
2023,SWZ,Hydro,0.4,,,,
2024,SWZ,Hydro,0.35,,,,
2000,SWZ,Nuclear,0,,,,
2001,SWZ,Nuclear,0,,,,
2002,SWZ,Nuclear,0,,,,
2003,SWZ,Nuclear,0,,,,
2004,SWZ,Nuclear,0,,,,
2005,SWZ,Nuclear,0,,,,
2006,SWZ,Nuclear,0,,,,
2007,SWZ,Nuclear,0,,,,
2008,SWZ,Nuclear,0,,,,
2009,SWZ,Nuclear,0,,,,
2010,SWZ,Nuclear,0,,,,
2011,SWZ,Nuclear,0,,,,
2012,SWZ,Nuclear,0,,,,
2013,SWZ,Nuclear,0,,,,
2014,SWZ,Nuclear,0,,,,
2015,SWZ,Nuclear,0,,,,
2016,SWZ,Nuclear,0,,,,
2017,SWZ,Nuclear,0,,,,
2018,SWZ,Nuclear,0,,,,
2019,SWZ,Nuclear,0,,,,
2020,SWZ,Nuclear,0,,,,
2021,SWZ,Nuclear,0,,,,
2022,SWZ,Nuclear,0,,,,
2023,SWZ,Nuclear,0,,,,
2024,SWZ,Nuclear,0,,,,
2000,SWZ,Other renewables,0,,,,
2001,SWZ,Other renewables,0,,,,
2002,SWZ,Other renewables,0,,,,
2003,SWZ,Other renewables,0,,,,
2004,SWZ,Other renewables,0,,,,
2005,SWZ,Other renewables,0,,,,
2006,SWZ,Other renewables,0,,,,
2007,SWZ,Other renewables,0,,,,
2008,SWZ,Other renewables,0,,,,
2009,SWZ,Other renewables,0,,,,
2010,SWZ,Other renewables,0,,,,
2011,SWZ,Other renewables,0,,,,
2012,SWZ,Other renewables,0,,,,
2013,SWZ,Other renewables,0,,,,
2014,SWZ,Other renewables,0,,,,
2015,SWZ,Other renewables,0,,,,
2016,SWZ,Other renewables,0,,,,
2017,SWZ,Other renewables,0,,,,
2018,SWZ,Other renewables,0,,,,
2019,SWZ,Other renewables,0,,,,
2020,SWZ,Other renewables,0,,,,
2021,SWZ,Other renewables,0,,,,
2022,SWZ,Other renewables,0,,,,
2023,SWZ,Other renewables,0,,,,
2024,SWZ,Other renewables,0,,,,
2000,SWZ,Solar,0,,,,
2001,SWZ,Solar,0,,,,
2002,SWZ,Solar,0,,,,
2003,SWZ,Solar,0,,,,
2004,SWZ,Solar,0,,,,
2005,SWZ,Solar,0,,,,
2006,SWZ,Solar,0,,,,
2007,SWZ,Solar,0,,,,
2008,SWZ,Solar,0,,,,
2009,SWZ,Solar,0,,,,
2010,SWZ,Solar,0,,,,
2011,SWZ,Solar,0,,,,
2012,SWZ,Solar,0,,,,
2013,SWZ,Solar,0,,,,
2014,SWZ,Solar,0,,,,
2015,SWZ,Solar,0,,,,
2016,SWZ,Solar,0,,,,
2017,SWZ,Solar,0,,,,
2018,SWZ,Solar,0,,,,
2019,SWZ,Solar,0,,,,
2020,SWZ,Solar,0,,,,
2021,SWZ,Solar,0.03,,,,
2022,SWZ,Solar,0.03,,,,
2023,SWZ,Solar,0.03,,,,
2024,SWZ,Solar,0.03,,,,
2000,SWZ,Total,0.65,,,,
2001,SWZ,Total,0.69,,,,
2002,SWZ,Total,0.69,,,,
2003,SWZ,Total,0.61,,,,
2004,SWZ,Total,0.55,,,,
2005,SWZ,Total,0.6,,,,
2006,SWZ,Total,0.67,,,,
2007,SWZ,Total,0.69,,,,
2008,SWZ,Total,0.67,,,,
2009,SWZ,Total,0.64,,,,
2010,SWZ,Total,0.72,,,,
2011,SWZ,Total,0.56,,,,
2012,SWZ,Total,0.48,,,,
2013,SWZ,Total,0.56,,,,
2014,SWZ,Total,0.46,,,,
2015,SWZ,Total,0.36,,,,
2016,SWZ,Total,0.33,,,,
2017,SWZ,Total,0.41,,,,
2018,SWZ,Total,0.47,,,,
2019,SWZ,Total,0.45,,,,
2020,SWZ,Total,0.47,,,,
2021,SWZ,Total,0.49,,,,
2022,SWZ,Total,0.53,,,,
2023,SWZ,Total,0.64,,,,
2024,SWZ,Total,0.59,,,,
2000,SWZ,Wind,0,,,,
2001,SWZ,Wind,0,,,,
2002,SWZ,Wind,0,,,,
2003,SWZ,Wind,0,,,,
2004,SWZ,Wind,0,,,,
2005,SWZ,Wind,0,,,,
2006,SWZ,Wind,0,,,,
2007,SWZ,Wind,0,,,,
2008,SWZ,Wind,0,,,,
2009,SWZ,Wind,0,,,,
2010,SWZ,Wind,0,,,,
2011,SWZ,Wind,0,,,,
2012,SWZ,Wind,0,,,,
2013,SWZ,Wind,0,,,,
2014,SWZ,Wind,0,,,,
2015,SWZ,Wind,0,,,,
2016,SWZ,Wind,0,,,,
2017,SWZ,Wind,0,,,,
2018,SWZ,Wind,0,,,,
2019,SWZ,Wind,0,,,,
2020,SWZ,Wind,0,,,,
2021,SWZ,Wind,0,,,,
2022,SWZ,Wind,0,,,,
2023,SWZ,Wind,0,,,,
2024,SWZ,Wind,0,,,,
2000,SYC,Hydro,0,,,,
2001,SYC,Hydro,0,,,,
2002,SYC,Hydro,0,,,,
2003,SYC,Hydro,0,,,,
2004,SYC,Hydro,0,,,,
2005,SYC,Hydro,0,,,,
2006,SYC,Hydro,0,,,,
2007,SYC,Hydro,0,,,,
2008,SYC,Hydro,0,,,,
2009,SYC,Hydro,0,,,,
2010,SYC,Hydro,0,,,,
2011,SYC,Hydro,0,,,,
2012,SYC,Hydro,0,,,,
2013,SYC,Hydro,0,,,,
2014,SYC,Hydro,0,,,,
2015,SYC,Hydro,0,,,,
2016,SYC,Hydro,0,,,,
2017,SYC,Hydro,0,,,,
2018,SYC,Hydro,0,,,,
2019,SYC,Hydro,0,,,,
2020,SYC,Hydro,0,,,,
2021,SYC,Hydro,0,,,,
2022,SYC,Hydro,0,,,,
2023,SYC,Hydro,0,,,,
2024,SYC,Hydro,0,,,,
2000,SYC,Nuclear,0,,,,
2001,SYC,Nuclear,0,,,,
2002,SYC,Nuclear,0,,,,
2003,SYC,Nuclear,0,,,,
2004,SYC,Nuclear,0,,,,
2005,SYC,Nuclear,0,,,,
2006,SYC,Nuclear,0,,,,
2007,SYC,Nuclear,0,,,,
2008,SYC,Nuclear,0,,,,
2009,SYC,Nuclear,0,,,,
2010,SYC,Nuclear,0,,,,
2011,SYC,Nuclear,0,,,,
2012,SYC,Nuclear,0,,,,
2013,SYC,Nuclear,0,,,,
2014,SYC,Nuclear,0,,,,
2015,SYC,Nuclear,0,,,,
2016,SYC,Nuclear,0,,,,
2017,SYC,Nuclear,0,,,,
2018,SYC,Nuclear,0,,,,
2019,SYC,Nuclear,0,,,,
2020,SYC,Nuclear,0,,,,
2021,SYC,Nuclear,0,,,,
2022,SYC,Nuclear,0,,,,
2023,SYC,Nuclear,0,,,,
2024,SYC,Nuclear,0,,,,
2000,SYC,Other renewables,0,,,,
2001,SYC,Other renewables,0,,,,
2002,SYC,Other renewables,0,,,,
2003,SYC,Other renewables,0,,,,
2004,SYC,Other renewables,0,,,,
2005,SYC,Other renewables,0,,,,
2006,SYC,Other renewables,0,,,,
2007,SYC,Other renewables,0,,,,
2008,SYC,Other renewables,0,,,,
2009,SYC,Other renewables,0,,,,
2010,SYC,Other renewables,0,,,,
2011,SYC,Other renewables,0,,,,
2012,SYC,Other renewables,0,,,,
2013,SYC,Other renewables,0,,,,
2014,SYC,Other renewables,0,,,,
2015,SYC,Other renewables,0,,,,
2016,SYC,Other renewables,0,,,,
2017,SYC,Other renewables,0,,,,
2018,SYC,Other renewables,0,,,,
2019,SYC,Other renewables,0,,,,
2020,SYC,Other renewables,0,,,,
2021,SYC,Other renewables,0,,,,
2022,SYC,Other renewables,0,,,,
2023,SYC,Other renewables,0,,,,
2024,SYC,Other renewables,0,,,,
2000,SYC,Solar,0,,,,
2001,SYC,Solar,0,,,,
2002,SYC,Solar,0,,,,
2003,SYC,Solar,0,,,,
2004,SYC,Solar,0,,,,
2005,SYC,Solar,0,,,,
2006,SYC,Solar,0,,,,
2007,SYC,Solar,0,,,,
2008,SYC,Solar,0,,,,
2009,SYC,Solar,0,,,,
2010,SYC,Solar,0,,,,
2011,SYC,Solar,0,,,,
2012,SYC,Solar,0,,,,
2013,SYC,Solar,0,,,,
2014,SYC,Solar,0,,,,
2015,SYC,Solar,0,,,,
2016,SYC,Solar,0,,,,
2017,SYC,Solar,0,,,,
2018,SYC,Solar,0,,,,
2019,SYC,Solar,0.04,,,,
2020,SYC,Solar,0.06,,,,
2021,SYC,Solar,0.07,,,,
2022,SYC,Solar,0.08,,,,
2023,SYC,Solar,0.08,,,,
2024,SYC,Solar,0.09,,,,
2000,SYC,Total,0,,,,
2001,SYC,Total,0,,,,
2002,SYC,Total,0,,,,
2003,SYC,Total,0,,,,
2004,SYC,Total,0,,,,
2005,SYC,Total,0,,,,
2006,SYC,Total,0,,,,
2007,SYC,Total,0,,,,
2008,SYC,Total,0,,,,
2009,SYC,Total,0,,,,
2010,SYC,Total,0,,,,
2011,SYC,Total,0,,,,
2012,SYC,Total,0,,,,
2013,SYC,Total,0.01,,,,
2014,SYC,Total,0.01,,,,
2015,SYC,Total,0.01,,,,
2016,SYC,Total,0.01,,,,
2017,SYC,Total,0.01,,,,
2018,SYC,Total,0.01,,,,
2019,SYC,Total,0.04,,,,
2020,SYC,Total,0.07,,,,
2021,SYC,Total,0.08,,,,
2022,SYC,Total,0.09,,,,
2023,SYC,Total,0.09,,,,
2024,SYC,Total,0.1,,,,
2000,SYC,Wind,0,,,,
2001,SYC,Wind,0,,,,
2002,SYC,Wind,0,,,,
2003,SYC,Wind,0,,,,
2004,SYC,Wind,0,,,,
2005,SYC,Wind,0,,,,
2006,SYC,Wind,0,,,,
2007,SYC,Wind,0,,,,
2008,SYC,Wind,0,,,,
2009,SYC,Wind,0,,,,
2010,SYC,Wind,0,,,,
2011,SYC,Wind,0,,,,
2012,SYC,Wind,0,,,,
2013,SYC,Wind,0.01,,,,
2014,SYC,Wind,0.01,,,,
2015,SYC,Wind,0.01,,,,
2016,SYC,Wind,0.01,,,,
2017,SYC,Wind,0.01,,,,
2018,SYC,Wind,0.01,,,,
2019,SYC,Wind,0,,,,
2020,SYC,Wind,0.01,,,,
2021,SYC,Wind,0.01,,,,
2022,SYC,Wind,0.01,,,,
2023,SYC,Wind,0.01,,,,
2024,SYC,Wind,0.01,,,,
2000,SYR,Hydro,3.2,,,,
2001,SYR,Hydro,3.4,,,,
2002,SYR,Hydro,2.5,,,,
2003,SYR,Hydro,2.8,,,,
2004,SYR,Hydro,4.2,,,,
2005,SYR,Hydro,4.3,,,,
2006,SYR,Hydro,3.9,,,,
2007,SYR,Hydro,3.5,,,,
2008,SYR,Hydro,2.9,,,,
2009,SYR,Hydro,1.9,,,,
2010,SYR,Hydro,2.6,,,,
2011,SYR,Hydro,3,,,,
2012,SYR,Hydro,3,,,,
2013,SYR,Hydro,3,,,,
2014,SYR,Hydro,2.3,,,,
2015,SYR,Hydro,0.41,,,,
2016,SYR,Hydro,0.93,,,,
2017,SYR,Hydro,0.75,,,,
2018,SYR,Hydro,0.75,,,,
2019,SYR,Hydro,0.75,,,,
2020,SYR,Hydro,0.75,,,,
2021,SYR,Hydro,0.75,,,,
2022,SYR,Hydro,0.75,,,,
2023,SYR,Hydro,0.75,,,,
2024,SYR,Hydro,0.75,,,,
2000,SYR,Nuclear,0,,,,
2001,SYR,Nuclear,0,,,,
2002,SYR,Nuclear,0,,,,
2003,SYR,Nuclear,0,,,,
2004,SYR,Nuclear,0,,,,
2005,SYR,Nuclear,0,,,,
2006,SYR,Nuclear,0,,,,
2007,SYR,Nuclear,0,,,,
2008,SYR,Nuclear,0,,,,
2009,SYR,Nuclear,0,,,,
2010,SYR,Nuclear,0,,,,
2011,SYR,Nuclear,0,,,,
2012,SYR,Nuclear,0,,,,
2013,SYR,Nuclear,0,,,,
2014,SYR,Nuclear,0,,,,
2015,SYR,Nuclear,0,,,,
2016,SYR,Nuclear,0,,,,
2017,SYR,Nuclear,0,,,,
2018,SYR,Nuclear,0,,,,
2019,SYR,Nuclear,0,,,,
2020,SYR,Nuclear,0,,,,
2021,SYR,Nuclear,0,,,,
2022,SYR,Nuclear,0,,,,
2023,SYR,Nuclear,0,,,,
2024,SYR,Nuclear,0,,,,
2000,SYR,Other renewables,0,,,,
2001,SYR,Other renewables,0,,,,
2002,SYR,Other renewables,0,,,,
2003,SYR,Other renewables,0,,,,
2004,SYR,Other renewables,0,,,,
2005,SYR,Other renewables,0,,,,
2006,SYR,Other renewables,0,,,,
2007,SYR,Other renewables,0,,,,
2008,SYR,Other renewables,0,,,,
2009,SYR,Other renewables,0,,,,
2010,SYR,Other renewables,0,,,,
2011,SYR,Other renewables,0,,,,
2012,SYR,Other renewables,0,,,,
2013,SYR,Other renewables,0,,,,
2014,SYR,Other renewables,0,,,,
2015,SYR,Other renewables,0,,,,
2016,SYR,Other renewables,0,,,,
2017,SYR,Other renewables,0,,,,
2018,SYR,Other renewables,0,,,,
2019,SYR,Other renewables,0,,,,
2020,SYR,Other renewables,0,,,,
2021,SYR,Other renewables,0,,,,
2022,SYR,Other renewables,0,,,,
2023,SYR,Other renewables,0,,,,
2024,SYR,Other renewables,0,,,,
2000,SYR,Solar,0,,,,
2001,SYR,Solar,0,,,,
2002,SYR,Solar,0,,,,
2003,SYR,Solar,0,,,,
2004,SYR,Solar,0,,,,
2005,SYR,Solar,0,,,,
2006,SYR,Solar,0,,,,
2007,SYR,Solar,0,,,,
2008,SYR,Solar,0,,,,
2009,SYR,Solar,0,,,,
2010,SYR,Solar,0,,,,
2011,SYR,Solar,0,,,,
2012,SYR,Solar,0,,,,
2013,SYR,Solar,0,,,,
2014,SYR,Solar,0,,,,
2015,SYR,Solar,0,,,,
2016,SYR,Solar,0,,,,
2017,SYR,Solar,0,,,,
2018,SYR,Solar,0,,,,
2019,SYR,Solar,0,,,,
2020,SYR,Solar,0.02,,,,
2021,SYR,Solar,0.06,,,,
2022,SYR,Solar,0.1,,,,
2023,SYR,Solar,0.1,,,,
2024,SYR,Solar,0.1,,,,
2000,SYR,Total,3.3,,,,
2001,SYR,Total,3.4,,,,
2002,SYR,Total,2.5,,,,
2003,SYR,Total,2.8,,,,
2004,SYR,Total,4.2,,,,
2005,SYR,Total,4.4,,,,
2006,SYR,Total,4,,,,
2007,SYR,Total,3.5,,,,
2008,SYR,Total,2.9,,,,
2009,SYR,Total,1.9,,,,
2010,SYR,Total,2.6,,,,
2011,SYR,Total,3,,,,
2012,SYR,Total,3,,,,
2013,SYR,Total,3,,,,
2014,SYR,Total,2.4,,,,
2015,SYR,Total,0.44,,,,
2016,SYR,Total,0.96,,,,
2017,SYR,Total,0.78,,,,
2018,SYR,Total,0.78,,,,
2019,SYR,Total,0.78,,,,
2020,SYR,Total,0.8,,,,
2021,SYR,Total,0.84,,,,
2022,SYR,Total,0.88,,,,
2023,SYR,Total,0.88,,,,
2024,SYR,Total,0.88,,,,
2000,SYR,Wind,0,,,,
2001,SYR,Wind,0,,,,
2002,SYR,Wind,0,,,,
2003,SYR,Wind,0,,,,
2004,SYR,Wind,0,,,,
2005,SYR,Wind,0,,,,
2006,SYR,Wind,0,,,,
2007,SYR,Wind,0,,,,
2008,SYR,Wind,0,,,,
2009,SYR,Wind,0,,,,
2010,SYR,Wind,0,,,,
2011,SYR,Wind,0,,,,
2012,SYR,Wind,0,,,,
2013,SYR,Wind,0,,,,
2014,SYR,Wind,0,,,,
2015,SYR,Wind,0,,,,
2016,SYR,Wind,0,,,,
2017,SYR,Wind,0,,,,
2018,SYR,Wind,0,,,,
2019,SYR,Wind,0,,,,
2020,SYR,Wind,0,,,,
2021,SYR,Wind,0,,,,
2022,SYR,Wind,0,,,,
2023,SYR,Wind,0,,,,
2024,SYR,Wind,0,,,,
2000,TCA,Hydro,0,,,,
2001,TCA,Hydro,0,,,,
2002,TCA,Hydro,0,,,,
2003,TCA,Hydro,0,,,,
2004,TCA,Hydro,0,,,,
2005,TCA,Hydro,0,,,,
2006,TCA,Hydro,0,,,,
2007,TCA,Hydro,0,,,,
2008,TCA,Hydro,0,,,,
2009,TCA,Hydro,0,,,,
2010,TCA,Hydro,0,,,,
2011,TCA,Hydro,0,,,,
2012,TCA,Hydro,0,,,,
2013,TCA,Hydro,0,,,,
2014,TCA,Hydro,0,,,,
2015,TCA,Hydro,0,,,,
2016,TCA,Hydro,0,,,,
2017,TCA,Hydro,0,,,,
2018,TCA,Hydro,0,,,,
2019,TCA,Hydro,0,,,,
2020,TCA,Hydro,0,,,,
2021,TCA,Hydro,0,,,,
2022,TCA,Hydro,0,,,,
2023,TCA,Hydro,0,,,,
2024,TCA,Hydro,0,,,,
2000,TCA,Nuclear,0,,,,
2001,TCA,Nuclear,0,,,,
2002,TCA,Nuclear,0,,,,
2003,TCA,Nuclear,0,,,,
2004,TCA,Nuclear,0,,,,
2005,TCA,Nuclear,0,,,,
2006,TCA,Nuclear,0,,,,
2007,TCA,Nuclear,0,,,,
2008,TCA,Nuclear,0,,,,
2009,TCA,Nuclear,0,,,,
2010,TCA,Nuclear,0,,,,
2011,TCA,Nuclear,0,,,,
2012,TCA,Nuclear,0,,,,
2013,TCA,Nuclear,0,,,,
2014,TCA,Nuclear,0,,,,
2015,TCA,Nuclear,0,,,,
2016,TCA,Nuclear,0,,,,
2017,TCA,Nuclear,0,,,,
2018,TCA,Nuclear,0,,,,
2019,TCA,Nuclear,0,,,,
2020,TCA,Nuclear,0,,,,
2021,TCA,Nuclear,0,,,,
2022,TCA,Nuclear,0,,,,
2023,TCA,Nuclear,0,,,,
2024,TCA,Nuclear,0,,,,
2000,TCA,Other renewables,0,,,,
2001,TCA,Other renewables,0,,,,
2002,TCA,Other renewables,0,,,,
2003,TCA,Other renewables,0,,,,
2004,TCA,Other renewables,0,,,,
2005,TCA,Other renewables,0,,,,
2006,TCA,Other renewables,0,,,,
2007,TCA,Other renewables,0,,,,
2008,TCA,Other renewables,0,,,,
2009,TCA,Other renewables,0,,,,
2010,TCA,Other renewables,0,,,,
2011,TCA,Other renewables,0,,,,
2012,TCA,Other renewables,0,,,,
2013,TCA,Other renewables,0,,,,
2014,TCA,Other renewables,0,,,,
2015,TCA,Other renewables,0,,,,
2016,TCA,Other renewables,0,,,,
2017,TCA,Other renewables,0,,,,
2018,TCA,Other renewables,0,,,,
2019,TCA,Other renewables,0,,,,
2020,TCA,Other renewables,0,,,,
2021,TCA,Other renewables,0,,,,
2022,TCA,Other renewables,0,,,,
2023,TCA,Other renewables,0,,,,
2024,TCA,Other renewables,0,,,,
2000,TCA,Solar,0,,,,
2001,TCA,Solar,0,,,,
2002,TCA,Solar,0,,,,
2003,TCA,Solar,0,,,,
2004,TCA,Solar,0,,,,
2005,TCA,Solar,0,,,,
2006,TCA,Solar,0,,,,
2007,TCA,Solar,0,,,,
2008,TCA,Solar,0,,,,
2009,TCA,Solar,0,,,,
2010,TCA,Solar,0,,,,
2011,TCA,Solar,0,,,,
2012,TCA,Solar,0,,,,
2013,TCA,Solar,0,,,,
2014,TCA,Solar,0,,,,
2015,TCA,Solar,0,,,,
2016,TCA,Solar,0,,,,
2017,TCA,Solar,0,,,,
2018,TCA,Solar,0,,,,
2019,TCA,Solar,0,,,,
2020,TCA,Solar,0,,,,
2021,TCA,Solar,0,,,,
2022,TCA,Solar,0,,,,
2023,TCA,Solar,0,,,,
2024,TCA,Solar,0.01,,,,
2000,TCA,Total,0,,,,
2001,TCA,Total,0,,,,
2002,TCA,Total,0,,,,
2003,TCA,Total,0,,,,
2004,TCA,Total,0,,,,
2005,TCA,Total,0,,,,
2006,TCA,Total,0,,,,
2007,TCA,Total,0,,,,
2008,TCA,Total,0,,,,
2009,TCA,Total,0,,,,
2010,TCA,Total,0,,,,
2011,TCA,Total,0,,,,
2012,TCA,Total,0,,,,
2013,TCA,Total,0,,,,
2014,TCA,Total,0,,,,
2015,TCA,Total,0,,,,
2016,TCA,Total,0,,,,
2017,TCA,Total,0,,,,
2018,TCA,Total,0,,,,
2019,TCA,Total,0,,,,
2020,TCA,Total,0,,,,
2021,TCA,Total,0,,,,
2022,TCA,Total,0,,,,
2023,TCA,Total,0,,,,
2024,TCA,Total,0.01,,,,
2000,TCA,Wind,0,,,,
2001,TCA,Wind,0,,,,
2002,TCA,Wind,0,,,,
2003,TCA,Wind,0,,,,
2004,TCA,Wind,0,,,,
2005,TCA,Wind,0,,,,
2006,TCA,Wind,0,,,,
2007,TCA,Wind,0,,,,
2008,TCA,Wind,0,,,,
2009,TCA,Wind,0,,,,
2010,TCA,Wind,0,,,,
2011,TCA,Wind,0,,,,
2012,TCA,Wind,0,,,,
2013,TCA,Wind,0,,,,
2014,TCA,Wind,0,,,,
2015,TCA,Wind,0,,,,
2016,TCA,Wind,0,,,,
2017,TCA,Wind,0,,,,
2018,TCA,Wind,0,,,,
2019,TCA,Wind,0,,,,
2020,TCA,Wind,0,,,,
2021,TCA,Wind,0,,,,
2022,TCA,Wind,0,,,,
2023,TCA,Wind,0,,,,
2024,TCA,Wind,0,,,,
2000,TCD,Hydro,0,,,,
2001,TCD,Hydro,0,,,,
2002,TCD,Hydro,0,,,,
2003,TCD,Hydro,0,,,,
2004,TCD,Hydro,0,,,,
2005,TCD,Hydro,0,,,,
2006,TCD,Hydro,0,,,,
2007,TCD,Hydro,0,,,,
2008,TCD,Hydro,0,,,,
2009,TCD,Hydro,0,,,,
2010,TCD,Hydro,0,,,,
2011,TCD,Hydro,0,,,,
2012,TCD,Hydro,0,,,,
2013,TCD,Hydro,0,,,,
2014,TCD,Hydro,0,,,,
2015,TCD,Hydro,0,,,,
2016,TCD,Hydro,0,,,,
2017,TCD,Hydro,0,,,,
2018,TCD,Hydro,0,,,,
2019,TCD,Hydro,0,,,,
2020,TCD,Hydro,0,,,,
2021,TCD,Hydro,0,,,,
2022,TCD,Hydro,0,,,,
2023,TCD,Hydro,0,,,,
2024,TCD,Hydro,0,,,,
2000,TCD,Nuclear,0,,,,
2001,TCD,Nuclear,0,,,,
2002,TCD,Nuclear,0,,,,
2003,TCD,Nuclear,0,,,,
2004,TCD,Nuclear,0,,,,
2005,TCD,Nuclear,0,,,,
2006,TCD,Nuclear,0,,,,
2007,TCD,Nuclear,0,,,,
2008,TCD,Nuclear,0,,,,
2009,TCD,Nuclear,0,,,,
2010,TCD,Nuclear,0,,,,
2011,TCD,Nuclear,0,,,,
2012,TCD,Nuclear,0,,,,
2013,TCD,Nuclear,0,,,,
2014,TCD,Nuclear,0,,,,
2015,TCD,Nuclear,0,,,,
2016,TCD,Nuclear,0,,,,
2017,TCD,Nuclear,0,,,,
2018,TCD,Nuclear,0,,,,
2019,TCD,Nuclear,0,,,,
2020,TCD,Nuclear,0,,,,
2021,TCD,Nuclear,0,,,,
2022,TCD,Nuclear,0,,,,
2023,TCD,Nuclear,0,,,,
2024,TCD,Nuclear,0,,,,
2000,TCD,Other renewables,0,,,,
2001,TCD,Other renewables,0,,,,
2002,TCD,Other renewables,0,,,,
2003,TCD,Other renewables,0,,,,
2004,TCD,Other renewables,0,,,,
2005,TCD,Other renewables,0,,,,
2006,TCD,Other renewables,0,,,,
2007,TCD,Other renewables,0,,,,
2008,TCD,Other renewables,0,,,,
2009,TCD,Other renewables,0,,,,
2010,TCD,Other renewables,0,,,,
2011,TCD,Other renewables,0,,,,
2012,TCD,Other renewables,0,,,,
2013,TCD,Other renewables,0,,,,
2014,TCD,Other renewables,0,,,,
2015,TCD,Other renewables,0,,,,
2016,TCD,Other renewables,0,,,,
2017,TCD,Other renewables,0,,,,
2018,TCD,Other renewables,0,,,,
2019,TCD,Other renewables,0,,,,
2020,TCD,Other renewables,0,,,,
2021,TCD,Other renewables,0,,,,
2022,TCD,Other renewables,0,,,,
2023,TCD,Other renewables,0,,,,
2024,TCD,Other renewables,0,,,,
2000,TCD,Solar,0,,,,
2001,TCD,Solar,0,,,,
2002,TCD,Solar,0,,,,
2003,TCD,Solar,0,,,,
2004,TCD,Solar,0,,,,
2005,TCD,Solar,0,,,,
2006,TCD,Solar,0,,,,
2007,TCD,Solar,0,,,,
2008,TCD,Solar,0,,,,
2009,TCD,Solar,0,,,,
2010,TCD,Solar,0,,,,
2011,TCD,Solar,0,,,,
2012,TCD,Solar,0,,,,
2013,TCD,Solar,0,,,,
2014,TCD,Solar,0,,,,
2015,TCD,Solar,0,,,,
2016,TCD,Solar,0,,,,
2017,TCD,Solar,0,,,,
2018,TCD,Solar,0,,,,
2019,TCD,Solar,0,,,,
2020,TCD,Solar,0,,,,
2021,TCD,Solar,0,,,,
2022,TCD,Solar,0,,,,
2023,TCD,Solar,0,,,,
2024,TCD,Solar,0,,,,
2000,TCD,Total,0,,,,
2001,TCD,Total,0,,,,
2002,TCD,Total,0,,,,
2003,TCD,Total,0,,,,
2004,TCD,Total,0,,,,
2005,TCD,Total,0,,,,
2006,TCD,Total,0,,,,
2007,TCD,Total,0,,,,
2008,TCD,Total,0,,,,
2009,TCD,Total,0,,,,
2010,TCD,Total,0,,,,
2011,TCD,Total,0,,,,
2012,TCD,Total,0.01,,,,
2013,TCD,Total,0.01,,,,
2014,TCD,Total,0.01,,,,
2015,TCD,Total,0.01,,,,
2016,TCD,Total,0.02,,,,
2017,TCD,Total,0.02,,,,
2018,TCD,Total,0.02,,,,
2019,TCD,Total,0.02,,,,
2020,TCD,Total,0.02,,,,
2021,TCD,Total,0.02,,,,
2022,TCD,Total,0.02,,,,
2023,TCD,Total,0.02,,,,
2024,TCD,Total,0.02,,,,
2000,TCD,Wind,0,,,,
2001,TCD,Wind,0,,,,
2002,TCD,Wind,0,,,,
2003,TCD,Wind,0,,,,
2004,TCD,Wind,0,,,,
2005,TCD,Wind,0,,,,
2006,TCD,Wind,0,,,,
2007,TCD,Wind,0,,,,
2008,TCD,Wind,0,,,,
2009,TCD,Wind,0,,,,
2010,TCD,Wind,0,,,,
2011,TCD,Wind,0,,,,
2012,TCD,Wind,0,,,,
2013,TCD,Wind,0,,,,
2014,TCD,Wind,0,,,,
2015,TCD,Wind,0,,,,
2016,TCD,Wind,0.01,,,,
2017,TCD,Wind,0.01,,,,
2018,TCD,Wind,0.01,,,,
2019,TCD,Wind,0.01,,,,
2020,TCD,Wind,0.01,,,,
2021,TCD,Wind,0.01,,,,
2022,TCD,Wind,0.01,,,,
2023,TCD,Wind,0.01,,,,
2024,TCD,Wind,0.01,,,,
2000,TGO,Hydro,0.1,,,,
2001,TGO,Hydro,0.05,,,,
2002,TGO,Hydro,0.09,,,,
2003,TGO,Hydro,0.12,,,,
2004,TGO,Hydro,0.08,,,,
2005,TGO,Hydro,0.07,,,,
2006,TGO,Hydro,0.09,,,,
2007,TGO,Hydro,0.09,,,,
2008,TGO,Hydro,0.09,,,,
2009,TGO,Hydro,0.11,,,,
2010,TGO,Hydro,0.09,,,,
2011,TGO,Hydro,0.1,,,,
2012,TGO,Hydro,0.09,,,,
2013,TGO,Hydro,0.04,,,,
2014,TGO,Hydro,0.12,,,,
2015,TGO,Hydro,0.06,,,,
2016,TGO,Hydro,0.2,,,,
2017,TGO,Hydro,0.21,,,,
2018,TGO,Hydro,0.2,,,,
2019,TGO,Hydro,0.12,,,,
2020,TGO,Hydro,0.08,,,,
2021,TGO,Hydro,0.09,,,,
2022,TGO,Hydro,0.08,,,,
2023,TGO,Hydro,0.08,,,,
2024,TGO,Hydro,0.08,,,,
2000,TGO,Nuclear,0,,,,
2001,TGO,Nuclear,0,,,,
2002,TGO,Nuclear,0,,,,
2003,TGO,Nuclear,0,,,,
2004,TGO,Nuclear,0,,,,
2005,TGO,Nuclear,0,,,,
2006,TGO,Nuclear,0,,,,
2007,TGO,Nuclear,0,,,,
2008,TGO,Nuclear,0,,,,
2009,TGO,Nuclear,0,,,,
2010,TGO,Nuclear,0,,,,
2011,TGO,Nuclear,0,,,,
2012,TGO,Nuclear,0,,,,
2013,TGO,Nuclear,0,,,,
2014,TGO,Nuclear,0,,,,
2015,TGO,Nuclear,0,,,,
2016,TGO,Nuclear,0,,,,
2017,TGO,Nuclear,0,,,,
2018,TGO,Nuclear,0,,,,
2019,TGO,Nuclear,0,,,,
2020,TGO,Nuclear,0,,,,
2021,TGO,Nuclear,0,,,,
2022,TGO,Nuclear,0,,,,
2023,TGO,Nuclear,0,,,,
2024,TGO,Nuclear,0,,,,
2000,TGO,Other renewables,0,,,,
2001,TGO,Other renewables,0,,,,
2002,TGO,Other renewables,0,,,,
2003,TGO,Other renewables,0,,,,
2004,TGO,Other renewables,0,,,,
2005,TGO,Other renewables,0,,,,
2006,TGO,Other renewables,0,,,,
2007,TGO,Other renewables,0,,,,
2008,TGO,Other renewables,0,,,,
2009,TGO,Other renewables,0,,,,
2010,TGO,Other renewables,0,,,,
2011,TGO,Other renewables,0,,,,
2012,TGO,Other renewables,0,,,,
2013,TGO,Other renewables,0,,,,
2014,TGO,Other renewables,0,,,,
2015,TGO,Other renewables,0,,,,
2016,TGO,Other renewables,0,,,,
2017,TGO,Other renewables,0,,,,
2018,TGO,Other renewables,0,,,,
2019,TGO,Other renewables,0,,,,
2020,TGO,Other renewables,0,,,,
2021,TGO,Other renewables,0,,,,
2022,TGO,Other renewables,0,,,,
2023,TGO,Other renewables,0,,,,
2024,TGO,Other renewables,0,,,,
2000,TGO,Solar,0,,,,
2001,TGO,Solar,0,,,,
2002,TGO,Solar,0,,,,
2003,TGO,Solar,0,,,,
2004,TGO,Solar,0,,,,
2005,TGO,Solar,0,,,,
2006,TGO,Solar,0,,,,
2007,TGO,Solar,0,,,,
2008,TGO,Solar,0,,,,
2009,TGO,Solar,0,,,,
2010,TGO,Solar,0,,,,
2011,TGO,Solar,0,,,,
2012,TGO,Solar,0,,,,
2013,TGO,Solar,0,,,,
2014,TGO,Solar,0,,,,
2015,TGO,Solar,0,,,,
2016,TGO,Solar,0,,,,
2017,TGO,Solar,0,,,,
2018,TGO,Solar,0.01,,,,
2019,TGO,Solar,0.01,,,,
2020,TGO,Solar,0.01,,,,
2021,TGO,Solar,0.07,,,,
2022,TGO,Solar,0.1,,,,
2023,TGO,Solar,0.11,,,,
2024,TGO,Solar,0.13,,,,
2000,TGO,Total,0.1,,,,
2001,TGO,Total,0.05,,,,
2002,TGO,Total,0.09,,,,
2003,TGO,Total,0.12,,,,
2004,TGO,Total,0.08,,,,
2005,TGO,Total,0.07,,,,
2006,TGO,Total,0.09,,,,
2007,TGO,Total,0.1,,,,
2008,TGO,Total,0.09,,,,
2009,TGO,Total,0.11,,,,
2010,TGO,Total,0.09,,,,
2011,TGO,Total,0.1,,,,
2012,TGO,Total,0.09,,,,
2013,TGO,Total,0.04,,,,
2014,TGO,Total,0.12,,,,
2015,TGO,Total,0.06,,,,
2016,TGO,Total,0.2,,,,
2017,TGO,Total,0.21,,,,
2018,TGO,Total,0.21,,,,
2019,TGO,Total,0.13,,,,
2020,TGO,Total,0.09,,,,
2021,TGO,Total,0.16,,,,
2022,TGO,Total,0.18,,,,
2023,TGO,Total,0.19,,,,
2024,TGO,Total,0.21,,,,
2000,TGO,Wind,0,,,,
2001,TGO,Wind,0,,,,
2002,TGO,Wind,0,,,,
2003,TGO,Wind,0,,,,
2004,TGO,Wind,0,,,,
2005,TGO,Wind,0,,,,
2006,TGO,Wind,0,,,,
2007,TGO,Wind,0,,,,
2008,TGO,Wind,0,,,,
2009,TGO,Wind,0,,,,
2010,TGO,Wind,0,,,,
2011,TGO,Wind,0,,,,
2012,TGO,Wind,0,,,,
2013,TGO,Wind,0,,,,
2014,TGO,Wind,0,,,,
2015,TGO,Wind,0,,,,
2016,TGO,Wind,0,,,,
2017,TGO,Wind,0,,,,
2018,TGO,Wind,0,,,,
2019,TGO,Wind,0,,,,
2020,TGO,Wind,0,,,,
2021,TGO,Wind,0,,,,
2022,TGO,Wind,0,,,,
2023,TGO,Wind,0,,,,
2024,TGO,Wind,0,,,,
1985,THA,Hydro,3.7,,,,
1986,THA,Hydro,5.5,,,,
1987,THA,Hydro,4.1,,,,
1988,THA,Hydro,3.7,,,,
1989,THA,Hydro,5.5,,,,
1990,THA,Hydro,4.9,,,,
1991,THA,Hydro,4.5,,,,
1992,THA,Hydro,4.2,,,,
1993,THA,Hydro,3.6,,,,
1994,THA,Hydro,4.4,,,,
1995,THA,Hydro,6.6,,,,
1996,THA,Hydro,7.2,,,,
1997,THA,Hydro,7.1,,,,
1998,THA,Hydro,5.1,,,,
1999,THA,Hydro,3.4,,,,
2000,THA,Hydro,5.9,,,,
2001,THA,Hydro,6.2,,,,
2002,THA,Hydro,7.4,,,,
2003,THA,Hydro,7.2,,,,
2004,THA,Hydro,5.9,,,,
2005,THA,Hydro,5.7,,,,
2006,THA,Hydro,8,,,,
2007,THA,Hydro,8,,,,
2008,THA,Hydro,7,,,,
2009,THA,Hydro,7,,,,
2010,THA,Hydro,5.4,,,,
2011,THA,Hydro,7.9,,,,
2012,THA,Hydro,8.4,,,,
2013,THA,Hydro,5.4,,,,
2014,THA,Hydro,5.2,,,,
2015,THA,Hydro,3.8,,,,
2016,THA,Hydro,3.5,,,,
2017,THA,Hydro,4.7,,,,
2018,THA,Hydro,7.6,,,,
2019,THA,Hydro,6.3,,,,
2020,THA,Hydro,4.5,,,,
2021,THA,Hydro,4.5,,,,
2022,THA,Hydro,6.6,,,,
2023,THA,Hydro,6.6,,,,
2024,THA,Hydro,6.4,,,,
2025,THA,Hydro,7.6,,,,
1985,THA,Nuclear,0,,,,
1986,THA,Nuclear,0,,,,
1987,THA,Nuclear,0,,,,
1988,THA,Nuclear,0,,,,
1989,THA,Nuclear,0,,,,
1990,THA,Nuclear,0,,,,
1991,THA,Nuclear,0,,,,
1992,THA,Nuclear,0,,,,
1993,THA,Nuclear,0,,,,
1994,THA,Nuclear,0,,,,
1995,THA,Nuclear,0,,,,
1996,THA,Nuclear,0,,,,
1997,THA,Nuclear,0,,,,
1998,THA,Nuclear,0,,,,
1999,THA,Nuclear,0,,,,
1985,THA,Solar,0,,,,
1986,THA,Solar,0,,,,
1987,THA,Solar,0,,,,
1988,THA,Solar,0,,,,
1989,THA,Solar,0,,,,
1990,THA,Solar,0,,,,
1991,THA,Solar,0,,,,
1992,THA,Solar,0,,,,
1993,THA,Solar,0,,,,
1994,THA,Solar,0,,,,
1995,THA,Solar,0,,,,
1996,THA,Solar,0,,,,
1997,THA,Solar,0,,,,
1998,THA,Solar,0,,,,
1999,THA,Solar,0,,,,
2000,THA,Solar,0,,,,
2001,THA,Solar,0,,,,
2002,THA,Solar,0,,,,
2003,THA,Solar,0,,,,
2004,THA,Solar,0,,,,
2005,THA,Solar,0,,,,
2006,THA,Solar,0.04,,,,
2007,THA,Solar,0.04,,,,
2008,THA,Solar,0.04,,,,
2009,THA,Solar,0.04,,,,
2010,THA,Solar,0.06,,,,
2011,THA,Solar,0.09,,,,
2012,THA,Solar,0.5,,,,
2013,THA,Solar,1.3,,,,
2014,THA,Solar,1.9,,,,
2015,THA,Solar,2.4,,,,
2016,THA,Solar,3.6,,,,
2017,THA,Solar,4.5,,,,
2018,THA,Solar,4.5,,,,
2019,THA,Solar,5.2,,,,
2020,THA,Solar,5,,,,
2021,THA,Solar,5,,,,
2022,THA,Solar,5,,,,
2023,THA,Solar,5.1,,,,
2024,THA,Solar,5.4,,,,
2025,THA,Solar,10,,,,
1985,THA,Total,3.7,,,,
1986,THA,Total,5.5,,,,
1987,THA,Total,4.1,,,,
1988,THA,Total,3.8,,,,
1989,THA,Total,5.5,,,,
1990,THA,Total,4.9,,,,
1991,THA,Total,4.5,,,,
1992,THA,Total,4.2,,,,
1993,THA,Total,3.6,,,,
1994,THA,Total,4.5,,,,
1995,THA,Total,6.7,,,,
1996,THA,Total,7.4,,,,
1997,THA,Total,7.4,,,,
1998,THA,Total,5.4,,,,
1999,THA,Total,3.9,,,,
2000,THA,Total,6.4,,,,
2001,THA,Total,6.8,,,,
2002,THA,Total,8.1,,,,
2003,THA,Total,8.4,,,,
2004,THA,Total,7.7,,,,
2005,THA,Total,7.5,,,,
2006,THA,Total,10,,,,
2007,THA,Total,10,,,,
2008,THA,Total,9.1,,,,
2009,THA,Total,9.3,,,,
2010,THA,Total,8.8,,,,
2011,THA,Total,12,,,,
2012,THA,Total,14,,,,
2013,THA,Total,13,,,,
2014,THA,Total,14,,,,
2015,THA,Total,14,,,,
2016,THA,Total,16,,,,
2017,THA,Total,20,,,,
2018,THA,Total,26,,,,
2019,THA,Total,28,,,,
2020,THA,Total,25,,,,
2021,THA,Total,26,,,,
2022,THA,Total,28,,,,
2023,THA,Total,30,,,,
2024,THA,Total,30,,,,
2025,THA,Total,31,,,,
1985,THA,Wind,0,,,,
1986,THA,Wind,0,,,,
1987,THA,Wind,0,,,,
1988,THA,Wind,0,,,,
1989,THA,Wind,0,,,,
1990,THA,Wind,0,,,,
1991,THA,Wind,0,,,,
1992,THA,Wind,0,,,,
1993,THA,Wind,0,,,,
1994,THA,Wind,0,,,,
1995,THA,Wind,0,,,,
1996,THA,Wind,0,,,,
1997,THA,Wind,0,,,,
1998,THA,Wind,0,,,,
1999,THA,Wind,0,,,,
2000,THA,Wind,0,,,,
2001,THA,Wind,0,,,,
2002,THA,Wind,0,,,,
2003,THA,Wind,0,,,,
2004,THA,Wind,0,,,,
2005,THA,Wind,0,,,,
2006,THA,Wind,0,,,,
2007,THA,Wind,0,,,,
2008,THA,Wind,0,,,,
2009,THA,Wind,0,,,,
2010,THA,Wind,0,,,,
2011,THA,Wind,0,,,,
2012,THA,Wind,0.02,,,,
2013,THA,Wind,0.35,,,,
2014,THA,Wind,0.4,,,,
2015,THA,Wind,0.33,,,,
2016,THA,Wind,0.38,,,,
2017,THA,Wind,1.1,,,,
2018,THA,Wind,1.6,,,,
2019,THA,Wind,3.7,,,,
2020,THA,Wind,3.2,,,,
2021,THA,Wind,3.5,,,,
2022,THA,Wind,3,,,,
2023,THA,Wind,3.7,,,,
2024,THA,Wind,3.4,,,,
2025,THA,Wind,3.4,,,,
2000,TJK,Hydro,14,,,,
2001,TJK,Hydro,14,,,,
2002,TJK,Hydro,15,,,,
2003,TJK,Hydro,16,,,,
2004,TJK,Hydro,16,,,,
2005,TJK,Hydro,17,,,,
2006,TJK,Hydro,17,,,,
2007,TJK,Hydro,17,,,,
2008,TJK,Hydro,16,,,,
2009,TJK,Hydro,16,,,,
2010,TJK,Hydro,16,,,,
2011,TJK,Hydro,16,,,,
2012,TJK,Hydro,17,,,,
2013,TJK,Hydro,17,,,,
2014,TJK,Hydro,16,,,,
2015,TJK,Hydro,17,,,,
2016,TJK,Hydro,17,,,,
2017,TJK,Hydro,17,,,,
2018,TJK,Hydro,18,,,,
2019,TJK,Hydro,19,,,,
2020,TJK,Hydro,18,,,,
2021,TJK,Hydro,19,,,,
2022,TJK,Hydro,20,,,,
2023,TJK,Hydro,20,,,,
2024,TJK,Hydro,21,,,,
2025,TJK,Hydro,23,,,,
2000,TJK,Nuclear,0,,,,
2001,TJK,Nuclear,0,,,,
2002,TJK,Nuclear,0,,,,
2003,TJK,Nuclear,0,,,,
2004,TJK,Nuclear,0,,,,
2005,TJK,Nuclear,0,,,,
2006,TJK,Nuclear,0,,,,
2007,TJK,Nuclear,0,,,,
2008,TJK,Nuclear,0,,,,
2009,TJK,Nuclear,0,,,,
2010,TJK,Nuclear,0,,,,
2011,TJK,Nuclear,0,,,,
2012,TJK,Nuclear,0,,,,
2013,TJK,Nuclear,0,,,,
2014,TJK,Nuclear,0,,,,
2015,TJK,Nuclear,0,,,,
2016,TJK,Nuclear,0,,,,
2017,TJK,Nuclear,0,,,,
2018,TJK,Nuclear,0,,,,
2019,TJK,Nuclear,0,,,,
2020,TJK,Nuclear,0,,,,
2021,TJK,Nuclear,0,,,,
2022,TJK,Nuclear,0,,,,
2023,TJK,Nuclear,0,,,,
2024,TJK,Nuclear,0,,,,
2025,TJK,Nuclear,0,,,,
2000,TJK,Other renewables,0,,,,
2001,TJK,Other renewables,0,,,,
2002,TJK,Other renewables,0,,,,
2003,TJK,Other renewables,0,,,,
2004,TJK,Other renewables,0,,,,
2005,TJK,Other renewables,0,,,,
2006,TJK,Other renewables,0,,,,
2007,TJK,Other renewables,0,,,,
2008,TJK,Other renewables,0,,,,
2009,TJK,Other renewables,0,,,,
2010,TJK,Other renewables,0,,,,
2011,TJK,Other renewables,0,,,,
2012,TJK,Other renewables,0,,,,
2013,TJK,Other renewables,0,,,,
2014,TJK,Other renewables,0,,,,
2015,TJK,Other renewables,0,,,,
2016,TJK,Other renewables,0,,,,
2017,TJK,Other renewables,0,,,,
2018,TJK,Other renewables,0,,,,
2019,TJK,Other renewables,0,,,,
2020,TJK,Other renewables,0,,,,
2021,TJK,Other renewables,0,,,,
2022,TJK,Other renewables,0,,,,
2023,TJK,Other renewables,0,,,,
2024,TJK,Other renewables,0,,,,
2025,TJK,Other renewables,0,,,,
2000,TJK,Solar,0,,,,
2001,TJK,Solar,0,,,,
2002,TJK,Solar,0,,,,
2003,TJK,Solar,0,,,,
2004,TJK,Solar,0,,,,
2005,TJK,Solar,0,,,,
2006,TJK,Solar,0,,,,
2007,TJK,Solar,0,,,,
2008,TJK,Solar,0,,,,
2009,TJK,Solar,0,,,,
2010,TJK,Solar,0,,,,
2011,TJK,Solar,0,,,,
2012,TJK,Solar,0,,,,
2013,TJK,Solar,0,,,,
2014,TJK,Solar,0,,,,
2015,TJK,Solar,0,,,,
2016,TJK,Solar,0,,,,
2017,TJK,Solar,0,,,,
2018,TJK,Solar,0,,,,
2019,TJK,Solar,0,,,,
2020,TJK,Solar,0,,,,
2021,TJK,Solar,0,,,,
2022,TJK,Solar,0,,,,
2023,TJK,Solar,0,,,,
2024,TJK,Solar,0,,,,
2025,TJK,Solar,0,,,,
2000,TJK,Total,14,,,,
2001,TJK,Total,14,,,,
2002,TJK,Total,15,,,,
2003,TJK,Total,16,,,,
2004,TJK,Total,16,,,,
2005,TJK,Total,17,,,,
2006,TJK,Total,17,,,,
2007,TJK,Total,17,,,,
2008,TJK,Total,16,,,,
2009,TJK,Total,16,,,,
2010,TJK,Total,16,,,,
2011,TJK,Total,16,,,,
2012,TJK,Total,17,,,,
2013,TJK,Total,17,,,,
2014,TJK,Total,16,,,,
2015,TJK,Total,17,,,,
2016,TJK,Total,17,,,,
2017,TJK,Total,17,,,,
2018,TJK,Total,18,,,,
2019,TJK,Total,19,,,,
2020,TJK,Total,18,,,,
2021,TJK,Total,19,,,,
2022,TJK,Total,20,,,,
2023,TJK,Total,20,,,,
2024,TJK,Total,21,,,,
2025,TJK,Total,23,,,,
2000,TJK,Wind,0,,,,
2001,TJK,Wind,0,,,,
2002,TJK,Wind,0,,,,
2003,TJK,Wind,0,,,,
2004,TJK,Wind,0,,,,
2005,TJK,Wind,0,,,,
2006,TJK,Wind,0,,,,
2007,TJK,Wind,0,,,,
2008,TJK,Wind,0,,,,
2009,TJK,Wind,0,,,,
2010,TJK,Wind,0,,,,
2011,TJK,Wind,0,,,,
2012,TJK,Wind,0,,,,
2013,TJK,Wind,0,,,,
2014,TJK,Wind,0,,,,
2015,TJK,Wind,0,,,,
2016,TJK,Wind,0,,,,
2017,TJK,Wind,0,,,,
2018,TJK,Wind,0,,,,
2019,TJK,Wind,0,,,,
2020,TJK,Wind,0,,,,
2021,TJK,Wind,0,,,,
2022,TJK,Wind,0,,,,
2023,TJK,Wind,0,,,,
2024,TJK,Wind,0,,,,
2025,TJK,Wind,0,,,,
2000,TKM,Hydro,0,,,,
2001,TKM,Hydro,0,,,,
2002,TKM,Hydro,0,,,,
2003,TKM,Hydro,0,,,,
2004,TKM,Hydro,0,,,,
2005,TKM,Hydro,0,,,,
2006,TKM,Hydro,0,,,,
2007,TKM,Hydro,0,,,,
2008,TKM,Hydro,0,,,,
2009,TKM,Hydro,0,,,,
2010,TKM,Hydro,0,,,,
2011,TKM,Hydro,0,,,,
2012,TKM,Hydro,0,,,,
2013,TKM,Hydro,0,,,,
2014,TKM,Hydro,0,,,,
2015,TKM,Hydro,0,,,,
2016,TKM,Hydro,0,,,,
2017,TKM,Hydro,0,,,,
2018,TKM,Hydro,0,,,,
2019,TKM,Hydro,0,,,,
2020,TKM,Hydro,0,,,,
2021,TKM,Hydro,0.01,,,,
2022,TKM,Hydro,0.01,,,,
2023,TKM,Hydro,0.01,,,,
2024,TKM,Hydro,0.01,,,,
2000,TKM,Nuclear,0,,,,
2001,TKM,Nuclear,0,,,,
2002,TKM,Nuclear,0,,,,
2003,TKM,Nuclear,0,,,,
2004,TKM,Nuclear,0,,,,
2005,TKM,Nuclear,0,,,,
2006,TKM,Nuclear,0,,,,
2007,TKM,Nuclear,0,,,,
2008,TKM,Nuclear,0,,,,
2009,TKM,Nuclear,0,,,,
2010,TKM,Nuclear,0,,,,
2011,TKM,Nuclear,0,,,,
2012,TKM,Nuclear,0,,,,
2013,TKM,Nuclear,0,,,,
2014,TKM,Nuclear,0,,,,
2015,TKM,Nuclear,0,,,,
2016,TKM,Nuclear,0,,,,
2017,TKM,Nuclear,0,,,,
2018,TKM,Nuclear,0,,,,
2019,TKM,Nuclear,0,,,,
2020,TKM,Nuclear,0,,,,
2021,TKM,Nuclear,0,,,,
2022,TKM,Nuclear,0,,,,
2023,TKM,Nuclear,0,,,,
2024,TKM,Nuclear,0,,,,
2000,TKM,Other renewables,0,,,,
2001,TKM,Other renewables,0,,,,
2002,TKM,Other renewables,0,,,,
2003,TKM,Other renewables,0,,,,
2004,TKM,Other renewables,0,,,,
2005,TKM,Other renewables,0,,,,
2006,TKM,Other renewables,0,,,,
2007,TKM,Other renewables,0,,,,
2008,TKM,Other renewables,0,,,,
2009,TKM,Other renewables,0,,,,
2010,TKM,Other renewables,0,,,,
2011,TKM,Other renewables,0,,,,
2012,TKM,Other renewables,0,,,,
2013,TKM,Other renewables,0,,,,
2014,TKM,Other renewables,0,,,,
2015,TKM,Other renewables,0,,,,
2016,TKM,Other renewables,0,,,,
2017,TKM,Other renewables,0,,,,
2018,TKM,Other renewables,0,,,,
2019,TKM,Other renewables,0,,,,
2020,TKM,Other renewables,0,,,,
2021,TKM,Other renewables,0,,,,
2022,TKM,Other renewables,0,,,,
2023,TKM,Other renewables,0,,,,
2024,TKM,Other renewables,0,,,,
2000,TKM,Solar,0,,,,
2001,TKM,Solar,0,,,,
2002,TKM,Solar,0,,,,
2003,TKM,Solar,0,,,,
2004,TKM,Solar,0,,,,
2005,TKM,Solar,0,,,,
2006,TKM,Solar,0,,,,
2007,TKM,Solar,0,,,,
2008,TKM,Solar,0,,,,
2009,TKM,Solar,0,,,,
2010,TKM,Solar,0,,,,
2011,TKM,Solar,0,,,,
2012,TKM,Solar,0,,,,
2013,TKM,Solar,0,,,,
2014,TKM,Solar,0,,,,
2015,TKM,Solar,0,,,,
2016,TKM,Solar,0,,,,
2017,TKM,Solar,0,,,,
2018,TKM,Solar,0,,,,
2019,TKM,Solar,0,,,,
2020,TKM,Solar,0,,,,
2021,TKM,Solar,0,,,,
2022,TKM,Solar,0,,,,
2023,TKM,Solar,0,,,,
2024,TKM,Solar,0,,,,
2000,TKM,Total,0,,,,
2001,TKM,Total,0,,,,
2002,TKM,Total,0,,,,
2003,TKM,Total,0,,,,
2004,TKM,Total,0,,,,
2005,TKM,Total,0,,,,
2006,TKM,Total,0,,,,
2007,TKM,Total,0,,,,
2008,TKM,Total,0,,,,
2009,TKM,Total,0,,,,
2010,TKM,Total,0,,,,
2011,TKM,Total,0,,,,
2012,TKM,Total,0,,,,
2013,TKM,Total,0,,,,
2014,TKM,Total,0,,,,
2015,TKM,Total,0,,,,
2016,TKM,Total,0,,,,
2017,TKM,Total,0,,,,
2018,TKM,Total,0,,,,
2019,TKM,Total,0,,,,
2020,TKM,Total,0,,,,
2021,TKM,Total,0.01,,,,
2022,TKM,Total,0.01,,,,
2023,TKM,Total,0.01,,,,
2024,TKM,Total,0.01,,,,
2000,TKM,Wind,0,,,,
2001,TKM,Wind,0,,,,
2002,TKM,Wind,0,,,,
2003,TKM,Wind,0,,,,
2004,TKM,Wind,0,,,,
2005,TKM,Wind,0,,,,
2006,TKM,Wind,0,,,,
2007,TKM,Wind,0,,,,
2008,TKM,Wind,0,,,,
2009,TKM,Wind,0,,,,
2010,TKM,Wind,0,,,,
2011,TKM,Wind,0,,,,
2012,TKM,Wind,0,,,,
2013,TKM,Wind,0,,,,
2014,TKM,Wind,0,,,,
2015,TKM,Wind,0,,,,
2016,TKM,Wind,0,,,,
2017,TKM,Wind,0,,,,
2018,TKM,Wind,0,,,,
2019,TKM,Wind,0,,,,
2020,TKM,Wind,0,,,,
2021,TKM,Wind,0,,,,
2022,TKM,Wind,0,,,,
2023,TKM,Wind,0,,,,
2024,TKM,Wind,0,,,,
2000,TON,Hydro,0,,,,
2001,TON,Hydro,0,,,,
2002,TON,Hydro,0,,,,
2003,TON,Hydro,0,,,,
2004,TON,Hydro,0,,,,
2005,TON,Hydro,0,,,,
2006,TON,Hydro,0,,,,
2007,TON,Hydro,0,,,,
2008,TON,Hydro,0,,,,
2009,TON,Hydro,0,,,,
2010,TON,Hydro,0,,,,
2011,TON,Hydro,0,,,,
2012,TON,Hydro,0,,,,
2013,TON,Hydro,0,,,,
2014,TON,Hydro,0,,,,
2015,TON,Hydro,0,,,,
2016,TON,Hydro,0,,,,
2017,TON,Hydro,0,,,,
2018,TON,Hydro,0,,,,
2019,TON,Hydro,0,,,,
2020,TON,Hydro,0,,,,
2021,TON,Hydro,0,,,,
2022,TON,Hydro,0,,,,
2023,TON,Hydro,0,,,,
2024,TON,Hydro,0,,,,
2000,TON,Nuclear,0,,,,
2001,TON,Nuclear,0,,,,
2002,TON,Nuclear,0,,,,
2003,TON,Nuclear,0,,,,
2004,TON,Nuclear,0,,,,
2005,TON,Nuclear,0,,,,
2006,TON,Nuclear,0,,,,
2007,TON,Nuclear,0,,,,
2008,TON,Nuclear,0,,,,
2009,TON,Nuclear,0,,,,
2010,TON,Nuclear,0,,,,
2011,TON,Nuclear,0,,,,
2012,TON,Nuclear,0,,,,
2013,TON,Nuclear,0,,,,
2014,TON,Nuclear,0,,,,
2015,TON,Nuclear,0,,,,
2016,TON,Nuclear,0,,,,
2017,TON,Nuclear,0,,,,
2018,TON,Nuclear,0,,,,
2019,TON,Nuclear,0,,,,
2020,TON,Nuclear,0,,,,
2021,TON,Nuclear,0,,,,
2022,TON,Nuclear,0,,,,
2023,TON,Nuclear,0,,,,
2024,TON,Nuclear,0,,,,
2000,TON,Other renewables,0,,,,
2001,TON,Other renewables,0,,,,
2002,TON,Other renewables,0,,,,
2003,TON,Other renewables,0,,,,
2004,TON,Other renewables,0,,,,
2005,TON,Other renewables,0,,,,
2006,TON,Other renewables,0,,,,
2007,TON,Other renewables,0,,,,
2008,TON,Other renewables,0,,,,
2009,TON,Other renewables,0,,,,
2010,TON,Other renewables,0,,,,
2011,TON,Other renewables,0,,,,
2012,TON,Other renewables,0,,,,
2013,TON,Other renewables,0,,,,
2014,TON,Other renewables,0,,,,
2015,TON,Other renewables,0,,,,
2016,TON,Other renewables,0,,,,
2017,TON,Other renewables,0,,,,
2018,TON,Other renewables,0,,,,
2019,TON,Other renewables,0,,,,
2020,TON,Other renewables,0,,,,
2021,TON,Other renewables,0,,,,
2022,TON,Other renewables,0,,,,
2023,TON,Other renewables,0,,,,
2024,TON,Other renewables,0,,,,
2000,TON,Solar,0,,,,
2001,TON,Solar,0,,,,
2002,TON,Solar,0,,,,
2003,TON,Solar,0,,,,
2004,TON,Solar,0,,,,
2005,TON,Solar,0,,,,
2006,TON,Solar,0,,,,
2007,TON,Solar,0,,,,
2008,TON,Solar,0,,,,
2009,TON,Solar,0,,,,
2010,TON,Solar,0,,,,
2011,TON,Solar,0,,,,
2012,TON,Solar,0,,,,
2013,TON,Solar,0,,,,
2014,TON,Solar,0,,,,
2015,TON,Solar,0,,,,
2016,TON,Solar,0,,,,
2017,TON,Solar,0.01,,,,
2018,TON,Solar,0.01,,,,
2019,TON,Solar,0.01,,,,
2020,TON,Solar,0.01,,,,
2021,TON,Solar,0.01,,,,
2022,TON,Solar,0.01,,,,
2023,TON,Solar,0.01,,,,
2024,TON,Solar,0.01,,,,
2000,TON,Total,0,,,,
2001,TON,Total,0,,,,
2002,TON,Total,0,,,,
2003,TON,Total,0,,,,
2004,TON,Total,0,,,,
2005,TON,Total,0,,,,
2006,TON,Total,0,,,,
2007,TON,Total,0,,,,
2008,TON,Total,0,,,,
2009,TON,Total,0,,,,
2010,TON,Total,0,,,,
2011,TON,Total,0,,,,
2012,TON,Total,0,,,,
2013,TON,Total,0,,,,
2014,TON,Total,0,,,,
2015,TON,Total,0,,,,
2016,TON,Total,0,,,,
2017,TON,Total,0.01,,,,
2018,TON,Total,0.01,,,,
2019,TON,Total,0.01,,,,
2020,TON,Total,0.01,,,,
2021,TON,Total,0.01,,,,
2022,TON,Total,0.01,,,,
2023,TON,Total,0.01,,,,
2024,TON,Total,0.01,,,,
2000,TON,Wind,0,,,,
2001,TON,Wind,0,,,,
2002,TON,Wind,0,,,,
2003,TON,Wind,0,,,,
2004,TON,Wind,0,,,,
2005,TON,Wind,0,,,,
2006,TON,Wind,0,,,,
2007,TON,Wind,0,,,,
2008,TON,Wind,0,,,,
2009,TON,Wind,0,,,,
2010,TON,Wind,0,,,,
2011,TON,Wind,0,,,,
2012,TON,Wind,0,,,,
2013,TON,Wind,0,,,,
2014,TON,Wind,0,,,,
2015,TON,Wind,0,,,,
2016,TON,Wind,0,,,,
2017,TON,Wind,0,,,,
2018,TON,Wind,0,,,,
2019,TON,Wind,0,,,,
2020,TON,Wind,0,,,,
2021,TON,Wind,0,,,,
2022,TON,Wind,0,,,,
2023,TON,Wind,0,,,,
2024,TON,Wind,0,,,,
2000,TTO,Hydro,0,,,,
2001,TTO,Hydro,0,,,,
2002,TTO,Hydro,0,,,,
2003,TTO,Hydro,0,,,,
2004,TTO,Hydro,0,,,,
2005,TTO,Hydro,0,,,,
2006,TTO,Hydro,0,,,,
2007,TTO,Hydro,0,,,,
2008,TTO,Hydro,0,,,,
2009,TTO,Hydro,0,,,,
2010,TTO,Hydro,0,,,,
2011,TTO,Hydro,0,,,,
2012,TTO,Hydro,0,,,,
2013,TTO,Hydro,0,,,,
2014,TTO,Hydro,0,,,,
2015,TTO,Hydro,0,,,,
2016,TTO,Hydro,0,,,,
2017,TTO,Hydro,0,,,,
2018,TTO,Hydro,0,,,,
2019,TTO,Hydro,0,,,,
2020,TTO,Hydro,0,,,,
2021,TTO,Hydro,0,,,,
2022,TTO,Hydro,0,,,,
2023,TTO,Hydro,0,,,,
2024,TTO,Hydro,0,,,,
2000,TTO,Nuclear,0,,,,
2001,TTO,Nuclear,0,,,,
2002,TTO,Nuclear,0,,,,
2003,TTO,Nuclear,0,,,,
2004,TTO,Nuclear,0,,,,
2005,TTO,Nuclear,0,,,,
2006,TTO,Nuclear,0,,,,
2007,TTO,Nuclear,0,,,,
2008,TTO,Nuclear,0,,,,
2009,TTO,Nuclear,0,,,,
2010,TTO,Nuclear,0,,,,
2011,TTO,Nuclear,0,,,,
2012,TTO,Nuclear,0,,,,
2013,TTO,Nuclear,0,,,,
2014,TTO,Nuclear,0,,,,
2015,TTO,Nuclear,0,,,,
2016,TTO,Nuclear,0,,,,
2017,TTO,Nuclear,0,,,,
2018,TTO,Nuclear,0,,,,
2019,TTO,Nuclear,0,,,,
2020,TTO,Nuclear,0,,,,
2021,TTO,Nuclear,0,,,,
2022,TTO,Nuclear,0,,,,
2023,TTO,Nuclear,0,,,,
2024,TTO,Nuclear,0,,,,
2000,TTO,Other renewables,0,,,,
2001,TTO,Other renewables,0,,,,
2002,TTO,Other renewables,0,,,,
2003,TTO,Other renewables,0,,,,
2004,TTO,Other renewables,0,,,,
2005,TTO,Other renewables,0,,,,
2006,TTO,Other renewables,0,,,,
2007,TTO,Other renewables,0,,,,
2008,TTO,Other renewables,0,,,,
2009,TTO,Other renewables,0,,,,
2010,TTO,Other renewables,0,,,,
2011,TTO,Other renewables,0,,,,
2012,TTO,Other renewables,0,,,,
2013,TTO,Other renewables,0,,,,
2014,TTO,Other renewables,0,,,,
2015,TTO,Other renewables,0,,,,
2016,TTO,Other renewables,0,,,,
2017,TTO,Other renewables,0,,,,
2018,TTO,Other renewables,0,,,,
2019,TTO,Other renewables,0,,,,
2020,TTO,Other renewables,0,,,,
2021,TTO,Other renewables,0,,,,
2022,TTO,Other renewables,0,,,,
2023,TTO,Other renewables,0,,,,
2024,TTO,Other renewables,0,,,,
2000,TTO,Solar,0,,,,
2001,TTO,Solar,0,,,,
2002,TTO,Solar,0,,,,
2003,TTO,Solar,0,,,,
2004,TTO,Solar,0,,,,
2005,TTO,Solar,0,,,,
2006,TTO,Solar,0,,,,
2007,TTO,Solar,0,,,,
2008,TTO,Solar,0,,,,
2009,TTO,Solar,0,,,,
2010,TTO,Solar,0,,,,
2011,TTO,Solar,0,,,,
2012,TTO,Solar,0,,,,
2013,TTO,Solar,0,,,,
2014,TTO,Solar,0,,,,
2015,TTO,Solar,0.01,,,,
2016,TTO,Solar,0.01,,,,
2017,TTO,Solar,0.01,,,,
2018,TTO,Solar,0.01,,,,
2019,TTO,Solar,0.01,,,,
2020,TTO,Solar,0.01,,,,
2021,TTO,Solar,0.01,,,,
2022,TTO,Solar,0.01,,,,
2023,TTO,Solar,0.01,,,,
2024,TTO,Solar,0.01,,,,
2000,TTO,Total,0.02,,,,
2001,TTO,Total,0.03,,,,
2002,TTO,Total,0.03,,,,
2003,TTO,Total,0.01,,,,
2004,TTO,Total,0.02,,,,
2005,TTO,Total,0.02,,,,
2006,TTO,Total,0.03,,,,
2007,TTO,Total,0.02,,,,
2008,TTO,Total,0.02,,,,
2009,TTO,Total,0.02,,,,
2010,TTO,Total,0,,,,
2011,TTO,Total,0,,,,
2012,TTO,Total,0,,,,
2013,TTO,Total,0,,,,
2014,TTO,Total,0,,,,
2015,TTO,Total,0.01,,,,
2016,TTO,Total,0.01,,,,
2017,TTO,Total,0.01,,,,
2018,TTO,Total,0.01,,,,
2019,TTO,Total,0.01,,,,
2020,TTO,Total,0.01,,,,
2021,TTO,Total,0.01,,,,
2022,TTO,Total,0.01,,,,
2023,TTO,Total,0.01,,,,
2024,TTO,Total,0.01,,,,
2000,TTO,Wind,0,,,,
2001,TTO,Wind,0,,,,
2002,TTO,Wind,0,,,,
2003,TTO,Wind,0,,,,
2004,TTO,Wind,0,,,,
2005,TTO,Wind,0,,,,
2006,TTO,Wind,0,,,,
2007,TTO,Wind,0,,,,
2008,TTO,Wind,0,,,,
2009,TTO,Wind,0,,,,
2010,TTO,Wind,0,,,,
2011,TTO,Wind,0,,,,
2012,TTO,Wind,0,,,,
2013,TTO,Wind,0,,,,
2014,TTO,Wind,0,,,,
2015,TTO,Wind,0,,,,
2016,TTO,Wind,0,,,,
2017,TTO,Wind,0,,,,
2018,TTO,Wind,0,,,,
2019,TTO,Wind,0,,,,
2020,TTO,Wind,0,,,,
2021,TTO,Wind,0,,,,
2022,TTO,Wind,0,,,,
2023,TTO,Wind,0,,,,
2024,TTO,Wind,0,,,,
2000,TUN,Hydro,0.06,,,,
2001,TUN,Hydro,0.05,,,,
2002,TUN,Hydro,0.06,,,,
2003,TUN,Hydro,0.16,,,,
2004,TUN,Hydro,0.15,,,,
2005,TUN,Hydro,0.14,,,,
2006,TUN,Hydro,0.09,,,,
2007,TUN,Hydro,0.05,,,,
2008,TUN,Hydro,0.03,,,,
2009,TUN,Hydro,0.08,,,,
2010,TUN,Hydro,0.05,,,,
2011,TUN,Hydro,0.05,,,,
2012,TUN,Hydro,0.11,,,,
2013,TUN,Hydro,0.06,,,,
2014,TUN,Hydro,0.05,,,,
2015,TUN,Hydro,0.07,,,,
2016,TUN,Hydro,0.05,,,,
2017,TUN,Hydro,0.02,,,,
2018,TUN,Hydro,0.02,,,,
2019,TUN,Hydro,0.07,,,,
2020,TUN,Hydro,0.05,,,,
2021,TUN,Hydro,0.03,,,,
2022,TUN,Hydro,0.01,,,,
2023,TUN,Hydro,0.01,,,,
2024,TUN,Hydro,0.01,,,,
2025,TUN,Hydro,0.01,,,,
2000,TUN,Nuclear,0,,,,
2001,TUN,Nuclear,0,,,,
2002,TUN,Nuclear,0,,,,
2003,TUN,Nuclear,0,,,,
2004,TUN,Nuclear,0,,,,
2005,TUN,Nuclear,0,,,,
2006,TUN,Nuclear,0,,,,
2007,TUN,Nuclear,0,,,,
2008,TUN,Nuclear,0,,,,
2009,TUN,Nuclear,0,,,,
2010,TUN,Nuclear,0,,,,
2011,TUN,Nuclear,0,,,,
2012,TUN,Nuclear,0,,,,
2013,TUN,Nuclear,0,,,,
2014,TUN,Nuclear,0,,,,
2015,TUN,Nuclear,0,,,,
2016,TUN,Nuclear,0,,,,
2017,TUN,Nuclear,0,,,,
2018,TUN,Nuclear,0,,,,
2019,TUN,Nuclear,0,,,,
2020,TUN,Nuclear,0,,,,
2021,TUN,Nuclear,0,,,,
2022,TUN,Nuclear,0,,,,
2023,TUN,Nuclear,0,,,,
2024,TUN,Nuclear,0,,,,
2025,TUN,Nuclear,0,,,,
2000,TUN,Other renewables,0,,,,
2001,TUN,Other renewables,0,,,,
2002,TUN,Other renewables,0,,,,
2003,TUN,Other renewables,0,,,,
2004,TUN,Other renewables,0,,,,
2005,TUN,Other renewables,0,,,,
2006,TUN,Other renewables,0,,,,
2007,TUN,Other renewables,0,,,,
2008,TUN,Other renewables,0,,,,
2009,TUN,Other renewables,0,,,,
2010,TUN,Other renewables,0,,,,
2011,TUN,Other renewables,0,,,,
2012,TUN,Other renewables,0,,,,
2013,TUN,Other renewables,0,,,,
2014,TUN,Other renewables,0,,,,
2015,TUN,Other renewables,0,,,,
2016,TUN,Other renewables,0,,,,
2017,TUN,Other renewables,0,,,,
2018,TUN,Other renewables,0,,,,
2019,TUN,Other renewables,0,,,,
2020,TUN,Other renewables,0,,,,
2021,TUN,Other renewables,0,,,,
2022,TUN,Other renewables,0,,,,
2023,TUN,Other renewables,0,,,,
2024,TUN,Other renewables,0,,,,
2025,TUN,Other renewables,0,,,,
2000,TUN,Solar,0,,,,
2001,TUN,Solar,0,,,,
2002,TUN,Solar,0,,,,
2003,TUN,Solar,0,,,,
2004,TUN,Solar,0,,,,
2005,TUN,Solar,0,,,,
2006,TUN,Solar,0,,,,
2007,TUN,Solar,0,,,,
2008,TUN,Solar,0,,,,
2009,TUN,Solar,0,,,,
2010,TUN,Solar,0,,,,
2011,TUN,Solar,0,,,,
2012,TUN,Solar,0,,,,
2013,TUN,Solar,0.01,,,,
2014,TUN,Solar,0.03,,,,
2015,TUN,Solar,0.06,,,,
2016,TUN,Solar,0.11,,,,
2017,TUN,Solar,0.13,,,,
2018,TUN,Solar,0.08,,,,
2019,TUN,Solar,0.12,,,,
2020,TUN,Solar,0.15,,,,
2021,TUN,Solar,0.22,,,,
2022,TUN,Solar,0.32,,,,
2023,TUN,Solar,0.49,,,,
2024,TUN,Solar,0.56,,,,
2025,TUN,Solar,0.56,,,,
2000,TUN,Total,0.08,,,,
2001,TUN,Total,0.07,,,,
2002,TUN,Total,0.09,,,,
2003,TUN,Total,0.19,,,,
2004,TUN,Total,0.19,,,,
2005,TUN,Total,0.18,,,,
2006,TUN,Total,0.13,,,,
2007,TUN,Total,0.09,,,,
2008,TUN,Total,0.07,,,,
2009,TUN,Total,0.18,,,,
2010,TUN,Total,0.19,,,,
2011,TUN,Total,0.16,,,,
2012,TUN,Total,0.31,,,,
2013,TUN,Total,0.43,,,,
2014,TUN,Total,0.59,,,,
2015,TUN,Total,0.58,,,,
2016,TUN,Total,0.63,,,,
2017,TUN,Total,0.6,,,,
2018,TUN,Total,0.55,,,,
2019,TUN,Total,0.69,,,,
2020,TUN,Total,0.67,,,,
2021,TUN,Total,0.68,,,,
2022,TUN,Total,0.65,,,,
2023,TUN,Total,0.84,,,,
2024,TUN,Total,0.94,,,,
2025,TUN,Total,0.9,,,,
2000,TUN,Wind,0.02,,,,
2001,TUN,Wind,0.02,,,,
2002,TUN,Wind,0.03,,,,
2003,TUN,Wind,0.03,,,,
2004,TUN,Wind,0.04,,,,
2005,TUN,Wind,0.04,,,,
2006,TUN,Wind,0.04,,,,
2007,TUN,Wind,0.04,,,,
2008,TUN,Wind,0.04,,,,
2009,TUN,Wind,0.1,,,,
2010,TUN,Wind,0.14,,,,
2011,TUN,Wind,0.11,,,,
2012,TUN,Wind,0.2,,,,
2013,TUN,Wind,0.36,,,,
2014,TUN,Wind,0.51,,,,
2015,TUN,Wind,0.45,,,,
2016,TUN,Wind,0.47,,,,
2017,TUN,Wind,0.45,,,,
2018,TUN,Wind,0.45,,,,
2019,TUN,Wind,0.5,,,,
2020,TUN,Wind,0.47,,,,
2021,TUN,Wind,0.43,,,,
2022,TUN,Wind,0.32,,,,
2023,TUN,Wind,0.34,,,,
2024,TUN,Wind,0.37,,,,
2025,TUN,Wind,0.33,,,,
1990,TUR,Hydro,23,,,,
1991,TUR,Hydro,23,,,,
1992,TUR,Hydro,27,,,,
1993,TUR,Hydro,34,,,,
1994,TUR,Hydro,31,,,,
1995,TUR,Hydro,36,,,,
1996,TUR,Hydro,40,,,,
1997,TUR,Hydro,40,,,,
1998,TUR,Hydro,42,,,,
1999,TUR,Hydro,35,,,,
2000,TUR,Hydro,31,,,,
2001,TUR,Hydro,24,,,,
2002,TUR,Hydro,34,,,,
2003,TUR,Hydro,35,,,,
2004,TUR,Hydro,46,,,,
2005,TUR,Hydro,40,,,,
2006,TUR,Hydro,44,,,,
2007,TUR,Hydro,36,,,,
2008,TUR,Hydro,33,,,,
2009,TUR,Hydro,36,,,,
2010,TUR,Hydro,52,,,,
2011,TUR,Hydro,52,,,,
2012,TUR,Hydro,58,,,,
2013,TUR,Hydro,59,,,,
2014,TUR,Hydro,41,,,,
2015,TUR,Hydro,67,,,,
2016,TUR,Hydro,67,,,,
2017,TUR,Hydro,58,,,,
2018,TUR,Hydro,60,,,,
2019,TUR,Hydro,89,,,,
2020,TUR,Hydro,78,,,,
2021,TUR,Hydro,56,,,,
2022,TUR,Hydro,67,,,,
2023,TUR,Hydro,64,,,,
2024,TUR,Hydro,75,,,,
2025,TUR,Hydro,57,,,,
1990,TUR,Nuclear,0,,,,
1991,TUR,Nuclear,0,,,,
1992,TUR,Nuclear,0,,,,
1993,TUR,Nuclear,0,,,,
1994,TUR,Nuclear,0,,,,
1995,TUR,Nuclear,0,,,,
1996,TUR,Nuclear,0,,,,
1997,TUR,Nuclear,0,,,,
1998,TUR,Nuclear,0,,,,
1999,TUR,Nuclear,0,,,,
2000,TUR,Nuclear,0,,,,
2001,TUR,Nuclear,0,,,,
2002,TUR,Nuclear,0,,,,
2003,TUR,Nuclear,0,,,,
2004,TUR,Nuclear,0,,,,
2005,TUR,Nuclear,0,,,,
2006,TUR,Nuclear,0,,,,
2007,TUR,Nuclear,0,,,,
2008,TUR,Nuclear,0,,,,
2009,TUR,Nuclear,0,,,,
2010,TUR,Nuclear,0,,,,
2011,TUR,Nuclear,0,,,,
2012,TUR,Nuclear,0,,,,
2013,TUR,Nuclear,0,,,,
2014,TUR,Nuclear,0,,,,
2015,TUR,Nuclear,0,,,,
2016,TUR,Nuclear,0,,,,
2017,TUR,Nuclear,0,,,,
2018,TUR,Nuclear,0,,,,
2019,TUR,Nuclear,0,,,,
2020,TUR,Nuclear,0,,,,
2021,TUR,Nuclear,0,,,,
2022,TUR,Nuclear,0,,,,
2023,TUR,Nuclear,0,,,,
2024,TUR,Nuclear,0,,,,
2025,TUR,Nuclear,0,,,,
1990,TUR,Other renewables,0.08,,,,
1991,TUR,Other renewables,0.08,,,,
1992,TUR,Other renewables,0.07,,,,
1993,TUR,Other renewables,0.08,,,,
1994,TUR,Other renewables,0.08,,,,
1995,TUR,Other renewables,0.09,,,,
1996,TUR,Other renewables,0.08,,,,
1997,TUR,Other renewables,0.08,,,,
1998,TUR,Other renewables,0.09,,,,
1999,TUR,Other renewables,0.08,,,,
2000,TUR,Other renewables,0.08,,,,
2001,TUR,Other renewables,0.09,,,,
2002,TUR,Other renewables,0.1,,,,
2003,TUR,Other renewables,0.09,,,,
2004,TUR,Other renewables,0.09,,,,
2005,TUR,Other renewables,0.09,,,,
2006,TUR,Other renewables,0.09,,,,
2007,TUR,Other renewables,0.16,,,,
2008,TUR,Other renewables,0.16,,,,
2009,TUR,Other renewables,0.44,,,,
2010,TUR,Other renewables,0.67,,,,
2011,TUR,Other renewables,0.69,,,,
2012,TUR,Other renewables,0.9,,,,
2013,TUR,Other renewables,1.4,,,,
2014,TUR,Other renewables,2.4,,,,
2015,TUR,Other renewables,3.4,,,,
2016,TUR,Other renewables,4.8,,,,
2017,TUR,Other renewables,6.1,,,,
2018,TUR,Other renewables,6.9,,,,
2019,TUR,Other renewables,8.2,,,,
2020,TUR,Other renewables,9.3,,,,
2021,TUR,Other renewables,10,,,,
2022,TUR,Other renewables,10,,,,
2023,TUR,Other renewables,10,,,,
2024,TUR,Other renewables,10,,,,
2025,TUR,Other renewables,11,,,,
1990,TUR,Solar,0,,,,
1991,TUR,Solar,0,,,,
1992,TUR,Solar,0,,,,
1993,TUR,Solar,0,,,,
1994,TUR,Solar,0,,,,
1995,TUR,Solar,0,,,,
1996,TUR,Solar,0,,,,
1997,TUR,Solar,0,,,,
1998,TUR,Solar,0,,,,
1999,TUR,Solar,0,,,,
2000,TUR,Solar,0,,,,
2001,TUR,Solar,0,,,,
2002,TUR,Solar,0,,,,
2003,TUR,Solar,0,,,,
2004,TUR,Solar,0,,,,
2005,TUR,Solar,0,,,,
2006,TUR,Solar,0,,,,
2007,TUR,Solar,0,,,,
2008,TUR,Solar,0,,,,
2009,TUR,Solar,0,,,,
2010,TUR,Solar,0,,,,
2011,TUR,Solar,0,,,,
2012,TUR,Solar,0,,,,
2013,TUR,Solar,0,,,,
2014,TUR,Solar,0.02,,,,
2015,TUR,Solar,0.19,,,,
2016,TUR,Solar,1,,,,
2017,TUR,Solar,2.9,,,,
2018,TUR,Solar,7.8,,,,
2019,TUR,Solar,9.6,,,,
2020,TUR,Solar,11,,,,
2021,TUR,Solar,13,,,,
2022,TUR,Solar,15,,,,
2023,TUR,Solar,18,,,,
2024,TUR,Solar,26,,,,
2025,TUR,Solar,37,,,,
1990,TUR,Total,23,,,,
1991,TUR,Total,23,,,,
1992,TUR,Total,27,,,,
1993,TUR,Total,34,,,,
1994,TUR,Total,31,,,,
1995,TUR,Total,36,,,,
1996,TUR,Total,41,,,,
1997,TUR,Total,40,,,,
1998,TUR,Total,43,,,,
1999,TUR,Total,35,,,,
2000,TUR,Total,31,,,,
2001,TUR,Total,24,,,,
2002,TUR,Total,34,,,,
2003,TUR,Total,36,,,,
2004,TUR,Total,46,,,,
2005,TUR,Total,40,,,,
2006,TUR,Total,45,,,,
2007,TUR,Total,36,,,,
2008,TUR,Total,34,,,,
2009,TUR,Total,38,,,,
2010,TUR,Total,56,,,,
2011,TUR,Total,58,,,,
2012,TUR,Total,65,,,,
2013,TUR,Total,69,,,,
2014,TUR,Total,53,,,,
2015,TUR,Total,84,,,,
2016,TUR,Total,90,,,,
2017,TUR,Total,87,,,,
2018,TUR,Total,97,,,,
2019,TUR,Total,130,,,,
2020,TUR,Total,130,,,,
2021,TUR,Total,120,,,,
2022,TUR,Total,130,,,,
2023,TUR,Total,130,,,,
2024,TUR,Total,160,,,,
2025,TUR,Total,150,,,,
1990,TUR,Wind,0,,,,
1991,TUR,Wind,0,,,,
1992,TUR,Wind,0,,,,
1993,TUR,Wind,0,,,,
1994,TUR,Wind,0,,,,
1995,TUR,Wind,0,,,,
1996,TUR,Wind,0,,,,
1997,TUR,Wind,0,,,,
1998,TUR,Wind,0,,,,
1999,TUR,Wind,0.02,,,,
2000,TUR,Wind,0.03,,,,
2001,TUR,Wind,0.06,,,,
2002,TUR,Wind,0.05,,,,
2003,TUR,Wind,0.06,,,,
2004,TUR,Wind,0.06,,,,
2005,TUR,Wind,0.06,,,,
2006,TUR,Wind,0.13,,,,
2007,TUR,Wind,0.36,,,,
2008,TUR,Wind,0.85,,,,
2009,TUR,Wind,1.5,,,,
2010,TUR,Wind,2.9,,,,
2011,TUR,Wind,4.7,,,,
2012,TUR,Wind,5.9,,,,
2013,TUR,Wind,7.6,,,,
2014,TUR,Wind,8.5,,,,
2015,TUR,Wind,12,,,,
2016,TUR,Wind,16,,,,
2017,TUR,Wind,18,,,,
2018,TUR,Wind,20,,,,
2019,TUR,Wind,22,,,,
2020,TUR,Wind,25,,,,
2021,TUR,Wind,31,,,,
2022,TUR,Wind,35,,,,
2023,TUR,Wind,34,,,,
2024,TUR,Wind,37,,,,
2025,TUR,Wind,39,,,,
1985,TWN,Hydro,6,,,,
1986,TWN,Hydro,6.1,,,,
1987,TWN,Hydro,5.5,,,,
1988,TWN,Hydro,4.7,,,,
1989,TWN,Hydro,4.9,,,,
1990,TWN,Hydro,6.4,,,,
1991,TWN,Hydro,3.9,,,,
1992,TWN,Hydro,6.6,,,,
1993,TWN,Hydro,4.1,,,,
1994,TWN,Hydro,5.1,,,,
1995,TWN,Hydro,4.8,,,,
1996,TWN,Hydro,4.7,,,,
1997,TWN,Hydro,5.3,,,,
1998,TWN,Hydro,6.2,,,,
1999,TWN,Hydro,5.1,,,,
2000,TWN,Hydro,4.6,,,,
2001,TWN,Hydro,5.1,,,,
2002,TWN,Hydro,2.8,,,,
2003,TWN,Hydro,3,,,,
2004,TWN,Hydro,3.2,,,,
2005,TWN,Hydro,4.1,,,,
2006,TWN,Hydro,4.1,,,,
2007,TWN,Hydro,4.4,,,,
2008,TWN,Hydro,4.3,,,,
2009,TWN,Hydro,3.8,,,,
2010,TWN,Hydro,4.2,,,,
2011,TWN,Hydro,4,,,,
2012,TWN,Hydro,5.7,,,,
2013,TWN,Hydro,5.4,,,,
2014,TWN,Hydro,4.3,,,,
2015,TWN,Hydro,4.5,,,,
2016,TWN,Hydro,6.6,,,,
2017,TWN,Hydro,5.5,,,,
2018,TWN,Hydro,4.5,,,,
2019,TWN,Hydro,5.5,,,,
2020,TWN,Hydro,3,,,,
2021,TWN,Hydro,3.5,,,,
2022,TWN,Hydro,5.8,,,,
2023,TWN,Hydro,4,,,,
2024,TWN,Hydro,4.2,,,,
2025,TWN,Hydro,5.5,,,,
1985,TWN,Nuclear,29,,,,
1986,TWN,Nuclear,27,,,,
1987,TWN,Nuclear,33,,,,
1988,TWN,Nuclear,31,,,,
1989,TWN,Nuclear,28,,,,
1990,TWN,Nuclear,33,,,,
1991,TWN,Nuclear,35,,,,
1992,TWN,Nuclear,34,,,,
1993,TWN,Nuclear,34,,,,
1994,TWN,Nuclear,35,,,,
1995,TWN,Nuclear,35,,,,
1996,TWN,Nuclear,38,,,,
1997,TWN,Nuclear,36,,,,
1998,TWN,Nuclear,37,,,,
1999,TWN,Nuclear,38,,,,
2000,TWN,Nuclear,39,,,,
2001,TWN,Nuclear,35,,,,
2002,TWN,Nuclear,40,,,,
2003,TWN,Nuclear,39,,,,
2004,TWN,Nuclear,39,,,,
2005,TWN,Nuclear,40,,,,
2006,TWN,Nuclear,40,,,,
2007,TWN,Nuclear,41,,,,
2008,TWN,Nuclear,41,,,,
2009,TWN,Nuclear,42,,,,
2010,TWN,Nuclear,42,,,,
2011,TWN,Nuclear,42,,,,
2012,TWN,Nuclear,40,,,,
2013,TWN,Nuclear,42,,,,
2014,TWN,Nuclear,42,,,,
2015,TWN,Nuclear,36,,,,
2016,TWN,Nuclear,32,,,,
2017,TWN,Nuclear,22,,,,
2018,TWN,Nuclear,28,,,,
2019,TWN,Nuclear,32,,,,
2020,TWN,Nuclear,31,,,,
2021,TWN,Nuclear,28,,,,
2022,TWN,Nuclear,24,,,,
2023,TWN,Nuclear,18,,,,
2024,TWN,Nuclear,12,,,,
2025,TWN,Nuclear,3.3,,,,
1985,TWN,Solar,0,,,,
1986,TWN,Solar,0,,,,
1987,TWN,Solar,0,,,,
1988,TWN,Solar,0,,,,
1989,TWN,Solar,0,,,,
1990,TWN,Solar,0,,,,
1991,TWN,Solar,0,,,,
1992,TWN,Solar,0,,,,
1993,TWN,Solar,0,,,,
1994,TWN,Solar,0,,,,
1995,TWN,Solar,0,,,,
1996,TWN,Solar,0,,,,
1997,TWN,Solar,0,,,,
1998,TWN,Solar,0,,,,
1999,TWN,Solar,0,,,,
2000,TWN,Solar,0,,,,
2001,TWN,Solar,0,,,,
2002,TWN,Solar,0,,,,
2003,TWN,Solar,0,,,,
2004,TWN,Solar,0,,,,
2005,TWN,Solar,0,,,,
2006,TWN,Solar,0,,,,
2007,TWN,Solar,0,,,,
2008,TWN,Solar,0,,,,
2009,TWN,Solar,0.01,,,,
2010,TWN,Solar,0.02,,,,
2011,TWN,Solar,0.06,,,,
2012,TWN,Solar,0.16,,,,
2013,TWN,Solar,0.32,,,,
2014,TWN,Solar,0.53,,,,
2015,TWN,Solar,0.85,,,,
2016,TWN,Solar,1.1,,,,
2017,TWN,Solar,1.7,,,,
2018,TWN,Solar,2.7,,,,
2019,TWN,Solar,4,,,,
2020,TWN,Solar,6.1,,,,
2021,TWN,Solar,8,,,,
2022,TWN,Solar,11,,,,
2023,TWN,Solar,13,,,,
2024,TWN,Solar,15,,,,
2025,TWN,Solar,16,,,,
1985,TWN,Total,35,,,,
1986,TWN,Total,33,,,,
1987,TWN,Total,39,,,,
1988,TWN,Total,35,,,,
1989,TWN,Total,33,,,,
1990,TWN,Total,39,,,,
1991,TWN,Total,39,,,,
1992,TWN,Total,41,,,,
1993,TWN,Total,39,,,,
1994,TWN,Total,40,,,,
1995,TWN,Total,41,,,,
1996,TWN,Total,43,,,,
1997,TWN,Total,42,,,,
1998,TWN,Total,44,,,,
1999,TWN,Total,44,,,,
2000,TWN,Total,44,,,,
2001,TWN,Total,42,,,,
2002,TWN,Total,44,,,,
2003,TWN,Total,44,,,,
2004,TWN,Total,45,,,,
2005,TWN,Total,46,,,,
2006,TWN,Total,46,,,,
2007,TWN,Total,47,,,,
2008,TWN,Total,48,,,,
2009,TWN,Total,48,,,,
2010,TWN,Total,49,,,,
2011,TWN,Total,50,,,,
2012,TWN,Total,49,,,,
2013,TWN,Total,51,,,,
2014,TWN,Total,51,,,,
2015,TWN,Total,45,,,,
2016,TWN,Total,43,,,,
2017,TWN,Total,33,,,,
2018,TWN,Total,39,,,,
2019,TWN,Total,46,,,,
2020,TWN,Total,45,,,,
2021,TWN,Total,44,,,,
2022,TWN,Total,46,,,,
2023,TWN,Total,43,,,,
2024,TWN,Total,44,,,,
2025,TWN,Total,39,,,,
1985,TWN,Wind,0,,,,
1986,TWN,Wind,0,,,,
1987,TWN,Wind,0,,,,
1988,TWN,Wind,0,,,,
1989,TWN,Wind,0,,,,
1990,TWN,Wind,0,,,,
1991,TWN,Wind,0,,,,
1992,TWN,Wind,0,,,,
1993,TWN,Wind,0,,,,
1994,TWN,Wind,0,,,,
1995,TWN,Wind,0,,,,
1996,TWN,Wind,0,,,,
1997,TWN,Wind,0,,,,
1998,TWN,Wind,0,,,,
1999,TWN,Wind,0,,,,
2000,TWN,Wind,0,,,,
2001,TWN,Wind,0.01,,,,
2002,TWN,Wind,0.02,,,,
2003,TWN,Wind,0.02,,,,
2004,TWN,Wind,0.03,,,,
2005,TWN,Wind,0.09,,,,
2006,TWN,Wind,0.28,,,,
2007,TWN,Wind,0.44,,,,
2008,TWN,Wind,0.59,,,,
2009,TWN,Wind,0.79,,,,
2010,TWN,Wind,1,,,,
2011,TWN,Wind,1.5,,,,
2012,TWN,Wind,1.4,,,,
2013,TWN,Wind,1.6,,,,
2014,TWN,Wind,1.5,,,,
2015,TWN,Wind,1.5,,,,
2016,TWN,Wind,1.5,,,,
2017,TWN,Wind,1.7,,,,
2018,TWN,Wind,1.7,,,,
2019,TWN,Wind,1.9,,,,
2020,TWN,Wind,2.3,,,,
2021,TWN,Wind,2.3,,,,
2022,TWN,Wind,3.6,,,,
2023,TWN,Wind,6.2,,,,
2024,TWN,Wind,10,,,,
2025,TWN,Wind,12,,,,
2000,TZA,Hydro,2.1,,,,
2001,TZA,Hydro,2.6,,,,
2002,TZA,Hydro,2.7,,,,
2003,TZA,Hydro,2.6,,,,
2004,TZA,Hydro,2,,,,
2005,TZA,Hydro,1.8,,,,
2006,TZA,Hydro,1.4,,,,
2007,TZA,Hydro,2.5,,,,
2008,TZA,Hydro,2.7,,,,
2009,TZA,Hydro,2.6,,,,
2010,TZA,Hydro,2.7,,,,
2011,TZA,Hydro,2,,,,
2012,TZA,Hydro,1.8,,,,
2013,TZA,Hydro,1.7,,,,
2014,TZA,Hydro,2.6,,,,
2015,TZA,Hydro,2.1,,,,
2016,TZA,Hydro,2.4,,,,
2017,TZA,Hydro,2.4,,,,
2018,TZA,Hydro,2.2,,,,
2019,TZA,Hydro,2.5,,,,
2020,TZA,Hydro,3.1,,,,
2021,TZA,Hydro,3.1,,,,
2022,TZA,Hydro,2.8,,,,
2023,TZA,Hydro,2.7,,,,
2024,TZA,Hydro,2.8,,,,
2000,TZA,Nuclear,0,,,,
2001,TZA,Nuclear,0,,,,
2002,TZA,Nuclear,0,,,,
2003,TZA,Nuclear,0,,,,
2004,TZA,Nuclear,0,,,,
2005,TZA,Nuclear,0,,,,
2006,TZA,Nuclear,0,,,,
2007,TZA,Nuclear,0,,,,
2008,TZA,Nuclear,0,,,,
2009,TZA,Nuclear,0,,,,
2010,TZA,Nuclear,0,,,,
2011,TZA,Nuclear,0,,,,
2012,TZA,Nuclear,0,,,,
2013,TZA,Nuclear,0,,,,
2014,TZA,Nuclear,0,,,,
2015,TZA,Nuclear,0,,,,
2016,TZA,Nuclear,0,,,,
2017,TZA,Nuclear,0,,,,
2018,TZA,Nuclear,0,,,,
2019,TZA,Nuclear,0,,,,
2020,TZA,Nuclear,0,,,,
2021,TZA,Nuclear,0,,,,
2022,TZA,Nuclear,0,,,,
2023,TZA,Nuclear,0,,,,
2024,TZA,Nuclear,0,,,,
2000,TZA,Other renewables,0,,,,
2001,TZA,Other renewables,0,,,,
2002,TZA,Other renewables,0,,,,
2003,TZA,Other renewables,0,,,,
2004,TZA,Other renewables,0,,,,
2005,TZA,Other renewables,0,,,,
2006,TZA,Other renewables,0,,,,
2007,TZA,Other renewables,0,,,,
2008,TZA,Other renewables,0,,,,
2009,TZA,Other renewables,0,,,,
2010,TZA,Other renewables,0,,,,
2011,TZA,Other renewables,0,,,,
2012,TZA,Other renewables,0,,,,
2013,TZA,Other renewables,0,,,,
2014,TZA,Other renewables,0,,,,
2015,TZA,Other renewables,0,,,,
2016,TZA,Other renewables,0,,,,
2017,TZA,Other renewables,0,,,,
2018,TZA,Other renewables,0,,,,
2019,TZA,Other renewables,0,,,,
2020,TZA,Other renewables,0,,,,
2021,TZA,Other renewables,0,,,,
2022,TZA,Other renewables,0,,,,
2023,TZA,Other renewables,0,,,,
2024,TZA,Other renewables,0,,,,
2000,TZA,Solar,0,,,,
2001,TZA,Solar,0,,,,
2002,TZA,Solar,0,,,,
2003,TZA,Solar,0,,,,
2004,TZA,Solar,0,,,,
2005,TZA,Solar,0,,,,
2006,TZA,Solar,0,,,,
2007,TZA,Solar,0,,,,
2008,TZA,Solar,0,,,,
2009,TZA,Solar,0,,,,
2010,TZA,Solar,0.01,,,,
2011,TZA,Solar,0.01,,,,
2012,TZA,Solar,0.01,,,,
2013,TZA,Solar,0.01,,,,
2014,TZA,Solar,0.02,,,,
2015,TZA,Solar,0.02,,,,
2016,TZA,Solar,0.03,,,,
2017,TZA,Solar,0.04,,,,
2018,TZA,Solar,0.03,,,,
2019,TZA,Solar,0.03,,,,
2020,TZA,Solar,0.03,,,,
2021,TZA,Solar,0.03,,,,
2022,TZA,Solar,0.03,,,,
2023,TZA,Solar,0.03,,,,
2024,TZA,Solar,0.04,,,,
2000,TZA,Total,2.2,,,,
2001,TZA,Total,2.7,,,,
2002,TZA,Total,2.8,,,,
2003,TZA,Total,2.6,,,,
2004,TZA,Total,2.1,,,,
2005,TZA,Total,1.8,,,,
2006,TZA,Total,1.5,,,,
2007,TZA,Total,2.6,,,,
2008,TZA,Total,2.7,,,,
2009,TZA,Total,2.7,,,,
2010,TZA,Total,2.8,,,,
2011,TZA,Total,2.1,,,,
2012,TZA,Total,1.8,,,,
2013,TZA,Total,1.8,,,,
2014,TZA,Total,2.7,,,,
2015,TZA,Total,2.2,,,,
2016,TZA,Total,2.5,,,,
2017,TZA,Total,2.5,,,,
2018,TZA,Total,2.3,,,,
2019,TZA,Total,2.6,,,,
2020,TZA,Total,3.2,,,,
2021,TZA,Total,3.2,,,,
2022,TZA,Total,2.9,,,,
2023,TZA,Total,2.8,,,,
2024,TZA,Total,2.9,,,,
2000,TZA,Wind,0,,,,
2001,TZA,Wind,0,,,,
2002,TZA,Wind,0,,,,
2003,TZA,Wind,0,,,,
2004,TZA,Wind,0,,,,
2005,TZA,Wind,0,,,,
2006,TZA,Wind,0,,,,
2007,TZA,Wind,0,,,,
2008,TZA,Wind,0,,,,
2009,TZA,Wind,0,,,,
2010,TZA,Wind,0,,,,
2011,TZA,Wind,0,,,,
2012,TZA,Wind,0,,,,
2013,TZA,Wind,0,,,,
2014,TZA,Wind,0,,,,
2015,TZA,Wind,0,,,,
2016,TZA,Wind,0,,,,
2017,TZA,Wind,0,,,,
2018,TZA,Wind,0,,,,
2019,TZA,Wind,0,,,,
2020,TZA,Wind,0,,,,
2021,TZA,Wind,0,,,,
2022,TZA,Wind,0,,,,
2023,TZA,Wind,0,,,,
2024,TZA,Wind,0,,,,
2000,UGA,Hydro,1.6,,,,
2001,UGA,Hydro,1.6,,,,
2002,UGA,Hydro,1.7,,,,
2003,UGA,Hydro,1.8,,,,
2004,UGA,Hydro,1.9,,,,
2005,UGA,Hydro,1.8,,,,
2006,UGA,Hydro,1.2,,,,
2007,UGA,Hydro,1.4,,,,
2008,UGA,Hydro,1.6,,,,
2009,UGA,Hydro,1.4,,,,
2010,UGA,Hydro,1.5,,,,
2011,UGA,Hydro,1.5,,,,
2012,UGA,Hydro,2.5,,,,
2013,UGA,Hydro,2.9,,,,
2014,UGA,Hydro,2.9,,,,
2015,UGA,Hydro,3.1,,,,
2016,UGA,Hydro,3.3,,,,
2017,UGA,Hydro,3.4,,,,
2018,UGA,Hydro,3.6,,,,
2019,UGA,Hydro,4,,,,
2020,UGA,Hydro,4.1,,,,
2021,UGA,Hydro,4.6,,,,
2022,UGA,Hydro,5,,,,
2023,UGA,Hydro,5,,,,
2024,UGA,Hydro,5,,,,
2000,UGA,Nuclear,0,,,,
2001,UGA,Nuclear,0,,,,
2002,UGA,Nuclear,0,,,,
2003,UGA,Nuclear,0,,,,
2004,UGA,Nuclear,0,,,,
2005,UGA,Nuclear,0,,,,
2006,UGA,Nuclear,0,,,,
2007,UGA,Nuclear,0,,,,
2008,UGA,Nuclear,0,,,,
2009,UGA,Nuclear,0,,,,
2010,UGA,Nuclear,0,,,,
2011,UGA,Nuclear,0,,,,
2012,UGA,Nuclear,0,,,,
2013,UGA,Nuclear,0,,,,
2014,UGA,Nuclear,0,,,,
2015,UGA,Nuclear,0,,,,
2016,UGA,Nuclear,0,,,,
2017,UGA,Nuclear,0,,,,
2018,UGA,Nuclear,0,,,,
2019,UGA,Nuclear,0,,,,
2020,UGA,Nuclear,0,,,,
2021,UGA,Nuclear,0,,,,
2022,UGA,Nuclear,0,,,,
2023,UGA,Nuclear,0,,,,
2024,UGA,Nuclear,0,,,,
2000,UGA,Other renewables,0,,,,
2001,UGA,Other renewables,0,,,,
2002,UGA,Other renewables,0,,,,
2003,UGA,Other renewables,0,,,,
2004,UGA,Other renewables,0,,,,
2005,UGA,Other renewables,0,,,,
2006,UGA,Other renewables,0,,,,
2007,UGA,Other renewables,0,,,,
2008,UGA,Other renewables,0,,,,
2009,UGA,Other renewables,0,,,,
2010,UGA,Other renewables,0,,,,
2011,UGA,Other renewables,0,,,,
2012,UGA,Other renewables,0,,,,
2013,UGA,Other renewables,0,,,,
2014,UGA,Other renewables,0,,,,
2015,UGA,Other renewables,0,,,,
2016,UGA,Other renewables,0,,,,
2017,UGA,Other renewables,0,,,,
2018,UGA,Other renewables,0,,,,
2019,UGA,Other renewables,0,,,,
2020,UGA,Other renewables,0,,,,
2021,UGA,Other renewables,0,,,,
2022,UGA,Other renewables,0,,,,
2023,UGA,Other renewables,0,,,,
2024,UGA,Other renewables,0,,,,
2000,UGA,Solar,0,,,,
2001,UGA,Solar,0,,,,
2002,UGA,Solar,0,,,,
2003,UGA,Solar,0,,,,
2004,UGA,Solar,0,,,,
2005,UGA,Solar,0,,,,
2006,UGA,Solar,0.01,,,,
2007,UGA,Solar,0.01,,,,
2008,UGA,Solar,0.02,,,,
2009,UGA,Solar,0.02,,,,
2010,UGA,Solar,0.02,,,,
2011,UGA,Solar,0.02,,,,
2012,UGA,Solar,0.03,,,,
2013,UGA,Solar,0.03,,,,
2014,UGA,Solar,0.03,,,,
2015,UGA,Solar,0.03,,,,
2016,UGA,Solar,0.04,,,,
2017,UGA,Solar,0.06,,,,
2018,UGA,Solar,0.07,,,,
2019,UGA,Solar,0.13,,,,
2020,UGA,Solar,0.14,,,,
2021,UGA,Solar,0.13,,,,
2022,UGA,Solar,0.15,,,,
2023,UGA,Solar,0.15,,,,
2024,UGA,Solar,0.17,,,,
2000,UGA,Total,1.6,,,,
2001,UGA,Total,1.6,,,,
2002,UGA,Total,1.7,,,,
2003,UGA,Total,1.8,,,,
2004,UGA,Total,1.9,,,,
2005,UGA,Total,1.9,,,,
2006,UGA,Total,1.2,,,,
2007,UGA,Total,1.5,,,,
2008,UGA,Total,1.7,,,,
2009,UGA,Total,1.5,,,,
2010,UGA,Total,1.6,,,,
2011,UGA,Total,1.6,,,,
2012,UGA,Total,2.6,,,,
2013,UGA,Total,3.1,,,,
2014,UGA,Total,3.1,,,,
2015,UGA,Total,3.5,,,,
2016,UGA,Total,3.7,,,,
2017,UGA,Total,3.7,,,,
2018,UGA,Total,4,,,,
2019,UGA,Total,4.4,,,,
2020,UGA,Total,4.5,,,,
2021,UGA,Total,5.1,,,,
2022,UGA,Total,5.6,,,,
2023,UGA,Total,5.6,,,,
2024,UGA,Total,5.6,,,,
2000,UGA,Wind,0,,,,
2001,UGA,Wind,0,,,,
2002,UGA,Wind,0,,,,
2003,UGA,Wind,0,,,,
2004,UGA,Wind,0,,,,
2005,UGA,Wind,0,,,,
2006,UGA,Wind,0,,,,
2007,UGA,Wind,0,,,,
2008,UGA,Wind,0,,,,
2009,UGA,Wind,0,,,,
2010,UGA,Wind,0,,,,
2011,UGA,Wind,0,,,,
2012,UGA,Wind,0,,,,
2013,UGA,Wind,0,,,,
2014,UGA,Wind,0,,,,
2015,UGA,Wind,0,,,,
2016,UGA,Wind,0,,,,
2017,UGA,Wind,0,,,,
2018,UGA,Wind,0,,,,
2019,UGA,Wind,0,,,,
2020,UGA,Wind,0,,,,
2021,UGA,Wind,0,,,,
2022,UGA,Wind,0,,,,
2023,UGA,Wind,0,,,,
2024,UGA,Wind,0,,,,
1985,UKR,Hydro,11,,,,
1986,UKR,Hydro,11,,,,
1987,UKR,Hydro,9.6,,,,
1988,UKR,Hydro,12,,,,
1989,UKR,Hydro,10,,,,
1990,UKR,Hydro,11,,,,
1991,UKR,Hydro,12,,,,
1992,UKR,Hydro,7.9,,,,
1993,UKR,Hydro,11,,,,
1994,UKR,Hydro,12,,,,
1995,UKR,Hydro,10,,,,
1996,UKR,Hydro,8.6,,,,
1997,UKR,Hydro,9.9,,,,
1998,UKR,Hydro,16,,,,
1999,UKR,Hydro,14,,,,
2000,UKR,Hydro,11,,,,
2001,UKR,Hydro,12,,,,
2002,UKR,Hydro,9.6,,,,
2003,UKR,Hydro,9.2,,,,
2004,UKR,Hydro,12,,,,
2005,UKR,Hydro,12,,,,
2006,UKR,Hydro,13,,,,
2007,UKR,Hydro,10,,,,
2008,UKR,Hydro,12,,,,
2009,UKR,Hydro,12,,,,
2010,UKR,Hydro,13,,,,
2011,UKR,Hydro,11,,,,
2012,UKR,Hydro,10,,,,
2013,UKR,Hydro,14,,,,
2014,UKR,Hydro,8.5,,,,
2015,UKR,Hydro,5.4,,,,
2016,UKR,Hydro,7.7,,,,
2017,UKR,Hydro,9,,,,
2018,UKR,Hydro,10,,,,
2019,UKR,Hydro,6.5,,,,
2020,UKR,Hydro,7.6,,,,
2021,UKR,Hydro,10,,,,
2022,UKR,Hydro,11,,,,
1985,UKR,Nuclear,53,,,,
1986,UKR,Nuclear,43,,,,
1987,UKR,Nuclear,50,,,,
1988,UKR,Nuclear,72,,,,
1989,UKR,Nuclear,67,,,,
1990,UKR,Nuclear,76,,,,
1991,UKR,Nuclear,75,,,,
1992,UKR,Nuclear,74,,,,
1993,UKR,Nuclear,75,,,,
1994,UKR,Nuclear,69,,,,
1995,UKR,Nuclear,71,,,,
1996,UKR,Nuclear,80,,,,
1997,UKR,Nuclear,79,,,,
1998,UKR,Nuclear,75,,,,
1999,UKR,Nuclear,72,,,,
2000,UKR,Nuclear,77,,,,
2001,UKR,Nuclear,76,,,,
2002,UKR,Nuclear,78,,,,
2003,UKR,Nuclear,81,,,,
2004,UKR,Nuclear,87,,,,
2005,UKR,Nuclear,89,,,,
2006,UKR,Nuclear,90,,,,
2007,UKR,Nuclear,93,,,,
2008,UKR,Nuclear,90,,,,
2009,UKR,Nuclear,83,,,,
2010,UKR,Nuclear,89,,,,
2011,UKR,Nuclear,90,,,,
2012,UKR,Nuclear,90,,,,
2013,UKR,Nuclear,83,,,,
2014,UKR,Nuclear,88,,,,
2015,UKR,Nuclear,88,,,,
2016,UKR,Nuclear,81,,,,
2017,UKR,Nuclear,86,,,,
2018,UKR,Nuclear,84,,,,
2019,UKR,Nuclear,83,,,,
2020,UKR,Nuclear,76,,,,
2021,UKR,Nuclear,86,,,,
2022,UKR,Nuclear,62,,,,
1990,UKR,Other renewables,0,,,,
1991,UKR,Other renewables,0,,,,
1992,UKR,Other renewables,0,,,,
1993,UKR,Other renewables,0,,,,
1994,UKR,Other renewables,0,,,,
1995,UKR,Other renewables,0,,,,
1996,UKR,Other renewables,0,,,,
1997,UKR,Other renewables,0,,,,
1998,UKR,Other renewables,0,,,,
1999,UKR,Other renewables,0,,,,
2000,UKR,Other renewables,0,,,,
2001,UKR,Other renewables,0,,,,
2002,UKR,Other renewables,0,,,,
2003,UKR,Other renewables,0,,,,
2004,UKR,Other renewables,0,,,,
2005,UKR,Other renewables,0,,,,
2006,UKR,Other renewables,0,,,,
2007,UKR,Other renewables,0,,,,
2008,UKR,Other renewables,0,,,,
2009,UKR,Other renewables,0,,,,
2010,UKR,Other renewables,0,,,,
2011,UKR,Other renewables,0,,,,
2012,UKR,Other renewables,0,,,,
2013,UKR,Other renewables,0,,,,
2014,UKR,Other renewables,0,,,,
2015,UKR,Other renewables,0,,,,
2016,UKR,Other renewables,0,,,,
2017,UKR,Other renewables,0,,,,
2018,UKR,Other renewables,0,,,,
2019,UKR,Other renewables,0,,,,
2020,UKR,Other renewables,0,,,,
2021,UKR,Other renewables,0,,,,
2022,UKR,Other renewables,0,,,,
1990,UKR,Solar,0,,,,
1991,UKR,Solar,0,,,,
1992,UKR,Solar,0,,,,
1993,UKR,Solar,0,,,,
1994,UKR,Solar,0,,,,
1995,UKR,Solar,0,,,,
1996,UKR,Solar,0,,,,
1997,UKR,Solar,0,,,,
1998,UKR,Solar,0,,,,
1999,UKR,Solar,0,,,,
2000,UKR,Solar,0,,,,
2001,UKR,Solar,0,,,,
2002,UKR,Solar,0,,,,
2003,UKR,Solar,0,,,,
2004,UKR,Solar,0,,,,
2005,UKR,Solar,0,,,,
2006,UKR,Solar,0,,,,
2007,UKR,Solar,0,,,,
2008,UKR,Solar,0,,,,
2009,UKR,Solar,0,,,,
2010,UKR,Solar,0,,,,
2011,UKR,Solar,0.03,,,,
2012,UKR,Solar,0.33,,,,
2013,UKR,Solar,0.57,,,,
2014,UKR,Solar,0.43,,,,
2015,UKR,Solar,0.48,,,,
2016,UKR,Solar,0.49,,,,
2017,UKR,Solar,0.72,,,,
2018,UKR,Solar,1.1,,,,
2019,UKR,Solar,2.9,,,,
2020,UKR,Solar,5.4,,,,
2021,UKR,Solar,6.5,,,,
2022,UKR,Solar,5.1,,,,
1985,UKR,Total,64,,,,
1986,UKR,Total,53,,,,
1987,UKR,Total,60,,,,
1988,UKR,Total,84,,,,
1989,UKR,Total,77,,,,
1990,UKR,Total,87,,,,
1991,UKR,Total,87,,,,
1992,UKR,Total,82,,,,
1993,UKR,Total,86,,,,
1994,UKR,Total,81,,,,
1995,UKR,Total,80,,,,
1996,UKR,Total,88,,,,
1997,UKR,Total,89,,,,
1998,UKR,Total,91,,,,
1999,UKR,Total,86,,,,
2000,UKR,Total,89,,,,
2001,UKR,Total,88,,,,
2002,UKR,Total,88,,,,
2003,UKR,Total,91,,,,
2004,UKR,Total,99,,,,
2005,UKR,Total,100,,,,
2006,UKR,Total,100,,,,
2007,UKR,Total,100,,,,
2008,UKR,Total,100,,,,
2009,UKR,Total,95,,,,
2010,UKR,Total,100,,,,
2011,UKR,Total,100,,,,
2012,UKR,Total,100,,,,
2013,UKR,Total,98,,,,
2014,UKR,Total,99,,,,
2015,UKR,Total,95,,,,
2016,UKR,Total,90,,,,
2017,UKR,Total,96,,,,
2018,UKR,Total,97,,,,
2019,UKR,Total,95,,,,
2020,UKR,Total,93,,,,
2021,UKR,Total,110,,,,
2022,UKR,Total,80,,,,
1990,UKR,Wind,0,,,,
1991,UKR,Wind,0,,,,
1992,UKR,Wind,0,,,,
1993,UKR,Wind,0,,,,
1994,UKR,Wind,0,,,,
1995,UKR,Wind,0,,,,
1996,UKR,Wind,0,,,,
1997,UKR,Wind,0,,,,
1998,UKR,Wind,0,,,,
1999,UKR,Wind,0,,,,
2000,UKR,Wind,0.01,,,,
2001,UKR,Wind,0.02,,,,
2002,UKR,Wind,0.02,,,,
2003,UKR,Wind,0.03,,,,
2004,UKR,Wind,0.03,,,,
2005,UKR,Wind,0.04,,,,
2006,UKR,Wind,0.04,,,,
2007,UKR,Wind,0.05,,,,
2008,UKR,Wind,0.05,,,,
2009,UKR,Wind,0.04,,,,
2010,UKR,Wind,0.05,,,,
2011,UKR,Wind,0.09,,,,
2012,UKR,Wind,0.29,,,,
2013,UKR,Wind,0.64,,,,
2014,UKR,Wind,1.1,,,,
2015,UKR,Wind,1.1,,,,
2016,UKR,Wind,0.95,,,,
2017,UKR,Wind,0.98,,,,
2018,UKR,Wind,1.2,,,,
2019,UKR,Wind,2,,,,
2020,UKR,Wind,3.3,,,,
2021,UKR,Wind,3.8,,,,
2022,UKR,Wind,1.4,,,,
2000,URY,Hydro,7.1,,,,
2001,URY,Hydro,9.2,,,,
2002,URY,Hydro,9.5,,,,
2003,URY,Hydro,8.5,,,,
2004,URY,Hydro,4.8,,,,
2005,URY,Hydro,6.7,,,,
2006,URY,Hydro,3.6,,,,
2007,URY,Hydro,8,,,,
2008,URY,Hydro,4.5,,,,
2009,URY,Hydro,5.1,,,,
2010,URY,Hydro,8.4,,,,
2011,URY,Hydro,6.5,,,,
2012,URY,Hydro,5.4,,,,
2013,URY,Hydro,8.2,,,,
2014,URY,Hydro,9.7,,,,
2015,URY,Hydro,8.3,,,,
2016,URY,Hydro,7.8,,,,
2017,URY,Hydro,7.5,,,,
2018,URY,Hydro,6.6,,,,
2019,URY,Hydro,8.1,,,,
2020,URY,Hydro,4.1,,,,
2021,URY,Hydro,5.3,,,,
2022,URY,Hydro,5.7,,,,
2023,URY,Hydro,3.5,,,,
2024,URY,Hydro,4.5,,,,
2025,URY,Hydro,3.3,,,,
2000,URY,Nuclear,0,,,,
2001,URY,Nuclear,0,,,,
2002,URY,Nuclear,0,,,,
2003,URY,Nuclear,0,,,,
2004,URY,Nuclear,0,,,,
2005,URY,Nuclear,0,,,,
2006,URY,Nuclear,0,,,,
2007,URY,Nuclear,0,,,,
2008,URY,Nuclear,0,,,,
2009,URY,Nuclear,0,,,,
2010,URY,Nuclear,0,,,,
2011,URY,Nuclear,0,,,,
2012,URY,Nuclear,0,,,,
2013,URY,Nuclear,0,,,,
2014,URY,Nuclear,0,,,,
2015,URY,Nuclear,0,,,,
2016,URY,Nuclear,0,,,,
2017,URY,Nuclear,0,,,,
2018,URY,Nuclear,0,,,,
2019,URY,Nuclear,0,,,,
2020,URY,Nuclear,0,,,,
2021,URY,Nuclear,0,,,,
2022,URY,Nuclear,0,,,,
2023,URY,Nuclear,0,,,,
2024,URY,Nuclear,0,,,,
2025,URY,Nuclear,0,,,,
2000,URY,Other renewables,0,,,,
2001,URY,Other renewables,0,,,,
2002,URY,Other renewables,0,,,,
2003,URY,Other renewables,0,,,,
2004,URY,Other renewables,0,,,,
2005,URY,Other renewables,0,,,,
2006,URY,Other renewables,0,,,,
2007,URY,Other renewables,0,,,,
2008,URY,Other renewables,0,,,,
2009,URY,Other renewables,0,,,,
2010,URY,Other renewables,0,,,,
2011,URY,Other renewables,0,,,,
2012,URY,Other renewables,0,,,,
2013,URY,Other renewables,0,,,,
2014,URY,Other renewables,0,,,,
2015,URY,Other renewables,0,,,,
2016,URY,Other renewables,0,,,,
2017,URY,Other renewables,0,,,,
2018,URY,Other renewables,0,,,,
2019,URY,Other renewables,0,,,,
2020,URY,Other renewables,0,,,,
2021,URY,Other renewables,0,,,,
2022,URY,Other renewables,0,,,,
2023,URY,Other renewables,0,,,,
2024,URY,Other renewables,0,,,,
2025,URY,Other renewables,0,,,,
2000,URY,Solar,0,,,,
2001,URY,Solar,0,,,,
2002,URY,Solar,0,,,,
2003,URY,Solar,0,,,,
2004,URY,Solar,0,,,,
2005,URY,Solar,0,,,,
2006,URY,Solar,0,,,,
2007,URY,Solar,0,,,,
2008,URY,Solar,0,,,,
2009,URY,Solar,0,,,,
2010,URY,Solar,0,,,,
2011,URY,Solar,0,,,,
2012,URY,Solar,0,,,,
2013,URY,Solar,0,,,,
2014,URY,Solar,0,,,,
2015,URY,Solar,0.05,,,,
2016,URY,Solar,0.15,,,,
2017,URY,Solar,0.27,,,,
2018,URY,Solar,0.41,,,,
2019,URY,Solar,0.42,,,,
2020,URY,Solar,0.46,,,,
2021,URY,Solar,0.48,,,,
2022,URY,Solar,0.5,,,,
2023,URY,Solar,0.49,,,,
2024,URY,Solar,0.56,,,,
2025,URY,Solar,0.61,,,,
2000,URY,Total,7.1,,,,
2001,URY,Total,9.2,,,,
2002,URY,Total,9.6,,,,
2003,URY,Total,8.6,,,,
2004,URY,Total,4.8,,,,
2005,URY,Total,6.7,,,,
2006,URY,Total,3.6,,,,
2007,URY,Total,8.2,,,,
2008,URY,Total,5.4,,,,
2009,URY,Total,5.9,,,,
2010,URY,Total,9.6,,,,
2011,URY,Total,7.7,,,,
2012,URY,Total,6.9,,,,
2013,URY,Total,9.8,,,,
2014,URY,Total,12,,,,
2015,URY,Total,13,,,,
2016,URY,Total,13,,,,
2017,URY,Total,14,,,,
2018,URY,Total,14,,,,
2019,URY,Total,16,,,,
2020,URY,Total,13,,,,
2021,URY,Total,14,,,,
2022,URY,Total,13,,,,
2023,URY,Total,12,,,,
2024,URY,Total,13,,,,
2025,URY,Total,12,,,,
2000,URY,Wind,0,,,,
2001,URY,Wind,0,,,,
2002,URY,Wind,0,,,,
2003,URY,Wind,0,,,,
2004,URY,Wind,0,,,,
2005,URY,Wind,0,,,,
2006,URY,Wind,0,,,,
2007,URY,Wind,0,,,,
2008,URY,Wind,0,,,,
2009,URY,Wind,0.04,,,,
2010,URY,Wind,0.07,,,,
2011,URY,Wind,0.11,,,,
2012,URY,Wind,0.11,,,,
2013,URY,Wind,0.14,,,,
2014,URY,Wind,0.73,,,,
2015,URY,Wind,2.1,,,,
2016,URY,Wind,3,,,,
2017,URY,Wind,3.8,,,,
2018,URY,Wind,4.7,,,,
2019,URY,Wind,4.8,,,,
2020,URY,Wind,5.5,,,,
2021,URY,Wind,5,,,,
2022,URY,Wind,4.8,,,,
2023,URY,Wind,4.8,,,,
2024,URY,Wind,5.2,,,,
2025,URY,Wind,4.9,,,,
2000,USA,Hydro,270,,,,
2001,USA,Hydro,210,,,,
2002,USA,Hydro,260,,,,
2003,USA,Hydro,270,,,,
2004,USA,Hydro,260,,,,
2005,USA,Hydro,260,,,,
2006,USA,Hydro,280,,,,
2007,USA,Hydro,240,,,,
2008,USA,Hydro,250,,,,
2009,USA,Hydro,270,,,,
2010,USA,Hydro,250,,,,
2011,USA,Hydro,310,,,,
2012,USA,Hydro,270,,,,
2013,USA,Hydro,260,,,,
2014,USA,Hydro,250,,,,
2015,USA,Hydro,240,,,,
2016,USA,Hydro,260,,,,
2017,USA,Hydro,290,,,,
2018,USA,Hydro,290,,,,
2019,USA,Hydro,280,,,,
2020,USA,Hydro,280,,,,
2021,USA,Hydro,250,,,,
2022,USA,Hydro,250,,,,
2023,USA,Hydro,240,,,,
2024,USA,Hydro,240,,,,
2025,USA,Hydro,240,,,,
2000,USA,Nuclear,750,,,,
2001,USA,Nuclear,770,,,,
2002,USA,Nuclear,780,,,,
2003,USA,Nuclear,760,,,,
2004,USA,Nuclear,790,,,,
2005,USA,Nuclear,780,,,,
2006,USA,Nuclear,790,,,,
2007,USA,Nuclear,810,,,,
2008,USA,Nuclear,810,,,,
2009,USA,Nuclear,800,,,,
2010,USA,Nuclear,810,,,,
2011,USA,Nuclear,790,,,,
2012,USA,Nuclear,770,,,,
2013,USA,Nuclear,790,,,,
2014,USA,Nuclear,800,,,,
2015,USA,Nuclear,800,,,,
2016,USA,Nuclear,810,,,,
2017,USA,Nuclear,800,,,,
2018,USA,Nuclear,810,,,,
2019,USA,Nuclear,810,,,,
2020,USA,Nuclear,790,,,,
2021,USA,Nuclear,780,,,,
2022,USA,Nuclear,770,,,,
2023,USA,Nuclear,770,,,,
2024,USA,Nuclear,780,,,,
2025,USA,Nuclear,780,,,,
2000,USA,Other renewables,14,,,,
2001,USA,Other renewables,15,,,,
2002,USA,Other renewables,16,,,,
2003,USA,Other renewables,17,,,,
2004,USA,Other renewables,17,,,,
2005,USA,Other renewables,17,,,,
2006,USA,Other renewables,17,,,,
2007,USA,Other renewables,17,,,,
2008,USA,Other renewables,17,,,,
2009,USA,Other renewables,17,,,,
2010,USA,Other renewables,18,,,,
2011,USA,Other renewables,18,,,,
2012,USA,Other renewables,18,,,,
2013,USA,Other renewables,19,,,,
2014,USA,Other renewables,19,,,,
2015,USA,Other renewables,19,,,,
2016,USA,Other renewables,19,,,,
2017,USA,Other renewables,19,,,,
2018,USA,Other renewables,19,,,,
2019,USA,Other renewables,18,,,,
2020,USA,Other renewables,18,,,,
2021,USA,Other renewables,18,,,,
2022,USA,Other renewables,18,,,,
2023,USA,Other renewables,18,,,,
2024,USA,Other renewables,18,,,,
2025,USA,Other renewables,18,,,,
2000,USA,Solar,0.49,,,,
2001,USA,Solar,0.54,,,,
2002,USA,Solar,0.55,,,,
2003,USA,Solar,0.53,,,,
2004,USA,Solar,0.58,,,,
2005,USA,Solar,0.55,,,,
2006,USA,Solar,0.51,,,,
2007,USA,Solar,0.61,,,,
2008,USA,Solar,0.86,,,,
2009,USA,Solar,0.89,,,,
2010,USA,Solar,1.2,,,,
2011,USA,Solar,1.8,,,,
2012,USA,Solar,4.3,,,,
2013,USA,Solar,9,,,,
2014,USA,Solar,29,,,,
2015,USA,Solar,39,,,,
2016,USA,Solar,55,,,,
2017,USA,Solar,77,,,,
2018,USA,Solar,93,,,,
2019,USA,Solar,110,,,,
2020,USA,Solar,130,,,,
2021,USA,Solar,160,,,,
2022,USA,Solar,210,,,,
2023,USA,Solar,240,,,,
2024,USA,Solar,300,,,,
2025,USA,Solar,390,,,,
2000,USA,Total,1100,,,,
2001,USA,Total,1000,,,,
2002,USA,Total,1100,,,,
2003,USA,Total,1100,,,,
2004,USA,Total,1100,,,,
2005,USA,Total,1100,,,,
2006,USA,Total,1200,,,,
2007,USA,Total,1200,,,,
2008,USA,Total,1200,,,,
2009,USA,Total,1200,,,,
2010,USA,Total,1200,,,,
2011,USA,Total,1300,,,,
2012,USA,Total,1300,,,,
2013,USA,Total,1300,,,,
2014,USA,Total,1300,,,,
2015,USA,Total,1400,,,,
2016,USA,Total,1400,,,,
2017,USA,Total,1500,,,,
2018,USA,Total,1500,,,,
2019,USA,Total,1600,,,,
2020,USA,Total,1600,,,,
2021,USA,Total,1600,,,,
2022,USA,Total,1700,,,,
2023,USA,Total,1700,,,,
2024,USA,Total,1800,,,,
2025,USA,Total,1900,,,,
2000,USA,Wind,5.6,,,,
2001,USA,Wind,6.7,,,,
2002,USA,Wind,10,,,,
2003,USA,Wind,11,,,,
2004,USA,Wind,14,,,,
2005,USA,Wind,18,,,,
2006,USA,Wind,27,,,,
2007,USA,Wind,34,,,,
2008,USA,Wind,55,,,,
2009,USA,Wind,74,,,,
2010,USA,Wind,95,,,,
2011,USA,Wind,120,,,,
2012,USA,Wind,140,,,,
2013,USA,Wind,170,,,,
2014,USA,Wind,180,,,,
2015,USA,Wind,190,,,,
2016,USA,Wind,230,,,,
2017,USA,Wind,250,,,,
2018,USA,Wind,270,,,,
2019,USA,Wind,300,,,,
2020,USA,Wind,340,,,,
2021,USA,Wind,380,,,,
2022,USA,Wind,430,,,,
2023,USA,Wind,420,,,,
2024,USA,Wind,450,,,,
2025,USA,Wind,460,,,,
2000,UZB,Hydro,3.5,,,,
2001,UZB,Hydro,4.4,,,,
2002,UZB,Hydro,6,,,,
2003,UZB,Hydro,8.2,,,,
2004,UZB,Hydro,6.1,,,,
2005,UZB,Hydro,8.9,,,,
2006,UZB,Hydro,4.7,,,,
2007,UZB,Hydro,4.7,,,,
2008,UZB,Hydro,4.5,,,,
2009,UZB,Hydro,6.5,,,,
2010,UZB,Hydro,8.2,,,,
2011,UZB,Hydro,5.7,,,,
2012,UZB,Hydro,6.7,,,,
2013,UZB,Hydro,5.7,,,,
2014,UZB,Hydro,6.1,,,,
2015,UZB,Hydro,6.8,,,,
2016,UZB,Hydro,6.9,,,,
2017,UZB,Hydro,7.9,,,,
2018,UZB,Hydro,5.9,,,,
2019,UZB,Hydro,6.5,,,,
2020,UZB,Hydro,5,,,,
2021,UZB,Hydro,5,,,,
2022,UZB,Hydro,6.5,,,,
2023,UZB,Hydro,6.6,,,,
2024,UZB,Hydro,8.2,,,,
2025,UZB,Hydro,6.3,,,,
2000,UZB,Nuclear,0,,,,
2001,UZB,Nuclear,0,,,,
2002,UZB,Nuclear,0,,,,
2003,UZB,Nuclear,0,,,,
2004,UZB,Nuclear,0,,,,
2005,UZB,Nuclear,0,,,,
2006,UZB,Nuclear,0,,,,
2007,UZB,Nuclear,0,,,,
2008,UZB,Nuclear,0,,,,
2009,UZB,Nuclear,0,,,,
2010,UZB,Nuclear,0,,,,
2011,UZB,Nuclear,0,,,,
2012,UZB,Nuclear,0,,,,
2013,UZB,Nuclear,0,,,,
2014,UZB,Nuclear,0,,,,
2015,UZB,Nuclear,0,,,,
2016,UZB,Nuclear,0,,,,
2017,UZB,Nuclear,0,,,,
2018,UZB,Nuclear,0,,,,
2019,UZB,Nuclear,0,,,,
2020,UZB,Nuclear,0,,,,
2021,UZB,Nuclear,0,,,,
2022,UZB,Nuclear,0,,,,
2023,UZB,Nuclear,0,,,,
2024,UZB,Nuclear,0,,,,
2025,UZB,Nuclear,0,,,,
2000,UZB,Other renewables,0,,,,
2001,UZB,Other renewables,0,,,,
2002,UZB,Other renewables,0,,,,
2003,UZB,Other renewables,0,,,,
2004,UZB,Other renewables,0,,,,
2005,UZB,Other renewables,0,,,,
2006,UZB,Other renewables,0,,,,
2007,UZB,Other renewables,0,,,,
2008,UZB,Other renewables,0,,,,
2009,UZB,Other renewables,0,,,,
2010,UZB,Other renewables,0,,,,
2011,UZB,Other renewables,0,,,,
2012,UZB,Other renewables,0,,,,
2013,UZB,Other renewables,0,,,,
2014,UZB,Other renewables,0,,,,
2015,UZB,Other renewables,0,,,,
2016,UZB,Other renewables,0,,,,
2017,UZB,Other renewables,0,,,,
2018,UZB,Other renewables,0,,,,
2019,UZB,Other renewables,0,,,,
2020,UZB,Other renewables,0,,,,
2021,UZB,Other renewables,0,,,,
2022,UZB,Other renewables,0,,,,
2023,UZB,Other renewables,0,,,,
2024,UZB,Other renewables,0,,,,
2025,UZB,Other renewables,0,,,,
2000,UZB,Solar,0,,,,
2001,UZB,Solar,0,,,,
2002,UZB,Solar,0,,,,
2003,UZB,Solar,0,,,,
2004,UZB,Solar,0,,,,
2005,UZB,Solar,0,,,,
2006,UZB,Solar,0,,,,
2007,UZB,Solar,0,,,,
2008,UZB,Solar,0,,,,
2009,UZB,Solar,0,,,,
2010,UZB,Solar,0,,,,
2011,UZB,Solar,0,,,,
2012,UZB,Solar,0,,,,
2013,UZB,Solar,0,,,,
2014,UZB,Solar,0,,,,
2015,UZB,Solar,0,,,,
2016,UZB,Solar,0,,,,
2017,UZB,Solar,0.01,,,,
2018,UZB,Solar,0.01,,,,
2019,UZB,Solar,0.01,,,,
2020,UZB,Solar,0.01,,,,
2021,UZB,Solar,0.05,,,,
2022,UZB,Solar,0.44,,,,
2023,UZB,Solar,0.45,,,,
2024,UZB,Solar,2.9,,,,
2025,UZB,Solar,6.5,,,,
2000,UZB,Total,3.5,,,,
2001,UZB,Total,4.4,,,,
2002,UZB,Total,6,,,,
2003,UZB,Total,8.2,,,,
2004,UZB,Total,6.1,,,,
2005,UZB,Total,8.9,,,,
2006,UZB,Total,4.7,,,,
2007,UZB,Total,4.7,,,,
2008,UZB,Total,4.5,,,,
2009,UZB,Total,6.5,,,,
2010,UZB,Total,8.2,,,,
2011,UZB,Total,5.7,,,,
2012,UZB,Total,6.7,,,,
2013,UZB,Total,5.7,,,,
2014,UZB,Total,6.1,,,,
2015,UZB,Total,6.8,,,,
2016,UZB,Total,6.9,,,,
2017,UZB,Total,7.9,,,,
2018,UZB,Total,5.9,,,,
2019,UZB,Total,6.5,,,,
2020,UZB,Total,5,,,,
2021,UZB,Total,5,,,,
2022,UZB,Total,6.9,,,,
2023,UZB,Total,7.6,,,,
2024,UZB,Total,13,,,,
2025,UZB,Total,17,,,,
2000,UZB,Wind,0,,,,
2001,UZB,Wind,0,,,,
2002,UZB,Wind,0,,,,
2003,UZB,Wind,0,,,,
2004,UZB,Wind,0,,,,
2005,UZB,Wind,0,,,,
2006,UZB,Wind,0,,,,
2007,UZB,Wind,0,,,,
2008,UZB,Wind,0,,,,
2009,UZB,Wind,0,,,,
2010,UZB,Wind,0,,,,
2011,UZB,Wind,0,,,,
2012,UZB,Wind,0,,,,
2013,UZB,Wind,0,,,,
2014,UZB,Wind,0,,,,
2015,UZB,Wind,0,,,,
2016,UZB,Wind,0,,,,
2017,UZB,Wind,0,,,,
2018,UZB,Wind,0,,,,
2019,UZB,Wind,0,,,,
2020,UZB,Wind,0,,,,
2021,UZB,Wind,0,,,,
2022,UZB,Wind,0,,,,
2023,UZB,Wind,0.55,,,,
2024,UZB,Wind,1.9,,,,
2025,UZB,Wind,4,,,,
2000,VCT,Hydro,0.03,,,,
2001,VCT,Hydro,0.02,,,,
2002,VCT,Hydro,0.02,,,,
2003,VCT,Hydro,0.02,,,,
2004,VCT,Hydro,0.03,,,,
2005,VCT,Hydro,0.03,,,,
2006,VCT,Hydro,0.02,,,,
2007,VCT,Hydro,0.02,,,,
2008,VCT,Hydro,0.02,,,,
2009,VCT,Hydro,0.02,,,,
2010,VCT,Hydro,0.03,,,,
2011,VCT,Hydro,0.03,,,,
2012,VCT,Hydro,0.03,,,,
2013,VCT,Hydro,0.02,,,,
2014,VCT,Hydro,0.01,,,,
2015,VCT,Hydro,0.02,,,,
2016,VCT,Hydro,0.02,,,,
2017,VCT,Hydro,0.02,,,,
2018,VCT,Hydro,0.02,,,,
2019,VCT,Hydro,0.02,,,,
2020,VCT,Hydro,0.02,,,,
2021,VCT,Hydro,0.02,,,,
2022,VCT,Hydro,0.02,,,,
2023,VCT,Hydro,0.02,,,,
2024,VCT,Hydro,0.02,,,,
2000,VCT,Nuclear,0,,,,
2001,VCT,Nuclear,0,,,,
2002,VCT,Nuclear,0,,,,
2003,VCT,Nuclear,0,,,,
2004,VCT,Nuclear,0,,,,
2005,VCT,Nuclear,0,,,,
2006,VCT,Nuclear,0,,,,
2007,VCT,Nuclear,0,,,,
2008,VCT,Nuclear,0,,,,
2009,VCT,Nuclear,0,,,,
2010,VCT,Nuclear,0,,,,
2011,VCT,Nuclear,0,,,,
2012,VCT,Nuclear,0,,,,
2013,VCT,Nuclear,0,,,,
2014,VCT,Nuclear,0,,,,
2015,VCT,Nuclear,0,,,,
2016,VCT,Nuclear,0,,,,
2017,VCT,Nuclear,0,,,,
2018,VCT,Nuclear,0,,,,
2019,VCT,Nuclear,0,,,,
2020,VCT,Nuclear,0,,,,
2021,VCT,Nuclear,0,,,,
2022,VCT,Nuclear,0,,,,
2023,VCT,Nuclear,0,,,,
2024,VCT,Nuclear,0,,,,
2000,VCT,Other renewables,0,,,,
2001,VCT,Other renewables,0,,,,
2002,VCT,Other renewables,0,,,,
2003,VCT,Other renewables,0,,,,
2004,VCT,Other renewables,0,,,,
2005,VCT,Other renewables,0,,,,
2006,VCT,Other renewables,0,,,,
2007,VCT,Other renewables,0,,,,
2008,VCT,Other renewables,0,,,,
2009,VCT,Other renewables,0,,,,
2010,VCT,Other renewables,0,,,,
2011,VCT,Other renewables,0,,,,
2012,VCT,Other renewables,0,,,,
2013,VCT,Other renewables,0,,,,
2014,VCT,Other renewables,0,,,,
2015,VCT,Other renewables,0,,,,
2016,VCT,Other renewables,0,,,,
2017,VCT,Other renewables,0,,,,
2018,VCT,Other renewables,0,,,,
2019,VCT,Other renewables,0,,,,
2020,VCT,Other renewables,0,,,,
2021,VCT,Other renewables,0,,,,
2022,VCT,Other renewables,0,,,,
2023,VCT,Other renewables,0,,,,
2024,VCT,Other renewables,0,,,,
2000,VCT,Solar,0,,,,
2001,VCT,Solar,0,,,,
2002,VCT,Solar,0,,,,
2003,VCT,Solar,0,,,,
2004,VCT,Solar,0,,,,
2005,VCT,Solar,0,,,,
2006,VCT,Solar,0,,,,
2007,VCT,Solar,0,,,,
2008,VCT,Solar,0,,,,
2009,VCT,Solar,0,,,,
2010,VCT,Solar,0,,,,
2011,VCT,Solar,0,,,,
2012,VCT,Solar,0,,,,
2013,VCT,Solar,0,,,,
2014,VCT,Solar,0,,,,
2015,VCT,Solar,0,,,,
2016,VCT,Solar,0,,,,
2017,VCT,Solar,0,,,,
2018,VCT,Solar,0,,,,
2019,VCT,Solar,0,,,,
2020,VCT,Solar,0,,,,
2021,VCT,Solar,0,,,,
2022,VCT,Solar,0,,,,
2023,VCT,Solar,0,,,,
2024,VCT,Solar,0,,,,
2000,VCT,Total,0.03,,,,
2001,VCT,Total,0.02,,,,
2002,VCT,Total,0.02,,,,
2003,VCT,Total,0.02,,,,
2004,VCT,Total,0.03,,,,
2005,VCT,Total,0.03,,,,
2006,VCT,Total,0.02,,,,
2007,VCT,Total,0.02,,,,
2008,VCT,Total,0.02,,,,
2009,VCT,Total,0.02,,,,
2010,VCT,Total,0.03,,,,
2011,VCT,Total,0.03,,,,
2012,VCT,Total,0.03,,,,
2013,VCT,Total,0.02,,,,
2014,VCT,Total,0.01,,,,
2015,VCT,Total,0.02,,,,
2016,VCT,Total,0.02,,,,
2017,VCT,Total,0.02,,,,
2018,VCT,Total,0.02,,,,
2019,VCT,Total,0.02,,,,
2020,VCT,Total,0.02,,,,
2021,VCT,Total,0.02,,,,
2022,VCT,Total,0.02,,,,
2023,VCT,Total,0.02,,,,
2024,VCT,Total,0.02,,,,
2000,VCT,Wind,0,,,,
2001,VCT,Wind,0,,,,
2002,VCT,Wind,0,,,,
2003,VCT,Wind,0,,,,
2004,VCT,Wind,0,,,,
2005,VCT,Wind,0,,,,
2006,VCT,Wind,0,,,,
2007,VCT,Wind,0,,,,
2008,VCT,Wind,0,,,,
2009,VCT,Wind,0,,,,
2010,VCT,Wind,0,,,,
2011,VCT,Wind,0,,,,
2012,VCT,Wind,0,,,,
2013,VCT,Wind,0,,,,
2014,VCT,Wind,0,,,,
2015,VCT,Wind,0,,,,
2016,VCT,Wind,0,,,,
2017,VCT,Wind,0,,,,
2018,VCT,Wind,0,,,,
2019,VCT,Wind,0,,,,
2020,VCT,Wind,0,,,,
2021,VCT,Wind,0,,,,
2022,VCT,Wind,0,,,,
2023,VCT,Wind,0,,,,
2024,VCT,Wind,0,,,,
2000,VEN,Hydro,63,,,,
2001,VEN,Hydro,60,,,,
2002,VEN,Hydro,60,,,,
2003,VEN,Hydro,61,,,,
2004,VEN,Hydro,70,,,,
2005,VEN,Hydro,77,,,,
2006,VEN,Hydro,82,,,,
2007,VEN,Hydro,83,,,,
2008,VEN,Hydro,87,,,,
2009,VEN,Hydro,86,,,,
2010,VEN,Hydro,77,,,,
2011,VEN,Hydro,84,,,,
2012,VEN,Hydro,82,,,,
2013,VEN,Hydro,84,,,,
2014,VEN,Hydro,64,,,,
2015,VEN,Hydro,75,,,,
2016,VEN,Hydro,63,,,,
2017,VEN,Hydro,61,,,,
2018,VEN,Hydro,58,,,,
2019,VEN,Hydro,50,,,,
2020,VEN,Hydro,63,,,,
2021,VEN,Hydro,66,,,,
2022,VEN,Hydro,65,,,,
2023,VEN,Hydro,65,,,,
2024,VEN,Hydro,73,,,,
2000,VEN,Nuclear,0,,,,
2001,VEN,Nuclear,0,,,,
2002,VEN,Nuclear,0,,,,
2003,VEN,Nuclear,0,,,,
2004,VEN,Nuclear,0,,,,
2005,VEN,Nuclear,0,,,,
2006,VEN,Nuclear,0,,,,
2007,VEN,Nuclear,0,,,,
2008,VEN,Nuclear,0,,,,
2009,VEN,Nuclear,0,,,,
2010,VEN,Nuclear,0,,,,
2011,VEN,Nuclear,0,,,,
2012,VEN,Nuclear,0,,,,
2013,VEN,Nuclear,0,,,,
2014,VEN,Nuclear,0,,,,
2015,VEN,Nuclear,0,,,,
2016,VEN,Nuclear,0,,,,
2017,VEN,Nuclear,0,,,,
2018,VEN,Nuclear,0,,,,
2019,VEN,Nuclear,0,,,,
2020,VEN,Nuclear,0,,,,
2021,VEN,Nuclear,0,,,,
2022,VEN,Nuclear,0,,,,
2023,VEN,Nuclear,0,,,,
2024,VEN,Nuclear,0,,,,
2000,VEN,Other renewables,0,,,,
2001,VEN,Other renewables,0,,,,
2002,VEN,Other renewables,0,,,,
2003,VEN,Other renewables,0,,,,
2004,VEN,Other renewables,0,,,,
2005,VEN,Other renewables,0,,,,
2006,VEN,Other renewables,0,,,,
2007,VEN,Other renewables,0,,,,
2008,VEN,Other renewables,0,,,,
2009,VEN,Other renewables,0,,,,
2010,VEN,Other renewables,0,,,,
2011,VEN,Other renewables,0,,,,
2012,VEN,Other renewables,0,,,,
2013,VEN,Other renewables,0,,,,
2014,VEN,Other renewables,0,,,,
2015,VEN,Other renewables,0,,,,
2016,VEN,Other renewables,0,,,,
2017,VEN,Other renewables,0,,,,
2018,VEN,Other renewables,0,,,,
2019,VEN,Other renewables,0,,,,
2020,VEN,Other renewables,0,,,,
2021,VEN,Other renewables,0,,,,
2022,VEN,Other renewables,0,,,,
2023,VEN,Other renewables,0,,,,
2024,VEN,Other renewables,0,,,,
2000,VEN,Solar,0,,,,
2001,VEN,Solar,0,,,,
2002,VEN,Solar,0,,,,
2003,VEN,Solar,0,,,,
2004,VEN,Solar,0,,,,
2005,VEN,Solar,0,,,,
2006,VEN,Solar,0,,,,
2007,VEN,Solar,0,,,,
2008,VEN,Solar,0,,,,
2009,VEN,Solar,0,,,,
2010,VEN,Solar,0,,,,
2011,VEN,Solar,0,,,,
2012,VEN,Solar,0,,,,
2013,VEN,Solar,0,,,,
2014,VEN,Solar,0,,,,
2015,VEN,Solar,0.01,,,,
2016,VEN,Solar,0.01,,,,
2017,VEN,Solar,0.01,,,,
2018,VEN,Solar,0.01,,,,
2019,VEN,Solar,0.01,,,,
2020,VEN,Solar,0.01,,,,
2021,VEN,Solar,0.01,,,,
2022,VEN,Solar,0.01,,,,
2023,VEN,Solar,0.01,,,,
2024,VEN,Solar,0.01,,,,
2000,VEN,Total,63,,,,
2001,VEN,Total,60,,,,
2002,VEN,Total,60,,,,
2003,VEN,Total,61,,,,
2004,VEN,Total,70,,,,
2005,VEN,Total,77,,,,
2006,VEN,Total,82,,,,
2007,VEN,Total,83,,,,
2008,VEN,Total,87,,,,
2009,VEN,Total,86,,,,
2010,VEN,Total,77,,,,
2011,VEN,Total,84,,,,
2012,VEN,Total,82,,,,
2013,VEN,Total,84,,,,
2014,VEN,Total,64,,,,
2015,VEN,Total,75,,,,
2016,VEN,Total,63,,,,
2017,VEN,Total,61,,,,
2018,VEN,Total,58,,,,
2019,VEN,Total,50,,,,
2020,VEN,Total,63,,,,
2021,VEN,Total,66,,,,
2022,VEN,Total,65,,,,
2023,VEN,Total,65,,,,
2024,VEN,Total,73,,,,
2000,VEN,Wind,0,,,,
2001,VEN,Wind,0,,,,
2002,VEN,Wind,0,,,,
2003,VEN,Wind,0,,,,
2004,VEN,Wind,0,,,,
2005,VEN,Wind,0,,,,
2006,VEN,Wind,0,,,,
2007,VEN,Wind,0,,,,
2008,VEN,Wind,0,,,,
2009,VEN,Wind,0,,,,
2010,VEN,Wind,0,,,,
2011,VEN,Wind,0,,,,
2012,VEN,Wind,0.05,,,,
2013,VEN,Wind,0.09,,,,
2014,VEN,Wind,0.09,,,,
2015,VEN,Wind,0.09,,,,
2016,VEN,Wind,0.09,,,,
2017,VEN,Wind,0.09,,,,
2018,VEN,Wind,0.04,,,,
2019,VEN,Wind,0.06,,,,
2020,VEN,Wind,0.02,,,,
2021,VEN,Wind,0.02,,,,
2022,VEN,Wind,0.02,,,,
2023,VEN,Wind,0.02,,,,
2024,VEN,Wind,0.02,,,,
2000,VGB,Hydro,0,,,,
2001,VGB,Hydro,0,,,,
2002,VGB,Hydro,0,,,,
2003,VGB,Hydro,0,,,,
2004,VGB,Hydro,0,,,,
2005,VGB,Hydro,0,,,,
2006,VGB,Hydro,0,,,,
2007,VGB,Hydro,0,,,,
2008,VGB,Hydro,0,,,,
2009,VGB,Hydro,0,,,,
2010,VGB,Hydro,0,,,,
2011,VGB,Hydro,0,,,,
2012,VGB,Hydro,0,,,,
2013,VGB,Hydro,0,,,,
2014,VGB,Hydro,0,,,,
2015,VGB,Hydro,0,,,,
2016,VGB,Hydro,0,,,,
2017,VGB,Hydro,0,,,,
2018,VGB,Hydro,0,,,,
2019,VGB,Hydro,0,,,,
2020,VGB,Hydro,0,,,,
2021,VGB,Hydro,0,,,,
2022,VGB,Hydro,0,,,,
2023,VGB,Hydro,0,,,,
2000,VGB,Nuclear,0,,,,
2001,VGB,Nuclear,0,,,,
2002,VGB,Nuclear,0,,,,
2003,VGB,Nuclear,0,,,,
2004,VGB,Nuclear,0,,,,
2005,VGB,Nuclear,0,,,,
2006,VGB,Nuclear,0,,,,
2007,VGB,Nuclear,0,,,,
2008,VGB,Nuclear,0,,,,
2009,VGB,Nuclear,0,,,,
2010,VGB,Nuclear,0,,,,
2011,VGB,Nuclear,0,,,,
2012,VGB,Nuclear,0,,,,
2013,VGB,Nuclear,0,,,,
2014,VGB,Nuclear,0,,,,
2015,VGB,Nuclear,0,,,,
2016,VGB,Nuclear,0,,,,
2017,VGB,Nuclear,0,,,,
2018,VGB,Nuclear,0,,,,
2019,VGB,Nuclear,0,,,,
2020,VGB,Nuclear,0,,,,
2021,VGB,Nuclear,0,,,,
2022,VGB,Nuclear,0,,,,
2023,VGB,Nuclear,0,,,,
2000,VGB,Other renewables,0,,,,
2001,VGB,Other renewables,0,,,,
2002,VGB,Other renewables,0,,,,
2003,VGB,Other renewables,0,,,,
2004,VGB,Other renewables,0,,,,
2005,VGB,Other renewables,0,,,,
2006,VGB,Other renewables,0,,,,
2007,VGB,Other renewables,0,,,,
2008,VGB,Other renewables,0,,,,
2009,VGB,Other renewables,0,,,,
2010,VGB,Other renewables,0,,,,
2011,VGB,Other renewables,0,,,,
2012,VGB,Other renewables,0,,,,
2013,VGB,Other renewables,0,,,,
2014,VGB,Other renewables,0,,,,
2015,VGB,Other renewables,0,,,,
2016,VGB,Other renewables,0,,,,
2017,VGB,Other renewables,0,,,,
2018,VGB,Other renewables,0,,,,
2019,VGB,Other renewables,0,,,,
2020,VGB,Other renewables,0,,,,
2021,VGB,Other renewables,0,,,,
2022,VGB,Other renewables,0,,,,
2023,VGB,Other renewables,0,,,,
2000,VGB,Solar,0,,,,
2001,VGB,Solar,0,,,,
2002,VGB,Solar,0,,,,
2003,VGB,Solar,0,,,,
2004,VGB,Solar,0,,,,
2005,VGB,Solar,0,,,,
2006,VGB,Solar,0,,,,
2007,VGB,Solar,0,,,,
2008,VGB,Solar,0,,,,
2009,VGB,Solar,0,,,,
2010,VGB,Solar,0,,,,
2011,VGB,Solar,0,,,,
2012,VGB,Solar,0,,,,
2013,VGB,Solar,0,,,,
2014,VGB,Solar,0,,,,
2015,VGB,Solar,0,,,,
2016,VGB,Solar,0,,,,
2017,VGB,Solar,0,,,,
2018,VGB,Solar,0,,,,
2019,VGB,Solar,0,,,,
2020,VGB,Solar,0,,,,
2021,VGB,Solar,0,,,,
2022,VGB,Solar,0,,,,
2023,VGB,Solar,0,,,,
2000,VGB,Total,0,,,,
2001,VGB,Total,0,,,,
2002,VGB,Total,0,,,,
2003,VGB,Total,0,,,,
2004,VGB,Total,0,,,,
2005,VGB,Total,0,,,,
2006,VGB,Total,0,,,,
2007,VGB,Total,0,,,,
2008,VGB,Total,0,,,,
2009,VGB,Total,0,,,,
2010,VGB,Total,0,,,,
2011,VGB,Total,0,,,,
2012,VGB,Total,0,,,,
2013,VGB,Total,0,,,,
2014,VGB,Total,0,,,,
2015,VGB,Total,0,,,,
2016,VGB,Total,0,,,,
2017,VGB,Total,0,,,,
2018,VGB,Total,0,,,,
2019,VGB,Total,0,,,,
2020,VGB,Total,0,,,,
2021,VGB,Total,0,,,,
2022,VGB,Total,0,,,,
2023,VGB,Total,0,,,,
2000,VGB,Wind,0,,,,
2001,VGB,Wind,0,,,,
2002,VGB,Wind,0,,,,
2003,VGB,Wind,0,,,,
2004,VGB,Wind,0,,,,
2005,VGB,Wind,0,,,,
2006,VGB,Wind,0,,,,
2007,VGB,Wind,0,,,,
2008,VGB,Wind,0,,,,
2009,VGB,Wind,0,,,,
2010,VGB,Wind,0,,,,
2011,VGB,Wind,0,,,,
2012,VGB,Wind,0,,,,
2013,VGB,Wind,0,,,,
2014,VGB,Wind,0,,,,
2015,VGB,Wind,0,,,,
2016,VGB,Wind,0,,,,
2017,VGB,Wind,0,,,,
2018,VGB,Wind,0,,,,
2019,VGB,Wind,0,,,,
2020,VGB,Wind,0,,,,
2021,VGB,Wind,0,,,,
2022,VGB,Wind,0,,,,
2023,VGB,Wind,0,,,,
2000,VIR,Hydro,0,,,,
2001,VIR,Hydro,0,,,,
2002,VIR,Hydro,0,,,,
2003,VIR,Hydro,0,,,,
2004,VIR,Hydro,0,,,,
2005,VIR,Hydro,0,,,,
2006,VIR,Hydro,0,,,,
2007,VIR,Hydro,0,,,,
2008,VIR,Hydro,0,,,,
2009,VIR,Hydro,0,,,,
2010,VIR,Hydro,0,,,,
2011,VIR,Hydro,0,,,,
2012,VIR,Hydro,0,,,,
2013,VIR,Hydro,0,,,,
2014,VIR,Hydro,0,,,,
2015,VIR,Hydro,0,,,,
2016,VIR,Hydro,0,,,,
2017,VIR,Hydro,0,,,,
2018,VIR,Hydro,0,,,,
2019,VIR,Hydro,0,,,,
2020,VIR,Hydro,0,,,,
2021,VIR,Hydro,0,,,,
2022,VIR,Hydro,0,,,,
2023,VIR,Hydro,0,,,,
2000,VIR,Nuclear,0,,,,
2001,VIR,Nuclear,0,,,,
2002,VIR,Nuclear,0,,,,
2003,VIR,Nuclear,0,,,,
2004,VIR,Nuclear,0,,,,
2005,VIR,Nuclear,0,,,,
2006,VIR,Nuclear,0,,,,
2007,VIR,Nuclear,0,,,,
2008,VIR,Nuclear,0,,,,
2009,VIR,Nuclear,0,,,,
2010,VIR,Nuclear,0,,,,
2011,VIR,Nuclear,0,,,,
2012,VIR,Nuclear,0,,,,
2013,VIR,Nuclear,0,,,,
2014,VIR,Nuclear,0,,,,
2015,VIR,Nuclear,0,,,,
2016,VIR,Nuclear,0,,,,
2017,VIR,Nuclear,0,,,,
2018,VIR,Nuclear,0,,,,
2019,VIR,Nuclear,0,,,,
2020,VIR,Nuclear,0,,,,
2021,VIR,Nuclear,0,,,,
2022,VIR,Nuclear,0,,,,
2023,VIR,Nuclear,0,,,,
2000,VIR,Other renewables,0,,,,
2001,VIR,Other renewables,0,,,,
2002,VIR,Other renewables,0,,,,
2003,VIR,Other renewables,0,,,,
2004,VIR,Other renewables,0,,,,
2005,VIR,Other renewables,0,,,,
2006,VIR,Other renewables,0,,,,
2007,VIR,Other renewables,0,,,,
2008,VIR,Other renewables,0,,,,
2009,VIR,Other renewables,0,,,,
2010,VIR,Other renewables,0,,,,
2011,VIR,Other renewables,0,,,,
2012,VIR,Other renewables,0,,,,
2013,VIR,Other renewables,0,,,,
2014,VIR,Other renewables,0,,,,
2015,VIR,Other renewables,0,,,,
2016,VIR,Other renewables,0,,,,
2017,VIR,Other renewables,0,,,,
2018,VIR,Other renewables,0,,,,
2019,VIR,Other renewables,0,,,,
2020,VIR,Other renewables,0,,,,
2021,VIR,Other renewables,0,,,,
2022,VIR,Other renewables,0,,,,
2023,VIR,Other renewables,0,,,,
2000,VIR,Solar,0,,,,
2001,VIR,Solar,0,,,,
2002,VIR,Solar,0,,,,
2003,VIR,Solar,0,,,,
2004,VIR,Solar,0,,,,
2005,VIR,Solar,0,,,,
2006,VIR,Solar,0,,,,
2007,VIR,Solar,0,,,,
2008,VIR,Solar,0,,,,
2009,VIR,Solar,0,,,,
2010,VIR,Solar,0,,,,
2011,VIR,Solar,0,,,,
2012,VIR,Solar,0,,,,
2013,VIR,Solar,0,,,,
2014,VIR,Solar,0.01,,,,
2015,VIR,Solar,0.01,,,,
2016,VIR,Solar,0.01,,,,
2017,VIR,Solar,0.01,,,,
2018,VIR,Solar,0.01,,,,
2019,VIR,Solar,0.01,,,,
2020,VIR,Solar,0.01,,,,
2021,VIR,Solar,0.02,,,,
2022,VIR,Solar,0.02,,,,
2023,VIR,Solar,0.02,,,,
2000,VIR,Total,0,,,,
2001,VIR,Total,0,,,,
2002,VIR,Total,0,,,,
2003,VIR,Total,0,,,,
2004,VIR,Total,0,,,,
2005,VIR,Total,0,,,,
2006,VIR,Total,0,,,,
2007,VIR,Total,0,,,,
2008,VIR,Total,0,,,,
2009,VIR,Total,0,,,,
2010,VIR,Total,0,,,,
2011,VIR,Total,0,,,,
2012,VIR,Total,0,,,,
2013,VIR,Total,0,,,,
2014,VIR,Total,0.01,,,,
2015,VIR,Total,0.01,,,,
2016,VIR,Total,0.01,,,,
2017,VIR,Total,0.01,,,,
2018,VIR,Total,0.01,,,,
2019,VIR,Total,0.01,,,,
2020,VIR,Total,0.01,,,,
2021,VIR,Total,0.02,,,,
2022,VIR,Total,0.02,,,,
2023,VIR,Total,0.02,,,,
2000,VIR,Wind,0,,,,
2001,VIR,Wind,0,,,,
2002,VIR,Wind,0,,,,
2003,VIR,Wind,0,,,,
2004,VIR,Wind,0,,,,
2005,VIR,Wind,0,,,,
2006,VIR,Wind,0,,,,
2007,VIR,Wind,0,,,,
2008,VIR,Wind,0,,,,
2009,VIR,Wind,0,,,,
2010,VIR,Wind,0,,,,
2011,VIR,Wind,0,,,,
2012,VIR,Wind,0,,,,
2013,VIR,Wind,0,,,,
2014,VIR,Wind,0,,,,
2015,VIR,Wind,0,,,,
2016,VIR,Wind,0,,,,
2017,VIR,Wind,0,,,,
2018,VIR,Wind,0,,,,
2019,VIR,Wind,0,,,,
2020,VIR,Wind,0,,,,
2021,VIR,Wind,0,,,,
2022,VIR,Wind,0,,,,
2023,VIR,Wind,0,,,,
1985,VNM,Hydro,1.5,,,,
1986,VNM,Hydro,1.4,,,,
1987,VNM,Hydro,1.4,,,,
1988,VNM,Hydro,1.8,,,,
1989,VNM,Hydro,3.8,,,,
1990,VNM,Hydro,5.4,,,,
1991,VNM,Hydro,6.3,,,,
1992,VNM,Hydro,7.2,,,,
1993,VNM,Hydro,8,,,,
1994,VNM,Hydro,9.2,,,,
1995,VNM,Hydro,11,,,,
1996,VNM,Hydro,12,,,,
1997,VNM,Hydro,12,,,,
1998,VNM,Hydro,11,,,,
1999,VNM,Hydro,14,,,,
2000,VNM,Hydro,15,,,,
2001,VNM,Hydro,18,,,,
2002,VNM,Hydro,18,,,,
2003,VNM,Hydro,19,,,,
2004,VNM,Hydro,18,,,,
2005,VNM,Hydro,17,,,,
2006,VNM,Hydro,20,,,,
2007,VNM,Hydro,22,,,,
2008,VNM,Hydro,26,,,,
2009,VNM,Hydro,30,,,,
2010,VNM,Hydro,29,,,,
2011,VNM,Hydro,41,,,,
2012,VNM,Hydro,53,,,,
2013,VNM,Hydro,58,,,,
2014,VNM,Hydro,62,,,,
2015,VNM,Hydro,56,,,,
2016,VNM,Hydro,64,,,,
2017,VNM,Hydro,86,,,,
2018,VNM,Hydro,83,,,,
2019,VNM,Hydro,66,,,,
2020,VNM,Hydro,73,,,,
2021,VNM,Hydro,79,,,,
2022,VNM,Hydro,96,,,,
2023,VNM,Hydro,81,,,,
2024,VNM,Hydro,89,,,,
2025,VNM,Hydro,100,,,,
2010,VNM,Nuclear,0,,,,
2011,VNM,Nuclear,0,,,,
2012,VNM,Nuclear,0,,,,
2013,VNM,Nuclear,0,,,,
2014,VNM,Nuclear,0,,,,
2015,VNM,Nuclear,0,,,,
2016,VNM,Nuclear,0,,,,
2017,VNM,Nuclear,0,,,,
2018,VNM,Nuclear,0,,,,
2019,VNM,Nuclear,0,,,,
2020,VNM,Nuclear,0,,,,
2021,VNM,Nuclear,0,,,,
2022,VNM,Nuclear,0,,,,
2023,VNM,Nuclear,0,,,,
2024,VNM,Nuclear,0,,,,
2025,VNM,Nuclear,0,,,,
1985,VNM,Solar,0,,,,
1986,VNM,Solar,0,,,,
1987,VNM,Solar,0,,,,
1988,VNM,Solar,0,,,,
1989,VNM,Solar,0,,,,
1990,VNM,Solar,0,,,,
1991,VNM,Solar,0,,,,
1992,VNM,Solar,0,,,,
1993,VNM,Solar,0,,,,
1994,VNM,Solar,0,,,,
1995,VNM,Solar,0,,,,
1996,VNM,Solar,0,,,,
1997,VNM,Solar,0,,,,
1998,VNM,Solar,0,,,,
1999,VNM,Solar,0,,,,
2000,VNM,Solar,0,,,,
2001,VNM,Solar,0,,,,
2002,VNM,Solar,0,,,,
2003,VNM,Solar,0,,,,
2004,VNM,Solar,0,,,,
2005,VNM,Solar,0,,,,
2006,VNM,Solar,0,,,,
2007,VNM,Solar,0,,,,
2008,VNM,Solar,0,,,,
2009,VNM,Solar,0,,,,
2010,VNM,Solar,0.01,,,,
2011,VNM,Solar,0.01,,,,
2012,VNM,Solar,0.01,,,,
2013,VNM,Solar,0.01,,,,
2014,VNM,Solar,0.01,,,,
2015,VNM,Solar,0.01,,,,
2016,VNM,Solar,0.01,,,,
2017,VNM,Solar,0.01,,,,
2018,VNM,Solar,0.02,,,,
2019,VNM,Solar,4.8,,,,
2020,VNM,Solar,11,,,,
2021,VNM,Solar,26,,,,
2022,VNM,Solar,26,,,,
2023,VNM,Solar,26,,,,
2024,VNM,Solar,26,,,,
2025,VNM,Solar,23,,,,
1985,VNM,Total,1.5,,,,
1986,VNM,Total,1.4,,,,
1987,VNM,Total,1.4,,,,
1988,VNM,Total,1.8,,,,
1989,VNM,Total,3.8,,,,
1990,VNM,Total,5.4,,,,
1991,VNM,Total,6.3,,,,
1992,VNM,Total,7.2,,,,
1993,VNM,Total,8,,,,
1994,VNM,Total,9.2,,,,
1995,VNM,Total,11,,,,
1996,VNM,Total,12,,,,
1997,VNM,Total,12,,,,
1998,VNM,Total,11,,,,
1999,VNM,Total,14,,,,
2000,VNM,Total,15,,,,
2001,VNM,Total,18,,,,
2002,VNM,Total,18,,,,
2003,VNM,Total,19,,,,
2004,VNM,Total,18,,,,
2005,VNM,Total,17,,,,
2006,VNM,Total,20,,,,
2007,VNM,Total,23,,,,
2008,VNM,Total,26,,,,
2009,VNM,Total,30,,,,
2010,VNM,Total,29,,,,
2011,VNM,Total,41,,,,
2012,VNM,Total,53,,,,
2013,VNM,Total,58,,,,
2014,VNM,Total,62,,,,
2015,VNM,Total,56,,,,
2016,VNM,Total,64,,,,
2017,VNM,Total,87,,,,
2018,VNM,Total,84,,,,
2019,VNM,Total,72,,,,
2020,VNM,Total,85,,,,
2021,VNM,Total,110,,,,
2022,VNM,Total,130,,,,
2023,VNM,Total,120,,,,
2024,VNM,Total,130,,,,
2025,VNM,Total,140,,,,
1985,VNM,Wind,0,,,,
1986,VNM,Wind,0,,,,
1987,VNM,Wind,0,,,,
1988,VNM,Wind,0,,,,
1989,VNM,Wind,0,,,,
1990,VNM,Wind,0,,,,
1991,VNM,Wind,0,,,,
1992,VNM,Wind,0,,,,
1993,VNM,Wind,0,,,,
1994,VNM,Wind,0,,,,
1995,VNM,Wind,0,,,,
1996,VNM,Wind,0,,,,
1997,VNM,Wind,0,,,,
1998,VNM,Wind,0,,,,
1999,VNM,Wind,0,,,,
2000,VNM,Wind,0,,,,
2001,VNM,Wind,0,,,,
2002,VNM,Wind,0,,,,
2003,VNM,Wind,0,,,,
2004,VNM,Wind,0,,,,
2005,VNM,Wind,0,,,,
2006,VNM,Wind,0,,,,
2007,VNM,Wind,0,,,,
2008,VNM,Wind,0,,,,
2009,VNM,Wind,0.01,,,,
2010,VNM,Wind,0.04,,,,
2011,VNM,Wind,0.04,,,,
2012,VNM,Wind,0.04,,,,
2013,VNM,Wind,0.07,,,,
2014,VNM,Wind,0.07,,,,
2015,VNM,Wind,0.12,,,,
2016,VNM,Wind,0.2,,,,
2017,VNM,Wind,0.35,,,,
2018,VNM,Wind,0.49,,,,
2019,VNM,Wind,0.72,,,,
2020,VNM,Wind,0.98,,,,
2021,VNM,Wind,3.3,,,,
2022,VNM,Wind,9.1,,,,
2023,VNM,Wind,12,,,,
2024,VNM,Wind,13,,,,
2025,VNM,Wind,14,,,,
2000,VUT,Hydro,0,,,,
2001,VUT,Hydro,0,,,,
2002,VUT,Hydro,0,,,,
2003,VUT,Hydro,0,,,,
2004,VUT,Hydro,0,,,,
2005,VUT,Hydro,0,,,,
2006,VUT,Hydro,0,,,,
2007,VUT,Hydro,0,,,,
2008,VUT,Hydro,0,,,,
2009,VUT,Hydro,0,,,,
2010,VUT,Hydro,0,,,,
2011,VUT,Hydro,0,,,,
2012,VUT,Hydro,0,,,,
2013,VUT,Hydro,0,,,,
2014,VUT,Hydro,0,,,,
2015,VUT,Hydro,0,,,,
2016,VUT,Hydro,0,,,,
2017,VUT,Hydro,0,,,,
2018,VUT,Hydro,0.01,,,,
2019,VUT,Hydro,0.01,,,,
2020,VUT,Hydro,0.01,,,,
2021,VUT,Hydro,0.01,,,,
2022,VUT,Hydro,0.01,,,,
2023,VUT,Hydro,0.01,,,,
2000,VUT,Nuclear,0,,,,
2001,VUT,Nuclear,0,,,,
2002,VUT,Nuclear,0,,,,
2003,VUT,Nuclear,0,,,,
2004,VUT,Nuclear,0,,,,
2005,VUT,Nuclear,0,,,,
2006,VUT,Nuclear,0,,,,
2007,VUT,Nuclear,0,,,,
2008,VUT,Nuclear,0,,,,
2009,VUT,Nuclear,0,,,,
2010,VUT,Nuclear,0,,,,
2011,VUT,Nuclear,0,,,,
2012,VUT,Nuclear,0,,,,
2013,VUT,Nuclear,0,,,,
2014,VUT,Nuclear,0,,,,
2015,VUT,Nuclear,0,,,,
2016,VUT,Nuclear,0,,,,
2017,VUT,Nuclear,0,,,,
2018,VUT,Nuclear,0,,,,
2019,VUT,Nuclear,0,,,,
2020,VUT,Nuclear,0,,,,
2021,VUT,Nuclear,0,,,,
2022,VUT,Nuclear,0,,,,
2023,VUT,Nuclear,0,,,,
2000,VUT,Other renewables,0,,,,
2001,VUT,Other renewables,0,,,,
2002,VUT,Other renewables,0,,,,
2003,VUT,Other renewables,0,,,,
2004,VUT,Other renewables,0,,,,
2005,VUT,Other renewables,0,,,,
2006,VUT,Other renewables,0,,,,
2007,VUT,Other renewables,0,,,,
2008,VUT,Other renewables,0,,,,
2009,VUT,Other renewables,0,,,,
2010,VUT,Other renewables,0,,,,
2011,VUT,Other renewables,0,,,,
2012,VUT,Other renewables,0,,,,
2013,VUT,Other renewables,0,,,,
2014,VUT,Other renewables,0,,,,
2015,VUT,Other renewables,0,,,,
2016,VUT,Other renewables,0,,,,
2017,VUT,Other renewables,0,,,,
2018,VUT,Other renewables,0,,,,
2019,VUT,Other renewables,0,,,,
2020,VUT,Other renewables,0,,,,
2021,VUT,Other renewables,0,,,,
2022,VUT,Other renewables,0,,,,
2023,VUT,Other renewables,0,,,,
2000,VUT,Solar,0,,,,
2001,VUT,Solar,0,,,,
2002,VUT,Solar,0,,,,
2003,VUT,Solar,0,,,,
2004,VUT,Solar,0,,,,
2005,VUT,Solar,0,,,,
2006,VUT,Solar,0,,,,
2007,VUT,Solar,0,,,,
2008,VUT,Solar,0,,,,
2009,VUT,Solar,0,,,,
2010,VUT,Solar,0,,,,
2011,VUT,Solar,0,,,,
2012,VUT,Solar,0,,,,
2013,VUT,Solar,0,,,,
2014,VUT,Solar,0,,,,
2015,VUT,Solar,0,,,,
2016,VUT,Solar,0,,,,
2017,VUT,Solar,0,,,,
2018,VUT,Solar,0.01,,,,
2019,VUT,Solar,0.01,,,,
2020,VUT,Solar,0.01,,,,
2021,VUT,Solar,0.01,,,,
2022,VUT,Solar,0.01,,,,
2023,VUT,Solar,0.01,,,,
2000,VUT,Total,0,,,,
2001,VUT,Total,0,,,,
2002,VUT,Total,0,,,,
2003,VUT,Total,0,,,,
2004,VUT,Total,0,,,,
2005,VUT,Total,0,,,,
2006,VUT,Total,0,,,,
2007,VUT,Total,0,,,,
2008,VUT,Total,0,,,,
2009,VUT,Total,0,,,,
2010,VUT,Total,0,,,,
2011,VUT,Total,0,,,,
2012,VUT,Total,0,,,,
2013,VUT,Total,0.01,,,,
2014,VUT,Total,0.01,,,,
2015,VUT,Total,0.01,,,,
2016,VUT,Total,0.01,,,,
2017,VUT,Total,0,,,,
2018,VUT,Total,0.02,,,,
2019,VUT,Total,0.03,,,,
2020,VUT,Total,0.03,,,,
2021,VUT,Total,0.02,,,,
2022,VUT,Total,0.02,,,,
2023,VUT,Total,0.02,,,,
2000,VUT,Wind,0,,,,
2001,VUT,Wind,0,,,,
2002,VUT,Wind,0,,,,
2003,VUT,Wind,0,,,,
2004,VUT,Wind,0,,,,
2005,VUT,Wind,0,,,,
2006,VUT,Wind,0,,,,
2007,VUT,Wind,0,,,,
2008,VUT,Wind,0,,,,
2009,VUT,Wind,0,,,,
2010,VUT,Wind,0,,,,
2011,VUT,Wind,0,,,,
2012,VUT,Wind,0,,,,
2013,VUT,Wind,0.01,,,,
2014,VUT,Wind,0.01,,,,
2015,VUT,Wind,0.01,,,,
2016,VUT,Wind,0.01,,,,
2017,VUT,Wind,0,,,,
2018,VUT,Wind,0,,,,
2019,VUT,Wind,0.01,,,,
2020,VUT,Wind,0.01,,,,
2021,VUT,Wind,0,,,,
2022,VUT,Wind,0,,,,
2023,VUT,Wind,0,,,,
2000,WLD,Total,5400,,,,
2001,WLD,Total,5410,,,,
2002,WLD,Total,5529,,,,
2003,WLD,Total,5501,,,,
2004,WLD,Total,5851,,,,
2005,WLD,Total,6008,,,,
2006,WLD,Total,6196,,,,
2007,WLD,Total,6247,,,,
2008,WLD,Total,6496,,,,
2009,WLD,Total,6539,,,,
2010,WLD,Total,6919,,,,
2011,WLD,Total,7008,,,,
2012,WLD,Total,7155,,,,
2013,WLD,Total,7476,,,,
2014,WLD,Total,7785,,,,
2015,WLD,Total,8046,,,,
2016,WLD,Total,8432,,,,
2017,WLD,Total,8819,,,,
2018,WLD,Total,9298,,,,
2019,WLD,Total,9750,,,,
2020,WLD,Total,10127,,,,
2021,WLD,Total,10700,,,,
2022,WLD,Total,11159,,,,
2023,WLD,Total,11688,,,,
2024,WLD,Total,12651,,,,
2025,WLD,Total,13530,,,,
2026,WLD,Total,,13584,,,
2027,WLD,Total,,13628,,,
2028,WLD,Total,,13662,,,
2000,WLD,Hydro,2600,,,,
2001,WLD,Hydro,2600,,,,
2002,WLD,Hydro,2600,,,,
2003,WLD,Hydro,2600,,,,
2004,WLD,Hydro,2800,,,,
2005,WLD,Hydro,2900,,,,
2006,WLD,Hydro,3000,,,,
2007,WLD,Hydro,3100,,,,
2008,WLD,Hydro,3200,,,,
2009,WLD,Hydro,3200,,,,
2010,WLD,Hydro,3400,,,,
2011,WLD,Hydro,3500,,,,
2012,WLD,Hydro,3700,,,,
2013,WLD,Hydro,3800,,,,
2014,WLD,Hydro,3900,,,,
2015,WLD,Hydro,3900,,,,
2016,WLD,Hydro,4000,,,,
2017,WLD,Hydro,4100,,,,
2018,WLD,Hydro,4200,,,,
2019,WLD,Hydro,4200,,,,
2020,WLD,Hydro,4300,,,,
2021,WLD,Hydro,4300,,,,
2022,WLD,Hydro,4300,,,,
2023,WLD,Hydro,4200,,,,
2024,WLD,Hydro,4400,,,,
2025,WLD,Hydro,4400,,,,
2000,WLD,Nuclear,2500,,,,
2001,WLD,Nuclear,2600,,,,
2002,WLD,Nuclear,2700,,,,
2003,WLD,Nuclear,2600,,,,
2004,WLD,Nuclear,2700,,,,
2005,WLD,Nuclear,2700,,,,
2006,WLD,Nuclear,2800,,,,
2007,WLD,Nuclear,2700,,,,
2008,WLD,Nuclear,2700,,,,
2009,WLD,Nuclear,2700,,,,
2010,WLD,Nuclear,2700,,,,
2011,WLD,Nuclear,2600,,,,
2012,WLD,Nuclear,2400,,,,
2013,WLD,Nuclear,2400,,,,
2014,WLD,Nuclear,2500,,,,
2015,WLD,Nuclear,2500,,,,
2016,WLD,Nuclear,2600,,,,
2017,WLD,Nuclear,2600,,,,
2018,WLD,Nuclear,2700,,,,
2019,WLD,Nuclear,2800,,,,
2020,WLD,Nuclear,2600,,,,
2021,WLD,Nuclear,2800,,,,
2022,WLD,Nuclear,2600,,,,
2023,WLD,Nuclear,2700,,,,
2024,WLD,Nuclear,2800,,,,
2025,WLD,Nuclear,2800,,,,
2000,WLD,Other renewables,44,,,,
2001,WLD,Other renewables,44,,,,
2002,WLD,Other renewables,46,,,,
2003,WLD,Other renewables,47,,,,
2004,WLD,Other renewables,48,,,,
2005,WLD,Other renewables,49,,,,
2006,WLD,Other renewables,51,,,,
2007,WLD,Other renewables,53,,,,
2008,WLD,Other renewables,57,,,,
2009,WLD,Other renewables,59,,,,
2010,WLD,Other renewables,60,,,,
2011,WLD,Other renewables,61,,,,
2012,WLD,Other renewables,63,,,,
2013,WLD,Other renewables,64,,,,
2014,WLD,Other renewables,70,,,,
2015,WLD,Other renewables,73,,,,
2016,WLD,Other renewables,76,,,,
2017,WLD,Other renewables,79,,,,
2018,WLD,Other renewables,82,,,,
2019,WLD,Other renewables,83,,,,
2020,WLD,Other renewables,86,,,,
2021,WLD,Other renewables,86,,,,
2022,WLD,Other renewables,88,,,,
2023,WLD,Other renewables,88,,,,
2024,WLD,Other renewables,88,,,,
2025,WLD,Other renewables,89,,,,
2000,WLD,Solar,1,,,,
2001,WLD,Solar,1.4,,,,
2002,WLD,Solar,1.7,,,,
2003,WLD,Solar,2.1,,,,
2004,WLD,Solar,2.8,,,,
2005,WLD,Solar,4,,,,
2006,WLD,Solar,5.4,,,,
2007,WLD,Solar,7.3,,,,
2008,WLD,Solar,12,,,,
2009,WLD,Solar,20,,,,
2010,WLD,Solar,32,,,,
2011,WLD,Solar,64,,,,
2012,WLD,Solar,97,,,,
2013,WLD,Solar,130,,,,
2014,WLD,Solar,200,,,,
2015,WLD,Solar,260,,,,
2016,WLD,Solar,330,,,,
2017,WLD,Solar,440,,,,
2018,WLD,Solar,580,,,,
2019,WLD,Solar,700,,,,
2020,WLD,Solar,850,,,,
2021,WLD,Solar,1100,,,,
2022,WLD,Solar,1300,,,,
2023,WLD,Solar,1700,,,,
2024,WLD,Solar,2100,,,,
2025,WLD,Solar,2800,,,,
2000,WLD,Wind,31,,,,
2001,WLD,Wind,38,,,,
2002,WLD,Wind,52,,,,
2003,WLD,Wind,63,,,,
2004,WLD,Wind,85,,,,
2005,WLD,Wind,100,,,,
2006,WLD,Wind,130,,,,
2007,WLD,Wind,170,,,,
2008,WLD,Wind,220,,,,
2009,WLD,Wind,280,,,,
2010,WLD,Wind,350,,,,
2011,WLD,Wind,440,,,,
2012,WLD,Wind,530,,,,
2013,WLD,Wind,630,,,,
2014,WLD,Wind,710,,,,
2015,WLD,Wind,830,,,,
2016,WLD,Wind,960,,,,
2017,WLD,Wind,1100,,,,
2018,WLD,Wind,1300,,,,
2019,WLD,Wind,1400,,,,
2020,WLD,Wind,1600,,,,
2021,WLD,Wind,1900,,,,
2022,WLD,Wind,2100,,,,
2023,WLD,Wind,2300,,,,
2024,WLD,Wind,2500,,,,
2025,WLD,Wind,2700,,,,
2000,WSM,Hydro,0.04,,,,
2001,WSM,Hydro,0.05,,,,
2002,WSM,Hydro,0.06,,,,
2003,WSM,Hydro,0.05,,,,
2004,WSM,Hydro,0.05,,,,
2005,WSM,Hydro,0.05,,,,
2006,WSM,Hydro,0.05,,,,
2007,WSM,Hydro,0.05,,,,
2008,WSM,Hydro,0.05,,,,
2009,WSM,Hydro,0.05,,,,
2010,WSM,Hydro,0.05,,,,
2011,WSM,Hydro,0.05,,,,
2012,WSM,Hydro,0.04,,,,
2013,WSM,Hydro,0.03,,,,
2014,WSM,Hydro,0.03,,,,
2015,WSM,Hydro,0.03,,,,
2016,WSM,Hydro,0.03,,,,
2017,WSM,Hydro,0.03,,,,
2018,WSM,Hydro,0.04,,,,
2019,WSM,Hydro,0.05,,,,
2020,WSM,Hydro,0.05,,,,
2021,WSM,Hydro,0.05,,,,
2022,WSM,Hydro,0.04,,,,
2023,WSM,Hydro,0.03,,,,
2024,WSM,Hydro,0.03,,,,
2000,WSM,Nuclear,0,,,,
2001,WSM,Nuclear,0,,,,
2002,WSM,Nuclear,0,,,,
2003,WSM,Nuclear,0,,,,
2004,WSM,Nuclear,0,,,,
2005,WSM,Nuclear,0,,,,
2006,WSM,Nuclear,0,,,,
2007,WSM,Nuclear,0,,,,
2008,WSM,Nuclear,0,,,,
2009,WSM,Nuclear,0,,,,
2010,WSM,Nuclear,0,,,,
2011,WSM,Nuclear,0,,,,
2012,WSM,Nuclear,0,,,,
2013,WSM,Nuclear,0,,,,
2014,WSM,Nuclear,0,,,,
2015,WSM,Nuclear,0,,,,
2016,WSM,Nuclear,0,,,,
2017,WSM,Nuclear,0,,,,
2018,WSM,Nuclear,0,,,,
2019,WSM,Nuclear,0,,,,
2020,WSM,Nuclear,0,,,,
2021,WSM,Nuclear,0,,,,
2022,WSM,Nuclear,0,,,,
2023,WSM,Nuclear,0,,,,
2024,WSM,Nuclear,0,,,,
2000,WSM,Other renewables,0,,,,
2001,WSM,Other renewables,0,,,,
2002,WSM,Other renewables,0,,,,
2003,WSM,Other renewables,0,,,,
2004,WSM,Other renewables,0,,,,
2005,WSM,Other renewables,0,,,,
2006,WSM,Other renewables,0,,,,
2007,WSM,Other renewables,0,,,,
2008,WSM,Other renewables,0,,,,
2009,WSM,Other renewables,0,,,,
2010,WSM,Other renewables,0,,,,
2011,WSM,Other renewables,0,,,,
2012,WSM,Other renewables,0,,,,
2013,WSM,Other renewables,0,,,,
2014,WSM,Other renewables,0,,,,
2015,WSM,Other renewables,0,,,,
2016,WSM,Other renewables,0,,,,
2017,WSM,Other renewables,0,,,,
2018,WSM,Other renewables,0,,,,
2019,WSM,Other renewables,0,,,,
2020,WSM,Other renewables,0,,,,
2021,WSM,Other renewables,0,,,,
2022,WSM,Other renewables,0,,,,
2023,WSM,Other renewables,0,,,,
2024,WSM,Other renewables,0,,,,
2000,WSM,Solar,0,,,,
2001,WSM,Solar,0,,,,
2002,WSM,Solar,0,,,,
2003,WSM,Solar,0,,,,
2004,WSM,Solar,0,,,,
2005,WSM,Solar,0,,,,
2006,WSM,Solar,0,,,,
2007,WSM,Solar,0,,,,
2008,WSM,Solar,0,,,,
2009,WSM,Solar,0,,,,
2010,WSM,Solar,0,,,,
2011,WSM,Solar,0,,,,
2012,WSM,Solar,0,,,,
2013,WSM,Solar,0,,,,
2014,WSM,Solar,0,,,,
2015,WSM,Solar,0.01,,,,
2016,WSM,Solar,0.02,,,,
2017,WSM,Solar,0.02,,,,
2018,WSM,Solar,0.02,,,,
2019,WSM,Solar,0.02,,,,
2020,WSM,Solar,0.02,,,,
2021,WSM,Solar,0.02,,,,
2022,WSM,Solar,0.02,,,,
2023,WSM,Solar,0.02,,,,
2024,WSM,Solar,0.03,,,,
2000,WSM,Total,0.04,,,,
2001,WSM,Total,0.05,,,,
2002,WSM,Total,0.06,,,,
2003,WSM,Total,0.05,,,,
2004,WSM,Total,0.05,,,,
2005,WSM,Total,0.05,,,,
2006,WSM,Total,0.05,,,,
2007,WSM,Total,0.05,,,,
2008,WSM,Total,0.05,,,,
2009,WSM,Total,0.05,,,,
2010,WSM,Total,0.05,,,,
2011,WSM,Total,0.05,,,,
2012,WSM,Total,0.04,,,,
2013,WSM,Total,0.03,,,,
2014,WSM,Total,0.03,,,,
2015,WSM,Total,0.04,,,,
2016,WSM,Total,0.05,,,,
2017,WSM,Total,0.05,,,,
2018,WSM,Total,0.06,,,,
2019,WSM,Total,0.07,,,,
2020,WSM,Total,0.07,,,,
2021,WSM,Total,0.08,,,,
2022,WSM,Total,0.07,,,,
2023,WSM,Total,0.06,,,,
2024,WSM,Total,0.07,,,,
2000,WSM,Wind,0,,,,
2001,WSM,Wind,0,,,,
2002,WSM,Wind,0,,,,
2003,WSM,Wind,0,,,,
2004,WSM,Wind,0,,,,
2005,WSM,Wind,0,,,,
2006,WSM,Wind,0,,,,
2007,WSM,Wind,0,,,,
2008,WSM,Wind,0,,,,
2009,WSM,Wind,0,,,,
2010,WSM,Wind,0,,,,
2011,WSM,Wind,0,,,,
2012,WSM,Wind,0,,,,
2013,WSM,Wind,0,,,,
2014,WSM,Wind,0,,,,
2015,WSM,Wind,0,,,,
2016,WSM,Wind,0,,,,
2017,WSM,Wind,0,,,,
2018,WSM,Wind,0,,,,
2019,WSM,Wind,0,,,,
2020,WSM,Wind,0,,,,
2021,WSM,Wind,0,,,,
2022,WSM,Wind,0,,,,
2023,WSM,Wind,0,,,,
2024,WSM,Wind,0,,,,
2000,XKX,Hydro,0.05,,,,
2001,XKX,Hydro,0.05,,,,
2002,XKX,Hydro,0.05,,,,
2003,XKX,Hydro,0.05,,,,
2004,XKX,Hydro,0.11,,,,
2005,XKX,Hydro,0.11,,,,
2006,XKX,Hydro,0.1,,,,
2007,XKX,Hydro,0.09,,,,
2008,XKX,Hydro,0.08,,,,
2009,XKX,Hydro,0.12,,,,
2010,XKX,Hydro,0.16,,,,
2011,XKX,Hydro,0.1,,,,
2012,XKX,Hydro,0.1,,,,
2013,XKX,Hydro,0.14,,,,
2014,XKX,Hydro,0.15,,,,
2015,XKX,Hydro,0.14,,,,
2016,XKX,Hydro,0.25,,,,
2017,XKX,Hydro,0.18,,,,
2018,XKX,Hydro,0.27,,,,
2019,XKX,Hydro,0.21,,,,
2020,XKX,Hydro,0.26,,,,
2021,XKX,Hydro,0.3,,,,
2022,XKX,Hydro,0.3,,,,
2023,XKX,Hydro,0.39,,,,
2024,XKX,Hydro,0.21,,,,
2025,XKX,Hydro,0.24,,,,
2000,XKX,Nuclear,0,,,,
2001,XKX,Nuclear,0,,,,
2002,XKX,Nuclear,0,,,,
2003,XKX,Nuclear,0,,,,
2004,XKX,Nuclear,0,,,,
2005,XKX,Nuclear,0,,,,
2006,XKX,Nuclear,0,,,,
2007,XKX,Nuclear,0,,,,
2008,XKX,Nuclear,0,,,,
2009,XKX,Nuclear,0,,,,
2010,XKX,Nuclear,0,,,,
2011,XKX,Nuclear,0,,,,
2012,XKX,Nuclear,0,,,,
2013,XKX,Nuclear,0,,,,
2014,XKX,Nuclear,0,,,,
2015,XKX,Nuclear,0,,,,
2016,XKX,Nuclear,0,,,,
2017,XKX,Nuclear,0,,,,
2018,XKX,Nuclear,0,,,,
2019,XKX,Nuclear,0,,,,
2020,XKX,Nuclear,0,,,,
2021,XKX,Nuclear,0,,,,
2022,XKX,Nuclear,0,,,,
2023,XKX,Nuclear,0,,,,
2024,XKX,Nuclear,0,,,,
2025,XKX,Nuclear,0,,,,
2000,XKX,Other renewables,0,,,,
2001,XKX,Other renewables,0,,,,
2002,XKX,Other renewables,0,,,,
2003,XKX,Other renewables,0,,,,
2004,XKX,Other renewables,0,,,,
2005,XKX,Other renewables,0,,,,
2006,XKX,Other renewables,0,,,,
2007,XKX,Other renewables,0,,,,
2008,XKX,Other renewables,0,,,,
2009,XKX,Other renewables,0,,,,
2010,XKX,Other renewables,0,,,,
2011,XKX,Other renewables,0,,,,
2012,XKX,Other renewables,0,,,,
2013,XKX,Other renewables,0,,,,
2014,XKX,Other renewables,0,,,,
2015,XKX,Other renewables,0,,,,
2016,XKX,Other renewables,0,,,,
2017,XKX,Other renewables,0,,,,
2018,XKX,Other renewables,0,,,,
2019,XKX,Other renewables,0,,,,
2020,XKX,Other renewables,0,,,,
2021,XKX,Other renewables,0,,,,
2022,XKX,Other renewables,0,,,,
2023,XKX,Other renewables,0,,,,
2024,XKX,Other renewables,0,,,,
2025,XKX,Other renewables,0,,,,
2000,XKX,Solar,0,,,,
2001,XKX,Solar,0,,,,
2002,XKX,Solar,0,,,,
2003,XKX,Solar,0,,,,
2004,XKX,Solar,0,,,,
2005,XKX,Solar,0,,,,
2006,XKX,Solar,0,,,,
2007,XKX,Solar,0,,,,
2008,XKX,Solar,0,,,,
2009,XKX,Solar,0,,,,
2010,XKX,Solar,0,,,,
2011,XKX,Solar,0,,,,
2012,XKX,Solar,0,,,,
2013,XKX,Solar,0,,,,
2014,XKX,Solar,0,,,,
2015,XKX,Solar,0,,,,
2016,XKX,Solar,0,,,,
2017,XKX,Solar,0,,,,
2018,XKX,Solar,0,,,,
2019,XKX,Solar,0.01,,,,
2020,XKX,Solar,0.01,,,,
2021,XKX,Solar,0.02,,,,
2022,XKX,Solar,0.02,,,,
2023,XKX,Solar,0.01,,,,
2024,XKX,Solar,0.01,,,,
2025,XKX,Solar,0.01,,,,
2000,XKX,Total,0.05,,,,
2001,XKX,Total,0.05,,,,
2002,XKX,Total,0.05,,,,
2003,XKX,Total,0.05,,,,
2004,XKX,Total,0.11,,,,
2005,XKX,Total,0.11,,,,
2006,XKX,Total,0.1,,,,
2007,XKX,Total,0.09,,,,
2008,XKX,Total,0.08,,,,
2009,XKX,Total,0.12,,,,
2010,XKX,Total,0.16,,,,
2011,XKX,Total,0.1,,,,
2012,XKX,Total,0.1,,,,
2013,XKX,Total,0.14,,,,
2014,XKX,Total,0.15,,,,
2015,XKX,Total,0.14,,,,
2016,XKX,Total,0.25,,,,
2017,XKX,Total,0.18,,,,
2018,XKX,Total,0.3,,,,
2019,XKX,Total,0.31,,,,
2020,XKX,Total,0.36,,,,
2021,XKX,Total,0.45,,,,
2022,XKX,Total,0.45,,,,
2023,XKX,Total,0.8,,,,
2024,XKX,Total,0.58,,,,
2025,XKX,Total,0.64,,,,
2010,XKX,Wind,0,,,,
2011,XKX,Wind,0,,,,
2014,XKX,Wind,0,,,,
2015,XKX,Wind,0,,,,
2016,XKX,Wind,0,,,,
2017,XKX,Wind,0,,,,
2018,XKX,Wind,0.03,,,,
2019,XKX,Wind,0.09,,,,
2020,XKX,Wind,0.09,,,,
2021,XKX,Wind,0.13,,,,
2022,XKX,Wind,0.13,,,,
2023,XKX,Wind,0.4,,,,
2024,XKX,Wind,0.36,,,,
2025,XKX,Wind,0.39,,,,
2000,YEM,Hydro,0,,,,
2001,YEM,Hydro,0,,,,
2002,YEM,Hydro,0,,,,
2003,YEM,Hydro,0,,,,
2004,YEM,Hydro,0,,,,
2005,YEM,Hydro,0,,,,
2006,YEM,Hydro,0,,,,
2007,YEM,Hydro,0,,,,
2008,YEM,Hydro,0,,,,
2009,YEM,Hydro,0,,,,
2010,YEM,Hydro,0,,,,
2011,YEM,Hydro,0,,,,
2012,YEM,Hydro,0,,,,
2013,YEM,Hydro,0,,,,
2014,YEM,Hydro,0,,,,
2015,YEM,Hydro,0,,,,
2016,YEM,Hydro,0,,,,
2017,YEM,Hydro,0,,,,
2018,YEM,Hydro,0,,,,
2019,YEM,Hydro,0,,,,
2020,YEM,Hydro,0,,,,
2021,YEM,Hydro,0,,,,
2022,YEM,Hydro,0,,,,
2023,YEM,Hydro,0,,,,
2024,YEM,Hydro,0,,,,
2000,YEM,Nuclear,0,,,,
2001,YEM,Nuclear,0,,,,
2002,YEM,Nuclear,0,,,,
2003,YEM,Nuclear,0,,,,
2004,YEM,Nuclear,0,,,,
2005,YEM,Nuclear,0,,,,
2006,YEM,Nuclear,0,,,,
2007,YEM,Nuclear,0,,,,
2008,YEM,Nuclear,0,,,,
2009,YEM,Nuclear,0,,,,
2010,YEM,Nuclear,0,,,,
2011,YEM,Nuclear,0,,,,
2012,YEM,Nuclear,0,,,,
2013,YEM,Nuclear,0,,,,
2014,YEM,Nuclear,0,,,,
2015,YEM,Nuclear,0,,,,
2016,YEM,Nuclear,0,,,,
2017,YEM,Nuclear,0,,,,
2018,YEM,Nuclear,0,,,,
2019,YEM,Nuclear,0,,,,
2020,YEM,Nuclear,0,,,,
2021,YEM,Nuclear,0,,,,
2022,YEM,Nuclear,0,,,,
2023,YEM,Nuclear,0,,,,
2024,YEM,Nuclear,0,,,,
2000,YEM,Other renewables,0,,,,
2001,YEM,Other renewables,0,,,,
2002,YEM,Other renewables,0,,,,
2003,YEM,Other renewables,0,,,,
2004,YEM,Other renewables,0,,,,
2005,YEM,Other renewables,0,,,,
2006,YEM,Other renewables,0,,,,
2007,YEM,Other renewables,0,,,,
2008,YEM,Other renewables,0,,,,
2009,YEM,Other renewables,0,,,,
2010,YEM,Other renewables,0,,,,
2011,YEM,Other renewables,0,,,,
2012,YEM,Other renewables,0,,,,
2013,YEM,Other renewables,0,,,,
2014,YEM,Other renewables,0,,,,
2015,YEM,Other renewables,0,,,,
2016,YEM,Other renewables,0,,,,
2017,YEM,Other renewables,0,,,,
2018,YEM,Other renewables,0,,,,
2019,YEM,Other renewables,0,,,,
2020,YEM,Other renewables,0,,,,
2021,YEM,Other renewables,0,,,,
2022,YEM,Other renewables,0,,,,
2023,YEM,Other renewables,0,,,,
2024,YEM,Other renewables,0,,,,
2000,YEM,Solar,0,,,,
2001,YEM,Solar,0,,,,
2002,YEM,Solar,0,,,,
2003,YEM,Solar,0,,,,
2004,YEM,Solar,0,,,,
2005,YEM,Solar,0,,,,
2006,YEM,Solar,0,,,,
2007,YEM,Solar,0,,,,
2008,YEM,Solar,0,,,,
2009,YEM,Solar,0,,,,
2010,YEM,Solar,0,,,,
2011,YEM,Solar,0,,,,
2012,YEM,Solar,0,,,,
2013,YEM,Solar,0,,,,
2014,YEM,Solar,0.01,,,,
2015,YEM,Solar,0.12,,,,
2016,YEM,Solar,0.16,,,,
2017,YEM,Solar,0.19,,,,
2018,YEM,Solar,0.48,,,,
2019,YEM,Solar,0.48,,,,
2020,YEM,Solar,0.49,,,,
2021,YEM,Solar,0.5,,,,
2022,YEM,Solar,0.51,,,,
2023,YEM,Solar,0.52,,,,
2024,YEM,Solar,0.59,,,,
2000,YEM,Total,0,,,,
2001,YEM,Total,0,,,,
2002,YEM,Total,0,,,,
2003,YEM,Total,0,,,,
2004,YEM,Total,0,,,,
2005,YEM,Total,0,,,,
2006,YEM,Total,0,,,,
2007,YEM,Total,0,,,,
2008,YEM,Total,0,,,,
2009,YEM,Total,0,,,,
2010,YEM,Total,0,,,,
2011,YEM,Total,0,,,,
2012,YEM,Total,0,,,,
2013,YEM,Total,0,,,,
2014,YEM,Total,0.01,,,,
2015,YEM,Total,0.12,,,,
2016,YEM,Total,0.16,,,,
2017,YEM,Total,0.19,,,,
2018,YEM,Total,0.48,,,,
2019,YEM,Total,0.48,,,,
2020,YEM,Total,0.49,,,,
2021,YEM,Total,0.5,,,,
2022,YEM,Total,0.51,,,,
2023,YEM,Total,0.52,,,,
2024,YEM,Total,0.59,,,,
2000,YEM,Wind,0,,,,
2001,YEM,Wind,0,,,,
2002,YEM,Wind,0,,,,
2003,YEM,Wind,0,,,,
2004,YEM,Wind,0,,,,
2005,YEM,Wind,0,,,,
2006,YEM,Wind,0,,,,
2007,YEM,Wind,0,,,,
2008,YEM,Wind,0,,,,
2009,YEM,Wind,0,,,,
2010,YEM,Wind,0,,,,
2011,YEM,Wind,0,,,,
2012,YEM,Wind,0,,,,
2013,YEM,Wind,0,,,,
2014,YEM,Wind,0,,,,
2015,YEM,Wind,0,,,,
2016,YEM,Wind,0,,,,
2017,YEM,Wind,0,,,,
2018,YEM,Wind,0,,,,
2019,YEM,Wind,0,,,,
2020,YEM,Wind,0,,,,
2021,YEM,Wind,0,,,,
2022,YEM,Wind,0,,,,
2023,YEM,Wind,0,,,,
2024,YEM,Wind,0,,,,
2000,ZAF,Hydro,1.1,,,,
2001,ZAF,Hydro,1.7,,,,
2002,ZAF,Hydro,2.1,,,,
2003,ZAF,Hydro,0.83,,,,
2004,ZAF,Hydro,0.95,,,,
2005,ZAF,Hydro,1.3,,,,
2006,ZAF,Hydro,2.9,,,,
2007,ZAF,Hydro,2.9,,,,
2008,ZAF,Hydro,1.3,,,,
2009,ZAF,Hydro,1.5,,,,
2010,ZAF,Hydro,1.1,,,,
2011,ZAF,Hydro,3.1,,,,
2012,ZAF,Hydro,1,,,,
2013,ZAF,Hydro,1.1,,,,
2014,ZAF,Hydro,1.8,,,,
2015,ZAF,Hydro,0.73,,,,
2016,ZAF,Hydro,0.62,,,,
2017,ZAF,Hydro,0.78,,,,
2018,ZAF,Hydro,1.1,,,,
2019,ZAF,Hydro,0.74,,,,
2020,ZAF,Hydro,1.5,,,,
2021,ZAF,Hydro,2,,,,
2022,ZAF,Hydro,3.1,,,,
2023,ZAF,Hydro,2,,,,
2024,ZAF,Hydro,1.1,,,,
2025,ZAF,Hydro,1.8,,,,
2000,ZAF,Nuclear,13,,,,
2001,ZAF,Nuclear,11,,,,
2002,ZAF,Nuclear,12,,,,
2003,ZAF,Nuclear,13,,,,
2004,ZAF,Nuclear,13,,,,
2005,ZAF,Nuclear,11,,,,
2006,ZAF,Nuclear,10,,,,
2007,ZAF,Nuclear,11,,,,
2008,ZAF,Nuclear,13,,,,
2009,ZAF,Nuclear,13,,,,
2010,ZAF,Nuclear,14,,,,
2011,ZAF,Nuclear,13,,,,
2012,ZAF,Nuclear,13,,,,
2013,ZAF,Nuclear,14,,,,
2014,ZAF,Nuclear,14,,,,
2015,ZAF,Nuclear,12,,,,
2016,ZAF,Nuclear,15,,,,
2017,ZAF,Nuclear,14,,,,
2018,ZAF,Nuclear,12,,,,
2019,ZAF,Nuclear,13,,,,
2020,ZAF,Nuclear,9.9,,,,
2021,ZAF,Nuclear,12,,,,
2022,ZAF,Nuclear,10,,,,
2023,ZAF,Nuclear,8.1,,,,
2024,ZAF,Nuclear,7.8,,,,
2025,ZAF,Nuclear,10,,,,
2000,ZAF,Solar,0,,,,
2001,ZAF,Solar,0,,,,
2002,ZAF,Solar,0.02,,,,
2003,ZAF,Solar,0.02,,,,
2004,ZAF,Solar,0.02,,,,
2005,ZAF,Solar,0.02,,,,
2006,ZAF,Solar,0.02,,,,
2007,ZAF,Solar,0.02,,,,
2008,ZAF,Solar,0.02,,,,
2009,ZAF,Solar,0.02,,,,
2010,ZAF,Solar,0.02,,,,
2011,ZAF,Solar,0.02,,,,
2012,ZAF,Solar,0.03,,,,
2013,ZAF,Solar,0.05,,,,
2014,ZAF,Solar,1.1,,,,
2015,ZAF,Solar,2.4,,,,
2016,ZAF,Solar,3,,,,
2017,ZAF,Solar,3.9,,,,
2018,ZAF,Solar,4.5,,,,
2019,ZAF,Solar,5.4,,,,
2020,ZAF,Solar,7,,,,
2021,ZAF,Solar,7.8,,,,
2022,ZAF,Solar,10,,,,
2023,ZAF,Solar,15,,,,
2024,ZAF,Solar,18,,,,
2025,ZAF,Solar,19,,,,
2000,ZAF,Total,15,,,,
2001,ZAF,Total,13,,,,
2002,ZAF,Total,15,,,,
2003,ZAF,Total,14,,,,
2004,ZAF,Total,15,,,,
2005,ZAF,Total,13,,,,
2006,ZAF,Total,13,,,,
2007,ZAF,Total,15,,,,
2008,ZAF,Total,15,,,,
2009,ZAF,Total,15,,,,
2010,ZAF,Total,15,,,,
2011,ZAF,Total,16,,,,
2012,ZAF,Total,14,,,,
2013,ZAF,Total,16,,,,
2014,ZAF,Total,18,,,,
2015,ZAF,Total,19,,,,
2016,ZAF,Total,23,,,,
2017,ZAF,Total,26,,,,
2018,ZAF,Total,24,,,,
2019,ZAF,Total,26,,,,
2020,ZAF,Total,25,,,,
2021,ZAF,Total,31,,,,
2022,ZAF,Total,34,,,,
2023,ZAF,Total,37,,,,
2024,ZAF,Total,39,,,,
2025,ZAF,Total,43,,,,
2000,ZAF,Wind,0,,,,
2001,ZAF,Wind,0,,,,
2002,ZAF,Wind,0,,,,
2003,ZAF,Wind,0.01,,,,
2004,ZAF,Wind,0.01,,,,
2005,ZAF,Wind,0.01,,,,
2006,ZAF,Wind,0.01,,,,
2007,ZAF,Wind,0.01,,,,
2008,ZAF,Wind,0.02,,,,
2009,ZAF,Wind,0.03,,,,
2010,ZAF,Wind,0.03,,,,
2011,ZAF,Wind,0.04,,,,
2012,ZAF,Wind,0.04,,,,
2013,ZAF,Wind,0.04,,,,
2014,ZAF,Wind,1.1,,,,
2015,ZAF,Wind,3.1,,,,
2016,ZAF,Wind,4.2,,,,
2017,ZAF,Wind,7,,,,
2018,ZAF,Wind,6.4,,,,
2019,ZAF,Wind,6.6,,,,
2020,ZAF,Wind,6.4,,,,
2021,ZAF,Wind,8.7,,,,
2022,ZAF,Wind,9.7,,,,
2023,ZAF,Wind,12,,,,
2024,ZAF,Wind,11,,,,
2025,ZAF,Wind,11,,,,
2000,ZMB,Hydro,7.7,,,,
2001,ZMB,Hydro,7.9,,,,
2002,ZMB,Hydro,8.1,,,,
2003,ZMB,Hydro,8.3,,,,
2004,ZMB,Hydro,8.5,,,,
2005,ZMB,Hydro,8.9,,,,
2006,ZMB,Hydro,9.7,,,,
2007,ZMB,Hydro,9.6,,,,
2008,ZMB,Hydro,9.5,,,,
2009,ZMB,Hydro,9.9,,,,
2010,ZMB,Hydro,10,,,,
2011,ZMB,Hydro,11,,,,
2012,ZMB,Hydro,12,,,,
2013,ZMB,Hydro,13,,,,
2014,ZMB,Hydro,14,,,,
2015,ZMB,Hydro,13,,,,
2016,ZMB,Hydro,11,,,,
2017,ZMB,Hydro,12,,,,
2018,ZMB,Hydro,14,,,,
2019,ZMB,Hydro,12,,,,
2020,ZMB,Hydro,13,,,,
2021,ZMB,Hydro,16,,,,
2022,ZMB,Hydro,17,,,,
2023,ZMB,Hydro,17,,,,
2024,ZMB,Hydro,17,,,,
2000,ZMB,Nuclear,0,,,,
2001,ZMB,Nuclear,0,,,,
2002,ZMB,Nuclear,0,,,,
2003,ZMB,Nuclear,0,,,,
2004,ZMB,Nuclear,0,,,,
2005,ZMB,Nuclear,0,,,,
2006,ZMB,Nuclear,0,,,,
2007,ZMB,Nuclear,0,,,,
2008,ZMB,Nuclear,0,,,,
2009,ZMB,Nuclear,0,,,,
2010,ZMB,Nuclear,0,,,,
2011,ZMB,Nuclear,0,,,,
2012,ZMB,Nuclear,0,,,,
2013,ZMB,Nuclear,0,,,,
2014,ZMB,Nuclear,0,,,,
2015,ZMB,Nuclear,0,,,,
2016,ZMB,Nuclear,0,,,,
2017,ZMB,Nuclear,0,,,,
2018,ZMB,Nuclear,0,,,,
2019,ZMB,Nuclear,0,,,,
2020,ZMB,Nuclear,0,,,,
2021,ZMB,Nuclear,0,,,,
2022,ZMB,Nuclear,0,,,,
2023,ZMB,Nuclear,0,,,,
2024,ZMB,Nuclear,0,,,,
2000,ZMB,Other renewables,0,,,,
2001,ZMB,Other renewables,0,,,,
2002,ZMB,Other renewables,0,,,,
2003,ZMB,Other renewables,0,,,,
2004,ZMB,Other renewables,0,,,,
2005,ZMB,Other renewables,0,,,,
2006,ZMB,Other renewables,0,,,,
2007,ZMB,Other renewables,0,,,,
2008,ZMB,Other renewables,0,,,,
2009,ZMB,Other renewables,0,,,,
2010,ZMB,Other renewables,0,,,,
2011,ZMB,Other renewables,0,,,,
2012,ZMB,Other renewables,0,,,,
2013,ZMB,Other renewables,0,,,,
2014,ZMB,Other renewables,0,,,,
2015,ZMB,Other renewables,0,,,,
2016,ZMB,Other renewables,0,,,,
2017,ZMB,Other renewables,0,,,,
2018,ZMB,Other renewables,0,,,,
2019,ZMB,Other renewables,0,,,,
2020,ZMB,Other renewables,0,,,,
2021,ZMB,Other renewables,0,,,,
2022,ZMB,Other renewables,0,,,,
2023,ZMB,Other renewables,0,,,,
2024,ZMB,Other renewables,0,,,,
2000,ZMB,Solar,0,,,,
2001,ZMB,Solar,0,,,,
2002,ZMB,Solar,0,,,,
2003,ZMB,Solar,0,,,,
2004,ZMB,Solar,0,,,,
2005,ZMB,Solar,0,,,,
2006,ZMB,Solar,0,,,,
2007,ZMB,Solar,0,,,,
2008,ZMB,Solar,0,,,,
2009,ZMB,Solar,0,,,,
2010,ZMB,Solar,0,,,,
2011,ZMB,Solar,0,,,,
2012,ZMB,Solar,0,,,,
2013,ZMB,Solar,0,,,,
2014,ZMB,Solar,0,,,,
2015,ZMB,Solar,0,,,,
2016,ZMB,Solar,0,,,,
2017,ZMB,Solar,0,,,,
2018,ZMB,Solar,0,,,,
2019,ZMB,Solar,0.12,,,,
2020,ZMB,Solar,0.15,,,,
2021,ZMB,Solar,0.15,,,,
2022,ZMB,Solar,0.14,,,,
2023,ZMB,Solar,0.15,,,,
2024,ZMB,Solar,0.17,,,,
2000,ZMB,Total,7.7,,,,
2001,ZMB,Total,7.9,,,,
2002,ZMB,Total,8.1,,,,
2003,ZMB,Total,8.3,,,,
2004,ZMB,Total,8.5,,,,
2005,ZMB,Total,8.9,,,,
2006,ZMB,Total,9.7,,,,
2007,ZMB,Total,9.6,,,,
2008,ZMB,Total,9.5,,,,
2009,ZMB,Total,9.9,,,,
2010,ZMB,Total,10,,,,
2011,ZMB,Total,11,,,,
2012,ZMB,Total,12,,,,
2013,ZMB,Total,13,,,,
2014,ZMB,Total,14,,,,
2015,ZMB,Total,13,,,,
2016,ZMB,Total,11,,,,
2017,ZMB,Total,13,,,,
2018,ZMB,Total,14,,,,
2019,ZMB,Total,13,,,,
2020,ZMB,Total,13,,,,
2021,ZMB,Total,16,,,,
2022,ZMB,Total,17,,,,
2023,ZMB,Total,17,,,,
2024,ZMB,Total,17,,,,
2000,ZMB,Wind,0,,,,
2001,ZMB,Wind,0,,,,
2002,ZMB,Wind,0,,,,
2003,ZMB,Wind,0,,,,
2004,ZMB,Wind,0,,,,
2005,ZMB,Wind,0,,,,
2006,ZMB,Wind,0,,,,
2007,ZMB,Wind,0,,,,
2008,ZMB,Wind,0,,,,
2009,ZMB,Wind,0,,,,
2010,ZMB,Wind,0,,,,
2011,ZMB,Wind,0,,,,
2012,ZMB,Wind,0,,,,
2013,ZMB,Wind,0,,,,
2014,ZMB,Wind,0,,,,
2015,ZMB,Wind,0,,,,
2016,ZMB,Wind,0,,,,
2017,ZMB,Wind,0,,,,
2018,ZMB,Wind,0,,,,
2019,ZMB,Wind,0,,,,
2020,ZMB,Wind,0,,,,
2021,ZMB,Wind,0,,,,
2022,ZMB,Wind,0,,,,
2023,ZMB,Wind,0,,,,
2024,ZMB,Wind,0,,,,
2000,ZWE,Hydro,3.2,,,,
2001,ZWE,Hydro,3,,,,
2002,ZWE,Hydro,3.8,,,,
2003,ZWE,Hydro,5.3,,,,
2004,ZWE,Hydro,5.5,,,,
2005,ZWE,Hydro,4.9,,,,
2006,ZWE,Hydro,5.3,,,,
2007,ZWE,Hydro,5.4,,,,
2008,ZWE,Hydro,5.7,,,,
2009,ZWE,Hydro,5.5,,,,
2010,ZWE,Hydro,5.8,,,,
2011,ZWE,Hydro,5.2,,,,
2012,ZWE,Hydro,5.4,,,,
2013,ZWE,Hydro,5,,,,
2014,ZWE,Hydro,5.4,,,,
2015,ZWE,Hydro,5,,,,
2016,ZWE,Hydro,3,,,,
2017,ZWE,Hydro,4,,,,
2018,ZWE,Hydro,5.1,,,,
2019,ZWE,Hydro,4.2,,,,
2020,ZWE,Hydro,3.8,,,,
2021,ZWE,Hydro,5.9,,,,
2022,ZWE,Hydro,5.9,,,,
2023,ZWE,Hydro,5.5,,,,
2024,ZWE,Hydro,5.7,,,,
2000,ZWE,Nuclear,0,,,,
2001,ZWE,Nuclear,0,,,,
2002,ZWE,Nuclear,0,,,,
2003,ZWE,Nuclear,0,,,,
2004,ZWE,Nuclear,0,,,,
2005,ZWE,Nuclear,0,,,,
2006,ZWE,Nuclear,0,,,,
2007,ZWE,Nuclear,0,,,,
2008,ZWE,Nuclear,0,,,,
2009,ZWE,Nuclear,0,,,,
2010,ZWE,Nuclear,0,,,,
2011,ZWE,Nuclear,0,,,,
2012,ZWE,Nuclear,0,,,,
2013,ZWE,Nuclear,0,,,,
2014,ZWE,Nuclear,0,,,,
2015,ZWE,Nuclear,0,,,,
2016,ZWE,Nuclear,0,,,,
2017,ZWE,Nuclear,0,,,,
2018,ZWE,Nuclear,0,,,,
2019,ZWE,Nuclear,0,,,,
2020,ZWE,Nuclear,0,,,,
2021,ZWE,Nuclear,0,,,,
2022,ZWE,Nuclear,0,,,,
2023,ZWE,Nuclear,0,,,,
2024,ZWE,Nuclear,0,,,,
2000,ZWE,Other renewables,0,,,,
2001,ZWE,Other renewables,0,,,,
2002,ZWE,Other renewables,0,,,,
2003,ZWE,Other renewables,0,,,,
2004,ZWE,Other renewables,0,,,,
2005,ZWE,Other renewables,0,,,,
2006,ZWE,Other renewables,0,,,,
2007,ZWE,Other renewables,0,,,,
2008,ZWE,Other renewables,0,,,,
2009,ZWE,Other renewables,0,,,,
2010,ZWE,Other renewables,0,,,,
2011,ZWE,Other renewables,0,,,,
2012,ZWE,Other renewables,0,,,,
2013,ZWE,Other renewables,0,,,,
2014,ZWE,Other renewables,0,,,,
2015,ZWE,Other renewables,0,,,,
2016,ZWE,Other renewables,0,,,,
2017,ZWE,Other renewables,0,,,,
2018,ZWE,Other renewables,0,,,,
2019,ZWE,Other renewables,0,,,,
2020,ZWE,Other renewables,0,,,,
2021,ZWE,Other renewables,0,,,,
2022,ZWE,Other renewables,0,,,,
2023,ZWE,Other renewables,0,,,,
2024,ZWE,Other renewables,0,,,,
2000,ZWE,Solar,0,,,,
2001,ZWE,Solar,0,,,,
2002,ZWE,Solar,0,,,,
2003,ZWE,Solar,0,,,,
2004,ZWE,Solar,0,,,,
2005,ZWE,Solar,0,,,,
2006,ZWE,Solar,0,,,,
2007,ZWE,Solar,0,,,,
2008,ZWE,Solar,0,,,,
2009,ZWE,Solar,0,,,,
2010,ZWE,Solar,0,,,,
2011,ZWE,Solar,0,,,,
2012,ZWE,Solar,0,,,,
2013,ZWE,Solar,0,,,,
2014,ZWE,Solar,0,,,,
2015,ZWE,Solar,0.01,,,,
2016,ZWE,Solar,0.01,,,,
2017,ZWE,Solar,0.01,,,,
2018,ZWE,Solar,0.01,,,,
2019,ZWE,Solar,0.02,,,,
2020,ZWE,Solar,0.02,,,,
2021,ZWE,Solar,0.02,,,,
2022,ZWE,Solar,0.03,,,,
2023,ZWE,Solar,0.03,,,,
2024,ZWE,Solar,0.04,,,,
2000,ZWE,Total,3.2,,,,
2001,ZWE,Total,3,,,,
2002,ZWE,Total,3.8,,,,
2003,ZWE,Total,5.3,,,,
2004,ZWE,Total,5.5,,,,
2005,ZWE,Total,4.9,,,,
2006,ZWE,Total,5.4,,,,
2007,ZWE,Total,5.4,,,,
2008,ZWE,Total,5.8,,,,
2009,ZWE,Total,5.5,,,,
2010,ZWE,Total,5.9,,,,
2011,ZWE,Total,5.3,,,,
2012,ZWE,Total,5.5,,,,
2013,ZWE,Total,5.1,,,,
2014,ZWE,Total,5.4,,,,
2015,ZWE,Total,5,,,,
2016,ZWE,Total,3.2,,,,
2017,ZWE,Total,4.1,,,,
2018,ZWE,Total,5.3,,,,
2019,ZWE,Total,4.4,,,,
2020,ZWE,Total,3.9,,,,
2021,ZWE,Total,6.1,,,,
2022,ZWE,Total,6,,,,
2023,ZWE,Total,5.6,,,,
2024,ZWE,Total,5.9,,,,
2000,ZWE,Wind,0,,,,
2001,ZWE,Wind,0,,,,
2002,ZWE,Wind,0,,,,
2003,ZWE,Wind,0,,,,
2004,ZWE,Wind,0,,,,
2005,ZWE,Wind,0,,,,
2006,ZWE,Wind,0,,,,
2007,ZWE,Wind,0,,,,
2008,ZWE,Wind,0,,,,
2009,ZWE,Wind,0,,,,
2010,ZWE,Wind,0,,,,
2011,ZWE,Wind,0,,,,
2012,ZWE,Wind,0,,,,
2013,ZWE,Wind,0,,,,
2014,ZWE,Wind,0,,,,
2015,ZWE,Wind,0,,,,
2016,ZWE,Wind,0,,,,
2017,ZWE,Wind,0,,,,
2018,ZWE,Wind,0,,,,
2019,ZWE,Wind,0,,,,
2020,ZWE,Wind,0,,,,
2021,ZWE,Wind,0,,,,
2022,ZWE,Wind,0,,,,
2023,ZWE,Wind,0,,,,
2024,ZWE,Wind,0,,,,
