year,geo,disagg,value
2001,AFG,Coal,0
2002,AFG,Coal,0
2003,AFG,Coal,0
2004,AFG,Coal,0
2005,AFG,Coal,0
2006,AFG,Coal,0
2007,AFG,Coal,0
2008,AFG,Coal,0
2009,AFG,Coal,0
2010,AFG,Coal,0
2011,AFG,Coal,0
2012,AFG,Coal,0
2013,AFG,Coal,0
2014,AFG,Coal,0
2015,AFG,Coal,0
2016,AFG,Coal,0
2017,AFG,Coal,0
2018,AFG,Coal,0
2019,AFG,Coal,0
2020,AFG,Coal,0
2021,AFG,Coal,0
2022,AFG,Coal,0
2023,AFG,Coal,0
2024,AFG,Coal,0
2001,ALB,Coal,0
2002,ALB,Coal,0
2003,ALB,Coal,0
2004,ALB,Coal,0
2005,ALB,Coal,0
2006,ALB,Coal,0
2007,ALB,Coal,0
2008,ALB,Coal,0
2009,ALB,Coal,0
2010,ALB,Coal,0
2011,ALB,Coal,0
2012,ALB,Coal,0
2013,ALB,Coal,0
2014,ALB,Coal,0
2015,ALB,Coal,0
2016,ALB,Coal,0
2017,ALB,Coal,0
2018,ALB,Coal,0
2019,ALB,Coal,0
2020,ALB,Coal,0
2021,ALB,Coal,0
2022,ALB,Coal,0
2023,ALB,Coal,0
2024,ALB,Coal,0
2025,ALB,Coal,0
2001,DZA,Coal,0
2002,DZA,Coal,0
2003,DZA,Coal,0
2004,DZA,Coal,0
2005,DZA,Coal,0
2006,DZA,Coal,0
2007,DZA,Coal,0
2008,DZA,Coal,0
2009,DZA,Coal,0
2010,DZA,Coal,0
2011,DZA,Coal,0
2012,DZA,Coal,0
2013,DZA,Coal,0
2014,DZA,Coal,0
2015,DZA,Coal,0
2016,DZA,Coal,0
2017,DZA,Coal,0
2018,DZA,Coal,0
2019,DZA,Coal,0
2020,DZA,Coal,0
2021,DZA,Coal,0
2022,DZA,Coal,0
2023,DZA,Coal,0
2024,DZA,Coal,0
2001,ASM,Coal,0
2002,ASM,Coal,0
2003,ASM,Coal,0
2004,ASM,Coal,0
2005,ASM,Coal,0
2006,ASM,Coal,0
2007,ASM,Coal,0
2008,ASM,Coal,0
2009,ASM,Coal,0
2010,ASM,Coal,0
2011,ASM,Coal,0
2012,ASM,Coal,0
2013,ASM,Coal,0
2014,ASM,Coal,0
2015,ASM,Coal,0
2016,ASM,Coal,0
2017,ASM,Coal,0
2018,ASM,Coal,0
2019,ASM,Coal,0
2020,ASM,Coal,0
2021,ASM,Coal,0
2022,ASM,Coal,0
2023,ASM,Coal,0
2024,ASM,Coal,0
2001,AGO,Coal,0
2002,AGO,Coal,0
2003,AGO,Coal,0
2004,AGO,Coal,0
2005,AGO,Coal,0
2006,AGO,Coal,0
2007,AGO,Coal,0
2008,AGO,Coal,0
2009,AGO,Coal,0
2010,AGO,Coal,0
2011,AGO,Coal,0
2012,AGO,Coal,0
2013,AGO,Coal,0
2014,AGO,Coal,0
2015,AGO,Coal,0
2016,AGO,Coal,0
2017,AGO,Coal,0
2018,AGO,Coal,0
2019,AGO,Coal,0
2020,AGO,Coal,0
2021,AGO,Coal,0
2022,AGO,Coal,0
2023,AGO,Coal,0
2024,AGO,Coal,0
2001,ATG,Coal,0
2002,ATG,Coal,0
2003,ATG,Coal,0
2004,ATG,Coal,0
2005,ATG,Coal,0
2006,ATG,Coal,0
2007,ATG,Coal,0
2008,ATG,Coal,0
2009,ATG,Coal,0
2010,ATG,Coal,0
2011,ATG,Coal,0
2012,ATG,Coal,0
2013,ATG,Coal,0
2014,ATG,Coal,0
2015,ATG,Coal,0
2016,ATG,Coal,0
2017,ATG,Coal,0
2018,ATG,Coal,0
2019,ATG,Coal,0
2020,ATG,Coal,0
2021,ATG,Coal,0
2022,ATG,Coal,0
2023,ATG,Coal,0
2024,ATG,Coal,0
1986,ARG,Coal,0
1987,ARG,Coal,0
1988,ARG,Coal,0
1989,ARG,Coal,0
1990,ARG,Coal,0
1991,ARG,Coal,0
1992,ARG,Coal,0
1993,ARG,Coal,0
1994,ARG,Coal,0
1995,ARG,Coal,0
1996,ARG,Coal,0
1997,ARG,Coal,0
1998,ARG,Coal,0
1999,ARG,Coal,0
2000,ARG,Coal,1
2001,ARG,Coal,0
2002,ARG,Coal,0
2003,ARG,Coal,0
2004,ARG,Coal,0
2005,ARG,Coal,0
2006,ARG,Coal,0
2007,ARG,Coal,0
2008,ARG,Coal,0
2009,ARG,Coal,0
2010,ARG,Coal,0
2011,ARG,Coal,0
2012,ARG,Coal,0
2013,ARG,Coal,0
2014,ARG,Coal,0
2015,ARG,Coal,0
2016,ARG,Coal,0
2017,ARG,Coal,0
2018,ARG,Coal,0
2019,ARG,Coal,0
2020,ARG,Coal,0
2021,ARG,Coal,0
2022,ARG,Coal,0
2023,ARG,Coal,0
2024,ARG,Coal,0
2025,ARG,Coal,0
2001,ARM,Coal,0
2002,ARM,Coal,0
2003,ARM,Coal,0
2004,ARM,Coal,0
2005,ARM,Coal,0
2006,ARM,Coal,0
2007,ARM,Coal,0
2008,ARM,Coal,0
2009,ARM,Coal,0
2010,ARM,Coal,0
2011,ARM,Coal,0
2012,ARM,Coal,0
2013,ARM,Coal,0
2014,ARM,Coal,0
2015,ARM,Coal,0
2016,ARM,Coal,0
2017,ARM,Coal,0
2018,ARM,Coal,0
2019,ARM,Coal,0
2020,ARM,Coal,0
2021,ARM,Coal,0
2022,ARM,Coal,0
2023,ARM,Coal,0
2024,ARM,Coal,0
2025,ARM,Coal,0
2001,ABW,Coal,0
2002,ABW,Coal,0
2003,ABW,Coal,0
2004,ABW,Coal,0
2005,ABW,Coal,0
2006,ABW,Coal,0
2007,ABW,Coal,0
2008,ABW,Coal,0
2009,ABW,Coal,0
2010,ABW,Coal,0
2011,ABW,Coal,0
2012,ABW,Coal,0
2013,ABW,Coal,0
2014,ABW,Coal,0
2015,ABW,Coal,0
2016,ABW,Coal,0
2017,ABW,Coal,0
2018,ABW,Coal,0
2019,ABW,Coal,0
2020,ABW,Coal,0
2021,ABW,Coal,0
2022,ABW,Coal,0
2023,ABW,Coal,0
2024,ABW,Coal,0
1986,AUS,Coal,0
1987,AUS,Coal,0
1988,AUS,Coal,0
1989,AUS,Coal,0
1990,AUS,Coal,0
1991,AUS,Coal,0
1992,AUS,Coal,0
1993,AUS,Coal,0
1994,AUS,Coal,0
1995,AUS,Coal,0
1996,AUS,Coal,0
1997,AUS,Coal,0
1998,AUS,Coal,0
1999,AUS,Coal,0
2000,AUS,Coal,28
2001,AUS,Coal,1
2002,AUS,Coal,0
2003,AUS,Coal,1
2004,AUS,Coal,0
2005,AUS,Coal,0
2006,AUS,Coal,0
2007,AUS,Coal,1
2008,AUS,Coal,0
2009,AUS,Coal,0
2010,AUS,Coal,0
2011,AUS,Coal,0
2012,AUS,Coal,-1
2013,AUS,Coal,0
2014,AUS,Coal,-1
2015,AUS,Coal,-1
2016,AUS,Coal,-1
2017,AUS,Coal,-2
2018,AUS,Coal,0
2019,AUS,Coal,0
2020,AUS,Coal,0
2021,AUS,Coal,0
2022,AUS,Coal,-1
2023,AUS,Coal,-2
2024,AUS,Coal,0
2025,AUS,Coal,0
1991,AUT,Coal,0
1992,AUT,Coal,0
1993,AUT,Coal,0
1994,AUT,Coal,0
1995,AUT,Coal,0
1996,AUT,Coal,0
1997,AUT,Coal,0
1998,AUT,Coal,0
1999,AUT,Coal,0
2000,AUT,Coal,2
2001,AUT,Coal,0
2002,AUT,Coal,0
2003,AUT,Coal,0
2004,AUT,Coal,0
2005,AUT,Coal,0
2006,AUT,Coal,0
2007,AUT,Coal,0
2008,AUT,Coal,0
2009,AUT,Coal,0
2010,AUT,Coal,0
2011,AUT,Coal,0
2012,AUT,Coal,0
2013,AUT,Coal,0
2014,AUT,Coal,0
2015,AUT,Coal,0
2016,AUT,Coal,0
2017,AUT,Coal,0
2018,AUT,Coal,0
2019,AUT,Coal,0
2020,AUT,Coal,0
2021,AUT,Coal,0
2022,AUT,Coal,0
2023,AUT,Coal,0
2024,AUT,Coal,0
2025,AUT,Coal,0
2001,AZE,Coal,0
2002,AZE,Coal,0
2003,AZE,Coal,0
2004,AZE,Coal,0
2005,AZE,Coal,0
2006,AZE,Coal,0
2007,AZE,Coal,0
2008,AZE,Coal,0
2009,AZE,Coal,0
2010,AZE,Coal,0
2011,AZE,Coal,0
2012,AZE,Coal,0
2013,AZE,Coal,0
2014,AZE,Coal,0
2015,AZE,Coal,0
2016,AZE,Coal,0
2017,AZE,Coal,0
2018,AZE,Coal,0
2019,AZE,Coal,0
2020,AZE,Coal,0
2021,AZE,Coal,0
2022,AZE,Coal,0
2023,AZE,Coal,0
2024,AZE,Coal,0
2025,AZE,Coal,0
2001,BHS,Coal,0
2002,BHS,Coal,0
2003,BHS,Coal,0
2004,BHS,Coal,0
2005,BHS,Coal,0
2006,BHS,Coal,0
2007,BHS,Coal,0
2008,BHS,Coal,0
2009,BHS,Coal,0
2010,BHS,Coal,0
2011,BHS,Coal,0
2012,BHS,Coal,0
2013,BHS,Coal,0
2014,BHS,Coal,0
2015,BHS,Coal,0
2016,BHS,Coal,0
2017,BHS,Coal,0
2018,BHS,Coal,0
2019,BHS,Coal,0
2020,BHS,Coal,0
2021,BHS,Coal,0
2022,BHS,Coal,0
2023,BHS,Coal,0
2024,BHS,Coal,0
2001,BHR,Coal,0
2002,BHR,Coal,0
2003,BHR,Coal,0
2004,BHR,Coal,0
2005,BHR,Coal,0
2006,BHR,Coal,0
2007,BHR,Coal,0
2008,BHR,Coal,0
2009,BHR,Coal,0
2010,BHR,Coal,0
2011,BHR,Coal,0
2012,BHR,Coal,0
2013,BHR,Coal,0
2014,BHR,Coal,0
2015,BHR,Coal,0
2016,BHR,Coal,0
2017,BHR,Coal,0
2018,BHR,Coal,0
2019,BHR,Coal,0
2020,BHR,Coal,0
2021,BHR,Coal,0
2022,BHR,Coal,0
2023,BHR,Coal,0
2024,BHR,Coal,0
2001,BGD,Coal,0
2002,BGD,Coal,0
2003,BGD,Coal,0
2004,BGD,Coal,0
2005,BGD,Coal,0
2006,BGD,Coal,0
2007,BGD,Coal,0
2008,BGD,Coal,0
2009,BGD,Coal,0
2010,BGD,Coal,0
2011,BGD,Coal,0
2012,BGD,Coal,0
2013,BGD,Coal,0
2014,BGD,Coal,0
2015,BGD,Coal,0
2016,BGD,Coal,0
2017,BGD,Coal,0
2018,BGD,Coal,0
2019,BGD,Coal,0
2020,BGD,Coal,1
2021,BGD,Coal,0
2022,BGD,Coal,1
2023,BGD,Coal,2
2024,BGD,Coal,1
2025,BGD,Coal,1
2001,BRB,Coal,0
2002,BRB,Coal,0
2003,BRB,Coal,0
2004,BRB,Coal,0
2005,BRB,Coal,0
2006,BRB,Coal,0
2007,BRB,Coal,0
2008,BRB,Coal,0
2009,BRB,Coal,0
2010,BRB,Coal,0
2011,BRB,Coal,0
2012,BRB,Coal,0
2013,BRB,Coal,0
2014,BRB,Coal,0
2015,BRB,Coal,0
2016,BRB,Coal,0
2017,BRB,Coal,0
2018,BRB,Coal,0
2019,BRB,Coal,0
2020,BRB,Coal,0
2021,BRB,Coal,0
2022,BRB,Coal,0
2023,BRB,Coal,0
2024,BRB,Coal,0
2001,BLR,Coal,0
2002,BLR,Coal,0
2003,BLR,Coal,0
2004,BLR,Coal,0
2005,BLR,Coal,0
2006,BLR,Coal,0
2007,BLR,Coal,0
2008,BLR,Coal,0
2009,BLR,Coal,0
2010,BLR,Coal,0
2011,BLR,Coal,0
2012,BLR,Coal,0
2013,BLR,Coal,0
2014,BLR,Coal,0
2015,BLR,Coal,0
2016,BLR,Coal,0
2017,BLR,Coal,0
2018,BLR,Coal,0
2019,BLR,Coal,0
2020,BLR,Coal,0
2021,BLR,Coal,0
2022,BLR,Coal,0
2023,BLR,Coal,0
2024,BLR,Coal,0
2025,BLR,Coal,0
1991,BEL,Coal,0
1992,BEL,Coal,0
1993,BEL,Coal,0
1994,BEL,Coal,0
1995,BEL,Coal,0
1996,BEL,Coal,0
1997,BEL,Coal,0
1998,BEL,Coal,0
1999,BEL,Coal,0
2000,BEL,Coal,3
2001,BEL,Coal,0
2002,BEL,Coal,0
2003,BEL,Coal,0
2004,BEL,Coal,0
2005,BEL,Coal,0
2006,BEL,Coal,0
2007,BEL,Coal,0
2008,BEL,Coal,0
2009,BEL,Coal,0
2010,BEL,Coal,0
2011,BEL,Coal,0
2012,BEL,Coal,0
2013,BEL,Coal,-1
2014,BEL,Coal,0
2015,BEL,Coal,0
2016,BEL,Coal,-1
2017,BEL,Coal,0
2018,BEL,Coal,0
2019,BEL,Coal,0
2020,BEL,Coal,0
2021,BEL,Coal,0
2022,BEL,Coal,0
2023,BEL,Coal,0
2024,BEL,Coal,0
2025,BEL,Coal,0
2001,BLZ,Coal,0
2002,BLZ,Coal,0
2003,BLZ,Coal,0
2004,BLZ,Coal,0
2005,BLZ,Coal,0
2006,BLZ,Coal,0
2007,BLZ,Coal,0
2008,BLZ,Coal,0
2009,BLZ,Coal,0
2010,BLZ,Coal,0
2011,BLZ,Coal,0
2012,BLZ,Coal,0
2013,BLZ,Coal,0
2014,BLZ,Coal,0
2015,BLZ,Coal,0
2016,BLZ,Coal,0
2017,BLZ,Coal,0
2018,BLZ,Coal,0
2019,BLZ,Coal,0
2020,BLZ,Coal,0
2021,BLZ,Coal,0
2022,BLZ,Coal,0
2023,BLZ,Coal,0
2024,BLZ,Coal,0
2001,BEN,Coal,0
2002,BEN,Coal,0
2003,BEN,Coal,0
2004,BEN,Coal,0
2005,BEN,Coal,0
2006,BEN,Coal,0
2007,BEN,Coal,0
2008,BEN,Coal,0
2009,BEN,Coal,0
2010,BEN,Coal,0
2011,BEN,Coal,0
2012,BEN,Coal,0
2013,BEN,Coal,0
2014,BEN,Coal,0
2015,BEN,Coal,0
2016,BEN,Coal,0
2017,BEN,Coal,0
2018,BEN,Coal,0
2019,BEN,Coal,0
2020,BEN,Coal,0
2021,BEN,Coal,0
2022,BEN,Coal,0
2023,BEN,Coal,0
2024,BEN,Coal,0
2001,BTN,Coal,0
2002,BTN,Coal,0
2003,BTN,Coal,0
2004,BTN,Coal,0
2005,BTN,Coal,0
2006,BTN,Coal,0
2007,BTN,Coal,0
2008,BTN,Coal,0
2009,BTN,Coal,0
2010,BTN,Coal,0
2011,BTN,Coal,0
2012,BTN,Coal,0
2013,BTN,Coal,0
2014,BTN,Coal,0
2015,BTN,Coal,0
2016,BTN,Coal,0
2017,BTN,Coal,0
2018,BTN,Coal,0
2019,BTN,Coal,0
2020,BTN,Coal,0
2021,BTN,Coal,0
2022,BTN,Coal,0
2023,BTN,Coal,0
2024,BTN,Coal,0
2001,BOL,Coal,0
2002,BOL,Coal,0
2003,BOL,Coal,0
2004,BOL,Coal,0
2005,BOL,Coal,0
2006,BOL,Coal,0
2007,BOL,Coal,0
2008,BOL,Coal,0
2009,BOL,Coal,0
2010,BOL,Coal,0
2011,BOL,Coal,0
2012,BOL,Coal,0
2013,BOL,Coal,0
2014,BOL,Coal,0
2015,BOL,Coal,0
2016,BOL,Coal,0
2017,BOL,Coal,0
2018,BOL,Coal,0
2019,BOL,Coal,0
2020,BOL,Coal,0
2021,BOL,Coal,0
2022,BOL,Coal,0
2023,BOL,Coal,0
2024,BOL,Coal,0
2025,BOL,Coal,0
2001,BIH,Coal,0
2002,BIH,Coal,0
2003,BIH,Coal,0
2004,BIH,Coal,0
2005,BIH,Coal,0
2006,BIH,Coal,0
2007,BIH,Coal,0
2008,BIH,Coal,0
2009,BIH,Coal,0
2010,BIH,Coal,0
2011,BIH,Coal,0
2012,BIH,Coal,0
2013,BIH,Coal,0
2014,BIH,Coal,0
2015,BIH,Coal,0
2016,BIH,Coal,0
2017,BIH,Coal,0
2018,BIH,Coal,0
2019,BIH,Coal,0
2020,BIH,Coal,0
2021,BIH,Coal,0
2022,BIH,Coal,0
2023,BIH,Coal,0
2024,BIH,Coal,0
2025,BIH,Coal,0
2001,BWA,Coal,0
2002,BWA,Coal,0
2003,BWA,Coal,0
2004,BWA,Coal,0
2005,BWA,Coal,0
2006,BWA,Coal,0
2007,BWA,Coal,0
2008,BWA,Coal,0
2009,BWA,Coal,0
2010,BWA,Coal,0
2011,BWA,Coal,0
2012,BWA,Coal,0
2013,BWA,Coal,0
2014,BWA,Coal,0
2015,BWA,Coal,0
2016,BWA,Coal,0
2017,BWA,Coal,0
2018,BWA,Coal,0
2019,BWA,Coal,0
2020,BWA,Coal,0
2021,BWA,Coal,0
2022,BWA,Coal,0
2023,BWA,Coal,0
2024,BWA,Coal,0
1986,BRA,Coal,0
1987,BRA,Coal,0
1988,BRA,Coal,0
1989,BRA,Coal,0
1990,BRA,Coal,0
1991,BRA,Coal,0
1992,BRA,Coal,0
1993,BRA,Coal,0
1994,BRA,Coal,0
1995,BRA,Coal,0
1996,BRA,Coal,0
1997,BRA,Coal,0
1998,BRA,Coal,0
1999,BRA,Coal,0
2000,BRA,Coal,1
2001,BRA,Coal,0
2002,BRA,Coal,0
2003,BRA,Coal,0
2004,BRA,Coal,0
2005,BRA,Coal,0
2006,BRA,Coal,0
2007,BRA,Coal,0
2008,BRA,Coal,0
2009,BRA,Coal,0
2010,BRA,Coal,0
2011,BRA,Coal,0
2012,BRA,Coal,0
2013,BRA,Coal,1
2014,BRA,Coal,0
2015,BRA,Coal,0
2016,BRA,Coal,0
2017,BRA,Coal,0
2018,BRA,Coal,0
2019,BRA,Coal,0
2020,BRA,Coal,0
2021,BRA,Coal,0
2022,BRA,Coal,0
2023,BRA,Coal,0
2024,BRA,Coal,0
2025,BRA,Coal,0
2001,BRN,Coal,0
2002,BRN,Coal,0
2003,BRN,Coal,0
2004,BRN,Coal,0
2005,BRN,Coal,0
2006,BRN,Coal,0
2007,BRN,Coal,0
2008,BRN,Coal,0
2009,BRN,Coal,0
2010,BRN,Coal,0
2011,BRN,Coal,0
2012,BRN,Coal,0
2013,BRN,Coal,0
2014,BRN,Coal,0
2015,BRN,Coal,0
2016,BRN,Coal,0
2017,BRN,Coal,0
2018,BRN,Coal,0
2019,BRN,Coal,0
2020,BRN,Coal,0
2021,BRN,Coal,0
2022,BRN,Coal,0
2023,BRN,Coal,0
2024,BRN,Coal,0
1991,BGR,Coal,0
1992,BGR,Coal,0
1993,BGR,Coal,0
1994,BGR,Coal,0
1995,BGR,Coal,0
1996,BGR,Coal,0
1997,BGR,Coal,0
1998,BGR,Coal,0
1999,BGR,Coal,0
2000,BGR,Coal,6
2001,BGR,Coal,0
2002,BGR,Coal,0
2003,BGR,Coal,0
2004,BGR,Coal,0
2005,BGR,Coal,0
2006,BGR,Coal,0
2007,BGR,Coal,0
2008,BGR,Coal,0
2009,BGR,Coal,0
2010,BGR,Coal,0
2011,BGR,Coal,1
2012,BGR,Coal,0
2013,BGR,Coal,0
2014,BGR,Coal,0
2015,BGR,Coal,-1
2016,BGR,Coal,0
2017,BGR,Coal,0
2018,BGR,Coal,0
2019,BGR,Coal,0
2020,BGR,Coal,0
2021,BGR,Coal,0
2022,BGR,Coal,0
2023,BGR,Coal,0
2024,BGR,Coal,0
2025,BGR,Coal,0
2001,BFA,Coal,0
2002,BFA,Coal,0
2003,BFA,Coal,0
2004,BFA,Coal,0
2005,BFA,Coal,0
2006,BFA,Coal,0
2007,BFA,Coal,0
2008,BFA,Coal,0
2009,BFA,Coal,0
2010,BFA,Coal,0
2011,BFA,Coal,0
2012,BFA,Coal,0
2013,BFA,Coal,0
2014,BFA,Coal,0
2015,BFA,Coal,0
2016,BFA,Coal,0
2017,BFA,Coal,0
2018,BFA,Coal,0
2019,BFA,Coal,0
2020,BFA,Coal,0
2021,BFA,Coal,0
2022,BFA,Coal,0
2023,BFA,Coal,0
2024,BFA,Coal,0
2001,BDI,Coal,0
2002,BDI,Coal,0
2003,BDI,Coal,0
2004,BDI,Coal,0
2005,BDI,Coal,0
2006,BDI,Coal,0
2007,BDI,Coal,0
2008,BDI,Coal,0
2009,BDI,Coal,0
2010,BDI,Coal,0
2011,BDI,Coal,0
2012,BDI,Coal,0
2013,BDI,Coal,0
2014,BDI,Coal,0
2015,BDI,Coal,0
2016,BDI,Coal,0
2017,BDI,Coal,0
2018,BDI,Coal,0
2019,BDI,Coal,0
2020,BDI,Coal,0
2021,BDI,Coal,0
2022,BDI,Coal,0
2023,BDI,Coal,0
2024,BDI,Coal,0
2001,CPV,Coal,0
2002,CPV,Coal,0
2003,CPV,Coal,0
2004,CPV,Coal,0
2005,CPV,Coal,0
2006,CPV,Coal,0
2007,CPV,Coal,0
2008,CPV,Coal,0
2009,CPV,Coal,0
2010,CPV,Coal,0
2011,CPV,Coal,0
2012,CPV,Coal,0
2013,CPV,Coal,0
2014,CPV,Coal,0
2015,CPV,Coal,0
2016,CPV,Coal,0
2017,CPV,Coal,0
2018,CPV,Coal,0
2019,CPV,Coal,0
2020,CPV,Coal,0
2021,CPV,Coal,0
2022,CPV,Coal,0
2023,CPV,Coal,0
2024,CPV,Coal,0
2001,KHM,Coal,0
2002,KHM,Coal,0
2003,KHM,Coal,0
2004,KHM,Coal,0
2005,KHM,Coal,0
2006,KHM,Coal,0
2007,KHM,Coal,0
2008,KHM,Coal,0
2009,KHM,Coal,0
2010,KHM,Coal,0
2011,KHM,Coal,0
2012,KHM,Coal,0
2013,KHM,Coal,0
2014,KHM,Coal,0
2015,KHM,Coal,0
2016,KHM,Coal,0
2017,KHM,Coal,0
2018,KHM,Coal,0
2019,KHM,Coal,0
2020,KHM,Coal,0
2021,KHM,Coal,0
2022,KHM,Coal,1
2023,KHM,Coal,0
2024,KHM,Coal,0
2025,KHM,Coal,0
2001,CMR,Coal,0
2002,CMR,Coal,0
2003,CMR,Coal,0
2004,CMR,Coal,0
2005,CMR,Coal,0
2006,CMR,Coal,0
2007,CMR,Coal,0
2008,CMR,Coal,0
2009,CMR,Coal,0
2010,CMR,Coal,0
2011,CMR,Coal,0
2012,CMR,Coal,0
2013,CMR,Coal,0
2014,CMR,Coal,0
2015,CMR,Coal,0
2016,CMR,Coal,0
2017,CMR,Coal,0
2018,CMR,Coal,0
2019,CMR,Coal,0
2020,CMR,Coal,0
2021,CMR,Coal,0
2022,CMR,Coal,0
2023,CMR,Coal,0
2024,CMR,Coal,0
1986,CAN,Coal,0
1987,CAN,Coal,0
1988,CAN,Coal,0
1989,CAN,Coal,0
1990,CAN,Coal,0
1991,CAN,Coal,0
1992,CAN,Coal,0
1993,CAN,Coal,0
1994,CAN,Coal,0
1995,CAN,Coal,0
1996,CAN,Coal,0
1997,CAN,Coal,0
1998,CAN,Coal,0
1999,CAN,Coal,0
2000,CAN,Coal,19
2001,CAN,Coal,0
2002,CAN,Coal,0
2003,CAN,Coal,0
2004,CAN,Coal,0
2005,CAN,Coal,-2
2006,CAN,Coal,0
2007,CAN,Coal,0
2008,CAN,Coal,0
2009,CAN,Coal,0
2010,CAN,Coal,-2
2011,CAN,Coal,0
2012,CAN,Coal,0
2013,CAN,Coal,-3
2014,CAN,Coal,0
2015,CAN,Coal,0
2016,CAN,Coal,0
2017,CAN,Coal,0
2018,CAN,Coal,-1
2019,CAN,Coal,0
2020,CAN,Coal,0
2021,CAN,Coal,-3
2022,CAN,Coal,0
2023,CAN,Coal,-1
2024,CAN,Coal,-1
2025,CAN,Coal,0
2001,CYM,Coal,0
2002,CYM,Coal,0
2003,CYM,Coal,0
2004,CYM,Coal,0
2005,CYM,Coal,0
2006,CYM,Coal,0
2007,CYM,Coal,0
2008,CYM,Coal,0
2009,CYM,Coal,0
2010,CYM,Coal,0
2011,CYM,Coal,0
2012,CYM,Coal,0
2013,CYM,Coal,0
2014,CYM,Coal,0
2015,CYM,Coal,0
2016,CYM,Coal,0
2017,CYM,Coal,0
2018,CYM,Coal,0
2019,CYM,Coal,0
2020,CYM,Coal,0
2021,CYM,Coal,0
2022,CYM,Coal,0
2023,CYM,Coal,0
2024,CYM,Coal,0
2001,CAF,Coal,0
2002,CAF,Coal,0
2003,CAF,Coal,0
2004,CAF,Coal,0
2005,CAF,Coal,0
2006,CAF,Coal,0
2007,CAF,Coal,0
2008,CAF,Coal,0
2009,CAF,Coal,0
2010,CAF,Coal,0
2011,CAF,Coal,0
2012,CAF,Coal,0
2013,CAF,Coal,0
2014,CAF,Coal,0
2015,CAF,Coal,0
2016,CAF,Coal,0
2017,CAF,Coal,0
2018,CAF,Coal,0
2019,CAF,Coal,0
2020,CAF,Coal,0
2021,CAF,Coal,0
2022,CAF,Coal,0
2023,CAF,Coal,0
2001,TCD,Coal,0
2002,TCD,Coal,0
2003,TCD,Coal,0
2004,TCD,Coal,0
2005,TCD,Coal,0
2006,TCD,Coal,0
2007,TCD,Coal,0
2008,TCD,Coal,0
2009,TCD,Coal,0
2010,TCD,Coal,0
2011,TCD,Coal,0
2012,TCD,Coal,0
2013,TCD,Coal,0
2014,TCD,Coal,0
2015,TCD,Coal,0
2016,TCD,Coal,0
2017,TCD,Coal,0
2018,TCD,Coal,0
2019,TCD,Coal,0
2020,TCD,Coal,0
2021,TCD,Coal,0
2022,TCD,Coal,0
2023,TCD,Coal,0
2024,TCD,Coal,0
2001,CHL,Coal,0
2002,CHL,Coal,0
2003,CHL,Coal,0
2004,CHL,Coal,0
2005,CHL,Coal,0
2006,CHL,Coal,0
2007,CHL,Coal,0
2008,CHL,Coal,0
2009,CHL,Coal,0
2010,CHL,Coal,0
2011,CHL,Coal,1
2012,CHL,Coal,1
2013,CHL,Coal,0
2014,CHL,Coal,0
2015,CHL,Coal,0
2016,CHL,Coal,1
2017,CHL,Coal,0
2018,CHL,Coal,0
2019,CHL,Coal,0
2020,CHL,Coal,0
2021,CHL,Coal,0
2022,CHL,Coal,-1
2023,CHL,Coal,0
2024,CHL,Coal,0
2025,CHL,Coal,-1
1986,CHN,Coal,0
1987,CHN,Coal,0
1988,CHN,Coal,0
1989,CHN,Coal,0
1990,CHN,Coal,0
1991,CHN,Coal,0
1992,CHN,Coal,0
1993,CHN,Coal,0
1994,CHN,Coal,0
1995,CHN,Coal,0
1996,CHN,Coal,0
1997,CHN,Coal,0
1998,CHN,Coal,0
1999,CHN,Coal,0
2000,CHN,Coal,196
2001,CHN,Coal,14
2002,CHN,Coal,11
2003,CHN,Coal,23
2004,CHN,Coal,30
2005,CHN,Coal,47
2006,CHN,Coal,82
2007,CHN,Coal,73
2008,CHN,Coal,54
2009,CHN,Coal,51
2010,CHN,Coal,54
2011,CHN,Coal,58
2012,CHN,Coal,48
2013,CHN,Coal,47
2014,CHN,Coal,32
2015,CHN,Coal,61
2016,CHN,Coal,41
2017,CHN,Coal,33
2018,CHN,Coal,22
2019,CHN,Coal,43
2020,CHN,Coal,30
2021,CHN,Coal,25
2022,CHN,Coal,27
2023,CHN,Coal,45
2024,CHN,Coal,27
2025,CHN,Coal,70
2001,COL,Coal,0
2002,COL,Coal,0
2003,COL,Coal,0
2004,COL,Coal,0
2005,COL,Coal,0
2006,COL,Coal,0
2007,COL,Coal,0
2008,COL,Coal,0
2009,COL,Coal,0
2010,COL,Coal,0
2011,COL,Coal,0
2012,COL,Coal,0
2013,COL,Coal,0
2014,COL,Coal,0
2015,COL,Coal,0
2016,COL,Coal,0
2017,COL,Coal,0
2018,COL,Coal,0
2019,COL,Coal,0
2020,COL,Coal,0
2021,COL,Coal,0
2022,COL,Coal,0
2023,COL,Coal,0
2024,COL,Coal,0
2025,COL,Coal,0
2001,COM,Coal,0
2002,COM,Coal,0
2003,COM,Coal,0
2004,COM,Coal,0
2005,COM,Coal,0
2006,COM,Coal,0
2007,COM,Coal,0
2008,COM,Coal,0
2009,COM,Coal,0
2010,COM,Coal,0
2011,COM,Coal,0
2012,COM,Coal,0
2013,COM,Coal,0
2014,COM,Coal,0
2015,COM,Coal,0
2016,COM,Coal,0
2017,COM,Coal,0
2018,COM,Coal,0
2019,COM,Coal,0
2020,COM,Coal,0
2021,COM,Coal,0
2022,COM,Coal,0
2023,COM,Coal,0
2001,COG,Coal,0
2002,COG,Coal,0
2003,COG,Coal,0
2004,COG,Coal,0
2005,COG,Coal,0
2006,COG,Coal,0
2007,COG,Coal,0
2008,COG,Coal,0
2009,COG,Coal,0
2010,COG,Coal,0
2011,COG,Coal,0
2012,COG,Coal,0
2013,COG,Coal,0
2014,COG,Coal,0
2015,COG,Coal,0
2016,COG,Coal,0
2017,COG,Coal,0
2018,COG,Coal,0
2019,COG,Coal,0
2020,COG,Coal,0
2021,COG,Coal,0
2022,COG,Coal,0
2023,COG,Coal,0
2024,COG,Coal,0
2001,COD,Coal,0
2002,COD,Coal,0
2003,COD,Coal,0
2004,COD,Coal,0
2005,COD,Coal,0
2006,COD,Coal,0
2007,COD,Coal,0
2008,COD,Coal,0
2009,COD,Coal,0
2010,COD,Coal,0
2011,COD,Coal,0
2012,COD,Coal,0
2013,COD,Coal,0
2014,COD,Coal,0
2015,COD,Coal,0
2016,COD,Coal,0
2017,COD,Coal,0
2018,COD,Coal,0
2019,COD,Coal,0
2020,COD,Coal,0
2021,COD,Coal,0
2022,COD,Coal,0
2023,COD,Coal,0
2024,COD,Coal,0
2001,COK,Coal,0
2002,COK,Coal,0
2003,COK,Coal,0
2004,COK,Coal,0
2005,COK,Coal,0
2006,COK,Coal,0
2007,COK,Coal,0
2008,COK,Coal,0
2009,COK,Coal,0
2010,COK,Coal,0
2011,COK,Coal,0
2012,COK,Coal,0
2013,COK,Coal,0
2014,COK,Coal,0
2015,COK,Coal,0
2016,COK,Coal,0
2017,COK,Coal,0
2018,COK,Coal,0
2019,COK,Coal,0
2020,COK,Coal,0
2021,COK,Coal,0
2022,COK,Coal,0
2023,COK,Coal,0
2024,COK,Coal,0
2001,CRI,Coal,0
2002,CRI,Coal,0
2003,CRI,Coal,0
2004,CRI,Coal,0
2005,CRI,Coal,0
2006,CRI,Coal,0
2007,CRI,Coal,0
2008,CRI,Coal,0
2009,CRI,Coal,0
2010,CRI,Coal,0
2011,CRI,Coal,0
2012,CRI,Coal,0
2013,CRI,Coal,0
2014,CRI,Coal,0
2015,CRI,Coal,0
2016,CRI,Coal,0
2017,CRI,Coal,0
2018,CRI,Coal,0
2019,CRI,Coal,0
2020,CRI,Coal,0
2021,CRI,Coal,0
2022,CRI,Coal,0
2023,CRI,Coal,0
2024,CRI,Coal,0
2025,CRI,Coal,0
2001,CIV,Coal,0
2002,CIV,Coal,0
2003,CIV,Coal,0
2004,CIV,Coal,0
2005,CIV,Coal,0
2006,CIV,Coal,0
2007,CIV,Coal,0
2008,CIV,Coal,0
2009,CIV,Coal,0
2010,CIV,Coal,0
2011,CIV,Coal,0
2012,CIV,Coal,0
2013,CIV,Coal,0
2014,CIV,Coal,0
2015,CIV,Coal,0
2016,CIV,Coal,0
2017,CIV,Coal,0
2018,CIV,Coal,0
2019,CIV,Coal,0
2020,CIV,Coal,0
2021,CIV,Coal,0
2022,CIV,Coal,0
2023,CIV,Coal,0
2024,CIV,Coal,0
1991,HRV,Coal,0
1992,HRV,Coal,0
1993,HRV,Coal,0
1994,HRV,Coal,0
1995,HRV,Coal,0
1996,HRV,Coal,0
1997,HRV,Coal,0
1998,HRV,Coal,0
1999,HRV,Coal,0
2000,HRV,Coal,0
2001,HRV,Coal,0
2002,HRV,Coal,0
2003,HRV,Coal,0
2004,HRV,Coal,0
2005,HRV,Coal,0
2006,HRV,Coal,0
2007,HRV,Coal,0
2008,HRV,Coal,0
2009,HRV,Coal,0
2010,HRV,Coal,0
2011,HRV,Coal,0
2012,HRV,Coal,0
2013,HRV,Coal,0
2014,HRV,Coal,0
2015,HRV,Coal,0
2016,HRV,Coal,0
2017,HRV,Coal,0
2018,HRV,Coal,0
2019,HRV,Coal,0
2020,HRV,Coal,0
2021,HRV,Coal,0
2022,HRV,Coal,0
2023,HRV,Coal,0
2024,HRV,Coal,0
2025,HRV,Coal,0
2001,CUB,Coal,0
2002,CUB,Coal,0
2003,CUB,Coal,0
2004,CUB,Coal,0
2005,CUB,Coal,0
2006,CUB,Coal,0
2007,CUB,Coal,0
2008,CUB,Coal,0
2009,CUB,Coal,0
2010,CUB,Coal,0
2011,CUB,Coal,0
2012,CUB,Coal,0
2013,CUB,Coal,0
2014,CUB,Coal,0
2015,CUB,Coal,0
2016,CUB,Coal,0
2017,CUB,Coal,0
2018,CUB,Coal,0
2019,CUB,Coal,0
2020,CUB,Coal,0
2021,CUB,Coal,0
2022,CUB,Coal,0
2023,CUB,Coal,0
2024,CUB,Coal,0
1991,CYP,Coal,0
1992,CYP,Coal,0
1993,CYP,Coal,0
1994,CYP,Coal,0
1995,CYP,Coal,0
1996,CYP,Coal,0
1997,CYP,Coal,0
1998,CYP,Coal,0
1999,CYP,Coal,0
2000,CYP,Coal,0
2001,CYP,Coal,0
2002,CYP,Coal,0
2003,CYP,Coal,0
2004,CYP,Coal,0
2005,CYP,Coal,0
2006,CYP,Coal,0
2007,CYP,Coal,0
2008,CYP,Coal,0
2009,CYP,Coal,0
2010,CYP,Coal,0
2011,CYP,Coal,0
2012,CYP,Coal,0
2013,CYP,Coal,0
2014,CYP,Coal,0
2015,CYP,Coal,0
2016,CYP,Coal,0
2017,CYP,Coal,0
2018,CYP,Coal,0
2019,CYP,Coal,0
2020,CYP,Coal,0
2021,CYP,Coal,0
2022,CYP,Coal,0
2023,CYP,Coal,0
2024,CYP,Coal,0
2025,CYP,Coal,0
1991,CZE,Coal,0
1992,CZE,Coal,0
1993,CZE,Coal,0
1994,CZE,Coal,0
1995,CZE,Coal,0
1996,CZE,Coal,0
1997,CZE,Coal,0
1998,CZE,Coal,0
1999,CZE,Coal,0
2000,CZE,Coal,9
2001,CZE,Coal,0
2002,CZE,Coal,0
2003,CZE,Coal,0
2004,CZE,Coal,0
2005,CZE,Coal,0
2006,CZE,Coal,0
2007,CZE,Coal,0
2008,CZE,Coal,0
2009,CZE,Coal,0
2010,CZE,Coal,0
2011,CZE,Coal,0
2012,CZE,Coal,-1
2013,CZE,Coal,0
2014,CZE,Coal,0
2015,CZE,Coal,0
2016,CZE,Coal,0
2017,CZE,Coal,0
2018,CZE,Coal,0
2019,CZE,Coal,0
2020,CZE,Coal,-1
2021,CZE,Coal,-1
2022,CZE,Coal,0
2023,CZE,Coal,0
2024,CZE,Coal,0
2025,CZE,Coal,-1
1991,DNK,Coal,0
1992,DNK,Coal,0
1993,DNK,Coal,0
1994,DNK,Coal,0
1995,DNK,Coal,0
1996,DNK,Coal,0
1997,DNK,Coal,0
1998,DNK,Coal,0
1999,DNK,Coal,0
2000,DNK,Coal,5
2001,DNK,Coal,0
2002,DNK,Coal,0
2003,DNK,Coal,0
2004,DNK,Coal,0
2005,DNK,Coal,0
2006,DNK,Coal,0
2007,DNK,Coal,0
2008,DNK,Coal,0
2009,DNK,Coal,0
2010,DNK,Coal,0
2011,DNK,Coal,0
2012,DNK,Coal,0
2013,DNK,Coal,0
2014,DNK,Coal,0
2015,DNK,Coal,0
2016,DNK,Coal,-1
2017,DNK,Coal,0
2018,DNK,Coal,0
2019,DNK,Coal,-1
2020,DNK,Coal,0
2021,DNK,Coal,0
2022,DNK,Coal,0
2023,DNK,Coal,0
2024,DNK,Coal,-1
2025,DNK,Coal,0
2001,DJI,Coal,0
2002,DJI,Coal,0
2003,DJI,Coal,0
2004,DJI,Coal,0
2005,DJI,Coal,0
2006,DJI,Coal,0
2007,DJI,Coal,0
2008,DJI,Coal,0
2009,DJI,Coal,0
2010,DJI,Coal,0
2011,DJI,Coal,0
2012,DJI,Coal,0
2013,DJI,Coal,0
2014,DJI,Coal,0
2015,DJI,Coal,0
2016,DJI,Coal,0
2017,DJI,Coal,0
2018,DJI,Coal,0
2019,DJI,Coal,0
2020,DJI,Coal,0
2021,DJI,Coal,0
2022,DJI,Coal,0
2023,DJI,Coal,0
2024,DJI,Coal,0
2001,DMA,Coal,0
2002,DMA,Coal,0
2003,DMA,Coal,0
2004,DMA,Coal,0
2005,DMA,Coal,0
2006,DMA,Coal,0
2007,DMA,Coal,0
2008,DMA,Coal,0
2009,DMA,Coal,0
2010,DMA,Coal,0
2011,DMA,Coal,0
2012,DMA,Coal,0
2013,DMA,Coal,0
2014,DMA,Coal,0
2015,DMA,Coal,0
2016,DMA,Coal,0
2017,DMA,Coal,0
2018,DMA,Coal,0
2019,DMA,Coal,0
2020,DMA,Coal,0
2021,DMA,Coal,0
2022,DMA,Coal,0
2023,DMA,Coal,0
2001,DOM,Coal,0
2002,DOM,Coal,0
2003,DOM,Coal,0
2004,DOM,Coal,0
2005,DOM,Coal,0
2006,DOM,Coal,0
2007,DOM,Coal,0
2008,DOM,Coal,0
2009,DOM,Coal,0
2010,DOM,Coal,0
2011,DOM,Coal,0
2012,DOM,Coal,0
2013,DOM,Coal,0
2014,DOM,Coal,0
2015,DOM,Coal,0
2016,DOM,Coal,0
2017,DOM,Coal,0
2018,DOM,Coal,0
2019,DOM,Coal,0
2020,DOM,Coal,0
2021,DOM,Coal,0
2022,DOM,Coal,0
2023,DOM,Coal,0
2024,DOM,Coal,0
2025,DOM,Coal,0
2001,ECU,Coal,0
2002,ECU,Coal,0
2003,ECU,Coal,0
2004,ECU,Coal,0
2005,ECU,Coal,0
2006,ECU,Coal,0
2007,ECU,Coal,0
2008,ECU,Coal,0
2009,ECU,Coal,0
2010,ECU,Coal,0
2011,ECU,Coal,0
2012,ECU,Coal,0
2013,ECU,Coal,0
2014,ECU,Coal,0
2015,ECU,Coal,0
2016,ECU,Coal,0
2017,ECU,Coal,0
2018,ECU,Coal,0
2019,ECU,Coal,0
2020,ECU,Coal,0
2021,ECU,Coal,0
2022,ECU,Coal,0
2023,ECU,Coal,0
2024,ECU,Coal,0
2025,ECU,Coal,0
1986,EGY,Coal,0
1987,EGY,Coal,0
1988,EGY,Coal,0
1989,EGY,Coal,0
1990,EGY,Coal,0
1991,EGY,Coal,0
1992,EGY,Coal,0
1993,EGY,Coal,0
1994,EGY,Coal,0
1995,EGY,Coal,0
1996,EGY,Coal,0
1997,EGY,Coal,0
1998,EGY,Coal,0
1999,EGY,Coal,0
2000,EGY,Coal,0
2001,EGY,Coal,0
2002,EGY,Coal,0
2003,EGY,Coal,0
2004,EGY,Coal,0
2005,EGY,Coal,0
2006,EGY,Coal,0
2007,EGY,Coal,0
2008,EGY,Coal,0
2009,EGY,Coal,0
2010,EGY,Coal,0
2011,EGY,Coal,0
2012,EGY,Coal,0
2013,EGY,Coal,0
2014,EGY,Coal,0
2015,EGY,Coal,0
2016,EGY,Coal,0
2017,EGY,Coal,0
2018,EGY,Coal,0
2019,EGY,Coal,0
2020,EGY,Coal,0
2021,EGY,Coal,0
2022,EGY,Coal,0
2023,EGY,Coal,0
2024,EGY,Coal,0
2025,EGY,Coal,0
2001,GNQ,Coal,0
2002,GNQ,Coal,0
2003,GNQ,Coal,0
2004,GNQ,Coal,0
2005,GNQ,Coal,0
2006,GNQ,Coal,0
2007,GNQ,Coal,0
2008,GNQ,Coal,0
2009,GNQ,Coal,0
2010,GNQ,Coal,0
2011,GNQ,Coal,0
2012,GNQ,Coal,0
2013,GNQ,Coal,0
2014,GNQ,Coal,0
2015,GNQ,Coal,0
2016,GNQ,Coal,0
2017,GNQ,Coal,0
2018,GNQ,Coal,0
2019,GNQ,Coal,0
2020,GNQ,Coal,0
2021,GNQ,Coal,0
2022,GNQ,Coal,0
2023,GNQ,Coal,0
2024,GNQ,Coal,0
2001,ERI,Coal,0
2002,ERI,Coal,0
2003,ERI,Coal,0
2004,ERI,Coal,0
2005,ERI,Coal,0
2006,ERI,Coal,0
2007,ERI,Coal,0
2008,ERI,Coal,0
2009,ERI,Coal,0
2010,ERI,Coal,0
2011,ERI,Coal,0
2012,ERI,Coal,0
2013,ERI,Coal,0
2014,ERI,Coal,0
2015,ERI,Coal,0
2016,ERI,Coal,0
2017,ERI,Coal,0
2018,ERI,Coal,0
2019,ERI,Coal,0
2020,ERI,Coal,0
2021,ERI,Coal,0
2022,ERI,Coal,0
2023,ERI,Coal,0
2024,ERI,Coal,0
1991,EST,Coal,0
1992,EST,Coal,0
1993,EST,Coal,0
1994,EST,Coal,0
1995,EST,Coal,0
1996,EST,Coal,0
1997,EST,Coal,0
1998,EST,Coal,0
1999,EST,Coal,0
2000,EST,Coal,0
2001,EST,Coal,0
2002,EST,Coal,0
2003,EST,Coal,0
2004,EST,Coal,0
2005,EST,Coal,0
2006,EST,Coal,0
2007,EST,Coal,0
2008,EST,Coal,0
2009,EST,Coal,0
2010,EST,Coal,0
2011,EST,Coal,0
2012,EST,Coal,0
2013,EST,Coal,0
2014,EST,Coal,0
2015,EST,Coal,0
2016,EST,Coal,0
2017,EST,Coal,0
2018,EST,Coal,0
2019,EST,Coal,0
2020,EST,Coal,0
2021,EST,Coal,0
2022,EST,Coal,0
2023,EST,Coal,0
2024,EST,Coal,0
2025,EST,Coal,0
2001,SWZ,Coal,0
2002,SWZ,Coal,0
2003,SWZ,Coal,0
2004,SWZ,Coal,0
2005,SWZ,Coal,0
2006,SWZ,Coal,0
2007,SWZ,Coal,0
2008,SWZ,Coal,0
2009,SWZ,Coal,0
2010,SWZ,Coal,0
2011,SWZ,Coal,0
2012,SWZ,Coal,0
2013,SWZ,Coal,0
2014,SWZ,Coal,0
2015,SWZ,Coal,0
2016,SWZ,Coal,0
2017,SWZ,Coal,0
2018,SWZ,Coal,0
2019,SWZ,Coal,0
2020,SWZ,Coal,0
2021,SWZ,Coal,0
2022,SWZ,Coal,0
2023,SWZ,Coal,0
2024,SWZ,Coal,0
2001,ETH,Coal,0
2002,ETH,Coal,0
2003,ETH,Coal,0
2004,ETH,Coal,0
2005,ETH,Coal,0
2006,ETH,Coal,0
2007,ETH,Coal,0
2008,ETH,Coal,0
2009,ETH,Coal,0
2010,ETH,Coal,0
2011,ETH,Coal,0
2012,ETH,Coal,0
2013,ETH,Coal,0
2014,ETH,Coal,0
2015,ETH,Coal,0
2016,ETH,Coal,0
2017,ETH,Coal,0
2018,ETH,Coal,0
2019,ETH,Coal,0
2020,ETH,Coal,0
2021,ETH,Coal,0
2022,ETH,Coal,0
2023,ETH,Coal,0
2024,ETH,Coal,0
2025,ETH,Coal,0
2001,FLK,Coal,0
2002,FLK,Coal,0
2003,FLK,Coal,0
2004,FLK,Coal,0
2005,FLK,Coal,0
2006,FLK,Coal,0
2007,FLK,Coal,0
2008,FLK,Coal,0
2009,FLK,Coal,0
2010,FLK,Coal,0
2011,FLK,Coal,0
2012,FLK,Coal,0
2013,FLK,Coal,0
2014,FLK,Coal,0
2015,FLK,Coal,0
2016,FLK,Coal,0
2017,FLK,Coal,0
2018,FLK,Coal,0
2019,FLK,Coal,0
2020,FLK,Coal,0
2021,FLK,Coal,0
2022,FLK,Coal,0
2023,FLK,Coal,0
2001,FRO,Coal,0
2002,FRO,Coal,0
2003,FRO,Coal,0
2004,FRO,Coal,0
2005,FRO,Coal,0
2006,FRO,Coal,0
2007,FRO,Coal,0
2008,FRO,Coal,0
2009,FRO,Coal,0
2010,FRO,Coal,0
2011,FRO,Coal,0
2012,FRO,Coal,0
2013,FRO,Coal,0
2014,FRO,Coal,0
2015,FRO,Coal,0
2016,FRO,Coal,0
2017,FRO,Coal,0
2018,FRO,Coal,0
2019,FRO,Coal,0
2020,FRO,Coal,0
2021,FRO,Coal,0
2022,FRO,Coal,0
2023,FRO,Coal,0
2001,FJI,Coal,0
2002,FJI,Coal,0
2003,FJI,Coal,0
2004,FJI,Coal,0
2005,FJI,Coal,0
2006,FJI,Coal,0
2007,FJI,Coal,0
2008,FJI,Coal,0
2009,FJI,Coal,0
2010,FJI,Coal,0
2011,FJI,Coal,0
2012,FJI,Coal,0
2013,FJI,Coal,0
2014,FJI,Coal,0
2015,FJI,Coal,0
2016,FJI,Coal,0
2017,FJI,Coal,0
2018,FJI,Coal,0
2019,FJI,Coal,0
2020,FJI,Coal,0
2021,FJI,Coal,0
2022,FJI,Coal,0
2023,FJI,Coal,0
2024,FJI,Coal,0
1991,FIN,Coal,0
1992,FIN,Coal,0
1993,FIN,Coal,0
1994,FIN,Coal,0
1995,FIN,Coal,0
1996,FIN,Coal,0
1997,FIN,Coal,0
1998,FIN,Coal,0
1999,FIN,Coal,0
2000,FIN,Coal,4
2001,FIN,Coal,0
2002,FIN,Coal,0
2003,FIN,Coal,0
2004,FIN,Coal,0
2005,FIN,Coal,0
2006,FIN,Coal,0
2007,FIN,Coal,0
2008,FIN,Coal,0
2009,FIN,Coal,0
2010,FIN,Coal,0
2011,FIN,Coal,0
2012,FIN,Coal,0
2013,FIN,Coal,0
2014,FIN,Coal,-1
2015,FIN,Coal,0
2016,FIN,Coal,0
2017,FIN,Coal,0
2018,FIN,Coal,0
2019,FIN,Coal,0
2020,FIN,Coal,0
2021,FIN,Coal,0
2022,FIN,Coal,0
2023,FIN,Coal,0
2024,FIN,Coal,0
2025,FIN,Coal,0
1991,FRA,Coal,0
1992,FRA,Coal,0
1993,FRA,Coal,0
1994,FRA,Coal,0
1995,FRA,Coal,0
1996,FRA,Coal,0
1997,FRA,Coal,0
1998,FRA,Coal,0
1999,FRA,Coal,0
2000,FRA,Coal,8
2001,FRA,Coal,0
2002,FRA,Coal,0
2003,FRA,Coal,0
2004,FRA,Coal,0
2005,FRA,Coal,-1
2006,FRA,Coal,0
2007,FRA,Coal,0
2008,FRA,Coal,0
2009,FRA,Coal,0
2010,FRA,Coal,0
2011,FRA,Coal,0
2012,FRA,Coal,0
2013,FRA,Coal,-2
2014,FRA,Coal,-1
2015,FRA,Coal,-2
2016,FRA,Coal,0
2017,FRA,Coal,0
2018,FRA,Coal,0
2019,FRA,Coal,0
2020,FRA,Coal,0
2021,FRA,Coal,-1
2022,FRA,Coal,0
2023,FRA,Coal,0
2024,FRA,Coal,0
2025,FRA,Coal,0
2001,PYF,Coal,0
2002,PYF,Coal,0
2003,PYF,Coal,0
2004,PYF,Coal,0
2005,PYF,Coal,0
2006,PYF,Coal,0
2007,PYF,Coal,0
2008,PYF,Coal,0
2009,PYF,Coal,0
2010,PYF,Coal,0
2011,PYF,Coal,0
2012,PYF,Coal,0
2013,PYF,Coal,0
2014,PYF,Coal,0
2015,PYF,Coal,0
2016,PYF,Coal,0
2017,PYF,Coal,0
2018,PYF,Coal,0
2019,PYF,Coal,0
2020,PYF,Coal,0
2021,PYF,Coal,0
2022,PYF,Coal,0
2023,PYF,Coal,0
2024,PYF,Coal,0
2001,GAB,Coal,0
2002,GAB,Coal,0
2003,GAB,Coal,0
2004,GAB,Coal,0
2005,GAB,Coal,0
2006,GAB,Coal,0
2007,GAB,Coal,0
2008,GAB,Coal,0
2009,GAB,Coal,0
2010,GAB,Coal,0
2011,GAB,Coal,0
2012,GAB,Coal,0
2013,GAB,Coal,0
2014,GAB,Coal,0
2015,GAB,Coal,0
2016,GAB,Coal,0
2017,GAB,Coal,0
2018,GAB,Coal,0
2019,GAB,Coal,0
2020,GAB,Coal,0
2021,GAB,Coal,0
2022,GAB,Coal,0
2023,GAB,Coal,0
2024,GAB,Coal,0
2001,GMB,Coal,0
2002,GMB,Coal,0
2003,GMB,Coal,0
2004,GMB,Coal,0
2005,GMB,Coal,0
2006,GMB,Coal,0
2007,GMB,Coal,0
2008,GMB,Coal,0
2009,GMB,Coal,0
2010,GMB,Coal,0
2011,GMB,Coal,0
2012,GMB,Coal,0
2013,GMB,Coal,0
2014,GMB,Coal,0
2015,GMB,Coal,0
2016,GMB,Coal,0
2017,GMB,Coal,0
2018,GMB,Coal,0
2019,GMB,Coal,0
2020,GMB,Coal,0
2021,GMB,Coal,0
2022,GMB,Coal,0
2023,GMB,Coal,0
2024,GMB,Coal,0
2001,GEO,Coal,0
2002,GEO,Coal,0
2003,GEO,Coal,0
2004,GEO,Coal,0
2005,GEO,Coal,0
2006,GEO,Coal,0
2007,GEO,Coal,0
2008,GEO,Coal,0
2009,GEO,Coal,0
2010,GEO,Coal,0
2011,GEO,Coal,0
2012,GEO,Coal,0
2013,GEO,Coal,0
2014,GEO,Coal,0
2015,GEO,Coal,0
2016,GEO,Coal,0
2017,GEO,Coal,0
2018,GEO,Coal,0
2019,GEO,Coal,0
2020,GEO,Coal,0
2021,GEO,Coal,0
2022,GEO,Coal,0
2023,GEO,Coal,0
2024,GEO,Coal,0
2025,GEO,Coal,0
1991,DEU,Coal,0
1992,DEU,Coal,0
1993,DEU,Coal,0
1994,DEU,Coal,0
1995,DEU,Coal,0
1996,DEU,Coal,0
1997,DEU,Coal,0
1998,DEU,Coal,0
1999,DEU,Coal,0
2000,DEU,Coal,53
2001,DEU,Coal,-1
2002,DEU,Coal,0
2003,DEU,Coal,0
2004,DEU,Coal,0
2005,DEU,Coal,-1
2006,DEU,Coal,0
2007,DEU,Coal,0
2008,DEU,Coal,0
2009,DEU,Coal,0
2010,DEU,Coal,0
2011,DEU,Coal,-1
2012,DEU,Coal,0
2013,DEU,Coal,0
2014,DEU,Coal,-1
2015,DEU,Coal,2
2016,DEU,Coal,-1
2017,DEU,Coal,-3
2018,DEU,Coal,-1
2019,DEU,Coal,-1
2020,DEU,Coal,0
2021,DEU,Coal,-7
2022,DEU,Coal,-1
2023,DEU,Coal,0
2024,DEU,Coal,-7
2025,DEU,Coal,0
2001,GHA,Coal,0
2002,GHA,Coal,0
2003,GHA,Coal,0
2004,GHA,Coal,0
2005,GHA,Coal,0
2006,GHA,Coal,0
2007,GHA,Coal,0
2008,GHA,Coal,0
2009,GHA,Coal,0
2010,GHA,Coal,0
2011,GHA,Coal,0
2012,GHA,Coal,0
2013,GHA,Coal,0
2014,GHA,Coal,0
2015,GHA,Coal,0
2016,GHA,Coal,0
2017,GHA,Coal,0
2018,GHA,Coal,0
2019,GHA,Coal,0
2020,GHA,Coal,0
2021,GHA,Coal,0
2022,GHA,Coal,0
2023,GHA,Coal,0
2024,GHA,Coal,0
1991,GRC,Coal,0
1992,GRC,Coal,0
1993,GRC,Coal,0
1994,GRC,Coal,0
1995,GRC,Coal,0
1996,GRC,Coal,0
1997,GRC,Coal,0
1998,GRC,Coal,0
1999,GRC,Coal,0
2000,GRC,Coal,5
2001,GRC,Coal,0
2002,GRC,Coal,0
2003,GRC,Coal,0
2004,GRC,Coal,0
2005,GRC,Coal,0
2006,GRC,Coal,0
2007,GRC,Coal,0
2008,GRC,Coal,0
2009,GRC,Coal,0
2010,GRC,Coal,0
2011,GRC,Coal,0
2012,GRC,Coal,0
2013,GRC,Coal,0
2014,GRC,Coal,0
2015,GRC,Coal,0
2016,GRC,Coal,-1
2017,GRC,Coal,0
2018,GRC,Coal,0
2019,GRC,Coal,-1
2020,GRC,Coal,-1
2021,GRC,Coal,-1
2022,GRC,Coal,0
2023,GRC,Coal,1
2024,GRC,Coal,-1
2025,GRC,Coal,0
2001,GRL,Coal,0
2002,GRL,Coal,0
2003,GRL,Coal,0
2004,GRL,Coal,0
2005,GRL,Coal,0
2006,GRL,Coal,0
2007,GRL,Coal,0
2008,GRL,Coal,0
2009,GRL,Coal,0
2010,GRL,Coal,0
2011,GRL,Coal,0
2012,GRL,Coal,0
2013,GRL,Coal,0
2014,GRL,Coal,0
2015,GRL,Coal,0
2016,GRL,Coal,0
2017,GRL,Coal,0
2018,GRL,Coal,0
2019,GRL,Coal,0
2020,GRL,Coal,0
2021,GRL,Coal,0
2022,GRL,Coal,0
2023,GRL,Coal,0
2024,GRL,Coal,0
2001,GRD,Coal,0
2002,GRD,Coal,0
2003,GRD,Coal,0
2004,GRD,Coal,0
2005,GRD,Coal,0
2006,GRD,Coal,0
2007,GRD,Coal,0
2008,GRD,Coal,0
2009,GRD,Coal,0
2010,GRD,Coal,0
2011,GRD,Coal,0
2012,GRD,Coal,0
2013,GRD,Coal,0
2014,GRD,Coal,0
2015,GRD,Coal,0
2016,GRD,Coal,0
2017,GRD,Coal,0
2018,GRD,Coal,0
2019,GRD,Coal,0
2020,GRD,Coal,0
2021,GRD,Coal,0
2022,GRD,Coal,0
2023,GRD,Coal,0
2024,GRD,Coal,0
2001,GLP,Coal,0
2002,GLP,Coal,0
2003,GLP,Coal,0
2004,GLP,Coal,0
2005,GLP,Coal,0
2006,GLP,Coal,0
2007,GLP,Coal,0
2008,GLP,Coal,0
2009,GLP,Coal,0
2010,GLP,Coal,0
2011,GLP,Coal,0
2012,GLP,Coal,0
2013,GLP,Coal,0
2014,GLP,Coal,0
2015,GLP,Coal,0
2016,GLP,Coal,0
2017,GLP,Coal,0
2018,GLP,Coal,0
2019,GLP,Coal,0
2020,GLP,Coal,0
2021,GLP,Coal,0
2022,GLP,Coal,0
2023,GLP,Coal,0
2001,GUM,Coal,0
2002,GUM,Coal,0
2003,GUM,Coal,0
2004,GUM,Coal,0
2005,GUM,Coal,0
2006,GUM,Coal,0
2007,GUM,Coal,0
2008,GUM,Coal,0
2009,GUM,Coal,0
2010,GUM,Coal,0
2011,GUM,Coal,0
2012,GUM,Coal,0
2013,GUM,Coal,0
2014,GUM,Coal,0
2015,GUM,Coal,0
2016,GUM,Coal,0
2017,GUM,Coal,0
2018,GUM,Coal,0
2019,GUM,Coal,0
2020,GUM,Coal,0
2021,GUM,Coal,0
2022,GUM,Coal,0
2023,GUM,Coal,0
2024,GUM,Coal,0
2001,GTM,Coal,0
2002,GTM,Coal,0
2003,GTM,Coal,0
2004,GTM,Coal,0
2005,GTM,Coal,0
2006,GTM,Coal,0
2007,GTM,Coal,0
2008,GTM,Coal,0
2009,GTM,Coal,0
2010,GTM,Coal,0
2011,GTM,Coal,0
2012,GTM,Coal,0
2013,GTM,Coal,0
2014,GTM,Coal,0
2015,GTM,Coal,0
2016,GTM,Coal,0
2017,GTM,Coal,0
2018,GTM,Coal,0
2019,GTM,Coal,0
2020,GTM,Coal,0
2021,GTM,Coal,0
2022,GTM,Coal,0
2023,GTM,Coal,0
2024,GTM,Coal,0
2001,GIN,Coal,0
2002,GIN,Coal,0
2003,GIN,Coal,0
2004,GIN,Coal,0
2005,GIN,Coal,0
2006,GIN,Coal,0
2007,GIN,Coal,0
2008,GIN,Coal,0
2009,GIN,Coal,0
2010,GIN,Coal,0
2011,GIN,Coal,0
2012,GIN,Coal,0
2013,GIN,Coal,0
2014,GIN,Coal,0
2015,GIN,Coal,0
2016,GIN,Coal,0
2017,GIN,Coal,0
2018,GIN,Coal,0
2019,GIN,Coal,0
2020,GIN,Coal,0
2021,GIN,Coal,0
2022,GIN,Coal,0
2023,GIN,Coal,0
2024,GIN,Coal,0
2001,GNB,Coal,0
2002,GNB,Coal,0
2003,GNB,Coal,0
2004,GNB,Coal,0
2005,GNB,Coal,0
2006,GNB,Coal,0
2007,GNB,Coal,0
2008,GNB,Coal,0
2009,GNB,Coal,0
2010,GNB,Coal,0
2011,GNB,Coal,0
2012,GNB,Coal,0
2013,GNB,Coal,0
2014,GNB,Coal,0
2015,GNB,Coal,0
2016,GNB,Coal,0
2017,GNB,Coal,0
2018,GNB,Coal,0
2019,GNB,Coal,0
2020,GNB,Coal,0
2021,GNB,Coal,0
2022,GNB,Coal,0
2023,GNB,Coal,0
2024,GNB,Coal,0
2001,GUY,Coal,0
2002,GUY,Coal,0
2003,GUY,Coal,0
2004,GUY,Coal,0
2005,GUY,Coal,0
2006,GUY,Coal,0
2007,GUY,Coal,0
2008,GUY,Coal,0
2009,GUY,Coal,0
2010,GUY,Coal,0
2011,GUY,Coal,0
2012,GUY,Coal,0
2013,GUY,Coal,0
2014,GUY,Coal,0
2015,GUY,Coal,0
2016,GUY,Coal,0
2017,GUY,Coal,0
2018,GUY,Coal,0
2019,GUY,Coal,0
2020,GUY,Coal,0
2021,GUY,Coal,0
2022,GUY,Coal,0
2023,GUY,Coal,0
2024,GUY,Coal,0
2001,HTI,Coal,0
2002,HTI,Coal,0
2003,HTI,Coal,0
2004,HTI,Coal,0
2005,HTI,Coal,0
2006,HTI,Coal,0
2007,HTI,Coal,0
2008,HTI,Coal,0
2009,HTI,Coal,0
2010,HTI,Coal,0
2011,HTI,Coal,0
2012,HTI,Coal,0
2013,HTI,Coal,0
2014,HTI,Coal,0
2015,HTI,Coal,0
2016,HTI,Coal,0
2017,HTI,Coal,0
2018,HTI,Coal,0
2019,HTI,Coal,0
2020,HTI,Coal,0
2021,HTI,Coal,0
2022,HTI,Coal,0
2023,HTI,Coal,0
2024,HTI,Coal,0
2001,HND,Coal,0
2002,HND,Coal,0
2003,HND,Coal,0
2004,HND,Coal,0
2005,HND,Coal,0
2006,HND,Coal,0
2007,HND,Coal,0
2008,HND,Coal,0
2009,HND,Coal,0
2010,HND,Coal,0
2011,HND,Coal,0
2012,HND,Coal,0
2013,HND,Coal,0
2014,HND,Coal,0
2015,HND,Coal,0
2016,HND,Coal,0
2017,HND,Coal,0
2018,HND,Coal,0
2019,HND,Coal,0
2020,HND,Coal,0
2021,HND,Coal,0
2022,HND,Coal,0
2023,HND,Coal,0
2024,HND,Coal,0
2001,HKG,Coal,0
2002,HKG,Coal,0
2003,HKG,Coal,0
2004,HKG,Coal,0
2005,HKG,Coal,0
2006,HKG,Coal,0
2007,HKG,Coal,0
2008,HKG,Coal,0
2009,HKG,Coal,0
2010,HKG,Coal,0
2011,HKG,Coal,0
2012,HKG,Coal,0
2013,HKG,Coal,0
2014,HKG,Coal,0
2015,HKG,Coal,0
2016,HKG,Coal,0
2017,HKG,Coal,0
2018,HKG,Coal,0
2019,HKG,Coal,0
2020,HKG,Coal,0
2021,HKG,Coal,0
2022,HKG,Coal,0
2023,HKG,Coal,-1
2024,HKG,Coal,-1
1991,HUN,Coal,0
1992,HUN,Coal,0
1993,HUN,Coal,0
1994,HUN,Coal,0
1995,HUN,Coal,0
1996,HUN,Coal,0
1997,HUN,Coal,0
1998,HUN,Coal,0
1999,HUN,Coal,0
2000,HUN,Coal,2
2001,HUN,Coal,0
2002,HUN,Coal,0
2003,HUN,Coal,0
2004,HUN,Coal,0
2005,HUN,Coal,0
2006,HUN,Coal,0
2007,HUN,Coal,0
2008,HUN,Coal,0
2009,HUN,Coal,0
2010,HUN,Coal,0
2011,HUN,Coal,0
2012,HUN,Coal,0
2013,HUN,Coal,0
2014,HUN,Coal,0
2015,HUN,Coal,0
2016,HUN,Coal,0
2017,HUN,Coal,0
2018,HUN,Coal,0
2019,HUN,Coal,0
2020,HUN,Coal,0
2021,HUN,Coal,0
2022,HUN,Coal,0
2023,HUN,Coal,0
2024,HUN,Coal,0
2025,HUN,Coal,0
2001,ISL,Coal,0
2002,ISL,Coal,0
2003,ISL,Coal,0
2004,ISL,Coal,0
2005,ISL,Coal,0
2006,ISL,Coal,0
2007,ISL,Coal,0
2008,ISL,Coal,0
2009,ISL,Coal,0
2010,ISL,Coal,0
2011,ISL,Coal,0
2012,ISL,Coal,0
2013,ISL,Coal,0
2014,ISL,Coal,0
2015,ISL,Coal,0
2016,ISL,Coal,0
2017,ISL,Coal,0
2018,ISL,Coal,0
2019,ISL,Coal,0
2020,ISL,Coal,0
2021,ISL,Coal,0
2022,ISL,Coal,0
2023,ISL,Coal,0
2024,ISL,Coal,0
1986,IND,Coal,0
1987,IND,Coal,0
1988,IND,Coal,0
1989,IND,Coal,0
1990,IND,Coal,0
1991,IND,Coal,0
1992,IND,Coal,0
1993,IND,Coal,0
1994,IND,Coal,0
1995,IND,Coal,0
1996,IND,Coal,0
1997,IND,Coal,0
1998,IND,Coal,0
1999,IND,Coal,0
2000,IND,Coal,62
2001,IND,Coal,1
2002,IND,Coal,1
2003,IND,Coal,2
2004,IND,Coal,1
2005,IND,Coal,3
2006,IND,Coal,2
2007,IND,Coal,5
2008,IND,Coal,5
2009,IND,Coal,5
2010,IND,Coal,11
2011,IND,Coal,14
2012,IND,Coal,18
2013,IND,Coal,18
2014,IND,Coal,20
2015,IND,Coal,20
2016,IND,Coal,18
2017,IND,Coal,5
2018,IND,Coal,6
2019,IND,Coal,8
2020,IND,Coal,0
2021,IND,Coal,5
2022,IND,Coal,1
2023,IND,Coal,5
2024,IND,Coal,4
2025,IND,Coal,9
2001,IDN,Coal,0
2002,IDN,Coal,0
2003,IDN,Coal,0
2004,IDN,Coal,0
2005,IDN,Coal,0
2006,IDN,Coal,2
2007,IDN,Coal,0
2008,IDN,Coal,0
2009,IDN,Coal,0
2010,IDN,Coal,1
2011,IDN,Coal,4
2012,IDN,Coal,4
2013,IDN,Coal,2
2014,IDN,Coal,1
2015,IDN,Coal,2
2016,IDN,Coal,1
2017,IDN,Coal,2
2018,IDN,Coal,1
2019,IDN,Coal,4
2020,IDN,Coal,3
2021,IDN,Coal,3
2022,IDN,Coal,7
2023,IDN,Coal,7
2024,IDN,Coal,3
1986,IRN,Coal,0
1987,IRN,Coal,0
1988,IRN,Coal,0
1989,IRN,Coal,0
1990,IRN,Coal,0
1991,IRN,Coal,0
1992,IRN,Coal,0
1993,IRN,Coal,0
1994,IRN,Coal,0
1995,IRN,Coal,0
1996,IRN,Coal,0
1997,IRN,Coal,0
1998,IRN,Coal,0
1999,IRN,Coal,0
2000,IRN,Coal,0
2001,IRN,Coal,0
2002,IRN,Coal,0
2003,IRN,Coal,0
2004,IRN,Coal,0
2005,IRN,Coal,0
2006,IRN,Coal,0
2007,IRN,Coal,0
2008,IRN,Coal,0
2009,IRN,Coal,0
2010,IRN,Coal,0
2011,IRN,Coal,0
2012,IRN,Coal,0
2013,IRN,Coal,0
2014,IRN,Coal,0
2015,IRN,Coal,0
2016,IRN,Coal,0
2017,IRN,Coal,0
2018,IRN,Coal,0
2019,IRN,Coal,0
2020,IRN,Coal,0
2021,IRN,Coal,0
2022,IRN,Coal,0
2023,IRN,Coal,0
2024,IRN,Coal,0
2025,IRN,Coal,0
2001,IRQ,Coal,0
2002,IRQ,Coal,0
2003,IRQ,Coal,0
2004,IRQ,Coal,0
2005,IRQ,Coal,0
2006,IRQ,Coal,0
2007,IRQ,Coal,0
2008,IRQ,Coal,0
2009,IRQ,Coal,0
2010,IRQ,Coal,0
2011,IRQ,Coal,0
2012,IRQ,Coal,0
2013,IRQ,Coal,0
2014,IRQ,Coal,0
2015,IRQ,Coal,0
2016,IRQ,Coal,0
2017,IRQ,Coal,0
2018,IRQ,Coal,0
2019,IRQ,Coal,0
2020,IRQ,Coal,0
2021,IRQ,Coal,0
2022,IRQ,Coal,0
2023,IRQ,Coal,0
2024,IRQ,Coal,0
1991,IRL,Coal,0
1992,IRL,Coal,0
1993,IRL,Coal,0
1994,IRL,Coal,0
1995,IRL,Coal,0
1996,IRL,Coal,0
1997,IRL,Coal,0
1998,IRL,Coal,0
1999,IRL,Coal,0
2000,IRL,Coal,1
2001,IRL,Coal,0
2002,IRL,Coal,0
2003,IRL,Coal,0
2004,IRL,Coal,0
2005,IRL,Coal,0
2006,IRL,Coal,0
2007,IRL,Coal,0
2008,IRL,Coal,0
2009,IRL,Coal,0
2010,IRL,Coal,0
2011,IRL,Coal,0
2012,IRL,Coal,0
2013,IRL,Coal,0
2014,IRL,Coal,0
2015,IRL,Coal,0
2016,IRL,Coal,0
2017,IRL,Coal,0
2018,IRL,Coal,0
2019,IRL,Coal,0
2020,IRL,Coal,0
2021,IRL,Coal,0
2022,IRL,Coal,0
2023,IRL,Coal,0
2024,IRL,Coal,0
2025,IRL,Coal,-1
2001,ISR,Coal,1
2002,ISR,Coal,0
2003,ISR,Coal,0
2004,ISR,Coal,0
2005,ISR,Coal,0
2006,ISR,Coal,0
2007,ISR,Coal,0
2008,ISR,Coal,0
2009,ISR,Coal,0
2010,ISR,Coal,0
2011,ISR,Coal,0
2012,ISR,Coal,0
2013,ISR,Coal,0
2014,ISR,Coal,0
2015,ISR,Coal,0
2016,ISR,Coal,0
2017,ISR,Coal,0
2018,ISR,Coal,0
2019,ISR,Coal,0
2020,ISR,Coal,0
2021,ISR,Coal,0
2022,ISR,Coal,-1
2023,ISR,Coal,0
2024,ISR,Coal,0
2025,ISR,Coal,0
1991,ITA,Coal,0
1992,ITA,Coal,0
1993,ITA,Coal,0
1994,ITA,Coal,0
1995,ITA,Coal,0
1996,ITA,Coal,0
1997,ITA,Coal,0
1998,ITA,Coal,0
1999,ITA,Coal,0
2000,ITA,Coal,9
2001,ITA,Coal,0
2002,ITA,Coal,0
2003,ITA,Coal,0
2004,ITA,Coal,0
2005,ITA,Coal,0
2006,ITA,Coal,0
2007,ITA,Coal,0
2008,ITA,Coal,-1
2009,ITA,Coal,1
2010,ITA,Coal,1
2011,ITA,Coal,0
2012,ITA,Coal,0
2013,ITA,Coal,0
2014,ITA,Coal,0
2015,ITA,Coal,0
2016,ITA,Coal,-1
2017,ITA,Coal,0
2018,ITA,Coal,0
2019,ITA,Coal,0
2020,ITA,Coal,-1
2021,ITA,Coal,-1
2022,ITA,Coal,0
2023,ITA,Coal,-1
2024,ITA,Coal,0
2025,ITA,Coal,0
2001,JAM,Coal,0
2002,JAM,Coal,0
2003,JAM,Coal,0
2004,JAM,Coal,0
2005,JAM,Coal,0
2006,JAM,Coal,0
2007,JAM,Coal,0
2008,JAM,Coal,0
2009,JAM,Coal,0
2010,JAM,Coal,0
2011,JAM,Coal,0
2012,JAM,Coal,0
2013,JAM,Coal,0
2014,JAM,Coal,0
2015,JAM,Coal,0
2016,JAM,Coal,0
2017,JAM,Coal,0
2018,JAM,Coal,0
2019,JAM,Coal,0
2020,JAM,Coal,0
2021,JAM,Coal,0
2022,JAM,Coal,0
2023,JAM,Coal,0
2024,JAM,Coal,0
1986,JPN,Coal,0
1987,JPN,Coal,0
1988,JPN,Coal,0
1989,JPN,Coal,0
1990,JPN,Coal,0
1991,JPN,Coal,0
1992,JPN,Coal,0
1993,JPN,Coal,0
1994,JPN,Coal,0
1995,JPN,Coal,0
1996,JPN,Coal,0
1997,JPN,Coal,0
1998,JPN,Coal,0
1999,JPN,Coal,0
2000,JPN,Coal,32
2001,JPN,Coal,1
2002,JPN,Coal,4
2003,JPN,Coal,2
2004,JPN,Coal,2
2005,JPN,Coal,0
2006,JPN,Coal,0
2007,JPN,Coal,0
2008,JPN,Coal,0
2009,JPN,Coal,1
2010,JPN,Coal,1
2011,JPN,Coal,0
2012,JPN,Coal,0
2013,JPN,Coal,2
2014,JPN,Coal,0
2015,JPN,Coal,0
2016,JPN,Coal,0
2017,JPN,Coal,0
2018,JPN,Coal,0
2019,JPN,Coal,1
2020,JPN,Coal,2
2021,JPN,Coal,2
2022,JPN,Coal,3
2023,JPN,Coal,2
2024,JPN,Coal,0
2025,JPN,Coal,-1
2001,JOR,Coal,0
2002,JOR,Coal,0
2003,JOR,Coal,0
2004,JOR,Coal,0
2005,JOR,Coal,0
2006,JOR,Coal,0
2007,JOR,Coal,0
2008,JOR,Coal,0
2009,JOR,Coal,0
2010,JOR,Coal,0
2011,JOR,Coal,0
2012,JOR,Coal,0
2013,JOR,Coal,0
2014,JOR,Coal,0
2015,JOR,Coal,0
2016,JOR,Coal,0
2017,JOR,Coal,0
2018,JOR,Coal,0
2019,JOR,Coal,0
2020,JOR,Coal,0
2021,JOR,Coal,0
2022,JOR,Coal,0
2023,JOR,Coal,0
2024,JOR,Coal,0
1986,KAZ,Coal,0
1987,KAZ,Coal,0
1988,KAZ,Coal,0
1989,KAZ,Coal,0
1990,KAZ,Coal,0
1991,KAZ,Coal,0
1992,KAZ,Coal,0
1993,KAZ,Coal,0
1994,KAZ,Coal,0
1995,KAZ,Coal,0
1996,KAZ,Coal,0
1997,KAZ,Coal,0
1998,KAZ,Coal,0
1999,KAZ,Coal,0
2000,KAZ,Coal,12
2001,KAZ,Coal,0
2002,KAZ,Coal,0
2003,KAZ,Coal,0
2004,KAZ,Coal,0
2005,KAZ,Coal,0
2006,KAZ,Coal,0
2007,KAZ,Coal,0
2008,KAZ,Coal,0
2009,KAZ,Coal,0
2010,KAZ,Coal,0
2011,KAZ,Coal,0
2012,KAZ,Coal,0
2013,KAZ,Coal,0
2014,KAZ,Coal,0
2015,KAZ,Coal,0
2016,KAZ,Coal,0
2017,KAZ,Coal,0
2018,KAZ,Coal,0
2019,KAZ,Coal,0
2020,KAZ,Coal,0
2021,KAZ,Coal,0
2022,KAZ,Coal,0
2023,KAZ,Coal,0
2024,KAZ,Coal,0
2025,KAZ,Coal,0
2001,KEN,Coal,0
2002,KEN,Coal,0
2003,KEN,Coal,0
2004,KEN,Coal,0
2005,KEN,Coal,0
2006,KEN,Coal,0
2007,KEN,Coal,0
2008,KEN,Coal,0
2009,KEN,Coal,0
2010,KEN,Coal,0
2011,KEN,Coal,0
2012,KEN,Coal,0
2013,KEN,Coal,0
2014,KEN,Coal,0
2015,KEN,Coal,0
2016,KEN,Coal,0
2017,KEN,Coal,0
2018,KEN,Coal,0
2019,KEN,Coal,0
2020,KEN,Coal,0
2021,KEN,Coal,0
2022,KEN,Coal,0
2023,KEN,Coal,0
2024,KEN,Coal,0
2025,KEN,Coal,0
2001,KIR,Coal,0
2002,KIR,Coal,0
2003,KIR,Coal,0
2004,KIR,Coal,0
2005,KIR,Coal,0
2006,KIR,Coal,0
2007,KIR,Coal,0
2008,KIR,Coal,0
2009,KIR,Coal,0
2010,KIR,Coal,0
2011,KIR,Coal,0
2012,KIR,Coal,0
2013,KIR,Coal,0
2014,KIR,Coal,0
2015,KIR,Coal,0
2016,KIR,Coal,0
2017,KIR,Coal,0
2018,KIR,Coal,0
2019,KIR,Coal,0
2020,KIR,Coal,0
2021,KIR,Coal,0
2022,KIR,Coal,0
2023,KIR,Coal,0
2024,KIR,Coal,0
2001,XKX,Coal,0
2002,XKX,Coal,0
2003,XKX,Coal,0
2004,XKX,Coal,0
2005,XKX,Coal,0
2006,XKX,Coal,0
2007,XKX,Coal,0
2008,XKX,Coal,0
2009,XKX,Coal,0
2010,XKX,Coal,0
2011,XKX,Coal,0
2012,XKX,Coal,0
2013,XKX,Coal,0
2014,XKX,Coal,0
2015,XKX,Coal,0
2016,XKX,Coal,0
2017,XKX,Coal,0
2018,XKX,Coal,0
2019,XKX,Coal,0
2020,XKX,Coal,0
2021,XKX,Coal,0
2022,XKX,Coal,0
2023,XKX,Coal,0
2024,XKX,Coal,0
2025,XKX,Coal,0
2001,KWT,Coal,0
2002,KWT,Coal,0
2003,KWT,Coal,0
2004,KWT,Coal,0
2005,KWT,Coal,0
2006,KWT,Coal,0
2007,KWT,Coal,0
2008,KWT,Coal,0
2009,KWT,Coal,0
2010,KWT,Coal,0
2011,KWT,Coal,0
2012,KWT,Coal,0
2013,KWT,Coal,0
2014,KWT,Coal,0
2015,KWT,Coal,0
2016,KWT,Coal,0
2017,KWT,Coal,0
2018,KWT,Coal,0
2019,KWT,Coal,0
2020,KWT,Coal,0
2021,KWT,Coal,0
2022,KWT,Coal,0
2023,KWT,Coal,0
2024,KWT,Coal,0
2025,KWT,Coal,0
2001,KGZ,Coal,0
2002,KGZ,Coal,0
2003,KGZ,Coal,0
2004,KGZ,Coal,0
2005,KGZ,Coal,0
2006,KGZ,Coal,0
2007,KGZ,Coal,0
2008,KGZ,Coal,0
2009,KGZ,Coal,0
2010,KGZ,Coal,0
2011,KGZ,Coal,0
2012,KGZ,Coal,0
2013,KGZ,Coal,0
2014,KGZ,Coal,0
2015,KGZ,Coal,0
2016,KGZ,Coal,0
2017,KGZ,Coal,0
2018,KGZ,Coal,0
2019,KGZ,Coal,0
2020,KGZ,Coal,0
2021,KGZ,Coal,0
2022,KGZ,Coal,0
2023,KGZ,Coal,0
2024,KGZ,Coal,0
2001,LAO,Coal,0
2002,LAO,Coal,0
2003,LAO,Coal,0
2004,LAO,Coal,0
2005,LAO,Coal,0
2006,LAO,Coal,0
2007,LAO,Coal,0
2008,LAO,Coal,0
2009,LAO,Coal,0
2010,LAO,Coal,0
2011,LAO,Coal,0
2012,LAO,Coal,0
2013,LAO,Coal,0
2014,LAO,Coal,0
2015,LAO,Coal,1
2016,LAO,Coal,1
2017,LAO,Coal,0
2018,LAO,Coal,0
2019,LAO,Coal,0
2020,LAO,Coal,0
2021,LAO,Coal,0
2022,LAO,Coal,0
2023,LAO,Coal,0
2024,LAO,Coal,0
1991,LVA,Coal,0
1992,LVA,Coal,0
1993,LVA,Coal,0
1994,LVA,Coal,0
1995,LVA,Coal,0
1996,LVA,Coal,0
1997,LVA,Coal,0
1998,LVA,Coal,0
1999,LVA,Coal,0
2000,LVA,Coal,0
2001,LVA,Coal,0
2002,LVA,Coal,0
2003,LVA,Coal,0
2004,LVA,Coal,0
2005,LVA,Coal,0
2006,LVA,Coal,0
2007,LVA,Coal,0
2008,LVA,Coal,0
2009,LVA,Coal,0
2010,LVA,Coal,0
2011,LVA,Coal,0
2012,LVA,Coal,0
2013,LVA,Coal,0
2014,LVA,Coal,0
2015,LVA,Coal,0
2016,LVA,Coal,0
2017,LVA,Coal,0
2018,LVA,Coal,0
2019,LVA,Coal,0
2020,LVA,Coal,0
2021,LVA,Coal,0
2022,LVA,Coal,0
2023,LVA,Coal,0
2024,LVA,Coal,0
2025,LVA,Coal,0
2001,LBN,Coal,0
2002,LBN,Coal,0
2003,LBN,Coal,0
2004,LBN,Coal,0
2005,LBN,Coal,0
2006,LBN,Coal,0
2007,LBN,Coal,0
2008,LBN,Coal,0
2009,LBN,Coal,0
2010,LBN,Coal,0
2011,LBN,Coal,0
2012,LBN,Coal,0
2013,LBN,Coal,0
2014,LBN,Coal,0
2015,LBN,Coal,0
2016,LBN,Coal,0
2017,LBN,Coal,0
2018,LBN,Coal,0
2019,LBN,Coal,0
2020,LBN,Coal,0
2021,LBN,Coal,0
2022,LBN,Coal,0
2023,LBN,Coal,0
2024,LBN,Coal,0
2001,LSO,Coal,0
2002,LSO,Coal,0
2003,LSO,Coal,0
2004,LSO,Coal,0
2005,LSO,Coal,0
2006,LSO,Coal,0
2007,LSO,Coal,0
2008,LSO,Coal,0
2009,LSO,Coal,0
2010,LSO,Coal,0
2011,LSO,Coal,0
2012,LSO,Coal,0
2013,LSO,Coal,0
2014,LSO,Coal,0
2015,LSO,Coal,0
2016,LSO,Coal,0
2017,LSO,Coal,0
2018,LSO,Coal,0
2019,LSO,Coal,0
2020,LSO,Coal,0
2021,LSO,Coal,0
2022,LSO,Coal,0
2023,LSO,Coal,0
2024,LSO,Coal,0
2001,LBR,Coal,0
2002,LBR,Coal,0
2003,LBR,Coal,0
2004,LBR,Coal,0
2005,LBR,Coal,0
2006,LBR,Coal,0
2007,LBR,Coal,0
2008,LBR,Coal,0
2009,LBR,Coal,0
2010,LBR,Coal,0
2011,LBR,Coal,0
2012,LBR,Coal,0
2013,LBR,Coal,0
2014,LBR,Coal,0
2015,LBR,Coal,0
2016,LBR,Coal,0
2017,LBR,Coal,0
2018,LBR,Coal,0
2019,LBR,Coal,0
2020,LBR,Coal,0
2021,LBR,Coal,0
2022,LBR,Coal,0
2023,LBR,Coal,0
2024,LBR,Coal,0
2001,LBY,Coal,0
2002,LBY,Coal,0
2003,LBY,Coal,0
2004,LBY,Coal,0
2005,LBY,Coal,0
2006,LBY,Coal,0
2007,LBY,Coal,0
2008,LBY,Coal,0
2009,LBY,Coal,0
2010,LBY,Coal,0
2011,LBY,Coal,0
2012,LBY,Coal,0
2013,LBY,Coal,0
2014,LBY,Coal,0
2015,LBY,Coal,0
2016,LBY,Coal,0
2017,LBY,Coal,0
2018,LBY,Coal,0
2019,LBY,Coal,0
2020,LBY,Coal,0
2021,LBY,Coal,0
2022,LBY,Coal,0
2023,LBY,Coal,0
2024,LBY,Coal,0
1991,LTU,Coal,0
1992,LTU,Coal,0
1993,LTU,Coal,0
1994,LTU,Coal,0
1995,LTU,Coal,0
1996,LTU,Coal,0
1997,LTU,Coal,0
1998,LTU,Coal,0
1999,LTU,Coal,0
2000,LTU,Coal,0
2001,LTU,Coal,0
2002,LTU,Coal,0
2003,LTU,Coal,0
2004,LTU,Coal,0
2005,LTU,Coal,0
2006,LTU,Coal,0
2007,LTU,Coal,0
2008,LTU,Coal,0
2009,LTU,Coal,0
2010,LTU,Coal,0
2011,LTU,Coal,0
2012,LTU,Coal,0
2013,LTU,Coal,0
2014,LTU,Coal,0
2015,LTU,Coal,0
2016,LTU,Coal,0
2017,LTU,Coal,0
2018,LTU,Coal,0
2019,LTU,Coal,0
2020,LTU,Coal,0
2021,LTU,Coal,0
2022,LTU,Coal,0
2023,LTU,Coal,0
2024,LTU,Coal,0
2025,LTU,Coal,0
1991,LUX,Coal,0
1992,LUX,Coal,0
1993,LUX,Coal,0
1994,LUX,Coal,0
1995,LUX,Coal,0
1996,LUX,Coal,0
1997,LUX,Coal,0
1998,LUX,Coal,0
1999,LUX,Coal,0
2000,LUX,Coal,0
2001,LUX,Coal,0
2002,LUX,Coal,0
2003,LUX,Coal,0
2004,LUX,Coal,0
2005,LUX,Coal,0
2006,LUX,Coal,0
2007,LUX,Coal,0
2008,LUX,Coal,0
2009,LUX,Coal,0
2010,LUX,Coal,0
2011,LUX,Coal,0
2012,LUX,Coal,0
2013,LUX,Coal,0
2014,LUX,Coal,0
2015,LUX,Coal,0
2016,LUX,Coal,0
2017,LUX,Coal,0
2018,LUX,Coal,0
2019,LUX,Coal,0
2020,LUX,Coal,0
2021,LUX,Coal,0
2022,LUX,Coal,0
2023,LUX,Coal,0
2024,LUX,Coal,0
2025,LUX,Coal,0
2001,MAC,Coal,0
2002,MAC,Coal,0
2003,MAC,Coal,0
2004,MAC,Coal,0
2005,MAC,Coal,0
2006,MAC,Coal,0
2007,MAC,Coal,0
2008,MAC,Coal,0
2009,MAC,Coal,0
2010,MAC,Coal,0
2011,MAC,Coal,0
2012,MAC,Coal,0
2013,MAC,Coal,0
2014,MAC,Coal,0
2015,MAC,Coal,0
2016,MAC,Coal,0
2017,MAC,Coal,0
2018,MAC,Coal,0
2019,MAC,Coal,0
2020,MAC,Coal,0
2021,MAC,Coal,0
2022,MAC,Coal,0
2023,MAC,Coal,0
2024,MAC,Coal,0
2001,MDG,Coal,0
2002,MDG,Coal,0
2003,MDG,Coal,0
2004,MDG,Coal,0
2005,MDG,Coal,0
2006,MDG,Coal,0
2007,MDG,Coal,0
2008,MDG,Coal,0
2009,MDG,Coal,0
2010,MDG,Coal,0
2011,MDG,Coal,0
2012,MDG,Coal,0
2013,MDG,Coal,0
2014,MDG,Coal,0
2015,MDG,Coal,0
2016,MDG,Coal,0
2017,MDG,Coal,0
2018,MDG,Coal,0
2019,MDG,Coal,0
2020,MDG,Coal,0
2021,MDG,Coal,0
2022,MDG,Coal,0
2023,MDG,Coal,0
2024,MDG,Coal,0
2001,MWI,Coal,0
2002,MWI,Coal,0
2003,MWI,Coal,0
2004,MWI,Coal,0
2005,MWI,Coal,0
2006,MWI,Coal,0
2007,MWI,Coal,0
2008,MWI,Coal,0
2009,MWI,Coal,0
2010,MWI,Coal,0
2011,MWI,Coal,0
2012,MWI,Coal,0
2013,MWI,Coal,0
2014,MWI,Coal,0
2015,MWI,Coal,0
2016,MWI,Coal,0
2017,MWI,Coal,0
2018,MWI,Coal,0
2019,MWI,Coal,0
2020,MWI,Coal,0
2021,MWI,Coal,0
2022,MWI,Coal,0
2023,MWI,Coal,0
2024,MWI,Coal,0
1986,MYS,Coal,0
1987,MYS,Coal,0
1988,MYS,Coal,0
1989,MYS,Coal,0
1990,MYS,Coal,0
1991,MYS,Coal,0
1992,MYS,Coal,0
1993,MYS,Coal,0
1994,MYS,Coal,0
1995,MYS,Coal,0
1996,MYS,Coal,0
1997,MYS,Coal,0
1998,MYS,Coal,0
1999,MYS,Coal,0
2000,MYS,Coal,2
2001,MYS,Coal,0
2002,MYS,Coal,1
2003,MYS,Coal,1
2004,MYS,Coal,0
2005,MYS,Coal,0
2006,MYS,Coal,1
2007,MYS,Coal,1
2008,MYS,Coal,0
2009,MYS,Coal,2
2010,MYS,Coal,0
2011,MYS,Coal,0
2012,MYS,Coal,0
2013,MYS,Coal,0
2014,MYS,Coal,0
2015,MYS,Coal,1
2016,MYS,Coal,1
2017,MYS,Coal,1
2018,MYS,Coal,0
2019,MYS,Coal,3
2020,MYS,Coal,0
2021,MYS,Coal,0
2022,MYS,Coal,0
2023,MYS,Coal,0
2024,MYS,Coal,0
2025,MYS,Coal,0
2001,MDV,Coal,0
2002,MDV,Coal,0
2003,MDV,Coal,0
2004,MDV,Coal,0
2005,MDV,Coal,0
2006,MDV,Coal,0
2007,MDV,Coal,0
2008,MDV,Coal,0
2009,MDV,Coal,0
2010,MDV,Coal,0
2011,MDV,Coal,0
2012,MDV,Coal,0
2013,MDV,Coal,0
2014,MDV,Coal,0
2015,MDV,Coal,0
2016,MDV,Coal,0
2017,MDV,Coal,0
2018,MDV,Coal,0
2019,MDV,Coal,0
2020,MDV,Coal,0
2021,MDV,Coal,0
2022,MDV,Coal,0
2023,MDV,Coal,0
2024,MDV,Coal,0
2001,MLI,Coal,0
2002,MLI,Coal,0
2003,MLI,Coal,0
2004,MLI,Coal,0
2005,MLI,Coal,0
2006,MLI,Coal,0
2007,MLI,Coal,0
2008,MLI,Coal,0
2009,MLI,Coal,0
2010,MLI,Coal,0
2011,MLI,Coal,0
2012,MLI,Coal,0
2013,MLI,Coal,0
2014,MLI,Coal,0
2015,MLI,Coal,0
2016,MLI,Coal,0
2017,MLI,Coal,0
2018,MLI,Coal,0
2019,MLI,Coal,0
2020,MLI,Coal,0
2021,MLI,Coal,0
2022,MLI,Coal,0
2023,MLI,Coal,0
2024,MLI,Coal,0
1991,MLT,Coal,0
1992,MLT,Coal,0
1993,MLT,Coal,0
1994,MLT,Coal,0
1995,MLT,Coal,0
1996,MLT,Coal,0
1997,MLT,Coal,0
1998,MLT,Coal,0
1999,MLT,Coal,0
2000,MLT,Coal,0
2001,MLT,Coal,0
2002,MLT,Coal,0
2003,MLT,Coal,0
2004,MLT,Coal,0
2005,MLT,Coal,0
2006,MLT,Coal,0
2007,MLT,Coal,0
2008,MLT,Coal,0
2009,MLT,Coal,0
2010,MLT,Coal,0
2011,MLT,Coal,0
2012,MLT,Coal,0
2013,MLT,Coal,0
2014,MLT,Coal,0
2015,MLT,Coal,0
2016,MLT,Coal,0
2017,MLT,Coal,0
2018,MLT,Coal,0
2019,MLT,Coal,0
2020,MLT,Coal,0
2021,MLT,Coal,0
2022,MLT,Coal,0
2023,MLT,Coal,0
2024,MLT,Coal,0
2025,MLT,Coal,0
2001,MRT,Coal,0
2002,MRT,Coal,0
2003,MRT,Coal,0
2004,MRT,Coal,0
2005,MRT,Coal,0
2006,MRT,Coal,0
2007,MRT,Coal,0
2008,MRT,Coal,0
2009,MRT,Coal,0
2010,MRT,Coal,0
2011,MRT,Coal,0
2012,MRT,Coal,0
2013,MRT,Coal,0
2014,MRT,Coal,0
2015,MRT,Coal,0
2016,MRT,Coal,0
2017,MRT,Coal,0
2018,MRT,Coal,0
2019,MRT,Coal,0
2020,MRT,Coal,0
2021,MRT,Coal,0
2022,MRT,Coal,0
2023,MRT,Coal,0
2024,MRT,Coal,0
2001,MUS,Coal,0
2002,MUS,Coal,0
2003,MUS,Coal,0
2004,MUS,Coal,0
2005,MUS,Coal,0
2006,MUS,Coal,0
2007,MUS,Coal,0
2008,MUS,Coal,0
2009,MUS,Coal,0
2010,MUS,Coal,0
2011,MUS,Coal,0
2012,MUS,Coal,0
2013,MUS,Coal,0
2014,MUS,Coal,0
2015,MUS,Coal,0
2016,MUS,Coal,0
2017,MUS,Coal,0
2018,MUS,Coal,0
2019,MUS,Coal,0
2020,MUS,Coal,0
2021,MUS,Coal,0
2022,MUS,Coal,0
2023,MUS,Coal,0
2024,MUS,Coal,0
1986,MEX,Coal,0
1987,MEX,Coal,0
1988,MEX,Coal,0
1989,MEX,Coal,0
1990,MEX,Coal,0
1991,MEX,Coal,0
1992,MEX,Coal,0
1993,MEX,Coal,0
1994,MEX,Coal,0
1995,MEX,Coal,0
1996,MEX,Coal,0
1997,MEX,Coal,0
1998,MEX,Coal,0
1999,MEX,Coal,0
2000,MEX,Coal,5
2001,MEX,Coal,0
2002,MEX,Coal,0
2003,MEX,Coal,0
2004,MEX,Coal,0
2005,MEX,Coal,0
2006,MEX,Coal,0
2007,MEX,Coal,0
2008,MEX,Coal,0
2009,MEX,Coal,0
2010,MEX,Coal,1
2011,MEX,Coal,0
2012,MEX,Coal,0
2013,MEX,Coal,0
2014,MEX,Coal,0
2015,MEX,Coal,0
2016,MEX,Coal,0
2017,MEX,Coal,0
2018,MEX,Coal,0
2019,MEX,Coal,0
2020,MEX,Coal,0
2021,MEX,Coal,0
2022,MEX,Coal,0
2023,MEX,Coal,0
2024,MEX,Coal,0
2025,MEX,Coal,0
2001,MDA,Coal,0
2002,MDA,Coal,0
2003,MDA,Coal,0
2004,MDA,Coal,0
2005,MDA,Coal,0
2006,MDA,Coal,0
2007,MDA,Coal,0
2008,MDA,Coal,0
2009,MDA,Coal,0
2010,MDA,Coal,0
2011,MDA,Coal,0
2012,MDA,Coal,0
2013,MDA,Coal,0
2014,MDA,Coal,0
2015,MDA,Coal,0
2016,MDA,Coal,0
2017,MDA,Coal,0
2018,MDA,Coal,0
2019,MDA,Coal,0
2020,MDA,Coal,0
2021,MDA,Coal,0
2022,MDA,Coal,0
2023,MDA,Coal,0
2024,MDA,Coal,0
2025,MDA,Coal,0
2001,MNG,Coal,0
2002,MNG,Coal,0
2003,MNG,Coal,0
2004,MNG,Coal,0
2005,MNG,Coal,0
2006,MNG,Coal,0
2007,MNG,Coal,0
2008,MNG,Coal,0
2009,MNG,Coal,0
2010,MNG,Coal,0
2011,MNG,Coal,0
2012,MNG,Coal,0
2013,MNG,Coal,0
2014,MNG,Coal,0
2015,MNG,Coal,0
2016,MNG,Coal,0
2017,MNG,Coal,0
2018,MNG,Coal,0
2019,MNG,Coal,0
2020,MNG,Coal,0
2021,MNG,Coal,0
2022,MNG,Coal,0
2023,MNG,Coal,0
2024,MNG,Coal,0
2025,MNG,Coal,0
2006,MNE,Coal,0
2007,MNE,Coal,0
2008,MNE,Coal,0
2009,MNE,Coal,0
2010,MNE,Coal,0
2011,MNE,Coal,0
2012,MNE,Coal,0
2013,MNE,Coal,0
2014,MNE,Coal,0
2015,MNE,Coal,0
2016,MNE,Coal,0
2017,MNE,Coal,0
2018,MNE,Coal,0
2019,MNE,Coal,0
2020,MNE,Coal,0
2021,MNE,Coal,0
2022,MNE,Coal,0
2023,MNE,Coal,0
2024,MNE,Coal,0
2025,MNE,Coal,0
2001,MSR,Coal,0
2002,MSR,Coal,0
2003,MSR,Coal,0
2004,MSR,Coal,0
2005,MSR,Coal,0
2006,MSR,Coal,0
2007,MSR,Coal,0
2008,MSR,Coal,0
2009,MSR,Coal,0
2010,MSR,Coal,0
2011,MSR,Coal,0
2012,MSR,Coal,0
2013,MSR,Coal,0
2014,MSR,Coal,0
2015,MSR,Coal,0
2016,MSR,Coal,0
2017,MSR,Coal,0
2018,MSR,Coal,0
2019,MSR,Coal,0
2020,MSR,Coal,0
2021,MSR,Coal,0
2022,MSR,Coal,0
2023,MSR,Coal,0
2024,MSR,Coal,0
2001,MAR,Coal,0
2002,MAR,Coal,0
2003,MAR,Coal,0
2004,MAR,Coal,0
2005,MAR,Coal,0
2006,MAR,Coal,0
2007,MAR,Coal,0
2008,MAR,Coal,0
2009,MAR,Coal,0
2010,MAR,Coal,0
2011,MAR,Coal,0
2012,MAR,Coal,0
2013,MAR,Coal,0
2014,MAR,Coal,1
2015,MAR,Coal,0
2016,MAR,Coal,0
2017,MAR,Coal,0
2018,MAR,Coal,1
2019,MAR,Coal,0
2020,MAR,Coal,0
2021,MAR,Coal,0
2022,MAR,Coal,0
2023,MAR,Coal,0
2024,MAR,Coal,0
2025,MAR,Coal,0
2001,MOZ,Coal,0
2002,MOZ,Coal,0
2003,MOZ,Coal,0
2004,MOZ,Coal,0
2005,MOZ,Coal,0
2006,MOZ,Coal,0
2007,MOZ,Coal,0
2008,MOZ,Coal,0
2009,MOZ,Coal,0
2010,MOZ,Coal,0
2011,MOZ,Coal,0
2012,MOZ,Coal,0
2013,MOZ,Coal,0
2014,MOZ,Coal,0
2015,MOZ,Coal,0
2016,MOZ,Coal,0
2017,MOZ,Coal,0
2018,MOZ,Coal,0
2019,MOZ,Coal,0
2020,MOZ,Coal,0
2021,MOZ,Coal,0
2022,MOZ,Coal,0
2023,MOZ,Coal,0
2024,MOZ,Coal,0
2001,MMR,Coal,0
2002,MMR,Coal,0
2003,MMR,Coal,0
2004,MMR,Coal,0
2005,MMR,Coal,0
2006,MMR,Coal,0
2007,MMR,Coal,0
2008,MMR,Coal,0
2009,MMR,Coal,0
2010,MMR,Coal,0
2011,MMR,Coal,0
2012,MMR,Coal,0
2013,MMR,Coal,0
2014,MMR,Coal,0
2015,MMR,Coal,0
2016,MMR,Coal,0
2017,MMR,Coal,0
2018,MMR,Coal,0
2019,MMR,Coal,0
2020,MMR,Coal,0
2021,MMR,Coal,0
2022,MMR,Coal,0
2023,MMR,Coal,0
2024,MMR,Coal,0
2001,NAM,Coal,0
2002,NAM,Coal,0
2003,NAM,Coal,0
2004,NAM,Coal,0
2005,NAM,Coal,0
2006,NAM,Coal,0
2007,NAM,Coal,0
2008,NAM,Coal,0
2009,NAM,Coal,0
2010,NAM,Coal,0
2011,NAM,Coal,0
2012,NAM,Coal,0
2013,NAM,Coal,0
2014,NAM,Coal,0
2015,NAM,Coal,0
2016,NAM,Coal,0
2017,NAM,Coal,0
2018,NAM,Coal,0
2019,NAM,Coal,0
2020,NAM,Coal,0
2021,NAM,Coal,0
2022,NAM,Coal,0
2023,NAM,Coal,0
2024,NAM,Coal,0
2001,NRU,Coal,0
2002,NRU,Coal,0
2003,NRU,Coal,0
2004,NRU,Coal,0
2005,NRU,Coal,0
2006,NRU,Coal,0
2007,NRU,Coal,0
2008,NRU,Coal,0
2009,NRU,Coal,0
2010,NRU,Coal,0
2011,NRU,Coal,0
2012,NRU,Coal,0
2013,NRU,Coal,0
2014,NRU,Coal,0
2015,NRU,Coal,0
2016,NRU,Coal,0
2017,NRU,Coal,0
2018,NRU,Coal,0
2019,NRU,Coal,0
2020,NRU,Coal,0
2021,NRU,Coal,0
2022,NRU,Coal,0
2023,NRU,Coal,0
2024,NRU,Coal,0
2001,NPL,Coal,0
2002,NPL,Coal,0
2003,NPL,Coal,0
2004,NPL,Coal,0
2005,NPL,Coal,0
2006,NPL,Coal,0
2007,NPL,Coal,0
2008,NPL,Coal,0
2009,NPL,Coal,0
2010,NPL,Coal,0
2011,NPL,Coal,0
2012,NPL,Coal,0
2013,NPL,Coal,0
2014,NPL,Coal,0
2015,NPL,Coal,0
2016,NPL,Coal,0
2017,NPL,Coal,0
2018,NPL,Coal,0
2019,NPL,Coal,0
2020,NPL,Coal,0
2021,NPL,Coal,0
2022,NPL,Coal,0
2023,NPL,Coal,0
2024,NPL,Coal,0
1991,NLD,Coal,0
1992,NLD,Coal,0
1993,NLD,Coal,0
1994,NLD,Coal,0
1995,NLD,Coal,0
1996,NLD,Coal,0
1997,NLD,Coal,0
1998,NLD,Coal,0
1999,NLD,Coal,0
2000,NLD,Coal,4
2001,NLD,Coal,0
2002,NLD,Coal,0
2003,NLD,Coal,0
2004,NLD,Coal,0
2005,NLD,Coal,0
2006,NLD,Coal,0
2007,NLD,Coal,0
2008,NLD,Coal,0
2009,NLD,Coal,0
2010,NLD,Coal,0
2011,NLD,Coal,0
2012,NLD,Coal,0
2013,NLD,Coal,0
2014,NLD,Coal,0
2015,NLD,Coal,1
2016,NLD,Coal,1
2017,NLD,Coal,-1
2018,NLD,Coal,0
2019,NLD,Coal,-1
2020,NLD,Coal,0
2021,NLD,Coal,0
2022,NLD,Coal,0
2023,NLD,Coal,-1
2024,NLD,Coal,0
2025,NLD,Coal,0
2001,NCL,Coal,0
2002,NCL,Coal,0
2003,NCL,Coal,0
2004,NCL,Coal,0
2005,NCL,Coal,0
2006,NCL,Coal,0
2007,NCL,Coal,0
2008,NCL,Coal,0
2009,NCL,Coal,0
2010,NCL,Coal,0
2011,NCL,Coal,0
2012,NCL,Coal,0
2013,NCL,Coal,0
2014,NCL,Coal,0
2015,NCL,Coal,0
2016,NCL,Coal,0
2017,NCL,Coal,0
2018,NCL,Coal,0
2019,NCL,Coal,0
2020,NCL,Coal,0
2021,NCL,Coal,0
2022,NCL,Coal,0
2023,NCL,Coal,0
2024,NCL,Coal,0
2001,NZL,Coal,0
2002,NZL,Coal,0
2003,NZL,Coal,0
2004,NZL,Coal,0
2005,NZL,Coal,0
2006,NZL,Coal,0
2007,NZL,Coal,0
2008,NZL,Coal,0
2009,NZL,Coal,0
2010,NZL,Coal,0
2011,NZL,Coal,0
2012,NZL,Coal,0
2013,NZL,Coal,0
2014,NZL,Coal,0
2015,NZL,Coal,0
2016,NZL,Coal,0
2017,NZL,Coal,0
2018,NZL,Coal,0
2019,NZL,Coal,0
2020,NZL,Coal,0
2021,NZL,Coal,0
2022,NZL,Coal,0
2023,NZL,Coal,0
2024,NZL,Coal,0
2025,NZL,Coal,0
2001,NIC,Coal,0
2002,NIC,Coal,0
2003,NIC,Coal,0
2004,NIC,Coal,0
2005,NIC,Coal,0
2006,NIC,Coal,0
2007,NIC,Coal,0
2008,NIC,Coal,0
2009,NIC,Coal,0
2010,NIC,Coal,0
2011,NIC,Coal,0
2012,NIC,Coal,0
2013,NIC,Coal,0
2014,NIC,Coal,0
2015,NIC,Coal,0
2016,NIC,Coal,0
2017,NIC,Coal,0
2018,NIC,Coal,0
2019,NIC,Coal,0
2020,NIC,Coal,0
2021,NIC,Coal,0
2022,NIC,Coal,0
2023,NIC,Coal,0
2024,NIC,Coal,0
2001,NER,Coal,0
2002,NER,Coal,0
2003,NER,Coal,0
2004,NER,Coal,0
2005,NER,Coal,0
2006,NER,Coal,0
2007,NER,Coal,0
2008,NER,Coal,0
2009,NER,Coal,0
2010,NER,Coal,0
2011,NER,Coal,0
2012,NER,Coal,0
2013,NER,Coal,0
2014,NER,Coal,0
2015,NER,Coal,0
2016,NER,Coal,0
2017,NER,Coal,0
2018,NER,Coal,0
2019,NER,Coal,0
2020,NER,Coal,0
2021,NER,Coal,0
2022,NER,Coal,0
2023,NER,Coal,0
2024,NER,Coal,0
2001,NGA,Coal,0
2002,NGA,Coal,0
2003,NGA,Coal,0
2004,NGA,Coal,0
2005,NGA,Coal,0
2006,NGA,Coal,0
2007,NGA,Coal,0
2008,NGA,Coal,0
2009,NGA,Coal,0
2010,NGA,Coal,0
2011,NGA,Coal,0
2012,NGA,Coal,0
2013,NGA,Coal,0
2014,NGA,Coal,0
2015,NGA,Coal,0
2016,NGA,Coal,0
2017,NGA,Coal,0
2018,NGA,Coal,0
2019,NGA,Coal,0
2020,NGA,Coal,0
2021,NGA,Coal,0
2022,NGA,Coal,0
2023,NGA,Coal,0
2024,NGA,Coal,0
2025,NGA,Coal,0
2001,PRK,Coal,0
2002,PRK,Coal,0
2003,PRK,Coal,0
2004,PRK,Coal,0
2005,PRK,Coal,0
2006,PRK,Coal,0
2007,PRK,Coal,0
2008,PRK,Coal,0
2009,PRK,Coal,0
2010,PRK,Coal,0
2011,PRK,Coal,0
2012,PRK,Coal,0
2013,PRK,Coal,0
2014,PRK,Coal,0
2015,PRK,Coal,0
2016,PRK,Coal,0
2017,PRK,Coal,0
2018,PRK,Coal,0
2019,PRK,Coal,0
2020,PRK,Coal,0
2021,PRK,Coal,0
2022,PRK,Coal,0
2023,PRK,Coal,0
2024,PRK,Coal,0
1991,MKD,Coal,0
1992,MKD,Coal,0
1993,MKD,Coal,0
1994,MKD,Coal,0
1995,MKD,Coal,0
1996,MKD,Coal,0
1997,MKD,Coal,0
1998,MKD,Coal,0
1999,MKD,Coal,0
2000,MKD,Coal,1
2001,MKD,Coal,0
2002,MKD,Coal,0
2003,MKD,Coal,0
2004,MKD,Coal,0
2005,MKD,Coal,0
2006,MKD,Coal,0
2007,MKD,Coal,0
2008,MKD,Coal,0
2009,MKD,Coal,0
2010,MKD,Coal,0
2011,MKD,Coal,0
2012,MKD,Coal,0
2013,MKD,Coal,0
2014,MKD,Coal,0
2015,MKD,Coal,0
2016,MKD,Coal,0
2017,MKD,Coal,0
2018,MKD,Coal,0
2019,MKD,Coal,0
2020,MKD,Coal,0
2021,MKD,Coal,0
2022,MKD,Coal,0
2023,MKD,Coal,0
2024,MKD,Coal,0
2025,MKD,Coal,0
1991,NOR,Coal,0
1992,NOR,Coal,0
1993,NOR,Coal,0
1994,NOR,Coal,0
1995,NOR,Coal,0
1996,NOR,Coal,0
1997,NOR,Coal,0
1998,NOR,Coal,0
1999,NOR,Coal,0
2000,NOR,Coal,0
2001,NOR,Coal,0
2002,NOR,Coal,0
2003,NOR,Coal,0
2004,NOR,Coal,0
2005,NOR,Coal,0
2006,NOR,Coal,0
2007,NOR,Coal,0
2008,NOR,Coal,0
2009,NOR,Coal,0
2010,NOR,Coal,0
2011,NOR,Coal,0
2012,NOR,Coal,0
2013,NOR,Coal,0
2014,NOR,Coal,0
2015,NOR,Coal,0
2016,NOR,Coal,0
2017,NOR,Coal,0
2018,NOR,Coal,0
2019,NOR,Coal,0
2020,NOR,Coal,0
2021,NOR,Coal,0
2022,NOR,Coal,0
2023,NOR,Coal,0
2024,NOR,Coal,0
2025,NOR,Coal,0
2001,OMN,Coal,0
2002,OMN,Coal,0
2003,OMN,Coal,0
2004,OMN,Coal,0
2005,OMN,Coal,0
2006,OMN,Coal,0
2007,OMN,Coal,0
2008,OMN,Coal,0
2009,OMN,Coal,0
2010,OMN,Coal,0
2011,OMN,Coal,0
2012,OMN,Coal,0
2013,OMN,Coal,0
2014,OMN,Coal,0
2015,OMN,Coal,0
2016,OMN,Coal,0
2017,OMN,Coal,0
2018,OMN,Coal,0
2019,OMN,Coal,0
2020,OMN,Coal,0
2021,OMN,Coal,0
2022,OMN,Coal,0
2023,OMN,Coal,0
2024,OMN,Coal,0
2025,OMN,Coal,0
2001,PAK,Coal,0
2002,PAK,Coal,0
2003,PAK,Coal,0
2004,PAK,Coal,0
2005,PAK,Coal,0
2006,PAK,Coal,0
2007,PAK,Coal,0
2008,PAK,Coal,0
2009,PAK,Coal,0
2010,PAK,Coal,0
2011,PAK,Coal,0
2012,PAK,Coal,0
2013,PAK,Coal,0
2014,PAK,Coal,0
2015,PAK,Coal,0
2016,PAK,Coal,0
2017,PAK,Coal,2
2018,PAK,Coal,1
2019,PAK,Coal,2
2020,PAK,Coal,0
2021,PAK,Coal,0
2022,PAK,Coal,1
2023,PAK,Coal,2
2024,PAK,Coal,0
2025,PAK,Coal,1
2001,PSE,Coal,0
2002,PSE,Coal,0
2003,PSE,Coal,0
2004,PSE,Coal,0
2005,PSE,Coal,0
2006,PSE,Coal,0
2007,PSE,Coal,0
2008,PSE,Coal,0
2009,PSE,Coal,0
2010,PSE,Coal,0
2011,PSE,Coal,0
2012,PSE,Coal,0
2013,PSE,Coal,0
2014,PSE,Coal,0
2015,PSE,Coal,0
2016,PSE,Coal,0
2017,PSE,Coal,0
2018,PSE,Coal,0
2019,PSE,Coal,0
2020,PSE,Coal,0
2021,PSE,Coal,0
2022,PSE,Coal,0
2023,PSE,Coal,0
2024,PSE,Coal,0
2001,PAN,Coal,0
2002,PAN,Coal,0
2003,PAN,Coal,0
2004,PAN,Coal,0
2005,PAN,Coal,0
2006,PAN,Coal,0
2007,PAN,Coal,0
2008,PAN,Coal,0
2009,PAN,Coal,0
2010,PAN,Coal,0
2011,PAN,Coal,0
2012,PAN,Coal,0
2013,PAN,Coal,0
2014,PAN,Coal,0
2015,PAN,Coal,0
2016,PAN,Coal,0
2017,PAN,Coal,0
2018,PAN,Coal,0
2019,PAN,Coal,0
2020,PAN,Coal,0
2021,PAN,Coal,0
2022,PAN,Coal,0
2023,PAN,Coal,0
2024,PAN,Coal,0
2001,PNG,Coal,0
2002,PNG,Coal,0
2003,PNG,Coal,0
2004,PNG,Coal,0
2005,PNG,Coal,0
2006,PNG,Coal,0
2007,PNG,Coal,0
2008,PNG,Coal,0
2009,PNG,Coal,0
2010,PNG,Coal,0
2011,PNG,Coal,0
2012,PNG,Coal,0
2013,PNG,Coal,0
2014,PNG,Coal,0
2015,PNG,Coal,0
2016,PNG,Coal,0
2017,PNG,Coal,0
2018,PNG,Coal,0
2019,PNG,Coal,0
2020,PNG,Coal,0
2021,PNG,Coal,0
2022,PNG,Coal,0
2023,PNG,Coal,0
2024,PNG,Coal,0
2001,PRY,Coal,0
2002,PRY,Coal,0
2003,PRY,Coal,0
2004,PRY,Coal,0
2005,PRY,Coal,0
2006,PRY,Coal,0
2007,PRY,Coal,0
2008,PRY,Coal,0
2009,PRY,Coal,0
2010,PRY,Coal,0
2011,PRY,Coal,0
2012,PRY,Coal,0
2013,PRY,Coal,0
2014,PRY,Coal,0
2015,PRY,Coal,0
2016,PRY,Coal,0
2017,PRY,Coal,0
2018,PRY,Coal,0
2019,PRY,Coal,0
2020,PRY,Coal,0
2021,PRY,Coal,0
2022,PRY,Coal,0
2023,PRY,Coal,0
2024,PRY,Coal,0
2025,PRY,Coal,0
2001,PER,Coal,0
2002,PER,Coal,0
2003,PER,Coal,0
2004,PER,Coal,0
2005,PER,Coal,0
2006,PER,Coal,0
2007,PER,Coal,0
2008,PER,Coal,0
2009,PER,Coal,0
2010,PER,Coal,0
2011,PER,Coal,0
2012,PER,Coal,0
2013,PER,Coal,0
2014,PER,Coal,0
2015,PER,Coal,0
2016,PER,Coal,0
2017,PER,Coal,0
2018,PER,Coal,0
2019,PER,Coal,0
2020,PER,Coal,0
2021,PER,Coal,0
2022,PER,Coal,0
2023,PER,Coal,0
2024,PER,Coal,0
2025,PER,Coal,0
1991,POL,Coal,0
1992,POL,Coal,0
1993,POL,Coal,0
1994,POL,Coal,0
1995,POL,Coal,0
1996,POL,Coal,0
1997,POL,Coal,0
1998,POL,Coal,0
1999,POL,Coal,0
2000,POL,Coal,29
2001,POL,Coal,0
2002,POL,Coal,0
2003,POL,Coal,0
2004,POL,Coal,0
2005,POL,Coal,0
2006,POL,Coal,0
2007,POL,Coal,0
2008,POL,Coal,0
2009,POL,Coal,0
2010,POL,Coal,0
2011,POL,Coal,1
2012,POL,Coal,-1
2013,POL,Coal,0
2014,POL,Coal,0
2015,POL,Coal,0
2016,POL,Coal,0
2017,POL,Coal,0
2018,POL,Coal,0
2019,POL,Coal,1
2020,POL,Coal,-1
2021,POL,Coal,0
2022,POL,Coal,0
2023,POL,Coal,0
2024,POL,Coal,-1
2025,POL,Coal,-1
1991,PRT,Coal,0
1992,PRT,Coal,0
1993,PRT,Coal,0
1994,PRT,Coal,0
1995,PRT,Coal,0
1996,PRT,Coal,0
1997,PRT,Coal,0
1998,PRT,Coal,0
1999,PRT,Coal,0
2000,PRT,Coal,2
2001,PRT,Coal,0
2002,PRT,Coal,0
2003,PRT,Coal,0
2004,PRT,Coal,0
2005,PRT,Coal,0
2006,PRT,Coal,0
2007,PRT,Coal,0
2008,PRT,Coal,0
2009,PRT,Coal,0
2010,PRT,Coal,0
2011,PRT,Coal,0
2012,PRT,Coal,0
2013,PRT,Coal,0
2014,PRT,Coal,0
2015,PRT,Coal,0
2016,PRT,Coal,0
2017,PRT,Coal,0
2018,PRT,Coal,0
2019,PRT,Coal,0
2020,PRT,Coal,0
2021,PRT,Coal,-2
2022,PRT,Coal,0
2023,PRT,Coal,0
2024,PRT,Coal,0
2025,PRT,Coal,0
2001,PRI,Coal,0
2002,PRI,Coal,0
2003,PRI,Coal,0
2004,PRI,Coal,0
2005,PRI,Coal,0
2006,PRI,Coal,0
2007,PRI,Coal,0
2008,PRI,Coal,0
2009,PRI,Coal,0
2010,PRI,Coal,0
2011,PRI,Coal,0
2012,PRI,Coal,0
2013,PRI,Coal,0
2014,PRI,Coal,0
2015,PRI,Coal,0
2016,PRI,Coal,0
2017,PRI,Coal,0
2018,PRI,Coal,0
2019,PRI,Coal,0
2020,PRI,Coal,0
2021,PRI,Coal,0
2022,PRI,Coal,0
2023,PRI,Coal,0
2024,PRI,Coal,0
2025,PRI,Coal,0
2001,QAT,Coal,0
2002,QAT,Coal,0
2003,QAT,Coal,0
2004,QAT,Coal,0
2005,QAT,Coal,0
2006,QAT,Coal,0
2007,QAT,Coal,0
2008,QAT,Coal,0
2009,QAT,Coal,0
2010,QAT,Coal,0
2011,QAT,Coal,0
2012,QAT,Coal,0
2013,QAT,Coal,0
2014,QAT,Coal,0
2015,QAT,Coal,0
2016,QAT,Coal,0
2017,QAT,Coal,0
2018,QAT,Coal,0
2019,QAT,Coal,0
2020,QAT,Coal,0
2021,QAT,Coal,0
2022,QAT,Coal,0
2023,QAT,Coal,0
2024,QAT,Coal,0
2025,QAT,Coal,0
2001,REU,Coal,0
2002,REU,Coal,0
2003,REU,Coal,0
2004,REU,Coal,0
2005,REU,Coal,0
2006,REU,Coal,0
2007,REU,Coal,0
2008,REU,Coal,0
2009,REU,Coal,0
2010,REU,Coal,0
2011,REU,Coal,0
2012,REU,Coal,0
2013,REU,Coal,0
2014,REU,Coal,0
2015,REU,Coal,0
2016,REU,Coal,0
2017,REU,Coal,0
2018,REU,Coal,0
2019,REU,Coal,0
2020,REU,Coal,0
2021,REU,Coal,0
2022,REU,Coal,0
2023,REU,Coal,0
1991,ROU,Coal,0
1992,ROU,Coal,0
1993,ROU,Coal,0
1994,ROU,Coal,0
1995,ROU,Coal,0
1996,ROU,Coal,0
1997,ROU,Coal,0
1998,ROU,Coal,0
1999,ROU,Coal,0
2000,ROU,Coal,8
2001,ROU,Coal,0
2002,ROU,Coal,0
2003,ROU,Coal,0
2004,ROU,Coal,0
2005,ROU,Coal,0
2006,ROU,Coal,0
2007,ROU,Coal,0
2008,ROU,Coal,0
2009,ROU,Coal,0
2010,ROU,Coal,0
2011,ROU,Coal,0
2012,ROU,Coal,0
2013,ROU,Coal,0
2014,ROU,Coal,0
2015,ROU,Coal,-1
2016,ROU,Coal,0
2017,ROU,Coal,0
2018,ROU,Coal,0
2019,ROU,Coal,-1
2020,ROU,Coal,0
2021,ROU,Coal,-2
2022,ROU,Coal,0
2023,ROU,Coal,0
2024,ROU,Coal,0
2025,ROU,Coal,0
1986,RUS,Coal,0
1987,RUS,Coal,0
1988,RUS,Coal,0
1989,RUS,Coal,0
1990,RUS,Coal,0
1991,RUS,Coal,0
1992,RUS,Coal,0
1993,RUS,Coal,0
1994,RUS,Coal,0
1995,RUS,Coal,0
1996,RUS,Coal,0
1997,RUS,Coal,0
1998,RUS,Coal,0
1999,RUS,Coal,0
2000,RUS,Coal,41
2001,RUS,Coal,0
2002,RUS,Coal,0
2003,RUS,Coal,0
2004,RUS,Coal,0
2005,RUS,Coal,0
2006,RUS,Coal,0
2007,RUS,Coal,0
2008,RUS,Coal,0
2009,RUS,Coal,0
2010,RUS,Coal,0
2011,RUS,Coal,0
2012,RUS,Coal,0
2013,RUS,Coal,-1
2014,RUS,Coal,1
2015,RUS,Coal,0
2016,RUS,Coal,0
2017,RUS,Coal,-1
2018,RUS,Coal,0
2019,RUS,Coal,-1
2020,RUS,Coal,-1
2021,RUS,Coal,-1
2022,RUS,Coal,0
2023,RUS,Coal,-1
2024,RUS,Coal,0
2025,RUS,Coal,0
2001,RWA,Coal,0
2002,RWA,Coal,0
2003,RWA,Coal,0
2004,RWA,Coal,0
2005,RWA,Coal,0
2006,RWA,Coal,0
2007,RWA,Coal,0
2008,RWA,Coal,0
2009,RWA,Coal,0
2010,RWA,Coal,0
2011,RWA,Coal,0
2012,RWA,Coal,0
2013,RWA,Coal,0
2014,RWA,Coal,0
2015,RWA,Coal,0
2016,RWA,Coal,0
2017,RWA,Coal,0
2018,RWA,Coal,0
2019,RWA,Coal,0
2020,RWA,Coal,0
2021,RWA,Coal,0
2022,RWA,Coal,0
2023,RWA,Coal,0
2024,RWA,Coal,0
2001,KNA,Coal,0
2002,KNA,Coal,0
2003,KNA,Coal,0
2004,KNA,Coal,0
2005,KNA,Coal,0
2006,KNA,Coal,0
2007,KNA,Coal,0
2008,KNA,Coal,0
2009,KNA,Coal,0
2010,KNA,Coal,0
2011,KNA,Coal,0
2012,KNA,Coal,0
2013,KNA,Coal,0
2014,KNA,Coal,0
2015,KNA,Coal,0
2016,KNA,Coal,0
2017,KNA,Coal,0
2018,KNA,Coal,0
2019,KNA,Coal,0
2020,KNA,Coal,0
2021,KNA,Coal,0
2022,KNA,Coal,0
2023,KNA,Coal,0
2024,KNA,Coal,0
2001,LCA,Coal,0
2002,LCA,Coal,0
2003,LCA,Coal,0
2004,LCA,Coal,0
2005,LCA,Coal,0
2006,LCA,Coal,0
2007,LCA,Coal,0
2008,LCA,Coal,0
2009,LCA,Coal,0
2010,LCA,Coal,0
2011,LCA,Coal,0
2012,LCA,Coal,0
2013,LCA,Coal,0
2014,LCA,Coal,0
2015,LCA,Coal,0
2016,LCA,Coal,0
2017,LCA,Coal,0
2018,LCA,Coal,0
2019,LCA,Coal,0
2020,LCA,Coal,0
2021,LCA,Coal,0
2022,LCA,Coal,0
2023,LCA,Coal,0
2024,LCA,Coal,0
2001,SPM,Coal,0
2002,SPM,Coal,0
2003,SPM,Coal,0
2004,SPM,Coal,0
2005,SPM,Coal,0
2006,SPM,Coal,0
2007,SPM,Coal,0
2008,SPM,Coal,0
2009,SPM,Coal,0
2010,SPM,Coal,0
2011,SPM,Coal,0
2012,SPM,Coal,0
2013,SPM,Coal,0
2014,SPM,Coal,0
2015,SPM,Coal,0
2016,SPM,Coal,0
2017,SPM,Coal,0
2018,SPM,Coal,0
2019,SPM,Coal,0
2020,SPM,Coal,0
2021,SPM,Coal,0
2022,SPM,Coal,0
2023,SPM,Coal,0
2001,VCT,Coal,0
2002,VCT,Coal,0
2003,VCT,Coal,0
2004,VCT,Coal,0
2005,VCT,Coal,0
2006,VCT,Coal,0
2007,VCT,Coal,0
2008,VCT,Coal,0
2009,VCT,Coal,0
2010,VCT,Coal,0
2011,VCT,Coal,0
2012,VCT,Coal,0
2013,VCT,Coal,0
2014,VCT,Coal,0
2015,VCT,Coal,0
2016,VCT,Coal,0
2017,VCT,Coal,0
2018,VCT,Coal,0
2019,VCT,Coal,0
2020,VCT,Coal,0
2021,VCT,Coal,0
2022,VCT,Coal,0
2023,VCT,Coal,0
2024,VCT,Coal,0
2001,WSM,Coal,0
2002,WSM,Coal,0
2003,WSM,Coal,0
2004,WSM,Coal,0
2005,WSM,Coal,0
2006,WSM,Coal,0
2007,WSM,Coal,0
2008,WSM,Coal,0
2009,WSM,Coal,0
2010,WSM,Coal,0
2011,WSM,Coal,0
2012,WSM,Coal,0
2013,WSM,Coal,0
2014,WSM,Coal,0
2015,WSM,Coal,0
2016,WSM,Coal,0
2017,WSM,Coal,0
2018,WSM,Coal,0
2019,WSM,Coal,0
2020,WSM,Coal,0
2021,WSM,Coal,0
2022,WSM,Coal,0
2023,WSM,Coal,0
2024,WSM,Coal,0
2001,STP,Coal,0
2002,STP,Coal,0
2003,STP,Coal,0
2004,STP,Coal,0
2005,STP,Coal,0
2006,STP,Coal,0
2007,STP,Coal,0
2008,STP,Coal,0
2009,STP,Coal,0
2010,STP,Coal,0
2011,STP,Coal,0
2012,STP,Coal,0
2013,STP,Coal,0
2014,STP,Coal,0
2015,STP,Coal,0
2016,STP,Coal,0
2017,STP,Coal,0
2018,STP,Coal,0
2019,STP,Coal,0
2020,STP,Coal,0
2021,STP,Coal,0
2022,STP,Coal,0
2023,STP,Coal,0
1986,SAU,Coal,0
1987,SAU,Coal,0
1988,SAU,Coal,0
1989,SAU,Coal,0
1990,SAU,Coal,0
1991,SAU,Coal,0
1992,SAU,Coal,0
1993,SAU,Coal,0
1994,SAU,Coal,0
1995,SAU,Coal,0
1996,SAU,Coal,0
1997,SAU,Coal,0
1998,SAU,Coal,0
1999,SAU,Coal,0
2000,SAU,Coal,0
2001,SAU,Coal,0
2002,SAU,Coal,0
2003,SAU,Coal,0
2004,SAU,Coal,0
2005,SAU,Coal,0
2006,SAU,Coal,0
2007,SAU,Coal,0
2008,SAU,Coal,0
2009,SAU,Coal,0
2010,SAU,Coal,0
2011,SAU,Coal,0
2012,SAU,Coal,0
2013,SAU,Coal,0
2014,SAU,Coal,0
2015,SAU,Coal,0
2016,SAU,Coal,0
2017,SAU,Coal,0
2018,SAU,Coal,0
2019,SAU,Coal,0
2020,SAU,Coal,0
2021,SAU,Coal,0
2022,SAU,Coal,0
2023,SAU,Coal,0
2024,SAU,Coal,0
2001,SEN,Coal,0
2002,SEN,Coal,0
2003,SEN,Coal,0
2004,SEN,Coal,0
2005,SEN,Coal,0
2006,SEN,Coal,0
2007,SEN,Coal,0
2008,SEN,Coal,0
2009,SEN,Coal,0
2010,SEN,Coal,0
2011,SEN,Coal,0
2012,SEN,Coal,0
2013,SEN,Coal,0
2014,SEN,Coal,0
2015,SEN,Coal,0
2016,SEN,Coal,0
2017,SEN,Coal,0
2018,SEN,Coal,0
2019,SEN,Coal,0
2020,SEN,Coal,0
2021,SEN,Coal,0
2022,SEN,Coal,0
2023,SEN,Coal,0
2024,SEN,Coal,0
1991,SRB,Coal,0
1992,SRB,Coal,0
1993,SRB,Coal,0
1994,SRB,Coal,0
1995,SRB,Coal,0
1996,SRB,Coal,0
1997,SRB,Coal,0
1998,SRB,Coal,0
1999,SRB,Coal,0
2000,SRB,Coal,4
2001,SRB,Coal,0
2002,SRB,Coal,0
2003,SRB,Coal,0
2004,SRB,Coal,0
2005,SRB,Coal,0
2006,SRB,Coal,0
2007,SRB,Coal,0
2008,SRB,Coal,0
2009,SRB,Coal,0
2010,SRB,Coal,0
2011,SRB,Coal,0
2012,SRB,Coal,0
2013,SRB,Coal,0
2014,SRB,Coal,0
2015,SRB,Coal,0
2016,SRB,Coal,0
2017,SRB,Coal,0
2018,SRB,Coal,0
2019,SRB,Coal,0
2020,SRB,Coal,0
2021,SRB,Coal,0
2022,SRB,Coal,0
2023,SRB,Coal,0
2024,SRB,Coal,0
2025,SRB,Coal,0
2001,SYC,Coal,0
2002,SYC,Coal,0
2003,SYC,Coal,0
2004,SYC,Coal,0
2005,SYC,Coal,0
2006,SYC,Coal,0
2007,SYC,Coal,0
2008,SYC,Coal,0
2009,SYC,Coal,0
2010,SYC,Coal,0
2011,SYC,Coal,0
2012,SYC,Coal,0
2013,SYC,Coal,0
2014,SYC,Coal,0
2015,SYC,Coal,0
2016,SYC,Coal,0
2017,SYC,Coal,0
2018,SYC,Coal,0
2019,SYC,Coal,0
2020,SYC,Coal,0
2021,SYC,Coal,0
2022,SYC,Coal,0
2023,SYC,Coal,0
2024,SYC,Coal,0
2001,SLE,Coal,0
2002,SLE,Coal,0
2003,SLE,Coal,0
2004,SLE,Coal,0
2005,SLE,Coal,0
2006,SLE,Coal,0
2007,SLE,Coal,0
2008,SLE,Coal,0
2009,SLE,Coal,0
2010,SLE,Coal,0
2011,SLE,Coal,0
2012,SLE,Coal,0
2013,SLE,Coal,0
2014,SLE,Coal,0
2015,SLE,Coal,0
2016,SLE,Coal,0
2017,SLE,Coal,0
2018,SLE,Coal,0
2019,SLE,Coal,0
2020,SLE,Coal,0
2021,SLE,Coal,0
2022,SLE,Coal,0
2023,SLE,Coal,0
2024,SLE,Coal,0
2001,SGP,Coal,0
2002,SGP,Coal,0
2003,SGP,Coal,0
2004,SGP,Coal,0
2005,SGP,Coal,0
2006,SGP,Coal,0
2007,SGP,Coal,0
2008,SGP,Coal,0
2009,SGP,Coal,0
2010,SGP,Coal,0
2011,SGP,Coal,0
2012,SGP,Coal,0
2013,SGP,Coal,0
2014,SGP,Coal,0
2015,SGP,Coal,0
2016,SGP,Coal,0
2017,SGP,Coal,0
2018,SGP,Coal,0
2019,SGP,Coal,0
2020,SGP,Coal,0
2021,SGP,Coal,0
2022,SGP,Coal,0
2023,SGP,Coal,0
2024,SGP,Coal,0
2025,SGP,Coal,0
1991,SVK,Coal,0
1992,SVK,Coal,0
1993,SVK,Coal,0
1994,SVK,Coal,0
1995,SVK,Coal,0
1996,SVK,Coal,0
1997,SVK,Coal,0
1998,SVK,Coal,0
1999,SVK,Coal,0
2000,SVK,Coal,1
2001,SVK,Coal,0
2002,SVK,Coal,0
2003,SVK,Coal,0
2004,SVK,Coal,0
2005,SVK,Coal,0
2006,SVK,Coal,0
2007,SVK,Coal,0
2008,SVK,Coal,0
2009,SVK,Coal,0
2010,SVK,Coal,0
2011,SVK,Coal,0
2012,SVK,Coal,0
2013,SVK,Coal,0
2014,SVK,Coal,0
2015,SVK,Coal,0
2016,SVK,Coal,0
2017,SVK,Coal,0
2018,SVK,Coal,0
2019,SVK,Coal,0
2020,SVK,Coal,0
2021,SVK,Coal,0
2022,SVK,Coal,0
2023,SVK,Coal,0
2024,SVK,Coal,0
2025,SVK,Coal,0
1991,SVN,Coal,0
1992,SVN,Coal,0
1993,SVN,Coal,0
1994,SVN,Coal,0
1995,SVN,Coal,0
1996,SVN,Coal,0
1997,SVN,Coal,0
1998,SVN,Coal,0
1999,SVN,Coal,0
2000,SVN,Coal,1
2001,SVN,Coal,0
2002,SVN,Coal,0
2003,SVN,Coal,0
2004,SVN,Coal,0
2005,SVN,Coal,0
2006,SVN,Coal,0
2007,SVN,Coal,0
2008,SVN,Coal,0
2009,SVN,Coal,0
2010,SVN,Coal,0
2011,SVN,Coal,0
2012,SVN,Coal,0
2013,SVN,Coal,0
2014,SVN,Coal,0
2015,SVN,Coal,1
2016,SVN,Coal,0
2017,SVN,Coal,0
2018,SVN,Coal,0
2019,SVN,Coal,0
2020,SVN,Coal,0
2021,SVN,Coal,0
2022,SVN,Coal,0
2023,SVN,Coal,0
2024,SVN,Coal,0
2025,SVN,Coal,0
2001,SLB,Coal,0
2002,SLB,Coal,0
2003,SLB,Coal,0
2004,SLB,Coal,0
2005,SLB,Coal,0
2006,SLB,Coal,0
2007,SLB,Coal,0
2008,SLB,Coal,0
2009,SLB,Coal,0
2010,SLB,Coal,0
2011,SLB,Coal,0
2012,SLB,Coal,0
2013,SLB,Coal,0
2014,SLB,Coal,0
2015,SLB,Coal,0
2016,SLB,Coal,0
2017,SLB,Coal,0
2018,SLB,Coal,0
2019,SLB,Coal,0
2020,SLB,Coal,0
2021,SLB,Coal,0
2022,SLB,Coal,0
2023,SLB,Coal,0
2024,SLB,Coal,0
2001,SOM,Coal,0
2002,SOM,Coal,0
2003,SOM,Coal,0
2004,SOM,Coal,0
2005,SOM,Coal,0
2006,SOM,Coal,0
2007,SOM,Coal,0
2008,SOM,Coal,0
2009,SOM,Coal,0
2010,SOM,Coal,0
2011,SOM,Coal,0
2012,SOM,Coal,0
2013,SOM,Coal,0
2014,SOM,Coal,0
2015,SOM,Coal,0
2016,SOM,Coal,0
2017,SOM,Coal,0
2018,SOM,Coal,0
2019,SOM,Coal,0
2020,SOM,Coal,0
2021,SOM,Coal,0
2022,SOM,Coal,0
2023,SOM,Coal,0
2024,SOM,Coal,0
2001,ZAF,Coal,1
2002,ZAF,Coal,0
2003,ZAF,Coal,0
2004,ZAF,Coal,0
2005,ZAF,Coal,0
2006,ZAF,Coal,0
2007,ZAF,Coal,0
2008,ZAF,Coal,0
2009,ZAF,Coal,0
2010,ZAF,Coal,0
2011,ZAF,Coal,0
2012,ZAF,Coal,0
2013,ZAF,Coal,0
2014,ZAF,Coal,0
2015,ZAF,Coal,1
2016,ZAF,Coal,0
2017,ZAF,Coal,2
2018,ZAF,Coal,1
2019,ZAF,Coal,2
2020,ZAF,Coal,1
2021,ZAF,Coal,2
2022,ZAF,Coal,0
2023,ZAF,Coal,0
2024,ZAF,Coal,1
2025,ZAF,Coal,1
1986,KOR,Coal,0
1987,KOR,Coal,0
1988,KOR,Coal,0
1989,KOR,Coal,0
1990,KOR,Coal,0
1991,KOR,Coal,0
1992,KOR,Coal,0
1993,KOR,Coal,0
1994,KOR,Coal,0
1995,KOR,Coal,0
1996,KOR,Coal,0
1997,KOR,Coal,0
1998,KOR,Coal,0
1999,KOR,Coal,0
2000,KOR,Coal,14
2001,KOR,Coal,2
2002,KOR,Coal,1
2003,KOR,Coal,0
2004,KOR,Coal,2
2005,KOR,Coal,1
2006,KOR,Coal,1
2007,KOR,Coal,2
2008,KOR,Coal,2
2009,KOR,Coal,2
2010,KOR,Coal,0
2011,KOR,Coal,0
2012,KOR,Coal,0
2013,KOR,Coal,0
2014,KOR,Coal,2
2015,KOR,Coal,0
2016,KOR,Coal,6
2017,KOR,Coal,5
2018,KOR,Coal,0
2019,KOR,Coal,0
2020,KOR,Coal,-1
2021,KOR,Coal,1
2022,KOR,Coal,1
2023,KOR,Coal,1
2024,KOR,Coal,1
2025,KOR,Coal,1
2013,SSD,Coal,0
2014,SSD,Coal,0
2015,SSD,Coal,0
2016,SSD,Coal,0
2017,SSD,Coal,0
2018,SSD,Coal,0
2019,SSD,Coal,0
2020,SSD,Coal,0
2021,SSD,Coal,0
2022,SSD,Coal,0
2023,SSD,Coal,0
2024,SSD,Coal,0
1991,ESP,Coal,0
1992,ESP,Coal,0
1993,ESP,Coal,0
1994,ESP,Coal,0
1995,ESP,Coal,0
1996,ESP,Coal,0
1997,ESP,Coal,0
1998,ESP,Coal,0
1999,ESP,Coal,0
2000,ESP,Coal,14
2001,ESP,Coal,0
2002,ESP,Coal,0
2003,ESP,Coal,0
2004,ESP,Coal,0
2005,ESP,Coal,0
2006,ESP,Coal,0
2007,ESP,Coal,-1
2008,ESP,Coal,0
2009,ESP,Coal,0
2010,ESP,Coal,0
2011,ESP,Coal,0
2012,ESP,Coal,-1
2013,ESP,Coal,-1
2014,ESP,Coal,0
2015,ESP,Coal,0
2016,ESP,Coal,-1
2017,ESP,Coal,0
2018,ESP,Coal,0
2019,ESP,Coal,0
2020,ESP,Coal,-5
2021,ESP,Coal,-2
2022,ESP,Coal,-1
2023,ESP,Coal,0
2024,ESP,Coal,-1
2025,ESP,Coal,-2
2012,LKA,Coal,0
2013,LKA,Coal,0
2014,LKA,Coal,1
2015,LKA,Coal,0
2016,LKA,Coal,0
2017,LKA,Coal,0
2018,LKA,Coal,0
2019,LKA,Coal,0
2020,LKA,Coal,0
2021,LKA,Coal,0
2022,LKA,Coal,0
2023,LKA,Coal,0
2024,LKA,Coal,-1
2025,LKA,Coal,0
2001,SDN,Coal,0
2002,SDN,Coal,0
2003,SDN,Coal,0
2004,SDN,Coal,0
2005,SDN,Coal,0
2006,SDN,Coal,0
2007,SDN,Coal,0
2008,SDN,Coal,0
2009,SDN,Coal,0
2010,SDN,Coal,0
2011,SDN,Coal,0
2012,SDN,Coal,0
2013,SDN,Coal,0
2014,SDN,Coal,0
2015,SDN,Coal,0
2016,SDN,Coal,0
2017,SDN,Coal,0
2018,SDN,Coal,0
2019,SDN,Coal,0
2020,SDN,Coal,0
2021,SDN,Coal,0
2022,SDN,Coal,0
2023,SDN,Coal,0
2024,SDN,Coal,0
2001,SUR,Coal,0
2002,SUR,Coal,0
2003,SUR,Coal,0
2004,SUR,Coal,0
2005,SUR,Coal,0
2006,SUR,Coal,0
2007,SUR,Coal,0
2008,SUR,Coal,0
2009,SUR,Coal,0
2010,SUR,Coal,0
2011,SUR,Coal,0
2012,SUR,Coal,0
2013,SUR,Coal,0
2014,SUR,Coal,0
2015,SUR,Coal,0
2016,SUR,Coal,0
2017,SUR,Coal,0
2018,SUR,Coal,0
2019,SUR,Coal,0
2020,SUR,Coal,0
2021,SUR,Coal,0
2022,SUR,Coal,0
2023,SUR,Coal,0
2024,SUR,Coal,0
1991,SWE,Coal,0
1992,SWE,Coal,0
1993,SWE,Coal,0
1994,SWE,Coal,0
1995,SWE,Coal,0
1996,SWE,Coal,0
1997,SWE,Coal,0
1998,SWE,Coal,0
1999,SWE,Coal,0
2000,SWE,Coal,0
2001,SWE,Coal,0
2002,SWE,Coal,0
2003,SWE,Coal,0
2004,SWE,Coal,0
2005,SWE,Coal,0
2006,SWE,Coal,0
2007,SWE,Coal,0
2008,SWE,Coal,0
2009,SWE,Coal,0
2010,SWE,Coal,0
2011,SWE,Coal,0
2012,SWE,Coal,0
2013,SWE,Coal,0
2014,SWE,Coal,0
2015,SWE,Coal,0
2016,SWE,Coal,0
2017,SWE,Coal,0
2018,SWE,Coal,0
2019,SWE,Coal,0
2020,SWE,Coal,0
2021,SWE,Coal,0
2022,SWE,Coal,0
2023,SWE,Coal,0
2024,SWE,Coal,0
2025,SWE,Coal,0
2001,SYR,Coal,0
2002,SYR,Coal,0
2003,SYR,Coal,0
2004,SYR,Coal,0
2005,SYR,Coal,0
2006,SYR,Coal,0
2007,SYR,Coal,0
2008,SYR,Coal,0
2009,SYR,Coal,0
2010,SYR,Coal,0
2011,SYR,Coal,0
2012,SYR,Coal,0
2013,SYR,Coal,0
2014,SYR,Coal,0
2015,SYR,Coal,0
2016,SYR,Coal,0
2017,SYR,Coal,0
2018,SYR,Coal,0
2019,SYR,Coal,0
2020,SYR,Coal,0
2021,SYR,Coal,0
2022,SYR,Coal,0
2023,SYR,Coal,0
2024,SYR,Coal,0
1986,TWN,Coal,0
1987,TWN,Coal,0
1988,TWN,Coal,0
1989,TWN,Coal,0
1990,TWN,Coal,0
1991,TWN,Coal,0
1992,TWN,Coal,0
1993,TWN,Coal,0
1994,TWN,Coal,0
1995,TWN,Coal,0
1996,TWN,Coal,0
1997,TWN,Coal,0
1998,TWN,Coal,0
1999,TWN,Coal,0
2000,TWN,Coal,13
2001,TWN,Coal,0
2002,TWN,Coal,3
2003,TWN,Coal,0
2004,TWN,Coal,0
2005,TWN,Coal,1
2006,TWN,Coal,1
2007,TWN,Coal,0
2008,TWN,Coal,0
2009,TWN,Coal,0
2010,TWN,Coal,0
2011,TWN,Coal,0
2012,TWN,Coal,-1
2013,TWN,Coal,0
2014,TWN,Coal,-1
2015,TWN,Coal,0
2016,TWN,Coal,1
2017,TWN,Coal,0
2018,TWN,Coal,2
2019,TWN,Coal,1
2020,TWN,Coal,0
2021,TWN,Coal,0
2022,TWN,Coal,-1
2023,TWN,Coal,0
2024,TWN,Coal,0
2025,TWN,Coal,-2
2001,TJK,Coal,0
2002,TJK,Coal,0
2003,TJK,Coal,0
2004,TJK,Coal,0
2005,TJK,Coal,0
2006,TJK,Coal,0
2007,TJK,Coal,0
2008,TJK,Coal,0
2009,TJK,Coal,0
2010,TJK,Coal,0
2011,TJK,Coal,0
2012,TJK,Coal,0
2013,TJK,Coal,0
2014,TJK,Coal,0
2015,TJK,Coal,0
2016,TJK,Coal,0
2017,TJK,Coal,0
2018,TJK,Coal,0
2019,TJK,Coal,0
2020,TJK,Coal,0
2021,TJK,Coal,0
2022,TJK,Coal,0
2023,TJK,Coal,0
2024,TJK,Coal,0
2025,TJK,Coal,0
2001,TZA,Coal,0
2002,TZA,Coal,0
2003,TZA,Coal,0
2004,TZA,Coal,0
2005,TZA,Coal,0
2006,TZA,Coal,0
2007,TZA,Coal,0
2008,TZA,Coal,0
2009,TZA,Coal,0
2010,TZA,Coal,0
2011,TZA,Coal,0
2012,TZA,Coal,0
2013,TZA,Coal,0
2014,TZA,Coal,0
2015,TZA,Coal,0
2016,TZA,Coal,0
2017,TZA,Coal,0
2018,TZA,Coal,0
2019,TZA,Coal,0
2020,TZA,Coal,0
2021,TZA,Coal,0
2022,TZA,Coal,0
2023,TZA,Coal,0
2024,TZA,Coal,0
1986,THA,Coal,0
1987,THA,Coal,0
1988,THA,Coal,0
1989,THA,Coal,0
1990,THA,Coal,0
1991,THA,Coal,0
1992,THA,Coal,0
1993,THA,Coal,0
1994,THA,Coal,0
1995,THA,Coal,0
1996,THA,Coal,0
1997,THA,Coal,0
1998,THA,Coal,0
1999,THA,Coal,0
2000,THA,Coal,3
2001,THA,Coal,0
2002,THA,Coal,0
2003,THA,Coal,0
2004,THA,Coal,0
2005,THA,Coal,0
2006,THA,Coal,1
2007,THA,Coal,1
2008,THA,Coal,0
2009,THA,Coal,0
2010,THA,Coal,0
2011,THA,Coal,0
2012,THA,Coal,1
2013,THA,Coal,0
2014,THA,Coal,0
2015,THA,Coal,0
2016,THA,Coal,0
2017,THA,Coal,0
2018,THA,Coal,0
2019,THA,Coal,0
2020,THA,Coal,0
2021,THA,Coal,0
2022,THA,Coal,0
2023,THA,Coal,0
2024,THA,Coal,0
2025,THA,Coal,0
2001,PHL,Coal,0
2002,PHL,Coal,0
2003,PHL,Coal,0
2004,PHL,Coal,0
2005,PHL,Coal,0
2006,PHL,Coal,0
2007,PHL,Coal,0
2008,PHL,Coal,0
2009,PHL,Coal,0
2010,PHL,Coal,0
2011,PHL,Coal,0
2012,PHL,Coal,0
2013,PHL,Coal,1
2014,PHL,Coal,0
2015,PHL,Coal,0
2016,PHL,Coal,1
2017,PHL,Coal,1
2018,PHL,Coal,1
2019,PHL,Coal,2
2020,PHL,Coal,0
2021,PHL,Coal,0
2022,PHL,Coal,1
2023,PHL,Coal,0
2024,PHL,Coal,0
2025,PHL,Coal,0
2001,TGO,Coal,0
2002,TGO,Coal,0
2003,TGO,Coal,0
2004,TGO,Coal,0
2005,TGO,Coal,0
2006,TGO,Coal,0
2007,TGO,Coal,0
2008,TGO,Coal,0
2009,TGO,Coal,0
2010,TGO,Coal,0
2011,TGO,Coal,0
2012,TGO,Coal,0
2013,TGO,Coal,0
2014,TGO,Coal,0
2015,TGO,Coal,0
2016,TGO,Coal,0
2017,TGO,Coal,0
2018,TGO,Coal,0
2019,TGO,Coal,0
2020,TGO,Coal,0
2021,TGO,Coal,0
2022,TGO,Coal,0
2023,TGO,Coal,0
2024,TGO,Coal,0
2001,TON,Coal,0
2002,TON,Coal,0
2003,TON,Coal,0
2004,TON,Coal,0
2005,TON,Coal,0
2006,TON,Coal,0
2007,TON,Coal,0
2008,TON,Coal,0
2009,TON,Coal,0
2010,TON,Coal,0
2011,TON,Coal,0
2012,TON,Coal,0
2013,TON,Coal,0
2014,TON,Coal,0
2015,TON,Coal,0
2016,TON,Coal,0
2017,TON,Coal,0
2018,TON,Coal,0
2019,TON,Coal,0
2020,TON,Coal,0
2021,TON,Coal,0
2022,TON,Coal,0
2023,TON,Coal,0
2024,TON,Coal,0
2001,TTO,Coal,0
2002,TTO,Coal,0
2003,TTO,Coal,0
2004,TTO,Coal,0
2005,TTO,Coal,0
2006,TTO,Coal,0
2007,TTO,Coal,0
2008,TTO,Coal,0
2009,TTO,Coal,0
2010,TTO,Coal,0
2011,TTO,Coal,0
2012,TTO,Coal,0
2013,TTO,Coal,0
2014,TTO,Coal,0
2015,TTO,Coal,0
2016,TTO,Coal,0
2017,TTO,Coal,0
2018,TTO,Coal,0
2019,TTO,Coal,0
2020,TTO,Coal,0
2021,TTO,Coal,0
2022,TTO,Coal,0
2023,TTO,Coal,0
2024,TTO,Coal,0
2001,TUN,Coal,0
2002,TUN,Coal,0
2003,TUN,Coal,0
2004,TUN,Coal,0
2005,TUN,Coal,0
2006,TUN,Coal,0
2007,TUN,Coal,0
2008,TUN,Coal,0
2009,TUN,Coal,0
2010,TUN,Coal,0
2011,TUN,Coal,0
2012,TUN,Coal,0
2013,TUN,Coal,0
2014,TUN,Coal,0
2015,TUN,Coal,0
2016,TUN,Coal,0
2017,TUN,Coal,0
2018,TUN,Coal,0
2019,TUN,Coal,0
2020,TUN,Coal,0
2021,TUN,Coal,0
2022,TUN,Coal,0
2023,TUN,Coal,0
2024,TUN,Coal,0
2025,TUN,Coal,0
2001,TKM,Coal,0
2002,TKM,Coal,0
2003,TKM,Coal,0
2004,TKM,Coal,0
2005,TKM,Coal,0
2006,TKM,Coal,0
2007,TKM,Coal,0
2008,TKM,Coal,0
2009,TKM,Coal,0
2010,TKM,Coal,0
2011,TKM,Coal,0
2012,TKM,Coal,0
2013,TKM,Coal,0
2014,TKM,Coal,0
2015,TKM,Coal,0
2016,TKM,Coal,0
2017,TKM,Coal,0
2018,TKM,Coal,0
2019,TKM,Coal,0
2020,TKM,Coal,0
2021,TKM,Coal,0
2022,TKM,Coal,0
2023,TKM,Coal,0
2024,TKM,Coal,0
2001,TCA,Coal,0
2002,TCA,Coal,0
2003,TCA,Coal,0
2004,TCA,Coal,0
2005,TCA,Coal,0
2006,TCA,Coal,0
2007,TCA,Coal,0
2008,TCA,Coal,0
2009,TCA,Coal,0
2010,TCA,Coal,0
2011,TCA,Coal,0
2012,TCA,Coal,0
2013,TCA,Coal,0
2014,TCA,Coal,0
2015,TCA,Coal,0
2016,TCA,Coal,0
2017,TCA,Coal,0
2018,TCA,Coal,0
2019,TCA,Coal,0
2020,TCA,Coal,0
2021,TCA,Coal,0
2022,TCA,Coal,0
2023,TCA,Coal,0
2024,TCA,Coal,0
1991,TUR,Coal,0
1992,TUR,Coal,0
1993,TUR,Coal,0
1994,TUR,Coal,0
1995,TUR,Coal,0
1996,TUR,Coal,0
1997,TUR,Coal,0
1998,TUR,Coal,0
1999,TUR,Coal,0
2000,TUR,Coal,7
2001,TUR,Coal,0
2002,TUR,Coal,0
2003,TUR,Coal,2
2004,TUR,Coal,0
2005,TUR,Coal,1
2006,TUR,Coal,1
2007,TUR,Coal,0
2008,TUR,Coal,0
2009,TUR,Coal,0
2010,TUR,Coal,1
2011,TUR,Coal,1
2012,TUR,Coal,0
2013,TUR,Coal,0
2014,TUR,Coal,2
2015,TUR,Coal,1
2016,TUR,Coal,2
2017,TUR,Coal,1
2018,TUR,Coal,0
2019,TUR,Coal,1
2020,TUR,Coal,0
2021,TUR,Coal,0
2022,TUR,Coal,1
2023,TUR,Coal,0
2024,TUR,Coal,0
2025,TUR,Coal,0
2001,UGA,Coal,0
2002,UGA,Coal,0
2003,UGA,Coal,0
2004,UGA,Coal,0
2005,UGA,Coal,0
2006,UGA,Coal,0
2007,UGA,Coal,0
2008,UGA,Coal,0
2009,UGA,Coal,0
2010,UGA,Coal,0
2011,UGA,Coal,0
2012,UGA,Coal,0
2013,UGA,Coal,0
2014,UGA,Coal,0
2015,UGA,Coal,0
2016,UGA,Coal,0
2017,UGA,Coal,0
2018,UGA,Coal,0
2019,UGA,Coal,0
2020,UGA,Coal,0
2021,UGA,Coal,0
2022,UGA,Coal,0
2023,UGA,Coal,0
2024,UGA,Coal,0
1986,UKR,Coal,0
1987,UKR,Coal,0
1988,UKR,Coal,0
1989,UKR,Coal,0
1990,UKR,Coal,0
1991,UKR,Coal,0
1992,UKR,Coal,0
1993,UKR,Coal,0
1994,UKR,Coal,0
1995,UKR,Coal,0
1996,UKR,Coal,0
1997,UKR,Coal,0
1998,UKR,Coal,0
1999,UKR,Coal,0
2000,UKR,Coal,24
2001,UKR,Coal,0
2002,UKR,Coal,0
2003,UKR,Coal,0
2004,UKR,Coal,0
2005,UKR,Coal,0
2006,UKR,Coal,0
2007,UKR,Coal,0
2008,UKR,Coal,0
2009,UKR,Coal,0
2010,UKR,Coal,0
2011,UKR,Coal,0
2012,UKR,Coal,0
2013,UKR,Coal,0
2014,UKR,Coal,0
2015,UKR,Coal,0
2016,UKR,Coal,0
2017,UKR,Coal,0
2018,UKR,Coal,-2
2019,UKR,Coal,0
2020,UKR,Coal,0
2021,UKR,Coal,0
2022,UKR,Coal,0
1986,ARE,Coal,0
1987,ARE,Coal,0
1988,ARE,Coal,0
1989,ARE,Coal,0
1990,ARE,Coal,0
1991,ARE,Coal,0
1992,ARE,Coal,0
1993,ARE,Coal,0
1994,ARE,Coal,0
1995,ARE,Coal,0
1996,ARE,Coal,0
1997,ARE,Coal,0
1998,ARE,Coal,0
1999,ARE,Coal,0
2000,ARE,Coal,0
2001,ARE,Coal,0
2002,ARE,Coal,0
2003,ARE,Coal,0
2004,ARE,Coal,0
2005,ARE,Coal,0
2006,ARE,Coal,0
2007,ARE,Coal,0
2008,ARE,Coal,0
2009,ARE,Coal,0
2010,ARE,Coal,0
2011,ARE,Coal,0
2012,ARE,Coal,0
2013,ARE,Coal,0
2014,ARE,Coal,0
2015,ARE,Coal,0
2016,ARE,Coal,0
2017,ARE,Coal,0
2018,ARE,Coal,0
2019,ARE,Coal,0
2020,ARE,Coal,1
2021,ARE,Coal,1
2022,ARE,Coal,-1
2023,ARE,Coal,0
2024,ARE,Coal,0
1986,GBR,Coal,0
1987,GBR,Coal,0
1988,GBR,Coal,0
1989,GBR,Coal,0
1990,GBR,Coal,0
1991,GBR,Coal,0
1992,GBR,Coal,0
1993,GBR,Coal,0
1994,GBR,Coal,0
1995,GBR,Coal,0
1996,GBR,Coal,0
1997,GBR,Coal,0
1998,GBR,Coal,0
1999,GBR,Coal,0
2000,GBR,Coal,35
2001,GBR,Coal,0
2002,GBR,Coal,-1
2003,GBR,Coal,-2
2004,GBR,Coal,0
2005,GBR,Coal,0
2006,GBR,Coal,0
2007,GBR,Coal,0
2008,GBR,Coal,0
2009,GBR,Coal,0
2010,GBR,Coal,0
2011,GBR,Coal,-2
2012,GBR,Coal,-2
2013,GBR,Coal,-4
2014,GBR,Coal,-2
2015,GBR,Coal,0
2016,GBR,Coal,-5
2017,GBR,Coal,0
2018,GBR,Coal,-3
2019,GBR,Coal,-3
2020,GBR,Coal,-3
2021,GBR,Coal,0
2022,GBR,Coal,-1
2023,GBR,Coal,-3
2024,GBR,Coal,-2
2025,GBR,Coal,0
2001,USA,Coal,1
2002,USA,Coal,0
2003,USA,Coal,-1
2004,USA,Coal,0
2005,USA,Coal,0
2006,USA,Coal,0
2007,USA,Coal,-1
2008,USA,Coal,1
2009,USA,Coal,1
2010,USA,Coal,3
2011,USA,Coal,1
2012,USA,Coal,-6
2013,USA,Coal,-5
2014,USA,Coal,-5
2015,USA,Coal,-23
2016,USA,Coal,-15
2017,USA,Coal,-9
2018,USA,Coal,-16
2019,USA,Coal,-16
2020,USA,Coal,-12
2021,USA,Coal,-9
2022,USA,Coal,-15
2023,USA,Coal,-10
2024,USA,Coal,-7
2025,USA,Coal,-4
2001,URY,Coal,0
2002,URY,Coal,0
2003,URY,Coal,0
2004,URY,Coal,0
2005,URY,Coal,0
2006,URY,Coal,0
2007,URY,Coal,0
2008,URY,Coal,0
2009,URY,Coal,0
2010,URY,Coal,0
2011,URY,Coal,0
2012,URY,Coal,0
2013,URY,Coal,0
2014,URY,Coal,0
2015,URY,Coal,0
2016,URY,Coal,0
2017,URY,Coal,0
2018,URY,Coal,0
2019,URY,Coal,0
2020,URY,Coal,0
2021,URY,Coal,0
2022,URY,Coal,0
2023,URY,Coal,0
2024,URY,Coal,0
2025,URY,Coal,0
2001,UZB,Coal,0
2002,UZB,Coal,0
2003,UZB,Coal,0
2004,UZB,Coal,0
2005,UZB,Coal,0
2006,UZB,Coal,0
2007,UZB,Coal,0
2008,UZB,Coal,0
2009,UZB,Coal,0
2010,UZB,Coal,0
2011,UZB,Coal,0
2012,UZB,Coal,0
2013,UZB,Coal,0
2014,UZB,Coal,0
2015,UZB,Coal,0
2016,UZB,Coal,0
2017,UZB,Coal,0
2018,UZB,Coal,0
2019,UZB,Coal,0
2020,UZB,Coal,0
2021,UZB,Coal,0
2022,UZB,Coal,0
2023,UZB,Coal,0
2024,UZB,Coal,0
2025,UZB,Coal,0
2001,VUT,Coal,0
2002,VUT,Coal,0
2003,VUT,Coal,0
2004,VUT,Coal,0
2005,VUT,Coal,0
2006,VUT,Coal,0
2007,VUT,Coal,0
2008,VUT,Coal,0
2009,VUT,Coal,0
2010,VUT,Coal,0
2011,VUT,Coal,0
2012,VUT,Coal,0
2013,VUT,Coal,0
2014,VUT,Coal,0
2015,VUT,Coal,0
2016,VUT,Coal,0
2017,VUT,Coal,0
2018,VUT,Coal,0
2019,VUT,Coal,0
2020,VUT,Coal,0
2021,VUT,Coal,0
2022,VUT,Coal,0
2023,VUT,Coal,0
2001,VEN,Coal,0
2002,VEN,Coal,0
2003,VEN,Coal,0
2004,VEN,Coal,0
2005,VEN,Coal,0
2006,VEN,Coal,0
2007,VEN,Coal,0
2008,VEN,Coal,0
2009,VEN,Coal,0
2010,VEN,Coal,0
2011,VEN,Coal,0
2012,VEN,Coal,0
2013,VEN,Coal,0
2014,VEN,Coal,0
2015,VEN,Coal,0
2016,VEN,Coal,0
2017,VEN,Coal,0
2018,VEN,Coal,0
2019,VEN,Coal,0
2020,VEN,Coal,0
2021,VEN,Coal,0
2022,VEN,Coal,0
2023,VEN,Coal,0
2024,VEN,Coal,0
1986,VNM,Coal,0
1987,VNM,Coal,0
1988,VNM,Coal,0
1989,VNM,Coal,0
1990,VNM,Coal,0
1991,VNM,Coal,0
1992,VNM,Coal,0
1993,VNM,Coal,0
1994,VNM,Coal,0
1995,VNM,Coal,0
1996,VNM,Coal,0
1997,VNM,Coal,0
1998,VNM,Coal,0
1999,VNM,Coal,0
2000,VNM,Coal,1
2001,VNM,Coal,0
2002,VNM,Coal,1
2003,VNM,Coal,0
2004,VNM,Coal,0
2005,VNM,Coal,0
2006,VNM,Coal,0
2007,VNM,Coal,0
2008,VNM,Coal,0
2009,VNM,Coal,1
2010,VNM,Coal,0
2011,VNM,Coal,1
2012,VNM,Coal,0
2013,VNM,Coal,1
2014,VNM,Coal,3
2015,VNM,Coal,4
2016,VNM,Coal,0
2017,VNM,Coal,2
2018,VNM,Coal,2
2019,VNM,Coal,1
2020,VNM,Coal,1
2021,VNM,Coal,2
2022,VNM,Coal,2
2023,VNM,Coal,2
2024,VNM,Coal,1
2025,VNM,Coal,-27
2001,VGB,Coal,0
2002,VGB,Coal,0
2003,VGB,Coal,0
2004,VGB,Coal,0
2005,VGB,Coal,0
2006,VGB,Coal,0
2007,VGB,Coal,0
2008,VGB,Coal,0
2009,VGB,Coal,0
2010,VGB,Coal,0
2011,VGB,Coal,0
2012,VGB,Coal,0
2013,VGB,Coal,0
2014,VGB,Coal,0
2015,VGB,Coal,0
2016,VGB,Coal,0
2017,VGB,Coal,0
2018,VGB,Coal,0
2019,VGB,Coal,0
2020,VGB,Coal,0
2021,VGB,Coal,0
2022,VGB,Coal,0
2023,VGB,Coal,0
2001,VIR,Coal,0
2002,VIR,Coal,0
2003,VIR,Coal,0
2004,VIR,Coal,0
2005,VIR,Coal,0
2006,VIR,Coal,0
2007,VIR,Coal,0
2008,VIR,Coal,0
2009,VIR,Coal,0
2010,VIR,Coal,0
2011,VIR,Coal,0
2012,VIR,Coal,0
2013,VIR,Coal,0
2014,VIR,Coal,0
2015,VIR,Coal,0
2016,VIR,Coal,0
2017,VIR,Coal,0
2018,VIR,Coal,0
2019,VIR,Coal,0
2020,VIR,Coal,0
2021,VIR,Coal,0
2022,VIR,Coal,0
2023,VIR,Coal,0
2001,WLD,Coal,21
2002,WLD,Coal,21
2003,WLD,Coal,27
2004,WLD,Coal,35
2005,WLD,Coal,50
2006,WLD,Coal,90
2007,WLD,Coal,81
2008,WLD,Coal,62
2009,WLD,Coal,65
2010,WLD,Coal,71
2011,WLD,Coal,79
2012,WLD,Coal,60
2013,WLD,Coal,56
2014,WLD,Coal,51
2015,WLD,Coal,69
2016,WLD,Coal,50
2017,WLD,Coal,38
2018,WLD,Coal,14
2019,WLD,Coal,43
2020,WLD,Coal,13
2021,WLD,Coal,12
2022,WLD,Coal,24
2023,WLD,Coal,47
2024,WLD,Coal,12
2025,WLD,Coal,74
2001,YEM,Coal,0
2002,YEM,Coal,0
2003,YEM,Coal,0
2004,YEM,Coal,0
2005,YEM,Coal,0
2006,YEM,Coal,0
2007,YEM,Coal,0
2008,YEM,Coal,0
2009,YEM,Coal,0
2010,YEM,Coal,0
2011,YEM,Coal,0
2012,YEM,Coal,0
2013,YEM,Coal,0
2014,YEM,Coal,0
2015,YEM,Coal,0
2016,YEM,Coal,0
2017,YEM,Coal,0
2018,YEM,Coal,0
2019,YEM,Coal,0
2020,YEM,Coal,0
2021,YEM,Coal,0
2022,YEM,Coal,0
2023,YEM,Coal,0
2024,YEM,Coal,0
2001,ZMB,Coal,0
2002,ZMB,Coal,0
2003,ZMB,Coal,0
2004,ZMB,Coal,0
2005,ZMB,Coal,0
2006,ZMB,Coal,0
2007,ZMB,Coal,0
2008,ZMB,Coal,0
2009,ZMB,Coal,0
2010,ZMB,Coal,0
2011,ZMB,Coal,0
2012,ZMB,Coal,0
2013,ZMB,Coal,0
2014,ZMB,Coal,0
2015,ZMB,Coal,0
2016,ZMB,Coal,0
2017,ZMB,Coal,0
2018,ZMB,Coal,0
2019,ZMB,Coal,0
2020,ZMB,Coal,0
2021,ZMB,Coal,0
2022,ZMB,Coal,0
2023,ZMB,Coal,0
2024,ZMB,Coal,0
2001,ZWE,Coal,0
2002,ZWE,Coal,0
2003,ZWE,Coal,0
2004,ZWE,Coal,0
2005,ZWE,Coal,0
2006,ZWE,Coal,0
2007,ZWE,Coal,0
2008,ZWE,Coal,0
2009,ZWE,Coal,0
2010,ZWE,Coal,0
2011,ZWE,Coal,0
2012,ZWE,Coal,0
2013,ZWE,Coal,0
2014,ZWE,Coal,0
2015,ZWE,Coal,0
2016,ZWE,Coal,0
2017,ZWE,Coal,0
2018,ZWE,Coal,0
2019,ZWE,Coal,0
2020,ZWE,Coal,0
2021,ZWE,Coal,0
2022,ZWE,Coal,0
2023,ZWE,Coal,0
2024,ZWE,Coal,0
2001,AFG,Total,0
2002,AFG,Total,0
2003,AFG,Total,0
2004,AFG,Total,0
2005,AFG,Total,0
2006,AFG,Total,0
2007,AFG,Total,0
2008,AFG,Total,0
2009,AFG,Total,0
2010,AFG,Total,0
2011,AFG,Total,0
2012,AFG,Total,0
2013,AFG,Total,0
2014,AFG,Total,0
2015,AFG,Total,0
2016,AFG,Total,0
2017,AFG,Total,0
2018,AFG,Total,0
2019,AFG,Total,0
2020,AFG,Total,0
2021,AFG,Total,0
2022,AFG,Total,0
2023,AFG,Total,0
2024,AFG,Total,0
2001,ALB,Total,0
2002,ALB,Total,0
2003,ALB,Total,0
2004,ALB,Total,0
2005,ALB,Total,0
2006,ALB,Total,0
2007,ALB,Total,0
2008,ALB,Total,0
2009,ALB,Total,0
2010,ALB,Total,0
2011,ALB,Total,0
2012,ALB,Total,0
2013,ALB,Total,0
2014,ALB,Total,0
2015,ALB,Total,0
2016,ALB,Total,0
2017,ALB,Total,0
2018,ALB,Total,0
2019,ALB,Total,0
2020,ALB,Total,0
2021,ALB,Total,0
2022,ALB,Total,0
2023,ALB,Total,0
2024,ALB,Total,0
2025,ALB,Total,0
2001,DZA,Total,0
2002,DZA,Total,1
2003,DZA,Total,0
2004,DZA,Total,0
2005,DZA,Total,0
2006,DZA,Total,1
2007,DZA,Total,1
2008,DZA,Total,0
2009,DZA,Total,1
2010,DZA,Total,2
2011,DZA,Total,0
2012,DZA,Total,2
2013,DZA,Total,2
2014,DZA,Total,0
2015,DZA,Total,2
2016,DZA,Total,1
2017,DZA,Total,0
2018,DZA,Total,1
2019,DZA,Total,2
2020,DZA,Total,0
2021,DZA,Total,2
2022,DZA,Total,2
2023,DZA,Total,0
2024,DZA,Total,1
2001,ASM,Total,0
2002,ASM,Total,0
2003,ASM,Total,0
2004,ASM,Total,0
2005,ASM,Total,0
2006,ASM,Total,0
2007,ASM,Total,0
2008,ASM,Total,0
2009,ASM,Total,0
2010,ASM,Total,0
2011,ASM,Total,0
2012,ASM,Total,0
2013,ASM,Total,0
2014,ASM,Total,0
2015,ASM,Total,0
2016,ASM,Total,0
2017,ASM,Total,0
2018,ASM,Total,0
2019,ASM,Total,0
2020,ASM,Total,0
2021,ASM,Total,0
2022,ASM,Total,0
2023,ASM,Total,0
2024,ASM,Total,0
2001,AGO,Total,0
2002,AGO,Total,0
2003,AGO,Total,0
2004,AGO,Total,0
2005,AGO,Total,0
2006,AGO,Total,0
2007,AGO,Total,0
2008,AGO,Total,0
2009,AGO,Total,0
2010,AGO,Total,0
2011,AGO,Total,0
2012,AGO,Total,0
2013,AGO,Total,0
2014,AGO,Total,0
2015,AGO,Total,0
2016,AGO,Total,0
2017,AGO,Total,1
2018,AGO,Total,0
2019,AGO,Total,0
2020,AGO,Total,0
2021,AGO,Total,0
2022,AGO,Total,0
2023,AGO,Total,0
2024,AGO,Total,0
2001,ATG,Total,0
2002,ATG,Total,0
2003,ATG,Total,0
2004,ATG,Total,0
2005,ATG,Total,0
2006,ATG,Total,0
2007,ATG,Total,0
2008,ATG,Total,0
2009,ATG,Total,0
2010,ATG,Total,0
2011,ATG,Total,0
2012,ATG,Total,0
2013,ATG,Total,0
2014,ATG,Total,0
2015,ATG,Total,0
2016,ATG,Total,0
2017,ATG,Total,0
2018,ATG,Total,0
2019,ATG,Total,0
2020,ATG,Total,0
2021,ATG,Total,0
2022,ATG,Total,0
2023,ATG,Total,0
2024,ATG,Total,0
1986,ARG,Total,0
1987,ARG,Total,0
1988,ARG,Total,0
1989,ARG,Total,0
1990,ARG,Total,0
1991,ARG,Total,0
1992,ARG,Total,0
1993,ARG,Total,0
1994,ARG,Total,0
1995,ARG,Total,0
1996,ARG,Total,0
1997,ARG,Total,0
1998,ARG,Total,0
1999,ARG,Total,0
2000,ARG,Total,10
2001,ARG,Total,2
2002,ARG,Total,0
2003,ARG,Total,0
2004,ARG,Total,1
2005,ARG,Total,0
2006,ARG,Total,1
2007,ARG,Total,1
2008,ARG,Total,1
2009,ARG,Total,-1
2010,ARG,Total,4
2011,ARG,Total,2
2012,ARG,Total,0
2013,ARG,Total,-1
2014,ARG,Total,1
2015,ARG,Total,-1
2016,ARG,Total,1
2017,ARG,Total,1
2018,ARG,Total,2
2019,ARG,Total,0
2020,ARG,Total,2
2021,ARG,Total,0
2022,ARG,Total,0
2023,ARG,Total,1
2024,ARG,Total,1
2025,ARG,Total,0
2001,ARM,Total,0
2002,ARM,Total,0
2003,ARM,Total,0
2004,ARM,Total,0
2005,ARM,Total,0
2006,ARM,Total,0
2007,ARM,Total,0
2008,ARM,Total,0
2009,ARM,Total,0
2010,ARM,Total,0
2011,ARM,Total,0
2012,ARM,Total,0
2013,ARM,Total,0
2014,ARM,Total,0
2015,ARM,Total,0
2016,ARM,Total,0
2017,ARM,Total,0
2018,ARM,Total,0
2019,ARM,Total,0
2020,ARM,Total,0
2021,ARM,Total,0
2022,ARM,Total,0
2023,ARM,Total,0
2024,ARM,Total,0
2025,ARM,Total,0
2001,ABW,Total,0
2002,ABW,Total,0
2003,ABW,Total,0
2004,ABW,Total,0
2005,ABW,Total,0
2006,ABW,Total,0
2007,ABW,Total,0
2008,ABW,Total,0
2009,ABW,Total,0
2010,ABW,Total,0
2011,ABW,Total,0
2012,ABW,Total,0
2013,ABW,Total,0
2014,ABW,Total,0
2015,ABW,Total,0
2016,ABW,Total,0
2017,ABW,Total,0
2018,ABW,Total,0
2019,ABW,Total,0
2020,ABW,Total,0
2021,ABW,Total,0
2022,ABW,Total,0
2023,ABW,Total,0
2024,ABW,Total,0
1986,AUS,Total,0
1987,AUS,Total,0
1988,AUS,Total,0
1989,AUS,Total,0
1990,AUS,Total,0
1991,AUS,Total,0
1992,AUS,Total,0
1993,AUS,Total,0
1994,AUS,Total,0
1995,AUS,Total,0
1996,AUS,Total,0
1997,AUS,Total,0
1998,AUS,Total,0
1999,AUS,Total,0
2000,AUS,Total,35
2001,AUS,Total,1
2002,AUS,Total,3
2003,AUS,Total,1
2004,AUS,Total,0
2005,AUS,Total,0
2006,AUS,Total,1
2007,AUS,Total,3
2008,AUS,Total,1
2009,AUS,Total,3
2010,AUS,Total,2
2011,AUS,Total,0
2012,AUS,Total,-1
2013,AUS,Total,1
2014,AUS,Total,-1
2015,AUS,Total,6
2016,AUS,Total,-1
2017,AUS,Total,-3
2018,AUS,Total,1
2019,AUS,Total,0
2020,AUS,Total,1
2021,AUS,Total,0
2022,AUS,Total,0
2023,AUS,Total,-2
2024,AUS,Total,1
2025,AUS,Total,-2
1991,AUT,Total,0
1992,AUT,Total,0
1993,AUT,Total,0
1994,AUT,Total,0
1995,AUT,Total,0
1996,AUT,Total,0
1997,AUT,Total,0
1998,AUT,Total,0
1999,AUT,Total,0
2000,AUT,Total,3
2001,AUT,Total,0
2002,AUT,Total,0
2003,AUT,Total,1
2004,AUT,Total,0
2005,AUT,Total,0
2006,AUT,Total,0
2007,AUT,Total,0
2008,AUT,Total,0
2009,AUT,Total,1
2010,AUT,Total,0
2011,AUT,Total,0
2012,AUT,Total,1
2013,AUT,Total,0
2014,AUT,Total,0
2015,AUT,Total,0
2016,AUT,Total,0
2017,AUT,Total,0
2018,AUT,Total,0
2019,AUT,Total,0
2020,AUT,Total,0
2021,AUT,Total,0
2022,AUT,Total,0
2023,AUT,Total,0
2024,AUT,Total,0
2025,AUT,Total,0
2001,AZE,Total,0
2002,AZE,Total,0
2003,AZE,Total,0
2004,AZE,Total,0
2005,AZE,Total,0
2006,AZE,Total,0
2007,AZE,Total,0
2008,AZE,Total,0
2009,AZE,Total,1
2010,AZE,Total,0
2011,AZE,Total,0
2012,AZE,Total,0
2013,AZE,Total,1
2014,AZE,Total,0
2015,AZE,Total,0
2016,AZE,Total,0
2017,AZE,Total,0
2018,AZE,Total,0
2019,AZE,Total,0
2020,AZE,Total,0
2021,AZE,Total,0
2022,AZE,Total,0
2023,AZE,Total,0
2024,AZE,Total,0
2025,AZE,Total,1
2001,BHS,Total,0
2002,BHS,Total,0
2003,BHS,Total,0
2004,BHS,Total,0
2005,BHS,Total,0
2006,BHS,Total,0
2007,BHS,Total,0
2008,BHS,Total,0
2009,BHS,Total,0
2010,BHS,Total,0
2011,BHS,Total,0
2012,BHS,Total,0
2013,BHS,Total,0
2014,BHS,Total,0
2015,BHS,Total,0
2016,BHS,Total,0
2017,BHS,Total,0
2018,BHS,Total,0
2019,BHS,Total,0
2020,BHS,Total,0
2021,BHS,Total,0
2022,BHS,Total,0
2023,BHS,Total,0
2024,BHS,Total,0
2001,BHR,Total,0
2002,BHR,Total,0
2003,BHR,Total,1
2004,BHR,Total,0
2005,BHR,Total,1
2006,BHR,Total,0
2007,BHR,Total,1
2008,BHR,Total,0
2009,BHR,Total,0
2010,BHR,Total,0
2011,BHR,Total,0
2012,BHR,Total,1
2013,BHR,Total,0
2014,BHR,Total,0
2015,BHR,Total,0
2016,BHR,Total,0
2017,BHR,Total,0
2018,BHR,Total,0
2019,BHR,Total,2
2020,BHR,Total,0
2021,BHR,Total,0
2022,BHR,Total,2
2023,BHR,Total,0
2024,BHR,Total,1
2001,BGD,Total,0
2002,BGD,Total,0
2003,BGD,Total,0
2004,BGD,Total,0
2005,BGD,Total,0
2006,BGD,Total,0
2007,BGD,Total,0
2008,BGD,Total,0
2009,BGD,Total,0
2010,BGD,Total,0
2011,BGD,Total,1
2012,BGD,Total,1
2013,BGD,Total,0
2014,BGD,Total,1
2015,BGD,Total,2
2016,BGD,Total,2
2017,BGD,Total,1
2018,BGD,Total,3
2019,BGD,Total,3
2020,BGD,Total,2
2021,BGD,Total,1
2022,BGD,Total,1
2023,BGD,Total,2
2024,BGD,Total,2
2025,BGD,Total,1
2001,BRB,Total,0
2002,BRB,Total,0
2003,BRB,Total,0
2004,BRB,Total,0
2005,BRB,Total,0
2006,BRB,Total,0
2007,BRB,Total,0
2008,BRB,Total,0
2009,BRB,Total,0
2010,BRB,Total,0
2011,BRB,Total,0
2012,BRB,Total,0
2013,BRB,Total,0
2014,BRB,Total,0
2015,BRB,Total,0
2016,BRB,Total,0
2017,BRB,Total,0
2018,BRB,Total,0
2019,BRB,Total,0
2020,BRB,Total,0
2021,BRB,Total,0
2022,BRB,Total,0
2023,BRB,Total,0
2024,BRB,Total,0
2001,BLR,Total,0
2002,BLR,Total,0
2003,BLR,Total,0
2004,BLR,Total,0
2005,BLR,Total,0
2006,BLR,Total,0
2007,BLR,Total,0
2008,BLR,Total,0
2009,BLR,Total,0
2010,BLR,Total,0
2011,BLR,Total,0
2012,BLR,Total,0
2013,BLR,Total,0
2014,BLR,Total,1
2015,BLR,Total,0
2016,BLR,Total,0
2017,BLR,Total,0
2018,BLR,Total,0
2019,BLR,Total,0
2020,BLR,Total,0
2021,BLR,Total,0
2022,BLR,Total,0
2023,BLR,Total,0
2024,BLR,Total,0
2025,BLR,Total,0
1991,BEL,Total,0
1992,BEL,Total,0
1993,BEL,Total,0
1994,BEL,Total,0
1995,BEL,Total,0
1996,BEL,Total,0
1997,BEL,Total,0
1998,BEL,Total,0
1999,BEL,Total,0
2000,BEL,Total,11
2001,BEL,Total,0
2002,BEL,Total,0
2003,BEL,Total,0
2004,BEL,Total,0
2005,BEL,Total,0
2006,BEL,Total,0
2007,BEL,Total,0
2008,BEL,Total,0
2009,BEL,Total,0
2010,BEL,Total,0
2011,BEL,Total,1
2012,BEL,Total,-1
2013,BEL,Total,-1
2014,BEL,Total,0
2015,BEL,Total,0
2016,BEL,Total,-1
2017,BEL,Total,0
2018,BEL,Total,0
2019,BEL,Total,0
2020,BEL,Total,0
2021,BEL,Total,0
2022,BEL,Total,0
2023,BEL,Total,0
2024,BEL,Total,0
2025,BEL,Total,0
2001,BLZ,Total,0
2002,BLZ,Total,0
2003,BLZ,Total,0
2004,BLZ,Total,0
2005,BLZ,Total,0
2006,BLZ,Total,0
2007,BLZ,Total,0
2008,BLZ,Total,0
2009,BLZ,Total,0
2010,BLZ,Total,0
2011,BLZ,Total,0
2012,BLZ,Total,0
2013,BLZ,Total,0
2014,BLZ,Total,0
2015,BLZ,Total,0
2016,BLZ,Total,0
2017,BLZ,Total,0
2018,BLZ,Total,0
2019,BLZ,Total,0
2020,BLZ,Total,0
2021,BLZ,Total,0
2022,BLZ,Total,0
2023,BLZ,Total,0
2024,BLZ,Total,0
2001,BEN,Total,0
2002,BEN,Total,0
2003,BEN,Total,0
2004,BEN,Total,0
2005,BEN,Total,0
2006,BEN,Total,0
2007,BEN,Total,0
2008,BEN,Total,0
2009,BEN,Total,0
2010,BEN,Total,0
2011,BEN,Total,0
2012,BEN,Total,0
2013,BEN,Total,0
2014,BEN,Total,0
2015,BEN,Total,0
2016,BEN,Total,0
2017,BEN,Total,0
2018,BEN,Total,0
2019,BEN,Total,0
2020,BEN,Total,0
2021,BEN,Total,0
2022,BEN,Total,0
2023,BEN,Total,0
2024,BEN,Total,0
2001,BTN,Total,0
2002,BTN,Total,0
2003,BTN,Total,0
2004,BTN,Total,0
2005,BTN,Total,0
2006,BTN,Total,0
2007,BTN,Total,0
2008,BTN,Total,0
2009,BTN,Total,0
2010,BTN,Total,0
2011,BTN,Total,0
2012,BTN,Total,0
2013,BTN,Total,0
2014,BTN,Total,0
2015,BTN,Total,0
2016,BTN,Total,0
2017,BTN,Total,0
2018,BTN,Total,0
2019,BTN,Total,0
2020,BTN,Total,0
2021,BTN,Total,0
2022,BTN,Total,0
2023,BTN,Total,0
2024,BTN,Total,0
2001,BOL,Total,0
2002,BOL,Total,0
2003,BOL,Total,0
2004,BOL,Total,0
2005,BOL,Total,0
2006,BOL,Total,0
2007,BOL,Total,0
2008,BOL,Total,0
2009,BOL,Total,0
2010,BOL,Total,0
2011,BOL,Total,0
2012,BOL,Total,0
2013,BOL,Total,0
2014,BOL,Total,0
2015,BOL,Total,0
2016,BOL,Total,0
2017,BOL,Total,0
2018,BOL,Total,0
2019,BOL,Total,0
2020,BOL,Total,1
2021,BOL,Total,0
2022,BOL,Total,-1
2023,BOL,Total,1
2024,BOL,Total,0
2025,BOL,Total,0
2001,BIH,Total,0
2002,BIH,Total,0
2003,BIH,Total,0
2004,BIH,Total,0
2005,BIH,Total,0
2006,BIH,Total,0
2007,BIH,Total,0
2008,BIH,Total,0
2009,BIH,Total,0
2010,BIH,Total,0
2011,BIH,Total,0
2012,BIH,Total,0
2013,BIH,Total,0
2014,BIH,Total,0
2015,BIH,Total,0
2016,BIH,Total,0
2017,BIH,Total,0
2018,BIH,Total,0
2019,BIH,Total,0
2020,BIH,Total,0
2021,BIH,Total,0
2022,BIH,Total,0
2023,BIH,Total,0
2024,BIH,Total,0
2025,BIH,Total,0
2001,BWA,Total,0
2002,BWA,Total,0
2003,BWA,Total,0
2004,BWA,Total,0
2005,BWA,Total,0
2006,BWA,Total,0
2007,BWA,Total,0
2008,BWA,Total,0
2009,BWA,Total,0
2010,BWA,Total,0
2011,BWA,Total,0
2012,BWA,Total,0
2013,BWA,Total,0
2014,BWA,Total,0
2015,BWA,Total,0
2016,BWA,Total,0
2017,BWA,Total,0
2018,BWA,Total,0
2019,BWA,Total,0
2020,BWA,Total,0
2021,BWA,Total,0
2022,BWA,Total,0
2023,BWA,Total,0
2024,BWA,Total,0
1986,BRA,Total,0
1987,BRA,Total,0
1988,BRA,Total,0
1989,BRA,Total,0
1990,BRA,Total,0
1991,BRA,Total,0
1992,BRA,Total,0
1993,BRA,Total,0
1994,BRA,Total,0
1995,BRA,Total,0
1996,BRA,Total,0
1997,BRA,Total,0
1998,BRA,Total,0
1999,BRA,Total,0
2000,BRA,Total,8
2001,BRA,Total,0
2002,BRA,Total,3
2003,BRA,Total,2
2004,BRA,Total,3
2005,BRA,Total,0
2006,BRA,Total,0
2007,BRA,Total,0
2008,BRA,Total,1
2009,BRA,Total,0
2010,BRA,Total,4
2011,BRA,Total,0
2012,BRA,Total,0
2013,BRA,Total,2
2014,BRA,Total,1
2015,BRA,Total,1
2016,BRA,Total,0
2017,BRA,Total,0
2018,BRA,Total,-1
2019,BRA,Total,1
2020,BRA,Total,2
2021,BRA,Total,1
2022,BRA,Total,-1
2023,BRA,Total,0
2024,BRA,Total,0
2025,BRA,Total,2
2001,BRN,Total,0
2002,BRN,Total,0
2003,BRN,Total,0
2004,BRN,Total,0
2005,BRN,Total,0
2006,BRN,Total,0
2007,BRN,Total,0
2008,BRN,Total,0
2009,BRN,Total,0
2010,BRN,Total,0
2011,BRN,Total,0
2012,BRN,Total,0
2013,BRN,Total,0
2014,BRN,Total,0
2015,BRN,Total,0
2016,BRN,Total,0
2017,BRN,Total,0
2018,BRN,Total,0
2019,BRN,Total,0
2020,BRN,Total,0
2021,BRN,Total,0
2022,BRN,Total,0
2023,BRN,Total,0
2024,BRN,Total,0
1991,BGR,Total,0
1992,BGR,Total,0
1993,BGR,Total,0
1994,BGR,Total,0
1995,BGR,Total,0
1996,BGR,Total,0
1997,BGR,Total,0
1998,BGR,Total,0
1999,BGR,Total,0
2000,BGR,Total,6
2001,BGR,Total,0
2002,BGR,Total,0
2003,BGR,Total,0
2004,BGR,Total,0
2005,BGR,Total,0
2006,BGR,Total,0
2007,BGR,Total,0
2008,BGR,Total,0
2009,BGR,Total,0
2010,BGR,Total,0
2011,BGR,Total,1
2012,BGR,Total,0
2013,BGR,Total,0
2014,BGR,Total,0
2015,BGR,Total,-1
2016,BGR,Total,0
2017,BGR,Total,0
2018,BGR,Total,0
2019,BGR,Total,1
2020,BGR,Total,0
2021,BGR,Total,0
2022,BGR,Total,0
2023,BGR,Total,0
2024,BGR,Total,0
2025,BGR,Total,0
2001,BFA,Total,0
2002,BFA,Total,0
2003,BFA,Total,0
2004,BFA,Total,0
2005,BFA,Total,0
2006,BFA,Total,0
2007,BFA,Total,0
2008,BFA,Total,0
2009,BFA,Total,0
2010,BFA,Total,0
2011,BFA,Total,0
2012,BFA,Total,0
2013,BFA,Total,0
2014,BFA,Total,0
2015,BFA,Total,0
2016,BFA,Total,0
2017,BFA,Total,0
2018,BFA,Total,0
2019,BFA,Total,0
2020,BFA,Total,0
2021,BFA,Total,0
2022,BFA,Total,0
2023,BFA,Total,0
2024,BFA,Total,0
2001,BDI,Total,0
2002,BDI,Total,0
2003,BDI,Total,0
2004,BDI,Total,0
2005,BDI,Total,0
2006,BDI,Total,0
2007,BDI,Total,0
2008,BDI,Total,0
2009,BDI,Total,0
2010,BDI,Total,0
2011,BDI,Total,0
2012,BDI,Total,0
2013,BDI,Total,0
2014,BDI,Total,0
2015,BDI,Total,0
2016,BDI,Total,0
2017,BDI,Total,0
2018,BDI,Total,0
2019,BDI,Total,0
2020,BDI,Total,0
2021,BDI,Total,0
2022,BDI,Total,0
2023,BDI,Total,0
2024,BDI,Total,0
2001,CPV,Total,0
2002,CPV,Total,0
2003,CPV,Total,0
2004,CPV,Total,0
2005,CPV,Total,0
2006,CPV,Total,0
2007,CPV,Total,0
2008,CPV,Total,0
2009,CPV,Total,0
2010,CPV,Total,0
2011,CPV,Total,0
2012,CPV,Total,0
2013,CPV,Total,0
2014,CPV,Total,0
2015,CPV,Total,0
2016,CPV,Total,0
2017,CPV,Total,0
2018,CPV,Total,0
2019,CPV,Total,0
2020,CPV,Total,0
2021,CPV,Total,0
2022,CPV,Total,0
2023,CPV,Total,0
2024,CPV,Total,0
2001,KHM,Total,0
2002,KHM,Total,0
2003,KHM,Total,0
2004,KHM,Total,0
2005,KHM,Total,0
2006,KHM,Total,0
2007,KHM,Total,0
2008,KHM,Total,0
2009,KHM,Total,0
2010,KHM,Total,0
2011,KHM,Total,0
2012,KHM,Total,0
2013,KHM,Total,0
2014,KHM,Total,0
2015,KHM,Total,0
2016,KHM,Total,0
2017,KHM,Total,0
2018,KHM,Total,0
2019,KHM,Total,0
2020,KHM,Total,1
2021,KHM,Total,0
2022,KHM,Total,1
2023,KHM,Total,0
2024,KHM,Total,0
2025,KHM,Total,0
2001,CMR,Total,0
2002,CMR,Total,0
2003,CMR,Total,0
2004,CMR,Total,0
2005,CMR,Total,0
2006,CMR,Total,0
2007,CMR,Total,0
2008,CMR,Total,0
2009,CMR,Total,0
2010,CMR,Total,0
2011,CMR,Total,0
2012,CMR,Total,0
2013,CMR,Total,0
2014,CMR,Total,0
2015,CMR,Total,0
2016,CMR,Total,0
2017,CMR,Total,0
2018,CMR,Total,0
2019,CMR,Total,0
2020,CMR,Total,0
2021,CMR,Total,0
2022,CMR,Total,0
2023,CMR,Total,0
2024,CMR,Total,0
1986,CAN,Total,0
1987,CAN,Total,0
1988,CAN,Total,0
1989,CAN,Total,0
1990,CAN,Total,0
1991,CAN,Total,0
1992,CAN,Total,0
1993,CAN,Total,0
1994,CAN,Total,0
1995,CAN,Total,0
1996,CAN,Total,0
1997,CAN,Total,0
1998,CAN,Total,0
1999,CAN,Total,0
2000,CAN,Total,27
2001,CAN,Total,2
2002,CAN,Total,0
2003,CAN,Total,2
2004,CAN,Total,1
2005,CAN,Total,-2
2006,CAN,Total,1
2007,CAN,Total,0
2008,CAN,Total,1
2009,CAN,Total,3
2010,CAN,Total,-1
2011,CAN,Total,0
2012,CAN,Total,0
2013,CAN,Total,-3
2014,CAN,Total,0
2015,CAN,Total,1
2016,CAN,Total,0
2017,CAN,Total,0
2018,CAN,Total,-1
2019,CAN,Total,0
2020,CAN,Total,1
2021,CAN,Total,-1
2022,CAN,Total,0
2023,CAN,Total,0
2024,CAN,Total,3
2025,CAN,Total,0
2001,CYM,Total,0
2002,CYM,Total,0
2003,CYM,Total,0
2004,CYM,Total,0
2005,CYM,Total,0
2006,CYM,Total,0
2007,CYM,Total,0
2008,CYM,Total,0
2009,CYM,Total,0
2010,CYM,Total,0
2011,CYM,Total,0
2012,CYM,Total,0
2013,CYM,Total,0
2014,CYM,Total,0
2015,CYM,Total,0
2016,CYM,Total,0
2017,CYM,Total,0
2018,CYM,Total,0
2019,CYM,Total,0
2020,CYM,Total,0
2021,CYM,Total,0
2022,CYM,Total,0
2023,CYM,Total,0
2024,CYM,Total,0
2001,CAF,Total,0
2002,CAF,Total,0
2003,CAF,Total,0
2004,CAF,Total,0
2005,CAF,Total,0
2006,CAF,Total,0
2007,CAF,Total,0
2008,CAF,Total,0
2009,CAF,Total,0
2010,CAF,Total,0
2011,CAF,Total,0
2012,CAF,Total,0
2013,CAF,Total,0
2014,CAF,Total,0
2015,CAF,Total,0
2016,CAF,Total,0
2017,CAF,Total,0
2018,CAF,Total,0
2019,CAF,Total,0
2020,CAF,Total,0
2021,CAF,Total,0
2022,CAF,Total,0
2023,CAF,Total,0
2001,TCD,Total,0
2002,TCD,Total,0
2003,TCD,Total,0
2004,TCD,Total,0
2005,TCD,Total,0
2006,TCD,Total,0
2007,TCD,Total,0
2008,TCD,Total,0
2009,TCD,Total,0
2010,TCD,Total,0
2011,TCD,Total,0
2012,TCD,Total,0
2013,TCD,Total,0
2014,TCD,Total,0
2015,TCD,Total,0
2016,TCD,Total,0
2017,TCD,Total,0
2018,TCD,Total,0
2019,TCD,Total,0
2020,TCD,Total,0
2021,TCD,Total,0
2022,TCD,Total,0
2023,TCD,Total,0
2024,TCD,Total,0
2001,CHL,Total,0
2002,CHL,Total,0
2003,CHL,Total,0
2004,CHL,Total,0
2005,CHL,Total,0
2006,CHL,Total,0
2007,CHL,Total,0
2008,CHL,Total,1
2009,CHL,Total,1
2010,CHL,Total,0
2011,CHL,Total,1
2012,CHL,Total,1
2013,CHL,Total,0
2014,CHL,Total,0
2015,CHL,Total,0
2016,CHL,Total,1
2017,CHL,Total,0
2018,CHL,Total,0
2019,CHL,Total,0
2020,CHL,Total,0
2021,CHL,Total,0
2022,CHL,Total,-1
2023,CHL,Total,0
2024,CHL,Total,0
2025,CHL,Total,-1
1986,CHN,Total,0
1987,CHN,Total,0
1988,CHN,Total,0
1989,CHN,Total,0
1990,CHN,Total,0
1991,CHN,Total,0
1992,CHN,Total,0
1993,CHN,Total,0
1994,CHN,Total,0
1995,CHN,Total,0
1996,CHN,Total,0
1997,CHN,Total,0
1998,CHN,Total,0
1999,CHN,Total,0
2000,CHN,Total,201
2001,CHN,Total,14
2002,CHN,Total,11
2003,CHN,Total,24
2004,CHN,Total,33
2005,CHN,Total,55
2006,CHN,Total,88
2007,CHN,Total,81
2008,CHN,Total,57
2009,CHN,Total,54
2010,CHN,Total,59
2011,CHN,Total,55
2012,CHN,Total,53
2013,CHN,Total,53
2014,CHN,Total,44
2015,CHN,Total,69
2016,CHN,Total,43
2017,CHN,Total,39
2018,CHN,Total,32
2019,CHN,Total,53
2020,CHN,Total,38
2021,CHN,Total,35
2022,CHN,Total,37
2023,CHN,Total,55
2024,CHN,Total,45
2025,CHN,Total,92
2001,COL,Total,0
2002,COL,Total,0
2003,COL,Total,0
2004,COL,Total,0
2005,COL,Total,0
2006,COL,Total,0
2007,COL,Total,0
2008,COL,Total,0
2009,COL,Total,0
2010,COL,Total,0
2011,COL,Total,0
2012,COL,Total,1
2013,COL,Total,1
2014,COL,Total,0
2015,COL,Total,1
2016,COL,Total,0
2017,COL,Total,0
2018,COL,Total,0
2019,COL,Total,-1
2020,COL,Total,0
2021,COL,Total,0
2022,COL,Total,0
2023,COL,Total,1
2024,COL,Total,0
2025,COL,Total,0
2001,COM,Total,0
2002,COM,Total,0
2003,COM,Total,0
2004,COM,Total,0
2005,COM,Total,0
2006,COM,Total,0
2007,COM,Total,0
2008,COM,Total,0
2009,COM,Total,0
2010,COM,Total,0
2011,COM,Total,0
2012,COM,Total,0
2013,COM,Total,0
2014,COM,Total,0
2015,COM,Total,0
2016,COM,Total,0
2017,COM,Total,0
2018,COM,Total,0
2019,COM,Total,0
2020,COM,Total,0
2021,COM,Total,0
2022,COM,Total,0
2023,COM,Total,0
2001,COG,Total,0
2002,COG,Total,0
2003,COG,Total,0
2004,COG,Total,0
2005,COG,Total,0
2006,COG,Total,0
2007,COG,Total,0
2008,COG,Total,0
2009,COG,Total,0
2010,COG,Total,0
2011,COG,Total,0
2012,COG,Total,0
2013,COG,Total,0
2014,COG,Total,0
2015,COG,Total,0
2016,COG,Total,0
2017,COG,Total,0
2018,COG,Total,0
2019,COG,Total,0
2020,COG,Total,0
2021,COG,Total,0
2022,COG,Total,0
2023,COG,Total,0
2024,COG,Total,0
2001,COD,Total,0
2002,COD,Total,0
2003,COD,Total,0
2004,COD,Total,0
2005,COD,Total,0
2006,COD,Total,0
2007,COD,Total,0
2008,COD,Total,0
2009,COD,Total,0
2010,COD,Total,0
2011,COD,Total,0
2012,COD,Total,0
2013,COD,Total,0
2014,COD,Total,0
2015,COD,Total,0
2016,COD,Total,0
2017,COD,Total,0
2018,COD,Total,0
2019,COD,Total,0
2020,COD,Total,0
2021,COD,Total,0
2022,COD,Total,0
2023,COD,Total,0
2024,COD,Total,0
2001,COK,Total,0
2002,COK,Total,0
2003,COK,Total,0
2004,COK,Total,0
2005,COK,Total,0
2006,COK,Total,0
2007,COK,Total,0
2008,COK,Total,0
2009,COK,Total,0
2010,COK,Total,0
2011,COK,Total,0
2012,COK,Total,0
2013,COK,Total,0
2014,COK,Total,0
2015,COK,Total,0
2016,COK,Total,0
2017,COK,Total,0
2018,COK,Total,0
2019,COK,Total,0
2020,COK,Total,0
2021,COK,Total,0
2022,COK,Total,0
2023,COK,Total,0
2024,COK,Total,0
2001,CRI,Total,0
2002,CRI,Total,0
2003,CRI,Total,0
2004,CRI,Total,0
2005,CRI,Total,0
2006,CRI,Total,0
2007,CRI,Total,0
2008,CRI,Total,0
2009,CRI,Total,0
2010,CRI,Total,0
2011,CRI,Total,0
2012,CRI,Total,0
2013,CRI,Total,0
2014,CRI,Total,0
2015,CRI,Total,0
2016,CRI,Total,0
2017,CRI,Total,0
2018,CRI,Total,0
2019,CRI,Total,0
2020,CRI,Total,0
2021,CRI,Total,0
2022,CRI,Total,0
2023,CRI,Total,0
2024,CRI,Total,0
2025,CRI,Total,0
2001,CIV,Total,0
2002,CIV,Total,0
2003,CIV,Total,0
2004,CIV,Total,0
2005,CIV,Total,0
2006,CIV,Total,0
2007,CIV,Total,0
2008,CIV,Total,0
2009,CIV,Total,0
2010,CIV,Total,0
2011,CIV,Total,0
2012,CIV,Total,0
2013,CIV,Total,0
2014,CIV,Total,0
2015,CIV,Total,0
2016,CIV,Total,0
2017,CIV,Total,0
2018,CIV,Total,0
2019,CIV,Total,0
2020,CIV,Total,0
2021,CIV,Total,0
2022,CIV,Total,0
2023,CIV,Total,0
2024,CIV,Total,0
1991,HRV,Total,0
1992,HRV,Total,0
1993,HRV,Total,0
1994,HRV,Total,0
1995,HRV,Total,0
1996,HRV,Total,0
1997,HRV,Total,0
1998,HRV,Total,0
1999,HRV,Total,0
2000,HRV,Total,2
2001,HRV,Total,0
2002,HRV,Total,0
2003,HRV,Total,0
2004,HRV,Total,0
2005,HRV,Total,0
2006,HRV,Total,0
2007,HRV,Total,0
2008,HRV,Total,0
2009,HRV,Total,0
2010,HRV,Total,0
2011,HRV,Total,0
2012,HRV,Total,0
2013,HRV,Total,0
2014,HRV,Total,0
2015,HRV,Total,0
2016,HRV,Total,0
2017,HRV,Total,0
2018,HRV,Total,0
2019,HRV,Total,0
2020,HRV,Total,0
2021,HRV,Total,0
2022,HRV,Total,0
2023,HRV,Total,0
2024,HRV,Total,0
2025,HRV,Total,0
2001,CUB,Total,0
2002,CUB,Total,0
2003,CUB,Total,0
2004,CUB,Total,0
2005,CUB,Total,0
2006,CUB,Total,0
2007,CUB,Total,1
2008,CUB,Total,0
2009,CUB,Total,0
2010,CUB,Total,0
2011,CUB,Total,0
2012,CUB,Total,0
2013,CUB,Total,0
2014,CUB,Total,0
2015,CUB,Total,0
2016,CUB,Total,0
2017,CUB,Total,0
2018,CUB,Total,0
2019,CUB,Total,0
2020,CUB,Total,0
2021,CUB,Total,0
2022,CUB,Total,-1
2023,CUB,Total,0
2024,CUB,Total,0
1991,CYP,Total,0
1992,CYP,Total,0
1993,CYP,Total,0
1994,CYP,Total,0
1995,CYP,Total,0
1996,CYP,Total,0
1997,CYP,Total,0
1998,CYP,Total,0
1999,CYP,Total,0
2000,CYP,Total,1
2001,CYP,Total,0
2002,CYP,Total,0
2003,CYP,Total,0
2004,CYP,Total,0
2005,CYP,Total,0
2006,CYP,Total,0
2007,CYP,Total,0
2008,CYP,Total,0
2009,CYP,Total,0
2010,CYP,Total,0
2011,CYP,Total,0
2012,CYP,Total,0
2013,CYP,Total,0
2014,CYP,Total,0
2015,CYP,Total,0
2016,CYP,Total,0
2017,CYP,Total,0
2018,CYP,Total,0
2019,CYP,Total,0
2020,CYP,Total,0
2021,CYP,Total,0
2022,CYP,Total,0
2023,CYP,Total,0
2024,CYP,Total,0
2025,CYP,Total,0
1991,CZE,Total,0
1992,CZE,Total,0
1993,CZE,Total,0
1994,CZE,Total,0
1995,CZE,Total,0
1996,CZE,Total,0
1997,CZE,Total,0
1998,CZE,Total,0
1999,CZE,Total,0
2000,CZE,Total,9
2001,CZE,Total,0
2002,CZE,Total,0
2003,CZE,Total,0
2004,CZE,Total,0
2005,CZE,Total,0
2006,CZE,Total,0
2007,CZE,Total,0
2008,CZE,Total,0
2009,CZE,Total,0
2010,CZE,Total,0
2011,CZE,Total,0
2012,CZE,Total,-1
2013,CZE,Total,0
2014,CZE,Total,1
2015,CZE,Total,0
2016,CZE,Total,0
2017,CZE,Total,0
2018,CZE,Total,0
2019,CZE,Total,0
2020,CZE,Total,0
2021,CZE,Total,-1
2022,CZE,Total,0
2023,CZE,Total,0
2024,CZE,Total,0
2025,CZE,Total,-1
1991,DNK,Total,0
1992,DNK,Total,0
1993,DNK,Total,0
1994,DNK,Total,0
1995,DNK,Total,0
1996,DNK,Total,0
1997,DNK,Total,0
1998,DNK,Total,0
1999,DNK,Total,0
2000,DNK,Total,6
2001,DNK,Total,0
2002,DNK,Total,0
2003,DNK,Total,0
2004,DNK,Total,0
2005,DNK,Total,0
2006,DNK,Total,0
2007,DNK,Total,0
2008,DNK,Total,0
2009,DNK,Total,0
2010,DNK,Total,0
2011,DNK,Total,0
2012,DNK,Total,0
2013,DNK,Total,0
2014,DNK,Total,0
2015,DNK,Total,0
2016,DNK,Total,-1
2017,DNK,Total,0
2018,DNK,Total,0
2019,DNK,Total,-1
2020,DNK,Total,0
2021,DNK,Total,0
2022,DNK,Total,0
2023,DNK,Total,0
2024,DNK,Total,-1
2025,DNK,Total,0
2001,DJI,Total,0
2002,DJI,Total,0
2003,DJI,Total,0
2004,DJI,Total,0
2005,DJI,Total,0
2006,DJI,Total,0
2007,DJI,Total,0
2008,DJI,Total,0
2009,DJI,Total,0
2010,DJI,Total,0
2011,DJI,Total,0
2012,DJI,Total,0
2013,DJI,Total,0
2014,DJI,Total,0
2015,DJI,Total,0
2016,DJI,Total,0
2017,DJI,Total,0
2018,DJI,Total,0
2019,DJI,Total,0
2020,DJI,Total,0
2021,DJI,Total,0
2022,DJI,Total,0
2023,DJI,Total,0
2024,DJI,Total,0
2001,DMA,Total,0
2002,DMA,Total,0
2003,DMA,Total,0
2004,DMA,Total,0
2005,DMA,Total,0
2006,DMA,Total,0
2007,DMA,Total,0
2008,DMA,Total,0
2009,DMA,Total,0
2010,DMA,Total,0
2011,DMA,Total,0
2012,DMA,Total,0
2013,DMA,Total,0
2014,DMA,Total,0
2015,DMA,Total,0
2016,DMA,Total,0
2017,DMA,Total,0
2018,DMA,Total,0
2019,DMA,Total,0
2020,DMA,Total,0
2021,DMA,Total,0
2022,DMA,Total,0
2023,DMA,Total,0
2001,DOM,Total,0
2002,DOM,Total,0
2003,DOM,Total,0
2004,DOM,Total,0
2005,DOM,Total,0
2006,DOM,Total,0
2007,DOM,Total,0
2008,DOM,Total,0
2009,DOM,Total,0
2010,DOM,Total,0
2011,DOM,Total,0
2012,DOM,Total,0
2013,DOM,Total,0
2014,DOM,Total,0
2015,DOM,Total,0
2016,DOM,Total,0
2017,DOM,Total,0
2018,DOM,Total,0
2019,DOM,Total,0
2020,DOM,Total,1
2021,DOM,Total,0
2022,DOM,Total,0
2023,DOM,Total,0
2024,DOM,Total,0
2025,DOM,Total,1
2001,ECU,Total,0
2002,ECU,Total,0
2003,ECU,Total,0
2004,ECU,Total,0
2005,ECU,Total,0
2006,ECU,Total,0
2007,ECU,Total,0
2008,ECU,Total,0
2009,ECU,Total,0
2010,ECU,Total,0
2011,ECU,Total,0
2012,ECU,Total,0
2013,ECU,Total,0
2014,ECU,Total,0
2015,ECU,Total,0
2016,ECU,Total,0
2017,ECU,Total,0
2018,ECU,Total,0
2019,ECU,Total,0
2020,ECU,Total,0
2021,ECU,Total,0
2022,ECU,Total,0
2023,ECU,Total,0
2024,ECU,Total,1
2025,ECU,Total,0
1986,EGY,Total,0
1987,EGY,Total,0
1988,EGY,Total,0
1989,EGY,Total,0
1990,EGY,Total,0
1991,EGY,Total,0
1992,EGY,Total,0
1993,EGY,Total,0
1994,EGY,Total,0
1995,EGY,Total,0
1996,EGY,Total,0
1997,EGY,Total,0
1998,EGY,Total,0
1999,EGY,Total,0
2000,EGY,Total,10
2001,EGY,Total,1
2002,EGY,Total,1
2003,EGY,Total,1
2004,EGY,Total,0
2005,EGY,Total,0
2006,EGY,Total,2
2007,EGY,Total,0
2008,EGY,Total,2
2009,EGY,Total,1
2010,EGY,Total,4
2011,EGY,Total,2
2012,EGY,Total,1
2013,EGY,Total,1
2014,EGY,Total,1
2015,EGY,Total,5
2016,EGY,Total,1
2017,EGY,Total,4
2018,EGY,Total,16
2019,EGY,Total,3
2020,EGY,Total,1
2021,EGY,Total,1
2022,EGY,Total,0
2023,EGY,Total,0
2024,EGY,Total,0
2025,EGY,Total,0
2001,SLV,Total,0
2002,SLV,Total,0
2003,SLV,Total,0
2004,SLV,Total,0
2005,SLV,Total,0
2006,SLV,Total,0
2007,SLV,Total,0
2008,SLV,Total,0
2009,SLV,Total,0
2010,SLV,Total,0
2011,SLV,Total,0
2012,SLV,Total,0
2013,SLV,Total,0
2014,SLV,Total,0
2015,SLV,Total,0
2016,SLV,Total,0
2017,SLV,Total,0
2018,SLV,Total,0
2019,SLV,Total,0
2020,SLV,Total,0
2021,SLV,Total,0
2022,SLV,Total,0
2023,SLV,Total,0
2024,SLV,Total,-1
2025,SLV,Total,0
2001,GNQ,Total,0
2002,GNQ,Total,0
2003,GNQ,Total,0
2004,GNQ,Total,0
2005,GNQ,Total,0
2006,GNQ,Total,0
2007,GNQ,Total,0
2008,GNQ,Total,0
2009,GNQ,Total,0
2010,GNQ,Total,0
2011,GNQ,Total,0
2012,GNQ,Total,0
2013,GNQ,Total,0
2014,GNQ,Total,0
2015,GNQ,Total,0
2016,GNQ,Total,0
2017,GNQ,Total,0
2018,GNQ,Total,0
2019,GNQ,Total,0
2020,GNQ,Total,0
2021,GNQ,Total,0
2022,GNQ,Total,0
2023,GNQ,Total,0
2024,GNQ,Total,0
2001,ERI,Total,0
2002,ERI,Total,0
2003,ERI,Total,0
2004,ERI,Total,0
2005,ERI,Total,0
2006,ERI,Total,0
2007,ERI,Total,0
2008,ERI,Total,0
2009,ERI,Total,0
2010,ERI,Total,0
2011,ERI,Total,0
2012,ERI,Total,0
2013,ERI,Total,0
2014,ERI,Total,0
2015,ERI,Total,0
2016,ERI,Total,0
2017,ERI,Total,0
2018,ERI,Total,0
2019,ERI,Total,0
2020,ERI,Total,0
2021,ERI,Total,0
2022,ERI,Total,0
2023,ERI,Total,0
2024,ERI,Total,0
1991,EST,Total,0
1992,EST,Total,0
1993,EST,Total,0
1994,EST,Total,0
1995,EST,Total,0
1996,EST,Total,0
1997,EST,Total,0
1998,EST,Total,0
1999,EST,Total,0
2000,EST,Total,3
2001,EST,Total,0
2002,EST,Total,0
2003,EST,Total,0
2004,EST,Total,0
2005,EST,Total,0
2006,EST,Total,0
2007,EST,Total,0
2008,EST,Total,0
2009,EST,Total,0
2010,EST,Total,0
2011,EST,Total,0
2012,EST,Total,0
2013,EST,Total,0
2014,EST,Total,0
2015,EST,Total,0
2016,EST,Total,0
2017,EST,Total,0
2018,EST,Total,0
2019,EST,Total,0
2020,EST,Total,0
2021,EST,Total,-1
2022,EST,Total,0
2023,EST,Total,0
2024,EST,Total,-1
2025,EST,Total,0
2001,SWZ,Total,0
2002,SWZ,Total,0
2003,SWZ,Total,0
2004,SWZ,Total,0
2005,SWZ,Total,0
2006,SWZ,Total,0
2007,SWZ,Total,0
2008,SWZ,Total,0
2009,SWZ,Total,0
2010,SWZ,Total,0
2011,SWZ,Total,0
2012,SWZ,Total,0
2013,SWZ,Total,0
2014,SWZ,Total,0
2015,SWZ,Total,0
2016,SWZ,Total,0
2017,SWZ,Total,0
2018,SWZ,Total,0
2019,SWZ,Total,0
2020,SWZ,Total,0
2021,SWZ,Total,0
2022,SWZ,Total,0
2023,SWZ,Total,0
2024,SWZ,Total,0
2001,ETH,Total,0
2002,ETH,Total,0
2003,ETH,Total,0
2004,ETH,Total,0
2005,ETH,Total,0
2006,ETH,Total,0
2007,ETH,Total,0
2008,ETH,Total,0
2009,ETH,Total,0
2010,ETH,Total,0
2011,ETH,Total,0
2012,ETH,Total,0
2013,ETH,Total,0
2014,ETH,Total,0
2015,ETH,Total,0
2016,ETH,Total,0
2017,ETH,Total,0
2018,ETH,Total,0
2019,ETH,Total,0
2020,ETH,Total,0
2021,ETH,Total,0
2022,ETH,Total,0
2023,ETH,Total,0
2024,ETH,Total,0
2025,ETH,Total,0
2001,FLK,Total,0
2002,FLK,Total,0
2003,FLK,Total,0
2004,FLK,Total,0
2005,FLK,Total,0
2006,FLK,Total,0
2007,FLK,Total,0
2008,FLK,Total,0
2009,FLK,Total,0
2010,FLK,Total,0
2011,FLK,Total,0
2012,FLK,Total,0
2013,FLK,Total,0
2014,FLK,Total,0
2015,FLK,Total,0
2016,FLK,Total,0
2017,FLK,Total,0
2018,FLK,Total,0
2019,FLK,Total,0
2020,FLK,Total,0
2021,FLK,Total,0
2022,FLK,Total,0
2023,FLK,Total,0
2001,FRO,Total,0
2002,FRO,Total,0
2003,FRO,Total,0
2004,FRO,Total,0
2005,FRO,Total,0
2006,FRO,Total,0
2007,FRO,Total,0
2008,FRO,Total,0
2009,FRO,Total,0
2010,FRO,Total,0
2011,FRO,Total,0
2012,FRO,Total,0
2013,FRO,Total,0
2014,FRO,Total,0
2015,FRO,Total,0
2016,FRO,Total,0
2017,FRO,Total,0
2018,FRO,Total,0
2019,FRO,Total,0
2020,FRO,Total,0
2021,FRO,Total,0
2022,FRO,Total,0
2023,FRO,Total,0
2001,FJI,Total,0
2002,FJI,Total,0
2003,FJI,Total,0
2004,FJI,Total,0
2005,FJI,Total,0
2006,FJI,Total,0
2007,FJI,Total,0
2008,FJI,Total,0
2009,FJI,Total,0
2010,FJI,Total,0
2011,FJI,Total,0
2012,FJI,Total,0
2013,FJI,Total,0
2014,FJI,Total,0
2015,FJI,Total,0
2016,FJI,Total,0
2017,FJI,Total,0
2018,FJI,Total,0
2019,FJI,Total,0
2020,FJI,Total,0
2021,FJI,Total,0
2022,FJI,Total,0
2023,FJI,Total,0
2024,FJI,Total,0
1991,FIN,Total,0
1992,FIN,Total,0
1993,FIN,Total,0
1994,FIN,Total,0
1995,FIN,Total,0
1996,FIN,Total,0
1997,FIN,Total,0
1998,FIN,Total,0
1999,FIN,Total,0
2000,FIN,Total,6
2001,FIN,Total,0
2002,FIN,Total,0
2003,FIN,Total,0
2004,FIN,Total,0
2005,FIN,Total,0
2006,FIN,Total,0
2007,FIN,Total,0
2008,FIN,Total,0
2009,FIN,Total,0
2010,FIN,Total,0
2011,FIN,Total,0
2012,FIN,Total,0
2013,FIN,Total,0
2014,FIN,Total,-1
2015,FIN,Total,0
2016,FIN,Total,0
2017,FIN,Total,0
2018,FIN,Total,0
2019,FIN,Total,0
2020,FIN,Total,0
2021,FIN,Total,0
2022,FIN,Total,0
2023,FIN,Total,0
2024,FIN,Total,0
2025,FIN,Total,0
1991,FRA,Total,0
1992,FRA,Total,0
1993,FRA,Total,0
1994,FRA,Total,0
1995,FRA,Total,0
1996,FRA,Total,0
1997,FRA,Total,0
1998,FRA,Total,0
1999,FRA,Total,0
2000,FRA,Total,35
2001,FRA,Total,1
2002,FRA,Total,1
2003,FRA,Total,0
2004,FRA,Total,0
2005,FRA,Total,-1
2006,FRA,Total,-1
2007,FRA,Total,0
2008,FRA,Total,0
2009,FRA,Total,2
2010,FRA,Total,1
2011,FRA,Total,0
2012,FRA,Total,1
2013,FRA,Total,-4
2014,FRA,Total,-2
2015,FRA,Total,-2
2016,FRA,Total,-1
2017,FRA,Total,-3
2018,FRA,Total,-1
2019,FRA,Total,0
2020,FRA,Total,0
2021,FRA,Total,-1
2022,FRA,Total,0
2023,FRA,Total,0
2024,FRA,Total,-1
2025,FRA,Total,0
2001,GUF,Total,0
2002,GUF,Total,0
2003,GUF,Total,0
2004,GUF,Total,0
2005,GUF,Total,0
2006,GUF,Total,0
2007,GUF,Total,0
2008,GUF,Total,0
2009,GUF,Total,0
2010,GUF,Total,0
2011,GUF,Total,0
2012,GUF,Total,0
2013,GUF,Total,0
2014,GUF,Total,0
2015,GUF,Total,0
2016,GUF,Total,0
2017,GUF,Total,0
2018,GUF,Total,0
2019,GUF,Total,0
2020,GUF,Total,0
2021,GUF,Total,0
2022,GUF,Total,0
2023,GUF,Total,0
2001,PYF,Total,0
2002,PYF,Total,0
2003,PYF,Total,0
2004,PYF,Total,0
2005,PYF,Total,0
2006,PYF,Total,0
2007,PYF,Total,0
2008,PYF,Total,0
2009,PYF,Total,0
2010,PYF,Total,0
2011,PYF,Total,0
2012,PYF,Total,0
2013,PYF,Total,0
2014,PYF,Total,0
2015,PYF,Total,0
2016,PYF,Total,0
2017,PYF,Total,0
2018,PYF,Total,0
2019,PYF,Total,0
2020,PYF,Total,0
2021,PYF,Total,0
2022,PYF,Total,0
2023,PYF,Total,0
2024,PYF,Total,0
2001,GAB,Total,0
2002,GAB,Total,0
2003,GAB,Total,0
2004,GAB,Total,0
2005,GAB,Total,0
2006,GAB,Total,0
2007,GAB,Total,0
2008,GAB,Total,0
2009,GAB,Total,0
2010,GAB,Total,0
2011,GAB,Total,0
2012,GAB,Total,0
2013,GAB,Total,0
2014,GAB,Total,0
2015,GAB,Total,0
2016,GAB,Total,0
2017,GAB,Total,0
2018,GAB,Total,0
2019,GAB,Total,0
2020,GAB,Total,0
2021,GAB,Total,0
2022,GAB,Total,0
2023,GAB,Total,0
2024,GAB,Total,0
2001,GMB,Total,0
2002,GMB,Total,0
2003,GMB,Total,0
2004,GMB,Total,0
2005,GMB,Total,0
2006,GMB,Total,0
2007,GMB,Total,0
2008,GMB,Total,0
2009,GMB,Total,0
2010,GMB,Total,0
2011,GMB,Total,0
2012,GMB,Total,0
2013,GMB,Total,0
2014,GMB,Total,0
2015,GMB,Total,0
2016,GMB,Total,0
2017,GMB,Total,0
2018,GMB,Total,0
2019,GMB,Total,0
2020,GMB,Total,0
2021,GMB,Total,0
2022,GMB,Total,0
2023,GMB,Total,0
2024,GMB,Total,0
2001,GEO,Total,0
2002,GEO,Total,0
2003,GEO,Total,0
2004,GEO,Total,0
2005,GEO,Total,0
2006,GEO,Total,0
2007,GEO,Total,0
2008,GEO,Total,0
2009,GEO,Total,0
2010,GEO,Total,0
2011,GEO,Total,0
2012,GEO,Total,0
2013,GEO,Total,0
2014,GEO,Total,0
2015,GEO,Total,0
2016,GEO,Total,0
2017,GEO,Total,0
2018,GEO,Total,0
2019,GEO,Total,0
2020,GEO,Total,0
2021,GEO,Total,0
2022,GEO,Total,0
2023,GEO,Total,0
2024,GEO,Total,0
2025,GEO,Total,0
1986,DEU,Total,0
1987,DEU,Total,0
1988,DEU,Total,0
1989,DEU,Total,0
1990,DEU,Total,0
1991,DEU,Total,0
1992,DEU,Total,0
1993,DEU,Total,0
1994,DEU,Total,0
1995,DEU,Total,0
1996,DEU,Total,0
1997,DEU,Total,0
1998,DEU,Total,0
1999,DEU,Total,0
2000,DEU,Total,70
2001,DEU,Total,0
2002,DEU,Total,1
2003,DEU,Total,0
2004,DEU,Total,1
2005,DEU,Total,1
2006,DEU,Total,0
2007,DEU,Total,1
2008,DEU,Total,1
2009,DEU,Total,0
2010,DEU,Total,2
2011,DEU,Total,0
2012,DEU,Total,0
2013,DEU,Total,2
2014,DEU,Total,0
2015,DEU,Total,3
2016,DEU,Total,1
2017,DEU,Total,-3
2018,DEU,Total,-1
2019,DEU,Total,-1
2020,DEU,Total,1
2021,DEU,Total,-7
2022,DEU,Total,1
2023,DEU,Total,2
2024,DEU,Total,-6
2025,DEU,Total,0
2001,GHA,Total,0
2002,GHA,Total,0
2003,GHA,Total,0
2004,GHA,Total,0
2005,GHA,Total,0
2006,GHA,Total,0
2007,GHA,Total,0
2008,GHA,Total,0
2009,GHA,Total,0
2010,GHA,Total,0
2011,GHA,Total,0
2012,GHA,Total,0
2013,GHA,Total,0
2014,GHA,Total,0
2015,GHA,Total,0
2016,GHA,Total,1
2017,GHA,Total,1
2018,GHA,Total,0
2019,GHA,Total,0
2020,GHA,Total,0
2021,GHA,Total,0
2022,GHA,Total,0
2023,GHA,Total,0
2024,GHA,Total,0
1991,GRC,Total,0
1992,GRC,Total,0
1993,GRC,Total,0
1994,GRC,Total,0
1995,GRC,Total,0
1996,GRC,Total,0
1997,GRC,Total,0
1998,GRC,Total,0
1999,GRC,Total,0
2000,GRC,Total,6
2001,GRC,Total,0
2002,GRC,Total,0
2003,GRC,Total,0
2004,GRC,Total,0
2005,GRC,Total,0
2006,GRC,Total,1
2007,GRC,Total,0
2008,GRC,Total,0
2009,GRC,Total,0
2010,GRC,Total,1
2011,GRC,Total,0
2012,GRC,Total,0
2013,GRC,Total,0
2014,GRC,Total,0
2015,GRC,Total,1
2016,GRC,Total,-1
2017,GRC,Total,0
2018,GRC,Total,0
2019,GRC,Total,0
2020,GRC,Total,-1
2021,GRC,Total,-1
2022,GRC,Total,0
2023,GRC,Total,1
2024,GRC,Total,-1
2025,GRC,Total,1
2001,GRL,Total,0
2002,GRL,Total,0
2003,GRL,Total,0
2004,GRL,Total,0
2005,GRL,Total,0
2006,GRL,Total,0
2007,GRL,Total,0
2008,GRL,Total,0
2009,GRL,Total,0
2010,GRL,Total,0
2011,GRL,Total,0
2012,GRL,Total,0
2013,GRL,Total,0
2014,GRL,Total,0
2015,GRL,Total,0
2016,GRL,Total,0
2017,GRL,Total,0
2018,GRL,Total,0
2019,GRL,Total,0
2020,GRL,Total,0
2021,GRL,Total,0
2022,GRL,Total,0
2023,GRL,Total,0
2024,GRL,Total,0
2001,GRD,Total,0
2002,GRD,Total,0
2003,GRD,Total,0
2004,GRD,Total,0
2005,GRD,Total,0
2006,GRD,Total,0
2007,GRD,Total,0
2008,GRD,Total,0
2009,GRD,Total,0
2010,GRD,Total,0
2011,GRD,Total,0
2012,GRD,Total,0
2013,GRD,Total,0
2014,GRD,Total,0
2015,GRD,Total,0
2016,GRD,Total,0
2017,GRD,Total,0
2018,GRD,Total,0
2019,GRD,Total,0
2020,GRD,Total,0
2021,GRD,Total,0
2022,GRD,Total,0
2023,GRD,Total,0
2024,GRD,Total,0
2001,GLP,Total,0
2002,GLP,Total,0
2003,GLP,Total,0
2004,GLP,Total,0
2005,GLP,Total,0
2006,GLP,Total,0
2007,GLP,Total,0
2008,GLP,Total,0
2009,GLP,Total,0
2010,GLP,Total,0
2011,GLP,Total,0
2012,GLP,Total,0
2013,GLP,Total,0
2014,GLP,Total,0
2015,GLP,Total,0
2016,GLP,Total,0
2017,GLP,Total,0
2018,GLP,Total,0
2019,GLP,Total,0
2020,GLP,Total,0
2021,GLP,Total,0
2022,GLP,Total,0
2023,GLP,Total,0
2001,GUM,Total,0
2002,GUM,Total,0
2003,GUM,Total,0
2004,GUM,Total,0
2005,GUM,Total,0
2006,GUM,Total,0
2007,GUM,Total,0
2008,GUM,Total,0
2009,GUM,Total,0
2010,GUM,Total,0
2011,GUM,Total,0
2012,GUM,Total,0
2013,GUM,Total,0
2014,GUM,Total,0
2015,GUM,Total,0
2016,GUM,Total,0
2017,GUM,Total,0
2018,GUM,Total,0
2019,GUM,Total,0
2020,GUM,Total,0
2021,GUM,Total,0
2022,GUM,Total,0
2023,GUM,Total,0
2024,GUM,Total,0
2001,GTM,Total,0
2002,GTM,Total,0
2003,GTM,Total,0
2004,GTM,Total,0
2005,GTM,Total,0
2006,GTM,Total,0
2007,GTM,Total,0
2008,GTM,Total,0
2009,GTM,Total,0
2010,GTM,Total,0
2011,GTM,Total,0
2012,GTM,Total,0
2013,GTM,Total,0
2014,GTM,Total,0
2015,GTM,Total,0
2016,GTM,Total,0
2017,GTM,Total,0
2018,GTM,Total,0
2019,GTM,Total,0
2020,GTM,Total,0
2021,GTM,Total,0
2022,GTM,Total,0
2023,GTM,Total,0
2024,GTM,Total,0
2001,GIN,Total,0
2002,GIN,Total,0
2003,GIN,Total,0
2004,GIN,Total,0
2005,GIN,Total,0
2006,GIN,Total,0
2007,GIN,Total,0
2008,GIN,Total,0
2009,GIN,Total,0
2010,GIN,Total,0
2011,GIN,Total,0
2012,GIN,Total,0
2013,GIN,Total,0
2014,GIN,Total,0
2015,GIN,Total,0
2016,GIN,Total,0
2017,GIN,Total,0
2018,GIN,Total,0
2019,GIN,Total,0
2020,GIN,Total,0
2021,GIN,Total,0
2022,GIN,Total,0
2023,GIN,Total,0
2024,GIN,Total,0
2001,GNB,Total,0
2002,GNB,Total,0
2003,GNB,Total,0
2004,GNB,Total,0
2005,GNB,Total,0
2006,GNB,Total,0
2007,GNB,Total,0
2008,GNB,Total,0
2009,GNB,Total,0
2010,GNB,Total,0
2011,GNB,Total,0
2012,GNB,Total,0
2013,GNB,Total,0
2014,GNB,Total,0
2015,GNB,Total,0
2016,GNB,Total,0
2017,GNB,Total,0
2018,GNB,Total,0
2019,GNB,Total,0
2020,GNB,Total,0
2021,GNB,Total,0
2022,GNB,Total,0
2023,GNB,Total,0
2024,GNB,Total,0
2001,GUY,Total,0
2002,GUY,Total,0
2003,GUY,Total,0
2004,GUY,Total,0
2005,GUY,Total,0
2006,GUY,Total,0
2007,GUY,Total,0
2008,GUY,Total,0
2009,GUY,Total,0
2010,GUY,Total,0
2011,GUY,Total,0
2012,GUY,Total,0
2013,GUY,Total,0
2014,GUY,Total,0
2015,GUY,Total,0
2016,GUY,Total,0
2017,GUY,Total,0
2018,GUY,Total,0
2019,GUY,Total,0
2020,GUY,Total,0
2021,GUY,Total,0
2022,GUY,Total,0
2023,GUY,Total,0
2024,GUY,Total,0
2001,HTI,Total,0
2002,HTI,Total,0
2003,HTI,Total,0
2004,HTI,Total,0
2005,HTI,Total,0
2006,HTI,Total,0
2007,HTI,Total,0
2008,HTI,Total,0
2009,HTI,Total,0
2010,HTI,Total,0
2011,HTI,Total,0
2012,HTI,Total,0
2013,HTI,Total,0
2014,HTI,Total,0
2015,HTI,Total,0
2016,HTI,Total,0
2017,HTI,Total,0
2018,HTI,Total,0
2019,HTI,Total,0
2020,HTI,Total,0
2021,HTI,Total,0
2022,HTI,Total,0
2023,HTI,Total,0
2024,HTI,Total,0
2001,HND,Total,0
2002,HND,Total,0
2003,HND,Total,0
2004,HND,Total,0
2005,HND,Total,0
2006,HND,Total,0
2007,HND,Total,0
2008,HND,Total,0
2009,HND,Total,0
2010,HND,Total,0
2011,HND,Total,0
2012,HND,Total,0
2013,HND,Total,0
2014,HND,Total,0
2015,HND,Total,0
2016,HND,Total,0
2017,HND,Total,0
2018,HND,Total,0
2019,HND,Total,0
2020,HND,Total,0
2021,HND,Total,0
2022,HND,Total,0
2023,HND,Total,0
2024,HND,Total,0
2001,HKG,Total,0
2002,HKG,Total,0
2003,HKG,Total,0
2004,HKG,Total,0
2005,HKG,Total,0
2006,HKG,Total,0
2007,HKG,Total,0
2008,HKG,Total,0
2009,HKG,Total,0
2010,HKG,Total,0
2011,HKG,Total,0
2012,HKG,Total,0
2013,HKG,Total,0
2014,HKG,Total,0
2015,HKG,Total,0
2016,HKG,Total,0
2017,HKG,Total,0
2018,HKG,Total,0
2019,HKG,Total,0
2020,HKG,Total,1
2021,HKG,Total,0
2022,HKG,Total,0
2023,HKG,Total,-1
2024,HKG,Total,0
1991,HUN,Total,0
1992,HUN,Total,0
1993,HUN,Total,0
1994,HUN,Total,0
1995,HUN,Total,0
1996,HUN,Total,0
1997,HUN,Total,0
1998,HUN,Total,0
1999,HUN,Total,0
2000,HUN,Total,9
2001,HUN,Total,0
2002,HUN,Total,0
2003,HUN,Total,0
2004,HUN,Total,0
2005,HUN,Total,0
2006,HUN,Total,0
2007,HUN,Total,0
2008,HUN,Total,0
2009,HUN,Total,0
2010,HUN,Total,0
2011,HUN,Total,0
2012,HUN,Total,0
2013,HUN,Total,-1
2014,HUN,Total,0
2015,HUN,Total,0
2016,HUN,Total,0
2017,HUN,Total,0
2018,HUN,Total,0
2019,HUN,Total,0
2020,HUN,Total,0
2021,HUN,Total,0
2022,HUN,Total,0
2023,HUN,Total,-1
2024,HUN,Total,0
2025,HUN,Total,0
2001,ISL,Total,0
2002,ISL,Total,0
2003,ISL,Total,0
2004,ISL,Total,0
2005,ISL,Total,0
2006,ISL,Total,0
2007,ISL,Total,0
2008,ISL,Total,0
2009,ISL,Total,0
2010,ISL,Total,0
2011,ISL,Total,0
2012,ISL,Total,0
2013,ISL,Total,0
2014,ISL,Total,0
2015,ISL,Total,0
2016,ISL,Total,0
2017,ISL,Total,0
2018,ISL,Total,0
2019,ISL,Total,0
2020,ISL,Total,0
2021,ISL,Total,0
2022,ISL,Total,0
2023,ISL,Total,0
2024,ISL,Total,0
1986,IND,Total,0
1987,IND,Total,0
1988,IND,Total,0
1989,IND,Total,0
1990,IND,Total,0
1991,IND,Total,0
1992,IND,Total,0
1993,IND,Total,0
1994,IND,Total,0
1995,IND,Total,0
1996,IND,Total,0
1997,IND,Total,0
1998,IND,Total,0
1999,IND,Total,0
2000,IND,Total,82
2001,IND,Total,2
2002,IND,Total,2
2003,IND,Total,2
2004,IND,Total,1
2005,IND,Total,5
2006,IND,Total,4
2007,IND,Total,8
2008,IND,Total,6
2009,IND,Total,9
2010,IND,Total,13
2011,IND,Total,16
2012,IND,Total,19
2013,IND,Total,21
2014,IND,Total,22
2015,IND,Total,22
2016,IND,Total,19
2017,IND,Total,6
2018,IND,Total,8
2019,IND,Total,5
2020,IND,Total,3
2021,IND,Total,6
2022,IND,Total,1
2023,IND,Total,6
2024,IND,Total,4
2025,IND,Total,5
2001,IDN,Total,-8
2002,IDN,Total,0
2003,IDN,Total,0
2004,IDN,Total,0
2005,IDN,Total,1
2006,IDN,Total,2
2007,IDN,Total,1
2008,IDN,Total,1
2009,IDN,Total,0
2010,IDN,Total,3
2011,IDN,Total,6
2012,IDN,Total,5
2013,IDN,Total,3
2014,IDN,Total,1
2015,IDN,Total,1
2016,IDN,Total,2
2017,IDN,Total,3
2018,IDN,Total,1
2019,IDN,Total,6
2020,IDN,Total,4
2021,IDN,Total,3
2022,IDN,Total,7
2023,IDN,Total,7
2024,IDN,Total,7
1986,IRN,Total,0
1987,IRN,Total,0
1988,IRN,Total,0
1989,IRN,Total,0
1990,IRN,Total,0
1991,IRN,Total,0
1992,IRN,Total,0
1993,IRN,Total,0
1994,IRN,Total,0
1995,IRN,Total,0
1996,IRN,Total,0
1997,IRN,Total,0
1998,IRN,Total,0
1999,IRN,Total,0
2000,IRN,Total,19
2001,IRN,Total,3
2002,IRN,Total,0
2003,IRN,Total,1
2004,IRN,Total,0
2005,IRN,Total,3
2006,IRN,Total,2
2007,IRN,Total,0
2008,IRN,Total,2
2009,IRN,Total,3
2010,IRN,Total,5
2011,IRN,Total,0
2012,IRN,Total,6
2013,IRN,Total,2
2014,IRN,Total,2
2015,IRN,Total,1
2016,IRN,Total,2
2017,IRN,Total,3
2018,IRN,Total,1
2019,IRN,Total,5
2020,IRN,Total,3
2021,IRN,Total,2
2022,IRN,Total,3
2023,IRN,Total,4
2024,IRN,Total,2
2025,IRN,Total,-75
2001,IRQ,Total,0
2002,IRQ,Total,1
2003,IRQ,Total,0
2004,IRQ,Total,0
2005,IRQ,Total,0
2006,IRQ,Total,0
2007,IRQ,Total,0
2008,IRQ,Total,0
2009,IRQ,Total,0
2010,IRQ,Total,0
2011,IRQ,Total,0
2012,IRQ,Total,3
2013,IRQ,Total,8
2014,IRQ,Total,1
2015,IRQ,Total,1
2016,IRQ,Total,2
2017,IRQ,Total,2
2018,IRQ,Total,0
2019,IRQ,Total,1
2020,IRQ,Total,5
2021,IRQ,Total,2
2022,IRQ,Total,6
2023,IRQ,Total,3
2024,IRQ,Total,1
1991,IRL,Total,0
1992,IRL,Total,0
1993,IRL,Total,0
1994,IRL,Total,0
1995,IRL,Total,0
1996,IRL,Total,0
1997,IRL,Total,0
1998,IRL,Total,0
1999,IRL,Total,0
2000,IRL,Total,3
2001,IRL,Total,0
2002,IRL,Total,1
2003,IRL,Total,0
2004,IRL,Total,0
2005,IRL,Total,0
2006,IRL,Total,0
2007,IRL,Total,0
2008,IRL,Total,0
2009,IRL,Total,0
2010,IRL,Total,1
2011,IRL,Total,0
2012,IRL,Total,0
2013,IRL,Total,0
2014,IRL,Total,0
2015,IRL,Total,0
2016,IRL,Total,0
2017,IRL,Total,0
2018,IRL,Total,0
2019,IRL,Total,0
2020,IRL,Total,0
2021,IRL,Total,0
2022,IRL,Total,0
2023,IRL,Total,0
2024,IRL,Total,1
2025,IRL,Total,-6
2001,ISR,Total,1
2002,ISR,Total,1
2003,ISR,Total,0
2004,ISR,Total,0
2005,ISR,Total,0
2006,ISR,Total,0
2007,ISR,Total,1
2008,ISR,Total,1
2009,ISR,Total,0
2010,ISR,Total,0
2011,ISR,Total,1
2012,ISR,Total,0
2013,ISR,Total,1
2014,ISR,Total,1
2015,ISR,Total,1
2016,ISR,Total,0
2017,ISR,Total,0
2018,ISR,Total,0
2019,ISR,Total,0
2020,ISR,Total,0
2021,ISR,Total,0
2022,ISR,Total,-1
2023,ISR,Total,1
2024,ISR,Total,1
2025,ISR,Total,0
1991,ITA,Total,0
1992,ITA,Total,0
1993,ITA,Total,0
1994,ITA,Total,0
1995,ITA,Total,0
1996,ITA,Total,0
1997,ITA,Total,0
1998,ITA,Total,0
1999,ITA,Total,0
2000,ITA,Total,65
2001,ITA,Total,0
2002,ITA,Total,0
2003,ITA,Total,1
2004,ITA,Total,3
2005,ITA,Total,4
2006,ITA,Total,4
2007,ITA,Total,3
2008,ITA,Total,3
2009,ITA,Total,1
2010,ITA,Total,3
2011,ITA,Total,1
2012,ITA,Total,0
2013,ITA,Total,-2
2014,ITA,Total,-4
2015,ITA,Total,-6
2016,ITA,Total,-5
2017,ITA,Total,-1
2018,ITA,Total,0
2019,ITA,Total,0
2020,ITA,Total,-3
2021,ITA,Total,-2
2022,ITA,Total,1
2023,ITA,Total,0
2024,ITA,Total,-1
2025,ITA,Total,2
2001,JAM,Total,0
2002,JAM,Total,0
2003,JAM,Total,0
2004,JAM,Total,0
2005,JAM,Total,0
2006,JAM,Total,0
2007,JAM,Total,0
2008,JAM,Total,0
2009,JAM,Total,0
2010,JAM,Total,0
2011,JAM,Total,0
2012,JAM,Total,0
2013,JAM,Total,0
2014,JAM,Total,0
2015,JAM,Total,0
2016,JAM,Total,0
2017,JAM,Total,0
2018,JAM,Total,0
2019,JAM,Total,0
2020,JAM,Total,0
2021,JAM,Total,0
2022,JAM,Total,0
2023,JAM,Total,0
2024,JAM,Total,0
1986,JPN,Total,0
1987,JPN,Total,0
1988,JPN,Total,0
1989,JPN,Total,0
1990,JPN,Total,0
1991,JPN,Total,0
1992,JPN,Total,0
1993,JPN,Total,0
1994,JPN,Total,0
1995,JPN,Total,0
1996,JPN,Total,0
1997,JPN,Total,0
1998,JPN,Total,0
1999,JPN,Total,0
2000,JPN,Total,130
2001,JPN,Total,-5
2002,JPN,Total,4
2003,JPN,Total,2
2004,JPN,Total,2
2005,JPN,Total,0
2006,JPN,Total,0
2007,JPN,Total,3
2008,JPN,Total,4
2009,JPN,Total,4
2010,JPN,Total,4
2011,JPN,Total,0
2012,JPN,Total,1
2013,JPN,Total,5
2014,JPN,Total,6
2015,JPN,Total,2
2016,JPN,Total,3
2017,JPN,Total,-1
2018,JPN,Total,0
2019,JPN,Total,-2
2020,JPN,Total,3
2021,JPN,Total,-3
2022,JPN,Total,-1
2023,JPN,Total,-4
2024,JPN,Total,-1
2025,JPN,Total,-1
2001,JOR,Total,0
2002,JOR,Total,0
2003,JOR,Total,0
2004,JOR,Total,0
2005,JOR,Total,0
2006,JOR,Total,0
2007,JOR,Total,0
2008,JOR,Total,0
2009,JOR,Total,0
2010,JOR,Total,0
2011,JOR,Total,0
2012,JOR,Total,0
2013,JOR,Total,0
2014,JOR,Total,1
2015,JOR,Total,0
2016,JOR,Total,0
2017,JOR,Total,0
2018,JOR,Total,1
2019,JOR,Total,0
2020,JOR,Total,0
2021,JOR,Total,0
2022,JOR,Total,0
2023,JOR,Total,0
2024,JOR,Total,0
1986,KAZ,Total,0
1987,KAZ,Total,0
1988,KAZ,Total,0
1989,KAZ,Total,0
1990,KAZ,Total,0
1991,KAZ,Total,0
1992,KAZ,Total,0
1993,KAZ,Total,0
1994,KAZ,Total,0
1995,KAZ,Total,0
1996,KAZ,Total,0
1997,KAZ,Total,0
1998,KAZ,Total,0
1999,KAZ,Total,0
2000,KAZ,Total,15
2001,KAZ,Total,0
2002,KAZ,Total,0
2003,KAZ,Total,0
2004,KAZ,Total,0
2005,KAZ,Total,0
2006,KAZ,Total,0
2007,KAZ,Total,0
2008,KAZ,Total,0
2009,KAZ,Total,0
2010,KAZ,Total,0
2011,KAZ,Total,0
2012,KAZ,Total,0
2013,KAZ,Total,0
2014,KAZ,Total,0
2015,KAZ,Total,0
2016,KAZ,Total,1
2017,KAZ,Total,0
2018,KAZ,Total,0
2019,KAZ,Total,0
2020,KAZ,Total,0
2021,KAZ,Total,0
2022,KAZ,Total,0
2023,KAZ,Total,0
2024,KAZ,Total,0
2025,KAZ,Total,1
2001,KEN,Total,0
2002,KEN,Total,0
2003,KEN,Total,0
2004,KEN,Total,0
2005,KEN,Total,0
2006,KEN,Total,0
2007,KEN,Total,0
2008,KEN,Total,0
2009,KEN,Total,0
2010,KEN,Total,0
2011,KEN,Total,0
2012,KEN,Total,0
2013,KEN,Total,0
2014,KEN,Total,0
2015,KEN,Total,0
2016,KEN,Total,0
2017,KEN,Total,0
2018,KEN,Total,0
2019,KEN,Total,0
2020,KEN,Total,0
2021,KEN,Total,0
2022,KEN,Total,0
2023,KEN,Total,0
2024,KEN,Total,0
2025,KEN,Total,0
2001,KIR,Total,0
2002,KIR,Total,0
2003,KIR,Total,0
2004,KIR,Total,0
2005,KIR,Total,0
2006,KIR,Total,0
2007,KIR,Total,0
2008,KIR,Total,0
2009,KIR,Total,0
2010,KIR,Total,0
2011,KIR,Total,0
2012,KIR,Total,0
2013,KIR,Total,0
2014,KIR,Total,0
2015,KIR,Total,0
2016,KIR,Total,0
2017,KIR,Total,0
2018,KIR,Total,0
2019,KIR,Total,0
2020,KIR,Total,0
2021,KIR,Total,0
2022,KIR,Total,0
2023,KIR,Total,0
2024,KIR,Total,0
2001,XKX,Total,0
2002,XKX,Total,0
2003,XKX,Total,0
2004,XKX,Total,0
2005,XKX,Total,0
2006,XKX,Total,0
2007,XKX,Total,0
2008,XKX,Total,0
2009,XKX,Total,0
2010,XKX,Total,0
2011,XKX,Total,0
2012,XKX,Total,0
2013,XKX,Total,0
2014,XKX,Total,0
2015,XKX,Total,0
2016,XKX,Total,0
2017,XKX,Total,0
2018,XKX,Total,0
2019,XKX,Total,0
2020,XKX,Total,0
2021,XKX,Total,0
2022,XKX,Total,0
2023,XKX,Total,0
2024,XKX,Total,0
2025,XKX,Total,0
2001,KWT,Total,0
2002,KWT,Total,0
2003,KWT,Total,0
2004,KWT,Total,1
2005,KWT,Total,1
2006,KWT,Total,0
2007,KWT,Total,0
2008,KWT,Total,1
2009,KWT,Total,0
2010,KWT,Total,1
2011,KWT,Total,1
2012,KWT,Total,1
2013,KWT,Total,0
2014,KWT,Total,0
2015,KWT,Total,3
2016,KWT,Total,1
2017,KWT,Total,0
2018,KWT,Total,0
2019,KWT,Total,1
2020,KWT,Total,1
2021,KWT,Total,0
2022,KWT,Total,0
2023,KWT,Total,0
2024,KWT,Total,0
2025,KWT,Total,-20
2001,KGZ,Total,0
2002,KGZ,Total,0
2003,KGZ,Total,0
2004,KGZ,Total,0
2005,KGZ,Total,0
2006,KGZ,Total,0
2007,KGZ,Total,0
2008,KGZ,Total,0
2009,KGZ,Total,0
2010,KGZ,Total,0
2011,KGZ,Total,0
2012,KGZ,Total,0
2013,KGZ,Total,0
2014,KGZ,Total,0
2015,KGZ,Total,0
2016,KGZ,Total,0
2017,KGZ,Total,0
2018,KGZ,Total,0
2019,KGZ,Total,0
2020,KGZ,Total,0
2021,KGZ,Total,0
2022,KGZ,Total,0
2023,KGZ,Total,0
2024,KGZ,Total,0
2001,LAO,Total,0
2002,LAO,Total,0
2003,LAO,Total,0
2004,LAO,Total,0
2005,LAO,Total,0
2006,LAO,Total,0
2007,LAO,Total,0
2008,LAO,Total,0
2009,LAO,Total,0
2010,LAO,Total,0
2011,LAO,Total,0
2012,LAO,Total,0
2013,LAO,Total,0
2014,LAO,Total,0
2015,LAO,Total,1
2016,LAO,Total,1
2017,LAO,Total,0
2018,LAO,Total,0
2019,LAO,Total,0
2020,LAO,Total,0
2021,LAO,Total,0
2022,LAO,Total,0
2023,LAO,Total,0
2024,LAO,Total,0
1991,LVA,Total,0
1992,LVA,Total,0
1993,LVA,Total,0
1994,LVA,Total,0
1995,LVA,Total,0
1996,LVA,Total,0
1997,LVA,Total,0
1998,LVA,Total,0
1999,LVA,Total,0
2000,LVA,Total,1
2001,LVA,Total,0
2002,LVA,Total,0
2003,LVA,Total,0
2004,LVA,Total,0
2005,LVA,Total,0
2006,LVA,Total,0
2007,LVA,Total,0
2008,LVA,Total,0
2009,LVA,Total,0
2010,LVA,Total,0
2011,LVA,Total,0
2012,LVA,Total,0
2013,LVA,Total,0
2014,LVA,Total,0
2015,LVA,Total,0
2016,LVA,Total,0
2017,LVA,Total,0
2018,LVA,Total,0
2019,LVA,Total,0
2020,LVA,Total,0
2021,LVA,Total,0
2022,LVA,Total,0
2023,LVA,Total,0
2024,LVA,Total,0
2025,LVA,Total,0
2001,LBN,Total,0
2002,LBN,Total,0
2003,LBN,Total,0
2004,LBN,Total,0
2005,LBN,Total,0
2006,LBN,Total,0
2007,LBN,Total,0
2008,LBN,Total,0
2009,LBN,Total,0
2010,LBN,Total,0
2011,LBN,Total,0
2012,LBN,Total,0
2013,LBN,Total,0
2014,LBN,Total,0
2015,LBN,Total,0
2016,LBN,Total,0
2017,LBN,Total,0
2018,LBN,Total,0
2019,LBN,Total,0
2020,LBN,Total,0
2021,LBN,Total,0
2022,LBN,Total,0
2023,LBN,Total,0
2024,LBN,Total,0
2001,LSO,Total,0
2002,LSO,Total,0
2003,LSO,Total,0
2004,LSO,Total,0
2005,LSO,Total,0
2006,LSO,Total,0
2007,LSO,Total,0
2008,LSO,Total,0
2009,LSO,Total,0
2010,LSO,Total,0
2011,LSO,Total,0
2012,LSO,Total,0
2013,LSO,Total,0
2014,LSO,Total,0
2015,LSO,Total,0
2016,LSO,Total,0
2017,LSO,Total,0
2018,LSO,Total,0
2019,LSO,Total,0
2020,LSO,Total,0
2021,LSO,Total,0
2022,LSO,Total,0
2023,LSO,Total,0
2024,LSO,Total,0
2001,LBR,Total,0
2002,LBR,Total,0
2003,LBR,Total,0
2004,LBR,Total,0
2005,LBR,Total,0
2006,LBR,Total,0
2007,LBR,Total,0
2008,LBR,Total,0
2009,LBR,Total,0
2010,LBR,Total,0
2011,LBR,Total,0
2012,LBR,Total,0
2013,LBR,Total,0
2014,LBR,Total,0
2015,LBR,Total,0
2016,LBR,Total,0
2017,LBR,Total,0
2018,LBR,Total,0
2019,LBR,Total,0
2020,LBR,Total,0
2021,LBR,Total,0
2022,LBR,Total,0
2023,LBR,Total,0
2024,LBR,Total,0
2001,LBY,Total,0
2002,LBY,Total,0
2003,LBY,Total,0
2004,LBY,Total,0
2005,LBY,Total,0
2006,LBY,Total,0
2007,LBY,Total,2
2008,LBY,Total,0
2009,LBY,Total,1
2010,LBY,Total,1
2011,LBY,Total,0
2012,LBY,Total,1
2013,LBY,Total,1
2014,LBY,Total,0
2015,LBY,Total,0
2016,LBY,Total,0
2017,LBY,Total,0
2018,LBY,Total,0
2019,LBY,Total,0
2020,LBY,Total,0
2021,LBY,Total,0
2022,LBY,Total,1
2023,LBY,Total,0
2024,LBY,Total,1
1991,LTU,Total,0
1992,LTU,Total,0
1993,LTU,Total,0
1994,LTU,Total,0
1995,LTU,Total,0
1996,LTU,Total,0
1997,LTU,Total,0
1998,LTU,Total,0
1999,LTU,Total,0
2000,LTU,Total,2
2001,LTU,Total,0
2002,LTU,Total,0
2003,LTU,Total,0
2004,LTU,Total,0
2005,LTU,Total,0
2006,LTU,Total,0
2007,LTU,Total,0
2008,LTU,Total,0
2009,LTU,Total,0
2010,LTU,Total,0
2011,LTU,Total,0
2012,LTU,Total,0
2013,LTU,Total,0
2014,LTU,Total,0
2015,LTU,Total,-1
2016,LTU,Total,0
2017,LTU,Total,0
2018,LTU,Total,0
2019,LTU,Total,0
2020,LTU,Total,0
2021,LTU,Total,0
2022,LTU,Total,0
2023,LTU,Total,0
2024,LTU,Total,0
2025,LTU,Total,0
1991,LUX,Total,0
1992,LUX,Total,0
1993,LUX,Total,0
1994,LUX,Total,0
1995,LUX,Total,0
1996,LUX,Total,0
1997,LUX,Total,0
1998,LUX,Total,0
1999,LUX,Total,0
2000,LUX,Total,0
2001,LUX,Total,0
2002,LUX,Total,0
2003,LUX,Total,0
2004,LUX,Total,0
2005,LUX,Total,0
2006,LUX,Total,0
2007,LUX,Total,0
2008,LUX,Total,0
2009,LUX,Total,0
2010,LUX,Total,0
2011,LUX,Total,0
2012,LUX,Total,0
2013,LUX,Total,0
2014,LUX,Total,0
2015,LUX,Total,0
2016,LUX,Total,0
2017,LUX,Total,0
2018,LUX,Total,0
2019,LUX,Total,0
2020,LUX,Total,0
2021,LUX,Total,0
2022,LUX,Total,0
2023,LUX,Total,0
2024,LUX,Total,0
2025,LUX,Total,0
2001,MAC,Total,0
2002,MAC,Total,0
2003,MAC,Total,0
2004,MAC,Total,0
2005,MAC,Total,0
2006,MAC,Total,0
2007,MAC,Total,0
2008,MAC,Total,0
2009,MAC,Total,0
2010,MAC,Total,0
2011,MAC,Total,0
2012,MAC,Total,0
2013,MAC,Total,0
2014,MAC,Total,0
2015,MAC,Total,0
2016,MAC,Total,0
2017,MAC,Total,0
2018,MAC,Total,0
2019,MAC,Total,0
2020,MAC,Total,0
2021,MAC,Total,0
2022,MAC,Total,0
2023,MAC,Total,0
2024,MAC,Total,0
2001,MDG,Total,0
2002,MDG,Total,0
2003,MDG,Total,0
2004,MDG,Total,0
2005,MDG,Total,0
2006,MDG,Total,0
2007,MDG,Total,0
2008,MDG,Total,0
2009,MDG,Total,0
2010,MDG,Total,0
2011,MDG,Total,0
2012,MDG,Total,0
2013,MDG,Total,0
2014,MDG,Total,0
2015,MDG,Total,0
2016,MDG,Total,0
2017,MDG,Total,0
2018,MDG,Total,0
2019,MDG,Total,0
2020,MDG,Total,0
2021,MDG,Total,0
2022,MDG,Total,0
2023,MDG,Total,0
2024,MDG,Total,0
2001,MWI,Total,0
2002,MWI,Total,0
2003,MWI,Total,0
2004,MWI,Total,0
2005,MWI,Total,0
2006,MWI,Total,0
2007,MWI,Total,0
2008,MWI,Total,0
2009,MWI,Total,0
2010,MWI,Total,0
2011,MWI,Total,0
2012,MWI,Total,0
2013,MWI,Total,0
2014,MWI,Total,0
2015,MWI,Total,0
2016,MWI,Total,0
2017,MWI,Total,0
2018,MWI,Total,0
2019,MWI,Total,0
2020,MWI,Total,0
2021,MWI,Total,0
2022,MWI,Total,0
2023,MWI,Total,0
2024,MWI,Total,0
1986,MYS,Total,0
1987,MYS,Total,0
1988,MYS,Total,0
1989,MYS,Total,0
1990,MYS,Total,0
1991,MYS,Total,0
1992,MYS,Total,0
1993,MYS,Total,0
1994,MYS,Total,0
1995,MYS,Total,0
1996,MYS,Total,0
1997,MYS,Total,0
1998,MYS,Total,0
1999,MYS,Total,0
2000,MYS,Total,11
2001,MYS,Total,1
2002,MYS,Total,1
2003,MYS,Total,2
2004,MYS,Total,-1
2005,MYS,Total,0
2006,MYS,Total,1
2007,MYS,Total,2
2008,MYS,Total,0
2009,MYS,Total,2
2010,MYS,Total,0
2011,MYS,Total,1
2012,MYS,Total,-1
2013,MYS,Total,1
2014,MYS,Total,-1
2015,MYS,Total,1
2016,MYS,Total,2
2017,MYS,Total,3
2018,MYS,Total,0
2019,MYS,Total,2
2020,MYS,Total,-2
2021,MYS,Total,3
2022,MYS,Total,1
2023,MYS,Total,0
2024,MYS,Total,-1
2025,MYS,Total,1
2001,MDV,Total,0
2002,MDV,Total,0
2003,MDV,Total,0
2004,MDV,Total,0
2005,MDV,Total,0
2006,MDV,Total,0
2007,MDV,Total,0
2008,MDV,Total,0
2009,MDV,Total,0
2010,MDV,Total,0
2011,MDV,Total,0
2012,MDV,Total,0
2013,MDV,Total,0
2014,MDV,Total,0
2015,MDV,Total,0
2016,MDV,Total,0
2017,MDV,Total,0
2018,MDV,Total,0
2019,MDV,Total,0
2020,MDV,Total,0
2021,MDV,Total,0
2022,MDV,Total,0
2023,MDV,Total,0
2024,MDV,Total,0
2001,MLI,Total,0
2002,MLI,Total,0
2003,MLI,Total,0
2004,MLI,Total,0
2005,MLI,Total,0
2006,MLI,Total,0
2007,MLI,Total,0
2008,MLI,Total,0
2009,MLI,Total,0
2010,MLI,Total,0
2011,MLI,Total,0
2012,MLI,Total,0
2013,MLI,Total,0
2014,MLI,Total,0
2015,MLI,Total,0
2016,MLI,Total,0
2017,MLI,Total,0
2018,MLI,Total,0
2019,MLI,Total,0
2020,MLI,Total,0
2021,MLI,Total,0
2022,MLI,Total,0
2023,MLI,Total,0
2024,MLI,Total,0
1991,MLT,Total,0
1992,MLT,Total,0
1993,MLT,Total,0
1994,MLT,Total,0
1995,MLT,Total,0
1996,MLT,Total,0
1997,MLT,Total,0
1998,MLT,Total,0
1999,MLT,Total,0
2000,MLT,Total,0
2001,MLT,Total,0
2002,MLT,Total,0
2003,MLT,Total,0
2004,MLT,Total,0
2005,MLT,Total,0
2006,MLT,Total,0
2007,MLT,Total,0
2008,MLT,Total,0
2009,MLT,Total,0
2010,MLT,Total,0
2011,MLT,Total,0
2012,MLT,Total,0
2013,MLT,Total,0
2014,MLT,Total,0
2015,MLT,Total,0
2016,MLT,Total,0
2017,MLT,Total,0
2018,MLT,Total,0
2019,MLT,Total,0
2020,MLT,Total,0
2021,MLT,Total,0
2022,MLT,Total,0
2023,MLT,Total,0
2024,MLT,Total,0
2025,MLT,Total,0
2001,MTQ,Total,0
2002,MTQ,Total,0
2003,MTQ,Total,0
2004,MTQ,Total,0
2005,MTQ,Total,0
2006,MTQ,Total,0
2007,MTQ,Total,0
2008,MTQ,Total,0
2009,MTQ,Total,0
2010,MTQ,Total,0
2011,MTQ,Total,0
2012,MTQ,Total,0
2013,MTQ,Total,0
2014,MTQ,Total,0
2015,MTQ,Total,0
2016,MTQ,Total,0
2017,MTQ,Total,0
2018,MTQ,Total,0
2019,MTQ,Total,0
2020,MTQ,Total,0
2021,MTQ,Total,0
2022,MTQ,Total,0
2023,MTQ,Total,0
2001,MRT,Total,0
2002,MRT,Total,0
2003,MRT,Total,0
2004,MRT,Total,0
2005,MRT,Total,0
2006,MRT,Total,0
2007,MRT,Total,0
2008,MRT,Total,0
2009,MRT,Total,0
2010,MRT,Total,0
2011,MRT,Total,0
2012,MRT,Total,0
2013,MRT,Total,0
2014,MRT,Total,0
2015,MRT,Total,0
2016,MRT,Total,0
2017,MRT,Total,0
2018,MRT,Total,0
2019,MRT,Total,0
2020,MRT,Total,0
2021,MRT,Total,0
2022,MRT,Total,0
2023,MRT,Total,0
2024,MRT,Total,0
2001,MUS,Total,0
2002,MUS,Total,0
2003,MUS,Total,0
2004,MUS,Total,0
2005,MUS,Total,0
2006,MUS,Total,0
2007,MUS,Total,0
2008,MUS,Total,0
2009,MUS,Total,0
2010,MUS,Total,0
2011,MUS,Total,0
2012,MUS,Total,0
2013,MUS,Total,0
2014,MUS,Total,0
2015,MUS,Total,0
2016,MUS,Total,0
2017,MUS,Total,0
2018,MUS,Total,0
2019,MUS,Total,0
2020,MUS,Total,0
2021,MUS,Total,0
2022,MUS,Total,0
2023,MUS,Total,0
2024,MUS,Total,0
1986,MEX,Total,0
1987,MEX,Total,0
1988,MEX,Total,0
1989,MEX,Total,0
1990,MEX,Total,0
1991,MEX,Total,0
1992,MEX,Total,0
1993,MEX,Total,0
1994,MEX,Total,0
1995,MEX,Total,0
1996,MEX,Total,0
1997,MEX,Total,0
1998,MEX,Total,0
1999,MEX,Total,0
2000,MEX,Total,30
2001,MEX,Total,1
2002,MEX,Total,3
2003,MEX,Total,6
2004,MEX,Total,0
2005,MEX,Total,1
2006,MEX,Total,3
2007,MEX,Total,3
2008,MEX,Total,0
2009,MEX,Total,1
2010,MEX,Total,2
2011,MEX,Total,0
2012,MEX,Total,0
2013,MEX,Total,2
2014,MEX,Total,1
2015,MEX,Total,1
2016,MEX,Total,3
2017,MEX,Total,2
2018,MEX,Total,8
2019,MEX,Total,4
2020,MEX,Total,2
2021,MEX,Total,2
2022,MEX,Total,15
2023,MEX,Total,1
2024,MEX,Total,1
2025,MEX,Total,2
2001,MDA,Total,0
2002,MDA,Total,0
2003,MDA,Total,0
2004,MDA,Total,0
2005,MDA,Total,0
2006,MDA,Total,0
2007,MDA,Total,0
2008,MDA,Total,0
2009,MDA,Total,0
2010,MDA,Total,0
2011,MDA,Total,0
2012,MDA,Total,0
2013,MDA,Total,0
2014,MDA,Total,0
2015,MDA,Total,0
2016,MDA,Total,0
2017,MDA,Total,0
2018,MDA,Total,0
2019,MDA,Total,0
2020,MDA,Total,0
2021,MDA,Total,0
2022,MDA,Total,0
2023,MDA,Total,0
2024,MDA,Total,0
2025,MDA,Total,0
2001,MNG,Total,0
2002,MNG,Total,0
2003,MNG,Total,0
2004,MNG,Total,0
2005,MNG,Total,0
2006,MNG,Total,0
2007,MNG,Total,0
2008,MNG,Total,0
2009,MNG,Total,0
2010,MNG,Total,0
2011,MNG,Total,0
2012,MNG,Total,0
2013,MNG,Total,0
2014,MNG,Total,0
2015,MNG,Total,0
2016,MNG,Total,0
2017,MNG,Total,0
2018,MNG,Total,0
2019,MNG,Total,0
2020,MNG,Total,0
2021,MNG,Total,0
2022,MNG,Total,0
2023,MNG,Total,0
2024,MNG,Total,0
2025,MNG,Total,0
2006,MNE,Total,0
2007,MNE,Total,0
2008,MNE,Total,0
2009,MNE,Total,0
2010,MNE,Total,0
2011,MNE,Total,0
2012,MNE,Total,0
2013,MNE,Total,0
2014,MNE,Total,0
2015,MNE,Total,0
2016,MNE,Total,0
2017,MNE,Total,0
2018,MNE,Total,0
2019,MNE,Total,0
2020,MNE,Total,0
2021,MNE,Total,0
2022,MNE,Total,0
2023,MNE,Total,0
2024,MNE,Total,0
2025,MNE,Total,0
2001,MSR,Total,0
2002,MSR,Total,0
2003,MSR,Total,0
2004,MSR,Total,0
2005,MSR,Total,0
2006,MSR,Total,0
2007,MSR,Total,0
2008,MSR,Total,0
2009,MSR,Total,0
2010,MSR,Total,0
2011,MSR,Total,0
2012,MSR,Total,0
2013,MSR,Total,0
2014,MSR,Total,0
2015,MSR,Total,0
2016,MSR,Total,0
2017,MSR,Total,0
2018,MSR,Total,0
2019,MSR,Total,0
2020,MSR,Total,0
2021,MSR,Total,0
2022,MSR,Total,0
2023,MSR,Total,0
2024,MSR,Total,0
2001,MAR,Total,0
2002,MAR,Total,0
2003,MAR,Total,0
2004,MAR,Total,0
2005,MAR,Total,0
2006,MAR,Total,0
2007,MAR,Total,0
2008,MAR,Total,0
2009,MAR,Total,0
2010,MAR,Total,0
2011,MAR,Total,0
2012,MAR,Total,0
2013,MAR,Total,0
2014,MAR,Total,1
2015,MAR,Total,0
2016,MAR,Total,0
2017,MAR,Total,0
2018,MAR,Total,1
2019,MAR,Total,0
2020,MAR,Total,0
2021,MAR,Total,0
2022,MAR,Total,0
2023,MAR,Total,0
2024,MAR,Total,0
2025,MAR,Total,0
2001,MOZ,Total,0
2002,MOZ,Total,0
2003,MOZ,Total,0
2004,MOZ,Total,0
2005,MOZ,Total,0
2006,MOZ,Total,0
2007,MOZ,Total,0
2008,MOZ,Total,0
2009,MOZ,Total,0
2010,MOZ,Total,0
2011,MOZ,Total,0
2012,MOZ,Total,0
2013,MOZ,Total,0
2014,MOZ,Total,0
2015,MOZ,Total,0
2016,MOZ,Total,0
2017,MOZ,Total,0
2018,MOZ,Total,0
2019,MOZ,Total,0
2020,MOZ,Total,0
2021,MOZ,Total,0
2022,MOZ,Total,0
2023,MOZ,Total,0
2024,MOZ,Total,0
2001,MMR,Total,0
2002,MMR,Total,0
2003,MMR,Total,0
2004,MMR,Total,0
2005,MMR,Total,0
2006,MMR,Total,0
2007,MMR,Total,0
2008,MMR,Total,0
2009,MMR,Total,0
2010,MMR,Total,0
2011,MMR,Total,0
2012,MMR,Total,0
2013,MMR,Total,0
2014,MMR,Total,1
2015,MMR,Total,0
2016,MMR,Total,0
2017,MMR,Total,0
2018,MMR,Total,0
2019,MMR,Total,0
2020,MMR,Total,0
2021,MMR,Total,0
2022,MMR,Total,0
2023,MMR,Total,0
2024,MMR,Total,0
2001,NAM,Total,0
2002,NAM,Total,0
2003,NAM,Total,0
2004,NAM,Total,0
2005,NAM,Total,0
2006,NAM,Total,0
2007,NAM,Total,0
2008,NAM,Total,0
2009,NAM,Total,0
2010,NAM,Total,0
2011,NAM,Total,0
2012,NAM,Total,0
2013,NAM,Total,0
2014,NAM,Total,0
2015,NAM,Total,0
2016,NAM,Total,0
2017,NAM,Total,0
2018,NAM,Total,0
2019,NAM,Total,0
2020,NAM,Total,0
2021,NAM,Total,0
2022,NAM,Total,0
2023,NAM,Total,0
2024,NAM,Total,0
2001,NRU,Total,0
2002,NRU,Total,0
2003,NRU,Total,0
2004,NRU,Total,0
2005,NRU,Total,0
2006,NRU,Total,0
2007,NRU,Total,0
2008,NRU,Total,0
2009,NRU,Total,0
2010,NRU,Total,0
2011,NRU,Total,0
2012,NRU,Total,0
2013,NRU,Total,0
2014,NRU,Total,0
2015,NRU,Total,0
2016,NRU,Total,0
2017,NRU,Total,0
2018,NRU,Total,0
2019,NRU,Total,0
2020,NRU,Total,0
2021,NRU,Total,0
2022,NRU,Total,0
2023,NRU,Total,0
2024,NRU,Total,0
2001,NPL,Total,0
2002,NPL,Total,0
2003,NPL,Total,0
2004,NPL,Total,0
2005,NPL,Total,0
2006,NPL,Total,0
2007,NPL,Total,0
2008,NPL,Total,0
2009,NPL,Total,0
2010,NPL,Total,0
2011,NPL,Total,0
2012,NPL,Total,0
2013,NPL,Total,0
2014,NPL,Total,0
2015,NPL,Total,0
2016,NPL,Total,0
2017,NPL,Total,0
2018,NPL,Total,0
2019,NPL,Total,0
2020,NPL,Total,0
2021,NPL,Total,0
2022,NPL,Total,0
2023,NPL,Total,0
2024,NPL,Total,0
1991,NLD,Total,0
1992,NLD,Total,0
1993,NLD,Total,0
1994,NLD,Total,0
1995,NLD,Total,0
1996,NLD,Total,0
1997,NLD,Total,0
1998,NLD,Total,0
1999,NLD,Total,0
2000,NLD,Total,11
2001,NLD,Total,0
2002,NLD,Total,0
2003,NLD,Total,0
2004,NLD,Total,1
2005,NLD,Total,0
2006,NLD,Total,0
2007,NLD,Total,0
2008,NLD,Total,0
2009,NLD,Total,0
2010,NLD,Total,2
2011,NLD,Total,1
2012,NLD,Total,2
2013,NLD,Total,2
2014,NLD,Total,0
2015,NLD,Total,1
2016,NLD,Total,1
2017,NLD,Total,-1
2018,NLD,Total,0
2019,NLD,Total,0
2020,NLD,Total,0
2021,NLD,Total,0
2022,NLD,Total,0
2023,NLD,Total,0
2024,NLD,Total,0
2025,NLD,Total,0
2001,NCL,Total,0
2002,NCL,Total,0
2003,NCL,Total,0
2004,NCL,Total,0
2005,NCL,Total,0
2006,NCL,Total,0
2007,NCL,Total,0
2008,NCL,Total,0
2009,NCL,Total,0
2010,NCL,Total,0
2011,NCL,Total,0
2012,NCL,Total,0
2013,NCL,Total,0
2014,NCL,Total,0
2015,NCL,Total,0
2016,NCL,Total,0
2017,NCL,Total,0
2018,NCL,Total,0
2019,NCL,Total,0
2020,NCL,Total,0
2021,NCL,Total,0
2022,NCL,Total,0
2023,NCL,Total,0
2024,NCL,Total,0
2001,NZL,Total,0
2002,NZL,Total,0
2003,NZL,Total,0
2004,NZL,Total,0
2005,NZL,Total,0
2006,NZL,Total,0
2007,NZL,Total,0
2008,NZL,Total,0
2009,NZL,Total,0
2010,NZL,Total,0
2011,NZL,Total,0
2012,NZL,Total,0
2013,NZL,Total,0
2014,NZL,Total,0
2015,NZL,Total,0
2016,NZL,Total,0
2017,NZL,Total,0
2018,NZL,Total,0
2019,NZL,Total,0
2020,NZL,Total,0
2021,NZL,Total,0
2022,NZL,Total,0
2023,NZL,Total,0
2024,NZL,Total,0
2025,NZL,Total,0
2001,NIC,Total,0
2002,NIC,Total,0
2003,NIC,Total,0
2004,NIC,Total,0
2005,NIC,Total,0
2006,NIC,Total,0
2007,NIC,Total,0
2008,NIC,Total,0
2009,NIC,Total,0
2010,NIC,Total,0
2011,NIC,Total,0
2012,NIC,Total,0
2013,NIC,Total,0
2014,NIC,Total,0
2015,NIC,Total,0
2016,NIC,Total,0
2017,NIC,Total,0
2018,NIC,Total,0
2019,NIC,Total,0
2020,NIC,Total,0
2021,NIC,Total,0
2022,NIC,Total,0
2023,NIC,Total,0
2024,NIC,Total,0
2001,NER,Total,0
2002,NER,Total,0
2003,NER,Total,0
2004,NER,Total,0
2005,NER,Total,0
2006,NER,Total,0
2007,NER,Total,0
2008,NER,Total,0
2009,NER,Total,0
2010,NER,Total,0
2011,NER,Total,0
2012,NER,Total,0
2013,NER,Total,0
2014,NER,Total,0
2015,NER,Total,0
2016,NER,Total,0
2017,NER,Total,0
2018,NER,Total,0
2019,NER,Total,0
2020,NER,Total,0
2021,NER,Total,0
2022,NER,Total,0
2023,NER,Total,0
2024,NER,Total,0
2001,NGA,Total,0
2002,NGA,Total,0
2003,NGA,Total,0
2004,NGA,Total,0
2005,NGA,Total,0
2006,NGA,Total,0
2007,NGA,Total,0
2008,NGA,Total,1
2009,NGA,Total,0
2010,NGA,Total,0
2011,NGA,Total,0
2012,NGA,Total,1
2013,NGA,Total,1
2014,NGA,Total,0
2015,NGA,Total,2
2016,NGA,Total,0
2017,NGA,Total,0
2018,NGA,Total,1
2019,NGA,Total,0
2020,NGA,Total,0
2021,NGA,Total,0
2022,NGA,Total,0
2023,NGA,Total,0
2024,NGA,Total,1
2025,NGA,Total,0
2001,PRK,Total,0
2002,PRK,Total,0
2003,PRK,Total,0
2004,PRK,Total,0
2005,PRK,Total,0
2006,PRK,Total,0
2007,PRK,Total,0
2008,PRK,Total,0
2009,PRK,Total,0
2010,PRK,Total,0
2011,PRK,Total,0
2012,PRK,Total,0
2013,PRK,Total,0
2014,PRK,Total,0
2015,PRK,Total,0
2016,PRK,Total,0
2017,PRK,Total,0
2018,PRK,Total,0
2019,PRK,Total,0
2020,PRK,Total,0
2021,PRK,Total,0
2022,PRK,Total,0
2023,PRK,Total,0
2024,PRK,Total,0
1991,MKD,Total,0
1992,MKD,Total,0
1993,MKD,Total,0
1994,MKD,Total,0
1995,MKD,Total,0
1996,MKD,Total,0
1997,MKD,Total,0
1998,MKD,Total,0
1999,MKD,Total,0
2000,MKD,Total,1
2001,MKD,Total,0
2002,MKD,Total,0
2003,MKD,Total,0
2004,MKD,Total,0
2005,MKD,Total,0
2006,MKD,Total,0
2007,MKD,Total,0
2008,MKD,Total,0
2009,MKD,Total,0
2010,MKD,Total,0
2011,MKD,Total,0
2012,MKD,Total,0
2013,MKD,Total,0
2014,MKD,Total,0
2015,MKD,Total,0
2016,MKD,Total,0
2017,MKD,Total,0
2018,MKD,Total,0
2019,MKD,Total,0
2020,MKD,Total,0
2021,MKD,Total,0
2022,MKD,Total,0
2023,MKD,Total,0
2024,MKD,Total,0
2025,MKD,Total,0
1991,NOR,Total,0
1992,NOR,Total,0
1993,NOR,Total,0
1994,NOR,Total,0
1995,NOR,Total,0
1996,NOR,Total,0
1997,NOR,Total,0
1998,NOR,Total,0
1999,NOR,Total,0
2000,NOR,Total,0
2001,NOR,Total,0
2002,NOR,Total,0
2003,NOR,Total,0
2004,NOR,Total,0
2005,NOR,Total,0
2006,NOR,Total,0
2007,NOR,Total,0
2008,NOR,Total,0
2009,NOR,Total,1
2010,NOR,Total,0
2011,NOR,Total,0
2012,NOR,Total,0
2013,NOR,Total,0
2014,NOR,Total,0
2015,NOR,Total,0
2016,NOR,Total,0
2017,NOR,Total,0
2018,NOR,Total,0
2019,NOR,Total,0
2020,NOR,Total,0
2021,NOR,Total,0
2022,NOR,Total,0
2023,NOR,Total,0
2024,NOR,Total,0
2025,NOR,Total,0
2001,OMN,Total,0
2002,OMN,Total,0
2003,OMN,Total,1
2004,OMN,Total,0
2005,OMN,Total,0
2006,OMN,Total,0
2007,OMN,Total,1
2008,OMN,Total,1
2009,OMN,Total,1
2010,OMN,Total,0
2011,OMN,Total,0
2012,OMN,Total,1
2013,OMN,Total,2
2014,OMN,Total,2
2015,OMN,Total,0
2016,OMN,Total,0
2017,OMN,Total,0
2018,OMN,Total,1
2019,OMN,Total,4
2020,OMN,Total,0
2021,OMN,Total,0
2022,OMN,Total,0
2023,OMN,Total,0
2024,OMN,Total,0
2025,OMN,Total,0
2001,PAK,Total,0
2002,PAK,Total,0
2003,PAK,Total,0
2004,PAK,Total,0
2005,PAK,Total,0
2006,PAK,Total,0
2007,PAK,Total,0
2008,PAK,Total,0
2009,PAK,Total,1
2010,PAK,Total,1
2011,PAK,Total,1
2012,PAK,Total,1
2013,PAK,Total,0
2014,PAK,Total,2
2015,PAK,Total,0
2016,PAK,Total,0
2017,PAK,Total,2
2018,PAK,Total,4
2019,PAK,Total,2
2020,PAK,Total,0
2021,PAK,Total,0
2022,PAK,Total,1
2023,PAK,Total,3
2024,PAK,Total,0
2025,PAK,Total,1
2001,PSE,Total,0
2002,PSE,Total,0
2003,PSE,Total,0
2004,PSE,Total,0
2005,PSE,Total,0
2006,PSE,Total,0
2007,PSE,Total,0
2008,PSE,Total,0
2009,PSE,Total,0
2010,PSE,Total,0
2011,PSE,Total,0
2012,PSE,Total,0
2013,PSE,Total,0
2014,PSE,Total,0
2015,PSE,Total,0
2016,PSE,Total,0
2017,PSE,Total,0
2018,PSE,Total,0
2019,PSE,Total,0
2020,PSE,Total,0
2021,PSE,Total,0
2022,PSE,Total,0
2023,PSE,Total,0
2024,PSE,Total,0
2001,PAN,Total,0
2002,PAN,Total,0
2003,PAN,Total,0
2004,PAN,Total,0
2005,PAN,Total,0
2006,PAN,Total,0
2007,PAN,Total,0
2008,PAN,Total,0
2009,PAN,Total,0
2010,PAN,Total,0
2011,PAN,Total,0
2012,PAN,Total,0
2013,PAN,Total,0
2014,PAN,Total,0
2015,PAN,Total,0
2016,PAN,Total,0
2017,PAN,Total,0
2018,PAN,Total,1
2019,PAN,Total,0
2020,PAN,Total,0
2021,PAN,Total,-1
2022,PAN,Total,0
2023,PAN,Total,0
2024,PAN,Total,1
2001,PNG,Total,0
2002,PNG,Total,0
2003,PNG,Total,0
2004,PNG,Total,0
2005,PNG,Total,0
2006,PNG,Total,0
2007,PNG,Total,0
2008,PNG,Total,0
2009,PNG,Total,0
2010,PNG,Total,0
2011,PNG,Total,0
2012,PNG,Total,0
2013,PNG,Total,0
2014,PNG,Total,0
2015,PNG,Total,0
2016,PNG,Total,0
2017,PNG,Total,0
2018,PNG,Total,0
2019,PNG,Total,0
2020,PNG,Total,0
2021,PNG,Total,0
2022,PNG,Total,0
2023,PNG,Total,0
2024,PNG,Total,0
2001,PRY,Total,0
2002,PRY,Total,0
2003,PRY,Total,0
2004,PRY,Total,0
2005,PRY,Total,0
2006,PRY,Total,0
2007,PRY,Total,0
2008,PRY,Total,0
2009,PRY,Total,0
2010,PRY,Total,0
2011,PRY,Total,0
2012,PRY,Total,0
2013,PRY,Total,0
2014,PRY,Total,0
2015,PRY,Total,0
2016,PRY,Total,0
2017,PRY,Total,0
2018,PRY,Total,0
2019,PRY,Total,0
2020,PRY,Total,0
2021,PRY,Total,0
2022,PRY,Total,0
2023,PRY,Total,0
2024,PRY,Total,0
2025,PRY,Total,0
2001,PER,Total,0
2002,PER,Total,0
2003,PER,Total,0
2004,PER,Total,0
2005,PER,Total,0
2006,PER,Total,0
2007,PER,Total,0
2008,PER,Total,0
2009,PER,Total,1
2010,PER,Total,0
2011,PER,Total,0
2012,PER,Total,1
2013,PER,Total,1
2014,PER,Total,0
2015,PER,Total,0
2016,PER,Total,1
2017,PER,Total,0
2018,PER,Total,0
2019,PER,Total,0
2020,PER,Total,0
2021,PER,Total,0
2022,PER,Total,0
2023,PER,Total,-1
2024,PER,Total,0
2025,PER,Total,-8
1991,POL,Total,0
1992,POL,Total,0
1993,POL,Total,0
1994,POL,Total,0
1995,POL,Total,0
1996,POL,Total,0
1997,POL,Total,0
1998,POL,Total,0
1999,POL,Total,0
2000,POL,Total,30
2001,POL,Total,0
2002,POL,Total,1
2003,POL,Total,0
2004,POL,Total,0
2005,POL,Total,0
2006,POL,Total,0
2007,POL,Total,0
2008,POL,Total,0
2009,POL,Total,0
2010,POL,Total,0
2011,POL,Total,1
2012,POL,Total,-1
2013,POL,Total,0
2014,POL,Total,0
2015,POL,Total,0
2016,POL,Total,0
2017,POL,Total,1
2018,POL,Total,1
2019,POL,Total,1
2020,POL,Total,0
2021,POL,Total,0
2022,POL,Total,0
2023,POL,Total,0
2024,POL,Total,1
2025,POL,Total,0
1991,PRT,Total,0
1992,PRT,Total,0
1993,PRT,Total,0
1994,PRT,Total,0
1995,PRT,Total,0
1996,PRT,Total,0
1997,PRT,Total,0
1998,PRT,Total,0
1999,PRT,Total,0
2000,PRT,Total,3
2001,PRT,Total,0
2002,PRT,Total,0
2003,PRT,Total,0
2004,PRT,Total,0
2005,PRT,Total,0
2006,PRT,Total,0
2007,PRT,Total,0
2008,PRT,Total,0
2009,PRT,Total,1
2010,PRT,Total,0
2011,PRT,Total,1
2012,PRT,Total,0
2013,PRT,Total,0
2014,PRT,Total,0
2015,PRT,Total,0
2016,PRT,Total,0
2017,PRT,Total,0
2018,PRT,Total,0
2019,PRT,Total,0
2020,PRT,Total,0
2021,PRT,Total,-2
2022,PRT,Total,0
2023,PRT,Total,0
2024,PRT,Total,0
2025,PRT,Total,0
2001,PRI,Total,0
2002,PRI,Total,0
2003,PRI,Total,0
2004,PRI,Total,0
2005,PRI,Total,0
2006,PRI,Total,0
2007,PRI,Total,0
2008,PRI,Total,0
2009,PRI,Total,0
2010,PRI,Total,0
2011,PRI,Total,0
2012,PRI,Total,0
2013,PRI,Total,0
2014,PRI,Total,0
2015,PRI,Total,0
2016,PRI,Total,0
2017,PRI,Total,0
2018,PRI,Total,0
2019,PRI,Total,0
2020,PRI,Total,0
2021,PRI,Total,0
2022,PRI,Total,0
2023,PRI,Total,0
2024,PRI,Total,0
2025,PRI,Total,0
2001,QAT,Total,0
2002,QAT,Total,0
2003,QAT,Total,0
2004,QAT,Total,1
2005,QAT,Total,0
2006,QAT,Total,0
2007,QAT,Total,1
2008,QAT,Total,1
2009,QAT,Total,0
2010,QAT,Total,2
2011,QAT,Total,4
2012,QAT,Total,0
2013,QAT,Total,0
2014,QAT,Total,0
2015,QAT,Total,0
2016,QAT,Total,0
2017,QAT,Total,1
2018,QAT,Total,1
2019,QAT,Total,0
2020,QAT,Total,0
2021,QAT,Total,0
2022,QAT,Total,0
2023,QAT,Total,0
2024,QAT,Total,0
2025,QAT,Total,-13
2001,REU,Total,0
2002,REU,Total,0
2003,REU,Total,0
2004,REU,Total,0
2005,REU,Total,0
2006,REU,Total,0
2007,REU,Total,0
2008,REU,Total,0
2009,REU,Total,0
2010,REU,Total,0
2011,REU,Total,0
2012,REU,Total,0
2013,REU,Total,0
2014,REU,Total,0
2015,REU,Total,0
2016,REU,Total,0
2017,REU,Total,0
2018,REU,Total,0
2019,REU,Total,0
2020,REU,Total,0
2021,REU,Total,0
2022,REU,Total,0
2023,REU,Total,0
1991,ROU,Total,0
1992,ROU,Total,0
1993,ROU,Total,0
1994,ROU,Total,0
1995,ROU,Total,0
1996,ROU,Total,0
1997,ROU,Total,0
1998,ROU,Total,0
1999,ROU,Total,0
2000,ROU,Total,11
2001,ROU,Total,0
2002,ROU,Total,0
2003,ROU,Total,0
2004,ROU,Total,0
2005,ROU,Total,0
2006,ROU,Total,0
2007,ROU,Total,0
2008,ROU,Total,0
2009,ROU,Total,0
2010,ROU,Total,0
2011,ROU,Total,0
2012,ROU,Total,1
2013,ROU,Total,0
2014,ROU,Total,0
2015,ROU,Total,-1
2016,ROU,Total,0
2017,ROU,Total,0
2018,ROU,Total,0
2019,ROU,Total,-1
2020,ROU,Total,0
2021,ROU,Total,-2
2022,ROU,Total,0
2023,ROU,Total,0
2024,ROU,Total,0
2025,ROU,Total,0
1986,RUS,Total,0
1987,RUS,Total,0
1988,RUS,Total,0
1989,RUS,Total,0
1990,RUS,Total,0
1991,RUS,Total,0
1992,RUS,Total,0
1993,RUS,Total,0
1994,RUS,Total,0
1995,RUS,Total,0
1996,RUS,Total,0
1997,RUS,Total,0
1998,RUS,Total,0
1999,RUS,Total,0
2000,RUS,Total,117
2001,RUS,Total,1
2002,RUS,Total,0
2003,RUS,Total,1
2004,RUS,Total,0
2005,RUS,Total,1
2006,RUS,Total,1
2007,RUS,Total,0
2008,RUS,Total,2
2009,RUS,Total,1
2010,RUS,Total,1
2011,RUS,Total,5
2012,RUS,Total,4
2013,RUS,Total,2
2014,RUS,Total,7
2015,RUS,Total,3
2016,RUS,Total,2
2017,RUS,Total,1
2018,RUS,Total,1
2019,RUS,Total,0
2020,RUS,Total,-1
2021,RUS,Total,-2
2022,RUS,Total,0
2023,RUS,Total,0
2024,RUS,Total,1
2025,RUS,Total,3
2001,RWA,Total,0
2002,RWA,Total,0
2003,RWA,Total,0
2004,RWA,Total,0
2005,RWA,Total,0
2006,RWA,Total,0
2007,RWA,Total,0
2008,RWA,Total,0
2009,RWA,Total,0
2010,RWA,Total,0
2011,RWA,Total,0
2012,RWA,Total,0
2013,RWA,Total,0
2014,RWA,Total,0
2015,RWA,Total,0
2016,RWA,Total,0
2017,RWA,Total,0
2018,RWA,Total,0
2019,RWA,Total,0
2020,RWA,Total,0
2021,RWA,Total,0
2022,RWA,Total,0
2023,RWA,Total,0
2024,RWA,Total,0
2001,KNA,Total,0
2002,KNA,Total,0
2003,KNA,Total,0
2004,KNA,Total,0
2005,KNA,Total,0
2006,KNA,Total,0
2007,KNA,Total,0
2008,KNA,Total,0
2009,KNA,Total,0
2010,KNA,Total,0
2011,KNA,Total,0
2012,KNA,Total,0
2013,KNA,Total,0
2014,KNA,Total,0
2015,KNA,Total,0
2016,KNA,Total,0
2017,KNA,Total,0
2018,KNA,Total,0
2019,KNA,Total,0
2020,KNA,Total,0
2021,KNA,Total,0
2022,KNA,Total,0
2023,KNA,Total,0
2024,KNA,Total,0
2001,LCA,Total,0
2002,LCA,Total,0
2003,LCA,Total,0
2004,LCA,Total,0
2005,LCA,Total,0
2006,LCA,Total,0
2007,LCA,Total,0
2008,LCA,Total,0
2009,LCA,Total,0
2010,LCA,Total,0
2011,LCA,Total,0
2012,LCA,Total,0
2013,LCA,Total,0
2014,LCA,Total,0
2015,LCA,Total,0
2016,LCA,Total,0
2017,LCA,Total,0
2018,LCA,Total,0
2019,LCA,Total,0
2020,LCA,Total,0
2021,LCA,Total,0
2022,LCA,Total,0
2023,LCA,Total,0
2024,LCA,Total,0
2001,SPM,Total,0
2002,SPM,Total,0
2003,SPM,Total,0
2004,SPM,Total,0
2005,SPM,Total,0
2006,SPM,Total,0
2007,SPM,Total,0
2008,SPM,Total,0
2009,SPM,Total,0
2010,SPM,Total,0
2011,SPM,Total,0
2012,SPM,Total,0
2013,SPM,Total,0
2014,SPM,Total,0
2015,SPM,Total,0
2016,SPM,Total,0
2017,SPM,Total,0
2018,SPM,Total,0
2019,SPM,Total,0
2020,SPM,Total,0
2021,SPM,Total,0
2022,SPM,Total,0
2023,SPM,Total,0
2001,VCT,Total,0
2002,VCT,Total,0
2003,VCT,Total,0
2004,VCT,Total,0
2005,VCT,Total,0
2006,VCT,Total,0
2007,VCT,Total,0
2008,VCT,Total,0
2009,VCT,Total,0
2010,VCT,Total,0
2011,VCT,Total,0
2012,VCT,Total,0
2013,VCT,Total,0
2014,VCT,Total,0
2015,VCT,Total,0
2016,VCT,Total,0
2017,VCT,Total,0
2018,VCT,Total,0
2019,VCT,Total,0
2020,VCT,Total,0
2021,VCT,Total,0
2022,VCT,Total,0
2023,VCT,Total,0
2024,VCT,Total,0
2001,WSM,Total,0
2002,WSM,Total,0
2003,WSM,Total,0
2004,WSM,Total,0
2005,WSM,Total,0
2006,WSM,Total,0
2007,WSM,Total,0
2008,WSM,Total,0
2009,WSM,Total,0
2010,WSM,Total,0
2011,WSM,Total,0
2012,WSM,Total,0
2013,WSM,Total,0
2014,WSM,Total,0
2015,WSM,Total,0
2016,WSM,Total,0
2017,WSM,Total,0
2018,WSM,Total,0
2019,WSM,Total,0
2020,WSM,Total,0
2021,WSM,Total,0
2022,WSM,Total,0
2023,WSM,Total,0
2024,WSM,Total,0
2001,STP,Total,0
2002,STP,Total,0
2003,STP,Total,0
2004,STP,Total,0
2005,STP,Total,0
2006,STP,Total,0
2007,STP,Total,0
2008,STP,Total,0
2009,STP,Total,0
2010,STP,Total,0
2011,STP,Total,0
2012,STP,Total,0
2013,STP,Total,0
2014,STP,Total,0
2015,STP,Total,0
2016,STP,Total,0
2017,STP,Total,0
2018,STP,Total,0
2019,STP,Total,0
2020,STP,Total,0
2021,STP,Total,0
2022,STP,Total,0
2023,STP,Total,0
1986,SAU,Total,0
1987,SAU,Total,0
1988,SAU,Total,0
1989,SAU,Total,0
1990,SAU,Total,0
1991,SAU,Total,0
1992,SAU,Total,0
1993,SAU,Total,0
1994,SAU,Total,0
1995,SAU,Total,0
1996,SAU,Total,0
1997,SAU,Total,0
1998,SAU,Total,0
1999,SAU,Total,0
2000,SAU,Total,19
2001,SAU,Total,1
2002,SAU,Total,2
2003,SAU,Total,3
2004,SAU,Total,1
2005,SAU,Total,2
2006,SAU,Total,2
2007,SAU,Total,3
2008,SAU,Total,2
2009,SAU,Total,2
2010,SAU,Total,6
2011,SAU,Total,2
2012,SAU,Total,4
2013,SAU,Total,5
2014,SAU,Total,10
2015,SAU,Total,5
2016,SAU,Total,7
2017,SAU,Total,2
2018,SAU,Total,6
2019,SAU,Total,7
2020,SAU,Total,5
2021,SAU,Total,0
2022,SAU,Total,4
2023,SAU,Total,0
2024,SAU,Total,0
2001,SEN,Total,0
2002,SEN,Total,0
2003,SEN,Total,0
2004,SEN,Total,0
2005,SEN,Total,0
2006,SEN,Total,0
2007,SEN,Total,0
2008,SEN,Total,0
2009,SEN,Total,0
2010,SEN,Total,0
2011,SEN,Total,0
2012,SEN,Total,0
2013,SEN,Total,0
2014,SEN,Total,0
2015,SEN,Total,0
2016,SEN,Total,0
2017,SEN,Total,0
2018,SEN,Total,0
2019,SEN,Total,0
2020,SEN,Total,0
2021,SEN,Total,0
2022,SEN,Total,0
2023,SEN,Total,0
2024,SEN,Total,0
1991,SRB,Total,0
1992,SRB,Total,0
1993,SRB,Total,0
1994,SRB,Total,0
1995,SRB,Total,0
1996,SRB,Total,0
1997,SRB,Total,0
1998,SRB,Total,0
1999,SRB,Total,0
2000,SRB,Total,5
2001,SRB,Total,0
2002,SRB,Total,0
2003,SRB,Total,0
2004,SRB,Total,0
2005,SRB,Total,0
2006,SRB,Total,0
2007,SRB,Total,0
2008,SRB,Total,0
2009,SRB,Total,0
2010,SRB,Total,0
2011,SRB,Total,0
2012,SRB,Total,0
2013,SRB,Total,0
2014,SRB,Total,0
2015,SRB,Total,0
2016,SRB,Total,0
2017,SRB,Total,0
2018,SRB,Total,0
2019,SRB,Total,0
2020,SRB,Total,0
2021,SRB,Total,0
2022,SRB,Total,0
2023,SRB,Total,0
2024,SRB,Total,0
2025,SRB,Total,0
2001,SYC,Total,0
2002,SYC,Total,0
2003,SYC,Total,0
2004,SYC,Total,0
2005,SYC,Total,0
2006,SYC,Total,0
2007,SYC,Total,0
2008,SYC,Total,0
2009,SYC,Total,0
2010,SYC,Total,0
2011,SYC,Total,0
2012,SYC,Total,0
2013,SYC,Total,0
2014,SYC,Total,0
2015,SYC,Total,0
2016,SYC,Total,0
2017,SYC,Total,0
2018,SYC,Total,0
2019,SYC,Total,0
2020,SYC,Total,0
2021,SYC,Total,0
2022,SYC,Total,0
2023,SYC,Total,0
2024,SYC,Total,0
2001,SLE,Total,0
2002,SLE,Total,0
2003,SLE,Total,0
2004,SLE,Total,0
2005,SLE,Total,0
2006,SLE,Total,0
2007,SLE,Total,0
2008,SLE,Total,0
2009,SLE,Total,0
2010,SLE,Total,0
2011,SLE,Total,0
2012,SLE,Total,0
2013,SLE,Total,0
2014,SLE,Total,0
2015,SLE,Total,0
2016,SLE,Total,0
2017,SLE,Total,0
2018,SLE,Total,0
2019,SLE,Total,0
2020,SLE,Total,0
2021,SLE,Total,0
2022,SLE,Total,0
2023,SLE,Total,0
2024,SLE,Total,0
2001,SGP,Total,2
2002,SGP,Total,2
2003,SGP,Total,0
2004,SGP,Total,1
2005,SGP,Total,1
2006,SGP,Total,0
2007,SGP,Total,1
2008,SGP,Total,0
2009,SGP,Total,0
2010,SGP,Total,1
2011,SGP,Total,0
2012,SGP,Total,0
2013,SGP,Total,2
2014,SGP,Total,1
2015,SGP,Total,0
2016,SGP,Total,0
2017,SGP,Total,0
2018,SGP,Total,0
2019,SGP,Total,0
2020,SGP,Total,0
2021,SGP,Total,0
2022,SGP,Total,0
2023,SGP,Total,0
2024,SGP,Total,0
2025,SGP,Total,1
1991,SVK,Total,0
1992,SVK,Total,0
1993,SVK,Total,0
1994,SVK,Total,0
1995,SVK,Total,0
1996,SVK,Total,0
1997,SVK,Total,0
1998,SVK,Total,0
1999,SVK,Total,0
2000,SVK,Total,4
2001,SVK,Total,1
2002,SVK,Total,0
2003,SVK,Total,0
2004,SVK,Total,0
2005,SVK,Total,0
2006,SVK,Total,0
2007,SVK,Total,0
2008,SVK,Total,0
2009,SVK,Total,0
2010,SVK,Total,0
2011,SVK,Total,0
2012,SVK,Total,0
2013,SVK,Total,0
2014,SVK,Total,0
2015,SVK,Total,-1
2016,SVK,Total,0
2017,SVK,Total,0
2018,SVK,Total,0
2019,SVK,Total,0
2020,SVK,Total,0
2021,SVK,Total,0
2022,SVK,Total,0
2023,SVK,Total,0
2024,SVK,Total,0
2025,SVK,Total,0
1991,SVN,Total,0
1992,SVN,Total,0
1993,SVN,Total,0
1994,SVN,Total,0
1995,SVN,Total,0
1996,SVN,Total,0
1997,SVN,Total,0
1998,SVN,Total,0
1999,SVN,Total,0
2000,SVN,Total,1
2001,SVN,Total,0
2002,SVN,Total,0
2003,SVN,Total,0
2004,SVN,Total,0
2005,SVN,Total,0
2006,SVN,Total,0
2007,SVN,Total,0
2008,SVN,Total,0
2009,SVN,Total,0
2010,SVN,Total,0
2011,SVN,Total,0
2012,SVN,Total,0
2013,SVN,Total,0
2014,SVN,Total,0
2015,SVN,Total,1
2016,SVN,Total,0
2017,SVN,Total,0
2018,SVN,Total,0
2019,SVN,Total,0
2020,SVN,Total,0
2021,SVN,Total,0
2022,SVN,Total,0
2023,SVN,Total,0
2024,SVN,Total,0
2025,SVN,Total,0
2001,SLB,Total,0
2002,SLB,Total,0
2003,SLB,Total,0
2004,SLB,Total,0
2005,SLB,Total,0
2006,SLB,Total,0
2007,SLB,Total,0
2008,SLB,Total,0
2009,SLB,Total,0
2010,SLB,Total,0
2011,SLB,Total,0
2012,SLB,Total,0
2013,SLB,Total,0
2014,SLB,Total,0
2015,SLB,Total,0
2016,SLB,Total,0
2017,SLB,Total,0
2018,SLB,Total,0
2019,SLB,Total,0
2020,SLB,Total,0
2021,SLB,Total,0
2022,SLB,Total,0
2023,SLB,Total,0
2024,SLB,Total,0
2001,SOM,Total,0
2002,SOM,Total,0
2003,SOM,Total,0
2004,SOM,Total,0
2005,SOM,Total,0
2006,SOM,Total,0
2007,SOM,Total,0
2008,SOM,Total,0
2009,SOM,Total,0
2010,SOM,Total,0
2011,SOM,Total,0
2012,SOM,Total,0
2013,SOM,Total,0
2014,SOM,Total,0
2015,SOM,Total,0
2016,SOM,Total,0
2017,SOM,Total,0
2018,SOM,Total,0
2019,SOM,Total,0
2020,SOM,Total,0
2021,SOM,Total,0
2022,SOM,Total,0
2023,SOM,Total,0
2024,SOM,Total,0
2001,ZAF,Total,1
2002,ZAF,Total,0
2003,ZAF,Total,0
2004,ZAF,Total,0
2005,ZAF,Total,0
2006,ZAF,Total,0
2007,ZAF,Total,1
2008,ZAF,Total,0
2009,ZAF,Total,1
2010,ZAF,Total,0
2011,ZAF,Total,0
2012,ZAF,Total,0
2013,ZAF,Total,0
2014,ZAF,Total,0
2015,ZAF,Total,1
2016,ZAF,Total,1
2017,ZAF,Total,2
2018,ZAF,Total,1
2019,ZAF,Total,2
2020,ZAF,Total,1
2021,ZAF,Total,2
2022,ZAF,Total,0
2023,ZAF,Total,0
2024,ZAF,Total,1
2025,ZAF,Total,1
1986,KOR,Total,0
1987,KOR,Total,0
1988,KOR,Total,0
1989,KOR,Total,0
1990,KOR,Total,0
1991,KOR,Total,0
1992,KOR,Total,0
1993,KOR,Total,0
1994,KOR,Total,0
1995,KOR,Total,0
1996,KOR,Total,0
1997,KOR,Total,0
1998,KOR,Total,0
1999,KOR,Total,0
2000,KOR,Total,32
2001,KOR,Total,4
2002,KOR,Total,2
2003,KOR,Total,2
2004,KOR,Total,0
2005,KOR,Total,1
2006,KOR,Total,1
2007,KOR,Total,3
2008,KOR,Total,3
2009,KOR,Total,3
2010,KOR,Total,2
2011,KOR,Total,2
2012,KOR,Total,1
2013,KOR,Total,1
2014,KOR,Total,9
2015,KOR,Total,0
2016,KOR,Total,8
2017,KOR,Total,9
2018,KOR,Total,1
2019,KOR,Total,2
2020,KOR,Total,-1
2021,KOR,Total,2
2022,KOR,Total,1
2023,KOR,Total,3
2024,KOR,Total,5
2025,KOR,Total,1
2013,SSD,Total,0
2014,SSD,Total,0
2015,SSD,Total,0
2016,SSD,Total,0
2017,SSD,Total,0
2018,SSD,Total,0
2019,SSD,Total,0
2020,SSD,Total,0
2021,SSD,Total,0
2022,SSD,Total,0
2023,SSD,Total,0
2024,SSD,Total,0
1991,ESP,Total,0
1992,ESP,Total,0
1993,ESP,Total,0
1994,ESP,Total,0
1995,ESP,Total,0
1996,ESP,Total,0
1997,ESP,Total,0
1998,ESP,Total,0
1999,ESP,Total,0
2000,ESP,Total,17
2001,ESP,Total,1
2002,ESP,Total,3
2003,ESP,Total,3
2004,ESP,Total,2
2005,ESP,Total,5
2006,ESP,Total,5
2007,ESP,Total,3
2008,ESP,Total,3
2009,ESP,Total,1
2010,ESP,Total,1
2011,ESP,Total,1
2012,ESP,Total,-1
2013,ESP,Total,-1
2014,ESP,Total,0
2015,ESP,Total,0
2016,ESP,Total,-1
2017,ESP,Total,0
2018,ESP,Total,0
2019,ESP,Total,0
2020,ESP,Total,-5
2021,ESP,Total,-2
2022,ESP,Total,-1
2023,ESP,Total,0
2024,ESP,Total,-1
2025,ESP,Total,-1
2001,LKA,Total,0
2002,LKA,Total,0
2003,LKA,Total,0
2004,LKA,Total,0
2005,LKA,Total,0
2006,LKA,Total,0
2007,LKA,Total,0
2008,LKA,Total,0
2009,LKA,Total,0
2010,LKA,Total,0
2011,LKA,Total,0
2012,LKA,Total,0
2013,LKA,Total,0
2014,LKA,Total,1
2015,LKA,Total,0
2016,LKA,Total,0
2017,LKA,Total,0
2018,LKA,Total,0
2019,LKA,Total,0
2020,LKA,Total,0
2021,LKA,Total,0
2022,LKA,Total,0
2023,LKA,Total,0
2024,LKA,Total,-1
2025,LKA,Total,0
2001,SDN,Total,0
2002,SDN,Total,0
2003,SDN,Total,0
2004,SDN,Total,0
2005,SDN,Total,0
2006,SDN,Total,0
2007,SDN,Total,0
2008,SDN,Total,0
2009,SDN,Total,0
2010,SDN,Total,0
2011,SDN,Total,0
2012,SDN,Total,0
2013,SDN,Total,0
2014,SDN,Total,0
2015,SDN,Total,0
2016,SDN,Total,1
2017,SDN,Total,0
2018,SDN,Total,0
2019,SDN,Total,0
2020,SDN,Total,0
2021,SDN,Total,0
2022,SDN,Total,0
2023,SDN,Total,0
2024,SDN,Total,0
2001,SUR,Total,0
2002,SUR,Total,0
2003,SUR,Total,0
2004,SUR,Total,0
2005,SUR,Total,0
2006,SUR,Total,0
2007,SUR,Total,0
2008,SUR,Total,0
2009,SUR,Total,0
2010,SUR,Total,0
2011,SUR,Total,0
2012,SUR,Total,0
2013,SUR,Total,0
2014,SUR,Total,0
2015,SUR,Total,0
2016,SUR,Total,0
2017,SUR,Total,0
2018,SUR,Total,0
2019,SUR,Total,0
2020,SUR,Total,0
2021,SUR,Total,0
2022,SUR,Total,0
2023,SUR,Total,0
2024,SUR,Total,0
1991,SWE,Total,0
1992,SWE,Total,0
1993,SWE,Total,0
1994,SWE,Total,0
1995,SWE,Total,0
1996,SWE,Total,0
1997,SWE,Total,0
1998,SWE,Total,0
1999,SWE,Total,0
2000,SWE,Total,6
2001,SWE,Total,0
2002,SWE,Total,-1
2003,SWE,Total,1
2004,SWE,Total,0
2005,SWE,Total,-1
2006,SWE,Total,0
2007,SWE,Total,1
2008,SWE,Total,0
2009,SWE,Total,1
2010,SWE,Total,0
2011,SWE,Total,-2
2012,SWE,Total,1
2013,SWE,Total,0
2014,SWE,Total,0
2015,SWE,Total,-1
2016,SWE,Total,0
2017,SWE,Total,0
2018,SWE,Total,1
2019,SWE,Total,0
2020,SWE,Total,2
2021,SWE,Total,-1
2022,SWE,Total,0
2023,SWE,Total,0
2024,SWE,Total,1
2025,SWE,Total,0
2001,CHE,Total,0
2002,CHE,Total,0
2003,CHE,Total,0
2004,CHE,Total,0
2005,CHE,Total,0
2006,CHE,Total,0
2007,CHE,Total,0
2008,CHE,Total,0
2009,CHE,Total,0
2010,CHE,Total,0
2011,CHE,Total,0
2012,CHE,Total,0
2013,CHE,Total,0
2014,CHE,Total,0
2015,CHE,Total,0
2016,CHE,Total,0
2017,CHE,Total,0
2018,CHE,Total,0
2019,CHE,Total,0
2020,CHE,Total,0
2021,CHE,Total,0
2022,CHE,Total,0
2023,CHE,Total,0
2024,CHE,Total,0
2025,CHE,Total,0
2001,SYR,Total,0
2002,SYR,Total,0
2003,SYR,Total,0
2004,SYR,Total,0
2005,SYR,Total,0
2006,SYR,Total,0
2007,SYR,Total,1
2008,SYR,Total,0
2009,SYR,Total,1
2010,SYR,Total,0
2011,SYR,Total,0
2012,SYR,Total,0
2013,SYR,Total,1
2014,SYR,Total,0
2015,SYR,Total,0
2016,SYR,Total,0
2017,SYR,Total,0
2018,SYR,Total,0
2019,SYR,Total,0
2020,SYR,Total,0
2021,SYR,Total,0
2022,SYR,Total,0
2023,SYR,Total,0
2024,SYR,Total,0
1986,TWN,Total,0
1987,TWN,Total,0
1988,TWN,Total,0
1989,TWN,Total,0
1990,TWN,Total,0
1991,TWN,Total,0
1992,TWN,Total,0
1993,TWN,Total,0
1994,TWN,Total,0
1995,TWN,Total,0
1996,TWN,Total,0
1997,TWN,Total,0
1998,TWN,Total,0
1999,TWN,Total,0
2000,TWN,Total,26
2001,TWN,Total,-1
2002,TWN,Total,4
2003,TWN,Total,1
2004,TWN,Total,2
2005,TWN,Total,1
2006,TWN,Total,2
2007,TWN,Total,1
2008,TWN,Total,1
2009,TWN,Total,1
2010,TWN,Total,0
2011,TWN,Total,0
2012,TWN,Total,-1
2013,TWN,Total,0
2014,TWN,Total,-1
2015,TWN,Total,0
2016,TWN,Total,1
2017,TWN,Total,0
2018,TWN,Total,3
2019,TWN,Total,2
2020,TWN,Total,0
2021,TWN,Total,0
2022,TWN,Total,-1
2023,TWN,Total,0
2024,TWN,Total,1
2025,TWN,Total,0
2001,TJK,Total,0
2002,TJK,Total,0
2003,TJK,Total,0
2004,TJK,Total,0
2005,TJK,Total,0
2006,TJK,Total,0
2007,TJK,Total,0
2008,TJK,Total,0
2009,TJK,Total,0
2010,TJK,Total,0
2011,TJK,Total,0
2012,TJK,Total,0
2013,TJK,Total,0
2014,TJK,Total,0
2015,TJK,Total,0
2016,TJK,Total,0
2017,TJK,Total,0
2018,TJK,Total,0
2019,TJK,Total,0
2020,TJK,Total,0
2021,TJK,Total,0
2022,TJK,Total,0
2023,TJK,Total,0
2024,TJK,Total,0
2025,TJK,Total,0
2001,TZA,Total,0
2002,TZA,Total,0
2003,TZA,Total,0
2004,TZA,Total,0
2005,TZA,Total,0
2006,TZA,Total,0
2007,TZA,Total,0
2008,TZA,Total,0
2009,TZA,Total,0
2010,TZA,Total,0
2011,TZA,Total,0
2012,TZA,Total,0
2013,TZA,Total,0
2014,TZA,Total,0
2015,TZA,Total,0
2016,TZA,Total,0
2017,TZA,Total,0
2018,TZA,Total,0
2019,TZA,Total,0
2020,TZA,Total,0
2021,TZA,Total,0
2022,TZA,Total,0
2023,TZA,Total,0
2024,TZA,Total,0
1986,THA,Total,0
1987,THA,Total,0
1988,THA,Total,0
1989,THA,Total,0
1990,THA,Total,0
1991,THA,Total,0
1992,THA,Total,0
1993,THA,Total,0
1994,THA,Total,0
1995,THA,Total,0
1996,THA,Total,0
1997,THA,Total,0
1998,THA,Total,0
1999,THA,Total,0
2000,THA,Total,10
2001,THA,Total,0
2002,THA,Total,2
2003,THA,Total,1
2004,THA,Total,0
2005,THA,Total,0
2006,THA,Total,1
2007,THA,Total,2
2008,THA,Total,4
2009,THA,Total,1
2010,THA,Total,1
2011,THA,Total,0
2012,THA,Total,1
2013,THA,Total,1
2014,THA,Total,3
2015,THA,Total,1
2016,THA,Total,5
2017,THA,Total,2
2018,THA,Total,1
2019,THA,Total,1
2020,THA,Total,0
2021,THA,Total,1
2022,THA,Total,2
2023,THA,Total,1
2024,THA,Total,2
2025,THA,Total,1
2001,PHL,Total,1
2002,PHL,Total,2
2003,PHL,Total,0
2004,PHL,Total,0
2005,PHL,Total,0
2006,PHL,Total,0
2007,PHL,Total,0
2008,PHL,Total,0
2009,PHL,Total,0
2010,PHL,Total,0
2011,PHL,Total,0
2012,PHL,Total,0
2013,PHL,Total,1
2014,PHL,Total,0
2015,PHL,Total,1
2016,PHL,Total,2
2017,PHL,Total,1
2018,PHL,Total,1
2019,PHL,Total,2
2020,PHL,Total,0
2021,PHL,Total,0
2022,PHL,Total,1
2023,PHL,Total,0
2024,PHL,Total,0
2025,PHL,Total,1
2001,TGO,Total,0
2002,TGO,Total,0
2003,TGO,Total,0
2004,TGO,Total,0
2005,TGO,Total,0
2006,TGO,Total,0
2007,TGO,Total,0
2008,TGO,Total,0
2009,TGO,Total,0
2010,TGO,Total,0
2011,TGO,Total,0
2012,TGO,Total,0
2013,TGO,Total,0
2014,TGO,Total,0
2015,TGO,Total,0
2016,TGO,Total,0
2017,TGO,Total,0
2018,TGO,Total,0
2019,TGO,Total,0
2020,TGO,Total,0
2021,TGO,Total,0
2022,TGO,Total,0
2023,TGO,Total,0
2024,TGO,Total,0
2001,TON,Total,0
2002,TON,Total,0
2003,TON,Total,0
2004,TON,Total,0
2005,TON,Total,0
2006,TON,Total,0
2007,TON,Total,0
2008,TON,Total,0
2009,TON,Total,0
2010,TON,Total,0
2011,TON,Total,0
2012,TON,Total,0
2013,TON,Total,0
2014,TON,Total,0
2015,TON,Total,0
2016,TON,Total,0
2017,TON,Total,0
2018,TON,Total,0
2019,TON,Total,0
2020,TON,Total,0
2021,TON,Total,0
2022,TON,Total,0
2023,TON,Total,0
2024,TON,Total,0
2001,TTO,Total,0
2002,TTO,Total,0
2003,TTO,Total,0
2004,TTO,Total,0
2005,TTO,Total,0
2006,TTO,Total,0
2007,TTO,Total,0
2008,TTO,Total,0
2009,TTO,Total,0
2010,TTO,Total,0
2011,TTO,Total,0
2012,TTO,Total,1
2013,TTO,Total,0
2014,TTO,Total,0
2015,TTO,Total,0
2016,TTO,Total,0
2017,TTO,Total,0
2018,TTO,Total,0
2019,TTO,Total,0
2020,TTO,Total,0
2021,TTO,Total,0
2022,TTO,Total,0
2023,TTO,Total,0
2024,TTO,Total,0
2001,TUN,Total,0
2002,TUN,Total,0
2003,TUN,Total,0
2004,TUN,Total,0
2005,TUN,Total,0
2006,TUN,Total,0
2007,TUN,Total,0
2008,TUN,Total,0
2009,TUN,Total,0
2010,TUN,Total,0
2011,TUN,Total,0
2012,TUN,Total,0
2013,TUN,Total,0
2014,TUN,Total,0
2015,TUN,Total,0
2016,TUN,Total,0
2017,TUN,Total,0
2018,TUN,Total,0
2019,TUN,Total,0
2020,TUN,Total,0
2021,TUN,Total,1
2022,TUN,Total,0
2023,TUN,Total,0
2024,TUN,Total,0
2025,TUN,Total,0
2001,TKM,Total,0
2002,TKM,Total,0
2003,TKM,Total,0
2004,TKM,Total,0
2005,TKM,Total,0
2006,TKM,Total,0
2007,TKM,Total,0
2008,TKM,Total,0
2009,TKM,Total,0
2010,TKM,Total,1
2011,TKM,Total,0
2012,TKM,Total,0
2013,TKM,Total,0
2014,TKM,Total,0
2015,TKM,Total,1
2016,TKM,Total,0
2017,TKM,Total,0
2018,TKM,Total,2
2019,TKM,Total,0
2020,TKM,Total,0
2021,TKM,Total,0
2022,TKM,Total,0
2023,TKM,Total,0
2024,TKM,Total,0
2001,TCA,Total,0
2002,TCA,Total,0
2003,TCA,Total,0
2004,TCA,Total,0
2005,TCA,Total,0
2006,TCA,Total,0
2007,TCA,Total,0
2008,TCA,Total,0
2009,TCA,Total,0
2010,TCA,Total,0
2011,TCA,Total,0
2012,TCA,Total,0
2013,TCA,Total,0
2014,TCA,Total,0
2015,TCA,Total,0
2016,TCA,Total,0
2017,TCA,Total,0
2018,TCA,Total,0
2019,TCA,Total,0
2020,TCA,Total,0
2021,TCA,Total,0
2022,TCA,Total,0
2023,TCA,Total,0
2024,TCA,Total,0
1991,TUR,Total,0
1992,TUR,Total,0
1993,TUR,Total,0
1994,TUR,Total,0
1995,TUR,Total,0
1996,TUR,Total,0
1997,TUR,Total,0
1998,TUR,Total,0
1999,TUR,Total,0
2000,TUR,Total,12
2001,TUR,Total,0
2002,TUR,Total,2
2003,TUR,Total,4
2004,TUR,Total,1
2005,TUR,Total,1
2006,TUR,Total,1
2007,TUR,Total,0
2008,TUR,Total,0
2009,TUR,Total,1
2010,TUR,Total,4
2011,TUR,Total,2
2012,TUR,Total,0
2013,TUR,Total,4
2014,TUR,Total,4
2015,TUR,Total,1
2016,TUR,Total,3
2017,TUR,Total,4
2018,TUR,Total,2
2019,TUR,Total,1
2020,TUR,Total,0
2021,TUR,Total,0
2022,TUR,Total,1
2023,TUR,Total,0
2024,TUR,Total,0
2025,TUR,Total,0
2001,UGA,Total,0
2002,UGA,Total,0
2003,UGA,Total,0
2004,UGA,Total,0
2005,UGA,Total,0
2006,UGA,Total,0
2007,UGA,Total,0
2008,UGA,Total,0
2009,UGA,Total,0
2010,UGA,Total,0
2011,UGA,Total,0
2012,UGA,Total,0
2013,UGA,Total,0
2014,UGA,Total,0
2015,UGA,Total,0
2016,UGA,Total,0
2017,UGA,Total,0
2018,UGA,Total,0
2019,UGA,Total,0
2020,UGA,Total,0
2021,UGA,Total,0
2022,UGA,Total,0
2023,UGA,Total,0
2024,UGA,Total,0
1986,UKR,Total,0
1987,UKR,Total,0
1988,UKR,Total,0
1989,UKR,Total,0
1990,UKR,Total,0
1991,UKR,Total,0
1992,UKR,Total,0
1993,UKR,Total,0
1994,UKR,Total,0
1995,UKR,Total,0
1996,UKR,Total,0
1997,UKR,Total,0
1998,UKR,Total,0
1999,UKR,Total,0
2000,UKR,Total,31
2001,UKR,Total,0
2002,UKR,Total,0
2003,UKR,Total,0
2004,UKR,Total,0
2005,UKR,Total,0
2006,UKR,Total,0
2007,UKR,Total,0
2008,UKR,Total,0
2009,UKR,Total,0
2010,UKR,Total,0
2011,UKR,Total,0
2012,UKR,Total,0
2013,UKR,Total,0
2014,UKR,Total,0
2015,UKR,Total,0
2016,UKR,Total,0
2017,UKR,Total,0
2018,UKR,Total,-1
2019,UKR,Total,1
2020,UKR,Total,0
2021,UKR,Total,0
2022,UKR,Total,0
1986,ARE,Total,0
1987,ARE,Total,0
1988,ARE,Total,0
1989,ARE,Total,0
1990,ARE,Total,0
1991,ARE,Total,0
1992,ARE,Total,0
1993,ARE,Total,0
1994,ARE,Total,0
1995,ARE,Total,0
1996,ARE,Total,0
1997,ARE,Total,0
1998,ARE,Total,0
1999,ARE,Total,0
2000,ARE,Total,8
2001,ARE,Total,2
2002,ARE,Total,1
2003,ARE,Total,0
2004,ARE,Total,3
2005,ARE,Total,1
2006,ARE,Total,1
2007,ARE,Total,4
2008,ARE,Total,2
2009,ARE,Total,4
2010,ARE,Total,0
2011,ARE,Total,3
2012,ARE,Total,1
2013,ARE,Total,4
2014,ARE,Total,2
2015,ARE,Total,0
2016,ARE,Total,0
2017,ARE,Total,2
2018,ARE,Total,0
2019,ARE,Total,1
2020,ARE,Total,1
2021,ARE,Total,1
2022,ARE,Total,0
2023,ARE,Total,3
2024,ARE,Total,0
1986,GBR,Total,0
1987,GBR,Total,0
1988,GBR,Total,0
1989,GBR,Total,0
1990,GBR,Total,0
1991,GBR,Total,0
1992,GBR,Total,0
1993,GBR,Total,0
1994,GBR,Total,0
1995,GBR,Total,0
1996,GBR,Total,0
1997,GBR,Total,0
1998,GBR,Total,0
1999,GBR,Total,0
2000,GBR,Total,59
2001,GBR,Total,1
2002,GBR,Total,0
2003,GBR,Total,-1
2004,GBR,Total,2
2005,GBR,Total,0
2006,GBR,Total,1
2007,GBR,Total,0
2008,GBR,Total,0
2009,GBR,Total,2
2010,GBR,Total,1
2011,GBR,Total,2
2012,GBR,Total,-1
2013,GBR,Total,-4
2014,GBR,Total,-2
2015,GBR,Total,-2
2016,GBR,Total,-4
2017,GBR,Total,0
2018,GBR,Total,-3
2019,GBR,Total,-2
2020,GBR,Total,-3
2021,GBR,Total,0
2022,GBR,Total,-1
2023,GBR,Total,-2
2024,GBR,Total,-1
2025,GBR,Total,0
2001,USA,Total,45
2002,USA,Total,59
2003,USA,Total,54
2004,USA,Total,23
2005,USA,Total,16
2006,USA,Total,11
2007,USA,Total,4
2008,USA,Total,12
2009,USA,Total,11
2010,USA,Total,10
2011,USA,Total,8
2012,USA,Total,-1
2013,USA,Total,0
2014,USA,Total,5
2015,USA,Total,-17
2016,USA,Total,-2
2017,USA,Total,2
2018,USA,Total,10
2019,USA,Total,-7
2020,USA,Total,-11
2021,USA,Total,-1
2022,USA,Total,-6
2023,USA,Total,-4
2024,USA,Total,-4
2025,USA,Total,-1
2001,URY,Total,0
2002,URY,Total,0
2003,URY,Total,0
2004,URY,Total,0
2005,URY,Total,0
2006,URY,Total,0
2007,URY,Total,0
2008,URY,Total,0
2009,URY,Total,0
2010,URY,Total,0
2011,URY,Total,0
2012,URY,Total,0
2013,URY,Total,0
2014,URY,Total,0
2015,URY,Total,0
2016,URY,Total,0
2017,URY,Total,0
2018,URY,Total,0
2019,URY,Total,0
2020,URY,Total,0
2021,URY,Total,0
2022,URY,Total,0
2023,URY,Total,0
2024,URY,Total,0
2025,URY,Total,0
2001,UZB,Total,0
2002,UZB,Total,0
2003,UZB,Total,0
2004,UZB,Total,1
2005,UZB,Total,0
2006,UZB,Total,0
2007,UZB,Total,0
2008,UZB,Total,0
2009,UZB,Total,0
2010,UZB,Total,0
2011,UZB,Total,0
2012,UZB,Total,0
2013,UZB,Total,0
2014,UZB,Total,0
2015,UZB,Total,0
2016,UZB,Total,0
2017,UZB,Total,0
2018,UZB,Total,0
2019,UZB,Total,0
2020,UZB,Total,1
2021,UZB,Total,0
2022,UZB,Total,1
2023,UZB,Total,0
2024,UZB,Total,2
2025,UZB,Total,0
2001,VUT,Total,0
2002,VUT,Total,0
2003,VUT,Total,0
2004,VUT,Total,0
2005,VUT,Total,0
2006,VUT,Total,0
2007,VUT,Total,0
2008,VUT,Total,0
2009,VUT,Total,0
2010,VUT,Total,0
2011,VUT,Total,0
2012,VUT,Total,0
2013,VUT,Total,0
2014,VUT,Total,0
2015,VUT,Total,0
2016,VUT,Total,0
2017,VUT,Total,0
2018,VUT,Total,0
2019,VUT,Total,0
2020,VUT,Total,0
2021,VUT,Total,0
2022,VUT,Total,0
2023,VUT,Total,0
2001,VEN,Total,0
2002,VEN,Total,0
2003,VEN,Total,0
2004,VEN,Total,0
2005,VEN,Total,0
2006,VEN,Total,0
2007,VEN,Total,1
2008,VEN,Total,1
2009,VEN,Total,1
2010,VEN,Total,1
2011,VEN,Total,1
2012,VEN,Total,1
2013,VEN,Total,1
2014,VEN,Total,0
2015,VEN,Total,1
2016,VEN,Total,1
2017,VEN,Total,0
2018,VEN,Total,1
2019,VEN,Total,0
2020,VEN,Total,0
2021,VEN,Total,0
2022,VEN,Total,0
2023,VEN,Total,0
2024,VEN,Total,0
1986,VNM,Total,0
1987,VNM,Total,0
1988,VNM,Total,0
1989,VNM,Total,0
1990,VNM,Total,0
1991,VNM,Total,0
1992,VNM,Total,0
1993,VNM,Total,0
1994,VNM,Total,0
1995,VNM,Total,0
1996,VNM,Total,0
1997,VNM,Total,0
1998,VNM,Total,0
1999,VNM,Total,0
2000,VNM,Total,2
2001,VNM,Total,0
2002,VNM,Total,1
2003,VNM,Total,0
2004,VNM,Total,1
2005,VNM,Total,1
2006,VNM,Total,0
2007,VNM,Total,1
2008,VNM,Total,2
2009,VNM,Total,1
2010,VNM,Total,0
2011,VNM,Total,2
2012,VNM,Total,0
2013,VNM,Total,1
2014,VNM,Total,3
2015,VNM,Total,5
2016,VNM,Total,0
2017,VNM,Total,2
2018,VNM,Total,2
2019,VNM,Total,1
2020,VNM,Total,1
2021,VNM,Total,2
2022,VNM,Total,2
2023,VNM,Total,2
2024,VNM,Total,1
2025,VNM,Total,-35
2001,VGB,Total,0
2002,VGB,Total,0
2003,VGB,Total,0
2004,VGB,Total,0
2005,VGB,Total,0
2006,VGB,Total,0
2007,VGB,Total,0
2008,VGB,Total,0
2009,VGB,Total,0
2010,VGB,Total,0
2011,VGB,Total,0
2012,VGB,Total,0
2013,VGB,Total,0
2014,VGB,Total,0
2015,VGB,Total,0
2016,VGB,Total,0
2017,VGB,Total,0
2018,VGB,Total,0
2019,VGB,Total,0
2020,VGB,Total,0
2021,VGB,Total,0
2022,VGB,Total,0
2023,VGB,Total,0
2001,VIR,Total,0
2002,VIR,Total,0
2003,VIR,Total,0
2004,VIR,Total,0
2005,VIR,Total,0
2006,VIR,Total,0
2007,VIR,Total,0
2008,VIR,Total,0
2009,VIR,Total,0
2010,VIR,Total,0
2011,VIR,Total,0
2012,VIR,Total,0
2013,VIR,Total,0
2014,VIR,Total,0
2015,VIR,Total,0
2016,VIR,Total,0
2017,VIR,Total,0
2018,VIR,Total,0
2019,VIR,Total,0
2020,VIR,Total,0
2021,VIR,Total,0
2022,VIR,Total,0
2023,VIR,Total,0
2001,WLD,Total,72
2002,WLD,Total,116
2003,WLD,Total,121
2004,WLD,Total,87
2005,WLD,Total,101
2006,WLD,Total,139
2007,WLD,Total,143
2008,WLD,Total,118
2009,WLD,Total,127
2010,WLD,Total,152
2011,WLD,Total,128
2012,WLD,Total,117
2013,WLD,Total,123
2014,WLD,Total,126
2015,WLD,Total,114
2016,WLD,Total,105
2017,WLD,Total,88
2018,WLD,Total,107
2019,WLD,Total,102
2020,WLD,Total,56
2021,WLD,Total,48
2022,WLD,Total,81
2023,WLD,Total,80
2024,WLD,Total,66
2025,WLD,Total,124
2001,YEM,Total,0
2002,YEM,Total,0
2003,YEM,Total,0
2004,YEM,Total,0
2005,YEM,Total,0
2006,YEM,Total,0
2007,YEM,Total,0
2008,YEM,Total,0
2009,YEM,Total,0
2010,YEM,Total,0
2011,YEM,Total,0
2012,YEM,Total,0
2013,YEM,Total,0
2014,YEM,Total,0
2015,YEM,Total,0
2016,YEM,Total,0
2017,YEM,Total,0
2018,YEM,Total,0
2019,YEM,Total,0
2020,YEM,Total,0
2021,YEM,Total,0
2022,YEM,Total,0
2023,YEM,Total,0
2024,YEM,Total,0
2001,ZMB,Total,0
2002,ZMB,Total,0
2003,ZMB,Total,0
2004,ZMB,Total,0
2005,ZMB,Total,0
2006,ZMB,Total,0
2007,ZMB,Total,0
2008,ZMB,Total,0
2009,ZMB,Total,0
2010,ZMB,Total,0
2011,ZMB,Total,0
2012,ZMB,Total,0
2013,ZMB,Total,0
2014,ZMB,Total,0
2015,ZMB,Total,0
2016,ZMB,Total,0
2017,ZMB,Total,0
2018,ZMB,Total,0
2019,ZMB,Total,0
2020,ZMB,Total,0
2021,ZMB,Total,0
2022,ZMB,Total,0
2023,ZMB,Total,0
2024,ZMB,Total,0
2001,ZWE,Total,0
2002,ZWE,Total,0
2003,ZWE,Total,0
2004,ZWE,Total,0
2005,ZWE,Total,0
2006,ZWE,Total,0
2007,ZWE,Total,0
2008,ZWE,Total,0
2009,ZWE,Total,0
2010,ZWE,Total,0
2011,ZWE,Total,0
2012,ZWE,Total,0
2013,ZWE,Total,0
2014,ZWE,Total,0
2015,ZWE,Total,0
2016,ZWE,Total,0
2017,ZWE,Total,0
2018,ZWE,Total,0
2019,ZWE,Total,0
2020,ZWE,Total,0
2021,ZWE,Total,0
2022,ZWE,Total,0
2023,ZWE,Total,0
2024,ZWE,Total,0
2001,AFG,Gas,0
2002,AFG,Gas,0
2003,AFG,Gas,0
2004,AFG,Gas,0
2005,AFG,Gas,0
2006,AFG,Gas,0
2007,AFG,Gas,0
2008,AFG,Gas,0
2009,AFG,Gas,0
2010,AFG,Gas,0
2011,AFG,Gas,0
2012,AFG,Gas,0
2013,AFG,Gas,0
2014,AFG,Gas,0
2015,AFG,Gas,0
2016,AFG,Gas,0
2017,AFG,Gas,0
2018,AFG,Gas,0
2019,AFG,Gas,0
2020,AFG,Gas,0
2021,AFG,Gas,0
2022,AFG,Gas,0
2023,AFG,Gas,0
2024,AFG,Gas,0
2001,ALB,Gas,0
2002,ALB,Gas,0
2003,ALB,Gas,0
2004,ALB,Gas,0
2005,ALB,Gas,0
2006,ALB,Gas,0
2007,ALB,Gas,0
2008,ALB,Gas,0
2009,ALB,Gas,0
2010,ALB,Gas,0
2011,ALB,Gas,0
2012,ALB,Gas,0
2013,ALB,Gas,0
2014,ALB,Gas,0
2015,ALB,Gas,0
2016,ALB,Gas,0
2017,ALB,Gas,0
2018,ALB,Gas,0
2019,ALB,Gas,0
2020,ALB,Gas,0
2021,ALB,Gas,0
2022,ALB,Gas,0
2023,ALB,Gas,0
2024,ALB,Gas,0
2025,ALB,Gas,0
2001,DZA,Gas,0
2002,DZA,Gas,0
2003,DZA,Gas,0
2004,DZA,Gas,0
2005,DZA,Gas,0
2006,DZA,Gas,1
2007,DZA,Gas,0
2008,DZA,Gas,0
2009,DZA,Gas,1
2010,DZA,Gas,2
2011,DZA,Gas,0
2012,DZA,Gas,2
2013,DZA,Gas,1
2014,DZA,Gas,0
2015,DZA,Gas,1
2016,DZA,Gas,1
2017,DZA,Gas,0
2018,DZA,Gas,1
2019,DZA,Gas,2
2020,DZA,Gas,0
2021,DZA,Gas,2
2022,DZA,Gas,2
2023,DZA,Gas,0
2024,DZA,Gas,1
2001,ASM,Gas,0
2002,ASM,Gas,0
2003,ASM,Gas,0
2004,ASM,Gas,0
2005,ASM,Gas,0
2006,ASM,Gas,0
2007,ASM,Gas,0
2008,ASM,Gas,0
2009,ASM,Gas,0
2010,ASM,Gas,0
2011,ASM,Gas,0
2012,ASM,Gas,0
2013,ASM,Gas,0
2014,ASM,Gas,0
2015,ASM,Gas,0
2016,ASM,Gas,0
2017,ASM,Gas,0
2018,ASM,Gas,0
2019,ASM,Gas,0
2020,ASM,Gas,0
2021,ASM,Gas,0
2022,ASM,Gas,0
2023,ASM,Gas,0
2024,ASM,Gas,0
2001,AGO,Gas,0
2002,AGO,Gas,0
2003,AGO,Gas,0
2004,AGO,Gas,0
2005,AGO,Gas,0
2006,AGO,Gas,0
2007,AGO,Gas,0
2008,AGO,Gas,0
2009,AGO,Gas,0
2010,AGO,Gas,0
2011,AGO,Gas,0
2012,AGO,Gas,0
2013,AGO,Gas,0
2014,AGO,Gas,0
2015,AGO,Gas,0
2016,AGO,Gas,0
2017,AGO,Gas,1
2018,AGO,Gas,0
2019,AGO,Gas,0
2020,AGO,Gas,0
2021,AGO,Gas,0
2022,AGO,Gas,0
2023,AGO,Gas,0
2024,AGO,Gas,0
2001,ATG,Gas,0
2002,ATG,Gas,0
2003,ATG,Gas,0
2004,ATG,Gas,0
2005,ATG,Gas,0
2006,ATG,Gas,0
2007,ATG,Gas,0
2008,ATG,Gas,0
2009,ATG,Gas,0
2010,ATG,Gas,0
2011,ATG,Gas,0
2012,ATG,Gas,0
2013,ATG,Gas,0
2014,ATG,Gas,0
2015,ATG,Gas,0
2016,ATG,Gas,0
2017,ATG,Gas,0
2018,ATG,Gas,0
2019,ATG,Gas,0
2020,ATG,Gas,0
2021,ATG,Gas,0
2022,ATG,Gas,0
2023,ATG,Gas,0
2024,ATG,Gas,0
1986,ARG,Gas,0
1987,ARG,Gas,0
1988,ARG,Gas,0
1989,ARG,Gas,0
1990,ARG,Gas,0
1991,ARG,Gas,0
1992,ARG,Gas,0
1993,ARG,Gas,0
1994,ARG,Gas,0
1995,ARG,Gas,0
1996,ARG,Gas,0
1997,ARG,Gas,0
1998,ARG,Gas,0
1999,ARG,Gas,0
2000,ARG,Gas,8
2001,ARG,Gas,2
2002,ARG,Gas,1
2003,ARG,Gas,0
2004,ARG,Gas,0
2005,ARG,Gas,0
2006,ARG,Gas,0
2007,ARG,Gas,0
2008,ARG,Gas,1
2009,ARG,Gas,0
2010,ARG,Gas,2
2011,ARG,Gas,1
2012,ARG,Gas,0
2013,ARG,Gas,0
2014,ARG,Gas,0
2015,ARG,Gas,0
2016,ARG,Gas,1
2017,ARG,Gas,1
2018,ARG,Gas,2
2019,ARG,Gas,0
2020,ARG,Gas,2
2021,ARG,Gas,0
2022,ARG,Gas,0
2023,ARG,Gas,1
2024,ARG,Gas,1
2025,ARG,Gas,0
2001,ARM,Gas,0
2002,ARM,Gas,0
2003,ARM,Gas,0
2004,ARM,Gas,0
2005,ARM,Gas,0
2006,ARM,Gas,0
2007,ARM,Gas,0
2008,ARM,Gas,0
2009,ARM,Gas,0
2010,ARM,Gas,0
2011,ARM,Gas,0
2012,ARM,Gas,0
2013,ARM,Gas,0
2014,ARM,Gas,0
2015,ARM,Gas,0
2016,ARM,Gas,0
2017,ARM,Gas,0
2018,ARM,Gas,0
2019,ARM,Gas,0
2020,ARM,Gas,0
2021,ARM,Gas,0
2022,ARM,Gas,0
2023,ARM,Gas,0
2024,ARM,Gas,0
2025,ARM,Gas,0
2001,ABW,Gas,0
2002,ABW,Gas,0
2003,ABW,Gas,0
2004,ABW,Gas,0
2005,ABW,Gas,0
2006,ABW,Gas,0
2007,ABW,Gas,0
2008,ABW,Gas,0
2009,ABW,Gas,0
2010,ABW,Gas,0
2011,ABW,Gas,0
2012,ABW,Gas,0
2013,ABW,Gas,0
2014,ABW,Gas,0
2015,ABW,Gas,0
2016,ABW,Gas,0
2017,ABW,Gas,0
2018,ABW,Gas,0
2019,ABW,Gas,0
2020,ABW,Gas,0
2021,ABW,Gas,0
2022,ABW,Gas,0
2023,ABW,Gas,0
2024,ABW,Gas,0
1986,AUS,Gas,0
1987,AUS,Gas,0
1988,AUS,Gas,0
1989,AUS,Gas,0
1990,AUS,Gas,0
1991,AUS,Gas,0
1992,AUS,Gas,0
1993,AUS,Gas,0
1994,AUS,Gas,0
1995,AUS,Gas,0
1996,AUS,Gas,0
1997,AUS,Gas,0
1998,AUS,Gas,0
1999,AUS,Gas,0
2000,AUS,Gas,6
2001,AUS,Gas,0
2002,AUS,Gas,2
2003,AUS,Gas,0
2004,AUS,Gas,0
2005,AUS,Gas,0
2006,AUS,Gas,1
2007,AUS,Gas,2
2008,AUS,Gas,0
2009,AUS,Gas,2
2010,AUS,Gas,2
2011,AUS,Gas,1
2012,AUS,Gas,1
2013,AUS,Gas,0
2014,AUS,Gas,1
2015,AUS,Gas,5
2016,AUS,Gas,0
2017,AUS,Gas,0
2018,AUS,Gas,1
2019,AUS,Gas,0
2020,AUS,Gas,1
2021,AUS,Gas,0
2022,AUS,Gas,1
2023,AUS,Gas,0
2024,AUS,Gas,2
2025,AUS,Gas,-1
1991,AUT,Gas,0
1992,AUT,Gas,0
1993,AUT,Gas,0
1994,AUT,Gas,0
1995,AUT,Gas,0
1996,AUT,Gas,0
1997,AUT,Gas,0
1998,AUT,Gas,0
1999,AUT,Gas,0
2000,AUT,Gas,1
2001,AUT,Gas,0
2002,AUT,Gas,0
2003,AUT,Gas,0
2004,AUT,Gas,0
2005,AUT,Gas,0
2006,AUT,Gas,0
2007,AUT,Gas,0
2008,AUT,Gas,0
2009,AUT,Gas,1
2010,AUT,Gas,0
2011,AUT,Gas,0
2012,AUT,Gas,1
2013,AUT,Gas,0
2014,AUT,Gas,0
2015,AUT,Gas,0
2016,AUT,Gas,0
2017,AUT,Gas,0
2018,AUT,Gas,0
2019,AUT,Gas,0
2020,AUT,Gas,0
2021,AUT,Gas,0
2022,AUT,Gas,0
2023,AUT,Gas,0
2024,AUT,Gas,0
2025,AUT,Gas,0
2001,AZE,Gas,0
2002,AZE,Gas,0
2003,AZE,Gas,0
2004,AZE,Gas,0
2005,AZE,Gas,0
2006,AZE,Gas,0
2007,AZE,Gas,0
2008,AZE,Gas,0
2009,AZE,Gas,1
2010,AZE,Gas,0
2011,AZE,Gas,0
2012,AZE,Gas,0
2013,AZE,Gas,1
2014,AZE,Gas,0
2015,AZE,Gas,0
2016,AZE,Gas,0
2017,AZE,Gas,0
2018,AZE,Gas,0
2019,AZE,Gas,0
2020,AZE,Gas,0
2021,AZE,Gas,0
2022,AZE,Gas,0
2023,AZE,Gas,0
2024,AZE,Gas,0
2025,AZE,Gas,1
2001,BHS,Gas,0
2002,BHS,Gas,0
2003,BHS,Gas,0
2004,BHS,Gas,0
2005,BHS,Gas,0
2006,BHS,Gas,0
2007,BHS,Gas,0
2008,BHS,Gas,0
2009,BHS,Gas,0
2010,BHS,Gas,0
2011,BHS,Gas,0
2012,BHS,Gas,0
2013,BHS,Gas,0
2014,BHS,Gas,0
2015,BHS,Gas,0
2016,BHS,Gas,0
2017,BHS,Gas,0
2018,BHS,Gas,0
2019,BHS,Gas,0
2020,BHS,Gas,0
2021,BHS,Gas,0
2022,BHS,Gas,0
2023,BHS,Gas,0
2024,BHS,Gas,0
2001,BHR,Gas,0
2002,BHR,Gas,0
2003,BHR,Gas,1
2004,BHR,Gas,0
2005,BHR,Gas,1
2006,BHR,Gas,0
2007,BHR,Gas,1
2008,BHR,Gas,0
2009,BHR,Gas,0
2010,BHR,Gas,0
2011,BHR,Gas,0
2012,BHR,Gas,1
2013,BHR,Gas,0
2014,BHR,Gas,0
2015,BHR,Gas,0
2016,BHR,Gas,0
2017,BHR,Gas,0
2018,BHR,Gas,0
2019,BHR,Gas,2
2020,BHR,Gas,0
2021,BHR,Gas,0
2022,BHR,Gas,2
2023,BHR,Gas,0
2024,BHR,Gas,1
2001,BGD,Gas,0
2002,BGD,Gas,0
2003,BGD,Gas,0
2004,BGD,Gas,0
2005,BGD,Gas,0
2006,BGD,Gas,0
2007,BGD,Gas,0
2008,BGD,Gas,0
2009,BGD,Gas,0
2010,BGD,Gas,0
2011,BGD,Gas,0
2012,BGD,Gas,0
2013,BGD,Gas,0
2014,BGD,Gas,0
2015,BGD,Gas,2
2016,BGD,Gas,1
2017,BGD,Gas,1
2018,BGD,Gas,1
2019,BGD,Gas,1
2020,BGD,Gas,0
2021,BGD,Gas,1
2022,BGD,Gas,0
2023,BGD,Gas,0
2024,BGD,Gas,1
2025,BGD,Gas,0
2001,BRB,Gas,0
2002,BRB,Gas,0
2003,BRB,Gas,0
2004,BRB,Gas,0
2005,BRB,Gas,0
2006,BRB,Gas,0
2007,BRB,Gas,0
2008,BRB,Gas,0
2009,BRB,Gas,0
2010,BRB,Gas,0
2011,BRB,Gas,0
2012,BRB,Gas,0
2013,BRB,Gas,0
2014,BRB,Gas,0
2015,BRB,Gas,0
2016,BRB,Gas,0
2017,BRB,Gas,0
2018,BRB,Gas,0
2019,BRB,Gas,0
2020,BRB,Gas,0
2021,BRB,Gas,0
2022,BRB,Gas,0
2023,BRB,Gas,0
2024,BRB,Gas,0
2001,BLR,Gas,0
2002,BLR,Gas,0
2003,BLR,Gas,0
2004,BLR,Gas,0
2005,BLR,Gas,0
2006,BLR,Gas,0
2007,BLR,Gas,0
2008,BLR,Gas,0
2009,BLR,Gas,0
2010,BLR,Gas,0
2011,BLR,Gas,0
2012,BLR,Gas,0
2013,BLR,Gas,0
2014,BLR,Gas,1
2015,BLR,Gas,0
2016,BLR,Gas,0
2017,BLR,Gas,0
2018,BLR,Gas,0
2019,BLR,Gas,0
2020,BLR,Gas,0
2021,BLR,Gas,0
2022,BLR,Gas,0
2023,BLR,Gas,0
2024,BLR,Gas,0
2025,BLR,Gas,0
1991,BEL,Gas,0
1992,BEL,Gas,0
1993,BEL,Gas,0
1994,BEL,Gas,0
1995,BEL,Gas,0
1996,BEL,Gas,0
1997,BEL,Gas,0
1998,BEL,Gas,0
1999,BEL,Gas,0
2000,BEL,Gas,8
2001,BEL,Gas,0
2002,BEL,Gas,0
2003,BEL,Gas,0
2004,BEL,Gas,0
2005,BEL,Gas,0
2006,BEL,Gas,0
2007,BEL,Gas,0
2008,BEL,Gas,0
2009,BEL,Gas,0
2010,BEL,Gas,0
2011,BEL,Gas,1
2012,BEL,Gas,-1
2013,BEL,Gas,0
2014,BEL,Gas,0
2015,BEL,Gas,0
2016,BEL,Gas,0
2017,BEL,Gas,0
2018,BEL,Gas,0
2019,BEL,Gas,0
2020,BEL,Gas,0
2021,BEL,Gas,0
2022,BEL,Gas,0
2023,BEL,Gas,0
2024,BEL,Gas,0
2025,BEL,Gas,0
2001,BLZ,Gas,0
2002,BLZ,Gas,0
2003,BLZ,Gas,0
2004,BLZ,Gas,0
2005,BLZ,Gas,0
2006,BLZ,Gas,0
2007,BLZ,Gas,0
2008,BLZ,Gas,0
2009,BLZ,Gas,0
2010,BLZ,Gas,0
2011,BLZ,Gas,0
2012,BLZ,Gas,0
2013,BLZ,Gas,0
2014,BLZ,Gas,0
2015,BLZ,Gas,0
2016,BLZ,Gas,0
2017,BLZ,Gas,0
2018,BLZ,Gas,0
2019,BLZ,Gas,0
2020,BLZ,Gas,0
2021,BLZ,Gas,0
2022,BLZ,Gas,0
2023,BLZ,Gas,0
2024,BLZ,Gas,0
2001,BEN,Gas,0
2002,BEN,Gas,0
2003,BEN,Gas,0
2004,BEN,Gas,0
2005,BEN,Gas,0
2006,BEN,Gas,0
2007,BEN,Gas,0
2008,BEN,Gas,0
2009,BEN,Gas,0
2010,BEN,Gas,0
2011,BEN,Gas,0
2012,BEN,Gas,0
2013,BEN,Gas,0
2014,BEN,Gas,0
2015,BEN,Gas,0
2016,BEN,Gas,0
2017,BEN,Gas,0
2018,BEN,Gas,0
2019,BEN,Gas,0
2020,BEN,Gas,0
2021,BEN,Gas,0
2022,BEN,Gas,0
2023,BEN,Gas,0
2024,BEN,Gas,0
2001,BTN,Gas,0
2002,BTN,Gas,0
2003,BTN,Gas,0
2004,BTN,Gas,0
2005,BTN,Gas,0
2006,BTN,Gas,0
2007,BTN,Gas,0
2008,BTN,Gas,0
2009,BTN,Gas,0
2010,BTN,Gas,0
2011,BTN,Gas,0
2012,BTN,Gas,0
2013,BTN,Gas,0
2014,BTN,Gas,0
2015,BTN,Gas,0
2016,BTN,Gas,0
2017,BTN,Gas,0
2018,BTN,Gas,0
2019,BTN,Gas,0
2020,BTN,Gas,0
2021,BTN,Gas,0
2022,BTN,Gas,0
2023,BTN,Gas,0
2024,BTN,Gas,0
2001,BOL,Gas,0
2002,BOL,Gas,0
2003,BOL,Gas,0
2004,BOL,Gas,0
2005,BOL,Gas,0
2006,BOL,Gas,0
2007,BOL,Gas,0
2008,BOL,Gas,0
2009,BOL,Gas,0
2010,BOL,Gas,0
2011,BOL,Gas,0
2012,BOL,Gas,0
2013,BOL,Gas,0
2014,BOL,Gas,0
2015,BOL,Gas,0
2016,BOL,Gas,0
2017,BOL,Gas,0
2018,BOL,Gas,0
2019,BOL,Gas,0
2020,BOL,Gas,1
2021,BOL,Gas,0
2022,BOL,Gas,-1
2023,BOL,Gas,1
2024,BOL,Gas,0
2025,BOL,Gas,0
2010,BIH,Gas,0
2011,BIH,Gas,0
2012,BIH,Gas,0
2013,BIH,Gas,0
2014,BIH,Gas,0
2015,BIH,Gas,0
2016,BIH,Gas,0
2017,BIH,Gas,0
2018,BIH,Gas,0
2019,BIH,Gas,0
2020,BIH,Gas,0
2021,BIH,Gas,0
2022,BIH,Gas,0
2023,BIH,Gas,0
2024,BIH,Gas,0
2025,BIH,Gas,0
2001,BWA,Gas,0
2002,BWA,Gas,0
2003,BWA,Gas,0
2004,BWA,Gas,0
2005,BWA,Gas,0
2006,BWA,Gas,0
2007,BWA,Gas,0
2008,BWA,Gas,0
2009,BWA,Gas,0
2010,BWA,Gas,0
2011,BWA,Gas,0
2012,BWA,Gas,0
2013,BWA,Gas,0
2014,BWA,Gas,0
2015,BWA,Gas,0
2016,BWA,Gas,0
2017,BWA,Gas,0
2018,BWA,Gas,0
2019,BWA,Gas,0
2020,BWA,Gas,0
2021,BWA,Gas,0
2022,BWA,Gas,0
2023,BWA,Gas,0
2024,BWA,Gas,0
1986,BRA,Gas,0
1987,BRA,Gas,0
1988,BRA,Gas,0
1989,BRA,Gas,0
1990,BRA,Gas,0
1991,BRA,Gas,0
1992,BRA,Gas,0
1993,BRA,Gas,0
1994,BRA,Gas,0
1995,BRA,Gas,0
1996,BRA,Gas,0
1997,BRA,Gas,0
1998,BRA,Gas,0
1999,BRA,Gas,0
2000,BRA,Gas,5
2001,BRA,Gas,0
2002,BRA,Gas,2
2003,BRA,Gas,2
2004,BRA,Gas,3
2005,BRA,Gas,0
2006,BRA,Gas,0
2007,BRA,Gas,0
2008,BRA,Gas,1
2009,BRA,Gas,-1
2010,BRA,Gas,2
2011,BRA,Gas,-1
2012,BRA,Gas,0
2013,BRA,Gas,1
2014,BRA,Gas,1
2015,BRA,Gas,0
2016,BRA,Gas,0
2017,BRA,Gas,-1
2018,BRA,Gas,0
2019,BRA,Gas,1
2020,BRA,Gas,2
2021,BRA,Gas,1
2022,BRA,Gas,1
2023,BRA,Gas,0
2024,BRA,Gas,0
2025,BRA,Gas,2
2001,BRN,Gas,0
2002,BRN,Gas,0
2003,BRN,Gas,0
2004,BRN,Gas,0
2005,BRN,Gas,0
2006,BRN,Gas,0
2007,BRN,Gas,0
2008,BRN,Gas,0
2009,BRN,Gas,0
2010,BRN,Gas,0
2011,BRN,Gas,0
2012,BRN,Gas,0
2013,BRN,Gas,0
2014,BRN,Gas,0
2015,BRN,Gas,0
2016,BRN,Gas,0
2017,BRN,Gas,0
2018,BRN,Gas,0
2019,BRN,Gas,0
2020,BRN,Gas,0
2021,BRN,Gas,0
2022,BRN,Gas,0
2023,BRN,Gas,0
2024,BRN,Gas,0
1991,BGR,Gas,0
1992,BGR,Gas,0
1993,BGR,Gas,0
1994,BGR,Gas,0
1995,BGR,Gas,0
1996,BGR,Gas,0
1997,BGR,Gas,0
1998,BGR,Gas,0
1999,BGR,Gas,0
2000,BGR,Gas,0
2001,BGR,Gas,0
2002,BGR,Gas,0
2003,BGR,Gas,0
2004,BGR,Gas,0
2005,BGR,Gas,0
2006,BGR,Gas,0
2007,BGR,Gas,0
2008,BGR,Gas,0
2009,BGR,Gas,0
2010,BGR,Gas,0
2011,BGR,Gas,0
2012,BGR,Gas,0
2013,BGR,Gas,0
2014,BGR,Gas,0
2015,BGR,Gas,0
2016,BGR,Gas,0
2017,BGR,Gas,0
2018,BGR,Gas,0
2019,BGR,Gas,1
2020,BGR,Gas,0
2021,BGR,Gas,0
2022,BGR,Gas,0
2023,BGR,Gas,0
2024,BGR,Gas,0
2025,BGR,Gas,0
2001,BFA,Gas,0
2002,BFA,Gas,0
2003,BFA,Gas,0
2004,BFA,Gas,0
2005,BFA,Gas,0
2006,BFA,Gas,0
2007,BFA,Gas,0
2008,BFA,Gas,0
2009,BFA,Gas,0
2010,BFA,Gas,0
2011,BFA,Gas,0
2012,BFA,Gas,0
2013,BFA,Gas,0
2014,BFA,Gas,0
2015,BFA,Gas,0
2016,BFA,Gas,0
2017,BFA,Gas,0
2018,BFA,Gas,0
2019,BFA,Gas,0
2020,BFA,Gas,0
2021,BFA,Gas,0
2022,BFA,Gas,0
2023,BFA,Gas,0
2024,BFA,Gas,0
2001,BDI,Gas,0
2002,BDI,Gas,0
2003,BDI,Gas,0
2004,BDI,Gas,0
2005,BDI,Gas,0
2006,BDI,Gas,0
2007,BDI,Gas,0
2008,BDI,Gas,0
2009,BDI,Gas,0
2010,BDI,Gas,0
2011,BDI,Gas,0
2012,BDI,Gas,0
2013,BDI,Gas,0
2014,BDI,Gas,0
2015,BDI,Gas,0
2016,BDI,Gas,0
2017,BDI,Gas,0
2018,BDI,Gas,0
2019,BDI,Gas,0
2020,BDI,Gas,0
2021,BDI,Gas,0
2022,BDI,Gas,0
2023,BDI,Gas,0
2024,BDI,Gas,0
2001,CPV,Gas,0
2002,CPV,Gas,0
2003,CPV,Gas,0
2004,CPV,Gas,0
2005,CPV,Gas,0
2006,CPV,Gas,0
2007,CPV,Gas,0
2008,CPV,Gas,0
2009,CPV,Gas,0
2010,CPV,Gas,0
2011,CPV,Gas,0
2012,CPV,Gas,0
2013,CPV,Gas,0
2014,CPV,Gas,0
2015,CPV,Gas,0
2016,CPV,Gas,0
2017,CPV,Gas,0
2018,CPV,Gas,0
2019,CPV,Gas,0
2020,CPV,Gas,0
2021,CPV,Gas,0
2022,CPV,Gas,0
2023,CPV,Gas,0
2024,CPV,Gas,0
2001,CMR,Gas,0
2002,CMR,Gas,0
2003,CMR,Gas,0
2004,CMR,Gas,0
2005,CMR,Gas,0
2006,CMR,Gas,0
2007,CMR,Gas,0
2008,CMR,Gas,0
2009,CMR,Gas,0
2010,CMR,Gas,0
2011,CMR,Gas,0
2012,CMR,Gas,0
2013,CMR,Gas,0
2014,CMR,Gas,0
2015,CMR,Gas,0
2016,CMR,Gas,0
2017,CMR,Gas,0
2018,CMR,Gas,0
2019,CMR,Gas,0
2020,CMR,Gas,0
2021,CMR,Gas,0
2022,CMR,Gas,0
2023,CMR,Gas,0
2024,CMR,Gas,0
1986,CAN,Gas,0
1987,CAN,Gas,0
1988,CAN,Gas,0
1989,CAN,Gas,0
1990,CAN,Gas,0
1991,CAN,Gas,0
1992,CAN,Gas,0
1993,CAN,Gas,0
1994,CAN,Gas,0
1995,CAN,Gas,0
1996,CAN,Gas,0
1997,CAN,Gas,0
1998,CAN,Gas,0
1999,CAN,Gas,0
2000,CAN,Gas,6
2001,CAN,Gas,2
2002,CAN,Gas,0
2003,CAN,Gas,2
2004,CAN,Gas,1
2005,CAN,Gas,0
2006,CAN,Gas,1
2007,CAN,Gas,0
2008,CAN,Gas,1
2009,CAN,Gas,3
2010,CAN,Gas,1
2011,CAN,Gas,0
2012,CAN,Gas,0
2013,CAN,Gas,0
2014,CAN,Gas,0
2015,CAN,Gas,1
2016,CAN,Gas,0
2017,CAN,Gas,0
2018,CAN,Gas,0
2019,CAN,Gas,0
2020,CAN,Gas,1
2021,CAN,Gas,3
2022,CAN,Gas,0
2023,CAN,Gas,1
2024,CAN,Gas,3
2025,CAN,Gas,0
2001,CYM,Gas,0
2002,CYM,Gas,0
2003,CYM,Gas,0
2004,CYM,Gas,0
2005,CYM,Gas,0
2006,CYM,Gas,0
2007,CYM,Gas,0
2008,CYM,Gas,0
2009,CYM,Gas,0
2010,CYM,Gas,0
2011,CYM,Gas,0
2012,CYM,Gas,0
2013,CYM,Gas,0
2014,CYM,Gas,0
2015,CYM,Gas,0
2016,CYM,Gas,0
2017,CYM,Gas,0
2018,CYM,Gas,0
2019,CYM,Gas,0
2020,CYM,Gas,0
2021,CYM,Gas,0
2022,CYM,Gas,0
2023,CYM,Gas,0
2024,CYM,Gas,0
2001,CAF,Gas,0
2002,CAF,Gas,0
2003,CAF,Gas,0
2004,CAF,Gas,0
2005,CAF,Gas,0
2006,CAF,Gas,0
2007,CAF,Gas,0
2008,CAF,Gas,0
2009,CAF,Gas,0
2010,CAF,Gas,0
2011,CAF,Gas,0
2012,CAF,Gas,0
2013,CAF,Gas,0
2014,CAF,Gas,0
2015,CAF,Gas,0
2016,CAF,Gas,0
2017,CAF,Gas,0
2018,CAF,Gas,0
2019,CAF,Gas,0
2020,CAF,Gas,0
2021,CAF,Gas,0
2022,CAF,Gas,0
2023,CAF,Gas,0
2001,TCD,Gas,0
2002,TCD,Gas,0
2003,TCD,Gas,0
2004,TCD,Gas,0
2005,TCD,Gas,0
2006,TCD,Gas,0
2007,TCD,Gas,0
2008,TCD,Gas,0
2009,TCD,Gas,0
2010,TCD,Gas,0
2011,TCD,Gas,0
2012,TCD,Gas,0
2013,TCD,Gas,0
2014,TCD,Gas,0
2015,TCD,Gas,0
2016,TCD,Gas,0
2017,TCD,Gas,0
2018,TCD,Gas,0
2019,TCD,Gas,0
2020,TCD,Gas,0
2021,TCD,Gas,0
2022,TCD,Gas,0
2023,TCD,Gas,0
2024,TCD,Gas,0
2001,CHL,Gas,0
2002,CHL,Gas,0
2003,CHL,Gas,0
2004,CHL,Gas,0
2005,CHL,Gas,0
2006,CHL,Gas,0
2007,CHL,Gas,0
2008,CHL,Gas,0
2009,CHL,Gas,0
2010,CHL,Gas,0
2011,CHL,Gas,0
2012,CHL,Gas,0
2013,CHL,Gas,0
2014,CHL,Gas,0
2015,CHL,Gas,0
2016,CHL,Gas,1
2017,CHL,Gas,0
2018,CHL,Gas,0
2019,CHL,Gas,0
2020,CHL,Gas,0
2021,CHL,Gas,0
2022,CHL,Gas,0
2023,CHL,Gas,0
2024,CHL,Gas,0
2025,CHL,Gas,0
1986,CHN,Gas,0
1987,CHN,Gas,0
1988,CHN,Gas,0
1989,CHN,Gas,0
1990,CHN,Gas,0
1991,CHN,Gas,0
1992,CHN,Gas,0
1993,CHN,Gas,0
1994,CHN,Gas,0
1995,CHN,Gas,0
1996,CHN,Gas,0
1997,CHN,Gas,0
1998,CHN,Gas,0
1999,CHN,Gas,0
2000,CHN,Gas,2
2001,CHN,Gas,0
2002,CHN,Gas,0
2003,CHN,Gas,1
2004,CHN,Gas,2
2005,CHN,Gas,7
2006,CHN,Gas,5
2007,CHN,Gas,7
2008,CHN,Gas,2
2009,CHN,Gas,3
2010,CHN,Gas,3
2011,CHN,Gas,3
2012,CHN,Gas,1
2013,CHN,Gas,6
2014,CHN,Gas,13
2015,CHN,Gas,9
2016,CHN,Gas,4
2017,CHN,Gas,6
2018,CHN,Gas,9
2019,CHN,Gas,9
2020,CHN,Gas,7
2021,CHN,Gas,7
2022,CHN,Gas,8
2023,CHN,Gas,9
2024,CHN,Gas,17
2025,CHN,Gas,22
2001,COL,Gas,0
2002,COL,Gas,0
2003,COL,Gas,0
2004,COL,Gas,0
2005,COL,Gas,0
2006,COL,Gas,0
2007,COL,Gas,0
2008,COL,Gas,0
2009,COL,Gas,0
2010,COL,Gas,0
2011,COL,Gas,0
2012,COL,Gas,0
2013,COL,Gas,0
2014,COL,Gas,0
2015,COL,Gas,0
2016,COL,Gas,0
2017,COL,Gas,0
2018,COL,Gas,0
2019,COL,Gas,0
2020,COL,Gas,0
2021,COL,Gas,0
2022,COL,Gas,0
2023,COL,Gas,1
2024,COL,Gas,0
2025,COL,Gas,0
2001,COM,Gas,0
2002,COM,Gas,0
2003,COM,Gas,0
2004,COM,Gas,0
2005,COM,Gas,0
2006,COM,Gas,0
2007,COM,Gas,0
2008,COM,Gas,0
2009,COM,Gas,0
2010,COM,Gas,0
2011,COM,Gas,0
2012,COM,Gas,0
2013,COM,Gas,0
2014,COM,Gas,0
2015,COM,Gas,0
2016,COM,Gas,0
2017,COM,Gas,0
2018,COM,Gas,0
2019,COM,Gas,0
2020,COM,Gas,0
2021,COM,Gas,0
2022,COM,Gas,0
2023,COM,Gas,0
2001,COG,Gas,0
2002,COG,Gas,0
2003,COG,Gas,0
2004,COG,Gas,0
2005,COG,Gas,0
2006,COG,Gas,0
2007,COG,Gas,0
2008,COG,Gas,0
2009,COG,Gas,0
2010,COG,Gas,0
2011,COG,Gas,0
2012,COG,Gas,0
2013,COG,Gas,0
2014,COG,Gas,0
2015,COG,Gas,0
2016,COG,Gas,0
2017,COG,Gas,0
2018,COG,Gas,0
2019,COG,Gas,0
2020,COG,Gas,0
2021,COG,Gas,0
2022,COG,Gas,0
2023,COG,Gas,0
2024,COG,Gas,0
2001,COD,Gas,0
2002,COD,Gas,0
2003,COD,Gas,0
2004,COD,Gas,0
2005,COD,Gas,0
2006,COD,Gas,0
2007,COD,Gas,0
2008,COD,Gas,0
2009,COD,Gas,0
2010,COD,Gas,0
2011,COD,Gas,0
2012,COD,Gas,0
2013,COD,Gas,0
2014,COD,Gas,0
2015,COD,Gas,0
2016,COD,Gas,0
2017,COD,Gas,0
2018,COD,Gas,0
2019,COD,Gas,0
2020,COD,Gas,0
2021,COD,Gas,0
2022,COD,Gas,0
2023,COD,Gas,0
2024,COD,Gas,0
2001,COK,Gas,0
2002,COK,Gas,0
2003,COK,Gas,0
2004,COK,Gas,0
2005,COK,Gas,0
2006,COK,Gas,0
2007,COK,Gas,0
2008,COK,Gas,0
2009,COK,Gas,0
2010,COK,Gas,0
2011,COK,Gas,0
2012,COK,Gas,0
2013,COK,Gas,0
2014,COK,Gas,0
2015,COK,Gas,0
2016,COK,Gas,0
2017,COK,Gas,0
2018,COK,Gas,0
2019,COK,Gas,0
2020,COK,Gas,0
2021,COK,Gas,0
2022,COK,Gas,0
2023,COK,Gas,0
2024,COK,Gas,0
2001,CRI,Gas,0
2002,CRI,Gas,0
2003,CRI,Gas,0
2004,CRI,Gas,0
2005,CRI,Gas,0
2006,CRI,Gas,0
2007,CRI,Gas,0
2008,CRI,Gas,0
2009,CRI,Gas,0
2010,CRI,Gas,0
2011,CRI,Gas,0
2012,CRI,Gas,0
2013,CRI,Gas,0
2014,CRI,Gas,0
2015,CRI,Gas,0
2016,CRI,Gas,0
2017,CRI,Gas,0
2018,CRI,Gas,0
2019,CRI,Gas,0
2020,CRI,Gas,0
2021,CRI,Gas,0
2022,CRI,Gas,0
2023,CRI,Gas,0
2024,CRI,Gas,0
2025,CRI,Gas,0
2001,CIV,Gas,0
2002,CIV,Gas,0
2003,CIV,Gas,0
2004,CIV,Gas,0
2005,CIV,Gas,0
2006,CIV,Gas,0
2007,CIV,Gas,0
2008,CIV,Gas,0
2009,CIV,Gas,0
2010,CIV,Gas,0
2011,CIV,Gas,0
2012,CIV,Gas,0
2013,CIV,Gas,0
2014,CIV,Gas,0
2015,CIV,Gas,0
2016,CIV,Gas,0
2017,CIV,Gas,0
2018,CIV,Gas,0
2019,CIV,Gas,0
2020,CIV,Gas,0
2021,CIV,Gas,0
2022,CIV,Gas,0
2023,CIV,Gas,0
2024,CIV,Gas,0
1991,HRV,Gas,0
1992,HRV,Gas,0
1993,HRV,Gas,0
1994,HRV,Gas,0
1995,HRV,Gas,0
1996,HRV,Gas,0
1997,HRV,Gas,0
1998,HRV,Gas,0
1999,HRV,Gas,0
2000,HRV,Gas,0
2001,HRV,Gas,0
2002,HRV,Gas,0
2003,HRV,Gas,0
2004,HRV,Gas,0
2005,HRV,Gas,0
2006,HRV,Gas,0
2007,HRV,Gas,0
2008,HRV,Gas,0
2009,HRV,Gas,0
2010,HRV,Gas,0
2011,HRV,Gas,0
2012,HRV,Gas,0
2013,HRV,Gas,0
2014,HRV,Gas,0
2015,HRV,Gas,0
2016,HRV,Gas,0
2017,HRV,Gas,0
2018,HRV,Gas,0
2019,HRV,Gas,0
2020,HRV,Gas,0
2021,HRV,Gas,0
2022,HRV,Gas,0
2023,HRV,Gas,0
2024,HRV,Gas,0
2025,HRV,Gas,0
2001,CUB,Gas,0
2002,CUB,Gas,0
2003,CUB,Gas,0
2004,CUB,Gas,0
2005,CUB,Gas,0
2006,CUB,Gas,0
2007,CUB,Gas,0
2008,CUB,Gas,0
2009,CUB,Gas,0
2010,CUB,Gas,0
2011,CUB,Gas,0
2012,CUB,Gas,0
2013,CUB,Gas,0
2014,CUB,Gas,0
2015,CUB,Gas,0
2016,CUB,Gas,0
2017,CUB,Gas,0
2018,CUB,Gas,0
2019,CUB,Gas,0
2020,CUB,Gas,0
2021,CUB,Gas,0
2022,CUB,Gas,0
2023,CUB,Gas,0
2024,CUB,Gas,0
1991,CYP,Gas,0
1992,CYP,Gas,0
1993,CYP,Gas,0
1994,CYP,Gas,0
1995,CYP,Gas,0
1996,CYP,Gas,0
1997,CYP,Gas,0
1998,CYP,Gas,0
1999,CYP,Gas,0
2000,CYP,Gas,0
2001,CYP,Gas,0
2002,CYP,Gas,0
2003,CYP,Gas,0
2004,CYP,Gas,0
2005,CYP,Gas,0
2006,CYP,Gas,0
2007,CYP,Gas,0
2008,CYP,Gas,0
2009,CYP,Gas,0
2010,CYP,Gas,0
2011,CYP,Gas,0
2012,CYP,Gas,0
2013,CYP,Gas,0
2014,CYP,Gas,0
2015,CYP,Gas,0
2016,CYP,Gas,0
2017,CYP,Gas,0
2018,CYP,Gas,0
2019,CYP,Gas,0
2020,CYP,Gas,0
2021,CYP,Gas,0
2022,CYP,Gas,0
2023,CYP,Gas,0
2024,CYP,Gas,0
2025,CYP,Gas,0
1991,CZE,Gas,0
1992,CZE,Gas,0
1993,CZE,Gas,0
1994,CZE,Gas,0
1995,CZE,Gas,0
1996,CZE,Gas,0
1997,CZE,Gas,0
1998,CZE,Gas,0
1999,CZE,Gas,0
2000,CZE,Gas,1
2001,CZE,Gas,0
2002,CZE,Gas,0
2003,CZE,Gas,0
2004,CZE,Gas,0
2005,CZE,Gas,0
2006,CZE,Gas,0
2007,CZE,Gas,0
2008,CZE,Gas,0
2009,CZE,Gas,0
2010,CZE,Gas,0
2011,CZE,Gas,0
2012,CZE,Gas,0
2013,CZE,Gas,0
2014,CZE,Gas,1
2015,CZE,Gas,0
2016,CZE,Gas,0
2017,CZE,Gas,0
2018,CZE,Gas,0
2019,CZE,Gas,0
2020,CZE,Gas,0
2021,CZE,Gas,0
2022,CZE,Gas,0
2023,CZE,Gas,0
2024,CZE,Gas,0
2025,CZE,Gas,0
1991,DNK,Gas,0
1992,DNK,Gas,0
1993,DNK,Gas,0
1994,DNK,Gas,0
1995,DNK,Gas,0
1996,DNK,Gas,0
1997,DNK,Gas,0
1998,DNK,Gas,0
1999,DNK,Gas,0
2000,DNK,Gas,0
2001,DNK,Gas,0
2002,DNK,Gas,0
2003,DNK,Gas,0
2004,DNK,Gas,0
2005,DNK,Gas,0
2006,DNK,Gas,0
2007,DNK,Gas,0
2008,DNK,Gas,0
2009,DNK,Gas,0
2010,DNK,Gas,0
2011,DNK,Gas,0
2012,DNK,Gas,0
2013,DNK,Gas,0
2014,DNK,Gas,0
2015,DNK,Gas,0
2016,DNK,Gas,0
2017,DNK,Gas,0
2018,DNK,Gas,0
2019,DNK,Gas,0
2020,DNK,Gas,0
2021,DNK,Gas,0
2022,DNK,Gas,0
2023,DNK,Gas,0
2024,DNK,Gas,0
2025,DNK,Gas,0
2001,DJI,Gas,0
2002,DJI,Gas,0
2003,DJI,Gas,0
2004,DJI,Gas,0
2005,DJI,Gas,0
2006,DJI,Gas,0
2007,DJI,Gas,0
2008,DJI,Gas,0
2009,DJI,Gas,0
2010,DJI,Gas,0
2011,DJI,Gas,0
2012,DJI,Gas,0
2013,DJI,Gas,0
2014,DJI,Gas,0
2015,DJI,Gas,0
2016,DJI,Gas,0
2017,DJI,Gas,0
2018,DJI,Gas,0
2019,DJI,Gas,0
2020,DJI,Gas,0
2021,DJI,Gas,0
2022,DJI,Gas,0
2023,DJI,Gas,0
2024,DJI,Gas,0
2001,DMA,Gas,0
2002,DMA,Gas,0
2003,DMA,Gas,0
2004,DMA,Gas,0
2005,DMA,Gas,0
2006,DMA,Gas,0
2007,DMA,Gas,0
2008,DMA,Gas,0
2009,DMA,Gas,0
2010,DMA,Gas,0
2011,DMA,Gas,0
2012,DMA,Gas,0
2013,DMA,Gas,0
2014,DMA,Gas,0
2015,DMA,Gas,0
2016,DMA,Gas,0
2017,DMA,Gas,0
2018,DMA,Gas,0
2019,DMA,Gas,0
2020,DMA,Gas,0
2021,DMA,Gas,0
2022,DMA,Gas,0
2023,DMA,Gas,0
2001,DOM,Gas,0
2002,DOM,Gas,0
2003,DOM,Gas,0
2004,DOM,Gas,0
2005,DOM,Gas,0
2006,DOM,Gas,0
2007,DOM,Gas,0
2008,DOM,Gas,0
2009,DOM,Gas,0
2010,DOM,Gas,0
2011,DOM,Gas,0
2012,DOM,Gas,0
2013,DOM,Gas,0
2014,DOM,Gas,0
2015,DOM,Gas,0
2016,DOM,Gas,0
2017,DOM,Gas,0
2018,DOM,Gas,0
2019,DOM,Gas,0
2020,DOM,Gas,1
2021,DOM,Gas,0
2022,DOM,Gas,0
2023,DOM,Gas,0
2024,DOM,Gas,0
2025,DOM,Gas,0
2001,ECU,Gas,0
2002,ECU,Gas,0
2003,ECU,Gas,0
2004,ECU,Gas,0
2005,ECU,Gas,0
2006,ECU,Gas,0
2007,ECU,Gas,0
2008,ECU,Gas,0
2009,ECU,Gas,0
2010,ECU,Gas,0
2011,ECU,Gas,0
2012,ECU,Gas,0
2013,ECU,Gas,0
2014,ECU,Gas,0
2015,ECU,Gas,0
2016,ECU,Gas,0
2017,ECU,Gas,0
2018,ECU,Gas,0
2019,ECU,Gas,0
2020,ECU,Gas,0
2021,ECU,Gas,0
2022,ECU,Gas,0
2023,ECU,Gas,0
2024,ECU,Gas,0
2025,ECU,Gas,0
1986,EGY,Gas,0
1987,EGY,Gas,0
1988,EGY,Gas,0
1989,EGY,Gas,0
1990,EGY,Gas,0
1991,EGY,Gas,0
1992,EGY,Gas,0
1993,EGY,Gas,0
1994,EGY,Gas,0
1995,EGY,Gas,0
1996,EGY,Gas,0
1997,EGY,Gas,0
1998,EGY,Gas,0
1999,EGY,Gas,0
2000,EGY,Gas,10
2001,EGY,Gas,1
2002,EGY,Gas,1
2003,EGY,Gas,1
2004,EGY,Gas,0
2005,EGY,Gas,0
2006,EGY,Gas,2
2007,EGY,Gas,0
2008,EGY,Gas,2
2009,EGY,Gas,1
2010,EGY,Gas,4
2011,EGY,Gas,2
2012,EGY,Gas,1
2013,EGY,Gas,1
2014,EGY,Gas,1
2015,EGY,Gas,4
2016,EGY,Gas,0
2017,EGY,Gas,4
2018,EGY,Gas,16
2019,EGY,Gas,3
2020,EGY,Gas,1
2021,EGY,Gas,1
2022,EGY,Gas,0
2023,EGY,Gas,0
2024,EGY,Gas,0
2025,EGY,Gas,0
2001,GNQ,Gas,0
2002,GNQ,Gas,0
2003,GNQ,Gas,0
2004,GNQ,Gas,0
2005,GNQ,Gas,0
2006,GNQ,Gas,0
2007,GNQ,Gas,0
2008,GNQ,Gas,0
2009,GNQ,Gas,0
2010,GNQ,Gas,0
2011,GNQ,Gas,0
2012,GNQ,Gas,0
2013,GNQ,Gas,0
2014,GNQ,Gas,0
2015,GNQ,Gas,0
2016,GNQ,Gas,0
2017,GNQ,Gas,0
2018,GNQ,Gas,0
2019,GNQ,Gas,0
2020,GNQ,Gas,0
2021,GNQ,Gas,0
2022,GNQ,Gas,0
2023,GNQ,Gas,0
2024,GNQ,Gas,0
2001,ERI,Gas,0
2002,ERI,Gas,0
2003,ERI,Gas,0
2004,ERI,Gas,0
2005,ERI,Gas,0
2006,ERI,Gas,0
2007,ERI,Gas,0
2008,ERI,Gas,0
2009,ERI,Gas,0
2010,ERI,Gas,0
2011,ERI,Gas,0
2012,ERI,Gas,0
2013,ERI,Gas,0
2014,ERI,Gas,0
2015,ERI,Gas,0
2016,ERI,Gas,0
2017,ERI,Gas,0
2018,ERI,Gas,0
2019,ERI,Gas,0
2020,ERI,Gas,0
2021,ERI,Gas,0
2022,ERI,Gas,0
2023,ERI,Gas,0
2024,ERI,Gas,0
1991,EST,Gas,0
1992,EST,Gas,0
1993,EST,Gas,0
1994,EST,Gas,0
1995,EST,Gas,0
1996,EST,Gas,0
1997,EST,Gas,0
1998,EST,Gas,0
1999,EST,Gas,0
2000,EST,Gas,0
2001,EST,Gas,0
2002,EST,Gas,0
2003,EST,Gas,0
2004,EST,Gas,0
2005,EST,Gas,0
2006,EST,Gas,0
2007,EST,Gas,0
2008,EST,Gas,0
2009,EST,Gas,0
2010,EST,Gas,0
2011,EST,Gas,0
2012,EST,Gas,0
2013,EST,Gas,0
2014,EST,Gas,0
2015,EST,Gas,0
2016,EST,Gas,0
2017,EST,Gas,0
2018,EST,Gas,0
2019,EST,Gas,0
2020,EST,Gas,0
2021,EST,Gas,0
2022,EST,Gas,0
2023,EST,Gas,0
2024,EST,Gas,0
2025,EST,Gas,0
2001,SWZ,Gas,0
2002,SWZ,Gas,0
2003,SWZ,Gas,0
2004,SWZ,Gas,0
2005,SWZ,Gas,0
2006,SWZ,Gas,0
2007,SWZ,Gas,0
2008,SWZ,Gas,0
2009,SWZ,Gas,0
2010,SWZ,Gas,0
2011,SWZ,Gas,0
2012,SWZ,Gas,0
2013,SWZ,Gas,0
2014,SWZ,Gas,0
2015,SWZ,Gas,0
2016,SWZ,Gas,0
2017,SWZ,Gas,0
2018,SWZ,Gas,0
2019,SWZ,Gas,0
2020,SWZ,Gas,0
2021,SWZ,Gas,0
2022,SWZ,Gas,0
2023,SWZ,Gas,0
2024,SWZ,Gas,0
2001,ETH,Gas,0
2002,ETH,Gas,0
2003,ETH,Gas,0
2004,ETH,Gas,0
2005,ETH,Gas,0
2006,ETH,Gas,0
2007,ETH,Gas,0
2008,ETH,Gas,0
2009,ETH,Gas,0
2010,ETH,Gas,0
2011,ETH,Gas,0
2012,ETH,Gas,0
2013,ETH,Gas,0
2014,ETH,Gas,0
2015,ETH,Gas,0
2016,ETH,Gas,0
2017,ETH,Gas,0
2018,ETH,Gas,0
2019,ETH,Gas,0
2020,ETH,Gas,0
2021,ETH,Gas,0
2022,ETH,Gas,0
2023,ETH,Gas,0
2024,ETH,Gas,0
2025,ETH,Gas,0
2001,FLK,Gas,0
2002,FLK,Gas,0
2003,FLK,Gas,0
2004,FLK,Gas,0
2005,FLK,Gas,0
2006,FLK,Gas,0
2007,FLK,Gas,0
2008,FLK,Gas,0
2009,FLK,Gas,0
2010,FLK,Gas,0
2011,FLK,Gas,0
2012,FLK,Gas,0
2013,FLK,Gas,0
2014,FLK,Gas,0
2015,FLK,Gas,0
2016,FLK,Gas,0
2017,FLK,Gas,0
2018,FLK,Gas,0
2019,FLK,Gas,0
2020,FLK,Gas,0
2021,FLK,Gas,0
2022,FLK,Gas,0
2023,FLK,Gas,0
2001,FRO,Gas,0
2002,FRO,Gas,0
2003,FRO,Gas,0
2004,FRO,Gas,0
2005,FRO,Gas,0
2006,FRO,Gas,0
2007,FRO,Gas,0
2008,FRO,Gas,0
2009,FRO,Gas,0
2010,FRO,Gas,0
2011,FRO,Gas,0
2012,FRO,Gas,0
2013,FRO,Gas,0
2014,FRO,Gas,0
2015,FRO,Gas,0
2016,FRO,Gas,0
2017,FRO,Gas,0
2018,FRO,Gas,0
2019,FRO,Gas,0
2020,FRO,Gas,0
2021,FRO,Gas,0
2022,FRO,Gas,0
2023,FRO,Gas,0
2001,FJI,Gas,0
2002,FJI,Gas,0
2003,FJI,Gas,0
2004,FJI,Gas,0
2005,FJI,Gas,0
2006,FJI,Gas,0
2007,FJI,Gas,0
2008,FJI,Gas,0
2009,FJI,Gas,0
2010,FJI,Gas,0
2011,FJI,Gas,0
2012,FJI,Gas,0
2013,FJI,Gas,0
2014,FJI,Gas,0
2015,FJI,Gas,0
2016,FJI,Gas,0
2017,FJI,Gas,0
2018,FJI,Gas,0
2019,FJI,Gas,0
2020,FJI,Gas,0
2021,FJI,Gas,0
2022,FJI,Gas,0
2023,FJI,Gas,0
2024,FJI,Gas,0
1991,FIN,Gas,0
1992,FIN,Gas,0
1993,FIN,Gas,0
1994,FIN,Gas,0
1995,FIN,Gas,0
1996,FIN,Gas,0
1997,FIN,Gas,0
1998,FIN,Gas,0
1999,FIN,Gas,0
2000,FIN,Gas,1
2001,FIN,Gas,0
2002,FIN,Gas,0
2003,FIN,Gas,0
2004,FIN,Gas,0
2005,FIN,Gas,0
2006,FIN,Gas,0
2007,FIN,Gas,0
2008,FIN,Gas,0
2009,FIN,Gas,0
2010,FIN,Gas,0
2011,FIN,Gas,0
2012,FIN,Gas,0
2013,FIN,Gas,0
2014,FIN,Gas,0
2015,FIN,Gas,0
2016,FIN,Gas,0
2017,FIN,Gas,0
2018,FIN,Gas,0
2019,FIN,Gas,0
2020,FIN,Gas,0
2021,FIN,Gas,0
2022,FIN,Gas,0
2023,FIN,Gas,0
2024,FIN,Gas,0
2025,FIN,Gas,0
1991,FRA,Gas,0
1992,FRA,Gas,0
1993,FRA,Gas,0
1994,FRA,Gas,0
1995,FRA,Gas,0
1996,FRA,Gas,0
1997,FRA,Gas,0
1998,FRA,Gas,0
1999,FRA,Gas,0
2000,FRA,Gas,25
2001,FRA,Gas,1
2002,FRA,Gas,1
2003,FRA,Gas,0
2004,FRA,Gas,0
2005,FRA,Gas,-1
2006,FRA,Gas,-1
2007,FRA,Gas,0
2008,FRA,Gas,0
2009,FRA,Gas,2
2010,FRA,Gas,1
2011,FRA,Gas,0
2012,FRA,Gas,1
2013,FRA,Gas,-2
2014,FRA,Gas,-2
2015,FRA,Gas,0
2016,FRA,Gas,-1
2017,FRA,Gas,-3
2018,FRA,Gas,-1
2019,FRA,Gas,0
2020,FRA,Gas,0
2021,FRA,Gas,0
2022,FRA,Gas,0
2023,FRA,Gas,0
2024,FRA,Gas,-1
2025,FRA,Gas,0
2001,PYF,Gas,0
2002,PYF,Gas,0
2003,PYF,Gas,0
2004,PYF,Gas,0
2005,PYF,Gas,0
2006,PYF,Gas,0
2007,PYF,Gas,0
2008,PYF,Gas,0
2009,PYF,Gas,0
2010,PYF,Gas,0
2011,PYF,Gas,0
2012,PYF,Gas,0
2013,PYF,Gas,0
2014,PYF,Gas,0
2015,PYF,Gas,0
2016,PYF,Gas,0
2017,PYF,Gas,0
2018,PYF,Gas,0
2019,PYF,Gas,0
2020,PYF,Gas,0
2021,PYF,Gas,0
2022,PYF,Gas,0
2023,PYF,Gas,0
2024,PYF,Gas,0
2001,GAB,Gas,0
2002,GAB,Gas,0
2003,GAB,Gas,0
2004,GAB,Gas,0
2005,GAB,Gas,0
2006,GAB,Gas,0
2007,GAB,Gas,0
2008,GAB,Gas,0
2009,GAB,Gas,0
2010,GAB,Gas,0
2011,GAB,Gas,0
2012,GAB,Gas,0
2013,GAB,Gas,0
2014,GAB,Gas,0
2015,GAB,Gas,0
2016,GAB,Gas,0
2017,GAB,Gas,0
2018,GAB,Gas,0
2019,GAB,Gas,0
2020,GAB,Gas,0
2021,GAB,Gas,0
2022,GAB,Gas,0
2023,GAB,Gas,0
2024,GAB,Gas,0
2001,GMB,Gas,0
2002,GMB,Gas,0
2003,GMB,Gas,0
2004,GMB,Gas,0
2005,GMB,Gas,0
2006,GMB,Gas,0
2007,GMB,Gas,0
2008,GMB,Gas,0
2009,GMB,Gas,0
2010,GMB,Gas,0
2011,GMB,Gas,0
2012,GMB,Gas,0
2013,GMB,Gas,0
2014,GMB,Gas,0
2015,GMB,Gas,0
2016,GMB,Gas,0
2017,GMB,Gas,0
2018,GMB,Gas,0
2019,GMB,Gas,0
2020,GMB,Gas,0
2021,GMB,Gas,0
2022,GMB,Gas,0
2023,GMB,Gas,0
2024,GMB,Gas,0
2001,GEO,Gas,0
2002,GEO,Gas,0
2003,GEO,Gas,0
2004,GEO,Gas,0
2005,GEO,Gas,0
2006,GEO,Gas,0
2007,GEO,Gas,0
2008,GEO,Gas,0
2009,GEO,Gas,0
2010,GEO,Gas,0
2011,GEO,Gas,0
2012,GEO,Gas,0
2013,GEO,Gas,0
2014,GEO,Gas,0
2015,GEO,Gas,0
2016,GEO,Gas,0
2017,GEO,Gas,0
2018,GEO,Gas,0
2019,GEO,Gas,0
2020,GEO,Gas,0
2021,GEO,Gas,0
2022,GEO,Gas,0
2023,GEO,Gas,0
2024,GEO,Gas,0
2025,GEO,Gas,0
1986,DEU,Gas,0
1987,DEU,Gas,0
1988,DEU,Gas,0
1989,DEU,Gas,0
1990,DEU,Gas,0
1991,DEU,Gas,0
1992,DEU,Gas,0
1993,DEU,Gas,0
1994,DEU,Gas,0
1995,DEU,Gas,0
1996,DEU,Gas,0
1997,DEU,Gas,0
1998,DEU,Gas,0
1999,DEU,Gas,0
2000,DEU,Gas,14
2001,DEU,Gas,0
2002,DEU,Gas,0
2003,DEU,Gas,0
2004,DEU,Gas,1
2005,DEU,Gas,2
2006,DEU,Gas,0
2007,DEU,Gas,1
2008,DEU,Gas,1
2009,DEU,Gas,0
2010,DEU,Gas,2
2011,DEU,Gas,1
2012,DEU,Gas,0
2013,DEU,Gas,1
2014,DEU,Gas,0
2015,DEU,Gas,0
2016,DEU,Gas,2
2017,DEU,Gas,0
2018,DEU,Gas,0
2019,DEU,Gas,0
2020,DEU,Gas,1
2021,DEU,Gas,0
2022,DEU,Gas,2
2023,DEU,Gas,2
2024,DEU,Gas,0
2025,DEU,Gas,0
2001,GHA,Gas,0
2002,GHA,Gas,0
2003,GHA,Gas,0
2004,GHA,Gas,0
2005,GHA,Gas,0
2006,GHA,Gas,0
2007,GHA,Gas,0
2008,GHA,Gas,0
2009,GHA,Gas,0
2010,GHA,Gas,0
2011,GHA,Gas,0
2012,GHA,Gas,0
2013,GHA,Gas,0
2014,GHA,Gas,0
2015,GHA,Gas,0
2016,GHA,Gas,0
2017,GHA,Gas,1
2018,GHA,Gas,0
2019,GHA,Gas,1
2020,GHA,Gas,0
2021,GHA,Gas,0
2022,GHA,Gas,0
2023,GHA,Gas,0
2024,GHA,Gas,0
1991,GRC,Gas,0
1992,GRC,Gas,0
1993,GRC,Gas,0
1994,GRC,Gas,0
1995,GRC,Gas,0
1996,GRC,Gas,0
1997,GRC,Gas,0
1998,GRC,Gas,0
1999,GRC,Gas,0
2000,GRC,Gas,1
2001,GRC,Gas,0
2002,GRC,Gas,0
2003,GRC,Gas,0
2004,GRC,Gas,0
2005,GRC,Gas,0
2006,GRC,Gas,1
2007,GRC,Gas,0
2008,GRC,Gas,0
2009,GRC,Gas,0
2010,GRC,Gas,1
2011,GRC,Gas,0
2012,GRC,Gas,0
2013,GRC,Gas,0
2014,GRC,Gas,0
2015,GRC,Gas,1
2016,GRC,Gas,0
2017,GRC,Gas,0
2018,GRC,Gas,0
2019,GRC,Gas,0
2020,GRC,Gas,0
2021,GRC,Gas,0
2022,GRC,Gas,0
2023,GRC,Gas,1
2024,GRC,Gas,0
2025,GRC,Gas,1
2001,GRL,Gas,0
2002,GRL,Gas,0
2003,GRL,Gas,0
2004,GRL,Gas,0
2005,GRL,Gas,0
2006,GRL,Gas,0
2007,GRL,Gas,0
2008,GRL,Gas,0
2009,GRL,Gas,0
2010,GRL,Gas,0
2011,GRL,Gas,0
2012,GRL,Gas,0
2013,GRL,Gas,0
2014,GRL,Gas,0
2015,GRL,Gas,0
2016,GRL,Gas,0
2017,GRL,Gas,0
2018,GRL,Gas,0
2019,GRL,Gas,0
2020,GRL,Gas,0
2021,GRL,Gas,0
2022,GRL,Gas,0
2023,GRL,Gas,0
2024,GRL,Gas,0
2001,GRD,Gas,0
2002,GRD,Gas,0
2003,GRD,Gas,0
2004,GRD,Gas,0
2005,GRD,Gas,0
2006,GRD,Gas,0
2007,GRD,Gas,0
2008,GRD,Gas,0
2009,GRD,Gas,0
2010,GRD,Gas,0
2011,GRD,Gas,0
2012,GRD,Gas,0
2013,GRD,Gas,0
2014,GRD,Gas,0
2015,GRD,Gas,0
2016,GRD,Gas,0
2017,GRD,Gas,0
2018,GRD,Gas,0
2019,GRD,Gas,0
2020,GRD,Gas,0
2021,GRD,Gas,0
2022,GRD,Gas,0
2023,GRD,Gas,0
2024,GRD,Gas,0
2001,GUM,Gas,0
2002,GUM,Gas,0
2003,GUM,Gas,0
2004,GUM,Gas,0
2005,GUM,Gas,0
2006,GUM,Gas,0
2007,GUM,Gas,0
2008,GUM,Gas,0
2009,GUM,Gas,0
2010,GUM,Gas,0
2011,GUM,Gas,0
2012,GUM,Gas,0
2013,GUM,Gas,0
2014,GUM,Gas,0
2015,GUM,Gas,0
2016,GUM,Gas,0
2017,GUM,Gas,0
2018,GUM,Gas,0
2019,GUM,Gas,0
2020,GUM,Gas,0
2021,GUM,Gas,0
2022,GUM,Gas,0
2023,GUM,Gas,0
2024,GUM,Gas,0
2001,GTM,Gas,0
2002,GTM,Gas,0
2003,GTM,Gas,0
2004,GTM,Gas,0
2005,GTM,Gas,0
2006,GTM,Gas,0
2007,GTM,Gas,0
2008,GTM,Gas,0
2009,GTM,Gas,0
2010,GTM,Gas,0
2011,GTM,Gas,0
2012,GTM,Gas,0
2013,GTM,Gas,0
2014,GTM,Gas,0
2015,GTM,Gas,0
2016,GTM,Gas,0
2017,GTM,Gas,0
2018,GTM,Gas,0
2019,GTM,Gas,0
2020,GTM,Gas,0
2021,GTM,Gas,0
2022,GTM,Gas,0
2023,GTM,Gas,0
2024,GTM,Gas,0
2001,GIN,Gas,0
2002,GIN,Gas,0
2003,GIN,Gas,0
2004,GIN,Gas,0
2005,GIN,Gas,0
2006,GIN,Gas,0
2007,GIN,Gas,0
2008,GIN,Gas,0
2009,GIN,Gas,0
2010,GIN,Gas,0
2011,GIN,Gas,0
2012,GIN,Gas,0
2013,GIN,Gas,0
2014,GIN,Gas,0
2015,GIN,Gas,0
2016,GIN,Gas,0
2017,GIN,Gas,0
2018,GIN,Gas,0
2019,GIN,Gas,0
2020,GIN,Gas,0
2021,GIN,Gas,0
2022,GIN,Gas,0
2023,GIN,Gas,0
2024,GIN,Gas,0
2001,GNB,Gas,0
2002,GNB,Gas,0
2003,GNB,Gas,0
2004,GNB,Gas,0
2005,GNB,Gas,0
2006,GNB,Gas,0
2007,GNB,Gas,0
2008,GNB,Gas,0
2009,GNB,Gas,0
2010,GNB,Gas,0
2011,GNB,Gas,0
2012,GNB,Gas,0
2013,GNB,Gas,0
2014,GNB,Gas,0
2015,GNB,Gas,0
2016,GNB,Gas,0
2017,GNB,Gas,0
2018,GNB,Gas,0
2019,GNB,Gas,0
2020,GNB,Gas,0
2021,GNB,Gas,0
2022,GNB,Gas,0
2023,GNB,Gas,0
2024,GNB,Gas,0
2001,GUY,Gas,0
2002,GUY,Gas,0
2003,GUY,Gas,0
2004,GUY,Gas,0
2005,GUY,Gas,0
2006,GUY,Gas,0
2007,GUY,Gas,0
2008,GUY,Gas,0
2009,GUY,Gas,0
2010,GUY,Gas,0
2011,GUY,Gas,0
2012,GUY,Gas,0
2013,GUY,Gas,0
2014,GUY,Gas,0
2015,GUY,Gas,0
2016,GUY,Gas,0
2017,GUY,Gas,0
2018,GUY,Gas,0
2019,GUY,Gas,0
2020,GUY,Gas,0
2021,GUY,Gas,0
2022,GUY,Gas,0
2023,GUY,Gas,0
2024,GUY,Gas,0
2001,HTI,Gas,0
2002,HTI,Gas,0
2003,HTI,Gas,0
2004,HTI,Gas,0
2005,HTI,Gas,0
2006,HTI,Gas,0
2007,HTI,Gas,0
2008,HTI,Gas,0
2009,HTI,Gas,0
2010,HTI,Gas,0
2011,HTI,Gas,0
2012,HTI,Gas,0
2013,HTI,Gas,0
2014,HTI,Gas,0
2015,HTI,Gas,0
2016,HTI,Gas,0
2017,HTI,Gas,0
2018,HTI,Gas,0
2019,HTI,Gas,0
2020,HTI,Gas,0
2021,HTI,Gas,0
2022,HTI,Gas,0
2023,HTI,Gas,0
2024,HTI,Gas,0
2001,HND,Gas,0
2002,HND,Gas,0
2003,HND,Gas,0
2004,HND,Gas,0
2005,HND,Gas,0
2006,HND,Gas,0
2007,HND,Gas,0
2008,HND,Gas,0
2009,HND,Gas,0
2010,HND,Gas,0
2011,HND,Gas,0
2012,HND,Gas,0
2013,HND,Gas,0
2014,HND,Gas,0
2015,HND,Gas,0
2016,HND,Gas,0
2017,HND,Gas,0
2018,HND,Gas,0
2019,HND,Gas,0
2020,HND,Gas,0
2021,HND,Gas,0
2022,HND,Gas,0
2023,HND,Gas,0
2024,HND,Gas,0
2001,HKG,Gas,0
2002,HKG,Gas,0
2003,HKG,Gas,0
2004,HKG,Gas,0
2005,HKG,Gas,0
2006,HKG,Gas,0
2007,HKG,Gas,0
2008,HKG,Gas,0
2009,HKG,Gas,0
2010,HKG,Gas,0
2011,HKG,Gas,0
2012,HKG,Gas,0
2013,HKG,Gas,0
2014,HKG,Gas,0
2015,HKG,Gas,0
2016,HKG,Gas,0
2017,HKG,Gas,0
2018,HKG,Gas,0
2019,HKG,Gas,0
2020,HKG,Gas,1
2021,HKG,Gas,0
2022,HKG,Gas,0
2023,HKG,Gas,0
2024,HKG,Gas,1
1991,HUN,Gas,0
1992,HUN,Gas,0
1993,HUN,Gas,0
1994,HUN,Gas,0
1995,HUN,Gas,0
1996,HUN,Gas,0
1997,HUN,Gas,0
1998,HUN,Gas,0
1999,HUN,Gas,0
2000,HUN,Gas,6
2001,HUN,Gas,0
2002,HUN,Gas,0
2003,HUN,Gas,0
2004,HUN,Gas,0
2005,HUN,Gas,0
2006,HUN,Gas,0
2007,HUN,Gas,0
2008,HUN,Gas,0
2009,HUN,Gas,0
2010,HUN,Gas,0
2011,HUN,Gas,1
2012,HUN,Gas,0
2013,HUN,Gas,-1
2014,HUN,Gas,0
2015,HUN,Gas,0
2016,HUN,Gas,0
2017,HUN,Gas,0
2018,HUN,Gas,0
2019,HUN,Gas,0
2020,HUN,Gas,0
2021,HUN,Gas,0
2022,HUN,Gas,0
2023,HUN,Gas,-1
2024,HUN,Gas,0
2025,HUN,Gas,0
2001,ISL,Gas,0
2002,ISL,Gas,0
2003,ISL,Gas,0
2004,ISL,Gas,0
2005,ISL,Gas,0
2006,ISL,Gas,0
2007,ISL,Gas,0
2008,ISL,Gas,0
2009,ISL,Gas,0
2010,ISL,Gas,0
2011,ISL,Gas,0
2012,ISL,Gas,0
2013,ISL,Gas,0
2014,ISL,Gas,0
2015,ISL,Gas,0
2016,ISL,Gas,0
2017,ISL,Gas,0
2018,ISL,Gas,0
2019,ISL,Gas,0
2020,ISL,Gas,0
2021,ISL,Gas,0
2022,ISL,Gas,0
2023,ISL,Gas,0
2024,ISL,Gas,0
1986,IND,Gas,0
1987,IND,Gas,0
1988,IND,Gas,0
1989,IND,Gas,0
1990,IND,Gas,0
1991,IND,Gas,0
1992,IND,Gas,0
1993,IND,Gas,0
1994,IND,Gas,0
1995,IND,Gas,0
1996,IND,Gas,0
1997,IND,Gas,0
1998,IND,Gas,0
1999,IND,Gas,0
2000,IND,Gas,13
2001,IND,Gas,1
2002,IND,Gas,1
2003,IND,Gas,0
2004,IND,Gas,0
2005,IND,Gas,1
2006,IND,Gas,1
2007,IND,Gas,2
2008,IND,Gas,0
2009,IND,Gas,3
2010,IND,Gas,1
2011,IND,Gas,2
2012,IND,Gas,0
2013,IND,Gas,3
2014,IND,Gas,2
2015,IND,Gas,2
2016,IND,Gas,1
2017,IND,Gas,1
2018,IND,Gas,1
2019,IND,Gas,-1
2020,IND,Gas,0
2021,IND,Gas,-1
2022,IND,Gas,0
2023,IND,Gas,0
2024,IND,Gas,0
2025,IND,Gas,-5
2001,IDN,Gas,0
2002,IDN,Gas,0
2003,IDN,Gas,0
2004,IDN,Gas,0
2005,IDN,Gas,1
2006,IDN,Gas,0
2007,IDN,Gas,1
2008,IDN,Gas,0
2009,IDN,Gas,0
2010,IDN,Gas,1
2011,IDN,Gas,1
2012,IDN,Gas,1
2013,IDN,Gas,0
2014,IDN,Gas,0
2015,IDN,Gas,1
2016,IDN,Gas,1
2017,IDN,Gas,0
2018,IDN,Gas,0
2019,IDN,Gas,1
2020,IDN,Gas,1
2021,IDN,Gas,1
2022,IDN,Gas,1
2023,IDN,Gas,0
2024,IDN,Gas,3
1986,IRN,Gas,0
1987,IRN,Gas,0
1988,IRN,Gas,0
1989,IRN,Gas,0
1990,IRN,Gas,0
1991,IRN,Gas,0
1992,IRN,Gas,0
1993,IRN,Gas,0
1994,IRN,Gas,0
1995,IRN,Gas,0
1996,IRN,Gas,0
1997,IRN,Gas,0
1998,IRN,Gas,0
1999,IRN,Gas,0
2000,IRN,Gas,19
2001,IRN,Gas,3
2002,IRN,Gas,0
2003,IRN,Gas,1
2004,IRN,Gas,0
2005,IRN,Gas,3
2006,IRN,Gas,2
2007,IRN,Gas,0
2008,IRN,Gas,2
2009,IRN,Gas,3
2010,IRN,Gas,5
2011,IRN,Gas,0
2012,IRN,Gas,6
2013,IRN,Gas,2
2014,IRN,Gas,2
2015,IRN,Gas,1
2016,IRN,Gas,2
2017,IRN,Gas,3
2018,IRN,Gas,1
2019,IRN,Gas,5
2020,IRN,Gas,3
2021,IRN,Gas,2
2022,IRN,Gas,3
2023,IRN,Gas,4
2024,IRN,Gas,2
2025,IRN,Gas,-75
2001,IRQ,Gas,0
2002,IRQ,Gas,1
2003,IRQ,Gas,0
2004,IRQ,Gas,0
2005,IRQ,Gas,0
2006,IRQ,Gas,0
2007,IRQ,Gas,0
2008,IRQ,Gas,0
2009,IRQ,Gas,0
2010,IRQ,Gas,0
2011,IRQ,Gas,0
2012,IRQ,Gas,2
2013,IRQ,Gas,7
2014,IRQ,Gas,1
2015,IRQ,Gas,1
2016,IRQ,Gas,2
2017,IRQ,Gas,2
2018,IRQ,Gas,0
2019,IRQ,Gas,1
2020,IRQ,Gas,4
2021,IRQ,Gas,2
2022,IRQ,Gas,6
2023,IRQ,Gas,1
2024,IRQ,Gas,1
1991,IRL,Gas,0
1992,IRL,Gas,0
1993,IRL,Gas,0
1994,IRL,Gas,0
1995,IRL,Gas,0
1996,IRL,Gas,0
1997,IRL,Gas,0
1998,IRL,Gas,0
1999,IRL,Gas,0
2000,IRL,Gas,1
2001,IRL,Gas,0
2002,IRL,Gas,1
2003,IRL,Gas,0
2004,IRL,Gas,0
2005,IRL,Gas,0
2006,IRL,Gas,0
2007,IRL,Gas,0
2008,IRL,Gas,0
2009,IRL,Gas,0
2010,IRL,Gas,1
2011,IRL,Gas,0
2012,IRL,Gas,0
2013,IRL,Gas,0
2014,IRL,Gas,0
2015,IRL,Gas,0
2016,IRL,Gas,0
2017,IRL,Gas,0
2018,IRL,Gas,0
2019,IRL,Gas,0
2020,IRL,Gas,0
2021,IRL,Gas,0
2022,IRL,Gas,0
2023,IRL,Gas,0
2024,IRL,Gas,0
2025,IRL,Gas,0
2001,ISR,Gas,0
2002,ISR,Gas,1
2003,ISR,Gas,0
2004,ISR,Gas,0
2005,ISR,Gas,0
2006,ISR,Gas,0
2007,ISR,Gas,1
2008,ISR,Gas,1
2009,ISR,Gas,0
2010,ISR,Gas,0
2011,ISR,Gas,1
2012,ISR,Gas,0
2013,ISR,Gas,1
2014,ISR,Gas,1
2015,ISR,Gas,1
2016,ISR,Gas,0
2017,ISR,Gas,0
2018,ISR,Gas,0
2019,ISR,Gas,0
2020,ISR,Gas,0
2021,ISR,Gas,0
2022,ISR,Gas,0
2023,ISR,Gas,1
2024,ISR,Gas,1
2025,ISR,Gas,0
1991,ITA,Gas,0
1992,ITA,Gas,0
1993,ITA,Gas,0
1994,ITA,Gas,0
1995,ITA,Gas,0
1996,ITA,Gas,0
1997,ITA,Gas,0
1998,ITA,Gas,0
1999,ITA,Gas,0
2000,ITA,Gas,53
2001,ITA,Gas,0
2002,ITA,Gas,0
2003,ITA,Gas,1
2004,ITA,Gas,3
2005,ITA,Gas,3
2006,ITA,Gas,4
2007,ITA,Gas,3
2008,ITA,Gas,3
2009,ITA,Gas,0
2010,ITA,Gas,1
2011,ITA,Gas,1
2012,ITA,Gas,0
2013,ITA,Gas,-2
2014,ITA,Gas,-3
2015,ITA,Gas,-6
2016,ITA,Gas,-4
2017,ITA,Gas,-1
2018,ITA,Gas,0
2019,ITA,Gas,0
2020,ITA,Gas,-1
2021,ITA,Gas,-1
2022,ITA,Gas,1
2023,ITA,Gas,1
2024,ITA,Gas,-1
2025,ITA,Gas,2
2001,JAM,Gas,0
2002,JAM,Gas,0
2003,JAM,Gas,0
2004,JAM,Gas,0
2005,JAM,Gas,0
2006,JAM,Gas,0
2007,JAM,Gas,0
2008,JAM,Gas,0
2009,JAM,Gas,0
2010,JAM,Gas,0
2011,JAM,Gas,0
2012,JAM,Gas,0
2013,JAM,Gas,0
2014,JAM,Gas,0
2015,JAM,Gas,0
2016,JAM,Gas,0
2017,JAM,Gas,0
2018,JAM,Gas,0
2019,JAM,Gas,0
2020,JAM,Gas,0
2021,JAM,Gas,0
2022,JAM,Gas,0
2023,JAM,Gas,0
2024,JAM,Gas,0
1986,JPN,Gas,0
1987,JPN,Gas,0
1988,JPN,Gas,0
1989,JPN,Gas,0
1990,JPN,Gas,0
1991,JPN,Gas,0
1992,JPN,Gas,0
1993,JPN,Gas,0
1994,JPN,Gas,0
1995,JPN,Gas,0
1996,JPN,Gas,0
1997,JPN,Gas,0
1998,JPN,Gas,0
1999,JPN,Gas,0
2000,JPN,Gas,47
2001,JPN,Gas,1
2002,JPN,Gas,1
2003,JPN,Gas,2
2004,JPN,Gas,0
2005,JPN,Gas,0
2006,JPN,Gas,1
2007,JPN,Gas,1
2008,JPN,Gas,4
2009,JPN,Gas,4
2010,JPN,Gas,3
2011,JPN,Gas,0
2012,JPN,Gas,1
2013,JPN,Gas,3
2014,JPN,Gas,6
2015,JPN,Gas,2
2016,JPN,Gas,3
2017,JPN,Gas,1
2018,JPN,Gas,2
2019,JPN,Gas,1
2020,JPN,Gas,2
2021,JPN,Gas,-6
2022,JPN,Gas,-2
2023,JPN,Gas,3
2024,JPN,Gas,2
2025,JPN,Gas,1
2001,JOR,Gas,0
2002,JOR,Gas,0
2003,JOR,Gas,0
2004,JOR,Gas,0
2005,JOR,Gas,0
2006,JOR,Gas,0
2007,JOR,Gas,0
2008,JOR,Gas,0
2009,JOR,Gas,0
2010,JOR,Gas,0
2011,JOR,Gas,0
2012,JOR,Gas,0
2013,JOR,Gas,0
2014,JOR,Gas,1
2015,JOR,Gas,0
2016,JOR,Gas,0
2017,JOR,Gas,0
2018,JOR,Gas,1
2019,JOR,Gas,0
2020,JOR,Gas,0
2021,JOR,Gas,0
2022,JOR,Gas,0
2023,JOR,Gas,0
2024,JOR,Gas,0
1986,KAZ,Gas,0
1987,KAZ,Gas,0
1988,KAZ,Gas,0
1989,KAZ,Gas,0
1990,KAZ,Gas,0
1991,KAZ,Gas,0
1992,KAZ,Gas,0
1993,KAZ,Gas,0
1994,KAZ,Gas,0
1995,KAZ,Gas,0
1996,KAZ,Gas,0
1997,KAZ,Gas,0
1998,KAZ,Gas,0
1999,KAZ,Gas,0
2000,KAZ,Gas,3
2001,KAZ,Gas,0
2002,KAZ,Gas,0
2003,KAZ,Gas,0
2004,KAZ,Gas,0
2005,KAZ,Gas,0
2006,KAZ,Gas,0
2007,KAZ,Gas,0
2008,KAZ,Gas,0
2009,KAZ,Gas,0
2010,KAZ,Gas,0
2011,KAZ,Gas,0
2012,KAZ,Gas,0
2013,KAZ,Gas,0
2014,KAZ,Gas,0
2015,KAZ,Gas,0
2016,KAZ,Gas,0
2017,KAZ,Gas,0
2018,KAZ,Gas,0
2019,KAZ,Gas,0
2020,KAZ,Gas,0
2021,KAZ,Gas,0
2022,KAZ,Gas,0
2023,KAZ,Gas,0
2024,KAZ,Gas,0
2025,KAZ,Gas,1
2001,KEN,Gas,0
2002,KEN,Gas,0
2003,KEN,Gas,0
2004,KEN,Gas,0
2005,KEN,Gas,0
2006,KEN,Gas,0
2007,KEN,Gas,0
2008,KEN,Gas,0
2009,KEN,Gas,0
2010,KEN,Gas,0
2011,KEN,Gas,0
2012,KEN,Gas,0
2013,KEN,Gas,0
2014,KEN,Gas,0
2015,KEN,Gas,0
2016,KEN,Gas,0
2017,KEN,Gas,0
2018,KEN,Gas,0
2019,KEN,Gas,0
2020,KEN,Gas,0
2021,KEN,Gas,0
2022,KEN,Gas,0
2023,KEN,Gas,0
2024,KEN,Gas,0
2025,KEN,Gas,0
2001,KIR,Gas,0
2002,KIR,Gas,0
2003,KIR,Gas,0
2004,KIR,Gas,0
2005,KIR,Gas,0
2006,KIR,Gas,0
2007,KIR,Gas,0
2008,KIR,Gas,0
2009,KIR,Gas,0
2010,KIR,Gas,0
2011,KIR,Gas,0
2012,KIR,Gas,0
2013,KIR,Gas,0
2014,KIR,Gas,0
2015,KIR,Gas,0
2016,KIR,Gas,0
2017,KIR,Gas,0
2018,KIR,Gas,0
2019,KIR,Gas,0
2020,KIR,Gas,0
2021,KIR,Gas,0
2022,KIR,Gas,0
2023,KIR,Gas,0
2024,KIR,Gas,0
2001,XKX,Gas,0
2002,XKX,Gas,0
2003,XKX,Gas,0
2004,XKX,Gas,0
2005,XKX,Gas,0
2006,XKX,Gas,0
2007,XKX,Gas,0
2008,XKX,Gas,0
2009,XKX,Gas,0
2010,XKX,Gas,0
2011,XKX,Gas,0
2012,XKX,Gas,0
2013,XKX,Gas,0
2014,XKX,Gas,0
2015,XKX,Gas,0
2016,XKX,Gas,0
2017,XKX,Gas,0
2018,XKX,Gas,0
2019,XKX,Gas,0
2020,XKX,Gas,0
2021,XKX,Gas,0
2022,XKX,Gas,0
2023,XKX,Gas,0
2024,XKX,Gas,0
2025,XKX,Gas,0
2001,KWT,Gas,0
2002,KWT,Gas,0
2003,KWT,Gas,0
2004,KWT,Gas,1
2005,KWT,Gas,1
2006,KWT,Gas,0
2007,KWT,Gas,0
2008,KWT,Gas,1
2009,KWT,Gas,0
2010,KWT,Gas,1
2011,KWT,Gas,1
2012,KWT,Gas,1
2013,KWT,Gas,0
2014,KWT,Gas,0
2015,KWT,Gas,3
2016,KWT,Gas,1
2017,KWT,Gas,0
2018,KWT,Gas,0
2019,KWT,Gas,1
2020,KWT,Gas,1
2021,KWT,Gas,0
2022,KWT,Gas,0
2023,KWT,Gas,0
2024,KWT,Gas,0
2025,KWT,Gas,-12
2001,KGZ,Gas,0
2002,KGZ,Gas,0
2003,KGZ,Gas,0
2004,KGZ,Gas,0
2005,KGZ,Gas,0
2006,KGZ,Gas,0
2007,KGZ,Gas,0
2008,KGZ,Gas,0
2009,KGZ,Gas,0
2010,KGZ,Gas,0
2011,KGZ,Gas,0
2012,KGZ,Gas,0
2013,KGZ,Gas,0
2014,KGZ,Gas,0
2015,KGZ,Gas,0
2016,KGZ,Gas,0
2017,KGZ,Gas,0
2018,KGZ,Gas,0
2019,KGZ,Gas,0
2020,KGZ,Gas,0
2021,KGZ,Gas,0
2022,KGZ,Gas,0
2023,KGZ,Gas,0
2024,KGZ,Gas,0
2001,LAO,Gas,0
2002,LAO,Gas,0
2003,LAO,Gas,0
2004,LAO,Gas,0
2005,LAO,Gas,0
2006,LAO,Gas,0
2007,LAO,Gas,0
2008,LAO,Gas,0
2009,LAO,Gas,0
2010,LAO,Gas,0
2011,LAO,Gas,0
2012,LAO,Gas,0
2013,LAO,Gas,0
2014,LAO,Gas,0
2015,LAO,Gas,0
2016,LAO,Gas,0
2017,LAO,Gas,0
2018,LAO,Gas,0
2019,LAO,Gas,0
2020,LAO,Gas,0
2021,LAO,Gas,0
2022,LAO,Gas,0
2023,LAO,Gas,0
2024,LAO,Gas,0
1991,LVA,Gas,0
1992,LVA,Gas,0
1993,LVA,Gas,0
1994,LVA,Gas,0
1995,LVA,Gas,0
1996,LVA,Gas,0
1997,LVA,Gas,0
1998,LVA,Gas,0
1999,LVA,Gas,0
2000,LVA,Gas,1
2001,LVA,Gas,0
2002,LVA,Gas,0
2003,LVA,Gas,0
2004,LVA,Gas,0
2005,LVA,Gas,0
2006,LVA,Gas,0
2007,LVA,Gas,0
2008,LVA,Gas,0
2009,LVA,Gas,0
2010,LVA,Gas,0
2011,LVA,Gas,0
2012,LVA,Gas,0
2013,LVA,Gas,0
2014,LVA,Gas,0
2015,LVA,Gas,0
2016,LVA,Gas,0
2017,LVA,Gas,0
2018,LVA,Gas,0
2019,LVA,Gas,0
2020,LVA,Gas,0
2021,LVA,Gas,0
2022,LVA,Gas,0
2023,LVA,Gas,0
2024,LVA,Gas,0
2025,LVA,Gas,0
2001,LBN,Gas,0
2002,LBN,Gas,0
2003,LBN,Gas,0
2004,LBN,Gas,0
2005,LBN,Gas,0
2006,LBN,Gas,0
2007,LBN,Gas,0
2008,LBN,Gas,0
2009,LBN,Gas,0
2010,LBN,Gas,0
2011,LBN,Gas,0
2012,LBN,Gas,0
2013,LBN,Gas,0
2014,LBN,Gas,0
2015,LBN,Gas,0
2016,LBN,Gas,0
2017,LBN,Gas,0
2018,LBN,Gas,0
2019,LBN,Gas,0
2020,LBN,Gas,0
2021,LBN,Gas,0
2022,LBN,Gas,0
2023,LBN,Gas,0
2024,LBN,Gas,0
2001,LSO,Gas,0
2002,LSO,Gas,0
2003,LSO,Gas,0
2004,LSO,Gas,0
2005,LSO,Gas,0
2006,LSO,Gas,0
2007,LSO,Gas,0
2008,LSO,Gas,0
2009,LSO,Gas,0
2010,LSO,Gas,0
2011,LSO,Gas,0
2012,LSO,Gas,0
2013,LSO,Gas,0
2014,LSO,Gas,0
2015,LSO,Gas,0
2016,LSO,Gas,0
2017,LSO,Gas,0
2018,LSO,Gas,0
2019,LSO,Gas,0
2020,LSO,Gas,0
2021,LSO,Gas,0
2022,LSO,Gas,0
2023,LSO,Gas,0
2024,LSO,Gas,0
2001,LBR,Gas,0
2002,LBR,Gas,0
2003,LBR,Gas,0
2004,LBR,Gas,0
2005,LBR,Gas,0
2006,LBR,Gas,0
2007,LBR,Gas,0
2008,LBR,Gas,0
2009,LBR,Gas,0
2010,LBR,Gas,0
2011,LBR,Gas,0
2012,LBR,Gas,0
2013,LBR,Gas,0
2014,LBR,Gas,0
2015,LBR,Gas,0
2016,LBR,Gas,0
2017,LBR,Gas,0
2018,LBR,Gas,0
2019,LBR,Gas,0
2020,LBR,Gas,0
2021,LBR,Gas,0
2022,LBR,Gas,0
2023,LBR,Gas,0
2024,LBR,Gas,0
2001,LBY,Gas,0
2002,LBY,Gas,0
2003,LBY,Gas,0
2004,LBY,Gas,0
2005,LBY,Gas,0
2006,LBY,Gas,0
2007,LBY,Gas,2
2008,LBY,Gas,0
2009,LBY,Gas,1
2010,LBY,Gas,1
2011,LBY,Gas,0
2012,LBY,Gas,1
2013,LBY,Gas,1
2014,LBY,Gas,0
2015,LBY,Gas,0
2016,LBY,Gas,0
2017,LBY,Gas,0
2018,LBY,Gas,0
2019,LBY,Gas,0
2020,LBY,Gas,0
2021,LBY,Gas,0
2022,LBY,Gas,1
2023,LBY,Gas,0
2024,LBY,Gas,1
1991,LTU,Gas,0
1992,LTU,Gas,0
1993,LTU,Gas,0
1994,LTU,Gas,0
1995,LTU,Gas,0
1996,LTU,Gas,0
1997,LTU,Gas,0
1998,LTU,Gas,0
1999,LTU,Gas,0
2000,LTU,Gas,2
2001,LTU,Gas,0
2002,LTU,Gas,0
2003,LTU,Gas,0
2004,LTU,Gas,0
2005,LTU,Gas,0
2006,LTU,Gas,0
2007,LTU,Gas,0
2008,LTU,Gas,0
2009,LTU,Gas,0
2010,LTU,Gas,0
2011,LTU,Gas,0
2012,LTU,Gas,0
2013,LTU,Gas,0
2014,LTU,Gas,0
2015,LTU,Gas,-1
2016,LTU,Gas,0
2017,LTU,Gas,0
2018,LTU,Gas,0
2019,LTU,Gas,0
2020,LTU,Gas,0
2021,LTU,Gas,0
2022,LTU,Gas,0
2023,LTU,Gas,0
2024,LTU,Gas,0
2025,LTU,Gas,0
1991,LUX,Gas,0
1992,LUX,Gas,0
1993,LUX,Gas,0
1994,LUX,Gas,0
1995,LUX,Gas,0
1996,LUX,Gas,0
1997,LUX,Gas,0
1998,LUX,Gas,0
1999,LUX,Gas,0
2000,LUX,Gas,0
2001,LUX,Gas,0
2002,LUX,Gas,0
2003,LUX,Gas,0
2004,LUX,Gas,0
2005,LUX,Gas,0
2006,LUX,Gas,0
2007,LUX,Gas,0
2008,LUX,Gas,0
2009,LUX,Gas,0
2010,LUX,Gas,0
2011,LUX,Gas,0
2012,LUX,Gas,0
2013,LUX,Gas,0
2014,LUX,Gas,0
2015,LUX,Gas,0
2016,LUX,Gas,0
2017,LUX,Gas,0
2018,LUX,Gas,0
2019,LUX,Gas,0
2020,LUX,Gas,0
2021,LUX,Gas,0
2022,LUX,Gas,0
2023,LUX,Gas,0
2024,LUX,Gas,0
2025,LUX,Gas,0
2001,MAC,Gas,0
2002,MAC,Gas,0
2003,MAC,Gas,0
2004,MAC,Gas,0
2005,MAC,Gas,0
2006,MAC,Gas,0
2007,MAC,Gas,0
2008,MAC,Gas,0
2009,MAC,Gas,0
2010,MAC,Gas,0
2011,MAC,Gas,0
2012,MAC,Gas,0
2013,MAC,Gas,0
2014,MAC,Gas,0
2015,MAC,Gas,0
2016,MAC,Gas,0
2017,MAC,Gas,0
2018,MAC,Gas,0
2019,MAC,Gas,0
2020,MAC,Gas,0
2021,MAC,Gas,0
2022,MAC,Gas,0
2023,MAC,Gas,0
2024,MAC,Gas,0
2001,MDG,Gas,0
2002,MDG,Gas,0
2003,MDG,Gas,0
2004,MDG,Gas,0
2005,MDG,Gas,0
2006,MDG,Gas,0
2007,MDG,Gas,0
2008,MDG,Gas,0
2009,MDG,Gas,0
2010,MDG,Gas,0
2011,MDG,Gas,0
2012,MDG,Gas,0
2013,MDG,Gas,0
2014,MDG,Gas,0
2015,MDG,Gas,0
2016,MDG,Gas,0
2017,MDG,Gas,0
2018,MDG,Gas,0
2019,MDG,Gas,0
2020,MDG,Gas,0
2021,MDG,Gas,0
2022,MDG,Gas,0
2023,MDG,Gas,0
2024,MDG,Gas,0
2001,MWI,Gas,0
2002,MWI,Gas,0
2003,MWI,Gas,0
2004,MWI,Gas,0
2005,MWI,Gas,0
2006,MWI,Gas,0
2007,MWI,Gas,0
2008,MWI,Gas,0
2009,MWI,Gas,0
2010,MWI,Gas,0
2011,MWI,Gas,0
2012,MWI,Gas,0
2013,MWI,Gas,0
2014,MWI,Gas,0
2015,MWI,Gas,0
2016,MWI,Gas,0
2017,MWI,Gas,0
2018,MWI,Gas,0
2019,MWI,Gas,0
2020,MWI,Gas,0
2021,MWI,Gas,0
2022,MWI,Gas,0
2023,MWI,Gas,0
2024,MWI,Gas,0
1986,MYS,Gas,0
1987,MYS,Gas,0
1988,MYS,Gas,0
1989,MYS,Gas,0
1990,MYS,Gas,0
1991,MYS,Gas,0
1992,MYS,Gas,0
1993,MYS,Gas,0
1994,MYS,Gas,0
1995,MYS,Gas,0
1996,MYS,Gas,0
1997,MYS,Gas,0
1998,MYS,Gas,0
1999,MYS,Gas,0
2000,MYS,Gas,7
2001,MYS,Gas,1
2002,MYS,Gas,1
2003,MYS,Gas,1
2004,MYS,Gas,0
2005,MYS,Gas,1
2006,MYS,Gas,0
2007,MYS,Gas,0
2008,MYS,Gas,0
2009,MYS,Gas,1
2010,MYS,Gas,1
2011,MYS,Gas,0
2012,MYS,Gas,0
2013,MYS,Gas,0
2014,MYS,Gas,0
2015,MYS,Gas,0
2016,MYS,Gas,1
2017,MYS,Gas,2
2018,MYS,Gas,0
2019,MYS,Gas,0
2020,MYS,Gas,-2
2021,MYS,Gas,3
2022,MYS,Gas,1
2023,MYS,Gas,0
2024,MYS,Gas,-1
2025,MYS,Gas,1
2001,MDV,Gas,0
2002,MDV,Gas,0
2003,MDV,Gas,0
2004,MDV,Gas,0
2005,MDV,Gas,0
2006,MDV,Gas,0
2007,MDV,Gas,0
2008,MDV,Gas,0
2009,MDV,Gas,0
2010,MDV,Gas,0
2011,MDV,Gas,0
2012,MDV,Gas,0
2013,MDV,Gas,0
2014,MDV,Gas,0
2015,MDV,Gas,0
2016,MDV,Gas,0
2017,MDV,Gas,0
2018,MDV,Gas,0
2019,MDV,Gas,0
2020,MDV,Gas,0
2021,MDV,Gas,0
2022,MDV,Gas,0
2023,MDV,Gas,0
2024,MDV,Gas,0
2001,MLI,Gas,0
2002,MLI,Gas,0
2003,MLI,Gas,0
2004,MLI,Gas,0
2005,MLI,Gas,0
2006,MLI,Gas,0
2007,MLI,Gas,0
2008,MLI,Gas,0
2009,MLI,Gas,0
2010,MLI,Gas,0
2011,MLI,Gas,0
2012,MLI,Gas,0
2013,MLI,Gas,0
2014,MLI,Gas,0
2015,MLI,Gas,0
2016,MLI,Gas,0
2017,MLI,Gas,0
2018,MLI,Gas,0
2019,MLI,Gas,0
2020,MLI,Gas,0
2021,MLI,Gas,0
2022,MLI,Gas,0
2023,MLI,Gas,0
2024,MLI,Gas,0
1991,MLT,Gas,0
1992,MLT,Gas,0
1993,MLT,Gas,0
1994,MLT,Gas,0
1995,MLT,Gas,0
1996,MLT,Gas,0
1997,MLT,Gas,0
1998,MLT,Gas,0
1999,MLT,Gas,0
2000,MLT,Gas,0
2001,MLT,Gas,0
2002,MLT,Gas,0
2003,MLT,Gas,0
2004,MLT,Gas,0
2005,MLT,Gas,0
2006,MLT,Gas,0
2007,MLT,Gas,0
2008,MLT,Gas,0
2009,MLT,Gas,0
2010,MLT,Gas,0
2011,MLT,Gas,0
2012,MLT,Gas,0
2013,MLT,Gas,0
2014,MLT,Gas,0
2015,MLT,Gas,0
2016,MLT,Gas,0
2017,MLT,Gas,0
2018,MLT,Gas,0
2019,MLT,Gas,0
2020,MLT,Gas,0
2021,MLT,Gas,0
2022,MLT,Gas,0
2023,MLT,Gas,0
2024,MLT,Gas,0
2025,MLT,Gas,0
2001,MRT,Gas,0
2002,MRT,Gas,0
2003,MRT,Gas,0
2004,MRT,Gas,0
2005,MRT,Gas,0
2006,MRT,Gas,0
2007,MRT,Gas,0
2008,MRT,Gas,0
2009,MRT,Gas,0
2010,MRT,Gas,0
2011,MRT,Gas,0
2012,MRT,Gas,0
2013,MRT,Gas,0
2014,MRT,Gas,0
2015,MRT,Gas,0
2016,MRT,Gas,0
2017,MRT,Gas,0
2018,MRT,Gas,0
2019,MRT,Gas,0
2020,MRT,Gas,0
2021,MRT,Gas,0
2022,MRT,Gas,0
2023,MRT,Gas,0
2024,MRT,Gas,0
2001,MUS,Gas,0
2002,MUS,Gas,0
2003,MUS,Gas,0
2004,MUS,Gas,0
2005,MUS,Gas,0
2006,MUS,Gas,0
2007,MUS,Gas,0
2008,MUS,Gas,0
2009,MUS,Gas,0
2010,MUS,Gas,0
2011,MUS,Gas,0
2012,MUS,Gas,0
2013,MUS,Gas,0
2014,MUS,Gas,0
2015,MUS,Gas,0
2016,MUS,Gas,0
2017,MUS,Gas,0
2018,MUS,Gas,0
2019,MUS,Gas,0
2020,MUS,Gas,0
2021,MUS,Gas,0
2022,MUS,Gas,0
2023,MUS,Gas,0
2024,MUS,Gas,0
1986,MEX,Gas,0
1987,MEX,Gas,0
1988,MEX,Gas,0
1989,MEX,Gas,0
1990,MEX,Gas,0
1991,MEX,Gas,0
1992,MEX,Gas,0
1993,MEX,Gas,0
1994,MEX,Gas,0
1995,MEX,Gas,0
1996,MEX,Gas,0
1997,MEX,Gas,0
1998,MEX,Gas,0
1999,MEX,Gas,0
2000,MEX,Gas,9
2001,MEX,Gas,2
2002,MEX,Gas,3
2003,MEX,Gas,6
2004,MEX,Gas,0
2005,MEX,Gas,1
2006,MEX,Gas,2
2007,MEX,Gas,2
2008,MEX,Gas,0
2009,MEX,Gas,0
2010,MEX,Gas,1
2011,MEX,Gas,0
2012,MEX,Gas,0
2013,MEX,Gas,2
2014,MEX,Gas,1
2015,MEX,Gas,1
2016,MEX,Gas,2
2017,MEX,Gas,2
2018,MEX,Gas,1
2019,MEX,Gas,3
2020,MEX,Gas,2
2021,MEX,Gas,1
2022,MEX,Gas,1
2023,MEX,Gas,1
2024,MEX,Gas,1
2025,MEX,Gas,2
2001,MDA,Gas,0
2002,MDA,Gas,0
2003,MDA,Gas,0
2004,MDA,Gas,0
2005,MDA,Gas,0
2006,MDA,Gas,0
2007,MDA,Gas,0
2008,MDA,Gas,0
2009,MDA,Gas,0
2010,MDA,Gas,0
2011,MDA,Gas,0
2012,MDA,Gas,0
2013,MDA,Gas,0
2014,MDA,Gas,0
2015,MDA,Gas,0
2016,MDA,Gas,0
2017,MDA,Gas,0
2018,MDA,Gas,0
2019,MDA,Gas,0
2020,MDA,Gas,0
2021,MDA,Gas,0
2022,MDA,Gas,0
2023,MDA,Gas,0
2024,MDA,Gas,0
2025,MDA,Gas,0
2001,MNG,Gas,0
2002,MNG,Gas,0
2003,MNG,Gas,0
2004,MNG,Gas,0
2005,MNG,Gas,0
2006,MNG,Gas,0
2007,MNG,Gas,0
2008,MNG,Gas,0
2009,MNG,Gas,0
2010,MNG,Gas,0
2011,MNG,Gas,0
2012,MNG,Gas,0
2013,MNG,Gas,0
2014,MNG,Gas,0
2015,MNG,Gas,0
2016,MNG,Gas,0
2017,MNG,Gas,0
2018,MNG,Gas,0
2019,MNG,Gas,0
2020,MNG,Gas,0
2021,MNG,Gas,0
2022,MNG,Gas,0
2023,MNG,Gas,0
2024,MNG,Gas,0
2025,MNG,Gas,0
2006,MNE,Gas,0
2007,MNE,Gas,0
2008,MNE,Gas,0
2009,MNE,Gas,0
2010,MNE,Gas,0
2011,MNE,Gas,0
2012,MNE,Gas,0
2013,MNE,Gas,0
2014,MNE,Gas,0
2015,MNE,Gas,0
2016,MNE,Gas,0
2017,MNE,Gas,0
2018,MNE,Gas,0
2019,MNE,Gas,0
2020,MNE,Gas,0
2021,MNE,Gas,0
2022,MNE,Gas,0
2023,MNE,Gas,0
2024,MNE,Gas,0
2025,MNE,Gas,0
2001,MSR,Gas,0
2002,MSR,Gas,0
2003,MSR,Gas,0
2004,MSR,Gas,0
2005,MSR,Gas,0
2006,MSR,Gas,0
2007,MSR,Gas,0
2008,MSR,Gas,0
2009,MSR,Gas,0
2010,MSR,Gas,0
2011,MSR,Gas,0
2012,MSR,Gas,0
2013,MSR,Gas,0
2014,MSR,Gas,0
2015,MSR,Gas,0
2016,MSR,Gas,0
2017,MSR,Gas,0
2018,MSR,Gas,0
2019,MSR,Gas,0
2020,MSR,Gas,0
2021,MSR,Gas,0
2022,MSR,Gas,0
2023,MSR,Gas,0
2024,MSR,Gas,0
2001,MAR,Gas,0
2002,MAR,Gas,0
2003,MAR,Gas,0
2004,MAR,Gas,0
2005,MAR,Gas,0
2006,MAR,Gas,0
2007,MAR,Gas,0
2008,MAR,Gas,0
2009,MAR,Gas,0
2010,MAR,Gas,0
2011,MAR,Gas,0
2012,MAR,Gas,0
2013,MAR,Gas,0
2014,MAR,Gas,0
2015,MAR,Gas,0
2016,MAR,Gas,0
2017,MAR,Gas,0
2018,MAR,Gas,0
2019,MAR,Gas,0
2020,MAR,Gas,0
2021,MAR,Gas,0
2022,MAR,Gas,0
2023,MAR,Gas,0
2024,MAR,Gas,0
2025,MAR,Gas,0
2001,MOZ,Gas,0
2002,MOZ,Gas,0
2003,MOZ,Gas,0
2004,MOZ,Gas,0
2005,MOZ,Gas,0
2006,MOZ,Gas,0
2007,MOZ,Gas,0
2008,MOZ,Gas,0
2009,MOZ,Gas,0
2010,MOZ,Gas,0
2011,MOZ,Gas,0
2012,MOZ,Gas,0
2013,MOZ,Gas,0
2014,MOZ,Gas,0
2015,MOZ,Gas,0
2016,MOZ,Gas,0
2017,MOZ,Gas,0
2018,MOZ,Gas,0
2019,MOZ,Gas,0
2020,MOZ,Gas,0
2021,MOZ,Gas,0
2022,MOZ,Gas,0
2023,MOZ,Gas,0
2024,MOZ,Gas,0
2001,MMR,Gas,0
2002,MMR,Gas,0
2003,MMR,Gas,0
2004,MMR,Gas,0
2005,MMR,Gas,0
2006,MMR,Gas,0
2007,MMR,Gas,0
2008,MMR,Gas,0
2009,MMR,Gas,0
2010,MMR,Gas,0
2011,MMR,Gas,0
2012,MMR,Gas,0
2013,MMR,Gas,0
2014,MMR,Gas,1
2015,MMR,Gas,0
2016,MMR,Gas,0
2017,MMR,Gas,0
2018,MMR,Gas,0
2019,MMR,Gas,0
2020,MMR,Gas,0
2021,MMR,Gas,0
2022,MMR,Gas,0
2023,MMR,Gas,0
2024,MMR,Gas,0
2001,NAM,Gas,0
2002,NAM,Gas,0
2003,NAM,Gas,0
2004,NAM,Gas,0
2005,NAM,Gas,0
2006,NAM,Gas,0
2007,NAM,Gas,0
2008,NAM,Gas,0
2009,NAM,Gas,0
2010,NAM,Gas,0
2011,NAM,Gas,0
2012,NAM,Gas,0
2013,NAM,Gas,0
2014,NAM,Gas,0
2015,NAM,Gas,0
2016,NAM,Gas,0
2017,NAM,Gas,0
2018,NAM,Gas,0
2019,NAM,Gas,0
2020,NAM,Gas,0
2021,NAM,Gas,0
2022,NAM,Gas,0
2023,NAM,Gas,0
2024,NAM,Gas,0
2001,NRU,Gas,0
2002,NRU,Gas,0
2003,NRU,Gas,0
2004,NRU,Gas,0
2005,NRU,Gas,0
2006,NRU,Gas,0
2007,NRU,Gas,0
2008,NRU,Gas,0
2009,NRU,Gas,0
2010,NRU,Gas,0
2011,NRU,Gas,0
2012,NRU,Gas,0
2013,NRU,Gas,0
2014,NRU,Gas,0
2015,NRU,Gas,0
2016,NRU,Gas,0
2017,NRU,Gas,0
2018,NRU,Gas,0
2019,NRU,Gas,0
2020,NRU,Gas,0
2021,NRU,Gas,0
2022,NRU,Gas,0
2023,NRU,Gas,0
2024,NRU,Gas,0
2001,NPL,Gas,0
2002,NPL,Gas,0
2003,NPL,Gas,0
2004,NPL,Gas,0
2005,NPL,Gas,0
2006,NPL,Gas,0
2007,NPL,Gas,0
2008,NPL,Gas,0
2009,NPL,Gas,0
2010,NPL,Gas,0
2011,NPL,Gas,0
2012,NPL,Gas,0
2013,NPL,Gas,0
2014,NPL,Gas,0
2015,NPL,Gas,0
2016,NPL,Gas,0
2017,NPL,Gas,0
2018,NPL,Gas,0
2019,NPL,Gas,0
2020,NPL,Gas,0
2021,NPL,Gas,0
2022,NPL,Gas,0
2023,NPL,Gas,0
2024,NPL,Gas,0
1991,NLD,Gas,0
1992,NLD,Gas,0
1993,NLD,Gas,0
1994,NLD,Gas,0
1995,NLD,Gas,0
1996,NLD,Gas,0
1997,NLD,Gas,0
1998,NLD,Gas,0
1999,NLD,Gas,0
2000,NLD,Gas,6
2001,NLD,Gas,0
2002,NLD,Gas,0
2003,NLD,Gas,0
2004,NLD,Gas,1
2005,NLD,Gas,0
2006,NLD,Gas,0
2007,NLD,Gas,0
2008,NLD,Gas,0
2009,NLD,Gas,0
2010,NLD,Gas,2
2011,NLD,Gas,1
2012,NLD,Gas,2
2013,NLD,Gas,2
2014,NLD,Gas,0
2015,NLD,Gas,0
2016,NLD,Gas,0
2017,NLD,Gas,0
2018,NLD,Gas,0
2019,NLD,Gas,1
2020,NLD,Gas,0
2021,NLD,Gas,0
2022,NLD,Gas,0
2023,NLD,Gas,0
2024,NLD,Gas,0
2025,NLD,Gas,0
2001,NCL,Gas,0
2002,NCL,Gas,0
2003,NCL,Gas,0
2004,NCL,Gas,0
2005,NCL,Gas,0
2006,NCL,Gas,0
2007,NCL,Gas,0
2008,NCL,Gas,0
2009,NCL,Gas,0
2010,NCL,Gas,0
2011,NCL,Gas,0
2012,NCL,Gas,0
2013,NCL,Gas,0
2014,NCL,Gas,0
2015,NCL,Gas,0
2016,NCL,Gas,0
2017,NCL,Gas,0
2018,NCL,Gas,0
2019,NCL,Gas,0
2020,NCL,Gas,0
2021,NCL,Gas,0
2022,NCL,Gas,0
2023,NCL,Gas,0
2024,NCL,Gas,0
2001,NZL,Gas,0
2002,NZL,Gas,0
2003,NZL,Gas,0
2004,NZL,Gas,0
2005,NZL,Gas,0
2006,NZL,Gas,0
2007,NZL,Gas,0
2008,NZL,Gas,0
2009,NZL,Gas,0
2010,NZL,Gas,0
2011,NZL,Gas,0
2012,NZL,Gas,0
2013,NZL,Gas,0
2014,NZL,Gas,0
2015,NZL,Gas,0
2016,NZL,Gas,0
2017,NZL,Gas,0
2018,NZL,Gas,0
2019,NZL,Gas,0
2020,NZL,Gas,0
2021,NZL,Gas,0
2022,NZL,Gas,0
2023,NZL,Gas,0
2024,NZL,Gas,0
2025,NZL,Gas,0
2001,NIC,Gas,0
2002,NIC,Gas,0
2003,NIC,Gas,0
2004,NIC,Gas,0
2005,NIC,Gas,0
2006,NIC,Gas,0
2007,NIC,Gas,0
2008,NIC,Gas,0
2009,NIC,Gas,0
2010,NIC,Gas,0
2011,NIC,Gas,0
2012,NIC,Gas,0
2013,NIC,Gas,0
2014,NIC,Gas,0
2015,NIC,Gas,0
2016,NIC,Gas,0
2017,NIC,Gas,0
2018,NIC,Gas,0
2019,NIC,Gas,0
2020,NIC,Gas,0
2021,NIC,Gas,0
2022,NIC,Gas,0
2023,NIC,Gas,0
2024,NIC,Gas,0
2001,NER,Gas,0
2002,NER,Gas,0
2003,NER,Gas,0
2004,NER,Gas,0
2005,NER,Gas,0
2006,NER,Gas,0
2007,NER,Gas,0
2008,NER,Gas,0
2009,NER,Gas,0
2010,NER,Gas,0
2011,NER,Gas,0
2012,NER,Gas,0
2013,NER,Gas,0
2014,NER,Gas,0
2015,NER,Gas,0
2016,NER,Gas,0
2017,NER,Gas,0
2018,NER,Gas,0
2019,NER,Gas,0
2020,NER,Gas,0
2021,NER,Gas,0
2022,NER,Gas,0
2023,NER,Gas,0
2024,NER,Gas,0
2001,NGA,Gas,0
2002,NGA,Gas,0
2003,NGA,Gas,0
2004,NGA,Gas,0
2005,NGA,Gas,0
2006,NGA,Gas,0
2007,NGA,Gas,0
2008,NGA,Gas,1
2009,NGA,Gas,0
2010,NGA,Gas,0
2011,NGA,Gas,0
2012,NGA,Gas,1
2013,NGA,Gas,1
2014,NGA,Gas,0
2015,NGA,Gas,2
2016,NGA,Gas,0
2017,NGA,Gas,0
2018,NGA,Gas,1
2019,NGA,Gas,0
2020,NGA,Gas,0
2021,NGA,Gas,0
2022,NGA,Gas,0
2023,NGA,Gas,0
2024,NGA,Gas,1
2025,NGA,Gas,0
2001,PRK,Gas,0
2002,PRK,Gas,0
2003,PRK,Gas,0
2004,PRK,Gas,0
2005,PRK,Gas,0
2006,PRK,Gas,0
2007,PRK,Gas,0
2008,PRK,Gas,0
2009,PRK,Gas,0
2010,PRK,Gas,0
2011,PRK,Gas,0
2012,PRK,Gas,0
2013,PRK,Gas,0
2014,PRK,Gas,0
2015,PRK,Gas,0
2016,PRK,Gas,0
2017,PRK,Gas,0
2018,PRK,Gas,0
2019,PRK,Gas,0
2020,PRK,Gas,0
2021,PRK,Gas,0
2022,PRK,Gas,0
2023,PRK,Gas,0
2024,PRK,Gas,0
1991,MKD,Gas,0
1992,MKD,Gas,0
1993,MKD,Gas,0
1994,MKD,Gas,0
1995,MKD,Gas,0
1996,MKD,Gas,0
1997,MKD,Gas,0
1998,MKD,Gas,0
1999,MKD,Gas,0
2000,MKD,Gas,0
2001,MKD,Gas,0
2002,MKD,Gas,0
2003,MKD,Gas,0
2004,MKD,Gas,0
2005,MKD,Gas,0
2006,MKD,Gas,0
2007,MKD,Gas,0
2008,MKD,Gas,0
2009,MKD,Gas,0
2010,MKD,Gas,0
2011,MKD,Gas,0
2012,MKD,Gas,0
2013,MKD,Gas,0
2014,MKD,Gas,0
2015,MKD,Gas,0
2016,MKD,Gas,0
2017,MKD,Gas,0
2018,MKD,Gas,0
2019,MKD,Gas,0
2020,MKD,Gas,0
2021,MKD,Gas,0
2022,MKD,Gas,0
2023,MKD,Gas,0
2024,MKD,Gas,0
2025,MKD,Gas,0
1991,NOR,Gas,0
1992,NOR,Gas,0
1993,NOR,Gas,0
1994,NOR,Gas,0
1995,NOR,Gas,0
1996,NOR,Gas,0
1997,NOR,Gas,0
1998,NOR,Gas,0
1999,NOR,Gas,0
2000,NOR,Gas,0
2001,NOR,Gas,0
2002,NOR,Gas,0
2003,NOR,Gas,0
2004,NOR,Gas,0
2005,NOR,Gas,0
2006,NOR,Gas,0
2007,NOR,Gas,0
2008,NOR,Gas,0
2009,NOR,Gas,1
2010,NOR,Gas,0
2011,NOR,Gas,0
2012,NOR,Gas,0
2013,NOR,Gas,0
2014,NOR,Gas,0
2015,NOR,Gas,0
2016,NOR,Gas,0
2017,NOR,Gas,0
2018,NOR,Gas,0
2019,NOR,Gas,0
2020,NOR,Gas,0
2021,NOR,Gas,0
2022,NOR,Gas,0
2023,NOR,Gas,0
2024,NOR,Gas,0
2025,NOR,Gas,0
2001,OMN,Gas,0
2002,OMN,Gas,0
2003,OMN,Gas,1
2004,OMN,Gas,0
2005,OMN,Gas,0
2006,OMN,Gas,0
2007,OMN,Gas,1
2008,OMN,Gas,1
2009,OMN,Gas,1
2010,OMN,Gas,0
2011,OMN,Gas,0
2012,OMN,Gas,1
2013,OMN,Gas,2
2014,OMN,Gas,2
2015,OMN,Gas,0
2016,OMN,Gas,0
2017,OMN,Gas,0
2018,OMN,Gas,0
2019,OMN,Gas,4
2020,OMN,Gas,0
2021,OMN,Gas,0
2022,OMN,Gas,0
2023,OMN,Gas,0
2024,OMN,Gas,0
2025,OMN,Gas,0
2001,PAK,Gas,0
2002,PAK,Gas,0
2003,PAK,Gas,0
2004,PAK,Gas,0
2005,PAK,Gas,0
2006,PAK,Gas,0
2007,PAK,Gas,0
2008,PAK,Gas,0
2009,PAK,Gas,0
2010,PAK,Gas,1
2011,PAK,Gas,0
2012,PAK,Gas,1
2013,PAK,Gas,0
2014,PAK,Gas,2
2015,PAK,Gas,0
2016,PAK,Gas,0
2017,PAK,Gas,0
2018,PAK,Gas,4
2019,PAK,Gas,0
2020,PAK,Gas,0
2021,PAK,Gas,0
2022,PAK,Gas,0
2023,PAK,Gas,1
2024,PAK,Gas,0
2025,PAK,Gas,0
2001,PSE,Gas,0
2002,PSE,Gas,0
2003,PSE,Gas,0
2004,PSE,Gas,0
2005,PSE,Gas,0
2006,PSE,Gas,0
2007,PSE,Gas,0
2008,PSE,Gas,0
2009,PSE,Gas,0
2010,PSE,Gas,0
2011,PSE,Gas,0
2012,PSE,Gas,0
2013,PSE,Gas,0
2014,PSE,Gas,0
2015,PSE,Gas,0
2016,PSE,Gas,0
2017,PSE,Gas,0
2018,PSE,Gas,0
2019,PSE,Gas,0
2020,PSE,Gas,0
2021,PSE,Gas,0
2022,PSE,Gas,0
2023,PSE,Gas,0
2024,PSE,Gas,0
2001,PAN,Gas,0
2002,PAN,Gas,0
2003,PAN,Gas,0
2004,PAN,Gas,0
2005,PAN,Gas,0
2006,PAN,Gas,0
2007,PAN,Gas,0
2008,PAN,Gas,0
2009,PAN,Gas,0
2010,PAN,Gas,0
2011,PAN,Gas,0
2012,PAN,Gas,0
2013,PAN,Gas,0
2014,PAN,Gas,0
2015,PAN,Gas,0
2016,PAN,Gas,0
2017,PAN,Gas,0
2018,PAN,Gas,0
2019,PAN,Gas,0
2020,PAN,Gas,0
2021,PAN,Gas,0
2022,PAN,Gas,0
2023,PAN,Gas,0
2024,PAN,Gas,1
2001,PNG,Gas,0
2002,PNG,Gas,0
2003,PNG,Gas,0
2004,PNG,Gas,0
2005,PNG,Gas,0
2006,PNG,Gas,0
2007,PNG,Gas,0
2008,PNG,Gas,0
2009,PNG,Gas,0
2010,PNG,Gas,0
2011,PNG,Gas,0
2012,PNG,Gas,0
2013,PNG,Gas,0
2014,PNG,Gas,0
2015,PNG,Gas,0
2016,PNG,Gas,0
2017,PNG,Gas,0
2018,PNG,Gas,0
2019,PNG,Gas,0
2020,PNG,Gas,0
2021,PNG,Gas,0
2022,PNG,Gas,0
2023,PNG,Gas,0
2024,PNG,Gas,0
2001,PRY,Gas,0
2002,PRY,Gas,0
2003,PRY,Gas,0
2004,PRY,Gas,0
2005,PRY,Gas,0
2006,PRY,Gas,0
2007,PRY,Gas,0
2008,PRY,Gas,0
2009,PRY,Gas,0
2010,PRY,Gas,0
2011,PRY,Gas,0
2012,PRY,Gas,0
2013,PRY,Gas,0
2014,PRY,Gas,0
2015,PRY,Gas,0
2016,PRY,Gas,0
2017,PRY,Gas,0
2018,PRY,Gas,0
2019,PRY,Gas,0
2020,PRY,Gas,0
2021,PRY,Gas,0
2022,PRY,Gas,0
2023,PRY,Gas,0
2024,PRY,Gas,0
2025,PRY,Gas,0
2001,PER,Gas,0
2002,PER,Gas,0
2003,PER,Gas,0
2004,PER,Gas,0
2005,PER,Gas,0
2006,PER,Gas,0
2007,PER,Gas,0
2008,PER,Gas,0
2009,PER,Gas,0
2010,PER,Gas,1
2011,PER,Gas,0
2012,PER,Gas,1
2013,PER,Gas,1
2014,PER,Gas,0
2015,PER,Gas,1
2016,PER,Gas,1
2017,PER,Gas,1
2018,PER,Gas,0
2019,PER,Gas,0
2020,PER,Gas,-1
2021,PER,Gas,0
2022,PER,Gas,0
2023,PER,Gas,-2
2024,PER,Gas,0
2025,PER,Gas,0
1991,POL,Gas,0
1992,POL,Gas,0
1993,POL,Gas,0
1994,POL,Gas,0
1995,POL,Gas,0
1996,POL,Gas,0
1997,POL,Gas,0
1998,POL,Gas,0
1999,POL,Gas,0
2000,POL,Gas,0
2001,POL,Gas,0
2002,POL,Gas,0
2003,POL,Gas,0
2004,POL,Gas,0
2005,POL,Gas,0
2006,POL,Gas,0
2007,POL,Gas,0
2008,POL,Gas,0
2009,POL,Gas,0
2010,POL,Gas,0
2011,POL,Gas,0
2012,POL,Gas,0
2013,POL,Gas,0
2014,POL,Gas,0
2015,POL,Gas,0
2016,POL,Gas,0
2017,POL,Gas,1
2018,POL,Gas,1
2019,POL,Gas,0
2020,POL,Gas,0
2021,POL,Gas,0
2022,POL,Gas,0
2023,POL,Gas,0
2024,POL,Gas,1
2025,POL,Gas,0
1991,PRT,Gas,0
1992,PRT,Gas,0
1993,PRT,Gas,0
1994,PRT,Gas,0
1995,PRT,Gas,0
1996,PRT,Gas,0
1997,PRT,Gas,0
1998,PRT,Gas,0
1999,PRT,Gas,0
2000,PRT,Gas,1
2001,PRT,Gas,0
2002,PRT,Gas,0
2003,PRT,Gas,0
2004,PRT,Gas,0
2005,PRT,Gas,0
2006,PRT,Gas,0
2007,PRT,Gas,0
2008,PRT,Gas,0
2009,PRT,Gas,1
2010,PRT,Gas,0
2011,PRT,Gas,1
2012,PRT,Gas,0
2013,PRT,Gas,0
2014,PRT,Gas,0
2015,PRT,Gas,0
2016,PRT,Gas,0
2017,PRT,Gas,0
2018,PRT,Gas,0
2019,PRT,Gas,0
2020,PRT,Gas,0
2021,PRT,Gas,0
2022,PRT,Gas,0
2023,PRT,Gas,0
2024,PRT,Gas,0
2025,PRT,Gas,0
2001,PRI,Gas,0
2002,PRI,Gas,0
2003,PRI,Gas,0
2004,PRI,Gas,0
2005,PRI,Gas,0
2006,PRI,Gas,0
2007,PRI,Gas,0
2008,PRI,Gas,0
2009,PRI,Gas,0
2010,PRI,Gas,0
2011,PRI,Gas,0
2012,PRI,Gas,0
2013,PRI,Gas,0
2014,PRI,Gas,0
2015,PRI,Gas,0
2016,PRI,Gas,0
2017,PRI,Gas,0
2018,PRI,Gas,0
2019,PRI,Gas,0
2020,PRI,Gas,0
2021,PRI,Gas,0
2022,PRI,Gas,0
2023,PRI,Gas,0
2024,PRI,Gas,0
2025,PRI,Gas,0
2001,QAT,Gas,0
2002,QAT,Gas,0
2003,QAT,Gas,0
2004,QAT,Gas,1
2005,QAT,Gas,0
2006,QAT,Gas,0
2007,QAT,Gas,1
2008,QAT,Gas,1
2009,QAT,Gas,0
2010,QAT,Gas,2
2011,QAT,Gas,4
2012,QAT,Gas,0
2013,QAT,Gas,0
2014,QAT,Gas,0
2015,QAT,Gas,0
2016,QAT,Gas,0
2017,QAT,Gas,1
2018,QAT,Gas,1
2019,QAT,Gas,0
2020,QAT,Gas,0
2021,QAT,Gas,0
2022,QAT,Gas,0
2023,QAT,Gas,0
2024,QAT,Gas,0
2025,QAT,Gas,-13
1991,ROU,Gas,0
1992,ROU,Gas,0
1993,ROU,Gas,0
1994,ROU,Gas,0
1995,ROU,Gas,0
1996,ROU,Gas,0
1997,ROU,Gas,0
1998,ROU,Gas,0
1999,ROU,Gas,0
2000,ROU,Gas,2
2001,ROU,Gas,0
2002,ROU,Gas,0
2003,ROU,Gas,0
2004,ROU,Gas,0
2005,ROU,Gas,0
2006,ROU,Gas,0
2007,ROU,Gas,0
2008,ROU,Gas,0
2009,ROU,Gas,0
2010,ROU,Gas,0
2011,ROU,Gas,0
2012,ROU,Gas,1
2013,ROU,Gas,0
2014,ROU,Gas,0
2015,ROU,Gas,0
2016,ROU,Gas,0
2017,ROU,Gas,0
2018,ROU,Gas,0
2019,ROU,Gas,0
2020,ROU,Gas,0
2021,ROU,Gas,0
2022,ROU,Gas,0
2023,ROU,Gas,0
2024,ROU,Gas,0
2025,ROU,Gas,0
1986,RUS,Gas,0
1987,RUS,Gas,0
1988,RUS,Gas,0
1989,RUS,Gas,0
1990,RUS,Gas,0
1991,RUS,Gas,0
1992,RUS,Gas,0
1993,RUS,Gas,0
1994,RUS,Gas,0
1995,RUS,Gas,0
1996,RUS,Gas,0
1997,RUS,Gas,0
1998,RUS,Gas,0
1999,RUS,Gas,0
2000,RUS,Gas,75
2001,RUS,Gas,0
2002,RUS,Gas,0
2003,RUS,Gas,1
2004,RUS,Gas,0
2005,RUS,Gas,1
2006,RUS,Gas,1
2007,RUS,Gas,0
2008,RUS,Gas,2
2009,RUS,Gas,1
2010,RUS,Gas,1
2011,RUS,Gas,5
2012,RUS,Gas,4
2013,RUS,Gas,3
2014,RUS,Gas,5
2015,RUS,Gas,2
2016,RUS,Gas,2
2017,RUS,Gas,3
2018,RUS,Gas,1
2019,RUS,Gas,1
2020,RUS,Gas,-1
2021,RUS,Gas,-1
2022,RUS,Gas,1
2023,RUS,Gas,1
2024,RUS,Gas,1
2025,RUS,Gas,3
2001,RWA,Gas,0
2002,RWA,Gas,0
2003,RWA,Gas,0
2004,RWA,Gas,0
2005,RWA,Gas,0
2006,RWA,Gas,0
2007,RWA,Gas,0
2008,RWA,Gas,0
2009,RWA,Gas,0
2010,RWA,Gas,0
2011,RWA,Gas,0
2012,RWA,Gas,0
2013,RWA,Gas,0
2014,RWA,Gas,0
2015,RWA,Gas,0
2016,RWA,Gas,0
2017,RWA,Gas,0
2018,RWA,Gas,0
2019,RWA,Gas,0
2020,RWA,Gas,0
2021,RWA,Gas,0
2022,RWA,Gas,0
2023,RWA,Gas,0
2024,RWA,Gas,0
2001,KNA,Gas,0
2002,KNA,Gas,0
2003,KNA,Gas,0
2004,KNA,Gas,0
2005,KNA,Gas,0
2006,KNA,Gas,0
2007,KNA,Gas,0
2008,KNA,Gas,0
2009,KNA,Gas,0
2010,KNA,Gas,0
2011,KNA,Gas,0
2012,KNA,Gas,0
2013,KNA,Gas,0
2014,KNA,Gas,0
2015,KNA,Gas,0
2016,KNA,Gas,0
2017,KNA,Gas,0
2018,KNA,Gas,0
2019,KNA,Gas,0
2020,KNA,Gas,0
2021,KNA,Gas,0
2022,KNA,Gas,0
2023,KNA,Gas,0
2024,KNA,Gas,0
2001,LCA,Gas,0
2002,LCA,Gas,0
2003,LCA,Gas,0
2004,LCA,Gas,0
2005,LCA,Gas,0
2006,LCA,Gas,0
2007,LCA,Gas,0
2008,LCA,Gas,0
2009,LCA,Gas,0
2010,LCA,Gas,0
2011,LCA,Gas,0
2012,LCA,Gas,0
2013,LCA,Gas,0
2014,LCA,Gas,0
2015,LCA,Gas,0
2016,LCA,Gas,0
2017,LCA,Gas,0
2018,LCA,Gas,0
2019,LCA,Gas,0
2020,LCA,Gas,0
2021,LCA,Gas,0
2022,LCA,Gas,0
2023,LCA,Gas,0
2024,LCA,Gas,0
2001,SPM,Gas,0
2002,SPM,Gas,0
2003,SPM,Gas,0
2004,SPM,Gas,0
2005,SPM,Gas,0
2006,SPM,Gas,0
2007,SPM,Gas,0
2008,SPM,Gas,0
2009,SPM,Gas,0
2010,SPM,Gas,0
2011,SPM,Gas,0
2012,SPM,Gas,0
2013,SPM,Gas,0
2014,SPM,Gas,0
2015,SPM,Gas,0
2016,SPM,Gas,0
2017,SPM,Gas,0
2018,SPM,Gas,0
2019,SPM,Gas,0
2020,SPM,Gas,0
2021,SPM,Gas,0
2022,SPM,Gas,0
2023,SPM,Gas,0
2001,VCT,Gas,0
2002,VCT,Gas,0
2003,VCT,Gas,0
2004,VCT,Gas,0
2005,VCT,Gas,0
2006,VCT,Gas,0
2007,VCT,Gas,0
2008,VCT,Gas,0
2009,VCT,Gas,0
2010,VCT,Gas,0
2011,VCT,Gas,0
2012,VCT,Gas,0
2013,VCT,Gas,0
2014,VCT,Gas,0
2015,VCT,Gas,0
2016,VCT,Gas,0
2017,VCT,Gas,0
2018,VCT,Gas,0
2019,VCT,Gas,0
2020,VCT,Gas,0
2021,VCT,Gas,0
2022,VCT,Gas,0
2023,VCT,Gas,0
2024,VCT,Gas,0
2001,WSM,Gas,0
2002,WSM,Gas,0
2003,WSM,Gas,0
2004,WSM,Gas,0
2005,WSM,Gas,0
2006,WSM,Gas,0
2007,WSM,Gas,0
2008,WSM,Gas,0
2009,WSM,Gas,0
2010,WSM,Gas,0
2011,WSM,Gas,0
2012,WSM,Gas,0
2013,WSM,Gas,0
2014,WSM,Gas,0
2015,WSM,Gas,0
2016,WSM,Gas,0
2017,WSM,Gas,0
2018,WSM,Gas,0
2019,WSM,Gas,0
2020,WSM,Gas,0
2021,WSM,Gas,0
2022,WSM,Gas,0
2023,WSM,Gas,0
2024,WSM,Gas,0
2001,STP,Gas,0
2002,STP,Gas,0
2003,STP,Gas,0
2004,STP,Gas,0
2005,STP,Gas,0
2006,STP,Gas,0
2007,STP,Gas,0
2008,STP,Gas,0
2009,STP,Gas,0
2010,STP,Gas,0
2011,STP,Gas,0
2012,STP,Gas,0
2013,STP,Gas,0
2014,STP,Gas,0
2015,STP,Gas,0
2016,STP,Gas,0
2017,STP,Gas,0
2018,STP,Gas,0
2019,STP,Gas,0
2020,STP,Gas,0
2021,STP,Gas,0
2022,STP,Gas,0
2023,STP,Gas,0
1986,SAU,Gas,0
1987,SAU,Gas,0
1988,SAU,Gas,0
1989,SAU,Gas,0
1990,SAU,Gas,0
1991,SAU,Gas,0
1992,SAU,Gas,0
1993,SAU,Gas,0
1994,SAU,Gas,0
1995,SAU,Gas,0
1996,SAU,Gas,0
1997,SAU,Gas,0
1998,SAU,Gas,0
1999,SAU,Gas,0
2000,SAU,Gas,14
2001,SAU,Gas,1
2002,SAU,Gas,2
2003,SAU,Gas,1
2004,SAU,Gas,1
2005,SAU,Gas,1
2006,SAU,Gas,2
2007,SAU,Gas,1
2008,SAU,Gas,1
2009,SAU,Gas,2
2010,SAU,Gas,4
2011,SAU,Gas,2
2012,SAU,Gas,3
2013,SAU,Gas,4
2014,SAU,Gas,7
2015,SAU,Gas,4
2016,SAU,Gas,4
2017,SAU,Gas,1
2018,SAU,Gas,6
2019,SAU,Gas,2
2020,SAU,Gas,4
2021,SAU,Gas,0
2022,SAU,Gas,4
2023,SAU,Gas,0
2024,SAU,Gas,0
2001,SEN,Gas,0
2002,SEN,Gas,0
2003,SEN,Gas,0
2004,SEN,Gas,0
2005,SEN,Gas,0
2006,SEN,Gas,0
2007,SEN,Gas,0
2008,SEN,Gas,0
2009,SEN,Gas,0
2010,SEN,Gas,0
2011,SEN,Gas,0
2012,SEN,Gas,0
2013,SEN,Gas,0
2014,SEN,Gas,0
2015,SEN,Gas,0
2016,SEN,Gas,0
2017,SEN,Gas,0
2018,SEN,Gas,0
2019,SEN,Gas,0
2020,SEN,Gas,0
2021,SEN,Gas,0
2022,SEN,Gas,0
2023,SEN,Gas,0
2024,SEN,Gas,0
1991,SRB,Gas,0
1992,SRB,Gas,0
1993,SRB,Gas,0
1994,SRB,Gas,0
1995,SRB,Gas,0
1996,SRB,Gas,0
1997,SRB,Gas,0
1998,SRB,Gas,0
1999,SRB,Gas,0
2000,SRB,Gas,0
2001,SRB,Gas,0
2002,SRB,Gas,0
2003,SRB,Gas,0
2004,SRB,Gas,0
2005,SRB,Gas,0
2006,SRB,Gas,0
2007,SRB,Gas,0
2008,SRB,Gas,0
2009,SRB,Gas,0
2010,SRB,Gas,0
2011,SRB,Gas,0
2012,SRB,Gas,0
2013,SRB,Gas,0
2014,SRB,Gas,0
2015,SRB,Gas,0
2016,SRB,Gas,0
2017,SRB,Gas,0
2018,SRB,Gas,0
2019,SRB,Gas,0
2020,SRB,Gas,0
2021,SRB,Gas,0
2022,SRB,Gas,0
2023,SRB,Gas,0
2024,SRB,Gas,0
2025,SRB,Gas,0
2001,SYC,Gas,0
2002,SYC,Gas,0
2003,SYC,Gas,0
2004,SYC,Gas,0
2005,SYC,Gas,0
2006,SYC,Gas,0
2007,SYC,Gas,0
2008,SYC,Gas,0
2009,SYC,Gas,0
2010,SYC,Gas,0
2011,SYC,Gas,0
2012,SYC,Gas,0
2013,SYC,Gas,0
2014,SYC,Gas,0
2015,SYC,Gas,0
2016,SYC,Gas,0
2017,SYC,Gas,0
2018,SYC,Gas,0
2019,SYC,Gas,0
2020,SYC,Gas,0
2021,SYC,Gas,0
2022,SYC,Gas,0
2023,SYC,Gas,0
2024,SYC,Gas,0
2001,SLE,Gas,0
2002,SLE,Gas,0
2003,SLE,Gas,0
2004,SLE,Gas,0
2005,SLE,Gas,0
2006,SLE,Gas,0
2007,SLE,Gas,0
2008,SLE,Gas,0
2009,SLE,Gas,0
2010,SLE,Gas,0
2011,SLE,Gas,0
2012,SLE,Gas,0
2013,SLE,Gas,0
2014,SLE,Gas,0
2015,SLE,Gas,0
2016,SLE,Gas,0
2017,SLE,Gas,0
2018,SLE,Gas,0
2019,SLE,Gas,0
2020,SLE,Gas,0
2021,SLE,Gas,0
2022,SLE,Gas,0
2023,SLE,Gas,0
2024,SLE,Gas,0
2001,SGP,Gas,1
2002,SGP,Gas,1
2003,SGP,Gas,0
2004,SGP,Gas,1
2005,SGP,Gas,1
2006,SGP,Gas,0
2007,SGP,Gas,1
2008,SGP,Gas,0
2009,SGP,Gas,0
2010,SGP,Gas,1
2011,SGP,Gas,0
2012,SGP,Gas,0
2013,SGP,Gas,3
2014,SGP,Gas,2
2015,SGP,Gas,0
2016,SGP,Gas,0
2017,SGP,Gas,0
2018,SGP,Gas,0
2019,SGP,Gas,0
2020,SGP,Gas,0
2021,SGP,Gas,0
2022,SGP,Gas,0
2023,SGP,Gas,0
2024,SGP,Gas,0
2025,SGP,Gas,1
1991,SVK,Gas,0
1992,SVK,Gas,0
1993,SVK,Gas,0
1994,SVK,Gas,0
1995,SVK,Gas,0
1996,SVK,Gas,0
1997,SVK,Gas,0
1998,SVK,Gas,0
1999,SVK,Gas,0
2000,SVK,Gas,2
2001,SVK,Gas,1
2002,SVK,Gas,0
2003,SVK,Gas,0
2004,SVK,Gas,0
2005,SVK,Gas,0
2006,SVK,Gas,0
2007,SVK,Gas,0
2008,SVK,Gas,0
2009,SVK,Gas,0
2010,SVK,Gas,1
2011,SVK,Gas,0
2012,SVK,Gas,0
2013,SVK,Gas,0
2014,SVK,Gas,0
2015,SVK,Gas,0
2016,SVK,Gas,0
2017,SVK,Gas,0
2018,SVK,Gas,0
2019,SVK,Gas,0
2020,SVK,Gas,0
2021,SVK,Gas,0
2022,SVK,Gas,0
2023,SVK,Gas,0
2024,SVK,Gas,0
2025,SVK,Gas,0
1991,SVN,Gas,0
1992,SVN,Gas,0
1993,SVN,Gas,0
1994,SVN,Gas,0
1995,SVN,Gas,0
1996,SVN,Gas,0
1997,SVN,Gas,0
1998,SVN,Gas,0
1999,SVN,Gas,0
2000,SVN,Gas,0
2001,SVN,Gas,0
2002,SVN,Gas,0
2003,SVN,Gas,0
2004,SVN,Gas,0
2005,SVN,Gas,0
2006,SVN,Gas,0
2007,SVN,Gas,0
2008,SVN,Gas,0
2009,SVN,Gas,0
2010,SVN,Gas,0
2011,SVN,Gas,0
2012,SVN,Gas,0
2013,SVN,Gas,0
2014,SVN,Gas,0
2015,SVN,Gas,0
2016,SVN,Gas,0
2017,SVN,Gas,0
2018,SVN,Gas,0
2019,SVN,Gas,0
2020,SVN,Gas,0
2021,SVN,Gas,0
2022,SVN,Gas,0
2023,SVN,Gas,0
2024,SVN,Gas,0
2025,SVN,Gas,0
2001,SLB,Gas,0
2002,SLB,Gas,0
2003,SLB,Gas,0
2004,SLB,Gas,0
2005,SLB,Gas,0
2006,SLB,Gas,0
2007,SLB,Gas,0
2008,SLB,Gas,0
2009,SLB,Gas,0
2010,SLB,Gas,0
2011,SLB,Gas,0
2012,SLB,Gas,0
2013,SLB,Gas,0
2014,SLB,Gas,0
2015,SLB,Gas,0
2016,SLB,Gas,0
2017,SLB,Gas,0
2018,SLB,Gas,0
2019,SLB,Gas,0
2020,SLB,Gas,0
2021,SLB,Gas,0
2022,SLB,Gas,0
2023,SLB,Gas,0
2024,SLB,Gas,0
2001,SOM,Gas,0
2002,SOM,Gas,0
2003,SOM,Gas,0
2004,SOM,Gas,0
2005,SOM,Gas,0
2006,SOM,Gas,0
2007,SOM,Gas,0
2008,SOM,Gas,0
2009,SOM,Gas,0
2010,SOM,Gas,0
2011,SOM,Gas,0
2012,SOM,Gas,0
2013,SOM,Gas,0
2014,SOM,Gas,0
2015,SOM,Gas,0
2016,SOM,Gas,0
2017,SOM,Gas,0
2018,SOM,Gas,0
2019,SOM,Gas,0
2020,SOM,Gas,0
2021,SOM,Gas,0
2022,SOM,Gas,0
2023,SOM,Gas,0
2024,SOM,Gas,0
2001,ZAF,Gas,0
2002,ZAF,Gas,0
2003,ZAF,Gas,0
2004,ZAF,Gas,0
2005,ZAF,Gas,0
2006,ZAF,Gas,0
2007,ZAF,Gas,0
2008,ZAF,Gas,0
2009,ZAF,Gas,0
2010,ZAF,Gas,0
2011,ZAF,Gas,0
2012,ZAF,Gas,0
2013,ZAF,Gas,0
2014,ZAF,Gas,0
2015,ZAF,Gas,0
2016,ZAF,Gas,1
2017,ZAF,Gas,0
2018,ZAF,Gas,0
2019,ZAF,Gas,0
2020,ZAF,Gas,0
2021,ZAF,Gas,0
2022,ZAF,Gas,0
2023,ZAF,Gas,0
2024,ZAF,Gas,0
2025,ZAF,Gas,0
1986,KOR,Gas,0
1987,KOR,Gas,0
1988,KOR,Gas,0
1989,KOR,Gas,0
1990,KOR,Gas,0
1991,KOR,Gas,0
1992,KOR,Gas,0
1993,KOR,Gas,0
1994,KOR,Gas,0
1995,KOR,Gas,0
1996,KOR,Gas,0
1997,KOR,Gas,0
1998,KOR,Gas,0
1999,KOR,Gas,0
2000,KOR,Gas,9
2001,KOR,Gas,2
2002,KOR,Gas,2
2003,KOR,Gas,0
2004,KOR,Gas,0
2005,KOR,Gas,1
2006,KOR,Gas,1
2007,KOR,Gas,0
2008,KOR,Gas,1
2009,KOR,Gas,1
2010,KOR,Gas,2
2011,KOR,Gas,1
2012,KOR,Gas,1
2013,KOR,Gas,2
2014,KOR,Gas,9
2015,KOR,Gas,3
2016,KOR,Gas,0
2017,KOR,Gas,4
2018,KOR,Gas,1
2019,KOR,Gas,2
2020,KOR,Gas,0
2021,KOR,Gas,1
2022,KOR,Gas,1
2023,KOR,Gas,2
2024,KOR,Gas,4
2025,KOR,Gas,0
2013,SSD,Gas,0
2014,SSD,Gas,0
2015,SSD,Gas,0
2016,SSD,Gas,0
2017,SSD,Gas,0
2018,SSD,Gas,0
2019,SSD,Gas,0
2020,SSD,Gas,0
2021,SSD,Gas,0
2022,SSD,Gas,0
2023,SSD,Gas,0
2024,SSD,Gas,0
1991,ESP,Gas,0
1992,ESP,Gas,0
1993,ESP,Gas,0
1994,ESP,Gas,0
1995,ESP,Gas,0
1996,ESP,Gas,0
1997,ESP,Gas,0
1998,ESP,Gas,0
1999,ESP,Gas,0
2000,ESP,Gas,1
2001,ESP,Gas,0
2002,ESP,Gas,3
2003,ESP,Gas,3
2004,ESP,Gas,2
2005,ESP,Gas,5
2006,ESP,Gas,5
2007,ESP,Gas,3
2008,ESP,Gas,3
2009,ESP,Gas,1
2010,ESP,Gas,1
2011,ESP,Gas,2
2012,ESP,Gas,0
2013,ESP,Gas,0
2014,ESP,Gas,0
2015,ESP,Gas,0
2016,ESP,Gas,0
2017,ESP,Gas,0
2018,ESP,Gas,0
2019,ESP,Gas,0
2020,ESP,Gas,0
2021,ESP,Gas,0
2022,ESP,Gas,0
2023,ESP,Gas,0
2024,ESP,Gas,0
2025,ESP,Gas,0
2001,SDN,Gas,0
2002,SDN,Gas,0
2003,SDN,Gas,0
2004,SDN,Gas,0
2005,SDN,Gas,0
2006,SDN,Gas,0
2007,SDN,Gas,0
2008,SDN,Gas,0
2009,SDN,Gas,0
2010,SDN,Gas,0
2011,SDN,Gas,0
2012,SDN,Gas,0
2013,SDN,Gas,0
2014,SDN,Gas,0
2015,SDN,Gas,0
2016,SDN,Gas,0
2017,SDN,Gas,0
2018,SDN,Gas,0
2019,SDN,Gas,0
2020,SDN,Gas,0
2021,SDN,Gas,0
2022,SDN,Gas,0
2023,SDN,Gas,0
2024,SDN,Gas,0
2001,SUR,Gas,0
2002,SUR,Gas,0
2003,SUR,Gas,0
2004,SUR,Gas,0
2005,SUR,Gas,0
2006,SUR,Gas,0
2007,SUR,Gas,0
2008,SUR,Gas,0
2009,SUR,Gas,0
2010,SUR,Gas,0
2011,SUR,Gas,0
2012,SUR,Gas,0
2013,SUR,Gas,0
2014,SUR,Gas,0
2015,SUR,Gas,0
2016,SUR,Gas,0
2017,SUR,Gas,0
2018,SUR,Gas,0
2019,SUR,Gas,0
2020,SUR,Gas,0
2021,SUR,Gas,0
2022,SUR,Gas,0
2023,SUR,Gas,0
2024,SUR,Gas,0
1991,SWE,Gas,0
1992,SWE,Gas,0
1993,SWE,Gas,0
1994,SWE,Gas,0
1995,SWE,Gas,0
1996,SWE,Gas,0
1997,SWE,Gas,0
1998,SWE,Gas,0
1999,SWE,Gas,0
2000,SWE,Gas,0
2001,SWE,Gas,0
2002,SWE,Gas,0
2003,SWE,Gas,0
2004,SWE,Gas,0
2005,SWE,Gas,0
2006,SWE,Gas,0
2007,SWE,Gas,0
2008,SWE,Gas,0
2009,SWE,Gas,0
2010,SWE,Gas,0
2011,SWE,Gas,0
2012,SWE,Gas,0
2013,SWE,Gas,0
2014,SWE,Gas,0
2015,SWE,Gas,0
2016,SWE,Gas,0
2017,SWE,Gas,0
2018,SWE,Gas,0
2019,SWE,Gas,0
2020,SWE,Gas,0
2021,SWE,Gas,0
2022,SWE,Gas,0
2023,SWE,Gas,0
2024,SWE,Gas,0
2025,SWE,Gas,0
2001,CHE,Gas,0
2002,CHE,Gas,0
2003,CHE,Gas,0
2004,CHE,Gas,0
2005,CHE,Gas,0
2006,CHE,Gas,0
2007,CHE,Gas,0
2008,CHE,Gas,0
2009,CHE,Gas,0
2010,CHE,Gas,0
2011,CHE,Gas,0
2012,CHE,Gas,0
2013,CHE,Gas,0
2014,CHE,Gas,0
2015,CHE,Gas,0
2016,CHE,Gas,0
2017,CHE,Gas,0
2018,CHE,Gas,0
2019,CHE,Gas,0
2020,CHE,Gas,0
2021,CHE,Gas,0
2022,CHE,Gas,0
2023,CHE,Gas,0
2024,CHE,Gas,0
2025,CHE,Gas,0
2001,SYR,Gas,0
2002,SYR,Gas,0
2003,SYR,Gas,0
2004,SYR,Gas,0
2005,SYR,Gas,0
2006,SYR,Gas,0
2007,SYR,Gas,1
2008,SYR,Gas,0
2009,SYR,Gas,1
2010,SYR,Gas,0
2011,SYR,Gas,0
2012,SYR,Gas,0
2013,SYR,Gas,1
2014,SYR,Gas,0
2015,SYR,Gas,0
2016,SYR,Gas,0
2017,SYR,Gas,0
2018,SYR,Gas,0
2019,SYR,Gas,0
2020,SYR,Gas,0
2021,SYR,Gas,0
2022,SYR,Gas,0
2023,SYR,Gas,0
2024,SYR,Gas,0
1986,TWN,Gas,0
1987,TWN,Gas,0
1988,TWN,Gas,0
1989,TWN,Gas,0
1990,TWN,Gas,0
1991,TWN,Gas,0
1992,TWN,Gas,0
1993,TWN,Gas,0
1994,TWN,Gas,0
1995,TWN,Gas,0
1996,TWN,Gas,0
1997,TWN,Gas,0
1998,TWN,Gas,0
1999,TWN,Gas,0
2000,TWN,Gas,6
2001,TWN,Gas,0
2002,TWN,Gas,1
2003,TWN,Gas,1
2004,TWN,Gas,1
2005,TWN,Gas,0
2006,TWN,Gas,1
2007,TWN,Gas,1
2008,TWN,Gas,1
2009,TWN,Gas,1
2010,TWN,Gas,0
2011,TWN,Gas,0
2012,TWN,Gas,0
2013,TWN,Gas,0
2014,TWN,Gas,0
2015,TWN,Gas,0
2016,TWN,Gas,0
2017,TWN,Gas,1
2018,TWN,Gas,1
2019,TWN,Gas,1
2020,TWN,Gas,1
2021,TWN,Gas,1
2022,TWN,Gas,-1
2023,TWN,Gas,0
2024,TWN,Gas,1
2025,TWN,Gas,2
2001,TJK,Gas,0
2002,TJK,Gas,0
2003,TJK,Gas,0
2004,TJK,Gas,0
2005,TJK,Gas,0
2006,TJK,Gas,0
2007,TJK,Gas,0
2008,TJK,Gas,0
2009,TJK,Gas,0
2010,TJK,Gas,0
2011,TJK,Gas,0
2012,TJK,Gas,0
2013,TJK,Gas,0
2014,TJK,Gas,0
2015,TJK,Gas,0
2016,TJK,Gas,0
2017,TJK,Gas,0
2018,TJK,Gas,0
2019,TJK,Gas,0
2020,TJK,Gas,0
2021,TJK,Gas,0
2022,TJK,Gas,0
2023,TJK,Gas,0
2024,TJK,Gas,0
2025,TJK,Gas,0
2001,TZA,Gas,0
2002,TZA,Gas,0
2003,TZA,Gas,0
2004,TZA,Gas,0
2005,TZA,Gas,0
2006,TZA,Gas,0
2007,TZA,Gas,0
2008,TZA,Gas,0
2009,TZA,Gas,0
2010,TZA,Gas,0
2011,TZA,Gas,0
2012,TZA,Gas,0
2013,TZA,Gas,0
2014,TZA,Gas,0
2015,TZA,Gas,0
2016,TZA,Gas,0
2017,TZA,Gas,0
2018,TZA,Gas,0
2019,TZA,Gas,0
2020,TZA,Gas,0
2021,TZA,Gas,0
2022,TZA,Gas,0
2023,TZA,Gas,0
2024,TZA,Gas,0
1986,THA,Gas,0
1987,THA,Gas,0
1988,THA,Gas,0
1989,THA,Gas,0
1990,THA,Gas,0
1991,THA,Gas,0
1992,THA,Gas,0
1993,THA,Gas,0
1994,THA,Gas,0
1995,THA,Gas,0
1996,THA,Gas,0
1997,THA,Gas,0
1998,THA,Gas,0
1999,THA,Gas,0
2000,THA,Gas,6
2001,THA,Gas,0
2002,THA,Gas,2
2003,THA,Gas,1
2004,THA,Gas,0
2005,THA,Gas,0
2006,THA,Gas,0
2007,THA,Gas,1
2008,THA,Gas,4
2009,THA,Gas,1
2010,THA,Gas,1
2011,THA,Gas,0
2012,THA,Gas,0
2013,THA,Gas,1
2014,THA,Gas,3
2015,THA,Gas,1
2016,THA,Gas,5
2017,THA,Gas,2
2018,THA,Gas,1
2019,THA,Gas,1
2020,THA,Gas,0
2021,THA,Gas,1
2022,THA,Gas,2
2023,THA,Gas,1
2024,THA,Gas,2
2025,THA,Gas,1
2001,PHL,Gas,1
2002,PHL,Gas,2
2003,PHL,Gas,0
2004,PHL,Gas,0
2005,PHL,Gas,0
2006,PHL,Gas,0
2007,PHL,Gas,0
2008,PHL,Gas,0
2009,PHL,Gas,0
2010,PHL,Gas,0
2011,PHL,Gas,0
2012,PHL,Gas,0
2013,PHL,Gas,0
2014,PHL,Gas,0
2015,PHL,Gas,0
2016,PHL,Gas,0
2017,PHL,Gas,0
2018,PHL,Gas,0
2019,PHL,Gas,0
2020,PHL,Gas,0
2021,PHL,Gas,0
2022,PHL,Gas,0
2023,PHL,Gas,0
2024,PHL,Gas,0
2025,PHL,Gas,1
2001,TGO,Gas,0
2002,TGO,Gas,0
2003,TGO,Gas,0
2004,TGO,Gas,0
2005,TGO,Gas,0
2006,TGO,Gas,0
2007,TGO,Gas,0
2008,TGO,Gas,0
2009,TGO,Gas,0
2010,TGO,Gas,0
2011,TGO,Gas,0
2012,TGO,Gas,0
2013,TGO,Gas,0
2014,TGO,Gas,0
2015,TGO,Gas,0
2016,TGO,Gas,0
2017,TGO,Gas,0
2018,TGO,Gas,0
2019,TGO,Gas,0
2020,TGO,Gas,0
2021,TGO,Gas,0
2022,TGO,Gas,0
2023,TGO,Gas,0
2024,TGO,Gas,0
2001,TON,Gas,0
2002,TON,Gas,0
2003,TON,Gas,0
2004,TON,Gas,0
2005,TON,Gas,0
2006,TON,Gas,0
2007,TON,Gas,0
2008,TON,Gas,0
2009,TON,Gas,0
2010,TON,Gas,0
2011,TON,Gas,0
2012,TON,Gas,0
2013,TON,Gas,0
2014,TON,Gas,0
2015,TON,Gas,0
2016,TON,Gas,0
2017,TON,Gas,0
2018,TON,Gas,0
2019,TON,Gas,0
2020,TON,Gas,0
2021,TON,Gas,0
2022,TON,Gas,0
2023,TON,Gas,0
2024,TON,Gas,0
2001,TTO,Gas,0
2002,TTO,Gas,0
2003,TTO,Gas,0
2004,TTO,Gas,0
2005,TTO,Gas,0
2006,TTO,Gas,0
2007,TTO,Gas,0
2008,TTO,Gas,0
2009,TTO,Gas,0
2010,TTO,Gas,0
2011,TTO,Gas,0
2012,TTO,Gas,1
2013,TTO,Gas,0
2014,TTO,Gas,0
2015,TTO,Gas,0
2016,TTO,Gas,0
2017,TTO,Gas,0
2018,TTO,Gas,0
2019,TTO,Gas,0
2020,TTO,Gas,0
2021,TTO,Gas,0
2022,TTO,Gas,0
2023,TTO,Gas,0
2024,TTO,Gas,0
2001,TUN,Gas,0
2002,TUN,Gas,0
2003,TUN,Gas,0
2004,TUN,Gas,0
2005,TUN,Gas,0
2006,TUN,Gas,0
2007,TUN,Gas,0
2008,TUN,Gas,0
2009,TUN,Gas,0
2010,TUN,Gas,0
2011,TUN,Gas,0
2012,TUN,Gas,0
2013,TUN,Gas,0
2014,TUN,Gas,0
2015,TUN,Gas,0
2016,TUN,Gas,0
2017,TUN,Gas,0
2018,TUN,Gas,0
2019,TUN,Gas,0
2020,TUN,Gas,0
2021,TUN,Gas,1
2022,TUN,Gas,0
2023,TUN,Gas,0
2024,TUN,Gas,0
2025,TUN,Gas,0
2001,TKM,Gas,0
2002,TKM,Gas,0
2003,TKM,Gas,0
2004,TKM,Gas,0
2005,TKM,Gas,0
2006,TKM,Gas,0
2007,TKM,Gas,0
2008,TKM,Gas,0
2009,TKM,Gas,0
2010,TKM,Gas,1
2011,TKM,Gas,0
2012,TKM,Gas,0
2013,TKM,Gas,0
2014,TKM,Gas,0
2015,TKM,Gas,1
2016,TKM,Gas,0
2017,TKM,Gas,0
2018,TKM,Gas,2
2019,TKM,Gas,0
2020,TKM,Gas,0
2021,TKM,Gas,0
2022,TKM,Gas,0
2023,TKM,Gas,0
2024,TKM,Gas,0
2001,TCA,Gas,0
2002,TCA,Gas,0
2003,TCA,Gas,0
2004,TCA,Gas,0
2005,TCA,Gas,0
2006,TCA,Gas,0
2007,TCA,Gas,0
2008,TCA,Gas,0
2009,TCA,Gas,0
2010,TCA,Gas,0
2011,TCA,Gas,0
2012,TCA,Gas,0
2013,TCA,Gas,0
2014,TCA,Gas,0
2015,TCA,Gas,0
2016,TCA,Gas,0
2017,TCA,Gas,0
2018,TCA,Gas,0
2019,TCA,Gas,0
2020,TCA,Gas,0
2021,TCA,Gas,0
2022,TCA,Gas,0
2023,TCA,Gas,0
2024,TCA,Gas,0
1991,TUR,Gas,0
1992,TUR,Gas,0
1993,TUR,Gas,0
1994,TUR,Gas,0
1995,TUR,Gas,0
1996,TUR,Gas,0
1997,TUR,Gas,0
1998,TUR,Gas,0
1999,TUR,Gas,0
2000,TUR,Gas,5
2001,TUR,Gas,0
2002,TUR,Gas,2
2003,TUR,Gas,2
2004,TUR,Gas,1
2005,TUR,Gas,0
2006,TUR,Gas,0
2007,TUR,Gas,0
2008,TUR,Gas,0
2009,TUR,Gas,1
2010,TUR,Gas,2
2011,TUR,Gas,1
2012,TUR,Gas,0
2013,TUR,Gas,4
2014,TUR,Gas,2
2015,TUR,Gas,0
2016,TUR,Gas,1
2017,TUR,Gas,3
2018,TUR,Gas,1
2019,TUR,Gas,0
2020,TUR,Gas,0
2021,TUR,Gas,0
2022,TUR,Gas,0
2023,TUR,Gas,0
2024,TUR,Gas,0
2025,TUR,Gas,0
2001,UGA,Gas,0
2002,UGA,Gas,0
2003,UGA,Gas,0
2004,UGA,Gas,0
2005,UGA,Gas,0
2006,UGA,Gas,0
2007,UGA,Gas,0
2008,UGA,Gas,0
2009,UGA,Gas,0
2010,UGA,Gas,0
2011,UGA,Gas,0
2012,UGA,Gas,0
2013,UGA,Gas,0
2014,UGA,Gas,0
2015,UGA,Gas,0
2016,UGA,Gas,0
2017,UGA,Gas,0
2018,UGA,Gas,0
2019,UGA,Gas,0
2020,UGA,Gas,0
2021,UGA,Gas,0
2022,UGA,Gas,0
2023,UGA,Gas,0
2024,UGA,Gas,0
1986,UKR,Gas,0
1987,UKR,Gas,0
1988,UKR,Gas,0
1989,UKR,Gas,0
1990,UKR,Gas,0
1991,UKR,Gas,0
1992,UKR,Gas,0
1993,UKR,Gas,0
1994,UKR,Gas,0
1995,UKR,Gas,0
1996,UKR,Gas,0
1997,UKR,Gas,0
1998,UKR,Gas,0
1999,UKR,Gas,0
2000,UKR,Gas,8
2001,UKR,Gas,0
2002,UKR,Gas,0
2003,UKR,Gas,0
2004,UKR,Gas,0
2005,UKR,Gas,0
2006,UKR,Gas,0
2007,UKR,Gas,0
2008,UKR,Gas,0
2009,UKR,Gas,0
2010,UKR,Gas,0
2011,UKR,Gas,0
2012,UKR,Gas,0
2013,UKR,Gas,0
2014,UKR,Gas,0
2015,UKR,Gas,0
2016,UKR,Gas,0
2017,UKR,Gas,0
2018,UKR,Gas,0
2019,UKR,Gas,1
2020,UKR,Gas,0
2021,UKR,Gas,0
2022,UKR,Gas,0
1986,ARE,Gas,0
1987,ARE,Gas,0
1988,ARE,Gas,0
1989,ARE,Gas,0
1990,ARE,Gas,0
1991,ARE,Gas,0
1992,ARE,Gas,0
1993,ARE,Gas,0
1994,ARE,Gas,0
1995,ARE,Gas,0
1996,ARE,Gas,0
1997,ARE,Gas,0
1998,ARE,Gas,0
1999,ARE,Gas,0
2000,ARE,Gas,8
2001,ARE,Gas,2
2002,ARE,Gas,1
2003,ARE,Gas,0
2004,ARE,Gas,3
2005,ARE,Gas,1
2006,ARE,Gas,1
2007,ARE,Gas,4
2008,ARE,Gas,2
2009,ARE,Gas,4
2010,ARE,Gas,0
2011,ARE,Gas,3
2012,ARE,Gas,1
2013,ARE,Gas,4
2014,ARE,Gas,2
2015,ARE,Gas,0
2016,ARE,Gas,0
2017,ARE,Gas,2
2018,ARE,Gas,0
2019,ARE,Gas,1
2020,ARE,Gas,0
2021,ARE,Gas,0
2022,ARE,Gas,1
2023,ARE,Gas,3
2024,ARE,Gas,0
1986,GBR,Gas,0
1987,GBR,Gas,0
1988,GBR,Gas,0
1989,GBR,Gas,0
1990,GBR,Gas,0
1991,GBR,Gas,0
1992,GBR,Gas,0
1993,GBR,Gas,0
1994,GBR,Gas,0
1995,GBR,Gas,0
1996,GBR,Gas,0
1997,GBR,Gas,0
1998,GBR,Gas,0
1999,GBR,Gas,0
2000,GBR,Gas,19
2001,GBR,Gas,1
2002,GBR,Gas,1
2003,GBR,Gas,1
2004,GBR,Gas,2
2005,GBR,Gas,0
2006,GBR,Gas,0
2007,GBR,Gas,0
2008,GBR,Gas,0
2009,GBR,Gas,2
2010,GBR,Gas,1
2011,GBR,Gas,4
2012,GBR,Gas,2
2013,GBR,Gas,1
2014,GBR,Gas,0
2015,GBR,Gas,0
2016,GBR,Gas,1
2017,GBR,Gas,0
2018,GBR,Gas,0
2019,GBR,Gas,1
2020,GBR,Gas,0
2021,GBR,Gas,0
2022,GBR,Gas,0
2023,GBR,Gas,1
2024,GBR,Gas,1
2025,GBR,Gas,0
2001,USA,Gas,39
2002,USA,Gas,65
2003,USA,Gas,54
2004,USA,Gas,25
2005,USA,Gas,16
2006,USA,Gas,11
2007,USA,Gas,8
2008,USA,Gas,10
2009,USA,Gas,11
2010,USA,Gas,8
2011,USA,Gas,11
2012,USA,Gas,11
2013,USA,Gas,8
2014,USA,Gas,12
2015,USA,Gas,10
2016,USA,Gas,15
2017,USA,Gas,12
2018,USA,Gas,24
2019,USA,Gas,10
2020,USA,Gas,4
2021,USA,Gas,7
2022,USA,Gas,7
2023,USA,Gas,7
2024,USA,Gas,3
2025,USA,Gas,4
2001,URY,Gas,0
2002,URY,Gas,0
2003,URY,Gas,0
2004,URY,Gas,0
2005,URY,Gas,0
2006,URY,Gas,0
2007,URY,Gas,0
2008,URY,Gas,0
2009,URY,Gas,0
2010,URY,Gas,0
2011,URY,Gas,0
2012,URY,Gas,0
2013,URY,Gas,0
2014,URY,Gas,0
2015,URY,Gas,0
2016,URY,Gas,0
2017,URY,Gas,0
2018,URY,Gas,0
2019,URY,Gas,0
2020,URY,Gas,0
2021,URY,Gas,0
2022,URY,Gas,0
2023,URY,Gas,0
2024,URY,Gas,0
2025,URY,Gas,0
2001,UZB,Gas,0
2002,UZB,Gas,0
2003,UZB,Gas,0
2004,UZB,Gas,1
2005,UZB,Gas,0
2006,UZB,Gas,0
2007,UZB,Gas,0
2008,UZB,Gas,0
2009,UZB,Gas,0
2010,UZB,Gas,0
2011,UZB,Gas,0
2012,UZB,Gas,0
2013,UZB,Gas,0
2014,UZB,Gas,0
2015,UZB,Gas,0
2016,UZB,Gas,0
2017,UZB,Gas,0
2018,UZB,Gas,0
2019,UZB,Gas,0
2020,UZB,Gas,1
2021,UZB,Gas,0
2022,UZB,Gas,1
2023,UZB,Gas,0
2024,UZB,Gas,2
2025,UZB,Gas,0
2001,VUT,Gas,0
2002,VUT,Gas,0
2003,VUT,Gas,0
2004,VUT,Gas,0
2005,VUT,Gas,0
2006,VUT,Gas,0
2007,VUT,Gas,0
2008,VUT,Gas,0
2009,VUT,Gas,0
2010,VUT,Gas,0
2011,VUT,Gas,0
2012,VUT,Gas,0
2013,VUT,Gas,0
2014,VUT,Gas,0
2015,VUT,Gas,0
2016,VUT,Gas,0
2017,VUT,Gas,0
2018,VUT,Gas,0
2019,VUT,Gas,0
2020,VUT,Gas,0
2021,VUT,Gas,0
2022,VUT,Gas,0
2023,VUT,Gas,0
2001,VEN,Gas,0
2002,VEN,Gas,0
2003,VEN,Gas,0
2004,VEN,Gas,0
2005,VEN,Gas,0
2006,VEN,Gas,0
2007,VEN,Gas,1
2008,VEN,Gas,0
2009,VEN,Gas,1
2010,VEN,Gas,0
2011,VEN,Gas,1
2012,VEN,Gas,1
2013,VEN,Gas,1
2014,VEN,Gas,2
2015,VEN,Gas,1
2016,VEN,Gas,1
2017,VEN,Gas,0
2018,VEN,Gas,0
2019,VEN,Gas,0
2020,VEN,Gas,0
2021,VEN,Gas,0
2022,VEN,Gas,0
2023,VEN,Gas,0
2024,VEN,Gas,0
1986,VNM,Gas,0
1987,VNM,Gas,0
1988,VNM,Gas,0
1989,VNM,Gas,0
1990,VNM,Gas,0
1991,VNM,Gas,0
1992,VNM,Gas,0
1993,VNM,Gas,0
1994,VNM,Gas,0
1995,VNM,Gas,0
1996,VNM,Gas,0
1997,VNM,Gas,0
1998,VNM,Gas,0
1999,VNM,Gas,0
2000,VNM,Gas,2
2001,VNM,Gas,0
2002,VNM,Gas,0
2003,VNM,Gas,0
2004,VNM,Gas,1
2005,VNM,Gas,1
2006,VNM,Gas,0
2007,VNM,Gas,0
2008,VNM,Gas,2
2009,VNM,Gas,0
2010,VNM,Gas,0
2011,VNM,Gas,1
2012,VNM,Gas,0
2013,VNM,Gas,0
2014,VNM,Gas,0
2015,VNM,Gas,0
2016,VNM,Gas,0
2017,VNM,Gas,0
2018,VNM,Gas,0
2019,VNM,Gas,0
2020,VNM,Gas,0
2021,VNM,Gas,0
2022,VNM,Gas,0
2023,VNM,Gas,0
2024,VNM,Gas,0
2025,VNM,Gas,-7
2001,VGB,Gas,0
2002,VGB,Gas,0
2003,VGB,Gas,0
2004,VGB,Gas,0
2005,VGB,Gas,0
2006,VGB,Gas,0
2007,VGB,Gas,0
2008,VGB,Gas,0
2009,VGB,Gas,0
2010,VGB,Gas,0
2011,VGB,Gas,0
2012,VGB,Gas,0
2013,VGB,Gas,0
2014,VGB,Gas,0
2015,VGB,Gas,0
2016,VGB,Gas,0
2017,VGB,Gas,0
2018,VGB,Gas,0
2019,VGB,Gas,0
2020,VGB,Gas,0
2021,VGB,Gas,0
2022,VGB,Gas,0
2023,VGB,Gas,0
2001,VIR,Gas,0
2002,VIR,Gas,0
2003,VIR,Gas,0
2004,VIR,Gas,0
2005,VIR,Gas,0
2006,VIR,Gas,0
2007,VIR,Gas,0
2008,VIR,Gas,0
2009,VIR,Gas,0
2010,VIR,Gas,0
2011,VIR,Gas,0
2012,VIR,Gas,0
2013,VIR,Gas,0
2014,VIR,Gas,0
2015,VIR,Gas,0
2016,VIR,Gas,0
2017,VIR,Gas,0
2018,VIR,Gas,0
2019,VIR,Gas,0
2020,VIR,Gas,0
2021,VIR,Gas,0
2022,VIR,Gas,0
2023,VIR,Gas,0
2001,WLD,Gas,64
2002,WLD,Gas,101
2003,WLD,Gas,88
2004,WLD,Gas,54
2005,WLD,Gas,50
2006,WLD,Gas,46
2007,WLD,Gas,51
2008,WLD,Gas,51
2009,WLD,Gas,55
2010,WLD,Gas,68
2011,WLD,Gas,56
2012,WLD,Gas,53
2013,WLD,Gas,66
2014,WLD,Gas,74
2015,WLD,Gas,53
2016,WLD,Gas,51
2017,WLD,Gas,51
2018,WLD,Gas,80
2019,WLD,Gas,57
2020,WLD,Gas,40
2021,WLD,Gas,29
2022,WLD,Gas,44
2023,WLD,Gas,40
2024,WLD,Gas,52
2025,WLD,Gas,50
2001,YEM,Gas,0
2002,YEM,Gas,0
2003,YEM,Gas,0
2004,YEM,Gas,0
2005,YEM,Gas,0
2006,YEM,Gas,0
2007,YEM,Gas,0
2008,YEM,Gas,0
2009,YEM,Gas,0
2010,YEM,Gas,0
2011,YEM,Gas,0
2012,YEM,Gas,0
2013,YEM,Gas,0
2014,YEM,Gas,0
2015,YEM,Gas,0
2016,YEM,Gas,0
2017,YEM,Gas,0
2018,YEM,Gas,0
2019,YEM,Gas,0
2020,YEM,Gas,0
2021,YEM,Gas,0
2022,YEM,Gas,0
2023,YEM,Gas,0
2024,YEM,Gas,0
2001,ZMB,Gas,0
2002,ZMB,Gas,0
2003,ZMB,Gas,0
2004,ZMB,Gas,0
2005,ZMB,Gas,0
2006,ZMB,Gas,0
2007,ZMB,Gas,0
2008,ZMB,Gas,0
2009,ZMB,Gas,0
2010,ZMB,Gas,0
2011,ZMB,Gas,0
2012,ZMB,Gas,0
2013,ZMB,Gas,0
2014,ZMB,Gas,0
2015,ZMB,Gas,0
2016,ZMB,Gas,0
2017,ZMB,Gas,0
2018,ZMB,Gas,0
2019,ZMB,Gas,0
2020,ZMB,Gas,0
2021,ZMB,Gas,0
2022,ZMB,Gas,0
2023,ZMB,Gas,0
2024,ZMB,Gas,0
2001,ZWE,Gas,0
2002,ZWE,Gas,0
2003,ZWE,Gas,0
2004,ZWE,Gas,0
2005,ZWE,Gas,0
2006,ZWE,Gas,0
2007,ZWE,Gas,0
2008,ZWE,Gas,0
2009,ZWE,Gas,0
2010,ZWE,Gas,0
2011,ZWE,Gas,0
2012,ZWE,Gas,0
2013,ZWE,Gas,0
2014,ZWE,Gas,0
2015,ZWE,Gas,0
2016,ZWE,Gas,0
2017,ZWE,Gas,0
2018,ZWE,Gas,0
2019,ZWE,Gas,0
2020,ZWE,Gas,0
2021,ZWE,Gas,0
2022,ZWE,Gas,0
2023,ZWE,Gas,0
2024,ZWE,Gas,0
2001,AFG,Other fossil,0
2002,AFG,Other fossil,0
2003,AFG,Other fossil,0
2004,AFG,Other fossil,0
2005,AFG,Other fossil,0
2006,AFG,Other fossil,0
2007,AFG,Other fossil,0
2008,AFG,Other fossil,0
2009,AFG,Other fossil,0
2010,AFG,Other fossil,0
2011,AFG,Other fossil,0
2012,AFG,Other fossil,0
2013,AFG,Other fossil,0
2014,AFG,Other fossil,0
2015,AFG,Other fossil,0
2016,AFG,Other fossil,0
2017,AFG,Other fossil,0
2018,AFG,Other fossil,0
2019,AFG,Other fossil,0
2020,AFG,Other fossil,0
2021,AFG,Other fossil,0
2022,AFG,Other fossil,0
2023,AFG,Other fossil,0
2024,AFG,Other fossil,0
2001,ALB,Other fossil,0
2002,ALB,Other fossil,0
2003,ALB,Other fossil,0
2004,ALB,Other fossil,0
2005,ALB,Other fossil,0
2006,ALB,Other fossil,0
2007,ALB,Other fossil,0
2008,ALB,Other fossil,0
2009,ALB,Other fossil,0
2010,ALB,Other fossil,0
2011,ALB,Other fossil,0
2012,ALB,Other fossil,0
2013,ALB,Other fossil,0
2014,ALB,Other fossil,0
2015,ALB,Other fossil,0
2016,ALB,Other fossil,0
2017,ALB,Other fossil,0
2018,ALB,Other fossil,0
2019,ALB,Other fossil,0
2020,ALB,Other fossil,0
2021,ALB,Other fossil,0
2022,ALB,Other fossil,0
2023,ALB,Other fossil,0
2024,ALB,Other fossil,0
2025,ALB,Other fossil,0
2001,DZA,Other fossil,0
2002,DZA,Other fossil,0
2003,DZA,Other fossil,0
2004,DZA,Other fossil,0
2005,DZA,Other fossil,0
2006,DZA,Other fossil,0
2007,DZA,Other fossil,0
2008,DZA,Other fossil,0
2009,DZA,Other fossil,0
2010,DZA,Other fossil,0
2011,DZA,Other fossil,0
2012,DZA,Other fossil,0
2013,DZA,Other fossil,0
2014,DZA,Other fossil,0
2015,DZA,Other fossil,0
2016,DZA,Other fossil,0
2017,DZA,Other fossil,0
2018,DZA,Other fossil,0
2019,DZA,Other fossil,0
2020,DZA,Other fossil,0
2021,DZA,Other fossil,0
2022,DZA,Other fossil,0
2023,DZA,Other fossil,0
2024,DZA,Other fossil,0
2001,ASM,Other fossil,0
2002,ASM,Other fossil,0
2003,ASM,Other fossil,0
2004,ASM,Other fossil,0
2005,ASM,Other fossil,0
2006,ASM,Other fossil,0
2007,ASM,Other fossil,0
2008,ASM,Other fossil,0
2009,ASM,Other fossil,0
2010,ASM,Other fossil,0
2011,ASM,Other fossil,0
2012,ASM,Other fossil,0
2013,ASM,Other fossil,0
2014,ASM,Other fossil,0
2015,ASM,Other fossil,0
2016,ASM,Other fossil,0
2017,ASM,Other fossil,0
2018,ASM,Other fossil,0
2019,ASM,Other fossil,0
2020,ASM,Other fossil,0
2021,ASM,Other fossil,0
2022,ASM,Other fossil,0
2023,ASM,Other fossil,0
2024,ASM,Other fossil,0
2001,AGO,Other fossil,0
2002,AGO,Other fossil,0
2003,AGO,Other fossil,0
2004,AGO,Other fossil,0
2005,AGO,Other fossil,0
2006,AGO,Other fossil,0
2007,AGO,Other fossil,0
2008,AGO,Other fossil,0
2009,AGO,Other fossil,0
2010,AGO,Other fossil,0
2011,AGO,Other fossil,0
2012,AGO,Other fossil,0
2013,AGO,Other fossil,0
2014,AGO,Other fossil,0
2015,AGO,Other fossil,0
2016,AGO,Other fossil,0
2017,AGO,Other fossil,0
2018,AGO,Other fossil,0
2019,AGO,Other fossil,0
2020,AGO,Other fossil,0
2021,AGO,Other fossil,0
2022,AGO,Other fossil,0
2023,AGO,Other fossil,0
2024,AGO,Other fossil,0
2001,ATG,Other fossil,0
2002,ATG,Other fossil,0
2003,ATG,Other fossil,0
2004,ATG,Other fossil,0
2005,ATG,Other fossil,0
2006,ATG,Other fossil,0
2007,ATG,Other fossil,0
2008,ATG,Other fossil,0
2009,ATG,Other fossil,0
2010,ATG,Other fossil,0
2011,ATG,Other fossil,0
2012,ATG,Other fossil,0
2013,ATG,Other fossil,0
2014,ATG,Other fossil,0
2015,ATG,Other fossil,0
2016,ATG,Other fossil,0
2017,ATG,Other fossil,0
2018,ATG,Other fossil,0
2019,ATG,Other fossil,0
2020,ATG,Other fossil,0
2021,ATG,Other fossil,0
2022,ATG,Other fossil,0
2023,ATG,Other fossil,0
2024,ATG,Other fossil,0
1986,ARG,Other fossil,0
1987,ARG,Other fossil,0
1988,ARG,Other fossil,0
1989,ARG,Other fossil,0
1990,ARG,Other fossil,0
1991,ARG,Other fossil,0
1992,ARG,Other fossil,0
1993,ARG,Other fossil,0
1994,ARG,Other fossil,0
1995,ARG,Other fossil,0
1996,ARG,Other fossil,0
1997,ARG,Other fossil,0
1998,ARG,Other fossil,0
1999,ARG,Other fossil,0
2000,ARG,Other fossil,1
2001,ARG,Other fossil,0
2002,ARG,Other fossil,0
2003,ARG,Other fossil,0
2004,ARG,Other fossil,1
2005,ARG,Other fossil,0
2006,ARG,Other fossil,1
2007,ARG,Other fossil,1
2008,ARG,Other fossil,1
2009,ARG,Other fossil,-1
2010,ARG,Other fossil,2
2011,ARG,Other fossil,1
2012,ARG,Other fossil,0
2013,ARG,Other fossil,-1
2014,ARG,Other fossil,1
2015,ARG,Other fossil,-1
2016,ARG,Other fossil,0
2017,ARG,Other fossil,0
2018,ARG,Other fossil,0
2019,ARG,Other fossil,0
2020,ARG,Other fossil,0
2021,ARG,Other fossil,0
2022,ARG,Other fossil,0
2023,ARG,Other fossil,0
2024,ARG,Other fossil,0
2025,ARG,Other fossil,0
2001,ARM,Other fossil,0
2002,ARM,Other fossil,0
2003,ARM,Other fossil,0
2004,ARM,Other fossil,0
2005,ARM,Other fossil,0
2006,ARM,Other fossil,0
2007,ARM,Other fossil,0
2008,ARM,Other fossil,0
2009,ARM,Other fossil,0
2010,ARM,Other fossil,0
2011,ARM,Other fossil,0
2012,ARM,Other fossil,0
2013,ARM,Other fossil,0
2014,ARM,Other fossil,0
2015,ARM,Other fossil,0
2016,ARM,Other fossil,0
2017,ARM,Other fossil,0
2018,ARM,Other fossil,0
2019,ARM,Other fossil,0
2020,ARM,Other fossil,0
2021,ARM,Other fossil,0
2022,ARM,Other fossil,0
2023,ARM,Other fossil,0
2024,ARM,Other fossil,0
2025,ARM,Other fossil,0
2001,ABW,Other fossil,0
2002,ABW,Other fossil,0
2003,ABW,Other fossil,0
2004,ABW,Other fossil,0
2005,ABW,Other fossil,0
2006,ABW,Other fossil,0
2007,ABW,Other fossil,0
2008,ABW,Other fossil,0
2009,ABW,Other fossil,0
2010,ABW,Other fossil,0
2011,ABW,Other fossil,0
2012,ABW,Other fossil,0
2013,ABW,Other fossil,0
2014,ABW,Other fossil,0
2015,ABW,Other fossil,0
2016,ABW,Other fossil,0
2017,ABW,Other fossil,0
2018,ABW,Other fossil,0
2019,ABW,Other fossil,0
2020,ABW,Other fossil,0
2021,ABW,Other fossil,0
2022,ABW,Other fossil,0
2023,ABW,Other fossil,0
2024,ABW,Other fossil,0
1986,AUS,Other fossil,0
1987,AUS,Other fossil,0
1988,AUS,Other fossil,0
1989,AUS,Other fossil,0
1990,AUS,Other fossil,0
1991,AUS,Other fossil,0
1992,AUS,Other fossil,0
1993,AUS,Other fossil,0
1994,AUS,Other fossil,0
1995,AUS,Other fossil,0
1996,AUS,Other fossil,0
1997,AUS,Other fossil,0
1998,AUS,Other fossil,0
1999,AUS,Other fossil,0
2000,AUS,Other fossil,2
2001,AUS,Other fossil,0
2002,AUS,Other fossil,0
2003,AUS,Other fossil,0
2004,AUS,Other fossil,0
2005,AUS,Other fossil,0
2006,AUS,Other fossil,0
2007,AUS,Other fossil,0
2008,AUS,Other fossil,0
2009,AUS,Other fossil,0
2010,AUS,Other fossil,1
2011,AUS,Other fossil,0
2012,AUS,Other fossil,0
2013,AUS,Other fossil,0
2014,AUS,Other fossil,0
2015,AUS,Other fossil,1
2016,AUS,Other fossil,0
2017,AUS,Other fossil,-1
2018,AUS,Other fossil,0
2019,AUS,Other fossil,0
2020,AUS,Other fossil,0
2021,AUS,Other fossil,0
2022,AUS,Other fossil,0
2023,AUS,Other fossil,0
2024,AUS,Other fossil,0
2025,AUS,Other fossil,0
1991,AUT,Other fossil,0
1992,AUT,Other fossil,0
1993,AUT,Other fossil,0
1994,AUT,Other fossil,0
1995,AUT,Other fossil,0
1996,AUT,Other fossil,0
1997,AUT,Other fossil,0
1998,AUT,Other fossil,0
1999,AUT,Other fossil,0
2000,AUT,Other fossil,0
2001,AUT,Other fossil,0
2002,AUT,Other fossil,0
2003,AUT,Other fossil,0
2004,AUT,Other fossil,0
2005,AUT,Other fossil,0
2006,AUT,Other fossil,0
2007,AUT,Other fossil,0
2008,AUT,Other fossil,0
2009,AUT,Other fossil,0
2010,AUT,Other fossil,0
2011,AUT,Other fossil,0
2012,AUT,Other fossil,0
2013,AUT,Other fossil,0
2014,AUT,Other fossil,0
2015,AUT,Other fossil,0
2016,AUT,Other fossil,0
2017,AUT,Other fossil,0
2018,AUT,Other fossil,0
2019,AUT,Other fossil,0
2020,AUT,Other fossil,0
2021,AUT,Other fossil,0
2022,AUT,Other fossil,0
2023,AUT,Other fossil,0
2024,AUT,Other fossil,0
2025,AUT,Other fossil,0
2001,AZE,Other fossil,0
2002,AZE,Other fossil,0
2003,AZE,Other fossil,0
2004,AZE,Other fossil,0
2005,AZE,Other fossil,0
2006,AZE,Other fossil,0
2007,AZE,Other fossil,0
2008,AZE,Other fossil,0
2009,AZE,Other fossil,0
2010,AZE,Other fossil,0
2011,AZE,Other fossil,0
2012,AZE,Other fossil,0
2013,AZE,Other fossil,0
2014,AZE,Other fossil,0
2015,AZE,Other fossil,0
2016,AZE,Other fossil,0
2017,AZE,Other fossil,0
2018,AZE,Other fossil,0
2019,AZE,Other fossil,0
2020,AZE,Other fossil,0
2021,AZE,Other fossil,0
2022,AZE,Other fossil,0
2023,AZE,Other fossil,0
2024,AZE,Other fossil,0
2025,AZE,Other fossil,0
2001,BHS,Other fossil,0
2002,BHS,Other fossil,0
2003,BHS,Other fossil,0
2004,BHS,Other fossil,0
2005,BHS,Other fossil,0
2006,BHS,Other fossil,0
2007,BHS,Other fossil,0
2008,BHS,Other fossil,0
2009,BHS,Other fossil,0
2010,BHS,Other fossil,0
2011,BHS,Other fossil,0
2012,BHS,Other fossil,0
2013,BHS,Other fossil,0
2014,BHS,Other fossil,0
2015,BHS,Other fossil,0
2016,BHS,Other fossil,0
2017,BHS,Other fossil,0
2018,BHS,Other fossil,0
2019,BHS,Other fossil,0
2020,BHS,Other fossil,0
2021,BHS,Other fossil,0
2022,BHS,Other fossil,0
2023,BHS,Other fossil,0
2024,BHS,Other fossil,0
2001,BHR,Other fossil,0
2002,BHR,Other fossil,0
2003,BHR,Other fossil,0
2004,BHR,Other fossil,0
2005,BHR,Other fossil,0
2006,BHR,Other fossil,0
2007,BHR,Other fossil,0
2008,BHR,Other fossil,0
2009,BHR,Other fossil,0
2010,BHR,Other fossil,0
2011,BHR,Other fossil,0
2012,BHR,Other fossil,0
2013,BHR,Other fossil,0
2014,BHR,Other fossil,0
2015,BHR,Other fossil,0
2016,BHR,Other fossil,0
2017,BHR,Other fossil,0
2018,BHR,Other fossil,0
2019,BHR,Other fossil,0
2020,BHR,Other fossil,0
2021,BHR,Other fossil,0
2022,BHR,Other fossil,0
2023,BHR,Other fossil,0
2024,BHR,Other fossil,0
2001,BGD,Other fossil,0
2002,BGD,Other fossil,0
2003,BGD,Other fossil,0
2004,BGD,Other fossil,0
2005,BGD,Other fossil,0
2006,BGD,Other fossil,0
2007,BGD,Other fossil,0
2008,BGD,Other fossil,0
2009,BGD,Other fossil,0
2010,BGD,Other fossil,0
2011,BGD,Other fossil,1
2012,BGD,Other fossil,0
2013,BGD,Other fossil,0
2014,BGD,Other fossil,0
2015,BGD,Other fossil,1
2016,BGD,Other fossil,0
2017,BGD,Other fossil,0
2018,BGD,Other fossil,2
2019,BGD,Other fossil,2
2020,BGD,Other fossil,1
2021,BGD,Other fossil,0
2022,BGD,Other fossil,0
2023,BGD,Other fossil,0
2024,BGD,Other fossil,0
2025,BGD,Other fossil,0
2001,BRB,Other fossil,0
2002,BRB,Other fossil,0
2003,BRB,Other fossil,0
2004,BRB,Other fossil,0
2005,BRB,Other fossil,0
2006,BRB,Other fossil,0
2007,BRB,Other fossil,0
2008,BRB,Other fossil,0
2009,BRB,Other fossil,0
2010,BRB,Other fossil,0
2011,BRB,Other fossil,0
2012,BRB,Other fossil,0
2013,BRB,Other fossil,0
2014,BRB,Other fossil,0
2015,BRB,Other fossil,0
2016,BRB,Other fossil,0
2017,BRB,Other fossil,0
2018,BRB,Other fossil,0
2019,BRB,Other fossil,0
2020,BRB,Other fossil,0
2021,BRB,Other fossil,0
2022,BRB,Other fossil,0
2023,BRB,Other fossil,0
2024,BRB,Other fossil,0
2001,BLR,Other fossil,0
2002,BLR,Other fossil,0
2003,BLR,Other fossil,0
2004,BLR,Other fossil,0
2005,BLR,Other fossil,0
2006,BLR,Other fossil,0
2007,BLR,Other fossil,0
2008,BLR,Other fossil,0
2009,BLR,Other fossil,0
2010,BLR,Other fossil,0
2011,BLR,Other fossil,0
2012,BLR,Other fossil,0
2013,BLR,Other fossil,0
2014,BLR,Other fossil,0
2015,BLR,Other fossil,0
2016,BLR,Other fossil,0
2017,BLR,Other fossil,0
2018,BLR,Other fossil,0
2019,BLR,Other fossil,0
2020,BLR,Other fossil,0
2021,BLR,Other fossil,0
2022,BLR,Other fossil,0
2023,BLR,Other fossil,0
2024,BLR,Other fossil,0
2025,BLR,Other fossil,0
1991,BEL,Other fossil,0
1992,BEL,Other fossil,0
1993,BEL,Other fossil,0
1994,BEL,Other fossil,0
1995,BEL,Other fossil,0
1996,BEL,Other fossil,0
1997,BEL,Other fossil,0
1998,BEL,Other fossil,0
1999,BEL,Other fossil,0
2000,BEL,Other fossil,0
2001,BEL,Other fossil,0
2002,BEL,Other fossil,0
2003,BEL,Other fossil,0
2004,BEL,Other fossil,0
2005,BEL,Other fossil,0
2006,BEL,Other fossil,0
2007,BEL,Other fossil,0
2008,BEL,Other fossil,0
2009,BEL,Other fossil,0
2010,BEL,Other fossil,0
2011,BEL,Other fossil,0
2012,BEL,Other fossil,0
2013,BEL,Other fossil,0
2014,BEL,Other fossil,0
2015,BEL,Other fossil,0
2016,BEL,Other fossil,0
2017,BEL,Other fossil,0
2018,BEL,Other fossil,0
2019,BEL,Other fossil,0
2020,BEL,Other fossil,0
2021,BEL,Other fossil,0
2022,BEL,Other fossil,0
2023,BEL,Other fossil,0
2024,BEL,Other fossil,0
2025,BEL,Other fossil,0
2001,BLZ,Other fossil,0
2002,BLZ,Other fossil,0
2003,BLZ,Other fossil,0
2004,BLZ,Other fossil,0
2005,BLZ,Other fossil,0
2006,BLZ,Other fossil,0
2007,BLZ,Other fossil,0
2008,BLZ,Other fossil,0
2009,BLZ,Other fossil,0
2010,BLZ,Other fossil,0
2011,BLZ,Other fossil,0
2012,BLZ,Other fossil,0
2013,BLZ,Other fossil,0
2014,BLZ,Other fossil,0
2015,BLZ,Other fossil,0
2016,BLZ,Other fossil,0
2017,BLZ,Other fossil,0
2018,BLZ,Other fossil,0
2019,BLZ,Other fossil,0
2020,BLZ,Other fossil,0
2021,BLZ,Other fossil,0
2022,BLZ,Other fossil,0
2023,BLZ,Other fossil,0
2024,BLZ,Other fossil,0
2001,BEN,Other fossil,0
2002,BEN,Other fossil,0
2003,BEN,Other fossil,0
2004,BEN,Other fossil,0
2005,BEN,Other fossil,0
2006,BEN,Other fossil,0
2007,BEN,Other fossil,0
2008,BEN,Other fossil,0
2009,BEN,Other fossil,0
2010,BEN,Other fossil,0
2011,BEN,Other fossil,0
2012,BEN,Other fossil,0
2013,BEN,Other fossil,0
2014,BEN,Other fossil,0
2015,BEN,Other fossil,0
2016,BEN,Other fossil,0
2017,BEN,Other fossil,0
2018,BEN,Other fossil,0
2019,BEN,Other fossil,0
2020,BEN,Other fossil,0
2021,BEN,Other fossil,0
2022,BEN,Other fossil,0
2023,BEN,Other fossil,0
2024,BEN,Other fossil,0
2001,BTN,Other fossil,0
2002,BTN,Other fossil,0
2003,BTN,Other fossil,0
2004,BTN,Other fossil,0
2005,BTN,Other fossil,0
2006,BTN,Other fossil,0
2007,BTN,Other fossil,0
2008,BTN,Other fossil,0
2009,BTN,Other fossil,0
2010,BTN,Other fossil,0
2011,BTN,Other fossil,0
2012,BTN,Other fossil,0
2013,BTN,Other fossil,0
2014,BTN,Other fossil,0
2015,BTN,Other fossil,0
2016,BTN,Other fossil,0
2017,BTN,Other fossil,0
2018,BTN,Other fossil,0
2019,BTN,Other fossil,0
2020,BTN,Other fossil,0
2021,BTN,Other fossil,0
2022,BTN,Other fossil,0
2023,BTN,Other fossil,0
2024,BTN,Other fossil,0
2001,BOL,Other fossil,0
2002,BOL,Other fossil,0
2003,BOL,Other fossil,0
2004,BOL,Other fossil,0
2005,BOL,Other fossil,0
2006,BOL,Other fossil,0
2007,BOL,Other fossil,0
2008,BOL,Other fossil,0
2009,BOL,Other fossil,0
2010,BOL,Other fossil,0
2011,BOL,Other fossil,0
2012,BOL,Other fossil,0
2013,BOL,Other fossil,0
2014,BOL,Other fossil,0
2015,BOL,Other fossil,0
2016,BOL,Other fossil,0
2017,BOL,Other fossil,0
2018,BOL,Other fossil,0
2019,BOL,Other fossil,0
2020,BOL,Other fossil,0
2021,BOL,Other fossil,0
2022,BOL,Other fossil,0
2023,BOL,Other fossil,0
2024,BOL,Other fossil,0
2025,BOL,Other fossil,0
2001,BIH,Other fossil,0
2002,BIH,Other fossil,0
2003,BIH,Other fossil,0
2004,BIH,Other fossil,0
2005,BIH,Other fossil,0
2006,BIH,Other fossil,0
2007,BIH,Other fossil,0
2009,BIH,Other fossil,0
2010,BIH,Other fossil,0
2011,BIH,Other fossil,0
2012,BIH,Other fossil,0
2013,BIH,Other fossil,0
2014,BIH,Other fossil,0
2015,BIH,Other fossil,0
2016,BIH,Other fossil,0
2017,BIH,Other fossil,0
2018,BIH,Other fossil,0
2019,BIH,Other fossil,0
2020,BIH,Other fossil,0
2021,BIH,Other fossil,0
2022,BIH,Other fossil,0
2023,BIH,Other fossil,0
2024,BIH,Other fossil,0
2025,BIH,Other fossil,0
2001,BWA,Other fossil,0
2002,BWA,Other fossil,0
2003,BWA,Other fossil,0
2004,BWA,Other fossil,0
2005,BWA,Other fossil,0
2006,BWA,Other fossil,0
2007,BWA,Other fossil,0
2008,BWA,Other fossil,0
2009,BWA,Other fossil,0
2010,BWA,Other fossil,0
2011,BWA,Other fossil,0
2012,BWA,Other fossil,0
2013,BWA,Other fossil,0
2014,BWA,Other fossil,0
2015,BWA,Other fossil,0
2016,BWA,Other fossil,0
2017,BWA,Other fossil,0
2018,BWA,Other fossil,0
2019,BWA,Other fossil,0
2020,BWA,Other fossil,0
2021,BWA,Other fossil,0
2022,BWA,Other fossil,0
2023,BWA,Other fossil,0
2024,BWA,Other fossil,0
1986,BRA,Other fossil,0
1987,BRA,Other fossil,0
1988,BRA,Other fossil,0
1989,BRA,Other fossil,0
1990,BRA,Other fossil,0
1991,BRA,Other fossil,0
1992,BRA,Other fossil,0
1993,BRA,Other fossil,0
1994,BRA,Other fossil,0
1995,BRA,Other fossil,0
1996,BRA,Other fossil,0
1997,BRA,Other fossil,0
1998,BRA,Other fossil,0
1999,BRA,Other fossil,0
2000,BRA,Other fossil,2
2001,BRA,Other fossil,0
2002,BRA,Other fossil,1
2003,BRA,Other fossil,1
2004,BRA,Other fossil,0
2005,BRA,Other fossil,0
2006,BRA,Other fossil,0
2007,BRA,Other fossil,0
2008,BRA,Other fossil,0
2009,BRA,Other fossil,1
2010,BRA,Other fossil,2
2011,BRA,Other fossil,1
2012,BRA,Other fossil,0
2013,BRA,Other fossil,1
2014,BRA,Other fossil,0
2015,BRA,Other fossil,1
2016,BRA,Other fossil,0
2017,BRA,Other fossil,1
2018,BRA,Other fossil,-2
2019,BRA,Other fossil,0
2020,BRA,Other fossil,0
2021,BRA,Other fossil,0
2022,BRA,Other fossil,-2
2023,BRA,Other fossil,0
2024,BRA,Other fossil,0
2025,BRA,Other fossil,0
2001,BRN,Other fossil,0
2002,BRN,Other fossil,0
2003,BRN,Other fossil,0
2004,BRN,Other fossil,0
2005,BRN,Other fossil,0
2006,BRN,Other fossil,0
2007,BRN,Other fossil,0
2008,BRN,Other fossil,0
2009,BRN,Other fossil,0
2010,BRN,Other fossil,0
2011,BRN,Other fossil,0
2012,BRN,Other fossil,0
2013,BRN,Other fossil,0
2014,BRN,Other fossil,0
2015,BRN,Other fossil,0
2016,BRN,Other fossil,0
2017,BRN,Other fossil,0
2018,BRN,Other fossil,0
2019,BRN,Other fossil,0
2020,BRN,Other fossil,0
2021,BRN,Other fossil,0
2022,BRN,Other fossil,0
2023,BRN,Other fossil,0
2024,BRN,Other fossil,0
1991,BGR,Other fossil,0
1992,BGR,Other fossil,0
1993,BGR,Other fossil,0
1994,BGR,Other fossil,0
1995,BGR,Other fossil,0
1996,BGR,Other fossil,0
1997,BGR,Other fossil,0
1998,BGR,Other fossil,0
1999,BGR,Other fossil,0
2000,BGR,Other fossil,0
2001,BGR,Other fossil,0
2002,BGR,Other fossil,0
2003,BGR,Other fossil,0
2004,BGR,Other fossil,0
2005,BGR,Other fossil,0
2006,BGR,Other fossil,0
2007,BGR,Other fossil,0
2008,BGR,Other fossil,0
2009,BGR,Other fossil,0
2010,BGR,Other fossil,0
2011,BGR,Other fossil,0
2012,BGR,Other fossil,0
2013,BGR,Other fossil,0
2014,BGR,Other fossil,0
2015,BGR,Other fossil,0
2016,BGR,Other fossil,0
2017,BGR,Other fossil,0
2018,BGR,Other fossil,0
2019,BGR,Other fossil,0
2020,BGR,Other fossil,0
2021,BGR,Other fossil,0
2022,BGR,Other fossil,0
2023,BGR,Other fossil,0
2024,BGR,Other fossil,0
2025,BGR,Other fossil,0
2001,BFA,Other fossil,0
2002,BFA,Other fossil,0
2003,BFA,Other fossil,0
2004,BFA,Other fossil,0
2005,BFA,Other fossil,0
2006,BFA,Other fossil,0
2007,BFA,Other fossil,0
2008,BFA,Other fossil,0
2009,BFA,Other fossil,0
2010,BFA,Other fossil,0
2011,BFA,Other fossil,0
2012,BFA,Other fossil,0
2013,BFA,Other fossil,0
2014,BFA,Other fossil,0
2015,BFA,Other fossil,0
2016,BFA,Other fossil,0
2017,BFA,Other fossil,0
2018,BFA,Other fossil,0
2019,BFA,Other fossil,0
2020,BFA,Other fossil,0
2021,BFA,Other fossil,0
2022,BFA,Other fossil,0
2023,BFA,Other fossil,0
2024,BFA,Other fossil,0
2001,BDI,Other fossil,0
2002,BDI,Other fossil,0
2003,BDI,Other fossil,0
2004,BDI,Other fossil,0
2005,BDI,Other fossil,0
2006,BDI,Other fossil,0
2007,BDI,Other fossil,0
2008,BDI,Other fossil,0
2009,BDI,Other fossil,0
2010,BDI,Other fossil,0
2011,BDI,Other fossil,0
2012,BDI,Other fossil,0
2013,BDI,Other fossil,0
2014,BDI,Other fossil,0
2015,BDI,Other fossil,0
2016,BDI,Other fossil,0
2017,BDI,Other fossil,0
2018,BDI,Other fossil,0
2019,BDI,Other fossil,0
2020,BDI,Other fossil,0
2021,BDI,Other fossil,0
2022,BDI,Other fossil,0
2023,BDI,Other fossil,0
2024,BDI,Other fossil,0
2001,CPV,Other fossil,0
2002,CPV,Other fossil,0
2003,CPV,Other fossil,0
2004,CPV,Other fossil,0
2005,CPV,Other fossil,0
2006,CPV,Other fossil,0
2007,CPV,Other fossil,0
2008,CPV,Other fossil,0
2009,CPV,Other fossil,0
2010,CPV,Other fossil,0
2011,CPV,Other fossil,0
2012,CPV,Other fossil,0
2013,CPV,Other fossil,0
2014,CPV,Other fossil,0
2015,CPV,Other fossil,0
2016,CPV,Other fossil,0
2017,CPV,Other fossil,0
2018,CPV,Other fossil,0
2019,CPV,Other fossil,0
2020,CPV,Other fossil,0
2021,CPV,Other fossil,0
2022,CPV,Other fossil,0
2023,CPV,Other fossil,0
2024,CPV,Other fossil,0
2001,KHM,Other fossil,0
2002,KHM,Other fossil,0
2003,KHM,Other fossil,0
2004,KHM,Other fossil,0
2005,KHM,Other fossil,0
2006,KHM,Other fossil,0
2007,KHM,Other fossil,0
2008,KHM,Other fossil,0
2009,KHM,Other fossil,0
2010,KHM,Other fossil,0
2011,KHM,Other fossil,0
2012,KHM,Other fossil,0
2013,KHM,Other fossil,0
2014,KHM,Other fossil,0
2015,KHM,Other fossil,0
2016,KHM,Other fossil,0
2017,KHM,Other fossil,0
2018,KHM,Other fossil,0
2019,KHM,Other fossil,0
2020,KHM,Other fossil,0
2021,KHM,Other fossil,0
2022,KHM,Other fossil,0
2023,KHM,Other fossil,0
2024,KHM,Other fossil,0
2025,KHM,Other fossil,0
2001,CMR,Other fossil,0
2002,CMR,Other fossil,0
2003,CMR,Other fossil,0
2004,CMR,Other fossil,0
2005,CMR,Other fossil,0
2006,CMR,Other fossil,0
2007,CMR,Other fossil,0
2008,CMR,Other fossil,0
2009,CMR,Other fossil,0
2010,CMR,Other fossil,0
2011,CMR,Other fossil,0
2012,CMR,Other fossil,0
2013,CMR,Other fossil,0
2014,CMR,Other fossil,0
2015,CMR,Other fossil,0
2016,CMR,Other fossil,0
2017,CMR,Other fossil,0
2018,CMR,Other fossil,0
2019,CMR,Other fossil,0
2020,CMR,Other fossil,0
2021,CMR,Other fossil,0
2022,CMR,Other fossil,0
2023,CMR,Other fossil,0
2024,CMR,Other fossil,0
1986,CAN,Other fossil,0
1987,CAN,Other fossil,0
1988,CAN,Other fossil,0
1989,CAN,Other fossil,0
1990,CAN,Other fossil,0
1991,CAN,Other fossil,0
1992,CAN,Other fossil,0
1993,CAN,Other fossil,0
1994,CAN,Other fossil,0
1995,CAN,Other fossil,0
1996,CAN,Other fossil,0
1997,CAN,Other fossil,0
1998,CAN,Other fossil,0
1999,CAN,Other fossil,0
2000,CAN,Other fossil,2
2001,CAN,Other fossil,0
2002,CAN,Other fossil,0
2003,CAN,Other fossil,0
2004,CAN,Other fossil,0
2005,CAN,Other fossil,0
2006,CAN,Other fossil,0
2007,CAN,Other fossil,0
2008,CAN,Other fossil,0
2009,CAN,Other fossil,0
2010,CAN,Other fossil,0
2011,CAN,Other fossil,0
2012,CAN,Other fossil,0
2013,CAN,Other fossil,0
2014,CAN,Other fossil,0
2015,CAN,Other fossil,0
2016,CAN,Other fossil,0
2017,CAN,Other fossil,0
2018,CAN,Other fossil,0
2019,CAN,Other fossil,0
2020,CAN,Other fossil,0
2021,CAN,Other fossil,0
2022,CAN,Other fossil,0
2023,CAN,Other fossil,0
2024,CAN,Other fossil,0
2025,CAN,Other fossil,0
2001,CYM,Other fossil,0
2002,CYM,Other fossil,0
2003,CYM,Other fossil,0
2004,CYM,Other fossil,0
2005,CYM,Other fossil,0
2006,CYM,Other fossil,0
2007,CYM,Other fossil,0
2008,CYM,Other fossil,0
2009,CYM,Other fossil,0
2010,CYM,Other fossil,0
2011,CYM,Other fossil,0
2012,CYM,Other fossil,0
2013,CYM,Other fossil,0
2014,CYM,Other fossil,0
2015,CYM,Other fossil,0
2016,CYM,Other fossil,0
2017,CYM,Other fossil,0
2018,CYM,Other fossil,0
2019,CYM,Other fossil,0
2020,CYM,Other fossil,0
2021,CYM,Other fossil,0
2022,CYM,Other fossil,0
2023,CYM,Other fossil,0
2024,CYM,Other fossil,0
2001,CAF,Other fossil,0
2002,CAF,Other fossil,0
2003,CAF,Other fossil,0
2004,CAF,Other fossil,0
2005,CAF,Other fossil,0
2006,CAF,Other fossil,0
2007,CAF,Other fossil,0
2008,CAF,Other fossil,0
2009,CAF,Other fossil,0
2010,CAF,Other fossil,0
2011,CAF,Other fossil,0
2012,CAF,Other fossil,0
2013,CAF,Other fossil,0
2014,CAF,Other fossil,0
2015,CAF,Other fossil,0
2016,CAF,Other fossil,0
2017,CAF,Other fossil,0
2018,CAF,Other fossil,0
2019,CAF,Other fossil,0
2020,CAF,Other fossil,0
2021,CAF,Other fossil,0
2022,CAF,Other fossil,0
2023,CAF,Other fossil,0
2001,TCD,Other fossil,0
2002,TCD,Other fossil,0
2003,TCD,Other fossil,0
2004,TCD,Other fossil,0
2005,TCD,Other fossil,0
2006,TCD,Other fossil,0
2007,TCD,Other fossil,0
2008,TCD,Other fossil,0
2009,TCD,Other fossil,0
2010,TCD,Other fossil,0
2011,TCD,Other fossil,0
2012,TCD,Other fossil,0
2013,TCD,Other fossil,0
2014,TCD,Other fossil,0
2015,TCD,Other fossil,0
2016,TCD,Other fossil,0
2017,TCD,Other fossil,0
2018,TCD,Other fossil,0
2019,TCD,Other fossil,0
2020,TCD,Other fossil,0
2021,TCD,Other fossil,0
2022,TCD,Other fossil,0
2023,TCD,Other fossil,0
2024,TCD,Other fossil,0
2001,CHL,Other fossil,0
2002,CHL,Other fossil,0
2003,CHL,Other fossil,0
2004,CHL,Other fossil,0
2005,CHL,Other fossil,0
2006,CHL,Other fossil,0
2007,CHL,Other fossil,0
2008,CHL,Other fossil,0
2009,CHL,Other fossil,1
2010,CHL,Other fossil,0
2011,CHL,Other fossil,0
2012,CHL,Other fossil,0
2013,CHL,Other fossil,0
2014,CHL,Other fossil,0
2015,CHL,Other fossil,0
2016,CHL,Other fossil,0
2017,CHL,Other fossil,0
2018,CHL,Other fossil,0
2019,CHL,Other fossil,0
2020,CHL,Other fossil,0
2021,CHL,Other fossil,0
2022,CHL,Other fossil,0
2023,CHL,Other fossil,0
2024,CHL,Other fossil,0
2025,CHL,Other fossil,0
1986,CHN,Other fossil,0
1987,CHN,Other fossil,0
1988,CHN,Other fossil,0
1989,CHN,Other fossil,0
1990,CHN,Other fossil,0
1991,CHN,Other fossil,0
1992,CHN,Other fossil,0
1993,CHN,Other fossil,0
1994,CHN,Other fossil,0
1995,CHN,Other fossil,0
1996,CHN,Other fossil,0
1997,CHN,Other fossil,0
1998,CHN,Other fossil,0
1999,CHN,Other fossil,0
2000,CHN,Other fossil,3
2001,CHN,Other fossil,0
2002,CHN,Other fossil,0
2003,CHN,Other fossil,0
2004,CHN,Other fossil,0
2005,CHN,Other fossil,1
2006,CHN,Other fossil,1
2007,CHN,Other fossil,1
2008,CHN,Other fossil,1
2009,CHN,Other fossil,1
2010,CHN,Other fossil,2
2011,CHN,Other fossil,-5
2012,CHN,Other fossil,3
2013,CHN,Other fossil,0
2014,CHN,Other fossil,-1
2015,CHN,Other fossil,0
2016,CHN,Other fossil,-2
2017,CHN,Other fossil,1
2018,CHN,Other fossil,1
2019,CHN,Other fossil,1
2020,CHN,Other fossil,2
2021,CHN,Other fossil,3
2022,CHN,Other fossil,1
2023,CHN,Other fossil,1
2024,CHN,Other fossil,1
2025,CHN,Other fossil,1
2001,COL,Other fossil,0
2002,COL,Other fossil,0
2003,COL,Other fossil,0
2004,COL,Other fossil,0
2005,COL,Other fossil,0
2006,COL,Other fossil,0
2007,COL,Other fossil,0
2008,COL,Other fossil,0
2009,COL,Other fossil,0
2010,COL,Other fossil,0
2011,COL,Other fossil,0
2012,COL,Other fossil,1
2013,COL,Other fossil,1
2014,COL,Other fossil,0
2015,COL,Other fossil,0
2016,COL,Other fossil,0
2017,COL,Other fossil,0
2018,COL,Other fossil,0
2019,COL,Other fossil,-1
2020,COL,Other fossil,0
2021,COL,Other fossil,0
2022,COL,Other fossil,0
2023,COL,Other fossil,0
2024,COL,Other fossil,0
2025,COL,Other fossil,0
2001,COM,Other fossil,0
2002,COM,Other fossil,0
2003,COM,Other fossil,0
2004,COM,Other fossil,0
2005,COM,Other fossil,0
2006,COM,Other fossil,0
2007,COM,Other fossil,0
2008,COM,Other fossil,0
2009,COM,Other fossil,0
2010,COM,Other fossil,0
2011,COM,Other fossil,0
2012,COM,Other fossil,0
2013,COM,Other fossil,0
2014,COM,Other fossil,0
2015,COM,Other fossil,0
2016,COM,Other fossil,0
2017,COM,Other fossil,0
2018,COM,Other fossil,0
2019,COM,Other fossil,0
2020,COM,Other fossil,0
2021,COM,Other fossil,0
2022,COM,Other fossil,0
2023,COM,Other fossil,0
2001,COG,Other fossil,0
2002,COG,Other fossil,0
2003,COG,Other fossil,0
2004,COG,Other fossil,0
2005,COG,Other fossil,0
2006,COG,Other fossil,0
2007,COG,Other fossil,0
2008,COG,Other fossil,0
2009,COG,Other fossil,0
2010,COG,Other fossil,0
2011,COG,Other fossil,0
2012,COG,Other fossil,0
2013,COG,Other fossil,0
2014,COG,Other fossil,0
2015,COG,Other fossil,0
2016,COG,Other fossil,0
2017,COG,Other fossil,0
2018,COG,Other fossil,0
2019,COG,Other fossil,0
2020,COG,Other fossil,0
2021,COG,Other fossil,0
2022,COG,Other fossil,0
2023,COG,Other fossil,0
2024,COG,Other fossil,0
2001,COD,Other fossil,0
2002,COD,Other fossil,0
2003,COD,Other fossil,0
2004,COD,Other fossil,0
2005,COD,Other fossil,0
2006,COD,Other fossil,0
2007,COD,Other fossil,0
2008,COD,Other fossil,0
2009,COD,Other fossil,0
2010,COD,Other fossil,0
2011,COD,Other fossil,0
2012,COD,Other fossil,0
2013,COD,Other fossil,0
2014,COD,Other fossil,0
2015,COD,Other fossil,0
2016,COD,Other fossil,0
2017,COD,Other fossil,0
2018,COD,Other fossil,0
2019,COD,Other fossil,0
2020,COD,Other fossil,0
2021,COD,Other fossil,0
2022,COD,Other fossil,0
2023,COD,Other fossil,0
2024,COD,Other fossil,0
2001,COK,Other fossil,0
2002,COK,Other fossil,0
2003,COK,Other fossil,0
2004,COK,Other fossil,0
2005,COK,Other fossil,0
2006,COK,Other fossil,0
2007,COK,Other fossil,0
2008,COK,Other fossil,0
2009,COK,Other fossil,0
2010,COK,Other fossil,0
2011,COK,Other fossil,0
2012,COK,Other fossil,0
2013,COK,Other fossil,0
2014,COK,Other fossil,0
2015,COK,Other fossil,0
2016,COK,Other fossil,0
2017,COK,Other fossil,0
2018,COK,Other fossil,0
2019,COK,Other fossil,0
2020,COK,Other fossil,0
2021,COK,Other fossil,0
2022,COK,Other fossil,0
2023,COK,Other fossil,0
2024,COK,Other fossil,0
2001,CRI,Other fossil,0
2002,CRI,Other fossil,0
2003,CRI,Other fossil,0
2004,CRI,Other fossil,0
2005,CRI,Other fossil,0
2006,CRI,Other fossil,0
2007,CRI,Other fossil,0
2008,CRI,Other fossil,0
2009,CRI,Other fossil,0
2010,CRI,Other fossil,0
2011,CRI,Other fossil,0
2012,CRI,Other fossil,0
2013,CRI,Other fossil,0
2014,CRI,Other fossil,0
2015,CRI,Other fossil,0
2016,CRI,Other fossil,0
2017,CRI,Other fossil,0
2018,CRI,Other fossil,0
2019,CRI,Other fossil,0
2020,CRI,Other fossil,0
2021,CRI,Other fossil,0
2022,CRI,Other fossil,0
2023,CRI,Other fossil,0
2024,CRI,Other fossil,0
2025,CRI,Other fossil,0
2001,CIV,Other fossil,0
2002,CIV,Other fossil,0
2003,CIV,Other fossil,0
2004,CIV,Other fossil,0
2005,CIV,Other fossil,0
2006,CIV,Other fossil,0
2007,CIV,Other fossil,0
2008,CIV,Other fossil,0
2009,CIV,Other fossil,0
2010,CIV,Other fossil,0
2011,CIV,Other fossil,0
2012,CIV,Other fossil,0
2013,CIV,Other fossil,0
2014,CIV,Other fossil,0
2015,CIV,Other fossil,0
2016,CIV,Other fossil,0
2017,CIV,Other fossil,0
2018,CIV,Other fossil,0
2019,CIV,Other fossil,0
2020,CIV,Other fossil,0
2021,CIV,Other fossil,0
2022,CIV,Other fossil,0
2023,CIV,Other fossil,0
2024,CIV,Other fossil,0
1991,HRV,Other fossil,0
1992,HRV,Other fossil,0
1993,HRV,Other fossil,0
1994,HRV,Other fossil,0
1995,HRV,Other fossil,0
1996,HRV,Other fossil,0
1997,HRV,Other fossil,0
1998,HRV,Other fossil,0
1999,HRV,Other fossil,0
2000,HRV,Other fossil,2
2001,HRV,Other fossil,0
2002,HRV,Other fossil,0
2003,HRV,Other fossil,0
2004,HRV,Other fossil,0
2005,HRV,Other fossil,0
2006,HRV,Other fossil,0
2007,HRV,Other fossil,0
2008,HRV,Other fossil,0
2009,HRV,Other fossil,0
2010,HRV,Other fossil,0
2011,HRV,Other fossil,0
2012,HRV,Other fossil,0
2013,HRV,Other fossil,0
2014,HRV,Other fossil,0
2015,HRV,Other fossil,0
2016,HRV,Other fossil,0
2017,HRV,Other fossil,0
2018,HRV,Other fossil,0
2019,HRV,Other fossil,0
2020,HRV,Other fossil,0
2021,HRV,Other fossil,0
2022,HRV,Other fossil,0
2023,HRV,Other fossil,0
2024,HRV,Other fossil,0
2025,HRV,Other fossil,0
2001,CUB,Other fossil,0
2002,CUB,Other fossil,0
2003,CUB,Other fossil,0
2004,CUB,Other fossil,0
2005,CUB,Other fossil,0
2006,CUB,Other fossil,0
2007,CUB,Other fossil,1
2008,CUB,Other fossil,0
2009,CUB,Other fossil,0
2010,CUB,Other fossil,0
2011,CUB,Other fossil,0
2012,CUB,Other fossil,0
2013,CUB,Other fossil,0
2014,CUB,Other fossil,0
2015,CUB,Other fossil,0
2016,CUB,Other fossil,0
2017,CUB,Other fossil,0
2018,CUB,Other fossil,0
2019,CUB,Other fossil,0
2020,CUB,Other fossil,0
2021,CUB,Other fossil,0
2022,CUB,Other fossil,-1
2023,CUB,Other fossil,0
2024,CUB,Other fossil,0
1991,CYP,Other fossil,0
1992,CYP,Other fossil,0
1993,CYP,Other fossil,0
1994,CYP,Other fossil,0
1995,CYP,Other fossil,0
1996,CYP,Other fossil,0
1997,CYP,Other fossil,0
1998,CYP,Other fossil,0
1999,CYP,Other fossil,0
2000,CYP,Other fossil,1
2001,CYP,Other fossil,0
2002,CYP,Other fossil,0
2003,CYP,Other fossil,0
2004,CYP,Other fossil,0
2005,CYP,Other fossil,0
2006,CYP,Other fossil,0
2007,CYP,Other fossil,0
2008,CYP,Other fossil,0
2009,CYP,Other fossil,0
2010,CYP,Other fossil,0
2011,CYP,Other fossil,0
2012,CYP,Other fossil,0
2013,CYP,Other fossil,0
2014,CYP,Other fossil,0
2015,CYP,Other fossil,0
2016,CYP,Other fossil,0
2017,CYP,Other fossil,0
2018,CYP,Other fossil,0
2019,CYP,Other fossil,0
2020,CYP,Other fossil,0
2021,CYP,Other fossil,0
2022,CYP,Other fossil,0
2023,CYP,Other fossil,0
2024,CYP,Other fossil,0
2025,CYP,Other fossil,0
1991,CZE,Other fossil,0
1992,CZE,Other fossil,0
1993,CZE,Other fossil,0
1994,CZE,Other fossil,0
1995,CZE,Other fossil,0
1996,CZE,Other fossil,0
1997,CZE,Other fossil,0
1998,CZE,Other fossil,0
1999,CZE,Other fossil,0
2000,CZE,Other fossil,0
2001,CZE,Other fossil,0
2002,CZE,Other fossil,0
2003,CZE,Other fossil,0
2004,CZE,Other fossil,0
2005,CZE,Other fossil,0
2006,CZE,Other fossil,0
2007,CZE,Other fossil,0
2008,CZE,Other fossil,0
2009,CZE,Other fossil,0
2010,CZE,Other fossil,0
2011,CZE,Other fossil,0
2012,CZE,Other fossil,0
2013,CZE,Other fossil,0
2014,CZE,Other fossil,0
2015,CZE,Other fossil,0
2016,CZE,Other fossil,0
2017,CZE,Other fossil,0
2018,CZE,Other fossil,0
2019,CZE,Other fossil,0
2020,CZE,Other fossil,0
2021,CZE,Other fossil,0
2022,CZE,Other fossil,0
2023,CZE,Other fossil,0
2024,CZE,Other fossil,0
2025,CZE,Other fossil,0
1991,DNK,Other fossil,0
1992,DNK,Other fossil,0
1993,DNK,Other fossil,0
1994,DNK,Other fossil,0
1995,DNK,Other fossil,0
1996,DNK,Other fossil,0
1997,DNK,Other fossil,0
1998,DNK,Other fossil,0
1999,DNK,Other fossil,0
2000,DNK,Other fossil,1
2001,DNK,Other fossil,0
2002,DNK,Other fossil,0
2003,DNK,Other fossil,0
2004,DNK,Other fossil,0
2005,DNK,Other fossil,0
2006,DNK,Other fossil,0
2007,DNK,Other fossil,0
2008,DNK,Other fossil,0
2009,DNK,Other fossil,0
2010,DNK,Other fossil,0
2011,DNK,Other fossil,0
2012,DNK,Other fossil,0
2013,DNK,Other fossil,0
2014,DNK,Other fossil,0
2015,DNK,Other fossil,0
2016,DNK,Other fossil,0
2017,DNK,Other fossil,0
2018,DNK,Other fossil,0
2019,DNK,Other fossil,0
2020,DNK,Other fossil,0
2021,DNK,Other fossil,0
2022,DNK,Other fossil,0
2023,DNK,Other fossil,0
2024,DNK,Other fossil,0
2025,DNK,Other fossil,0
2001,DJI,Other fossil,0
2002,DJI,Other fossil,0
2003,DJI,Other fossil,0
2004,DJI,Other fossil,0
2005,DJI,Other fossil,0
2006,DJI,Other fossil,0
2007,DJI,Other fossil,0
2008,DJI,Other fossil,0
2009,DJI,Other fossil,0
2010,DJI,Other fossil,0
2011,DJI,Other fossil,0
2012,DJI,Other fossil,0
2013,DJI,Other fossil,0
2014,DJI,Other fossil,0
2015,DJI,Other fossil,0
2016,DJI,Other fossil,0
2017,DJI,Other fossil,0
2018,DJI,Other fossil,0
2019,DJI,Other fossil,0
2020,DJI,Other fossil,0
2021,DJI,Other fossil,0
2022,DJI,Other fossil,0
2023,DJI,Other fossil,0
2024,DJI,Other fossil,0
2001,DMA,Other fossil,0
2002,DMA,Other fossil,0
2003,DMA,Other fossil,0
2004,DMA,Other fossil,0
2005,DMA,Other fossil,0
2006,DMA,Other fossil,0
2007,DMA,Other fossil,0
2008,DMA,Other fossil,0
2009,DMA,Other fossil,0
2010,DMA,Other fossil,0
2011,DMA,Other fossil,0
2012,DMA,Other fossil,0
2013,DMA,Other fossil,0
2014,DMA,Other fossil,0
2015,DMA,Other fossil,0
2016,DMA,Other fossil,0
2017,DMA,Other fossil,0
2018,DMA,Other fossil,0
2019,DMA,Other fossil,0
2020,DMA,Other fossil,0
2021,DMA,Other fossil,0
2022,DMA,Other fossil,0
2023,DMA,Other fossil,0
2001,DOM,Other fossil,0
2002,DOM,Other fossil,0
2003,DOM,Other fossil,0
2004,DOM,Other fossil,0
2005,DOM,Other fossil,0
2006,DOM,Other fossil,0
2007,DOM,Other fossil,0
2008,DOM,Other fossil,0
2009,DOM,Other fossil,0
2010,DOM,Other fossil,0
2011,DOM,Other fossil,0
2012,DOM,Other fossil,0
2013,DOM,Other fossil,0
2014,DOM,Other fossil,0
2015,DOM,Other fossil,0
2016,DOM,Other fossil,0
2017,DOM,Other fossil,0
2018,DOM,Other fossil,0
2019,DOM,Other fossil,0
2020,DOM,Other fossil,0
2021,DOM,Other fossil,0
2022,DOM,Other fossil,0
2023,DOM,Other fossil,0
2024,DOM,Other fossil,0
2025,DOM,Other fossil,1
2001,ECU,Other fossil,0
2002,ECU,Other fossil,0
2003,ECU,Other fossil,0
2004,ECU,Other fossil,0
2005,ECU,Other fossil,0
2006,ECU,Other fossil,0
2007,ECU,Other fossil,0
2008,ECU,Other fossil,0
2009,ECU,Other fossil,0
2010,ECU,Other fossil,0
2011,ECU,Other fossil,0
2012,ECU,Other fossil,0
2013,ECU,Other fossil,0
2014,ECU,Other fossil,0
2015,ECU,Other fossil,0
2016,ECU,Other fossil,0
2017,ECU,Other fossil,0
2018,ECU,Other fossil,0
2019,ECU,Other fossil,0
2020,ECU,Other fossil,0
2021,ECU,Other fossil,0
2022,ECU,Other fossil,0
2023,ECU,Other fossil,0
2024,ECU,Other fossil,0
2025,ECU,Other fossil,0
1986,EGY,Other fossil,0
1987,EGY,Other fossil,0
1988,EGY,Other fossil,0
1989,EGY,Other fossil,0
1990,EGY,Other fossil,0
1991,EGY,Other fossil,0
1992,EGY,Other fossil,0
1993,EGY,Other fossil,0
1994,EGY,Other fossil,0
1995,EGY,Other fossil,0
1996,EGY,Other fossil,0
1997,EGY,Other fossil,0
1998,EGY,Other fossil,0
1999,EGY,Other fossil,0
2000,EGY,Other fossil,0
2001,EGY,Other fossil,0
2002,EGY,Other fossil,0
2003,EGY,Other fossil,0
2004,EGY,Other fossil,0
2005,EGY,Other fossil,0
2006,EGY,Other fossil,0
2007,EGY,Other fossil,0
2008,EGY,Other fossil,0
2009,EGY,Other fossil,0
2010,EGY,Other fossil,0
2011,EGY,Other fossil,0
2012,EGY,Other fossil,0
2013,EGY,Other fossil,0
2014,EGY,Other fossil,0
2015,EGY,Other fossil,1
2016,EGY,Other fossil,0
2017,EGY,Other fossil,0
2018,EGY,Other fossil,0
2019,EGY,Other fossil,0
2020,EGY,Other fossil,0
2021,EGY,Other fossil,0
2022,EGY,Other fossil,0
2023,EGY,Other fossil,0
2024,EGY,Other fossil,0
2025,EGY,Other fossil,0
2001,SLV,Other fossil,0
2002,SLV,Other fossil,0
2003,SLV,Other fossil,0
2004,SLV,Other fossil,0
2005,SLV,Other fossil,0
2006,SLV,Other fossil,0
2007,SLV,Other fossil,0
2008,SLV,Other fossil,0
2009,SLV,Other fossil,0
2010,SLV,Other fossil,0
2011,SLV,Other fossil,0
2012,SLV,Other fossil,0
2013,SLV,Other fossil,0
2014,SLV,Other fossil,0
2015,SLV,Other fossil,0
2016,SLV,Other fossil,0
2017,SLV,Other fossil,0
2018,SLV,Other fossil,0
2019,SLV,Other fossil,0
2020,SLV,Other fossil,0
2021,SLV,Other fossil,0
2022,SLV,Other fossil,0
2023,SLV,Other fossil,0
2024,SLV,Other fossil,-1
2025,SLV,Other fossil,0
2001,GNQ,Other fossil,0
2002,GNQ,Other fossil,0
2003,GNQ,Other fossil,0
2004,GNQ,Other fossil,0
2005,GNQ,Other fossil,0
2006,GNQ,Other fossil,0
2007,GNQ,Other fossil,0
2008,GNQ,Other fossil,0
2009,GNQ,Other fossil,0
2010,GNQ,Other fossil,0
2011,GNQ,Other fossil,0
2012,GNQ,Other fossil,0
2013,GNQ,Other fossil,0
2014,GNQ,Other fossil,0
2015,GNQ,Other fossil,0
2016,GNQ,Other fossil,0
2017,GNQ,Other fossil,0
2018,GNQ,Other fossil,0
2019,GNQ,Other fossil,0
2020,GNQ,Other fossil,0
2021,GNQ,Other fossil,0
2022,GNQ,Other fossil,0
2023,GNQ,Other fossil,0
2024,GNQ,Other fossil,0
2001,ERI,Other fossil,0
2002,ERI,Other fossil,0
2003,ERI,Other fossil,0
2004,ERI,Other fossil,0
2005,ERI,Other fossil,0
2006,ERI,Other fossil,0
2007,ERI,Other fossil,0
2008,ERI,Other fossil,0
2009,ERI,Other fossil,0
2010,ERI,Other fossil,0
2011,ERI,Other fossil,0
2012,ERI,Other fossil,0
2013,ERI,Other fossil,0
2014,ERI,Other fossil,0
2015,ERI,Other fossil,0
2016,ERI,Other fossil,0
2017,ERI,Other fossil,0
2018,ERI,Other fossil,0
2019,ERI,Other fossil,0
2020,ERI,Other fossil,0
2021,ERI,Other fossil,0
2022,ERI,Other fossil,0
2023,ERI,Other fossil,0
2024,ERI,Other fossil,0
1991,EST,Other fossil,0
1992,EST,Other fossil,0
1993,EST,Other fossil,0
1994,EST,Other fossil,0
1995,EST,Other fossil,0
1996,EST,Other fossil,0
1997,EST,Other fossil,0
1998,EST,Other fossil,0
1999,EST,Other fossil,0
2000,EST,Other fossil,3
2001,EST,Other fossil,0
2002,EST,Other fossil,0
2003,EST,Other fossil,0
2004,EST,Other fossil,0
2005,EST,Other fossil,0
2006,EST,Other fossil,0
2007,EST,Other fossil,0
2008,EST,Other fossil,0
2009,EST,Other fossil,0
2010,EST,Other fossil,0
2011,EST,Other fossil,0
2012,EST,Other fossil,0
2013,EST,Other fossil,0
2014,EST,Other fossil,0
2015,EST,Other fossil,0
2016,EST,Other fossil,0
2017,EST,Other fossil,0
2018,EST,Other fossil,0
2019,EST,Other fossil,0
2020,EST,Other fossil,0
2021,EST,Other fossil,-1
2022,EST,Other fossil,0
2023,EST,Other fossil,0
2024,EST,Other fossil,-1
2025,EST,Other fossil,0
2001,SWZ,Other fossil,0
2002,SWZ,Other fossil,0
2003,SWZ,Other fossil,0
2004,SWZ,Other fossil,0
2005,SWZ,Other fossil,0
2006,SWZ,Other fossil,0
2007,SWZ,Other fossil,0
2008,SWZ,Other fossil,0
2009,SWZ,Other fossil,0
2010,SWZ,Other fossil,0
2011,SWZ,Other fossil,0
2012,SWZ,Other fossil,0
2013,SWZ,Other fossil,0
2014,SWZ,Other fossil,0
2015,SWZ,Other fossil,0
2016,SWZ,Other fossil,0
2017,SWZ,Other fossil,0
2018,SWZ,Other fossil,0
2019,SWZ,Other fossil,0
2020,SWZ,Other fossil,0
2021,SWZ,Other fossil,0
2022,SWZ,Other fossil,0
2023,SWZ,Other fossil,0
2024,SWZ,Other fossil,0
2001,ETH,Other fossil,0
2002,ETH,Other fossil,0
2003,ETH,Other fossil,0
2004,ETH,Other fossil,0
2005,ETH,Other fossil,0
2006,ETH,Other fossil,0
2007,ETH,Other fossil,0
2008,ETH,Other fossil,0
2009,ETH,Other fossil,0
2010,ETH,Other fossil,0
2011,ETH,Other fossil,0
2012,ETH,Other fossil,0
2013,ETH,Other fossil,0
2014,ETH,Other fossil,0
2015,ETH,Other fossil,0
2016,ETH,Other fossil,0
2017,ETH,Other fossil,0
2018,ETH,Other fossil,0
2019,ETH,Other fossil,0
2020,ETH,Other fossil,0
2021,ETH,Other fossil,0
2022,ETH,Other fossil,0
2023,ETH,Other fossil,0
2024,ETH,Other fossil,0
2025,ETH,Other fossil,0
2001,FLK,Other fossil,0
2002,FLK,Other fossil,0
2003,FLK,Other fossil,0
2004,FLK,Other fossil,0
2005,FLK,Other fossil,0
2006,FLK,Other fossil,0
2007,FLK,Other fossil,0
2008,FLK,Other fossil,0
2009,FLK,Other fossil,0
2010,FLK,Other fossil,0
2011,FLK,Other fossil,0
2012,FLK,Other fossil,0
2013,FLK,Other fossil,0
2014,FLK,Other fossil,0
2015,FLK,Other fossil,0
2016,FLK,Other fossil,0
2017,FLK,Other fossil,0
2018,FLK,Other fossil,0
2019,FLK,Other fossil,0
2020,FLK,Other fossil,0
2021,FLK,Other fossil,0
2022,FLK,Other fossil,0
2023,FLK,Other fossil,0
2001,FRO,Other fossil,0
2002,FRO,Other fossil,0
2003,FRO,Other fossil,0
2004,FRO,Other fossil,0
2005,FRO,Other fossil,0
2006,FRO,Other fossil,0
2007,FRO,Other fossil,0
2008,FRO,Other fossil,0
2009,FRO,Other fossil,0
2010,FRO,Other fossil,0
2011,FRO,Other fossil,0
2012,FRO,Other fossil,0
2013,FRO,Other fossil,0
2014,FRO,Other fossil,0
2015,FRO,Other fossil,0
2016,FRO,Other fossil,0
2017,FRO,Other fossil,0
2018,FRO,Other fossil,0
2019,FRO,Other fossil,0
2020,FRO,Other fossil,0
2021,FRO,Other fossil,0
2022,FRO,Other fossil,0
2023,FRO,Other fossil,0
2001,FJI,Other fossil,0
2002,FJI,Other fossil,0
2003,FJI,Other fossil,0
2004,FJI,Other fossil,0
2005,FJI,Other fossil,0
2006,FJI,Other fossil,0
2007,FJI,Other fossil,0
2008,FJI,Other fossil,0
2009,FJI,Other fossil,0
2010,FJI,Other fossil,0
2011,FJI,Other fossil,0
2012,FJI,Other fossil,0
2013,FJI,Other fossil,0
2014,FJI,Other fossil,0
2015,FJI,Other fossil,0
2016,FJI,Other fossil,0
2017,FJI,Other fossil,0
2018,FJI,Other fossil,0
2019,FJI,Other fossil,0
2020,FJI,Other fossil,0
2021,FJI,Other fossil,0
2022,FJI,Other fossil,0
2023,FJI,Other fossil,0
2024,FJI,Other fossil,0
1991,FIN,Other fossil,0
1992,FIN,Other fossil,0
1993,FIN,Other fossil,0
1994,FIN,Other fossil,0
1995,FIN,Other fossil,0
1996,FIN,Other fossil,0
1997,FIN,Other fossil,0
1998,FIN,Other fossil,0
1999,FIN,Other fossil,0
2000,FIN,Other fossil,1
2001,FIN,Other fossil,0
2002,FIN,Other fossil,0
2003,FIN,Other fossil,0
2004,FIN,Other fossil,0
2005,FIN,Other fossil,0
2006,FIN,Other fossil,0
2007,FIN,Other fossil,0
2008,FIN,Other fossil,0
2009,FIN,Other fossil,0
2010,FIN,Other fossil,0
2011,FIN,Other fossil,0
2012,FIN,Other fossil,0
2013,FIN,Other fossil,0
2014,FIN,Other fossil,0
2015,FIN,Other fossil,0
2016,FIN,Other fossil,0
2017,FIN,Other fossil,0
2018,FIN,Other fossil,0
2019,FIN,Other fossil,0
2020,FIN,Other fossil,0
2021,FIN,Other fossil,0
2022,FIN,Other fossil,0
2023,FIN,Other fossil,0
2024,FIN,Other fossil,0
2025,FIN,Other fossil,0
1991,FRA,Other fossil,0
1992,FRA,Other fossil,0
1993,FRA,Other fossil,0
1994,FRA,Other fossil,0
1995,FRA,Other fossil,0
1996,FRA,Other fossil,0
1997,FRA,Other fossil,0
1998,FRA,Other fossil,0
1999,FRA,Other fossil,0
2000,FRA,Other fossil,1
2001,FRA,Other fossil,0
2002,FRA,Other fossil,0
2003,FRA,Other fossil,0
2004,FRA,Other fossil,0
2005,FRA,Other fossil,1
2006,FRA,Other fossil,0
2007,FRA,Other fossil,0
2008,FRA,Other fossil,0
2009,FRA,Other fossil,0
2010,FRA,Other fossil,0
2011,FRA,Other fossil,0
2012,FRA,Other fossil,0
2013,FRA,Other fossil,0
2014,FRA,Other fossil,0
2015,FRA,Other fossil,0
2016,FRA,Other fossil,0
2017,FRA,Other fossil,0
2018,FRA,Other fossil,0
2019,FRA,Other fossil,0
2020,FRA,Other fossil,0
2021,FRA,Other fossil,0
2022,FRA,Other fossil,0
2023,FRA,Other fossil,0
2024,FRA,Other fossil,0
2025,FRA,Other fossil,0
2001,GUF,Other fossil,0
2002,GUF,Other fossil,0
2003,GUF,Other fossil,0
2004,GUF,Other fossil,0
2005,GUF,Other fossil,0
2006,GUF,Other fossil,0
2007,GUF,Other fossil,0
2008,GUF,Other fossil,0
2009,GUF,Other fossil,0
2010,GUF,Other fossil,0
2011,GUF,Other fossil,0
2012,GUF,Other fossil,0
2013,GUF,Other fossil,0
2014,GUF,Other fossil,0
2015,GUF,Other fossil,0
2016,GUF,Other fossil,0
2017,GUF,Other fossil,0
2018,GUF,Other fossil,0
2019,GUF,Other fossil,0
2020,GUF,Other fossil,0
2021,GUF,Other fossil,0
2022,GUF,Other fossil,0
2023,GUF,Other fossil,0
2001,PYF,Other fossil,0
2002,PYF,Other fossil,0
2003,PYF,Other fossil,0
2004,PYF,Other fossil,0
2005,PYF,Other fossil,0
2006,PYF,Other fossil,0
2007,PYF,Other fossil,0
2008,PYF,Other fossil,0
2009,PYF,Other fossil,0
2010,PYF,Other fossil,0
2011,PYF,Other fossil,0
2012,PYF,Other fossil,0
2013,PYF,Other fossil,0
2014,PYF,Other fossil,0
2015,PYF,Other fossil,0
2016,PYF,Other fossil,0
2017,PYF,Other fossil,0
2018,PYF,Other fossil,0
2019,PYF,Other fossil,0
2020,PYF,Other fossil,0
2021,PYF,Other fossil,0
2022,PYF,Other fossil,0
2023,PYF,Other fossil,0
2024,PYF,Other fossil,0
2001,GAB,Other fossil,0
2002,GAB,Other fossil,0
2003,GAB,Other fossil,0
2004,GAB,Other fossil,0
2005,GAB,Other fossil,0
2006,GAB,Other fossil,0
2007,GAB,Other fossil,0
2008,GAB,Other fossil,0
2009,GAB,Other fossil,0
2010,GAB,Other fossil,0
2011,GAB,Other fossil,0
2012,GAB,Other fossil,0
2013,GAB,Other fossil,0
2014,GAB,Other fossil,0
2015,GAB,Other fossil,0
2016,GAB,Other fossil,0
2017,GAB,Other fossil,0
2018,GAB,Other fossil,0
2019,GAB,Other fossil,0
2020,GAB,Other fossil,0
2021,GAB,Other fossil,0
2022,GAB,Other fossil,0
2023,GAB,Other fossil,0
2024,GAB,Other fossil,0
2001,GMB,Other fossil,0
2002,GMB,Other fossil,0
2003,GMB,Other fossil,0
2004,GMB,Other fossil,0
2005,GMB,Other fossil,0
2006,GMB,Other fossil,0
2007,GMB,Other fossil,0
2008,GMB,Other fossil,0
2009,GMB,Other fossil,0
2010,GMB,Other fossil,0
2011,GMB,Other fossil,0
2012,GMB,Other fossil,0
2013,GMB,Other fossil,0
2014,GMB,Other fossil,0
2015,GMB,Other fossil,0
2016,GMB,Other fossil,0
2017,GMB,Other fossil,0
2018,GMB,Other fossil,0
2019,GMB,Other fossil,0
2020,GMB,Other fossil,0
2021,GMB,Other fossil,0
2022,GMB,Other fossil,0
2023,GMB,Other fossil,0
2024,GMB,Other fossil,0
2001,GEO,Other fossil,0
2002,GEO,Other fossil,0
2003,GEO,Other fossil,0
2004,GEO,Other fossil,0
2005,GEO,Other fossil,0
2006,GEO,Other fossil,0
2007,GEO,Other fossil,0
2008,GEO,Other fossil,0
2009,GEO,Other fossil,0
2010,GEO,Other fossil,0
2011,GEO,Other fossil,0
2012,GEO,Other fossil,0
2013,GEO,Other fossil,0
2014,GEO,Other fossil,0
2015,GEO,Other fossil,0
2016,GEO,Other fossil,0
2017,GEO,Other fossil,0
2018,GEO,Other fossil,0
2019,GEO,Other fossil,0
2020,GEO,Other fossil,0
2021,GEO,Other fossil,0
2022,GEO,Other fossil,0
2023,GEO,Other fossil,0
2024,GEO,Other fossil,0
2025,GEO,Other fossil,0
1991,DEU,Other fossil,0
1992,DEU,Other fossil,0
1993,DEU,Other fossil,0
1994,DEU,Other fossil,0
1995,DEU,Other fossil,0
1996,DEU,Other fossil,0
1997,DEU,Other fossil,0
1998,DEU,Other fossil,0
1999,DEU,Other fossil,0
2000,DEU,Other fossil,3
2001,DEU,Other fossil,0
2002,DEU,Other fossil,0
2003,DEU,Other fossil,0
2004,DEU,Other fossil,0
2005,DEU,Other fossil,0
2006,DEU,Other fossil,0
2007,DEU,Other fossil,0
2008,DEU,Other fossil,0
2009,DEU,Other fossil,0
2010,DEU,Other fossil,0
2011,DEU,Other fossil,0
2012,DEU,Other fossil,0
2013,DEU,Other fossil,1
2014,DEU,Other fossil,0
2015,DEU,Other fossil,0
2016,DEU,Other fossil,0
2017,DEU,Other fossil,0
2018,DEU,Other fossil,0
2019,DEU,Other fossil,0
2020,DEU,Other fossil,0
2021,DEU,Other fossil,0
2022,DEU,Other fossil,0
2023,DEU,Other fossil,0
2024,DEU,Other fossil,0
2025,DEU,Other fossil,0
2001,GHA,Other fossil,0
2002,GHA,Other fossil,0
2003,GHA,Other fossil,0
2004,GHA,Other fossil,0
2005,GHA,Other fossil,0
2006,GHA,Other fossil,0
2007,GHA,Other fossil,0
2008,GHA,Other fossil,0
2009,GHA,Other fossil,0
2010,GHA,Other fossil,0
2011,GHA,Other fossil,0
2012,GHA,Other fossil,0
2013,GHA,Other fossil,0
2014,GHA,Other fossil,0
2015,GHA,Other fossil,0
2016,GHA,Other fossil,0
2017,GHA,Other fossil,0
2018,GHA,Other fossil,0
2019,GHA,Other fossil,0
2020,GHA,Other fossil,0
2021,GHA,Other fossil,0
2022,GHA,Other fossil,0
2023,GHA,Other fossil,0
2024,GHA,Other fossil,0
1991,GRC,Other fossil,0
1992,GRC,Other fossil,0
1993,GRC,Other fossil,0
1994,GRC,Other fossil,0
1995,GRC,Other fossil,0
1996,GRC,Other fossil,0
1997,GRC,Other fossil,0
1998,GRC,Other fossil,0
1999,GRC,Other fossil,0
2000,GRC,Other fossil,1
2001,GRC,Other fossil,0
2002,GRC,Other fossil,0
2003,GRC,Other fossil,0
2004,GRC,Other fossil,0
2005,GRC,Other fossil,0
2006,GRC,Other fossil,0
2007,GRC,Other fossil,0
2008,GRC,Other fossil,0
2009,GRC,Other fossil,0
2010,GRC,Other fossil,0
2011,GRC,Other fossil,0
2012,GRC,Other fossil,0
2013,GRC,Other fossil,0
2014,GRC,Other fossil,0
2015,GRC,Other fossil,0
2016,GRC,Other fossil,0
2017,GRC,Other fossil,0
2018,GRC,Other fossil,0
2019,GRC,Other fossil,0
2020,GRC,Other fossil,0
2021,GRC,Other fossil,0
2022,GRC,Other fossil,0
2023,GRC,Other fossil,0
2024,GRC,Other fossil,0
2025,GRC,Other fossil,0
2001,GRL,Other fossil,0
2002,GRL,Other fossil,0
2003,GRL,Other fossil,0
2004,GRL,Other fossil,0
2005,GRL,Other fossil,0
2006,GRL,Other fossil,0
2007,GRL,Other fossil,0
2008,GRL,Other fossil,0
2009,GRL,Other fossil,0
2010,GRL,Other fossil,0
2011,GRL,Other fossil,0
2012,GRL,Other fossil,0
2013,GRL,Other fossil,0
2014,GRL,Other fossil,0
2015,GRL,Other fossil,0
2016,GRL,Other fossil,0
2017,GRL,Other fossil,0
2018,GRL,Other fossil,0
2019,GRL,Other fossil,0
2020,GRL,Other fossil,0
2021,GRL,Other fossil,0
2022,GRL,Other fossil,0
2023,GRL,Other fossil,0
2024,GRL,Other fossil,0
2001,GRD,Other fossil,0
2002,GRD,Other fossil,0
2003,GRD,Other fossil,0
2004,GRD,Other fossil,0
2005,GRD,Other fossil,0
2006,GRD,Other fossil,0
2007,GRD,Other fossil,0
2008,GRD,Other fossil,0
2009,GRD,Other fossil,0
2010,GRD,Other fossil,0
2011,GRD,Other fossil,0
2012,GRD,Other fossil,0
2013,GRD,Other fossil,0
2014,GRD,Other fossil,0
2015,GRD,Other fossil,0
2016,GRD,Other fossil,0
2017,GRD,Other fossil,0
2018,GRD,Other fossil,0
2019,GRD,Other fossil,0
2020,GRD,Other fossil,0
2021,GRD,Other fossil,0
2022,GRD,Other fossil,0
2023,GRD,Other fossil,0
2024,GRD,Other fossil,0
2001,GLP,Other fossil,0
2002,GLP,Other fossil,0
2003,GLP,Other fossil,0
2004,GLP,Other fossil,0
2005,GLP,Other fossil,0
2006,GLP,Other fossil,0
2007,GLP,Other fossil,0
2008,GLP,Other fossil,0
2009,GLP,Other fossil,0
2010,GLP,Other fossil,0
2011,GLP,Other fossil,0
2012,GLP,Other fossil,0
2013,GLP,Other fossil,0
2014,GLP,Other fossil,0
2015,GLP,Other fossil,0
2016,GLP,Other fossil,0
2017,GLP,Other fossil,0
2018,GLP,Other fossil,0
2019,GLP,Other fossil,0
2020,GLP,Other fossil,0
2021,GLP,Other fossil,0
2022,GLP,Other fossil,0
2023,GLP,Other fossil,0
2001,GUM,Other fossil,0
2002,GUM,Other fossil,0
2003,GUM,Other fossil,0
2004,GUM,Other fossil,0
2005,GUM,Other fossil,0
2006,GUM,Other fossil,0
2007,GUM,Other fossil,0
2008,GUM,Other fossil,0
2009,GUM,Other fossil,0
2010,GUM,Other fossil,0
2011,GUM,Other fossil,0
2012,GUM,Other fossil,0
2013,GUM,Other fossil,0
2014,GUM,Other fossil,0
2015,GUM,Other fossil,0
2016,GUM,Other fossil,0
2017,GUM,Other fossil,0
2018,GUM,Other fossil,0
2019,GUM,Other fossil,0
2020,GUM,Other fossil,0
2021,GUM,Other fossil,0
2022,GUM,Other fossil,0
2023,GUM,Other fossil,0
2024,GUM,Other fossil,0
2001,GTM,Other fossil,0
2002,GTM,Other fossil,0
2003,GTM,Other fossil,0
2004,GTM,Other fossil,0
2005,GTM,Other fossil,0
2006,GTM,Other fossil,0
2007,GTM,Other fossil,0
2008,GTM,Other fossil,0
2009,GTM,Other fossil,0
2010,GTM,Other fossil,0
2011,GTM,Other fossil,0
2012,GTM,Other fossil,0
2013,GTM,Other fossil,0
2014,GTM,Other fossil,0
2015,GTM,Other fossil,0
2016,GTM,Other fossil,0
2017,GTM,Other fossil,0
2018,GTM,Other fossil,0
2019,GTM,Other fossil,0
2020,GTM,Other fossil,0
2021,GTM,Other fossil,0
2022,GTM,Other fossil,0
2023,GTM,Other fossil,0
2024,GTM,Other fossil,0
2001,GIN,Other fossil,0
2002,GIN,Other fossil,0
2003,GIN,Other fossil,0
2004,GIN,Other fossil,0
2005,GIN,Other fossil,0
2006,GIN,Other fossil,0
2007,GIN,Other fossil,0
2008,GIN,Other fossil,0
2009,GIN,Other fossil,0
2010,GIN,Other fossil,0
2011,GIN,Other fossil,0
2012,GIN,Other fossil,0
2013,GIN,Other fossil,0
2014,GIN,Other fossil,0
2015,GIN,Other fossil,0
2016,GIN,Other fossil,0
2017,GIN,Other fossil,0
2018,GIN,Other fossil,0
2019,GIN,Other fossil,0
2020,GIN,Other fossil,0
2021,GIN,Other fossil,0
2022,GIN,Other fossil,0
2023,GIN,Other fossil,0
2024,GIN,Other fossil,0
2001,GNB,Other fossil,0
2002,GNB,Other fossil,0
2003,GNB,Other fossil,0
2004,GNB,Other fossil,0
2005,GNB,Other fossil,0
2006,GNB,Other fossil,0
2007,GNB,Other fossil,0
2008,GNB,Other fossil,0
2009,GNB,Other fossil,0
2010,GNB,Other fossil,0
2011,GNB,Other fossil,0
2012,GNB,Other fossil,0
2013,GNB,Other fossil,0
2014,GNB,Other fossil,0
2015,GNB,Other fossil,0
2016,GNB,Other fossil,0
2017,GNB,Other fossil,0
2018,GNB,Other fossil,0
2019,GNB,Other fossil,0
2020,GNB,Other fossil,0
2021,GNB,Other fossil,0
2022,GNB,Other fossil,0
2023,GNB,Other fossil,0
2024,GNB,Other fossil,0
2001,GUY,Other fossil,0
2002,GUY,Other fossil,0
2003,GUY,Other fossil,0
2004,GUY,Other fossil,0
2005,GUY,Other fossil,0
2006,GUY,Other fossil,0
2007,GUY,Other fossil,0
2008,GUY,Other fossil,0
2009,GUY,Other fossil,0
2010,GUY,Other fossil,0
2011,GUY,Other fossil,0
2012,GUY,Other fossil,0
2013,GUY,Other fossil,0
2014,GUY,Other fossil,0
2015,GUY,Other fossil,0
2016,GUY,Other fossil,0
2017,GUY,Other fossil,0
2018,GUY,Other fossil,0
2019,GUY,Other fossil,0
2020,GUY,Other fossil,0
2021,GUY,Other fossil,0
2022,GUY,Other fossil,0
2023,GUY,Other fossil,0
2024,GUY,Other fossil,0
2001,HTI,Other fossil,0
2002,HTI,Other fossil,0
2003,HTI,Other fossil,0
2004,HTI,Other fossil,0
2005,HTI,Other fossil,0
2006,HTI,Other fossil,0
2007,HTI,Other fossil,0
2008,HTI,Other fossil,0
2009,HTI,Other fossil,0
2010,HTI,Other fossil,0
2011,HTI,Other fossil,0
2012,HTI,Other fossil,0
2013,HTI,Other fossil,0
2014,HTI,Other fossil,0
2015,HTI,Other fossil,0
2016,HTI,Other fossil,0
2017,HTI,Other fossil,0
2018,HTI,Other fossil,0
2019,HTI,Other fossil,0
2020,HTI,Other fossil,0
2021,HTI,Other fossil,0
2022,HTI,Other fossil,0
2023,HTI,Other fossil,0
2024,HTI,Other fossil,0
2001,HND,Other fossil,0
2002,HND,Other fossil,0
2003,HND,Other fossil,0
2004,HND,Other fossil,0
2005,HND,Other fossil,0
2006,HND,Other fossil,0
2007,HND,Other fossil,0
2008,HND,Other fossil,0
2009,HND,Other fossil,0
2010,HND,Other fossil,0
2011,HND,Other fossil,0
2012,HND,Other fossil,0
2013,HND,Other fossil,0
2014,HND,Other fossil,0
2015,HND,Other fossil,0
2016,HND,Other fossil,0
2017,HND,Other fossil,0
2018,HND,Other fossil,0
2019,HND,Other fossil,0
2020,HND,Other fossil,0
2021,HND,Other fossil,0
2022,HND,Other fossil,0
2023,HND,Other fossil,0
2024,HND,Other fossil,0
2001,HKG,Other fossil,0
2002,HKG,Other fossil,0
2003,HKG,Other fossil,0
2004,HKG,Other fossil,0
2005,HKG,Other fossil,0
2006,HKG,Other fossil,0
2007,HKG,Other fossil,0
2008,HKG,Other fossil,0
2009,HKG,Other fossil,0
2010,HKG,Other fossil,0
2011,HKG,Other fossil,0
2012,HKG,Other fossil,0
2013,HKG,Other fossil,0
2014,HKG,Other fossil,0
2015,HKG,Other fossil,0
2016,HKG,Other fossil,0
2017,HKG,Other fossil,0
2018,HKG,Other fossil,0
2019,HKG,Other fossil,0
2020,HKG,Other fossil,0
2021,HKG,Other fossil,0
2022,HKG,Other fossil,0
2023,HKG,Other fossil,0
2024,HKG,Other fossil,0
1991,HUN,Other fossil,0
1992,HUN,Other fossil,0
1993,HUN,Other fossil,0
1994,HUN,Other fossil,0
1995,HUN,Other fossil,0
1996,HUN,Other fossil,0
1997,HUN,Other fossil,0
1998,HUN,Other fossil,0
1999,HUN,Other fossil,0
2000,HUN,Other fossil,0
2001,HUN,Other fossil,0
2002,HUN,Other fossil,0
2003,HUN,Other fossil,0
2004,HUN,Other fossil,0
2005,HUN,Other fossil,0
2006,HUN,Other fossil,0
2007,HUN,Other fossil,0
2008,HUN,Other fossil,0
2009,HUN,Other fossil,0
2010,HUN,Other fossil,0
2011,HUN,Other fossil,0
2012,HUN,Other fossil,0
2013,HUN,Other fossil,0
2014,HUN,Other fossil,0
2015,HUN,Other fossil,0
2016,HUN,Other fossil,0
2017,HUN,Other fossil,0
2018,HUN,Other fossil,0
2019,HUN,Other fossil,0
2020,HUN,Other fossil,0
2021,HUN,Other fossil,0
2022,HUN,Other fossil,0
2023,HUN,Other fossil,0
2024,HUN,Other fossil,0
2025,HUN,Other fossil,0
2001,ISL,Other fossil,0
2002,ISL,Other fossil,0
2003,ISL,Other fossil,0
2004,ISL,Other fossil,0
2005,ISL,Other fossil,0
2006,ISL,Other fossil,0
2007,ISL,Other fossil,0
2008,ISL,Other fossil,0
2009,ISL,Other fossil,0
2010,ISL,Other fossil,0
2011,ISL,Other fossil,0
2012,ISL,Other fossil,0
2013,ISL,Other fossil,0
2014,ISL,Other fossil,0
2015,ISL,Other fossil,0
2016,ISL,Other fossil,0
2017,ISL,Other fossil,0
2018,ISL,Other fossil,0
2019,ISL,Other fossil,0
2020,ISL,Other fossil,0
2021,ISL,Other fossil,0
2022,ISL,Other fossil,0
2023,ISL,Other fossil,0
2024,ISL,Other fossil,0
1986,IND,Other fossil,0
1987,IND,Other fossil,0
1988,IND,Other fossil,0
1989,IND,Other fossil,0
1990,IND,Other fossil,0
1991,IND,Other fossil,0
1992,IND,Other fossil,0
1993,IND,Other fossil,0
1994,IND,Other fossil,0
1995,IND,Other fossil,0
1996,IND,Other fossil,0
1997,IND,Other fossil,0
1998,IND,Other fossil,0
1999,IND,Other fossil,0
2000,IND,Other fossil,7
2001,IND,Other fossil,0
2002,IND,Other fossil,0
2003,IND,Other fossil,0
2004,IND,Other fossil,0
2005,IND,Other fossil,0
2006,IND,Other fossil,0
2007,IND,Other fossil,1
2008,IND,Other fossil,0
2009,IND,Other fossil,1
2010,IND,Other fossil,0
2011,IND,Other fossil,0
2012,IND,Other fossil,1
2013,IND,Other fossil,1
2014,IND,Other fossil,1
2015,IND,Other fossil,0
2016,IND,Other fossil,1
2017,IND,Other fossil,0
2018,IND,Other fossil,2
2019,IND,Other fossil,-2
2020,IND,Other fossil,3
2021,IND,Other fossil,2
2022,IND,Other fossil,0
2023,IND,Other fossil,0
2024,IND,Other fossil,0
2025,IND,Other fossil,0
2001,IDN,Other fossil,-8
2002,IDN,Other fossil,0
2003,IDN,Other fossil,0
2004,IDN,Other fossil,0
2005,IDN,Other fossil,0
2006,IDN,Other fossil,0
2007,IDN,Other fossil,0
2008,IDN,Other fossil,0
2009,IDN,Other fossil,0
2010,IDN,Other fossil,1
2011,IDN,Other fossil,1
2012,IDN,Other fossil,1
2013,IDN,Other fossil,0
2014,IDN,Other fossil,0
2015,IDN,Other fossil,-2
2016,IDN,Other fossil,0
2017,IDN,Other fossil,0
2018,IDN,Other fossil,0
2019,IDN,Other fossil,0
2020,IDN,Other fossil,0
2021,IDN,Other fossil,0
2022,IDN,Other fossil,-1
2023,IDN,Other fossil,0
2024,IDN,Other fossil,1
1986,IRN,Other fossil,0
1987,IRN,Other fossil,0
1988,IRN,Other fossil,0
1989,IRN,Other fossil,0
1990,IRN,Other fossil,0
1991,IRN,Other fossil,0
1992,IRN,Other fossil,0
1993,IRN,Other fossil,0
1994,IRN,Other fossil,0
1995,IRN,Other fossil,0
1996,IRN,Other fossil,0
1997,IRN,Other fossil,0
1998,IRN,Other fossil,0
1999,IRN,Other fossil,0
2000,IRN,Other fossil,0
2001,IRN,Other fossil,0
2002,IRN,Other fossil,0
2003,IRN,Other fossil,0
2004,IRN,Other fossil,0
2005,IRN,Other fossil,0
2006,IRN,Other fossil,0
2007,IRN,Other fossil,0
2008,IRN,Other fossil,0
2009,IRN,Other fossil,0
2010,IRN,Other fossil,0
2011,IRN,Other fossil,0
2012,IRN,Other fossil,0
2013,IRN,Other fossil,0
2014,IRN,Other fossil,0
2015,IRN,Other fossil,0
2016,IRN,Other fossil,0
2017,IRN,Other fossil,0
2018,IRN,Other fossil,0
2019,IRN,Other fossil,0
2020,IRN,Other fossil,0
2021,IRN,Other fossil,0
2022,IRN,Other fossil,0
2023,IRN,Other fossil,0
2024,IRN,Other fossil,0
2025,IRN,Other fossil,0
2001,IRQ,Other fossil,0
2002,IRQ,Other fossil,0
2003,IRQ,Other fossil,0
2004,IRQ,Other fossil,0
2005,IRQ,Other fossil,0
2006,IRQ,Other fossil,0
2007,IRQ,Other fossil,0
2008,IRQ,Other fossil,0
2009,IRQ,Other fossil,0
2010,IRQ,Other fossil,0
2011,IRQ,Other fossil,0
2012,IRQ,Other fossil,1
2013,IRQ,Other fossil,1
2014,IRQ,Other fossil,0
2015,IRQ,Other fossil,0
2016,IRQ,Other fossil,0
2017,IRQ,Other fossil,0
2018,IRQ,Other fossil,0
2019,IRQ,Other fossil,0
2020,IRQ,Other fossil,0
2021,IRQ,Other fossil,0
2022,IRQ,Other fossil,0
2023,IRQ,Other fossil,1
2024,IRQ,Other fossil,0
1991,IRL,Other fossil,0
1992,IRL,Other fossil,0
1993,IRL,Other fossil,0
1994,IRL,Other fossil,0
1995,IRL,Other fossil,0
1996,IRL,Other fossil,0
1997,IRL,Other fossil,0
1998,IRL,Other fossil,0
1999,IRL,Other fossil,0
2000,IRL,Other fossil,1
2001,IRL,Other fossil,0
2002,IRL,Other fossil,0
2003,IRL,Other fossil,0
2004,IRL,Other fossil,0
2005,IRL,Other fossil,0
2006,IRL,Other fossil,0
2007,IRL,Other fossil,0
2008,IRL,Other fossil,0
2009,IRL,Other fossil,0
2010,IRL,Other fossil,0
2011,IRL,Other fossil,0
2012,IRL,Other fossil,0
2013,IRL,Other fossil,0
2014,IRL,Other fossil,0
2015,IRL,Other fossil,0
2016,IRL,Other fossil,0
2017,IRL,Other fossil,0
2018,IRL,Other fossil,0
2019,IRL,Other fossil,0
2020,IRL,Other fossil,0
2021,IRL,Other fossil,0
2022,IRL,Other fossil,0
2023,IRL,Other fossil,-1
2024,IRL,Other fossil,0
2025,IRL,Other fossil,1
2001,ISR,Other fossil,0
2002,ISR,Other fossil,0
2003,ISR,Other fossil,0
2004,ISR,Other fossil,0
2005,ISR,Other fossil,0
2006,ISR,Other fossil,0
2007,ISR,Other fossil,0
2008,ISR,Other fossil,0
2009,ISR,Other fossil,0
2010,ISR,Other fossil,0
2011,ISR,Other fossil,0
2012,ISR,Other fossil,0
2013,ISR,Other fossil,0
2014,ISR,Other fossil,0
2015,ISR,Other fossil,0
2016,ISR,Other fossil,0
2017,ISR,Other fossil,0
2018,ISR,Other fossil,0
2019,ISR,Other fossil,0
2020,ISR,Other fossil,0
2021,ISR,Other fossil,0
2022,ISR,Other fossil,0
2023,ISR,Other fossil,0
2024,ISR,Other fossil,0
2025,ISR,Other fossil,0
1991,ITA,Other fossil,0
1992,ITA,Other fossil,0
1993,ITA,Other fossil,0
1994,ITA,Other fossil,0
1995,ITA,Other fossil,0
1996,ITA,Other fossil,0
1997,ITA,Other fossil,0
1998,ITA,Other fossil,0
1999,ITA,Other fossil,0
2000,ITA,Other fossil,3
2001,ITA,Other fossil,0
2002,ITA,Other fossil,0
2003,ITA,Other fossil,0
2004,ITA,Other fossil,0
2005,ITA,Other fossil,0
2006,ITA,Other fossil,0
2007,ITA,Other fossil,0
2008,ITA,Other fossil,0
2009,ITA,Other fossil,0
2010,ITA,Other fossil,0
2011,ITA,Other fossil,0
2012,ITA,Other fossil,0
2013,ITA,Other fossil,0
2014,ITA,Other fossil,0
2015,ITA,Other fossil,0
2016,ITA,Other fossil,0
2017,ITA,Other fossil,0
2018,ITA,Other fossil,0
2019,ITA,Other fossil,0
2020,ITA,Other fossil,0
2021,ITA,Other fossil,0
2022,ITA,Other fossil,0
2023,ITA,Other fossil,0
2024,ITA,Other fossil,0
2025,ITA,Other fossil,0
2001,JAM,Other fossil,0
2002,JAM,Other fossil,0
2003,JAM,Other fossil,0
2004,JAM,Other fossil,0
2005,JAM,Other fossil,0
2006,JAM,Other fossil,0
2007,JAM,Other fossil,0
2008,JAM,Other fossil,0
2009,JAM,Other fossil,0
2010,JAM,Other fossil,0
2011,JAM,Other fossil,0
2012,JAM,Other fossil,0
2013,JAM,Other fossil,0
2014,JAM,Other fossil,0
2015,JAM,Other fossil,0
2016,JAM,Other fossil,0
2017,JAM,Other fossil,0
2018,JAM,Other fossil,0
2019,JAM,Other fossil,0
2020,JAM,Other fossil,0
2021,JAM,Other fossil,0
2022,JAM,Other fossil,0
2023,JAM,Other fossil,0
2024,JAM,Other fossil,0
1986,JPN,Other fossil,0
1987,JPN,Other fossil,0
1988,JPN,Other fossil,0
1989,JPN,Other fossil,0
1990,JPN,Other fossil,0
1991,JPN,Other fossil,0
1992,JPN,Other fossil,0
1993,JPN,Other fossil,0
1994,JPN,Other fossil,0
1995,JPN,Other fossil,0
1996,JPN,Other fossil,0
1997,JPN,Other fossil,0
1998,JPN,Other fossil,0
1999,JPN,Other fossil,0
2000,JPN,Other fossil,52
2001,JPN,Other fossil,-7
2002,JPN,Other fossil,-1
2003,JPN,Other fossil,-2
2004,JPN,Other fossil,0
2005,JPN,Other fossil,0
2006,JPN,Other fossil,-1
2007,JPN,Other fossil,2
2008,JPN,Other fossil,0
2009,JPN,Other fossil,0
2010,JPN,Other fossil,0
2011,JPN,Other fossil,0
2012,JPN,Other fossil,0
2013,JPN,Other fossil,0
2014,JPN,Other fossil,0
2015,JPN,Other fossil,0
2016,JPN,Other fossil,0
2017,JPN,Other fossil,-3
2018,JPN,Other fossil,-2
2019,JPN,Other fossil,-4
2020,JPN,Other fossil,-1
2021,JPN,Other fossil,1
2022,JPN,Other fossil,-2
2023,JPN,Other fossil,-8
2024,JPN,Other fossil,-2
2025,JPN,Other fossil,-1
2001,JOR,Other fossil,0
2002,JOR,Other fossil,0
2003,JOR,Other fossil,0
2004,JOR,Other fossil,0
2005,JOR,Other fossil,0
2006,JOR,Other fossil,0
2007,JOR,Other fossil,0
2008,JOR,Other fossil,0
2009,JOR,Other fossil,0
2010,JOR,Other fossil,0
2011,JOR,Other fossil,0
2012,JOR,Other fossil,0
2013,JOR,Other fossil,0
2014,JOR,Other fossil,0
2015,JOR,Other fossil,0
2016,JOR,Other fossil,0
2017,JOR,Other fossil,0
2018,JOR,Other fossil,0
2019,JOR,Other fossil,0
2020,JOR,Other fossil,0
2021,JOR,Other fossil,0
2022,JOR,Other fossil,0
2023,JOR,Other fossil,0
2024,JOR,Other fossil,0
1986,KAZ,Other fossil,0
1987,KAZ,Other fossil,0
1988,KAZ,Other fossil,0
1989,KAZ,Other fossil,0
1990,KAZ,Other fossil,0
1991,KAZ,Other fossil,0
1992,KAZ,Other fossil,0
1993,KAZ,Other fossil,0
1994,KAZ,Other fossil,0
1995,KAZ,Other fossil,0
1996,KAZ,Other fossil,0
1997,KAZ,Other fossil,0
1998,KAZ,Other fossil,0
1999,KAZ,Other fossil,0
2000,KAZ,Other fossil,0
2001,KAZ,Other fossil,0
2002,KAZ,Other fossil,0
2003,KAZ,Other fossil,0
2004,KAZ,Other fossil,0
2005,KAZ,Other fossil,0
2006,KAZ,Other fossil,0
2007,KAZ,Other fossil,0
2008,KAZ,Other fossil,0
2009,KAZ,Other fossil,0
2010,KAZ,Other fossil,0
2011,KAZ,Other fossil,0
2012,KAZ,Other fossil,0
2013,KAZ,Other fossil,0
2014,KAZ,Other fossil,0
2015,KAZ,Other fossil,0
2016,KAZ,Other fossil,0
2017,KAZ,Other fossil,0
2018,KAZ,Other fossil,0
2019,KAZ,Other fossil,0
2020,KAZ,Other fossil,0
2021,KAZ,Other fossil,0
2022,KAZ,Other fossil,0
2023,KAZ,Other fossil,0
2024,KAZ,Other fossil,0
2025,KAZ,Other fossil,0
2001,KEN,Other fossil,0
2002,KEN,Other fossil,0
2003,KEN,Other fossil,0
2004,KEN,Other fossil,0
2005,KEN,Other fossil,0
2006,KEN,Other fossil,0
2007,KEN,Other fossil,0
2008,KEN,Other fossil,0
2009,KEN,Other fossil,0
2010,KEN,Other fossil,0
2011,KEN,Other fossil,0
2012,KEN,Other fossil,0
2013,KEN,Other fossil,0
2014,KEN,Other fossil,0
2015,KEN,Other fossil,0
2016,KEN,Other fossil,0
2017,KEN,Other fossil,0
2018,KEN,Other fossil,0
2019,KEN,Other fossil,0
2020,KEN,Other fossil,0
2021,KEN,Other fossil,0
2022,KEN,Other fossil,0
2023,KEN,Other fossil,0
2024,KEN,Other fossil,0
2025,KEN,Other fossil,0
2001,KIR,Other fossil,0
2002,KIR,Other fossil,0
2003,KIR,Other fossil,0
2004,KIR,Other fossil,0
2005,KIR,Other fossil,0
2006,KIR,Other fossil,0
2007,KIR,Other fossil,0
2008,KIR,Other fossil,0
2009,KIR,Other fossil,0
2010,KIR,Other fossil,0
2011,KIR,Other fossil,0
2012,KIR,Other fossil,0
2013,KIR,Other fossil,0
2014,KIR,Other fossil,0
2015,KIR,Other fossil,0
2016,KIR,Other fossil,0
2017,KIR,Other fossil,0
2018,KIR,Other fossil,0
2019,KIR,Other fossil,0
2020,KIR,Other fossil,0
2021,KIR,Other fossil,0
2022,KIR,Other fossil,0
2023,KIR,Other fossil,0
2024,KIR,Other fossil,0
2001,XKX,Other fossil,0
2002,XKX,Other fossil,0
2003,XKX,Other fossil,0
2004,XKX,Other fossil,0
2005,XKX,Other fossil,0
2006,XKX,Other fossil,0
2007,XKX,Other fossil,0
2008,XKX,Other fossil,0
2009,XKX,Other fossil,0
2010,XKX,Other fossil,0
2011,XKX,Other fossil,0
2012,XKX,Other fossil,0
2013,XKX,Other fossil,0
2014,XKX,Other fossil,0
2015,XKX,Other fossil,0
2016,XKX,Other fossil,0
2017,XKX,Other fossil,0
2018,XKX,Other fossil,0
2019,XKX,Other fossil,0
2020,XKX,Other fossil,0
2021,XKX,Other fossil,0
2022,XKX,Other fossil,0
2023,XKX,Other fossil,0
2024,XKX,Other fossil,0
2025,XKX,Other fossil,0
2001,KWT,Other fossil,0
2002,KWT,Other fossil,0
2003,KWT,Other fossil,0
2004,KWT,Other fossil,0
2005,KWT,Other fossil,0
2006,KWT,Other fossil,0
2007,KWT,Other fossil,0
2008,KWT,Other fossil,0
2009,KWT,Other fossil,0
2010,KWT,Other fossil,0
2011,KWT,Other fossil,0
2012,KWT,Other fossil,0
2013,KWT,Other fossil,0
2014,KWT,Other fossil,0
2015,KWT,Other fossil,0
2016,KWT,Other fossil,0
2017,KWT,Other fossil,0
2018,KWT,Other fossil,0
2019,KWT,Other fossil,0
2020,KWT,Other fossil,0
2021,KWT,Other fossil,0
2022,KWT,Other fossil,0
2023,KWT,Other fossil,0
2024,KWT,Other fossil,0
2025,KWT,Other fossil,-9
2001,KGZ,Other fossil,0
2002,KGZ,Other fossil,0
2003,KGZ,Other fossil,0
2004,KGZ,Other fossil,0
2005,KGZ,Other fossil,0
2006,KGZ,Other fossil,0
2007,KGZ,Other fossil,0
2008,KGZ,Other fossil,0
2009,KGZ,Other fossil,0
2010,KGZ,Other fossil,0
2011,KGZ,Other fossil,0
2012,KGZ,Other fossil,0
2013,KGZ,Other fossil,0
2014,KGZ,Other fossil,0
2015,KGZ,Other fossil,0
2016,KGZ,Other fossil,0
2017,KGZ,Other fossil,0
2018,KGZ,Other fossil,0
2019,KGZ,Other fossil,0
2020,KGZ,Other fossil,0
2021,KGZ,Other fossil,0
2022,KGZ,Other fossil,0
2023,KGZ,Other fossil,0
2024,KGZ,Other fossil,0
2001,LAO,Other fossil,0
2002,LAO,Other fossil,0
2003,LAO,Other fossil,0
2004,LAO,Other fossil,0
2005,LAO,Other fossil,0
2006,LAO,Other fossil,0
2007,LAO,Other fossil,0
2008,LAO,Other fossil,0
2009,LAO,Other fossil,0
2010,LAO,Other fossil,0
2011,LAO,Other fossil,0
2012,LAO,Other fossil,0
2013,LAO,Other fossil,0
2014,LAO,Other fossil,0
2015,LAO,Other fossil,0
2016,LAO,Other fossil,0
2017,LAO,Other fossil,0
2018,LAO,Other fossil,0
2019,LAO,Other fossil,0
2020,LAO,Other fossil,0
2021,LAO,Other fossil,0
2022,LAO,Other fossil,0
2023,LAO,Other fossil,0
2024,LAO,Other fossil,0
1991,LVA,Other fossil,0
1992,LVA,Other fossil,0
1993,LVA,Other fossil,0
1994,LVA,Other fossil,0
1995,LVA,Other fossil,0
1996,LVA,Other fossil,0
1997,LVA,Other fossil,0
1998,LVA,Other fossil,0
1999,LVA,Other fossil,0
2000,LVA,Other fossil,0
2001,LVA,Other fossil,0
2002,LVA,Other fossil,0
2003,LVA,Other fossil,0
2004,LVA,Other fossil,0
2005,LVA,Other fossil,0
2006,LVA,Other fossil,0
2007,LVA,Other fossil,0
2008,LVA,Other fossil,0
2009,LVA,Other fossil,0
2010,LVA,Other fossil,0
2011,LVA,Other fossil,0
2012,LVA,Other fossil,0
2013,LVA,Other fossil,0
2014,LVA,Other fossil,0
2015,LVA,Other fossil,0
2016,LVA,Other fossil,0
2017,LVA,Other fossil,0
2018,LVA,Other fossil,0
2019,LVA,Other fossil,0
2020,LVA,Other fossil,0
2021,LVA,Other fossil,0
2022,LVA,Other fossil,0
2023,LVA,Other fossil,0
2024,LVA,Other fossil,0
2025,LVA,Other fossil,0
2001,LBN,Other fossil,0
2002,LBN,Other fossil,0
2003,LBN,Other fossil,0
2004,LBN,Other fossil,0
2005,LBN,Other fossil,0
2006,LBN,Other fossil,0
2007,LBN,Other fossil,0
2008,LBN,Other fossil,0
2009,LBN,Other fossil,0
2010,LBN,Other fossil,0
2011,LBN,Other fossil,0
2012,LBN,Other fossil,0
2013,LBN,Other fossil,0
2014,LBN,Other fossil,0
2015,LBN,Other fossil,0
2016,LBN,Other fossil,0
2017,LBN,Other fossil,0
2018,LBN,Other fossil,0
2019,LBN,Other fossil,0
2020,LBN,Other fossil,0
2021,LBN,Other fossil,0
2022,LBN,Other fossil,0
2023,LBN,Other fossil,0
2024,LBN,Other fossil,0
2001,LSO,Other fossil,0
2002,LSO,Other fossil,0
2003,LSO,Other fossil,0
2004,LSO,Other fossil,0
2005,LSO,Other fossil,0
2006,LSO,Other fossil,0
2007,LSO,Other fossil,0
2008,LSO,Other fossil,0
2009,LSO,Other fossil,0
2010,LSO,Other fossil,0
2011,LSO,Other fossil,0
2012,LSO,Other fossil,0
2013,LSO,Other fossil,0
2014,LSO,Other fossil,0
2015,LSO,Other fossil,0
2016,LSO,Other fossil,0
2017,LSO,Other fossil,0
2018,LSO,Other fossil,0
2019,LSO,Other fossil,0
2020,LSO,Other fossil,0
2021,LSO,Other fossil,0
2022,LSO,Other fossil,0
2023,LSO,Other fossil,0
2024,LSO,Other fossil,0
2001,LBR,Other fossil,0
2002,LBR,Other fossil,0
2003,LBR,Other fossil,0
2004,LBR,Other fossil,0
2005,LBR,Other fossil,0
2006,LBR,Other fossil,0
2007,LBR,Other fossil,0
2008,LBR,Other fossil,0
2009,LBR,Other fossil,0
2010,LBR,Other fossil,0
2011,LBR,Other fossil,0
2012,LBR,Other fossil,0
2013,LBR,Other fossil,0
2014,LBR,Other fossil,0
2015,LBR,Other fossil,0
2016,LBR,Other fossil,0
2017,LBR,Other fossil,0
2018,LBR,Other fossil,0
2019,LBR,Other fossil,0
2020,LBR,Other fossil,0
2021,LBR,Other fossil,0
2022,LBR,Other fossil,0
2023,LBR,Other fossil,0
2024,LBR,Other fossil,0
2001,LBY,Other fossil,0
2002,LBY,Other fossil,0
2003,LBY,Other fossil,0
2004,LBY,Other fossil,0
2005,LBY,Other fossil,0
2006,LBY,Other fossil,0
2007,LBY,Other fossil,0
2008,LBY,Other fossil,0
2009,LBY,Other fossil,0
2010,LBY,Other fossil,0
2011,LBY,Other fossil,0
2012,LBY,Other fossil,0
2013,LBY,Other fossil,0
2014,LBY,Other fossil,0
2015,LBY,Other fossil,0
2016,LBY,Other fossil,0
2017,LBY,Other fossil,0
2018,LBY,Other fossil,0
2019,LBY,Other fossil,0
2020,LBY,Other fossil,0
2021,LBY,Other fossil,0
2022,LBY,Other fossil,0
2023,LBY,Other fossil,0
2024,LBY,Other fossil,0
1991,LTU,Other fossil,0
1992,LTU,Other fossil,0
1993,LTU,Other fossil,0
1994,LTU,Other fossil,0
1995,LTU,Other fossil,0
1996,LTU,Other fossil,0
1997,LTU,Other fossil,0
1998,LTU,Other fossil,0
1999,LTU,Other fossil,0
2000,LTU,Other fossil,0
2001,LTU,Other fossil,0
2002,LTU,Other fossil,0
2003,LTU,Other fossil,0
2004,LTU,Other fossil,0
2005,LTU,Other fossil,0
2006,LTU,Other fossil,0
2007,LTU,Other fossil,0
2008,LTU,Other fossil,0
2009,LTU,Other fossil,0
2010,LTU,Other fossil,0
2011,LTU,Other fossil,0
2012,LTU,Other fossil,0
2013,LTU,Other fossil,0
2014,LTU,Other fossil,0
2015,LTU,Other fossil,0
2016,LTU,Other fossil,0
2017,LTU,Other fossil,0
2018,LTU,Other fossil,0
2019,LTU,Other fossil,0
2020,LTU,Other fossil,0
2021,LTU,Other fossil,0
2022,LTU,Other fossil,0
2023,LTU,Other fossil,0
2024,LTU,Other fossil,0
2025,LTU,Other fossil,0
1991,LUX,Other fossil,0
1992,LUX,Other fossil,0
1993,LUX,Other fossil,0
1994,LUX,Other fossil,0
1995,LUX,Other fossil,0
1996,LUX,Other fossil,0
1997,LUX,Other fossil,0
1998,LUX,Other fossil,0
1999,LUX,Other fossil,0
2000,LUX,Other fossil,0
2001,LUX,Other fossil,0
2002,LUX,Other fossil,0
2003,LUX,Other fossil,0
2004,LUX,Other fossil,0
2005,LUX,Other fossil,0
2006,LUX,Other fossil,0
2007,LUX,Other fossil,0
2008,LUX,Other fossil,0
2009,LUX,Other fossil,0
2010,LUX,Other fossil,0
2011,LUX,Other fossil,0
2012,LUX,Other fossil,0
2013,LUX,Other fossil,0
2014,LUX,Other fossil,0
2015,LUX,Other fossil,0
2016,LUX,Other fossil,0
2017,LUX,Other fossil,0
2018,LUX,Other fossil,0
2019,LUX,Other fossil,0
2020,LUX,Other fossil,0
2021,LUX,Other fossil,0
2022,LUX,Other fossil,0
2023,LUX,Other fossil,0
2024,LUX,Other fossil,0
2025,LUX,Other fossil,0
2001,MAC,Other fossil,0
2002,MAC,Other fossil,0
2003,MAC,Other fossil,0
2004,MAC,Other fossil,0
2005,MAC,Other fossil,0
2006,MAC,Other fossil,0
2007,MAC,Other fossil,0
2008,MAC,Other fossil,0
2009,MAC,Other fossil,0
2010,MAC,Other fossil,0
2011,MAC,Other fossil,0
2012,MAC,Other fossil,0
2013,MAC,Other fossil,0
2014,MAC,Other fossil,0
2015,MAC,Other fossil,0
2016,MAC,Other fossil,0
2017,MAC,Other fossil,0
2018,MAC,Other fossil,0
2019,MAC,Other fossil,0
2020,MAC,Other fossil,0
2021,MAC,Other fossil,0
2022,MAC,Other fossil,0
2023,MAC,Other fossil,0
2024,MAC,Other fossil,0
2001,MDG,Other fossil,0
2002,MDG,Other fossil,0
2003,MDG,Other fossil,0
2004,MDG,Other fossil,0
2005,MDG,Other fossil,0
2006,MDG,Other fossil,0
2007,MDG,Other fossil,0
2008,MDG,Other fossil,0
2009,MDG,Other fossil,0
2010,MDG,Other fossil,0
2011,MDG,Other fossil,0
2012,MDG,Other fossil,0
2013,MDG,Other fossil,0
2014,MDG,Other fossil,0
2015,MDG,Other fossil,0
2016,MDG,Other fossil,0
2017,MDG,Other fossil,0
2018,MDG,Other fossil,0
2019,MDG,Other fossil,0
2020,MDG,Other fossil,0
2021,MDG,Other fossil,0
2022,MDG,Other fossil,0
2023,MDG,Other fossil,0
2024,MDG,Other fossil,0
2001,MWI,Other fossil,0
2002,MWI,Other fossil,0
2003,MWI,Other fossil,0
2004,MWI,Other fossil,0
2005,MWI,Other fossil,0
2006,MWI,Other fossil,0
2007,MWI,Other fossil,0
2008,MWI,Other fossil,0
2009,MWI,Other fossil,0
2010,MWI,Other fossil,0
2011,MWI,Other fossil,0
2012,MWI,Other fossil,0
2013,MWI,Other fossil,0
2014,MWI,Other fossil,0
2015,MWI,Other fossil,0
2016,MWI,Other fossil,0
2017,MWI,Other fossil,0
2018,MWI,Other fossil,0
2019,MWI,Other fossil,0
2020,MWI,Other fossil,0
2021,MWI,Other fossil,0
2022,MWI,Other fossil,0
2023,MWI,Other fossil,0
2024,MWI,Other fossil,0
1986,MYS,Other fossil,0
1987,MYS,Other fossil,0
1988,MYS,Other fossil,0
1989,MYS,Other fossil,0
1990,MYS,Other fossil,0
1991,MYS,Other fossil,0
1992,MYS,Other fossil,0
1993,MYS,Other fossil,0
1994,MYS,Other fossil,0
1995,MYS,Other fossil,0
1996,MYS,Other fossil,0
1997,MYS,Other fossil,0
1998,MYS,Other fossil,0
1999,MYS,Other fossil,0
2000,MYS,Other fossil,2
2001,MYS,Other fossil,0
2002,MYS,Other fossil,0
2003,MYS,Other fossil,0
2004,MYS,Other fossil,-1
2005,MYS,Other fossil,0
2006,MYS,Other fossil,0
2007,MYS,Other fossil,1
2008,MYS,Other fossil,0
2009,MYS,Other fossil,0
2010,MYS,Other fossil,0
2011,MYS,Other fossil,1
2012,MYS,Other fossil,-1
2013,MYS,Other fossil,1
2014,MYS,Other fossil,-1
2015,MYS,Other fossil,0
2016,MYS,Other fossil,0
2017,MYS,Other fossil,0
2018,MYS,Other fossil,0
2019,MYS,Other fossil,0
2020,MYS,Other fossil,0
2021,MYS,Other fossil,0
2022,MYS,Other fossil,0
2023,MYS,Other fossil,0
2024,MYS,Other fossil,0
2025,MYS,Other fossil,0
2001,MDV,Other fossil,0
2002,MDV,Other fossil,0
2003,MDV,Other fossil,0
2004,MDV,Other fossil,0
2005,MDV,Other fossil,0
2006,MDV,Other fossil,0
2007,MDV,Other fossil,0
2008,MDV,Other fossil,0
2009,MDV,Other fossil,0
2010,MDV,Other fossil,0
2011,MDV,Other fossil,0
2012,MDV,Other fossil,0
2013,MDV,Other fossil,0
2014,MDV,Other fossil,0
2015,MDV,Other fossil,0
2016,MDV,Other fossil,0
2017,MDV,Other fossil,0
2018,MDV,Other fossil,0
2019,MDV,Other fossil,0
2020,MDV,Other fossil,0
2021,MDV,Other fossil,0
2022,MDV,Other fossil,0
2023,MDV,Other fossil,0
2024,MDV,Other fossil,0
2001,MLI,Other fossil,0
2002,MLI,Other fossil,0
2003,MLI,Other fossil,0
2004,MLI,Other fossil,0
2005,MLI,Other fossil,0
2006,MLI,Other fossil,0
2007,MLI,Other fossil,0
2008,MLI,Other fossil,0
2009,MLI,Other fossil,0
2010,MLI,Other fossil,0
2011,MLI,Other fossil,0
2012,MLI,Other fossil,0
2013,MLI,Other fossil,0
2014,MLI,Other fossil,0
2015,MLI,Other fossil,0
2016,MLI,Other fossil,0
2017,MLI,Other fossil,0
2018,MLI,Other fossil,0
2019,MLI,Other fossil,0
2020,MLI,Other fossil,0
2021,MLI,Other fossil,0
2022,MLI,Other fossil,0
2023,MLI,Other fossil,0
2024,MLI,Other fossil,0
1991,MLT,Other fossil,0
1992,MLT,Other fossil,0
1993,MLT,Other fossil,0
1994,MLT,Other fossil,0
1995,MLT,Other fossil,0
1996,MLT,Other fossil,0
1997,MLT,Other fossil,0
1998,MLT,Other fossil,0
1999,MLT,Other fossil,0
2000,MLT,Other fossil,0
2001,MLT,Other fossil,0
2002,MLT,Other fossil,0
2003,MLT,Other fossil,0
2004,MLT,Other fossil,0
2005,MLT,Other fossil,0
2006,MLT,Other fossil,0
2007,MLT,Other fossil,0
2008,MLT,Other fossil,0
2009,MLT,Other fossil,0
2010,MLT,Other fossil,0
2011,MLT,Other fossil,0
2012,MLT,Other fossil,0
2013,MLT,Other fossil,0
2014,MLT,Other fossil,0
2015,MLT,Other fossil,0
2016,MLT,Other fossil,0
2017,MLT,Other fossil,0
2018,MLT,Other fossil,0
2019,MLT,Other fossil,0
2020,MLT,Other fossil,0
2021,MLT,Other fossil,0
2022,MLT,Other fossil,0
2023,MLT,Other fossil,0
2024,MLT,Other fossil,0
2025,MLT,Other fossil,0
2001,MTQ,Other fossil,0
2002,MTQ,Other fossil,0
2003,MTQ,Other fossil,0
2004,MTQ,Other fossil,0
2005,MTQ,Other fossil,0
2006,MTQ,Other fossil,0
2007,MTQ,Other fossil,0
2008,MTQ,Other fossil,0
2009,MTQ,Other fossil,0
2010,MTQ,Other fossil,0
2011,MTQ,Other fossil,0
2012,MTQ,Other fossil,0
2013,MTQ,Other fossil,0
2014,MTQ,Other fossil,0
2015,MTQ,Other fossil,0
2016,MTQ,Other fossil,0
2017,MTQ,Other fossil,0
2018,MTQ,Other fossil,0
2019,MTQ,Other fossil,0
2020,MTQ,Other fossil,0
2021,MTQ,Other fossil,0
2022,MTQ,Other fossil,0
2023,MTQ,Other fossil,0
2001,MRT,Other fossil,0
2002,MRT,Other fossil,0
2003,MRT,Other fossil,0
2004,MRT,Other fossil,0
2005,MRT,Other fossil,0
2006,MRT,Other fossil,0
2007,MRT,Other fossil,0
2008,MRT,Other fossil,0
2009,MRT,Other fossil,0
2010,MRT,Other fossil,0
2011,MRT,Other fossil,0
2012,MRT,Other fossil,0
2013,MRT,Other fossil,0
2014,MRT,Other fossil,0
2015,MRT,Other fossil,0
2016,MRT,Other fossil,0
2017,MRT,Other fossil,0
2018,MRT,Other fossil,0
2019,MRT,Other fossil,0
2020,MRT,Other fossil,0
2021,MRT,Other fossil,0
2022,MRT,Other fossil,0
2023,MRT,Other fossil,0
2024,MRT,Other fossil,0
2001,MUS,Other fossil,0
2002,MUS,Other fossil,0
2003,MUS,Other fossil,0
2004,MUS,Other fossil,0
2005,MUS,Other fossil,0
2006,MUS,Other fossil,0
2007,MUS,Other fossil,0
2008,MUS,Other fossil,0
2009,MUS,Other fossil,0
2010,MUS,Other fossil,0
2011,MUS,Other fossil,0
2012,MUS,Other fossil,0
2013,MUS,Other fossil,0
2014,MUS,Other fossil,0
2015,MUS,Other fossil,0
2016,MUS,Other fossil,0
2017,MUS,Other fossil,0
2018,MUS,Other fossil,0
2019,MUS,Other fossil,0
2020,MUS,Other fossil,0
2021,MUS,Other fossil,0
2022,MUS,Other fossil,0
2023,MUS,Other fossil,0
2024,MUS,Other fossil,0
1986,MEX,Other fossil,0
1987,MEX,Other fossil,0
1988,MEX,Other fossil,0
1989,MEX,Other fossil,0
1990,MEX,Other fossil,0
1991,MEX,Other fossil,0
1992,MEX,Other fossil,0
1993,MEX,Other fossil,0
1994,MEX,Other fossil,0
1995,MEX,Other fossil,0
1996,MEX,Other fossil,0
1997,MEX,Other fossil,0
1998,MEX,Other fossil,0
1999,MEX,Other fossil,0
2000,MEX,Other fossil,16
2001,MEX,Other fossil,-1
2002,MEX,Other fossil,0
2003,MEX,Other fossil,0
2004,MEX,Other fossil,0
2005,MEX,Other fossil,-1
2006,MEX,Other fossil,1
2007,MEX,Other fossil,1
2008,MEX,Other fossil,0
2009,MEX,Other fossil,0
2010,MEX,Other fossil,0
2011,MEX,Other fossil,0
2012,MEX,Other fossil,0
2013,MEX,Other fossil,0
2014,MEX,Other fossil,0
2015,MEX,Other fossil,0
2016,MEX,Other fossil,1
2017,MEX,Other fossil,0
2018,MEX,Other fossil,6
2019,MEX,Other fossil,1
2020,MEX,Other fossil,0
2021,MEX,Other fossil,0
2022,MEX,Other fossil,14
2023,MEX,Other fossil,0
2024,MEX,Other fossil,0
2025,MEX,Other fossil,0
2001,MDA,Other fossil,0
2002,MDA,Other fossil,0
2003,MDA,Other fossil,0
2004,MDA,Other fossil,0
2005,MDA,Other fossil,0
2006,MDA,Other fossil,0
2007,MDA,Other fossil,0
2008,MDA,Other fossil,0
2009,MDA,Other fossil,0
2010,MDA,Other fossil,0
2011,MDA,Other fossil,0
2012,MDA,Other fossil,0
2013,MDA,Other fossil,0
2014,MDA,Other fossil,0
2015,MDA,Other fossil,0
2016,MDA,Other fossil,0
2017,MDA,Other fossil,0
2018,MDA,Other fossil,0
2019,MDA,Other fossil,0
2020,MDA,Other fossil,0
2021,MDA,Other fossil,0
2022,MDA,Other fossil,0
2023,MDA,Other fossil,0
2024,MDA,Other fossil,0
2025,MDA,Other fossil,0
2001,MNG,Other fossil,0
2002,MNG,Other fossil,0
2003,MNG,Other fossil,0
2004,MNG,Other fossil,0
2005,MNG,Other fossil,0
2006,MNG,Other fossil,0
2007,MNG,Other fossil,0
2008,MNG,Other fossil,0
2009,MNG,Other fossil,0
2010,MNG,Other fossil,0
2011,MNG,Other fossil,0
2012,MNG,Other fossil,0
2013,MNG,Other fossil,0
2014,MNG,Other fossil,0
2015,MNG,Other fossil,0
2016,MNG,Other fossil,0
2017,MNG,Other fossil,0
2018,MNG,Other fossil,0
2019,MNG,Other fossil,0
2020,MNG,Other fossil,0
2021,MNG,Other fossil,0
2022,MNG,Other fossil,0
2023,MNG,Other fossil,0
2024,MNG,Other fossil,0
2025,MNG,Other fossil,0
2006,MNE,Other fossil,0
2007,MNE,Other fossil,0
2008,MNE,Other fossil,0
2009,MNE,Other fossil,0
2010,MNE,Other fossil,0
2011,MNE,Other fossil,0
2012,MNE,Other fossil,0
2013,MNE,Other fossil,0
2014,MNE,Other fossil,0
2015,MNE,Other fossil,0
2016,MNE,Other fossil,0
2017,MNE,Other fossil,0
2018,MNE,Other fossil,0
2019,MNE,Other fossil,0
2020,MNE,Other fossil,0
2021,MNE,Other fossil,0
2022,MNE,Other fossil,0
2023,MNE,Other fossil,0
2024,MNE,Other fossil,0
2025,MNE,Other fossil,0
2001,MSR,Other fossil,0
2002,MSR,Other fossil,0
2003,MSR,Other fossil,0
2004,MSR,Other fossil,0
2005,MSR,Other fossil,0
2006,MSR,Other fossil,0
2007,MSR,Other fossil,0
2008,MSR,Other fossil,0
2009,MSR,Other fossil,0
2010,MSR,Other fossil,0
2011,MSR,Other fossil,0
2012,MSR,Other fossil,0
2013,MSR,Other fossil,0
2014,MSR,Other fossil,0
2015,MSR,Other fossil,0
2016,MSR,Other fossil,0
2017,MSR,Other fossil,0
2018,MSR,Other fossil,0
2019,MSR,Other fossil,0
2020,MSR,Other fossil,0
2021,MSR,Other fossil,0
2022,MSR,Other fossil,0
2023,MSR,Other fossil,0
2024,MSR,Other fossil,0
2001,MAR,Other fossil,0
2002,MAR,Other fossil,0
2003,MAR,Other fossil,0
2004,MAR,Other fossil,0
2005,MAR,Other fossil,0
2006,MAR,Other fossil,0
2007,MAR,Other fossil,0
2008,MAR,Other fossil,0
2009,MAR,Other fossil,0
2010,MAR,Other fossil,0
2011,MAR,Other fossil,0
2012,MAR,Other fossil,0
2013,MAR,Other fossil,0
2014,MAR,Other fossil,0
2015,MAR,Other fossil,0
2016,MAR,Other fossil,0
2017,MAR,Other fossil,0
2018,MAR,Other fossil,0
2019,MAR,Other fossil,0
2020,MAR,Other fossil,0
2021,MAR,Other fossil,0
2022,MAR,Other fossil,0
2023,MAR,Other fossil,0
2024,MAR,Other fossil,0
2025,MAR,Other fossil,0
2001,MOZ,Other fossil,0
2002,MOZ,Other fossil,0
2003,MOZ,Other fossil,0
2004,MOZ,Other fossil,0
2005,MOZ,Other fossil,0
2006,MOZ,Other fossil,0
2007,MOZ,Other fossil,0
2008,MOZ,Other fossil,0
2009,MOZ,Other fossil,0
2010,MOZ,Other fossil,0
2011,MOZ,Other fossil,0
2012,MOZ,Other fossil,0
2013,MOZ,Other fossil,0
2014,MOZ,Other fossil,0
2015,MOZ,Other fossil,0
2016,MOZ,Other fossil,0
2017,MOZ,Other fossil,0
2018,MOZ,Other fossil,0
2019,MOZ,Other fossil,0
2020,MOZ,Other fossil,0
2021,MOZ,Other fossil,0
2022,MOZ,Other fossil,0
2023,MOZ,Other fossil,0
2024,MOZ,Other fossil,0
2001,MMR,Other fossil,0
2002,MMR,Other fossil,0
2003,MMR,Other fossil,0
2004,MMR,Other fossil,0
2005,MMR,Other fossil,0
2006,MMR,Other fossil,0
2007,MMR,Other fossil,0
2008,MMR,Other fossil,0
2009,MMR,Other fossil,0
2010,MMR,Other fossil,0
2011,MMR,Other fossil,0
2012,MMR,Other fossil,0
2013,MMR,Other fossil,0
2014,MMR,Other fossil,0
2015,MMR,Other fossil,0
2016,MMR,Other fossil,0
2017,MMR,Other fossil,0
2018,MMR,Other fossil,0
2019,MMR,Other fossil,0
2020,MMR,Other fossil,0
2021,MMR,Other fossil,0
2022,MMR,Other fossil,0
2023,MMR,Other fossil,0
2024,MMR,Other fossil,0
2001,NAM,Other fossil,0
2002,NAM,Other fossil,0
2003,NAM,Other fossil,0
2004,NAM,Other fossil,0
2005,NAM,Other fossil,0
2006,NAM,Other fossil,0
2007,NAM,Other fossil,0
2008,NAM,Other fossil,0
2009,NAM,Other fossil,0
2010,NAM,Other fossil,0
2011,NAM,Other fossil,0
2012,NAM,Other fossil,0
2013,NAM,Other fossil,0
2014,NAM,Other fossil,0
2015,NAM,Other fossil,0
2016,NAM,Other fossil,0
2017,NAM,Other fossil,0
2018,NAM,Other fossil,0
2019,NAM,Other fossil,0
2020,NAM,Other fossil,0
2021,NAM,Other fossil,0
2022,NAM,Other fossil,0
2023,NAM,Other fossil,0
2024,NAM,Other fossil,0
2001,NRU,Other fossil,0
2002,NRU,Other fossil,0
2003,NRU,Other fossil,0
2004,NRU,Other fossil,0
2005,NRU,Other fossil,0
2006,NRU,Other fossil,0
2007,NRU,Other fossil,0
2008,NRU,Other fossil,0
2009,NRU,Other fossil,0
2010,NRU,Other fossil,0
2011,NRU,Other fossil,0
2012,NRU,Other fossil,0
2013,NRU,Other fossil,0
2014,NRU,Other fossil,0
2015,NRU,Other fossil,0
2016,NRU,Other fossil,0
2017,NRU,Other fossil,0
2018,NRU,Other fossil,0
2019,NRU,Other fossil,0
2020,NRU,Other fossil,0
2021,NRU,Other fossil,0
2022,NRU,Other fossil,0
2023,NRU,Other fossil,0
2024,NRU,Other fossil,0
2001,NPL,Other fossil,0
2002,NPL,Other fossil,0
2003,NPL,Other fossil,0
2004,NPL,Other fossil,0
2005,NPL,Other fossil,0
2006,NPL,Other fossil,0
2007,NPL,Other fossil,0
2008,NPL,Other fossil,0
2009,NPL,Other fossil,0
2010,NPL,Other fossil,0
2011,NPL,Other fossil,0
2012,NPL,Other fossil,0
2013,NPL,Other fossil,0
2014,NPL,Other fossil,0
2015,NPL,Other fossil,0
2016,NPL,Other fossil,0
2017,NPL,Other fossil,0
2018,NPL,Other fossil,0
2019,NPL,Other fossil,0
2020,NPL,Other fossil,0
2021,NPL,Other fossil,0
2022,NPL,Other fossil,0
2023,NPL,Other fossil,0
2024,NPL,Other fossil,0
1991,NLD,Other fossil,0
1992,NLD,Other fossil,0
1993,NLD,Other fossil,0
1994,NLD,Other fossil,0
1995,NLD,Other fossil,0
1996,NLD,Other fossil,0
1997,NLD,Other fossil,0
1998,NLD,Other fossil,0
1999,NLD,Other fossil,0
2000,NLD,Other fossil,1
2001,NLD,Other fossil,0
2002,NLD,Other fossil,0
2003,NLD,Other fossil,0
2004,NLD,Other fossil,0
2005,NLD,Other fossil,0
2006,NLD,Other fossil,0
2007,NLD,Other fossil,0
2008,NLD,Other fossil,0
2009,NLD,Other fossil,0
2010,NLD,Other fossil,0
2011,NLD,Other fossil,0
2012,NLD,Other fossil,0
2013,NLD,Other fossil,0
2014,NLD,Other fossil,0
2015,NLD,Other fossil,0
2016,NLD,Other fossil,0
2017,NLD,Other fossil,0
2018,NLD,Other fossil,0
2019,NLD,Other fossil,0
2020,NLD,Other fossil,0
2021,NLD,Other fossil,0
2022,NLD,Other fossil,0
2023,NLD,Other fossil,0
2024,NLD,Other fossil,0
2025,NLD,Other fossil,0
2001,NCL,Other fossil,0
2002,NCL,Other fossil,0
2003,NCL,Other fossil,0
2004,NCL,Other fossil,0
2005,NCL,Other fossil,0
2006,NCL,Other fossil,0
2007,NCL,Other fossil,0
2008,NCL,Other fossil,0
2009,NCL,Other fossil,0
2010,NCL,Other fossil,0
2011,NCL,Other fossil,0
2012,NCL,Other fossil,0
2013,NCL,Other fossil,0
2014,NCL,Other fossil,0
2015,NCL,Other fossil,0
2016,NCL,Other fossil,0
2017,NCL,Other fossil,0
2018,NCL,Other fossil,0
2019,NCL,Other fossil,0
2020,NCL,Other fossil,0
2021,NCL,Other fossil,0
2022,NCL,Other fossil,0
2023,NCL,Other fossil,0
2024,NCL,Other fossil,0
2001,NZL,Other fossil,0
2002,NZL,Other fossil,0
2003,NZL,Other fossil,0
2004,NZL,Other fossil,0
2005,NZL,Other fossil,0
2006,NZL,Other fossil,0
2007,NZL,Other fossil,0
2008,NZL,Other fossil,0
2009,NZL,Other fossil,0
2010,NZL,Other fossil,0
2011,NZL,Other fossil,0
2012,NZL,Other fossil,0
2013,NZL,Other fossil,0
2014,NZL,Other fossil,0
2015,NZL,Other fossil,0
2016,NZL,Other fossil,0
2017,NZL,Other fossil,0
2018,NZL,Other fossil,0
2019,NZL,Other fossil,0
2020,NZL,Other fossil,0
2021,NZL,Other fossil,0
2022,NZL,Other fossil,0
2023,NZL,Other fossil,0
2024,NZL,Other fossil,0
2025,NZL,Other fossil,0
2001,NIC,Other fossil,0
2002,NIC,Other fossil,0
2003,NIC,Other fossil,0
2004,NIC,Other fossil,0
2005,NIC,Other fossil,0
2006,NIC,Other fossil,0
2007,NIC,Other fossil,0
2008,NIC,Other fossil,0
2009,NIC,Other fossil,0
2010,NIC,Other fossil,0
2011,NIC,Other fossil,0
2012,NIC,Other fossil,0
2013,NIC,Other fossil,0
2014,NIC,Other fossil,0
2015,NIC,Other fossil,0
2016,NIC,Other fossil,0
2017,NIC,Other fossil,0
2018,NIC,Other fossil,0
2019,NIC,Other fossil,0
2020,NIC,Other fossil,0
2021,NIC,Other fossil,0
2022,NIC,Other fossil,0
2023,NIC,Other fossil,0
2024,NIC,Other fossil,0
2001,NER,Other fossil,0
2002,NER,Other fossil,0
2003,NER,Other fossil,0
2004,NER,Other fossil,0
2005,NER,Other fossil,0
2006,NER,Other fossil,0
2007,NER,Other fossil,0
2008,NER,Other fossil,0
2009,NER,Other fossil,0
2010,NER,Other fossil,0
2011,NER,Other fossil,0
2012,NER,Other fossil,0
2013,NER,Other fossil,0
2014,NER,Other fossil,0
2015,NER,Other fossil,0
2016,NER,Other fossil,0
2017,NER,Other fossil,0
2018,NER,Other fossil,0
2019,NER,Other fossil,0
2020,NER,Other fossil,0
2021,NER,Other fossil,0
2022,NER,Other fossil,0
2023,NER,Other fossil,0
2024,NER,Other fossil,0
2001,NGA,Other fossil,0
2002,NGA,Other fossil,0
2003,NGA,Other fossil,0
2004,NGA,Other fossil,0
2005,NGA,Other fossil,0
2006,NGA,Other fossil,0
2007,NGA,Other fossil,0
2008,NGA,Other fossil,0
2009,NGA,Other fossil,0
2010,NGA,Other fossil,0
2011,NGA,Other fossil,0
2012,NGA,Other fossil,0
2013,NGA,Other fossil,0
2014,NGA,Other fossil,0
2015,NGA,Other fossil,0
2016,NGA,Other fossil,0
2017,NGA,Other fossil,0
2018,NGA,Other fossil,0
2019,NGA,Other fossil,0
2020,NGA,Other fossil,0
2021,NGA,Other fossil,0
2022,NGA,Other fossil,0
2023,NGA,Other fossil,0
2024,NGA,Other fossil,0
2025,NGA,Other fossil,0
2001,PRK,Other fossil,0
2002,PRK,Other fossil,0
2003,PRK,Other fossil,0
2004,PRK,Other fossil,0
2005,PRK,Other fossil,0
2006,PRK,Other fossil,0
2007,PRK,Other fossil,0
2008,PRK,Other fossil,0
2009,PRK,Other fossil,0
2010,PRK,Other fossil,0
2011,PRK,Other fossil,0
2012,PRK,Other fossil,0
2013,PRK,Other fossil,0
2014,PRK,Other fossil,0
2015,PRK,Other fossil,0
2016,PRK,Other fossil,0
2017,PRK,Other fossil,0
2018,PRK,Other fossil,0
2019,PRK,Other fossil,0
2020,PRK,Other fossil,0
2021,PRK,Other fossil,0
2022,PRK,Other fossil,0
2023,PRK,Other fossil,0
2024,PRK,Other fossil,0
1991,MKD,Other fossil,0
1992,MKD,Other fossil,0
1993,MKD,Other fossil,0
1994,MKD,Other fossil,0
1995,MKD,Other fossil,0
1996,MKD,Other fossil,0
1997,MKD,Other fossil,0
1998,MKD,Other fossil,0
1999,MKD,Other fossil,0
2000,MKD,Other fossil,0
2001,MKD,Other fossil,0
2002,MKD,Other fossil,0
2003,MKD,Other fossil,0
2004,MKD,Other fossil,0
2005,MKD,Other fossil,0
2006,MKD,Other fossil,0
2007,MKD,Other fossil,0
2008,MKD,Other fossil,0
2009,MKD,Other fossil,0
2010,MKD,Other fossil,0
2011,MKD,Other fossil,0
2012,MKD,Other fossil,0
2013,MKD,Other fossil,0
2014,MKD,Other fossil,0
2015,MKD,Other fossil,0
2016,MKD,Other fossil,0
2017,MKD,Other fossil,0
2018,MKD,Other fossil,0
2019,MKD,Other fossil,0
2020,MKD,Other fossil,0
2021,MKD,Other fossil,0
2022,MKD,Other fossil,0
2023,MKD,Other fossil,0
2024,MKD,Other fossil,0
2025,MKD,Other fossil,0
1991,NOR,Other fossil,0
1992,NOR,Other fossil,0
1993,NOR,Other fossil,0
1994,NOR,Other fossil,0
1995,NOR,Other fossil,0
1996,NOR,Other fossil,0
1997,NOR,Other fossil,0
1998,NOR,Other fossil,0
1999,NOR,Other fossil,0
2000,NOR,Other fossil,0
2001,NOR,Other fossil,0
2002,NOR,Other fossil,0
2003,NOR,Other fossil,0
2004,NOR,Other fossil,0
2005,NOR,Other fossil,0
2006,NOR,Other fossil,0
2007,NOR,Other fossil,0
2008,NOR,Other fossil,0
2009,NOR,Other fossil,0
2010,NOR,Other fossil,0
2011,NOR,Other fossil,0
2012,NOR,Other fossil,0
2013,NOR,Other fossil,0
2014,NOR,Other fossil,0
2015,NOR,Other fossil,0
2016,NOR,Other fossil,0
2017,NOR,Other fossil,0
2018,NOR,Other fossil,0
2019,NOR,Other fossil,0
2020,NOR,Other fossil,0
2021,NOR,Other fossil,0
2022,NOR,Other fossil,0
2023,NOR,Other fossil,0
2024,NOR,Other fossil,0
2025,NOR,Other fossil,0
2001,OMN,Other fossil,0
2002,OMN,Other fossil,0
2003,OMN,Other fossil,0
2004,OMN,Other fossil,0
2005,OMN,Other fossil,0
2006,OMN,Other fossil,0
2007,OMN,Other fossil,0
2008,OMN,Other fossil,0
2009,OMN,Other fossil,0
2010,OMN,Other fossil,0
2011,OMN,Other fossil,0
2012,OMN,Other fossil,0
2013,OMN,Other fossil,0
2014,OMN,Other fossil,0
2015,OMN,Other fossil,0
2016,OMN,Other fossil,0
2017,OMN,Other fossil,0
2018,OMN,Other fossil,0
2019,OMN,Other fossil,0
2020,OMN,Other fossil,0
2021,OMN,Other fossil,0
2022,OMN,Other fossil,0
2023,OMN,Other fossil,0
2024,OMN,Other fossil,0
2025,OMN,Other fossil,0
2001,PAK,Other fossil,0
2002,PAK,Other fossil,0
2003,PAK,Other fossil,0
2004,PAK,Other fossil,0
2005,PAK,Other fossil,0
2006,PAK,Other fossil,0
2007,PAK,Other fossil,0
2008,PAK,Other fossil,0
2009,PAK,Other fossil,0
2010,PAK,Other fossil,0
2011,PAK,Other fossil,0
2012,PAK,Other fossil,0
2013,PAK,Other fossil,0
2014,PAK,Other fossil,0
2015,PAK,Other fossil,0
2016,PAK,Other fossil,0
2017,PAK,Other fossil,0
2018,PAK,Other fossil,0
2019,PAK,Other fossil,0
2020,PAK,Other fossil,0
2021,PAK,Other fossil,0
2022,PAK,Other fossil,0
2023,PAK,Other fossil,0
2024,PAK,Other fossil,0
2025,PAK,Other fossil,0
2001,PSE,Other fossil,0
2002,PSE,Other fossil,0
2003,PSE,Other fossil,0
2004,PSE,Other fossil,0
2005,PSE,Other fossil,0
2006,PSE,Other fossil,0
2007,PSE,Other fossil,0
2008,PSE,Other fossil,0
2009,PSE,Other fossil,0
2010,PSE,Other fossil,0
2011,PSE,Other fossil,0
2012,PSE,Other fossil,0
2013,PSE,Other fossil,0
2014,PSE,Other fossil,0
2015,PSE,Other fossil,0
2016,PSE,Other fossil,0
2017,PSE,Other fossil,0
2018,PSE,Other fossil,0
2019,PSE,Other fossil,0
2020,PSE,Other fossil,0
2021,PSE,Other fossil,0
2022,PSE,Other fossil,0
2023,PSE,Other fossil,0
2024,PSE,Other fossil,0
2001,PAN,Other fossil,0
2002,PAN,Other fossil,0
2003,PAN,Other fossil,0
2004,PAN,Other fossil,0
2005,PAN,Other fossil,0
2006,PAN,Other fossil,0
2007,PAN,Other fossil,0
2008,PAN,Other fossil,0
2009,PAN,Other fossil,0
2010,PAN,Other fossil,0
2011,PAN,Other fossil,0
2012,PAN,Other fossil,0
2013,PAN,Other fossil,0
2014,PAN,Other fossil,0
2015,PAN,Other fossil,0
2016,PAN,Other fossil,0
2017,PAN,Other fossil,0
2018,PAN,Other fossil,0
2019,PAN,Other fossil,0
2020,PAN,Other fossil,0
2021,PAN,Other fossil,0
2022,PAN,Other fossil,0
2023,PAN,Other fossil,0
2024,PAN,Other fossil,0
2001,PNG,Other fossil,0
2002,PNG,Other fossil,0
2003,PNG,Other fossil,0
2004,PNG,Other fossil,0
2005,PNG,Other fossil,0
2006,PNG,Other fossil,0
2007,PNG,Other fossil,0
2008,PNG,Other fossil,0
2009,PNG,Other fossil,0
2010,PNG,Other fossil,0
2011,PNG,Other fossil,0
2012,PNG,Other fossil,0
2013,PNG,Other fossil,0
2014,PNG,Other fossil,0
2015,PNG,Other fossil,0
2016,PNG,Other fossil,0
2017,PNG,Other fossil,0
2018,PNG,Other fossil,0
2019,PNG,Other fossil,0
2020,PNG,Other fossil,0
2021,PNG,Other fossil,0
2022,PNG,Other fossil,0
2023,PNG,Other fossil,0
2024,PNG,Other fossil,0
2001,PRY,Other fossil,0
2002,PRY,Other fossil,0
2003,PRY,Other fossil,0
2004,PRY,Other fossil,0
2005,PRY,Other fossil,0
2006,PRY,Other fossil,0
2007,PRY,Other fossil,0
2008,PRY,Other fossil,0
2009,PRY,Other fossil,0
2010,PRY,Other fossil,0
2011,PRY,Other fossil,0
2012,PRY,Other fossil,0
2013,PRY,Other fossil,0
2014,PRY,Other fossil,0
2015,PRY,Other fossil,0
2016,PRY,Other fossil,0
2017,PRY,Other fossil,0
2018,PRY,Other fossil,0
2019,PRY,Other fossil,0
2020,PRY,Other fossil,0
2021,PRY,Other fossil,0
2022,PRY,Other fossil,0
2023,PRY,Other fossil,0
2024,PRY,Other fossil,0
2025,PRY,Other fossil,0
2001,PER,Other fossil,0
2002,PER,Other fossil,0
2003,PER,Other fossil,0
2004,PER,Other fossil,0
2005,PER,Other fossil,0
2006,PER,Other fossil,0
2007,PER,Other fossil,0
2008,PER,Other fossil,0
2009,PER,Other fossil,0
2010,PER,Other fossil,-1
2011,PER,Other fossil,0
2012,PER,Other fossil,0
2013,PER,Other fossil,1
2014,PER,Other fossil,0
2015,PER,Other fossil,0
2016,PER,Other fossil,0
2017,PER,Other fossil,-1
2018,PER,Other fossil,0
2019,PER,Other fossil,0
2020,PER,Other fossil,1
2021,PER,Other fossil,0
2022,PER,Other fossil,0
2023,PER,Other fossil,1
2024,PER,Other fossil,0
2025,PER,Other fossil,0
1991,POL,Other fossil,0
1992,POL,Other fossil,0
1993,POL,Other fossil,0
1994,POL,Other fossil,0
1995,POL,Other fossil,0
1996,POL,Other fossil,0
1997,POL,Other fossil,0
1998,POL,Other fossil,0
1999,POL,Other fossil,0
2000,POL,Other fossil,0
2001,POL,Other fossil,0
2002,POL,Other fossil,0
2003,POL,Other fossil,0
2004,POL,Other fossil,0
2005,POL,Other fossil,0
2006,POL,Other fossil,0
2007,POL,Other fossil,0
2008,POL,Other fossil,0
2009,POL,Other fossil,0
2010,POL,Other fossil,0
2011,POL,Other fossil,0
2012,POL,Other fossil,0
2013,POL,Other fossil,0
2014,POL,Other fossil,0
2015,POL,Other fossil,0
2016,POL,Other fossil,0
2017,POL,Other fossil,0
2018,POL,Other fossil,0
2019,POL,Other fossil,0
2020,POL,Other fossil,0
2021,POL,Other fossil,0
2022,POL,Other fossil,0
2023,POL,Other fossil,0
2024,POL,Other fossil,0
2025,POL,Other fossil,0
1991,PRT,Other fossil,0
1992,PRT,Other fossil,0
1993,PRT,Other fossil,0
1994,PRT,Other fossil,0
1995,PRT,Other fossil,0
1996,PRT,Other fossil,0
1997,PRT,Other fossil,0
1998,PRT,Other fossil,0
1999,PRT,Other fossil,0
2000,PRT,Other fossil,0
2001,PRT,Other fossil,0
2002,PRT,Other fossil,0
2003,PRT,Other fossil,0
2004,PRT,Other fossil,0
2005,PRT,Other fossil,0
2006,PRT,Other fossil,0
2007,PRT,Other fossil,0
2008,PRT,Other fossil,0
2009,PRT,Other fossil,0
2010,PRT,Other fossil,0
2011,PRT,Other fossil,0
2012,PRT,Other fossil,0
2013,PRT,Other fossil,0
2014,PRT,Other fossil,0
2015,PRT,Other fossil,0
2016,PRT,Other fossil,0
2017,PRT,Other fossil,0
2018,PRT,Other fossil,0
2019,PRT,Other fossil,0
2020,PRT,Other fossil,0
2021,PRT,Other fossil,0
2022,PRT,Other fossil,0
2023,PRT,Other fossil,0
2024,PRT,Other fossil,0
2025,PRT,Other fossil,0
2001,PRI,Other fossil,0
2002,PRI,Other fossil,0
2003,PRI,Other fossil,0
2004,PRI,Other fossil,0
2005,PRI,Other fossil,0
2006,PRI,Other fossil,0
2007,PRI,Other fossil,0
2008,PRI,Other fossil,0
2009,PRI,Other fossil,0
2010,PRI,Other fossil,0
2011,PRI,Other fossil,0
2012,PRI,Other fossil,0
2013,PRI,Other fossil,0
2014,PRI,Other fossil,0
2015,PRI,Other fossil,0
2016,PRI,Other fossil,0
2017,PRI,Other fossil,0
2018,PRI,Other fossil,0
2019,PRI,Other fossil,0
2020,PRI,Other fossil,0
2021,PRI,Other fossil,0
2022,PRI,Other fossil,0
2023,PRI,Other fossil,0
2024,PRI,Other fossil,0
2025,PRI,Other fossil,0
2001,QAT,Other fossil,0
2002,QAT,Other fossil,0
2003,QAT,Other fossil,0
2004,QAT,Other fossil,0
2005,QAT,Other fossil,0
2006,QAT,Other fossil,0
2007,QAT,Other fossil,0
2008,QAT,Other fossil,0
2009,QAT,Other fossil,0
2010,QAT,Other fossil,0
2011,QAT,Other fossil,0
2012,QAT,Other fossil,0
2013,QAT,Other fossil,0
2014,QAT,Other fossil,0
2015,QAT,Other fossil,0
2016,QAT,Other fossil,0
2017,QAT,Other fossil,0
2018,QAT,Other fossil,0
2019,QAT,Other fossil,0
2020,QAT,Other fossil,0
2021,QAT,Other fossil,0
2022,QAT,Other fossil,0
2023,QAT,Other fossil,0
2024,QAT,Other fossil,0
2025,QAT,Other fossil,0
2001,REU,Other fossil,0
2002,REU,Other fossil,0
2003,REU,Other fossil,0
2004,REU,Other fossil,0
2005,REU,Other fossil,0
2006,REU,Other fossil,0
2007,REU,Other fossil,0
2008,REU,Other fossil,0
2009,REU,Other fossil,0
2010,REU,Other fossil,0
2011,REU,Other fossil,0
2012,REU,Other fossil,0
2013,REU,Other fossil,0
2014,REU,Other fossil,0
2015,REU,Other fossil,0
2016,REU,Other fossil,0
2017,REU,Other fossil,0
2018,REU,Other fossil,0
2019,REU,Other fossil,0
2020,REU,Other fossil,0
2021,REU,Other fossil,0
2022,REU,Other fossil,0
2023,REU,Other fossil,0
1991,ROU,Other fossil,0
1992,ROU,Other fossil,0
1993,ROU,Other fossil,0
1994,ROU,Other fossil,0
1995,ROU,Other fossil,0
1996,ROU,Other fossil,0
1997,ROU,Other fossil,0
1998,ROU,Other fossil,0
1999,ROU,Other fossil,0
2000,ROU,Other fossil,1
2001,ROU,Other fossil,0
2002,ROU,Other fossil,0
2003,ROU,Other fossil,0
2004,ROU,Other fossil,0
2005,ROU,Other fossil,0
2006,ROU,Other fossil,0
2007,ROU,Other fossil,0
2008,ROU,Other fossil,0
2009,ROU,Other fossil,0
2010,ROU,Other fossil,0
2011,ROU,Other fossil,0
2012,ROU,Other fossil,0
2013,ROU,Other fossil,0
2014,ROU,Other fossil,0
2015,ROU,Other fossil,0
2016,ROU,Other fossil,0
2017,ROU,Other fossil,0
2018,ROU,Other fossil,0
2019,ROU,Other fossil,0
2020,ROU,Other fossil,0
2021,ROU,Other fossil,0
2022,ROU,Other fossil,0
2023,ROU,Other fossil,0
2024,ROU,Other fossil,0
2025,ROU,Other fossil,0
1986,RUS,Other fossil,0
1987,RUS,Other fossil,0
1988,RUS,Other fossil,0
1989,RUS,Other fossil,0
1990,RUS,Other fossil,0
1991,RUS,Other fossil,0
1992,RUS,Other fossil,0
1993,RUS,Other fossil,0
1994,RUS,Other fossil,0
1995,RUS,Other fossil,0
1996,RUS,Other fossil,0
1997,RUS,Other fossil,0
1998,RUS,Other fossil,0
1999,RUS,Other fossil,0
2000,RUS,Other fossil,1
2001,RUS,Other fossil,0
2002,RUS,Other fossil,0
2003,RUS,Other fossil,0
2004,RUS,Other fossil,0
2005,RUS,Other fossil,0
2006,RUS,Other fossil,0
2007,RUS,Other fossil,0
2008,RUS,Other fossil,0
2009,RUS,Other fossil,0
2010,RUS,Other fossil,0
2011,RUS,Other fossil,0
2012,RUS,Other fossil,0
2013,RUS,Other fossil,0
2014,RUS,Other fossil,0
2015,RUS,Other fossil,0
2016,RUS,Other fossil,0
2017,RUS,Other fossil,0
2018,RUS,Other fossil,0
2019,RUS,Other fossil,0
2020,RUS,Other fossil,0
2021,RUS,Other fossil,0
2022,RUS,Other fossil,0
2023,RUS,Other fossil,0
2024,RUS,Other fossil,0
2025,RUS,Other fossil,0
2001,RWA,Other fossil,0
2002,RWA,Other fossil,0
2003,RWA,Other fossil,0
2004,RWA,Other fossil,0
2005,RWA,Other fossil,0
2006,RWA,Other fossil,0
2007,RWA,Other fossil,0
2008,RWA,Other fossil,0
2009,RWA,Other fossil,0
2010,RWA,Other fossil,0
2011,RWA,Other fossil,0
2012,RWA,Other fossil,0
2013,RWA,Other fossil,0
2014,RWA,Other fossil,0
2015,RWA,Other fossil,0
2016,RWA,Other fossil,0
2017,RWA,Other fossil,0
2018,RWA,Other fossil,0
2019,RWA,Other fossil,0
2020,RWA,Other fossil,0
2021,RWA,Other fossil,0
2022,RWA,Other fossil,0
2023,RWA,Other fossil,0
2024,RWA,Other fossil,0
2001,KNA,Other fossil,0
2002,KNA,Other fossil,0
2003,KNA,Other fossil,0
2004,KNA,Other fossil,0
2005,KNA,Other fossil,0
2006,KNA,Other fossil,0
2007,KNA,Other fossil,0
2008,KNA,Other fossil,0
2009,KNA,Other fossil,0
2010,KNA,Other fossil,0
2011,KNA,Other fossil,0
2012,KNA,Other fossil,0
2013,KNA,Other fossil,0
2014,KNA,Other fossil,0
2015,KNA,Other fossil,0
2016,KNA,Other fossil,0
2017,KNA,Other fossil,0
2018,KNA,Other fossil,0
2019,KNA,Other fossil,0
2020,KNA,Other fossil,0
2021,KNA,Other fossil,0
2022,KNA,Other fossil,0
2023,KNA,Other fossil,0
2024,KNA,Other fossil,0
2001,LCA,Other fossil,0
2002,LCA,Other fossil,0
2003,LCA,Other fossil,0
2004,LCA,Other fossil,0
2005,LCA,Other fossil,0
2006,LCA,Other fossil,0
2007,LCA,Other fossil,0
2008,LCA,Other fossil,0
2009,LCA,Other fossil,0
2010,LCA,Other fossil,0
2011,LCA,Other fossil,0
2012,LCA,Other fossil,0
2013,LCA,Other fossil,0
2014,LCA,Other fossil,0
2015,LCA,Other fossil,0
2016,LCA,Other fossil,0
2017,LCA,Other fossil,0
2018,LCA,Other fossil,0
2019,LCA,Other fossil,0
2020,LCA,Other fossil,0
2021,LCA,Other fossil,0
2022,LCA,Other fossil,0
2023,LCA,Other fossil,0
2024,LCA,Other fossil,0
2001,SPM,Other fossil,0
2002,SPM,Other fossil,0
2003,SPM,Other fossil,0
2004,SPM,Other fossil,0
2005,SPM,Other fossil,0
2006,SPM,Other fossil,0
2007,SPM,Other fossil,0
2008,SPM,Other fossil,0
2009,SPM,Other fossil,0
2010,SPM,Other fossil,0
2011,SPM,Other fossil,0
2012,SPM,Other fossil,0
2013,SPM,Other fossil,0
2014,SPM,Other fossil,0
2015,SPM,Other fossil,0
2016,SPM,Other fossil,0
2017,SPM,Other fossil,0
2018,SPM,Other fossil,0
2019,SPM,Other fossil,0
2020,SPM,Other fossil,0
2021,SPM,Other fossil,0
2022,SPM,Other fossil,0
2023,SPM,Other fossil,0
2001,VCT,Other fossil,0
2002,VCT,Other fossil,0
2003,VCT,Other fossil,0
2004,VCT,Other fossil,0
2005,VCT,Other fossil,0
2006,VCT,Other fossil,0
2007,VCT,Other fossil,0
2008,VCT,Other fossil,0
2009,VCT,Other fossil,0
2010,VCT,Other fossil,0
2011,VCT,Other fossil,0
2012,VCT,Other fossil,0
2013,VCT,Other fossil,0
2014,VCT,Other fossil,0
2015,VCT,Other fossil,0
2016,VCT,Other fossil,0
2017,VCT,Other fossil,0
2018,VCT,Other fossil,0
2019,VCT,Other fossil,0
2020,VCT,Other fossil,0
2021,VCT,Other fossil,0
2022,VCT,Other fossil,0
2023,VCT,Other fossil,0
2024,VCT,Other fossil,0
2001,WSM,Other fossil,0
2002,WSM,Other fossil,0
2003,WSM,Other fossil,0
2004,WSM,Other fossil,0
2005,WSM,Other fossil,0
2006,WSM,Other fossil,0
2007,WSM,Other fossil,0
2008,WSM,Other fossil,0
2009,WSM,Other fossil,0
2010,WSM,Other fossil,0
2011,WSM,Other fossil,0
2012,WSM,Other fossil,0
2013,WSM,Other fossil,0
2014,WSM,Other fossil,0
2015,WSM,Other fossil,0
2016,WSM,Other fossil,0
2017,WSM,Other fossil,0
2018,WSM,Other fossil,0
2019,WSM,Other fossil,0
2020,WSM,Other fossil,0
2021,WSM,Other fossil,0
2022,WSM,Other fossil,0
2023,WSM,Other fossil,0
2024,WSM,Other fossil,0
2001,STP,Other fossil,0
2002,STP,Other fossil,0
2003,STP,Other fossil,0
2004,STP,Other fossil,0
2005,STP,Other fossil,0
2006,STP,Other fossil,0
2007,STP,Other fossil,0
2008,STP,Other fossil,0
2009,STP,Other fossil,0
2010,STP,Other fossil,0
2011,STP,Other fossil,0
2012,STP,Other fossil,0
2013,STP,Other fossil,0
2014,STP,Other fossil,0
2015,STP,Other fossil,0
2016,STP,Other fossil,0
2017,STP,Other fossil,0
2018,STP,Other fossil,0
2019,STP,Other fossil,0
2020,STP,Other fossil,0
2021,STP,Other fossil,0
2022,STP,Other fossil,0
2023,STP,Other fossil,0
1986,SAU,Other fossil,0
1987,SAU,Other fossil,0
1988,SAU,Other fossil,0
1989,SAU,Other fossil,0
1990,SAU,Other fossil,0
1991,SAU,Other fossil,0
1992,SAU,Other fossil,0
1993,SAU,Other fossil,0
1994,SAU,Other fossil,0
1995,SAU,Other fossil,0
1996,SAU,Other fossil,0
1997,SAU,Other fossil,0
1998,SAU,Other fossil,0
1999,SAU,Other fossil,0
2000,SAU,Other fossil,4
2001,SAU,Other fossil,0
2002,SAU,Other fossil,0
2003,SAU,Other fossil,2
2004,SAU,Other fossil,0
2005,SAU,Other fossil,1
2006,SAU,Other fossil,0
2007,SAU,Other fossil,1
2008,SAU,Other fossil,1
2009,SAU,Other fossil,0
2010,SAU,Other fossil,2
2011,SAU,Other fossil,0
2012,SAU,Other fossil,1
2013,SAU,Other fossil,1
2014,SAU,Other fossil,3
2015,SAU,Other fossil,1
2016,SAU,Other fossil,3
2017,SAU,Other fossil,1
2018,SAU,Other fossil,1
2019,SAU,Other fossil,5
2020,SAU,Other fossil,1
2021,SAU,Other fossil,0
2022,SAU,Other fossil,0
2023,SAU,Other fossil,0
2024,SAU,Other fossil,0
2001,SEN,Other fossil,0
2002,SEN,Other fossil,0
2003,SEN,Other fossil,0
2004,SEN,Other fossil,0
2005,SEN,Other fossil,0
2006,SEN,Other fossil,0
2007,SEN,Other fossil,0
2008,SEN,Other fossil,0
2009,SEN,Other fossil,0
2010,SEN,Other fossil,0
2011,SEN,Other fossil,0
2012,SEN,Other fossil,0
2013,SEN,Other fossil,0
2014,SEN,Other fossil,0
2015,SEN,Other fossil,0
2016,SEN,Other fossil,0
2017,SEN,Other fossil,0
2018,SEN,Other fossil,0
2019,SEN,Other fossil,0
2020,SEN,Other fossil,0
2021,SEN,Other fossil,0
2022,SEN,Other fossil,0
2023,SEN,Other fossil,0
2024,SEN,Other fossil,1
1991,SRB,Other fossil,0
1992,SRB,Other fossil,0
1993,SRB,Other fossil,0
1994,SRB,Other fossil,0
1995,SRB,Other fossil,0
1996,SRB,Other fossil,0
1997,SRB,Other fossil,0
1998,SRB,Other fossil,0
1999,SRB,Other fossil,0
2000,SRB,Other fossil,0
2001,SRB,Other fossil,0
2002,SRB,Other fossil,0
2003,SRB,Other fossil,0
2004,SRB,Other fossil,0
2005,SRB,Other fossil,0
2006,SRB,Other fossil,0
2007,SRB,Other fossil,0
2008,SRB,Other fossil,0
2009,SRB,Other fossil,0
2010,SRB,Other fossil,0
2011,SRB,Other fossil,0
2012,SRB,Other fossil,0
2013,SRB,Other fossil,0
2014,SRB,Other fossil,0
2015,SRB,Other fossil,0
2016,SRB,Other fossil,0
2017,SRB,Other fossil,0
2018,SRB,Other fossil,0
2019,SRB,Other fossil,0
2020,SRB,Other fossil,0
2021,SRB,Other fossil,0
2022,SRB,Other fossil,0
2023,SRB,Other fossil,0
2024,SRB,Other fossil,0
2025,SRB,Other fossil,0
2001,SYC,Other fossil,0
2002,SYC,Other fossil,0
2003,SYC,Other fossil,0
2004,SYC,Other fossil,0
2005,SYC,Other fossil,0
2006,SYC,Other fossil,0
2007,SYC,Other fossil,0
2008,SYC,Other fossil,0
2009,SYC,Other fossil,0
2010,SYC,Other fossil,0
2011,SYC,Other fossil,0
2012,SYC,Other fossil,0
2013,SYC,Other fossil,0
2014,SYC,Other fossil,0
2015,SYC,Other fossil,0
2016,SYC,Other fossil,0
2017,SYC,Other fossil,0
2018,SYC,Other fossil,0
2019,SYC,Other fossil,0
2020,SYC,Other fossil,0
2021,SYC,Other fossil,0
2022,SYC,Other fossil,0
2023,SYC,Other fossil,0
2024,SYC,Other fossil,0
2001,SLE,Other fossil,0
2002,SLE,Other fossil,0
2003,SLE,Other fossil,0
2004,SLE,Other fossil,0
2005,SLE,Other fossil,0
2006,SLE,Other fossil,0
2007,SLE,Other fossil,0
2008,SLE,Other fossil,0
2009,SLE,Other fossil,0
2010,SLE,Other fossil,0
2011,SLE,Other fossil,0
2012,SLE,Other fossil,0
2013,SLE,Other fossil,0
2014,SLE,Other fossil,0
2015,SLE,Other fossil,0
2016,SLE,Other fossil,0
2017,SLE,Other fossil,0
2018,SLE,Other fossil,0
2019,SLE,Other fossil,0
2020,SLE,Other fossil,0
2021,SLE,Other fossil,0
2022,SLE,Other fossil,0
2023,SLE,Other fossil,0
2024,SLE,Other fossil,0
2001,SGP,Other fossil,0
2002,SGP,Other fossil,0
2003,SGP,Other fossil,0
2004,SGP,Other fossil,0
2005,SGP,Other fossil,0
2006,SGP,Other fossil,0
2007,SGP,Other fossil,0
2008,SGP,Other fossil,0
2009,SGP,Other fossil,0
2010,SGP,Other fossil,0
2011,SGP,Other fossil,0
2012,SGP,Other fossil,-1
2013,SGP,Other fossil,-1
2014,SGP,Other fossil,-1
2015,SGP,Other fossil,0
2016,SGP,Other fossil,0
2017,SGP,Other fossil,0
2018,SGP,Other fossil,0
2019,SGP,Other fossil,0
2020,SGP,Other fossil,0
2021,SGP,Other fossil,0
2022,SGP,Other fossil,0
2023,SGP,Other fossil,0
2024,SGP,Other fossil,0
2025,SGP,Other fossil,0
1991,SVK,Other fossil,0
1992,SVK,Other fossil,0
1993,SVK,Other fossil,0
1994,SVK,Other fossil,0
1995,SVK,Other fossil,0
1996,SVK,Other fossil,0
1997,SVK,Other fossil,0
1998,SVK,Other fossil,0
1999,SVK,Other fossil,0
2000,SVK,Other fossil,0
2001,SVK,Other fossil,0
2002,SVK,Other fossil,0
2003,SVK,Other fossil,0
2004,SVK,Other fossil,0
2005,SVK,Other fossil,0
2006,SVK,Other fossil,0
2007,SVK,Other fossil,0
2008,SVK,Other fossil,0
2009,SVK,Other fossil,0
2010,SVK,Other fossil,0
2011,SVK,Other fossil,0
2012,SVK,Other fossil,0
2013,SVK,Other fossil,0
2014,SVK,Other fossil,0
2015,SVK,Other fossil,0
2016,SVK,Other fossil,0
2017,SVK,Other fossil,0
2018,SVK,Other fossil,0
2019,SVK,Other fossil,0
2020,SVK,Other fossil,0
2021,SVK,Other fossil,0
2022,SVK,Other fossil,0
2023,SVK,Other fossil,0
2024,SVK,Other fossil,0
2025,SVK,Other fossil,0
1991,SVN,Other fossil,0
1992,SVN,Other fossil,0
1993,SVN,Other fossil,0
1994,SVN,Other fossil,0
1995,SVN,Other fossil,0
1996,SVN,Other fossil,0
1997,SVN,Other fossil,0
1998,SVN,Other fossil,0
1999,SVN,Other fossil,0
2000,SVN,Other fossil,0
2001,SVN,Other fossil,0
2002,SVN,Other fossil,0
2003,SVN,Other fossil,0
2004,SVN,Other fossil,0
2005,SVN,Other fossil,0
2006,SVN,Other fossil,0
2007,SVN,Other fossil,0
2008,SVN,Other fossil,0
2009,SVN,Other fossil,0
2010,SVN,Other fossil,0
2011,SVN,Other fossil,0
2012,SVN,Other fossil,0
2013,SVN,Other fossil,0
2014,SVN,Other fossil,0
2015,SVN,Other fossil,0
2016,SVN,Other fossil,0
2017,SVN,Other fossil,0
2018,SVN,Other fossil,0
2019,SVN,Other fossil,0
2020,SVN,Other fossil,0
2021,SVN,Other fossil,0
2022,SVN,Other fossil,0
2023,SVN,Other fossil,0
2024,SVN,Other fossil,0
2025,SVN,Other fossil,0
2001,SLB,Other fossil,0
2002,SLB,Other fossil,0
2003,SLB,Other fossil,0
2004,SLB,Other fossil,0
2005,SLB,Other fossil,0
2006,SLB,Other fossil,0
2007,SLB,Other fossil,0
2008,SLB,Other fossil,0
2009,SLB,Other fossil,0
2010,SLB,Other fossil,0
2011,SLB,Other fossil,0
2012,SLB,Other fossil,0
2013,SLB,Other fossil,0
2014,SLB,Other fossil,0
2015,SLB,Other fossil,0
2016,SLB,Other fossil,0
2017,SLB,Other fossil,0
2018,SLB,Other fossil,0
2019,SLB,Other fossil,0
2020,SLB,Other fossil,0
2021,SLB,Other fossil,0
2022,SLB,Other fossil,0
2023,SLB,Other fossil,0
2024,SLB,Other fossil,0
2001,SOM,Other fossil,0
2002,SOM,Other fossil,0
2003,SOM,Other fossil,0
2004,SOM,Other fossil,0
2005,SOM,Other fossil,0
2006,SOM,Other fossil,0
2007,SOM,Other fossil,0
2008,SOM,Other fossil,0
2009,SOM,Other fossil,0
2010,SOM,Other fossil,0
2011,SOM,Other fossil,0
2012,SOM,Other fossil,0
2013,SOM,Other fossil,0
2014,SOM,Other fossil,0
2015,SOM,Other fossil,0
2016,SOM,Other fossil,0
2017,SOM,Other fossil,0
2018,SOM,Other fossil,0
2019,SOM,Other fossil,0
2020,SOM,Other fossil,0
2021,SOM,Other fossil,0
2022,SOM,Other fossil,0
2023,SOM,Other fossil,0
2024,SOM,Other fossil,0
2001,ZAF,Other fossil,0
2002,ZAF,Other fossil,0
2003,ZAF,Other fossil,0
2004,ZAF,Other fossil,0
2005,ZAF,Other fossil,0
2006,ZAF,Other fossil,0
2007,ZAF,Other fossil,1
2008,ZAF,Other fossil,0
2009,ZAF,Other fossil,1
2010,ZAF,Other fossil,0
2011,ZAF,Other fossil,0
2012,ZAF,Other fossil,0
2013,ZAF,Other fossil,0
2014,ZAF,Other fossil,0
2015,ZAF,Other fossil,0
2016,ZAF,Other fossil,0
2017,ZAF,Other fossil,0
2018,ZAF,Other fossil,0
2019,ZAF,Other fossil,0
2020,ZAF,Other fossil,0
2021,ZAF,Other fossil,0
2022,ZAF,Other fossil,0
2023,ZAF,Other fossil,0
2024,ZAF,Other fossil,0
2025,ZAF,Other fossil,0
1986,KOR,Other fossil,0
1987,KOR,Other fossil,0
1988,KOR,Other fossil,0
1989,KOR,Other fossil,0
1990,KOR,Other fossil,0
1991,KOR,Other fossil,0
1992,KOR,Other fossil,0
1993,KOR,Other fossil,0
1994,KOR,Other fossil,0
1995,KOR,Other fossil,0
1996,KOR,Other fossil,0
1997,KOR,Other fossil,0
1998,KOR,Other fossil,0
1999,KOR,Other fossil,0
2000,KOR,Other fossil,9
2001,KOR,Other fossil,0
2002,KOR,Other fossil,-1
2003,KOR,Other fossil,2
2004,KOR,Other fossil,-2
2005,KOR,Other fossil,0
2006,KOR,Other fossil,0
2007,KOR,Other fossil,0
2008,KOR,Other fossil,0
2009,KOR,Other fossil,0
2010,KOR,Other fossil,-1
2011,KOR,Other fossil,0
2012,KOR,Other fossil,0
2013,KOR,Other fossil,-1
2014,KOR,Other fossil,-1
2015,KOR,Other fossil,-3
2016,KOR,Other fossil,2
2017,KOR,Other fossil,0
2018,KOR,Other fossil,0
2019,KOR,Other fossil,0
2020,KOR,Other fossil,0
2021,KOR,Other fossil,0
2022,KOR,Other fossil,-1
2023,KOR,Other fossil,0
2024,KOR,Other fossil,0
2025,KOR,Other fossil,0
2013,SSD,Other fossil,0
2014,SSD,Other fossil,0
2015,SSD,Other fossil,0
2016,SSD,Other fossil,0
2017,SSD,Other fossil,0
2018,SSD,Other fossil,0
2019,SSD,Other fossil,0
2020,SSD,Other fossil,0
2021,SSD,Other fossil,0
2022,SSD,Other fossil,0
2023,SSD,Other fossil,0
2024,SSD,Other fossil,0
1991,ESP,Other fossil,0
1992,ESP,Other fossil,0
1993,ESP,Other fossil,0
1994,ESP,Other fossil,0
1995,ESP,Other fossil,0
1996,ESP,Other fossil,0
1997,ESP,Other fossil,0
1998,ESP,Other fossil,0
1999,ESP,Other fossil,0
2000,ESP,Other fossil,2
2001,ESP,Other fossil,0
2002,ESP,Other fossil,0
2003,ESP,Other fossil,0
2004,ESP,Other fossil,0
2005,ESP,Other fossil,0
2006,ESP,Other fossil,0
2007,ESP,Other fossil,0
2008,ESP,Other fossil,0
2009,ESP,Other fossil,0
2010,ESP,Other fossil,0
2011,ESP,Other fossil,0
2012,ESP,Other fossil,0
2013,ESP,Other fossil,0
2014,ESP,Other fossil,0
2015,ESP,Other fossil,0
2016,ESP,Other fossil,0
2017,ESP,Other fossil,0
2018,ESP,Other fossil,0
2019,ESP,Other fossil,0
2020,ESP,Other fossil,0
2021,ESP,Other fossil,0
2022,ESP,Other fossil,0
2023,ESP,Other fossil,0
2024,ESP,Other fossil,0
2025,ESP,Other fossil,0
2001,LKA,Other fossil,0
2002,LKA,Other fossil,0
2003,LKA,Other fossil,0
2004,LKA,Other fossil,0
2005,LKA,Other fossil,0
2006,LKA,Other fossil,0
2007,LKA,Other fossil,0
2008,LKA,Other fossil,0
2009,LKA,Other fossil,0
2010,LKA,Other fossil,0
2011,LKA,Other fossil,0
2012,LKA,Other fossil,0
2013,LKA,Other fossil,0
2014,LKA,Other fossil,0
2015,LKA,Other fossil,0
2016,LKA,Other fossil,0
2017,LKA,Other fossil,0
2018,LKA,Other fossil,0
2019,LKA,Other fossil,0
2020,LKA,Other fossil,0
2021,LKA,Other fossil,0
2022,LKA,Other fossil,0
2023,LKA,Other fossil,0
2024,LKA,Other fossil,0
2025,LKA,Other fossil,0
2001,SDN,Other fossil,0
2002,SDN,Other fossil,0
2003,SDN,Other fossil,0
2004,SDN,Other fossil,0
2005,SDN,Other fossil,0
2006,SDN,Other fossil,0
2007,SDN,Other fossil,0
2008,SDN,Other fossil,0
2009,SDN,Other fossil,0
2010,SDN,Other fossil,0
2011,SDN,Other fossil,0
2012,SDN,Other fossil,0
2013,SDN,Other fossil,0
2014,SDN,Other fossil,0
2015,SDN,Other fossil,0
2016,SDN,Other fossil,1
2017,SDN,Other fossil,0
2018,SDN,Other fossil,0
2019,SDN,Other fossil,0
2020,SDN,Other fossil,0
2021,SDN,Other fossil,0
2022,SDN,Other fossil,0
2023,SDN,Other fossil,0
2024,SDN,Other fossil,0
2001,SUR,Other fossil,0
2002,SUR,Other fossil,0
2003,SUR,Other fossil,0
2004,SUR,Other fossil,0
2005,SUR,Other fossil,0
2006,SUR,Other fossil,0
2007,SUR,Other fossil,0
2008,SUR,Other fossil,0
2009,SUR,Other fossil,0
2010,SUR,Other fossil,0
2011,SUR,Other fossil,0
2012,SUR,Other fossil,0
2013,SUR,Other fossil,0
2014,SUR,Other fossil,0
2015,SUR,Other fossil,0
2016,SUR,Other fossil,0
2017,SUR,Other fossil,0
2018,SUR,Other fossil,0
2019,SUR,Other fossil,0
2020,SUR,Other fossil,0
2021,SUR,Other fossil,0
2022,SUR,Other fossil,0
2023,SUR,Other fossil,0
2024,SUR,Other fossil,0
1991,SWE,Other fossil,0
1992,SWE,Other fossil,0
1993,SWE,Other fossil,0
1994,SWE,Other fossil,0
1995,SWE,Other fossil,0
1996,SWE,Other fossil,0
1997,SWE,Other fossil,0
1998,SWE,Other fossil,0
1999,SWE,Other fossil,0
2000,SWE,Other fossil,6
2001,SWE,Other fossil,0
2002,SWE,Other fossil,-1
2003,SWE,Other fossil,1
2004,SWE,Other fossil,0
2005,SWE,Other fossil,-1
2006,SWE,Other fossil,0
2007,SWE,Other fossil,1
2008,SWE,Other fossil,0
2009,SWE,Other fossil,0
2010,SWE,Other fossil,0
2011,SWE,Other fossil,-2
2012,SWE,Other fossil,1
2013,SWE,Other fossil,0
2014,SWE,Other fossil,0
2015,SWE,Other fossil,-1
2016,SWE,Other fossil,0
2017,SWE,Other fossil,0
2018,SWE,Other fossil,1
2019,SWE,Other fossil,0
2020,SWE,Other fossil,2
2021,SWE,Other fossil,-1
2022,SWE,Other fossil,0
2023,SWE,Other fossil,0
2024,SWE,Other fossil,1
2025,SWE,Other fossil,0
2001,CHE,Other fossil,0
2002,CHE,Other fossil,0
2003,CHE,Other fossil,0
2004,CHE,Other fossil,0
2005,CHE,Other fossil,0
2006,CHE,Other fossil,0
2007,CHE,Other fossil,0
2008,CHE,Other fossil,0
2009,CHE,Other fossil,0
2010,CHE,Other fossil,0
2011,CHE,Other fossil,0
2012,CHE,Other fossil,0
2013,CHE,Other fossil,0
2014,CHE,Other fossil,0
2015,CHE,Other fossil,0
2016,CHE,Other fossil,0
2017,CHE,Other fossil,0
2018,CHE,Other fossil,0
2019,CHE,Other fossil,0
2020,CHE,Other fossil,0
2021,CHE,Other fossil,0
2022,CHE,Other fossil,0
2023,CHE,Other fossil,0
2024,CHE,Other fossil,0
2025,CHE,Other fossil,0
2001,SYR,Other fossil,0
2002,SYR,Other fossil,0
2003,SYR,Other fossil,0
2004,SYR,Other fossil,0
2005,SYR,Other fossil,0
2006,SYR,Other fossil,0
2007,SYR,Other fossil,0
2008,SYR,Other fossil,0
2009,SYR,Other fossil,0
2010,SYR,Other fossil,0
2011,SYR,Other fossil,0
2012,SYR,Other fossil,0
2013,SYR,Other fossil,0
2014,SYR,Other fossil,0
2015,SYR,Other fossil,0
2016,SYR,Other fossil,0
2017,SYR,Other fossil,0
2018,SYR,Other fossil,0
2019,SYR,Other fossil,0
2020,SYR,Other fossil,0
2021,SYR,Other fossil,0
2022,SYR,Other fossil,0
2023,SYR,Other fossil,0
2024,SYR,Other fossil,0
1986,TWN,Other fossil,0
1987,TWN,Other fossil,0
1988,TWN,Other fossil,0
1989,TWN,Other fossil,0
1990,TWN,Other fossil,0
1991,TWN,Other fossil,0
1992,TWN,Other fossil,0
1993,TWN,Other fossil,0
1994,TWN,Other fossil,0
1995,TWN,Other fossil,0
1996,TWN,Other fossil,0
1997,TWN,Other fossil,0
1998,TWN,Other fossil,0
1999,TWN,Other fossil,0
2000,TWN,Other fossil,6
2001,TWN,Other fossil,-2
2002,TWN,Other fossil,0
2003,TWN,Other fossil,0
2004,TWN,Other fossil,0
2005,TWN,Other fossil,0
2006,TWN,Other fossil,0
2007,TWN,Other fossil,0
2008,TWN,Other fossil,0
2009,TWN,Other fossil,0
2010,TWN,Other fossil,0
2011,TWN,Other fossil,0
2012,TWN,Other fossil,0
2013,TWN,Other fossil,0
2014,TWN,Other fossil,0
2015,TWN,Other fossil,0
2016,TWN,Other fossil,0
2017,TWN,Other fossil,-1
2018,TWN,Other fossil,0
2019,TWN,Other fossil,0
2020,TWN,Other fossil,-1
2021,TWN,Other fossil,0
2022,TWN,Other fossil,0
2023,TWN,Other fossil,0
2024,TWN,Other fossil,0
2025,TWN,Other fossil,0
2001,TJK,Other fossil,0
2002,TJK,Other fossil,0
2003,TJK,Other fossil,0
2004,TJK,Other fossil,0
2005,TJK,Other fossil,0
2006,TJK,Other fossil,0
2007,TJK,Other fossil,0
2008,TJK,Other fossil,0
2009,TJK,Other fossil,0
2010,TJK,Other fossil,0
2011,TJK,Other fossil,0
2012,TJK,Other fossil,0
2013,TJK,Other fossil,0
2014,TJK,Other fossil,0
2015,TJK,Other fossil,0
2016,TJK,Other fossil,0
2017,TJK,Other fossil,0
2018,TJK,Other fossil,0
2019,TJK,Other fossil,0
2020,TJK,Other fossil,0
2021,TJK,Other fossil,0
2022,TJK,Other fossil,0
2023,TJK,Other fossil,0
2024,TJK,Other fossil,0
2025,TJK,Other fossil,0
2001,TZA,Other fossil,0
2002,TZA,Other fossil,0
2003,TZA,Other fossil,0
2004,TZA,Other fossil,0
2005,TZA,Other fossil,0
2006,TZA,Other fossil,0
2007,TZA,Other fossil,0
2008,TZA,Other fossil,0
2009,TZA,Other fossil,0
2010,TZA,Other fossil,0
2011,TZA,Other fossil,0
2012,TZA,Other fossil,0
2013,TZA,Other fossil,0
2014,TZA,Other fossil,0
2015,TZA,Other fossil,0
2016,TZA,Other fossil,0
2017,TZA,Other fossil,0
2018,TZA,Other fossil,0
2019,TZA,Other fossil,0
2020,TZA,Other fossil,0
2021,TZA,Other fossil,0
2022,TZA,Other fossil,0
2023,TZA,Other fossil,0
2024,TZA,Other fossil,0
1986,THA,Other fossil,0
1987,THA,Other fossil,0
1988,THA,Other fossil,0
1989,THA,Other fossil,0
1990,THA,Other fossil,0
1991,THA,Other fossil,0
1992,THA,Other fossil,0
1993,THA,Other fossil,0
1994,THA,Other fossil,0
1995,THA,Other fossil,0
1996,THA,Other fossil,0
1997,THA,Other fossil,0
1998,THA,Other fossil,0
1999,THA,Other fossil,0
2000,THA,Other fossil,0
2001,THA,Other fossil,0
2002,THA,Other fossil,0
2003,THA,Other fossil,0
2004,THA,Other fossil,0
2005,THA,Other fossil,0
2006,THA,Other fossil,0
2007,THA,Other fossil,0
2008,THA,Other fossil,0
2009,THA,Other fossil,0
2010,THA,Other fossil,0
2011,THA,Other fossil,0
2012,THA,Other fossil,0
2013,THA,Other fossil,0
2014,THA,Other fossil,0
2015,THA,Other fossil,0
2016,THA,Other fossil,0
2017,THA,Other fossil,0
2018,THA,Other fossil,0
2019,THA,Other fossil,0
2020,THA,Other fossil,0
2021,THA,Other fossil,0
2022,THA,Other fossil,0
2023,THA,Other fossil,0
2024,THA,Other fossil,0
2025,THA,Other fossil,0
2001,PHL,Other fossil,0
2002,PHL,Other fossil,0
2003,PHL,Other fossil,0
2004,PHL,Other fossil,0
2005,PHL,Other fossil,0
2006,PHL,Other fossil,0
2007,PHL,Other fossil,0
2008,PHL,Other fossil,0
2009,PHL,Other fossil,0
2010,PHL,Other fossil,0
2011,PHL,Other fossil,0
2012,PHL,Other fossil,0
2013,PHL,Other fossil,0
2014,PHL,Other fossil,0
2015,PHL,Other fossil,0
2016,PHL,Other fossil,0
2017,PHL,Other fossil,0
2018,PHL,Other fossil,0
2019,PHL,Other fossil,0
2020,PHL,Other fossil,0
2021,PHL,Other fossil,0
2022,PHL,Other fossil,0
2023,PHL,Other fossil,0
2024,PHL,Other fossil,0
2025,PHL,Other fossil,0
2001,TGO,Other fossil,0
2002,TGO,Other fossil,0
2003,TGO,Other fossil,0
2004,TGO,Other fossil,0
2005,TGO,Other fossil,0
2006,TGO,Other fossil,0
2007,TGO,Other fossil,0
2008,TGO,Other fossil,0
2009,TGO,Other fossil,0
2010,TGO,Other fossil,0
2011,TGO,Other fossil,0
2012,TGO,Other fossil,0
2013,TGO,Other fossil,0
2014,TGO,Other fossil,0
2015,TGO,Other fossil,0
2016,TGO,Other fossil,0
2017,TGO,Other fossil,0
2018,TGO,Other fossil,0
2019,TGO,Other fossil,0
2020,TGO,Other fossil,0
2021,TGO,Other fossil,0
2022,TGO,Other fossil,0
2023,TGO,Other fossil,0
2024,TGO,Other fossil,0
2001,TON,Other fossil,0
2002,TON,Other fossil,0
2003,TON,Other fossil,0
2004,TON,Other fossil,0
2005,TON,Other fossil,0
2006,TON,Other fossil,0
2007,TON,Other fossil,0
2008,TON,Other fossil,0
2009,TON,Other fossil,0
2010,TON,Other fossil,0
2011,TON,Other fossil,0
2012,TON,Other fossil,0
2013,TON,Other fossil,0
2014,TON,Other fossil,0
2015,TON,Other fossil,0
2016,TON,Other fossil,0
2017,TON,Other fossil,0
2018,TON,Other fossil,0
2019,TON,Other fossil,0
2020,TON,Other fossil,0
2021,TON,Other fossil,0
2022,TON,Other fossil,0
2023,TON,Other fossil,0
2024,TON,Other fossil,0
2001,TTO,Other fossil,0
2002,TTO,Other fossil,0
2003,TTO,Other fossil,0
2004,TTO,Other fossil,0
2005,TTO,Other fossil,0
2006,TTO,Other fossil,0
2007,TTO,Other fossil,0
2008,TTO,Other fossil,0
2009,TTO,Other fossil,0
2010,TTO,Other fossil,0
2011,TTO,Other fossil,0
2012,TTO,Other fossil,0
2013,TTO,Other fossil,0
2014,TTO,Other fossil,0
2015,TTO,Other fossil,0
2016,TTO,Other fossil,0
2017,TTO,Other fossil,0
2018,TTO,Other fossil,0
2019,TTO,Other fossil,0
2020,TTO,Other fossil,0
2021,TTO,Other fossil,0
2022,TTO,Other fossil,0
2023,TTO,Other fossil,0
2024,TTO,Other fossil,0
2001,TUN,Other fossil,0
2002,TUN,Other fossil,0
2003,TUN,Other fossil,0
2004,TUN,Other fossil,0
2005,TUN,Other fossil,0
2006,TUN,Other fossil,0
2007,TUN,Other fossil,0
2008,TUN,Other fossil,0
2009,TUN,Other fossil,0
2010,TUN,Other fossil,0
2011,TUN,Other fossil,0
2012,TUN,Other fossil,0
2013,TUN,Other fossil,0
2014,TUN,Other fossil,0
2015,TUN,Other fossil,0
2016,TUN,Other fossil,0
2017,TUN,Other fossil,0
2018,TUN,Other fossil,0
2019,TUN,Other fossil,0
2020,TUN,Other fossil,0
2021,TUN,Other fossil,0
2022,TUN,Other fossil,0
2023,TUN,Other fossil,0
2024,TUN,Other fossil,0
2025,TUN,Other fossil,0
2001,TKM,Other fossil,0
2002,TKM,Other fossil,0
2003,TKM,Other fossil,0
2004,TKM,Other fossil,0
2005,TKM,Other fossil,0
2006,TKM,Other fossil,0
2007,TKM,Other fossil,0
2008,TKM,Other fossil,0
2009,TKM,Other fossil,0
2010,TKM,Other fossil,0
2011,TKM,Other fossil,0
2012,TKM,Other fossil,0
2013,TKM,Other fossil,0
2014,TKM,Other fossil,0
2015,TKM,Other fossil,0
2016,TKM,Other fossil,0
2017,TKM,Other fossil,0
2018,TKM,Other fossil,0
2019,TKM,Other fossil,0
2020,TKM,Other fossil,0
2021,TKM,Other fossil,0
2022,TKM,Other fossil,0
2023,TKM,Other fossil,0
2024,TKM,Other fossil,0
2001,TCA,Other fossil,0
2002,TCA,Other fossil,0
2003,TCA,Other fossil,0
2004,TCA,Other fossil,0
2005,TCA,Other fossil,0
2006,TCA,Other fossil,0
2007,TCA,Other fossil,0
2008,TCA,Other fossil,0
2009,TCA,Other fossil,0
2010,TCA,Other fossil,0
2011,TCA,Other fossil,0
2012,TCA,Other fossil,0
2013,TCA,Other fossil,0
2014,TCA,Other fossil,0
2015,TCA,Other fossil,0
2016,TCA,Other fossil,0
2017,TCA,Other fossil,0
2018,TCA,Other fossil,0
2019,TCA,Other fossil,0
2020,TCA,Other fossil,0
2021,TCA,Other fossil,0
2022,TCA,Other fossil,0
2023,TCA,Other fossil,0
2024,TCA,Other fossil,0
1991,TUR,Other fossil,0
1992,TUR,Other fossil,0
1993,TUR,Other fossil,0
1994,TUR,Other fossil,0
1995,TUR,Other fossil,0
1996,TUR,Other fossil,0
1997,TUR,Other fossil,0
1998,TUR,Other fossil,0
1999,TUR,Other fossil,0
2000,TUR,Other fossil,0
2001,TUR,Other fossil,0
2002,TUR,Other fossil,0
2003,TUR,Other fossil,0
2004,TUR,Other fossil,0
2005,TUR,Other fossil,0
2006,TUR,Other fossil,0
2007,TUR,Other fossil,0
2008,TUR,Other fossil,0
2009,TUR,Other fossil,0
2010,TUR,Other fossil,0
2011,TUR,Other fossil,0
2012,TUR,Other fossil,0
2013,TUR,Other fossil,0
2014,TUR,Other fossil,0
2015,TUR,Other fossil,0
2016,TUR,Other fossil,0
2017,TUR,Other fossil,0
2018,TUR,Other fossil,0
2019,TUR,Other fossil,0
2020,TUR,Other fossil,0
2021,TUR,Other fossil,0
2022,TUR,Other fossil,0
2023,TUR,Other fossil,0
2024,TUR,Other fossil,0
2025,TUR,Other fossil,0
2001,UGA,Other fossil,0
2002,UGA,Other fossil,0
2003,UGA,Other fossil,0
2004,UGA,Other fossil,0
2005,UGA,Other fossil,0
2006,UGA,Other fossil,0
2007,UGA,Other fossil,0
2008,UGA,Other fossil,0
2009,UGA,Other fossil,0
2010,UGA,Other fossil,0
2011,UGA,Other fossil,0
2012,UGA,Other fossil,0
2013,UGA,Other fossil,0
2014,UGA,Other fossil,0
2015,UGA,Other fossil,0
2016,UGA,Other fossil,0
2017,UGA,Other fossil,0
2018,UGA,Other fossil,0
2019,UGA,Other fossil,0
2020,UGA,Other fossil,0
2021,UGA,Other fossil,0
2022,UGA,Other fossil,0
2023,UGA,Other fossil,0
2024,UGA,Other fossil,0
1986,UKR,Other fossil,0
1987,UKR,Other fossil,0
1988,UKR,Other fossil,0
1989,UKR,Other fossil,0
1990,UKR,Other fossil,0
1991,UKR,Other fossil,0
1992,UKR,Other fossil,0
1993,UKR,Other fossil,0
1994,UKR,Other fossil,0
1995,UKR,Other fossil,0
1996,UKR,Other fossil,0
1997,UKR,Other fossil,0
1998,UKR,Other fossil,0
1999,UKR,Other fossil,0
2000,UKR,Other fossil,0
2001,UKR,Other fossil,0
2002,UKR,Other fossil,0
2003,UKR,Other fossil,0
2004,UKR,Other fossil,0
2005,UKR,Other fossil,0
2006,UKR,Other fossil,0
2007,UKR,Other fossil,0
2008,UKR,Other fossil,0
2009,UKR,Other fossil,0
2010,UKR,Other fossil,0
2011,UKR,Other fossil,0
2012,UKR,Other fossil,0
2013,UKR,Other fossil,0
2014,UKR,Other fossil,0
2015,UKR,Other fossil,0
2016,UKR,Other fossil,0
2017,UKR,Other fossil,0
2018,UKR,Other fossil,0
2019,UKR,Other fossil,0
2020,UKR,Other fossil,0
2021,UKR,Other fossil,0
2022,UKR,Other fossil,0
1986,ARE,Other fossil,0
1987,ARE,Other fossil,0
1988,ARE,Other fossil,0
1989,ARE,Other fossil,0
1990,ARE,Other fossil,0
1991,ARE,Other fossil,0
1992,ARE,Other fossil,0
1993,ARE,Other fossil,0
1994,ARE,Other fossil,0
1995,ARE,Other fossil,0
1996,ARE,Other fossil,0
1997,ARE,Other fossil,0
1998,ARE,Other fossil,0
1999,ARE,Other fossil,0
2000,ARE,Other fossil,0
2001,ARE,Other fossil,0
2002,ARE,Other fossil,0
2003,ARE,Other fossil,0
2004,ARE,Other fossil,0
2005,ARE,Other fossil,0
2006,ARE,Other fossil,0
2007,ARE,Other fossil,0
2008,ARE,Other fossil,0
2009,ARE,Other fossil,0
2010,ARE,Other fossil,0
2011,ARE,Other fossil,0
2012,ARE,Other fossil,0
2013,ARE,Other fossil,0
2014,ARE,Other fossil,0
2015,ARE,Other fossil,0
2016,ARE,Other fossil,0
2017,ARE,Other fossil,0
2018,ARE,Other fossil,0
2019,ARE,Other fossil,0
2020,ARE,Other fossil,0
2021,ARE,Other fossil,0
2022,ARE,Other fossil,0
2023,ARE,Other fossil,0
2024,ARE,Other fossil,0
1986,GBR,Other fossil,0
1987,GBR,Other fossil,0
1988,GBR,Other fossil,0
1989,GBR,Other fossil,0
1990,GBR,Other fossil,0
1991,GBR,Other fossil,0
1992,GBR,Other fossil,0
1993,GBR,Other fossil,0
1994,GBR,Other fossil,0
1995,GBR,Other fossil,0
1996,GBR,Other fossil,0
1997,GBR,Other fossil,0
1998,GBR,Other fossil,0
1999,GBR,Other fossil,0
2000,GBR,Other fossil,5
2001,GBR,Other fossil,0
2002,GBR,Other fossil,0
2003,GBR,Other fossil,0
2004,GBR,Other fossil,0
2005,GBR,Other fossil,0
2006,GBR,Other fossil,1
2007,GBR,Other fossil,0
2008,GBR,Other fossil,0
2009,GBR,Other fossil,0
2010,GBR,Other fossil,0
2011,GBR,Other fossil,0
2012,GBR,Other fossil,-1
2013,GBR,Other fossil,-1
2014,GBR,Other fossil,0
2015,GBR,Other fossil,-2
2016,GBR,Other fossil,0
2017,GBR,Other fossil,0
2018,GBR,Other fossil,-1
2019,GBR,Other fossil,0
2020,GBR,Other fossil,0
2021,GBR,Other fossil,0
2022,GBR,Other fossil,0
2023,GBR,Other fossil,0
2024,GBR,Other fossil,0
2025,GBR,Other fossil,0
2001,USA,Other fossil,4
2002,USA,Other fossil,-6
2003,USA,Other fossil,1
2004,USA,Other fossil,-2
2005,USA,Other fossil,-1
2006,USA,Other fossil,0
2007,USA,Other fossil,-2
2008,USA,Other fossil,1
2009,USA,Other fossil,-1
2010,USA,Other fossil,-1
2011,USA,Other fossil,-4
2012,USA,Other fossil,-5
2013,USA,Other fossil,-4
2014,USA,Other fossil,-2
2015,USA,Other fossil,-4
2016,USA,Other fossil,-2
2017,USA,Other fossil,-1
2018,USA,Other fossil,3
2019,USA,Other fossil,-1
2020,USA,Other fossil,-4
2021,USA,Other fossil,1
2022,USA,Other fossil,3
2023,USA,Other fossil,-1
2024,USA,Other fossil,0
2025,USA,Other fossil,-1
2001,URY,Other fossil,0
2002,URY,Other fossil,0
2003,URY,Other fossil,0
2004,URY,Other fossil,0
2005,URY,Other fossil,0
2006,URY,Other fossil,0
2007,URY,Other fossil,0
2008,URY,Other fossil,0
2009,URY,Other fossil,0
2010,URY,Other fossil,0
2011,URY,Other fossil,0
2012,URY,Other fossil,0
2013,URY,Other fossil,0
2014,URY,Other fossil,0
2015,URY,Other fossil,0
2016,URY,Other fossil,0
2017,URY,Other fossil,0
2018,URY,Other fossil,0
2019,URY,Other fossil,0
2020,URY,Other fossil,0
2021,URY,Other fossil,0
2022,URY,Other fossil,0
2023,URY,Other fossil,0
2024,URY,Other fossil,0
2025,URY,Other fossil,0
2001,UZB,Other fossil,0
2002,UZB,Other fossil,0
2003,UZB,Other fossil,0
2004,UZB,Other fossil,0
2005,UZB,Other fossil,0
2006,UZB,Other fossil,0
2007,UZB,Other fossil,0
2008,UZB,Other fossil,0
2009,UZB,Other fossil,0
2010,UZB,Other fossil,0
2011,UZB,Other fossil,0
2012,UZB,Other fossil,0
2013,UZB,Other fossil,0
2014,UZB,Other fossil,0
2015,UZB,Other fossil,0
2016,UZB,Other fossil,0
2017,UZB,Other fossil,0
2018,UZB,Other fossil,0
2019,UZB,Other fossil,0
2020,UZB,Other fossil,0
2021,UZB,Other fossil,0
2022,UZB,Other fossil,0
2023,UZB,Other fossil,0
2024,UZB,Other fossil,0
2025,UZB,Other fossil,0
2001,VUT,Other fossil,0
2002,VUT,Other fossil,0
2003,VUT,Other fossil,0
2004,VUT,Other fossil,0
2005,VUT,Other fossil,0
2006,VUT,Other fossil,0
2007,VUT,Other fossil,0
2008,VUT,Other fossil,0
2009,VUT,Other fossil,0
2010,VUT,Other fossil,0
2011,VUT,Other fossil,0
2012,VUT,Other fossil,0
2013,VUT,Other fossil,0
2014,VUT,Other fossil,0
2015,VUT,Other fossil,0
2016,VUT,Other fossil,0
2017,VUT,Other fossil,0
2018,VUT,Other fossil,0
2019,VUT,Other fossil,0
2020,VUT,Other fossil,0
2021,VUT,Other fossil,0
2022,VUT,Other fossil,0
2023,VUT,Other fossil,0
2001,VEN,Other fossil,0
2002,VEN,Other fossil,0
2003,VEN,Other fossil,0
2004,VEN,Other fossil,0
2005,VEN,Other fossil,0
2006,VEN,Other fossil,0
2007,VEN,Other fossil,0
2008,VEN,Other fossil,1
2009,VEN,Other fossil,0
2010,VEN,Other fossil,1
2011,VEN,Other fossil,0
2012,VEN,Other fossil,0
2013,VEN,Other fossil,0
2014,VEN,Other fossil,-1
2015,VEN,Other fossil,0
2016,VEN,Other fossil,0
2017,VEN,Other fossil,0
2018,VEN,Other fossil,0
2019,VEN,Other fossil,0
2020,VEN,Other fossil,0
2021,VEN,Other fossil,0
2022,VEN,Other fossil,0
2023,VEN,Other fossil,0
2024,VEN,Other fossil,0
1986,VNM,Other fossil,0
1987,VNM,Other fossil,0
1988,VNM,Other fossil,0
1989,VNM,Other fossil,0
1990,VNM,Other fossil,0
1991,VNM,Other fossil,0
1992,VNM,Other fossil,0
1993,VNM,Other fossil,0
1994,VNM,Other fossil,0
1995,VNM,Other fossil,0
1996,VNM,Other fossil,0
1997,VNM,Other fossil,0
1998,VNM,Other fossil,0
1999,VNM,Other fossil,0
2000,VNM,Other fossil,0
2001,VNM,Other fossil,0
2002,VNM,Other fossil,0
2003,VNM,Other fossil,0
2004,VNM,Other fossil,0
2005,VNM,Other fossil,0
2006,VNM,Other fossil,0
2007,VNM,Other fossil,0
2008,VNM,Other fossil,0
2009,VNM,Other fossil,0
2010,VNM,Other fossil,0
2011,VNM,Other fossil,0
2012,VNM,Other fossil,0
2013,VNM,Other fossil,0
2014,VNM,Other fossil,0
2015,VNM,Other fossil,0
2016,VNM,Other fossil,0
2017,VNM,Other fossil,0
2018,VNM,Other fossil,0
2019,VNM,Other fossil,0
2020,VNM,Other fossil,0
2021,VNM,Other fossil,0
2022,VNM,Other fossil,0
2023,VNM,Other fossil,0
2024,VNM,Other fossil,0
2025,VNM,Other fossil,-1
2001,VGB,Other fossil,0
2002,VGB,Other fossil,0
2003,VGB,Other fossil,0
2004,VGB,Other fossil,0
2005,VGB,Other fossil,0
2006,VGB,Other fossil,0
2007,VGB,Other fossil,0
2008,VGB,Other fossil,0
2009,VGB,Other fossil,0
2010,VGB,Other fossil,0
2011,VGB,Other fossil,0
2012,VGB,Other fossil,0
2013,VGB,Other fossil,0
2014,VGB,Other fossil,0
2015,VGB,Other fossil,0
2016,VGB,Other fossil,0
2017,VGB,Other fossil,0
2018,VGB,Other fossil,0
2019,VGB,Other fossil,0
2020,VGB,Other fossil,0
2021,VGB,Other fossil,0
2022,VGB,Other fossil,0
2023,VGB,Other fossil,0
2001,VIR,Other fossil,0
2002,VIR,Other fossil,0
2003,VIR,Other fossil,0
2004,VIR,Other fossil,0
2005,VIR,Other fossil,0
2006,VIR,Other fossil,0
2007,VIR,Other fossil,0
2008,VIR,Other fossil,0
2009,VIR,Other fossil,0
2010,VIR,Other fossil,0
2011,VIR,Other fossil,0
2012,VIR,Other fossil,0
2013,VIR,Other fossil,0
2014,VIR,Other fossil,0
2015,VIR,Other fossil,0
2016,VIR,Other fossil,0
2017,VIR,Other fossil,0
2018,VIR,Other fossil,0
2019,VIR,Other fossil,0
2020,VIR,Other fossil,0
2021,VIR,Other fossil,0
2022,VIR,Other fossil,0
2023,VIR,Other fossil,0
2001,WLD,Other fossil,-12
2002,WLD,Other fossil,-6
2003,WLD,Other fossil,6
2004,WLD,Other fossil,-2
2005,WLD,Other fossil,1
2006,WLD,Other fossil,3
2007,WLD,Other fossil,12
2008,WLD,Other fossil,6
2009,WLD,Other fossil,7
2010,WLD,Other fossil,12
2011,WLD,Other fossil,-6
2012,WLD,Other fossil,5
2013,WLD,Other fossil,1
2014,WLD,Other fossil,0
2015,WLD,Other fossil,-8
2016,WLD,Other fossil,5
2017,WLD,Other fossil,-1
2018,WLD,Other fossil,12
2019,WLD,Other fossil,1
2020,WLD,Other fossil,4
2021,WLD,Other fossil,7
2022,WLD,Other fossil,13
2023,WLD,Other fossil,-6
2024,WLD,Other fossil,3
2025,WLD,Other fossil,0
2001,YEM,Other fossil,0
2002,YEM,Other fossil,0
2003,YEM,Other fossil,0
2004,YEM,Other fossil,0
2005,YEM,Other fossil,0
2006,YEM,Other fossil,0
2007,YEM,Other fossil,0
2008,YEM,Other fossil,0
2009,YEM,Other fossil,0
2010,YEM,Other fossil,0
2011,YEM,Other fossil,0
2012,YEM,Other fossil,0
2013,YEM,Other fossil,0
2014,YEM,Other fossil,0
2015,YEM,Other fossil,0
2016,YEM,Other fossil,0
2017,YEM,Other fossil,0
2018,YEM,Other fossil,0
2019,YEM,Other fossil,0
2020,YEM,Other fossil,0
2021,YEM,Other fossil,0
2022,YEM,Other fossil,0
2023,YEM,Other fossil,0
2024,YEM,Other fossil,0
2001,ZMB,Other fossil,0
2002,ZMB,Other fossil,0
2003,ZMB,Other fossil,0
2004,ZMB,Other fossil,0
2005,ZMB,Other fossil,0
2006,ZMB,Other fossil,0
2007,ZMB,Other fossil,0
2008,ZMB,Other fossil,0
2009,ZMB,Other fossil,0
2010,ZMB,Other fossil,0
2011,ZMB,Other fossil,0
2012,ZMB,Other fossil,0
2013,ZMB,Other fossil,0
2014,ZMB,Other fossil,0
2015,ZMB,Other fossil,0
2016,ZMB,Other fossil,0
2017,ZMB,Other fossil,0
2018,ZMB,Other fossil,0
2019,ZMB,Other fossil,0
2020,ZMB,Other fossil,0
2021,ZMB,Other fossil,0
2022,ZMB,Other fossil,0
2023,ZMB,Other fossil,0
2024,ZMB,Other fossil,0
2001,ZWE,Other fossil,0
2002,ZWE,Other fossil,0
2003,ZWE,Other fossil,0
2004,ZWE,Other fossil,0
2005,ZWE,Other fossil,0
2006,ZWE,Other fossil,0
2007,ZWE,Other fossil,0
2008,ZWE,Other fossil,0
2009,ZWE,Other fossil,0
2010,ZWE,Other fossil,0
2011,ZWE,Other fossil,0
2012,ZWE,Other fossil,0
2013,ZWE,Other fossil,0
2014,ZWE,Other fossil,0
2015,ZWE,Other fossil,0
2016,ZWE,Other fossil,0
2017,ZWE,Other fossil,0
2018,ZWE,Other fossil,0
2019,ZWE,Other fossil,0
2020,ZWE,Other fossil,0
2021,ZWE,Other fossil,0
2022,ZWE,Other fossil,0
2023,ZWE,Other fossil,0
2024,ZWE,Other fossil,0
