year,geo,disagg,value,projections,benchmark_low,benchmark_mid,benchmark_high
2000,WLD,Total,35,,,,
2001,WLD,Total,35,,,,
2002,WLD,Total,34,,,,
2003,WLD,Total,33,,,,
2004,WLD,Total,34,,,,
2005,WLD,Total,33,,,,
2006,WLD,Total,33,,,,
2007,WLD,Total,32,,,,
2008,WLD,Total,32,,,,
2009,WLD,Total,33,,,,
2010,WLD,Total,33,,,,
2011,WLD,Total,32,,,,
2012,WLD,Total,32,,,,
2013,WLD,Total,32,,,,
2014,WLD,Total,33,,,,
2015,WLD,Total,34,,,,
2016,WLD,Total,34,,,,
2017,WLD,Total,35,,,,
2018,WLD,Total,35,,,,
2019,WLD,Total,36,,,,
2020,WLD,Total,38,,,,
2021,WLD,Total,38,,,,
2022,WLD,Total,39,,,,
2023,WLD,Total,39,,,,
2024,WLD,Total,41,,,,
2025,WLD,Total,43,,,,
2026,WLD,Total,,,59.9,61.3,62.9
2027,WLD,Total,,,69.0,70.7,72.5
2028,WLD,Total,,,76.9,78.6,80.3
2029,WLD,Total,,,83.2,84.8,86.4
2030,WLD,Total,,,88.0,89.5,91.0
2031,WLD,Total,,,90.3,91.5,92.7
2032,WLD,Total,,,92.4,93.3,94.2
2033,WLD,Total,,,93.9,94.5,95.1
2034,WLD,Total,,,95.2,95.5,95.8
2035,WLD,Total,,,96.0,96.0,96.0
2036,WLD,Total,,,96.4,96.5,96.6
2037,WLD,Total,,,96.9,97.0,97.1
2038,WLD,Total,,,97.3,97.4,97.5
2039,WLD,Total,,,97.6,97.8,98.0
2040,WLD,Total,,,97.9,98.1,98.3
2041,WLD,Total,,,98.2,98.4,98.6
2042,WLD,Total,,,98.3,98.6,98.9
2043,WLD,Total,,,98.5,98.8,99.1
2044,WLD,Total,,,98.6,99.0,99.3
2045,WLD,Total,,,98.7,99.1,99.5
2046,WLD,Total,,,98.8,99.2,99.6
2047,WLD,Total,,,98.8,99.3,99.7
2048,WLD,Total,,,98.9,99.4,99.9
2049,WLD,Total,,,99.0,99.5,100.0
2050,WLD,Total,,,99.0,99.5,100.0
2000,WLD,Solar,0.007,,,,
2000,WLD,Wind,0.20,,,,
2000,WLD,Hydro,17,,,,
2000,WLD,Other renewables,0.29,,,,
2000,WLD,Nuclear,17,,,,
2001,WLD,Solar,0.009,,,,
2001,WLD,Wind,0.25,,,,
2001,WLD,Hydro,17,,,,
2001,WLD,Other renewables,0.29,,,,
2001,WLD,Nuclear,17,,,,
2002,WLD,Solar,0.011,,,,
2002,WLD,Wind,0.33,,,,
2002,WLD,Hydro,16,,,,
2002,WLD,Other renewables,0.29,,,,
2002,WLD,Nuclear,17,,,,
2003,WLD,Solar,0.013,,,,
2003,WLD,Wind,0.38,,,,
2003,WLD,Hydro,16,,,,
2003,WLD,Other renewables,0.28,,,,
2003,WLD,Nuclear,16,,,,
2004,WLD,Solar,0.016,,,,
2004,WLD,Wind,0.49,,,,
2004,WLD,Hydro,16,,,,
2004,WLD,Other renewables,0.28,,,,
2004,WLD,Nuclear,16,,,,
2005,WLD,Solar,0.022,,,,
2005,WLD,Wind,0.58,,,,
2005,WLD,Hydro,16,,,,
2005,WLD,Other renewables,0.27,,,,
2005,WLD,Nuclear,15,,,,
2006,WLD,Solar,0.029,,,,
2006,WLD,Wind,0.71,,,,
2006,WLD,Hydro,16,,,,
2006,WLD,Other renewables,0.27,,,,
2006,WLD,Nuclear,15,,,,
2007,WLD,Solar,0.037,,,,
2007,WLD,Wind,0.87,,,,
2007,WLD,Hydro,16,,,,
2007,WLD,Other renewables,0.27,,,,
2007,WLD,Nuclear,14,,,,
2008,WLD,Solar,0.059,,,,
2008,WLD,Wind,1.1,,,,
2008,WLD,Hydro,16,,,,
2008,WLD,Other renewables,0.28,,,,
2008,WLD,Nuclear,13,,,,
2009,WLD,Solar,0.099,,,,
2009,WLD,Wind,1.4,,,,
2009,WLD,Hydro,16,,,,
2009,WLD,Other renewables,0.29,,,,
2009,WLD,Nuclear,13,,,,
2010,WLD,Solar,0.15,,,,
2010,WLD,Wind,1.6,,,,
2010,WLD,Hydro,16,,,,
2010,WLD,Other renewables,0.28,,,,
2010,WLD,Nuclear,13,,,,
2011,WLD,Solar,0.29,,,,
2011,WLD,Wind,2.0,,,,
2011,WLD,Hydro,16,,,,
2011,WLD,Other renewables,0.28,,,,
2011,WLD,Nuclear,12,,,,
2012,WLD,Solar,0.43,,,,
2012,WLD,Wind,2.4,,,,
2012,WLD,Hydro,16,,,,
2012,WLD,Other renewables,0.28,,,,
2012,WLD,Nuclear,11,,,,
2013,WLD,Solar,0.57,,,,
2013,WLD,Wind,2.7,,,,
2013,WLD,Hydro,16,,,,
2013,WLD,Other renewables,0.28,,,,
2013,WLD,Nuclear,11,,,,
2014,WLD,Solar,0.83,,,,
2014,WLD,Wind,3.0,,,,
2014,WLD,Hydro,16,,,,
2014,WLD,Other renewables,0.29,,,,
2014,WLD,Nuclear,11,,,,
2015,WLD,Solar,1.1,,,,
2015,WLD,Wind,3.5,,,,
2015,WLD,Hydro,16,,,,
2015,WLD,Other renewables,0.30,,,,
2015,WLD,Nuclear,11,,,,
2016,WLD,Solar,1.3,,,,
2016,WLD,Wind,3.9,,,,
2016,WLD,Hydro,16,,,,
2016,WLD,Other renewables,0.31,,,,
2016,WLD,Nuclear,10,,,,
2017,WLD,Solar,1.7,,,,
2017,WLD,Wind,4.5,,,,
2017,WLD,Hydro,16,,,,
2017,WLD,Other renewables,0.31,,,,
2017,WLD,Nuclear,10,,,,
2018,WLD,Solar,2.2,,,,
2018,WLD,Wind,4.8,,,,
2018,WLD,Hydro,16,,,,
2018,WLD,Other renewables,0.31,,,,
2018,WLD,Nuclear,10,,,,
2019,WLD,Solar,2.6,,,,
2019,WLD,Wind,5.3,,,,
2019,WLD,Hydro,16,,,,
2019,WLD,Other renewables,0.31,,,,
2019,WLD,Nuclear,10,,,,
2020,WLD,Solar,3.2,,,,
2020,WLD,Wind,6.0,,,,
2020,WLD,Hydro,16,,,,
2020,WLD,Other renewables,0.32,,,,
2020,WLD,Nuclear,9.9,,,,
2021,WLD,Solar,3.7,,,,
2021,WLD,Wind,6.6,,,,
2021,WLD,Hydro,15,,,,
2021,WLD,Other renewables,0.31,,,,
2021,WLD,Nuclear,9.8,,,,
2022,WLD,Solar,4.6,,,,
2022,WLD,Wind,7.3,,,,
2022,WLD,Hydro,15,,,,
2022,WLD,Other renewables,0.30,,,,
2022,WLD,Nuclear,9.1,,,,
2023,WLD,Solar,5.6,,,,
2023,WLD,Wind,7.8,,,,
2023,WLD,Hydro,14,,,,
2023,WLD,Other renewables,0.30,,,,
2023,WLD,Nuclear,9.1,,,,
2024,WLD,Solar,6.9,,,,
2024,WLD,Wind,8.1,,,,
2024,WLD,Hydro,14,,,,
2024,WLD,Other renewables,0.29,,,,
2024,WLD,Nuclear,9.0,,,,
2025,WLD,Solar,8.8,,,,
2025,WLD,Wind,8.5,,,,
2025,WLD,Hydro,14,,,,
2025,WLD,Other renewables,0.28,,,,
2025,WLD,Nuclear,8.9,,,,
2000,AFG,Total,64.583,,,,
2001,AFG,Total,72.464,,,,
2002,AFG,Total,78.873,,,,
2003,AFG,Total,69.231,,,,
2004,AFG,Total,70.886,,,,
2005,AFG,Total,71.951,,,,
2006,AFG,Total,71.111,,,,
2007,AFG,Total,74.257,,,,
2008,AFG,Total,69.231,,,,
2009,AFG,Total,87.64,,,,
2010,AFG,Total,85.227,,,,
2011,AFG,Total,77.922,,,,
2012,AFG,Total,84.091,,,,
2013,AFG,Total,80.18,,,,
2014,AFG,Total,86.207,,,,
2015,AFG,Total,87.288,,,,
2016,AFG,Total,87.603,,,,
2017,AFG,Total,86.508,,,,
2018,AFG,Total,82.906,,,,
2019,AFG,Total,87.671,,,,
2020,AFG,Total,89.831,,,,
2021,AFG,Total,87.736,,,,
2022,AFG,Total,86.458,,,,
2023,AFG,Total,86.598,,,,
2024,AFG,Total,86.869,,,,
2000,ALB,Total,96.195,,,,
2001,ALB,Total,95.393,,,,
2002,ALB,Total,93.801,,,,
2003,ALB,Total,97.897,,,,
2004,ALB,Total,97.477,,,,
2005,ALB,Total,98.701,,,,
2006,ALB,Total,98.214,,,,
2007,ALB,Total,97.527,,,,
2008,ALB,Total,100,,,,
2009,ALB,Total,100,,,,
2010,ALB,Total,100,,,,
2011,ALB,Total,98.568,,,,
2012,ALB,Total,100,,,,
2013,ALB,Total,100,,,,
2014,ALB,Total,100,,,,
2015,ALB,Total,100,,,,
2016,ALB,Total,100,,,,
2017,ALB,Total,100,,,,
2018,ALB,Total,100,,,,
2019,ALB,Total,100,,,,
2020,ALB,Total,100,,,,
2021,ALB,Total,100,,,,
2022,ALB,Total,100,,,,
2023,ALB,Total,100,,,,
2024,ALB,Total,100,,,,
2025,ALB,Total,99.996,,,,
2000,DZA,Total,0.197,,,,
2001,DZA,Total,0.263,,,,
2002,DZA,Total,0.217,,,,
2003,DZA,Total,0.879,,,,
2004,DZA,Total,0.8,,,,
2005,DZA,Total,1.622,,,,
2006,DZA,Total,0.624,,,,
2007,DZA,Total,0.592,,,,
2008,DZA,Total,0.696,,,,
2009,DZA,Total,0.779,,,,
2010,DZA,Total,0.372,,,,
2011,DZA,Total,0.976,,,,
2012,DZA,Total,1.08,,,,
2013,DZA,Total,0.551,,,,
2014,DZA,Total,0.389,,,,
2015,DZA,Total,0.32,,,,
2016,DZA,Total,0.479,,,,
2017,DZA,Total,0.841,,,,
2018,DZA,Total,1.068,,,,
2019,DZA,Total,1.066,,,,
2020,DZA,Total,1.109,,,,
2021,DZA,Total,0.946,,,,
2022,DZA,Total,0.94,,,,
2023,DZA,Total,0.949,,,,
2024,DZA,Total,1.069,,,,
2000,ASM,Total,0,,,,
2001,ASM,Total,0,,,,
2002,ASM,Total,0,,,,
2003,ASM,Total,0,,,,
2004,ASM,Total,0,,,,
2005,ASM,Total,0,,,,
2006,ASM,Total,0,,,,
2007,ASM,Total,0,,,,
2008,ASM,Total,0,,,,
2009,ASM,Total,0,,,,
2010,ASM,Total,0,,,,
2011,ASM,Total,0,,,,
2012,ASM,Total,0,,,,
2013,ASM,Total,0,,,,
2014,ASM,Total,0,,,,
2015,ASM,Total,0,,,,
2016,ASM,Total,0,,,,
2017,ASM,Total,0,,,,
2018,ASM,Total,0,,,,
2019,ASM,Total,0,,,,
2020,ASM,Total,0,,,,
2021,ASM,Total,0,,,,
2022,ASM,Total,5.556,,,,
2023,ASM,Total,0,,,,
2024,ASM,Total,5.556,,,,
2000,AGO,Total,63.194,,,,
2001,AGO,Total,62.195,,,,
2002,AGO,Total,64.773,,,,
2003,AGO,Total,62.312,,,,
2004,AGO,Total,78.125,,,,
2005,AGO,Total,84.411,,,,
2006,AGO,Total,85.235,,,,
2007,AGO,Total,76.852,,,,
2008,AGO,Total,77.778,,,,
2009,AGO,Total,66.599,,,,
2010,AGO,Total,67.949,,,,
2011,AGO,Total,71.025,,,,
2012,AGO,Total,70.984,,,,
2013,AGO,Total,58.037,,,,
2014,AGO,Total,52.824,,,,
2015,AGO,Total,54.601,,,,
2016,AGO,Total,58.561,,,,
2017,AGO,Total,71.415,,,,
2018,AGO,Total,79.452,,,,
2019,AGO,Total,73.198,,,,
2020,AGO,Total,75.61,,,,
2021,AGO,Total,75.43,,,,
2022,AGO,Total,75.563,,,,
2023,AGO,Total,74.032,,,,
2024,AGO,Total,73.701,,,,
2000,ATG,Total,0,,,,
2001,ATG,Total,0,,,,
2002,ATG,Total,0,,,,
2003,ATG,Total,0,,,,
2004,ATG,Total,0,,,,
2005,ATG,Total,0,,,,
2006,ATG,Total,0,,,,
2007,ATG,Total,0,,,,
2008,ATG,Total,0,,,,
2009,ATG,Total,0,,,,
2010,ATG,Total,0,,,,
2011,ATG,Total,0,,,,
2012,ATG,Total,0,,,,
2013,ATG,Total,0,,,,
2014,ATG,Total,0,,,,
2015,ATG,Total,2.857,,,,
2016,ATG,Total,0,,,,
2017,ATG,Total,2.857,,,,
2018,ATG,Total,2.778,,,,
2019,ATG,Total,2.778,,,,
2020,ATG,Total,5.714,,,,
2021,ATG,Total,5.714,,,,
2022,ATG,Total,5.556,,,,
2023,ATG,Total,5.556,,,,
2024,ATG,Total,8.108,,,,
1985,ARG,Total,58.574,,,,
1986,ARG,Total,54.805,,,,
1987,ARG,Total,54.652,,,,
1988,ARG,Total,40.335,,,,
1989,ARG,Total,36.046,,,,
1990,ARG,Total,49.255,,,,
1991,ARG,Total,44.114,,,,
1992,ARG,Total,47.015,,,,
1993,ARG,Total,51.107,,,,
1994,ARG,Total,54.282,,,,
1995,ARG,Total,50.156,,,,
1996,ARG,Total,43.234,,,,
1997,ARG,Total,49.779,,,,
1998,ARG,Total,46.07,,,,
1999,ARG,Total,35.666,,,,
2000,ARG,Total,39.537,,,,
2001,ARG,Total,48.868,,,,
2002,ARG,Total,49.888,,,,
2003,ARG,Total,45.976,,,,
2004,ARG,Total,39.168,,,,
2005,ARG,Total,39.792,,,,
2006,ARG,Total,41.312,,,,
2007,ARG,Total,34.884,,,,
2008,ARG,Total,32.68,,,,
2009,ARG,Total,35.996,,,,
2010,ARG,Total,33.317,,,,
2011,ARG,Total,30.126,,,,
2012,ARG,Total,27.489,,,,
2013,ARG,Total,29.387,,,,
2014,ARG,Total,28.909,,,,
2015,ARG,Total,28.517,,,,
2016,ARG,Total,27.021,,,,
2017,ARG,Total,27.313,,,,
2018,ARG,Total,28.676,,,,
2019,ARG,Total,30.975,,,,
2020,ARG,Total,32.239,,,,
2021,ARG,Total,30.826,,,,
2022,ARG,Total,34.16,,,,
2023,ARG,Total,40.798,,,,
2024,ARG,Total,41.237,,,,
2025,ARG,Total,41.612,,,,
2000,ARM,Total,53.46,,,,
2001,ARM,Total,51.394,,,,
2002,ARM,Total,70.245,,,,
2003,ARM,Total,71.321,,,,
2004,ARM,Total,72.193,,,,
2005,ARM,Total,69.901,,,,
2006,ARM,Total,74.081,,,,
2007,ARM,Total,73.721,,,,
2008,ARM,Total,68.644,,,,
2009,ARM,Total,78.86,,,,
2010,ARM,Total,77.033,,,,
2011,ARM,Total,66.852,,,,
2012,ARM,Total,56.522,,,,
2013,ARM,Total,57.677,,,,
2014,ARM,Total,56.308,,,,
2015,ARM,Total,62.914,,,,
2016,ARM,Total,63.662,,,,
2017,ARM,Total,61.886,,,,
2018,ARM,Total,55.468,,,,
2019,ARM,Total,59.279,,,,
2020,ARM,Total,58.508,,,,
2021,ARM,Total,56.218,,,,
2022,ARM,Total,60.729,,,,
2023,ARM,Total,56.994,,,,
2024,ARM,Total,61.019,,,,
2025,ARM,Total,61.601,,,,
2000,ABW,Total,0,,,,
2001,ABW,Total,0,,,,
2002,ABW,Total,0,,,,
2003,ABW,Total,0,,,,
2004,ABW,Total,0,,,,
2005,ABW,Total,0,,,,
2006,ABW,Total,0,,,,
2007,ABW,Total,0,,,,
2008,ABW,Total,0,,,,
2009,ABW,Total,3.158,,,,
2010,ABW,Total,11.702,,,,
2011,ABW,Total,11.828,,,,
2012,ABW,Total,15.217,,,,
2013,ABW,Total,15.957,,,,
2014,ABW,Total,17.021,,,,
2015,ABW,Total,18.557,,,,
2016,ABW,Total,14.894,,,,
2017,ABW,Total,14.433,,,,
2018,ABW,Total,16.495,,,,
2019,ABW,Total,17.172,,,,
2020,ABW,Total,17.172,,,,
2021,ABW,Total,17,,,,
2022,ABW,Total,17,,,,
2023,ABW,Total,17,,,,
2024,ABW,Total,17,,,,
1985,AUS,Total,11.644,,,,
1986,AUS,Total,11.187,,,,
1987,AUS,Total,10.367,,,,
1988,AUS,Total,10.504,,,,
1989,AUS,Total,9.945,,,,
1990,AUS,Total,9.97,,,,
1991,AUS,Total,10.37,,,,
1992,AUS,Total,10.298,,,,
1993,AUS,Total,10.322,,,,
1994,AUS,Total,9.921,,,,
1995,AUS,Total,9.41,,,,
1996,AUS,Total,9.415,,,,
1997,AUS,Total,8.99,,,,
1998,AUS,Total,8.492,,,,
1999,AUS,Total,8.454,,,,
2000,AUS,Total,8.089,,,,
2001,AUS,Total,7.696,,,,
2002,AUS,Total,8.032,,,,
2003,AUS,Total,8.258,,,,
2004,AUS,Total,8.454,,,,
2005,AUS,Total,8.98,,,,
2006,AUS,Total,8.883,,,,
2007,AUS,Total,8.343,,,,
2008,AUS,Total,7.792,,,,
2009,AUS,Total,8.067,,,,
2010,AUS,Total,8.83,,,,
2011,AUS,Total,11.944,,,,
2012,AUS,Total,12.076,,,,
2013,AUS,Total,14.237,,,,
2014,AUS,Total,13.228,,,,
2015,AUS,Total,14.095,,,,
2016,AUS,Total,16.164,,,,
2017,AUS,Total,15.133,,,,
2018,AUS,Total,18.844,,,,
2019,AUS,Total,20.782,,,,
2020,AUS,Total,24.243,,,,
2021,AUS,Total,28.891,,,,
2022,AUS,Total,32.039,,,,
2023,AUS,Total,34.81,,,,
2024,AUS,Total,35.077,,,,
2025,AUS,Total,38.705,,,,
1990,AUT,Total,66.247,,,,
1991,AUT,Total,65.092,,,,
1992,AUT,Total,72.479,,,,
1993,AUT,Total,74.157,,,,
1994,AUT,Total,71.03,,,,
1995,AUT,Total,70.681,,,,
1996,AUT,Total,66.96,,,,
1997,AUT,Total,68.034,,,,
1998,AUT,Total,69.921,,,,
1999,AUT,Total,70.914,,,,
2000,AUT,Total,72.837,,,,
2001,AUT,Total,69.269,,,,
2002,AUT,Total,69.108,,,,
2003,AUT,Total,60.79,,,,
2004,AUT,Total,64.058,,,,
2005,AUT,Total,63.508,,,,
2006,AUT,Total,65.359,,,,
2007,AUT,Total,68.709,,,,
2008,AUT,Total,69.167,,,,
2009,AUT,Total,71.258,,,,
2010,AUT,Total,66.337,,,,
2011,AUT,Total,65.772,,,,
2012,AUT,Total,74.771,,,,
2013,AUT,Total,78.234,,,,
2014,AUT,Total,81.56,,,,
2015,AUT,Total,77.031,,,,
2016,AUT,Total,78.742,,,,
2017,AUT,Total,76.092,,,,
2018,AUT,Total,77.408,,,,
2019,AUT,Total,77.295,,,,
2020,AUT,Total,80.284,,,,
2021,AUT,Total,79.121,,,,
2022,AUT,Total,78.191,,,,
2023,AUT,Total,84.756,,,,
2024,AUT,Total,86.224,,,,
2025,AUT,Total,83.524,,,,
2000,AZE,Total,8.137,,,,
2001,AZE,Total,6.804,,,,
2002,AZE,Total,10.707,,,,
2003,AZE,Total,11.477,,,,
2004,AZE,Total,12.569,,,,
2005,AZE,Total,13.047,,,,
2006,AZE,Total,10.159,,,,
2007,AZE,Total,10.724,,,,
2008,AZE,Total,10.222,,,,
2009,AZE,Total,12.149,,,,
2010,AZE,Total,18.265,,,,
2011,AZE,Total,13.074,,,,
2012,AZE,Total,7.836,,,,
2013,AZE,Total,6.71,,,,
2014,AZE,Total,5.562,,,,
2015,AZE,Total,6.96,,,,
2016,AZE,Total,8.41,,,,
2017,AZE,Total,7.762,,,,
2018,AZE,Total,7.76,,,,
2019,AZE,Total,6.898,,,,
2020,AZE,Total,5.126,,,,
2021,AZE,Total,5.47,,,,
2022,AZE,Total,6.358,,,,
2023,AZE,Total,6.531,,,,
2024,AZE,Total,11.746,,,,
2025,AZE,Total,9.51,,,,
2000,BHS,Total,0,,,,
2001,BHS,Total,0,,,,
2002,BHS,Total,0,,,,
2003,BHS,Total,0,,,,
2004,BHS,Total,0,,,,
2005,BHS,Total,0,,,,
2006,BHS,Total,0,,,,
2007,BHS,Total,0,,,,
2008,BHS,Total,0,,,,
2009,BHS,Total,0,,,,
2010,BHS,Total,0,,,,
2011,BHS,Total,0,,,,
2012,BHS,Total,0,,,,
2013,BHS,Total,0,,,,
2014,BHS,Total,0,,,,
2015,BHS,Total,0,,,,
2016,BHS,Total,0,,,,
2017,BHS,Total,0,,,,
2018,BHS,Total,0,,,,
2019,BHS,Total,0,,,,
2020,BHS,Total,0.493,,,,
2021,BHS,Total,0.49,,,,
2022,BHS,Total,0.976,,,,
2023,BHS,Total,0.905,,,,
2024,BHS,Total,0.889,,,,
2000,BHR,Total,0,,,,
2001,BHR,Total,0,,,,
2002,BHR,Total,0,,,,
2003,BHR,Total,0,,,,
2004,BHR,Total,0,,,,
2005,BHR,Total,0,,,,
2006,BHR,Total,0,,,,
2007,BHR,Total,0,,,,
2008,BHR,Total,0,,,,
2009,BHR,Total,0,,,,
2010,BHR,Total,0,,,,
2011,BHR,Total,0,,,,
2012,BHR,Total,0,,,,
2013,BHR,Total,0,,,,
2014,BHR,Total,0.037,,,,
2015,BHR,Total,0.035,,,,
2016,BHR,Total,0.035,,,,
2017,BHR,Total,0.034,,,,
2018,BHR,Total,0.034,,,,
2019,BHR,Total,0.06,,,,
2020,BHR,Total,0.06,,,,
2021,BHR,Total,0.118,,,,
2022,BHR,Total,0.224,,,,
2023,BHR,Total,0.24,,,,
2024,BHR,Total,0.264,,,,
2000,BGD,Total,5.897,,,,
2001,BGD,Total,5.639,,,,
2002,BGD,Total,5.541,,,,
2003,BGD,Total,5.58,,,,
2004,BGD,Total,4.815,,,,
2005,BGD,Total,4.748,,,,
2006,BGD,Total,4.609,,,,
2007,BGD,Total,2.452,,,,
2008,BGD,Total,2.805,,,,
2009,BGD,Total,1.262,,,,
2010,BGD,Total,2.031,,,,
2011,BGD,Total,2.216,,,,
2012,BGD,Total,1.872,,,,
2013,BGD,Total,2.006,,,,
2014,BGD,Total,1.392,,,,
2015,BGD,Total,1.349,,,,
2016,BGD,Total,1.795,,,,
2017,BGD,Total,1.756,,,,
2018,BGD,Total,1.769,,,,
2019,BGD,Total,1.398,,,,
2020,BGD,Total,1.463,,,,
2021,BGD,Total,1.411,,,,
2022,BGD,Total,1.555,,,,
2023,BGD,Total,1.708,,,,
2024,BGD,Total,1.887,,,,
2025,BGD,Total,2.071,,,,
2000,BRB,Total,0,,,,
2001,BRB,Total,0,,,,
2002,BRB,Total,0,,,,
2003,BRB,Total,0,,,,
2004,BRB,Total,0,,,,
2005,BRB,Total,0,,,,
2006,BRB,Total,0,,,,
2007,BRB,Total,0,,,,
2008,BRB,Total,0,,,,
2009,BRB,Total,0,,,,
2010,BRB,Total,0,,,,
2011,BRB,Total,0,,,,
2012,BRB,Total,0,,,,
2013,BRB,Total,0,,,,
2014,BRB,Total,0.971,,,,
2015,BRB,Total,0.962,,,,
2016,BRB,Total,1.905,,,,
2017,BRB,Total,2.885,,,,
2018,BRB,Total,2.885,,,,
2019,BRB,Total,3.774,,,,
2020,BRB,Total,6.604,,,,
2021,BRB,Total,7.547,,,,
2022,BRB,Total,7.339,,,,
2023,BRB,Total,8.182,,,,
2024,BRB,Total,9.009,,,,
2000,BLR,Total,0.115,,,,
2001,BLR,Total,0.12,,,,
2002,BLR,Total,0.113,,,,
2003,BLR,Total,0.113,,,,
2004,BLR,Total,0.096,,,,
2005,BLR,Total,0.129,,,,
2006,BLR,Total,0.126,,,,
2007,BLR,Total,0.157,,,,
2008,BLR,Total,0.2,,,,
2009,BLR,Total,0.362,,,,
2010,BLR,Total,0.401,,,,
2011,BLR,Total,0.435,,,,
2012,BLR,Total,0.682,,,,
2013,BLR,Total,0.952,,,,
2014,BLR,Total,0.835,,,,
2015,BLR,Total,0.997,,,,
2016,BLR,Total,1.281,,,,
2017,BLR,Total,2.26,,,,
2018,BLR,Total,2.077,,,,
2019,BLR,Total,2.57,,,,
2020,BLR,Total,4.385,,,,
2021,BLR,Total,17.091,,,,
2022,BLR,Total,15.976,,,,
2023,BLR,Total,31.313,,,,
2024,BLR,Total,37.32,,,,
2025,BLR,Total,40.664,,,,
1990,BEL,Total,61.573,,,,
1991,BEL,Total,60.964,,,,
1992,BEL,Total,61.719,,,,
1993,BEL,Total,60.559,,,,
1994,BEL,Total,57.794,,,,
1995,BEL,Total,57.168,,,,
1996,BEL,Total,58.424,,,,
1997,BEL,Total,61.646,,,,
1998,BEL,Total,57.169,,,,
1999,BEL,Total,59.818,,,,
2000,BEL,Total,59.44,,,,
2001,BEL,Total,60.32,,,,
2002,BEL,Total,59.921,,,,
2003,BEL,Total,58.131,,,,
2004,BEL,Total,58.871,,,,
2005,BEL,Total,58.912,,,,
2006,BEL,Total,59.527,,,,
2007,BEL,Total,59.578,,,,
2008,BEL,Total,60.185,,,,
2009,BEL,Total,58.668,,,,
2010,BEL,Total,58.588,,,,
2011,BEL,Total,63.385,,,,
2012,BEL,Total,62.324,,,,
2013,BEL,Total,66.333,,,,
2014,BEL,Total,64.48,,,,
2015,BEL,Total,59.243,,,,
2016,BEL,Total,68.521,,,,
2017,BEL,Total,67.999,,,,
2018,BEL,Total,61.947,,,,
2019,BEL,Total,67.936,,,,
2020,BEL,Total,65.557,,,,
2021,BEL,Total,73.521,,,,
2022,BEL,Total,72.416,,,,
2023,BEL,Total,73.53,,,,
2024,BEL,Total,76.286,,,,
2025,BEL,Total,73.484,,,,
2000,BLZ,Total,69.231,,,,
2001,BLZ,Total,69.231,,,,
2002,BLZ,Total,64.286,,,,
2003,BLZ,Total,37.5,,,,
2004,BLZ,Total,42.857,,,,
2005,BLZ,Total,43.75,,,,
2006,BLZ,Total,85.714,,,,
2007,BLZ,Total,81.818,,,,
2008,BLZ,Total,95.238,,,,
2009,BLZ,Total,79.167,,,,
2010,BLZ,Total,88.095,,,,
2011,BLZ,Total,93.939,,,,
2012,BLZ,Total,92.105,,,,
2013,BLZ,Total,94.595,,,,
2014,BLZ,Total,91.667,,,,
2015,BLZ,Total,91.667,,,,
2016,BLZ,Total,94.737,,,,
2017,BLZ,Total,95,,,,
2018,BLZ,Total,92.683,,,,
2019,BLZ,Total,86.538,,,,
2020,BLZ,Total,88.636,,,,
2021,BLZ,Total,86.111,,,,
2022,BLZ,Total,87.234,,,,
2023,BLZ,Total,88.889,,,,
2024,BLZ,Total,87.234,,,,
2000,BEN,Total,0,,,,
2001,BEN,Total,0,,,,
2002,BEN,Total,0,,,,
2003,BEN,Total,0,,,,
2004,BEN,Total,0,,,,
2005,BEN,Total,0,,,,
2006,BEN,Total,0,,,,
2007,BEN,Total,0,,,,
2008,BEN,Total,0,,,,
2009,BEN,Total,0,,,,
2010,BEN,Total,0,,,,
2011,BEN,Total,0,,,,
2012,BEN,Total,0,,,,
2013,BEN,Total,0,,,,
2014,BEN,Total,0,,,,
2015,BEN,Total,0,,,,
2016,BEN,Total,0,,,,
2017,BEN,Total,0,,,,
2018,BEN,Total,0,,,,
2019,BEN,Total,1.852,,,,
2020,BEN,Total,1.01,,,,
2021,BEN,Total,1.77,,,,
2022,BEN,Total,2.02,,,,
2023,BEN,Total,3,,,,
2024,BEN,Total,3.96,,,,
2000,BTN,Total,100,,,,
2001,BTN,Total,100,,,,
2002,BTN,Total,100,,,,
2003,BTN,Total,100,,,,
2004,BTN,Total,100,,,,
2005,BTN,Total,100,,,,
2006,BTN,Total,100,,,,
2007,BTN,Total,100,,,,
2008,BTN,Total,100,,,,
2009,BTN,Total,100,,,,
2010,BTN,Total,100,,,,
2011,BTN,Total,100,,,,
2012,BTN,Total,100,,,,
2013,BTN,Total,100,,,,
2014,BTN,Total,100,,,,
2015,BTN,Total,100,,,,
2016,BTN,Total,100,,,,
2017,BTN,Total,100,,,,
2018,BTN,Total,100,,,,
2019,BTN,Total,100,,,,
2020,BTN,Total,100,,,,
2021,BTN,Total,100,,,,
2022,BTN,Total,100,,,,
2023,BTN,Total,100,,,,
2024,BTN,Total,100,,,,
2000,BOL,Total,51.546,,,,
2001,BOL,Total,54.545,,,,
2002,BOL,Total,53.606,,,,
2003,BOL,Total,46.651,,,,
2004,BOL,Total,48.344,,,,
2005,BOL,Total,40.9,,,,
2006,BOL,Total,43.6,,,,
2007,BOL,Total,43.199,,,,
2008,BOL,Total,39.696,,,,
2009,BOL,Total,37.842,,,,
2010,BOL,Total,33.684,,,,
2011,BOL,Total,33.992,,,,
2012,BOL,Total,32.524,,,,
2013,BOL,Total,33.803,,,,
2014,BOL,Total,28.675,,,,
2015,BOL,Total,29.444,,,,
2016,BOL,Total,20.753,,,,
2017,BOL,Total,25.13,,,,
2018,BOL,Total,29.582,,,,
2019,BOL,Total,36.162,,,,
2020,BOL,Total,35.638,,,,
2021,BOL,Total,38.454,,,,
2022,BOL,Total,35.733,,,,
2023,BOL,Total,33.307,,,,
2024,BOL,Total,33.999,,,,
2025,BOL,Total,36.097,,,,
2000,BIH,Total,48.802,,,,
2001,BIH,Total,48.73,,,,
2002,BIH,Total,48.842,,,,
2003,BIH,Total,39.929,,,,
2004,BIH,Total,46.976,,,,
2005,BIH,Total,47.619,,,,
2006,BIH,Total,43.943,,,,
2007,BIH,Total,33.871,,,,
2008,BIH,Total,33.197,,,,
2009,BIH,Total,40.31,,,,
2010,BIH,Total,47.431,,,,
2011,BIH,Total,29.131,,,,
2012,BIH,Total,30.051,,,,
2013,BIH,Total,41.971,,,,
2014,BIH,Total,34.88,,,,
2015,BIH,Total,33.78,,,,
2016,BIH,Total,31.677,,,,
2017,BIH,Total,23.522,,,,
2018,BIH,Total,34.347,,,,
2019,BIH,Total,36.682,,,,
2020,BIH,Total,29.184,,,,
2021,BIH,Total,39.001,,,,
2022,BIH,Total,32.049,,,,
2023,BIH,Total,43.073,,,,
2024,BIH,Total,40.206,,,,
2025,BIH,Total,43.32,,,,
2000,BWA,Total,0,,,,
2001,BWA,Total,0,,,,
2002,BWA,Total,0,,,,
2003,BWA,Total,0,,,,
2004,BWA,Total,0,,,,
2005,BWA,Total,0,,,,
2006,BWA,Total,0,,,,
2007,BWA,Total,0,,,,
2008,BWA,Total,0,,,,
2009,BWA,Total,0,,,,
2010,BWA,Total,0,,,,
2011,BWA,Total,0,,,,
2012,BWA,Total,0,,,,
2013,BWA,Total,0,,,,
2014,BWA,Total,0,,,,
2015,BWA,Total,0,,,,
2016,BWA,Total,0,,,,
2017,BWA,Total,0,,,,
2018,BWA,Total,0.322,,,,
2019,BWA,Total,0.398,,,,
2020,BWA,Total,0.459,,,,
2021,BWA,Total,0.402,,,,
2022,BWA,Total,0.391,,,,
2023,BWA,Total,0.31,,,,
2024,BWA,Total,0.292,,,,
1985,BRA,Total,95.431,,,,
1986,BRA,Total,91.901,,,,
1987,BRA,Total,93.513,,,,
1988,BRA,Total,94.464,,,,
1989,BRA,Total,94.669,,,,
1990,BRA,Total,95.503,,,,
1991,BRA,Total,95.243,,,,
1992,BRA,Total,95.148,,,,
1993,BRA,Total,95.429,,,,
1994,BRA,Total,95.428,,,,
1995,BRA,Total,95.072,,,,
1996,BRA,Total,94.393,,,,
1997,BRA,Total,94.006,,,,
1998,BRA,Total,93.939,,,,
1999,BRA,Total,91.228,,,,
2000,BRA,Total,91.225,,,,
2001,BRA,Total,88.635,,,,
2002,BRA,Total,89.743,,,,
2003,BRA,Total,90.831,,,,
2004,BRA,Total,89.032,,,,
2005,BRA,Total,89.573,,,,
2006,BRA,Total,90.032,,,,
2007,BRA,Total,91.001,,,,
2008,BRA,Total,87.331,,,,
2009,BRA,Total,91.827,,,,
2010,BRA,Total,87.617,,,,
2011,BRA,Total,90.138,,,,
2012,BRA,Total,85.466,,,,
2013,BRA,Total,79.532,,,,
2014,BRA,Total,75.883,,,,
2015,BRA,Total,76.742,,,,
2016,BRA,Total,83.208,,,,
2017,BRA,Total,81.918,,,,
2018,BRA,Total,84.963,,,,
2019,BRA,Total,83.933,,,,
2020,BRA,Total,85.401,,,,
2021,BRA,Total,79.612,,,,
2022,BRA,Total,89.853,,,,
2023,BRA,Total,91.042,,,,
2024,BRA,Total,89.449,,,,
2025,BRA,Total,88.741,,,,
2000,BRN,Total,0,,,,
2001,BRN,Total,0,,,,
2002,BRN,Total,0,,,,
2003,BRN,Total,0,,,,
2004,BRN,Total,0,,,,
2005,BRN,Total,0,,,,
2006,BRN,Total,0,,,,
2007,BRN,Total,0,,,,
2008,BRN,Total,0,,,,
2009,BRN,Total,0,,,,
2010,BRN,Total,0,,,,
2011,BRN,Total,0,,,,
2012,BRN,Total,0,,,,
2013,BRN,Total,0,,,,
2014,BRN,Total,0,,,,
2015,BRN,Total,0,,,,
2016,BRN,Total,0,,,,
2017,BRN,Total,0,,,,
2018,BRN,Total,0,,,,
2019,BRN,Total,0,,,,
2020,BRN,Total,0,,,,
2021,BRN,Total,0,,,,
2022,BRN,Total,0,,,,
2023,BRN,Total,0,,,,
2024,BRN,Total,0.18,,,,
1990,BGR,Total,38.878,,,,
1991,BGR,Total,37.97,,,,
1992,BGR,Total,37.951,,,,
1993,BGR,Total,41.649,,,,
1994,BGR,Total,43.813,,,,
1995,BGR,Total,46.651,,,,
1996,BGR,Total,49.133,,,,
1997,BGR,Total,48.074,,,,
1998,BGR,Total,48.213,,,,
1999,BGR,Total,48.88,,,,
2000,BGR,Total,51.269,,,,
2001,BGR,Total,48.803,,,,
2002,BGR,Total,53.089,,,,
2003,BGR,Total,47.942,,,,
2004,BGR,Total,48.259,,,,
2005,BGR,Total,52.29,,,,
2006,BGR,Total,52.201,,,,
2007,BGR,Total,40.915,,,,
2008,BGR,Total,42.032,,,,
2009,BGR,Total,44.765,,,,
2010,BGR,Total,45.744,,,,
2011,BGR,Total,40.432,,,,
2012,BGR,Total,45.265,,,,
2013,BGR,Total,49,,,,
2014,BGR,Total,49.574,,,,
2015,BGR,Total,49.538,,,,
2016,BGR,Total,51.246,,,,
2017,BGR,Total,48.35,,,,
2018,BGR,Total,54.848,,,,
2019,BGR,Total,55.009,,,,
2020,BGR,Total,60.04,,,,
2021,BGR,Total,56.756,,,,
2022,BGR,Total,51.889,,,,
2023,BGR,Total,65.394,,,,
2024,BGR,Total,71.123,,,,
2025,BGR,Total,71.933,,,,
2000,BFA,Total,25.641,,,,
2001,BFA,Total,13.889,,,,
2002,BFA,Total,16.667,,,,
2003,BFA,Total,22.222,,,,
2004,BFA,Total,21.277,,,,
2005,BFA,Total,19.231,,,,
2006,BFA,Total,14.545,,,,
2007,BFA,Total,18.033,,,,
2008,BFA,Total,21.311,,,,
2009,BFA,Total,18.571,,,,
2010,BFA,Total,22.414,,,,
2011,BFA,Total,16.667,,,,
2012,BFA,Total,17.188,,,,
2013,BFA,Total,16,,,,
2014,BFA,Total,11.364,,,,
2015,BFA,Total,9.901,,,,
2016,BFA,Total,16.162,,,,
2017,BFA,Total,14.286,,,,
2018,BFA,Total,14.439,,,,
2019,BFA,Total,16.25,,,,
2020,BFA,Total,18.868,,,,
2021,BFA,Total,18.129,,,,
2022,BFA,Total,15.385,,,,
2023,BFA,Total,15.976,,,,
2024,BFA,Total,17.16,,,,
2000,BDI,Total,100,,,,
2001,BDI,Total,100,,,,
2002,BDI,Total,100,,,,
2003,BDI,Total,100,,,,
2004,BDI,Total,100,,,,
2005,BDI,Total,100,,,,
2006,BDI,Total,100,,,,
2007,BDI,Total,100,,,,
2008,BDI,Total,100,,,,
2009,BDI,Total,100,,,,
2010,BDI,Total,87.5,,,,
2011,BDI,Total,93.333,,,,
2012,BDI,Total,100,,,,
2013,BDI,Total,88.235,,,,
2014,BDI,Total,83.333,,,,
2015,BDI,Total,83.333,,,,
2016,BDI,Total,88.889,,,,
2017,BDI,Total,75,,,,
2018,BDI,Total,71.429,,,,
2019,BDI,Total,69.231,,,,
2020,BDI,Total,75.676,,,,
2021,BDI,Total,69.231,,,,
2022,BDI,Total,69.231,,,,
2023,BDI,Total,76,,,,
2024,BDI,Total,75.51,,,,
2000,CPV,Total,6.667,,,,
2001,CPV,Total,5.882,,,,
2002,CPV,Total,5.263,,,,
2003,CPV,Total,0,,,,
2004,CPV,Total,4.545,,,,
2005,CPV,Total,4.167,,,,
2006,CPV,Total,4,,,,
2007,CPV,Total,3.704,,,,
2008,CPV,Total,3.448,,,,
2009,CPV,Total,3.226,,,,
2010,CPV,Total,0,,,,
2011,CPV,Total,8.108,,,,
2012,CPV,Total,18.421,,,,
2013,CPV,Total,21.951,,,,
2014,CPV,Total,20.93,,,,
2015,CPV,Total,20.93,,,,
2016,CPV,Total,20,,,,
2017,CPV,Total,18.605,,,,
2018,CPV,Total,20.93,,,,
2019,CPV,Total,18.182,,,,
2020,CPV,Total,16.667,,,,
2021,CPV,Total,18.605,,,,
2022,CPV,Total,28,,,,
2023,CPV,Total,28,,,,
2024,CPV,Total,30.769,,,,
2000,KHM,Total,6.25,,,,
2001,KHM,Total,5.769,,,,
2002,KHM,Total,7.018,,,,
2003,KHM,Total,6.25,,,,
2004,KHM,Total,4.054,,,,
2005,KHM,Total,4.545,,,,
2006,KHM,Total,4.63,,,,
2007,KHM,Total,3.731,,,,
2008,KHM,Total,3.378,,,,
2009,KHM,Total,4.839,,,,
2010,KHM,Total,4.124,,,,
2011,KHM,Total,5.882,,,,
2012,KHM,Total,37.063,,,,
2013,KHM,Total,57.865,,,,
2014,KHM,Total,61.111,,,,
2015,KHM,Total,48.998,,,,
2016,KHM,Total,47.628,,,,
2017,KHM,Total,41.78,,,,
2018,KHM,Total,58.924,,,,
2019,KHM,Total,48.558,,,,
2020,KHM,Total,55.186,,,,
2021,KHM,Total,58.702,,,,
2022,KHM,Total,65.446,,,,
2023,KHM,Total,42.132,,,,
2024,KHM,Total,35.659,,,,
2025,KHM,Total,40.878,,,,
2000,CMR,Total,98.841,,,,
2001,CMR,Total,98.006,,,,
2002,CMR,Total,96.33,,,,
2003,CMR,Total,95.616,,,,
2004,CMR,Total,95.332,,,,
2005,CMR,Total,94.192,,,,
2006,CMR,Total,88.735,,,,
2007,CMR,Total,74.664,,,,
2008,CMR,Total,75.709,,,,
2009,CMR,Total,70.557,,,,
2010,CMR,Total,73.038,,,,
2011,CMR,Total,75,,,,
2012,CMR,Total,78.637,,,,
2013,CMR,Total,69.401,,,,
2014,CMR,Total,64.006,,,,
2015,CMR,Total,54.899,,,,
2016,CMR,Total,61.603,,,,
2017,CMR,Total,63.354,,,,
2018,CMR,Total,58.899,,,,
2019,CMR,Total,61.473,,,,
2020,CMR,Total,60.114,,,,
2021,CMR,Total,62.901,,,,
2022,CMR,Total,64.908,,,,
2023,CMR,Total,73.269,,,,
2024,CMR,Total,73.14,,,,
1985,CAN,Total,79.7,,,,
1986,CAN,Total,81.899,,,,
1987,CAN,Total,79.73,,,,
1988,CAN,Total,77.623,,,,
1989,CAN,Total,74.935,,,,
1990,CAN,Total,77.424,,,,
1991,CAN,Total,78.029,,,,
1992,CAN,Total,77.074,,,,
1993,CAN,Total,79.281,,,,
1994,CAN,Total,79.691,,,,
1995,CAN,Total,78.588,,,,
1996,CAN,Total,79.476,,,,
1997,CAN,Total,76.68,,,,
1998,CAN,Total,73.119,,,,
1999,CAN,Total,73.92,,,,
2000,CAN,Total,72.58,,,,
2001,CAN,Total,71.066,,,,
2002,CAN,Total,72.484,,,,
2003,CAN,Total,71.505,,,,
2004,CAN,Total,73.335,,,,
2005,CAN,Total,74.796,,,,
2006,CAN,Total,75.867,,,,
2007,CAN,Total,74.501,,,,
2008,CAN,Total,76.31,,,,
2009,CAN,Total,77.189,,,,
2010,CAN,Total,75.894,,,,
2011,CAN,Total,76.712,,,,
2012,CAN,Total,78.168,,,,
2013,CAN,Total,79.031,,,,
2014,CAN,Total,78.684,,,,
2015,CAN,Total,79.134,,,,
2016,CAN,Total,79.662,,,,
2017,CAN,Total,80.849,,,,
2018,CAN,Total,80.675,,,,
2019,CAN,Total,80.708,,,,
2020,CAN,Total,81.462,,,,
2021,CAN,Total,80.835,,,,
2022,CAN,Total,81.18,,,,
2023,CAN,Total,79.184,,,,
2024,CAN,Total,77.694,,,,
2025,CAN,Total,76.968,,,,
2000,CYM,Total,0,,,,
2001,CYM,Total,0,,,,
2002,CYM,Total,0,,,,
2003,CYM,Total,0,,,,
2004,CYM,Total,0,,,,
2005,CYM,Total,0,,,,
2006,CYM,Total,0,,,,
2007,CYM,Total,0,,,,
2008,CYM,Total,0,,,,
2009,CYM,Total,0,,,,
2010,CYM,Total,0,,,,
2011,CYM,Total,0,,,,
2012,CYM,Total,0,,,,
2013,CYM,Total,0,,,,
2014,CYM,Total,0,,,,
2015,CYM,Total,0,,,,
2016,CYM,Total,0,,,,
2017,CYM,Total,1.471,,,,
2018,CYM,Total,1.493,,,,
2019,CYM,Total,2.778,,,,
2020,CYM,Total,2.899,,,,
2021,CYM,Total,2.857,,,,
2022,CYM,Total,2.857,,,,
2023,CYM,Total,2.857,,,,
2024,CYM,Total,4.225,,,,
2000,CAF,Total,80,,,,
2001,CAF,Total,72.727,,,,
2002,CAF,Total,72.727,,,,
2003,CAF,Total,72.727,,,,
2004,CAF,Total,80,,,,
2005,CAF,Total,81.25,,,,
2006,CAF,Total,82.353,,,,
2007,CAF,Total,87.5,,,,
2008,CAF,Total,87.5,,,,
2009,CAF,Total,87.5,,,,
2010,CAF,Total,81.25,,,,
2011,CAF,Total,83.333,,,,
2012,CAF,Total,83.333,,,,
2013,CAF,Total,100,,,,
2014,CAF,Total,100,,,,
2015,CAF,Total,100,,,,
2016,CAF,Total,100,,,,
2017,CAF,Total,100,,,,
2018,CAF,Total,100,,,,
2019,CAF,Total,100,,,,
2020,CAF,Total,100,,,,
2021,CAF,Total,100,,,,
2022,CAF,Total,100,,,,
2023,CAF,Total,100,,,,
2000,TCD,Total,0,,,,
2001,TCD,Total,0,,,,
2002,TCD,Total,0,,,,
2003,TCD,Total,0,,,,
2004,TCD,Total,0,,,,
2005,TCD,Total,0,,,,
2006,TCD,Total,0,,,,
2007,TCD,Total,0,,,,
2008,TCD,Total,0,,,,
2009,TCD,Total,0,,,,
2010,TCD,Total,0,,,,
2011,TCD,Total,0,,,,
2012,TCD,Total,4.167,,,,
2013,TCD,Total,3.571,,,,
2014,TCD,Total,3.333,,,,
2015,TCD,Total,3.333,,,,
2016,TCD,Total,6.452,,,,
2017,TCD,Total,6.25,,,,
2018,TCD,Total,5.882,,,,
2019,TCD,Total,5.714,,,,
2020,TCD,Total,5.714,,,,
2021,TCD,Total,4.651,,,,
2022,TCD,Total,5.128,,,,
2023,TCD,Total,5.556,,,,
2024,TCD,Total,5.405,,,,
2000,CHL,Total,49.83,,,,
2001,CHL,Total,54.041,,,,
2002,CHL,Total,55.226,,,,
2003,CHL,Total,49.925,,,,
2004,CHL,Total,46.667,,,,
2005,CHL,Total,53.658,,,,
2006,CHL,Total,55.015,,,,
2007,CHL,Total,43.943,,,,
2008,CHL,Total,45.526,,,,
2009,CHL,Total,48.683,,,,
2010,CHL,Total,40.199,,,,
2011,CHL,Total,39.528,,,,
2012,CHL,Total,36.28,,,,
2013,CHL,Total,35.695,,,,
2014,CHL,Total,42.839,,,,
2015,CHL,Total,43.199,,,,
2016,CHL,Total,42.89,,,,
2017,CHL,Total,43.545,,,,
2018,CHL,Total,45.866,,,,
2019,CHL,Total,46.213,,,,
2020,CHL,Total,48.445,,,,
2021,CHL,Total,48.888,,,,
2022,CHL,Total,55.327,,,,
2023,CHL,Total,63.14,,,,
2024,CHL,Total,70.041,,,,
2025,CHL,Total,66.373,,,,
1985,CHN,Total,22.496,,,,
1986,CHN,Total,21.033,,,,
1987,CHN,Total,20.114,,,,
1988,CHN,Total,20.023,,,,
1989,CHN,Total,20.248,,,,
1990,CHN,Total,20.412,,,,
1991,CHN,Total,18.414,,,,
1992,CHN,Total,17.366,,,,
1993,CHN,Total,18.948,,,,
1994,CHN,Total,19.728,,,,
1995,CHN,Total,20.56,,,,
1996,CHN,Total,18.861,,,,
1997,CHN,Total,18.786,,,,
1998,CHN,Total,18.495,,,,
1999,CHN,Total,17.312,,,,
2000,CHN,Total,17.874,,,,
2001,CHN,Total,20.138,,,,
2002,CHN,Total,19.138,,,,
2003,CHN,Total,17.305,,,,
2004,CHN,Total,18.513,,,,
2005,CHN,Total,18.296,,,,
2006,CHN,Total,17.502,,,,
2007,CHN,Total,17.152,,,,
2008,CHN,Total,20.982,,,,
2009,CHN,Total,19.771,,,,
2010,CHN,Total,20.468,,,,
2011,CHN,Total,18.663,,,,
2012,CHN,Total,22.012,,,,
2013,CHN,Total,22.182,,,,
2014,CHN,Total,24.548,,,,
2015,CHN,Total,26.916,,,,
2016,CHN,Total,28.305,,,,
2017,CHN,Total,28.998,,,,
2018,CHN,Total,29.729,,,,
2019,CHN,Total,31.497,,,,
2020,CHN,Total,32.796,,,,
2021,CHN,Total,33.469,,,,
2022,CHN,Total,34.903,,,,
2023,CHN,Total,35.203,,,,
2024,CHN,Total,38.165,,,,
2025,CHN,Total,41.587,,,,
2000,COL,Total,75.356,,,,
2001,COL,Total,74.154,,,,
2002,COL,Total,76.336,,,,
2003,COL,Total,78.615,,,,
2004,COL,Total,81.512,,,,
2005,COL,Total,80.016,,,,
2006,COL,Total,80.446,,,,
2007,COL,Total,81.383,,,,
2008,COL,Total,83.886,,,,
2009,COL,Total,72.687,,,,
2010,COL,Total,70.513,,,,
2011,COL,Total,81.75,,,,
2012,COL,Total,77.894,,,,
2013,COL,Total,69.215,,,,
2014,COL,Total,69.089,,,,
2015,COL,Total,63.345,,,,
2016,COL,Total,65.616,,,,
2017,COL,Total,79.1,,,,
2018,COL,Total,76.333,,,,
2019,COL,Total,69.485,,,,
2020,COL,Total,65.325,,,,
2021,COL,Total,75.071,,,,
2022,COL,Total,74.354,,,,
2023,COL,Total,66.121,,,,
2024,COL,Total,61.342,,,,
2025,COL,Total,77.015,,,,
2000,COM,Total,0,,,,
2001,COM,Total,0,,,,
2002,COM,Total,0,,,,
2003,COM,Total,0,,,,
2004,COM,Total,0,,,,
2005,COM,Total,0,,,,
2006,COM,Total,0,,,,
2007,COM,Total,0,,,,
2008,COM,Total,0,,,,
2009,COM,Total,0,,,,
2010,COM,Total,0,,,,
2011,COM,Total,0,,,,
2012,COM,Total,0,,,,
2013,COM,Total,0,,,,
2014,COM,Total,0,,,,
2015,COM,Total,0,,,,
2016,COM,Total,0,,,,
2017,COM,Total,0,,,,
2018,COM,Total,0,,,,
2019,COM,Total,0,,,,
2020,COM,Total,0,,,,
2021,COM,Total,0,,,,
2022,COM,Total,0,,,,
2023,COM,Total,0,,,,
2000,COG,Total,100,,,,
2001,COG,Total,100,,,,
2002,COG,Total,100,,,,
2003,COG,Total,85,,,,
2004,COG,Total,82.5,,,,
2005,COG,Total,81.395,,,,
2006,COG,Total,82.222,,,,
2007,COG,Total,82.5,,,,
2008,COG,Total,80.435,,,,
2009,COG,Total,61.111,,,,
2010,COG,Total,56.79,,,,
2011,COG,Total,61.832,,,,
2012,COG,Total,58.721,,,,
2013,COG,Total,57.225,,,,
2014,COG,Total,55.114,,,,
2015,COG,Total,40.143,,,,
2016,COG,Total,38.721,,,,
2017,COG,Total,40.94,,,,
2018,COG,Total,35.065,,,,
2019,COG,Total,27.763,,,,
2020,COG,Total,26.933,,,,
2021,COG,Total,26.277,,,,
2022,COG,Total,21.818,,,,
2023,COG,Total,23.507,,,,
2024,COG,Total,20.879,,,,
2000,COD,Total,100,,,,
2001,COD,Total,99.831,,,,
2002,COD,Total,99.835,,,,
2003,COD,Total,99.836,,,,
2004,COD,Total,99.858,,,,
2005,COD,Total,99.864,,,,
2006,COD,Total,99.333,,,,
2007,COD,Total,98.851,,,,
2008,COD,Total,98.668,,,,
2009,COD,Total,98.848,,,,
2010,COD,Total,98.851,,,,
2011,COD,Total,98.849,,,,
2012,COD,Total,99.867,,,,
2013,COD,Total,99.877,,,,
2014,COD,Total,99.886,,,,
2015,COD,Total,99.887,,,,
2016,COD,Total,99.889,,,,
2017,COD,Total,99.894,,,,
2018,COD,Total,99.904,,,,
2019,COD,Total,99.915,,,,
2020,COD,Total,99.92,,,,
2021,COD,Total,100,,,,
2022,COD,Total,100,,,,
2023,COD,Total,100,,,,
2024,COD,Total,100,,,,
2000,COK,Total,0,,,,
2001,COK,Total,0,,,,
2002,COK,Total,0,,,,
2003,COK,Total,0,,,,
2004,COK,Total,0,,,,
2005,COK,Total,0,,,,
2006,COK,Total,0,,,,
2007,COK,Total,0,,,,
2008,COK,Total,0,,,,
2009,COK,Total,0,,,,
2010,COK,Total,0,,,,
2011,COK,Total,0,,,,
2012,COK,Total,0,,,,
2013,COK,Total,0,,,,
2014,COK,Total,0,,,,
2015,COK,Total,0,,,,
2016,COK,Total,0,,,,
2017,COK,Total,25,,,,
2018,COK,Total,40,,,,
2019,COK,Total,25,,,,
2020,COK,Total,25,,,,
2021,COK,Total,50,,,,
2022,COK,Total,50,,,,
2023,COK,Total,50,,,,
2024,COK,Total,50,,,,
2000,CRI,Total,99.125,,,,
2001,CRI,Total,98.551,,,,
2002,CRI,Total,98.383,,,,
2003,CRI,Total,97.808,,,,
2004,CRI,Total,99.123,,,,
2005,CRI,Total,96.703,,,,
2006,CRI,Total,93.852,,,,
2007,CRI,Total,91.982,,,,
2008,CRI,Total,92.766,,,,
2009,CRI,Total,95.13,,,,
2010,CRI,Total,93.27,,,,
2011,CRI,Total,91.179,,,,
2012,CRI,Total,91.79,,,,
2013,CRI,Total,88.224,,,,
2014,CRI,Total,89.774,,,,
2015,CRI,Total,98.979,,,,
2016,CRI,Total,98.25,,,,
2017,CRI,Total,99.645,,,,
2018,CRI,Total,98.601,,,,
2019,CRI,Total,99.124,,,,
2020,CRI,Total,99.829,,,,
2021,CRI,Total,100,,,,
2022,CRI,Total,100,,,,
2023,CRI,Total,99.915,,,,
2024,CRI,Total,99.909,,,,
2025,CRI,Total,109.863,,,,
2000,CIV,Total,36.458,,,,
2001,CIV,Total,36.475,,,,
2002,CIV,Total,32.325,,,,
2003,CIV,Total,35.63,,,,
2004,CIV,Total,33.455,,,,
2005,CIV,Total,26.984,,,,
2006,CIV,Total,28.369,,,,
2007,CIV,Total,33.808,,,,
2008,CIV,Total,34.542,,,,
2009,CIV,Total,37.265,,,,
2010,CIV,Total,28.067,,,,
2011,CIV,Total,29.934,,,,
2012,CIV,Total,26.286,,,,
2013,CIV,Total,21.756,,,,
2014,CIV,Total,23.7,,,,
2015,CIV,Total,16.552,,,,
2016,CIV,Total,16.422,,,,
2017,CIV,Total,21.245,,,,
2018,CIV,Total,29.88,,,,
2019,CIV,Total,33.114,,,,
2020,CIV,Total,30.551,,,,
2021,CIV,Total,23.877,,,,
2022,CIV,Total,27.359,,,,
2023,CIV,Total,30.146,,,,
2024,CIV,Total,28.916,,,,
1990,HRV,Total,44.608,,,,
1991,HRV,Total,64.569,,,,
1992,HRV,Total,48.989,,,,
1993,HRV,Total,47.904,,,,
1994,HRV,Total,62.243,,,,
1995,HRV,Total,61.58,,,,
1996,HRV,Total,70.646,,,,
1997,HRV,Total,57.297,,,,
1998,HRV,Total,52.71,,,,
1999,HRV,Total,56.636,,,,
2000,HRV,Total,57.538,,,,
2001,HRV,Total,56.314,,,,
2002,HRV,Total,46.099,,,,
2003,HRV,Total,41.489,,,,
2004,HRV,Total,55.011,,,,
2005,HRV,Total,54.1,,,,
2006,HRV,Total,51.51,,,,
2007,HRV,Total,37.799,,,,
2008,HRV,Total,45.696,,,,
2009,HRV,Total,56.03,,,,
2010,HRV,Total,62.88,,,,
2011,HRV,Total,47.017,,,,
2012,HRV,Total,49.763,,,,
2013,HRV,Total,66.571,,,,
2014,HRV,Total,74.013,,,,
2015,HRV,Total,66.904,,,,
2016,HRV,Total,66.349,,,,
2017,HRV,Total,60.493,,,,
2018,HRV,Total,72.337,,,,
2019,HRV,Total,66.008,,,,
2020,HRV,Total,64.626,,,,
2021,HRV,Total,69.689,,,,
2022,HRV,Total,63.475,,,,
2023,HRV,Total,70.126,,,,
2024,HRV,Total,73.447,,,,
2025,HRV,Total,76.362,,,,
2000,CUB,Total,6.853,,,,
2001,CUB,Total,6.536,,,,
2002,CUB,Total,6.628,,,,
2003,CUB,Total,5.376,,,,
2004,CUB,Total,5.627,,,,
2005,CUB,Total,3.192,,,,
2006,CUB,Total,3.036,,,,
2007,CUB,Total,3.01,,,,
2008,CUB,Total,3.959,,,,
2009,CUB,Total,3.892,,,,
2010,CUB,Total,3.276,,,,
2011,CUB,Total,3.211,,,,
2012,CUB,Total,3.744,,,,
2013,CUB,Total,4.883,,,,
2014,CUB,Total,4.375,,,,
2015,CUB,Total,4.414,,,,
2016,CUB,Total,4.428,,,,
2017,CUB,Total,3.889,,,,
2018,CUB,Total,3.462,,,,
2019,CUB,Total,4.3,,,,
2020,CUB,Total,4.729,,,,
2021,CUB,Total,4.431,,,,
2022,CUB,Total,4.281,,,,
2023,CUB,Total,3.647,,,,
2024,CUB,Total,4.014,,,,
1990,CYP,Total,0,,,,
1991,CYP,Total,0,,,,
1992,CYP,Total,0,,,,
1993,CYP,Total,0,,,,
1994,CYP,Total,0,,,,
1995,CYP,Total,0,,,,
1996,CYP,Total,0,,,,
1997,CYP,Total,0,,,,
1998,CYP,Total,0,,,,
1999,CYP,Total,0,,,,
2000,CYP,Total,0,,,,
2001,CYP,Total,0,,,,
2002,CYP,Total,0,,,,
2003,CYP,Total,0,,,,
2004,CYP,Total,0,,,,
2005,CYP,Total,0,,,,
2006,CYP,Total,0,,,,
2007,CYP,Total,0,,,,
2008,CYP,Total,0.197,,,,
2009,CYP,Total,0.576,,,,
2010,CYP,Total,1.501,,,,
2011,CYP,Total,3.455,,,,
2012,CYP,Total,5.508,,,,
2013,CYP,Total,7.692,,,,
2014,CYP,Total,7.143,,,,
2015,CYP,Total,8.811,,,,
2016,CYP,Total,8.793,,,,
2017,CYP,Total,8.6,,,,
2018,CYP,Total,9.486,,,,
2019,CYP,Total,10.097,,,,
2020,CYP,Total,12.371,,,,
2021,CYP,Total,15.234,,,,
2022,CYP,Total,16.73,,,,
2023,CYP,Total,20.45,,,,
2024,CYP,Total,24.007,,,,
2025,CYP,Total,27.75,,,,
1990,CZE,Total,22.081,,,,
1991,CZE,Total,21.924,,,,
1992,CZE,Total,23.116,,,,
1993,CZE,Total,24.135,,,,
1994,CZE,Total,25.274,,,,
1995,CZE,Total,24.166,,,,
1996,CZE,Total,23.672,,,,
1997,CZE,Total,22.862,,,,
1998,CZE,Total,23.476,,,,
1999,CZE,Total,24.497,,,,
2000,CZE,Total,21.77,,,,
2001,CZE,Total,23.336,,,,
2002,CZE,Total,28.592,,,,
2003,CZE,Total,33.506,,,,
2004,CZE,Total,34.694,,,,
2005,CZE,Total,34.005,,,,
2006,CZE,Total,35.345,,,,
2007,CZE,Total,33.713,,,,
2008,CZE,Total,36.347,,,,
2009,CZE,Total,39.037,,,,
2010,CZE,Total,39.791,,,,
2011,CZE,Total,40.997,,,,
2012,CZE,Total,44.34,,,,
2013,CZE,Total,46.619,,,,
2014,CZE,Total,46.482,,,,
2015,CZE,Total,43.945,,,,
2016,CZE,Total,40.841,,,,
2017,CZE,Total,44.275,,,,
2018,CZE,Total,45.313,,,,
2019,CZE,Total,47.025,,,,
2020,CZE,Total,50.412,,,,
2021,CZE,Total,49.45,,,,
2022,CZE,Total,49.91,,,,
2023,CZE,Total,54.815,,,,
2024,CZE,Total,57.684,,,,
2025,CZE,Total,59.098,,,,
1990,DNK,Total,3.2,,,,
1991,DNK,Total,2.908,,,,
1992,DNK,Total,4.444,,,,
1993,DNK,Total,4.766,,,,
1994,DNK,Total,4.309,,,,
1995,DNK,Total,5.085,,,,
1996,DNK,Total,3.897,,,,
1997,DNK,Total,6.638,,,,
1998,DNK,Total,9.604,,,,
1999,DNK,Total,11.312,,,,
2000,DNK,Total,15.537,,,,
2001,DNK,Total,15.583,,,,
2002,DNK,Total,17.366,,,,
2003,DNK,Total,17.555,,,,
2004,DNK,Total,23.683,,,,
2005,DNK,Total,27.162,,,,
2006,DNK,Total,20.224,,,,
2007,DNK,Total,26.316,,,,
2008,DNK,Total,27.686,,,,
2009,DNK,Total,27.779,,,,
2010,DNK,Total,32.077,,,,
2011,DNK,Total,40.359,,,,
2012,DNK,Total,48.544,,,,
2013,DNK,Total,46.114,,,,
2014,DNK,Total,56.149,,,,
2015,DNK,Total,65.775,,,,
2016,DNK,Total,60.493,,,,
2017,DNK,Total,70.55,,,,
2018,DNK,Total,68.686,,,,
2019,DNK,Total,78.55,,,,
2020,DNK,Total,82.05,,,,
2021,DNK,Total,79.283,,,,
2022,DNK,Total,80.859,,,,
2023,DNK,Total,86.397,,,,
2024,DNK,Total,89.248,,,,
2025,DNK,Total,94.237,,,,
2000,DJI,Total,0,,,,
2001,DJI,Total,0,,,,
2002,DJI,Total,0,,,,
2003,DJI,Total,0,,,,
2004,DJI,Total,0,,,,
2005,DJI,Total,0,,,,
2006,DJI,Total,0,,,,
2007,DJI,Total,0,,,,
2008,DJI,Total,0,,,,
2009,DJI,Total,0,,,,
2010,DJI,Total,0,,,,
2011,DJI,Total,0,,,,
2012,DJI,Total,0,,,,
2013,DJI,Total,0,,,,
2014,DJI,Total,0,,,,
2015,DJI,Total,0,,,,
2016,DJI,Total,0,,,,
2017,DJI,Total,0,,,,
2018,DJI,Total,0,,,,
2019,DJI,Total,0,,,,
2020,DJI,Total,0,,,,
2021,DJI,Total,35,,,,
2022,DJI,Total,35,,,,
2023,DJI,Total,35,,,,
2024,DJI,Total,35,,,,
2000,DMA,Total,37.5,,,,
2001,DMA,Total,37.5,,,,
2002,DMA,Total,42.857,,,,
2003,DMA,Total,37.5,,,,
2004,DMA,Total,27.273,,,,
2005,DMA,Total,25,,,,
2006,DMA,Total,25,,,,
2007,DMA,Total,16.667,,,,
2008,DMA,Total,15.385,,,,
2009,DMA,Total,15.385,,,,
2010,DMA,Total,14.286,,,,
2011,DMA,Total,26.667,,,,
2012,DMA,Total,20,,,,
2013,DMA,Total,26.667,,,,
2014,DMA,Total,20,,,,
2015,DMA,Total,13.333,,,,
2016,DMA,Total,25,,,,
2017,DMA,Total,23.077,,,,
2018,DMA,Total,18.182,,,,
2019,DMA,Total,14.286,,,,
2020,DMA,Total,14.286,,,,
2021,DMA,Total,14.286,,,,
2022,DMA,Total,13.333,,,,
2023,DMA,Total,13.333,,,,
2000,DOM,Total,6.995,,,,
2001,DOM,Total,6.698,,,,
2002,DOM,Total,7.482,,,,
2003,DOM,Total,9.591,,,,
2004,DOM,Total,14.476,,,,
2005,DOM,Total,15.442,,,,
2006,DOM,Total,13.536,,,,
2007,DOM,Total,12.766,,,,
2008,DOM,Total,10.541,,,,
2009,DOM,Total,11.782,,,,
2010,DOM,Total,10.758,,,,
2011,DOM,Total,10.787,,,,
2012,DOM,Total,12.13,,,,
2013,DOM,Total,13.036,,,,
2014,DOM,Total,10.127,,,,
2015,DOM,Total,7.889,,,,
2016,DOM,Total,11.076,,,,
2017,DOM,Total,15.833,,,,
2018,DOM,Total,13.776,,,,
2019,DOM,Total,12.547,,,,
2020,DOM,Total,16.162,,,,
2021,DOM,Total,17.779,,,,
2022,DOM,Total,18.448,,,,
2023,DOM,Total,17.264,,,,
2024,DOM,Total,18.851,,,,
2025,DOM,Total,23.843,,,,
2000,ECU,Total,71.51,,,,
2001,ECU,Total,63.752,,,,
2002,ECU,Total,63.082,,,,
2003,ECU,Total,61.934,,,,
2004,ECU,Total,57.344,,,,
2005,ECU,Total,54.035,,,,
2006,ECU,Total,50.284,,,,
2007,ECU,Total,52,,,,
2008,ECU,Total,60.573,,,,
2009,ECU,Total,50.385,,,,
2010,ECU,Total,44.13,,,,
2011,ECU,Total,53.989,,,,
2012,ECU,Total,53.41,,,,
2013,ECU,Total,47.625,,,,
2014,ECU,Total,47.54,,,,
2015,ECU,Total,51.103,,,,
2016,ECU,Total,59.978,,,,
2017,ECU,Total,73.518,,,,
2018,ECU,Total,71.912,,,,
2019,ECU,Total,77.781,,,,
2020,ECU,Total,79.642,,,,
2021,ECU,Total,81.196,,,,
2022,ECU,Total,76.013,,,,
2023,ECU,Total,73.618,,,,
2024,ECU,Total,72.443,,,,
2025,ECU,Total,79.399,,,,
1985,EGY,Total,30.238,,,,
1986,EGY,Total,27.634,,,,
1987,EGY,Total,25.154,,,,
1988,EGY,Total,22.805,,,,
1989,EGY,Total,23.363,,,,
1990,EGY,Total,23.719,,,,
1991,EGY,Total,22.921,,,,
1992,EGY,Total,21.787,,,,
1993,EGY,Total,21.592,,,,
1994,EGY,Total,22.101,,,,
1995,EGY,Total,22.093,,,,
1996,EGY,Total,21.434,,,,
1997,EGY,Total,20.729,,,,
1998,EGY,Total,19.937,,,,
1999,EGY,Total,20.462,,,,
2000,EGY,Total,19.449,,,,
2001,EGY,Total,18.077,,,,
2002,EGY,Total,16.468,,,,
2003,EGY,Total,14.351,,,,
2004,EGY,Total,13.567,,,,
2005,EGY,Total,12.531,,,,
2006,EGY,Total,11.992,,,,
2007,EGY,Total,12.414,,,,
2008,EGY,Total,12.446,,,,
2009,EGY,Total,11.03,,,,
2010,EGY,Total,9.963,,,,
2011,EGY,Total,9.842,,,,
2012,EGY,Total,9.132,,,,
2013,EGY,Total,8.996,,,,
2014,EGY,Total,8.619,,,,
2015,EGY,Total,8.585,,,,
2016,EGY,Total,8.412,,,,
2017,EGY,Total,8.022,,,,
2018,EGY,Total,8.255,,,,
2019,EGY,Total,9.767,,,,
2020,EGY,Total,11.964,,,,
2021,EGY,Total,12.096,,,,
2022,EGY,Total,11.817,,,,
2023,EGY,Total,11.702,,,,
2024,EGY,Total,11.197,,,,
2025,EGY,Total,13.015,,,,
2000,SLV,Total,55.89,,,,
2001,SLV,Total,53.902,,,,
2002,SLV,Total,50.682,,,,
2003,SLV,Total,56.317,,,,
2004,SLV,Total,52.795,,,,
2005,SLV,Total,56.863,,,,
2006,SLV,Total,58.596,,,,
2007,SLV,Total,57.167,,,,
2008,SLV,Total,63.279,,,,
2009,SLV,Total,56.752,,,,
2010,SLV,Total,65.455,,,,
2011,SLV,Total,63.533,,,,
2012,SLV,Total,60.635,,,,
2013,SLV,Total,60.759,,,,
2014,SLV,Total,60.159,,,,
2015,SLV,Total,58.32,,,,
2016,SLV,Total,59.416,,,,
2017,SLV,Total,74.775,,,,
2018,SLV,Total,77.941,,,,
2019,SLV,Total,71.475,,,,
2020,SLV,Total,84.759,,,,
2021,SLV,Total,86.037,,,,
2022,SLV,Total,90.799,,,,
2023,SLV,Total,87.793,,,,
2024,SLV,Total,90.835,,,,
2025,SLV,Total,91.034,,,,
2000,GNQ,Total,20,,,,
2001,GNQ,Total,16.667,,,,
2002,GNQ,Total,14.286,,,,
2003,GNQ,Total,14.286,,,,
2004,GNQ,Total,11.111,,,,
2005,GNQ,Total,10,,,,
2006,GNQ,Total,9.091,,,,
2007,GNQ,Total,7.692,,,,
2008,GNQ,Total,25,,,,
2009,GNQ,Total,22.727,,,,
2010,GNQ,Total,13.636,,,,
2011,GNQ,Total,10,,,,
2012,GNQ,Total,14.815,,,,
2013,GNQ,Total,29.412,,,,
2014,GNQ,Total,34.862,,,,
2015,GNQ,Total,36.154,,,,
2016,GNQ,Total,33.571,,,,
2017,GNQ,Total,32.836,,,,
2018,GNQ,Total,32.593,,,,
2019,GNQ,Total,32.143,,,,
2020,GNQ,Total,34.752,,,,
2021,GNQ,Total,32.867,,,,
2022,GNQ,Total,31.788,,,,
2023,GNQ,Total,24.476,,,,
2024,GNQ,Total,26.846,,,,
2000,ERI,Total,0,,,,
2001,ERI,Total,0,,,,
2002,ERI,Total,0,,,,
2003,ERI,Total,0,,,,
2004,ERI,Total,0,,,,
2005,ERI,Total,0,,,,
2006,ERI,Total,0,,,,
2007,ERI,Total,0,,,,
2008,ERI,Total,0,,,,
2009,ERI,Total,0,,,,
2010,ERI,Total,0,,,,
2011,ERI,Total,0,,,,
2012,ERI,Total,0,,,,
2013,ERI,Total,0,,,,
2014,ERI,Total,0,,,,
2015,ERI,Total,0,,,,
2016,ERI,Total,0,,,,
2017,ERI,Total,2.941,,,,
2018,ERI,Total,12.821,,,,
2019,ERI,Total,12.5,,,,
2020,ERI,Total,12.195,,,,
2021,ERI,Total,11.905,,,,
2022,ERI,Total,11.364,,,,
2023,ERI,Total,10.204,,,,
2024,ERI,Total,11.111,,,,
1990,EST,Total,0,,,,
1991,EST,Total,0,,,,
1992,EST,Total,0,,,,
1993,EST,Total,0,,,,
1994,EST,Total,0,,,,
1995,EST,Total,0.115,,,,
1996,EST,Total,0,,,,
1997,EST,Total,0.108,,,,
1998,EST,Total,0.117,,,,
1999,EST,Total,0.121,,,,
2000,EST,Total,0.118,,,,
2001,EST,Total,0.236,,,,
2002,EST,Total,0.352,,,,
2003,EST,Total,0.492,,,,
2004,EST,Total,0.582,,,,
2005,EST,Total,1.078,,,,
2006,EST,Total,1.336,,,,
2007,EST,Total,1.149,,,,
2008,EST,Total,1.89,,,,
2009,EST,Total,6.15,,,,
2010,EST,Total,8.096,,,,
2011,EST,Total,9.154,,,,
2012,EST,Total,12.291,,,,
2013,EST,Total,9.262,,,,
2014,EST,Total,11.165,,,,
2015,EST,Total,15.369,,,,
2016,EST,Total,13.065,,,,
2017,EST,Total,14.134,,,,
2018,EST,Total,16.087,,,,
2019,EST,Total,28.121,,,,
2020,EST,Total,48.849,,,,
2021,EST,Total,39.917,,,,
2022,EST,Total,31.991,,,,
2023,EST,Total,48.78,,,,
2024,EST,Total,55.751,,,,
2025,EST,Total,60.258,,,,
2000,SWZ,Total,98.485,,,,
2001,SWZ,Total,98.571,,,,
2002,SWZ,Total,95.833,,,,
2003,SWZ,Total,95.312,,,,
2004,SWZ,Total,94.828,,,,
2005,SWZ,Total,96.774,,,,
2006,SWZ,Total,97.101,,,,
2007,SWZ,Total,97.183,,,,
2008,SWZ,Total,97.101,,,,
2009,SWZ,Total,96.97,,,,
2010,SWZ,Total,97.297,,,,
2011,SWZ,Total,96.552,,,,
2012,SWZ,Total,92.308,,,,
2013,SWZ,Total,93.333,,,,
2014,SWZ,Total,95.833,,,,
2015,SWZ,Total,94.737,,,,
2016,SWZ,Total,91.667,,,,
2017,SWZ,Total,95.349,,,,
2018,SWZ,Total,95.918,,,,
2019,SWZ,Total,91.837,,,,
2020,SWZ,Total,95.918,,,,
2021,SWZ,Total,96.078,,,,
2022,SWZ,Total,96.364,,,,
2023,SWZ,Total,96.97,,,,
2024,SWZ,Total,96.721,,,,
2000,ETH,Total,98.817,,,,
2001,ETH,Total,99.02,,,,
2002,ETH,Total,99.029,,,,
2003,ETH,Total,99.142,,,,
2004,ETH,Total,99.222,,,,
2005,ETH,Total,99.653,,,,
2006,ETH,Total,99.396,,,,
2007,ETH,Total,98.834,,,,
2008,ETH,Total,99.7,,,,
2009,ETH,Total,98.343,,,,
2010,ETH,Total,99.002,,,,
2011,ETH,Total,99.211,,,,
2012,ETH,Total,99.736,,,,
2013,ETH,Total,99.885,,,,
2014,ETH,Total,100,,,,
2015,ETH,Total,100,,,,
2016,ETH,Total,100,,,,
2017,ETH,Total,100,,,,
2018,ETH,Total,100,,,,
2019,ETH,Total,99.935,,,,
2020,ETH,Total,99.936,,,,
2021,ETH,Total,100,,,,
2022,ETH,Total,100,,,,
2023,ETH,Total,100,,,,
2024,ETH,Total,100,,,,
2025,ETH,Total,100,,,,
2000,FLK,Total,0,,,,
2001,FLK,Total,0,,,,
2002,FLK,Total,0,,,,
2003,FLK,Total,0,,,,
2004,FLK,Total,0,,,,
2005,FLK,Total,0,,,,
2006,FLK,Total,0,,,,
2007,FLK,Total,0,,,,
2008,FLK,Total,0,,,,
2009,FLK,Total,0,,,,
2010,FLK,Total,0,,,,
2011,FLK,Total,50,,,,
2012,FLK,Total,50,,,,
2013,FLK,Total,50,,,,
2014,FLK,Total,50,,,,
2015,FLK,Total,50,,,,
2016,FLK,Total,50,,,,
2017,FLK,Total,0,,,,
2018,FLK,Total,0,,,,
2019,FLK,Total,0,,,,
2020,FLK,Total,0,,,,
2021,FLK,Total,0,,,,
2022,FLK,Total,0,,,,
2023,FLK,Total,0,,,,
2000,FRO,Total,36.364,,,,
2001,FRO,Total,33.333,,,,
2002,FRO,Total,41.667,,,,
2003,FRO,Total,33.333,,,,
2004,FRO,Total,40,,,,
2005,FRO,Total,44,,,,
2006,FRO,Total,44,,,,
2007,FRO,Total,44.444,,,,
2008,FRO,Total,37.037,,,,
2009,FRO,Total,37.037,,,,
2010,FRO,Total,28.571,,,,
2011,FRO,Total,37.037,,,,
2012,FRO,Total,37.931,,,,
2013,FRO,Total,37.931,,,,
2014,FRO,Total,51.613,,,,
2015,FRO,Total,59.375,,,,
2016,FRO,Total,48.387,,,,
2017,FRO,Total,51.515,,,,
2018,FRO,Total,48.571,,,,
2019,FRO,Total,39.474,,,,
2020,FRO,Total,39.024,,,,
2021,FRO,Total,39.535,,,,
2022,FRO,Total,45.833,,,,
2023,FRO,Total,46.939,,,,
2000,FJI,Total,72,,,,
2001,FJI,Total,74.684,,,,
2002,FJI,Total,69.88,,,,
2003,FJI,Total,54.023,,,,
2004,FJI,Total,56.818,,,,
2005,FJI,Total,52.809,,,,
2006,FJI,Total,52.222,,,,
2007,FJI,Total,68.539,,,,
2008,FJI,Total,67.857,,,,
2009,FJI,Total,62.651,,,,
2010,FJI,Total,52.273,,,,
2011,FJI,Total,57.647,,,,
2012,FJI,Total,66.279,,,,
2013,FJI,Total,63.636,,,,
2014,FJI,Total,48.352,,,,
2015,FJI,Total,48.387,,,,
2016,FJI,Total,54.737,,,,
2017,FJI,Total,50,,,,
2018,FJI,Total,59.091,,,,
2019,FJI,Total,57.895,,,,
2020,FJI,Total,62.963,,,,
2021,FJI,Total,62.264,,,,
2022,FJI,Total,60.748,,,,
2023,FJI,Total,63.478,,,,
2024,FJI,Total,63.478,,,,
1990,FIN,Total,64.827,,,,
1991,FIN,Total,65.062,,,,
1992,FIN,Total,68.146,,,,
1993,FIN,Total,64.478,,,,
1994,FIN,Total,57.452,,,,
1995,FIN,Total,60.578,,,,
1996,FIN,Total,53.73,,,,
1997,FIN,Total,59.384,,,,
1998,FIN,Total,65.968,,,,
1999,FIN,Total,63.613,,,,
2000,FIN,Total,65.542,,,,
2001,FIN,Total,59.516,,,,
2002,FIN,Total,56.233,,,,
2003,FIN,Total,49.585,,,,
2004,FIN,Total,56.326,,,,
2005,FIN,Total,66.227,,,,
2006,FIN,Total,55.134,,,,
2007,FIN,Total,58.815,,,,
2008,FIN,Total,65.585,,,,
2009,FIN,Total,62.767,,,,
2010,FIN,Total,58.259,,,,
2011,FIN,Total,64.449,,,,
2012,FIN,Total,73.214,,,,
2013,FIN,Total,69.099,,,,
2014,FIN,Total,73.216,,,,
2015,FIN,Total,78.385,,,,
2016,FIN,Total,77.978,,,,
2017,FIN,Total,79.902,,,,
2018,FIN,Total,78.214,,,,
2019,FIN,Total,81.256,,,,
2020,FIN,Total,85.529,,,,
2021,FIN,Total,85.675,,,,
2022,FIN,Total,88.68,,,,
2023,FIN,Total,93.977,,,,
2024,FIN,Total,95.348,,,,
2025,FIN,Total,96.343,,,,
1990,FRA,Total,88.621,,,,
1991,FRA,Total,86.55,,,,
1992,FRA,Total,88.993,,,,
1993,FRA,Total,92.606,,,,
1994,FRA,Total,92.879,,,,
1995,FRA,Total,92.129,,,,
1996,FRA,Total,91.463,,,,
1997,FRA,Total,92.181,,,,
1998,FRA,Total,89.228,,,,
1999,FRA,Total,90.07,,,,
2000,FRA,Total,90.692,,,,
2001,FRA,Total,91.627,,,,
2002,FRA,Total,90.605,,,,
2003,FRA,Total,89.879,,,,
2004,FRA,Total,90.175,,,,
2005,FRA,Total,88.996,,,,
2006,FRA,Total,90.093,,,,
2007,FRA,Total,89.711,,,,
2008,FRA,Total,90.264,,,,
2009,FRA,Total,90.361,,,,
2010,FRA,Total,89.836,,,,
2011,FRA,Total,89.562,,,,
2012,FRA,Total,89.97,,,,
2013,FRA,Total,90.7,,,,
2014,FRA,Total,93.678,,,,
2015,FRA,Total,92.183,,,,
2016,FRA,Total,89.865,,,,
2017,FRA,Total,88.219,,,,
2018,FRA,Total,91.419,,,,
2019,FRA,Total,90.52,,,,
2020,FRA,Total,90.822,,,,
2021,FRA,Total,91.123,,,,
2022,FRA,Total,87.115,,,,
2023,FRA,Total,92.085,,,,
2024,FRA,Total,94.9,,,,
2025,FRA,Total,94.852,,,,
2000,GUF,Total,89.13,,,,
2001,GUF,Total,70,,,,
2002,GUF,Total,66.667,,,,
2003,GUF,Total,50.746,,,,
2004,GUF,Total,61.194,,,,
2005,GUF,Total,60.563,,,,
2006,GUF,Total,73.973,,,,
2007,GUF,Total,68.493,,,,
2008,GUF,Total,66.667,,,,
2009,GUF,Total,44.872,,,,
2010,GUF,Total,56.627,,,,
2011,GUF,Total,61.446,,,,
2012,GUF,Total,69.663,,,,
2013,GUF,Total,60.674,,,,
2014,GUF,Total,60.87,,,,
2015,GUF,Total,59.14,,,,
2016,GUF,Total,54.945,,,,
2017,GUF,Total,67.391,,,,
2018,GUF,Total,64.516,,,,
2019,GUF,Total,49.474,,,,
2020,GUF,Total,52.632,,,,
2021,GUF,Total,70.103,,,,
2022,GUF,Total,71.579,,,,
2023,GUF,Total,65.306,,,,
2000,PYF,Total,29.268,,,,
2001,PYF,Total,23.81,,,,
2002,PYF,Total,28.261,,,,
2003,PYF,Total,31.915,,,,
2004,PYF,Total,33.333,,,,
2005,PYF,Total,35.294,,,,
2006,PYF,Total,37.736,,,,
2007,PYF,Total,40,,,,
2008,PYF,Total,36.842,,,,
2009,PYF,Total,36.207,,,,
2010,PYF,Total,34.177,,,,
2011,PYF,Total,31.081,,,,
2012,PYF,Total,29.167,,,,
2013,PYF,Total,25,,,,
2014,PYF,Total,29.412,,,,
2015,PYF,Total,29.412,,,,
2016,PYF,Total,30.882,,,,
2017,PYF,Total,31.884,,,,
2018,PYF,Total,29.412,,,,
2019,PYF,Total,28.986,,,,
2020,PYF,Total,30.303,,,,
2021,PYF,Total,28.788,,,,
2022,PYF,Total,33.803,,,,
2023,PYF,Total,33.803,,,,
2024,PYF,Total,34.722,,,,
2000,GAB,Total,61.832,,,,
2001,GAB,Total,62.857,,,,
2002,GAB,Total,62.585,,,,
2003,GAB,Total,58.824,,,,
2004,GAB,Total,58.17,,,,
2005,GAB,Total,51.592,,,,
2006,GAB,Total,57.229,,,,
2007,GAB,Total,46.243,,,,
2008,GAB,Total,49.171,,,,
2009,GAB,Total,51.913,,,,
2010,GAB,Total,47.15,,,,
2011,GAB,Total,41.379,,,,
2012,GAB,Total,42.13,,,,
2013,GAB,Total,44.976,,,,
2014,GAB,Total,40.201,,,,
2015,GAB,Total,43.396,,,,
2016,GAB,Total,37.9,,,,
2017,GAB,Total,41.964,,,,
2018,GAB,Total,47.122,,,,
2019,GAB,Total,46.479,,,,
2020,GAB,Total,48.805,,,,
2021,GAB,Total,46.622,,,,
2022,GAB,Total,47.962,,,,
2023,GAB,Total,35.521,,,,
2024,GAB,Total,35.385,,,,
2000,GMB,Total,0,,,,
2001,GMB,Total,0,,,,
2002,GMB,Total,0,,,,
2003,GMB,Total,0,,,,
2004,GMB,Total,0,,,,
2005,GMB,Total,0,,,,
2006,GMB,Total,0,,,,
2007,GMB,Total,0,,,,
2008,GMB,Total,0,,,,
2009,GMB,Total,0,,,,
2010,GMB,Total,0,,,,
2011,GMB,Total,0,,,,
2012,GMB,Total,0,,,,
2013,GMB,Total,0,,,,
2014,GMB,Total,0,,,,
2015,GMB,Total,0,,,,
2016,GMB,Total,0,,,,
2017,GMB,Total,0,,,,
2018,GMB,Total,0,,,,
2019,GMB,Total,0,,,,
2020,GMB,Total,0,,,,
2021,GMB,Total,0,,,,
2022,GMB,Total,0,,,,
2023,GMB,Total,0,,,,
2024,GMB,Total,0,,,,
2000,GEO,Total,78.804,,,,
2001,GEO,Total,79.797,,,,
2002,GEO,Total,93.185,,,,
2003,GEO,Total,90.986,,,,
2004,GEO,Total,87.318,,,,
2005,GEO,Total,85.694,,,,
2006,GEO,Total,70.415,,,,
2007,GEO,Total,79.412,,,,
2008,GEO,Total,84.606,,,,
2009,GEO,Total,88.115,,,,
2010,GEO,Total,93.166,,,,
2011,GEO,Total,77.944,,,,
2012,GEO,Total,74.324,,,,
2013,GEO,Total,82.064,,,,
2014,GEO,Total,80.175,,,,
2015,GEO,Total,77.86,,,,
2016,GEO,Total,80.505,,,,
2017,GEO,Total,80.507,,,,
2018,GEO,Total,82.475,,,,
2019,GEO,Total,76.054,,,,
2020,GEO,Total,74.731,,,,
2021,GEO,Total,81.171,,,,
2022,GEO,Total,76.211,,,,
2023,GEO,Total,76.091,,,,
2024,GEO,Total,79.828,,,,
2025,GEO,Total,79.63,,,,
1990,DEU,Total,31.64,,,,
1991,DEU,Total,30.635,,,,
1992,DEU,Total,33.447,,,,
1993,DEU,Total,33.377,,,,
1994,DEU,Total,33.419,,,,
1995,DEU,Total,33.73,,,,
1996,DEU,Total,34.031,,,,
1997,DEU,Total,35.394,,,,
1998,DEU,Total,33.958,,,,
1999,DEU,Total,36.177,,,,
2000,DEU,Total,36.035,,,,
2001,DEU,Total,36.132,,,,
2002,DEU,Total,35.859,,,,
2003,DEU,Total,35.169,,,,
2004,DEU,Total,36.916,,,,
2005,DEU,Total,36.926,,,,
2006,DEU,Total,38.056,,,,
2007,DEU,Total,36.44,,,,
2008,DEU,Total,38.41,,,,
2009,DEU,Total,39.29,,,,
2010,DEU,Total,39.405,,,,
2011,DEU,Total,38.413,,,,
2012,DEU,Total,39.183,,,,
2013,DEU,Total,39.581,,,,
2014,DEU,Total,41.868,,,,
2015,DEU,Total,43.796,,,,
2016,DEU,Total,42.674,,,,
2017,DEU,Total,45.309,,,,
2018,DEU,Total,47.278,,,,
2019,DEU,Total,52.699,,,,
2020,DEU,Total,55.734,,,,
2021,DEU,Total,52.11,,,,
2022,DEU,Total,50.496,,,,
2023,DEU,Total,56.11,,,,
2024,DEU,Total,58.642,,,,
2025,DEU,Total,59.045,,,,
2000,GHA,Total,91.353,,,,
2001,GHA,Total,83.867,,,,
2002,GHA,Total,68.776,,,,
2003,GHA,Total,65.646,,,,
2004,GHA,Total,87.333,,,,
2005,GHA,Total,82.789,,,,
2006,GHA,Total,66.389,,,,
2007,GHA,Total,53.161,,,,
2008,GHA,Total,73.918,,,,
2009,GHA,Total,76.398,,,,
2010,GHA,Total,68.676,,,,
2011,GHA,Total,66.401,,,,
2012,GHA,Total,65.926,,,,
2013,GHA,Total,62.895,,,,
2014,GHA,Total,63.609,,,,
2015,GHA,Total,49.914,,,,
2016,GHA,Total,42.217,,,,
2017,GHA,Total,42.632,,,,
2018,GHA,Total,40.711,,,,
2019,GHA,Total,42.312,,,,
2020,GHA,Total,37.354,,,,
2021,GHA,Total,34.783,,,,
2022,GHA,Total,36.047,,,,
2023,GHA,Total,38.519,,,,
2024,GHA,Total,36.218,,,,
1990,GRC,Total,5.175,,,,
1991,GRC,Total,8.809,,,,
1992,GRC,Total,6.012,,,,
1993,GRC,Total,6.175,,,,
1994,GRC,Total,6.597,,,,
1995,GRC,Total,8.696,,,,
1996,GRC,Total,10.41,,,,
1997,GRC,Total,9.157,,,,
1998,GRC,Total,8.293,,,,
1999,GRC,Total,9.716,,,,
2000,GRC,Total,7.82,,,,
2001,GRC,Total,5.596,,,,
2002,GRC,Total,6.709,,,,
2003,GRC,Total,10.283,,,,
2004,GRC,Total,10.151,,,,
2005,GRC,Total,10.914,,,,
2006,GRC,Total,12.91,,,,
2007,GRC,Total,7.356,,,,
2008,GRC,Total,9.247,,,,
2009,GRC,Total,13.523,,,,
2010,GRC,Total,18.601,,,,
2011,GRC,Total,13.944,,,,
2012,GRC,Total,16.909,,,,
2013,GRC,Total,25.475,,,,
2014,GRC,Total,24.547,,,,
2015,GRC,Total,29.089,,,,
2016,GRC,Total,27.656,,,,
2017,GRC,Total,25.182,,,,
2018,GRC,Total,30.679,,,,
2019,GRC,Total,33.577,,,,
2020,GRC,Total,36.94,,,,
2021,GRC,Total,40.8,,,,
2022,GRC,Total,43.449,,,,
2023,GRC,Total,49.826,,,,
2024,GRC,Total,49.229,,,,
2025,GRC,Total,47.773,,,,
2000,GRL,Total,58.621,,,,
2001,GRL,Total,57.143,,,,
2002,GRL,Total,58.065,,,,
2003,GRL,Total,58.065,,,,
2004,GRL,Total,57.576,,,,
2005,GRL,Total,58.824,,,,
2006,GRL,Total,57.143,,,,
2007,GRL,Total,55.556,,,,
2008,GRL,Total,54.054,,,,
2009,GRL,Total,63.415,,,,
2010,GRL,Total,70.732,,,,
2011,GRL,Total,75.556,,,,
2012,GRL,Total,75.556,,,,
2013,GRL,Total,80.435,,,,
2014,GRL,Total,81.25,,,,
2015,GRL,Total,82.353,,,,
2016,GRL,Total,83.333,,,,
2017,GRL,Total,76,,,,
2018,GRL,Total,80.769,,,,
2019,GRL,Total,83.673,,,,
2020,GRL,Total,82.692,,,,
2021,GRL,Total,84.314,,,,
2022,GRL,Total,87.037,,,,
2023,GRL,Total,81.967,,,,
2024,GRL,Total,83.333,,,,
2000,GRD,Total,0,,,,
2001,GRD,Total,0,,,,
2002,GRD,Total,0,,,,
2003,GRD,Total,0,,,,
2004,GRD,Total,0,,,,
2005,GRD,Total,0,,,,
2006,GRD,Total,0,,,,
2007,GRD,Total,0,,,,
2008,GRD,Total,0,,,,
2009,GRD,Total,0,,,,
2010,GRD,Total,0,,,,
2011,GRD,Total,0,,,,
2012,GRD,Total,0,,,,
2013,GRD,Total,0,,,,
2014,GRD,Total,0,,,,
2015,GRD,Total,0,,,,
2016,GRD,Total,0,,,,
2017,GRD,Total,0,,,,
2018,GRD,Total,0,,,,
2019,GRD,Total,0,,,,
2020,GRD,Total,0,,,,
2021,GRD,Total,0,,,,
2022,GRD,Total,0,,,,
2023,GRD,Total,0,,,,
2024,GRD,Total,0,,,,
2000,GLP,Total,9.836,,,,
2001,GLP,Total,8.527,,,,
2002,GLP,Total,10.526,,,,
2003,GLP,Total,9.42,,,,
2004,GLP,Total,11.888,,,,
2005,GLP,Total,14,,,,
2006,GLP,Total,13.072,,,,
2007,GLP,Total,13.75,,,,
2008,GLP,Total,13.665,,,,
2009,GLP,Total,11.656,,,,
2010,GLP,Total,8.671,,,,
2011,GLP,Total,11.905,,,,
2012,GLP,Total,15.116,,,,
2013,GLP,Total,17.816,,,,
2014,GLP,Total,18.391,,,,
2015,GLP,Total,17.614,,,,
2016,GLP,Total,16.949,,,,
2017,GLP,Total,20.455,,,,
2018,GLP,Total,21.637,,,,
2019,GLP,Total,21.512,,,,
2020,GLP,Total,24.118,,,,
2021,GLP,Total,33.735,,,,
2022,GLP,Total,34.756,,,,
2023,GLP,Total,35.329,,,,
2000,GUM,Total,0,,,,
2001,GUM,Total,0,,,,
2002,GUM,Total,0,,,,
2003,GUM,Total,0,,,,
2004,GUM,Total,0,,,,
2005,GUM,Total,0,,,,
2006,GUM,Total,0,,,,
2007,GUM,Total,0,,,,
2008,GUM,Total,0,,,,
2009,GUM,Total,0,,,,
2010,GUM,Total,0,,,,
2011,GUM,Total,0,,,,
2012,GUM,Total,0,,,,
2013,GUM,Total,0,,,,
2014,GUM,Total,0,,,,
2015,GUM,Total,1.754,,,,
2016,GUM,Total,4.023,,,,
2017,GUM,Total,3.39,,,,
2018,GUM,Total,4.046,,,,
2019,GUM,Total,4.571,,,,
2020,GUM,Total,4.678,,,,
2021,GUM,Total,4.598,,,,
2022,GUM,Total,7.778,,,,
2023,GUM,Total,7.778,,,,
2024,GUM,Total,8.602,,,,
2000,GTM,Total,50.155,,,,
2001,GTM,Total,43.685,,,,
2002,GTM,Total,39.64,,,,
2003,GTM,Total,48.77,,,,
2004,GTM,Total,50.935,,,,
2005,GTM,Total,56.115,,,,
2006,GTM,Total,53.494,,,,
2007,GTM,Total,50.917,,,,
2008,GTM,Total,54.954,,,,
2009,GTM,Total,45.791,,,,
2010,GTM,Total,63.688,,,,
2011,GTM,Total,62.671,,,,
2012,GTM,Total,66.667,,,,
2013,GTM,Total,67.589,,,,
2014,GTM,Total,68.421,,,,
2015,GTM,Total,61.146,,,,
2016,GTM,Total,61.804,,,,
2017,GTM,Total,68.639,,,,
2018,GTM,Total,66.113,,,,
2019,GTM,Total,63.858,,,,
2020,GTM,Total,75.765,,,,
2021,GTM,Total,73.497,,,,
2022,GTM,Total,84.644,,,,
2023,GTM,Total,67.27,,,,
2024,GTM,Total,68.334,,,,
2000,GIN,Total,50.617,,,,
2001,GIN,Total,57.292,,,,
2002,GIN,Total,58.416,,,,
2003,GIN,Total,46.512,,,,
2004,GIN,Total,61.111,,,,
2005,GIN,Total,62.025,,,,
2006,GIN,Total,63.014,,,,
2007,GIN,Total,67.949,,,,
2008,GIN,Total,64.198,,,,
2009,GIN,Total,65,,,,
2010,GIN,Total,76.19,,,,
2011,GIN,Total,74.545,,,,
2012,GIN,Total,67.123,,,,
2013,GIN,Total,73.846,,,,
2014,GIN,Total,59.155,,,,
2015,GIN,Total,78.947,,,,
2016,GIN,Total,68.323,,,,
2017,GIN,Total,69.492,,,,
2018,GIN,Total,62.371,,,,
2019,GIN,Total,63.902,,,,
2020,GIN,Total,60.887,,,,
2021,GIN,Total,73.077,,,,
2022,GIN,Total,74.5,,,,
2023,GIN,Total,74.5,,,,
2024,GIN,Total,75.186,,,,
2000,GNB,Total,0,,,,
2001,GNB,Total,0,,,,
2002,GNB,Total,0,,,,
2003,GNB,Total,0,,,,
2004,GNB,Total,0,,,,
2005,GNB,Total,0,,,,
2006,GNB,Total,0,,,,
2007,GNB,Total,0,,,,
2008,GNB,Total,0,,,,
2009,GNB,Total,0,,,,
2010,GNB,Total,0,,,,
2011,GNB,Total,0,,,,
2012,GNB,Total,0,,,,
2013,GNB,Total,0,,,,
2014,GNB,Total,0,,,,
2015,GNB,Total,0,,,,
2016,GNB,Total,0,,,,
2017,GNB,Total,0,,,,
2018,GNB,Total,0,,,,
2019,GNB,Total,0,,,,
2020,GNB,Total,0,,,,
2021,GNB,Total,0,,,,
2022,GNB,Total,0,,,,
2023,GNB,Total,0,,,,
2024,GNB,Total,0,,,,
2000,GUY,Total,1.111,,,,
2001,GUY,Total,1.087,,,,
2002,GUY,Total,1.087,,,,
2003,GUY,Total,1.22,,,,
2004,GUY,Total,1.163,,,,
2005,GUY,Total,1.538,,,,
2006,GUY,Total,1.515,,,,
2007,GUY,Total,1.429,,,,
2008,GUY,Total,1.408,,,,
2009,GUY,Total,1.205,,,,
2010,GUY,Total,4.444,,,,
2011,GUY,Total,5.263,,,,
2012,GUY,Total,4.167,,,,
2013,GUY,Total,4.082,,,,
2014,GUY,Total,4,,,,
2015,GUY,Total,3.96,,,,
2016,GUY,Total,3.636,,,,
2017,GUY,Total,3.571,,,,
2018,GUY,Total,2.632,,,,
2019,GUY,Total,3.478,,,,
2020,GUY,Total,2.632,,,,
2021,GUY,Total,3.509,,,,
2022,GUY,Total,2.344,,,,
2023,GUY,Total,2.899,,,,
2024,GUY,Total,2.899,,,,
2000,HTI,Total,51.852,,,,
2001,HTI,Total,47.458,,,,
2002,HTI,Total,47.273,,,,
2003,HTI,Total,47.17,,,,
2004,HTI,Total,47.273,,,,
2005,HTI,Total,47.273,,,,
2006,HTI,Total,47.368,,,,
2007,HTI,Total,32.609,,,,
2008,HTI,Total,36.735,,,,
2009,HTI,Total,28.169,,,,
2010,HTI,Total,25,,,,
2011,HTI,Total,12.121,,,,
2012,HTI,Total,20,,,,
2013,HTI,Total,13.333,,,,
2014,HTI,Total,8.738,,,,
2015,HTI,Total,7.767,,,,
2016,HTI,Total,6.481,,,,
2017,HTI,Total,12.264,,,,
2018,HTI,Total,18.269,,,,
2019,HTI,Total,16.038,,,,
2020,HTI,Total,13.725,,,,
2021,HTI,Total,12.621,,,,
2022,HTI,Total,18.812,,,,
2023,HTI,Total,22.353,,,,
2024,HTI,Total,18.605,,,,
2000,HND,Total,61.813,,,,
2001,HND,Total,49.616,,,,
2002,HND,Total,40.723,,,,
2003,HND,Total,41.026,,,,
2004,HND,Total,34.109,,,,
2005,HND,Total,33.092,,,,
2006,HND,Total,36.745,,,,
2007,HND,Total,37.52,,,,
2008,HND,Total,38.117,,,,
2009,HND,Total,47.376,,,,
2010,HND,Total,48.611,,,,
2011,HND,Total,46.051,,,,
2012,HND,Total,46.429,,,,
2013,HND,Total,44.093,,,,
2014,HND,Total,40.602,,,,
2015,HND,Total,44.062,,,,
2016,HND,Total,48.065,,,,
2017,HND,Total,57.356,,,,
2018,HND,Total,62.822,,,,
2019,HND,Total,52.908,,,,
2020,HND,Total,54.635,,,,
2021,HND,Total,61.421,,,,
2022,HND,Total,59.665,,,,
2023,HND,Total,54.363,,,,
2024,HND,Total,55.449,,,,
2000,HKG,Total,0,,,,
2001,HKG,Total,0,,,,
2002,HKG,Total,0,,,,
2003,HKG,Total,0,,,,
2004,HKG,Total,0,,,,
2005,HKG,Total,0,,,,
2006,HKG,Total,0,,,,
2007,HKG,Total,0,,,,
2008,HKG,Total,0,,,,
2009,HKG,Total,0,,,,
2010,HKG,Total,0.105,,,,
2011,HKG,Total,0.103,,,,
2012,HKG,Total,0.104,,,,
2013,HKG,Total,0.103,,,,
2014,HKG,Total,0.101,,,,
2015,HKG,Total,0.185,,,,
2016,HKG,Total,0.367,,,,
2017,HKG,Total,0.406,,,,
2018,HKG,Total,0.41,,,,
2019,HKG,Total,0.433,,,,
2020,HKG,Total,0.553,,,,
2021,HKG,Total,0.718,,,,
2022,HKG,Total,0.914,,,,
2023,HKG,Total,0.954,,,,
2024,HKG,Total,1.042,,,,
1990,HUN,Total,48.98,,,,
1991,HUN,Total,46.529,,,,
1992,HUN,Total,44.729,,,,
1993,HUN,Total,42.571,,,,
1994,HUN,Total,42.542,,,,
1995,HUN,Total,41.887,,,,
1996,HUN,Total,41.151,,,,
1997,HUN,Total,40.226,,,,
1998,HUN,Total,38.091,,,,
1999,HUN,Total,37.906,,,,
2000,HUN,Total,40.978,,,,
2001,HUN,Total,39.511,,,,
2002,HUN,Total,39.225,,,,
2003,HUN,Total,33.226,,,,
2004,HUN,Total,38.119,,,,
2005,HUN,Total,43.916,,,,
2006,HUN,Total,41.702,,,,
2007,HUN,Total,41.441,,,,
2008,HUN,Total,42.904,,,,
2009,HUN,Total,51.016,,,,
2010,HUN,Total,50.268,,,,
2011,HUN,Total,51.083,,,,
2012,HUN,Total,53.235,,,,
2013,HUN,Total,59.96,,,,
2014,HUN,Total,64.001,,,,
2015,HUN,Total,62.809,,,,
2016,HUN,Total,60.54,,,,
2017,HUN,Total,59.478,,,,
2018,HUN,Total,60.842,,,,
2019,HUN,Total,61.231,,,,
2020,HUN,Total,61.798,,,,
2021,HUN,Total,63.435,,,,
2022,HUN,Total,65.595,,,,
2023,HUN,Total,71.187,,,,
2024,HUN,Total,73.632,,,,
2025,HUN,Total,75.323,,,,
2000,ISL,Total,100,,,,
2001,ISL,Total,100,,,,
2002,ISL,Total,99.88,,,,
2003,ISL,Total,99.882,,,,
2004,ISL,Total,100,,,,
2005,ISL,Total,100,,,,
2006,ISL,Total,100,,,,
2007,ISL,Total,100,,,,
2008,ISL,Total,100,,,,
2009,ISL,Total,100,,,,
2010,ISL,Total,100,,,,
2011,ISL,Total,100,,,,
2012,ISL,Total,100,,,,
2013,ISL,Total,100,,,,
2014,ISL,Total,100,,,,
2015,ISL,Total,100,,,,
2016,ISL,Total,100,,,,
2017,ISL,Total,100,,,,
2018,ISL,Total,100,,,,
2019,ISL,Total,100,,,,
2020,ISL,Total,100,,,,
2021,ISL,Total,100,,,,
2022,ISL,Total,100,,,,
2023,ISL,Total,100,,,,
2024,ISL,Total,100,,,,
1985,IND,Total,30.216,,,,
1986,IND,Total,28.416,,,,
1987,IND,Total,24.268,,,,
1988,IND,Total,25.151,,,,
1989,IND,Total,24.734,,,,
1990,IND,Total,25.32,,,,
1991,IND,Total,24.821,,,,
1992,IND,Total,22.741,,,,
1993,IND,Total,21.344,,,,
1994,IND,Total,22.097,,,,
1995,IND,Total,19.804,,,,
1996,IND,Total,17.849,,,,
1997,IND,Total,17.533,,,,
1998,IND,Total,19.28,,,,
1999,IND,Total,17.927,,,,
2000,IND,Total,16.808,,,,
2001,IND,Total,16.223,,,,
2002,IND,Total,15.112,,,,
2003,IND,Total,14.538,,,,
2004,IND,Total,18.682,,,,
2005,IND,Total,17.771,,,,
2006,IND,Total,19.504,,,,
2007,IND,Total,20.041,,,,
2008,IND,Total,18.607,,,,
2009,IND,Total,17.08,,,,
2010,IND,Total,17.579,,,,
2011,IND,Total,19.777,,,,
2012,IND,Total,17.913,,,,
2013,IND,Total,18.953,,,,
2014,IND,Total,18.527,,,,
2015,IND,Total,17.548,,,,
2016,IND,Total,17.155,,,,
2017,IND,Total,18.01,,,,
2018,IND,Total,18.778,,,,
2019,IND,Total,20.437,,,,
2020,IND,Total,21.86,,,,
2021,IND,Total,21.407,,,,
2022,IND,Total,22.75,,,,
2023,IND,Total,21.799,,,,
2024,IND,Total,22.494,,,,
2025,IND,Total,26.653,,,,
2000,IDN,Total,19.992,,,,
2001,IDN,Total,20.902,,,,
2002,IDN,Total,18.577,,,,
2003,IDN,Total,16.884,,,,
2004,IDN,Total,16.806,,,,
2005,IDN,Total,17.052,,,,
2006,IDN,Total,15.348,,,,
2007,IDN,Total,16.368,,,,
2008,IDN,Total,16.895,,,,
2009,IDN,Total,16.449,,,,
2010,IDN,Total,19.503,,,,
2011,IDN,Total,15.875,,,,
2012,IDN,Total,14.888,,,,
2013,IDN,Total,15.765,,,,
2014,IDN,Total,14.486,,,,
2015,IDN,Total,13.795,,,,
2016,IDN,Total,15.368,,,,
2017,IDN,Total,16.247,,,,
2018,IDN,Total,17.048,,,,
2019,IDN,Total,16.26,,,,
2020,IDN,Total,18.124,,,,
2021,IDN,Total,18.167,,,,
2022,IDN,Total,19.611,,,,
2023,IDN,Total,18.597,,,,
2024,IDN,Total,18.09,,,,
1985,IRN,Total,15.159,,,,
1986,IRN,Total,16.71,,,,
1987,IRN,Total,17.351,,,,
1988,IRN,Total,17.561,,,,
1989,IRN,Total,13.088,,,,
1990,IRN,Total,12.801,,,,
1991,IRN,Total,8.932,,,,
1992,IRN,Total,13.697,,,,
1993,IRN,Total,14.1,,,,
1994,IRN,Total,8.519,,,,
1995,IRN,Total,9.864,,,,
1996,IRN,Total,9.818,,,,
1997,IRN,Total,6.125,,,,
1998,IRN,Total,7.315,,,,
1999,IRN,Total,4.705,,,,
2000,IRN,Total,3.201,,,,
2001,IRN,Total,3.253,,,,
2002,IRN,Total,5.816,,,,
2003,IRN,Total,6.344,,,,
2004,IRN,Total,7.361,,,,
2005,IRN,Total,8.2,,,,
2006,IRN,Total,9.637,,,,
2007,IRN,Total,8.911,,,,
2008,IRN,Total,3.63,,,,
2009,IRN,Total,3.133,,,,
2010,IRN,Total,4.425,,,,
2011,IRN,Total,4.678,,,,
2012,IRN,Total,5.729,,,,
2013,IRN,Total,7.386,,,,
2014,IRN,Total,6.828,,,,
2015,IRN,Total,6.034,,,,
2016,IRN,Total,7.713,,,,
2017,IRN,Total,8.068,,,,
2018,IRN,Total,5.673,,,,
2019,IRN,Total,13.021,,,,
2020,IRN,Total,9.27,,,,
2021,IRN,Total,5.37,,,,
2022,IRN,Total,6.086,,,,
2023,IRN,Total,8.212,,,,
2024,IRN,Total,7.176,,,,
2025,IRN,Total,5.867,,,,
2000,IRQ,Total,1.912,,,,
2001,IRQ,Total,1.922,,,,
2002,IRQ,Total,1.536,,,,
2003,IRQ,Total,1.518,,,,
2004,IRQ,Total,1.517,,,,
2005,IRQ,Total,19.737,,,,
2006,IRQ,Total,18.031,,,,
2007,IRQ,Total,17.268,,,,
2008,IRQ,Total,9.436,,,,
2009,IRQ,Total,8.534,,,,
2010,IRQ,Total,9.753,,,,
2011,IRQ,Total,6.308,,,,
2012,IRQ,Total,9.539,,,,
2013,IRQ,Total,8.166,,,,
2014,IRQ,Total,4.331,,,,
2015,IRQ,Total,3.695,,,,
2016,IRQ,Total,4.187,,,,
2017,IRQ,Total,2.394,,,,
2018,IRQ,Total,1.91,,,,
2019,IRQ,Total,4.357,,,,
2020,IRQ,Total,3.876,,,,
2021,IRQ,Total,3.096,,,,
2022,IRQ,Total,2.264,,,,
2023,IRQ,Total,1.214,,,,
2024,IRQ,Total,1.623,,,,
1990,IRL,Total,4.926,,,,
1991,IRL,Total,5.03,,,,
1992,IRL,Total,5.266,,,,
1993,IRL,Total,4.839,,,,
1994,IRL,Total,5.599,,,,
1995,IRL,Total,4.155,,,,
1996,IRL,Total,4.028,,,,
1997,IRL,Total,4.122,,,,
1998,IRL,Total,5.659,,,,
1999,IRL,Total,5.203,,,,
2000,IRL,Total,5.036,,,,
2001,IRL,Total,4.229,,,,
2002,IRL,Total,5.565,,,,
2003,IRL,Total,4.631,,,,
2004,IRL,Total,5.595,,,,
2005,IRL,Total,7.383,,,,
2006,IRL,Total,9.225,,,,
2007,IRL,Total,10.014,,,,
2008,IRL,Total,12.162,,,,
2009,IRL,Total,14.868,,,,
2010,IRL,Total,13.388,,,,
2011,IRL,Total,20.221,,,,
2012,IRL,Total,19.588,,,,
2013,IRL,Total,22.287,,,,
2014,IRL,Total,25.019,,,,
2015,IRL,Total,28.313,,,,
2016,IRL,Total,25.116,,,,
2017,IRL,Total,29.263,,,,
2018,IRL,Total,33.312,,,,
2019,IRL,Total,38.711,,,,
2020,IRL,Total,42.444,,,,
2021,IRL,Total,37.051,,,,
2022,IRL,Total,39.213,,,,
2023,IRL,Total,45.276,,,,
2024,IRL,Total,46.525,,,,
2025,IRL,Total,48.146,,,,
2000,ISR,Total,0.07,,,,
2001,ISR,Total,0.046,,,,
2002,ISR,Total,0.066,,,,
2003,ISR,Total,0.085,,,,
2004,ISR,Total,0.085,,,,
2005,ISR,Total,0.082,,,,
2006,ISR,Total,0.04,,,,
2007,ISR,Total,0.037,,,,
2008,ISR,Total,0.07,,,,
2009,ISR,Total,0.164,,,,
2010,ISR,Total,0.29,,,,
2011,ISR,Total,0.503,,,,
2012,ISR,Total,0.778,,,,
2013,ISR,Total,0.93,,,,
2014,ISR,Total,1.577,,,,
2015,ISR,Total,1.899,,,,
2016,ISR,Total,2.537,,,,
2017,ISR,Total,2.506,,,,
2018,ISR,Total,2.724,,,,
2019,ISR,Total,4.827,,,,
2020,ISR,Total,6.104,,,,
2021,ISR,Total,7.852,,,,
2022,ISR,Total,9.718,,,,
2023,ISR,Total,11.791,,,,
2024,ISR,Total,13.806,,,,
2025,ISR,Total,16.931,,,,
1990,ITA,Total,16.373,,,,
1991,ITA,Total,20.844,,,,
1992,ITA,Total,20.554,,,,
1993,ITA,Total,20.579,,,,
1994,ITA,Total,21.093,,,,
1995,ITA,Total,17.466,,,,
1996,ITA,Total,19.307,,,,
1997,ITA,Total,18.738,,,,
1998,ITA,Total,18.324,,,,
1999,ITA,Total,19.796,,,,
2000,ITA,Total,18.845,,,,
2001,ITA,Total,19.989,,,,
2002,ITA,Total,17.407,,,,
2003,ITA,Total,16.369,,,,
2004,ITA,Total,18.341,,,,
2005,ITA,Total,16.438,,,,
2006,ITA,Total,16.57,,,,
2007,ITA,Total,15.586,,,,
2008,ITA,Total,18.667,,,,
2009,ITA,Total,24.186,,,,
2010,ITA,Total,25.948,,,,
2011,ITA,Total,27.801,,,,
2012,ITA,Total,31.235,,,,
2013,ITA,Total,39.158,,,,
2014,ITA,Total,43.641,,,,
2015,ITA,Total,38.931,,,,
2016,ITA,Total,37.772,,,,
2017,ITA,Total,35.568,,,,
2018,ITA,Total,39.995,,,,
2019,ITA,Total,39.943,,,,
2020,ITA,Total,42.231,,,,
2021,ITA,Total,40.747,,,,
2022,ITA,Total,35.857,,,,
2023,ITA,Total,44.55,,,,
2024,ITA,Total,50.172,,,,
2025,ITA,Total,48.732,,,,
2000,JAM,Total,4.579,,,,
2001,JAM,Total,3.387,,,,
2002,JAM,Total,2.155,,,,
2003,JAM,Total,2.507,,,,
2004,JAM,Total,3.172,,,,
2005,JAM,Total,3.614,,,,
2006,JAM,Total,3.733,,,,
2007,JAM,Total,4.95,,,,
2008,JAM,Total,6.147,,,,
2009,JAM,Total,7.5,,,,
2010,JAM,Total,7.639,,,,
2011,JAM,Total,8.716,,,,
2012,JAM,Total,10.209,,,,
2013,JAM,Total,9.324,,,,
2014,JAM,Total,9.859,,,,
2015,JAM,Total,10.28,,,,
2016,JAM,Total,12.249,,,,
2017,JAM,Total,11.644,,,,
2018,JAM,Total,14.646,,,,
2019,JAM,Total,12.716,,,,
2020,JAM,Total,13.785,,,,
2021,JAM,Total,13.333,,,,
2022,JAM,Total,12.918,,,,
2023,JAM,Total,12.159,,,,
2024,JAM,Total,12.602,,,,
1985,JPN,Total,37.971,,,,
1986,JPN,Total,38.44,,,,
1987,JPN,Total,38.686,,,,
1988,JPN,Total,37.172,,,,
1989,JPN,Total,36.836,,,,
1990,JPN,Total,33.216,,,,
1991,JPN,Total,34.539,,,,
1992,JPN,Total,33.699,,,,
1993,JPN,Total,37.994,,,,
1994,JPN,Total,34.151,,,,
1995,JPN,Total,37.593,,,,
1996,JPN,Total,37.77,,,,
1997,JPN,Total,40.207,,,,
1998,JPN,Total,40.708,,,,
1999,JPN,Total,38.713,,,,
2000,JPN,Total,38.207,,,,
2001,JPN,Total,38.671,,,,
2002,JPN,Total,37.432,,,,
2003,JPN,Total,31.321,,,,
2004,JPN,Total,35.525,,,,
2005,JPN,Total,34.328,,,,
2006,JPN,Total,35.965,,,,
2007,JPN,Total,32.266,,,,
2008,JPN,Total,29.883,,,,
2009,JPN,Total,33.386,,,,
2010,JPN,Total,35.518,,,,
2011,JPN,Total,25.034,,,,
2012,JPN,Total,11.683,,,,
2013,JPN,Total,12.425,,,,
2014,JPN,Total,12.6,,,,
2015,JPN,Total,15.39,,,,
2016,JPN,Total,15.93,,,,
2017,JPN,Total,17.864,,,,
2018,JPN,Total,20.726,,,,
2019,JPN,Total,23.11,,,,
2020,JPN,Total,23.345,,,,
2021,JPN,Total,26.033,,,,
2022,JPN,Total,25.463,,,,
2023,JPN,Total,29.831,,,,
2024,JPN,Total,31.289,,,,
2025,JPN,Total,32.702,,,,
2000,JOR,Total,0.543,,,,
2001,JOR,Total,0.531,,,,
2002,JOR,Total,0.616,,,,
2003,JOR,Total,0.623,,,,
2004,JOR,Total,0.67,,,,
2005,JOR,Total,0.622,,,,
2006,JOR,Total,0.54,,,,
2007,JOR,Total,0.546,,,,
2008,JOR,Total,0.495,,,,
2009,JOR,Total,0.49,,,,
2010,JOR,Total,0.474,,,,
2011,JOR,Total,0.41,,,,
2012,JOR,Total,0.422,,,,
2013,JOR,Total,0.348,,,,
2014,JOR,Total,0.383,,,,
2015,JOR,Total,1.207,,,,
2016,JOR,Total,4.372,,,,
2017,JOR,Total,6.737,,,,
2018,JOR,Total,10.604,,,,
2019,JOR,Total,14.418,,,,
2020,JOR,Total,18.937,,,,
2021,JOR,Total,22.987,,,,
2022,JOR,Total,23.128,,,,
2023,JOR,Total,21.96,,,,
2024,JOR,Total,24.081,,,,
1985,KAZ,Total,6.411,,,,
1986,KAZ,Total,5.618,,,,
1987,KAZ,Total,6.475,,,,
1988,KAZ,Total,7.905,,,,
1989,KAZ,Total,8.242,,,,
1990,KAZ,Total,8.434,,,,
1991,KAZ,Total,9.001,,,,
1992,KAZ,Total,8.813,,,,
1993,KAZ,Total,10.374,,,,
1994,KAZ,Total,14.318,,,,
1995,KAZ,Total,12.601,,,,
1996,KAZ,Total,12.632,,,,
1997,KAZ,Total,13.074,,,,
1998,KAZ,Total,12.51,,,,
1999,KAZ,Total,12.96,,,,
2000,KAZ,Total,14.582,,,,
2001,KAZ,Total,14.59,,,,
2002,KAZ,Total,15.241,,,,
2003,KAZ,Total,13.498,,,,
2004,KAZ,Total,12.039,,,,
2005,KAZ,Total,11.572,,,,
2006,KAZ,Total,10.843,,,,
2007,KAZ,Total,10.663,,,,
2008,KAZ,Total,9.284,,,,
2009,KAZ,Total,8.739,,,,
2010,KAZ,Total,9.704,,,,
2011,KAZ,Total,9.101,,,,
2012,KAZ,Total,8.431,,,,
2013,KAZ,Total,8.347,,,,
2014,KAZ,Total,8.738,,,,
2015,KAZ,Total,10.311,,,,
2016,KAZ,Total,12.66,,,,
2017,KAZ,Total,11.288,,,,
2018,KAZ,Total,10.17,,,,
2019,KAZ,Total,10.415,,,,
2020,KAZ,Total,10.99,,,,
2021,KAZ,Total,10.94,,,,
2022,KAZ,Total,11.707,,,,
2023,KAZ,Total,12.73,,,,
2024,KAZ,Total,15.214,,,,
2025,KAZ,Total,14.86,,,,
2000,KEN,Total,40.371,,,,
2001,KEN,Total,59.459,,,,
2002,KEN,Total,76.699,,,,
2003,KEN,Total,81.934,,,,
2004,KEN,Total,70.455,,,,
2005,KEN,Total,66.716,,,,
2006,KEN,Total,62.85,,,,
2007,KEN,Total,74.063,,,,
2008,KEN,Total,72.683,,,,
2009,KEN,Total,60.611,,,,
2010,KEN,Total,74.441,,,,
2011,KEN,Total,69.221,,,,
2012,KEN,Total,77.479,,,,
2013,KEN,Total,78.342,,,,
2014,KEN,Total,76.413,,,,
2015,KEN,Total,89.806,,,,
2016,KEN,Total,89.256,,,,
2017,KEN,Total,80.886,,,,
2018,KEN,Total,86.283,,,,
2019,KEN,Total,88.668,,,,
2020,KEN,Total,93.579,,,,
2021,KEN,Total,89.822,,,,
2022,KEN,Total,87.809,,,,
2023,KEN,Total,89.766,,,,
2024,KEN,Total,91.478,,,,
2025,KEN,Total,90.1,,,,
2000,KIR,Total,0,,,,
2001,KIR,Total,0,,,,
2002,KIR,Total,0,,,,
2003,KIR,Total,0,,,,
2004,KIR,Total,0,,,,
2005,KIR,Total,0,,,,
2006,KIR,Total,0,,,,
2007,KIR,Total,0,,,,
2008,KIR,Total,0,,,,
2009,KIR,Total,0,,,,
2010,KIR,Total,0,,,,
2011,KIR,Total,0,,,,
2012,KIR,Total,0,,,,
2013,KIR,Total,0,,,,
2014,KIR,Total,0,,,,
2015,KIR,Total,0,,,,
2016,KIR,Total,0,,,,
2017,KIR,Total,0,,,,
2018,KIR,Total,0,,,,
2019,KIR,Total,25,,,,
2020,KIR,Total,25,,,,
2021,KIR,Total,25,,,,
2022,KIR,Total,25,,,,
2023,KIR,Total,25,,,,
2024,KIR,Total,25,,,,
2000,XKX,Total,1.689,,,,
2001,XKX,Total,1.34,,,,
2002,XKX,Total,1.348,,,,
2003,XKX,Total,1.377,,,,
2004,XKX,Total,2.696,,,,
2005,XKX,Total,2.466,,,,
2006,XKX,Total,2.257,,,,
2007,XKX,Total,1.863,,,,
2008,XKX,Total,1.55,,,,
2009,XKX,Total,2.414,,,,
2010,XKX,Total,3.095,,,,
2011,XKX,Total,1.724,,,,
2012,XKX,Total,1.684,,,,
2013,XKX,Total,2.147,,,,
2014,XKX,Total,2.762,,,,
2015,XKX,Total,2.291,,,,
2016,XKX,Total,4.181,,,,
2017,XKX,Total,3.041,,,,
2018,XKX,Total,5.076,,,,
2019,XKX,Total,4.882,,,,
2020,XKX,Total,5.373,,,,
2021,XKX,Total,6.512,,,,
2022,XKX,Total,6.512,,,,
2023,XKX,Total,12.618,,,,
2024,XKX,Total,8.593,,,,
2025,XKX,Total,10.903,,,,
2000,KWT,Total,0,,,,
2001,KWT,Total,0,,,,
2002,KWT,Total,0,,,,
2003,KWT,Total,0,,,,
2004,KWT,Total,0,,,,
2005,KWT,Total,0,,,,
2006,KWT,Total,0,,,,
2007,KWT,Total,0,,,,
2008,KWT,Total,0,,,,
2009,KWT,Total,0,,,,
2010,KWT,Total,0,,,,
2011,KWT,Total,0,,,,
2012,KWT,Total,0,,,,
2013,KWT,Total,0.016,,,,
2014,KWT,Total,0.015,,,,
2015,KWT,Total,0.015,,,,
2016,KWT,Total,0.029,,,,
2017,KWT,Total,0.058,,,,
2018,KWT,Total,0.121,,,,
2019,KWT,Total,0.133,,,,
2020,KWT,Total,0.121,,,,
2021,KWT,Total,0.26,,,,
2022,KWT,Total,2.228,,,,
2023,KWT,Total,2.128,,,,
2024,KWT,Total,2.238,,,,
2025,KWT,Total,2.32,,,,
2000,KGZ,Total,85.489,,,,
2001,KGZ,Total,83.12,,,,
2002,KGZ,Total,82.28,,,,
2003,KGZ,Total,86.658,,,,
2004,KGZ,Total,86.324,,,,
2005,KGZ,Total,85.483,,,,
2006,KGZ,Total,84.88,,,,
2007,KGZ,Total,85.782,,,,
2008,KGZ,Total,85.714,,,,
2009,KGZ,Total,92.077,,,,
2010,KGZ,Total,91.743,,,,
2011,KGZ,Total,93.271,,,,
2012,KGZ,Total,93.413,,,,
2013,KGZ,Total,93.391,,,,
2014,KGZ,Total,91.199,,,,
2015,KGZ,Total,85.062,,,,
2016,KGZ,Total,86.54,,,,
2017,KGZ,Total,91.477,,,,
2018,KGZ,Total,91.834,,,,
2019,KGZ,Total,91.583,,,,
2020,KGZ,Total,90.779,,,,
2021,KGZ,Total,85.601,,,,
2022,KGZ,Total,86.107,,,,
2023,KGZ,Total,86.471,,,,
2024,KGZ,Total,88.776,,,,
2000,LAO,Total,89.863,,,,
2001,LAO,Total,89.918,,,,
2002,LAO,Total,89.916,,,,
2003,LAO,Total,89.841,,,,
2004,LAO,Total,100,,,,
2005,LAO,Total,100,,,,
2006,LAO,Total,100,,,,
2007,LAO,Total,100,,,,
2008,LAO,Total,100,,,,
2009,LAO,Total,100,,,,
2010,LAO,Total,100,,,,
2011,LAO,Total,100,,,,
2012,LAO,Total,100,,,,
2013,LAO,Total,100,,,,
2014,LAO,Total,100,,,,
2015,LAO,Total,86.015,,,,
2016,LAO,Total,68.772,,,,
2017,LAO,Total,64.821,,,,
2018,LAO,Total,65.078,,,,
2019,LAO,Total,63.476,,,,
2020,LAO,Total,71.597,,,,
2021,LAO,Total,73.541,,,,
2022,LAO,Total,76.136,,,,
2023,LAO,Total,76.711,,,,
2024,LAO,Total,76.716,,,,
1990,LVA,Total,67.669,,,,
1991,LVA,Total,58.053,,,,
1992,LVA,Total,65.625,,,,
1993,LVA,Total,73.282,,,,
1994,LVA,Total,74.55,,,,
1995,LVA,Total,73.684,,,,
1996,LVA,Total,59.615,,,,
1997,LVA,Total,65.41,,,,
1998,LVA,Total,74.483,,,,
1999,LVA,Total,67.153,,,,
2000,LVA,Total,68.116,,,,
2001,LVA,Total,66.276,,,,
2002,LVA,Total,62.469,,,,
2003,LVA,Total,58.942,,,,
2004,LVA,Total,68.23,,,,
2005,LVA,Total,69.512,,,,
2006,LVA,Total,57.055,,,,
2007,LVA,Total,59.244,,,,
2008,LVA,Total,60.911,,,,
2009,LVA,Total,63.914,,,,
2010,LVA,Total,54.902,,,,
2011,LVA,Total,50.575,,,,
2012,LVA,Total,66.613,,,,
2013,LVA,Total,56.935,,,,
2014,LVA,Total,54.475,,,,
2015,LVA,Total,50.181,,,,
2016,LVA,Total,54.206,,,,
2017,LVA,Total,72.51,,,,
2018,LVA,Total,51.935,,,,
2019,LVA,Total,49.534,,,,
2020,LVA,Total,63.636,,,,
2021,LVA,Total,63.59,,,,
2022,LVA,Total,75.944,,,,
2023,LVA,Total,77.743,,,,
2024,LVA,Total,73.46,,,,
2025,LVA,Total,74.286,,,,
2000,LBN,Total,4.422,,,,
2001,LBN,Total,3.317,,,,
2002,LBN,Total,5.801,,,,
2003,LBN,Total,10.441,,,,
2004,LBN,Total,9.703,,,,
2005,LBN,Total,8.866,,,,
2006,LBN,Total,6.09,,,,
2007,LBN,Total,5.487,,,,
2008,LBN,Total,2.972,,,,
2009,LBN,Total,4.777,,,,
2010,LBN,Total,5.283,,,,
2011,LBN,Total,4.908,,,,
2012,LBN,Total,6.075,,,,
2013,LBN,Total,6.702,,,,
2014,LBN,Total,1.169,,,,
2015,LBN,Total,2.682,,,,
2016,LBN,Total,2.215,,,,
2017,LBN,Total,2.259,,,,
2018,LBN,Total,2.209,,,,
2019,LBN,Total,5.188,,,,
2020,LBN,Total,6.74,,,,
2021,LBN,Total,9.284,,,,
2022,LBN,Total,45.538,,,,
2023,LBN,Total,34.076,,,,
2024,LBN,Total,43.82,,,,
2000,LSO,Total,100,,,,
2001,LSO,Total,100,,,,
2002,LSO,Total,100,,,,
2003,LSO,Total,100,,,,
2004,LSO,Total,100,,,,
2005,LSO,Total,100,,,,
2006,LSO,Total,100,,,,
2007,LSO,Total,100,,,,
2008,LSO,Total,100,,,,
2009,LSO,Total,100,,,,
2010,LSO,Total,100,,,,
2011,LSO,Total,100,,,,
2012,LSO,Total,100,,,,
2013,LSO,Total,100,,,,
2014,LSO,Total,100,,,,
2015,LSO,Total,100,,,,
2016,LSO,Total,100,,,,
2017,LSO,Total,100,,,,
2018,LSO,Total,100,,,,
2019,LSO,Total,100,,,,
2020,LSO,Total,100,,,,
2021,LSO,Total,100,,,,
2022,LSO,Total,100,,,,
2000,LBR,Total,0,,,,
2001,LBR,Total,0,,,,
2002,LBR,Total,0,,,,
2003,LBR,Total,0,,,,
2004,LBR,Total,0,,,,
2005,LBR,Total,0,,,,
2006,LBR,Total,0,,,,
2007,LBR,Total,0,,,,
2008,LBR,Total,0,,,,
2009,LBR,Total,0,,,,
2010,LBR,Total,0,,,,
2011,LBR,Total,0,,,,
2012,LBR,Total,0,,,,
2013,LBR,Total,0,,,,
2014,LBR,Total,0,,,,
2015,LBR,Total,0,,,,
2016,LBR,Total,0,,,,
2017,LBR,Total,0,,,,
2018,LBR,Total,31.707,,,,
2019,LBR,Total,30.952,,,,
2020,LBR,Total,28.889,,,,
2021,LBR,Total,34.211,,,,
2022,LBR,Total,33.333,,,,
2023,LBR,Total,57.377,,,,
2024,LBR,Total,54.386,,,,
2000,LBY,Total,0,,,,
2001,LBY,Total,0,,,,
2002,LBY,Total,0,,,,
2003,LBY,Total,0,,,,
2004,LBY,Total,0,,,,
2005,LBY,Total,0,,,,
2006,LBY,Total,0,,,,
2007,LBY,Total,0,,,,
2008,LBY,Total,0,,,,
2009,LBY,Total,0,,,,
2010,LBY,Total,0.031,,,,
2011,LBY,Total,0.038,,,,
2012,LBY,Total,0.029,,,,
2013,LBY,Total,0.026,,,,
2014,LBY,Total,0.027,,,,
2015,LBY,Total,0.027,,,,
2016,LBY,Total,0.032,,,,
2017,LBY,Total,0.03,,,,
2018,LBY,Total,0.029,,,,
2019,LBY,Total,0.029,,,,
2020,LBY,Total,0.034,,,,
2021,LBY,Total,0.029,,,,
2022,LBY,Total,0.028,,,,
2023,LBY,Total,0.03,,,,
2024,LBY,Total,0.029,,,,
1990,LTU,Total,61.408,,,,
1991,LTU,Total,59.04,,,,
1992,LTU,Total,80.593,,,,
1993,LTU,Total,90.811,,,,
1994,LTU,Total,83.607,,,,
1995,LTU,Total,90.163,,,,
1996,LTU,Total,87.869,,,,
1997,LTU,Total,85.615,,,,
1998,LTU,Total,81.458,,,,
1999,LTU,Total,78.517,,,,
2000,LTU,Total,78.706,,,,
2001,LTU,Total,81.407,,,,
2002,LTU,Total,83.806,,,,
2003,LTU,Total,84.006,,,,
2004,LTU,Total,82.827,,,,
2005,LTU,Total,74.896,,,,
2006,LTU,Total,75.228,,,,
2007,LTU,Total,77.34,,,,
2008,LTU,Total,78.695,,,,
2009,LTU,Total,78.757,,,,
2010,LTU,Total,18.2,,,,
2011,LTU,Total,26.118,,,,
2012,LTU,Total,26.222,,,,
2013,LTU,Total,36.516,,,,
2014,LTU,Total,40.921,,,,
2015,LTU,Total,39.716,,,,
2016,LTU,Total,57.851,,,,
2017,LTU,Total,71.067,,,,
2018,LTU,Total,75.342,,,,
2019,LTU,Total,73.952,,,,
2020,LTU,Total,54.681,,,,
2021,LTU,Total,60.93,,,,
2022,LTU,Total,74.752,,,,
2023,LTU,Total,83.774,,,,
2024,LTU,Total,84.303,,,,
2025,LTU,Total,77.59,,,,
1990,LUX,Total,12.903,,,,
1991,LUX,Total,12.857,,,,
1992,LUX,Total,12.121,,,,
1993,LUX,Total,11.94,,,,
1994,LUX,Total,18.644,,,,
1995,LUX,Total,22.449,,,,
1996,LUX,Total,17.778,,,,
1997,LUX,Total,24.39,,,,
1998,LUX,Total,40.541,,,,
1999,LUX,Total,36.111,,,,
2000,LUX,Total,40,,,,
2001,LUX,Total,19.54,,,,
2002,LUX,Total,5.357,,,,
2003,LUX,Total,5.018,,,,
2004,LUX,Total,5.638,,,,
2005,LUX,Total,6.269,,,,
2006,LUX,Total,7.062,,,,
2007,LUX,Total,8.15,,,,
2008,LUX,Total,10.294,,,,
2009,LUX,Total,8.571,,,,
2010,LUX,Total,8.333,,,,
2011,LUX,Total,9.091,,,,
2012,LUX,Total,11.232,,,,
2013,LUX,Total,19.565,,,,
2014,LUX,Total,20.942,,,,
2015,LUX,Total,32.09,,,,
2016,LUX,Total,58.228,,,,
2017,LUX,Total,66.667,,,,
2018,LUX,Total,70.833,,,,
2019,LUX,Total,74.766,,,,
2020,LUX,Total,79.508,,,,
2021,LUX,Total,80.488,,,,
2022,LUX,Total,85.95,,,,
2023,LUX,Total,89.362,,,,
2024,LUX,Total,90.728,,,,
2025,LUX,Total,91.558,,,,
2000,MAC,Total,0,,,,
2001,MAC,Total,3.822,,,,
2002,MAC,Total,4.118,,,,
2003,MAC,Total,8.333,,,,
2004,MAC,Total,7.614,,,,
2005,MAC,Total,7.882,,,,
2006,MAC,Total,10.18,,,,
2007,MAC,Total,11.184,,,,
2008,MAC,Total,14.876,,,,
2009,MAC,Total,12.329,,,,
2010,MAC,Total,18.519,,,,
2011,MAC,Total,23.596,,,,
2012,MAC,Total,41.071,,,,
2013,MAC,Total,58.537,,,,
2014,MAC,Total,40.625,,,,
2015,MAC,Total,21.053,,,,
2016,MAC,Total,20.202,,,,
2017,MAC,Total,14.286,,,,
2018,MAC,Total,27.692,,,,
2019,MAC,Total,26.19,,,,
2020,MAC,Total,33.929,,,,
2021,MAC,Total,42,,,,
2022,MAC,Total,40.816,,,,
2023,MAC,Total,33.333,,,,
2024,MAC,Total,30.769,,,,
2000,MDG,Total,63.953,,,,
2001,MDG,Total,61.364,,,,
2002,MDG,Total,63.953,,,,
2003,MDG,Total,63.542,,,,
2004,MDG,Total,60.952,,,,
2005,MDG,Total,61.321,,,,
2006,MDG,Total,59.813,,,,
2007,MDG,Total,64.286,,,,
2008,MDG,Total,59.322,,,,
2009,MDG,Total,62.185,,,,
2010,MDG,Total,54.615,,,,
2011,MDG,Total,47.619,,,,
2012,MDG,Total,49.359,,,,
2013,MDG,Total,50.303,,,,
2014,MDG,Total,52.907,,,,
2015,MDG,Total,54.19,,,,
2016,MDG,Total,48.421,,,,
2017,MDG,Total,41.919,,,,
2018,MDG,Total,43.277,,,,
2019,MDG,Total,38.462,,,,
2020,MDG,Total,40.741,,,,
2021,MDG,Total,33.202,,,,
2022,MDG,Total,35.227,,,,
2023,MDG,Total,43.952,,,,
2024,MDG,Total,42.387,,,,
2000,MWI,Total,90.083,,,,
2001,MWI,Total,90.984,,,,
2002,MWI,Total,90.625,,,,
2003,MWI,Total,92.366,,,,
2004,MWI,Total,90.476,,,,
2005,MWI,Total,89.542,,,,
2006,MWI,Total,89.172,,,,
2007,MWI,Total,90.506,,,,
2008,MWI,Total,92.941,,,,
2009,MWI,Total,92.814,,,,
2010,MWI,Total,93.75,,,,
2011,MWI,Total,93.909,,,,
2012,MWI,Total,93.659,,,,
2013,MWI,Total,93.659,,,,
2014,MWI,Total,94.47,,,,
2015,MWI,Total,94.009,,,,
2016,MWI,Total,93.953,,,,
2017,MWI,Total,100,,,,
2018,MWI,Total,81.768,,,,
2019,MWI,Total,96.111,,,,
2020,MWI,Total,99.429,,,,
2021,MWI,Total,95.628,,,,
2022,MWI,Total,95.628,,,,
2023,MWI,Total,95.628,,,,
2024,MWI,Total,95.628,,,,
1985,MYS,Total,25.234,,,,
1986,MYS,Total,25.542,,,,
1987,MYS,Total,28.514,,,,
1988,MYS,Total,29.597,,,,
1989,MYS,Total,24.593,,,,
1990,MYS,Total,17.507,,,,
1991,MYS,Total,16.761,,,,
1992,MYS,Total,13.667,,,,
1993,MYS,Total,13.905,,,,
1994,MYS,Total,16.302,,,,
1995,MYS,Total,13.353,,,,
1996,MYS,Total,9.7,,,,
1997,MYS,Total,6.957,,,,
1998,MYS,Total,6.954,,,,
1999,MYS,Total,11.075,,,,
2000,MYS,Total,10.815,,,,
2001,MYS,Total,8.762,,,,
2002,MYS,Total,7.184,,,,
2003,MYS,Total,6.614,,,,
2004,MYS,Total,6.402,,,,
2005,MYS,Total,6.684,,,,
2006,MYS,Total,6.674,,,,
2007,MYS,Total,6.191,,,,
2008,MYS,Total,7.564,,,,
2009,MYS,Total,7.131,,,,
2010,MYS,Total,6.094,,,,
2011,MYS,Total,7.555,,,,
2012,MYS,Total,8.025,,,,
2013,MYS,Total,9.25,,,,
2014,MYS,Total,9.704,,,,
2015,MYS,Total,9.953,,,,
2016,MYS,Total,13.463,,,,
2017,MYS,Total,17.393,,,,
2018,MYS,Total,16.596,,,,
2019,MYS,Total,16.134,,,,
2020,MYS,Total,17.579,,,,
2021,MYS,Total,19.251,,,,
2022,MYS,Total,19.474,,,,
2023,MYS,Total,19.159,,,,
2024,MYS,Total,20.366,,,,
2025,MYS,Total,20.652,,,,
2000,MDV,Total,0,,,,
2001,MDV,Total,0,,,,
2002,MDV,Total,0,,,,
2003,MDV,Total,0,,,,
2004,MDV,Total,0,,,,
2005,MDV,Total,0,,,,
2006,MDV,Total,0,,,,
2007,MDV,Total,0,,,,
2008,MDV,Total,0,,,,
2009,MDV,Total,0,,,,
2010,MDV,Total,0,,,,
2011,MDV,Total,0,,,,
2012,MDV,Total,0,,,,
2013,MDV,Total,0,,,,
2014,MDV,Total,1.852,,,,
2015,MDV,Total,1.613,,,,
2016,MDV,Total,1.493,,,,
2017,MDV,Total,2.74,,,,
2018,MDV,Total,3.797,,,,
2019,MDV,Total,3.704,,,,
2020,MDV,Total,4.878,,,,
2021,MDV,Total,5.952,,,,
2022,MDV,Total,7.059,,,,
2023,MDV,Total,7.059,,,,
2024,MDV,Total,7.059,,,,
2000,MLI,Total,26.415,,,,
2001,MLI,Total,26.168,,,,
2002,MLI,Total,26.126,,,,
2003,MLI,Total,25.225,,,,
2004,MLI,Total,23.81,,,,
2005,MLI,Total,33.557,,,,
2006,MLI,Total,33.758,,,,
2007,MLI,Total,32.911,,,,
2008,MLI,Total,34.254,,,,
2009,MLI,Total,46.154,,,,
2010,MLI,Total,49.153,,,,
2011,MLI,Total,56.481,,,,
2012,MLI,Total,57.143,,,,
2013,MLI,Total,54.091,,,,
2014,MLI,Total,58.167,,,,
2015,MLI,Total,48.207,,,,
2016,MLI,Total,51.987,,,,
2017,MLI,Total,45.64,,,,
2018,MLI,Total,40.166,,,,
2019,MLI,Total,38.32,,,,
2020,MLI,Total,40.863,,,,
2021,MLI,Total,39.086,,,,
2022,MLI,Total,42.857,,,,
2023,MLI,Total,19.8,,,,
2024,MLI,Total,19.463,,,,
1990,MLT,Total,0,,,,
1991,MLT,Total,0,,,,
1992,MLT,Total,0,,,,
1993,MLT,Total,0,,,,
1994,MLT,Total,0,,,,
1995,MLT,Total,0,,,,
1996,MLT,Total,0,,,,
1997,MLT,Total,0,,,,
1998,MLT,Total,0,,,,
1999,MLT,Total,0,,,,
2000,MLT,Total,0,,,,
2001,MLT,Total,0,,,,
2002,MLT,Total,0,,,,
2003,MLT,Total,0,,,,
2004,MLT,Total,0,,,,
2005,MLT,Total,0,,,,
2006,MLT,Total,0,,,,
2007,MLT,Total,0,,,,
2008,MLT,Total,0,,,,
2009,MLT,Total,0,,,,
2010,MLT,Total,0,,,,
2011,MLT,Total,0,,,,
2012,MLT,Total,1.304,,,,
2013,MLT,Total,1.77,,,,
2014,MLT,Total,3.556,,,,
2015,MLT,Total,7.692,,,,
2016,MLT,Total,16.279,,,,
2017,MLT,Total,10.303,,,,
2018,MLT,Total,10.152,,,,
2019,MLT,Total,10.145,,,,
2020,MLT,Total,11.628,,,,
2021,MLT,Total,12.162,,,,
2022,MLT,Total,13.043,,,,
2023,MLT,Total,13.617,,,,
2024,MLT,Total,15.525,,,,
2025,MLT,Total,15.982,,,,
2002,MTQ,Total,0.741,,,,
2003,MTQ,Total,0.714,,,,
2004,MTQ,Total,0.694,,,,
2005,MTQ,Total,0.694,,,,
2006,MTQ,Total,0.68,,,,
2007,MTQ,Total,1.351,,,,
2008,MTQ,Total,1.961,,,,
2009,MTQ,Total,1.948,,,,
2010,MTQ,Total,1.863,,,,
2011,MTQ,Total,3.185,,,,
2012,MTQ,Total,5.66,,,,
2013,MTQ,Total,5.696,,,,
2014,MTQ,Total,5.806,,,,
2015,MTQ,Total,5.769,,,,
2016,MTQ,Total,5.696,,,,
2017,MTQ,Total,5.769,,,,
2018,MTQ,Total,11.688,,,,
2019,MTQ,Total,25.161,,,,
2020,MTQ,Total,22.667,,,,
2021,MTQ,Total,25.166,,,,
2022,MTQ,Total,26.174,,,,
2023,MTQ,Total,25.828,,,,
2000,MRT,Total,7.143,,,,
2001,MRT,Total,6.383,,,,
2002,MRT,Total,5.66,,,,
2003,MRT,Total,8,,,,
2004,MRT,Total,7.407,,,,
2005,MRT,Total,9.434,,,,
2006,MRT,Total,8.065,,,,
2007,MRT,Total,7.812,,,,
2008,MRT,Total,8.333,,,,
2009,MRT,Total,14.286,,,,
2010,MRT,Total,14.118,,,,
2011,MRT,Total,14.943,,,,
2012,MRT,Total,14.583,,,,
2013,MRT,Total,21.429,,,,
2014,MRT,Total,21.359,,,,
2015,MRT,Total,27.586,,,,
2016,MRT,Total,25,,,,
2017,MRT,Total,24.444,,,,
2018,MRT,Total,30.137,,,,
2019,MRT,Total,29.936,,,,
2020,MRT,Total,28.834,,,,
2021,MRT,Total,28.481,,,,
2022,MRT,Total,27.439,,,,
2023,MRT,Total,21.531,,,,
2024,MRT,Total,22.705,,,,
2000,MUS,Total,29.379,,,,
2001,MUS,Total,28.646,,,,
2002,MUS,Total,27.551,,,,
2003,MUS,Total,27.273,,,,
2004,MUS,Total,27.315,,,,
2005,MUS,Total,24.779,,,,
2006,MUS,Total,22.458,,,,
2007,MUS,Total,22.358,,,,
2008,MUS,Total,23.438,,,,
2009,MUS,Total,23.735,,,,
2010,MUS,Total,24.164,,,,
2011,MUS,Total,19.78,,,,
2012,MUS,Total,20.43,,,,
2013,MUS,Total,20.28,,,,
2014,MUS,Total,20.408,,,,
2015,MUS,Total,22.742,,,,
2016,MUS,Total,21.967,,,,
2017,MUS,Total,19.936,,,,
2018,MUS,Total,20.513,,,,
2019,MUS,Total,21.672,,,,
2020,MUS,Total,24.138,,,,
2021,MUS,Total,21.405,,,,
2022,MUS,Total,19.551,,,,
2023,MUS,Total,17.431,,,,
2024,MUS,Total,17.889,,,,
1985,MEX,Total,31.258,,,,
1986,MEX,Total,24.792,,,,
1987,MEX,Total,22.332,,,,
1988,MEX,Total,23.585,,,,
1989,MEX,Total,25.323,,,,
1990,MEX,Total,27.672,,,,
1991,MEX,Total,25.436,,,,
1992,MEX,Total,28.047,,,,
1993,MEX,Total,28.283,,,,
1994,MEX,Total,21.032,,,,
1995,MEX,Total,28.241,,,,
1996,MEX,Total,29.004,,,,
1997,MEX,Total,25.619,,,,
1998,MEX,Total,22.103,,,,
1999,MEX,Total,25.686,,,,
2000,MEX,Total,23.416,,,,
2001,MEX,Total,20.669,,,,
2002,MEX,Total,18.871,,,,
2003,MEX,Total,16.598,,,,
2004,MEX,Total,17.698,,,,
2005,MEX,Total,18.825,,,,
2006,MEX,Total,19.071,,,,
2007,MEX,Total,17.576,,,,
2008,MEX,Total,21.237,,,,
2009,MEX,Total,16.955,,,,
2010,MEX,Total,18.997,,,,
2011,MEX,Total,19.175,,,,
2012,MEX,Total,17.487,,,,
2013,MEX,Total,17.474,,,,
2014,MEX,Total,20.875,,,,
2015,MEX,Total,19.274,,,,
2016,MEX,Total,18.589,,,,
2017,MEX,Total,18.737,,,,
2018,MEX,Total,19.694,,,,
2019,MEX,Total,19.935,,,,
2020,MEX,Total,24.729,,,,
2021,MEX,Total,28.61,,,,
2022,MEX,Total,27.629,,,,
2023,MEX,Total,23.79,,,,
2024,MEX,Total,24.582,,,,
2025,MEX,Total,25.938,,,,
2000,MDA,Total,7.156,,,,
2001,MDA,Total,6.154,,,,
2002,MDA,Total,6.206,,,,
2003,MDA,Total,6.239,,,,
2004,MDA,Total,6.034,,,,
2005,MDA,Total,6.03,,,,
2006,MDA,Total,6.086,,,,
2007,MDA,Total,5.963,,,,
2008,MDA,Total,6.323,,,,
2009,MDA,Total,5.654,,,,
2010,MDA,Total,6.547,,,,
2011,MDA,Total,6.055,,,,
2012,MDA,Total,4.647,,,,
2013,MDA,Total,6.874,,,,
2014,MDA,Total,6.145,,,,
2015,MDA,Total,4.47,,,,
2016,MDA,Total,4.103,,,,
2017,MDA,Total,6.25,,,,
2018,MDA,Total,5.948,,,,
2019,MDA,Total,6.503,,,,
2020,MDA,Total,5.825,,,,
2021,MDA,Total,6.607,,,,
2022,MDA,Total,9.568,,,,
2023,MDA,Total,9.606,,,,
2024,MDA,Total,10.708,,,,
2025,MDA,Total,28.371,,,,
2000,MNG,Total,0,,,,
2001,MNG,Total,0,,,,
2002,MNG,Total,0,,,,
2003,MNG,Total,0,,,,
2004,MNG,Total,0,,,,
2005,MNG,Total,0,,,,
2006,MNG,Total,0,,,,
2007,MNG,Total,0,,,,
2008,MNG,Total,0.25,,,,
2009,MNG,Total,0.743,,,,
2010,MNG,Total,1.157,,,,
2011,MNG,Total,1.322,,,,
2012,MNG,Total,1.247,,,,
2013,MNG,Total,2.39,,,,
2014,MNG,Total,3.903,,,,
2015,MNG,Total,3.993,,,,
2016,MNG,Total,4.409,,,,
2017,MNG,Total,4.146,,,,
2018,MNG,Total,6.697,,,,
2019,MNG,Total,9.942,,,,
2020,MNG,Total,10.241,,,,
2021,MNG,Total,11.156,,,,
2022,MNG,Total,9.806,,,,
2023,MNG,Total,9.168,,,,
2024,MNG,Total,8.844,,,,
2025,MNG,Total,8.359,,,,
2005,MNE,Total,65.157,,,,
2006,MNE,Total,59.322,,,,
2007,MNE,Total,59.813,,,,
2008,MNE,Total,54.417,,,,
2009,MNE,Total,75,,,,
2010,MNE,Total,68.408,,,,
2011,MNE,Total,45.283,,,,
2012,MNE,Total,51.93,,,,
2013,MNE,Total,63.452,,,,
2014,MNE,Total,55.205,,,,
2015,MNE,Total,49.667,,,,
2016,MNE,Total,58.599,,,,
2017,MNE,Total,45.161,,,,
2018,MNE,Total,59.211,,,,
2019,MNE,Total,56.268,,,,
2020,MNE,Total,52.212,,,,
2021,MNE,Total,61.804,,,,
2022,MNE,Total,53.172,,,,
2023,MNE,Total,60.859,,,,
2024,MNE,Total,59.49,,,,
2025,MNE,Total,75.61,,,,
2000,MSR,Total,0,,,,
2001,MSR,Total,0,,,,
2002,MSR,Total,0,,,,
2003,MSR,Total,0,,,,
2004,MSR,Total,0,,,,
2005,MSR,Total,0,,,,
2006,MSR,Total,0,,,,
2007,MSR,Total,0,,,,
2008,MSR,Total,0,,,,
2009,MSR,Total,0,,,,
2010,MSR,Total,0,,,,
2011,MSR,Total,0,,,,
2012,MSR,Total,0,,,,
2013,MSR,Total,0,,,,
2014,MSR,Total,0,,,,
2015,MSR,Total,0,,,,
2016,MSR,Total,0,,,,
2017,MSR,Total,0,,,,
2018,MSR,Total,0,,,,
2019,MSR,Total,0,,,,
2020,MSR,Total,0,,,,
2021,MSR,Total,0,,,,
2022,MSR,Total,0,,,,
2023,MSR,Total,0,,,,
2024,MSR,Total,0,,,,
2000,MAR,Total,5.62,,,,
2001,MAR,Total,6.859,,,,
2002,MAR,Total,6.821,,,,
2003,MAR,Total,10.037,,,,
2004,MAR,Total,10.246,,,,
2005,MAR,Total,8.515,,,,
2006,MAR,Total,8.958,,,,
2007,MAR,Total,8.177,,,,
2008,MAR,Total,8.206,,,,
2009,MAR,Total,15.958,,,,
2010,MAR,Total,18.775,,,,
2011,MAR,Total,11.617,,,,
2012,MAR,Total,9.619,,,,
2013,MAR,Total,16.147,,,,
2014,MAR,Total,14.103,,,,
2015,MAR,Total,16.082,,,,
2016,MAR,Total,16.489,,,,
2017,MAR,Total,15.842,,,,
2018,MAR,Total,19.821,,,,
2019,MAR,Total,19.787,,,,
2020,MAR,Total,19.175,,,,
2021,MAR,Total,19.806,,,,
2022,MAR,Total,18.184,,,,
2023,MAR,Total,21.715,,,,
2024,MAR,Total,24.41,,,,
2025,MAR,Total,23.284,,,,
2000,MOZ,Total,99.896,,,,
2001,MOZ,Total,99.66,,,,
2002,MOZ,Total,99.762,,,,
2003,MOZ,Total,99.722,,,,
2004,MOZ,Total,99.569,,,,
2005,MOZ,Total,99.848,,,,
2006,MOZ,Total,99.863,,,,
2007,MOZ,Total,99.937,,,,
2008,MOZ,Total,99.933,,,,
2009,MOZ,Total,99.94,,,,
2010,MOZ,Total,99.88,,,,
2011,MOZ,Total,99.337,,,,
2012,MOZ,Total,99.265,,,,
2013,MOZ,Total,98.588,,,,
2014,MOZ,Total,98.659,,,,
2015,MOZ,Total,92.982,,,,
2016,MOZ,Total,82.715,,,,
2017,MOZ,Total,80.499,,,,
2018,MOZ,Total,81.797,,,,
2019,MOZ,Total,79.358,,,,
2020,MOZ,Total,83.491,,,,
2021,MOZ,Total,82.98,,,,
2022,MOZ,Total,83.691,,,,
2023,MOZ,Total,83.567,,,,
2024,MOZ,Total,83.426,,,,
2000,MMR,Total,36.667,,,,
2001,MMR,Total,38.544,,,,
2002,MMR,Total,41.617,,,,
2003,MMR,Total,38.376,,,,
2004,MMR,Total,42.959,,,,
2005,MMR,Total,49.834,,,,
2006,MMR,Total,53.883,,,,
2007,MMR,Total,56.563,,,,
2008,MMR,Total,61.48,,,,
2009,MMR,Total,75.466,,,,
2010,MMR,Total,71.81,,,,
2011,MMR,Total,72.1,,,,
2012,MMR,Total,71.326,,,,
2013,MMR,Total,72.552,,,,
2014,MMR,Total,62.96,,,,
2015,MMR,Total,59.506,,,,
2016,MMR,Total,55.188,,,,
2017,MMR,Total,53.327,,,,
2018,MMR,Total,58.179,,,,
2019,MMR,Total,56.263,,,,
2020,MMR,Total,48.669,,,,
2021,MMR,Total,49.349,,,,
2022,MMR,Total,40.86,,,,
2023,MMR,Total,46.493,,,,
2024,MMR,Total,47.858,,,,
2000,NAM,Total,97.222,,,,
2001,NAM,Total,100,,,,
2002,NAM,Total,99.301,,,,
2003,NAM,Total,99.301,,,,
2004,NAM,Total,99.275,,,,
2005,NAM,Total,98.225,,,,
2006,NAM,Total,93.789,,,,
2007,NAM,Total,98.089,,,,
2008,NAM,Total,88.535,,,,
2009,NAM,Total,94.667,,,,
2010,NAM,Total,96.183,,,,
2011,NAM,Total,97.241,,,,
2012,NAM,Total,97.006,,,,
2013,NAM,Total,95.556,,,,
2014,NAM,Total,99.346,,,,
2015,NAM,Total,97.468,,,,
2016,NAM,Total,95.946,,,,
2017,NAM,Total,96.045,,,,
2018,NAM,Total,98.582,,,,
2019,NAM,Total,96.377,,,,
2020,NAM,Total,96.5,,,,
2021,NAM,Total,97.351,,,,
2022,NAM,Total,98.485,,,,
2023,NAM,Total,97.884,,,,
2024,NAM,Total,97.561,,,,
2000,NRU,Total,0,,,,
2001,NRU,Total,0,,,,
2002,NRU,Total,0,,,,
2003,NRU,Total,0,,,,
2004,NRU,Total,0,,,,
2005,NRU,Total,0,,,,
2006,NRU,Total,0,,,,
2007,NRU,Total,0,,,,
2008,NRU,Total,0,,,,
2009,NRU,Total,0,,,,
2010,NRU,Total,0,,,,
2011,NRU,Total,0,,,,
2012,NRU,Total,0,,,,
2013,NRU,Total,0,,,,
2014,NRU,Total,0,,,,
2015,NRU,Total,0,,,,
2016,NRU,Total,0,,,,
2017,NRU,Total,0,,,,
2018,NRU,Total,0,,,,
2019,NRU,Total,0,,,,
2020,NRU,Total,0,,,,
2021,NRU,Total,0,,,,
2022,NRU,Total,0,,,,
2023,NRU,Total,0,,,,
2024,NRU,Total,20,,,,
2000,NPL,Total,98.182,,,,
2001,NPL,Total,98.919,,,,
2002,NPL,Total,100,,,,
2003,NPL,Total,100,,,,
2004,NPL,Total,99.582,,,,
2005,NPL,Total,99.203,,,,
2006,NPL,Total,99.632,,,,
2007,NPL,Total,99.639,,,,
2008,NPL,Total,99.642,,,,
2009,NPL,Total,99.675,,,,
2010,NPL,Total,100,,,,
2011,NPL,Total,100,,,,
2012,NPL,Total,99.433,,,,
2013,NPL,Total,99.714,,,,
2014,NPL,Total,100,,,,
2015,NPL,Total,100,,,,
2016,NPL,Total,100,,,,
2017,NPL,Total,100,,,,
2018,NPL,Total,100,,,,
2019,NPL,Total,100,,,,
2020,NPL,Total,100,,,,
2021,NPL,Total,100,,,,
2022,NPL,Total,100,,,,
2023,NPL,Total,100,,,,
2024,NPL,Total,100,,,,
1990,NLD,Total,6.11,,,,
1991,NLD,Total,5.818,,,,
1992,NLD,Total,6.329,,,,
1993,NLD,Total,6.655,,,,
1994,NLD,Total,6.683,,,,
1995,NLD,Total,6.806,,,,
1996,NLD,Total,7.113,,,,
1997,NLD,Total,5.194,,,,
1998,NLD,Total,6.858,,,,
1999,NLD,Total,7.445,,,,
2000,NLD,Total,7.836,,,,
2001,NLD,Total,7.912,,,,
2002,NLD,Total,8.337,,,,
2003,NLD,Total,8.359,,,,
2004,NLD,Total,9.136,,,,
2005,NLD,Total,11.631,,,,
2006,NLD,Total,11.823,,,,
2007,NLD,Total,11.372,,,,
2008,NLD,Total,12.899,,,,
2009,NLD,Total,13.422,,,,
2010,NLD,Total,12.837,,,,
2011,NLD,Total,14.613,,,,
2012,NLD,Total,16.016,,,,
2013,NLD,Total,14.907,,,,
2014,NLD,Total,15.416,,,,
2015,NLD,Total,16.304,,,,
2016,NLD,Total,16.444,,,,
2017,NLD,Total,17.951,,,,
2018,NLD,Total,19.797,,,,
2019,NLD,Total,22.249,,,,
2020,NLD,Total,30.19,,,,
2021,NLD,Total,36.62,,,,
2022,NLD,Total,43.565,,,,
2023,NLD,Total,50.709,,,,
2024,NLD,Total,53.658,,,,
2025,NLD,Total,54.157,,,,
2000,NCL,Total,27.439,,,,
2001,NCL,Total,21.512,,,,
2002,NCL,Total,18.857,,,,
2003,NCL,Total,18.286,,,,
2004,NCL,Total,19.76,,,,
2005,NCL,Total,19.149,,,,
2006,NCL,Total,16.578,,,,
2007,NCL,Total,22.28,,,,
2008,NCL,Total,25.806,,,,
2009,NCL,Total,22.165,,,,
2010,NCL,Total,14.623,,,,
2011,NCL,Total,18.584,,,,
2012,NCL,Total,20.087,,,,
2013,NCL,Total,20.319,,,,
2014,NCL,Total,11.628,,,,
2015,NCL,Total,14.138,,,,
2016,NCL,Total,9.236,,,,
2017,NCL,Total,13.622,,,,
2018,NCL,Total,12,,,,
2019,NCL,Total,13.814,,,,
2020,NCL,Total,15.741,,,,
2021,NCL,Total,22.337,,,,
2022,NCL,Total,26.214,,,,
2023,NCL,Total,26.214,,,,
2024,NCL,Total,26.923,,,,
2000,NZL,Total,71.755,,,,
2001,NZL,Total,63.646,,,,
2002,NZL,Total,69.634,,,,
2003,NZL,Total,66.089,,,,
2004,NZL,Total,72.392,,,,
2005,NZL,Total,64.407,,,,
2006,NZL,Total,64.777,,,,
2007,NZL,Total,65.491,,,,
2008,NZL,Total,64.231,,,,
2009,NZL,Total,71.688,,,,
2010,NZL,Total,73.121,,,,
2011,NZL,Total,75.992,,,,
2012,NZL,Total,71.726,,,,
2013,NZL,Total,74.192,,,,
2014,NZL,Total,79.101,,,,
2015,NZL,Total,80.078,,,,
2016,NZL,Total,84.334,,,,
2017,NZL,Total,81.219,,,,
2018,NZL,Total,83.398,,,,
2019,NZL,Total,82.423,,,,
2020,NZL,Total,80.923,,,,
2021,NZL,Total,81.722,,,,
2022,NZL,Total,86.936,,,,
2023,NZL,Total,89.625,,,,
2024,NZL,Total,85.98,,,,
2025,NZL,Total,88.533,,,,
2000,NIC,Total,21.491,,,,
2001,NIC,Total,19.838,,,,
2002,NIC,Total,25.098,,,,
2003,NIC,Total,27.407,,,,
2004,NIC,Total,28.114,,,,
2005,NIC,Total,35.664,,,,
2006,NIC,Total,30.032,,,,
2007,NIC,Total,28.75,,,,
2008,NIC,Total,35.417,,,,
2009,NIC,Total,30.725,,,,
2010,NIC,Total,36.712,,,,
2011,NIC,Total,33.858,,,,
2012,NIC,Total,42.68,,,,
2013,NIC,Total,52.278,,,,
2014,NIC,Total,53.812,,,,
2015,NIC,Total,50.109,,,,
2016,NIC,Total,52.288,,,,
2017,NIC,Total,55.973,,,,
2018,NIC,Total,58.71,,,,
2019,NIC,Total,56.987,,,,
2020,NIC,Total,69.921,,,,
2021,NIC,Total,69.121,,,,
2022,NIC,Total,64.12,,,,
2023,NIC,Total,62.389,,,,
2024,NIC,Total,62.389,,,,
2000,NER,Total,0,,,,
2001,NER,Total,0,,,,
2002,NER,Total,0,,,,
2003,NER,Total,0,,,,
2004,NER,Total,0,,,,
2005,NER,Total,0,,,,
2006,NER,Total,0,,,,
2007,NER,Total,0,,,,
2008,NER,Total,0,,,,
2009,NER,Total,0,,,,
2010,NER,Total,0,,,,
2011,NER,Total,0,,,,
2012,NER,Total,0,,,,
2013,NER,Total,0,,,,
2014,NER,Total,2.222,,,,
2015,NER,Total,1.852,,,,
2016,NER,Total,1.429,,,,
2017,NER,Total,1.786,,,,
2018,NER,Total,1.887,,,,
2019,NER,Total,2.985,,,,
2020,NER,Total,2.985,,,,
2021,NER,Total,2.817,,,,
2022,NER,Total,2.532,,,,
2023,NER,Total,2.062,,,,
2024,NER,Total,3.158,,,,
2000,NGA,Total,38.263,,,,
2001,NGA,Total,38.268,,,,
2002,NGA,Total,38.237,,,,
2003,NGA,Total,36.931,,,,
2004,NGA,Total,33.429,,,,
2005,NGA,Total,33.036,,,,
2006,NGA,Total,27.119,,,,
2007,NGA,Total,27.142,,,,
2008,NGA,Total,27.131,,,,
2009,NGA,Total,22.941,,,,
2010,NGA,Total,24.416,,,,
2011,NGA,Total,21.783,,,,
2012,NGA,Total,19.798,,,,
2013,NGA,Total,18.562,,,,
2014,NGA,Total,16.698,,,,
2015,NGA,Total,19.506,,,,
2016,NGA,Total,22.469,,,,
2017,NGA,Total,24.194,,,,
2018,NGA,Total,21.166,,,,
2019,NGA,Total,23.341,,,,
2020,NGA,Total,20.553,,,,
2021,NGA,Total,20.663,,,,
2022,NGA,Total,24.711,,,,
2023,NGA,Total,22.678,,,,
2024,NGA,Total,25,,,,
2025,NGA,Total,31.319,,,,
2000,PRK,Total,52.332,,,,
2001,PRK,Total,52.215,,,,
2002,PRK,Total,53.459,,,,
2003,PRK,Total,55.556,,,,
2004,PRK,Total,56.633,,,,
2005,PRK,Total,57.093,,,,
2006,PRK,Total,55.984,,,,
2007,PRK,Total,61.477,,,,
2008,PRK,Total,60.408,,,,
2009,PRK,Total,52.951,,,,
2010,PRK,Total,56.3,,,,
2011,PRK,Total,62.626,,,,
2012,PRK,Total,62.547,,,,
2013,PRK,Total,62.676,,,,
2014,PRK,Total,59.963,,,,
2015,PRK,Total,52.456,,,,
2016,PRK,Total,53.381,,,,
2017,PRK,Total,50.491,,,,
2018,PRK,Total,51.269,,,,
2019,PRK,Total,46.399,,,,
2020,PRK,Total,53.527,,,,
2021,PRK,Total,63.324,,,,
2022,PRK,Total,63.089,,,,
2023,PRK,Total,62.687,,,,
2024,PRK,Total,63.358,,,,
1990,MKD,Total,8.522,,,,
1991,MKD,Total,14.731,,,,
1992,MKD,Total,14.003,,,,
1993,MKD,Total,10.039,,,,
1994,MKD,Total,11.616,,,,
1995,MKD,Total,13.051,,,,
1996,MKD,Total,12.801,,,,
1997,MKD,Total,13.373,,,,
1998,MKD,Total,15.319,,,,
1999,MKD,Total,20.262,,,,
2000,MKD,Total,17.181,,,,
2001,MKD,Total,9.89,,,,
2002,MKD,Total,12.479,,,,
2003,MKD,Total,20.357,,,,
2004,MKD,Total,22.222,,,,
2005,MKD,Total,21.47,,,,
2006,MKD,Total,23.538,,,,
2007,MKD,Total,15.538,,,,
2008,MKD,Total,13.312,,,,
2009,MKD,Total,18.622,,,,
2010,MKD,Total,33.471,,,,
2011,MKD,Total,21.154,,,,
2012,MKD,Total,16.613,,,,
2013,MKD,Total,26.108,,,,
2014,MKD,Total,23.978,,,,
2015,MKD,Total,35.929,,,,
2016,MKD,Total,36.767,,,,
2017,MKD,Total,23.036,,,,
2018,MKD,Total,34.938,,,,
2019,MKD,Total,22.828,,,,
2020,MKD,Total,27.715,,,,
2021,MKD,Total,29.837,,,,
2022,MKD,Total,27.104,,,,
2023,MKD,Total,32.174,,,,
2024,MKD,Total,39.461,,,,
2025,MKD,Total,53.099,,,,
1990,NOR,Total,99.794,,,,
1991,NOR,Total,99.801,,,,
1992,NOR,Total,99.821,,,,
1993,NOR,Total,99.8,,,,
1994,NOR,Total,99.644,,,,
1995,NOR,Total,99.656,,,,
1996,NOR,Total,99.503,,,,
1997,NOR,Total,99.575,,,,
1998,NOR,Total,99.622,,,,
1999,NOR,Total,99.558,,,,
2000,NOR,Total,99.712,,,,
2001,NOR,Total,99.522,,,,
2002,NOR,Total,99.585,,,,
2003,NOR,Total,99.4,,,,
2004,NOR,Total,99.355,,,,
2005,NOR,Total,99.468,,,,
2006,NOR,Total,99.324,,,,
2007,NOR,Total,99.14,,,,
2008,NOR,Total,99.405,,,,
2009,NOR,Total,96.572,,,,
2010,NOR,Total,95.793,,,,
2011,NOR,Total,96.808,,,,
2012,NOR,Total,98.228,,,,
2013,NOR,Total,97.957,,,,
2014,NOR,Total,97.913,,,,
2015,NOR,Total,97.951,,,,
2016,NOR,Total,98.054,,,,
2017,NOR,Total,98.118,,,,
2018,NOR,Total,98.02,,,,
2019,NOR,Total,97.938,,,,
2020,NOR,Total,98.516,,,,
2021,NOR,Total,99.319,,,,
2022,NOR,Total,98.645,,,,
2023,NOR,Total,98.47,,,,
2024,NOR,Total,98.606,,,,
2025,NOR,Total,98.999,,,,
2000,OMN,Total,0,,,,
2001,OMN,Total,0,,,,
2002,OMN,Total,0,,,,
2003,OMN,Total,0,,,,
2004,OMN,Total,0,,,,
2005,OMN,Total,0,,,,
2006,OMN,Total,0,,,,
2007,OMN,Total,0,,,,
2008,OMN,Total,0,,,,
2009,OMN,Total,0,,,,
2010,OMN,Total,0,,,,
2011,OMN,Total,0,,,,
2012,OMN,Total,0,,,,
2013,OMN,Total,0,,,,
2014,OMN,Total,0,,,,
2015,OMN,Total,0,,,,
2016,OMN,Total,0,,,,
2017,OMN,Total,0.055,,,,
2018,OMN,Total,0.132,,,,
2019,OMN,Total,0.154,,,,
2020,OMN,Total,0.262,,,,
2021,OMN,Total,1.707,,,,
2022,OMN,Total,4.481,,,,
2023,OMN,Total,4.889,,,,
2024,OMN,Total,4.888,,,,
2025,OMN,Total,4.542,,,,
2000,PAK,Total,26.425,,,,
2001,PAK,Total,29.011,,,,
2002,PAK,Total,31.873,,,,
2003,PAK,Total,36.489,,,,
2004,PAK,Total,33.504,,,,
2005,PAK,Total,36.242,,,,
2006,PAK,Total,35.728,,,,
2007,PAK,Total,33.562,,,,
2008,PAK,Total,33.115,,,,
2009,PAK,Total,33.025,,,,
2010,PAK,Total,37.423,,,,
2011,PAK,Total,35.347,,,,
2012,PAK,Total,37.085,,,,
2013,PAK,Total,36.384,,,,
2014,PAK,Total,37.077,,,,
2015,PAK,Total,37.486,,,,
2016,PAK,Total,33.596,,,,
2017,PAK,Total,31.26,,,,
2018,PAK,Total,32.879,,,,
2019,PAK,Total,36.934,,,,
2020,PAK,Total,37.825,,,,
2021,PAK,Total,38.896,,,,
2022,PAK,Total,46.142,,,,
2023,PAK,Total,51.902,,,,
2024,PAK,Total,56.473,,,,
2025,PAK,Total,61.02,,,,
2000,PSE,Total,0,,,,
2001,PSE,Total,0,,,,
2002,PSE,Total,0,,,,
2003,PSE,Total,0,,,,
2004,PSE,Total,0,,,,
2005,PSE,Total,0,,,,
2006,PSE,Total,0,,,,
2007,PSE,Total,0,,,,
2008,PSE,Total,0,,,,
2009,PSE,Total,0,,,,
2010,PSE,Total,0,,,,
2011,PSE,Total,0,,,,
2012,PSE,Total,0,,,,
2013,PSE,Total,0,,,,
2014,PSE,Total,0,,,,
2015,PSE,Total,1.923,,,,
2016,PSE,Total,7.547,,,,
2017,PSE,Total,9.091,,,,
2018,PSE,Total,14.286,,,,
2019,PSE,Total,14.815,,,,
2020,PSE,Total,21.429,,,,
2021,PSE,Total,24.176,,,,
2022,PSE,Total,33.333,,,,
2023,PSE,Total,40,,,,
2024,PSE,Total,39.394,,,,
2000,PAN,Total,70.348,,,,
2001,PAN,Total,49.219,,,,
2002,PAN,Total,64.65,,,,
2003,PAN,Total,50.987,,,,
2004,PAN,Total,65.972,,,,
2005,PAN,Total,64.261,,,,
2006,PAN,Total,60.201,,,,
2007,PAN,Total,57.74,,,,
2008,PAN,Total,62.053,,,,
2009,PAN,Total,56.729,,,,
2010,PAN,Total,57.046,,,,
2011,PAN,Total,52.685,,,,
2012,PAN,Total,62.95,,,,
2013,PAN,Total,57.877,,,,
2014,PAN,Total,55.806,,,,
2015,PAN,Total,65.34,,,,
2016,PAN,Total,66.636,,,,
2017,PAN,Total,71.83,,,,
2018,PAN,Total,77.768,,,,
2019,PAN,Total,52.749,,,,
2020,PAN,Total,75.686,,,,
2021,PAN,Total,78.365,,,,
2022,PAN,Total,77.224,,,,
2023,PAN,Total,60.641,,,,
2024,PAN,Total,67.982,,,,
2000,PNG,Total,42.396,,,,
2001,PNG,Total,34.328,,,,
2002,PNG,Total,32.056,,,,
2003,PNG,Total,30.124,,,,
2004,PNG,Total,26.781,,,,
2005,PNG,Total,32.597,,,,
2006,PNG,Total,33.824,,,,
2007,PNG,Total,37.313,,,,
2008,PNG,Total,36.657,,,,
2009,PNG,Total,37.092,,,,
2010,PNG,Total,35.613,,,,
2011,PNG,Total,37.466,,,,
2012,PNG,Total,36.729,,,,
2013,PNG,Total,35.162,,,,
2014,PNG,Total,33.411,,,,
2015,PNG,Total,31.347,,,,
2016,PNG,Total,29.769,,,,
2017,PNG,Total,27.816,,,,
2018,PNG,Total,22.936,,,,
2019,PNG,Total,26.402,,,,
2020,PNG,Total,27.317,,,,
2021,PNG,Total,24.724,,,,
2022,PNG,Total,21.133,,,,
2023,PNG,Total,23.679,,,,
2024,PNG,Total,23.679,,,,
2000,PRY,Total,100,,,,
2001,PRY,Total,100,,,,
2002,PRY,Total,100,,,,
2003,PRY,Total,100,,,,
2004,PRY,Total,100,,,,
2005,PRY,Total,100,,,,
2006,PRY,Total,100,,,,
2007,PRY,Total,100,,,,
2008,PRY,Total,100,,,,
2009,PRY,Total,100,,,,
2010,PRY,Total,100,,,,
2011,PRY,Total,100,,,,
2012,PRY,Total,100,,,,
2013,PRY,Total,100,,,,
2014,PRY,Total,99.982,,,,
2015,PRY,Total,100,,,,
2016,PRY,Total,100,,,,
2017,PRY,Total,100,,,,
2018,PRY,Total,100,,,,
2019,PRY,Total,100,,,,
2020,PRY,Total,100,,,,
2021,PRY,Total,100,,,,
2022,PRY,Total,100,,,,
2023,PRY,Total,100,,,,
2024,PRY,Total,100,,,,
2025,PRY,Total,100,,,,
2000,PER,Total,81.978,,,,
2001,PER,Total,85.556,,,,
2002,PER,Total,82.901,,,,
2003,PER,Total,81.683,,,,
2004,PER,Total,72.866,,,,
2005,PER,Total,72.275,,,,
2006,PER,Total,73.282,,,,
2007,PER,Total,66.722,,,,
2008,PER,Total,60.13,,,,
2009,PER,Total,60.601,,,,
2010,PER,Total,57.704,,,,
2011,PER,Total,56.768,,,,
2012,PER,Total,55.255,,,,
2013,PER,Total,53.942,,,,
2014,PER,Total,52.373,,,,
2015,PER,Total,52.724,,,,
2016,PER,Total,50.397,,,,
2017,PER,Total,58.604,,,,
2018,PER,Total,61.131,,,,
2019,PER,Total,60.542,,,,
2020,PER,Total,63.484,,,,
2021,PER,Total,61.572,,,,
2022,PER,Total,55.242,,,,
2023,PER,Total,54.378,,,,
2024,PER,Total,60.111,,,,
2025,PER,Total,63.641,,,,
1990,POL,Total,1.108,,,,
1991,POL,Total,1.13,,,,
1992,POL,Total,1.24,,,,
1993,POL,Total,1.176,,,,
1994,POL,Total,1.335,,,,
1995,POL,Total,1.43,,,,
1996,POL,Total,1.459,,,,
1997,POL,Total,1.511,,,,
1998,POL,Total,1.797,,,,
1999,POL,Total,1.672,,,,
2000,POL,Total,1.627,,,,
2001,POL,Total,1.934,,,,
2002,POL,Total,1.944,,,,
2003,POL,Total,1.5,,,,
2004,POL,Total,2.098,,,,
2005,POL,Total,2.479,,,,
2006,POL,Total,2.67,,,,
2007,POL,Total,3.425,,,,
2008,POL,Total,4.278,,,,
2009,POL,Total,5.76,,,,
2010,POL,Total,6.94,,,,
2011,POL,Total,8.062,,,,
2012,POL,Total,10.453,,,,
2013,POL,Total,10.416,,,,
2014,POL,Total,12.536,,,,
2015,POL,Total,13.81,,,,
2016,POL,Total,13.741,,,,
2017,POL,Total,14.202,,,,
2018,POL,Total,12.76,,,,
2019,POL,Total,15.599,,,,
2020,POL,Total,17.964,,,,
2021,POL,Total,17.093,,,,
2022,POL,Total,21.103,,,,
2023,POL,Total,27.707,,,,
2024,POL,Total,31.147,,,,
2025,POL,Total,31.255,,,,
1990,PRT,Total,34.698,,,,
1991,PRT,Total,33.109,,,,
1992,PRT,Total,18.623,,,,
1993,PRT,Total,30.577,,,,
1994,PRT,Total,37.371,,,,
1995,PRT,Total,28.502,,,,
1996,PRT,Total,46.14,,,,
1997,PRT,Total,41.989,,,,
1998,PRT,Total,36.516,,,,
1999,PRT,Total,20.168,,,,
2000,PRT,Total,29.785,,,,
2001,PRT,Total,34.173,,,,
2002,PRT,Total,21.361,,,,
2003,PRT,Total,38.155,,,,
2004,PRT,Total,27.551,,,,
2005,PRT,Total,17.931,,,,
2006,PRT,Total,32.479,,,,
2007,PRT,Total,34.703,,,,
2008,PRT,Total,32.289,,,,
2009,PRT,Total,37.039,,,,
2010,PRT,Total,53.01,,,,
2011,PRT,Total,46.562,,,,
2012,PRT,Total,42.628,,,,
2013,PRT,Total,58.53,,,,
2014,PRT,Total,60.946,,,,
2015,PRT,Total,47.634,,,,
2016,PRT,Total,54.699,,,,
2017,PRT,Total,39.208,,,,
2018,PRT,Total,50.403,,,,
2019,PRT,Total,53.12,,,,
2020,PRT,Total,58.591,,,,
2021,PRT,Total,64.08,,,,
2022,PRT,Total,59.594,,,,
2023,PRT,Total,74.469,,,,
2024,PRT,Total,85.191,,,,
2025,PRT,Total,80.896,,,,
2000,PRI,Total,0.686,,,,
2001,PRI,Total,0.583,,,,
2002,PRI,Total,0.475,,,,
2003,PRI,Total,0.418,,,,
2004,PRI,Total,0.58,,,,
2005,PRI,Total,0.561,,,,
2006,PRI,Total,0.561,,,,
2007,PRI,Total,0.648,,,,
2008,PRI,Total,0.688,,,,
2009,PRI,Total,0.738,,,,
2010,PRI,Total,0.688,,,,
2011,PRI,Total,0.674,,,,
2012,PRI,Total,0.538,,,,
2013,PRI,Total,1.35,,,,
2014,PRI,Total,1.662,,,,
2015,PRI,Total,1.818,,,,
2016,PRI,Total,1.89,,,,
2017,PRI,Total,2.259,,,,
2018,PRI,Total,2.657,,,,
2019,PRI,Total,3.812,,,,
2020,PRI,Total,3.985,,,,
2021,PRI,Total,4.649,,,,
2022,PRI,Total,5.377,,,,
2023,PRI,Total,5.377,,,,
2024,PRI,Total,6,,,,
2025,PRI,Total,6.129,,,,
2000,QAT,Total,0,,,,
2001,QAT,Total,0,,,,
2002,QAT,Total,0,,,,
2003,QAT,Total,0,,,,
2004,QAT,Total,0,,,,
2005,QAT,Total,0,,,,
2006,QAT,Total,0,,,,
2007,QAT,Total,0,,,,
2008,QAT,Total,0,,,,
2009,QAT,Total,0,,,,
2010,QAT,Total,0,,,,
2011,QAT,Total,0,,,,
2012,QAT,Total,0.029,,,,
2013,QAT,Total,0.23,,,,
2014,QAT,Total,0.284,,,,
2015,QAT,Total,0.312,,,,
2016,QAT,Total,0.306,,,,
2017,QAT,Total,0.306,,,,
2018,QAT,Total,0.312,,,,
2019,QAT,Total,0.26,,,,
2020,QAT,Total,0.283,,,,
2021,QAT,Total,0.29,,,,
2022,QAT,Total,1.315,,,,
2023,QAT,Total,3.565,,,,
2024,QAT,Total,4.023,,,,
2025,QAT,Total,3.988,,,,
2000,REU,Total,46.591,,,,
2001,REU,Total,40.541,,,,
2002,REU,Total,43.005,,,,
2003,REU,Total,41.346,,,,
2004,REU,Total,39.726,,,,
2005,REU,Total,33.921,,,,
2006,REU,Total,36.017,,,,
2007,REU,Total,36.992,,,,
2008,REU,Total,35.827,,,,
2009,REU,Total,32.443,,,,
2010,REU,Total,34.074,,,,
2011,REU,Total,30.182,,,,
2012,REU,Total,34.752,,,,
2013,REU,Total,37.943,,,,
2014,REU,Total,33.217,,,,
2015,REU,Total,36.207,,,,
2016,REU,Total,34.014,,,,
2017,REU,Total,32.215,,,,
2018,REU,Total,36.271,,,,
2019,REU,Total,31.148,,,,
2020,REU,Total,24.538,,,,
2021,REU,Total,28.155,,,,
2022,REU,Total,37.582,,,,
2023,REU,Total,56.678,,,,
1990,ROU,Total,17.745,,,,
1991,ROU,Total,25.687,,,,
1992,ROU,Total,21.663,,,,
1993,ROU,Total,23.067,,,,
1994,ROU,Total,23.71,,,,
1995,ROU,Total,28.264,,,,
1996,ROU,Total,28.101,,,,
1997,ROU,Total,40.409,,,,
1998,ROU,Total,45.669,,,,
1999,ROU,Total,46.543,,,,
2000,ROU,Total,39.255,,,,
2001,ROU,Total,38.039,,,,
2002,ROU,Total,39.618,,,,
2003,ROU,Total,33.133,,,,
2004,ROU,Total,39.065,,,,
2005,ROU,Total,43.435,,,,
2006,ROU,Total,38.347,,,,
2007,ROU,Total,38.532,,,,
2008,ROU,Total,43.864,,,,
2009,ROU,Total,47.404,,,,
2010,ROU,Total,52.83,,,,
2011,ROU,Total,45.421,,,,
2012,ROU,Total,45.097,,,,
2013,ROU,Total,54.597,,,,
2014,ROU,Total,59.766,,,,
2015,ROU,Total,57.615,,,,
2016,ROU,Total,59.576,,,,
2017,ROU,Total,56.342,,,,
2018,ROU,Total,58.639,,,,
2019,ROU,Total,61.113,,,,
2020,ROU,Total,65.35,,,,
2021,ROU,Total,64.242,,,,
2022,ROU,Total,63.409,,,,
2023,ROU,Total,69.447,,,,
2024,ROU,Total,67.204,,,,
2025,ROU,Total,67.517,,,,
1985,RUS,Total,26.928,,,,
1986,RUS,Total,26.917,,,,
1987,RUS,Total,27.426,,,,
1988,RUS,Total,27.755,,,,
1989,RUS,Total,27.503,,,,
1990,RUS,Total,26.357,,,,
1991,RUS,Total,26.975,,,,
1992,RUS,Total,28.983,,,,
1993,RUS,Total,30.686,,,,
1994,RUS,Total,31.26,,,,
1995,RUS,Total,32.074,,,,
1996,RUS,Total,31.091,,,,
1997,RUS,Total,31.888,,,,
1998,RUS,Total,31.708,,,,
1999,RUS,Total,33.374,,,,
2000,RUS,Total,33.593,,,,
2001,RUS,Total,34.887,,,,
2002,RUS,Total,34.106,,,,
2003,RUS,Total,33.438,,,,
2004,RUS,Total,34.429,,,,
2005,RUS,Total,33.803,,,,
2006,RUS,Total,33.287,,,,
2007,RUS,Total,33.139,,,,
2008,RUS,Total,31.573,,,,
2009,RUS,Total,34.063,,,,
2010,RUS,Total,32.507,,,,
2011,RUS,Total,31.906,,,,
2012,RUS,Total,31.937,,,,
2013,RUS,Total,33.439,,,,
2014,RUS,Total,33.356,,,,
2015,RUS,Total,34.137,,,,
2016,RUS,Total,35.041,,,,
2017,RUS,Total,35.696,,,,
2018,RUS,Total,35.754,,,,
2019,RUS,Total,36.239,,,,
2020,RUS,Total,39.815,,,,
2021,RUS,Total,38.254,,,,
2022,RUS,Total,36.747,,,,
2023,RUS,Total,36.196,,,,
2024,RUS,Total,35.935,,,,
2025,RUS,Total,35.683,,,,
2000,RWA,Total,62.5,,,,
2001,RWA,Total,60,,,,
2002,RWA,Total,58.824,,,,
2003,RWA,Total,66.667,,,,
2004,RWA,Total,57.143,,,,
2005,RWA,Total,52.632,,,,
2006,RWA,Total,48.148,,,,
2007,RWA,Total,48,,,,
2008,RWA,Total,55.172,,,,
2009,RWA,Total,51.613,,,,
2010,RWA,Total,39.286,,,,
2011,RWA,Total,42.857,,,,
2012,RWA,Total,46.154,,,,
2013,RWA,Total,40.541,,,,
2014,RWA,Total,48.78,,,,
2015,RWA,Total,56.863,,,,
2016,RWA,Total,50,,,,
2017,RWA,Total,46.154,,,,
2018,RWA,Total,41.463,,,,
2019,RWA,Total,50.588,,,,
2020,RWA,Total,62.921,,,,
2021,RWA,Total,59,,,,
2022,RWA,Total,57.692,,,,
2023,RWA,Total,49.091,,,,
2024,RWA,Total,49.558,,,,
2000,KNA,Total,0,,,,
2001,KNA,Total,0,,,,
2002,KNA,Total,0,,,,
2003,KNA,Total,0,,,,
2004,KNA,Total,0,,,,
2005,KNA,Total,0,,,,
2006,KNA,Total,0,,,,
2007,KNA,Total,0,,,,
2008,KNA,Total,0,,,,
2009,KNA,Total,0,,,,
2010,KNA,Total,0,,,,
2011,KNA,Total,0,,,,
2012,KNA,Total,4.545,,,,
2013,KNA,Total,4.545,,,,
2014,KNA,Total,4.545,,,,
2015,KNA,Total,4.545,,,,
2016,KNA,Total,4.348,,,,
2017,KNA,Total,0,,,,
2018,KNA,Total,4.348,,,,
2019,KNA,Total,4.348,,,,
2020,KNA,Total,4.545,,,,
2021,KNA,Total,4.545,,,,
2022,KNA,Total,4.545,,,,
2023,KNA,Total,4.545,,,,
2024,KNA,Total,8.696,,,,
2000,LCA,Total,0,,,,
2001,LCA,Total,0,,,,
2002,LCA,Total,0,,,,
2003,LCA,Total,0,,,,
2004,LCA,Total,0,,,,
2005,LCA,Total,0,,,,
2006,LCA,Total,0,,,,
2007,LCA,Total,0,,,,
2008,LCA,Total,0,,,,
2009,LCA,Total,0,,,,
2010,LCA,Total,0,,,,
2011,LCA,Total,0,,,,
2012,LCA,Total,0,,,,
2013,LCA,Total,0,,,,
2014,LCA,Total,0,,,,
2015,LCA,Total,0,,,,
2016,LCA,Total,0,,,,
2017,LCA,Total,0,,,,
2018,LCA,Total,2.439,,,,
2019,LCA,Total,2.381,,,,
2020,LCA,Total,2.632,,,,
2021,LCA,Total,2.5,,,,
2022,LCA,Total,2.5,,,,
2023,LCA,Total,2.5,,,,
2024,LCA,Total,2.5,,,,
2000,SPM,Total,0,,,,
2001,SPM,Total,0,,,,
2002,SPM,Total,0,,,,
2003,SPM,Total,0,,,,
2004,SPM,Total,0,,,,
2005,SPM,Total,0,,,,
2006,SPM,Total,0,,,,
2007,SPM,Total,0,,,,
2008,SPM,Total,0,,,,
2009,SPM,Total,0,,,,
2010,SPM,Total,0,,,,
2011,SPM,Total,0,,,,
2012,SPM,Total,0,,,,
2013,SPM,Total,0,,,,
2014,SPM,Total,0,,,,
2015,SPM,Total,0,,,,
2016,SPM,Total,0,,,,
2017,SPM,Total,0,,,,
2018,SPM,Total,0,,,,
2019,SPM,Total,0,,,,
2020,SPM,Total,0,,,,
2021,SPM,Total,0,,,,
2022,SPM,Total,0,,,,
2023,SPM,Total,0,,,,
2000,VCT,Total,30,,,,
2001,VCT,Total,20,,,,
2002,VCT,Total,20,,,,
2003,VCT,Total,18.182,,,,
2004,VCT,Total,25,,,,
2005,VCT,Total,21.429,,,,
2006,VCT,Total,15.385,,,,
2007,VCT,Total,14.286,,,,
2008,VCT,Total,14.286,,,,
2009,VCT,Total,14.286,,,,
2010,VCT,Total,20,,,,
2011,VCT,Total,21.429,,,,
2012,VCT,Total,20,,,,
2013,VCT,Total,14.286,,,,
2014,VCT,Total,7.143,,,,
2015,VCT,Total,13.333,,,,
2016,VCT,Total,12.5,,,,
2017,VCT,Total,13.333,,,,
2018,VCT,Total,13.333,,,,
2019,VCT,Total,13.333,,,,
2020,VCT,Total,13.333,,,,
2021,VCT,Total,14.286,,,,
2022,VCT,Total,13.333,,,,
2023,VCT,Total,13.333,,,,
2024,VCT,Total,13.333,,,,
2000,WSM,Total,50,,,,
2001,WSM,Total,50,,,,
2002,WSM,Total,54.545,,,,
2003,WSM,Total,50,,,,
2004,WSM,Total,45.455,,,,
2005,WSM,Total,45.455,,,,
2006,WSM,Total,41.667,,,,
2007,WSM,Total,41.667,,,,
2008,WSM,Total,45.455,,,,
2009,WSM,Total,38.462,,,,
2010,WSM,Total,41.667,,,,
2011,WSM,Total,38.462,,,,
2012,WSM,Total,36.364,,,,
2013,WSM,Total,25,,,,
2014,WSM,Total,23.077,,,,
2015,WSM,Total,30.769,,,,
2016,WSM,Total,33.333,,,,
2017,WSM,Total,31.25,,,,
2018,WSM,Total,40,,,,
2019,WSM,Total,41.176,,,,
2020,WSM,Total,38.889,,,,
2021,WSM,Total,47.059,,,,
2022,WSM,Total,43.75,,,,
2023,WSM,Total,40,,,,
2024,WSM,Total,43.75,,,,
2000,STP,Total,33.333,,,,
2001,STP,Total,0,,,,
2002,STP,Total,25,,,,
2003,STP,Total,25,,,,
2004,STP,Total,25,,,,
2005,STP,Total,0,,,,
2006,STP,Total,20,,,,
2007,STP,Total,20,,,,
2008,STP,Total,20,,,,
2009,STP,Total,16.667,,,,
2010,STP,Total,0,,,,
2011,STP,Total,14.286,,,,
2012,STP,Total,12.5,,,,
2013,STP,Total,14.286,,,,
2014,STP,Total,12.5,,,,
2015,STP,Total,10,,,,
2016,STP,Total,9.091,,,,
2017,STP,Total,0,,,,
2018,STP,Total,0,,,,
2019,STP,Total,9.091,,,,
2020,STP,Total,9.091,,,,
2021,STP,Total,9.091,,,,
2022,STP,Total,11.111,,,,
2023,STP,Total,11.111,,,,
1985,SAU,Total,0,,,,
1986,SAU,Total,0,,,,
1987,SAU,Total,0,,,,
1988,SAU,Total,0,,,,
1989,SAU,Total,0,,,,
1990,SAU,Total,0,,,,
1991,SAU,Total,0,,,,
1992,SAU,Total,0,,,,
1993,SAU,Total,0,,,,
1994,SAU,Total,0,,,,
1995,SAU,Total,0,,,,
1996,SAU,Total,0,,,,
1997,SAU,Total,0,,,,
1998,SAU,Total,0,,,,
1999,SAU,Total,0,,,,
2000,SAU,Total,0,,,,
2001,SAU,Total,0,,,,
2002,SAU,Total,0,,,,
2003,SAU,Total,0,,,,
2004,SAU,Total,0,,,,
2005,SAU,Total,0,,,,
2006,SAU,Total,0,,,,
2007,SAU,Total,0,,,,
2008,SAU,Total,0,,,,
2009,SAU,Total,0,,,,
2010,SAU,Total,0,,,,
2011,SAU,Total,0.004,,,,
2012,SAU,Total,0.011,,,,
2013,SAU,Total,0.014,,,,
2014,SAU,Total,0.015,,,,
2015,SAU,Total,0.014,,,,
2016,SAU,Total,0.014,,,,
2017,SAU,Total,0.018,,,,
2018,SAU,Total,0.043,,,,
2019,SAU,Total,0.058,,,,
2020,SAU,Total,0.242,,,,
2021,SAU,Total,0.254,,,,
2022,SAU,Total,0.49,,,,
2023,SAU,Total,1.1,,,,
2024,SAU,Total,2.16,,,,
2000,SEN,Total,3.356,,,,
2001,SEN,Total,3.352,,,,
2002,SEN,Total,12.5,,,,
2003,SEN,Total,16.309,,,,
2004,SEN,Total,13.808,,,,
2005,SEN,Total,11.698,,,,
2006,SEN,Total,10.606,,,,
2007,SEN,Total,7.857,,,,
2008,SEN,Total,9.122,,,,
2009,SEN,Total,9.508,,,,
2010,SEN,Total,9.907,,,,
2011,SEN,Total,10.03,,,,
2012,SEN,Total,9.392,,,,
2013,SEN,Total,9.711,,,,
2014,SEN,Total,9.091,,,,
2015,SEN,Total,9.009,,,,
2016,SEN,Total,8.996,,,,
2017,SEN,Total,11.229,,,,
2018,SEN,Total,14.17,,,,
2019,SEN,Total,13.402,,,,
2020,SEN,Total,16.832,,,,
2021,SEN,Total,20.27,,,,
2022,SEN,Total,19.693,,,,
2023,SEN,Total,16.951,,,,
2024,SEN,Total,19.79,,,,
1990,SRB,Total,19.22,,,,
1991,SRB,Total,25.405,,,,
1992,SRB,Total,26.727,,,,
1993,SRB,Total,26.903,,,,
1994,SRB,Total,28.942,,,,
1995,SRB,Total,30.764,,,,
1996,SRB,Total,35.531,,,,
1997,SRB,Total,29.838,,,,
1998,SRB,Total,29.293,,,,
1999,SRB,Total,36.134,,,,
2000,SRB,Total,30.736,,,,
2001,SRB,Total,30.365,,,,
2002,SRB,Total,29.874,,,,
2003,SRB,Total,25.511,,,,
2004,SRB,Total,28.556,,,,
2005,SRB,Total,31.818,,,,
2006,SRB,Total,28.854,,,,
2007,SRB,Total,26.3,,,,
2008,SRB,Total,25.964,,,,
2009,SRB,Total,27.95,,,,
2010,SRB,Total,31.774,,,,
2011,SRB,Total,22.804,,,,
2012,SRB,Total,25.698,,,,
2013,SRB,Total,26.051,,,,
2014,SRB,Total,32.984,,,,
2015,SRB,Total,26.895,,,,
2016,SRB,Total,28.127,,,,
2017,SRB,Total,25.494,,,,
2018,SRB,Total,29.725,,,,
2019,SRB,Total,28.513,,,,
2020,SRB,Total,27.327,,,,
2021,SRB,Total,33.502,,,,
2022,SRB,Total,28.186,,,,
2023,SRB,Total,34.961,,,,
2024,SRB,Total,32.062,,,,
2025,SRB,Total,27.816,,,,
2000,SYC,Total,0,,,,
2001,SYC,Total,0,,,,
2002,SYC,Total,0,,,,
2003,SYC,Total,0,,,,
2004,SYC,Total,0,,,,
2005,SYC,Total,0,,,,
2006,SYC,Total,0,,,,
2007,SYC,Total,0,,,,
2008,SYC,Total,0,,,,
2009,SYC,Total,0,,,,
2010,SYC,Total,0,,,,
2011,SYC,Total,0,,,,
2012,SYC,Total,0,,,,
2013,SYC,Total,2.273,,,,
2014,SYC,Total,2.222,,,,
2015,SYC,Total,2.174,,,,
2016,SYC,Total,2,,,,
2017,SYC,Total,1.961,,,,
2018,SYC,Total,1.923,,,,
2019,SYC,Total,7.018,,,,
2020,SYC,Total,11.864,,,,
2021,SYC,Total,13.333,,,,
2022,SYC,Total,14.516,,,,
2023,SYC,Total,14.516,,,,
2024,SYC,Total,15.873,,,,
2000,SLE,Total,11.111,,,,
2001,SLE,Total,7.692,,,,
2002,SLE,Total,12.5,,,,
2003,SLE,Total,13.333,,,,
2004,SLE,Total,16.667,,,,
2005,SLE,Total,25,,,,
2006,SLE,Total,0,,,,
2007,SLE,Total,33.333,,,,
2008,SLE,Total,33.333,,,,
2009,SLE,Total,33.333,,,,
2010,SLE,Total,85.714,,,,
2011,SLE,Total,88.235,,,,
2012,SLE,Total,66.667,,,,
2013,SLE,Total,62.5,,,,
2014,SLE,Total,80,,,,
2015,SLE,Total,75,,,,
2016,SLE,Total,61.905,,,,
2017,SLE,Total,60.87,,,,
2018,SLE,Total,66.667,,,,
2019,SLE,Total,95,,,,
2020,SLE,Total,95,,,,
2021,SLE,Total,95,,,,
2022,SLE,Total,95,,,,
2023,SLE,Total,95.238,,,,
2024,SLE,Total,95.238,,,,
2000,SGP,Total,1.547,,,,
2001,SGP,Total,2.087,,,,
2002,SGP,Total,2.222,,,,
2003,SGP,Total,2.803,,,,
2004,SGP,Total,2.607,,,,
2005,SGP,Total,2.512,,,,
2006,SGP,Total,2.406,,,,
2007,SGP,Total,2.407,,,,
2008,SGP,Total,2.496,,,,
2009,SGP,Total,2.512,,,,
2010,SGP,Total,2.601,,,,
2011,SGP,Total,2.609,,,,
2012,SGP,Total,2.706,,,,
2013,SGP,Total,3.523,,,,
2014,SGP,Total,2.799,,,,
2015,SGP,Total,2.904,,,,
2016,SGP,Total,2.908,,,,
2017,SGP,Total,2.888,,,,
2018,SGP,Total,2.813,,,,
2019,SGP,Total,2.789,,,,
2020,SGP,Total,2.808,,,,
2021,SGP,Total,2.904,,,,
2022,SGP,Total,4.093,,,,
2023,SGP,Total,4.536,,,,
2024,SGP,Total,4.932,,,,
2025,SGP,Total,5.486,,,,
1990,SVK,Total,54.61,,,,
1991,SVK,Total,53.998,,,,
1992,SVK,Total,55.895,,,,
1993,SVK,Total,62.204,,,,
1994,SVK,Total,66.588,,,,
1995,SVK,Total,61.748,,,,
1996,SVK,Total,60.801,,,,
1997,SVK,Total,60.423,,,,
1998,SVK,Total,60.863,,,,
1999,SVK,Total,62.576,,,,
2000,SVK,Total,68.551,,,,
2001,SVK,Total,69.705,,,,
2002,SVK,Total,72.623,,,,
2003,SVK,Total,69.206,,,,
2004,SVK,Total,69.468,,,,
2005,SVK,Total,71.506,,,,
2006,SVK,Total,73.024,,,,
2007,SVK,Total,72.747,,,,
2008,SVK,Total,74.111,,,,
2009,SVK,Total,73.274,,,,
2010,SVK,Total,74.727,,,,
2011,SVK,Total,72.171,,,,
2012,SVK,Total,74.064,,,,
2013,SVK,Total,77.474,,,,
2014,SVK,Total,80.133,,,,
2015,SVK,Total,79.639,,,,
2016,SVK,Total,79.851,,,,
2017,SVK,Total,78.848,,,,
2018,SVK,Total,77.457,,,,
2019,SVK,Total,77.738,,,,
2020,SVK,Total,78.183,,,,
2021,SVK,Total,75.758,,,,
2022,SVK,Total,81.914,,,,
2023,SVK,Total,84.795,,,,
2024,SVK,Total,85.806,,,,
2025,SVK,Total,85.15,,,,
1990,SVN,Total,60.852,,,,
1991,SVN,Total,67.19,,,,
1992,SVN,Total,59.887,,,,
1993,SVN,Total,58.577,,,,
1994,SVN,Total,62.141,,,,
1995,SVN,Total,62.248,,,,
1996,SVN,Total,63.755,,,,
1997,SVN,Total,61.533,,,,
1998,SVN,Total,61.88,,,,
1999,SVN,Total,63.876,,,,
2000,SVN,Total,63.63,,,,
2001,SVN,Total,63.052,,,,
2002,SVN,Total,61.233,,,,
2003,SVN,Total,59.942,,,,
2004,SVN,Total,63.327,,,,
2005,SVN,Total,62.541,,,,
2006,SVN,Total,61.218,,,,
2007,SVN,Total,60.372,,,,
2008,SVN,Total,64.473,,,,
2009,SVN,Total,64.918,,,,
2010,SVN,Total,64.022,,,,
2011,SVN,Total,63.442,,,,
2012,SVN,Total,63.408,,,,
2013,SVN,Total,65.886,,,,
2014,SVN,Total,75.627,,,,
2015,SVN,Total,67.568,,,,
2016,SVN,Total,66.42,,,,
2017,SVN,Total,66.854,,,,
2018,SVN,Total,68.238,,,,
2019,SVN,Total,68.345,,,,
2020,SVN,Total,70.634,,,,
2021,SVN,Total,71.52,,,,
2022,SVN,Total,72.455,,,,
2023,SVN,Total,76.527,,,,
2024,SVN,Total,76.062,,,,
2025,SVN,Total,78.937,,,,
2000,SLB,Total,0,,,,
2001,SLB,Total,0,,,,
2002,SLB,Total,0,,,,
2003,SLB,Total,0,,,,
2004,SLB,Total,0,,,,
2005,SLB,Total,0,,,,
2006,SLB,Total,0,,,,
2007,SLB,Total,0,,,,
2008,SLB,Total,0,,,,
2009,SLB,Total,0,,,,
2010,SLB,Total,0,,,,
2011,SLB,Total,0,,,,
2012,SLB,Total,0,,,,
2013,SLB,Total,0,,,,
2014,SLB,Total,0,,,,
2015,SLB,Total,0,,,,
2016,SLB,Total,0,,,,
2017,SLB,Total,0,,,,
2018,SLB,Total,0,,,,
2019,SLB,Total,0,,,,
2020,SLB,Total,0,,,,
2021,SLB,Total,0,,,,
2022,SLB,Total,9.091,,,,
2023,SLB,Total,9.091,,,,
2024,SLB,Total,9.091,,,,
2000,SOM,Total,0,,,,
2001,SOM,Total,0,,,,
2002,SOM,Total,0,,,,
2003,SOM,Total,0,,,,
2004,SOM,Total,0,,,,
2005,SOM,Total,0,,,,
2006,SOM,Total,0,,,,
2007,SOM,Total,0,,,,
2008,SOM,Total,0,,,,
2009,SOM,Total,0,,,,
2010,SOM,Total,0,,,,
2011,SOM,Total,0,,,,
2012,SOM,Total,0,,,,
2013,SOM,Total,0,,,,
2014,SOM,Total,0,,,,
2015,SOM,Total,0,,,,
2016,SOM,Total,2.778,,,,
2017,SOM,Total,5.405,,,,
2018,SOM,Total,5.405,,,,
2019,SOM,Total,5.405,,,,
2020,SOM,Total,8.108,,,,
2021,SOM,Total,10.526,,,,
2022,SOM,Total,19.048,,,,
2023,SOM,Total,19.048,,,,
2024,SOM,Total,20.93,,,,
2000,ZAF,Total,6.926,,,,
2001,ZAF,Total,6.121,,,,
2002,ZAF,Total,6.596,,,,
2003,ZAF,Total,5.947,,,,
2004,ZAF,Total,6.022,,,,
2005,ZAF,Total,5.34,,,,
2006,ZAF,Total,5.268,,,,
2007,ZAF,Total,5.56,,,,
2008,ZAF,Total,5.715,,,,
2009,ZAF,Total,5.914,,,,
2010,ZAF,Total,5.825,,,,
2011,ZAF,Total,6.26,,,,
2012,ZAF,Total,5.615,,,,
2013,ZAF,Total,6.165,,,,
2014,ZAF,Total,7.104,,,,
2015,ZAF,Total,7.502,,,,
2016,ZAF,Total,9.177,,,,
2017,ZAF,Total,10.316,,,,
2018,ZAF,Total,9.387,,,,
2019,ZAF,Total,10.452,,,,
2020,ZAF,Total,10.455,,,,
2021,ZAF,Total,12.739,,,,
2022,ZAF,Total,14.099,,,,
2023,ZAF,Total,15.875,,,,
2024,ZAF,Total,15.663,,,,
2025,ZAF,Total,17.841,,,,
1985,KOR,Total,31.801,,,,
1986,KOR,Total,45.098,,,,
1987,KOR,Total,53.925,,,,
1988,KOR,Total,45.205,,,,
1989,KOR,Total,48.567,,,,
1990,KOR,Total,48.603,,,,
1991,KOR,Total,45.437,,,,
1992,KOR,Total,40.72,,,,
1993,KOR,Total,38.521,,,,
1994,KOR,Total,33.266,,,,
1995,KOR,Total,34.409,,,,
1996,KOR,Total,33.98,,,,
1997,KOR,Total,32.436,,,,
1998,KOR,Total,39.642,,,,
1999,KOR,Total,40.938,,,,
2000,KOR,Total,38.933,,,,
2001,KOR,Total,36.972,,,,
2002,KOR,Total,36.906,,,,
2003,KOR,Total,38.755,,,,
2004,KOR,Total,36.783,,,,
2005,KOR,Total,38.732,,,,
2006,KOR,Total,37.899,,,,
2007,KOR,Total,34.649,,,,
2008,KOR,Total,35.11,,,,
2009,KOR,Total,33.679,,,,
2010,KOR,Total,31.168,,,,
2011,KOR,Total,31.288,,,,
2012,KOR,Total,29.838,,,,
2013,KOR,Total,27.74,,,,
2014,KOR,Total,31.33,,,,
2015,KOR,Total,32.851,,,,
2016,KOR,Total,32.108,,,,
2017,KOR,Total,29.625,,,,
2018,KOR,Total,27.206,,,,
2019,KOR,Total,30.491,,,,
2020,KOR,Total,34.756,,,,
2021,KOR,Total,33.913,,,,
2022,KOR,Total,37.19,,,,
2023,KOR,Total,38.796,,,,
2024,KOR,Total,39.891,,,,
2025,KOR,Total,39.958,,,,
2012,SSD,Total,0,,,,
2013,SSD,Total,0,,,,
2014,SSD,Total,0,,,,
2015,SSD,Total,0,,,,
2016,SSD,Total,0,,,,
2017,SSD,Total,0,,,,
2018,SSD,Total,0,,,,
2019,SSD,Total,0,,,,
2020,SSD,Total,1.786,,,,
2021,SSD,Total,1.754,,,,
2022,SSD,Total,1.961,,,,
2023,SSD,Total,1.786,,,,
2024,SSD,Total,1.786,,,,
1990,ESP,Total,53.123,,,,
1991,ESP,Total,53.901,,,,
1992,ESP,Total,48.12,,,,
1993,ESP,Total,52.34,,,,
1994,ESP,Total,52.669,,,,
1995,ESP,Total,48.367,,,,
1996,ESP,Total,56.336,,,,
1997,ESP,Total,48.787,,,,
1998,ESP,Total,49.579,,,,
1999,ESP,Total,41.852,,,,
2000,ESP,Total,43.772,,,,
2001,ESP,Total,48.488,,,,
2002,ESP,Total,40.094,,,,
2003,ESP,Total,45.717,,,,
2004,ESP,Total,41.119,,,,
2005,ESP,Total,34.481,,,,
2006,ESP,Total,37.985,,,,
2007,ESP,Total,37.567,,,,
2008,ESP,Total,39.097,,,,
2009,ESP,Total,43.63,,,,
2010,ESP,Total,53.647,,,,
2011,ESP,Total,49.822,,,,
2012,ESP,Total,50.498,,,,
2013,ESP,Total,59.739,,,,
2014,ESP,Total,61.059,,,,
2015,ESP,Total,55.663,,,,
2016,ESP,Total,60.31,,,,
2017,ESP,Total,53.591,,,,
2018,ESP,Total,58.821,,,,
2019,ESP,Total,58.901,,,,
2020,ESP,Total,66.324,,,,
2021,ESP,Total,67.335,,,,
2022,ESP,Total,63.207,,,,
2023,ESP,Total,71.889,,,,
2024,ESP,Total,76.746,,,,
2025,ESP,Total,74.642,,,,
2000,LKA,Total,47.345,,,,
2001,LKA,Total,46.777,,,,
2002,LKA,Total,38.905,,,,
2003,LKA,Total,43.512,,,,
2004,LKA,Total,36.712,,,,
2005,LKA,Total,39.342,,,,
2006,LKA,Total,49.258,,,,
2007,LKA,Total,40.182,,,,
2008,LKA,Total,41.935,,,,
2009,LKA,Total,39.636,,,,
2010,LKA,Total,53.451,,,,
2011,LKA,Total,41.212,,,,
2012,LKA,Total,29.407,,,,
2013,LKA,Total,60.184,,,,
2014,LKA,Total,39.357,,,,
2015,LKA,Total,48.751,,,,
2016,LKA,Total,32.984,,,,
2017,LKA,Total,31.028,,,,
2018,LKA,Total,43.871,,,,
2019,LKA,Total,33.773,,,,
2020,LKA,Total,35.576,,,,
2021,LKA,Total,49.4,,,,
2022,LKA,Total,50.328,,,,
2023,LKA,Total,48.566,,,,
2024,LKA,Total,54.088,,,,
2025,LKA,Total,56.276,,,,
2000,SDN,Total,50,,,,
2001,SDN,Total,50.746,,,,
2002,SDN,Total,46.333,,,,
2003,SDN,Total,36.888,,,,
2004,SDN,Total,34.444,,,,
2005,SDN,Total,35.101,,,,
2006,SDN,Total,32.258,,,,
2007,SDN,Total,30.814,,,,
2008,SDN,Total,28.369,,,,
2009,SDN,Total,50.681,,,,
2010,SDN,Total,82.85,,,,
2011,SDN,Total,76.616,,,,
2012,SDN,Total,70.316,,,,
2013,SDN,Total,80.966,,,,
2014,SDN,Total,78.44,,,,
2015,SDN,Total,64.629,,,,
2016,SDN,Total,56.211,,,,
2017,SDN,Total,60.51,,,,
2018,SDN,Total,59.756,,,,
2019,SDN,Total,63.748,,,,
2020,SDN,Total,64.826,,,,
2021,SDN,Total,62.655,,,,
2022,SDN,Total,71.752,,,,
2023,SDN,Total,80.979,,,,
2024,SDN,Total,79.689,,,,
2000,SUR,Total,73.958,,,,
2001,SUR,Total,70.192,,,,
2002,SUR,Total,60.163,,,,
2003,SUR,Total,57.692,,,,
2004,SUR,Total,53.147,,,,
2005,SUR,Total,48.521,,,,
2006,SUR,Total,54.777,,,,
2007,SUR,Total,57.333,,,,
2008,SUR,Total,56.954,,,,
2009,SUR,Total,56.209,,,,
2010,SUR,Total,61.224,,,,
2011,SUR,Total,67.32,,,,
2012,SUR,Total,49.102,,,,
2013,SUR,Total,47.159,,,,
2014,SUR,Total,30.22,,,,
2015,SUR,Total,26.344,,,,
2016,SUR,Total,43.956,,,,
2017,SUR,Total,51.934,,,,
2018,SUR,Total,53.158,,,,
2019,SUR,Total,47.549,,,,
2020,SUR,Total,48.293,,,,
2021,SUR,Total,48.325,,,,
2022,SUR,Total,44.55,,,,
2023,SUR,Total,53.179,,,,
2024,SUR,Total,52.874,,,,
1990,SWE,Total,97.705,,,,
1991,SWE,Total,96.53,,,,
1992,SWE,Total,95.875,,,,
1993,SWE,Total,95.188,,,,
1994,SWE,Total,94.296,,,,
1995,SWE,Total,94.74,,,,
1996,SWE,Total,91.224,,,,
1997,SWE,Total,95.141,,,,
1998,SWE,Total,95.522,,,,
1999,SWE,Total,95.544,,,,
2000,SWE,Total,96.716,,,,
2001,SWE,Total,96.182,,,,
2002,SWE,Total,94.928,,,,
2003,SWE,Total,93.175,,,,
2004,SWE,Total,96.114,,,,
2005,SWE,Total,96.994,,,,
2006,SWE,Total,96.343,,,,
2007,SWE,Total,97.03,,,,
2008,SWE,Total,96.931,,,,
2009,SWE,Total,96.618,,,,
2010,SWE,Total,94.254,,,,
2011,SWE,Total,96.194,,,,
2012,SWE,Total,97.543,,,,
2013,SWE,Total,97.465,,,,
2014,SWE,Total,98.092,,,,
2015,SWE,Total,98.056,,,,
2016,SWE,Total,97.652,,,,
2017,SWE,Total,97.887,,,,
2018,SWE,Total,97.76,,,,
2019,SWE,Total,98.011,,,,
2020,SWE,Total,98.51,,,,
2021,SWE,Total,98.219,,,,
2022,SWE,Total,98.336,,,,
2023,SWE,Total,98.597,,,,
2024,SWE,Total,98.792,,,,
2025,SWE,Total,98.778,,,,
2000,CHE,Total,96.99,,,,
2001,CHE,Total,97.129,,,,
2002,CHE,Total,96.82,,,,
2003,CHE,Total,96.74,,,,
2004,CHE,Total,96.634,,,,
2005,CHE,Total,96.246,,,,
2006,CHE,Total,96.491,,,,
2007,CHE,Total,96.944,,,,
2008,CHE,Total,97.002,,,,
2009,CHE,Total,97.075,,,,
2010,CHE,Total,96.609,,,,
2011,CHE,Total,96.581,,,,
2012,CHE,Total,96.83,,,,
2013,CHE,Total,97.045,,,,
2014,CHE,Total,97.36,,,,
2015,CHE,Total,97.185,,,,
2016,CHE,Total,96.498,,,,
2017,CHE,Total,96.658,,,,
2018,CHE,Total,97.134,,,,
2019,CHE,Total,97.308,,,,
2020,CHE,Total,97.27,,,,
2021,CHE,Total,97.274,,,,
2022,CHE,Total,97.44,,,,
2023,CHE,Total,97.959,,,,
2024,CHE,Total,98.099,,,,
2025,CHE,Total,97.693,,,,
2000,SYR,Total,12.911,,,,
2001,SYR,Total,12.865,,,,
2002,SYR,Total,8.835,,,,
2003,SYR,Total,9.178,,,,
2004,SYR,Total,13.087,,,,
2005,SYR,Total,12.057,,,,
2006,SYR,Total,10.592,,,,
2007,SYR,Total,9.077,,,,
2008,SYR,Total,7.063,,,,
2009,SYR,Total,4.384,,,,
2010,SYR,Total,5.642,,,,
2011,SYR,Total,7.242,,,,
2012,SYR,Total,9.266,,,,
2013,SYR,Total,12.038,,,,
2014,SYR,Total,11.153,,,,
2015,SYR,Total,2.443,,,,
2016,SYR,Total,5.283,,,,
2017,SYR,Total,4.23,,,,
2018,SYR,Total,3.495,,,,
2019,SYR,Total,3.495,,,,
2020,SYR,Total,3.804,,,,
2021,SYR,Total,3.869,,,,
2022,SYR,Total,4.382,,,,
2023,SYR,Total,3.517,,,,
2024,SYR,Total,3.537,,,,
1985,TWN,Total,62.52,,,,
1986,TWN,Total,53.056,,,,
1987,TWN,Total,55.854,,,,
1988,TWN,Total,46.315,,,,
1989,TWN,Total,39.657,,,,
1990,TWN,Total,43.747,,,,
1991,TWN,Total,39.71,,,,
1992,TWN,Total,38.529,,,,
1993,TWN,Total,33.585,,,,
1994,TWN,Total,32.247,,,,
1995,TWN,Total,30.454,,,,
1996,TWN,Total,30.29,,,,
1997,TWN,Total,27.94,,,,
1998,TWN,Total,26.758,,,,
1999,TWN,Total,25.92,,,,
2000,TWN,Total,23.864,,,,
2001,TWN,Total,22.23,,,,
2002,TWN,Total,22.103,,,,
2003,TWN,Total,20.908,,,,
2004,TWN,Total,20.411,,,,
2005,TWN,Total,20.211,,,,
2006,TWN,Total,19.568,,,,
2007,TWN,Total,19.448,,,,
2008,TWN,Total,19.953,,,,
2009,TWN,Total,20.809,,,,
2010,TWN,Total,19.713,,,,
2011,TWN,Total,19.631,,,,
2012,TWN,Total,19.767,,,,
2013,TWN,Total,20.16,,,,
2014,TWN,Total,19.487,,,,
2015,TWN,Total,17.533,,,,
2016,TWN,Total,16.167,,,,
2017,TWN,Total,12.266,,,,
2018,TWN,Total,13.988,,,,
2019,TWN,Total,16.69,,,,
2020,TWN,Total,16.015,,,,
2021,TWN,Total,14.95,,,,
2022,TWN,Total,15.906,,,,
2023,TWN,Total,15.205,,,,
2024,TWN,Total,15.141,,,,
2025,TWN,Total,13.511,,,,
2000,TJK,Total,98.455,,,,
2001,TJK,Total,98.749,,,,
2002,TJK,Total,99.085,,,,
2003,TJK,Total,98.97,,,,
2004,TJK,Total,99.09,,,,
2005,TJK,Total,99.298,,,,
2006,TJK,Total,98.641,,,,
2007,TJK,Total,97.827,,,,
2008,TJK,Total,97.833,,,,
2009,TJK,Total,98.635,,,,
2010,TJK,Total,99.757,,,,
2011,TJK,Total,99.754,,,,
2012,TJK,Total,99.588,,,,
2013,TJK,Total,99.766,,,,
2014,TJK,Total,99.01,,,,
2015,TJK,Total,99.068,,,,
2016,TJK,Total,96.462,,,,
2017,TJK,Total,94.589,,,,
2018,TJK,Total,93.161,,,,
2019,TJK,Total,91.46,,,,
2020,TJK,Total,90.1,,,,
2021,TJK,Total,90.058,,,,
2022,TJK,Total,92.694,,,,
2023,TJK,Total,94.206,,,,
2024,TJK,Total,94.595,,,,
2025,TJK,Total,94.194,,,,
2000,TZA,Total,86.4,,,,
2001,TZA,Total,94.7,,,,
2002,TZA,Total,95.502,,,,
2003,TZA,Total,95.941,,,,
2004,TZA,Total,78.927,,,,
2005,TZA,Total,50,,,,
2006,TZA,Total,42.735,,,,
2007,TZA,Total,60.849,,,,
2008,TZA,Total,60.899,,,,
2009,TZA,Total,56.25,,,,
2010,TZA,Total,52.158,,,,
2011,TZA,Total,40.039,,,,
2012,TZA,Total,32.451,,,,
2013,TZA,Total,30.05,,,,
2014,TZA,Total,42.652,,,,
2015,TZA,Total,33.538,,,,
2016,TZA,Total,36.217,,,,
2017,TZA,Total,34.795,,,,
2018,TZA,Total,31.737,,,,
2019,TZA,Total,33.205,,,,
2020,TZA,Total,41.379,,,,
2021,TZA,Total,36.879,,,,
2022,TZA,Total,30.353,,,,
2023,TZA,Total,26.49,,,,
2024,TZA,Total,32.919,,,,
1985,THA,Total,16.023,,,,
1986,THA,Total,22.416,,,,
1987,THA,Total,14.211,,,,
1988,THA,Total,11.567,,,,
1989,THA,Total,14.806,,,,
1990,THA,Total,11.174,,,,
1991,THA,Total,9.056,,,,
1992,THA,Total,7.329,,,,
1993,THA,Total,5.748,,,,
1994,THA,Total,6.26,,,,
1995,THA,Total,8.441,,,,
1996,THA,Total,8.54,,,,
1997,THA,Total,7.932,,,,
1998,THA,Total,6.031,,,,
1999,THA,Total,4.279,,,,
2000,THA,Total,6.721,,,,
2001,THA,Total,6.723,,,,
2002,THA,Total,7.488,,,,
2003,THA,Total,7.28,,,,
2004,THA,Total,6.235,,,,
2005,THA,Total,5.773,,,,
2006,THA,Total,7.296,,,,
2007,THA,Total,7.311,,,,
2008,THA,Total,6.278,,,,
2009,THA,Total,6.347,,,,
2010,THA,Total,5.566,,,,
2011,THA,Total,7.828,,,,
2012,THA,Total,8.079,,,,
2013,THA,Total,7.501,,,,
2014,THA,Total,8.178,,,,
2015,THA,Total,7.766,,,,
2016,THA,Total,8.937,,,,
2017,THA,Total,11.107,,,,
2018,THA,Total,14.356,,,,
2019,THA,Total,14.862,,,,
2020,THA,Total,14.211,,,,
2021,THA,Total,15.009,,,,
2022,THA,Total,15.79,,,,
2023,THA,Total,15.624,,,,
2024,THA,Total,14.841,,,,
2025,THA,Total,16.575,,,,
2000,PHL,Total,42.892,,,,
2001,PHL,Total,37.279,,,,
2002,PHL,Total,35.638,,,,
2003,PHL,Total,33.415,,,,
2004,PHL,Total,33.733,,,,
2005,PHL,Total,32.367,,,,
2006,PHL,Total,36.034,,,,
2007,PHL,Total,31.6,,,,
2008,PHL,Total,33.903,,,,
2009,PHL,Total,32.574,,,,
2010,PHL,Total,26.296,,,,
2011,PHL,Total,28.662,,,,
2012,PHL,Total,28.454,,,,
2013,PHL,Total,26.412,,,,
2014,PHL,Total,25.612,,,,
2015,PHL,Total,25.413,,,,
2016,PHL,Total,24.21,,,,
2017,PHL,Total,24.555,,,,
2018,PHL,Total,23.371,,,,
2019,PHL,Total,20.787,,,,
2020,PHL,Total,21.229,,,,
2021,PHL,Total,22.135,,,,
2022,PHL,Total,22.16,,,,
2023,PHL,Total,21.426,,,,
2024,PHL,Total,20.472,,,,
2025,PHL,Total,23.317,,,,
2000,TGO,Total,55.556,,,,
2001,TGO,Total,38.462,,,,
2002,TGO,Total,56.25,,,,
2003,TGO,Total,66.667,,,,
2004,TGO,Total,42.105,,,,
2005,TGO,Total,36.842,,,,
2006,TGO,Total,40.909,,,,
2007,TGO,Total,52.632,,,,
2008,TGO,Total,69.231,,,,
2009,TGO,Total,73.333,,,,
2010,TGO,Total,40.909,,,,
2011,TGO,Total,47.619,,,,
2012,TGO,Total,28.125,,,,
2013,TGO,Total,12.5,,,,
2014,TGO,Total,34.286,,,,
2015,TGO,Total,13.636,,,,
2016,TGO,Total,21.277,,,,
2017,TGO,Total,25.926,,,,
2018,TGO,Total,35,,,,
2019,TGO,Total,21.311,,,,
2020,TGO,Total,14.754,,,,
2021,TGO,Total,22.535,,,,
2022,TGO,Total,20,,,,
2023,TGO,Total,26.761,,,,
2024,TGO,Total,29.577,,,,
2000,TON,Total,0,,,,
2001,TON,Total,0,,,,
2002,TON,Total,0,,,,
2003,TON,Total,0,,,,
2004,TON,Total,0,,,,
2005,TON,Total,0,,,,
2006,TON,Total,0,,,,
2007,TON,Total,0,,,,
2008,TON,Total,0,,,,
2009,TON,Total,0,,,,
2010,TON,Total,0,,,,
2011,TON,Total,0,,,,
2012,TON,Total,0,,,,
2013,TON,Total,0,,,,
2014,TON,Total,0,,,,
2015,TON,Total,0,,,,
2016,TON,Total,0,,,,
2017,TON,Total,14.286,,,,
2018,TON,Total,14.286,,,,
2019,TON,Total,14.286,,,,
2020,TON,Total,14.286,,,,
2021,TON,Total,14.286,,,,
2022,TON,Total,12.5,,,,
2023,TON,Total,14.286,,,,
2024,TON,Total,14.286,,,,
2000,TTO,Total,0.366,,,,
2001,TTO,Total,0.532,,,,
2002,TTO,Total,0.532,,,,
2003,TTO,Total,0.155,,,,
2004,TTO,Total,0.311,,,,
2005,TTO,Total,0.284,,,,
2006,TTO,Total,0.418,,,,
2007,TTO,Total,0.26,,,,
2008,TTO,Total,0.259,,,,
2009,TTO,Total,0.255,,,,
2010,TTO,Total,0,,,,
2011,TTO,Total,0,,,,
2012,TTO,Total,0,,,,
2013,TTO,Total,0,,,,
2014,TTO,Total,0,,,,
2015,TTO,Total,0.104,,,,
2016,TTO,Total,0.106,,,,
2017,TTO,Total,0.107,,,,
2018,TTO,Total,0.108,,,,
2019,TTO,Total,0.109,,,,
2020,TTO,Total,0.108,,,,
2021,TTO,Total,0.108,,,,
2022,TTO,Total,0.105,,,,
2023,TTO,Total,0.105,,,,
2024,TTO,Total,0.105,,,,
2000,TUN,Total,0.755,,,,
2001,TUN,Total,0.615,,,,
2002,TUN,Total,0.76,,,,
2003,TUN,Total,1.684,,,,
2004,TUN,Total,1.593,,,,
2005,TUN,Total,1.422,,,,
2006,TUN,Total,0.995,,,,
2007,TUN,Total,0.655,,,,
2008,TUN,Total,0.487,,,,
2009,TUN,Total,1.18,,,,
2010,TUN,Total,1.196,,,,
2011,TUN,Total,0.982,,,,
2012,TUN,Total,1.738,,,,
2013,TUN,Total,2.37,,,,
2014,TUN,Total,3.11,,,,
2015,TUN,Total,2.977,,,,
2016,TUN,Total,3.209,,,,
2017,TUN,Total,2.915,,,,
2018,TUN,Total,2.629,,,,
2019,TUN,Total,3.134,,,,
2020,TUN,Total,3.134,,,,
2021,TUN,Total,3.105,,,,
2022,TUN,Total,3.036,,,,
2023,TUN,Total,3.947,,,,
2024,TUN,Total,4.399,,,,
2025,TUN,Total,4.034,,,,
2000,TKM,Total,0,,,,
2001,TKM,Total,0,,,,
2002,TKM,Total,0,,,,
2003,TKM,Total,0,,,,
2004,TKM,Total,0,,,,
2005,TKM,Total,0,,,,
2006,TKM,Total,0,,,,
2007,TKM,Total,0,,,,
2008,TKM,Total,0,,,,
2009,TKM,Total,0,,,,
2010,TKM,Total,0,,,,
2011,TKM,Total,0,,,,
2012,TKM,Total,0,,,,
2013,TKM,Total,0,,,,
2014,TKM,Total,0,,,,
2015,TKM,Total,0,,,,
2016,TKM,Total,0,,,,
2017,TKM,Total,0,,,,
2018,TKM,Total,0,,,,
2019,TKM,Total,0,,,,
2020,TKM,Total,0,,,,
2021,TKM,Total,0.035,,,,
2022,TKM,Total,0.031,,,,
2023,TKM,Total,0.031,,,,
2024,TKM,Total,0.03,,,,
2000,TCA,Total,0,,,,
2001,TCA,Total,0,,,,
2002,TCA,Total,0,,,,
2003,TCA,Total,0,,,,
2004,TCA,Total,0,,,,
2005,TCA,Total,0,,,,
2006,TCA,Total,0,,,,
2007,TCA,Total,0,,,,
2008,TCA,Total,0,,,,
2009,TCA,Total,0,,,,
2010,TCA,Total,0,,,,
2011,TCA,Total,0,,,,
2012,TCA,Total,0,,,,
2013,TCA,Total,0,,,,
2014,TCA,Total,0,,,,
2015,TCA,Total,0,,,,
2016,TCA,Total,0,,,,
2017,TCA,Total,0,,,,
2018,TCA,Total,0,,,,
2019,TCA,Total,0,,,,
2020,TCA,Total,0,,,,
2021,TCA,Total,0,,,,
2022,TCA,Total,0,,,,
2023,TCA,Total,0,,,,
2024,TCA,Total,3.704,,,,
1990,TUR,Total,40.372,,,,
1991,TUR,Total,37.849,,,,
1992,TUR,Total,39.629,,,,
1993,TUR,Total,46.186,,,,
1994,TUR,Total,39.219,,,,
1995,TUR,Total,41.57,,,,
1996,TUR,Total,42.941,,,,
1997,TUR,Total,38.906,,,,
1998,TUR,Total,38.335,,,,
1999,TUR,Total,29.981,,,,
2000,TUR,Total,25.052,,,,
2001,TUR,Total,19.912,,,,
2002,TUR,Total,26.436,,,,
2003,TUR,Total,25.484,,,,
2004,TUR,Total,30.925,,,,
2005,TUR,Total,24.587,,,,
2006,TUR,Total,25.26,,,,
2007,TUR,Total,19.037,,,,
2008,TUR,Total,17.351,,,,
2009,TUR,Total,19.583,,,,
2010,TUR,Total,26.385,,,,
2011,TUR,Total,25.324,,,,
2012,TUR,Total,27.229,,,,
2013,TUR,Total,28.824,,,,
2014,TUR,Total,20.885,,,,
2015,TUR,Total,31.956,,,,
2016,TUR,Total,32.886,,,,
2017,TUR,Total,29.345,,,,
2018,TUR,Total,32.257,,,,
2019,TUR,Total,43.797,,,,
2020,TUR,Total,42.162,,,,
2021,TUR,Total,35.4,,,,
2022,TUR,Total,41.911,,,,
2023,TUR,Total,42.009,,,,
2024,TUR,Total,45.614,,,,
2025,TUR,Total,43.257,,,,
2000,UGA,Total,99.371,,,,
2001,UGA,Total,99.371,,,,
2002,UGA,Total,99.419,,,,
2003,UGA,Total,99.444,,,,
2004,UGA,Total,100,,,,
2005,UGA,Total,96.429,,,,
2006,UGA,Total,76.25,,,,
2007,UGA,Total,73,,,,
2008,UGA,Total,74.249,,,,
2009,UGA,Total,63.636,,,,
2010,UGA,Total,59.489,,,,
2011,UGA,Total,61.278,,,,
2012,UGA,Total,90,,,,
2013,UGA,Total,100,,,,
2014,UGA,Total,97.214,,,,
2015,UGA,Total,97.746,,,,
2016,UGA,Total,98.143,,,,
2017,UGA,Total,98.148,,,,
2018,UGA,Total,92.791,,,,
2019,UGA,Total,96.943,,,,
2020,UGA,Total,97.391,,,,
2021,UGA,Total,97.533,,,,
2022,UGA,Total,97.391,,,,
2023,UGA,Total,97.054,,,,
2024,UGA,Total,97.074,,,,
1985,UKR,Total,23.536,,,,
1986,UKR,Total,19.57,,,,
1987,UKR,Total,21.321,,,,
1988,UKR,Total,28.241,,,,
1989,UKR,Total,25.957,,,,
1990,UKR,Total,28.827,,,,
1991,UKR,Total,31.014,,,,
1992,UKR,Total,32.145,,,,
1993,UKR,Total,37.293,,,,
1994,UKR,Total,39.656,,,,
1995,UKR,Total,41.17,,,,
1996,UKR,Total,47.883,,,,
1997,UKR,Total,49.844,,,,
1998,UKR,Total,52.489,,,,
1999,UKR,Total,50.058,,,,
2000,UKR,Total,51.571,,,,
2001,UKR,Total,50.906,,,,
2002,UKR,Total,50.359,,,,
2003,UKR,Total,50.216,,,,
2004,UKR,Total,54.155,,,,
2005,UKR,Total,54.273,,,,
2006,UKR,Total,53.277,,,,
2007,UKR,Total,52.489,,,,
2008,UKR,Total,52.788,,,,
2009,UKR,Total,54.743,,,,
2010,UKR,Total,54.306,,,,
2011,UKR,Total,52.034,,,,
2012,UKR,Total,50.97,,,,
2013,UKR,Total,50.584,,,,
2014,UKR,Total,53.911,,,,
2015,UKR,Total,57.875,,,,
2016,UKR,Total,54.812,,,,
2017,UKR,Total,61.805,,,,
2018,UKR,Total,60.947,,,,
2019,UKR,Total,61.548,,,,
2020,UKR,Total,63.029,,,,
2021,UKR,Total,68.959,,,,
2022,UKR,Total,72.173,,,,
1985,ARE,Total,0,,,,
1986,ARE,Total,0,,,,
1987,ARE,Total,0,,,,
1988,ARE,Total,0,,,,
1989,ARE,Total,0,,,,
1990,ARE,Total,0,,,,
1991,ARE,Total,0,,,,
1992,ARE,Total,0,,,,
1993,ARE,Total,0,,,,
1994,ARE,Total,0,,,,
1995,ARE,Total,0,,,,
1996,ARE,Total,0,,,,
1997,ARE,Total,0,,,,
1998,ARE,Total,0,,,,
1999,ARE,Total,0,,,,
2000,ARE,Total,0,,,,
2001,ARE,Total,0,,,,
2002,ARE,Total,0,,,,
2003,ARE,Total,0,,,,
2004,ARE,Total,0,,,,
2005,ARE,Total,0,,,,
2006,ARE,Total,0,,,,
2007,ARE,Total,0,,,,
2008,ARE,Total,0,,,,
2009,ARE,Total,0.012,,,,
2010,ARE,Total,0.021,,,,
2011,ARE,Total,0.02,,,,
2012,ARE,Total,0.019,,,,
2013,ARE,Total,0.082,,,,
2014,ARE,Total,0.266,,,,
2015,ARE,Total,0.236,,,,
2016,ARE,Total,0.247,,,,
2017,ARE,Total,0.557,,,,
2018,ARE,Total,0.882,,,,
2019,ARE,Total,2.644,,,,
2020,ARE,Total,4.96,,,,
2021,ARE,Total,11.271,,,,
2022,ARE,Total,17.919,,,,
2023,ARE,Total,29.314,,,,
2024,ARE,Total,31.733,,,,
1985,GBR,Total,21.822,,,,
1986,GBR,Total,21.208,,,,
1987,GBR,Total,19.672,,,,
1988,GBR,Total,22.129,,,,
1989,GBR,Total,24.318,,,,
1990,GBR,Total,22.355,,,,
1991,GBR,Total,23.47,,,,
1992,GBR,Total,25.891,,,,
1993,GBR,Total,29.423,,,,
1994,GBR,Total,29.171,,,,
1995,GBR,Total,28.344,,,,
1996,GBR,Total,28.603,,,,
1997,GBR,Total,30.037,,,,
1998,GBR,Total,29.814,,,,
1999,GBR,Total,28.453,,,,
2000,GBR,Total,25.187,,,,
2001,GBR,Total,25.893,,,,
2002,GBR,Total,25.558,,,,
2003,GBR,Total,24.957,,,,
2004,GBR,Total,23.898,,,,
2005,GBR,Total,24.74,,,,
2006,GBR,Total,23.548,,,,
2007,GBR,Total,20.844,,,,
2008,GBR,Total,19.136,,,,
2009,GBR,Total,25.04,,,,
2010,GBR,Total,23.117,,,,
2011,GBR,Total,28.312,,,,
2012,GBR,Total,30.684,,,,
2013,GBR,Total,34.56,,,,
2014,GBR,Total,37.938,,,,
2015,GBR,Total,45.357,,,,
2016,GBR,Total,45.622,,,,
2017,GBR,Total,50.035,,,,
2018,GBR,Total,52.493,,,,
2019,GBR,Total,53.767,,,,
2020,GBR,Total,59.256,,,,
2021,GBR,Total,54.755,,,,
2022,GBR,Total,56.214,,,,
2023,GBR,Total,60.257,,,,
2024,GBR,Total,64.932,,,,
2025,GBR,Total,64.43,,,,
2000,USA,Total,29.058,,,,
2001,USA,Total,28.139,,,,
2002,USA,Total,29.041,,,,
2003,USA,Total,28.765,,,,
2004,USA,Total,28.686,,,,
2005,USA,Total,28.13,,,,
2006,USA,Total,28.871,,,,
2007,USA,Total,27.865,,,,
2008,USA,Total,28.809,,,,
2009,USA,Total,30.824,,,,
2010,USA,Total,29.934,,,,
2011,USA,Total,31.792,,,,
2012,USA,Total,31.224,,,,
2013,USA,Total,32.286,,,,
2014,USA,Total,32.812,,,,
2015,USA,Total,33.146,,,,
2016,USA,Total,34.999,,,,
2017,USA,Total,37.316,,,,
2018,USA,Total,36.659,,,,
2019,USA,Total,37.759,,,,
2020,USA,Total,39.852,,,,
2021,USA,Total,39.513,,,,
2022,USA,Total,40.348,,,,
2023,USA,Total,40.894,,,,
2024,USA,Total,41.869,,,,
2025,USA,Total,43.002,,,,
2000,URY,Total,93.412,,,,
2001,URY,Total,99.784,,,,
2002,URY,Total,99.688,,,,
2003,URY,Total,99.883,,,,
2004,URY,Total,81.695,,,,
2005,URY,Total,87.5,,,,
2006,URY,Total,64.632,,,,
2007,URY,Total,86.994,,,,
2008,URY,Total,61.231,,,,
2009,URY,Total,68.166,,,,
2010,URY,Total,89.199,,,,
2011,URY,Total,74.662,,,,
2012,URY,Total,64.623,,,,
2013,URY,Total,84.134,,,,
2014,URY,Total,94.761,,,,
2015,URY,Total,93.159,,,,
2016,URY,Total,96.828,,,,
2017,URY,Total,98.467,,,,
2018,URY,Total,97.536,,,,
2019,URY,Total,98.258,,,,
2020,URY,Total,94.031,,,,
2021,URY,Total,84.615,,,,
2022,URY,Total,90.781,,,,
2023,URY,Total,92.434,,,,
2024,URY,Total,98.878,,,,
2025,URY,Total,97.822,,,,
2000,UZB,Total,7.533,,,,
2001,UZB,Total,9.091,,,,
2002,UZB,Total,12.186,,,,
2003,UZB,Total,16.762,,,,
2004,UZB,Total,12.274,,,,
2005,UZB,Total,18.733,,,,
2006,UZB,Total,9.428,,,,
2007,UZB,Total,9.527,,,,
2008,UZB,Total,8.941,,,,
2009,UZB,Total,12.934,,,,
2010,UZB,Total,15.759,,,,
2011,UZB,Total,10.795,,,,
2012,UZB,Total,12.547,,,,
2013,UZB,Total,10.438,,,,
2014,UZB,Total,10.888,,,,
2015,UZB,Total,11.879,,,,
2016,UZB,Total,11.685,,,,
2017,UZB,Total,13.051,,,,
2018,UZB,Total,9.359,,,,
2019,UZB,Total,10.179,,,,
2020,UZB,Total,7.53,,,,
2021,UZB,Total,7.027,,,,
2022,UZB,Total,9.218,,,,
2023,UZB,Total,9.896,,,,
2024,UZB,Total,15.951,,,,
2025,UZB,Total,19.377,,,,
2000,VUT,Total,0,,,,
2001,VUT,Total,0,,,,
2002,VUT,Total,0,,,,
2003,VUT,Total,0,,,,
2004,VUT,Total,0,,,,
2005,VUT,Total,0,,,,
2006,VUT,Total,0,,,,
2007,VUT,Total,0,,,,
2008,VUT,Total,0,,,,
2009,VUT,Total,0,,,,
2010,VUT,Total,0,,,,
2011,VUT,Total,0,,,,
2012,VUT,Total,0,,,,
2013,VUT,Total,14.286,,,,
2014,VUT,Total,14.286,,,,
2015,VUT,Total,16.667,,,,
2016,VUT,Total,14.286,,,,
2017,VUT,Total,0,,,,
2018,VUT,Total,25,,,,
2019,VUT,Total,33.333,,,,
2020,VUT,Total,33.333,,,,
2021,VUT,Total,25,,,,
2022,VUT,Total,25,,,,
2023,VUT,Total,25,,,,
2000,VEN,Total,73.754,,,,
2001,VEN,Total,67.074,,,,
2002,VEN,Total,64.812,,,,
2003,VEN,Total,65.829,,,,
2004,VEN,Total,71.101,,,,
2005,VEN,Total,73.28,,,,
2006,VEN,Total,73.9,,,,
2007,VEN,Total,72.726,,,,
2008,VEN,Total,72.791,,,,
2009,VEN,Total,71.891,,,,
2010,VEN,Total,67.493,,,,
2011,VEN,Total,70.931,,,,
2012,VEN,Total,63.954,,,,
2013,VEN,Total,61.889,,,,
2014,VEN,Total,55.871,,,,
2015,VEN,Total,58.814,,,,
2016,VEN,Total,53.925,,,,
2017,VEN,Total,58.391,,,,
2018,VEN,Total,58.369,,,,
2019,VEN,Total,58.379,,,,
2020,VEN,Total,77.68,,,,
2021,VEN,Total,79.235,,,,
2022,VEN,Total,78.363,,,,
2023,VEN,Total,90.342,,,,
2024,VEN,Total,91.139,,,,
1985,VNM,Total,29.191,,,,
1986,VNM,Total,25.451,,,,
1987,VNM,Total,22.772,,,,
1988,VNM,Total,26.401,,,,
1989,VNM,Total,49.294,,,,
1990,VNM,Total,61.866,,,,
1991,VNM,Total,68.547,,,,
1992,VNM,Total,74.459,,,,
1993,VNM,Total,74.695,,,,
1994,VNM,Total,75.244,,,,
1995,VNM,Total,72.268,,,,
1996,VNM,Total,70.855,,,,
1997,VNM,Total,60.92,,,,
1998,VNM,Total,51.152,,,,
1999,VNM,Total,58.471,,,,
2000,VNM,Total,54.782,,,,
2001,VNM,Total,59.49,,,,
2002,VNM,Total,50.838,,,,
2003,VNM,Total,46.396,,,,
2004,VNM,Total,38.571,,,,
2005,VNM,Total,31.836,,,,
2006,VNM,Total,34.145,,,,
2007,VNM,Total,35.1,,,,
2008,VNM,Total,36.688,,,,
2009,VNM,Total,37.264,,,,
2010,VNM,Total,31.204,,,,
2011,VNM,Total,40.577,,,,
2012,VNM,Total,46.388,,,,
2013,VNM,Total,46.569,,,,
2014,VNM,Total,44.106,,,,
2015,VNM,Total,34.78,,,,
2016,VNM,Total,35.871,,,,
2017,VNM,Total,44.428,,,,
2018,VNM,Total,38.714,,,,
2019,VNM,Total,30.398,,,,
2020,VNM,Total,34.816,,,,
2021,VNM,Total,42.774,,,,
2022,VNM,Total,49.462,,,,
2023,VNM,Total,42.941,,,,
2024,VNM,Total,42.282,,,,
2025,VNM,Total,45.277,,,,
2000,VGB,Total,0,,,,
2001,VGB,Total,0,,,,
2002,VGB,Total,0,,,,
2003,VGB,Total,0,,,,
2004,VGB,Total,0,,,,
2005,VGB,Total,0,,,,
2006,VGB,Total,0,,,,
2007,VGB,Total,0,,,,
2008,VGB,Total,0,,,,
2009,VGB,Total,0,,,,
2010,VGB,Total,0,,,,
2011,VGB,Total,0,,,,
2012,VGB,Total,0,,,,
2013,VGB,Total,0,,,,
2014,VGB,Total,0,,,,
2015,VGB,Total,0,,,,
2016,VGB,Total,0,,,,
2017,VGB,Total,0,,,,
2018,VGB,Total,0,,,,
2019,VGB,Total,0,,,,
2020,VGB,Total,0,,,,
2021,VGB,Total,0,,,,
2022,VGB,Total,0,,,,
2023,VGB,Total,0,,,,
2000,VIR,Total,0,,,,
2001,VIR,Total,0,,,,
2002,VIR,Total,0,,,,
2003,VIR,Total,0,,,,
2004,VIR,Total,0,,,,
2005,VIR,Total,0,,,,
2006,VIR,Total,0,,,,
2007,VIR,Total,0,,,,
2008,VIR,Total,0,,,,
2009,VIR,Total,0,,,,
2010,VIR,Total,0,,,,
2011,VIR,Total,0,,,,
2012,VIR,Total,0,,,,
2013,VIR,Total,0,,,,
2014,VIR,Total,1.282,,,,
2015,VIR,Total,1.282,,,,
2016,VIR,Total,1.299,,,,
2017,VIR,Total,1.667,,,,
2018,VIR,Total,1.613,,,,
2019,VIR,Total,1.515,,,,
2020,VIR,Total,1.562,,,,
2021,VIR,Total,3.03,,,,
2022,VIR,Total,2.941,,,,
2023,VIR,Total,2.941,,,,
2000,YEM,Total,0,,,,
2001,YEM,Total,0,,,,
2002,YEM,Total,0,,,,
2003,YEM,Total,0,,,,
2004,YEM,Total,0,,,,
2005,YEM,Total,0,,,,
2006,YEM,Total,0,,,,
2007,YEM,Total,0,,,,
2008,YEM,Total,0,,,,
2009,YEM,Total,0,,,,
2010,YEM,Total,0,,,,
2011,YEM,Total,0,,,,
2012,YEM,Total,0,,,,
2013,YEM,Total,0,,,,
2014,YEM,Total,0.131,,,,
2015,YEM,Total,2.083,,,,
2016,YEM,Total,3.326,,,,
2017,YEM,Total,4.691,,,,
2018,YEM,Total,13.754,,,,
2019,YEM,Total,14.634,,,,
2020,YEM,Total,16.667,,,,
2021,YEM,Total,17.123,,,,
2022,YEM,Total,16.832,,,,
2023,YEM,Total,10.156,,,,
2024,YEM,Total,11.238,,,,
2000,ZMB,Total,99.481,,,,
2001,ZMB,Total,99.37,,,,
2002,ZMB,Total,99.265,,,,
2003,ZMB,Total,99.279,,,,
2004,ZMB,Total,99.412,,,,
2005,ZMB,Total,99.329,,,,
2006,ZMB,Total,99.897,,,,
2007,ZMB,Total,99.896,,,,
2008,ZMB,Total,99.895,,,,
2009,ZMB,Total,99.899,,,,
2010,ZMB,Total,99.904,,,,
2011,ZMB,Total,99.913,,,,
2012,ZMB,Total,99.838,,,,
2013,ZMB,Total,99.85,,,,
2014,ZMB,Total,97.176,,,,
2015,ZMB,Total,97.039,,,,
2016,ZMB,Total,94.308,,,,
2017,ZMB,Total,86.332,,,,
2018,ZMB,Total,84.644,,,,
2019,ZMB,Total,84.652,,,,
2020,ZMB,Total,85.489,,,,
2021,ZMB,Total,91.986,,,,
2022,ZMB,Total,88.906,,,,
2023,ZMB,Total,89.003,,,,
2024,ZMB,Total,87.475,,,,
2000,ZWE,Total,45.637,,,,
2001,ZWE,Total,37.468,,,,
2002,ZWE,Total,44.406,,,,
2003,ZWE,Total,60.751,,,,
2004,ZWE,Total,56.584,,,,
2005,ZWE,Total,52.457,,,,
2006,ZWE,Total,67.794,,,,
2007,ZWE,Total,71.579,,,,
2008,ZWE,Total,75.885,,,,
2009,ZWE,Total,75.72,,,,
2010,ZWE,Total,67.94,,,,
2011,ZWE,Total,57.688,,,,
2012,ZWE,Total,60.219,,,,
2013,ZWE,Total,53.774,,,,
2014,ZWE,Total,55.172,,,,
2015,ZWE,Total,52.555,,,,
2016,ZWE,Total,44.909,,,,
2017,ZWE,Total,54.702,,,,
2018,ZWE,Total,55.673,,,,
2019,ZWE,Total,51.651,,,,
2020,ZWE,Total,58.569,,,,
2021,ZWE,Total,70.712,,,,
2022,ZWE,Total,67.338,,,,
2023,ZWE,Total,56.156,,,,
2024,ZWE,Total,57.115,,,,
